cf,capex[USD],lcoh[USD/kg],fom[USD],hy[kg],pv_capacity[kW],wind_capacity[kW],pv_capacity_array[kW],wind_capacity_array[kW],el_capacity[kW],ug_capcaity[kgH2],pipe_storage_capacity[kgH2],bat_e_capacity[kWh],bat_p_capacity[kW],pv_cost[USD],wind_cost[USD],el_cost[USD],ug_storage_cost[USD],pipe_storage_cost[USD],bat_cost[USD],load[kg/s],C_trans[USD]
80,1769338778.608304,2.775544461308432,48246161.05897109,654857079.3963932,-2.719453021614453e-07,719622.9305633309,"[ 1.0000000e-06  1.0000000e-06  1.0000000e-06  1.0000000e-06
 -6.2719453e-06  1.0000000e-06  1.0000000e-06]","[1.00000000e-06 1.00000000e-06 1.00000000e-06 1.00000000e-06
 7.19622931e+05 1.00000000e-06 1.00000000e-06]",625488.764807978,301556.6616376177,-4.771063263281858e-07,-3.341688802305115e-08,-5.189025176630426e-08,-0.00030531299073665463,1047051363.9696465,667396512.0501125,26520687.547259085,-0.00024618686438534386,-1.0170489346195635e-05,2.115,28368994.19809595
