cf,El,capex[USD],lcoh[USD/kg],FOM_PV[USD],FOM_WIND[USD],FOM_EL[USD],FOM_UG[USD],H_total[kg],pv_capacity[kW],wind_capacity[kW],el_capacity[kW],ug_capcaity[kgH2],pipe_storage_capacity[kgH2],bat_e_capacity[kWh],bat_p_capacity[kW],pv_cost[USD],wind_cost[USD],el_cost[USD],ug_storage_cost[USD],pipe_storage_cost[USD],bat_cost[USD],load[kg/s],C_trans[USD],C_pipe[USD],LCOH-PV,LCOH-wind,LCOH-el,LCOH-UG,LCOH-pipe-storage,LCOH-trans,LCOH-pipe
100,HL34,2916970904.96287,4.551461287612681,19350916.91710339,19421900.35672952,30758077.85965727,5860321.746994821,66698640.00000054,846867.2611423803,578721.7031206652,822408.4989213173,5689632.764072642,2633.197988600266,0.0,0.0,950777874.0845504,842040078.0405678,877509868.3490455,236005967.05373317,1358730.162117737,0.0,2.115,0.0,9278387.272855055,1.4052332964447198,1.2787656879518008,1.4903271649839767,0.36465951971617744,0.0015935707462476098,0.0,0.010882047769759255
