cf,capex[USD],lcoh[USD/kg],FOM_PV[USD],FOM_WIND[USD],FOM_EL[USD],FOM_UG[USD],H_total[kg],pv_capacity[kW],wind_capacity[kW],pv_capacity_array[kW],wind_capacity_array[kW],el_capacity[kW],ug_capcaity[kgH2],pipe_storage_capacity[kgH2],bat_e_capacity[kWh],bat_p_capacity[kW],pv_cost[USD],wind_cost[USD],el_cost[USD],ug_storage_cost[USD],pipe_storage_cost[USD],bat_cost[USD],load[kg/s],C_trans[USD]
100,2139964269.245869,3.146489956059097,-2.802092118913209e-07,14972069.18638631,26083708.75033848,1408441.031447402,66698640.00000054,-2.206371747175755e-08,802791.9134791588,[-0. -0. -0. -0. -0. -0.],"[-0.00000000e+00 -0.00000000e+00  3.35973719e-11 -0.00000000e+00
  8.02791913e+05 -6.40812132e-11]",697425.3676561092,1367418.4771334,0.0,1.016786791091371e-10,0.0,-2.47709356055422e-05,1168062234.112176,744152867.2890685,63603929.94189669,0.0,0.0,2.115,31647684.03894858
