cf,El,capex[USD],lcoh[USD/kg],FOM_PV[USD],FOM_WIND[USD],FOM_EL[USD],FOM_UG[USD],H_total[kg],pv_capacity[kW],wind_capacity[kW],el_capacity[kW],ug_capcaity[kgH2],pipe_storage_capacity[kgH2],bat_e_capacity[kWh],bat_p_capacity[kW],pv_cost[USD],wind_cost[USD],el_cost[USD],ug_storage_cost[USD],pipe_storage_cost[USD],bat_cost[USD],load[kg/s],C_trans[USD],C_pipe[USD],LCOH-PV,LCOH-wind,LCOH-el,LCOH-UG,LCOH-pipe-storage,LCOH-trans,LCOH-pipe,pv_capacity_HL34[kW],pv_capacity_HJ34[kW],wind_capacity_HL34[kW],wind_capacity_HJ34[kW]
100,HL34,2907692517.690013,4.540579239842919,19350916.91710339,19421900.35672952,30758077.85965722,5860321.746994804,66698640.00000054,846867.2611423804,578721.7031206652,822408.498921316,5689632.764072625,2633.197988600269,0.0,0.0,950777874.0845505,842040078.0405678,877509868.3490442,236005967.05373245,1358730.162117739,0.0,2.115,0.0,0.0,1.40523329644472,1.2787656879518008,1.4903271649839744,0.36465951971617633,0.0015935707462476118,0.0,0.0,846867.2611423804,0.0,578721.7031206652,0.0
