cf,capex[USD],pv_capacity[kW],wind_capacity[kW],pv_capacity_array[kW],wind_capacity_array[kW],el_capacity[kW],ug_capcaity[kgH2],pipe_storage_capacity[kgH2],bat_e_capacity[kWh],bat_p_capacity[kW],pv_cost[USD],wind_cost[USD],el_cost[USD],ug_storage_cost[USD],pipe_storage_cost[USD],bat_cost[USD],load[kg/s],C_trans[USD]
50,2314997396.087456,1.999999999999994e-06,862775.768054634,[1.e-06 1.e-06],[862775.76805463],751610.5731993811,0.0,0.0,0.0,0.0,0.0022453999999999933,1255338742.5194924,801968481.6037396,0.0,0.0,0.0,5.0,257690171.9619785
60,2777996875.304489,2e-06,1035330.921665581,[1.e-06 1.e-06],[1035330.92166558],901932.6878392907,0.0,0.0,0.0,-5.975745744145802e-09,0.0022454,1506406491.0234203,962362177.9245232,0.0,0.0,-1.1712461658525772e-06,5.0,309228206.354302
