,cf,capex[USD],lcoh[USD/kg],fom[USD],hy[kg],pv_capacity[kW],wind_capacity[kW],C_trans[USD],pv_capacity_array[kW],wind_capacity_array[kW],el_capacity[kW],ug_capcaity[kgH2],pipe_storage_capacity[kgH2],bat_e_capacity[kWh],bat_p_capacity[kW],pv_cost[USD],wind_cost[USD],el_cost[USD],ug_storage_cost[USD],pipe_storage_cost[USD],bat_cost[USD],load[kg/s],C_trans[USD]
,80,1769338778.6083,2.77554446130843,48246161.0589711,654857079.396393,-2.71945302161445E-07,719622.930563331,28368994.1980959,"[ 1.0000000e-06  1.0000000e-06  1.0000000e-06  1.0000000e-06  -6.2719453e-06  1.0000000e-06  1.0000000e-06]","[1.00000000e-06 1.00000000e-06 1.00000000e-06 1.00000000e-06  7.19622931e+05 1.00000000e-06 1.00000000e-06]",625488.764807978,301556.661637618,-4.77106326328186E-07,-3.34168880230512E-08,-5.18902517663043E-08,-0.000305312990736655,1047051363.96965,667396512.050112,26520687.5472591,-0.000246186864385344,-1.01704893461956E-05,2.115,28368994.1980959
