country,source,state,timezone,lat,lon,elevation,Temperature Units,Azimuth Units,Cloud Opacity Units,Dew Point Units,DHI Units,DNI Units,EBH Units,GHI Units,Snow Depth Units,Pressure Units,Wind Direction Units,Wind Speed Units,Zenith Units
Australia,BOM,Tas,10.0,-41.24,146.21,0,deg C,degree,%,deg C,W/m2,W/m2,W/m2,W/m2,cm,mbar,degree,m/s,degree
Year,Month,Day,Hour,Minute,Temperature,Azimuth,Cloud Opacity,Dew Point,DHI,DNI,EBH,GHI,Snow Depth,Pressure,Wind Direction,Wind Speed,Zenith,,
2018,1,1,0,0,13,-163,48.4,9.3,0,0.0,0,0.0,0,1001.6,37.14271643492725,7.403843698039109,114,,
2018,1,1,1,0,13.1,-149,69.2,9.6,0,0.0,0,0.0,0,1001.2,36.061420648021965,7.12863936251278,109,,
2018,1,1,2,0,13.2,-136,80.9,10,0,0.0,0,0.0,0,1000.7,32.4239849020816,7.431492555123187,102,,
2018,1,1,3,0,13.4,-125,79.4,10.5,0,0.0,0,0.0,0,1000.8,28.717071675314514,7.382374915016975,94,,
2018,1,1,4,0,13.6,-116,86.8,11.1,6,2.0,0,1.0000000000000002,0,1001.2,27.929497025334967,7.469362070230269,84,,
2018,1,1,5,0,13.8,-107,88.2,11.8,29,115.0,0,46.6753955595412,0,1001.7,23.44595945301495,6.690054579378164,73,,
2018,1,1,6,0,14.2,-98,82.3,12.5,78,237.0,0,169.42853813488082,0,1002.3,15.892706764706531,6.017106193403254,62,,
2018,1,1,7,0,14.8,-88,90.4,13.2,52,552.0,0,387.9614796274449,0,1003,4.305432984976221,5.912191903956362,51,,
2018,1,1,8,0,15.4,-76,88.5,13.9,95,624.0,0,572.6277361622836,0,1003.7,3.431045082920946,7.885472229863027,40,,
2018,1,1,9,0,15.9,-60,80.8,13.5,179,608.0,0,711.7941197602707,0,1004,359.2169553402454,8.396291925354872,30,,
2018,1,1,10,0,16.4,-33,59.9,12.3,405,769.0,7,882.5890200916816,0,1004.1,7.347573156866645,9.963159162308324,21,,
2018,1,1,11,0,16.9,6,25.9,10.9,426,561.0,353,853.4956686902599,0,1004.2,4.2394042695596,10.472501751486822,19,,
2018,1,1,12,0,17.1,42,5.9,9.7,228,475.0,734,832.1896803298142,0,1004.4,0.4993735990882442,9.94422535374508,23,,
2018,1,1,13,0,17.2,65,7.9,8.6,236,389.0,628,759.1197472972826,0,1004.7,1.0371588396163816,10.358630687274612,32,,
2018,1,1,14,0,17.2,80,4.1,7.6,155,541.0,606,786.7704287539839,0,1005,4.526310867757672,10.601912909432498,43,,
2018,1,1,15,0,16.9,91,0,7,74,631.0,544,733.3912655136235,0,1005.3,8.584778835406325,10.372561087677846,54,,
2018,1,1,16,0,16.3,100,0.2,6.8,65,617.0,349,589.7863393067029,0,1005.7,8.292946028999836,10.301565418911276,66,,
2018,1,1,17,0,15.6,109,12.4,6.7,75,584.0,117,419.5054175178647,0,1006.1,8.904980107831761,10.406193661465656,77,,
2018,1,1,18,0,14.7,118,6.9,6.7,30,405.0,10,205.30694505770367,0,1006.5,11.273475741369223,8.879332183543482,87,,
2018,1,1,19,0,13.5,129,0.6,6.8,0,131.0,0,30.68695809361888,0,1006.9,8.655092241111447,7.543916884680459,96,,
2018,1,1,20,0,12.3,140,32.9,6.8,0,0.0,0,0.0,0,1007.3,25.86139103631598,6.605633323599943,104,,
2018,1,1,21,0,11.6,153,18.4,7,0,0.0,0,0.0,0,1007.4,35.288205727664774,7.235178579434595,111,,
2018,1,1,22,0,11.3,167,0.6,7.3,0,0.0,0,0.0,0,1007.2,31.37553828403384,7.474575344673083,115,,
2018,1,1,23,0,11,-178,33.5,7.6,0,0.0,0,0.0,0,1007,25.62878166763693,6.107202577816811,116,,
2018,1,2,0,0,10.9,-163,49.4,7.9,0,0.0,0,0.0,0,1006.8,19.82711253289545,5.761199498459073,114,,
2018,1,2,1,0,11,-149,41.5,8.2,0,0.0,0,0.0,0,1006.7,15.47385176742847,6.1529622908391,109,,
2018,1,2,2,0,11.1,-136,13.7,8.5,0,0.0,0,0.0,0,1006.6,3.713786107619171,4.703969841542929,102,,
2018,1,2,3,0,11.8,-126,0.7,9.1,1,0.0,0,0.0,0,1006.6,351.7599538171267,5.020087594991129,94,,
2018,1,2,4,0,12.9,-116,34.1,10,36,2.0,0,1.0000000000000002,0,1006.8,354.7335196540966,5.114853730082007,84,,
2018,1,2,5,0,14.1,-107,62.1,10.9,84,43.0,0,33.2816388898382,0,1007.1,0.1604060615031244,5.9299548796228585,74,,
2018,1,2,6,0,15.5,-98,66.4,11.7,147,90.0,0,121.18352351820222,0,1007,3.093686616617447,6.097998409702986,62,,
2018,1,2,7,0,17.1,-88,49.3,12.4,326,524.0,3,370.0640003166254,0,1006.8,4.634508700123604,6.315081417921065,51,,
2018,1,2,8,0,18.7,-76,27.8,13.1,431,749.0,148,601.5863017704107,0,1006.5,6.0664771298048095,7.325446715094666,40,,
2018,1,2,9,0,19.5,-60,23.1,13.4,492,758.0,211,757.5537711031133,0,1006.1,7.191873855153688,7.681528427658661,30,,
2018,1,2,10,0,19.8,-33,47.7,13.3,440,704.0,72,860.8417945845232,0,1005.5,7.724916903974531,7.904498275630448,22,,
2018,1,2,11,0,19.9,6,51.5,13.2,487,390.0,0,770.5179353043359,0,1005,2.005411298541958,8.525485305872131,19,,
2018,1,2,12,0,20.1,42,40.8,13.2,574,326.0,1,750.7870426296804,0,1004.4,4.099004797889279,9.081824833975068,23,,
2018,1,2,13,0,20.1,65,33.4,13.4,545,293.0,44,705.953478268616,0,1003.7,356.18921881925127,9.04025184897675,32,,
2018,1,2,14,0,20.2,80,33.2,13.6,474,291.0,27,643.0227543539211,0,1003.1,4.300604424889059,10.323745866814638,43,,
2018,1,2,15,0,20,91,28.2,13.7,355,299.0,52,554.8508025597641,0,1002.5,12.688087928611196,11.602169979130624,54,,
2018,1,2,16,0,19.6,100,38.5,13.8,210,177.0,29,361.3548755394708,0,1001.9,17.841892621313377,11.785056655255596,66,,
2018,1,2,17,0,19.2,109,21.9,13.8,102,107.0,21,206.55700223533512,0,1001.3,20.961628078585647,11.209885298633852,77,,
2018,1,2,18,0,19.1,118,37.1,13.8,25,10.0,12,43.148973794804846,0,1000.9,21.05267961998328,11.056889067424132,87,,
2018,1,2,19,0,19.2,128,20.2,14,0,6.0,0,6.81260994844694,0,1000.6,16.18525859062646,9.989178467675131,96,,
2018,1,2,20,0,19.4,140,45,14.1,0,0.0,0,0.0,0,1000.4,16.4677210813893,8.229165302147733,104,,
2018,1,2,21,0,19.5,153,57.1,14.1,0,0.0,0,0.0,0,999.9,17.55120301286462,7.147937469504035,111,,
2018,1,2,22,0,19.7,167,18.1,14.1,0,0.0,0,0.0,0,999.2,8.939817882143814,6.1397708026917694,115,,
2018,1,2,23,0,19.8,-178,0,14.1,0,0.0,0,0.0,0,998.5,357.54161918635083,6.334931962905656,116,,
2018,1,3,0,0,20,-163,0.6,13.9,0,0.0,0,0.0,0,998.1,22.31399143264707,7.074432239228448,114,,
2018,1,3,1,0,20.3,-149,29.8,13.5,0,0.0,0,0.0,0,997.8,20.0470523118517,7.288785023533978,109,,
2018,1,3,2,0,20.5,-137,16.7,13.1,0,0.0,0,0.0,0,997.5,31.2093600185944,7.696907118351994,102,,
2018,1,3,3,0,20.6,-126,1,13.1,0,0.0,0,0.0,0,997.8,30.67663045081605,6.5921852506031104,94,,
2018,1,3,4,0,20.6,-116,50,13.5,17,3.0,0,1.0000000000000002,0,998.4,30.445116692133297,6.040966942705405,84,,
2018,1,3,5,0,20.5,-107,48.1,13.8,138,261.0,2,51.20041057906136,0,999,37.66189432556013,6.828337895197326,74,,
2018,1,3,6,0,21.7,-98,23,14,250,529.0,88,212.6248390539541,0,999.3,35.984496581726376,6.740013726910952,63,,
2018,1,3,7,0,23.6,-88,7.5,14.1,203,659.0,383,408.1258314100099,0,999.4,44.38791356717752,5.995385367333688,51,,
2018,1,3,8,0,25.6,-76,1,14.2,162,728.0,625,600.4865619167995,0,999.4,48.16193819691546,5.918427105266116,40,,
2018,1,3,9,0,26.3,-60,23.7,14,440,819.0000000000001,252,790.1548123721777,0,999.1,42.12564531755112,5.82836134791857,30,,
2018,1,3,10,0,26,-33,21.3,13.6,496,767.0,286,893.8522688449182,0,998.6,36.98687966654592,6.146204216860083,22,,
2018,1,3,11,0,25.5,6,4.6,13.1,291,782.0,671,982.0734018714468,0,998,34.21517013749303,6.088076787212778,19,,
2018,1,3,12,0,25.2,42,0.1,13,202,757.0,767,1001.565239704654,0,997.5,29.75822181098266,7.023073371554182,23,,
2018,1,3,13,0,24.9,65,4.1,13.1,248,754.0,591,983.3683933590188,0,996.9,24.83673856103877,7.6130821902702515,32,,
2018,1,3,14,0,24.7,80,55.5,13.3,171,671.0,181,872.6931845965443,0,996.3,29.692027846055,8.600704184938913,43,,
2018,1,3,15,0,23.9,91,93.3,13.5,50,574.0000000000001,0,715.0232076381961,0,996.1,35.3398781937604,8.163408525182803,54,,
2018,1,3,16,0,22.8,100,97.8,13.9,10,539.0,0,562.5237906792598,0,996.3,39.83582580500712,8.346874159366932,66,,
2018,1,3,17,0,21.6,109,85.7,14.2,14,207.0,0,266.78166729816144,0,996.5,39.44579789013636,8.218998147387586,77,,
2018,1,3,18,0,20.6,118,57.3,14.3,6,36.0,0,73.35308793717601,0,997.1,39.68906618635435,8.11685476639986,87,,
2018,1,3,19,0,19.7,128,69.2,14.1,0,14.0,0,10.900559128067886,0,998.1,41.10398820811565,8.206626660606876,96,,
2018,1,3,20,0,18.8,140,83,13.8,0,0.0,0,0.0,0,999,38.70812251528645,7.505913457544117,104,,
2018,1,3,21,0,18.1,153,82.6,13.5,0,0.0,0,0.0,0,999.5,35.42492803961079,6.821700510929305,111,,
2018,1,3,22,0,17.6,167,62.2,13,0,0.0,0,0.0,0,999.7,35.32219939003693,5.7579599566062685,115,,
2018,1,3,23,0,17,-178,50.8,12.6,0,0.0,0,0.0,0,999.8,17.112392747412912,4.044021520976656,116,,
2018,1,4,0,0,16.4,-163,51,12.5,0,0.0,0,0.0,0,1000.1,4.155468610623416,4.679783159402305,114,,
2018,1,4,1,0,15.7,-149,56.5,12.6,0,0.0,0,0.0,0,1000.6,359.0251658899351,5.783063578315034,109,,
2018,1,4,2,0,15.1,-137,53.6,12.8,0,0.0,0,0.0,0,1001.2,6.9345785995242295,7.352369083826636,103,,
2018,1,4,3,0,14.7,-126,50.9,12.6,0,0.0,0,0.0,0,1002.1,5.779846664829336,6.089797244282831,94,,
2018,1,4,4,0,14.5,-116,62.8,12.2,23,1.0,3,1.0,0,1003.4,352.0734547709837,5.976781828601969,84,,
2018,1,4,5,0,14.3,-107,25,11.8,51,14.0,175,22.354343389987296,0,1004.7,345.39436697544056,6.834382679276062,74,,
2018,1,4,6,0,14.9,-98,1.9,11.1,84,18.0,372,71.55015787836908,0,1005.5,344.59759082125873,7.179994105453516,63,,
2018,1,4,7,0,16.1,-88,1,10.3,79,20.0,584,130.54492539828368,0,1006.1,350.6921877497052,6.593402695209819,51,,
2018,1,4,8,0,17.4,-76,0,9.5,70,132.0,775,348.5225266556998,0,1006.6,1.6887718292562113,8.350550851669006,40,,
2018,1,4,9,0,17.9,-60,0,8.9,71,311.0,907,569.2313177717891,0,1007.1,10.85090438530642,9.01842368402014,30,,
2018,1,4,10,0,17.9,-34,0,8.4,72,106.0,987,471.3098281438083,0,1007.5,8.555426781806602,9.31162371768973,22,,
2018,1,4,11,0,17.9,5,0,8,72,102.0,1008,509.5120030718707,0,1008,9.48137063180485,9.778850459139056,19,,
2018,1,4,12,0,18,41,0,7.6,72,617.0,971,907.6361333026084,0,1008.2,12.501423761892,9.751464773457649,23,,
2018,1,4,13,0,18.1,65,0,7.4,70,762.0,880,970.642073990314,0,1008.4,11.615199987008054,9.55280122829108,32,,
2018,1,4,14,0,18.2,80,0,7.1,66,825.0000000000001,741,941.72232736774,0,1008.5,12.88535930729148,9.855353177451727,43,,
2018,1,4,15,0,18,90,0,7.2,60,787.0,565,813.5738008522811,0,1008.7,18.8043922306432,10.189369992485002,54,,
2018,1,4,16,0,17.4,100,0,7.6,53,724.0,368,639.4518926390182,0,1009,25.05558012763379,10.026260920847877,66,,
2018,1,4,17,0,16.9,109,0,8,40,590.0,175,420.3543207031984,0,1009.3,29.62751795899885,9.298748516790818,77,,
2018,1,4,18,0,15.8,118,0,8.4,12,354.0,39,189.7703528686764,0,1009.7,35.6698016806439,8.996700003069167,87,,
2018,1,4,19,0,14.5,128,0,8.8,0,96.0,0,25.05326874664437,0,1010.2,37.11021088599029,8.568288256295926,96,,
2018,1,4,20,0,13,140,0,9.2,0,0.0,0,0.0,0,1010.7,35.545119620042215,8.5218090910928,104,,
2018,1,4,21,0,12.5,152,1,9.5,0,0.0,0,0.0,0,1010.9,28.4128468387936,7.615325657154855,111,,
2018,1,4,22,0,12.7,167,51.6,9.6,0,0.0,0,0.0,0,1010.8,31.503633916065723,6.687611218000016,115,,
2018,1,4,23,0,12.9,-178,61.9,9.8,0,0.0,0,0.0,0,1010.7,49.05910071583082,7.255513844535268,116,,
2018,1,5,0,0,12.9,-163,51.9,9.9,0,0.0,0,0.0,0,1010.6,67.1451149355529,8.181634334253081,114,,
2018,1,5,1,0,12.7,-149,52,10,0,0.0,0,0.0,0,1010.6,70.97271799874466,8.162524973815055,109,,
2018,1,5,2,0,12.5,-137,52,10.2,0,0.0,0,0.0,0,1010.6,79.83509409615777,7.822985764785419,103,,
2018,1,5,3,0,12.6,-126,51.6,10.3,1,0.0,0,0.0,0,1010.8,75.33778314742915,8.113585101385333,94,,
2018,1,5,4,0,13,-116,53.8,10.5,37,2.0,0,1.0000000000000002,0,1011.2,69.65696201091203,8.593096968374603,84,,
2018,1,5,5,0,13.4,-107,59.7,10.7,99,109.0,0,40.50446465967181,0,1011.6,72.68572344417959,8.439553145222257,74,,
2018,1,5,6,0,14.4,-98,71.9,10.8,122,353.0,2,179.73880256770454,0,1011.9,80.5308339366311,7.056352970057885,63,,
2018,1,5,7,0,15.8,-88,44.8,10.8,295,628.0,92,391.425437363844,0,1012.2,93.07949547252667,3.6810969024583824,52,,
2018,1,5,8,0,17.3,-76,25.4,10.9,435,811.0,184,617.8463767985653,0,1012.5,125.3673037233001,2.0520239706860868,40,,
2018,1,5,9,0,18.1,-60,35.2,10.9,541,759.0,75,753.2129144508723,0,1012.4,191.39059788010167,1.5303872655856685,30,,
2018,1,5,10,0,18.4,-34,57.6,10.8,435,394.0,0,697.9512138128903,0,1012.2,230.56650483273995,2.657102616295832,22,,
2018,1,5,11,0,18.7,5,55.7,10.8,469,881.0,0,1019.0937619965372,0,1011.9,244.51306620573,4.793109049216518,19,,
2018,1,5,12,0,18.9,41,57.7,10.8,434,867.0,0,1046.5055720535556,0,1011.8,249.9102116344576,6.004501104824407,23,,
2018,1,5,13,0,19.1,64,56.7,10.9,396,842.0,2,1018.3712801133372,0,1011.6,271.0581560318236,6.01518595195607,32,,
2018,1,5,14,0,19.2,79,35.5,11,394,748.0,101,902.6658504313164,0,1011.5,277.41893986665895,6.481505804798364,43,,
2018,1,5,15,0,19,90,13.3,11.2,235,660.0,279,749.8641056954548,0,1011.5,278.6929833912322,6.779540787037138,54,,
2018,1,5,16,0,18.4,100,2.4,11.4,96,676.0,294,618.3345558915493,0,1011.7,284.84208742245346,6.778404254006111,66,,
2018,1,5,17,0,17.9,109,0,11.7,50,530.0,153,398.00741933753454,0,1011.9,291.71559400024256,6.447298597027892,76,,
2018,1,5,18,0,16.9,118,0,11.8,15,125.0,32,116.50147576642917,0,1012.3,293.1855927808641,6.217757265607037,87,,
2018,1,5,19,0,15.6,128,0,11.7,0,17.0,0,10.31346056722714,0,1012.7,296.0291368957917,4.494169146444376,96,,
2018,1,5,20,0,14.2,139,0,11.7,0,0.0,0,0.0,0,1013.2,289.2905298543972,2.729930557234113,105,,
2018,1,5,21,0,13.5,152,0,11.6,0,0.0,0,0.0,0,1013.3,278.93142145874015,2.611993013131639,111,,
2018,1,5,22,0,13.2,167,0,11.6,0,0.0,0,0.0,0,1013.2,263.53206515191687,2.1282925622430926,115,,
2018,1,5,23,0,13,-178,0,11.5,0,0.0,0,0.0,0,1013,215.08301343625948,2.367655238909906,116,,
2018,1,6,0,0,12.8,-163,0,11.5,0,0.0,0,0.0,0,1012.9,196.7049222964144,2.5956250617442684,114,,
2018,1,6,1,0,12.6,-149,0,11.4,0,0.0,0,0.0,0,1012.7,201.75808948693123,2.8182086441645446,110,,
2018,1,6,2,0,12.5,-137,0,11.3,0,0.0,0,0.0,0,1012.5,211.1472325353648,3.80485127779968,103,,
2018,1,6,3,0,12.9,-126,0.1,11.7,1,0.0,1,0.0,0,1012.6,196.64543771637813,3.112609417458999,94,,
2018,1,6,4,0,13.8,-116,3.7,12.4,36,0.0,37,0.0,0,1012.9,171.65477057349597,2.206962111748933,85,,
2018,1,6,5,0,14.8,-107,2,13.1,65,46.0,176,31.947198654405845,0,1013.2,138.2958832983852,3.999628243456331,74,,
2018,1,6,6,0,16.2,-98,0.2,13.4,84,134.0,361,134.7494876464869,0,1013.5,135.1098773267879,5.581251043167956,63,,
2018,1,6,7,0,17.9,-88,8.2,13.4,205,415.0,379,337.571051478408,0,1013.7,140.7768150658494,3.9979517952888273,52,,
2018,1,6,8,0,19.6,-76,29.4,13.4,429,450.0,138,493.2965118176145,0,1014,138.56977446368103,3.668155726338071,41,,
2018,1,6,9,0,20.5,-60,14,13.1,255,450.0,570,624.10781847886,0,1013.9,145.5182514473207,2.852184238325394,30,,
2018,1,6,10,0,20.6,-34,0,12.6,106,466.0,920,743.4472020746555,0,1013.6,188.1462540767398,2.81699889953952,22,,
2018,1,6,11,0,20.7,5,0,12.1,106,693.0000000000001,943,929.0035600964908,0,1013.4,194.6836153759081,3.658044945046029,19,,
2018,1,6,12,0,20.7,41,0,11.9,103,408.0,910,801.3428592098219,0,1013,222.31583061554863,5.090850174328017,24,,
2018,1,6,13,0,20.8,64,0,12.1,98,125.0,821,547.136137727023,0,1012.7,230.0228479163153,5.469662508447307,32,,
2018,1,6,14,0,20.8,79,0,12.3,93,238.0,684,602.184355798193,0,1012.3,305.70323462270267,1.1295310274821273,43,,
2018,1,6,15,0,20.4,90,0,12.7,85,356.0,513,588.9078860709398,0,1012.1,219.6359131629033,2.6074812407289683,54,,
2018,1,6,16,0,19.8,100,0,13.1,73,269.0,325,418.6806915348599,0,1012.2,235.7820167485184,2.028344115189687,66,,
2018,1,6,17,0,19,109,0,13.5,52,103.0,147,202.75019347432223,0,1012.2,274.0867922347433,1.6957180575275927,76,,
2018,1,6,18,0,18.2,118,0,13.8,16,6.0,31,32.89714910236218,0,1012.2,9.024773720981614,3.1377200171088453,87,,
2018,1,6,19,0,17.3,128,0,13.9,0,2.0,0,4.272192794224766,0,1012.3,255.0258677999591,3.501721946289652,96,,
2018,1,6,20,0,16.5,139,0,14,0,0.0,0,0.0,0,1012.4,292.02157104627565,4.613175936020914,105,,
2018,1,6,21,0,16,152,0,13.8,0,0.0,0,0.0,0,1012.1,342.2720811510082,8.30246022556338,111,,
2018,1,6,22,0,15.9,166,0,13.4,0,0.0,0,0.0,0,1011.5,21.35054337015936,4.879821990716013,115,,
2018,1,6,23,0,15.9,-178,0,13,0,0.0,0,0.0,0,1010.9,24.15306937428693,6.081203593030954,116,,
2018,1,7,0,0,15.9,-163,0,12.9,0,0.0,0,0.0,0,1010.4,34.868785475177106,5.4213237757079416,114,,
2018,1,7,1,0,15.9,-149,0,13,0,0.0,0,0.0,0,1009.9,37.10486714895035,5.655565136076143,110,,
2018,1,7,2,0,15.9,-137,0,13,0,0.0,0,0.0,0,1009.5,14.132830007707184,4.601433154686205,103,,
2018,1,7,3,0,16.2,-126,0.6,13.4,1,0.0,0,0.0,0,1009.3,27.434885230382804,5.422871390920776,94,,
2018,1,7,4,0,16.5,-116,32.9,13.9,35,2.0,0,1.0000000000000002,0,1009.3,44.8300499547596,6.1692575916445,85,,
2018,1,7,5,0,16.9,-107,53.5,14.4,105,222.0,0,46.031086831754415,0,1009.4,52.75464701903309,5.886600996939468,74,,
2018,1,7,6,0,17.8,-98,73.6,14.7,100,584.0,0,213.68642911391373,0,1009,57.19218148426381,7.062566199878571,63,,
2018,1,7,7,0,19.2,-88,79.8,15,130,800.0,0,434.9882514131697,0,1008.4,46.09948812587112,8.402928614422922,52,,
2018,1,7,8,0,20.6,-76,72.1,15.2,226,872.0,0,642.3879135562102,0,1007.8,47.90161547119021,7.4071869076476435,41,,
2018,1,7,9,0,21.5,-60,57.4,15.3,389,909.0,11,821.7602745973718,0,1007,66.708671877629,5.129709225950499,30,,
2018,1,7,10,0,22,-34,18.3,15.4,248,968.0,580,961.9383773883266,0,1006.1,64.8640549032844,3.712394323996356,22,,
2018,1,7,11,0,22.3,4,0,15.6,128,973.0,898,1052.1989457214936,0,1005.2,45.83487768671495,3.518816749454597,19,,
2018,1,7,12,0,22.6,40,0,15.8,128,968.0,860,1087.4720829113764,0,1004.4,38.65014028805126,3.841356051452364,24,,
2018,1,7,13,0,22.7,64,0,16,126,952.0,769,1065.6723473554653,0,1003.8,26.461397808684808,3.5607912248644737,32,,
2018,1,7,14,0,22.8,79,0.9,16.3,131,925.0,618,987.7307468939256,0,1003.2,4.611044960840559,3.4104523328121297,43,,
2018,1,7,15,0,22.5,90,0.5,16.5,111,881.0,466,854.7211333978953,0,1002.7,331.6340153892152,4.502529201762358,54,,
2018,1,7,16,0,21.9,99,2.8,16.8,101,810.0,275,672.1209210842254,0,1002.3,316.1751252364513,6.338535951932046,66,,
2018,1,7,17,0,21.2,108,7.7,17,81,671.0,98,445.7259705906962,0,1001.9,309.36310416938863,7.051303765968197,76,,
2018,1,7,18,0,20.4,118,3.5,17.1,25,415.0,15,203.2534825710708,0,1001.7,317.12398500461444,6.083295197127833,87,,
2018,1,7,19,0,19.7,128,0,17.1,0,103.0,0,25.00821715634008,0,1001.6,233.1411518151204,5.8234376082895,96,,
2018,1,7,20,0,18.9,139,0,17,0,0.0,0,0.0,0,1001.6,201.08757872426665,6.579275723745909,105,,
2018,1,7,21,0,18.6,152,0,16.9,0,0.0,0,0.0,0,1001.2,193.627129666988,6.111745647579448,111,,
2018,1,7,22,0,18.6,166,0,16.6,0,0.0,0,0.0,0,1000.4,179.505062284073,4.606861334286083,115,,
2018,1,7,23,0,18.7,-178,0,16.3,0,0.0,0,0.0,0,999.6,144.10115757332358,4.2727816076646885,116,,
2018,1,8,0,0,19,-163,0.9,16.3,0,0.0,0,0.0,0,998.9,133.49872726213204,4.559779884814773,114,,
2018,1,8,1,0,19.4,-149,44.8,16.5,0,0.0,0,0.0,0,998.2,149.47782961584153,5.698854540664895,110,,
2018,1,8,2,0,19.9,-137,55.3,16.7,0,0.0,0,0.0,0,997.5,142.55249459393593,5.5362188198308,103,,
2018,1,8,3,0,20.3,-126,53.8,17,0,0.0,0,0.0,0,997.3,138.39752546411637,4.823917184894605,95,,
2018,1,8,4,0,20.6,-116,80.4,17.2,4,0.0,0,0.0,0,997.5,120.90509969453052,4.008027872169494,85,,
2018,1,8,5,0,20.9,-107,94.4,17.5,11,303.0,0,43.75148812652434,0,997.7,82.97187608327704,3.491812914188332,74,,
2018,1,8,6,0,20.6,-97,96.8,17.7,14,511.0,0,195.47679795194944,0,997.7,60.27317865995042,3.0742507118589706,63,,
2018,1,8,7,0,19.9,-88,97.7,17.7,18,615.0,0,377.9865807852629,0,997.7,46.071962213208735,4.955275811690267,52,,
2018,1,8,8,0,19,-76,95,17.8,41,542.0,0,512.0064677189872,0,997.7,33.8476108296378,6.501230050122193,41,,
2018,1,8,9,0,18.6,-60,96.4,17.8,37,612.0,0,676.8209486617948,0,997.5,26.60673815201,6.302699913779453,30,,
2018,1,8,10,0,18.5,-34,97.3,17.8,30,853.0,0,906.3778747133686,0,997.2,19.80150504776998,7.410067242543791,22,,
2018,1,8,11,0,18.5,4,97.4,17.8,30,904.0,0,1015.753680787911,0,996.9,19.181328307622607,8.664881874738706,20,,
2018,1,8,12,0,18.3,40,95.2,17.6,48,916.0,0,1059.627530772633,0,996.7,20.19499184528371,8.719910045414622,24,,
2018,1,8,13,0,17.9,64,91.8,17.3,70,896.0,0,1035.763044102529,0,996.8,12.446021956235825,7.587489636208308,32,,
2018,1,8,14,0,17.6,79,88.8,17,81,690.0000000000001,0,857.0741487629325,0,996.8,13.1237816138202,7.094474537016475,43,,
2018,1,8,15,0,17.3,90,93.3,16.7,41,571.0000000000001,0,690.9494254508224,0,997.1,13.796774410302191,6.857020449752099,54,,
2018,1,8,16,0,17,99,83.8,16.3,51,702.0000000000001,0,622.619048282678,0,997.6,23.445054561022232,7.504571876214968,65,,
2018,1,8,17,0,16.6,108,76.7,16,42,651.0,0,438.91718640885546,0,998.1,28.830584585814226,7.61753833451874,76,,
2018,1,8,18,0,16.2,117,80,15.3,10,428.0,0,206.35783754770367,0,998.4,32.130844486165984,7.540132879457381,87,,
2018,1,8,19,0,15.6,128,78,14.5,0,127.0,0,28.24688737221738,0,998.7,29.87216410995273,7.347259239004575,96,,
2018,1,8,20,0,14.9,139,89.8,13.7,0,0.0,0,0.0,0,998.9,30.788211227492923,8.240470327691341,105,,
2018,1,8,21,0,14.5,152,90.2,13.2,0,0.0,0,0.0,0,999,30.96924001145277,8.749777464080385,111,,
2018,1,8,22,0,14.3,166,63.6,13.1,0,0.0,0,0.0,0,999.1,29.221825363417054,8.425537618723453,115,,
2018,1,8,23,0,14.1,-179,18.4,13,0,0.0,0,0.0,0,999.1,28.37162929362773,8.100710707261781,116,,
2018,1,9,0,0,13.7,-163,0,12.6,0,0.0,0,0.0,0,999.2,34.662940765036694,8.239216924558896,115,,
2018,1,9,1,0,13.3,-149,0,12,0,0.0,0,0.0,0,999.4,40.60276191465755,8.272433283938293,110,,
2018,1,9,2,0,12.9,-137,0,11.4,0,0.0,0,0.0,0,999.7,39.65373852248115,8.04484548807982,103,,
2018,1,9,3,0,12.8,-126,0,10.9,1,0.0,1,0.0,0,1000.1,38.576175976423485,7.731943942931235,95,,
2018,1,9,4,0,12.9,-116,0.9,10.6,26,0.0,47,0.0,0,1000.7,37.33684687454246,7.021912881352606,85,,
2018,1,9,5,0,13.1,-106,0.5,10.2,52,219.0,187,41.88339961985408,0,1001.2,23.88751377828584,6.668098296486441,75,,
2018,1,9,6,0,13.7,-97,0,9.6,66,427.0,378,182.60932571548216,0,1001.5,16.62145660370402,7.148042469887387,63,,
2018,1,9,7,0,14.7,-88,0,8.9,74,684.0,569,394.5776604706135,0,1001.6,15.045236923220443,7.797817570774085,52,,
2018,1,9,8,0,15.7,-76,0,8.1,80,697.0000000000001,738,567.1836936938954,0,1001.6,7.963016392310692,5.588307988761332,41,,
2018,1,9,9,0,16.6,-60,0,7.8,84,521.0,866,640.6134197303455,0,1001.5,339.9143667283749,5.641710599585489,31,,
2018,1,9,10,0,17.3,-34,0,7.7,86,174.0,947,548.9711640978743,0,1001.5,15.533304996254856,4.886486996309322,22,,
2018,1,9,11,0,18,4,0,7.6,85,238.0,973,656.4680831396838,0,1001.4,79.40744296773016,4.34429375243383,20,,
2018,1,9,12,0,18.4,40,0,7.7,82,221.0,941,660.1672989891017,0,1001.2,21.54330445258887,2.6468201258892545,24,,
2018,1,9,13,0,18.6,63,0,7.8,79,283.0,852,688.7621309489884,0,1001.1,27.21324200966773,6.688323892663084,32,,
2018,1,9,14,0,18.7,78,0,7.9,76,359.0,713,680.7883526949505,0,1000.9,41.57868892260507,8.767972543418708,43,,
2018,1,9,15,0,18.4,90,2.4,8.2,92,398.0,506,607.8844744654559,0,1001,45.03669879612545,11.050444691219752,54,,
2018,1,9,16,0,17.8,99,32.9,8.7,145,522.0,152,545.017589225546,0,1001.3,46.78803291525497,10.694845756450208,65,,
2018,1,9,17,0,17.1,108,54.9,9.2,96,495.0,0,384.0076453642803,0,1001.6,48.219441917474,10.485215692029756,76,,
2018,1,9,18,0,16.3,117,20.9,9.4,20,349.0,0,187.33289050838252,0,1002,56.32909467978811,9.920683556456405,87,,
2018,1,9,19,0,15.4,127,0,9.3,0,92.0,0,23.46564787991405,0,1002.5,59.27752405330239,9.515115611531128,96,,
2018,1,9,20,0,14.5,139,0,9.2,0,0.0,0,0.0,0,1002.9,67.8988814210258,9.966980017658187,105,,
2018,1,9,21,0,14.1,152,0,9.4,0,0.0,0,0.0,0,1003.1,79.98936997193266,9.17260716519951,111,,
2018,1,9,22,0,14.2,166,0,9.9,0,0.0,0,0.0,0,1003,95.87194550486458,5.822788326393614,115,,
2018,1,9,23,0,14.3,-179,0,10.4,0,0.0,0,0.0,0,1002.9,114.71564985027192,3.941375921338748,116,,
2018,1,10,0,0,14.3,-163,0,10.7,0,0.0,0,0.0,0,1002.9,147.03524677516793,4.364821883475074,115,,
2018,1,10,1,0,14.2,-149,0,11,0,0.0,0,0.0,0,1003,146.09080648761642,4.567913684411946,110,,
2018,1,10,2,0,14.1,-137,0,11.2,0,0.0,0,0.0,0,1003.1,144.0394828033551,4.32256592243024,103,,
2018,1,10,3,0,14.2,-126,0.9,11.5,0,0.0,0,0.0,0,1003.5,146.72839694690742,4.450179347163868,95,,
2018,1,10,4,0,14.6,-116,45.4,11.7,21,0.0,0,0.0,0,1004.1,145.21360658150184,4.547586477137942,85,,
2018,1,10,5,0,14.9,-106,59.9,12,98,270.0,0,42.86661888475183,0,1004.8,141.103217251684,5.088730685244969,75,,
2018,1,10,6,0,15.6,-97,62.7,12.1,153,450.0,0,188.5825994474592,0,1005.1,140.74413577087537,5.164193860113176,64,,
2018,1,10,7,0,16.6,-88,67,12.2,207,524.0,0,360.8202089895149,0,1005.1,142.78782284627255,4.266628866878847,52,,
2018,1,10,8,0,17.5,-76,63.8,12.3,291,615.0,0,547.5915665560519,0,1005.2,165.97516586706183,3.5682817689738484,41,,
2018,1,10,9,0,18.2,-60,60.8,12.2,366,636.0,0,700.9164290279218,0,1005.1,192.3071683710424,3.518605515882893,31,,
2018,1,10,10,0,18.6,-34,53.9,12.1,468,653.0,1,833.7074561637451,0,1005.1,224.071872685218,3.1653050843765,23,,
2018,1,10,11,0,19,4,38.3,11.9,565,703.0000000000001,77,935.5792757295789,0,1005,257.55953822174286,3.12563477744816,20,,
2018,1,10,12,0,19.2,39,22.9,11.8,489,736.0,284,985.5725577696318,0,1004.9,255.5789261498644,3.861412938855084,24,,
2018,1,10,13,0,19.4,63,6.7,11.6,225,591.0,623,889.5479959262742,0,1004.9,242.2038166742442,5.330671473794864,32,,
2018,1,10,14,0,19.6,78,5.3,11.4,179,440.0,556,740.1060831467098,0,1004.8,256.0570799130444,6.325534078228966,43,,
2018,1,10,15,0,19.3,89,26.4,11.5,286,244.0,162,518.7744264761375,0,1005,265.4883250248767,5.869016248048412,54,,
2018,1,10,16,0,18.7,99,13.3,11.8,169,84.0,153,281.8684062771879,0,1005.3,269.08682294114186,5.43819068490227,66,,
2018,1,10,17,0,18.1,108,0,12.2,61,38.0,132,142.72782062519354,0,1005.6,263.1752628006975,4.004202676360412,76,,
2018,1,10,18,0,17.2,117,0,12.3,18,18.0,26,54.68661437624219,0,1006.2,253.4761815439545,3.6507710625481664,87,,
2018,1,10,19,0,16.2,127,0,12.2,0,7.0,0,6.945582739862062,0,1007.1,230.31454566994475,3.8171078711506174,96,,
2018,1,10,20,0,15.2,139,0,12.1,0,0.0,0,0.0,0,1007.9,223.2432232321532,3.440648986081423,105,,
2018,1,10,21,0,14.6,152,0,12,0,0.0,0,0.0,0,1008.2,212.33052928291715,4.355067274809075,111,,
2018,1,10,22,0,14.2,166,0,11.8,0,0.0,0,0.0,0,1008.2,207.9776045359652,6.400069092772476,115,,
2018,1,10,23,0,13.8,-179,0,11.7,0,0.0,0,0.0,0,1008.1,201.8237906490857,6.731456522487447,117,,
2018,1,11,0,0,13.5,-164,0,11.5,0,0.0,0,0.0,0,1008.1,186.68157736887096,6.882438108240062,115,,
2018,1,11,1,0,13.2,-149,0,11.3,0,0.0,0,0.0,0,1008.2,174.32620110961113,6.052601613708733,110,,
2018,1,11,2,0,12.9,-137,0,11.1,0,0.0,0,0.0,0,1008.3,168.8083296559157,7.144656255847527,104,,
2018,1,11,3,0,13.1,-126,0,11.1,1,0.0,1,0.0,0,1008.6,168.55910236086856,7.813208711903628,95,,
2018,1,11,4,0,13.5,-116,0,11.3,28,0.0,39,0.0,0,1009.2,163.4156942531714,8.276421474402527,85,,
2018,1,11,5,0,14,-106,0,11.5,64,40.0,161,28.32157089618228,0,1009.7,162.33123034545395,8.48139097803574,75,,
2018,1,11,6,0,15.2,-97,0,11.8,90,119.0,335,128.2341918453653,0,1010,163.59537817206478,8.008384814396285,64,,
2018,1,11,7,0,17,-88,0.1,12.2,110,361.0,511,320.80749015764184,0,1010.2,168.7640206559499,7.344880962536838,53,,
2018,1,11,8,0,18.8,-76,5.8,12.7,212,496.0,533,511.6242050765608,0,1010.2,173.20911798698603,7.108710197134726,41,,
2018,1,11,9,0,19.7,-60,3.3,12.8,161,661.0,741,717.7973617539676,0,1010,187.29783253322628,6.776821171294265,31,,
2018,1,11,10,0,20,-34,0,12.6,102,743.0,911,876.7179962551417,0,1009.6,208.40280857783472,6.489135874226156,23,,
2018,1,11,11,0,20.2,3,0,12.3,101,817.0000000000001,937,995.0647901011192,0,1009.1,223.7902299525459,7.44078098183289,20,,
2018,1,11,12,0,20.4,39,0,12.3,98,856.0,905,1050.6486558599909,0,1008.8,225.6933949961704,8.10262836739496,24,,
2018,1,11,13,0,20.5,63,0,12.4,95,842.0,818,1028.6514283253396,0,1008.4,229.36846726475568,7.57662565598743,32,,
2018,1,11,14,0,20.6,78,0,12.6,90,805.0,683,943.717621323392,0,1008.1,238.53363086326624,8.161904906856288,43,,
2018,1,11,15,0,20.2,89,0,12.8,83,744.0,512,801.565931605478,0,1008,239.61978893230105,8.053607727699413,54,,
2018,1,11,16,0,19.6,99,0,13.2,72,648.0,324,611.1552651011984,0,1008.1,238.7087167035441,8.276700493956856,66,,
2018,1,11,17,0,18.8,108,0,13.5,52,397.0,145,348.57702206816026,0,1008.2,230.878673887752,8.69553081241821,77,,
2018,1,11,18,0,17.9,117,0,13.7,16,119.0,30,114.55695260482575,0,1008.6,226.7519311670372,8.89927315074551,87,,
2018,1,11,19,0,16.7,127,0,13.6,0,25.0,0,12.364074629558674,0,1009.3,225.2671083329529,7.887537304900346,97,,
2018,1,11,20,0,15.6,138,0,13.6,0,0.0,0,0.0,0,1009.9,211.8181243950583,8.440795777509383,105,,
2018,1,11,21,0,14.9,151,0,13.4,0,0.0,0,0.0,0,1010.1,200.140965935626,8.638097648673906,111,,
2018,1,11,22,0,14.7,166,0,13.1,0,0.0,0,0.0,0,1009.9,193.915039790937,8.36939259954355,115,,
2018,1,11,23,0,14.4,-179,0,12.8,0,0.0,0,0.0,0,1009.7,186.92372013780223,7.679783961174392,117,,
2018,1,12,0,0,14.3,-164,0,12.6,0,0.0,0,0.0,0,1009.4,179.14634269439762,7.537946011583484,115,,
2018,1,12,1,0,14.2,-149,0,12.6,0,0.0,0,0.0,0,1009.1,176.0878553434709,7.7042313916706116,111,,
2018,1,12,2,0,14.1,-137,0,12.5,0,0.0,0,0.0,0,1008.8,172.10680710232054,8.099687394244034,104,,
2018,1,12,3,0,14.3,-126,0.1,12.5,1,0.0,1,0.0,0,1008.9,170.48196831480504,8.008193127029674,95,,
2018,1,12,4,0,14.7,-116,2.7,12.5,30,0.0,35,0.0,0,1009.1,167.7323040616999,8.338351060276096,86,,
2018,1,12,5,0,15.1,-106,5.6,12.5,77,8.0,136,15.043504064687465,0,1009.4,169.92447320868996,7.845604316406408,75,,
2018,1,12,6,0,16.2,-97,41.8,12.7,157,6.0,67,43.05318262573577,0,1009.4,167.93809018241836,8.179360143601807,64,,
2018,1,12,7,0,17.6,-88,44.5,13,340,8.0,22,84.85485500774257,0,1009.2,171.03656500390252,8.22816816058576,53,,
2018,1,12,8,0,19.1,-76,38.3,13.4,481,11.0,12,146.84177770801642,0,1008.9,176.09530595031254,7.249249534570346,42,,
2018,1,12,9,0,19.8,-60,43.4,13.4,524,9.0,6,172.1733701639339,0,1008.5,188.0231487422305,6.862089662669601,31,,
2018,1,12,10,0,20,-34,26.6,13.2,449,3.0,305,153.4323692448448,0,1008,199.7180074777548,9.25066907176959,23,,
2018,1,12,11,0,20.1,3,17.3,13,422,5.0,443,219.48553018473768,0,1007.6,224.3610651012794,8.824191684014368,20,,
2018,1,12,12,0,20.1,38,6.5,12.9,211,7.0,734,254.57284404694093,0,1006.9,219.39282449226607,8.37481703487212,24,,
2018,1,12,13,0,20.2,62,0,13,84,8.0,839,263.4683090389406,0,1006.3,233.01726066917428,8.231168307143024,32,,
2018,1,12,14,0,20.2,78,0,13,80,8.0,703,232.04920521807773,0,1005.6,278.75233069824776,6.034379740021245,43,,
2018,1,12,15,0,19.9,89,0,13.1,73,3.0,531,114.35613810850488,0,1005.1,305.65430491512984,6.037198532862919,54,,
2018,1,12,16,0,19.3,98,0,13.3,64,2.0,339,76.3055111437012,0,1004.9,295.7298202137458,8.059326482495885,66,,
2018,1,12,17,0,18.7,108,0,13.4,47,5.0,154,75.46171861390168,0,1004.7,314.6334279126514,9.012343240768754,77,,
2018,1,12,18,0,18,117,0,13.4,15,3.0,32,28.94555281455046,0,1004.6,328.38904814031423,7.969582084147357,87,,
2018,1,12,19,0,17.2,127,0,13.3,0,2.0,0,4.267869921891712,0,1004.5,353.0340801730532,7.393934049435764,97,,
2018,1,12,20,0,16.4,138,0,13.2,0,0.0,0,0.0,0,1004.4,1.190326395630677,6.816412353512892,105,,
2018,1,12,21,0,16.1,151,0,13.1,0,0.0,0,0.0,0,1004,357.4362018743011,7.471834531392871,111,,
2018,1,12,22,0,16.1,166,0,13,0,0.0,0,0.0,0,1003.4,6.058508111794538,7.129174498645338,116,,
2018,1,12,23,0,16.1,-179,0,13,0,0.0,0,0.0,0,1002.6,8.97673007713962,6.734339047931196,117,,
2018,1,13,0,0,16.1,-164,0.8,13,0,0.0,0,0.0,0,1001.9,15.930309756885435,6.877653065201533,115,,
2018,1,13,1,0,16.2,-149,40.3,13.2,0,0.0,0,0.0,0,1001.1,17.998997374326166,6.31130450797309,111,,
2018,1,13,2,0,16.2,-137,61.2,13.3,0,0.0,0,0.0,0,1000.3,29.16199999863045,7.286933219946038,104,,
2018,1,13,3,0,16.3,-125,79,13.5,0,0.0,0,0.0,0,999.6,31.672628304205205,7.668784402771678,95,,
2018,1,13,4,0,16.6,-116,88.6,13.7,7,0.0,0,0.0,0,999,27.00533567348077,6.834293721522013,86,,
2018,1,13,5,0,16.8,-106,92,13.9,14,10.0,0,20.02818790024055,0,998.4,19.386066747915777,7.404424812662601,75,,
2018,1,13,6,0,17.1,-97,95.2,14.3,18,29.0,0,94.00459089307397,0,997.9,6.124065488146869,7.426168549063212,64,,
2018,1,13,7,0,17.4,-87,97,14.8,22,64.0,0,214.66188219556005,0,997.6,2.7491353983779163,6.937916416695667,53,,
2018,1,13,8,0,17.7,-76,85.8,15.3,116,30.0,0,248.85755177028116,0,997.2,6.08599008855424,5.991778084944144,42,,
2018,1,13,9,0,17.8,-60,88.2,15.7,100,13.0,0,243.8891108175121,0,996.5,356.0741316688648,6.949901909616243,31,,
2018,1,13,10,0,17.8,-34,94.4,16,54,20.0,0,288.180000352173,0,995.5,5.29918230978376,8.644122573011071,23,,
2018,1,13,11,0,17.7,3,95,16.3,50,86.0,0,506.02867427545874,0,994.4,5.798158914918076,9.139777083887031,20,,
2018,1,13,12,0,17.7,38,92.8,16.6,69,135.0,0,590.6162098989168,0,993.4,12.938757414545933,9.985465000692749,24,,
2018,1,13,13,0,17.7,62,92,16.7,70,124.0,0,555.6618363624933,0,992.5,25.102411002108965,10.099115563608622,33,,
2018,1,13,14,0,17.7,77,90.6,16.9,69,124.0,0,501.1944040801597,0,991.6,26.437198845483408,10.51980888773742,43,,
2018,1,13,15,0,17.7,89,85.6,17,79,93.0,0,385.00289866201706,0,990.8,37.53547612325525,11.357651079904022,54,,
2018,1,13,16,0,17.8,98,75.4,17.1,87,52.0,0,241.9252743775267,0,990.1,49.74617548069506,10.44042044458898,66,,
2018,1,13,17,0,17.9,107,59.9,17.1,68,43.0,0,150.15410023957392,0,989.3,54.96857410557152,10.294703557075737,77,,
2018,1,13,18,0,17.9,117,72.4,17.1,20,31.0,0,67.75450009934765,0,988.8,66.18057975841242,10.334352404901646,87,,
2018,1,13,19,0,17.9,127,83,17.2,0,9.0,0,8.198789942757182,0,988.5,76.2369566316587,9.822804480013506,97,,
2018,1,13,20,0,17.8,138,83,17.2,0,0.0,0,0.0,0,988.2,79.95508452568214,9.674914968471796,105,,
2018,1,13,21,0,17.7,151,82.6,17.1,0,0.0,0,0.0,0,987.8,84.1801662561117,9.861866498648896,112,,
2018,1,13,22,0,17.4,166,62.3,16.9,0,0.0,0,0.0,0,987.2,79.63955993932711,8.95707237477101,116,,
2018,1,13,23,0,17.1,-179,51,16.7,0,0.0,0,0.0,0,986.7,79.9126714412061,9.139819029789209,117,,
2018,1,14,0,0,17,-164,50.4,16.5,0,0.0,0,0.0,0,986.2,82.74742662885274,8.528438723235825,115,,
2018,1,14,1,0,16.9,-149,18.1,16.4,0,0.0,0,0.0,0,985.8,72.51026118548072,7.661304988834902,111,,
2018,1,14,2,0,16.8,-137,0,16.2,0,0.0,0,0.0,0,985.4,72.12273128001408,7.21814802888339,104,,
2018,1,14,3,0,16.8,-125,0.3,16.1,1,0.0,0,0.0,0,985.4,72.2156612078461,7.254636930067202,96,,
2018,1,14,4,0,16.9,-115,13.8,16.1,41,0.0,7,0.0,0,985.8,75.50650307394676,7.70163954287826,86,,
2018,1,14,5,0,16.9,-106,10.6,16,77,366.0,122,39.0685049840906,0,986.1,82.55274784312383,7.155821150211128,75,,
2018,1,14,6,0,17.5,-97,1.8,16,79,655.0,327,210.06531927080744,0,986.4,84.94778672528167,5.28959378119638,64,,
2018,1,14,7,0,18.5,-87,7.1,15.9,173,808.0,387,425.8375838398039,0,986.5,83.28252958624665,5.138547465936355,53,,
2018,1,14,8,0,19.5,-76,19.7,15.8,350,842.0,271,624.9432047561338,0,986.6,84.81545925450632,5.379184967776172,42,,
2018,1,14,9,0,19.8,-60,51.2,15.6,358,777.0,77,764.5943118533498,0,986.7,76.28727992619395,4.949676781515167,31,,
2018,1,14,10,0,19.8,-34,86.6,15.1,143,712.0,0,838.706642476624,0,986.9,58.03719033579949,5.050052817465037,23,,
2018,1,14,11,0,19.6,3,67.5,14.7,342,700.0000000000001,0,910.9517586079342,0,987,52.20791487267553,5.342586530101602,20,,
2018,1,14,12,0,19.4,38,44.1,14.5,555,707.0,0,947.2965847911756,0,987.3,49.15745896314576,6.5721878568630965,24,,
2018,1,14,13,0,19,62,47.7,14.5,476,397.0,0,753.9718981801336,0,987.9,42.97652910201572,8.062350253259623,33,,
2018,1,14,14,0,18.7,77,41.2,14.6,431,230.0,14,578.3964021645531,0,988.5,47.00430471878156,9.052569097925756,43,,
2018,1,14,15,0,18.2,88,35.4,14.5,369,349.0,15,569.7905413320741,0,989.1,45.04888412007148,8.295905453486448,54,,
2018,1,14,16,0,17.6,98,52.2,14.3,197,642.0,4,593.569313284595,0,989.8,38.28202465762109,8.1651751074962,66,,
2018,1,14,17,0,17,107,51.3,14.1,88,487.0,0,373.3472923009367,0,990.4,37.89495821994541,9.151659889087265,77,,
2018,1,14,18,0,16.7,116,46.3,13.9,25,203.0,0,137.74914005568414,0,991.2,39.0297216742286,10.293689709772297,87,,
2018,1,14,19,0,16.7,127,16.9,13.7,0,36.0,0,12.764762932658208,0,992.1,41.20812075387085,9.248715366263104,97,,
2018,1,14,20,0,16.6,138,0,13.5,0,0.0,0,0.0,0,993,41.42275294725352,8.112316913625373,105,,
2018,1,14,21,0,16.2,151,0,13.3,0,0.0,0,0.0,0,993.5,35.42656782230995,6.497960063972458,112,,
2018,1,14,22,0,15.6,165,0,13,0,0.0,0,0.0,0,993.7,22.99426394980577,6.049783608412947,116,,
2018,1,14,23,0,15,-179,0,12.7,0,0.0,0,0.0,0,993.8,9.620402279849486,5.891695213743309,117,,
2018,1,15,0,0,14.6,-164,0,12.5,0,0.0,0,0.0,0,994,356.6589498321874,6.04494244844698,116,,
2018,1,15,1,0,14.5,-149,0,12.5,0,0.0,0,0.0,0,994.1,357.20524773251435,6.649510441592975,111,,
2018,1,15,2,0,14.5,-137,0,12.4,0,0.0,0,0.0,0,994.2,11.388498296537534,5.935966022500248,104,,
2018,1,15,3,0,14.4,-125,0.1,12.4,1,0.0,0,0.0,0,994.4,25.6439861533874,6.262345409388808,96,,
2018,1,15,4,0,14.5,-115,5.2,12.3,33,0.0,24,0.0,0,994.9,38.13645306451099,7.526204021423021,86,,
2018,1,15,5,0,14.5,-106,14.7,12.2,117,225.0,66,35.000000000000014,0,995.3,43.98427964981619,7.537672106357944,75,,
2018,1,15,6,0,15.1,-97,22.7,12.2,234,453.0,89,177.4299774251514,0,995.5,44.710130945091294,6.108023730646299,64,,
2018,1,15,7,0,16,-87,22.4,12.2,319,740.0,164,397.8419548774348,0,995.6,30.561263434300656,4.327180201560873,53,,
2018,1,15,8,0,17,-76,26.9,12.2,438,861.0,141,614.7326530518933,0,995.7,68.09737556922073,5.799996206676953,42,,
2018,1,15,9,0,17.3,-60,26.6,11.8,494,919.0,194,803.3347419202021,0,995.7,80.2245178513761,8.099781344547234,32,,
2018,1,15,10,0,17.3,-34,26.3,11.2,525,974.0,227,951.368909986152,0,995.7,92.94970116907808,7.481836553475943,24,,
2018,1,15,11,0,17.2,2,49.9,10.6,443,981.0,82,1043.7482967936758,0,995.8,92.36617469713951,6.30371453058331,20,,
2018,1,15,12,0,17,37,36.4,10.2,436,977.0,205,1083.076081804565,0,995.9,76.8768402248408,5.016257112546964,24,,
2018,1,15,13,0,16.8,61,13.9,10.1,322,960.0,473,1061.7843216317665,0,996,77.46336739570881,6.3986541422590335,33,,
2018,1,15,14,0,16.6,77,45.7,10,238,930.0,209,982.7516798893585,0,996.1,95.25542358484428,3.2597970841011428,43,,
2018,1,15,15,0,16.2,88,23.9,9.9,133,885.0,298,848.7929594994173,0,996.4,239.9569556800077,2.1705161172856746,54,,
2018,1,15,16,0,15.6,98,0.1,9.8,67,810.0,337,665.681714095875,0,996.7,266.86096826621315,2.719656749219688,66,,
2018,1,15,17,0,15.1,107,7.1,9.8,64,683.0,128,443.2807675314145,0,997,284.8729236457958,2.680375491871215,77,,
2018,1,15,18,0,14.5,116,4,9.7,24,442.0,18,203.48103195010287,0,997.3,261.32173065748805,2.897923889306559,87,,
2018,1,15,19,0,13.9,126,0,9.7,0,103.0,0,21.53438342298632,0,997.5,227.40747737356816,9.809925145462486,97,,
2018,1,15,20,0,13.3,138,0,9.7,0,0.0,0,0.0,0,997.6,234.0069838158512,7.603136505387926,105,,
2018,1,15,21,0,13.1,151,0,9.8,0,0.0,0,0.0,0,997.4,232.24702987983363,4.745973838264644,112,,
2018,1,15,22,0,13,165,0,9.9,0,0.0,0,0.0,0,996.9,235.47129025775155,3.497450615327668,116,,
2018,1,15,23,0,13,-179,0,10,0,0.0,0,0.0,0,996.5,196.5441931742144,4.389741421776576,117,,
2018,1,16,0,0,13.2,-164,1,10,0,0.0,0,0.0,0,996.1,154.23394499538733,5.574771268283553,116,,
2018,1,16,1,0,13.4,-149,53.8,9.9,0,0.0,0,0.0,0,995.8,140.577458251341,4.9752004547086575,111,,
2018,1,16,2,0,13.7,-137,83.1,9.8,0,0.0,0,0.0,0,995.4,135.84663602829232,5.128983072139899,104,,
2018,1,16,3,0,14,-125,81.3,9.8,1,0.0,0,0.0,0,995.2,136.6822404578217,5.592455394474903,96,,
2018,1,16,4,0,14.3,-115,33.1,10,31,0.0,22,0.0,0,994.9,138.32173959549775,6.182206659179828,86,,
2018,1,16,5,0,14.7,-106,25.8,10.2,129,259.0,12,28.00000000000001,0,994.6,135.01572073151385,6.291800468066284,76,,
2018,1,16,6,0,15.3,-97,59.7,10.5,148,361.0,0,159.99244587255424,0,994,133.61272417185796,5.98972092733043,65,,
2018,1,16,7,0,16,-87,63.1,10.7,229,740.0,0,389.7041104988469,0,993.2,126.88158059496884,4.310351652107098,53,,
2018,1,16,8,0,16.8,-76,52.6,11,367,886.0,0,613.5181816118595,0,992.3,130.09108091098432,3.3811721348566848,42,,
2018,1,16,9,0,17,-60,60.1,11.5,354,940.0,0,800.4761401043785,0,991.6,117.54005229410376,1.225538324289895,32,,
2018,1,16,10,0,16.7,-34,74.9,12.2,244,947.0,0,939.8239181171548,0,991.2,314.5414479014532,1.6178002601766217,24,,
2018,1,16,11,0,16.3,2,88.4,12.8,116,949.0,0,1028.7119161129294,0,990.7,292.8382625553514,3.828190370896826,21,,
2018,1,16,12,0,16.1,37,79.7,13.2,193,940.0,0,1064.3087675706977,0,990.5,287.0961813788577,4.712122652644978,24,,
2018,1,16,13,0,16,61,73.6,13.3,230,915.0,0,1038.01849403939,0,990.4,281.4796357938693,7.274427516605771,33,,
2018,1,16,14,0,15.9,77,74.4,13.4,186,876.0,0,953.614164984927,0,990.3,287.2824094851492,7.818568493469083,43,,
2018,1,16,15,0,15.7,88,76.7,13.1,132,818.0000000000001,0,814.7531258955827,0,990.3,293.9951951528428,7.556075515972762,54,,
2018,1,16,16,0,15.5,98,73.9,12.5,89,721.0,0,624.265605709631,0,990.6,295.26657276390347,6.995950706974868,66,,
2018,1,16,17,0,15.3,107,52.5,11.8,60,554.0,0,394.5815683472756,0,990.8,290.097569294127,6.577774473442216,77,,
2018,1,16,18,0,14.9,116,15.7,11.3,18,163.0,0,120.93293227202258,0,991,303.6028033710696,5.690694331124378,87,,
2018,1,16,19,0,14.3,126,33.1,10.9,0,38.0,0,12.95294473434076,0,991.2,323.51020848346155,5.424484603324824,97,,
2018,1,16,20,0,13.7,138,54.3,10.5,0,0.0,0,0.0,0,991.5,331.53064536735195,4.770765871156806,105,,
2018,1,16,21,0,13.3,151,55,10.4,0,0.0,0,0.0,0,991.6,320.9933612375794,4.302063531653005,112,,
2018,1,16,22,0,13.2,165,22.3,10.5,0,0.0,0,0.0,0,991.6,313.8860285170065,4.031408691239918,116,,
2018,1,16,23,0,13,-179,4.6,10.6,0,0.0,0,0.0,0,991.6,314.51939085466233,4.074984294767481,118,,
2018,1,17,0,0,12.9,-164,28.8,10.5,0,0.0,0,0.0,0,991.8,327.3608447212331,2.650777958542691,116,,
2018,1,17,1,0,12.7,-149,15.3,10.2,0,0.0,0,0.0,0,992.1,298.71642067804066,1.0325071879083594,111,,
2018,1,17,2,0,12.6,-137,0,10,0,0.0,0,0.0,0,992.4,65.51362695120201,0.4093781128976128,105,,
2018,1,17,3,0,12.6,-125,0.5,9.7,1,0.0,0,0.0,0,992.9,66.2232705261813,0.6957735825961474,96,,
2018,1,17,4,0,12.7,-115,24.9,9.5,30,0.0,1,0.0,0,993.6,48.68950206248809,1.0140792821779776,86,,
2018,1,17,5,0,12.9,-106,25.5,9.4,122,406.0,32,28.000000000000025,0,994.3,336.1892599104711,1.020183544567956,76,,
2018,1,17,6,0,13.4,-97,6.5,9.1,139,563.0,237,184.23357133237897,0,994.6,324.34666611235525,1.9824292863979764,65,,
2018,1,17,7,0,14.3,-87,0.1,8.7,140,772.0,453,396.5015497106817,0,994.8,326.95166612736733,3.379536035312018,53,,
2018,1,17,8,0,15.2,-75,7.5,8.4,267,729.0,443,561.8168826710847,0,994.9,320.7734079125447,3.854431971448585,42,,
2018,1,17,9,0,15.4,-59,13.8,8.3,386,531.0,397,631.3223123699072,0,995.1,320.4930280022306,4.306611449819686,32,,
2018,1,17,10,0,15.3,-34,22.8,8.5,524,765.0,243,857.1206301818327,0,995.3,313.8060862414169,4.855162557950721,24,,
2018,1,17,11,0,15,2,30.8,8.6,612,915.0,95,1015.9574100205996,0,995.6,305.0130375466952,5.070777918727799,21,,
2018,1,17,12,0,15,37,54,8.7,437,857.0,22,1022.66566933288,0,995.8,293.91658851531054,6.157620354930883,24,,
2018,1,17,13,0,15,61,54.5,8.8,403,825.0000000000001,0,991.4803943491884,0,996,290.6355549052946,7.083367909085277,33,,
2018,1,17,14,0,15,76,60.1,8.8,309,828.0000000000001,0,930.7687110591908,0,996.2,291.9983256741416,7.730022126452373,43,,
2018,1,17,15,0,14.9,88,77.1,8.8,140,721.0,0,767.2613261034162,0,996.5,291.12800117961217,8.312707314021356,54,,
2018,1,17,16,0,14.7,97,77.1,8.7,83,311.0,0,426.2001177069299,0,996.8,296.846837755392,8.103114841100266,66,,
2018,1,17,17,0,14.5,107,67.5,8.7,54,65.0,0,160.81411505200575,0,997.2,305.0823903663749,7.671848467996561,77,,
2018,1,17,18,0,14.1,116,23.1,8.4,14,46.0,0,71.33057696405422,0,997.6,310.5790251198528,6.949322194213489,87,,
2018,1,17,19,0,13.8,126,0,8,0,34.0,0,12.39182213660657,0,998,305.76888590103727,5.267769447617358,97,,
2018,1,17,20,0,13.4,137,0,7.7,0,0.0,0,0.0,0,998.5,305.5830426118796,3.97878670084976,105,,
2018,1,17,21,0,13.1,150,0,7.6,0,0.0,0,0.0,0,998.8,315.02972753729017,3.6600031459383136,112,,
2018,1,17,22,0,12.8,165,0,7.7,0,0.0,0,0.0,0,999.1,324.599995409144,2.822901554466046,116,,
2018,1,17,23,0,12.6,-179,0,7.8,0,0.0,0,0.0,0,999.4,296.9741066131995,1.850480757570239,118,,
2018,1,18,0,0,12.4,-164,0,7.6,0,0.0,0,0.0,0,999.8,270.5058566771628,2.322844437187555,116,,
2018,1,18,1,0,12.2,-149,0,7.3,0,0.0,0,0.0,0,1000.2,240.8761583140834,1.64834160548424,112,,
2018,1,18,2,0,12,-137,0,6.9,0,0.0,0,0.0,0,1000.6,252.09992210348832,1.265352219749334,105,,
2018,1,18,3,0,11.9,-125,0.4,6.7,1,0.0,0,0.0,0,1001.3,169.98381254878882,0.8885425850854907,96,,
2018,1,18,4,0,11.8,-115,21.2,6.6,34,0.0,1,0.0,0,1002.2,139.27328859759382,2.4558058990000693,87,,
2018,1,18,5,0,11.8,-106,19.3,6.5,103,308.0,72,28.000000000000018,0,1003,132.44090712667878,3.657608203812741,76,,
2018,1,18,6,0,12.3,-97,7.1,6.4,133,503.0,252,177.01631718108695,0,1003.5,128.6491179218607,3.473989310214649,65,,
2018,1,18,7,0,13.2,-87,1.8,6.2,111,759.0,494,394.79723773078894,0,1003.7,120.02631471021716,2.6077890773336145,54,,
2018,1,18,8,0,14.1,-75,9,6.1,238,850.0,476,603.2594329191141,0,1003.9,150.49998504856353,1.5800946096873596,43,,
2018,1,18,9,0,14.6,-59,43.2,5.9,353,902.0,160,788.5740637418362,0,1004.1,204.6702367251424,1.5552888790189467,32,,
2018,1,18,10,0,14.6,-34,22.4,5.7,232,944.0,560,931.7174242152048,0,1004.3,224.58067709768267,2.335275779567125,24,,
2018,1,18,11,0,14.6,2,13.3,5.5,368,947.0,531,1021.8783591427328,0,1004.4,241.4078884192962,3.1639197517501416,21,,
2018,1,18,12,0,14.5,36,27.6,5.4,547,935.0,182,1055.2121859633426,0,1004.6,248.9195022413164,3.621255066538576,25,,
2018,1,18,13,0,14.5,60,12.7,5.4,309,909.0,482,1029.55361552289,0,1004.8,251.13480165415203,3.8349102144162943,33,,
2018,1,18,14,0,14.4,76,2.5,5.4,156,871.0,600,945.7428035151067,0,1005,254.39344808436164,4.286958661395531,43,,
2018,1,18,15,0,14,87,7.7,5.6,187,817.0000000000001,365,809.7501009510956,0,1005.3,255.84781157950167,3.950212340441996,54,,
2018,1,18,16,0,13.5,97,3.8,5.7,128,736.0,243,626.9440188417367,0,1005.7,263.3240185894098,4.006905265280857,66,,
2018,1,18,17,0,13,106,1.4,5.9,67,598.0,119,407.17048266840055,0,1006.2,258.3070662132789,2.9152338061944887,77,,
2018,1,18,18,0,12.5,116,0.8,5.8,20,349.0,20,174.36182821762026,0,1006.7,247.81861460012496,2.3926481898422463,87,,
2018,1,18,19,0,12.1,126,0,5.7,0,60.0,0,14.673624931270616,0,1007.1,218.41984084411283,1.693295311513443,97,,
2018,1,18,20,0,11.7,137,0,5.5,0,0.0,0,0.0,0,1007.6,185.43787024936304,2.4242402616991527,106,,
2018,1,18,21,0,11.4,150,0,5.5,0,0.0,0,0.0,0,1007.8,168.59458911494312,2.844501867564261,112,,
2018,1,18,22,0,11.1,165,0,5.7,0,0.0,0,0.0,0,1007.9,150.71362092998197,3.5230505364984066,116,,
2018,1,18,23,0,10.8,-180,0,5.9,0,0.0,0,0.0,0,1007.9,162.11343709895016,3.057188576038448,118,,
2018,1,19,0,0,10.6,-164,0,6,0,0.0,0,0.0,0,1007.9,147.69922133889344,3.368125917523405,116,,
2018,1,19,1,0,10.5,-149,0,5.9,0,0.0,0,0.0,0,1008,136.66904062846368,4.368272165572215,112,,
2018,1,19,2,0,10.4,-137,0,5.8,0,0.0,0,0.0,0,1008,144.82107855561452,3.2680247218814795,105,,
2018,1,19,3,0,10.5,-125,0,5.7,0,0.0,1,0.0,0,1008.2,159.30488917583818,2.5664833208237368,97,,
2018,1,19,4,0,10.7,-115,0,5.7,22,0.0,33,0.0,0,1008.6,161.33295700766507,1.3913054997906502,87,,
2018,1,19,5,0,11,-106,0,5.6,51,440.0,159,26.00000000000003,0,1009,308.46693920654485,0.4870544280239083,76,,
2018,1,19,6,0,11.9,-97,0,5.6,68,615.0,348,183.62853996771597,0,1009.2,331.4797091171597,1.795249568676203,65,,
2018,1,19,7,0,13.2,-87,0,5.5,77,777.0,543,391.579385752103,0,1009.2,358.8061964135747,6.491887628490313,54,,
2018,1,19,8,0,14.6,-75,0,5.4,82,811.0,717,581.9601387845191,0,1009.2,355.5292683057755,5.794241566673403,43,,
2018,1,19,9,0,15.4,-59,0,5.2,86,735.0,851,709.5333031244143,0,1009,348.6731959777298,4.227605229223661,32,,
2018,1,19,10,0,15.7,-34,0,5,88,434.0,934,716.1047146085941,0,1008.6,330.5485145654093,3.3411991871324864,24,,
2018,1,19,11,0,16,1,0,4.8,89,264.0,960,678.9741320965695,0,1008.1,312.6039326498662,3.5388005056519707,21,,
2018,1,19,12,0,16.2,36,0,4.9,89,307.0,928,730.6351377409298,0,1007.6,349.5184770662503,4.96418185740468,25,,
2018,1,19,13,0,16.4,60,0,5.3,87,436.0,839,793.1189004903554,0,1007,347.5830475932811,5.588485611429742,33,,
2018,1,19,14,0,16.6,76,0,5.6,83,466.0,702,747.172444775727,0,1006.5,4.706201567620781,6.855878181946842,43,,
2018,1,19,15,0,16.3,87,0,6.1,76,448.0,529,635.869979410227,0,1006.2,333.98913273209075,4.933009810031376,55,,
2018,1,19,16,0,15.8,97,0,6.6,65,143.0,337,329.7371024003201,0,1006,11.768409946291058,9.43015556785603,66,,
2018,1,19,17,0,15.2,106,0,7,47,41.0,152,141.99215153617286,0,1005.9,36.80390937097826,7.800884079959805,77,,
2018,1,19,18,0,14.4,116,0,7.4,14,23.0,31,56.11495925255317,0,1005.9,34.560649035146184,5.459267433211689,87,,
2018,1,19,19,0,13.5,126,0,7.6,0,7.0,0,5.885559376722323,0,1005.9,31.05944906392796,3.38438024159428,97,,
2018,1,19,20,0,12.6,137,0,7.8,0,0.0,0,0.0,0,1005.9,174.00949206585483,0.9895345106964142,106,,
2018,1,19,21,0,12.3,150,0,8,0,0.0,0,0.0,0,1005.4,210.77225958316367,8.969643824096577,112,,
2018,1,19,22,0,12.4,165,0,8,0,0.0,0,0.0,0,1004.6,207.9309632955689,4.726892866458742,117,,
2018,1,19,23,0,12.6,-180,0,8.1,0,0.0,0,0.0,0,1003.6,237.5237680592821,3.19322204294542,118,,
2018,1,20,0,0,12.9,-164,0.6,8.5,0,0.0,0,0.0,0,1002.7,292.23191609629623,2.992744384019149,117,,
2018,1,20,1,0,13.3,-149,33.5,9.2,0,0.0,0,0.0,0,1001.9,294.30000387577047,3.6189687145595855,112,,
2018,1,20,2,0,13.7,-136,52,9.8,0,0.0,0,0.0,0,1001,303.3583071896145,3.005398710667816,105,,
2018,1,20,3,0,14.2,-125,51.2,10.5,1,0.0,0,0.0,0,1000.4,334.22415779018473,2.2670726492018365,97,,
2018,1,20,4,0,14.8,-115,38.4,11.3,33,0.0,0,0.0,0,1000.1,11.154659738928274,2.208469226242752,87,,
2018,1,20,5,0,15.4,-106,32.2,12,128,115.0,0,26.000000000000007,0,999.7,49.14148162688628,2.548164135031468,76,,
2018,1,20,6,0,16.3,-96,62,12.6,126,219.0,0,138.98285269051746,0,999.4,62.34290352797569,3.4487349364203017,65,,
2018,1,20,7,0,17.3,-87,70.7,12.9,177,447.0,0,327.1269414056603,0,999,103.26966011854086,1.0444888349550825,54,,
2018,1,20,8,0,18.4,-75,66.8,13.3,250,571.0000000000001,0,521.3034175920372,0,998.7,249.5452958721955,1.9386399053750427,43,,
2018,1,20,9,0,19.2,-59,59.3,13.5,363,671.0,0,706.0379168824413,0,998.2,244.96558594892977,3.1351076789171537,33,,
2018,1,20,10,0,19.7,-34,62.4,13.6,363,715.0,0,837.7306714126406,0,997.7,213.95606728696305,3.164980625647716,24,,
2018,1,20,11,0,20.2,1,62.2,13.8,374,835.0,3,978.5995247266496,0,997.1,262.2372392725141,2.8811395541224885,21,,
2018,1,20,12,0,20.4,35,35.1,13.9,453,750.0,170,970.740977173104,0,996.7,250.107395224032,3.235278772697676,25,,
2018,1,20,13,0,20.4,60,45.6,14,392,724.0,95,942.2038784700616,0,996.4,272.3854307000224,5.672151553555151,33,,
2018,1,20,14,0,20.4,75,56.3,14.1,321,755.0,0,895.5395617849662,0,996.1,286.8239579829208,5.865811284338085,43,,
2018,1,20,15,0,20,87,70.4,14.2,177,634.0,0,725.5305074049681,0,996.1,292.17796909849073,5.159821429424839,55,,
2018,1,20,16,0,19.5,97,72.7,14.4,94,288.0,0,416.49524916688335,0,996.3,272.7904345099689,4.0570566315777965,66,,
2018,1,20,17,0,19,106,71.6,14.5,50,61.0,0,158.67954353774496,0,996.6,286.6185234860798,5.195277375984491,77,,
2018,1,20,18,0,18.5,115,59.4,14.7,10,17.0,0,48.23762235577654,0,997,316.4677281155247,6.61852266247218,88,,
2018,1,20,19,0,18.2,125,50.4,15,0,5.0,0,4.625079067970394,0,997.6,264.27919435367835,4.633919363330331,97,,
2018,1,20,20,0,17.9,137,64.5,15.2,0,0.0,0,0.0,0,998.2,275.5130419408915,3.903309226288751,106,,
2018,1,20,21,0,17.6,150,78,15.3,0,0.0,0,0.0,0,998.4,220.12630477428087,3.0377663346467445,112,,
2018,1,20,22,0,17.4,165,29.3,15.3,0,0.0,0,0.0,0,998.4,266.3744915321983,3.513379070471669,117,,
2018,1,20,23,0,17.1,-180,0,15.2,0,0.0,0,0.0,0,998.3,228.6306292381144,4.454597965706828,118,,
2018,1,21,0,0,17.1,-164,0,15.3,0,0.0,0,0.0,0,998.4,190.9651044750361,4.6540599831546325,117,,
2018,1,21,1,0,17.1,-149,0,15.4,0,0.0,0,0.0,0,998.5,153.12865450201707,4.125648043041836,112,,
2018,1,21,2,0,17.2,-136,0,15.5,0,0.0,0,0.0,0,998.6,131.79427324387177,1.546626774301531,105,,
2018,1,21,3,0,17.4,-125,0.8,15.6,0,0.0,0,0.0,0,999,19.0219472313604,1.6202119014341485,97,,
2018,1,21,4,0,17.6,-115,39.2,15.8,15,0.0,0,0.0,0,999.5,357.1378526608575,2.708701197999193,87,,
2018,1,21,5,0,17.8,-105,62.4,15.9,60,111.0,4,24.000000000000007,0,1000.1,7.893868666345156,1.013263627533624,77,,
2018,1,21,6,0,18.9,-96,22.9,16.2,111,244.0,199,138.94336117711944,0,1000.4,96.36491529954004,2.1868194202556834,65,,
2018,1,21,7,0,20.5,-86,0,16.6,137,575.0000000000001,426,350.0649795510742,0,1000.6,136.09646949153944,1.4163718781716697,54,,
2018,1,21,8,0,22.2,-75,0,17,139,547.0,604,504.5463790326827,0,1000.8,159.352385031199,0.303947332199244,43,,
2018,1,21,9,0,22.9,-59,0,16.7,128,541.0,758,643.9204537323685,0,1000.8,141.4475078773333,1.18068486172488,33,,
2018,1,21,10,0,22.8,-34,1.5,16,153,648.0,808,814.0860264891056,0,1000.7,197.55446132581744,1.3364053988757858,25,,
2018,1,21,11,0,22.6,1,0.8,15.1,137,243.0,860,660.5186993543064,0,1000.5,237.00113488672707,3.2836144874384434,22,,
2018,1,21,12,0,22.6,35,0,14.7,117,307.0,860,727.7481870680404,0,1000.5,246.60243456248287,4.975537210961496,25,,
2018,1,21,13,0,22.7,59,0,14.6,111,241.0,779,657.7935510425071,0,1000.5,240.0636806599639,4.43187422828092,33,,
2018,1,21,14,0,22.7,75,0.2,14.5,105,102.0,648,461.1273821649034,0,1000.5,223.34515616672027,3.5568702200490647,44,,
2018,1,21,15,0,22.3,87,12.3,14.8,200,50.0,317,305.94968196362487,0,1000.6,202.1575990135616,2.523256702855266,55,,
2018,1,21,16,0,21.6,97,18.7,15.3,198,36.0,112,206.27418976351188,0,1000.9,228.25094929410653,2.815867897674657,66,,
2018,1,21,17,0,20.7,106,6.7,15.8,88,119.0,77,204.76122914613904,0,1001.1,237.3081164961889,3.4904281314805616,77,,
2018,1,21,18,0,19.9,115,0,16,16,42.0,26,69.8831005885289,0,1001.5,239.8543571161356,3.208053983359004,88,,
2018,1,21,19,0,19.1,125,0,16,0,16.0,0,7.9746587607021535,0,1001.9,236.0805869388736,3.1294902775557523,97,,
2018,1,21,20,0,18.2,137,0,15.9,0,0.0,0,0.0,0,1002.4,256.99214175245766,2.771309318148525,106,,
2018,1,21,21,0,17.5,150,0,15.8,0,0.0,0,0.0,0,1002.5,240.17311144105275,3.300490146418257,113,,
2018,1,21,22,0,17,165,0,15.6,0,0.0,0,0.0,0,1002.3,225.2647487422032,3.698712041324249,117,,
2018,1,21,23,0,16.4,-180,0,15.4,0,0.0,0,0.0,0,1002.2,201.04637919708009,4.076901614090437,119,,
2018,1,22,0,0,15.9,-164,0,15.1,0,0.0,0,0.0,0,1001.9,192.67329607663592,4.28431072256451,117,,
2018,1,22,1,0,15.5,-149,0,14.8,0,0.0,0,0.0,0,1001.5,211.54780473219373,4.497758949728025,113,,
2018,1,22,2,0,15.1,-136,0,14.5,0,0.0,0,0.0,0,1001.2,215.81648040954377,3.5111402941113377,106,,
2018,1,22,3,0,15.2,-125,0.2,14.5,1,0.0,0,0.0,0,1001.1,231.4346162962658,2.406131543302936,97,,
2018,1,22,4,0,15.7,-115,13.3,14.8,33,0.0,2,0.0,0,1001.1,252.50903638398177,1.663586920176646,87,,
2018,1,22,5,0,16.3,-105,58.6,15.2,52,209.0,2,26.00000000000001,0,1001.2,296.9346254186144,1.7096230844680933,77,,
2018,1,22,6,0,17.2,-96,46.6,15.5,189,372.0,40,157.55892909956168,0,1001.1,332.14717252490243,2.3562184875566654,66,,
2018,1,22,7,0,18.5,-86,62.7,15.7,170,684.0,22,375.972705912063,0,1000.8,334.4067278885645,3.360481186539248,54,,
2018,1,22,8,0,19.9,-75,55.8,16,347,815.0000000000001,0,593.2489380307595,0,1000.5,348.44434151196924,4.387516434956605,43,,
2018,1,22,9,0,20.3,-59,66.5,15.7,284,865.0,0,778.3441859053768,0,1000.3,12.67955803584772,6.199778487686094,33,,
2018,1,22,10,0,20.2,-34,87.7,15,117,946.0,0,924.4956849866752,0,1000,26.028846250416848,6.661765329854179,25,,
2018,1,22,11,0,20,1,89.7,14.3,102,953.0,0,1018.5868692357247,0,999.7,14.980699937225666,6.326089060548429,22,,
2018,1,22,12,0,19.8,35,92.1,13.9,76,950.0,0,1057.698929706235,0,999.3,11.841007449992505,6.818680199773721,25,,
2018,1,22,13,0,19.6,59,93.5,13.7,56,936.0,0,1039.07162197944,0,998.9,3.136541954769257,7.295352433863972,33,,
2018,1,22,14,0,19.4,75,92.2,13.6,57,904.0,0,958.8655554941791,0,998.6,7.643862938116399,8.169518161897079,44,,
2018,1,22,15,0,19,86,88.9,13.7,61,852.0,0,822.7627712146391,0,998.2,14.68539170424458,8.628806038063487,55,,
2018,1,22,16,0,18.3,96,85.3,14,52,769.0,0,637.2878894795444,0,997.9,25.28266282192942,8.747312994918014,66,,
2018,1,22,17,0,17.6,106,78.1,14.3,33,630.0,0,414.0013012182661,0,997.6,32.11033216407577,8.321566652866155,77,,
2018,1,22,18,0,17.1,115,27,14.4,9,374.0,0,175.17523251392333,0,997.3,33.57604769813781,7.860006295667558,88,,
2018,1,22,19,0,16.7,125,0,14.5,0,54.0,0,12.57234488432054,0,996.9,28.47454401127084,7.95916597311279,97,,
2018,1,22,20,0,16.4,137,0,14.5,0,0.0,0,0.0,0,996.6,30.960638054989943,8.462006495213613,106,,
2018,1,22,21,0,16.2,150,0,14.5,0,0.0,0,0.0,0,996.1,36.09316828513983,8.331283120835696,113,,
2018,1,22,22,0,16.2,164,0,14.5,0,0.0,0,0.0,0,995.6,42.788897035891466,8.492640296354386,117,,
2018,1,22,23,0,16.2,-180,0,14.4,0,0.0,0,0.0,0,995.1,49.58997208795756,8.821031556329565,119,,
2018,1,23,0,0,16.2,-164,0,14.5,0,0.0,0,0.0,0,994.7,57.56534837990728,7.3988168814527215,117,,
2018,1,23,1,0,16.1,-149,0,14.5,0,0.0,0,0.0,0,994.2,54.47676155456554,7.207410592534532,113,,
2018,1,23,2,0,16.1,-136,0,14.6,0,0.0,0,0.0,0,993.7,60.42859318499603,8.281355097841537,106,,
2018,1,23,3,0,16.2,-125,0.3,14.6,1,0.0,0,0.0,0,993.6,60.73660936334693,8.212352373082389,97,,
2018,1,23,4,0,16.3,-115,15.2,14.6,29,0.0,2,0.0,0,993.8,60.02620713807954,7.95845428761011,88,,
2018,1,23,5,0,16.5,-105,12.1,14.5,75,322.0,89,24.00000000000002,0,994,58.04625657805491,6.259502230382918,77,,
2018,1,23,6,0,17,-96,52.1,14.3,97,508.0,50,162.42903041694933,0,994.2,50.44033203100548,3.925760677150891,66,,
2018,1,23,7,0,17.6,-86,82,14,102,714.0,2,366.55830570196906,0,994.5,49.888618407794354,6.559420289877823,55,,
2018,1,23,8,0,18.3,-74,48.5,13.6,330,775.0,85,559.8731228164215,0,994.8,43.28396240789721,5.666818960915531,43,,
2018,1,23,9,0,18.5,-58,34,13.1,527,826.0000000000001,67,738.4341325029444,0,995,35.83355523517952,5.996000332679319,33,,
2018,1,23,10,0,18.5,-34,13.6,12.5,269,908.0,597,905.4706948904376,0,995.3,24.555614583260137,7.485604410199726,25,,
2018,1,23,11,0,18.5,1,11.5,11.9,311,934.0,597,1008.1276899957228,0,995.6,21.87611461547016,8.414508506692172,22,,
2018,1,23,12,0,18.3,34,27,11.2,518,907.0,212,1033.4567103124014,0,995.9,25.760480559461826,8.739651159509048,25,,
2018,1,23,13,0,18,59,15.7,10.5,350,884.0,409,1008.8642737147484,0,996.3,16.03144773026571,7.279179110750226,33,,
2018,1,23,14,0,17.6,74,12.6,9.8,285,854.0,390,931.1837536391788,0,996.7,21.955532235787587,7.651618599914832,44,,
2018,1,23,15,0,17.1,86,19,9.2,290,486.0,189,628.4795247934594,0,997.1,30.621572094728435,8.363845417748085,55,,
2018,1,23,16,0,16.4,96,7.4,8.7,148,393.0,201,457.1471604309446,0,997.6,31.57259266446636,7.612689257995498,66,,
2018,1,23,17,0,15.7,105,0,8.2,57,568.0000000000001,129,389.2142283357642,0,998.1,34.97308753389768,7.868667023988594,77,,
2018,1,23,18,0,14.7,115,0,7.8,16,321.0,25,160.49354462198602,0,998.4,39.349063537369545,7.803495348512416,88,,
2018,1,23,19,0,13.5,125,0,7.6,0,24.0,0,7.877555559929124,0,998.6,32.740718900602815,6.57977481277717,98,,
2018,1,23,20,0,12.3,136,0,7.4,0,0.0,0,0.0,0,998.8,29.49006650723561,7.319666106225327,106,,
2018,1,23,21,0,11.6,149,0,7.5,0,0.0,0,0.0,0,998.7,32.54890687127994,6.405511729801912,113,,
2018,1,23,22,0,11.4,164,0,7.7,0,0.0,0,0.0,0,998.3,34.70899500171953,5.368954696572136,117,,
2018,1,23,23,0,11.2,-180,0,7.9,0,0.0,0,0.0,0,998,50.11703860192165,2.129115215160107,119,,
2018,1,24,0,0,11,-164,0,8,0,0.0,0,0.0,0,997.6,83.92951581373484,2.250903067557812,117,,
2018,1,24,1,0,11,-149,0,8,0,0.0,0,0.0,0,997.2,135.80937190396116,3.421937219062804,113,,
2018,1,24,2,0,10.9,-136,0,8,0,0.0,0,0.0,0,996.9,157.3820662091813,3.900315507023131,106,,
2018,1,24,3,0,11.2,-125,0,8.2,0,0.0,0,0.0,0,996.8,138.70040397323652,3.530810725479068,98,,
2018,1,24,4,0,11.8,-115,0,8.4,21,0.0,24,0.0,0,996.8,125.690755058084,4.14286947777044,88,,
2018,1,24,5,0,12.4,-105,0.9,8.7,52,426.0,134,22.000000000000025,0,996.9,99.8941435446032,5.032614274193818,77,,
2018,1,24,6,0,13.4,-96,47.3,8.9,103,668.0,68,175.65522166031909,0,996.8,111.1537951876465,3.100530428652358,66,,
2018,1,24,7,0,14.8,-86,68.3,9.2,192,824.0000000000001,0,388.6246572705569,0,996.6,157.92251309276594,2.521559793185054,55,,
2018,1,24,8,0,16.3,-74,50.1,9.5,389,895.0,6,597.5277224885072,0,996.3,74.89494402528294,0.8666116675629646,44,,
2018,1,24,9,0,17,-58,23.2,9.5,387,927.0,318,778.7865198433042,0,995.9,29.573704350677133,1.0338595636004329,33,,
2018,1,24,10,0,17.2,-34,35.1,9.4,459,949.0,182,918.7411782144076,0,995.3,286.46793832610444,2.154799318904568,25,,
2018,1,24,11,0,17.4,0,31.3,9.2,499,943.0,207,1005.2630775934156,0,994.7,294.5736388119655,3.9903192870543696,22,,
2018,1,24,12,0,17.5,34,46.6,9.3,422,931.0,116,1040.133551643652,0,994.3,295.8389119713676,3.807953985228732,25,,
2018,1,24,13,0,17.5,58,73.1,9.4,250,913.0,0,1019.2979986687686,0,993.9,0.1111767022114804,5.284433776465428,34,,
2018,1,24,14,0,17.6,74,79.2,9.6,158,883.0,1,941.3064297616633,0,993.5,13.198956489866134,7.496371015119272,44,,
2018,1,24,15,0,17.4,86,46.9,9.8,246,833.0,46,806.9432214474732,0,993.3,21.83439937552805,7.7950346041762195,55,,
2018,1,24,16,0,17,96,52,10.1,178,752.0,26,623.4024687868119,0,993.3,27.659513264015573,7.322384023128885,66,,
2018,1,24,17,0,16.6,105,55.7,10.3,75,615.0,0,403.0092024048512,0,993.3,33.513179021161704,7.150060017207149,77,,
2018,1,24,18,0,16.1,114,18.2,10.8,20,354.0,0,165.92612931463145,0,993.2,37.03731455058278,6.450320504971192,88,,
2018,1,24,19,0,15.6,125,0,11.3,0,41.0,0,9.837221287465727,0,993.1,29.829835905924256,6.351548357920838,98,,
2018,1,24,20,0,15.1,136,0,11.8,0,0.0,0,0.0,0,993,33.576034990582286,6.872486318204825,106,,
2018,1,24,21,0,14.8,149,0,12.1,0,0.0,0,0.0,0,992.6,42.37622645027017,5.717054574343295,113,,
2018,1,24,22,0,14.6,164,0,12.2,0,0.0,0,0.0,0,992.1,53.34589162137729,4.04499939126339,118,,
2018,1,24,23,0,14.4,-180,0,12.3,0,0.0,0,0.0,0,991.5,126.85090954212068,6.777490606558273,119,,
2018,1,25,0,0,14.1,-164,0,12.2,0,0.0,0,0.0,0,991.2,172.94968508673662,6.828487382259416,118,,
2018,1,25,1,0,13.7,-149,0,12,0,0.0,0,0.0,0,991,166.52600618910492,6.782382927582672,113,,
2018,1,25,2,0,13.2,-136,0,11.8,0,0.0,0,0.0,0,990.8,165.50276595491414,7.006285161824263,106,,
2018,1,25,3,0,12.9,-125,0.4,11.5,0,0.0,0,0.0,0,991.1,159.29228983593953,7.092215456070211,98,,
2018,1,25,4,0,12.6,-114,21.1,11,26,0.0,1,0.0,0,991.7,164.0949573460075,7.237521861015338,88,,
2018,1,25,5,0,12.4,-105,19.2,10.5,92,189.0,63,22.00000000000001,0,992.3,171.73866983856533,6.843969141269098,77,,
2018,1,25,6,0,12.6,-96,10.6,10,160,365.0,181,140.8287335131167,0,992.8,174.1853165879628,6.284777983762914,66,,
2018,1,25,7,0,13.2,-86,18.8,9.3,294,730.0,173,363.1047357709312,0,993.2,168.3803689657775,5.554007728713115,55,,
2018,1,25,8,0,13.8,-74,8.7,8.7,210,873.0,495,584.0309579110403,0,993.6,173.85463712734736,4.574873495437457,44,,
2018,1,25,9,0,13.9,-58,7.6,8.5,266,916.0,563,767.2086440858723,0,994,203.86207375725377,4.016944646152907,34,,
2018,1,25,10,0,13.7,-34,14.3,8.6,388,908.0,457,908.4555708742346,0,994.4,228.60551978532305,4.101257806995499,26,,
2018,1,25,11,0,13.4,0,55.4,8.7,292,912.0,160,1000.3102121647368,0,994.8,248.70679375009848,4.952856333332427,22,,
2018,1,25,12,0,13.2,34,47,8.5,446,900.0,69,1034.0211248582614,0,995.2,257.62986599764827,5.36428286318969,26,,
2018,1,25,13,0,13,58,25.2,8.2,498,878.0,172,1009.7828464670316,0,995.6,254.89342655220764,5.128900933244772,34,,
2018,1,25,14,0,12.9,74,11.9,7.9,294,840.0,371,926.7394909778736,0,996,260.51949042043907,4.551917599760625,44,,
2018,1,25,15,0,12.7,86,16.8,7.6,257,783.0,237,788.1169487003143,0,996.6,265.5673047720989,4.040161057203187,55,,
2018,1,25,16,0,12.5,96,8.3,7.4,155,692.0000000000001,185,600.8583816935118,0,997.3,267.2037335073302,3.633232272927055,66,,
2018,1,25,17,0,12.2,105,1.8,7.2,62,490.0,116,359.08327783899944,0,998,270.8392995123269,3.3167620985800013,77,,
2018,1,25,18,0,11.9,114,1,6.9,19,277.0,19,146.17774675062608,0,998.7,277.0824686121077,2.813705715710491,88,,
2018,1,25,19,0,11.4,124,0,6.5,0,29.0,0,8.362822391072452,0,999.6,289.6721981578394,3.1750617344178527,98,,
2018,1,25,20,0,10.9,136,0,6.2,0,0.0,0,0.0,0,1000.5,311.2679403593362,3.5619044977356613,107,,
2018,1,25,21,0,10.8,149,0,6.2,0,0.0,0,0.0,0,1001,328.63638438729635,3.629737036207296,113,,
2018,1,25,22,0,11,164,0,6.5,0,0.0,0,0.0,0,1001.2,330.89329627722225,3.833474333733797,118,,
2018,1,25,23,0,11.2,180,0,6.8,0,0.0,0,0.0,0,1001.4,340.130529181473,2.8711146036026527,119,,
2018,1,26,0,0,11.3,-164,0.6,7,0,0.0,0,0.0,0,1001.7,336.6411040477073,1.489513177709049,118,,
2018,1,26,1,0,11.3,-149,33.6,7.1,0,0.0,0,0.0,0,1002.2,69.92887865811417,0.6246037657714295,113,,
2018,1,26,2,0,11.3,-136,51.9,7.2,0,0.0,0,0.0,0,1002.7,75.61967967523282,1.6170714884993145,107,,
2018,1,26,3,0,11.4,-125,51.2,7.3,0,0.0,0,0.0,0,1003.4,75.69905362176917,2.383932732077897,98,,
2018,1,26,4,0,11.6,-114,19.9,7.4,22,0.0,17,0.0,0,1004.2,98.40429857442592,1.6954529348122171,88,,
2018,1,26,5,0,11.9,-105,0.9,7.5,52,124.0,130,22.000000000000007,0,1005.1,133.33254737980565,1.5187820509680086,78,,
2018,1,26,6,0,12.7,-96,0,7.4,72,83.0,315,92.81628750397712,0,1005.7,162.025694871454,0.835451965505877,66,,
2018,1,26,7,0,14,-86,0.1,7.3,83,81.0,508,177.49299066981806,0,1006.1,187.2078488663891,0.356085441462297,55,,
2018,1,26,8,0,15.2,-74,5,7.2,169,87.0,561,270.9006066065957,0,1006.4,140.85765262137306,0.7696482380662149,44,,
2018,1,26,9,0,15.9,-58,30.6,6.9,415,206.0,209,460.4483547391117,0,1006.6,233.0216193591658,0.3352545071781772,34,,
2018,1,26,10,0,16.1,-34,19.9,6.4,323,634.0,486,791.0276293549059,0,1006.6,241.3458241827417,2.426021164779768,26,,
2018,1,26,11,0,16.2,0,46.3,5.9,283,782.0,272,942.9753826468192,0,1006.6,245.7052506177216,2.979431711869098,23,,
2018,1,26,12,0,16.2,33,64,5.7,357,495.0,3,826.1080615861556,0,1006.6,256.21505219928247,3.672176267561112,26,,
2018,1,26,13,0,16.3,57,36.4,5.7,404,226.0,168,630.3193785232339,0,1006.6,269.4282340773877,3.816596285130813,34,,
2018,1,26,14,0,16.3,74,8.1,5.7,202,321.0,504,641.4013118309892,0,1006.6,263.5674137188745,4.029273095479111,44,,
2018,1,26,15,0,15.9,85,0,5.9,73,283.0,525,522.6649113341122,0,1006.8,266.1475145930193,4.287765063497522,55,,
2018,1,26,16,0,15.4,95,0,6.1,61,104.0,333,284.5510954439836,0,1007,268.6913359551085,4.404224938187894,66,,
2018,1,26,17,0,14.7,105,0,6.4,43,67.0,147,160.03334220687162,0,1007.3,260.93976006363624,3.660415925185263,78,,
2018,1,26,18,0,13.8,114,0,6.6,13,90.0,29,86.85662109572586,0,1007.7,255.3932950259104,2.533545183486156,88,,
2018,1,26,19,0,12.7,124,0.6,6.7,0,16.0,0,5.821345566811996,0,1008,236.538089674656,0.9692433546879968,98,,
2018,1,26,20,0,11.6,136,32.9,6.9,0,0.0,0,0.0,0,1008.4,202.09409707326924,1.9258435531349447,107,,
2018,1,26,21,0,11.1,149,50.4,7.2,0,0.0,0,0.0,0,1008.5,209.6698432118441,2.705267712941818,114,,
2018,1,26,22,0,11.1,164,18.1,7.5,0,0.0,0,0.0,0,1008.3,205.146855564909,2.496906751065575,118,,
2018,1,26,23,0,11.1,180,0,7.9,0,0.0,0,0.0,0,1008.2,195.14141684429327,2.93489543618056,120,,
2018,1,27,0,0,11.1,-164,0,8.1,0,0.0,0,0.0,0,1008.1,183.79222866630164,3.875918164225381,118,,
2018,1,27,1,0,10.9,-149,0,8.1,0,0.0,0,0.0,0,1008.1,169.54765136273477,2.799134018787019,114,,
2018,1,27,2,0,10.7,-136,0,8.2,0,0.0,0,0.0,0,1008.1,173.17479466568977,3.5417004452758825,107,,
2018,1,27,3,0,10.8,-124,0,8.2,0,0.0,0,0.0,0,1008.3,165.42126932799374,3.65856756624134,98,,
2018,1,27,4,0,11.2,-114,0,8.3,17,0.0,24,0.0,0,1008.6,149.59657552549413,3.425111120050324,88,,
2018,1,27,5,0,11.6,-105,1.4,8.5,50,82.0,131,20.000000000000004,0,1008.9,144.84951740583824,3.095192438114623,78,,
2018,1,27,6,0,12.7,-95,0.8,8.4,66,189.0,321,118.970521101816,0,1009,137.70897761653106,3.1485555167595995,67,,
2018,1,27,7,0,14.2,-85,0,8.1,74,353.0,520,283.95150796061466,0,1009,135.43617477848596,3.8097862841522105,55,,
2018,1,27,8,0,15.7,-74,1.4,7.8,104,532.0,659,486.7687428333311,0,1008.9,167.85553535508973,4.6384758195101865,44,,
2018,1,27,9,0,16.5,-58,15.3,7.3,335,704.0,435,697.6308052848274,0,1008.7,186.0860032000992,4.260094414378882,34,,
2018,1,27,10,0,16.7,-34,16.1,6.7,377,831.0000000000001,467,860.2444456617008,0,1008.5,201.70733088010107,4.196783770367116,26,,
2018,1,27,11,0,16.8,0,14.8,6.1,375,857.0,506,959.7528732408008,0,1008.3,226.52704939511145,4.431003771936787,23,,
2018,1,27,12,0,17,33,11.8,6,316,846.0,568,992.318241705976,0,1008.1,242.11061663887503,5.716165448432467,26,,
2018,1,27,13,0,17.1,57,15.2,6.1,334,814.0,445,962.408804264446,0,1008,244.3878615334374,5.7838962272295245,34,,
2018,1,27,14,0,17.1,73,29.4,6.3,407,765.0,146,874.3200428661022,0,1007.9,243.45142902531475,5.314264705616616,44,,
2018,1,27,15,0,17,85,12.8,6.7,196,697.0000000000001,307,733.4964486696069,0,1008,243.3300116151401,5.067191840260235,55,,
2018,1,27,16,0,16.6,95,0,7.2,57,591.0,335,545.2493578198873,0,1008.2,239.44924235731267,4.153212426831898,66,,
2018,1,27,17,0,16.1,104,0,7.7,41,460.0,147,340.1252347685028,0,1008.5,234.32410924433648,3.9413343031699335,78,,
2018,1,27,18,0,15.5,114,0,8,12,207.0,29,121.36105050121678,0,1008.9,225.60499561419783,3.498785387182548,88,,
2018,1,27,19,0,14.8,124,0,8.2,0,14.0,0,4.562483838566948,0,1009.2,224.50694391618453,3.169668266225244,98,,
2018,1,27,20,0,14,136,0,8.4,0,0.0,0,0.0,0,1009.5,213.4596265331133,3.266135299090576,107,,
2018,1,27,21,0,13.7,149,0,8.5,0,0.0,0,0.0,0,1009.7,206.3669078561312,4.672623896458904,114,,
2018,1,27,22,0,13.6,164,0,8.6,0,0.0,0,0.0,0,1009.8,202.32105597083523,6.3234220807618255,118,,
2018,1,27,23,0,13.6,180,0,8.7,0,0.0,0,0.0,0,1009.9,192.7983345817,6.0627331688864246,120,,
2018,1,28,0,0,13.5,-164,0,8.7,0,0.0,0,0.0,0,1010,183.15461226672417,5.723027739982024,118,,
2018,1,28,1,0,13.3,-149,0,8.8,0,0.0,0,0.0,0,1010.1,171.60362015708904,5.71309088461939,114,,
2018,1,28,2,0,13.2,-136,0,8.9,0,0.0,0,0.0,0,1010.3,163.9126511710856,5.441352887792246,107,,
2018,1,28,3,0,13.1,-124,0,9.1,0,0.0,0,0.0,0,1010.7,159.6777368932735,5.560472311706457,98,,
2018,1,28,4,0,13.2,-114,0,9.3,18,0.0,19,0.0,0,1011.3,153.1661971126848,5.493385048723341,89,,
2018,1,28,5,0,13.4,-104,1.7,9.5,56,147.0,116,20.00000000000001,0,1012,150.45949455312387,6.1208623855772135,78,,
2018,1,28,6,0,14.3,-95,17.2,9.6,189,343.0,114,133.29649638915888,0,1012.4,145.4594538474514,5.916754217126901,67,,
2018,1,28,7,0,15.7,-85,9.5,9.6,151,690.0000000000001,387,348.65809452017453,0,1012.6,160.9575475410311,4.980558458904085,56,,
2018,1,28,8,0,17.3,-73,14.8,9.6,291,804.0,349,557.7058739839354,0,1012.8,168.147965333971,5.055531432792323,44,,
2018,1,28,9,0,18.1,-57,48.3,9.1,366,847.0,91,736.3441116415316,0,1012.7,188.66117370984125,4.980379428436552,34,,
2018,1,28,10,0,18.3,-33,29.8,8.3,335,850.0,372,875.0803867380364,0,1012.5,207.56699889129555,5.24486174500314,26,,
2018,1,28,11,0,18.6,0,4.2,7.4,189,854.0,794,965.3828063054284,0,1012.2,224.63105348512008,4.932931657765083,23,,
2018,1,28,12,0,18.8,33,5.8,7,220,846.0,718,999.7711680236872,0,1012,232.030116889297,5.158225964022957,26,,
2018,1,28,13,0,19.1,57,3.3,6.9,167,824.0000000000001,707,975.1907837550448,0,1011.8,236.56792092370387,4.947526294634522,34,,
2018,1,28,14,0,19.3,73,0.5,6.9,99,779.0,664,888.2033093256274,0,1011.6,238.52905411533345,4.502935419056243,44,,
2018,1,28,15,0,19.1,85,25.1,7.3,237,701.0000000000001,219,740.4643363917963,0,1011.5,241.57127747417667,3.96828097478063,55,,
2018,1,28,16,0,18.6,95,45.2,7.8,212,569.0000000000001,1,538.249263738517,0,1011.6,236.4289686801108,3.259209248835124,67,,
2018,1,28,17,0,18,104,19.9,8.5,85,296.0,37,276.4551484488013,0,1011.7,227.2780720146899,3.1530531376947306,78,,
2018,1,28,18,0,17.1,114,1.3,8.6,17,112.0,21,90.96730519549496,0,1011.9,219.4173413794396,2.8002771112713063,88,,
2018,1,28,19,0,16,124,0,8.3,0,11.0,0,4.202035645685596,0,1012.2,191.88834613759576,2.3097969573031367,98,,
2018,1,28,20,0,15,135,0,8,0,0.0,0,0.0,0,1012.6,177.45540323879106,2.9914750827253367,107,,
2018,1,28,21,0,14.2,149,0,7.9,0,0.0,0,0.0,0,1012.7,183.24464594663544,3.782919625455745,114,,
2018,1,28,22,0,13.8,164,0,7.9,0,0.0,0,0.0,0,1012.8,176.53951334715794,5.136807540300221,119,,
2018,1,28,23,0,13.4,180,0,7.9,0,0.0,0,0.0,0,1012.9,177.88085483693737,4.245335052284315,120,,
2018,1,29,0,0,12.9,-164,0,7.7,0,0.0,0,0.0,0,1012.9,163.1671289577506,4.211196672040214,119,,
2018,1,29,1,0,12.5,-149,0,7.5,0,0.0,0,0.0,0,1012.9,164.42045322185095,5.456840129501014,114,,
2018,1,29,2,0,12.1,-136,0,7.3,0,0.0,0,0.0,0,1013,163.02905332811997,5.10384971322243,107,,
2018,1,29,3,0,12,-124,0,7.3,0,0.0,0,0.0,0,1013.1,151.7170880741432,4.778467428288181,99,,
2018,1,29,4,0,12.1,-114,0.8,7.4,16,0.0,20,0.0,0,1013.4,148.39514050737444,5.201388656447569,89,,
2018,1,29,5,0,12.3,-104,0.9,7.5,44,51.0,133,16.000000000000004,0,1013.7,154.36828503155596,4.343439543902183,78,,
2018,1,29,6,0,13.4,-95,0.2,7.5,61,122.0,318,99.612462162726,0,1013.7,164.3123954565658,4.561516851813646,67,,
2018,1,29,7,0,15.1,-85,0.1,7.5,73,257.0,510,248.35876978114436,0,1013.7,154.21968496117654,3.874394831008976,56,,
2018,1,29,8,0,16.9,-73,7,7.5,192,321.0,515,401.42819268581786,0,1013.6,107.42654313339716,1.495905632761789,45,,
2018,1,29,9,0,17.8,-57,13,7.2,311,350.0,476,536.6513661862533,0,1013.3,154.63592905367295,2.974470970655952,35,,
2018,1,29,10,0,18.1,-33,16.8,6.6,395,290.0,431,638.8574428276512,0,1012.8,169.14552209598105,1.3612690150646647,27,,
2018,1,29,11,0,18.3,0,6.6,6,211,280.0,747,696.8163742384622,0,1012.3,243.13934347864225,1.7988139761866366,23,,
2018,1,29,12,0,18.5,32,0.5,5.9,97,248.0,895,695.6531396017276,0,1011.9,278.8824778945499,3.799472822777113,26,,
2018,1,29,13,0,18.6,56,23.6,6.2,372,61.0,329,451.6524085435311,0,1011.4,314.3541027151465,5.681556577772253,34,,
2018,1,29,14,0,18.8,73,29.9,6.5,436,25.0,97,302.56318070694186,0,1010.9,349.99123153899217,7.192220883123115,44,,
2018,1,29,15,0,18.6,85,25.7,6.9,324,16.0,110,210.28620698503423,0,1010.6,9.1920735814914,6.084234986264102,55,,
2018,1,29,16,0,18.2,95,19.9,7.2,202,20.0,99,170.69737288494647,0,1010.4,4.833143586709241,5.766353101166271,67,,
2018,1,29,17,0,17.7,104,40.7,7.5,85,11.0,37,86.1982043316429,0,1010.2,6.595895748302667,3.1413983963244667,78,,
2018,1,29,18,0,17,113,19.6,7.5,17,6.0,0,28.75301704414219,0,1010.2,345.0617909106573,3.449336092066451,89,,
2018,1,29,19,0,16.2,124,0,7.2,0,0.0,0,1.0,0,1010.3,260.7919204697513,1.2663181431953687,98,,
2018,1,29,20,0,15.3,135,0,6.9,0,0.0,0,0.0,0,1010.4,265.21145522293017,0.9329438760789625,107,,
2018,1,29,21,0,14.7,148,0,6.8,0,0.0,0,0.0,0,1010.4,250.03049680439764,1.6692096641469645,114,,
2018,1,29,22,0,14.2,164,0,6.8,0,0.0,0,0.0,0,1010.2,271.725882495484,4.831293245543938,119,,
2018,1,29,23,0,13.7,180,0,6.8,0,0.0,0,0.0,0,1010,274.50917402989967,7.546061963659049,120,,
2018,1,30,0,0,13.3,-164,0,6.7,0,0.0,0,0.0,0,1009.8,289.9395517679023,7.024361321579959,119,,
2018,1,30,1,0,13,-149,0,6.6,0,0.0,0,0.0,0,1009.5,299.516553478406,4.45293078082667,114,,
2018,1,30,2,0,12.6,-136,0.6,6.4,0,0.0,0,0.0,0,1009.2,346.5879363473513,1.4240931092974634,108,,
2018,1,30,3,0,12.5,-124,31,6.5,0,0.0,0,0.0,0,1009.1,318.0470012306854,0.425452499163352,99,,
2018,1,30,4,0,12.6,-114,44.9,6.6,19,0.0,1,0.0,0,1009.1,82.2585338614445,1.6746869727046854,89,,
2018,1,30,5,0,12.8,-104,27.2,6.8,89,5.0,46,7.0,0,1009.1,104.58711651850382,4.218751645970906,78,,
2018,1,30,6,0,13.6,-95,17,7.2,169,41.0,138,77.76471986887563,0,1008.9,76.42856422923285,9.364753114111032,67,,
2018,1,30,7,0,15,-85,5.9,7.6,119,183.0,423,239.1876875684203,0,1008.5,79.0085072934944,10.415431067935748,56,,
2018,1,30,8,0,16.5,-73,0,8,82,691.0000000000001,664,544.4944290933806,0,1008.2,82.68304041931816,10.19631198061715,45,,
2018,1,30,9,0,17.3,-57,0.2,7.9,92,822.0000000000001,790,754.7337948023975,0,1007.6,86.85195511606565,9.544921131887264,35,,
2018,1,30,10,0,17.8,-33,9,7.5,265,933.0,618,900.1757821868651,0,1006.9,77.00839774758282,7.999439178866238,27,,
2018,1,30,11,0,18.3,0,19,7,434,938.0,378,994.4251608514886,0,1006.2,61.199898342366055,8.482876109574917,24,,
2018,1,30,12,0,18.6,32,16.6,6.9,394,932.0,416,1031.974669719115,0,1005.5,55.29924784767002,8.691090935977412,27,,
2018,1,30,13,0,18.9,56,11.7,7.2,301,904.0,481,1006.1277099175164,0,1004.8,47.63736443328452,9.975834953646924,34,,
2018,1,30,14,0,19.1,72,7.3,7.6,206,854.0,485,916.1161585357492,0,1004.1,47.32102392281803,11.33457380435448,45,,
2018,1,30,15,0,18.9,84,14.6,8,215,787.0,280,773.943248837596,0,1003.7,46.80417834072057,12.32091800118567,56,,
2018,1,30,16,0,18.4,94,54.2,8.6,137,704.0,59,590.6346265080465,0,1003.4,48.45534506367022,12.585764419056996,67,,
2018,1,30,17,0,17.9,104,60.8,9.2,57,575.0000000000001,0,377.5486678823247,0,1003.1,49.53779670345296,12.937138264431832,78,,
2018,1,30,18,0,17.1,113,19.4,9.4,17,321.0,0,148.05352023140114,0,1003,51.80706934021873,11.618478250531858,89,,
2018,1,30,19,0,16.2,123,0,9.5,0,21.0,0,5.190596083669194,0,1003.1,51.17905079726489,10.899873591048763,99,,
2018,1,30,20,0,15.3,135,0,9.6,0,0.0,0,0.0,0,1003.2,49.73461408763842,9.932524488161109,107,,
2018,1,30,21,0,14.8,148,0,9.5,0,0.0,0,0.0,0,1003.1,51.28591317314067,10.6254254452292,114,,
2018,1,30,22,0,14.6,163,0,9.3,0,0.0,0,0.0,0,1002.9,52.56555456678672,9.84188400021049,119,,
2018,1,30,23,0,14.4,180,0,9.2,0,0.0,0,0.0,0,1002.6,53.59481351623003,8.07917198907586,121,,
2018,1,31,0,0,14.1,-164,0,9,0,0.0,0,0.0,0,1002.4,49.50927074452915,6.710318744453819,119,,
2018,1,31,1,0,13.8,-149,0,8.8,0,0.0,0,0.0,0,1002.2,26.71281627894644,5.884656082789813,115,,
2018,1,31,2,0,13.4,-136,0,8.6,0,0.0,0,0.0,0,1002,25.267295633413084,6.807013642914294,108,,
2018,1,31,3,0,13.3,-124,0.1,8.5,0,0.0,0,0.0,0,1002,27.758847558632,8.489729679149061,99,,
2018,1,31,4,0,13.3,-114,7.3,8.5,21,0.0,7,0.0,0,1002.2,36.94265365185231,10.65132694686209,89,,
2018,1,31,5,0,13.3,-104,4.1,8.5,49,78.0,114,16.000000000000004,0,1002.4,45.04079152059848,9.6992425445867,79,,
2018,1,31,6,0,14.2,-95,0,8.7,69,179.0,294,105.16086199046592,0,1002.3,49.37202283587584,8.301933757881624,67,,
2018,1,31,7,0,15.8,-85,0,9.2,82,418.0,483,280.6575833959394,0,1002.1,54.53353821266819,7.557833583566573,56,,
2018,1,31,8,0,17.5,-73,0,9.7,91,683.0,653,510.5650438331354,0,1001.8,63.939548734453865,8.591507251434072,45,,
2018,1,31,9,0,18.4,-57,0,9.9,98,835.0,786,721.7967495367967,0,1001.6,76.20471280025225,8.912611693689552,35,,
2018,1,31,10,0,18.9,-33,0,9.9,105,896.0,867,874.3891252548349,0,1001.3,81.05792490367662,9.092690402825491,27,,
2018,1,31,11,0,19.4,-1,0,9.9,111,903.0,892,967.1744538572976,0,1001,82.96436676298669,8.987350986025294,24,,
2018,1,31,12,0,19.5,32,1.8,9.9,145,915.0,811,1014.6527664436728,0,1000.8,85.56098641531992,8.570386477684027,27,,
2018,1,31,13,0,19.5,56,20.5,10,374,912.0,337,1002.7170950261136,0,1000.6,84.90183477023612,9.14334963432416,35,,
2018,1,31,14,0,19.4,72,12.7,10.2,267,900.0,375,935.084249805602,0,1000.5,82.58428919232131,8.529102718937859,45,,
2018,1,31,15,0,19,84,0.9,10.3,108,851.0,455,801.4072610251725,0,1000.5,81.89578797397905,8.25208889640756,56,,
2018,1,31,16,0,18.2,94,0,10.4,78,766.0,291,614.3820814079543,0,1000.6,82.06559160091871,8.602618745955958,67,,
2018,1,31,17,0,17.4,103,0,10.6,51,616.0,118,388.5202129221772,0,1000.7,81.59293198510238,8.549635450081395,78,,
2018,1,31,18,0,16.8,113,0,10.6,14,331.0,21,147.16312197652832,0,1001.1,88.65672031532017,7.998291786924822,89,,
2018,1,31,19,0,16.2,123,0,10.7,0,17.0,0,4.728634245455404,0,1001.6,91.79074915323532,6.773571756653717,99,,
2018,1,31,20,0,15.7,135,0,10.7,0,0.0,0,0.0,0,1002.1,91.79443514141268,6.759662551336526,108,,
2018,1,31,21,0,15.3,148,0,10.7,0,0.0,0,0.0,0,1002.3,94.74836335381168,6.919010633161633,115,,
2018,1,31,22,0,15,163,0,10.6,0,0.0,0,0.0,0,1002.2,95.55984093383428,6.952384866476512,119,,
2018,1,31,23,0,14.7,180,0,10.5,0,0.0,0,0.0,0,1002,90.61475127259756,6.780907885979336,121,,
2018,2,1,0,0,14.4,-164,0,10.3,0,0.0,0,0.0,0,1002.1,92.8035831542312,6.388994769126624,119,,
2018,2,1,1,0,14,-149,0,9.9,0,0.0,0,0.0,0,1002.2,89.65522165873784,6.329216154238627,115,,
2018,2,1,2,0,13.7,-135,0,9.5,0,0.0,0,0.0,0,1002.3,86.7493263013285,6.363510347835543,108,,
2018,2,1,3,0,13.4,-124,0,9.2,0,0.0,0,0.0,0,1002.6,81.52991376961245,6.95328155084169,99,,
2018,2,1,4,0,13.2,-113,0.7,8.9,16,0.0,14,0.0,0,1003,82.62015147408107,7.298741104060451,89,,
2018,2,1,5,0,13,-104,0.4,8.6,44,288.0,120,16.000000000000018,0,1003.5,80.90027597011039,7.6613629648759165,79,,
2018,2,1,6,0,13.8,-94,0,8.7,65,677.0,302,149.81312788746806,0,1003.8,82.93110552966067,7.419679015689413,68,,
2018,2,1,7,0,15.3,-84,0,9.2,76,826.0000000000001,496,359.550042836668,0,1004,88.1011419281702,5.658624861791146,56,,
2018,2,1,8,0,16.8,-72,0.3,9.7,87,873.0,662,562.7317109685603,0,1004.3,108.97875608384804,3.9614407447279367,45,,
2018,2,1,9,0,17.7,-56,14.3,9.7,317,904.0,442,742.4101207306152,0,1004.4,106.97690596528474,2.4030590946203443,35,,
2018,2,1,10,0,18.1,-33,17.9,9.2,405,890.0,404,876.5630675856321,0,1004.3,81.67971174761186,1.1961840525100644,27,,
2018,2,1,11,0,18.4,-1,5.6,8.7,197,884.0,763,962.8096012301128,0,1004.3,22.61068072442538,0.7029559885983478,24,,
2018,2,1,12,0,18.7,31,0,8.6,92,840.0,895,978.6888493862244,0,1004.3,330.82424506000496,0.6280173897491952,27,,
2018,2,1,13,0,19,55,0,8.7,91,768.0,807,927.3907047653142,0,1004.3,280.5674633931424,3.5397720972881928,35,,
2018,2,1,14,0,19.2,72,0,9,87,663.0,672,809.2566121134291,0,1004.3,273.17610056760134,5.8253542166153895,45,,
2018,2,1,15,0,19.1,84,0,9.3,79,596.0,499,671.3661221406045,0,1004.5,273.1100068237107,7.101034503608782,56,,
2018,2,1,16,0,18.6,94,0,9.7,67,481.0,308,483.5483724498783,0,1004.7,271.93921576896594,5.843923051077176,67,,
2018,2,1,17,0,18.1,103,0,10,46,362.0,125,292.7415461087697,0,1005,268.6593585772593,4.904418682498394,78,,
2018,2,1,18,0,17.3,113,0,10.1,13,165.0,23,101.02774537925046,0,1005.5,273.0427069685725,4.447676373705425,89,,
2018,2,1,19,0,16.5,123,0,10,0,8.0,0,2.791655955917736,0,1006.1,289.49449606327164,3.6615646486145,99,,
2018,2,1,20,0,15.6,135,0,9.9,0,0.0,0,0.0,0,1006.6,306.51296541634315,2.8295470924867123,108,,
2018,2,1,21,0,15.1,148,0,10,0,0.0,0,0.0,0,1007,327.76067322104905,2.433823037405932,115,,
2018,2,1,22,0,14.8,163,0,10.3,0,0.0,0,0.0,0,1007.1,327.76390452114475,1.5424439902005789,120,,
2018,2,1,23,0,14.6,180,0,10.5,0,0.0,0,0.0,0,1007.3,268.39549576243763,0.7847315080669057,121,,
2018,2,2,0,0,14.3,-164,0,10.6,0,0.0,0,0.0,0,1007.5,174.34767732823173,1.8392650074659584,120,,
2018,2,2,1,0,13.9,-149,0,10.5,0,0.0,0,0.0,0,1007.8,152.00269736164455,2.01374541480444,115,,
2018,2,2,2,0,13.6,-135,0,10.3,0,0.0,0,0.0,0,1008.1,145.62586586412203,1.956690014234684,108,,
2018,2,2,3,0,13.4,-124,0.2,10.2,0,0.0,0,0.0,0,1008.5,131.4299346527705,1.9683889936038268,100,,
2018,2,2,4,0,13.4,-113,9.8,10,20,0.0,1,0.0,0,1009.1,125.5485654198593,2.240292974901246,90,,
2018,2,2,5,0,13.4,-104,54.5,9.9,44,185.0,1,16.00000000000001,0,1009.7,123.8331829555808,2.9006062539860777,79,,
2018,2,2,6,0,14.2,-94,69.8,9.8,111,523.0,3,137.13061669397797,0,1010.2,122.63185948976376,3.772767293737107,68,,
2018,2,2,7,0,15.4,-84,35.1,9.7,232,736.0,154,342.51901826272984,0,1010.5,132.92546608824472,3.490865572406161,57,,
2018,2,2,8,0,16.7,-72,39.1,9.7,342,834.0,96,551.6268144815126,0,1010.9,149.3741339707342,3.755825707120554,46,,
2018,2,2,9,0,17.5,-56,18.5,9.5,197,826.0000000000001,538,714.4582522877452,0,1011,175.86959039346516,3.470929122891341,35,,
2018,2,2,10,0,17.9,-33,0,9.1,95,712.0,880,807.0638042187704,0,1011,205.0627650622542,3.131789994267101,28,,
2018,2,2,11,0,18.1,-1,0,8.8,93,621.0,915,845.049253155091,0,1010.9,225.1902635404042,3.0152331873484552,24,,
2018,2,2,12,0,18.3,31,0,8.7,89,585.0,892,857.933629934959,0,1010.9,249.58848594640648,3.364315046867219,27,,
2018,2,2,13,0,18.3,55,0,8.9,84,479.0,811,782.3859909767257,0,1010.9,260.111142700735,4.36712965816074,35,,
2018,2,2,14,0,18.4,71,0,9,79,302.0,677,613.2525612975576,0,1010.9,269.69579379643534,4.552310257790606,45,,
2018,2,2,15,0,18,83,0,9.1,73,203.0,503,453.35078744704987,0,1011.1,270.6252828490635,4.451925263330633,56,,
2018,2,2,16,0,17.3,93,0.9,9.3,68,188.0,302,335.8493920056213,0,1011.3,277.1555129919059,4.210035039841995,67,,
2018,2,2,17,0,16.6,103,0.5,9.5,46,110.0,122,180.0179237000731,0,1011.6,277.11292352942894,3.730368951391273,78,,
2018,2,2,18,0,15.9,112,0,9.5,13,43.0,23,57.14454130930734,0,1011.9,286.5695269176734,3.8113446048318895,89,,
2018,2,2,19,0,15.1,123,0,9.4,0,2.0,0,1.1922664815684312,0,1012.2,274.1232095842138,4.824988330817071,99,,
2018,2,2,20,0,14.2,134,0,9.3,0,0.0,0,0.0,0,1012.5,271.06340165802186,4.4726941569358605,108,,
2018,2,2,21,0,13.8,148,0,9.3,0,0.0,0,0.0,0,1012.6,272.39344341390915,3.5719637818871166,115,,
2018,2,2,22,0,13.7,163,0.6,9.5,0,0.0,0,0.0,0,1012.6,275.4220510191471,2.7930144406296025,120,,
2018,2,2,23,0,13.6,180,32.9,9.6,0,0.0,0,0.0,0,1012.5,248.63082763271169,1.9531208038285,122,,
2018,2,3,0,0,13.4,-164,51,9.8,0,0.0,0,0.0,0,1012.3,208.59012841914577,1.9218385429335976,120,,
2018,2,3,1,0,13.1,-149,51.6,9.8,0,0.0,0,0.0,0,1012.1,161.9849814375125,2.665077989181432,116,,
2018,2,3,2,0,12.8,-135,51.8,9.9,0,0.0,0,0.0,0,1011.9,165.24089646336188,3.069539727567994,109,,
2018,2,3,3,0,12.8,-123,50.8,10.1,0,0.0,0,0.0,0,1011.9,162.88994727473846,2.527641326035848,100,,
2018,2,3,4,0,13,-113,18.2,10.3,14,0.0,11,0.0,0,1012.1,141.02997417250708,1.9999761729013183,90,,
2018,2,3,5,0,13.3,-103,3.8,10.4,58,117.0,88,16.000000000000007,0,1012.3,135.69881969690266,1.925006610066348,79,,
2018,2,3,6,0,14.3,-94,40.7,10.6,132,369.0,53,125.55684589034176,0,1012.2,136.28278927055902,2.2517050534507392,68,,
2018,2,3,7,0,15.8,-84,21.8,10.7,110,524.0,358,303.9429215857912,0,1011.9,126.94129104160191,2.1944352973339587,57,,
2018,2,3,8,0,17.3,-72,0,10.8,83,691.0000000000001,661,514.9843865650964,0,1011.7,163.53536520225452,1.1878688891804696,46,,
2018,2,3,9,0,18.1,-56,0,10.8,86,768.0,801,701.5399796180931,0,1011.2,230.66363014910704,1.0688124398624703,36,,
2018,2,3,10,0,18.3,-33,0.1,10.8,89,807.0,886,835.7376265546561,0,1010.7,284.8942338003639,1.8901660456706704,28,,
2018,2,3,11,0,18.3,-1,6.4,10.7,220,752.0,723,894.7550782881528,0,1010.2,287.5068130194652,3.069417886249917,25,,
2018,2,3,12,0,18,31,10.4,10.6,295,723.0,581,915.3913629231135,0,1009.9,285.3372577807168,4.436063809425641,28,,
2018,2,3,13,0,17.5,55,10.6,10.5,278,636.0,517,855.1310840125303,0,1009.7,285.1541742163246,5.299014624277968,35,,
2018,2,3,14,0,16.9,71,3.8,10.5,153,563.0,565,753.2999085597262,0,1009.5,289.01589267285027,6.2438120249893165,45,,
2018,2,3,15,0,16.2,83,0.9,10.3,85,492.0,480,615.0609754765602,0,1009.4,295.37277399057746,6.879145313205153,56,,
2018,2,3,16,0,15.4,93,46.4,10,81,397.0,148,441.97670539678666,0,1009.5,295.3670917823262,7.666431916226082,67,,
2018,2,3,17,0,14.5,103,56.1,9.7,58,356.0,0,287.2458150311596,0,1009.5,294.15169965333774,7.934269544329583,79,,
2018,2,3,18,0,14.1,112,50.6,9.4,16,126.0,0,86.24801569001258,0,1009.5,294.19555500118906,7.251803108141063,89,,
2018,2,3,19,0,13.9,123,72,9.1,0,4.0,0,1.3728580425265209,0,1009.5,288.99578531147426,6.238926103544996,99,,
2018,2,3,20,0,13.8,134,82.3,8.8,0,0.0,0,0.0,0,1009.5,288.5347915912401,5.360825372967037,108,,
2018,2,3,21,0,13.7,148,81.7,8.7,0,0.0,0,0.0,0,1009.5,293.81369783301267,3.9804876849292223,115,,
2018,2,3,22,0,13.5,163,73.5,8.8,0,0.0,0,0.0,0,1009.5,278.28785103303176,3.009703698037934,120,,
2018,2,3,23,0,13.3,179,69.2,8.9,0,0.0,0,0.0,0,1009.5,259.82334290258484,2.771879602146736,122,,
2018,2,4,0,0,13.1,-164,69.3,8.6,0,0.0,0,0.0,0,1009.6,250.2559230232955,3.669848495651193,120,,
2018,2,4,1,0,12.8,-149,72.6,8,0,0.0,0,0.0,0,1009.7,228.1099288375303,3.296630416403385,116,,
2018,2,4,2,0,12.5,-135,58.5,7.4,0,0.0,0,0.0,0,1009.8,209.4844198362105,2.5446461127793367,109,,
2018,2,4,3,0,12.2,-123,50,6.8,0,0.0,0,0.0,0,1010.1,175.2638429498396,2.8740713858874067,100,,
2018,2,4,4,0,12,-113,18.2,6.3,12,0.0,14,0.0,0,1010.7,151.09623009807217,3.882287625118874,90,,
2018,2,4,5,0,11.9,-103,0.7,5.7,39,129.0,119,15.000000000000009,0,1011.3,137.2608583888026,4.012881822631177,79,,
2018,2,4,6,0,12.5,-94,0.4,5.4,56,432.0,308,125.39433882169529,0,1011.7,126.97752561570132,3.717096401860549,68,,
2018,2,4,7,0,13.7,-84,0,5.1,63,766.0,510,343.0303226437751,0,1011.9,146.61000227592467,2.1462424977637435,57,,
2018,2,4,8,0,15,-72,0,4.9,68,865.0,689,556.8576219625936,0,1012.1,189.5302931793184,0.6089911107540467,46,,
2018,2,4,9,0,15.8,-56,0,4.7,71,905.0,829,742.4036653699233,0,1012.1,288.21333756739665,1.4770788268902486,36,,
2018,2,4,10,0,16.2,-32,0.1,4.5,75,936.0,915,887.7521181030687,0,1012,287.1277683419103,2.710799035045812,28,,
2018,2,4,11,0,16.6,-1,5.3,4.4,187,940.0,780,982.4770532820068,0,1011.9,283.1196672047221,4.175391868657504,25,,
2018,2,4,12,0,16.9,30,3,4.5,139,932.0,822,1020.2183361930964,0,1011.8,279.48450172337857,5.287860108235571,28,,
2018,2,4,13,0,17.1,54,0,4.7,76,910.0,825,998.5520426315342,0,1011.8,283.15342674314445,6.57559210609611,35,,
2018,2,4,14,0,17.3,71,0,4.9,75,874.0,682,916.7743794380642,0,1011.8,285.51879117786905,7.319079564995178,45,,
2018,2,4,15,0,17.1,83,0.3,5.3,74,817.0000000000001,499,777.7133484651144,0,1012,284.7369408192644,7.848769739809348,56,,
2018,2,4,16,0,16.6,93,16.9,5.8,137,726.0,181,588.7917962427489,0,1012.3,282.6373869806473,6.665380354307017,68,,
2018,2,4,17,0,16.1,102,44.6,6.3,88,570.0000000000001,15,363.5349235412226,0,1012.6,286.6532983258711,3.2951947400543333,79,,
2018,2,4,18,0,15.2,112,19.9,6.7,15,282.0,0,127.10335566149983,0,1013.1,47.43664824681014,1.6729500781088178,90,,
2018,2,4,19,0,14.1,122,0,7.1,0,7.0,0,1.631416212257579,0,1013.7,70.2654864724202,6.355450391596356,100,,
2018,2,4,20,0,13,134,0,7.4,0,0.0,0,0.0,0,1014.2,144.9525842798846,5.937134109065058,108,,
2018,2,4,21,0,12.4,147,0,7.8,0,0.0,0,0.0,0,1014.5,160.5724492721847,8.079920884544112,116,,
2018,2,4,22,0,12.1,163,0,8.1,0,0.0,0,0.0,0,1014.5,173.84844718671332,7.165281639240625,120,,
2018,2,4,23,0,11.9,179,0,8.4,0,0.0,0,0.0,0,1014.4,174.6665274240172,7.067953763751733,122,,
2018,2,5,0,0,11.7,-164,0,8.5,0,0.0,0,0.0,0,1014.4,177.94710449581748,6.801728753919891,121,,
2018,2,5,1,0,11.4,-148,0,8.6,0,0.0,0,0.0,0,1014.4,170.4888220398284,6.30740865435626,116,,
2018,2,5,2,0,11.2,-135,0,8.6,0,0.0,0,0.0,0,1014.4,160.20526799202366,5.589293905388852,109,,
2018,2,5,3,0,11.3,-123,0,8.7,0,0.0,0,0.0,0,1014.7,156.03510844740913,4.729217697770083,100,,
2018,2,5,4,0,11.5,-113,0,8.7,12,0.0,11,0.0,0,1015.3,154.12525758119773,4.775902157087196,90,,
2018,2,5,5,0,11.8,-103,0.9,8.7,43,53.0,103,12.000000000000004,0,1015.8,148.04820772864753,5.256903406823163,80,,
2018,2,5,6,0,13.1,-94,0.5,8.5,65,172.0,278,94.25040427690196,0,1016.2,147.32735423994495,5.224363363303003,68,,
2018,2,5,7,0,15,-83,0,8.3,76,524.0,469,290.3461348522844,0,1016.6,154.50425598951563,4.08371888825213,57,,
2018,2,5,8,0,17.1,-71,0,8.1,85,704.0,641,501.65646606560426,0,1016.9,162.72423251603277,3.625471840766596,46,,
2018,2,5,9,0,18.1,-55,0,7.8,92,886.0,776,727.930686674341,0,1016.8,177.64431080999964,3.0411442390738674,36,,
2018,2,5,10,0,18.5,-32,0,7.5,98,921.0,861,880.9417405986788,0,1016.6,203.24600442973752,2.7891727073116974,28,,
2018,2,5,11,0,18.7,-1,0,7.2,102,921.0,891,973.0450958028604,0,1016.4,228.33098908115144,2.9146617140375235,25,,
2018,2,5,12,0,19,30,0,7.4,104,907.0,861,1007.6354299936922,0,1016.1,240.47640850059744,3.5517623267828147,28,,
2018,2,5,13,0,19.3,54,0,7.8,102,880.0,776,981.61546773686,0,1015.8,253.4474057424963,5.180252999438466,36,,
2018,2,5,14,0,19.6,70,0,8.3,96,829.0000000000001,643,891.6697113136994,0,1015.5,253.6548474627196,6.046627739476436,45,,
2018,2,5,15,0,19.4,82,0,8.9,86,772.0,474,753.9427513974854,0,1015.5,255.31567785286225,5.973177146775799,56,,
2018,2,5,16,0,18.9,93,0,9.6,70,654.0,288,555.4064152734215,0,1015.6,257.62519780561246,5.42836536255229,68,,
2018,2,5,17,0,18.4,102,0,10.4,45,518.0,114,342.31440394226433,0,1015.7,258.0261048232196,5.189573723738064,79,,
2018,2,5,18,0,17.4,112,0,10.6,12,224.0,20,110.39397402257164,0,1015.9,262.62219785663353,4.488823183175382,90,,
2018,2,5,19,0,16.1,122,0,10.6,0,5.0,0,1.4354916085562193,0,1016.2,261.2181360906273,3.3661220218965844,100,,
2018,2,5,20,0,14.8,134,0,10.6,0,0.0,0,0.0,0,1016.4,234.0417794114793,2.513355273721012,109,,
2018,2,5,21,0,13.9,147,0,10.6,0,0.0,0,0.0,0,1016.5,217.47934760224783,4.2049253784162826,116,,
2018,2,5,22,0,13.3,163,0,10.7,0,0.0,0,0.0,0,1016.5,204.10669686846168,5.948742637693847,121,,
2018,2,5,23,0,12.8,179,0,10.8,0,0.0,0,0.0,0,1016.5,201.2879982783816,6.587416698826701,122,,
2018,2,6,0,0,12.4,-164,0,10.7,0,0.0,0,0.0,0,1016.5,192.1801282883655,6.957897875536374,121,,
2018,2,6,1,0,12.3,-148,0,10.6,0,0.0,0,0.0,0,1016.6,186.423591657187,6.075250176195968,116,,
2018,2,6,2,0,12.2,-135,0,10.5,0,0.0,0,0.0,0,1016.7,181.41100071635412,5.7505229681030805,109,,
2018,2,6,3,0,12.5,-123,0,10.8,0,0.0,0,0.0,0,1016.9,175.64584668247346,5.225531032946078,101,,
2018,2,6,4,0,13.2,-112,0,11.3,11,0.0,10,0.0,0,1017.3,170.73984219963506,4.709321790368013,91,,
2018,2,6,5,0,14,-103,0.8,11.9,43,43.0,101,11.000000000000002,0,1017.6,163.1984022714912,4.699389479176371,80,,
2018,2,6,6,0,15.6,-93,0.5,12.3,65,168.0,278,92.25676922838932,0,1017.8,160.28006121834335,4.355017292248965,69,,
2018,2,6,7,0,17.7,-83,0,12.5,77,399.0,471,262.8183577592702,0,1017.9,164.69700970619476,3.3828841944050394,57,,
2018,2,6,8,0,20,-71,0,12.7,85,562.0,646,458.1886857661699,0,1018,180.54250644572892,3.635661019508656,46,,
2018,2,6,9,0,21,-55,0,12.6,91,753.0,783,675.6014186024677,0,1017.7,204.0892687414652,3.887377329482416,36,,
2018,2,6,10,0,21.3,-32,0,12.3,95,647.0,871,761.5918246187464,0,1017.1,224.22940654266287,4.56967654245875,29,,
2018,2,6,11,0,21.4,-1,0,11.9,96,551.0,902,793.7179949316733,0,1016.5,237.2880889457292,4.902552383664325,26,,
2018,2,6,12,0,21.5,30,0,11.8,97,593.0,873,845.8965557869994,0,1015.9,242.732242650239,5.457267925397455,28,,
2018,2,6,13,0,21.6,53,0,12,94,590.0,788,828.747265029826,0,1015.3,250.3636178225645,5.88030351021718,36,,
2018,2,6,14,0,21.7,70,0,12.2,88,592.0,654,768.163135400473,0,1014.7,250.3047719434732,5.749695199683139,46,,
2018,2,6,15,0,21.2,82,0,12.5,79,619.0,484,678.1564242696682,0,1014.3,253.5225613451701,5.424433519522656,57,,
2018,2,6,16,0,20.4,92,0,12.8,65,618.0,294,540.5414286553366,0,1014,255.84827262295204,4.759179180522683,68,,
2018,2,6,17,0,19.6,102,0,13.2,43,457.0,116,320.24119217518523,0,1013.7,255.0222547498998,4.25945563152565,79,,
2018,2,6,18,0,18.6,112,0,13.2,12,193.0,20,101.3224959580348,0,1013.6,251.39750276296363,3.7225633271379217,90,,
2018,2,6,19,0,17.4,122,0,12.9,0,3.0,0,1.2517129701422585,0,1013.6,238.6090212038925,1.9934333795007653,100,,
2018,2,6,20,0,16.3,134,0,12.5,0,0.0,0,0.0,0,1013.6,204.73402948527405,2.0912672667124004,109,,
2018,2,6,21,0,15.9,147,0,12.5,0,0.0,0,0.0,0,1013.3,201.3453821764112,2.2214780477048337,116,,
2018,2,6,22,0,15.9,163,0,12.7,0,0.0,0,0.0,0,1012.8,194.6748180282221,3.272776243296214,121,,
2018,2,6,23,0,16,179,0,13,0,0.0,0,0.0,0,1012.3,182.2998130098324,4.131012970073159,123,,
2018,2,7,0,0,16.1,-164,0,13.2,0,0.0,0,0.0,0,1011.7,182.5079639822916,5.44540143043001,121,,
2018,2,7,1,0,16.1,-148,0,13.5,0,0.0,0,0.0,0,1011.1,176.21232297054917,5.639760339460707,117,,
2018,2,7,2,0,16.1,-135,0,13.8,0,0.0,0,0.0,0,1010.5,169.27833742447467,5.307002308313282,110,,
2018,2,7,3,0,16.4,-123,0,14.1,0,0.0,0,0.0,0,1010.1,162.959174843165,5.715022602528876,101,,
2018,2,7,4,0,16.9,-112,0.7,14.4,12,0.0,4,0.0,0,1009.9,157.42822676540186,6.443793586006348,91,,
2018,2,7,5,0,17.4,-103,34.1,14.7,64,19.0,2,9.000000000000002,0,1009.7,152.72654172948478,7.170705317603782,80,,
2018,2,7,6,0,18.6,-93,38,15.1,195,50.0,14,64.35709785656425,0,1009.5,152.20282240771405,7.672207710525701,69,,
2018,2,7,7,0,20.2,-83,37.5,15.5,307,395.0,11,262.3374314923654,0,1009.3,147.23400415505728,7.129217443075417,58,,
2018,2,7,8,0,22,-71,28.4,15.8,374,687.0,129,497.4251253085632,0,1009,160.11440321188218,6.483511892579498,47,,
2018,2,7,9,0,23,-55,25.6,15.8,482,856.0,130,718.2037645173743,0,1008.6,178.04723983758151,6.326427905609919,37,,
2018,2,7,10,0,23.5,-32,24.4,15.6,524,870.0,164,864.6650201047814,0,1008.1,196.3122351963341,5.871613749142826,29,,
2018,2,7,11,0,24,-1,15.3,15.3,418,871.0,380,955.1841331375972,0,1007.5,212.85934094828588,6.290942490397452,26,,
2018,2,7,12,0,24.3,30,53.7,15.2,260,862.0,173,991.1418795700948,0,1006.9,226.36396062333125,7.114688359142089,29,,
2018,2,7,13,0,24.4,53,85.9,15.2,122,839.0,0,966.9584514602802,0,1006.4,232.0710468465161,7.478914299552823,36,,
2018,2,7,14,0,24.5,70,88.9,15.3,71,802.0,5,883.0690411279552,0,1005.8,234.61027644009445,7.572497470820028,46,,
2018,2,7,15,0,24,82,32.5,15.5,92,739.0,228,741.5351173768702,0,1005.5,233.470223428474,7.68260606585772,57,,
2018,2,7,16,0,23,92,40.5,15.9,101,620.0,128,542.1657253044943,0,1005.5,232.14193476736205,7.106525646624273,68,,
2018,2,7,17,0,21.9,102,46.6,16.2,66,433.0,0,311.1370802751202,0,1005.5,230.32799780660977,7.321253712988431,79,,
2018,2,7,18,0,20.6,111,13.5,16.3,17,133.0,0,83.64739590433709,0,1005.6,226.1336700739467,7.556265933364717,90,,
2018,2,7,19,0,19.1,122,0,16.1,0,2.0,0,1.1612445857388634,0,1005.8,221.3735882786961,6.9489466510442535,100,,
2018,2,7,20,0,17.7,133,0,16,0,0.0,0,0.0,0,1006,211.16822741037063,8.236255250119452,109,,
2018,2,7,21,0,16.9,147,0,15.7,0,0.0,0,0.0,0,1006.1,198.6266391097712,8.030500829762286,116,,
2018,2,7,22,0,16.5,162,0,15.3,0,0.0,0,0.0,0,1006,186.55857893665112,7.045129597908797,121,,
2018,2,7,23,0,16.2,179,0,14.8,0,0.0,0,0.0,0,1005.9,173.9433823999981,6.950908521919299,123,,
2018,2,8,0,0,15.9,-164,0,14.4,0,0.0,0,0.0,0,1005.9,160.51244615368046,6.694797602899615,121,,
2018,2,8,1,0,15.7,-148,0,13.9,0,0.0,0,0.0,0,1006,161.50448860237384,6.208366701710611,117,,
2018,2,8,2,0,15.4,-134,0,13.4,0,0.0,0,0.0,0,1006.1,158.79981114668954,5.685827349890212,110,,
2018,2,8,3,0,15.4,-123,0,13.1,0,0.0,0,0.0,0,1006.4,149.8359729333876,5.480658948647222,101,,
2018,2,8,4,0,15.4,-112,0,12.9,11,0.0,6,0.0,0,1006.9,136.1151914239896,5.8808379944127935,91,,
2018,2,8,5,0,15.5,-102,1,12.7,48,17.0,84,9.000000000000002,0,1007.5,127.96572722621852,6.178620261956953,80,,
2018,2,8,6,0,16.1,-93,0.5,12.6,76,66.0,250,70.5086598865686,0,1008,127.4653934820284,5.900806986852272,69,,
2018,2,8,7,0,17.1,-83,0,12.6,87,52.0,445,140.08114186774995,0,1008.5,103.33459881180572,4.767698368492434,58,,
2018,2,8,8,0,18.1,-70,0,12.6,90,34.0,625,189.40261891585556,0,1009.1,101.9419945164214,4.943662714760338,47,,
2018,2,8,9,0,18.6,-54,0,12.4,91,42.0,770,270.89120601775693,0,1009.5,111.91270280811192,5.998297156649421,37,,
2018,2,8,10,0,18.6,-32,0,11.9,89,21.0,869,276.74536055007195,0,1009.9,97.61042386943824,5.740506877317247,29,,
2018,2,8,11,0,18.6,-1,0,11.4,86,34.0,910,362.6903656838656,0,1010.2,101.68574166269696,4.817876524867562,26,,
2018,2,8,12,0,18.4,29,0,10.7,82,37.0,890,384.0106332195825,0,1010.7,53.282763347384105,2.693906046691076,29,,
2018,2,8,13,0,18.2,53,0,9.9,78,103.0,809,502.8241485089485,0,1011.2,12.89151115669705,6.2538236604249136,36,,
2018,2,8,14,0,17.9,69,0,9.1,74,169.0,676,522.2670313132894,0,1011.7,20.432012498542463,6.613068907878126,46,,
2018,2,8,15,0,17.4,82,0,8.5,68,59.0,500,312.0444913423623,0,1012.2,9.3780059802952,6.027581408618206,57,,
2018,2,8,16,0,16.7,92,0,8.2,58,65.0,303,236.78618979718053,0,1012.8,353.3024949188573,4.439967510398782,68,,
2018,2,8,17,0,16,101,0,7.9,39,151.0,118,200.6101920576275,0,1013.3,31.19632376138003,4.744972843880319,79,,
2018,2,8,18,0,15.3,111,0,7.8,11,7.0,19,25.85396898911718,0,1013.9,43.6190618303533,7.750732733327896,90,,
2018,2,8,19,0,14.6,121,0,7.8,0,0.0,0,0.0,0,1014.5,42.305282068424106,8.309579526228374,100,,
2018,2,8,20,0,13.9,133,0,7.8,0,0.0,0,0.0,0,1015.1,50.47899263474585,9.302387920674278,109,,
2018,2,8,21,0,13.6,147,0,7.9,0,0.0,0,0.0,0,1015.4,56.63294725894059,9.128186401139782,117,,
2018,2,8,22,0,13.6,162,0,8.2,0,0.0,0,0.0,0,1015.6,68.92119538856298,8.196136044124149,122,,
2018,2,8,23,0,13.6,179,0,8.4,0,0.0,0,0.0,0,1015.8,87.95829124454065,7.01715010142718,123,,
2018,2,9,0,0,13.6,-164,0,8.8,0,0.0,0,0.0,0,1016,112.80087460125289,5.795927360995978,122,,
2018,2,9,1,0,13.5,-148,0,9.3,0,0.0,0,0.0,0,1016.1,143.3307103436723,3.821165999729954,117,,
2018,2,9,2,0,13.4,-134,0,9.9,0,0.0,0,0.0,0,1016.2,176.34512523128706,4.143926240156425,110,,
2018,2,9,3,0,13.5,-122,0.6,10.4,0,0.0,0,0.0,0,1016.6,163.87206438864314,3.599931467582804,101,,
2018,2,9,4,0,13.7,-112,33.8,10.9,6,0.0,0,0.0,0,1017.2,162.15351095381197,2.9467249754240146,91,,
2018,2,9,5,0,14,-102,63.5,11.5,36,60.0,0,12.000000000000004,0,1017.8,187.180792548963,2.5507682577973587,80,,
2018,2,9,6,0,14.7,-93,73.9,12,77,315.0,0,110.13187671056872,0,1018.2,189.76828090729367,2.1872280633017964,69,,
2018,2,9,7,0,15.9,-82,66.7,12.4,176,417.0,0,274.4636781020442,0,1018.5,210.26067544807435,1.9005701621265985,58,,
2018,2,9,8,0,17.1,-70,63.5,12.7,251,460.0,0,442.9066714930317,0,1018.8,205.5239308633604,1.7966846199353597,47,,
2018,2,9,9,0,17.7,-54,57.8,12.9,356,585.0,1,632.8940007549903,0,1018.9,214.51867366740805,1.3484985594114105,37,,
2018,2,9,10,0,17.8,-31,39.1,12.9,504,566.0000000000001,66,713.8229074638541,0,1018.8,241.90553928779067,1.460406242511168,30,,
2018,2,9,11,0,18,-1,21.7,12.8,465,578.0,290,796.2483807900651,0,1018.7,248.8879887351767,2.776971955771461,26,,
2018,2,9,12,0,18.1,29,6.1,12.7,225,650.0,654,865.3102458685091,0,1018.5,254.01609318857905,4.540277400564092,29,,
2018,2,9,13,0,18.4,52,7.6,12.4,231,785.0,558,922.909002282262,0,1018.4,261.3966358698061,6.107049040703189,36,,
2018,2,9,14,0,18.6,69,23.2,12.1,358,763.0,196,849.4106233284898,0,1018.2,261.5815015888155,5.384679445636281,46,,
2018,2,9,15,0,18.4,81,21.2,11.9,288,751.0,127,735.6817301739891,0,1018.1,254.0195708280517,5.045821874239589,57,,
2018,2,9,16,0,18,92,6.2,11.8,130,642.0,175,541.181418891823,0,1018,251.24172435295225,5.335656467258713,68,,
2018,2,9,17,0,17.6,101,13.5,11.7,62,440.0,66,305.6866664661215,0,1017.9,251.82410040990024,5.054446042173505,80,,
2018,2,9,18,0,17.1,111,7.5,11.6,20,197.0,0,96.53218376357536,0,1018,251.11882549635152,4.679015810338715,90,,
2018,2,9,19,0,16.4,121,0,11.4,0,0.0,0,0.0,0,1018.2,246.26335448827112,2.829977166670087,101,,
2018,2,9,20,0,15.7,133,0,11.1,0,0.0,0,0.0,0,1018.4,228.09267024038965,3.462200717868084,110,,
2018,2,9,21,0,15.4,147,0,11,0,0.0,0,0.0,0,1018.2,212.1645402681177,3.260696488500334,117,,
2018,2,9,22,0,15.3,162,0,11,0,0.0,0,0.0,0,1017.8,187.8207862440527,3.364054290860689,122,,
2018,2,9,23,0,15.2,179,0,11,0,0.0,0,0.0,0,1017.3,170.29517665162075,3.6699512799248777,124,,
2018,2,10,0,0,15.2,-164,0,11,0,0.0,0,0.0,0,1017,168.41102272424155,4.3945186699581225,122,,
2018,2,10,1,0,15.2,-148,0,11,0,0.0,0,0.0,0,1016.7,195.6523425469593,4.589633290761649,118,,
2018,2,10,2,0,15.1,-134,0,11,0,0.0,0,0.0,0,1016.4,208.31195899032733,4.566517941925746,110,,
2018,2,10,3,0,15.3,-122,0,11.1,0,0.0,0,0.0,0,1016.3,213.19425393963152,5.148774826275196,102,,
2018,2,10,4,0,15.5,-112,0.4,11.3,10,0.0,2,0.0,0,1016.4,225.2682242403484,5.199605106297271,91,,
2018,2,10,5,0,15.8,-102,20,11.5,83,43.0,3,10.000000000000002,0,1016.5,229.4278425298409,4.894785375916452,81,,
2018,2,10,6,0,16.6,-92,19.3,11.8,160,214.0,99,91.28581585764545,0,1016.5,223.21080209674332,4.334868771921824,70,,
2018,2,10,7,0,17.8,-82,26.1,12.1,307,438.0,61,262.54142650448387,0,1016.4,208.67956849588165,3.941570055518927,58,,
2018,2,10,8,0,19.1,-70,32.2,12.5,434,539.0,35,442.6959691896453,0,1016.3,210.5840638442025,3.847790904520864,47,,
2018,2,10,9,0,19.9,-54,31.2,12.8,512,594.0,58,607.6414830456997,0,1016,231.4621438100457,5.015797098124711,37,,
2018,2,10,10,0,20.4,-31,28.8,13,539,732.0,115,793.7999375342237,0,1015.5,235.73044439237924,5.550197465923507,30,,
2018,2,10,11,0,20.9,-1,51.8,13.2,405,737.0,52,880.0797388764564,0,1015,238.31163161112065,5.949458562634998,27,,
2018,2,10,12,0,21.2,29,61.6,13.5,354,720.0,0,907.7714149646694,0,1014.6,237.8667740596232,6.228253535788039,29,,
2018,2,10,13,0,21.4,52,61.9,13.7,320,668.0,0,866.2155156791928,0,1014.2,246.841606113664,7.311038833114829,37,,
2018,2,10,14,0,21.6,69,65,13.9,246,559.0,0,744.7559216289026,0,1013.9,245.92390273087057,6.350834184206148,46,,
2018,2,10,15,0,21.3,81,70.3,14.3,158,87.0,0,330.48733414071023,0,1013.7,248.49751021349456,5.978600806421103,57,,
2018,2,10,16,0,20.7,91,67.3,14.6,100,105.0,0,260.6771188793928,0,1013.5,251.3544463452829,6.028055308499268,69,,
2018,2,10,17,0,20,101,53.3,15,52,194.0,0,208.67858979813377,0,1013.4,272.60729064417154,4.567228042626182,80,,
2018,2,10,18,0,19.4,111,17,15.2,12,16.0,0,32.13157169046632,0,1013.3,304.4818781836737,2.974213772351985,91,,
2018,2,10,19,0,18.7,121,0,15.3,0,0.0,0,0.0,0,1013.2,341.69688762793646,3.9927721360653305,101,,
2018,2,10,20,0,18.1,133,0,15.5,0,0.0,0,0.0,0,1013.2,0.3850662818394426,6.647855210944188,110,,
2018,2,10,21,0,17.6,146,0,15.7,0,0.0,0,0.0,0,1012.8,357.3738811389306,8.493539167430303,117,,
2018,2,10,22,0,17.4,162,0,15.9,0,0.0,0,0.0,0,1012.1,6.413471838783948,9.317344103297856,122,,
2018,2,10,23,0,17.1,179,0,16.1,0,0.0,0,0.0,0,1011.4,29.91359525626541,9.821074101937674,124,,
2018,2,11,0,0,17,-164,0.6,16.3,0,0.0,0,0.0,0,1010.8,41.85922686572985,9.285574477120493,122,,
2018,2,11,1,0,17,-148,32.8,16.4,0,0.0,0,0.0,0,1010.2,39.23419060127458,8.413216579350586,118,,
2018,2,11,2,0,17,-134,18.4,16.6,0,0.0,0,0.0,0,1009.7,33.023333135791574,7.681072855242203,111,,
2018,2,11,3,0,17.1,-122,0,16.8,0,0.0,0,0.0,0,1009.4,30.58209254562729,7.831830828378269,102,,
2018,2,11,4,0,17.4,-111,0.8,16.9,8,0.0,1,0.0,0,1009.2,30.419109419281146,9.179357313345706,92,,
2018,2,11,5,0,17.7,-102,42.2,17.1,42,61.0,1,10.000000000000004,0,1008.9,27.81886584349411,8.672189741179373,81,,
2018,2,11,6,0,18.5,-92,71,17.3,84,284.0,0,97.5673256648832,0,1008.8,35.0680264280702,8.759849025707787,70,,
2018,2,11,7,0,19.7,-82,66.7,17.4,174,512.0,0,277.2620802076227,0,1008.7,41.37704423038565,8.324277654732095,58,,
2018,2,11,8,0,20.9,-70,57.9,17.5,291,766.0,0,510.5741140980292,0,1008.6,52.63494715374446,8.62771475955462,48,,
2018,2,11,9,0,21.5,-54,54.8,17.2,372,846.0,0,705.9434890804838,0,1008.5,59.182537241337,8.756672610608938,38,,
2018,2,11,10,0,21.5,-31,55.4,16.6,405,957.0,1,875.5724519197468,0,1008.4,59.3907637269167,8.810406030278804,30,,
2018,2,11,11,0,21.5,-1,40.4,15.9,518,964.0,44,973.886862588442,0,1008.3,64.85139809723461,9.412486017958956,27,,
2018,2,11,12,0,21.2,28,59.6,15.4,348,956.0,25,1013.679971406312,0,1008.3,63.59680087690606,9.276225261524164,30,,
2018,2,11,13,0,20.5,52,65.2,14.9,281,933.0,0,990.7523008261164,0,1008.5,65.81178718233627,10.067473325767446,37,,
2018,2,11,14,0,19.9,68,73.6,14.4,186,895.0,1,907.5532216218749,0,1008.6,65.50978897994884,10.461459094854703,47,,
2018,2,11,15,0,19.1,81,44.2,14,213,837.0,43,767.0968909977553,0,1009.1,63.778163058921336,10.097753176786563,58,,
2018,2,11,16,0,18.2,91,58.3,13.7,131,744.0,24,575.9977245563736,0,1009.7,59.60217221051949,10.546756325513249,69,,
2018,2,11,17,0,17.3,101,70.2,13.4,32,578.0,0,345.424051832166,0,1010.3,63.09200003429828,9.667782513915094,80,,
2018,2,11,18,0,16.5,110,23.7,12.9,8,262.0,0,106.74962599695785,0,1010.8,64.43143039284024,8.54453495915313,91,,
2018,2,11,19,0,15.8,121,0,12.3,0,0.0,0,0.0,0,1011.3,54.80910597493778,8.585766253442744,101,,
2018,2,11,20,0,15.2,133,0,11.6,0,0.0,0,0.0,0,1011.7,53.21167153103693,9.740586042892296,110,,
2018,2,11,21,0,14.7,146,0,11.1,0,0.0,0,0.0,0,1012.2,65.04124820687366,10.450299909043444,117,,
2018,2,11,22,0,14.3,162,0,10.6,0,0.0,0,0.0,0,1012.6,66.73223757654085,8.921919573724304,122,,
2018,2,11,23,0,14,179,0,10.2,0,0.0,0,0.0,0,1013.1,69.29461442361622,9.044373942339467,124,,
2018,2,12,0,0,13.7,-164,0,9.6,0,0.0,0,0.0,0,1013.5,70.61420130343737,9.14183168515875,123,,
2018,2,12,1,0,13.4,-148,0,8.9,0,0.0,0,0.0,0,1014,56.53327418455456,8.372772835192734,118,,
2018,2,12,2,0,13.1,-134,0,8.1,0,0.0,0,0.0,0,1014.5,56.51558377010815,9.319388974552602,111,,
2018,2,12,3,0,12.9,-122,0,7.6,0,0.0,0,0.0,0,1015.2,59.27061373058712,9.95943658329118,102,,
2018,2,12,4,0,12.8,-111,0,7.2,6,0.0,6,0.0,0,1015.9,59.68067406432891,9.366274199770796,92,,
2018,2,12,5,0,12.7,-101,0.8,6.7,32,61.0,102,9.000000000000004,0,1016.6,54.5222799619574,7.566686689056955,81,,
2018,2,12,6,0,13.7,-92,1.7,6.6,61,338.0,271,95.23436877397324,0,1017,37.84477712737606,6.132918985013353,70,,
2018,2,12,7,0,15.4,-81,24.2,6.6,263,628.0,135,287.2406892641524,0,1017.2,36.33446709057796,4.598101164131352,59,,
2018,2,12,8,0,17.2,-69,48.5,6.6,359,772.0,10,498.71217424836993,0,1017.3,28.013297635289405,4.782214753048917,48,,
2018,2,12,9,0,18.2,-53,36.5,7.1,422,795.0,139,668.5506854714802,0,1017.2,23.98002622080673,6.236000618726309,38,,
2018,2,12,10,0,18.7,-31,49.9,8,396,732.0,78,774.6665470252917,0,1017,26.26473945559428,6.520061990152148,30,,
2018,2,12,11,0,19.1,-1,80.2,8.8,194,706.0,0,845.2945682589598,0,1016.8,24.568143431418378,6.730415631846806,27,,
2018,2,12,12,0,19.3,28,64.3,9.4,332,768.0,0,912.3513783176788,0,1016.7,15.61739191239326,6.590229206310418,30,,
2018,2,12,13,0,19.4,51,49,9.7,435,702.0000000000001,0,864.7022423951561,0,1016.6,13.334087484235738,7.421756626992135,37,,
2018,2,12,14,0,19.5,68,45.4,10,386,773.0,0,840.6935689023891,0,1016.5,17.423209204329567,8.093249261308522,47,,
2018,2,12,15,0,19.2,80,39,10.4,320,761.0,0,727.8047815869448,0,1016.5,19.766006092445707,7.607654843172675,58,,
2018,2,12,16,0,18.5,91,48.8,10.7,175,668.0,0,541.0978849177527,0,1016.7,31.74924459900751,8.023379068431161,69,,
2018,2,12,17,0,17.8,100,38.7,11.1,66,509.0,0,319.4997398290181,0,1016.9,36.95305499811241,8.646200512745391,80,,
2018,2,12,18,0,17.1,110,10.5,11.2,15,212.0,0,93.25968409916996,0,1017.2,34.92161788357515,7.617782569529442,91,,
2018,2,12,19,0,16.4,121,0,11.2,0,0.0,0,0.0,0,1017.5,33.37562047449467,6.835266097748457,101,,
2018,2,12,20,0,15.6,132,0,11.1,0,0.0,0,0.0,0,1017.8,40.757764594029766,7.631282883494369,110,,
2018,2,12,21,0,15.2,146,0,10.9,0,0.0,0,0.0,0,1017.7,49.151384263042985,8.036458578911162,118,,
2018,2,12,22,0,14.9,162,0,10.5,0,0.0,0,0.0,0,1017.4,42.28323166927629,8.085573079471116,123,,
2018,2,12,23,0,14.7,179,0,10.1,0,0.0,0,0.0,0,1017,32.57120115451272,7.337634133147825,125,,
2018,2,13,0,0,14.6,-163,0,9.8,0,0.0,0,0.0,0,1016.6,36.47484433960125,6.451471712707482,123,,
2018,2,13,1,0,14.5,-147,0,9.7,0,0.0,0,0.0,0,1016.3,54.870042450208985,4.901625190749841,118,,
2018,2,13,2,0,14.4,-134,0,9.6,0,0.0,0,0.0,0,1016,82.21970389107935,4.7051789750771045,111,,
2018,2,13,3,0,14.5,-121,0,9.7,0,0.0,0,0.0,0,1016.1,109.8486971818872,4.934763385401085,102,,
2018,2,13,4,0,14.6,-111,0.8,9.9,6,0.0,0,0.0,0,1016.4,125.58904048882788,4.812188732930609,92,,
2018,2,13,5,0,14.9,-101,42.9,10.1,38,54.0,0,8.000000000000004,0,1016.7,131.404225145579,5.268442571682715,81,,
2018,2,13,6,0,15.6,-92,43.5,10.4,177,334.0,1,92.73190879216776,0,1016.8,138.7990029125749,4.976565146932093,70,,
2018,2,13,7,0,16.8,-81,25.7,10.7,307,660.0,54,291.1249284443012,0,1016.7,133.47358049928914,3.933814223474041,59,,
2018,2,13,8,0,18.1,-69,34.9,11.1,392,808.0,30,507.90290359986346,0,1016.5,135.08158210627573,3.152290750315626,48,,
2018,2,13,9,0,18.8,-53,43.6,11.4,447,886.0,0,703.8510942153723,0,1016.2,161.3931685464321,2.1103048465047114,38,,
2018,2,13,10,0,19.1,-30,38.1,11.8,545,905.0,0,859.8480719706888,0,1015.6,295.9590456528665,1.197477013998481,31,,
2018,2,13,11,0,19.3,-1,43.2,12.1,516,912.0,0,956.444586027582,0,1015,313.86275656104,3.2269829667755685,28,,
2018,2,13,12,0,19.5,28,53.6,12.4,412,895.0,0,989.9545838794296,0,1014.5,307.84143139619965,5.557927899346327,30,,
2018,2,13,13,0,19.7,51,47.1,12.7,419,860.0,1,959.6306269362492,0,1014.1,307.777364650167,7.4023932744687,37,,
2018,2,13,14,0,19.8,68,32.6,12.9,415,791.0,28,858.4563787260464,0,1013.8,313.2717998610356,7.744926533981664,47,,
2018,2,13,15,0,19.6,80,35.5,13.1,308,731.0,15,718.5928425940302,0,1013.6,314.0256798486506,8.53813325828922,58,,
2018,2,13,16,0,19,90,48.7,13.2,159,625.0,0,525.3203466698008,0,1013.6,312.74077560823804,9.97595735176854,69,,
2018,2,13,17,0,18.4,100,56.7,13.2,51,433.0,0,293.9663727866762,0,1013.7,310.9554154014801,10.064393765677746,80,,
2018,2,13,18,0,17.8,110,32.2,13.5,7,81.0,0,57.05511523725009,0,1013.8,310.0370442902632,9.029612069277777,91,,
2018,2,13,19,0,17.1,120,59.4,13.9,0,0.0,0,0.0,0,1013.9,307.50153946585607,7.73347774657152,102,,
2018,2,13,20,0,16.5,132,83.1,14.3,0,0.0,0,0.0,0,1014,307.5033577541476,6.249405379619707,111,,
2018,2,13,21,0,16.3,146,83.1,14.3,0,0.0,0,0.0,0,1013.8,294.52385323210905,5.14370895336919,118,,
2018,2,13,22,0,16.4,162,83.1,14,0,0.0,0,0.0,0,1013.4,278.91000952907586,5.179691757729738,123,,
2018,2,13,23,0,16.5,179,83.1,13.6,0,0.0,0,0.0,0,1012.9,259.5307950529107,4.871874987520875,125,,
2018,2,14,0,0,16.6,-163,83.2,13.6,0,0.0,0,0.0,0,1012.5,254.15741527902,5.84963780875452,123,,
2018,2,14,1,0,16.6,-147,89.6,13.7,0,0.0,0,0.0,0,1012.2,241.06216894233964,6.271280495065927,119,,
2018,2,14,2,0,16.5,-133,93.2,13.9,0,0.0,0,0.0,0,1012,239.3809726460272,6.986851536886879,112,,
2018,2,14,3,0,16.4,-121,94.7,14.2,0,0.0,0,0.0,0,1011.9,241.0086717246764,8.11640728898996,103,,
2018,2,14,4,0,16.3,-111,96.9,14.4,0,0.0,0,0.0,0,1011.9,228.46577127516068,8.398615284302178,92,,
2018,2,14,5,0,16.2,-101,86.5,14.7,18,13.0,0,6.000000000000001,0,1012,229.7457606620428,8.774140004594454,82,,
2018,2,14,6,0,16.5,-91,84.7,15,38,162.0,0,78.94625808986079,0,1011.8,257.1372860936613,11.57337819863576,70,,
2018,2,14,7,0,17.2,-81,89.5,15.5,47,122.0,0,171.46092002582836,0,1011.2,281.39055621413524,14.83541508016465,59,,
2018,2,14,8,0,17.9,-69,91.8,16,52,50.0,0,205.67333772374573,0,1010.7,318.9614767114724,19.6133141394854,48,,
2018,2,14,9,0,18.5,-53,94.1,16.1,46,37.0,0,250.1384202649094,0,1010.1,339.7333081092144,15.226087289737348,38,,
2018,2,14,10,0,18.9,-30,92.1,16,71,537.0,0,719.5349304436804,0,1009.4,355.49092973733696,16.564452218216612,31,,
2018,2,14,11,0,19.3,-1,80.9,15.9,178,72.0,0,447.5973520365749,0,1008.8,13.799548809907378,18.791164494745413,28,,
2018,2,14,12,0,19.5,28,71.3,15.9,258,26.0,0,335.7899163831619,0,1008.4,11.85963789822688,20.356652173633464,31,,
2018,2,14,13,0,19.7,51,75.8,15.9,201,178.0,0,575.9054042028354,0,1008.2,6.043094861252882,20.51193417501572,38,,
2018,2,14,14,0,19.9,67,85.7,16,100,221.0,0,552.4980836876226,0,1008.1,8.152979742937873,19.97483593995107,47,,
2018,2,14,15,0,19.8,80,70.6,16.1,136,312.0,0,516.6573402038498,0,1008,7.641356105375962,18.87809006868189,58,,
2018,2,14,16,0,19.4,90,55.5,16.3,134,337.0,0,405.2090931363433,0,1008,7.486226839959841,18.493080360959244,69,,
2018,2,14,17,0,19.1,100,19.8,16.5,57,239.0,20,226.37101857460436,0,1008,7.27721699904265,17.35020704613088,81,,
2018,2,14,18,0,18.8,110,33.6,16.6,10,73.0,11,55.80298677367024,0,1008.2,6.567006664580958,15.814209623230038,92,,
2018,2,14,19,0,18.5,120,52,16.7,0,0.0,0,0.0,0,1008.6,358.065328933763,12.655407321803692,102,,
2018,2,14,20,0,18.2,132,51.4,16.8,0,0.0,0,0.0,0,1009,355.05810391013443,11.489243652231266,111,,
2018,2,14,21,0,18,146,50.8,16.8,0,0.0,0,0.0,0,1008.9,350.0410532623111,10.923631335865776,118,,
2018,2,14,22,0,17.9,162,18.3,16.7,0,0.0,0,0.0,0,1008.5,351.4517173907521,10.700661240627676,123,,
2018,2,14,23,0,17.7,179,0,16.7,0,0.0,0,0.0,0,1008.1,351.160131590786,10.100939124419122,125,,
2018,2,15,0,0,17.6,-163,0,16.6,0,0.0,0,0.0,0,1007.8,342.3254597573731,9.057681338347834,124,,
2018,2,15,1,0,17.6,-147,0,16.4,0,0.0,0,0.0,0,1007.5,342.05514192168977,9.56747519026132,119,,
2018,2,15,2,0,17.5,-133,0,16.3,0,0.0,0,0.0,0,1007.3,341.1556131304693,10.67419491039094,112,,
2018,2,15,3,0,17.6,-121,0.5,16.3,0,0.0,0,0.0,0,1007.3,344.0480212844341,11.091664400298711,103,,
2018,2,15,4,0,17.7,-110,25.9,16.4,4,0.0,0,0.0,0,1007.4,344.0088697945347,11.343484462961454,93,,
2018,2,15,5,0,17.9,-101,48.1,16.5,52,10.0,0,5.000000000000001,0,1007.6,344.63416423465986,11.557423650026063,82,,
2018,2,15,6,0,18.6,-91,59.9,16.6,112,94.0,0,71.4271700386059,0,1007.6,345.2938550606653,12.063655985650769,71,,
2018,2,15,7,0,19.7,-81,54,16.8,231,10.0,0,76.46136214024895,0,1007.5,342.96737901616393,11.735441400705165,59,,
2018,2,15,8,0,20.8,-68,68.3,17,198,22.0,0,166.46350138483044,0,1007.4,346.91040322162723,13.798465494519064,48,,
2018,2,15,9,0,21.3,-52,77,17.1,186,36.0,0,265.4285454692413,0,1007.2,346.9497069190478,14.66965595604156,39,,
2018,2,15,10,0,21.3,-30,80.7,17,171,85.0,0,413.04179948726176,0,1006.9,343.37333335530747,13.845488275536422,31,,
2018,2,15,11,0,21.2,-1,78.8,16.9,197,57.0,0,407.0197176429368,0,1006.5,341.1251390575423,14.178168622681923,28,,
2018,2,15,12,0,21,28,54.7,16.9,404,169.0,0,577.6615707061462,0,1006.1,336.5078415963846,14.014901664550855,31,,
2018,2,15,13,0,20.8,50,49.7,16.9,412,71.0,0,431.98589404632406,0,1005.5,344.0192755578838,13.760036745777802,38,,
2018,2,15,14,0,20.6,67,52.3,16.8,321,169.0,0,500.0615499636292,0,1004.9,348.96033656164826,14.687566978220708,48,,
2018,2,15,15,0,20.2,79,50,16.8,245,134.0,0,383.36109982276247,0,1004.4,353.22486089555485,14.629012928715072,58,,
2018,2,15,16,0,19.7,90,64.4,16.8,113,115.0,0,267.94039127505494,0,1004,5.15861754371457,14.711442708777373,70,,
2018,2,15,17,0,19.2,100,46.9,16.7,38,123.0,0,169.2480127745438,0,1003.5,11.423681831879662,14.373866330930106,81,,
2018,2,15,18,0,18.9,109,11.9,16.7,10,61.0,0,49.644468510198216,0,1003.2,14.027854013485635,13.749389732429592,92,,
2018,2,15,19,0,18.8,120,18.1,16.8,0,0.0,0,0.0,0,1002.9,9.386226501107217,12.239306689713958,102,,
2018,2,15,20,0,18.8,132,29.2,16.9,0,0.0,0,0.0,0,1002.6,8.536361279211405,11.248390532971928,111,,
2018,2,15,21,0,18.8,146,41.9,17,0,0.0,0,0.0,0,1002.4,8.064805184768659,9.846157581849177,119,,
2018,2,15,22,0,18.8,162,43.9,17.2,0,0.0,0,0.0,0,1002.4,13.034108873690856,9.557519457161408,124,,
2018,2,15,23,0,18.7,179,40.6,17.3,0,0.0,0,0.0,0,1002.4,7.621136388038508,9.00187973419618,126,,
2018,2,16,0,0,18.4,-163,39.5,17.3,0,0.0,0,0.0,0,1002.3,7.132505967475879,8.802983810516736,124,,
2018,2,16,1,0,18,-147,14.6,17,0,0.0,0,0.0,0,1002.1,0.0420045115030802,8.658449592412541,119,,
2018,2,16,2,0,17.5,-133,27.8,16.8,0,0.0,0,0.0,0,1002,1.6075904306718485,9.137629707788276,112,,
2018,2,16,3,0,17.1,-121,15.5,16.3,0,0.0,0,0.0,0,1002.2,0.9087260145301456,9.15935510901976,103,,
2018,2,16,4,0,17,-110,0.4,15.6,4,0.0,0,0.0,0,1002.7,357.64674578305346,8.97827484027066,93,,
2018,2,16,5,0,16.8,-100,20.1,14.9,71,29.0,4,7.000000000000002,0,1003.2,358.85114133434286,9.035019361858383,82,,
2018,2,16,6,0,17.2,-91,11.2,14.5,90,234.0,187,84.65591775759633,0,1003.8,355.6776449506722,9.358404252493251,71,,
2018,2,16,7,0,18,-80,0.1,14.3,91,323.0,405,232.3555420082062,0,1004.2,356.4729308101519,9.829898649927276,60,,
2018,2,16,8,0,18.8,-68,3.4,14,145,539.0,507,440.0659906596744,0,1004.7,0.3461938504609634,12.040991282689845,49,,
2018,2,16,9,0,19.1,-52,40.5,13.5,277,576.0000000000001,197,603.0594645121594,0,1005,6.459368542423079,13.298777649215438,39,,
2018,2,16,10,0,19,-30,30.1,12.9,336,629.0,313,737.2421459698837,0,1005.2,8.728813601968625,13.976825274518166,32,,
2018,2,16,11,0,18.8,-1,13.8,12.2,349,664.0,471,834.828097975528,0,1005.3,11.945188208829109,14.056827225373477,29,,
2018,2,16,12,0,18.6,27,28,11.9,479,623.0,188,848.5609668453477,0,1005.4,13.65872368840894,14.217005605903935,31,,
2018,2,16,13,0,18.5,50,38.4,12,497,656.0,18,849.8141470447217,0,1005.6,14.502835420094698,13.211760963930573,38,,
2018,2,16,14,0,18.4,67,16.8,12,258,573.0000000000001,308,741.7692915740873,0,1005.7,17.524214155394702,13.478826769366338,48,,
2018,2,16,15,0,18,79,1.4,12.1,99,466.0,409,582.1039520446086,0,1006.1,18.908824483870774,12.331220117427389,59,,
2018,2,16,16,0,17.6,90,3.8,12.1,84,355.0,222,398.5251537955713,0,1006.6,18.745244690737024,12.35969952230806,70,,
2018,2,16,17,0,17.1,99,4.1,12.1,51,210.0,63,204.44030430613776,0,1007.1,15.792667678179043,11.838470311361688,81,,
2018,2,16,18,0,16.5,109,1.7,12.1,11,43.0,7,40.15599427844737,0,1007.5,16.180876427268686,10.664648893673592,92,,
2018,2,16,19,0,16,120,30.2,12,0,0.0,0,0.0,0,1007.9,16.133980438886283,8.670597212532506,102,,
2018,2,16,20,0,15.5,132,16.9,11.9,0,0.0,0,0.0,0,1008.2,11.993935141916722,7.61646578377427,112,,
2018,2,16,21,0,15.2,145,0,11.9,0,0.0,0,0.0,0,1008.4,9.36275394203551,8.106776756548328,119,,
2018,2,16,22,0,15,162,0,11.9,0,0.0,0,0.0,0,1008.4,356.2850978411924,7.0274614130234365,124,,
2018,2,16,23,0,14.8,179,0,12,0,0.0,0,0.0,0,1008.4,345.7160669854582,6.602051936859691,126,,
2018,2,17,0,0,14.7,-163,0,12,0,0.0,0,0.0,0,1008.4,339.2716891223905,6.681262364924723,124,,
2018,2,17,1,0,14.7,-147,0,12,0,0.0,0,0.0,0,1008.3,353.58980761603846,6.752666388265568,120,,
2018,2,17,2,0,14.7,-133,0,11.9,0,0.0,0,0.0,0,1008.2,0.1572338489576736,7.384061007416603,112,,
2018,2,17,3,0,14.7,-121,0,12,0,0.0,0,0.0,0,1008.3,2.9096464650568805,6.757490884702055,103,,
2018,2,17,4,0,14.8,-110,0.2,12,3,0.0,1,0.0,0,1008.5,352.6570788699569,6.576886407040589,93,,
2018,2,17,5,0,15,-100,9.6,12.1,62,9.0,26,4.000000000000001,0,1008.8,357.21952361952145,6.940299547509613,82,,
2018,2,17,6,0,15.8,-90,22.8,12.4,179,72.0,37,59.63214227105938,0,1008.9,352.50760705331027,7.268354715274144,71,,
2018,2,17,7,0,17.1,-80,19.4,12.8,237,205.0,160,197.00154518526176,0,1008.9,351.6729790589061,7.142683842549185,60,,
2018,2,17,8,0,18.4,-68,52.7,13.3,209,115.0,83,266.7030895028693,0,1008.9,347.44586445951524,7.18847019447653,49,,
2018,2,17,9,0,19.2,-52,58,13.4,348,85.0,0,330.06287239536425,0,1008.8,344.28616312086547,9.550795569535891,39,,
2018,2,17,10,0,19.5,-29,59.5,13.3,362,61.0,0,392.1599848926222,0,1008.5,337.88967443898844,9.69515126084267,32,,
2018,2,17,11,0,19.8,-1,50.3,13.2,464,67.0,0,446.8803459928402,0,1008.2,335.6245522620923,9.750501512809524,29,,
2018,2,17,12,0,19.9,27,40.5,13.2,533,60.0,4,447.07862133686194,0,1008,340.1583309776385,10.198717029727232,32,,
2018,2,17,13,0,19.9,50,24.2,13.2,404,119.0,209,522.1945854711378,0,1007.7,340.3810192587571,10.42399967846537,39,,
2018,2,17,14,0,19.9,66,5.5,13.3,189,196.0,446,538.0850583147491,0,1007.4,344.4855605877152,10.838779456325485,48,,
2018,2,17,15,0,19.6,79,0,13.4,98,160.0,402,417.2228297009486,0,1007.4,348.61904331564585,11.085406023852142,59,,
2018,2,17,16,0,19,89,0.5,13.5,78,110.0,222,271.2311558526116,0,1007.7,351.05947702664656,11.507242353083946,70,,
2018,2,17,17,0,18.4,99,24.2,13.6,44,93.0,56,154.8203491964023,0,1008.1,351.0108537600766,11.44550583711925,81,,
2018,2,17,18,0,17.8,109,46.8,13.7,11,14.0,0,26.251027873543677,0,1008.6,351.03030509706525,10.914232475251488,92,,
2018,2,17,19,0,17.2,119,51.9,13.7,0,0.0,0,0.0,0,1009.1,341.2129142027893,9.50932454519836,103,,
2018,2,17,20,0,16.6,131,51.1,13.7,0,0.0,0,0.0,0,1009.6,336.14213176741544,8.104637485759469,112,,
2018,2,17,21,0,16.1,145,18.3,13.4,0,0.0,0,0.0,0,1009.9,337.75052551854066,7.832176123442137,119,,
2018,2,17,22,0,15.6,161,0,13,0,0.0,0,0.0,0,1009.9,344.0847893711065,7.447586180728383,124,,
2018,2,17,23,0,15.2,179,0,12.5,0,0.0,0,0.0,0,1009.8,344.0142810747664,7.0999935838509165,126,,
2018,2,18,0,0,14.9,-163,0,12.1,0,0.0,0,0.0,0,1009.8,335.9582572765202,7.526731635456816,125,,
2018,2,18,1,0,14.6,-147,0,11.9,0,0.0,0,0.0,0,1009.8,334.935224186424,7.147713750669864,120,,
2018,2,18,2,0,14.4,-132,0,11.7,0,0.0,0,0.0,0,1009.9,336.5267919190783,7.698344796026907,113,,
2018,2,18,3,0,14.4,-120,0,11.6,0,0.0,0,0.0,0,1010.1,341.1402391433596,7.091154779117324,104,,
2018,2,18,4,0,14.4,-110,0,11.5,2,0.0,1,0.0,0,1010.5,350.33497771894287,6.807067756988375,93,,
2018,2,18,5,0,14.4,-100,2.4,11.5,39,2.0,62,3.0,0,1011,358.074835154783,6.228124793474239,82,,
2018,2,18,6,0,15.3,-90,1.4,11.7,67,14.0,225,37.65550430921675,0,1011.4,1.7428888655766173,5.779529232963386,71,,
2018,2,18,7,0,16.8,-80,0,12.2,80,7.0,418,65.64830313449535,0,1011.8,356.45071032995844,4.452387731990529,60,,
2018,2,18,8,0,18.3,-67,0,12.6,90,9.0,591,118.78143062064755,0,1012.3,354.8938838358379,2.896749452176893,49,,
2018,2,18,9,0,19.3,-51,0,12.8,93,19.0,733,221.13040598231927,0,1012.4,322.7984050299949,4.141280334723105,40,,
2018,2,18,10,0,20,-29,0,12.6,95,297.0,824,598.107547831766,0,1012.2,350.9983223894834,3.5295548294619263,32,,
2018,2,18,11,0,20.5,-1,0,12.4,96,144.0,856,544.5249392255847,0,1012,15.358207589045549,4.522337732055696,29,,
2018,2,18,12,0,20.9,27,0,12.4,96,62.0,828,443.6309391042535,0,1011.7,28.69803742902957,3.875187876976705,32,,
2018,2,18,13,0,21,49,0.1,12.5,95,79.0,739,456.268218830472,0,1011.4,32.72868201061692,4.366576505171849,39,,
2018,2,18,14,0,21.1,66,4.2,12.6,143,11.0,523,205.9496687355693,0,1011.1,42.71175604307047,4.67830012012176,48,,
2018,2,18,15,0,20.7,79,5.6,12.9,142,7.0,340,138.01764939514817,0,1011.1,54.35239038270737,4.289647936168541,59,,
2018,2,18,16,0,20,89,2.2,13.3,84,5.0,215,80.9018081692894,0,1011.3,45.0,2.5974435131183577,70,,
2018,2,18,17,0,19.3,99,17.3,13.8,44,3.0,62,38.24085556161099,0,1011.5,13.49677875267514,2.0816590081947783,82,,
2018,2,18,18,0,18.6,109,10.4,14.1,12,1.0,0,8.228166238754211,0,1011.9,352.3124033475765,3.0131657707591,93,,
2018,2,18,19,0,17.9,119,36.2,14.3,0,0.0,0,0.0,0,1012.5,23.12072187510927,3.420221573765548,103,,
2018,2,18,20,0,17.2,131,52.7,14.4,0,0.0,0,0.0,0,1013.1,56.92520484404292,4.2374171066053385,112,,
2018,2,18,21,0,16.8,145,54,14.6,0,0.0,0,0.0,0,1013.3,91.51594132827358,4.71576183011874,120,,
2018,2,18,22,0,16.6,161,20.4,14.8,0,0.0,0,0.0,0,1013.1,148.68986431087205,5.319065524827041,125,,
2018,2,18,23,0,16.5,179,14.8,14.9,0,0.0,0,0.0,0,1012.9,165.19592381752477,6.035806530729631,127,,
2018,2,19,0,0,16.5,-163,21.7,15,0,0.0,0,0.0,0,1012.7,161.24633820043482,8.466326497001425,125,,
2018,2,19,1,0,16.6,-146,7.6,15.1,0,0.0,0,0.0,0,1012.4,144.03096964947554,8.866574472083098,120,,
2018,2,19,2,0,16.7,-132,0,15.2,0,0.0,0,0.0,0,1012.1,144.2833736852353,9.43228178201063,113,,
2018,2,19,3,0,16.9,-120,0.1,15.3,0,0.0,0,0.0,0,1012,144.8124359652445,9.44694310604459,104,,
2018,2,19,4,0,17,-109,3.4,15.3,1,0.0,0,0.0,0,1012.1,145.06027963038628,8.808366878319934,94,,
2018,2,19,5,0,17.1,-100,39.5,15.2,38,6.0,0,4.0,0,1012.1,145.38555355395204,8.440572144033215,83,,
2018,2,19,6,0,17.5,-90,66,15.3,86,144.0,0,72.22268989915682,0,1012,145.79500821403303,8.596845967345335,71,,
2018,2,19,7,0,18.1,-79,81,15.6,80,374.0,0,239.73319470588623,0,1011.8,148.22284399161083,8.939636538630296,60,,
2018,2,19,8,0,18.8,-67,83,15.8,111,656.0,0,471.4208153184863,0,1011.5,149.6517383812137,9.22193063081245,49,,
2018,2,19,9,0,19.2,-51,86.1,15.9,106,799.0,0,683.51707968173,0,1011,149.16857899925697,8.556361901141564,40,,
2018,2,19,10,0,19.5,-29,77,16,202,952.0,0,840.3787077580007,0,1010.3,149.6560390716129,7.44324799021149,33,,
2018,2,19,11,0,19.7,-1,76.3,16.1,213,962.0,0,941.2381910946252,0,1009.6,153.2818980682407,5.7223017976633015,30,,
2018,2,19,12,0,19.8,27,76.9,16.3,200,957.0,0,982.9326471265302,0,1009,158.1598860004283,4.563636252909023,32,,
2018,2,19,13,0,19.7,49,74.4,16.6,201,936.0,0,960.9554407813372,0,1008.4,174.74843604494697,3.790324215382988,39,,
2018,2,19,14,0,19.6,66,78,16.9,145,900.0,0,879.3415193872437,0,1007.9,185.0238546776356,4.165171155366616,49,,
2018,2,19,15,0,19.4,78,74.6,17.2,117,839.0,0,736.536728260347,0,1007.6,190.04085927649223,4.682559474235387,59,,
2018,2,19,16,0,19.1,89,75.8,17.3,69,732.0,0,540.1605050922469,0,1007.5,201.46463327813672,5.476248309037871,71,,
2018,2,19,17,0,18.8,99,28.3,17.4,32,543.0,7,305.48451460813465,0,1007.4,215.31653293819488,6.169259325894055,82,,
2018,2,19,18,0,18.6,108,0,17.5,10,198.0,4,73.35946581305438,0,1007.4,249.70787448760265,5.545854716423344,93,,
2018,2,19,19,0,18.3,119,0,17.5,0,0.0,0,0.0,0,1007.3,279.31561522267964,4.545791391982814,103,,
2018,2,19,20,0,18.1,131,0,17.4,0,0.0,0,0.0,0,1007.2,274.90145448452034,2.1916081816577826,112,,
2018,2,19,21,0,17.9,145,0,17.4,0,0.0,0,0.0,0,1007,150.42584958867212,7.042515156675095,120,,
2018,2,19,22,0,17.8,161,0,17.3,0,0.0,0,0.0,0,1006.5,156.21760472009885,8.919522995922836,125,,
2018,2,19,23,0,17.7,179,0,17.2,0,0.0,0,0.0,0,1006,158.36211505082952,9.546755903909045,127,,
2018,2,20,0,0,17.5,-163,0,17.1,0,0.0,0,0.0,0,1005.7,159.84199326701128,9.238244099774173,125,,
2018,2,20,1,0,17.4,-146,0,17,0,0.0,0,0.0,0,1005.4,155.5647238836793,7.603406931318018,121,,
2018,2,20,2,0,17.2,-132,0,16.9,0,0.0,0,0.0,0,1005.2,154.44875309164797,7.614850625766614,113,,
2018,2,20,3,0,17.2,-120,0,16.9,0,0.0,0,0.0,0,1005.3,149.83937551760926,7.8292022428335315,104,,
2018,2,20,4,0,17.3,-109,1,16.9,0,0.0,0,0.0,0,1005.7,148.24503468973137,7.401397197666071,94,,
2018,2,20,5,0,17.4,-99,53.1,17,18,56.0,0,4.000000000000004,0,1006.1,150.86810805471254,7.260202435233989,83,,
2018,2,20,6,0,18,-90,67.1,17.1,104,655.0,0,80.95288176524653,0,1006.4,152.31045916923222,7.232583419392568,72,,
2018,2,20,7,0,19.1,-79,62,17.1,181,822.0000000000001,2,287.6932608076477,0,1006.6,149.13812150343188,7.864830360996122,60,,
2018,2,20,8,0,20.2,-67,40.3,17.2,328,907.0,87,502.9795222650307,0,1006.8,149.9676233329999,8.165349342373737,50,,
2018,2,20,9,0,20.8,-51,11,16.9,231,944.0,500,692.9687801345748,0,1006.8,162.06284246967846,8.601936055039973,40,,
2018,2,20,10,0,21.2,-29,8.9,16.3,255,913.0,570,837.5537930277898,0,1006.6,177.28399016210255,7.104904957738965,33,,
2018,2,20,11,0,21.6,-1,4.8,15.7,177,914.0,721,933.4181056351716,0,1006.4,196.49868127241112,5.77182733901276,30,,
2018,2,20,12,0,21.7,27,12.5,15.4,284,900.0,520,968.034696517974,0,1006.2,218.5372313148721,4.598138205418687,33,,
2018,2,20,13,0,21.7,49,30,15.2,444,872.0,141,942.095912993047,0,1006.1,234.89864139941653,4.800235776276309,39,,
2018,2,20,14,0,21.7,65,31.5,15,397,829.0000000000001,73,854.0698320829302,0,1006,243.40204892975024,5.133895005063094,49,,
2018,2,20,15,0,21.2,78,30.3,15,295,762.0,61,708.944864719195,0,1006,256.63688144039537,5.514039522265291,60,,
2018,2,20,16,0,20.5,89,32.8,15,191,652.0,16,512.5972788688214,0,1006.2,256.6329802621476,6.05314522081581,71,,
2018,2,20,17,0,19.8,98,26.9,15.1,76,461.0,1,281.0578320519581,0,1006.3,253.5039781966135,6.909394458896905,82,,
2018,2,20,18,0,19,108,21.7,15,12,150.0,0,61.97490049893913,0,1006.6,249.42994046461368,6.542103127681896,93,,
2018,2,20,19,0,18.2,119,19.7,14.8,0,0.0,0,0.0,0,1006.9,238.6007502558942,5.971388118983979,103,,
2018,2,20,20,0,17.4,131,18.8,14.5,0,0.0,0,0.0,0,1007.2,230.84285939757825,5.811514765803964,113,,
2018,2,20,21,0,16.9,145,16.7,14.6,0,0.0,0,0.0,0,1007.3,229.75625345356363,5.0030560988495445,120,,
2018,2,20,22,0,16.7,161,11.1,15,0,0.0,0,0.0,0,1007.2,219.2678987905232,6.269112969346471,125,,
2018,2,20,23,0,16.5,179,8.7,15.3,0,0.0,0,0.0,0,1007.1,210.44782647951587,6.644625336229276,127,,
2018,2,21,0,0,16.5,-163,10.2,15.6,0,0.0,0,0.0,0,1007,194.32235290051725,6.284687999212991,126,,
2018,2,21,1,0,16.6,-146,15.7,15.8,0,0.0,0,0.0,0,1006.9,173.76729277016295,5.734334238723448,121,,
2018,2,21,2,0,16.7,-132,19.3,15.9,0,0.0,0,0.0,0,1006.7,163.00395533119638,5.764713685708329,113,,
2018,2,21,3,0,16.9,-120,19,16,0,0.0,0,0.0,0,1006.7,157.486473893661,6.223042568899467,104,,
2018,2,21,4,0,17,-109,22,15.9,1,0.0,0,0.0,0,1006.9,154.66050812002868,5.972584915483609,94,,
2018,2,21,5,0,17.1,-99,27.7,15.9,67,1.0,1,2.0,0,1007,151.53846648049785,5.757097906440394,83,,
2018,2,21,6,0,17.8,-89,26.8,15.9,172,23.0,33,35.82921512034857,0,1007,153.72742928648563,6.4807509854638266,72,,
2018,2,21,7,0,19.1,-79,22.1,16,257,40.0,115,108.99052554241416,0,1006.8,151.20568213063848,5.616584851615203,61,,
2018,2,21,8,0,20.3,-66,28.5,16.1,383,48.0,79,191.68210440299865,0,1006.6,152.18437974401218,5.067735325609744,50,,
2018,2,21,9,0,21.1,-50,39.2,16.2,468,45.0,14,254.9283286213353,0,1006.2,175.3009532982686,5.21528377891,40,,
2018,2,21,10,0,21.5,-28,44.7,16.3,489,73.0,0,362.9470723795768,0,1005.7,195.1146609738761,4.646836936502339,33,,
2018,2,21,11,0,21.8,-1,43.5,16.4,518,349.0,0,647.6393208831219,0,1005.1,208.90449917895543,4.525695448064889,30,,
2018,2,21,12,0,22.1,26,42.4,16.6,510,435.0,1,722.2737734073462,0,1004.6,216.4165537994807,5.26403196444307,33,,
2018,2,21,13,0,22.3,49,35.1,16.7,472,286.0,44,612.4410158431452,0,1004.2,218.27741172984747,5.347316533312493,40,,
2018,2,21,14,0,22.4,65,24.2,16.9,364,444.0,134,646.8473792227669,0,1003.7,228.08814634650088,4.470275758487629,49,,
2018,2,21,15,0,22.2,78,20.3,17,257,499.0,129,575.4602197803283,0,1003.5,242.18751573914847,5.060412282563602,60,,
2018,2,21,16,0,21.5,88,17,17.1,158,483.0,77,435.92494927546494,0,1003.3,240.91342244886647,4.164341357199873,71,,
2018,2,21,17,0,20.9,98,11.9,17.3,61,410.0,25,260.7052156688792,0,1003.2,234.1038373578536,3.1979227480173016,82,,
2018,2,21,18,0,20.5,108,14,17.4,10,122.0,1,54.297489478231874,0,1003.1,247.3417467975925,3.307524029636532,93,,
2018,2,21,19,0,20.3,118,18.6,17.6,0,0.0,0,0.0,0,1003.2,254.0614174817895,2.820083492629132,104,,
2018,2,21,20,0,20.1,131,20.3,17.7,0,0.0,0,0.0,0,1003.3,211.69961756803025,2.3179761253267883,113,,
2018,2,21,21,0,20,145,20.4,17.7,0,0.0,0,0.0,0,1003.1,207.08725158582467,1.9886326957024767,121,,
2018,2,21,22,0,20,161,20.9,17.6,0,0.0,0,0.0,0,1002.8,161.34582035064875,1.3922307248581918,126,,
2018,2,21,23,0,20,179,21.2,17.5,0,0.0,0,0.0,0,1002.5,145.351614573834,2.1943249636393936,128,,
2018,2,22,0,0,20,-163,21.2,17.4,0,0.0,0,0.0,0,1002.3,154.62595393908316,3.461630801299904,126,,
2018,2,22,1,0,20.1,-146,23.1,17.4,0,0.0,0,0.0,0,1002.1,149.8571794421042,5.166673989700953,121,,
2018,2,22,2,0,20.2,-132,29.5,17.3,0,0.0,0,0.0,0,1001.9,150.59091118483423,5.7146896633566096,114,,
2018,2,22,3,0,20.3,-119,32.5,17.4,0,0.0,0,0.0,0,1001.9,151.46001481204007,5.480967144861214,105,,
2018,2,22,4,0,20.4,-109,34.5,17.4,1,0.0,0,0.0,0,1002.1,152.19809821991043,5.0784114111313015,94,,
2018,2,22,5,0,20.5,-99,45.3,17.5,42,14.0,0,3.000000000000001,0,1002.4,154.36359354212266,5.483672485568918,83,,
2018,2,22,6,0,21.2,-89,51.6,17.6,125,261.0,0,68.48405304711184,0,1002.8,146.5202861387146,5.477701354415224,72,,
2018,2,22,7,0,22.4,-78,47.1,17.9,244,429.0,0,226.88820534368017,0,1003.2,131.23723097649906,5.334826508751621,61,,
2018,2,22,8,0,23.7,-66,41.1,18.2,374,737.0,0,461.6984557399196,0,1003.7,134.8079527037852,4.5323451461682005,50,,
2018,2,22,9,0,24.4,-50,37,18,482,858.0,7,668.5752011780783,0,1003.7,158.44495987715322,4.017013562063466,41,,
2018,2,22,10,0,24.6,-28,36.3,17.6,545,860.0,6,815.2569805885979,0,1003.5,189.7858149557144,4.044937796862997,34,,
2018,2,22,11,0,24.8,-1,36.9,17.2,564,862.0,1,908.9180818596546,0,1003.2,214.1736172419476,4.364695300241862,31,,
2018,2,22,12,0,24.9,26,38.9,16.9,530,851.0,0,944.5809565067548,0,1002.9,227.49755116284123,4.51226463153138,33,,
2018,2,22,13,0,24.9,48,38.2,16.9,480,826.0000000000001,0,918.2613417078212,0,1002.6,238.7646733388197,4.8408699086972895,40,,
2018,2,22,14,0,24.9,65,36.3,16.8,409,783.0,0,830.6107612428883,0,1002.3,238.37120334698903,4.90596041462569,49,,
2018,2,22,15,0,24.4,77,36,16.9,302,714.0,0,684.720049262745,0,1002.2,236.74205395837973,4.875162494836739,60,,
2018,2,22,16,0,23.6,88,28,17.1,177,598.0,17,487.0648569156591,0,1002.3,238.2857680032416,4.894116876571804,71,,
2018,2,22,17,0,22.7,98,21.3,17.3,64,365.0,9,245.12320199672592,0,1002.4,244.45184387616763,4.4602823795212165,83,,
2018,2,22,18,0,22,108,22.6,17.4,9,86.0,0,44.163317249455616,0,1002.5,246.8931431805657,3.884380093215954,94,,
2018,2,22,19,0,21.6,118,26.3,17.3,0,0.0,0,0.0,0,1002.6,228.5514773491876,3.723258883361731,104,,
2018,2,22,20,0,21.2,130,28.4,17.3,0,0.0,0,0.0,0,1002.7,216.14600480280183,4.707358124965815,113,,
2018,2,22,21,0,21.1,145,28.4,17.2,0,0.0,0,0.0,0,1002.5,203.5617595247904,5.851620748965926,121,,
2018,2,22,22,0,21.2,161,20.9,16.9,0,0.0,0,0.0,0,1001.9,186.8167825339601,6.21999588663419,126,,
2018,2,22,23,0,21.4,179,17.8,16.7,0,0.0,0,0.0,0,1001.4,176.17274869686764,6.214298370619352,128,,
2018,2,23,0,0,21.5,-162,25.5,16.6,0,0.0,0,0.0,0,1000.9,170.82303089740185,6.519728879864467,126,,
2018,2,23,1,0,21.4,-146,33.2,16.7,0,0.0,0,0.0,0,1000.4,163.89382250440735,6.764028347578603,121,,
2018,2,23,2,0,21.3,-131,32.5,16.7,0,0.0,0,0.0,0,999.9,158.0326083819939,7.355307149302083,114,,
2018,2,23,3,0,21.1,-119,29.1,16.9,0,0.0,0,0.0,0,999.9,153.48953039250648,7.564420503506103,105,,
2018,2,23,4,0,20.6,-108,29.1,17.1,1,0.0,0,0.0,0,1000.2,154.32976160110798,7.040323739309321,95,,
2018,2,23,5,0,20.1,-98,38.7,17.4,46,1.0,0,1.0,0,1000.5,159.3244914388399,7.29085637267898,84,,
2018,2,23,6,0,19.7,-89,35.9,17.4,164,4.0,1,16.115939366112485,0,1001.1,156.44055910310271,7.100657998239945,72,,
2018,2,23,7,0,19.2,-78,25.3,17.3,267,4.0,69,38.87040806641746,0,1001.9,155.4274373470539,6.607164613032516,61,,
2018,2,23,8,0,18.7,-66,26.3,17.2,375,5.0,79,76.0161814281886,0,1002.7,163.74531153371663,5.88311526164083,50,,
2018,2,23,9,0,18.7,-50,30.4,16.3,473,7.0,59,125.98758630774384,0,1003.2,160.9335760096974,6.4236894304352425,41,,
2018,2,23,10,0,19.1,-28,30,14.8,518,7.0,84,193.93667745992627,0,1003.5,167.10605690724992,6.602769522389171,34,,
2018,2,23,11,0,19.5,-1,23.6,13.1,473,16.0,215,298.81063904038865,0,1003.8,175.37161309648025,4.792483652651133,31,,
2018,2,23,12,0,19.6,26,17.9,11.7,389,5.0,337,197.24693501370237,0,1004,226.9861223176563,4.448157266754657,34,,
2018,2,23,13,0,19.3,48,22.4,10.4,389,4.0,240,164.39223961139734,0,1004.3,247.6877018029089,4.901400246578043,40,,
2018,2,23,14,0,19,64,26.1,9.1,361,4.0,140,144.1870317026473,0,1004.6,264.8504755837827,3.7509793353796734,50,,
2018,2,23,15,0,18.2,77,26,8.3,274,4.0,97,114.79588225529032,0,1005.1,239.81854685996697,2.658768985341542,60,,
2018,2,23,16,0,17.3,88,20,7.9,158,3.0,76,77.68411763778754,0,1005.9,238.83643691925647,1.7649472210100794,72,,
2018,2,23,17,0,16.2,97,9.8,7.6,54,2.0,34,32.78680084279571,0,1006.7,226.4849760174704,1.5987778063660762,83,,
2018,2,23,18,0,15.3,107,6.2,7.4,8,2.0,4,8.413558689003366,0,1007.5,218.1359361513879,1.95579971274286,94,,
2018,2,23,19,0,14.5,118,6.5,7.3,0,0.0,0,0.0,0,1008.3,289.0431013767068,1.5638560133080186,104,,
2018,2,23,20,0,13.7,130,10.3,7.2,0,0.0,0,0.0,0,1009,309.85167582272265,2.0200200033613784,114,,
2018,2,23,21,0,13.3,144,8.3,7.2,0,0.0,0,0.0,0,1009.4,280.5492133624629,1.8175860439433824,121,,
2018,2,23,22,0,13.2,161,2.1,7.3,0,0.0,0,0.0,0,1009.5,229.53625612188029,1.4449802738546014,126,,
2018,2,23,23,0,13.2,179,0,7.5,0,0.0,0,0.0,0,1009.6,157.15928982884122,1.8271056699819224,128,,
2018,2,24,0,0,13.1,-162,0,7.4,0,0.0,0,0.0,0,1009.7,146.3702308157135,2.8309903987915748,127,,
2018,2,24,1,0,13,-146,1,7.2,0,0.0,0,0.0,0,1009.8,136.41852023655667,2.622070494355208,122,,
2018,2,24,2,0,12.9,-131,3.5,7,0,0.0,0,0.0,0,1009.9,153.71204918399485,2.9122723969357955,114,,
2018,2,24,3,0,12.8,-119,2.6,6.9,0,0.0,0,0.0,0,1010.2,143.3494385926358,2.869894075499176,105,,
2018,2,24,4,0,12.8,-108,0.6,6.9,1,0.0,1,0.0,0,1010.7,119.14405951035052,4.450111902362265,95,,
2018,2,24,5,0,12.9,-98,1.4,6.9,30,1.0,62,1.0,0,1011.1,143.61007438634772,3.934464222909089,84,,
2018,2,24,6,0,13.7,-88,1.5,6.8,59,12.0,216,33.305910390460575,0,1011.5,142.35028816947147,4.237062354542164,73,,
2018,2,24,7,0,15.1,-78,0.4,6.7,65,6.0,418,62.28409376169256,0,1011.9,165.88789087790246,2.3701127865266747,61,,
2018,2,24,8,0,16.6,-65,0,6.6,67,7.0,604,114.79869346724549,0,1012.3,189.12529996498543,1.7195163232206596,51,,
2018,2,24,9,0,17.3,-49,0,6.4,72,20.0,745,232.3271243837948,0,1012.4,301.8639552618857,1.1113190340498251,41,,
2018,2,24,10,0,17.5,-28,0.1,6.1,76,167.0,831,448.2352645359614,0,1012.3,331.4412738057289,2.956390926316734,34,,
2018,2,24,11,0,17.7,-1,5.5,5.8,184,509.0,703,712.89519107604,0,1012.2,351.8029283983547,6.941770068559025,32,,
2018,2,24,12,0,17.8,26,11.8,5.8,290,411.0,511,688.7463974552224,0,1012,44.40395298070399,10.405010920005138,34,,
2018,2,24,13,0,17.9,48,8.4,6,225,512.0,520,726.4613496942255,0,1011.9,37.2355098747455,9.88638292131865,41,,
2018,2,24,14,0,18,64,6.7,6.3,177,767.0,448,798.3669783096998,0,1011.8,38.95576063789787,11.005974147032338,50,,
2018,2,24,15,0,17.7,77,16.4,6.7,211,710.0,199,661.5766974513508,0,1011.7,39.71425928685119,11.807759865338976,61,,
2018,2,24,16,0,17.2,87,27.4,7.2,171,618.0,34,478.43879881553056,0,1011.8,39.63409413080666,11.08174161697244,72,,
2018,2,24,17,0,16.7,97,14.4,7.7,63,438.0,3,257.4388061873999,0,1011.9,45.2639684498248,11.128936138226754,83,,
2018,2,24,18,0,16.2,107,14.1,8.3,7,132.0,2,49.70219105442965,0,1012.1,48.82572508183341,9.487845378238411,94,,
2018,2,24,19,0,15.7,118,39.2,9,0,0.0,0,0.0,0,1012.3,52.55605427819364,8.977208379047353,105,,
2018,2,24,20,0,15.2,130,50.4,9.7,0,0.0,0,0.0,0,1012.6,57.91691262643076,9.23567996349296,114,,
2018,2,24,21,0,14.8,144,49,10.3,0,0.0,0,0.0,0,1012.5,62.825706170878505,9.077114869743609,122,,
2018,2,24,22,0,14.5,161,17.4,10.8,0,0.0,0,0.0,0,1012.1,65.50677622131224,7.378060732169372,127,,
2018,2,24,23,0,14.3,179,0,11.4,0,0.0,0,0.0,0,1011.7,75.04176323617838,7.49215886386017,129,,
2018,2,25,0,0,14.1,-162,0,11.6,0,0.0,0,0.0,0,1011.4,77.40389918871347,8.071714621031294,127,,
2018,2,25,1,0,14.1,-145,0,11.7,0,0.0,0,0.0,0,1011.1,78.3907324544968,9.558828961308262,122,,
2018,2,25,2,0,14,-131,0,11.7,0,0.0,0,0.0,0,1010.9,78.33495203707986,10.390380698752391,115,,
2018,2,25,3,0,14.1,-119,0,11.8,0,0.0,0,0.0,0,1010.9,78.30421289986612,10.671765509807518,105,,
2018,2,25,4,0,14.4,-108,0.5,12,1,0.0,0,0.0,0,1010.9,81.37474526601841,9.772387288825184,95,,
2018,2,25,5,0,14.7,-98,24.4,12.1,52,23.0,0,2.0000000000000013,0,1011,76.70303547274716,8.939863586003737,84,,
2018,2,25,6,0,15.5,-88,44.1,12.1,139,515.0,0,64.34665735065954,0,1011,82.49891251279223,8.862708895794546,73,,
2018,2,25,7,0,16.8,-77,47.3,12.1,242,766.0,0,264.18619363449795,0,1010.8,100.33030150276272,8.208248235209759,62,,
2018,2,25,8,0,18,-65,47,12,340,881.0,0,483.2089164854959,0,1010.6,98.24033962635788,8.721391079584286,51,,
2018,2,25,9,0,18.6,-49,47,11.6,414,946.0,0,682.6307370536106,0,1010.1,116.36325581301868,6.107080174943457,41,,
2018,2,25,10,0,18.7,-27,47.1,11.1,462,975.0,0,832.2735831179589,0,1009.5,150.39055857538364,3.7662331814141936,35,,
2018,2,25,11,0,18.7,-1,49.7,10.6,454,970.0,2,926.3391872064252,0,1008.8,167.74354368713512,3.28683015359364,32,,
2018,2,25,12,0,18.8,26,33.8,10.4,449,955.0,129,962.8317990444344,0,1008,173.20945341467336,3.7868183214976816,34,,
2018,2,25,13,0,18.8,47,9.1,10.4,238,926.0,475,936.9327020647409,0,1007,194.433449324942,3.6642352716181534,41,,
2018,2,25,14,0,18.8,64,24.2,10.4,274,882.0,232,849.3637685531523,0,1006,213.48022151386576,4.104348535267966,50,,
2018,2,25,15,0,18.5,76,13.5,10.6,182,815.0000000000001,210,703.4208744455591,0,1005.4,230.6136931511853,3.819014752040119,61,,
2018,2,25,16,0,18,87,0,10.8,65,702.0000000000001,207,505.3763304212118,0,1004.9,249.9571889379052,3.4228765162974573,72,,
2018,2,25,17,0,17.4,97,0.6,11,31,497.0,56,270.2393666276004,0,1004.6,274.87115806466585,4.41903699242344,83,,
2018,2,25,18,0,16.8,107,30.9,11.2,6,151.0,3,50.85776265096811,0,1004.2,292.64573129298265,5.907076924075184,94,,
2018,2,25,19,0,16.2,118,50.5,11.4,0,0.0,0,0.0,0,1003.9,302.25348813311365,5.731288365034948,105,,
2018,2,25,20,0,15.6,130,51.8,11.6,0,0.0,0,0.0,0,1003.5,299.4276601471132,4.599833223439762,114,,
2018,2,25,21,0,15.4,144,51.9,11.8,0,0.0,0,0.0,0,1002.9,297.3726496393323,4.214009199700002,122,,
2018,2,25,22,0,15.5,161,52,12,0,0.0,0,0.0,0,1002.1,298.6107507291073,3.8355323049189103,127,,
2018,2,25,23,0,15.7,179,52,12.2,0,0.0,0,0.0,0,1001.3,280.87165478907394,2.704049476019944,129,,
2018,2,26,0,0,15.8,-162,52.4,12.6,0,0.0,0,0.0,0,1000.7,169.21153477032544,4.082410701655752,127,,
2018,2,26,1,0,15.9,-145,71.7,12.9,0,0.0,0,0.0,0,1000.3,151.1973336678608,4.222597028262317,122,,
2018,2,26,2,0,15.9,-131,82.2,13.2,0,0.0,0,0.0,0,999.9,158.35903700609913,4.160707148938165,115,,
2018,2,26,3,0,15.9,-118,90.8,13.6,0,0.0,0,0.0,0,999.7,161.26498953910652,4.820609437523451,106,,
2018,2,26,4,0,15.9,-107,55.1,13.9,0,0.0,0,0.0,0,999.8,155.43732997902293,4.6027998369798855,95,,
2018,2,26,5,0,15.9,-98,56.5,14.3,22,11.0,0,2.000000000000001,0,999.8,147.6395801148454,4.067768202311385,84,,
2018,2,26,6,0,16.4,-88,68.3,14.4,79,400.0,0,58.44314372450007,0,999.9,149.30748360548762,4.068447571749387,73,,
2018,2,26,7,0,17.2,-77,68.7,14.5,139,684.0,0,245.4738485753145,0,999.9,137.7289979195948,4.202349204751152,62,,
2018,2,26,8,0,18,-65,69.3,14.5,194,827.0000000000001,0,459.9532060446005,0,1000,138.88642034303416,3.4741244393156325,51,,
2018,2,26,9,0,18.4,-48,57.7,14.7,334,900.0,1,655.721482008943,0,999.9,153.20027933058202,4.15859724034262,42,,
2018,2,26,10,0,18.6,-27,40.4,14.9,481,910.0,41,806.8536132967681,0,999.7,166.50411495717958,3.585079929971742,35,,
2018,2,26,11,0,18.7,-1,59.3,15.1,345,916.0,23,903.4167045115564,0,999.4,191.6096543943103,3.176061911105032,32,,
2018,2,26,12,0,18.7,26,61,15,333,907.0,7,941.2993512755642,0,999.3,203.5622555911776,3.2576897412780133,35,,
2018,2,26,13,0,18.7,47,22.6,14.8,240,882.0,362,916.804948891611,0,999.2,229.2455869647725,3.6167563146403032,41,,
2018,2,26,14,0,18.7,63,19.9,14.5,273,832.0000000000001,259,825.7949144543906,0,999.1,245.0980885791461,4.123067844035768,51,,
2018,2,26,15,0,18.4,76,20.5,14.2,239,741.0,133,669.3472492019253,0,999.3,250.1422795276947,4.374880686904131,61,,
2018,2,26,16,0,17.9,87,5.8,13.7,97,590.0,153,458.950737632877,0,999.7,259.5468198657686,4.057079432873697,72,,
2018,2,26,17,0,17.4,97,0,13.3,27,386.0,60,233.82495422476327,0,1000.2,257.2381007920124,4.244002008610213,84,,
2018,2,26,18,0,16.6,107,0,12.6,5,110.0,3,41.24256001349481,0,1000.6,254.7913889591719,3.6667503876592575,95,,
2018,2,26,19,0,15.7,117,0,11.7,0,0.0,0,0.0,0,1000.9,261.1286464600334,3.805782121486809,105,,
2018,2,26,20,0,14.7,129,0,10.8,0,0.0,0,0.0,0,1001.2,258.92653970781623,2.6566397549280447,115,,
2018,2,26,21,0,14.3,144,0,10.6,0,0.0,0,0.0,0,1001.3,236.85336159916065,2.0061385750652057,122,,
2018,2,26,22,0,14.3,161,0,10.8,0,0.0,0,0.0,0,1001.1,205.5795433500315,2.297987117246501,128,,
2018,2,26,23,0,14.3,179,0,11.1,0,0.0,0,0.0,0,1000.9,191.4272477878509,2.99317133095187,129,,
2018,2,27,0,0,14.3,-162,0,11.1,0,0.0,0,0.0,0,1000.8,176.93071540642595,4.099141865280624,128,,
2018,2,27,1,0,14.1,-145,0,11,0,0.0,0,0.0,0,1000.7,174.59611763286762,6.203596745768867,123,,
2018,2,27,2,0,13.9,-130,0,10.8,0,0.0,0,0.0,0,1000.7,169.26293550393575,5.430524209959987,115,,
2018,2,27,3,0,13.8,-118,0,10.6,0,0.0,0,0.0,0,1000.8,163.42398524607484,5.566793547424474,106,,
2018,2,27,4,0,13.8,-107,0,10.4,1,0.0,1,0.0,0,1001.1,160.25405363872164,6.06720112875941,95,,
2018,2,27,5,0,13.8,-97,0.9,10.2,30,8.0,53,1.0000000000000004,0,1001.3,159.9310357309066,5.720907111941273,84,,
2018,2,27,6,0,14.5,-87,0.5,9.9,59,130.0,204,47.978977510174296,0,1001.4,161.64146700371987,6.309660551497187,73,,
2018,2,27,7,0,15.7,-77,0.1,9.4,73,146.0,394,148.6727417473036,0,1001.5,159.0602162627605,6.638633608953272,62,,
2018,2,27,8,0,17,-64,3.8,8.9,136,289.0,490,312.5569353307711,0,1001.5,163.19381584334144,5.562791623818423,51,,
2018,2,27,9,0,17.5,-48,9.9,8.5,245,544.0,470,531.640392465735,0,1001.4,175.8112138104317,5.1874407167379335,42,,
2018,2,27,10,0,17.4,-27,15.6,8.1,333,409.0,413,597.0737758726725,0,1001.3,203.52449700391307,5.506207631367063,35,,
2018,2,27,11,0,17.2,-1,62.6,7.8,199,112.0,141,451.1986865964242,0,1001.2,220.06633865090376,6.483622183244989,33,,
2018,2,27,12,0,17,25,87.8,7.6,107,314.0,0,636.4759747389104,0,1001,227.753049707238,6.228727402291061,35,,
2018,2,27,13,0,16.7,47,88.9,7.5,87,610.0,0,781.7727196686891,0,1000.8,235.68831654605623,6.141472231436847,42,,
2018,2,27,14,0,16.4,63,79.3,7.4,127,599.0,0,711.4344845740998,0,1000.6,240.5250864719904,5.970509719087112,51,,
2018,2,27,15,0,16,76,54.7,7.4,194,493.0,2,553.9026275296371,0,1000.6,237.9087602250533,5.647315846531424,61,,
2018,2,27,16,0,15.5,87,16.6,7.5,109,392.0,93,377.57139721094734,0,1000.7,234.93860644646776,5.005178690282376,73,,
2018,2,27,17,0,15.1,96,33.5,7.6,24,337.0,52,217.67687529636945,0,1000.8,229.8583082326852,4.459955123987788,84,,
2018,2,27,18,0,14.3,106,51.9,7.6,4,79.0,0,33.886250612536145,0,1000.9,226.5556460138133,4.7819838739798906,95,,
2018,2,27,19,0,13.3,117,50.2,7.5,0,0.0,0,0.0,0,1001,206.9681287993231,3.8955277112259896,105,,
2018,2,27,20,0,12.3,129,50.2,7.4,0,0.0,0,0.0,0,1001.1,184.9323578110803,3.6629784450558094,115,,
2018,2,27,21,0,12.1,144,50.8,7.6,0,0.0,0,0.0,0,1000.7,167.58145888508204,4.34807084292601,123,,
2018,2,27,22,0,12.5,161,39.4,8.1,0,0.0,0,0.0,0,1000.2,159.95795898422466,4.704580500008965,128,,
2018,2,27,23,0,13,179,11.9,8.7,0,0.0,0,0.0,0,999.5,160.7040524472493,4.922004746437497,130,,
2018,2,28,0,0,13.1,-162,0,9,0,0.0,0,0.0,0,999,152.8256174289471,5.698037425777565,128,,
2018,2,28,1,0,12.8,-145,0,9.2,0,0.0,0,0.0,0,998.5,154.68812467441478,5.761109116193822,123,,
2018,2,28,2,0,12.5,-130,0,9.3,0,0.0,0,0.0,0,998,157.4627957069464,6.326403819416776,115,,
2018,2,28,3,0,12.5,-118,0,9.7,0,0.0,0,0.0,0,997.6,155.37865169769918,6.454245578557639,106,,
2018,2,28,4,0,12.8,-107,1.2,10.4,0,0.0,0,0.0,0,997.2,156.17449114848046,6.656634431581698,96,,
2018,2,28,5,0,13,-97,60.7,11.1,5,3.0,0,1.0000000000000002,0,996.9,156.45343333791072,6.9833164863754975,85,,
2018,2,28,6,0,13.8,-87,75.2,11.8,71,97.0,0,44.15250381372225,0,996.5,152.28081142223198,6.721577692484234,73,,
2018,2,28,7,0,15,-76,66.3,12.6,140,189.0,0,163.73213696213546,0,996.1,161.03259777539358,6.18932947894189,62,,
2018,2,28,8,0,16.2,-64,86.6,13.4,70,542.0,0,391.2114607992913,0,995.8,166.15112394180017,5.413973594254823,52,,
2018,2,28,9,0,16.9,-48,95.5,14.2,35,688.0,0,588.4199325652294,0,995.2,176.64357153424908,6.058977312924134,42,,
2018,2,28,10,0,17.2,-26,95.4,15,37,223.0,0,505.5907171052671,0,994.4,196.43197670192464,2.957718369990722,36,,
2018,2,28,11,0,17.4,-1,97,15.8,29,205.0,0,550.7375086807588,0,993.5,209.3272634141663,4.898290854027885,33,,
2018,2,28,12,0,17.7,25,92.1,16.3,65,295.0,0,635.5606930172703,0,992.9,210.40417318246148,8.389888173433388,35,,
2018,2,28,13,0,18.1,47,88.5,16.6,84,91.0,0,431.5663658025257,0,992.5,236.66096343475533,9.571195662873444,42,,
2018,2,28,14,0,18.4,63,85.3,16.9,86,78.0,0,363.6978843020131,0,992.1,291.6198408688323,9.113035412091584,51,,
2018,2,28,15,0,18.4,76,86.9,16.9,58,40.0,0,234.17191941453427,0,992,332.3891821787471,7.334279910049385,62,,
2018,2,28,16,0,18,86,93.7,16.7,18,27.0,0,143.5938274191698,0,992.2,23.11463272747,9.604005163011232,73,,
2018,2,28,17,0,17.6,96,65.7,16.5,7,76.0,0,115.222603454883,0,992.3,15.03722399586144,8.175456092080587,84,,
2018,2,28,18,0,17.1,106,49.9,16.1,3,60.0,0,29.02163401284862,0,992.8,26.53604555374767,7.117204387657321,95,,
2018,2,28,19,0,16.5,117,51,15.4,0,0.0,0,0.0,0,993.4,35.47549268972671,9.779849223298877,106,,
2018,2,28,20,0,15.8,129,51.5,14.7,0,0.0,0,0.0,0,994.1,33.59702832494838,9.215470231684984,115,,
2018,2,28,21,0,15.2,144,51.9,14.2,0,0.0,0,0.0,0,994.5,30.83977919915713,9.113856425408866,123,,
2018,2,28,22,0,14.7,161,51.5,13.7,0,0.0,0,0.0,0,994.9,21.65587716663447,6.836022360138738,128,,
2018,2,28,23,0,14.1,180,26.1,13.3,0,0.0,0,0.0,0,995.2,1.8155660213582792,5.4326588904909165,130,,
2018,3,1,0,0,13.7,-162,4.3,12.8,0,0.0,0,0.0,0,995.6,25.769426806724027,4.379643469217281,128,,
2018,3,1,1,0,13.3,-144,0,12.4,0,0.0,0,0.0,0,996.1,30.57718738686566,5.368036266885538,123,,
2018,3,1,2,0,13,-130,0,12,0,0.0,0,0.0,0,996.6,45.6370560868578,7.840979953271007,116,,
2018,3,1,3,0,12.8,-117,0,11.7,0,0.0,0,0.0,0,997.3,48.562632690150906,8.195558280641247,106,,
2018,3,1,4,0,12.7,-107,0,11.6,1,0.0,1,0.0,0,998.2,47.35785408279315,7.842646688397297,96,,
2018,3,1,5,0,12.7,-97,1,11.4,27,8.0,51,1.0000000000000004,0,999,58.74373119333222,7.495959186787371,85,,
2018,3,1,6,0,13.4,-87,0.5,11.2,52,218.0,202,51.87212326852832,0,999.8,56.42827471746921,7.736838331880616,74,,
2018,3,1,7,0,14.5,-76,0.1,11,64,408.0,394,206.98538539743944,0,1000.6,68.9567855570383,9.332597222775954,62,,
2018,3,1,8,0,15.8,-63,5.2,10.8,142,612.0,465,412.10003001392886,0,1001.4,72.47783861449216,10.715196596038494,52,,
2018,3,1,9,0,16.2,-47,27.9,10.4,382,690.0000000000001,178,594.1729251371921,0,1002.1,77.30849547345122,9.847787437790808,43,,
2018,3,1,10,0,16.1,-26,14.8,9.9,240,775.0,519,747.1468881890527,0,1002.8,81.47202562547,7.681857686257988,36,,
2018,3,1,11,0,15.8,-1,0.7,9.4,92,818.0000000000001,819,855.5633345528279,0,1003.5,79.66494051851953,6.832782693131006,33,,
2018,3,1,12,0,15.6,25,0.5,9.1,86,789.0,799,879.9669486436492,0,1004.1,78.63467767860942,6.537622518831911,36,,
2018,3,1,13,0,15.5,46,15.8,9,274,752.0,404,846.6678956678377,0,1004.6,70.16727637289654,5.086094591612314,42,,
2018,3,1,14,0,15.3,63,11.5,8.9,215,688.0,359,749.6933884102875,0,1005.2,66.64738554160385,4.352650867555646,51,,
2018,3,1,15,0,14.9,75,1.6,8.8,82,540.0,383,569.5842523488103,0,1005.9,66.16799372510673,3.711749323335798,62,,
2018,3,1,16,0,14.3,86,3.8,8.7,65,381.0,197,365.2663033576513,0,1006.6,78.13810214034959,5.16897252628983,73,,
2018,3,1,17,0,13.6,96,2.1,8.6,31,208.0,45,167.28197863092893,0,1007.3,85.86934474667027,5.3992791465148855,84,,
2018,3,1,18,0,12.8,106,0,8,4,70.0,2,26.52282727548377,0,1007.8,76.92157738533922,5.69232962507084,95,,
2018,3,1,19,0,11.8,117,0,7.2,0,0.0,0,0.0,0,1008.2,84.47711917821181,5.590895217327095,106,,
2018,3,1,20,0,10.9,129,0,6.3,0,0.0,0,0.0,0,1008.5,186.9267764422932,4.113520311905676,116,,
2018,3,1,21,0,10.5,143,0,6.1,0,0.0,0,0.0,0,1008.6,203.71978477100612,6.671226242113186,123,,
2018,3,1,22,0,10.7,161,0,6.4,0,0.0,0,0.0,0,1008.8,202.20453737571128,5.741192753583438,129,,
2018,3,1,23,0,10.8,180,0,6.8,0,0.0,0,0.0,0,1008.9,210.36759517997248,4.5110003076877545,131,,
2018,3,2,0,0,10.7,-161,0,6.9,0,0.0,0,0.0,0,1009,216.9181227620796,4.524952774697134,129,,
2018,3,2,1,0,10.4,-144,0,6.8,0,0.0,0,0.0,0,1009.2,185.32877893013244,3.845967296789607,124,,
2018,3,2,2,0,10.1,-129,0,6.7,0,0.0,0,0.0,0,1009.3,170.95252751547673,3.536677754954346,116,,
2018,3,2,3,0,9.9,-117,0,6.6,0,0.0,0,0.0,0,1009.5,166.93251875455417,3.841920285359068,107,,
2018,3,2,4,0,9.8,-106,0,6.5,0,0.0,1,0.0,0,1009.6,165.75836803571383,3.0228328149436865,96,,
2018,3,2,5,0,9.7,-96,1,6.4,26,0.0,55,1.0,0,1009.7,152.55323343755003,2.781329689598699,85,,
2018,3,2,6,0,10.8,-86,1.2,6.5,53,30.0,202,29.16037308129089,0,1009.7,147.54274174944146,2.1558532626284324,74,,
2018,3,2,7,0,12.6,-76,35.6,6.8,177,41.0,97,98.89018596176412,0,1009.4,148.45258118484162,3.691011890155551,63,,
2018,3,2,8,0,14.5,-63,52,7.1,313,131.0,2,244.65200667651425,0,1009.1,153.35614439636447,2.540254236924143,52,,
2018,3,2,9,0,15.5,-47,35.4,7.3,411,286.0,108,429.183054509257,0,1008.6,170.08611190265162,2.11854903581818,43,,
2018,3,2,10,0,15.8,-26,10,7.5,220,240.0,579,506.6612621533265,0,1007.9,208.3279291006052,2.3708300875980663,36,,
2018,3,2,11,0,16.1,0,13,7.6,298,161.0,497,504.1214262931659,0,1007.2,234.87266576561973,3.150431538722361,34,,
2018,3,2,12,0,16.1,25,17.8,7.9,362,247.0,362,591.836807591413,0,1006.7,246.3837897621732,3.5889027454924283,36,,
2018,3,2,13,0,16,46,60.3,8.2,191,319.0,139,619.5094346310741,0,1006.2,254.7307359375177,4.510039746200272,43,,
2018,3,2,14,0,15.9,62,83,8.5,107,278.0,0,532.1393582662279,0,1005.8,254.61228152123763,4.293056330945944,52,,
2018,3,2,15,0,15.5,75,76.4,8.7,102,336.0,0,469.4384923946741,0,1005.6,267.5559764401564,3.8301442095372327,62,,
2018,3,2,16,0,15.1,86,63.6,8.9,82,181.0,0,270.2352226900538,0,1005.6,269.36819043541834,3.4760414161640125,73,,
2018,3,2,17,0,14.6,96,42,9.1,30,114.0,0,129.27579227204603,0,1005.6,261.4182608615497,3.18877776097588,85,,
2018,3,2,18,0,14.2,106,28.8,9.3,3,49.0,0,21.5282931413567,0,1005.8,272.46467948979654,3.4687850709809007,96,,
2018,3,2,19,0,13.7,116,43.6,9.4,0,0.0,0,0.0,0,1006.1,271.0960865404493,3.0630604756581388,106,,
2018,3,2,20,0,13.3,129,53.3,9.5,0,0.0,0,0.0,0,1006.4,284.50320255411094,2.2305017926496027,116,,
2018,3,2,21,0,13.1,143,53.1,9.6,0,0.0,0,0.0,0,1006.4,289.7309179609614,1.696529619534548,124,,
2018,3,2,22,0,13.2,160,63.6,9.6,0,0.0,0,0.0,0,1006.2,285.0436773215506,1.4447787768562037,129,,
2018,3,2,23,0,13.3,180,69.2,9.6,0,0.0,0,0.0,0,1005.9,275.51299025576134,1.049532407004937,131,,
2018,3,3,0,0,13.3,-161,68.9,9.7,0,0.0,0,0.0,0,1005.7,325.8586894287631,0.8769708304540087,129,,
2018,3,3,1,0,13.3,-144,65.6,9.8,0,0.0,0,0.0,0,1005.5,124.27514024781652,0.3580819793479083,124,,
2018,3,3,2,0,13.3,-129,67.2,10,0,0.0,0,0.0,0,1005.3,152.1318574767173,0.499313837347318,116,,
2018,3,3,3,0,13.3,-117,68.3,10.1,0,0.0,0,0.0,0,1005.5,151.16551306636882,1.6295242783761903,107,,
2018,3,3,4,0,13.3,-106,25.1,10.3,1,0.0,0,0.0,0,1005.9,156.21122885671377,2.5426903380356647,96,,
2018,3,3,5,0,13.4,-96,30.7,10.5,36,0.0,3,0.0,0,1006.3,162.3061118824089,3.295035404947076,85,,
2018,3,3,6,0,14.1,-86,17.3,10.4,65,93.0,157,40.20085112387212,0,1006.6,167.92824451110664,3.313008467318293,74,,
2018,3,3,7,0,15.3,-75,6.4,10.2,140,178.0,270,156.61429644350488,0,1006.8,156.04520065886263,4.432843740606633,63,,
2018,3,3,8,0,16.6,-63,25.1,9.9,331,403.0,129,348.3341770918058,0,1006.9,154.80397638977638,2.627693213827603,52,,
2018,3,3,9,0,17.1,-47,43.1,9.5,416,510.0,20,522.7475278955712,0,1006.8,181.4602240855509,2.299330676689265,43,,
2018,3,3,10,0,17.1,-26,27.6,9.2,379,700.0000000000001,254,703.922873942452,0,1006.5,220.3732735714559,2.5617698582899293,37,,
2018,3,3,11,0,17,0,21.2,8.8,421,617.0,289,748.3245762388892,0,1006.2,240.72546883194173,3.3236432950213817,34,,
2018,3,3,12,0,16.9,25,16.7,8.4,343,480.0,383,711.3651596590045,0,1005.9,249.8261422898392,3.846841762718321,36,,
2018,3,3,13,0,16.8,46,41.6,8,294,373.0,174,633.5180121349057,0,1005.6,256.91012274906194,5.029865980818198,43,,
2018,3,3,14,0,16.7,62,25.6,7.7,209,347.0,247,556.8868478483101,0,1005.3,262.4562050268784,5.344598401632956,52,,
2018,3,3,15,0,16.2,75,32.6,7.5,186,431.0,138,505.3369233607898,0,1005.1,269.00793324415906,5.823626855955344,63,,
2018,3,3,16,0,15.6,85,47.3,7.4,131,353.0,0,344.09334588280194,0,1005.1,269.1880818468788,5.409966999145448,74,,
2018,3,3,17,0,15,95,17.2,7.3,37,75.0,1,103.80021976095664,0,1005.1,263.485106556447,5.420255771009105,85,,
2018,3,3,18,0,14.4,105,0,7.3,3,16.0,1,11.706305013884272,0,1005.1,266.4473833411206,5.886311639125632,96,,
2018,3,3,19,0,14,116,0,7.3,0,0.0,0,0.0,0,1005,307.75339541369976,4.4396879685362,107,,
2018,3,3,20,0,13.6,128,0,7.3,0,0.0,0,0.0,0,1005,16.05602416250855,7.503133580124671,116,,
2018,3,3,21,0,13.6,143,0,7.5,0,0.0,0,0.0,0,1004.6,38.62523035730726,11.0563112852383,124,,
2018,3,3,22,0,13.7,160,0,7.8,0,0.0,0,0.0,0,1004,27.74407997314421,9.641372184918888,129,,
2018,3,3,23,0,13.9,180,0,8.1,0,0.0,0,0.0,0,1003.4,23.4271903870453,9.681906879050713,131,,
2018,3,4,0,0,14.1,-161,0.6,8.3,0,0.0,0,0.0,0,1002.8,29.1733818223932,9.848684330636704,130,,
2018,3,4,1,0,14.3,-144,33,8.5,0,0.0,0,0.0,0,1002.2,26.91245603050163,9.36370678039362,124,,
2018,3,4,2,0,14.6,-129,51.1,8.6,0,0.0,0,0.0,0,1001.6,25.520889189532625,8.298194625854306,117,,
2018,3,4,3,0,14.9,-116,51.1,8.8,0,0.0,0,0.0,0,1001.3,33.511377770461365,7.9030265569683555,107,,
2018,3,4,4,0,15.1,-106,51.7,9.1,1,0.0,0,0.0,0,1001.2,38.69388824808186,7.179418913722802,97,,
2018,3,4,5,0,15.3,-96,53.7,9.5,29,0.0,0,0.0,0,1001.2,46.38663636452662,6.770078576398271,85,,
2018,3,4,6,0,15.8,-86,60.2,10.1,85,484.0,0,44.00000000000003,0,1001,49.15954273942981,5.405063283913284,74,,
2018,3,4,7,0,16.3,-75,67.2,10.8,135,738.0,0,234.7112189218981,0,1000.6,48.838242375446384,6.261650870390154,63,,
2018,3,4,8,0,16.9,-62,65.8,11.6,208,839.0,0,447.1122767040589,0,1000.3,55.20889373186492,6.371087411658656,53,,
2018,3,4,9,0,17.2,-46,67.8,11.9,239,886.0,0,637.703813480993,0,999.8,59.04463230820522,6.291351972587648,43,,
2018,3,4,10,0,17.2,-25,58.1,11.8,357,891.0,0,784.3974980184507,0,999.2,55.29850274820171,6.275685198673422,37,,
2018,3,4,11,0,17.1,0,51.8,11.8,421,893.0,0,879.6547643766256,0,998.6,50.69732817875075,6.2324727151076855,34,,
2018,3,4,12,0,17,25,51.3,11.8,410,836.0,0,892.7540909483052,0,998,41.55167333197329,6.328635663750166,37,,
2018,3,4,13,0,16.8,46,50.1,11.8,375,619.0,0,768.6060321037537,0,997.3,31.52805091185252,6.71284550553698,43,,
2018,3,4,14,0,16.6,62,59.3,11.9,250,226.0,2,483.24407809724886,0,996.6,28.1967502610288,7.032271823808915,52,,
2018,3,4,15,0,16.3,74,28.5,12,161,95.0,117,293.9221746039144,0,996,33.20038898003145,7.780306502289082,63,,
2018,3,4,16,0,15.8,85,30.9,12.1,105,33.0,65,141.24595388586067,0,995.6,38.47442202742724,8.555209905968805,74,,
2018,3,4,17,0,15.3,95,15.8,12.3,33,16.0,0,56.64073616747241,0,995.1,39.99391424368781,8.8056151943029,85,,
2018,3,4,18,0,14.7,105,0,12.1,2,7.0,0,8.14934234436307,0,994.6,38.16903167340695,9.516997105308713,96,,
2018,3,4,19,0,14.1,116,0,11.7,0,0.0,0,0.0,0,993.9,37.181254334144,10.01870261589834,107,,
2018,3,4,20,0,13.4,128,0,11.3,0,0.0,0,0.0,0,993.2,37.931583053749705,10.577890165305824,117,,
2018,3,4,21,0,12.7,143,0,10.8,0,0.0,0,0.0,0,993.1,44.84565038676817,11.150437676174622,124,,
2018,3,4,22,0,12,160,0,10.1,0,0.0,0,0.0,0,993.3,51.41693545712934,11.81343471017976,130,,
2018,3,4,23,0,11.2,180,0,9.5,0,0.0,0,0.0,0,993.6,56.384850743538834,10.667695608033048,132,,
2018,3,5,0,0,10.6,-161,0.6,8.9,0,0.0,0,0.0,0,994.3,61.69734175629071,9.959667911776592,130,,
2018,3,5,1,0,10.1,-143,33.6,8.4,0,0.0,0,0.0,0,995.4,49.14435653647803,5.350783342875404,125,,
2018,3,5,2,0,9.7,-129,52,8,0,0.0,0,0.0,0,996.5,53.96012928841105,5.760467729692816,117,,
2018,3,5,3,0,9.5,-116,50.9,7.7,0,0.0,0,0.0,0,997.7,43.28024451419083,5.44748665685013,107,,
2018,3,5,4,0,9.5,-105,18.1,7.5,1,0.0,0,0.0,0,999,41.60962927846799,5.587221704930191,97,,
2018,3,5,5,0,9.5,-95,0.2,7.3,34,0.0,25,0.0,0,1000.4,42.81714081330267,5.64282241350579,86,,
2018,3,5,6,0,10.2,-85,12,6.9,128,428.0,63,36.00000000000003,0,1001.4,45.544588265247626,5.285413088764107,74,,
2018,3,5,7,0,11.2,-75,6.7,6.4,114,447.0,303,196.19650381035615,0,1002.2,52.21550673597267,6.087445470146638,63,,
2018,3,5,8,0,12.4,-62,0.9,5.8,99,582.0,519,384.4561911592597,0,1002.9,66.01685181177459,5.843619982655109,53,,
2018,3,5,9,0,12.9,-46,5.8,5.3,187,799.0,535,608.0047646997709,0,1003.2,77.6180243292066,7.109209415058497,44,,
2018,3,5,10,0,13.1,-25,7.9,4.8,233,830.0000000000001,559,746.3001239013126,0,1003.1,75.39883452392229,6.3899637453784965,37,,
2018,3,5,11,0,13.2,0,7.3,4.4,222,819.0000000000001,605,831.7123208751992,0,1002.9,68.19938666432364,6.525268900654235,35,,
2018,3,5,12,0,13.4,25,7.3,4.3,203,817.0000000000001,592,870.1454884546828,0,1002.4,65.32232087131109,6.736315383523032,37,,
2018,3,5,13,0,13.6,45,47.6,4.4,200,797.0,214,845.5675515175498,0,1001.7,50.68408260806069,6.9424093978143135,44,,
2018,3,5,14,0,13.8,61,27.4,4.6,158,711.0,254,736.9229965276683,0,1000.9,47.29969502017178,7.223451350894218,53,,
2018,3,5,15,0,13.7,74,44.6,5.1,117,572.0000000000001,142,562.341975844796,0,1000.3,54.12517998576772,7.678550573967023,63,,
2018,3,5,16,0,13.5,85,50.5,5.9,92,576.0000000000001,0,427.35198928259183,0,999.9,63.754444689180616,7.773295833504418,74,,
2018,3,5,17,0,13.2,95,78.5,6.6,30,335.0,0,195.47937069808853,0,999.4,67.3076721257541,7.6770456529690705,86,,
2018,3,5,18,0,13.2,105,95.6,7.3,0,97.0,0,26.441660863522777,0,998.7,68.43038547830349,6.970296581209942,97,,
2018,3,5,19,0,13.4,116,96.3,8,0,0.0,0,0.0,0,997.7,55.88536880015448,7.08196624625031,107,,
2018,3,5,20,0,13.7,128,98.1,8.6,0,0.0,0,0.0,0,996.8,66.18331764710996,8.727865564087411,117,,
2018,3,5,21,0,13.7,143,97.7,9.4,0,0.0,0,0.0,0,995.9,73.11549938528424,8.765559395121308,125,,
2018,3,5,22,0,13.6,160,79.4,10.2,0,0.0,0,0.0,0,995.1,82.71029451129249,8.354391637628455,130,,
2018,3,5,23,0,13.4,180,68.6,11.1,0,0.0,0,0.0,0,994.2,99.23398092256708,6.828231304397439,132,,
2018,3,6,0,0,13.4,-161,67.5,11.6,0,0.0,0,0.0,0,993.7,117.78553345171504,5.382305553244377,130,,
2018,3,6,1,0,13.4,-143,49.1,11.8,0,0.0,0,0.0,0,993.4,138.61451177499998,6.092789290576138,125,,
2018,3,6,2,0,13.4,-128,14.1,12,0,0.0,0,0.0,0,993.1,142.06914046895565,6.191784175084614,117,,
2018,3,6,3,0,13.4,-116,0,12,0,0.0,0,0.0,0,993.3,144.62671056036515,6.083471721769056,108,,
2018,3,6,4,0,13.3,-105,0.3,11.8,1,0.0,0,0.0,0,993.7,147.30425279292697,5.556438127257145,97,,
2018,3,6,5,0,13.2,-95,13.5,11.5,37,0.0,0,0.0,0,994.2,146.9764974831279,4.819351799193835,86,,
2018,3,6,6,0,13.6,-85,30.9,11.1,122,222.0,4,34.000000000000014,0,994.6,147.12999218188486,4.352594304648944,75,,
2018,3,6,7,0,14.3,-74,15.6,10.6,161,234.0,187,155.66397457615318,0,995.1,142.263490382918,3.916024102941454,64,,
2018,3,6,8,0,15.1,-62,35.8,10,244,328.0,113,306.70308622201486,0,995.6,134.61964401388036,3.5627158668434995,53,,
2018,3,6,9,0,15.4,-46,19.5,9,168,491.0,452,491.2915264177335,0,996.1,147.46503440799643,2.001918423979932,44,,
2018,3,6,10,0,15.2,-25,0,7.8,93,718.0,754,688.5464924936216,0,996.6,213.9409963428945,0.6029849388873352,38,,
2018,3,6,11,0,14.9,0,0,6.5,87,810.0,795,814.8553415524656,0,997.1,287.3376042286765,1.6770250022016184,35,,
2018,3,6,12,0,14.9,25,0,5.9,83,885.0,768,892.1389701035339,0,997.4,287.072206586733,2.931417427486973,38,,
2018,3,6,13,0,14.9,45,0,5.8,79,863.0,681,868.6588177195664,0,997.7,278.5590244487154,4.944223630572605,44,,
2018,3,6,14,0,15,61,0,5.8,74,821.0000000000001,542,782.8341915340144,0,998,283.13565847162874,4.995453531793862,53,,
2018,3,6,15,0,14.7,74,0,5.9,67,753.0,367,638.0718702516933,0,998.3,286.015670735958,5.386308821806034,63,,
2018,3,6,16,0,14.2,85,0,6.2,52,633.0,180,441.9068872062165,0,998.7,286.7607162747907,6.320768511981891,75,,
2018,3,6,17,0,13.6,95,0,6.4,18,409.0,41,212.20484984038637,0,999.1,294.0540807288176,6.55935283310022,86,,
2018,3,6,18,0,13.1,105,0.6,6.9,1,102.0,0,25.723142115507272,0,999.4,305.22875111765313,6.627034779030698,97,,
2018,3,6,19,0,12.7,115,30.9,7.5,0,0.0,0,0.0,0,999.7,308.2626747288032,5.297414667775324,108,,
2018,3,6,20,0,12.3,128,47.9,8.1,0,0.0,0,0.0,0,1000,325.533941091309,4.054788827089412,117,,
2018,3,6,21,0,12.3,143,49.1,8.9,0,0.0,0,0.0,0,999.8,340.4425698229606,4.011983222006899,125,,
2018,3,6,22,0,12.7,160,51.2,9.8,0,0.0,0,0.0,0,999.4,348.1569946794234,4.039851224173479,131,,
2018,3,6,23,0,13.2,180,51.5,10.8,0,0.0,0,0.0,0,998.9,348.7452095960932,3.482499408982029,132,,
2018,3,7,0,0,13.6,-160,56.3,11.5,0,0.0,0,0.0,0,998.4,338.2182325353378,2.777133788852166,131,,
2018,3,7,1,0,13.9,-143,74.4,12,0,0.0,0,0.0,0,997.9,321.18162906635047,1.3226397392202296,125,,
2018,3,7,2,0,14.1,-128,83,12.6,0,0.0,0,0.0,0,997.4,335.1069990450057,1.1936601425224478,117,,
2018,3,7,3,0,14.3,-115,82.6,12.9,0,0.0,0,0.0,0,997.2,350.675307332641,0.9357042598343244,108,,
2018,3,7,4,0,14.4,-105,63.8,13.1,0,0.0,0,0.0,0,997.2,23.77621725809433,0.7091100071761605,97,,
2018,3,7,5,0,14.5,-95,60.5,13.2,21,0.0,0,0.0,0,997.3,63.3900945179542,1.1157414875069056,86,,
2018,3,7,6,0,14.8,-85,68.1,13.4,66,527.0,0,31.000000000000032,0,997.4,86.35956063763967,1.3611450072152909,75,,
2018,3,7,7,0,15.3,-74,72.8,13.7,109,637.0,0,206.1288395436937,0,997.5,106.48466600659611,1.286269636124774,64,,
2018,3,7,8,0,15.9,-61,75.1,13.9,145,823.0000000000001,0,424.4374874821541,0,997.6,114.65325702723965,1.498934387146538,53,,
2018,3,7,9,0,16.1,-45,81.8,13.8,129,879.0,0,614.664603661728,0,997.7,120.86970360952633,1.096780149048492,44,,
2018,3,7,10,0,16.2,-25,67.6,13.6,267,906.0,0,761.8629219480174,0,997.8,249.7647695017455,1.2656129671631529,38,,
2018,3,7,11,0,16.3,0,61.2,13.3,326,912.0,0,858.291179990446,0,997.8,260.4576589986634,3.017583280392289,36,,
2018,3,7,12,0,16.3,24,66.9,13.1,270,902.0,0,895.4388735038107,0,997.8,262.5213493329984,4.136013370707204,38,,
2018,3,7,13,0,16.4,45,65.6,13,248,879.0,1,872.0117540342992,0,997.9,263.3027814666536,4.080087335776108,44,,
2018,3,7,14,0,16.4,61,41.6,13,293,841.0,39,787.3096310758069,0,997.9,261.0203835376925,3.849424910323207,53,,
2018,3,7,15,0,16.3,74,35.9,13,248,773.0,22,641.649513036024,0,998.2,262.5028154854988,4.12584690590012,64,,
2018,3,7,16,0,16,84,40,13,131,655.0,0,446.0891399545636,0,998.6,262.02088775887927,3.878121272599414,75,,
2018,3,7,17,0,15.7,94,59.1,13.1,32,429.0,0,213.93625486669683,0,999,263.4762567370148,3.425255181558876,86,,
2018,3,7,18,0,15.3,104,70,13,0,101.0,0,24.055320258893698,0,999.5,272.4975792682603,3.1037784702778928,97,,
2018,3,7,19,0,14.8,115,78.3,12.8,0,0.0,0,0.0,0,1000.1,293.3721334835276,2.571867556462693,108,,
2018,3,7,20,0,14.3,128,83,12.6,0,0.0,0,0.0,0,1000.7,325.91549256539145,1.9573417767465824,118,,
2018,3,7,21,0,14.1,142,82.6,12.6,0,0.0,0,0.0,0,1000.9,2.1579703536637,2.035867650904413,126,,
2018,3,7,22,0,14.1,160,60.3,12.8,0,0.0,0,0.0,0,1000.8,15.921033459959917,2.050582803479819,131,,
2018,3,7,23,0,14.1,180,47.7,12.9,0,0.0,0,0.0,0,1000.7,6.386266103324431,1.3410856313680817,133,,
2018,3,8,0,0,14.1,-160,47.1,12.9,0,0.0,0,0.0,0,1000.5,318.7041431722479,1.1730783260777229,131,,
2018,3,8,1,0,14,-143,16.9,12.8,0,0.0,0,0.0,0,1000.4,289.7663664639468,1.5383971078154663,126,,
2018,3,8,2,0,14,-128,0,12.7,0,0.0,0,0.0,0,1000.2,305.5399478307812,1.4326613301742404,118,,
2018,3,8,3,0,14,-115,0,12.7,0,0.0,0,0.0,0,1000.2,320.28035819102104,1.3130984531426304,108,,
2018,3,8,4,0,14,-104,0.7,12.7,1,0.0,0,0.0,0,1000.4,14.880311061451778,0.7757718472712885,97,,
2018,3,8,5,0,14,-94,34.4,12.7,28,0.0,0,0.0,0,1000.6,61.28964506281108,1.061675396862895,86,,
2018,3,8,6,0,14.5,-84,65.3,12.9,68,558.0,0,29.00000000000004,0,1000.8,112.79538183174792,0.6559713771262796,75,,
2018,3,8,7,0,15.3,-74,71,13.2,122,680.0,0,207.18775962263743,0,1001,141.83629866295837,1.0920752919286836,64,,
2018,3,8,8,0,16.2,-61,71.3,13.5,172,815.0000000000001,0,417.652452305293,0,1001.1,135.48989497087007,1.6960134155984417,54,,
2018,3,8,9,0,16.7,-45,72.6,13.5,203,891.0,0,612.842669990979,0,1001,130.676353444994,1.1724105628415964,45,,
2018,3,8,10,0,16.9,-24,69.5,13.2,255,902.0,0,760.945838336877,0,1000.6,189.6379701654409,1.2045011700362829,38,,
2018,3,8,11,0,17.1,0,58.1,12.8,361,903.0,0,855.0887830667428,0,1000.1,227.64340024227923,2.133603406986939,36,,
2018,3,8,12,0,17.2,24,43.3,12.6,463,875.0,7,882.2509531990381,0,999.7,245.9074098710604,3.275045177643148,38,,
2018,3,8,13,0,17.3,45,26.5,12.6,385,830.0000000000001,156,846.2462945070353,0,999.4,252.5452116882856,3.4616410291689985,45,,
2018,3,8,14,0,17.3,61,28.3,12.6,325,788.0,109,759.1698779687744,0,999.1,254.10885170708195,4.108678983626461,54,,
2018,3,8,15,0,17.1,73,12.5,12.6,156,709.0,197,610.8723054446084,0,999,253.2741295244117,4.126230027578901,64,,
2018,3,8,16,0,16.7,84,30.2,12.6,71,568.0000000000001,104,409.118667178205,0,999.1,256.1377047097003,4.173811016842058,75,,
2018,3,8,17,0,16.3,94,16.9,12.7,28,325.0,0,181.17448480334343,0,999.2,258.21382207677624,3.859446057734999,86,,
2018,3,8,18,0,16,104,1.1,12.8,0,62.0,0,16.924120278464162,0,999.3,263.3819913066734,3.586397635996714,98,,
2018,3,8,19,0,15.9,115,54.8,13,0,0.0,0,0.0,0,999.5,265.17170460313355,1.94047970988088,108,,
2018,3,8,20,0,15.7,127,84.3,13.1,0,0.0,0,0.0,0,999.6,302.9887457658796,0.918317006381978,118,,
2018,3,8,21,0,15.5,142,83.6,13.3,0,0.0,0,0.0,0,999.5,349.4614451213532,0.5085786761556569,126,,
2018,3,8,22,0,15.3,160,64.9,13.5,0,0.0,0,0.0,0,999.2,76.36428767344222,0.8978656109649963,131,,
2018,3,8,23,0,15.1,-180,52.8,13.6,0,0.0,0,0.0,0,998.9,109.81136937728502,1.5170339740426575,133,,
2018,3,9,0,0,15,-160,51.2,13.8,0,0.0,0,0.0,0,998.8,130.50354478311658,1.909160284153518,131,,
2018,3,9,1,0,14.9,-142,18.4,13.9,0,0.0,0,0.0,0,998.7,149.99577973273608,3.6528542962458266,126,,
2018,3,9,2,0,14.9,-127,0,14,0,0.0,0,0.0,0,998.6,157.6519507940759,4.861213808412965,118,,
2018,3,9,3,0,14.7,-115,0,14,0,0.0,0,0.0,0,998.8,165.5245406699462,5.159895706240931,108,,
2018,3,9,4,0,14.5,-104,0,13.8,0,0.0,1,0.0,0,999.2,164.73083790109956,4.8048691443866085,98,,
2018,3,9,5,0,14.4,-94,0,13.6,20,0.0,40,0.0,0,999.6,161.17927025142353,4.460410365878695,87,,
2018,3,9,6,0,14.7,-84,0.2,13.7,46,276.0,174,30.000000000000018,0,1000.1,157.83839829067995,4.247638116222163,75,,
2018,3,9,7,0,15.5,-73,12.2,13.9,162,325.0,199,160.36435496183324,0,1000.6,161.44301562250723,4.204696205609289,64,,
2018,3,9,8,0,16.4,-60,32.4,14.1,335,608.0,64,367.4124615105021,0,1001.1,154.6516256046134,4.237037553562737,54,,
2018,3,9,9,0,16.8,-44,46.2,13.9,397,821.0000000000001,0,588.1549763400637,0,1001.4,173.0403190955509,3.525980604686395,45,,
2018,3,9,10,0,16.9,-24,54.7,13.4,376,881.0,0,750.8613307918966,0,1001.5,208.62824729985545,3.702940167671237,39,,
2018,3,9,11,0,17,0,63.9,12.9,311,889.0,0,847.160930036361,0,1001.6,229.01084708402152,4.420403609781359,36,,
2018,3,9,12,0,16.9,24,66.3,12.4,279,880.0,0,883.7901291424486,0,1001.8,241.01765738340228,4.644082788066675,39,,
2018,3,9,13,0,16.6,45,65.4,12,256,856.0,0,858.4624078586697,0,1002,244.9721447716739,3.9316756222754847,45,,
2018,3,9,14,0,16.4,60,64.3,11.6,213,814.0,0,770.968169057741,0,1002.3,248.90238492345017,3.9935217566780494,54,,
2018,3,9,15,0,15.9,73,52.5,11,189,744.0,0,624.9810046367977,0,1002.8,255.43115295324444,3.6309080731110286,64,,
2018,3,9,16,0,15.2,84,40.1,10.4,123,622.0,0,428.2996500067062,0,1003.5,261.4523744663284,3.364025534264161,75,,
2018,3,9,17,0,14.5,94,13.3,9.7,32,388.0,0,197.18438187515756,0,1004.2,267.1564777328773,3.2923838502097365,87,,
2018,3,9,18,0,13.7,104,0,9.2,0,65.0,0,17.02042183183776,0,1004.8,274.11308879308035,2.757101123904804,98,,
2018,3,9,19,0,12.9,115,0,8.7,0,0.0,0,0.0,0,1005.5,276.97691576680654,1.7104192671792833,109,,
2018,3,9,20,0,12.2,127,0,8.2,0,0.0,0,0.0,0,1006.2,285.8831179042396,1.635181898124602,118,,
2018,3,9,21,0,12,142,0,8.1,0,0.0,0,0.0,0,1006.6,307.8729751756367,0.6108357942417979,126,,
2018,3,9,22,0,12.3,160,0,8.3,0,0.0,0,0.0,0,1006.8,72.43857844616286,0.5874366401433105,132,,
2018,3,9,23,0,12.7,-180,0,8.6,0,0.0,0,0.0,0,1006.9,119.96969542156342,0.7023036397952349,134,,
2018,3,10,0,0,12.8,-160,0,8.6,0,0.0,0,0.0,0,1007,165.38394796067632,0.8543067948995571,132,,
2018,3,10,1,0,12.8,-142,0,8.4,0,0.0,0,0.0,0,1007.1,182.1757759277206,1.5433489946630818,126,,
2018,3,10,2,0,12.8,-127,0,8.2,0,0.0,0,0.0,0,1007.2,176.73840049652893,2.334347646366601,118,,
2018,3,10,3,0,12.8,-115,0,8.2,0,0.0,0,0.0,0,1007.4,168.9547371037581,2.943688630519282,109,,
2018,3,10,4,0,12.8,-104,0.4,8.2,1,0.0,0,0.0,0,1007.8,166.16271642688776,3.4615418916057643,98,,
2018,3,10,5,0,12.8,-94,22,8.3,38,0.0,0,0.0,0,1008.2,167.1492981539493,3.8320660448584767,87,,
2018,3,10,6,0,13.5,-84,47.2,8.4,105,72.0,1,25.000000000000004,0,1008.5,162.21057458145071,3.8580537534407977,75,,
2018,3,10,7,0,14.7,-73,34.8,8.5,210,94.0,76,110.38674753843868,0,1008.7,162.53907414416494,3.996658837122774,64,,
2018,3,10,8,0,16,-60,31.7,8.5,343,314.0,59,289.1291872418533,0,1008.8,160.95653354682122,4.187165887513374,54,,
2018,3,10,9,0,16.6,-44,64.7,8.4,239,743.0,9,560.8099332198526,0,1008.7,167.36689793634218,3.622363323702943,45,,
2018,3,10,10,0,16.8,-24,71.9,8.2,236,880.0,0,740.9724707677613,0,1008.5,200.67261836394505,4.100963410720996,39,,
2018,3,10,11,0,16.9,0,68,7.9,275,884.0,0,834.0351922563954,0,1008.2,224.9980500364329,5.072489883700417,37,,
2018,3,10,12,0,16.9,24,69.5,7.8,252,885.0,0,876.2492943731821,0,1007.9,240.3705098874333,5.23254428562282,39,,
2018,3,10,13,0,17,44,76.8,7.9,173,870.0,0,855.9284797404109,0,1007.6,245.6231895432352,5.241440209508858,45,,
2018,3,10,14,0,17,60,70.3,8.1,169,820.0000000000001,0,764.7667843696084,0,1007.3,250.51420862383247,4.79903848922137,54,,
2018,3,10,15,0,16.6,73,54.8,8.2,179,746.0,0,617.7661064231638,0,1007.2,257.9045522129446,4.243373283609953,65,,
2018,3,10,16,0,16.1,84,33.5,8.5,120,624.0,10,421.23538683812205,0,1007.2,273.351018036862,3.6170243623992495,76,,
2018,3,10,17,0,15.4,94,8.9,8.7,33,386.0,6,191.5620769441778,0,1007.3,281.561970348495,3.0476818874740763,87,,
2018,3,10,18,0,14.4,104,0,8.7,0,63.0,0,15.415556765417572,0,1007.4,276.12277460425565,2.664368474846299,98,,
2018,3,10,19,0,13.2,114,0,8.7,0,0.0,0,0.0,0,1007.4,262.7014901731835,2.110114257688439,109,,
2018,3,10,20,0,12,127,0,8.6,0,0.0,0,0.0,0,1007.5,254.51244244017047,0.86034189796865,119,,
2018,3,10,21,0,11.5,142,0,8.6,0,0.0,0,0.0,0,1007.3,136.2423221812487,1.1306698760599645,127,,
2018,3,10,22,0,11.6,160,0,8.8,0,0.0,0,0.0,0,1006.8,148.1858114505692,2.194720232476536,132,,
2018,3,10,23,0,11.8,-180,0,8.9,0,0.0,0,0.0,0,1006.3,181.2619506516175,1.8512790962008765,134,,
2018,3,11,0,0,11.9,-160,0.6,8.9,0,0.0,0,0.0,0,1005.9,174.92119408241786,1.5443935527790935,132,,
2018,3,11,1,0,11.9,-142,33.6,8.9,0,0.0,0,0.0,0,1005.5,137.93515531707362,1.955395286969364,127,,
2018,3,11,2,0,11.9,-127,52,8.9,0,0.0,0,0.0,0,1005.2,140.89052841165386,2.39030236205022,119,,
2018,3,11,3,0,12,-114,52,9,0,0.0,0,0.0,0,1005,82.90234898964763,2.155679115795164,109,,
2018,3,11,4,0,12.2,-103,50.7,9.2,0,0.0,1,0.0,0,1004.9,18.392046712248145,0.8248482420087775,98,,
2018,3,11,5,0,12.4,-93,19.6,9.4,26,0.0,26,0.0,0,1004.9,343.9449193132085,1.909436064772276,87,,
2018,3,11,6,0,13.3,-83,33.1,9.6,100,321.0,19,26.00000000000002,0,1004.9,324.4282049368527,2.5260877480514936,76,,
2018,3,11,7,0,14.8,-72,20.9,9.9,128,576.0000000000001,216,185.2212625810633,0,1004.8,331.5173348255512,3.5467217450074853,65,,
2018,3,11,8,0,16.3,-60,24.9,10.3,306,767.0,123,395.26814640553135,0,1004.8,58.732833089465146,4.4751876930215575,54,,
2018,3,11,9,0,17,-44,49.3,10.4,361,869.0,3,594.9310572555856,0,1004.6,58.38381643345019,6.861393112452539,46,,
2018,3,11,10,0,17.2,-23,40.2,10.2,432,926.0,61,754.6006798438893,0,1004.4,52.02168135945385,7.289742964437367,39,,
2018,3,11,11,0,17.3,0,46.2,10.1,420,941.0,34,856.0381951619582,0,1004.1,56.19868341025728,7.951146646045904,37,,
2018,3,11,12,0,17.2,24,66.9,10.3,271,934.0,0,896.4146999856882,0,1003.9,58.49108155191328,8.849451232453562,40,,
2018,3,11,13,0,17.1,44,72.5,10.8,196,909.0,0,870.8940489645347,0,1003.7,55.933828646607935,9.304497246835062,46,,
2018,3,11,14,0,17,60,66.9,11.3,186,867.0,0,783.4726151178828,0,1003.6,54.9505131635222,9.03341652118085,55,,
2018,3,11,15,0,16.6,73,49,11.7,188,798.0,1,636.0103983522794,0,1003.7,52.11561703371211,9.528349028443689,65,,
2018,3,11,16,0,16.1,83,20.6,12.2,113,674.0,28,435.5933400064589,0,1003.9,48.43857094764621,10.5517110686743,76,,
2018,3,11,17,0,15.6,93,3.4,12.6,25,433.0,16,200.50413383312107,0,1004.1,51.52019902930385,12.014801148445065,87,,
2018,3,11,18,0,15,103,0,12.7,0,67.0,0,14.599714423591912,0,1004.4,51.77804077571898,12.683121054734318,99,,
2018,3,11,19,0,14.5,114,0,12.6,0,0.0,0,0.0,0,1004.7,51.29551782640135,12.665329906810552,109,,
2018,3,11,20,0,13.9,127,0,12.5,0,0.0,0,0.0,0,1005,56.44692186140077,13.76387652140405,119,,
2018,3,11,21,0,13.6,142,0,12.4,0,0.0,0,0.0,0,1005.2,58.637845574421874,14.4698311358546,127,,
2018,3,11,22,0,13.6,160,0,12.4,0,0.0,0,0.0,0,1005.2,68.98888330306613,14.0022889718362,132,,
2018,3,11,23,0,13.6,-180,0,12.4,0,0.0,0,0.0,0,1005.1,73.67595924247706,14.17316309364994,134,,
2018,3,12,0,0,13.5,-159,0,12.1,0,0.0,0,0.0,0,1005.2,67.68775304265495,12.686950432098238,132,,
2018,3,12,1,0,13.3,-141,0,11.6,0,0.0,0,0.0,0,1005.5,64.38312131966211,11.89613483812924,127,,
2018,3,12,2,0,13,-126,0,11,0,0.0,0,0.0,0,1005.7,62.278865711554886,7.733041193615963,119,,
2018,3,12,3,0,12.9,-114,0,10.5,0,0.0,0,0.0,0,1006.1,37.80486194530136,5.826166314721212,109,,
2018,3,12,4,0,12.8,-103,0.8,10,0,0.0,0,0.0,0,1006.7,38.407621628449874,6.592266630035514,98,,
2018,3,12,5,0,12.8,-93,42.2,9.5,19,0.0,0,0.0,0,1007.2,38.360342599766,6.397721139865475,87,,
2018,3,12,6,0,13.2,-83,50.3,8.9,111,80.0,5,21.000000000000004,0,1007.6,33.610165169772586,6.069341520520172,76,,
2018,3,12,7,0,13.9,-72,15.1,8.3,108,386.0,257,158.41982491144927,0,1007.9,29.260342771040712,7.079287309350195,65,,
2018,3,12,8,0,14.7,-59,3.1,7.7,126,499.0,440,327.4431606198342,0,1008.2,31.84755041025636,8.276503130941283,55,,
2018,3,12,9,0,15.1,-43,27.8,7.3,348,406.0,168,431.3353943682348,0,1008.3,35.23830210696741,9.543420010365846,46,,
2018,3,12,10,0,15.2,-23,57.2,7.1,346,442.0,1,569.5088996509764,0,1008.4,34.33835171004591,9.94041419634674,40,,
2018,3,12,11,0,15.2,0,44.5,6.9,418,563.0,54,696.6458124072105,0,1008.5,29.92253274042304,10.391532238812472,38,,
2018,3,12,12,0,15.1,24,13.4,6.8,266,409.0,440,648.6833549180492,0,1008.7,32.137585789179354,11.271823868028765,40,,
2018,3,12,13,0,15,44,23.4,6.7,319,307.0,244,570.1209682461297,0,1008.9,26.774148184825663,10.620847704086868,46,,
2018,3,12,14,0,14.8,60,27.2,6.7,331,494.0,86,609.2628426084408,0,1009.2,30.405514641797424,11.401051946362072,55,,
2018,3,12,15,0,14.5,72,14.8,6.8,184,428.0,149,474.7363053173988,0,1009.6,33.39144811894721,12.030562465393626,65,,
2018,3,12,16,0,14,83,30,6.9,94,24.0,59,113.61618814399658,0,1010.2,37.51609424664741,11.875804115977564,76,,
2018,3,12,17,0,13.5,93,14.9,7.1,26,17.0,0,48.31050373539556,0,1010.8,39.457080532994325,11.440225560463018,88,,
2018,3,12,18,0,12.9,103,0.6,7,0,7.0,0,5.861698138608185,0,1011.3,39.72687126203647,11.060133707883509,99,,
2018,3,12,19,0,12.2,114,31.6,6.8,0,0.0,0,0.0,0,1011.8,38.59435224530233,10.146001301666852,110,,
2018,3,12,20,0,11.6,127,50.8,6.7,0,0.0,0,0.0,0,1012.3,40.258526474297526,10.486254314717746,119,,
2018,3,12,21,0,11.3,142,51.3,6.9,0,0.0,0,0.0,0,1012.6,44.45911384679539,10.4237294184368,127,,
2018,3,12,22,0,11.4,160,18.4,7.4,0,0.0,0,0.0,0,1012.7,45.09941559375176,8.257935496905679,133,,
2018,3,12,23,0,11.5,-180,0,8,0,0.0,0,0.0,0,1012.8,44.304685202889175,6.102870673932215,135,,
2018,3,13,0,0,11.5,-159,0,8.1,0,0.0,0,0.0,0,1013,29.639078408127148,4.526033970687639,133,,
2018,3,13,1,0,11.4,-141,0,8,0,0.0,0,0.0,0,1013.1,0.1454701495435983,5.000260256908046,127,,
2018,3,13,2,0,11.3,-126,0,7.9,0,0.0,0,0.0,0,1013.2,8.312948554445143,6.112810427539233,119,,
2018,3,13,3,0,11.2,-114,0,7.8,0,0.0,0,0.0,0,1013.5,14.27974441462186,6.018976169864452,109,,
2018,3,13,4,0,11.1,-103,0,7.7,0,0.0,1,0.0,0,1013.9,20.369536729679,5.811140891093142,99,,
2018,3,13,5,0,11,-93,0,7.6,20,0.0,34,0.0,0,1014.3,11.158738951674197,5.733639880466618,87,,
2018,3,13,6,0,11.7,-83,0,7.4,45,195.0,164,26.00000000000001,0,1014.5,11.37082621998684,6.262074085036454,76,,
2018,3,13,7,0,12.9,-72,0,7,61,308.0,346,152.10990167168768,0,1014.7,3.185345128013409,6.471913107995125,65,,
2018,3,13,8,0,14.2,-59,0,6.6,71,503.0,517,336.0122400337882,0,1014.8,21.063308599766003,6.306639056118427,55,,
2018,3,13,9,0,14.9,-43,0,6.6,76,612.0,654,514.3048214835214,0,1014.6,29.919932946592155,7.106563313940706,46,,
2018,3,13,10,0,15.3,-23,0,6.7,77,673.0,742,655.1946906673005,0,1014.1,34.55848545431974,7.85859115817464,40,,
2018,3,13,11,0,15.6,1,0,6.9,75,725.0,774,760.6909793526834,0,1013.7,35.429114442012065,8.402851910478667,38,,
2018,3,13,12,0,15.8,24,0,7.2,71,756.0,745,811.4844202261733,0,1013.3,40.529454888486896,9.41940222344354,40,,
2018,3,13,13,0,15.8,44,0,7.4,69,770.0,654,802.9032315205352,0,1012.8,38.68960162426714,9.092280557552517,47,,
2018,3,13,14,0,15.9,59,0,7.7,68,745.0,510,723.3770447777363,0,1012.4,38.68960162426714,9.092280557552517,55,,
2018,3,13,15,0,15.5,72,0,7.9,63,678.0,331,580.8460942561737,0,1012.2,40.97341255270868,8.953813416542554,66,,
2018,3,13,16,0,14.8,83,0,8.1,48,550.0,148,386.4279614979564,0,1012.1,47.64761203860394,9.720492341720751,77,,
2018,3,13,17,0,14.1,93,0,8.2,15,305.0,30,160.68540538981892,0,1012,49.711791488314304,10.186482925780645,88,,
2018,3,13,18,0,13.1,103,0,8.2,0,26.0,0,8.06333823141002,0,1011.9,48.43105137633847,10.413273162575356,99,,
2018,3,13,19,0,11.8,114,0,8.1,0,0.0,0,0.0,0,1011.6,54.97054072425925,10.16207812420118,110,,
2018,3,13,20,0,10.6,126,0,8,0,0.0,0,0.0,0,1011.4,65.77873345119798,9.352360668235583,120,,
2018,3,13,21,0,10.1,142,0.6,7.8,0,0.0,0,0.0,0,1010.9,71.86610273951379,9.036472120833343,128,,
2018,3,13,22,0,10,160,33.5,7.7,0,0.0,0,0.0,0,1010.1,76.12858927682913,8.459353121618946,133,,
2018,3,13,23,0,10.1,-180,50.8,7.6,0,0.0,0,0.0,0,1009.3,94.30458047645716,8.069883181885753,135,,
2018,3,14,0,0,10.3,-159,18.8,7.8,0,0.0,0,0.0,0,1008.5,102.58538680153724,7.240375329110178,133,,
2018,3,14,1,0,10.6,-141,33.7,8.1,0,0.0,0,0.0,0,1007.7,100.94621215654388,6.207420999475184,128,,
2018,3,14,2,0,10.9,-126,52.1,8.5,0,0.0,0,0.0,0,1006.9,90.77441759565689,5.74417702599451,119,,
2018,3,14,3,0,11.2,-113,52,8.8,0,0.0,0,0.0,0,1006.3,88.8685202640321,5.365792349958876,110,,
2018,3,14,4,0,11.6,-102,51.5,9.1,0,0.0,0,0.0,0,1005.9,97.07141650679444,4.92023841048638,99,,
2018,3,14,5,0,11.9,-92,57.3,9.4,19,0.0,0,0.0,0,1005.5,102.689412136484,4.988043125954245,88,,
2018,3,14,6,0,12.9,-82,61.9,9.7,75,119.0,0,25.000000000000007,0,1004.9,119.50115482565748,4.840759738699355,76,,
2018,3,14,7,0,14.3,-71,74.5,10,93,47.0,0,84.02110645285542,0,1004.1,128.71942505551203,3.810969756968586,65,,
2018,3,14,8,0,15.8,-59,73.1,10.3,160,24.0,0,122.0733348170464,0,1003.3,106.04035173406464,2.468670517812938,55,,
2018,3,14,9,0,16.6,-43,58.8,10.4,298,20.0,0,163.0674491442535,0,1002.5,78.92458641529242,2.748952633638726,46,,
2018,3,14,10,0,16.8,-23,58.9,10.5,325,63.0,0,315.21967934583705,0,1001.6,53.81719592255757,1.3762708339794625,40,,
2018,3,14,11,0,17.1,1,72.7,10.5,222,549.0,0,688.9611100868924,0,1000.7,3.550133993123154,1.5652595946391523,38,,
2018,3,14,12,0,16.6,24,88.6,10.9,90,666.0,0,774.2942979323549,0,1000,319.98028198115776,2.3166834776311864,41,,
2018,3,14,13,0,15.7,43,91,11.7,60,549.0,0,699.5930569185623,0,999.5,313.8023618515924,4.022375888948719,47,,
2018,3,14,14,0,14.7,59,91.6,12.6,46,524.0,0,621.235630520055,0,999,322.0319531114148,4.007620838482828,56,,
2018,3,14,15,0,14.1,72,88.3,12.8,38,550.0,0,526.7093330453474,0,999,356.65474853025086,2.865967472790272,66,,
2018,3,14,16,0,13.7,83,65.5,12.6,46,428.0,0,340.8160879662678,0,999.6,39.93146769028005,4.922210930153419,77,,
2018,3,14,17,0,13.3,93,19.6,12.3,17,236.0,0,140.2512250661427,0,1000.1,44.97661993314648,6.768959765296795,88,,
2018,3,14,18,0,12.7,103,0,11.2,0,19.0,0,7.13788067792011,0,1000.9,39.22898020330939,6.889677025771492,99,,
2018,3,14,19,0,11.9,113,0,9.6,0,0.0,0,0.0,0,1001.9,43.88704549257199,8.132399025409512,110,,
2018,3,14,20,0,11.1,126,0,7.9,0,0.0,0,0.0,0,1002.9,50.70099424673453,9.330552151181164,120,,
2018,3,14,21,0,10.6,141,0,7.3,0,0.0,0,0.0,0,1003.6,57.61318959888735,9.86622135267904,128,,
2018,3,14,22,0,10.5,160,0,7.4,0,0.0,0,0.0,0,1004.2,57.0034277223474,9.818276163101062,134,,
2018,3,14,23,0,10.3,-179,0,7.7,0,0.0,0,0.0,0,1004.8,53.02113129929927,8.369497559101367,136,,
2018,3,15,0,0,10.1,-159,0,7.5,0,0.0,0,0.0,0,1005.4,45.56115782027484,7.438443372506407,133,,
2018,3,15,1,0,9.8,-140,0,7.1,0,0.0,0,0.0,0,1006,40.215206405793424,6.252304420028129,128,,
2018,3,15,2,0,9.6,-125,0,6.6,0,0.0,0,0.0,0,1006.7,38.076398720742816,6.444446306689676,120,,
2018,3,15,3,0,9.4,-113,0,6.2,0,0.0,0,0.0,0,1007.4,38.16696635675578,6.937177912649925,110,,
2018,3,15,4,0,9.3,-102,0,5.8,0,0.0,1,0.0,0,1008.3,18.1971172705596,6.04474273564108,99,,
2018,3,15,5,0,9.2,-92,0,5.4,20,0.0,30,0.0,0,1009.1,13.498661885904651,5.944989851067866,88,,
2018,3,15,6,0,9.9,-82,0,4.9,47,2.0,158,6.0,0,1009.6,13.132660117605496,6.000186937122106,77,,
2018,3,15,7,0,11.1,-71,0,4.4,62,4.0,344,30.58328544182512,0,1010,14.1899753864609,5.561286108028789,66,,
2018,3,15,8,0,12.5,-58,0,3.8,69,16.0,521,108.32458816059616,0,1010.3,15.470037177278016,5.594281986449082,55,,
2018,3,15,9,0,13.3,-42,0,3.5,72,142.0,662,320.956545610732,0,1010.3,16.784171494192094,6.263152516990476,47,,
2018,3,15,10,0,13.8,-22,0,3.4,73,524.0,750,591.5290892347462,0,1010.1,23.75094028329101,7.438874322073183,41,,
2018,3,15,11,0,14.3,1,0,3.3,73,646.0,780,721.4036152666404,0,1010,30.46190949397669,7.218290578581517,39,,
2018,3,15,12,0,14.6,24,0,3.4,72,594.0,747,728.7628705906857,0,1009.9,31.56706428784344,7.229133115758369,41,,
2018,3,15,13,0,14.8,43,0,3.6,70,611.0,653,719.8258732020463,0,1009.8,26.801006299501864,6.760669104492288,47,,
2018,3,15,14,0,14.9,59,0,3.8,66,607.0,510,651.9815800311522,0,1009.7,32.541139644289615,7.500252834667803,56,,
2018,3,15,15,0,14.5,72,0,4.2,58,470.0,333,482.1270821438039,0,1009.8,38.52081740768938,7.92164760466383,66,,
2018,3,15,16,0,13.8,82,0,4.6,42,470.0,149,349.3070501825065,0,1010,46.387840277335386,7.5910224607899455,77,,
2018,3,15,17,0,12.9,92,0,5.1,13,230.0,30,134.22379988117098,0,1010.2,50.28328812421898,7.2761670859324115,89,,
2018,3,15,18,0,11.9,102,0,5.4,0,17.0,0,5.8224185576299945,0,1010.4,51.403784636852095,7.591971173357578,100,,
2018,3,15,19,0,10.7,113,0,5.6,0,0.0,0,0.0,0,1010.5,56.981696086505,7.58891778422704,111,,
2018,3,15,20,0,9.5,126,0,5.7,0,0.0,0,0.0,0,1010.7,75.79597954272475,7.502056956348556,120,,
2018,3,15,21,0,9.2,141,0,5.8,0,0.0,0,0.0,0,1010.5,89.8313346658544,7.464143669321126,129,,
2018,3,15,22,0,9.6,160,0,5.7,0,0.0,0,0.0,0,1010.1,103.9814866911384,5.886050980630694,134,,
2018,3,15,23,0,10.1,-179,0,5.7,0,0.0,0,0.0,0,1009.7,129.03884725587386,5.020051577424675,136,,
2018,3,16,0,0,10.3,-158,0.6,5.6,0,0.0,0,0.0,0,1009.4,148.18197401926068,7.178030368644499,134,,
2018,3,16,1,0,10.1,-140,33.6,5.4,0,0.0,0,0.0,0,1009.3,135.5641673850596,8.152666587268126,128,,
2018,3,16,2,0,9.9,-125,51.5,5.2,0,0.0,0,0.0,0,1009.1,144.859202174124,8.596003913080596,120,,
2018,3,16,3,0,9.8,-112,26.3,5.3,0,0.0,0,0.0,0,1009.1,150.89376768239822,8.815916701057658,110,,
2018,3,16,4,0,9.8,-102,9.6,5.5,1,0.0,0,0.0,0,1009.2,155.46019547534092,8.261361044496581,99,,
2018,3,16,5,0,9.8,-92,12.7,5.7,30,0.0,9,0.0,0,1009.3,156.82201439806963,7.933556985323837,88,,
2018,3,16,6,0,11.1,-82,30.9,6.3,119,29.0,5,16.0,0,1009.2,157.9867345275551,7.099087009863681,77,,
2018,3,16,7,0,13.2,-71,40.1,7.2,234,53.0,0,85.53992742891234,0,1009.1,154.11238505640347,7.230713290423089,66,,
2018,3,16,8,0,15.4,-58,44.3,8.1,315,37.0,0,142.17959292664597,0,1009,151.7482320973833,7.329683170711725,56,,
2018,3,16,9,0,16.4,-42,57.5,8.5,296,37.0,0,204.3519542579064,0,1008.7,156.4665159905037,6.740565457388354,47,,
2018,3,16,10,0,16.6,-22,55.5,8.6,355,45.0,1,295.3842547948288,0,1008.1,167.7686823573912,5.737665510803048,41,,
2018,3,16,11,0,16.7,1,40,8.7,464,44.0,29,331.862787169892,0,1007.6,179.69620762146485,5.295240448219239,39,,
2018,3,16,12,0,16.7,24,42.1,8.8,440,26.0,16,287.0138485183117,0,1006.9,210.3358773767393,7.389453537020365,41,,
2018,3,16,13,0,16.6,43,54.7,9,315,20.0,0,249.28908906414011,0,1006.3,224.4323488013547,9.67088491829281,48,,
2018,3,16,14,0,16.5,59,54.3,9.2,246,17.0,0,204.0458016761009,0,1005.6,232.5090754137737,9.937937280043007,56,,
2018,3,16,15,0,16.3,71,45.7,9.4,194,30.0,0,192.1781887860044,0,1005.2,231.6729230600879,9.12629120000117,67,,
2018,3,16,16,0,15.9,82,62.8,9.6,78,16.0,0,101.4171086963705,0,1004.9,234.3636445784321,9.129312965692602,78,,
2018,3,16,17,0,15.4,92,51.8,9.8,9,10.0,0,37.91307490029043,0,1004.7,234.26390173698817,8.678749964336454,89,,
2018,3,16,18,0,15.1,102,43.5,10.1,0,1.0,0,2.101867329943069,0,1004.5,227.99358974892183,6.769911124196848,100,,
2018,3,16,19,0,14.9,113,37.3,10.4,0,0.0,0,0.0,0,1004.3,207.9269915876136,9.59159802087192,111,,
2018,3,16,20,0,14.7,126,44.8,10.7,0,0.0,0,0.0,0,1004.2,215.5245576228625,9.171473492699958,121,,
2018,3,16,21,0,14.6,141,52.2,10.8,0,0.0,0,0.0,0,1003.8,219.4500698843508,8.992857118493161,129,,
2018,3,16,22,0,14.8,160,62.9,10.7,0,0.0,0,0.0,0,1003.3,221.73283293018943,8.751031954402382,134,,
2018,3,16,23,0,14.9,-179,68.9,10.7,0,0.0,0,0.0,0,1002.8,233.59325623726625,8.523130028455974,136,,
2018,3,17,0,0,15.1,-158,69.5,10.9,0,0.0,0,0.0,0,1002.2,254.7364650338945,8.600500406771443,134,,
2018,3,17,1,0,15.1,-140,80.8,11.2,0,0.0,0,0.0,0,1001.6,268.1848050692041,7.568739437281753,128,,
2018,3,17,2,0,15.2,-125,87,11.6,0,0.0,0,0.0,0,1001,285.2354091133594,4.979702759723246,120,,
2018,3,17,3,0,15.3,-112,89.6,12,0,0.0,0,0.0,0,1000.5,317.0599224018522,3.016129841820024,110,,
2018,3,17,4,0,15.3,-101,90.9,12.5,0,0.0,0,0.0,0,1000.1,236.19521105051604,2.0290746337678227,99,,
2018,3,17,5,0,15.3,-91,86.2,13,5,0.0,0,0.0,0,999.7,305.57987147004746,1.0020117789012075,88,,
2018,3,17,6,0,15.4,-81,87.8,13.5,16,76.0,0,21.000000000000004,0,999.2,240.8657078027738,0.2727950040924732,77,,
2018,3,17,7,0,15.6,-70,92.9,14,22,148.0,0,121.5290243060102,0,998.7,275.8533361708522,0.3997894984920855,66,,
2018,3,17,8,0,15.9,-58,92.8,14.5,37,399.0,0,309.89973702934185,0,998.1,275.8247248477944,0.8780686180503853,56,,
2018,3,17,9,0,16.2,-42,79.3,14.8,137,618.0,0,518.2334085489347,0,997.4,305.72156890043607,1.264511772636435,47,,
2018,3,17,10,0,16.5,-22,82.9,14.9,121,763.0,0,686.3241567246279,0,996.5,305.3233468060942,2.5871240596132736,41,,
2018,3,17,11,0,16.9,1,93.7,15.1,47,786.0,0,783.9956137592818,0,995.6,310.7013365909816,3.215193922918973,39,,
2018,3,17,12,0,17.1,24,92.3,15,56,774.0,0,815.4786329137227,0,994.7,302.0379176404674,5.058799291728288,42,,
2018,3,17,13,0,17.4,43,90.1,14.9,63,742.0,0,783.8613120623579,0,993.7,305.2993819134982,6.632813874908413,48,,
2018,3,17,14,0,17.6,58,82.2,14.8,84,686.0,0,687.8043487052507,0,992.8,288.520778644334,5.617604188491884,57,,
2018,3,17,15,0,17.8,71,65,14.6,105,563.0,0,521.3235866150028,0,992.2,285.95507889062617,7.540478019056526,67,,
2018,3,17,16,0,18,82,50.8,14.5,67,63.0,0,154.87695630821577,0,991.8,290.43897856634567,7.188387376490878,78,,
2018,3,17,17,0,18.2,92,61.6,14.3,16,8.0,0,32.287691301895975,0,991.5,278.57295659189384,3.3279552237319394,89,,
2018,3,17,18,0,18.2,102,69.4,14.3,0,1.0,0,1.0965223992757016,0,991.4,195.68438711506693,1.45759313962999,100,,
2018,3,17,19,0,17.9,113,76.5,14.5,0,0.0,0,0.0,0,991.5,186.87416207910823,4.65479929937969,111,,
2018,3,17,20,0,17.6,125,80.7,14.6,0,0.0,0,0.0,0,991.7,200.65317846423244,7.112888767364325,121,,
2018,3,17,21,0,17.4,141,80.4,14.7,0,0.0,0,0.0,0,991.6,188.29915486667053,6.5998761613382735,129,,
2018,3,17,22,0,17.2,160,29,14.7,0,0.0,0,0.0,0,991.2,190.6215275546809,5.507449675168605,135,,
2018,3,17,23,0,17.1,-179,0,14.7,0,0.0,0,0.0,0,990.9,205.46864212759888,4.427854054250816,137,,
2018,3,18,0,0,16.9,-158,0.6,14.7,0,0.0,0,0.0,0,990.6,235.08307851106747,4.013219818126261,135,,
2018,3,18,1,0,16.7,-140,33.6,14.8,0,0.0,0,0.0,0,990.3,299.27160634342204,8.057960078537738,129,,
2018,3,18,2,0,16.5,-124,52,14.8,0,0.0,0,0.0,0,990.1,329.2976034282834,12.088473184082876,120,,
2018,3,18,3,0,16.4,-112,51.4,14.9,0,0.0,0,0.0,0,990.1,332.8687739764672,10.49682083422537,110,,
2018,3,18,4,0,16.3,-101,51.3,15,0,0.0,0,0.0,0,990.5,333.85061900615705,13.304081112835153,100,,
2018,3,18,5,0,16.3,-91,56.9,15.1,15,0.0,0,0.0,0,990.8,326.6465207355384,13.532020194531064,88,,
2018,3,18,6,0,16.5,-81,74.6,15.5,36,1.0,0,4.0,0,991.2,325.7520358246529,14.0404309119049,77,,
2018,3,18,7,0,17,-70,76.7,16.1,90,4.0,0,31.540647596194358,0,991.5,318.3494460229374,14.747203175829291,66,,
2018,3,18,8,0,17.5,-57,69.9,16.8,164,12.0,0,94.8633039672221,0,991.8,308.43191343813834,13.008202910650231,56,,
2018,3,18,9,0,17.7,-41,82.2,16.8,114,35.0,0,204.09956373581812,0,992.1,330.2082267257,15.318204006159576,48,,
2018,3,18,10,0,17.6,-22,80.1,16.5,154,167.0,0,412.0430132563439,0,992.3,346.4589292536006,13.716742672840974,42,,
2018,3,18,11,0,17.4,1,65.6,16.2,271,379.0,0,595.3660696876804,0,992.5,344.99613896438626,14.726665207077192,40,,
2018,3,18,12,0,17.3,23,74.7,15.9,194,269.0,0,554.749665318895,0,992.8,349.80301342905744,16.866009337573395,42,,
2018,3,18,13,0,17.2,43,79.4,15.6,135,109.0,0,403.3327806404885,0,993,343.05158586138595,16.674659898612447,48,,
2018,3,18,14,0,17.1,58,53,15.3,234,120.0,0,362.8770405541502,0,993.3,349.45954161908764,16.05807362880781,57,,
2018,3,18,15,0,16.9,71,49,15,186,75.0,0,243.6911425913132,0,993.8,5.490562467917357,13.676517775096478,67,,
2018,3,18,16,0,16.6,82,51.7,14.9,76,349.0,0,295.1409982387908,0,994.4,4.057971915061728,12.509633636373897,78,,
2018,3,18,17,0,16.4,92,18.1,14.7,17,250.0,0,132.14739999650794,0,995,353.2641478701687,12.376444655200377,90,,
2018,3,18,18,0,15.9,102,0,14.5,0,8.0,0,3.7293609062715847,0,995.5,345.9041187413937,11.548160034963104,101,,
2018,3,18,19,0,15.4,113,0,14.3,0,0.0,0,0.0,0,996,336.9798546480229,11.497350887788194,112,,
2018,3,18,20,0,14.8,125,0,14,0,0.0,0,0.0,0,996.5,335.917293322882,13.834568149777107,121,,
2018,3,18,21,0,14.6,141,0,13.9,0,0.0,0,0.0,0,996.5,333.65543223587974,13.675709580138582,130,,
2018,3,18,22,0,14.7,160,0,13.9,0,0.0,0,0.0,0,996.2,335.9185948260417,14.260686589935728,135,,
2018,3,18,23,0,14.8,-179,0,13.9,0,0.0,0,0.0,0,995.9,333.9635434988994,14.308277660880684,137,,
2018,3,19,0,0,15,-158,0.4,13.9,0,0.0,0,0.0,0,995.5,331.5044093141758,14.65587409702563,135,,
2018,3,19,1,0,15.3,-139,21.8,14,0,0.0,0,0.0,0,995,327.6902563669537,17.031502623828043,129,,
2018,3,19,2,0,15.6,-124,41,14.2,0,0.0,0,0.0,0,994.5,329.8031433691168,17.30532195088527,121,,
2018,3,19,3,0,15.9,-111,44.3,14.3,0,0.0,0,0.0,0,994.2,332.03138212513653,17.174617491062158,111,,
2018,3,19,4,0,16.3,-101,16.7,14.3,0,0.0,0,0.0,0,994,331.83221079090504,16.879417881343524,100,,
2018,3,19,5,0,16.7,-91,45.4,14.4,10,0.0,0,0.0,0,993.8,332.4773350703955,16.920270102241105,89,,
2018,3,19,6,0,17.2,-80,69.6,14.8,50,31.0,0,15.000000000000002,0,993.6,331.74243851101426,16.779140270533837,77,,
2018,3,19,7,0,17.7,-70,88.7,15.3,33,80.0,0,94.52956602829629,0,993.5,326.88911709015537,16.645919109890556,67,,
2018,3,19,8,0,18.2,-57,93.8,15.9,40,113.0,0,200.9695163919017,0,993.3,328.21304032103274,16.550191165145595,56,,
2018,3,19,9,0,18.5,-41,95.8,16.3,33,141.0,0,311.3588613909849,0,993,327.9144326414688,16.0139025994792,48,,
2018,3,19,10,0,18.6,-21,93.1,16.4,56,132.0,0,378.721177117908,0,992.8,330.55108316951976,16.39100307795852,42,,
2018,3,19,11,0,18.6,1,95.7,16.5,41,84.0,0,373.79814698287794,0,992.5,340.5972375776352,17.75753338380866,40,,
2018,3,19,12,0,18.3,23,99,16.3,21,51.0,0,331.59624479457,0,992.6,357.4612728801178,15.840742837810376,43,,
2018,3,19,13,0,17.8,43,97.9,15.8,20,45.0,0,300.7829818919316,0,993,0.7043673584061594,16.086420640178954,49,,
2018,3,19,14,0,17.3,58,85.9,15.2,65,119.0,0,356.59968743772043,0,993.4,359.106883764025,16.038813751194493,57,,
2018,3,19,15,0,16.7,71,62.5,14.1,112,167.0,0,314.66317525517707,0,994.1,9.19866851869034,15.159304423139416,68,,
2018,3,19,16,0,16.2,81,27.2,12.7,82,154.0,9,206.96994176772705,0,994.9,9.934347383960189,14.328363701549062,79,,
2018,3,19,17,0,15.6,91,4.6,11.2,21,135.0,5,95.15128659865915,0,995.8,12.479403192537632,13.17479642189586,90,,
2018,3,19,18,0,15,101,0,10.1,0,5.0,0,2.4290723243758725,0,996.7,11.04677245108428,11.195974565989191,101,,
2018,3,19,19,0,14.2,112,0,9.1,0,0.0,0,0.0,0,997.6,10.215769467133724,11.391033183608515,112,,
2018,3,19,20,0,13.5,125,0,8.2,0,0.0,0,0.0,0,998.5,10.252360549649836,10.083360613176524,122,,
2018,3,19,21,0,13.3,141,0,7.9,0,0.0,0,0.0,0,999,6.026905144016439,9.12195296559694,130,,
2018,3,19,22,0,13.5,160,0,8,0,0.0,0,0.0,0,999.2,10.898678189349994,8.958706662065365,136,,
2018,3,19,23,0,13.7,-179,0,8.1,0,0.0,0,0.0,0,999.4,8.068678990255933,9.050039778801132,138,,
2018,3,20,0,0,13.7,-157,0,8.2,0,0.0,0,0.0,0,999.7,8.79622764856191,8.624385341912046,135,,
2018,3,20,1,0,13.5,-139,0,8.4,0,0.0,0,0.0,0,999.9,8.812178037689307,7.700517259445798,129,,
2018,3,20,2,0,13.3,-124,0,8.6,0,0.0,0,0.0,0,1000.1,4.246326369033795,7.491267142783056,121,,
2018,3,20,3,0,13.2,-111,0,8.6,0,0.0,0,0.0,0,1000.8,9.31198181874231,7.204561574344636,111,,
2018,3,20,4,0,13,-100,0,8.6,0,0.0,0,0.0,0,1001.8,8.35633742432924,7.161480008641589,100,,
2018,3,20,5,0,12.9,-90,0.6,8.6,22,0.0,9,0.0,0,1002.8,10.354359274506749,6.620510613522774,89,,
2018,3,20,6,0,13.1,-80,0.8,8.5,68,135.0,93,18.000000000000007,0,1003.8,13.987428962877004,6.53306891926455,78,,
2018,3,20,7,0,13.7,-69,25.5,8.4,192,436.0,56,146.8439898776946,0,1004.8,14.77857696736976,5.79522854951687,67,,
2018,3,20,8,0,14.4,-56,14.5,8.4,157,642.0,325,343.02459128526374,0,1005.8,23.55956730651696,5.897333857883257,57,,
2018,3,20,9,0,14.7,-41,11.4,8,243,738.0,364,529.0178912314418,0,1006.6,38.19585555999839,8.725236762968805,48,,
2018,3,20,10,0,14.8,-21,26,7.4,402,859.0,176,683.4249439729548,0,1007.3,41.88080240557253,9.429054555059285,43,,
2018,3,20,11,0,14.9,1,62.6,6.8,254,886.0,48,786.0475114925651,0,1008,47.74091099110615,9.60284785830663,41,,
2018,3,20,12,0,14.8,23,32.8,6.5,151,896.0,362,831.1424846539343,0,1008.6,54.40286909875147,8.97110983742402,43,,
2018,3,20,13,0,14.6,42,50.8,6.4,153,877.0,203,808.313270994,0,1009.1,65.75606441790683,8.548618804760496,49,,
2018,3,20,14,0,14.4,58,59.9,6.4,205,837.0,0,721.8749013444982,0,1009.6,74.24099504352387,8.463380448590968,58,,
2018,3,20,15,0,14,70,41.8,6.5,198,762.0,1,574.2872546402205,0,1010.4,81.85170368369762,7.937308545694709,68,,
2018,3,20,16,0,13.5,81,15.4,6.8,89,628.0,31,375.9269874999242,0,1011.3,94.24964261932593,7.917030380493808,79,,
2018,3,20,17,0,12.9,91,1.2,7,14,348.0,17,144.8832261372387,0,1012.2,105.45671804679957,7.777385824598372,90,,
2018,3,20,18,0,12.2,101,0,7,0,11.0,0,2.8850560442334383,0,1013.2,107.3265465463952,7.379539729118342,101,,
2018,3,20,19,0,11.4,112,0,6.7,0,0.0,0,0.0,0,1014.2,119.69408183936162,8.641069718103598,112,,
2018,3,20,20,0,10.6,125,0,6.4,0,0.0,0,0.0,0,1015.3,105.30302530960496,9.168085963016374,122,,
2018,3,20,21,0,10.3,140,0,6.5,0,0.0,0,0.0,0,1015.9,117.75286075334964,8.258630342143535,130,,
2018,3,20,22,0,10.2,160,0,6.8,0,0.0,0,0.0,0,1016.1,130.89775733062436,8.562115103709564,136,,
2018,3,20,23,0,10.1,-179,0,7.2,0,0.0,0,0.0,0,1016.4,133.9298668699421,10.962757728922426,138,,
2018,3,21,0,0,9.9,-157,0,7.2,0,0.0,0,0.0,0,1016.6,135.30504005720013,11.349086572845454,136,,
2018,3,21,1,0,9.6,-139,0,7,0,0.0,0,0.0,0,1016.8,144.81008961966154,10.296222590847288,130,,
2018,3,21,2,0,9.4,-123,0,6.8,0,0.0,0,0.0,0,1017.1,147.94456502490522,10.4277590022392,121,,
2018,3,21,3,0,9.2,-111,0,6.5,0,0.0,0,0.0,0,1017.5,143.5042301875602,9.952995389277104,111,,
2018,3,21,4,0,9.1,-100,0,6.3,0,0.0,0,0.0,0,1017.9,142.21480823128394,10.233776491442358,100,,
2018,3,21,5,0,9.1,-90,0,6.1,15,0.0,23,0.0,0,1018.4,142.64472502102456,10.271315824783574,89,,
2018,3,21,6,0,10,-80,0,6.2,38,242.0,144,15.000000000000014,0,1018.7,142.9220552088159,10.2333194159176,78,,
2018,3,21,7,0,11.8,-69,0,6.4,54,616.0,323,150.7232141596511,0,1018.9,145.79108138698484,10.640428387230047,67,,
2018,3,21,8,0,13.6,-56,0,6.7,63,784.0,493,354.85463731997595,0,1019.1,146.78028843201776,10.120775686704238,57,,
2018,3,21,9,0,14.6,-40,0,6.7,70,848.0,626,540.7311124300255,0,1019.1,154.9036203506978,9.929853490467028,49,,
2018,3,21,10,0,15.1,-21,0,6.5,74,853.0,709,689.3549993023883,0,1018.9,164.32278741849893,9.199401999428185,43,,
2018,3,21,11,0,15.4,1,0,6.3,76,863.0,734,785.1582304062529,0,1018.7,171.47108607688222,8.591348354099082,41,,
2018,3,21,12,0,15.6,23,0,6.3,76,855.0,699,820.5043915348631,0,1018.4,173.56669008284302,9.14056644583964,43,,
2018,3,21,13,0,15.7,42,0,6.4,73,826.0000000000001,608,790.3907026360058,0,1018.1,172.4166565001044,8.998378028017335,50,,
2018,3,21,14,0,15.7,58,0,6.5,67,782.0,468,702.1101733249832,0,1017.7,171.46349645226314,8.679159953569101,58,,
2018,3,21,15,0,15.5,70,0,6.8,57,707.0,296,554.4334098200271,0,1017.6,169.38857299590063,8.145649316827964,68,,
2018,3,21,16,0,14.9,81,0,7.2,38,563.0,120,354.1632621157195,0,1017.7,178.61134452036276,8.321291555192312,79,,
2018,3,21,17,0,14.3,91,0,7.6,11,293.0,21,130.45276196374323,0,1017.8,186.4893760252424,8.16977679666196,90,,
2018,3,21,18,0,13.4,101,0,7.8,0,7.0,0,2.5257740324309244,0,1017.8,188.5278261357182,9.17689960431492,102,,
2018,3,21,19,0,12.3,112,0,7.9,0,0.0,0,0.0,0,1017.5,186.11517689823413,9.123693336705973,113,,
2018,3,21,20,0,11.2,125,0,8,0,0.0,0,0.0,0,1017.3,185.2453375219466,10.099911878692392,122,,
2018,3,21,21,0,10.9,140,0,8.2,0,0.0,0,0.0,0,1016.9,170.55607212397945,10.75167826925738,131,,
2018,3,21,22,0,11.3,160,0,8.4,0,0.0,0,0.0,0,1016.4,159.18637983644567,10.83735965893085,136,,
2018,3,21,23,0,11.7,-179,0,8.7,0,0.0,0,0.0,0,1015.9,154.51491673271994,10.983250298581742,138,,
2018,3,22,0,0,12.1,-157,0.1,9.1,0,0.0,0,0.0,0,1015.4,153.45163124478665,11.249671573613336,136,,
2018,3,22,1,0,12.6,-138,5.3,9.6,0,0.0,0,0.0,0,1014.8,155.08505220323718,11.663070393788082,130,,
2018,3,22,2,0,13,-123,56,10,0,0.0,0,0.0,0,1014.3,156.79071126583108,11.33133502071948,121,,
2018,3,22,3,0,13.2,-110,82.5,10.5,0,0.0,0,0.0,0,1013.9,156.88353661507256,11.338879921767765,111,,
2018,3,22,4,0,13.1,-100,59.8,10.9,0,0.0,0,0.0,0,1013.7,157.9313126116009,11.118039978433933,100,,
2018,3,22,5,0,13.1,-90,51.5,11.3,15,0.0,0,0.0,0,1013.4,160.27168977188285,11.078746345107948,89,,
2018,3,22,6,0,14,-79,44.5,11.8,97,6.0,0,7.0,0,1013,162.3660296336759,10.614740427943008,78,,
2018,3,22,7,0,15.6,-68,60,12.5,126,26.0,0,58.14662021126617,0,1012.5,158.92222331665891,11.54803380713504,67,,
2018,3,22,8,0,17.3,-56,72,13.2,148,51.0,0,144.6769532326943,0,1012,161.80508771105167,10.743731903029865,57,,
2018,3,22,9,0,18.1,-40,71.4,13.3,192,80.0,0,243.8787500294556,0,1011.3,168.73078397153597,10.645431648459953,49,,
2018,3,22,10,0,18.4,-20,76,13.1,180,176.0,0,409.8700906955187,0,1010.6,179.4246608634835,10.430457503222934,43,,
2018,3,22,11,0,18.7,1,67.3,12.8,255,212.0,0,488.25772210642447,0,1009.9,197.89800171950623,11.500665070127225,41,,
2018,3,22,12,0,18.8,23,43.5,12.8,407,143.0,9,451.3193281859832,0,1009.1,202.08200463741144,11.997486260997064,44,,
2018,3,22,13,0,18.8,42,28.8,12.9,395,135.0,66,422.4504395633355,0,1008.3,204.65153506891548,12.369798843649406,50,,
2018,3,22,14,0,18.8,57,44.4,13.1,255,151.0,37,381.5769019476114,0,1007.4,210.11062636945343,12.229631883273727,59,,
2018,3,22,15,0,18.4,70,19.8,13.3,120,167.0,117,309.08307253722063,0,1006.8,207.6200123324029,12.477037732479486,69,,
2018,3,22,16,0,17.6,81,0,13.5,52,155.0,87,200.9425405331289,0,1006.4,206.72848954309788,11.942049128354531,80,,
2018,3,22,17,0,16.9,91,0,13.7,14,73.0,12,68.89900442418585,0,1006.1,203.7490927877608,11.474358855414366,91,,
2018,3,22,18,0,16.4,101,0,13.7,0,1.0,0,1.0697711002220565,0,1005.5,198.74087060039187,11.076004503304311,102,,
2018,3,22,19,0,16.2,112,0,13.5,0,0.0,0,0.0,0,1004.8,193.8557902582314,10.001979563401957,113,,
2018,3,22,20,0,16,124,0,13.3,0,0.0,0,0.0,0,1004.1,186.36680337948172,9.984186525909088,123,,
2018,3,22,21,0,16.2,140,0,13.2,0,0.0,0,0.0,0,1003.2,181.18303216218072,10.55962391921484,131,,
2018,3,22,22,0,16.7,159,0,13.1,0,0.0,0,0.0,0,1002,185.44850737436624,10.706576137619216,137,,
2018,3,22,23,0,17.3,-178,0,13.1,0,0.0,0,0.0,0,1000.8,182.56315400192207,10.15420188793345,139,,
2018,3,23,0,0,17.7,-157,1,13.1,0,0.0,0,0.0,0,999.8,182.13622841560075,9.477289613785011,136,,
2018,3,23,1,0,17.9,-138,53.5,13.3,0,0.0,0,0.0,0,998.9,178.52369900288863,9.608902403212282,130,,
2018,3,23,2,0,18.2,-123,82.3,13.4,0,0.0,0,0.0,0,998,177.57461029219246,9.138313278268653,122,,
2018,3,23,3,0,18,-110,77.9,13.7,0,0.0,0,0.0,0,997.7,178.62625571547335,8.309761431611426,112,,
2018,3,23,4,0,17.4,-99,28.2,14,0,0.0,0,0.0,0,997.6,178.01389472015364,7.551655714271527,101,,
2018,3,23,5,0,16.8,-89,44.6,14.4,8,0.0,0,0.0,0,997.7,171.14506298218612,7.068871324882558,89,,
2018,3,23,6,0,16.4,-79,73.5,14.6,36,20.0,0,11.000000000000002,0,997.4,170.3201073382528,7.071133986322676,78,,
2018,3,23,7,0,16.3,-68,75.5,14.7,80,58.0,0,80.81511924330296,0,996.8,167.09935695558545,6.381787819013316,67,,
2018,3,23,8,0,16.2,-55,79.3,14.8,102,89.0,0,181.03255045379905,0,996.2,167.36694900869406,6.054784840447374,58,,
2018,3,23,9,0,16.8,-40,78.9,14.9,137,152.0,0,310.3906778918488,0,995.6,169.27650072723134,5.155213280695526,49,,
2018,3,23,10,0,17.8,-20,82.8,15,124,196.0,0,429.2287084704826,0,995.1,192.4152371119122,5.731191083840296,44,,
2018,3,23,11,0,18.9,2,80.8,15.1,145,177.0,0,471.0300211902244,0,994.6,218.5488260257441,7.716203169020131,42,,
2018,3,23,12,0,18.8,23,70.4,15,212,194.0,0,501.3645889128041,0,994.7,223.20054663381308,8.449915295943802,44,,
2018,3,23,13,0,17.8,42,62.5,14.7,230,175.0,4,464.0848333273212,0,995.2,224.51613788056704,8.463140804872403,50,,
2018,3,23,14,0,16.7,57,21.9,14.3,136,177.0,230,406.35440731196746,0,995.8,223.3636237958385,8.439349875936434,59,,
2018,3,23,15,0,15.6,70,0.9,13.5,77,158.0,241,307.0820845941666,0,996.8,225.28377534624423,8.33053130765206,69,,
2018,3,23,16,0,14.6,80,2.1,12.3,50,102.0,83,173.504911946822,0,998.2,224.3404250511324,7.933207218402586,80,,
2018,3,23,17,0,13.6,90,0.9,11.1,13,44.0,11,55.15064562758284,0,999.7,222.3963783820079,7.631027223739183,91,,
2018,3,23,18,0,12.8,100,0,9.9,0,1.0,0,1.0644466213443045,0,1000.9,212.27973108508155,6.701768502226415,102,,
2018,3,23,19,0,12.3,111,0,8.7,0,0.0,0,0.0,0,1001.9,201.5201611239572,6.612846617096214,113,,
2018,3,23,20,0,11.8,124,0,7.6,0,0.0,0,0.0,0,1002.9,195.3436944990516,6.897718398565663,123,,
2018,3,23,21,0,11.5,140,0,7.2,0,0.0,0,0.0,0,1003.6,189.7247969162877,6.939066688520872,132,,
2018,3,23,22,0,11.4,159,0,7.2,0,0.0,0,0.0,0,1004.2,185.7293516814888,6.97478352214177,137,,
2018,3,23,23,0,11.3,-178,0,7.4,0,0.0,0,0.0,0,1004.8,178.78337323732285,7.278496303398607,139,,
2018,3,24,0,0,11.1,-156,0,7.2,0,0.0,0,0.0,0,1005.3,170.4451075853881,7.477514674702551,137,,
2018,3,24,1,0,10.8,-137,0,6.7,0,0.0,0,0.0,0,1005.8,163.5015024785779,6.607498551887068,131,,
2018,3,24,2,0,10.5,-122,0,6.3,0,0.0,0,0.0,0,1006.3,161.42021788413513,6.749739557999155,122,,
2018,3,24,3,0,10.3,-110,0,5.9,0,0.0,0,0.0,0,1006.8,159.97128167088815,6.026331289305313,112,,
2018,3,24,4,0,10,-99,0,5.5,0,0.0,0,0.0,0,1007.3,156.3722017315008,6.085339126258325,101,,
2018,3,24,5,0,9.9,-89,0.7,5.2,14,0.0,18,0.0,0,1007.9,153.15083356580735,6.583488696916851,90,,
2018,3,24,6,0,10.3,-79,1,4.9,40,1.0,131,2.0,0,1008.3,151.01895863912767,5.928666445308019,78,,
2018,3,24,7,0,11.1,-68,29.8,4.6,165,3.0,73,23.341956012012798,0,1008.5,149.41004493352204,5.153483052997625,68,,
2018,3,24,8,0,12,-55,21.3,4.4,183,8.0,262,78.4005993022759,0,1008.7,164.28757910605145,4.338127950731359,58,,
2018,3,24,9,0,12.8,-39,2.7,4.4,104,6.0,564,103.79510555084543,0,1008.7,190.50225209590164,3.4985500125077102,50,,
2018,3,24,10,0,13.3,-20,1,4.7,76,6.0,687,139.59505564713865,0,1008.5,206.68498902913092,2.712221012183145,44,,
2018,3,24,11,0,13.8,2,49.1,5.1,141,6.0,263,161.14487567440992,0,1008.3,248.05642161905487,3.252217233374747,42,,
2018,3,24,12,0,14.1,23,27.5,5.2,105,9.0,438,194.61016113367603,0,1008.2,297.61497840886875,5.767905619024034,45,,
2018,3,24,13,0,14.3,42,0,5.2,61,13.0,607,215.4526252932271,0,1008,268.01993262642054,2.911162060498228,51,,
2018,3,24,14,0,14.4,57,0.4,5.2,57,29.0,464,242.4094222374183,0,1007.9,304.57477093080684,5.372131763377926,59,,
2018,3,24,15,0,14.1,69,21.6,5.2,128,34.0,152,194.20682726359288,0,1008,310.5778721707218,7.578902580245399,69,,
2018,3,24,16,0,13.7,80,24.4,5.3,91,30.0,11,118.63394967690309,0,1008.3,322.17608500273377,9.39319662023789,80,,
2018,3,24,17,0,13.2,90,7,5.4,17,32.0,4,49.93437476528026,0,1008.6,320.20349663671243,6.715496925776493,91,,
2018,3,24,18,0,12.6,100,0,5.5,0,1.0,0,1.0591425342334335,0,1008.8,321.9363339626513,6.684263283900369,103,,
2018,3,24,19,0,11.9,111,0,5.7,0,0.0,0,0.0,0,1008.9,340.7440613459103,4.412895770870645,114,,
2018,3,24,20,0,11.2,124,0,5.8,0,0.0,0,0.0,0,1009.1,349.5107677584749,4.084863145840055,124,,
2018,3,24,21,0,10.9,140,0,6,0,0.0,0,0.0,0,1008.9,348.36727038430763,3.118995094606725,132,,
2018,3,24,22,0,10.8,159,0,6.2,0,0.0,0,0.0,0,1008.6,335.79752168963404,2.4737876967092167,138,,
2018,3,24,23,0,10.8,-178,0,6.4,0,0.0,0,0.0,0,1008.2,317.4120815588938,3.560440354838549,139,,
2018,3,25,0,0,10.9,-156,0,6.5,0,0.0,0,0.0,0,1008,321.27961274688096,3.101324394176359,137,,
2018,3,25,1,0,11.1,-137,0,6.6,0,0.0,0,0.0,0,1007.8,334.4084146440171,2.2557189369248616,131,,
2018,3,25,2,0,11.4,-122,0,6.6,0,0.0,0,0.0,0,1007.7,20.56043906769702,0.7452229316041585,122,,
2018,3,25,3,0,11.5,-109,0,6.7,0,0.0,0,0.0,0,1007.6,143.7816841217558,1.524268486114817,112,,
2018,3,25,4,0,11.7,-98,0.3,6.9,0,0.0,0,0.0,0,1007.5,155.55549495999628,4.207737458725374,101,,
2018,3,25,5,0,11.9,-88,14.6,7.1,21,0.0,0,0.0,0,1007.5,151.13223883142632,4.9592753952590725,90,,
2018,3,25,6,0,12.4,-78,51,7.4,60,0.0,0,2.0,0,1007.4,125.12114997941023,3.443302909227981,79,,
2018,3,25,7,0,13.3,-67,74.6,7.5,84,1.0,0,14.1104738766183,0,1007.3,106.07924196367073,5.024439123033727,68,,
2018,3,25,8,0,14.2,-55,74.3,7.7,139,3.0,0,53.88921979961284,0,1007.2,99.95639684935207,0.5026878590319882,58,,
2018,3,25,9,0,14.7,-39,71.1,7.7,193,38.0,0,218.55641827826736,0,1006.8,58.8919874040638,9.595451617230191,50,,
2018,3,25,10,0,15,-20,63.2,7.4,279,163.0,0,383.004868463431,0,1006.2,359.3091728629605,9.193051030126393,44,,
2018,3,25,11,0,15.2,2,65.9,7.2,265,267.0,0,503.2989779427958,0,1005.7,346.89110612605106,8.312315644822785,43,,
2018,3,25,12,0,15.2,23,65.9,7.1,252,467.0,0,629.8642604500902,0,1005.2,331.4060273026484,10.969505938811912,45,,
2018,3,25,13,0,15.1,42,65.1,7.1,226,703.0000000000001,0,721.7815667157998,0,1004.8,329.3140177992094,11.92687025948758,51,,
2018,3,25,14,0,15,57,53.9,7.2,222,699.0000000000001,1,651.2999641386086,0,1004.4,344.1345936054376,15.037173382897484,60,,
2018,3,25,15,0,14.7,69,31.4,7.2,178,592.0,31,493.3132280021116,0,1004.3,337.58714902953767,14.023698055216354,70,,
2018,3,25,16,0,14.4,80,22.8,7.2,84,232.0,18,222.44904439670307,0,1004.3,322.82290987541245,15.6916806133159,80,,
2018,3,25,17,0,14.1,90,8.3,7.3,18,8.0,0,23.93976841212123,0,1004.3,317.8017931491079,15.320546745131873,92,,
2018,3,25,18,0,13.7,100,0,7.4,0,0.0,0,0.0,0,1004.2,323.98561465448967,14.490531316754227,103,,
2018,3,25,19,0,13.2,111,0,7.6,0,0.0,0,0.0,0,1003.9,330.2123686186747,13.67725584899962,114,,
2018,3,25,20,0,12.8,124,0,7.9,0,0.0,0,0.0,0,1003.6,332.581893462124,13.669808134523358,124,,
2018,3,25,21,0,12.6,140,0,8.4,0,0.0,0,0.0,0,1003.3,333.06467213190484,13.48209002154237,132,,
2018,3,25,22,0,12.6,159,0,9.1,0,0.0,0,0.0,0,1002.9,338.58158609855496,13.272843628834442,138,,
2018,3,25,23,0,12.6,-178,0,9.8,0,0.0,0,0.0,0,1002.5,336.1669251338789,13.970886532179454,140,,
2018,3,26,0,0,12.4,-156,0.9,10.1,0,0.0,0,0.0,0,1002.1,335.37612579146327,13.698864493073906,137,,
2018,3,26,1,0,11.9,-137,45.1,10,0,0.0,0,0.0,0,1001.7,335.2154968862306,13.043731596311812,131,,
2018,3,26,2,0,11.4,-121,69.9,10,0,0.0,0,0.0,0,1001.4,336.8670438962363,13.096735324902152,122,,
2018,3,26,3,0,11.1,-109,68.5,9.7,0,0.0,0,0.0,0,1001.2,330.5853810475558,12.43505210605176,112,,
2018,3,26,4,0,10.9,-98,24.6,9.4,0,0.0,0,0.0,0,1001.2,340.9841125620295,10.134864255285912,101,,
2018,3,26,5,0,10.8,-88,7.5,9,19,0.0,2,0.0,0,1001.3,348.071217854396,8.923661024833903,90,,
2018,3,26,6,0,11,-78,50.5,8.9,49,38.0,1,11.000000000000002,0,1001.5,332.9556721798602,8.83659907393096,79,,
2018,3,26,7,0,11.5,-67,47.3,9,190,145.0,4,94.51035351252004,0,1001.9,328.72277667977244,8.387729429299302,68,,
2018,3,26,8,0,12,-54,63.1,9,168,139.0,2,193.6897123024838,0,1002.2,359.83690178931784,9.005407579746556,58,,
2018,3,26,9,0,12.3,-39,63.9,9.1,238,111.0,2,268.8553334334772,0,1002.2,37.27811384118826,13.761628576454816,50,,
2018,3,26,10,0,12.5,-19,34.4,9.3,366,160.0,117,372.5674072586029,0,1001.8,39.85718720468492,14.2958423450015,45,,
2018,3,26,11,0,12.7,2,20.4,9.4,365,275.0,236,497.6014941857875,0,1001.4,46.50371292993242,17.124061456077364,43,,
2018,3,26,12,0,12.7,23,62.2,9.8,184,339.0,96,553.8811988052541,0,1001.1,48.13155318257634,14.331162934552458,45,,
2018,3,26,13,0,12.7,41,82.8,10.5,104,450.0,0,590.8570149357477,0,1000.7,42.00878221097116,10.219151984774564,51,,
2018,3,26,14,0,12.6,56,74.7,11.2,115,521.0,0,560.4188005379599,0,1000.3,34.893541259332835,10.84531859559983,60,,
2018,3,26,15,0,12.2,69,63.6,11.2,101,462.0,0,431.12094331325295,0,1000.3,38.68660391423043,12.147658643870113,70,,
2018,3,26,16,0,11.7,80,52.8,10.6,49,319.0,0,249.8896142034621,0,1000.7,39.5130683469198,11.480769002595798,81,,
2018,3,26,17,0,11.1,90,17.8,9.9,9,130.0,0,74.80854933383819,0,1001,40.16059009095329,10.917072831246816,92,,
2018,3,26,18,0,10.7,100,0,9.3,0,0.0,0,0.0,0,1001.5,39.42741020875252,11.02572844860338,103,,
2018,3,26,19,0,10.3,111,0,8.7,0,0.0,0,0.0,0,1002,32.685048017535735,10.234073110306626,114,,
2018,3,26,20,0,9.9,123,0,8,0,0.0,0,0.0,0,1002.5,31.46414363086575,9.703605922507494,124,,
2018,3,26,21,0,10,139,0,8,0,0.0,0,0.0,0,1002.9,33.97693956535085,8.925828488681924,133,,
2018,3,26,22,0,10.3,159,0,8.5,0,0.0,0,0.0,0,1003.3,23.48706915297703,7.907850631202852,138,,
2018,3,26,23,0,10.6,-178,0,9,0,0.0,0,0.0,0,1003.6,12.861678856127355,7.311119393492883,140,,
2018,3,27,0,0,10.8,-156,0.8,9.3,0,0.0,0,0.0,0,1004,15.47359507560992,8.389540632423598,138,,
2018,3,27,1,0,10.9,-136,42.9,9.5,0,0.0,0,0.0,0,1004.4,19.563992102058705,8.882428529168935,131,,
2018,3,27,2,0,10.9,-121,35.2,9.6,0,0.0,0,0.0,0,1004.8,26.119175813389347,8.65672762616935,123,,
2018,3,27,3,0,11.1,-109,51.2,9.9,0,0.0,0,0.0,0,1005.3,20.63586380091948,6.666237023536045,112,,
2018,3,27,4,0,11.3,-98,53,10.1,0,0.0,0,0.0,0,1006,3.8693019283962826,5.745273643073842,102,,
2018,3,27,5,0,11.5,-88,36.9,10.4,14,0.0,0,0.0,0,1006.7,356.3708793203017,6.711211992718536,90,,
2018,3,27,6,0,11.7,-78,57.1,10.3,46,44.0,0,10.000000000000004,0,1007.1,5.765418692369224,6.8292232171472,79,,
2018,3,27,7,0,12.1,-67,75.7,10.1,75,161.0,0,93.65834129421827,0,1007.4,27.802614045135726,4.478967423406365,68,,
2018,3,27,8,0,12.5,-54,71,9.8,148,506.0,0,284.25967025515143,0,1007.6,2.5311538213894096,3.7536622364075183,59,,
2018,3,27,9,0,12.9,-38,71.6,9.8,177,296.0,0,353.4689487305001,0,1007.9,18.12305104307296,3.247790658540233,50,,
2018,3,27,10,0,13.3,-19,78,10,156,512.0,0,544.5183526287029,0,1008.4,16.064046215544465,3.562696660620158,45,,
2018,3,27,11,0,13.8,2,49.8,10.3,347,584.0,26,648.8564664677972,0,1008.8,349.9356919169852,3.4381595065616977,43,,
2018,3,27,12,0,13.9,23,26.3,10.3,403,642.0,117,704.6878112495058,0,1009.2,327.57858885080054,3.6852719073476745,46,,
2018,3,27,13,0,13.9,41,21.2,10.2,326,506.0,157,621.5690104942087,0,1009.6,311.57076614778816,4.311818787771938,52,,
2018,3,27,14,0,13.8,56,10.7,10,191,186.0,228,384.6530003742216,0,1009.9,305.69472410866484,5.6948501755094165,60,,
2018,3,27,15,0,13.5,69,17.7,9.8,142,37.0,113,172.31595286222216,0,1010.4,305.9371625915939,6.407001302440041,70,,
2018,3,27,16,0,13.2,79,10.8,9.7,72,12.0,24,70.8586217790365,0,1010.9,307.97600362636217,5.501513430055061,81,,
2018,3,27,17,0,12.8,89,31.1,9.5,10,8.0,8,21.85204222457375,0,1011.4,318.06172481257147,5.927718538014908,92,,
2018,3,27,18,0,12.5,99,46.8,9.3,0,0.0,0,0.0,0,1012,308.4787023109217,4.692328172697047,104,,
2018,3,27,19,0,12.3,110,16.9,8.9,0,0.0,0,0.0,0,1012.5,313.1888792078093,4.195017884208377,115,,
2018,3,27,20,0,12.1,123,0,8.6,0,0.0,0,0.0,0,1013,313.608686398469,3.9460112679968815,125,,
2018,3,27,21,0,12,139,0,8.6,0,0.0,0,0.0,0,1013.2,275.98096632730403,2.167315217911739,133,,
2018,3,27,22,0,11.9,159,0,8.7,0,0.0,0,0.0,0,1013.2,207.21220819765645,2.822669959226374,139,,
2018,3,27,23,0,11.9,-178,0,8.9,0,0.0,0,0.0,0,1013.1,230.4253822729701,2.82277350162395,141,,
2018,3,28,0,0,11.9,-155,0,8.9,0,0.0,0,0.0,0,1013,242.5469106872168,3.9309512053624607,138,,
2018,3,28,1,0,11.9,-136,0,8.8,0,0.0,0,0.0,0,1012.8,242.2242898464435,5.312284038866402,132,,
2018,3,28,2,0,11.8,-121,0,8.7,0,0.0,0,0.0,0,1012.5,252.8094181987312,6.555551756123162,123,,
2018,3,28,3,0,11.8,-108,0,8.6,0,0.0,0,0.0,0,1012.6,249.5402290124859,6.258052673683848,113,,
2018,3,28,4,0,11.7,-97,0,8.5,0,0.0,0,0.0,0,1012.9,230.43456511431864,5.772744726963253,102,,
2018,3,28,5,0,11.6,-87,0.2,8.5,13,0.0,11,0.0,0,1013.2,219.1733524255449,5.257959508328601,90,,
2018,3,28,6,0,12.1,-77,12,8.5,82,15.0,43,8.000000000000002,0,1013.5,211.75400145687345,3.92834440603356,79,,
2018,3,28,7,0,13,-66,27.9,8.7,203,108.0,34,83.79722926832252,0,1013.7,215.7522731353621,4.501051594462,69,,
2018,3,28,8,0,13.9,-54,39.6,8.8,298,326.0,7,246.028649770393,0,1014,217.7517524783237,3.2455504292090613,59,,
2018,3,28,9,0,14.4,-38,48.3,8.7,328,654.0,5,469.56426202264686,0,1013.8,263.62438217893856,3.6627901060020105,51,,
2018,3,28,10,0,14.6,-19,26.5,8.4,276,762.0,268,625.1192731449069,0,1013.4,303.9364103567996,8.52019792665462,45,,
2018,3,28,11,0,14.7,2,49.9,8.1,229,726.0,150,695.9332335628613,0,1013,318.1290910328779,10.164622831622957,44,,
2018,3,28,12,0,14.7,23,64.9,8,252,404.0,0,578.2867476456147,0,1012.5,322.66137858513935,9.520093955219474,46,,
2018,3,28,13,0,14.8,41,55.6,8,275,332.0,0,519.9528824988572,0,1012.1,329.8473245528308,9.78154939735617,52,,
2018,3,28,14,0,14.8,56,43.6,8,265,367.0,1,477.15448835386894,0,1011.7,338.648421746504,9.30858305987706,61,,
2018,3,28,15,0,14.6,68,24.2,8.1,165,328.0,55,362.3564298801063,0,1011.5,350.70987361853406,9.228219205748156,71,,
2018,3,28,16,0,14.2,79,15.4,8.1,63,332.0,37,246.61732130750872,0,1011.4,359.2074378585775,8.29547137799699,81,,
2018,3,28,17,0,13.8,89,5.5,8.2,13,205.0,3,88.33472710683976,0,1011.3,2.793958011745019,7.32755804817194,93,,
2018,3,28,18,0,13.3,99,0,8.4,0,0.0,0,0.0,0,1011.3,13.155705225738076,6.450042122141486,104,,
2018,3,28,19,0,12.6,110,0,8.6,0,0.0,0,0.0,0,1011.3,22.31725687368032,6.425382584376583,115,,
2018,3,28,20,0,11.9,123,0,8.8,0,0.0,0,0.0,0,1011.2,27.87311976015195,4.7876122785205855,125,,
2018,3,28,21,0,12,139,0,8.9,0,0.0,0,0.0,0,1011,340.8612802848931,4.462730421533966,133,,
2018,3,28,22,0,12.6,159,0,9,0,0.0,0,0.0,0,1010.6,343.7492922538626,5.538164138578156,139,,
2018,3,28,23,0,13.2,-178,0,9,0,0.0,0,0.0,0,1010.1,347.12400096028625,8.20259520500156,141,,
2018,3,29,0,0,13.6,-155,0.6,9.1,0,0.0,0,0.0,0,1009.8,5.625964943669089,8.519553669406333,138,,
2018,3,29,1,0,13.8,-136,33.6,9.3,0,0.0,0,0.0,0,1009.5,10.37376476789774,8.477935584877377,132,,
2018,3,29,2,0,13.9,-120,52,9.5,0,0.0,0,0.0,0,1009.2,5.829972144843339,7.82342401087752,123,,
2018,3,29,3,0,14,-108,51.3,9.7,0,0.0,0,0.0,0,1009.1,1.302932303852856,7.462134436019273,113,,
2018,3,29,4,0,14.1,-97,18.4,9.9,0,0.0,0,0.0,0,1009.2,356.344873329026,7.3643453947170014,102,,
2018,3,29,5,0,14.2,-87,0.8,10.1,12,0.0,8,0.0,0,1009.3,356.5295133458734,7.122436748342952,91,,
2018,3,29,6,0,14.6,-77,40,10.4,58,19.0,5,7.000000000000001,0,1009.5,349.42544881255395,5.886841720177565,79,,
2018,3,29,7,0,15.4,-66,66.9,10.7,107,84.0,0,74.10496499204942,0,1009.8,353.3726680201964,5.923124282231478,69,,
2018,3,29,8,0,16.1,-53,80.3,11,93,197.0,0,203.48936340559695,0,1010.1,352.2235944846822,5.156798755459838,59,,
2018,3,29,9,0,16.4,-38,85,11.4,95,314.0,0,352.2035457284101,0,1010.1,349.68878344070345,6.285097983726193,51,,
2018,3,29,10,0,16.3,-19,69.1,11.9,224,597.0,0,558.4830796569665,0,1009.9,346.41893877372166,8.25097179830339,46,,
2018,3,29,11,0,16.2,2,76.6,12.3,172,670.0,0,665.2732357079813,0,1009.6,343.38917781069574,7.652096400174904,44,,
2018,3,29,12,0,16.1,23,80.5,12.6,135,682.0,0,702.1688367299719,0,1009.5,340.2583210978338,7.657853382922253,47,,
2018,3,29,13,0,16,41,77.6,12.9,135,690.0000000000001,0,687.9106946383904,0,1009.5,333.87935379179373,8.375680386960981,53,,
2018,3,29,14,0,15.9,56,58.4,13.2,182,578.0,0,570.1032157358477,0,1009.5,336.85520481405644,8.843088229730652,61,,
2018,3,29,15,0,15.7,68,54.2,13.4,136,347.0,0,365.84077145608455,0,1009.7,345.0190411721069,9.039411170452963,71,,
2018,3,29,16,0,15.3,79,40,13.4,54,169.0,0,179.58746252958298,0,1010.2,342.96196482411455,9.681253440491846,82,,
2018,3,29,17,0,15,89,43.5,13.4,12,75.0,0,52.54086147213927,0,1010.6,343.55221876882007,9.270987182940791,93,,
2018,3,29,18,0,14.8,99,51.2,13.4,0,0.0,0,0.0,0,1011,346.8836878062443,8.53792814030189,104,,
2018,3,29,19,0,14.6,110,51.6,13.5,0,0.0,0,0.0,0,1011.3,343.39749743624424,7.825002923331156,115,,
2018,3,29,20,0,14.5,123,51.8,13.5,0,0.0,0,0.0,0,1011.7,339.79110793739267,7.960772901036982,125,,
2018,3,29,21,0,14.5,139,51.9,13.4,0,0.0,0,0.0,0,1011.8,339.8427607575047,8.05045999462569,134,,
2018,3,29,22,0,14.6,159,52,13.3,0,0.0,0,0.0,0,1011.6,330.3152435027299,8.19541185244257,140,,
2018,3,29,23,0,14.7,-178,52,13.2,0,0.0,0,0.0,0,1011.4,330.69439724350747,8.065401856189306,141,,
2018,3,30,0,0,14.7,-155,52,13.2,0,0.0,0,0.0,0,1011.3,332.46883715213687,8.59294153051906,139,,
2018,3,30,1,0,14.6,-135,52,13.1,0,0.0,0,0.0,0,1011.3,337.47545555371715,9.42583185428168,132,,
2018,3,30,2,0,14.6,-120,52,13.1,0,0.0,0,0.0,0,1011.3,336.22663162230884,9.26731522632412,123,,
2018,3,30,3,0,14.5,-107,51.8,13.1,0,0.0,0,0.0,0,1011.4,338.0934995304244,9.343084432825307,113,,
2018,3,30,4,0,14.5,-97,48.6,13.1,0,0.0,0,0.0,0,1011.7,338.32732472146944,8.696557167542595,102,,
2018,3,30,5,0,14.5,-87,42.6,13,12,0.0,0,0.0,0,1011.9,338.94600236110307,10.051116656071336,91,,
2018,3,30,6,0,14.9,-77,57.7,13.1,50,41.0,0,8.000000000000002,0,1012.2,350.4508414849583,10.487110139331907,80,,
2018,3,30,7,0,15.7,-66,63.5,13.2,122,171.0,0,86.90446608956044,0,1012.6,349.91163973576994,10.645550163569034,69,,
2018,3,30,8,0,16.5,-53,71.4,13.3,136,293.0,0,225.44668366951063,0,1012.9,347.56025199731897,10.800936055238084,59,,
2018,3,30,9,0,16.8,-37,82.4,13.3,107,385.0,1,372.40094846008265,0,1013,353.3442057216532,12.853227566625856,51,,
2018,3,30,10,0,16.8,-19,50,13.1,297,597.0,66,547.0037839186823,0,1013,359.61918339629034,13.627742414783476,46,,
2018,3,30,11,0,16.7,2,58,12.8,271,726.0,37,676.5330514716438,0,1013,11.44865856975008,12.260550218155648,45,,
2018,3,30,12,0,16.7,23,59.8,12.7,278,765.0,0,727.6285361754796,0,1013,15.51764586354426,12.276607172125988,47,,
2018,3,30,13,0,16.6,41,71.1,12.5,183,755.0,0,705.8602148759246,0,1013.2,11.134143835925784,13.124473372747945,53,,
2018,3,30,14,0,16.5,56,65.5,12.4,147,702.0000000000001,2,615.3078252824455,0,1013.4,14.706288219637258,13.67630876854683,61,,
2018,3,30,15,0,16.2,68,20.3,12.3,94,649.0,111,482.9893724567351,0,1013.8,18.46591848661461,13.997558525618524,71,,
2018,3,30,16,0,15.7,79,0,12.3,31,503.0,76,292.4478434033847,0,1014.2,17.309728658147947,12.753633733995423,82,,
2018,3,30,17,0,15.1,89,0,12.2,7,198.0,8,79.58448904608485,0,1014.7,18.270405656825066,11.506075006011082,93,,
2018,3,30,18,0,14.4,99,0,11.9,0,0.0,0,0.0,0,1015,18.696415320697383,10.083107602269894,105,,
2018,3,30,19,0,13.6,110,0,11.3,0,0.0,0,0.0,0,1015.3,14.812085762331776,8.676003378987698,116,,
2018,3,30,20,0,12.8,123,0,10.7,0,0.0,0,0.0,0,1015.5,15.2876194072374,8.26689412590151,126,,
2018,3,30,21,0,12.5,139,0,10.5,0,0.0,0,0.0,0,1015.6,20.564753446511304,7.520236688196495,134,,
2018,3,30,22,0,12.6,159,0,10.6,0,0.0,0,0.0,0,1015.6,21.565684153351583,6.402281788217187,140,,
2018,3,30,23,0,12.8,-177,0,10.8,0,0.0,0,0.0,0,1015.5,12.169664332263892,5.530034621382116,142,,
2018,3,31,0,0,12.9,-154,0,10.8,0,0.0,0,0.0,0,1015.5,18.010941317959066,4.611215023736417,139,,
2018,3,31,1,0,12.9,-135,0,10.8,0,0.0,0,0.0,0,1015.5,358.8884916186006,5.789419438610493,133,,
2018,3,31,2,0,12.9,-120,0,10.7,0,0.0,0,0.0,0,1015.5,10.745290316176863,5.485341636264344,124,,
2018,3,31,3,0,12.9,-107,0,10.7,0,0.0,0,0.0,0,1015.6,19.036628712883783,5.212564062964403,113,,
2018,3,31,4,0,12.9,-96,0,10.8,0,0.0,0,0.0,0,1015.9,19.529048186272405,4.192866836142319,102,,
2018,3,31,5,0,12.9,-86,0.6,10.8,11,0.0,8,0.0,0,1016.1,22.65993174616034,4.323750305991866,91,,
2018,3,31,6,0,13.6,-76,29.8,10.8,77,30.0,4,7.000000000000002,0,1016.2,6.8407044500957,3.4906699021472924,80,,
2018,3,31,7,0,14.8,-65,55.7,10.8,138,266.0,0,92.81702954885549,0,1016.3,16.611462808115164,5.03687199731783,69,,
2018,3,31,8,0,16,-52,67.9,10.8,156,600.0000000000001,0,281.564390774299,0,1016.4,38.9560806128157,4.0186303392337015,60,,
2018,3,31,9,0,16.6,-37,77.4,10.8,141,702.0000000000001,0,457.9534438150228,0,1016.1,43.03194821911518,3.3679944905691324,52,,
2018,3,31,10,0,16.8,-18,81.3,10.8,134,709.0,0,596.3965657496108,0,1015.6,21.23820901127397,2.827275575404585,46,,
2018,3,31,11,0,16.9,2,74.3,10.8,190,742.0,0,692.8741813386521,0,1015.1,347.21559002310283,2.9976528542514047,45,,
2018,3,31,12,0,16.9,23,66.8,10.9,232,747.0,0,729.3911265192809,0,1014.6,315.87302213689776,3.376412502277557,47,,
2018,3,31,13,0,16.9,41,69.2,11.1,188,597.0,0,642.642348690501,0,1014.1,301.3997465169345,4.291859602372111,53,,
2018,3,31,14,0,16.9,55,52.3,11.2,208,478.0,1,521.7835279083542,0,1013.7,300.8486882975915,5.795792974783571,62,,
2018,3,31,15,0,16.4,68,28.7,11.4,165,372.0,29,374.3298366376146,0,1013.4,308.22374171909007,7.42956421726764,72,,
2018,3,31,16,0,15.6,78,28.8,11.7,62,253.0,16,209.9291656151549,0,1013.4,311.8782113762909,7.354397145154725,82,,
2018,3,31,17,0,14.7,88,44.4,11.9,9,67.0,0,47.04391981619175,0,1013.3,314.11372558103454,6.9978452201490216,94,,
2018,3,31,18,0,13.9,98,18.4,11.9,0,0.0,0,0.0,0,1013.3,312.0507663323715,7.11657401077813,105,,
2018,3,31,19,0,13.3,109,0,11.7,0,0.0,0,0.0,0,1013.3,314.28009091961417,7.25463196344786,116,,
2018,3,31,20,0,12.7,122,0.6,11.5,0,0.0,0,0.0,0,1013.2,326.3382821548901,7.253017430656249,126,,
2018,3,31,21,0,12.5,139,33.6,11.4,0,0.0,0,0.0,0,1012.9,340.6386598441505,7.602040643346518,135,,
2018,3,31,22,0,12.6,159,51.5,11.3,0,0.0,0,0.0,0,1012.3,341.531412091254,7.3638774357267005,140,,
2018,3,31,23,0,12.7,-177,51.2,11.2,0,0.0,0,0.0,0,1011.6,334.43300327293764,6.788500697833883,142,,
2018,4,1,0,0,13,-154,51.2,11.3,0,0.0,0,0.0,0,1010.9,328.5778387191406,6.358505175477796,139,,
2018,4,1,1,0,13.3,-135,51.2,11.5,0,0.0,0,0.0,0,1010,351.88763627670545,5.5760620427045895,133,,
2018,4,1,2,0,13.6,-119,51.2,11.7,0,0.0,0,0.0,0,1009.2,351.5245645507945,5.762886834141729,124,,
2018,4,1,3,0,14,-107,51.6,12,0,0.0,0,0.0,0,1008.6,348.73737279755863,7.248973843696389,114,,
2018,4,1,4,0,14.6,-96,51.3,12.3,0,0.0,0,0.0,0,1008.2,351.0461504613382,7.358468949575583,103,,
2018,4,1,5,0,15.1,-86,48.4,12.7,9,0.0,0,0.0,0,1007.8,353.3639878353797,7.206238419257963,91,,
2018,4,1,6,0,16,-76,33.6,13.1,86,3.0,7,4.0,0,1007.3,352.91939069833563,7.149986845451205,80,,
2018,4,1,7,0,17.3,-65,71.5,13.6,55,19.0,4,42.6354400485565,0,1006.6,349.1448345091424,7.23890521123371,69,,
2018,4,1,8,0,18.6,-52,73.5,14.1,140,37.0,0,118.01106314934457,0,1005.9,346.1911012066426,7.342089607347651,60,,
2018,4,1,9,0,19.4,-37,47,14.1,317,57.0,3,204.78073445710757,0,1005.1,340.9074826891304,6.780968981075181,52,,
2018,4,1,10,0,20,-18,24.8,13.5,375,85.0,130,305.126201972131,0,1004.1,329.8453688890669,8.307874855609606,47,,
2018,4,1,11,0,20.4,2,31.3,12.9,402,120.0,73,382.6901269125732,0,1003.2,329.6288813610039,9.614023231910974,45,,
2018,4,1,12,0,20.6,23,51.2,12.6,320,161.0,1,432.2603909287637,0,1002.3,326.2184021667813,10.384661797561744,48,,
2018,4,1,13,0,20.5,40,37,12.5,313,135.0,27,388.8653648296632,0,1001.5,320.7779211195241,10.948971353948428,54,,
2018,4,1,14,0,20.4,55,57.2,12.5,178,74.0,15,277.49042558582414,0,1000.8,322.6486709411056,10.93661654582849,62,,
2018,4,1,15,0,20,67,60.2,12.4,83,51.0,0,184.6433697506896,0,1000.5,328.8869129682289,10.811607315720808,72,,
2018,4,1,16,0,19.5,78,31.3,12.3,43,47.0,0,110.75076911584496,0,1000.6,330.1841985423297,10.984562059657348,83,,
2018,4,1,17,0,19,88,13.8,12.3,7,35.0,0,35.14560338108773,0,1000.7,324.27521426431133,10.828627460486103,94,,
2018,4,1,18,0,18.2,98,27.8,12.6,0,0.0,0,0.0,0,1000.7,323.2886480961021,10.199208969993972,105,,
2018,4,1,19,0,17.2,109,57.4,13.1,0,0.0,0,0.0,0,1000.6,320.0421321719017,9.996008317708275,116,,
2018,4,1,20,0,16.2,122,68.9,13.7,0,0.0,0,0.0,0,1000.5,326.2933513823843,10.529079592809808,126,,
2018,4,1,21,0,15.3,138,68.3,13.7,0,0.0,0,0.0,0,1000.7,337.6646259328496,10.249957331708163,135,,
2018,4,1,22,0,14.4,159,24.5,13.2,0,0.0,0,0.0,0,1001.1,354.96658084395045,9.029694320905849,141,,
2018,4,1,23,0,13.6,-177,0,12.7,0,0.0,0,0.0,0,1001.4,10.604170118514276,8.65662730596246,143,,
2018,4,2,0,0,12.8,-154,0,11.9,0,0.0,0,0.0,0,1002.1,12.411098232718189,8.687643588546687,140,,
2018,4,2,1,0,12,-134,0,11,0,0.0,0,0.0,0,1003,5.4667098557052896,8.44662073044102,133,,
2018,4,2,2,0,11.2,-119,0,10.1,0,0.0,0,0.0,0,1004,2.069371961789045,8.43787589825308,124,,
2018,4,2,3,0,10.7,-106,0,9.3,0,0.0,0,0.0,0,1005.3,8.906785637043981,9.951543293049612,114,,
2018,4,2,4,0,10.4,-96,0,8.7,0,0.0,0,0.0,0,1006.9,6.150808191851468,9.975639440959714,103,,
2018,4,2,5,0,10,-86,0.8,8,10,0.0,3,0.0,0,1008.5,1.2398666411263548,8.95864045851259,91,,
2018,4,2,6,0,10.4,-76,40.1,7.5,53,18.0,2,6.000000000000001,0,1009.6,0.040217327358448,9.043215118413697,80,,
2018,4,2,7,0,11.3,-65,64.4,6.9,111,167.0,0,83.79814216452137,0,1010.2,351.9542870808711,8.439024752140643,70,,
2018,4,2,8,0,12.2,-52,72,6.4,134,242.0,0,212.58042753594867,0,1010.9,347.0868320561177,9.075216621908368,60,,
2018,4,2,9,0,12.8,-36,53.7,6.2,291,485.0,8,403.9425961446791,0,1011.4,346.41722584158885,10.601436305015357,52,,
2018,4,2,10,0,13.2,-18,14.9,6.2,189,558.0,421,523.5908096267201,0,1011.8,2.2020152223828973,12.911389682962223,47,,
2018,4,2,11,0,13.5,3,0,6.2,79,627.0,657,625.3508544025692,0,1012.1,11.940423507547848,12.970832071581,46,,
2018,4,2,12,0,13.6,23,0,6,75,682.0,625,680.3025429166483,0,1012.5,15.218798753929777,13.410232657068486,48,,
2018,4,2,13,0,13.4,40,0,5.7,69,667.0,535,655.4943639522556,0,1012.9,16.499097952274383,13.49563488545937,54,,
2018,4,2,14,0,13.2,55,0,5.4,61,596.0,398,557.3374146888503,0,1013.2,22.73932903269707,12.826030734490832,62,,
2018,4,2,15,0,12.8,67,0,5.1,49,415.0,231,377.5823053427996,0,1013.8,16.33822336822169,11.67558699618868,72,,
2018,4,2,16,0,12.2,78,0,4.7,26,303.0,71,216.78776555074649,0,1014.5,11.249167872709108,10.428873966220513,83,,
2018,4,2,17,0,11.6,88,0,4.3,6,140.0,6,59.82132886485894,0,1015.2,7.41300514146667,9.470759090510755,94,,
2018,4,2,18,0,10.8,98,0,3.9,0,0.0,0,0.0,0,1015.8,2.0677658761177327,7.882818435651588,106,,
2018,4,2,19,0,9.8,109,0,3.4,0,0.0,0,0.0,0,1016.2,357.9517804140925,7.1041482009722285,117,,
2018,4,2,20,0,8.9,122,0,3,0,0.0,0,0.0,0,1016.7,352.3276913875762,6.974546630372042,127,,
2018,4,2,21,0,8.5,138,0,2.9,0,0.0,0,0.0,0,1016.8,347.64810690365226,6.869461937125942,135,,
2018,4,2,22,0,8.7,159,0,3.1,0,0.0,0,0.0,0,1016.8,345.6933950464583,7.014663124839152,141,,
2018,4,2,23,0,8.9,-177,0,3.4,0,0.0,0,0.0,0,1016.8,351.958942417331,7.131394566032648,143,,
2018,4,3,0,0,9,-153,0,3.6,0,0.0,0,0.0,0,1016.7,348.38372579690207,7.0566428549029485,140,,
2018,4,3,1,0,8.9,-134,0,3.7,0,0.0,0,0.0,0,1016.6,347.7995822468771,7.249176558231905,133,,
2018,4,3,2,0,8.8,-118,0,3.7,0,0.0,0,0.0,0,1016.5,349.49922970856954,7.509803964345862,124,,
2018,4,3,3,0,8.8,-106,0,3.9,0,0.0,0,0.0,0,1016.7,350.8901395382294,8.097004011709815,114,,
2018,4,3,4,0,8.9,-95,0,4.1,0,0.0,0,0.0,0,1017.2,0.8976183330009917,8.135031497269505,103,,
2018,4,3,5,0,9,-85,0,4.4,8,0.0,7,0.0,0,1017.7,3.44525402644274,8.36081383702264,92,,
2018,4,3,6,0,9.8,-75,0,4.8,36,24.0,95,5.000000000000002,0,1018,5.744343607955386,8.000625123991815,81,,
2018,4,3,7,0,11,-64,0,5.3,61,246.0,248,84.47875722447155,0,1018.3,2.684741124053176,7.458626154438326,70,,
2018,4,3,8,0,12.4,-51,0,5.8,75,396.0,403,234.20658127139043,0,1018.5,5.044259284200052,7.252698527646269,60,,
2018,4,3,9,0,13.1,-36,0.2,6,86,624.0,523,426.36082413708,0,1018.3,17.956849938418543,8.45660780624061,53,,
2018,4,3,10,0,13.5,-18,11.5,6,235,755.0,373,585.1219243900758,0,1017.8,19.72574113778785,8.321310608505435,48,,
2018,4,3,11,0,13.8,3,12.9,5.9,264,782.0,356,678.788162941282,0,1017.3,21.54627947684628,8.328309939193645,46,,
2018,4,3,12,0,14,23,3.6,6.1,142,794.0,506,719.0866441710388,0,1016.8,17.60545457709111,8.585989517179302,49,,
2018,4,3,13,0,14.3,40,0,6.3,86,790.0,491,700.5376756109599,0,1016.5,13.33686300903679,9.527457023469625,54,,
2018,4,3,14,0,14.5,55,0,6.6,78,745.0,357,612.2920442662675,0,1016.1,15.40348504020892,9.162117962334095,63,,
2018,4,3,15,0,14.3,67,0,6.9,62,657.0,197,465.1942064198434,0,1016.1,17.72629123809986,8.813979058563028,73,,
2018,4,3,16,0,13.9,78,0,7.1,30,485.0,56,268.9001526731428,0,1016.3,23.761788280816177,8.83168187688365,83,,
2018,4,3,17,0,13.5,88,0,7.3,6,199.0,3,68.46757133266306,0,1016.5,21.481082391855978,7.906365533218304,95,,
2018,4,3,18,0,12.6,98,0,7.2,0,0.0,0,0.0,0,1016.6,19.42380741820876,7.9852454985630414,106,,
2018,4,3,19,0,11.4,109,0,7,0,0.0,0,0.0,0,1016.6,19.45891743787905,8.75263058084219,117,,
2018,4,3,20,0,10.2,122,0,6.8,0,0.0,0,0.0,0,1016.7,22.169760342522352,7.587824279416554,127,,
2018,4,3,21,0,9.7,138,0,6.7,0,0.0,0,0.0,0,1016.4,12.102213387257734,6.5513648977032,136,,
2018,4,3,22,0,9.9,159,0,6.7,0,0.0,0,0.0,0,1016,9.818634201955092,6.363720475336092,142,,
2018,4,3,23,0,10.1,-177,0,6.7,0,0.0,0,0.0,0,1015.6,19.73894414166409,6.544197122078024,143,,
2018,4,4,0,0,10.2,-153,0,6.7,0,0.0,0,0.0,0,1015.2,25.082661632212933,6.3602918530998105,140,,
2018,4,4,1,0,10.4,-133,0,6.8,0,0.0,0,0.0,0,1014.8,28.978168832025062,6.239118148475288,134,,
2018,4,4,2,0,10.5,-118,0,7,0,0.0,0,0.0,0,1014.4,28.298249467263474,5.292119437344019,125,,
2018,4,4,3,0,10.8,-106,0,7.2,0,0.0,0,0.0,0,1014.2,26.95523145750548,4.569414784223434,114,,
2018,4,4,4,0,11,-95,0,7.5,0,0.0,0,0.0,0,1014,29.160396537459064,4.250924241322157,103,,
2018,4,4,5,0,11.4,-85,0.5,7.8,9,0.0,3,0.0,0,1013.9,21.56953902625173,3.764078954626644,92,,
2018,4,4,6,0,12.1,-75,28.1,8.4,72,30.0,2,5.000000000000002,0,1013.7,12.149905260249454,3.968282934925154,81,,
2018,4,4,7,0,13.3,-64,39.9,9.2,180,314.0,4,85.78617830002607,0,1013.2,35.787189138280326,3.8451201005193054,70,,
2018,4,4,8,0,14.5,-51,17.7,10,173,579.0,221,261.2113536631139,0,1012.8,29.957495595651324,3.223380914765599,61,,
2018,4,4,9,0,15.3,-36,49.7,10.4,157,716.0,124,442.798613251825,0,1012.1,10.637994675750974,1.967904105947668,53,,
2018,4,4,10,0,15.9,-17,82.6,10.6,115,786.0,0,591.0918161399945,0,1011.3,1.960020343331564,1.7131605120558002,48,,
2018,4,4,11,0,16.5,3,82.3,10.7,121,806.0,0,683.6813541759002,0,1010.4,342.6041749625344,2.0562046527210303,46,,
2018,4,4,12,0,16.7,23,74,10.9,167,804.0,0,718.1270441095921,0,1009.6,340.2821518346406,2.748303637950438,49,,
2018,4,4,13,0,16.7,40,76.1,11.2,134,785.0,0,692.2113411011749,0,1008.9,315.2597806521616,3.2363933310331223,55,,
2018,4,4,14,0,16.6,55,65.7,11.6,133,740.0,0,604.3447824595746,0,1008.2,316.9105219506461,3.6091831123240414,63,,
2018,4,4,15,0,16.3,67,44.3,11.9,124,658.0,0,460.1831446044528,0,1007.8,339.56379288720115,3.8799396609623833,73,,
2018,4,4,16,0,15.9,77,13.2,12.1,50,500.0,3,268.69059653330714,0,1007.7,358.6596451934504,4.477543495367387,84,,
2018,4,4,17,0,15.4,87,0,12.3,6,212.0,2,68.83573488675742,0,1007.6,357.7087195859865,5.837919422128406,95,,
2018,4,4,18,0,15,97,0,12.5,0,0.0,0,0.0,0,1007.5,8.352683633099389,6.443593691901232,106,,
2018,4,4,19,0,14.8,108,0,12.7,0,0.0,0,0.0,0,1007.2,6.601987947443661,4.879770958217593,117,,
2018,4,4,20,0,14.6,121,0,12.8,0,0.0,0,0.0,0,1006.9,83.34933053270288,3.452923143105417,127,,
2018,4,4,21,0,14.5,138,0,12.9,0,0.0,0,0.0,0,1006.4,134.30304325531534,3.8177268438510654,136,,
2018,4,4,22,0,14.6,159,0,13,0,0.0,0,0.0,0,1005.6,141.74651066549535,3.403384849779274,142,,
2018,4,4,23,0,14.7,-177,0,13.1,0,0.0,0,0.0,0,1004.8,153.2742219693904,2.6855849828617275,144,,
2018,4,5,0,0,14.6,-153,0,13.1,0,0.0,0,0.0,0,1004.1,171.6868446600006,1.729105875562931,141,,
2018,4,5,1,0,14.4,-133,0,13.1,0,0.0,0,0.0,0,1003.4,139.41786568629993,1.425353939873305,134,,
2018,4,5,2,0,14.2,-118,0,13.1,0,0.0,0,0.0,0,1002.8,109.29989104269708,1.2069911518041243,125,,
2018,4,5,3,0,13.9,-105,0,12.9,0,0.0,0,0.0,0,1002.3,104.28853339999654,0.927873556839752,114,,
2018,4,5,4,0,13.6,-95,0,12.6,0,0.0,0,0.0,0,1002.1,94.95027223429172,0.9959022487485908,103,,
2018,4,5,5,0,13.2,-85,1.2,12.3,7,0.0,3,0.0,0,1001.9,56.437783857798365,1.911729691150256,92,,
2018,4,5,6,0,13.7,-75,63,12.4,8,10.0,5,3.0000000000000004,0,1001.6,24.412452148130228,4.005584818983271,81,,
2018,4,5,7,0,14.7,-64,35.7,12.8,51,171.0,185,71.369161924545,0,1001.3,16.468736151589496,7.306337453777246,70,,
2018,4,5,8,0,15.8,-51,27,13.2,223,315.0,104,206.55033107572825,0,1001,8.937937524040308,6.582616880721503,61,,
2018,4,5,9,0,16.2,-35,40.7,13.1,356,623.0,0,411.9988431137149,0,1000.4,7.737275004029129,6.934470541950401,53,,
2018,4,5,10,0,16,-17,44.3,12.5,379,715.0,0,567.7605921272785,0,999.7,11.797802915865816,7.810502891865027,48,,
2018,4,5,11,0,15.8,3,64.6,12,250,729.0,0,654.933334936931,0,999,9.77023687081504,8.163073455184007,47,,
2018,4,5,12,0,15.5,23,86.2,11.7,94,709.0,0,678.8503921399247,0,998.4,8.162807495248899,8.165738111779,49,,
2018,4,5,13,0,15.1,40,85.2,11.6,80,610.0,0,616.3926916850414,0,997.9,9.60000704941831,8.451360525410838,55,,
2018,4,5,14,0,14.8,54,55.2,11.5,176,473.0,0,489.3053360384829,0,997.4,16.35695502418514,8.333634928173058,63,,
2018,4,5,15,0,14.3,67,49,11.4,133,360.0,0,343.36247205872684,0,997.2,26.02883398077887,8.481598211742936,73,,
2018,4,5,16,0,13.7,77,19.4,11.3,38,327.0,5,214.4020286380924,0,997.2,29.06576654311908,7.789874012568559,84,,
2018,4,5,17,0,13,87,0,11.3,4,85.0,3,41.51474413038375,0,997.2,25.597194393038592,7.368720597976123,95,,
2018,4,5,18,0,12.5,97,0.2,10.9,0,0.0,0,0.0,0,997.2,16.873786245548956,6.43271260808255,106,,
2018,4,5,19,0,12,108,7.7,10.3,0,0.0,0,0.0,0,997.2,12.91103358288018,6.660829504445388,117,,
2018,4,5,20,0,11.6,121,7.1,9.7,0,0.0,0,0.0,0,997.1,17.468842746588393,6.831676196932127,128,,
2018,4,5,21,0,11.5,138,9.1,9.6,0,0.0,0,0.0,0,996.8,11.44948804455788,6.939113141574931,136,,
2018,4,5,22,0,11.6,159,4.3,9.8,0,0.0,0,0.0,0,996.4,6.8791742142728936,7.325687255126184,142,,
2018,4,5,23,0,11.7,-176,0,10.1,0,0.0,0,0.0,0,995.9,10.753137793516087,6.971788577848332,144,,
2018,4,6,0,0,11.7,-153,0.6,10.1,0,0.0,0,0.0,0,995.6,14.319144963646124,6.775684767073211,141,,
2018,4,6,1,0,11.5,-133,33.6,9.9,0,0.0,0,0.0,0,995.4,10.904985785639951,6.950709457000968,134,,
2018,4,6,2,0,11.4,-117,52,9.7,0,0.0,0,0.0,0,995.3,5.643931294151514,6.911189013429564,125,,
2018,4,6,3,0,11.3,-105,50.8,9.5,0,0.0,0,0.0,0,995.4,9.209013590175571,7.044902601604363,115,,
2018,4,6,4,0,11.1,-94,18.1,9.3,0,0.0,0,0.0,0,995.6,20.683451584379952,7.221822390329634,103,,
2018,4,6,5,0,10.9,-84,0,9.1,6,0.0,5,0.0,0,995.9,34.91173658060222,6.38043487042853,92,,
2018,4,6,6,0,11.5,-74,0.9,9,35,15.0,87,4.000000000000001,0,996.1,38.24311261822453,6.202123032561251,81,,
2018,4,6,7,0,12.7,-63,0.5,8.9,55,111.0,246,63.651196190311225,0,996.3,43.39582877194346,6.154379129541088,71,,
2018,4,6,8,0,13.9,-50,0,8.9,65,80.0,405,136.15979761465258,0,996.5,43.86623474720153,6.116048270749512,61,,
2018,4,6,9,0,14.5,-35,0.4,8.7,76,108.0,521,230.8165776066787,0,996.6,54.804842199144616,6.831629122398788,54,,
2018,4,6,10,0,14.8,-17,19.3,8.3,282,252.0,262,389.357483529748,0,996.6,57.60513844958626,8.166105932736796,49,,
2018,4,6,11,0,15,3,16.1,8,271,69.0,315,297.6936776996547,0,996.5,62.33456023188944,7.942453993597117,47,,
2018,4,6,12,0,15.1,22,6.2,7.8,168,155.0,449,395.3792983126784,0,996.7,68.61501049923982,7.647622007510978,50,,
2018,4,6,13,0,15.3,40,2.1,7.7,107,352.0,443,494.31487961110025,0,996.9,66.20066523082653,5.980477610256974,56,,
2018,4,6,14,0,15.4,54,14.8,7.7,159,297.0,205,405.8511362271473,0,997.2,63.57564979889992,6.180104363387396,64,,
2018,4,6,15,0,15.3,66,20.4,7.8,140,370.0,51,345.3949596244047,0,997.7,57.61964487732962,7.145460019402114,74,,
2018,4,6,16,0,14.9,77,17.8,8.1,46,152.0,14,150.28692407406655,0,998.3,53.60849866449695,7.543964136587811,84,,
2018,4,6,17,0,14.6,87,6.2,8.4,5,209.0,0,61.02913053089344,0,998.9,51.03969682381506,7.371800346853568,96,,
2018,4,6,18,0,14.1,97,0.6,8.5,0,0.0,0,0.0,0,999.5,50.916693623800256,7.330224901453199,107,,
2018,4,6,19,0,13.6,108,33.6,8.6,0,0.0,0,0.0,0,1000.1,66.26172865196725,6.936210967927005,118,,
2018,4,6,20,0,13,121,53.7,8.7,0,0.0,0,0.0,0,1000.7,102.6646397183863,5.786037756545478,128,,
2018,4,6,21,0,12.8,138,19.7,8.9,0,0.0,0,0.0,0,1001.1,145.99676784353005,7.8047862614673,137,,
2018,4,6,22,0,12.8,159,0,9.3,0,0.0,0,0.0,0,1001.4,163.21800494356376,7.205054639083626,143,,
2018,4,6,23,0,12.9,-176,0,9.7,0,0.0,0,0.0,0,1001.7,166.56327283042663,6.592817891484815,144,,
2018,4,7,0,0,12.9,-152,0,10,0,0.0,0,0.0,0,1002,167.86888844915484,6.100336291079816,141,,
2018,4,7,1,0,12.7,-132,0,10.1,0,0.0,0,0.0,0,1002.5,175.82038518135755,5.969244517067614,135,,
2018,4,7,2,0,12.5,-117,0,10.2,0,0.0,0,0.0,0,1002.9,181.91035923735168,4.247722190638378,125,,
2018,4,7,3,0,12.4,-105,0,10.2,0,0.0,0,0.0,0,1003.4,176.20631448173708,3.103235461371319,115,,
2018,4,7,4,0,12.3,-94,0,10.3,0,0.0,0,0.0,0,1003.9,154.9799095209312,2.907617811094161,104,,
2018,4,7,5,0,12.2,-84,0,10.2,6,0.0,3,0.0,0,1004.4,129.93874471466722,4.3304778014832905,92,,
2018,4,7,6,0,12.5,-74,1.1,10.2,42,14.0,72,3.000000000000001,0,1004.7,96.99737902230368,4.635355478232931,81,,
2018,4,7,7,0,13.2,-63,0.6,10.1,70,334.0,219,80.89018931086768,0,1004.9,96.56384637911026,4.606857679233845,71,,
2018,4,7,8,0,13.9,-50,0,10,80,328.0,380,210.436439416756,0,1005.1,77.29556036089701,3.602354785883257,61,,
2018,4,7,9,0,14.4,-35,0,9.6,79,540.0,516,389.93607001328274,0,1005.3,23.518893973981,1.7834038846003035,54,,
2018,4,7,10,0,14.7,-17,0.2,9.1,78,571.0000000000001,597,514.8052979144933,0,1005.4,356.5224437539673,4.354942864799828,49,,
2018,4,7,11,0,15,3,8,8.6,182,762.0,461,665.0735375560232,0,1005.5,3.877390974455864,6.260423608438597,48,,
2018,4,7,12,0,15,22,18.8,8.1,285,773.0,254,703.8373058672908,0,1005.7,6.059737848022564,7.5625202281145425,50,,
2018,4,7,13,0,14.8,40,29.2,7.6,309,680.0,94,644.2980851510154,0,1005.9,0.7486631396927805,8.482901896667762,56,,
2018,4,7,14,0,14.5,54,11.9,7.2,143,457.0,217,479.81747009788313,0,1006.2,4.733601564771334,8.159422264853442,64,,
2018,4,7,15,0,14.1,66,0,6.8,41,362.0,207,340.4977624689441,0,1006.6,9.457490254470429,9.04258651749488,74,,
2018,4,7,16,0,13.6,77,0,6.5,18,154.0,57,150.15935911107698,0,1007.2,18.4808690890585,7.995330613864809,85,,
2018,4,7,17,0,13.1,87,0,6.1,3,44.0,2,25.561237398106176,0,1007.8,24.30804513453233,6.822898317754014,96,,
2018,4,7,18,0,12.5,97,0,5.9,0,0.0,0,0.0,0,1008.3,18.379987950460983,4.668067490558878,107,,
2018,4,7,19,0,11.8,108,0,5.7,0,0.0,0,0.0,0,1008.8,357.96082118474465,5.77025569740101,118,,
2018,4,7,20,0,11.2,121,0,5.5,0,0.0,0,0.0,0,1009.3,359.91584598035564,5.319097534238225,128,,
2018,4,7,21,0,11,137,0,5.5,0,0.0,0,0.0,0,1009.6,10.001554552648315,4.414003253640435,137,,
2018,4,7,22,0,11.1,159,0,5.7,0,0.0,0,0.0,0,1009.7,4.121402607774314,3.369798263276064,143,,
2018,4,7,23,0,11.3,-176,0,6,0,0.0,0,0.0,0,1009.8,339.5464777938468,4.135993879601933,145,,
2018,4,8,0,0,11.4,-152,0,6.1,0,0.0,0,0.0,0,1010.1,339.6129948822771,5.1041420670000885,142,,
2018,4,8,1,0,11.3,-132,0,6.1,0,0.0,0,0.0,0,1010.6,356.6354379938089,4.326304827642775,135,,
2018,4,8,2,0,11.2,-116,0,6.1,0,0.0,0,0.0,0,1011.1,357.53492249686724,4.121000981303679,126,,
2018,4,8,3,0,11.1,-104,0,6.2,0,0.0,0,0.0,0,1011.7,356.8263639975113,4.008589202693902,115,,
2018,4,8,4,0,11.1,-94,0,6.2,0,0.0,0,0.0,0,1012.3,354.15991558243326,3.471877277830185,104,,
2018,4,8,5,0,11.1,-84,0,6.2,5,0.0,4,0.0,0,1013,343.0795002264947,2.4888469106983826,93,,
2018,4,8,6,0,11.6,-74,0.9,6.5,35,1.0,83,1.0,0,1013.5,327.82912121304327,1.6933381498385938,82,,
2018,4,8,7,0,12.6,-63,0.5,7,56,10.0,239,27.621647812792112,0,1013.9,289.3174840963716,0.4811926869535104,71,,
2018,4,8,8,0,13.6,-50,0,7.5,68,32.0,396,100.82621127562336,0,1014.2,264.5941820607419,0.5571655475359119,62,,
2018,4,8,9,0,14.2,-35,0,7.5,87,40.0,504,168.28052233621193,0,1014.4,302.81539075485847,0.3459831009249453,54,,
2018,4,8,10,0,14.4,-17,0.8,7.1,125,36.0,532,222.3159204339046,0,1014.4,114.65344978787208,0.4255046120784767,49,,
2018,4,8,11,0,14.6,3,0.9,6.7,146,51.0,525,283.83222884671096,0,1014.4,176.2536744499755,1.016331940147552,48,,
2018,4,8,12,0,14.8,22,0.3,6.5,143,79.0,488,334.4404811610397,0,1014.5,216.41608360646464,2.502910541010216,50,,
2018,4,8,13,0,14.9,39,0,6.3,142,75.0,387,308.9565358114384,0,1014.6,219.8905875790143,3.66559112643748,56,,
2018,4,8,14,0,15,54,0,6.2,127,15.0,253,152.87640639710966,0,1014.7,238.98551758040188,2.742973562750836,64,,
2018,4,8,15,0,14.6,66,0,6.2,88,11.0,121,96.33498896904229,0,1015,223.0463967293385,3.3878298106233795,74,,
2018,4,8,16,0,14,77,0.6,6.4,30,10.0,27,54.3982828922872,0,1015.4,236.8264546346269,2.5387774498196025,85,,
2018,4,8,17,0,13.3,86,33.1,6.6,3,4.0,0,8.666196707176903,0,1015.8,195.5805695332081,2.5596331981980893,96,,
2018,4,8,18,0,12.6,96,26.2,6.6,0,0.0,0,0.0,0,1016.2,247.1997934420501,1.6229046737495474,107,,
2018,4,8,19,0,12,107,4.3,6.7,0,0.0,0,0.0,0,1016.6,285.1867715061419,2.0642782839213782,118,,
2018,4,8,20,0,11.4,120,0,6.7,0,0.0,0,0.0,0,1016.9,329.9889199483867,3.434884706391925,129,,
2018,4,8,21,0,11.1,137,0,7,0,0.0,0,0.0,0,1017.1,334.4829483269454,6.673945032111161,138,,
2018,4,8,22,0,11.1,159,0,7.4,0,0.0,0,0.0,0,1017.1,348.3087112109726,8.36619512477007,143,,
2018,4,8,23,0,11.2,-176,0,7.8,0,0.0,0,0.0,0,1017.1,350.85773154514226,9.096511277397234,145,,
2018,4,9,0,0,11,-152,0,7.9,0,0.0,0,0.0,0,1017.1,359.28671138531803,8.707461856892117,142,,
2018,4,9,1,0,10.7,-132,0,7.9,0,0.0,0,0.0,0,1017.1,354.5680281368011,8.407629222534705,135,,
2018,4,9,2,0,10.4,-116,0,7.9,0,0.0,0,0.0,0,1017.1,5.846168290134415,7.248147152222701,126,,
2018,4,9,3,0,10.1,-104,0,7.9,0,0.0,0,0.0,0,1017.3,19.598379444680745,6.703542260652282,115,,
2018,4,9,4,0,9.8,-93,0,7.8,0,0.0,0,0.0,0,1017.7,25.5054271668908,6.116604559199341,104,,
2018,4,9,5,0,9.6,-83,0.4,7.8,5,0.0,1,0.0,0,1018.2,37.65421069307837,5.618202154970986,93,,
2018,4,9,6,0,10.4,-73,18.7,7.8,76,9.0,1,3.0000000000000004,0,1018.3,36.50586948111982,5.179889703776736,82,,
2018,4,9,7,0,11.9,-62,24,7.8,168,201.0,45,71.82016463740072,0,1018.2,20.80342658280921,3.964262896303961,71,,
2018,4,9,8,0,13.6,-50,29.3,7.8,276,356.0,33,217.7455696290841,0,1018.1,12.65155626308382,4.734083821372507,62,,
2018,4,9,9,0,14.5,-34,12.2,7.7,174,519.0,340,389.17277720332766,0,1017.9,53.05441444638177,2.5134787555720286,54,,
2018,4,9,10,0,15,-16,0,7.4,96,661.0,558,537.8411478092492,0,1017.5,149.73494679102282,3.272156612733903,50,,
2018,4,9,11,0,15.5,3,0,7.2,97,697.0000000000001,577,629.8690175193976,0,1017.1,178.57646487698003,6.5745388685181805,48,,
2018,4,9,12,0,15.6,22,0,7.1,91,662.0,545,646.251763183451,0,1016.8,205.20895870183435,6.366606539567995,51,,
2018,4,9,13,0,15.6,39,0,7.3,84,386.0,456,502.0183901791022,0,1016.7,195.9233331000513,5.834973900433431,57,,
2018,4,9,14,0,15.6,54,0,7.4,74,200.0,324,344.3103137860479,0,1016.6,189.5265340090359,4.7631987477134325,65,,
2018,4,9,15,0,15.2,66,0,7.6,55,87.0,172,193.7326374828621,0,1016.6,184.7357930350001,4.713601979946415,75,,
2018,4,9,16,0,14.5,76,0,7.9,20,29.0,43,75.70012854813771,0,1016.8,178.59282425624826,6.0743416531508325,85,,
2018,4,9,17,0,13.8,86,0,8.2,2,10.0,1,12.61283973947654,0,1017,211.53506341456708,8.981973121350787,96,,
2018,4,9,18,0,13,96,0,8.3,0,0.0,0,0.0,0,1017.2,236.62929044807976,9.51211855633634,108,,
2018,4,9,19,0,12.2,107,0,8.4,0,0.0,0,0.0,0,1017.3,230.20763531054573,8.950703411591244,119,,
2018,4,9,20,0,11.3,120,0,8.5,0,0.0,0,0.0,0,1017.4,219.41824077092568,9.617958828125634,129,,
2018,4,9,21,0,11.1,137,0,8.6,0,0.0,0,0.0,0,1017.4,212.15052704043367,8.6118634361025,138,,
2018,4,9,22,0,11.4,159,0,8.9,0,0.0,0,0.0,0,1017.3,204.91218114380595,7.76363082395053,144,,
2018,4,9,23,0,11.8,-176,0,9.1,0,0.0,0,0.0,0,1017.2,200.38739713330816,8.271038813564848,146,,
2018,4,10,0,0,11.8,-151,0,9.2,0,0.0,0,0.0,0,1017.2,194.1084733725372,8.172793874629308,142,,
2018,4,10,1,0,11.6,-131,0,9.2,0,0.0,0,0.0,0,1017.1,195.8083838878568,8.652700674302999,135,,
2018,4,10,2,0,11.4,-116,0,9.2,0,0.0,0,0.0,0,1017.1,188.1169839181168,7.841496763270418,126,,
2018,4,10,3,0,11.3,-103,0,9.1,0,0.0,0,0.0,0,1017.3,180.71065804593115,7.499600308417413,115,,
2018,4,10,4,0,11.3,-93,0,9.1,0,0.0,0,0.0,0,1017.5,178.5371512271431,7.650686808061359,104,,
2018,4,10,5,0,11.4,-83,0.6,9.1,4,0.0,1,0.0,0,1017.8,178.20227881881135,7.4399411699125135,93,,
2018,4,10,6,0,12,-73,29,9.2,58,2.0,0,1.0000000000000002,0,1018,177.0005941037267,7.581919846657199,82,,
2018,4,10,7,0,13,-62,53.2,9.4,123,78.0,0,52.32640924835293,0,1017.9,171.31044616952818,7.683903205508413,72,,
2018,4,10,8,0,14.1,-49,53.9,9.5,206,166.0,0,164.36695634049929,0,1017.9,170.44327262425077,7.283454962274231,62,,
2018,4,10,9,0,14.7,-34,48.8,9.4,294,342.0,0,323.4736650314508,0,1017.7,165.27443247449344,7.161240486761943,55,,
2018,4,10,10,0,15,-16,70.8,9,185,401.0,0,436.7338578020688,0,1017.5,175.4690484181937,6.554909203363902,50,,
2018,4,10,11,0,15.2,3,83.3,8.6,112,424.0,0,509.78402375645135,0,1017.2,203.8991100197448,7.21585345263866,49,,
2018,4,10,12,0,15.2,22,76.4,8.5,146,446.0,1,541.7621649823172,0,1016.8,214.5639890559173,8.390681062365447,51,,
2018,4,10,13,0,15.2,39,44.5,8.5,249,455.0,35,525.4194475996838,0,1016.4,213.5474242995696,8.18666084735764,57,,
2018,4,10,14,0,15.1,53,10.3,8.6,155,477.0,185,471.3042301804449,0,1016,219.0053056708288,7.524463587554001,65,,
2018,4,10,15,0,14.6,65,0.6,8.7,60,393.0,158,338.4341812580341,0,1015.8,213.2436386514777,7.543325553052949,75,,
2018,4,10,16,0,13.9,76,32.9,8.8,20,272.0,36,180.5341782349827,0,1015.8,211.6302446169535,7.454537939499505,86,,
2018,4,10,17,0,13.2,86,18.6,8.9,1,77.0,0,29.016093795433704,0,1015.8,205.6779653125899,6.537460960505023,97,,
2018,4,10,18,0,12.6,96,7.7,9,0,0.0,0,0.0,0,1015.7,199.67719921985048,6.3601743490985205,108,,
2018,4,10,19,0,12.1,107,4.3,9.1,0,0.0,0,0.0,0,1015.5,182.7683939372897,6.308387705742029,119,,
2018,4,10,20,0,11.5,120,0,9.2,0,0.0,0,0.0,0,1015.3,172.4611583296885,6.758615787811032,129,,
2018,4,10,21,0,11.4,137,0,9.2,0,0.0,0,0.0,0,1015.1,167.16275700372694,6.975373892009152,138,,
2018,4,10,22,0,11.5,159,0,9.3,0,0.0,0,0.0,0,1014.8,162.3155470078707,6.336293470399513,144,,
2018,4,10,23,0,11.6,-176,0,9.3,0,0.0,0,0.0,0,1014.5,156.29966957310717,5.531463516553988,146,,
2018,4,11,0,0,11.6,-151,0,9.4,0,0.0,0,0.0,0,1014.1,151.1734897508146,4.640179500324408,143,,
2018,4,11,1,0,11.5,-131,0,9.4,0,0.0,0,0.0,0,1013.6,132.13479041876775,4.403342843606157,136,,
2018,4,11,2,0,11.5,-115,0,9.5,0,0.0,0,0.0,0,1013.1,118.01805188864772,4.292927603832491,126,,
2018,4,11,3,0,11.4,-103,0,9.5,0,0.0,0,0.0,0,1012.9,103.81908173546763,3.952541941589733,116,,
2018,4,11,4,0,11.4,-93,0,9.4,0,0.0,0,0.0,0,1012.8,85.58278569476954,2.434477325756934,104,,
2018,4,11,5,0,11.3,-83,0.4,9.3,4,0.0,1,0.0,0,1012.7,68.82490452211016,1.8248740087418007,93,,
2018,4,11,6,0,11.8,-73,23,9.3,70,3.0,0,1.0000000000000002,0,1012.5,347.1464042735752,4.386530382115291,82,,
2018,4,11,7,0,12.6,-62,47.1,9.3,142,63.0,0,47.28520458705744,0,1012.4,29.44697089612441,6.115213107203366,72,,
2018,4,11,8,0,13.5,-49,46.3,9.3,245,196.0,0,167.755400482713,0,1012.3,55.76827666936276,3.6099784726401856,63,,
2018,4,11,9,0,13.9,-34,58.4,9,233,327.0,0,311.18474891236866,0,1011.9,23.771348352490293,2.1325858558151034,55,,
2018,4,11,10,0,13.8,-16,72.1,8.4,182,357.0,0,436.9752595301057,0,1011.5,328.96485308830523,2.654671199809163,50,,
2018,4,11,11,0,13.7,3,75.3,7.8,167,178.0,0,404.6688896907084,0,1011,52.81575782982628,0.8276980036998243,49,,
2018,4,11,12,0,13.5,22,76.5,7.4,150,52.0,0,290.76669970135754,0,1010.6,27.56382570377696,1.860324344786338,52,,
2018,4,11,13,0,13.3,39,64.2,7.3,187,18.0,0,192.4776677348764,0,1010.5,65.93123965735174,4.59747352982452,57,,
2018,4,11,14,0,13.1,53,44.5,7.2,212,18.0,0,159.37087546157315,0,1010.3,76.07758751206438,7.272234271182152,66,,
2018,4,11,15,0,12.9,65,46.3,7.1,124,14.0,0,105.56749246896892,0,1010.3,91.85941266934572,5.349740724876525,75,,
2018,4,11,16,0,12.7,76,35.4,7.1,28,36.0,0,85.65962274624296,0,1010.5,86.09333559898681,6.270919009243342,86,,
2018,4,11,17,0,12.5,86,38.7,7.1,1,17.0,0,15.56460706137552,0,1010.6,137.5186112399697,5.943815932725468,97,,
2018,4,11,18,0,12.4,96,39.4,7.1,0,0.0,0,0.0,0,1010.7,180.90910719446447,8.124557849884434,108,,
2018,4,11,19,0,12.2,107,45.5,7.3,0,0.0,0,0.0,0,1010.8,166.91704842601484,9.815820839697418,119,,
2018,4,11,20,0,12.1,120,45.5,7.5,0,0.0,0,0.0,0,1010.8,159.50844567739043,11.703179174687447,130,,
2018,4,11,21,0,12,137,43.1,7.6,0,0.0,0,0.0,0,1010.9,161.07674184688892,10.36332084340492,139,,
2018,4,11,22,0,12,159,15.7,7.7,0,0.0,0,0.0,0,1011.1,151.29714063570066,10.29395079298193,145,,
2018,4,11,23,0,12,-175,0,7.8,0,0.0,0,0.0,0,1011.2,148.42781885566274,10.377924311672292,146,,
2018,4,12,0,0,11.8,-151,0,7.8,0,0.0,0,0.0,0,1011.4,147.17847003022985,10.761079473598867,143,,
2018,4,12,1,0,11.6,-130,0,7.6,0,0.0,0,0.0,0,1011.5,147.9830243673091,10.104631853046266,136,,
2018,4,12,2,0,11.3,-115,0,7.5,0,0.0,0,0.0,0,1011.6,151.16179706854314,9.681341915051378,126,,
2018,4,12,3,0,11,-103,0,7.2,0,0.0,0,0.0,0,1011.9,150.79978143249377,10.64611944826904,116,,
2018,4,12,4,0,10.6,-92,0,6.8,0,0.0,0,0.0,0,1012.4,157.22349151578896,8.572785944693294,105,,
2018,4,12,5,0,10.3,-82,0,6.4,2,0.0,2,0.0,0,1012.9,163.53135277056606,9.430081935240404,93,,
2018,4,12,6,0,10.5,-72,0,5.9,26,1.0,84,1.0,0,1013.3,164.3243536833213,8.469298204224854,82,,
2018,4,12,7,0,11.3,-61,0,5.5,47,23.0,241,37.12346099995694,0,1013.7,157.37304771804224,10.323937128262257,72,,
2018,4,12,8,0,12.1,-49,0,5.1,54,34.0,403,104.8113595755058,0,1014.1,168.36458886088317,9.29675385532468,63,,
2018,4,12,9,0,12.5,-33,0,4.6,59,24.0,530,147.38580516030814,0,1014.1,169.95518081201294,5.696944082848824,55,,
2018,4,12,10,0,12.6,-16,0,3.9,62,17.0,605,159.83089266129096,0,1013.9,193.0174087877004,6.670192090840083,51,,
2018,4,12,11,0,12.7,3,0,3.3,64,23.0,621,204.9366441197099,0,1013.7,187.7683299578728,11.548858369000278,49,,
2018,4,12,12,0,12.8,22,0,3.2,64,169.0,578,398.9282030229002,0,1013.5,216.5135258263964,13.361391265590584,52,,
2018,4,12,13,0,12.9,39,0,3.5,61,133.0,481,349.1388005150648,0,1013.4,275.71298288827427,15.725814583622856,58,,
2018,4,12,14,0,13.1,53,0,3.9,56,160.0,340,316.35702930671454,0,1013.3,311.33783137717774,14.570499165338951,66,,
2018,4,12,15,0,12.8,65,0,4.2,44,146.0,175,228.72151400896672,0,1013.4,312.45352997771874,16.74281963662728,76,,
2018,4,12,16,0,12.3,76,0,4.4,14,16.0,41,58.09784865718684,0,1013.8,326.45845238711405,13.975282327908532,86,,
2018,4,12,17,0,11.7,85,0,4.6,0,10.0,0,11.457046921904244,0,1014.1,345.2491839794605,12.368324738372593,97,,
2018,4,12,18,0,11.1,95,0,4.7,0,0.0,0,0.0,0,1014.4,349.3882360483516,12.086841438483962,109,,
2018,4,12,19,0,10.4,106,0,4.7,0,0.0,0,0.0,0,1014.6,352.9640590615818,11.141518288173351,120,,
2018,4,12,20,0,9.7,119,0,4.7,0,0.0,0,0.0,0,1014.8,3.43466386096253,10.53821622251676,130,,
2018,4,12,21,0,9.5,136,0,4.9,0,0.0,0,0.0,0,1014.9,4.170389877981165,9.346280348599548,139,,
2018,4,12,22,0,9.5,159,0,5.2,0,0.0,0,0.0,0,1014.8,10.574995070277737,9.96664134955832,145,,
2018,4,12,23,0,9.6,-175,0,5.4,0,0.0,0,0.0,0,1014.7,20.39138109916797,10.052035858687852,147,,
2018,4,13,0,0,9.5,-150,0,5.6,0,0.0,0,0.0,0,1014.6,23.81582896209796,8.948238380711915,143,,
2018,4,13,1,0,9.2,-130,0,5.7,0,0.0,0,0.0,0,1014.3,17.847342916891478,7.053809655238246,136,,
2018,4,13,2,0,8.9,-115,0,5.8,0,0.0,0,0.0,0,1014.1,1.7409094829313858,6.919209369582169,127,,
2018,4,13,3,0,8.7,-102,0,5.9,0,0.0,0,0.0,0,1014.1,5.192305517986142,7.15705408134937,116,,
2018,4,13,4,0,8.4,-92,0,5.9,0,0.0,0,0.0,0,1014.3,8.60069936115292,7.12109550773193,105,,
2018,4,13,5,0,8.2,-82,0,6,2,0.0,2,0.0,0,1014.6,16.529865701472716,6.953133649499207,94,,
2018,4,13,6,0,9,-72,0,6.2,27,3.0,78,1.0000000000000002,0,1014.8,21.12718677492757,6.24915332781405,83,,
2018,4,13,7,0,10.8,-61,0,6.4,50,152.0,228,56.92637615201088,0,1014.9,9.9715791068636,6.010473339225728,72,,
2018,4,13,8,0,12.6,-48,0,6.7,60,371.0,383,203.86489459141768,0,1015.1,358.24864901455203,6.39068058801179,63,,
2018,4,13,9,0,13.7,-33,0,7,65,497.0,506,362.3843988676631,0,1014.9,356.8875095195141,6.717673197665384,56,,
2018,4,13,10,0,14.2,-16,0,7.2,68,607.0,580,502.7192390698068,0,1014.4,350.53198125396244,6.459082119100907,51,,
2018,4,13,11,0,14.7,3,0,7.4,70,458.0,597,518.4335764459829,0,1013.8,338.9936461899301,5.99537218952465,50,,
2018,4,13,12,0,14.9,22,0,7.7,69,482.0,557,552.3522908440552,0,1013.4,320.59705073412624,6.241107995335248,52,,
2018,4,13,13,0,15,39,0,7.9,66,231.0,462,405.9768149161695,0,1013,309.1409309796623,6.688407662552399,58,,
2018,4,13,14,0,15,53,0,8.1,59,104.0,325,265.8450665178881,0,1012.7,305.15721586439537,6.680328057344128,66,,
2018,4,13,15,0,14.4,65,0,8.4,45,57.0,166,159.14064835372807,0,1012.5,294.94636263379493,6.601764513344542,76,,
2018,4,13,16,0,13.4,75,0,8.6,14,37.0,39,77.59519163061893,0,1012.5,282.0213790890462,6.350946473938054,86,,
2018,4,13,17,0,12.4,85,0,8.8,0,7.0,0,8.984144177609995,0,1012.6,274.5295192363717,5.363675774652109,98,,
2018,4,13,18,0,11.6,95,0,8.8,0,0.0,0,0.0,0,1012.7,250.4885015197653,4.158480640788744,109,,
2018,4,13,19,0,11,106,0,8.6,0,0.0,0,0.0,0,1012.8,241.89822652740853,5.67540859986496,120,,
2018,4,13,20,0,10.5,119,0,8.4,0,0.0,0,0.0,0,1013,248.0153195248245,7.27089826715179,130,,
2018,4,13,21,0,10.4,136,0,8.4,0,0.0,0,0.0,0,1012.9,251.58355217239503,9.802829645442175,139,,
2018,4,13,22,0,10.7,159,0,8.6,0,0.0,0,0.0,0,1012.6,246.2518740526372,10.104103650883022,145,,
2018,4,13,23,0,11.1,-175,0,8.8,0,0.0,0,0.0,0,1012.3,232.32941221952424,11.89061417497701,147,,
2018,4,14,0,0,11.3,-150,0.3,9,0,0.0,0,0.0,0,1011.9,242.2375735820749,13.245153156927229,144,,
2018,4,14,1,0,11.5,-130,16.8,9,0,0.0,0,0.0,0,1011.4,321.0858423646308,17.040532613210367,136,,
2018,4,14,2,0,11.6,-114,40.7,9,0,0.0,0,0.0,0,1011,328.94120766659546,12.368933770663586,127,,
2018,4,14,3,0,11.8,-102,49.9,9.1,0,0.0,0,0.0,0,1010.9,344.6170955396924,11.453793819722096,116,,
2018,4,14,4,0,11.9,-92,61.6,9.3,0,0.0,0,0.0,0,1011,338.64551650486123,9.229602041731995,105,,
2018,4,14,5,0,12.1,-82,63.7,9.4,1,0.0,0,0.0,0,1011.2,340.14700623224087,10.039291539529533,94,,
2018,4,14,6,0,12.6,-72,68.5,9.7,25,2.0,0,1.0000000000000002,0,1011.3,335.0169169918985,8.59794500438869,83,,
2018,4,14,7,0,13.3,-61,80.3,10.2,44,123.0,0,51.2046159753682,0,1011.5,323.99760046073817,7.659569332158633,72,,
2018,4,14,8,0,14,-48,87.5,10.7,49,209.0,0,166.4736188308983,0,1011.7,310.52659921583506,8.713981024881251,63,,
2018,4,14,9,0,14.6,-33,90.3,10.9,51,224.0,0,271.81658666565204,0,1011.5,297.1710241447572,13.069718497323256,56,,
2018,4,14,10,0,15.2,-15,83.8,10.8,98,19.0,0,177.70735382828863,0,1011.1,293.3430807116181,16.131412024129535,51,,
2018,4,14,11,0,15.7,4,85,10.7,92,9.0,0,150.37145205154997,0,1010.6,291.14836064100143,17.648867864879165,50,,
2018,4,14,12,0,16,22,84.8,10.8,87,6.0,0,128.80958045161756,0,1010.1,287.83218598953147,19.85141639850873,53,,
2018,4,14,13,0,16.1,39,83.6,11.1,79,14.0,0,174.71638046523276,0,1009.8,312.416218619274,15.137910867323678,58,,
2018,4,14,14,0,16.1,53,78.3,11.4,69,102.0,0,279.1885043149384,0,1009.4,318.9584796970412,16.074618892393858,66,,
2018,4,14,15,0,15.9,65,32.8,11.7,72,11.0,21,92.98734048875316,0,1009.2,323.48686105531146,15.072118349382738,76,,
2018,4,14,16,0,15.4,75,3.2,12,27,2.0,12,19.61636988098703,0,1009.1,334.1919179386353,14.347025711241798,87,,
2018,4,14,17,0,15,85,0,12.2,0,5.0,0,9.67761890375173,0,1009.1,4.851262914194933,9.108068257953942,98,,
2018,4,14,18,0,14.8,95,0,12.4,0,0.0,0,0.0,0,1009.1,7.608373317385315,11.849190936757326,109,,
2018,4,14,19,0,14.7,106,0.3,12.6,0,0.0,0,0.0,0,1009.1,4.559086520503968,11.39200255354122,120,,
2018,4,14,20,0,14.7,119,15.3,12.7,0,0.0,0,0.0,0,1009.1,2.830568513530011,11.519181128168116,131,,
2018,4,14,21,0,14.7,136,23.4,12.9,0,0.0,0,0.0,0,1008.8,3.756439234928792,10.59062434534435,140,,
2018,4,14,22,0,14.8,158,8.4,13.1,0,0.0,0,0.0,0,1008.3,355.5592529897053,10.41162742539773,146,,
2018,4,14,23,0,14.9,-175,0,13.2,0,0.0,0,0.0,0,1007.9,355.30992424104176,10.453459767111516,147,,
2018,4,15,0,0,15.1,-150,0,13.4,0,0.0,0,0.0,0,1007.4,356.5460554294882,11.877531998887717,144,,
2018,4,15,1,0,15.2,-129,0,13.5,0,0.0,0,0.0,0,1007.1,345.32481236195747,9.621493852778029,137,,
2018,4,15,2,0,15.4,-114,0,13.7,0,0.0,0,0.0,0,1006.8,356.20873615602574,8.566109683029971,127,,
2018,4,15,3,0,15.5,-102,0,13.7,0,0.0,0,0.0,0,1006.7,7.678487877978284,11.454760625915688,116,,
2018,4,15,4,0,15.5,-91,0,13.8,0,0.0,0,0.0,0,1006.9,15.314833754885685,12.511937489951157,105,,
2018,4,15,5,0,15.5,-81,0.8,13.8,1,0.0,0,0.0,0,1007.1,14.739031028663646,10.683325532269617,94,,
2018,4,15,6,0,15.9,-71,42.5,14.1,30,0.0,0,0.0,0,1007.4,349.4855786297791,9.325033598933912,83,,
2018,4,15,7,0,16.6,-60,41.8,14.5,145,35.0,12,39.36796263419789,0,1007.7,344.1201992385876,9.6078680081826,73,,
2018,4,15,8,0,17.4,-48,49.6,14.9,185,122.0,7,148.67885278823775,0,1008,9.642032310783977,11.811137978681312,64,,
2018,4,15,9,0,17.8,-33,74.8,14.9,128,266.0,0,297.8489566858394,0,1007.9,17.573600842362737,13.096057815925732,56,,
2018,4,15,10,0,18,-15,65.9,14.5,207,540.0,2,461.5861141611196,0,1007.5,17.975378748799017,14.928885879035573,52,,
2018,4,15,11,0,18.2,4,34,14,303,643.0,108,570.83381150734,0,1007,16.03451441224223,14.9198032478803,51,,
2018,4,15,12,0,18.1,22,32.5,13.8,331,675.0,65,613.3394339035258,0,1006.8,15.965569555178377,15.524863470862394,53,,
2018,4,15,13,0,17.8,39,14.1,13.8,175,668.0,238,590.5598956739177,0,1006.7,15.072233704764244,14.97967483625019,59,,
2018,4,15,14,0,17.5,53,0.5,13.8,73,625.0,281,506.21550625062906,0,1006.6,14.320516843438613,16.09962531314252,67,,
2018,4,15,15,0,17,64,25.1,13.8,74,455.0,83,337.9349353983267,0,1006.8,12.752642937793723,16.057981282225303,76,,
2018,4,15,16,0,16.3,75,45.2,13.8,28,312.0,0,173.54288376586027,0,1007.1,12.271159090602168,14.798556523312133,87,,
2018,4,15,17,0,15.7,85,61,13.8,0,74.0,0,21.65718709859985,0,1007.6,7.179388303220605,12.859858029866308,98,,
2018,4,15,18,0,15.3,95,68.7,13.9,0,0.0,0,0.0,0,1007.9,357.94479186792165,10.95357925517905,109,,
2018,4,15,19,0,15.2,106,68.4,14,0,0.0,0,0.0,0,1008.2,350.39521447365075,10.137219672789822,121,,
2018,4,15,20,0,15.1,119,68.8,14.1,0,0.0,0,0.0,0,1008.4,346.72524556297293,9.498927168751957,131,,
2018,4,15,21,0,15,136,68.8,14,0,0.0,0,0.0,0,1008.5,347.04859004026144,9.56085034396312,140,,
2018,4,15,22,0,14.7,158,24.8,13.7,0,0.0,0,0.0,0,1008.6,341.96090175691194,9.57669543664014,146,,
2018,4,15,23,0,14.5,-175,0,13.4,0,0.0,0,0.0,0,1008.6,337.44493869436144,9.91275423705226,148,,
2018,4,16,0,0,14.2,-149,0,13,0,0.0,0,0.0,0,1008.8,330.00577743205235,11.147454791207275,144,,
2018,4,16,1,0,13.8,-129,0,12.6,0,0.0,0,0.0,0,1009.1,329.55989998999524,13.239774793635624,137,,
2018,4,16,2,0,13.5,-113,0,12.2,0,0.0,0,0.0,0,1009.4,335.1250814842824,15.088777305449383,127,,
2018,4,16,3,0,13.2,-101,0,11.8,0,0.0,0,0.0,0,1010,339.7835021901841,15.945478987023217,117,,
2018,4,16,4,0,12.8,-91,0,11.3,0,0.0,0,0.0,0,1010.9,345.3389184279094,16.202355054772955,105,,
2018,4,16,5,0,12.4,-81,0.2,10.8,1,0.0,0,0.0,0,1011.7,351.8380100118002,16.3159045488644,94,,
2018,4,16,6,0,12.5,-71,11.7,10,55,0.0,22,0.0,0,1012.4,0.3309849311878565,16.102075312266912,83,,
2018,4,16,7,0,12.9,-60,29.8,9.1,164,76.0,12,40.727020080796365,0,1012.8,5.326394136471436,16.0745361463653,73,,
2018,4,16,8,0,13.4,-47,38.8,8.2,259,235.0,0,160.5258018290947,0,1013.1,10.111065617725274,13.048601271586318,64,,
2018,4,16,9,0,13.6,-32,37.5,7.7,334,532.0,13,347.5836067318346,0,1013.3,17.07496262929169,15.334108955869404,57,,
2018,4,16,10,0,13.6,-15,32.3,7.6,363,713.0,64,509.1914140789032,0,1013.4,21.937154193799586,16.169548556555444,52,,
2018,4,16,11,0,13.5,4,35.3,7.5,383,750.0,36,601.7979367163013,0,1013.4,27.258018125883662,15.130377483461976,51,,
2018,4,16,12,0,13.6,22,45.3,7.4,331,721.0,2,621.8732211158147,0,1013.4,29.08613778924348,14.433770133503549,53,,
2018,4,16,13,0,13.6,38,67.5,7.4,172,699.0000000000001,0,593.2252857200046,0,1013.4,30.18710343135029,14.202945225483312,59,,
2018,4,16,14,0,13.7,52,66.9,7.4,114,683.0,0,519.9504149982199,0,1013.3,30.73046681398677,13.65610673859827,67,,
2018,4,16,15,0,13.6,64,61.1,7.4,74,605.0,0,383.0467097059467,0,1013.5,32.449205979133694,13.61413512213286,77,,
2018,4,16,16,0,13.5,75,44.2,7.4,18,409.0,0,194.84003222069856,0,1013.8,29.07837874984517,13.201023311487344,87,,
2018,4,16,17,0,13.4,85,12.5,7.4,0,104.0,0,25.05520386045636,0,1014.1,28.116549402623605,13.053355767144248,98,,
2018,4,16,18,0,13.2,94,0,7.6,0,0.0,0,0.0,0,1014.3,31.457474384122406,11.428443538533475,110,,
2018,4,16,19,0,13,105,0,7.8,0,0.0,0,0.0,0,1014.5,23.9253641622077,10.0233725280321,121,,
2018,4,16,20,0,12.8,118,0,8,0,0.0,0,0.0,0,1014.7,24.0160356114867,9.893580981803174,131,,
2018,4,16,21,0,12.7,136,0,8.3,0,0.0,0,0.0,0,1014.6,25.13265110253667,9.775042849517526,140,,
2018,4,16,22,0,12.7,158,0,8.7,0,0.0,0,0.0,0,1014.3,27.42806791254236,9.336642927389075,146,,
2018,4,16,23,0,12.8,-175,0,9.1,0,0.0,0,0.0,0,1014,26.532136759033847,9.122896814306564,148,,
2018,4,17,0,0,12.8,-149,0,9.3,0,0.0,0,0.0,0,1013.6,27.961891646605977,8.957852165843654,145,,
2018,4,17,1,0,12.8,-128,0,9.4,0,0.0,0,0.0,0,1013.3,27.183139656786523,8.289328647263323,137,,
2018,4,17,2,0,12.8,-113,0,9.5,0,0.0,0,0.0,0,1012.9,23.436597369195567,8.01046677678329,128,,
2018,4,17,3,0,12.8,-101,0,9.6,0,0.0,0,0.0,0,1012.8,25.23814914550934,7.8221120145385665,117,,
2018,4,17,4,0,12.8,-91,0,9.6,0,0.0,0,0.0,0,1013,26.0222787812682,6.83472616307795,106,,
2018,4,17,5,0,12.8,-81,0.3,9.7,1,0.0,0,0.0,0,1013.2,41.49227560402039,6.151061141725912,94,,
2018,4,17,6,0,13.2,-71,14.7,9.8,58,0.0,13,0.0,0,1013.2,47.03481196260378,5.863568577851777,83,,
2018,4,17,7,0,14,-60,12,9.9,96,283.0,136,50.256101482846944,0,1013.1,51.79742837777468,6.445346924660968,73,,
2018,4,17,8,0,14.8,-47,16,10,194,547.0,150,207.60036206055503,0,1012.9,38.32346960591104,5.2221882681075344,64,,
2018,4,17,9,0,15.1,-32,30.2,9.7,327,689.0,46,379.7484536574128,0,1012.3,36.05381847913401,4.977848671273968,57,,
2018,4,17,10,0,15.2,-15,39.4,9.1,370,763.0,2,521.0568086082108,0,1011.4,51.50486003447435,7.084392900785051,52,,
2018,4,17,11,0,15.2,4,35.1,8.5,377,789.0,35,612.1382587342217,0,1010.5,49.01349855729569,7.924840447326946,51,,
2018,4,17,12,0,15.1,22,35.4,8.3,367,789.0,20,644.6275304067478,0,1009.6,49.96443912924593,8.566098883907566,54,,
2018,4,17,13,0,15,38,41.9,8.4,293,764.0,0,616.2549733945052,0,1008.7,50.14364495069742,9.063676774146492,59,,
2018,4,17,14,0,14.8,52,57,8.6,161,720.0,0,529.6585405911612,0,1007.9,50.04536787290925,9.239755192734886,67,,
2018,4,17,15,0,14.4,64,62.7,8.7,68,628.0,0,387.0189967906289,0,1007.4,52.21762691916558,9.339416765370952,77,,
2018,4,17,16,0,13.8,75,22.3,8.9,16,410.0,0,191.05345300700728,0,1007.1,54.09363708695349,8.371252053989513,88,,
2018,4,17,17,0,13.2,84,0,9.1,0,69.0,0,18.322170874949077,0,1006.9,63.30626177320119,7.729302906796114,99,,
2018,4,17,18,0,12.8,94,0,9.1,0,0.0,0,0.0,0,1006.5,65.50235686808679,6.749173436066278,110,,
2018,4,17,19,0,12.7,105,0,9.2,0,0.0,0,0.0,0,1005.9,60.34449626489436,7.726107581066037,121,,
2018,4,17,20,0,12.7,118,0,9.2,0,0.0,0,0.0,0,1005.4,63.82092774976309,8.719661955498497,132,,
2018,4,17,21,0,12.6,135,0,9.3,0,0.0,0,0.0,0,1004.6,73.00931843184435,7.866039665910216,141,,
2018,4,17,22,0,12.6,158,0,9.4,0,0.0,0,0.0,0,1003.8,77.21962711748421,8.148158129898093,147,,
2018,4,17,23,0,12.6,-174,0,9.5,0,0.0,0,0.0,0,1002.9,82.83149658058488,7.819913813958762,148,,
2018,4,18,0,0,12.7,-149,0,9.5,0,0.0,0,0.0,0,1002.1,91.96781020323158,5.751927203134568,145,,
2018,4,18,1,0,12.7,-128,0,9.5,0,0.0,0,0.0,0,1001.3,100.21033680647724,2.8991839946204503,137,,
2018,4,18,2,0,12.8,-113,0,9.5,0,0.0,0,0.0,0,1000.6,118.9465994781412,1.836625153019904,128,,
2018,4,18,3,0,12.9,-101,0,9.4,0,0.0,0,0.0,0,1000.3,104.5819010613422,1.585494595023103,117,,
2018,4,18,4,0,12.9,-90,0,9.3,0,0.0,0,0.0,0,1000.2,70.06604052477894,3.45297451468132,106,,
2018,4,18,5,0,12.9,-80,0.1,9.2,1,0.0,1,0.0,0,1000.2,80.26664065646116,4.361117243846839,94,,
2018,4,18,6,0,13.4,-70,6.6,9.3,47,0.0,28,0.0,0,1000.1,90.3383784558406,3.8445494681013694,84,,
2018,4,18,7,0,14.4,-59,13.2,9.5,124,250.0,85,46.39048722348505,0,1000,104.4752995392605,2.356797812853638,73,,
2018,4,18,8,0,15.4,-47,28,9.7,240,573.0000000000001,43,207.99777403743215,0,999.9,104.71573922350036,1.8424173808628383,64,,
2018,4,18,9,0,15.7,-32,61.1,10.1,193,710.0,3,379.7293098437642,0,999.5,102.99957801772509,1.4793186400700815,57,,
2018,4,18,10,0,15.5,-15,71.1,10.7,174,567.0000000000001,0,465.0134452691447,0,998.9,144.185858899938,0.7234626600862639,53,,
2018,4,18,11,0,15.2,4,83.1,11.2,103,496.0,0,509.0160494310372,0,998.3,158.8575792156514,0.1340214180412012,52,,
2018,4,18,12,0,14.6,22,84.5,11.5,85,338.0,0,462.1414714719761,0,998,310.7250884991924,1.0907983735011906,54,,
2018,4,18,13,0,13.9,38,85.7,11.7,68,290.0,0,416.78898401523975,0,998.1,304.5166875708771,1.3235771177613829,60,,
2018,4,18,14,0,13.2,52,84.2,11.8,48,378.0,0,398.23517658489465,0,998.3,309.0281955822704,1.7256871071277229,68,,
2018,4,18,15,0,12.5,64,54.3,11.2,58,416.0,0,317.06092448327684,0,998.8,295.215907439963,2.518021443165107,77,,
2018,4,18,16,0,11.9,74,14,10.3,23,219.0,0,140.02211991628846,0,999.8,281.9093868414117,3.684034472867008,88,,
2018,4,18,17,0,11.3,84,0,9.3,0,38.0,0,14.39835482271533,0,1000.7,279.96009358324915,4.315034211565718,99,,
2018,4,18,18,0,10.8,94,0,8.5,0,0.0,0,0.0,0,1001.6,302.8729785169868,3.4472515938016723,110,,
2018,4,18,19,0,10.4,105,0,7.9,0,0.0,0,0.0,0,1002.4,323.9592178204974,2.8378459509466007,121,,
2018,4,18,20,0,10,118,0,7.3,0,0.0,0,0.0,0,1003.2,333.9639594539767,2.719864627751212,132,,
2018,4,18,21,0,9.8,135,0,7.2,0,0.0,0,0.0,0,1004,338.79197555160664,2.915473422559832,141,,
2018,4,18,22,0,9.7,158,0,7.3,0,0.0,0,0.0,0,1004.6,331.6262521124487,3.089125307377556,147,,
2018,4,18,23,0,9.6,-174,0,7.5,0,0.0,0,0.0,0,1005.3,338.29163447840847,3.489680617195776,149,,
2018,4,19,0,0,9.4,-148,0,7.3,0,0.0,0,0.0,0,1006.1,356.5804883708381,3.421863860717479,145,,
2018,4,19,1,0,9.2,-128,0,6.9,0,0.0,0,0.0,0,1007.1,39.38844007798434,1.7689939108313029,138,,
2018,4,19,2,0,8.9,-112,0,6.5,0,0.0,0,0.0,0,1008,50.90228261725207,0.7034125269994849,128,,
2018,4,19,3,0,8.6,-100,0,6,0,0.0,0,0.0,0,1009.3,36.845765487846734,0.9274414885128162,117,,
2018,4,19,4,0,8.4,-90,0,5.5,0,0.0,0,0.0,0,1010.8,33.79791302760964,1.043247200017591,106,,
2018,4,19,5,0,8.2,-80,0,5,1,0.0,1,0.0,0,1012.4,22.61165388390976,1.0483586345635596,95,,
2018,4,19,6,0,8.6,-70,0,4.3,27,0.0,62,0.0,0,1013.8,334.75312340319687,1.1390802034067182,84,,
2018,4,19,7,0,9.5,-59,0,3.6,51,26.0,201,27.68765352961482,0,1015,344.8068263255232,1.445797586228159,74,,
2018,4,19,8,0,10.4,-47,0,2.8,60,51.0,357,99.40518580577452,0,1016.3,332.94901080991235,1.351734238666908,65,,
2018,4,19,9,0,11,-32,0,2.3,61,105.0,484,201.14308693316707,0,1017.2,324.94390120804087,0.965718232132272,57,,
2018,4,19,10,0,11.3,-15,0,2.1,59,152.0,564,304.41927925412404,0,1017.9,145.08199575240542,0.3096523236449168,53,,
2018,4,19,11,0,11.5,4,0.3,1.9,61,175.0,579,365.4747195727848,0,1018.5,161.3693919051575,0.5425931880389753,52,,
2018,4,19,12,0,11.6,22,14.4,1.7,199,165.0,317,371.82392844518864,0,1019.1,235.83151641014223,0.4703469095917914,55,,
2018,4,19,13,0,11.5,38,8,1.6,135,101.0,318,300.3777026225217,0,1019.8,260.0913002108855,0.7264119063969695,60,,
2018,4,19,14,0,11.5,52,0,1.4,50,56.0,304,207.97563128429485,0,1020.5,275.88683660657875,0.8450325295998067,68,,
2018,4,19,15,0,11.1,64,0,1.6,39,36.0,144,127.40029860804098,0,1021.3,294.06397953107216,0.8256641387903323,78,,
2018,4,19,16,0,10.6,74,0,1.9,12,37.0,31,69.46273055285357,0,1022.1,263.5566532683015,0.8984978033642885,88,,
2018,4,19,17,0,10,84,0,2.2,0,24.0,0,11.66252091031168,0,1023,252.7206881818496,1.7647029697286654,99,,
2018,4,19,18,0,9.4,94,0,2.4,0,0.0,0,0.0,0,1023.8,277.8728235362679,1.322523984925924,111,,
2018,4,19,19,0,8.6,105,0,2.6,0,0.0,0,0.0,0,1024.6,211.25217986730624,0.9981042655076292,122,,
2018,4,19,20,0,7.8,118,0,2.8,0,0.0,0,0.0,0,1025.3,143.18127927753085,0.8746585520335443,132,,
2018,4,19,21,0,7.6,135,0,3.1,0,0.0,0,0.0,0,1025.7,131.30781329364652,2.3859132946612744,141,,
2018,4,19,22,0,7.6,158,0,3.6,0,0.0,0,0.0,0,1025.8,148.49693635301003,2.878046256695692,147,,
2018,4,19,23,0,7.7,-174,0,4,0,0.0,0,0.0,0,1025.9,155.97462124562833,3.139146836525954,149,,
2018,4,20,0,0,7.7,-148,0,4.2,0,0.0,0,0.0,0,1025.9,167.60254097614074,3.511571013299505,145,,
2018,4,20,1,0,7.5,-127,0,4.2,0,0.0,0,0.0,0,1025.8,167.6716022504594,4.474271024702007,138,,
2018,4,20,2,0,7.4,-112,0,4.1,0,0.0,0,0.0,0,1025.8,167.5844376766396,3.992539787798881,128,,
2018,4,20,3,0,7.2,-100,0,4,0,0.0,0,0.0,0,1026.1,158.74670653741123,2.857690054145878,117,,
2018,4,20,4,0,7.1,-90,0,3.8,0,0.0,0,0.0,0,1026.5,138.05362914522607,2.469403071879967,106,,
2018,4,20,5,0,7.1,-80,0,3.6,1,0.0,1,0.0,0,1027,139.49715161466776,2.7124821112961395,95,,
2018,4,20,6,0,7.9,-70,0,3.9,27,0.0,57,0.0,0,1027.3,130.40750627827225,2.9516692938398936,84,,
2018,4,20,7,0,9.4,-59,0,4.4,54,52.0,186,34.215123263375304,0,1027.6,124.31002544204404,3.948813586482338,74,,
2018,4,20,8,0,11,-46,2.6,4.9,91,119.0,295,129.84528327555248,0,1027.9,128.04583856581058,3.978083920922235,65,,
2018,4,20,9,0,11.9,-32,19,5.1,238,249.0,178,266.4702046601424,0,1027.8,119.63043135634842,3.532211046340355,58,,
2018,4,20,10,0,12.3,-14,25.3,5,313,603.0,132,457.6713104754499,0,1027.4,106.33654410373872,2.308791111805707,53,,
2018,4,20,11,0,12.7,4,9.3,4.9,160,761.0,395,589.4906346393966,0,1026.9,90.01890949750259,0.7397461340372308,52,,
2018,4,20,12,0,12.9,22,30.2,4.9,207,758.0,197,619.5919793210031,0,1026.6,273.8994543254505,0.91544941074553,55,,
2018,4,20,13,0,13.1,38,16.9,5.1,141,763.0,239,603.3833350447292,0,1026.3,238.54688080082985,0.9853572788583104,60,,
2018,4,20,14,0,13.2,52,0,5.2,56,703.0000000000001,277,510.7900878614204,0,1026,251.91092515680205,1.2533532940681915,68,,
2018,4,20,15,0,13,63,0,5.5,41,563.0,127,353.0210307891156,0,1026,264.7929043762933,1.7996632380174078,78,,
2018,4,20,16,0,12.6,74,0,5.8,13,361.0,26,169.29610225332104,0,1026.1,265.3103893059707,2.463569735043872,88,,
2018,4,20,17,0,12.2,84,0,6.1,0,67.0,0,16.11475110644119,0,1026.2,274.4354331300994,2.424497415137256,100,,
2018,4,20,18,0,11.5,93,0,6.3,0,0.0,0,0.0,0,1026.1,318.1663837383951,1.4689367053897262,111,,
2018,4,20,19,0,10.6,104,0,6.3,0,0.0,0,0.0,0,1026.1,333.7868276909461,2.044490356969261,122,,
2018,4,20,20,0,9.8,117,0,6.4,0,0.0,0,0.0,0,1026,334.0492555681024,1.6497408699526408,133,,
2018,4,20,21,0,9.4,135,0,6.6,0,0.0,0,0.0,0,1025.8,321.274074903043,0.7929941558526334,142,,
2018,4,20,22,0,9.4,158,0,6.8,0,0.0,0,0.0,0,1025.6,240.99358409772995,0.507506527788245,148,,
2018,4,20,23,0,9.5,-174,0,7.1,0,0.0,0,0.0,0,1025.3,200.69629038439584,1.0389718898186826,149,,
2018,4,21,0,0,9.4,-148,0,7.3,0,0.0,0,0.0,0,1025.1,195.76832280464595,1.3889379018506538,146,,
2018,4,21,1,0,9.3,-127,0,7.3,0,0.0,0,0.0,0,1025,179.70839002545324,2.3025200560459416,138,,
2018,4,21,2,0,9.2,-112,0,7.3,0,0.0,0,0.0,0,1024.8,169.98929869666017,2.0842218808920547,128,,
2018,4,21,3,0,9.2,-100,0,7.5,0,0.0,0,0.0,0,1024.9,161.04559865108047,1.575413272012912,117,,
2018,4,21,4,0,9.3,-89,0,7.6,0,0.0,0,0.0,0,1025.1,164.79260819827164,1.619453077918512,106,,
2018,4,21,5,0,9.4,-79,0,7.8,1,0.0,1,0.0,0,1025.4,152.8062359039243,1.94029884300396,95,,
2018,4,21,6,0,10.2,-70,1.2,8.1,27,0.0,54,0.0,0,1025.4,137.25831927021204,1.7874543737710604,84,,
2018,4,21,7,0,11.5,-59,0.7,8.4,50,139.0,185,36.82484891599996,0,1025.2,138.22480529224617,1.476109531092505,74,,
2018,4,21,8,0,12.9,-46,0,8.7,68,337.0,322,164.30389352126403,0,1024.9,147.2371388929646,1.2469521797405556,65,,
2018,4,21,9,0,13.8,-31,0,8.8,114,597.0,385,342.1601721487076,0,1024.4,151.45875052684556,1.193643464332629,58,,
2018,4,21,10,0,14.4,-14,0,8.7,183,580.0,358,451.05356865551386,0,1023.8,120.06251225131255,1.469392068001982,54,,
2018,4,21,11,0,14.9,4,0.2,8.5,221,521.0,314,499.43690796312217,0,1023.1,175.3264886470413,0.9408723892392604,53,,
2018,4,21,12,0,15.2,22,8.7,8.5,275,586.0,177,550.542545188762,0,1022.6,236.8243025047773,2.24015275828144,55,,
2018,4,21,13,0,15.3,38,4.9,8.5,235,615.0,122,541.6373888842056,0,1022.3,246.1695962071491,2.569928288368425,61,,
2018,4,21,14,0,15.3,51,0,8.6,157,564.0,80,456.2824674842216,0,1022,242.0720982868007,2.350392364151349,69,,
2018,4,21,15,0,15,63,0,8.8,84,401.0,23,296.5382223723628,0,1021.9,240.8900143054333,2.1343400256976284,78,,
2018,4,21,16,0,14.6,74,0,9,20,246.0,3,137.140946885795,0,1022,244.93921532300172,1.713562732400853,89,,
2018,4,21,17,0,14.1,83,0,9.3,0,45.0,0,12.56770481837258,0,1022.1,261.5932694502868,1.544673431906595,100,,
2018,4,21,18,0,13.3,93,0,9.2,0,0.0,0,0.0,0,1022,259.1456529376954,1.4572234244339033,111,,
2018,4,21,19,0,12.5,104,0,9,0,0.0,0,0.0,0,1021.9,260.60397547807526,1.4221565470871738,122,,
2018,4,21,20,0,11.6,117,0,8.7,0,0.0,0,0.0,0,1021.7,300.9463572676484,2.3439118011573656,133,,
2018,4,21,21,0,11.1,134,0,8.5,0,0.0,0,0.0,0,1021.4,333.0898576654917,1.8852971725814565,142,,
2018,4,21,22,0,10.8,158,0,8.3,0,0.0,0,0.0,0,1020.9,287.0016453019178,0.2747007345541793,148,,
2018,4,21,23,0,10.6,-174,0,8,0,0.0,0,0.0,0,1020.4,212.93433814938788,0.1899498788076618,150,,
2018,4,22,0,0,10.3,-147,0,7.8,0,0.0,0,0.0,0,1020.1,180.7873131631464,0.4619576754153155,146,,
2018,4,22,1,0,9.9,-127,0,7.6,0,0.0,0,0.0,0,1019.8,281.5196525458833,0.2616176125129995,138,,
2018,4,22,2,0,9.6,-111,0,7.4,0,0.0,0,0.0,0,1019.5,214.8919727146048,2.2564713609899494,129,,
2018,4,22,3,0,9.3,-99,0,7.4,0,0.0,0,0.0,0,1019.5,226.9442634832782,1.2669960648777403,118,,
2018,4,22,4,0,9.2,-89,0,7.5,0,0.0,0,0.0,0,1019.5,146.59654546439845,0.8527809665059777,106,,
2018,4,22,5,0,9,-79,0,7.6,1,0.0,1,0.0,0,1019.6,117.28716608656237,1.680678319344128,95,,
2018,4,22,6,0,10.2,-69,0,8.3,27,0.0,51,0.0,0,1019.5,123.86551337158112,2.012287318797012,84,,
2018,4,22,7,0,12.4,-58,0,9.4,58,76.0,170,31.31595268134702,0,1019.3,79.42025390557444,2.7990477769248754,74,,
2018,4,22,8,0,14.7,-46,0,10.5,75,179.0,307,134.56933596233517,0,1019.1,85.6147348932949,2.634176529165227,65,,
2018,4,22,9,0,16,-31,0,10.7,80,337.0,425,275.4372262379583,0,1018.6,147.4057253533199,2.510355601748591,58,,
2018,4,22,10,0,16.4,-14,0,10.3,85,553.0,492,433.7291982243567,0,1018,144.84132019633165,2.110951180911397,54,,
2018,4,22,11,0,16.8,4,0,9.8,90,704.0,501,558.7034326598525,0,1017.3,182.4139254213624,1.7273629003297415,53,,
2018,4,22,12,0,16.9,22,0,9.7,93,732.0,456,599.9424419983951,0,1016.7,237.993975827832,2.313310803215273,56,,
2018,4,22,13,0,16.9,38,0,10,89,718.0,364,574.7258068613269,0,1016.3,255.79757791114204,2.4498806535106814,61,,
2018,4,22,14,0,16.9,51,0,10.3,73,665.0,243,486.06483933847096,0,1015.8,263.4133372121965,3.0585178448647743,69,,
2018,4,22,15,0,16.5,63,0,10.6,46,563.0,111,344.4477722271289,0,1015.6,261.20840394694363,3.113238182392205,79,,
2018,4,22,16,0,15.8,73,0,11,12,311.0,23,149.37452272785112,0,1015.6,265.1753115683613,2.397655744853981,89,,
2018,4,22,17,0,15.1,83,0,11.4,0,38.0,0,10.6815776959103,0,1015.7,265.39638384840464,2.6859113411242586,100,,
2018,4,22,18,0,14.3,93,0,11.4,0,0.0,0,0.0,0,1015.6,282.4790253059916,2.407711848309521,111,,
2018,4,22,19,0,13.4,104,0,11.2,0,0.0,0,0.0,0,1015.3,331.1245566037719,2.3508742329599315,123,,
2018,4,22,20,0,12.5,117,0,10.9,0,0.0,0,0.0,0,1015.1,346.116774197803,2.32801871089118,133,,
2018,4,22,21,0,12,134,0,10.8,0,0.0,0,0.0,0,1014.7,345.1769603517378,2.427716808301571,142,,
2018,4,22,22,0,11.9,158,0,10.8,0,0.0,0,0.0,0,1014.2,340.4283234717397,2.829235775561844,149,,
2018,4,22,23,0,11.8,-174,0,10.8,0,0.0,0,0.0,0,1013.7,328.91733190513787,2.804234003153171,150,,
2018,4,23,0,0,11.7,-147,0.6,10.8,0,0.0,0,0.0,0,1013.3,325.5589960244383,1.472465462303875,146,,
2018,4,23,1,0,11.7,-126,33.1,10.8,0,0.0,0,0.0,0,1012.8,279.3020547112988,1.2626983335714053,139,,
2018,4,23,2,0,11.6,-111,51.2,10.8,0,0.0,0,0.0,0,1012.4,312.25853957538203,1.4906698967912022,129,,
2018,4,23,3,0,11.6,-99,51.6,10.8,0,0.0,0,0.0,0,1012.2,339.5004075139022,0.8700367626008556,118,,
2018,4,23,4,0,11.7,-89,51.9,10.8,0,0.0,0,0.0,0,1012.1,315.4714176099855,0.8602618063482642,107,,
2018,4,23,5,0,11.8,-79,51.8,10.8,1,0.0,0,0.0,0,1012.1,315.8617730063053,1.5036351541691155,95,,
2018,4,23,6,0,12.4,-69,39.2,11,49,0.0,3,0.0,0,1011.9,5.159486069160948,1.449721585872332,85,,
2018,4,23,7,0,13.4,-58,11.6,11.2,70,115.0,141,32.64998751560179,0,1011.7,24.430552677136745,1.2957002995678444,74,,
2018,4,23,8,0,14.5,-46,0,11.4,75,553.0,306,188.8008694734088,0,1011.3,341.1743942126731,1.0077678167802315,66,,
2018,4,23,9,0,15.1,-31,0.5,11.3,86,708.0,412,361.0477743356337,0,1010.6,44.84721161679613,0.2589511579612508,59,,
2018,4,23,10,0,15.4,-14,28,11,248,726.0,160,495.1792061855021,0,1009.6,133.94252312317178,1.0663660621755906,54,,
2018,4,23,11,0,15.6,4,51.8,10.7,285,744.0,0,580.8095385733241,0,1008.6,141.4629857703219,0.1779073355712148,53,,
2018,4,23,12,0,15.7,22,49.3,10.5,278,396.0,0,470.5295259778591,0,1007.7,243.69791979481727,1.3559580422748976,56,,
2018,4,23,13,0,15.7,37,44.1,10.4,252,131.0,2,304.766345689212,0,1006.9,247.5418698237382,1.7364289433631963,61,,
2018,4,23,14,0,15.8,51,18.4,10.3,126,186.0,120,288.8850702607733,0,1006.1,261.77594981128306,1.7477092907103735,69,,
2018,4,23,15,0,15.5,63,35.5,10.4,53,446.0,67,307.9646156103192,0,1005.5,277.0755425000924,1.7184086200502346,79,,
2018,4,23,16,0,15.1,73,71.5,10.6,16,394.0,0,170.73672170446736,0,1005.2,263.069400022466,1.151234289884289,89,,
2018,4,23,17,0,14.6,83,79.7,10.8,0,59.0,0,12.447470531063267,0,1004.8,266.4547336396862,1.23576337260474,100,,
2018,4,23,18,0,14.1,93,80.9,10.9,0,0.0,0,0.0,0,1004.3,218.3848262099148,1.0804557760898157,112,,
2018,4,23,19,0,13.6,104,85.9,10.9,0,0.0,0,0.0,0,1003.6,219.8919375762378,1.7004604844917095,123,,
2018,4,23,20,0,13.1,117,92.7,10.9,0,0.0,0,0.0,0,1003,234.70285723285235,1.2844682608573963,133,,
2018,4,23,21,0,12.8,134,92.2,11,0,0.0,0,0.0,0,1002.1,211.42068028516704,1.0448096384396175,143,,
2018,4,23,22,0,12.7,158,95.3,11,0,0.0,0,0.0,0,1001.1,152.2542862750671,2.082452870919857,149,,
2018,4,23,23,0,12.5,-173,97.7,11,0,0.0,0,0.0,0,1000.2,154.97352639705298,3.440177438298805,150,,
2018,4,24,0,0,12.4,-147,97.7,11.2,0,0.0,0,0.0,0,999.3,158.4036798036616,4.293597500742982,147,,
2018,4,24,1,0,12.3,-126,88.6,11.3,0,0.0,0,0.0,0,998.4,150.4222779936448,5.636064212517883,139,,
2018,4,24,2,0,12.2,-110,92.7,11.5,0,0.0,0,0.0,0,997.6,158.0714509374177,5.516289452144392,129,,
2018,4,24,3,0,12.2,-99,99.3,11.6,0,0.0,0,0.0,0,997,168.59581245384038,4.83147308160278,118,,
2018,4,24,4,0,12.2,-88,98.7,11.6,0,0.0,0,0.0,0,996.5,166.13166900403803,5.071420381000206,107,,
2018,4,24,5,0,12.3,-79,96.6,11.6,1,0.0,0,0.0,0,996.1,157.23673548043723,5.215029103846182,96,,
2018,4,24,6,0,12.6,-69,62.7,11.9,40,0.0,0,0.0,0,995.8,146.51018168237937,4.475412437410449,85,,
2018,4,24,7,0,13,-58,53.2,12.3,96,10.0,0,16.114228578784292,0,995.5,140.78403968942814,4.234506358681622,75,,
2018,4,24,8,0,13.5,-45,58.4,12.8,154,24.0,0,71.46193647368318,0,995.2,139.4741404562414,4.082967353333853,66,,
2018,4,24,9,0,13.6,-31,67.2,13,157,35.0,0,134.02657307672075,0,994.8,145.45806939495952,4.636443704419043,59,,
2018,4,24,10,0,13.6,-14,68.5,13,177,30.0,0,178.05515986174615,0,994.2,140.6093113631635,4.761590081245368,55,,
2018,4,24,11,0,13.5,4,74.9,12.9,144,21.0,0,182.5867888110464,0,993.6,147.03448331077988,3.426996770111445,54,,
2018,4,24,12,0,13.5,22,86.2,12.9,75,34.0,0,219.97845689263167,0,993.3,176.57097165068376,2.7307190132328265,56,,
2018,4,24,13,0,13.5,37,91.8,12.8,37,86.0,0,275.3284760991844,0,993.1,185.3994952458274,1.88360207174924,62,,
2018,4,24,14,0,13.4,51,91,12.8,25,175.0,0,290.3662920334553,0,993,253.84899811735312,1.4858913707291836,70,,
2018,4,24,15,0,13.3,63,58,12.6,42,95.0,0,169.30021079130336,0,993.1,308.4011782265002,3.3364942474687225,79,,
2018,4,24,16,0,13.1,73,64.6,12.4,19,49.0,0,69.66908261981932,0,993.3,313.93335497328303,3.737299528135831,90,,
2018,4,24,17,0,12.9,83,77.6,12.2,0,9.0,0,5.790615348261904,0,993.6,322.87912218135904,5.328224947486967,101,,
2018,4,24,18,0,12.7,92,75.8,12,0,0.0,0,0.0,0,994,326.7819236420372,6.510093554807503,112,,
2018,4,24,19,0,12.5,103,71.9,11.8,0,0.0,0,0.0,0,994.5,322.6183760121082,7.325975782088299,123,,
2018,4,24,20,0,12.2,116,70,11.6,0,0.0,0,0.0,0,995,331.74031900317726,8.580296253789575,134,,
2018,4,24,21,0,12.1,134,69.1,11.4,0,0.0,0,0.0,0,995.3,352.1610764474079,8.866052714596863,143,,
2018,4,24,22,0,12,158,24.8,11.2,0,0.0,0,0.0,0,995.5,2.3117993319577863,9.10286772377827,149,,
2018,4,24,23,0,12,-173,0,11,0,0.0,0,0.0,0,995.7,1.3602485936656876,8.59788186705818,151,,
2018,4,25,0,0,11.8,-146,0,10.8,0,0.0,0,0.0,0,995.9,358.7746195975233,6.861188236138576,147,,
2018,4,25,1,0,11.7,-125,0,10.6,0,0.0,0,0.0,0,996.1,350.92980483351334,6.327903748400263,139,,
2018,4,25,2,0,11.5,-110,0,10.3,0,0.0,0,0.0,0,996.3,356.83510049659674,5.872482252366168,129,,
2018,4,25,3,0,11.4,-98,0,10.1,0,0.0,0,0.0,0,996.8,352.251083493196,5.931852571169503,118,,
2018,4,25,4,0,11.3,-88,0,10,0,0.0,0,0.0,0,997.4,350.7962283087732,6.172731074584707,107,,
2018,4,25,5,0,11.1,-78,0,9.8,1,0.0,1,0.0,0,998,347.8724196252685,5.774379137237748,96,,
2018,4,25,6,0,11.6,-68,2.5,9.8,29,0.0,42,0.0,0,998.5,338.9642237145254,6.368250307652414,85,,
2018,4,25,7,0,12.4,-58,1.8,10,54,42.0,162,26.358815779139498,0,999,354.1183304765822,6.411192150669383,75,,
2018,4,25,8,0,13.3,-45,21.1,10.1,189,94.0,94,113.13882062492142,0,999.5,357.531407752883,5.333807289650858,66,,
2018,4,25,9,0,13.8,-30,32.5,10,297,148.0,36,217.27869868335853,0,999.8,353.31733905400586,4.330201019484041,59,,
2018,4,25,10,0,14,-14,42.9,9.6,306,392.0,15,370.0166063233061,0,999.8,349.7033017315658,4.760007918635762,55,,
2018,4,25,11,0,14.1,4,59.6,9.2,235,547.0,0,488.3888951618412,0,999.8,332.42947243043346,4.7784749685675445,54,,
2018,4,25,12,0,14,22,76.7,9,128,571.0000000000001,0,522.8840146243026,0,1000,325.9653408779508,5.471736991401157,57,,
2018,4,25,13,0,13.9,37,63,8.9,153,601.0,3,514.8725393891051,0,1000.4,305.0287215226782,6.182342156833666,62,,
2018,4,25,14,0,13.8,51,18.7,8.8,102,491.0,129,407.3776376797821,0,1000.8,302.5490022559333,7.266307154800954,70,,
2018,4,25,15,0,13.5,62,0.7,8.6,40,388.0,105,274.5710240316501,0,1001.4,309.4912572441487,8.211082399144157,79,,
2018,4,25,16,0,13,73,0.4,8.3,12,197.0,19,112.01291010243608,0,1002,314.46872686303897,7.949941410142699,90,,
2018,4,25,17,0,12.6,82,0,8.1,0,14.0,0,6.168081910267082,0,1002.7,321.9365008061131,7.275895159335665,101,,
2018,4,25,18,0,12.2,92,0,7.7,0,0.0,0,0.0,0,1003.2,327.60676794567746,7.252301068824002,112,,
2018,4,25,19,0,11.8,103,0,7.2,0,0.0,0,0.0,0,1003.4,331.58405646000466,7.558643386244131,123,,
2018,4,25,20,0,11.5,116,0,6.8,0,0.0,0,0.0,0,1003.7,338.5853603835279,7.797341747494275,134,,
2018,4,25,21,0,11.3,134,0,6.7,0,0.0,0,0.0,0,1003.8,340.9484222841275,7.690277001212453,143,,
2018,4,25,22,0,11.2,158,0,6.8,0,0.0,0,0.0,0,1003.8,341.4784527833566,7.508796734557274,149,,
2018,4,25,23,0,11.1,-173,0,7,0,0.0,0,0.0,0,1003.8,341.0767628264037,7.790943045001945,151,,
2018,4,26,0,0,11,-146,0,7,0,0.0,0,0.0,0,1004,337.70443175949265,8.610264121251173,147,,
2018,4,26,1,0,10.7,-125,0,6.8,0,0.0,0,0.0,0,1004.3,337.542626144043,8.323876623160718,139,,
2018,4,26,2,0,10.5,-110,0,6.6,0,0.0,0,0.0,0,1004.6,336.653835095297,8.78704537535604,129,,
2018,4,26,3,0,10.3,-98,0,6.3,0,0.0,0,0.0,0,1005,340.8102946250584,9.61196545055854,118,,
2018,4,26,4,0,10.1,-88,0,6,0,0.0,0,0.0,0,1005.4,341.6430353562154,10.947466437533777,107,,
2018,4,26,5,0,9.9,-78,0.2,5.7,1,0.0,0,0.0,0,1005.9,17.195218631633338,9.862963674739271,96,,
2018,4,26,6,0,10.2,-68,12.5,5.6,44,0.0,15,0.0,0,1006.1,10.640897313123446,9.30403709220319,85,,
2018,4,26,7,0,10.9,-57,7.3,5.5,61,191.0,151,29.09090045411607,0,1006.3,5.506814468972834,9.03657873808194,75,,
2018,4,26,8,0,11.7,-45,16.3,5.5,170,353.0,138,153.10085608530497,0,1006.4,7.587814546974187,8.933941649621294,66,,
2018,4,26,9,0,12.2,-30,22.9,5.6,246,495.0,140,300.2408634539964,0,1006.2,7.255329746441362,9.45313067475456,60,,
2018,4,26,10,0,12.4,-14,47.7,5.9,232,560.0,61,422.6944146966615,0,1006,13.90167735481549,11.849520394824442,55,,
2018,4,26,11,0,12.6,4,45.1,6.2,303,614.0,17,510.3582256592224,0,1005.7,17.33185028537042,12.15517293527324,54,,
2018,4,26,12,0,12.6,21,12.8,6.5,169,658.0,297,554.5846883686481,0,1005.6,18.129690631035032,12.563669665053869,57,,
2018,4,26,13,0,12.4,37,3.5,6.7,90,658.0,340,534.1968476443203,0,1005.8,17.72531548846166,11.89373205346955,62,,
2018,4,26,14,0,12.3,51,30.3,7,124,580.0,101,438.6392114314066,0,1006,19.44044167029853,11.443169822236309,70,,
2018,4,26,15,0,12,62,19.8,7.2,76,406.0,21,277.82232848248964,0,1006.3,21.743849394361007,10.514731815603122,80,,
2018,4,26,16,0,11.7,73,2.2,7.3,15,230.0,12,118.32850313995256,0,1006.8,23.181418148860928,10.054175048905783,90,,
2018,4,26,17,0,11.3,82,0,7.4,0,21.0,0,6.661040012557823,0,1007.3,20.69761184350591,8.477050995704495,101,,
2018,4,26,18,0,10.9,92,0,7.3,0,0.0,0,0.0,0,1007.6,12.806193239975698,7.077915786446982,112,,
2018,4,26,19,0,10.3,103,0,7.2,0,0.0,0,0.0,0,1007.9,8.770407826189057,6.667314619126877,124,,
2018,4,26,20,0,9.8,116,0,7,0,0.0,0,0.0,0,1008.2,15.651947117453346,6.443019315656015,134,,
2018,4,26,21,0,9.6,133,0,7,0,0.0,0,0.0,0,1008.3,21.08845564117189,6.288604307365574,143,,
2018,4,26,22,0,9.6,158,0,7,0,0.0,0,0.0,0,1008.4,20.78574850856063,5.915797459082998,150,,
2018,4,26,23,0,9.7,-173,0,7,0,0.0,0,0.0,0,1008.5,15.109035848104384,5.509295541208702,151,,
2018,4,27,0,0,9.8,-146,0,7,0,0.0,0,0.0,0,1008.6,359.5988548832579,5.683977199348313,147,,
2018,4,27,1,0,9.9,-125,0,6.9,0,0.0,0,0.0,0,1008.8,0.7720679873556264,6.323327989622072,140,,
2018,4,27,2,0,10,-109,0,6.8,0,0.0,0,0.0,0,1009,2.1203615977797767,6.341255867464888,130,,
2018,4,27,3,0,10.1,-98,0,6.7,0,0.0,0,0.0,0,1009.3,8.682267404019797,6.108574490407657,119,,
2018,4,27,4,0,10.1,-87,0,6.5,0,0.0,0,0.0,0,1009.7,16.391086122657157,5.617465828060356,107,,
2018,4,27,5,0,10.2,-78,0,6.3,0,0.0,1,0.0,0,1010.1,20.489696171592584,4.885756808832262,96,,
2018,4,27,6,0,10.7,-68,0,6.4,25,0.0,43,0.0,0,1010.5,21.8541644177966,3.988280570004935,85,,
2018,4,27,7,0,11.4,-57,0.1,6.7,52,28.0,161,19.082050175324348,0,1010.8,23.89984712778147,2.902166471547878,75,,
2018,4,27,8,0,12.2,-45,2.8,7,88,93.0,268,100.29354862210792,0,1011.1,40.51799510705172,2.7503485133671006,67,,
2018,4,27,9,0,12.6,-30,15.1,6.9,201,344.0,211,260.1995462224877,0,1011.3,48.88683212356432,3.201255485369099,60,,
2018,4,27,10,0,12.7,-14,40.1,6.6,275,600.0000000000001,58,425.61712396884894,0,1011.4,50.048095475215575,3.953276597384351,56,,
2018,4,27,11,0,12.7,4,46,6.3,306,686.0,6,527.4474994114782,0,1011.4,52.09027301803405,4.272725110415478,55,,
2018,4,27,12,0,12.6,21,15.7,6.2,156,710.0,289,565.4260618759226,0,1011.6,50.77340791254471,3.854431971448585,57,,
2018,4,27,13,0,12.5,37,0.9,6.2,71,724.0,364,551.0473158218033,0,1011.8,43.20098856382504,5.092090476774767,63,,
2018,4,27,14,0,12.4,50,2.2,6.2,69,675.0,224,466.0638017036333,0,1012.1,47.61141433427838,4.414161323183808,71,,
2018,4,27,15,0,12.1,62,1.9,6.2,45,562.0,90,321.606011502018,0,1012.6,36.97525586454549,4.381355063720074,80,,
2018,4,27,16,0,11.7,72,0.5,6.2,12,363.0,16,145.82716117383742,0,1013.1,40.74595991096396,4.803467882633693,90,,
2018,4,27,17,0,11.3,82,0,6.2,0,34.0,0,7.544460625617747,0,1013.7,35.85995300163319,5.7066970769134695,101,,
2018,4,27,18,0,10.9,92,0,6.1,0,0.0,0,0.0,0,1014.2,41.87786953788429,7.321896197507736,113,,
2018,4,27,19,0,10.4,102,0,5.9,0,0.0,0,0.0,0,1014.7,61.76283106746513,6.600412144399826,124,,
2018,4,27,20,0,10,116,0,5.8,0,0.0,0,0.0,0,1015.2,83.41297187579858,6.308243780201753,134,,
2018,4,27,21,0,9.9,133,0,6,0,0.0,0,0.0,0,1015.5,104.4611607359235,5.597006899218237,144,,
2018,4,27,22,0,10,157,0,6.4,0,0.0,0,0.0,0,1015.7,120.68110663885555,5.168844349241043,150,,
2018,4,27,23,0,10.1,-173,0,6.8,0,0.0,0,0.0,0,1015.8,125.77793064023342,4.683663082166408,152,,
2018,4,28,0,0,10.1,-145,0,6.9,0,0.0,0,0.0,0,1016,131.96470622990648,4.619765831732809,148,,
2018,4,28,1,0,10,-124,0,6.9,0,0.0,0,0.0,0,1016.1,142.52710257599165,4.509722405875422,140,,
2018,4,28,2,0,9.9,-109,0,6.8,0,0.0,0,0.0,0,1016.2,140.44470750815492,4.286494321737708,130,,
2018,4,28,3,0,9.9,-97,0,6.7,0,0.0,0,0.0,0,1016.5,147.22749217133725,4.215706822624218,119,,
2018,4,28,4,0,9.9,-87,0,6.6,0,0.0,0,0.0,0,1017,141.49849926205502,4.1123118186495695,107,,
2018,4,28,5,0,10,-77,0,6.6,0,0.0,1,0.0,0,1017.4,133.27850027657115,3.9651093192020905,96,,
2018,4,28,6,0,10.5,-68,0.6,6.6,22,0.0,46,0.0,0,1017.8,132.3103557243628,4.208607101348439,86,,
2018,4,28,7,0,11.4,-57,2.1,6.7,52,138.0,155,25.027907169932284,0,1018.3,134.1193464953277,4.054776501275975,76,,
2018,4,28,8,0,12.4,-44,31.7,6.9,158,315.0,78,140.07275330060568,0,1018.8,133.54738636268183,3.9157228051199446,67,,
2018,4,28,9,0,13,-30,21,6.8,148,459.0,247,281.6108817283788,0,1018.9,132.46179823648873,3.691591038191165,60,,
2018,4,28,10,0,13.2,-13,45.7,6.7,157,657.0,138,441.904704740573,0,1018.8,132.79232914578802,2.697847031586964,56,,
2018,4,28,11,0,13.5,4,56.1,6.5,250,731.0,1,541.5034549743307,0,1018.6,135.60142867527776,1.628196159023182,55,,
2018,4,28,12,0,13.5,21,33.8,6.5,274,732.0,75,571.7396302683277,0,1018.5,81.82918397321316,0.3401225908243864,58,,
2018,4,28,13,0,13.4,37,9.1,6.6,129,682.0,261,532.3924654256468,0,1018.4,345.31256402188245,2.9176030472418666,63,,
2018,4,28,14,0,13.3,50,1.5,6.7,54,522.0,241,406.6825809631285,0,1018.3,341.9108012700718,3.914933966132138,71,,
2018,4,28,15,0,12.9,62,3.5,6.8,39,248.0,94,214.32224942787465,0,1018.4,335.921938089341,4.23974816035504,80,,
2018,4,28,16,0,12.4,72,33.5,6.9,11,69.0,16,65.57494763748335,0,1018.8,352.89593742881124,2.9808916064431803,91,,
2018,4,28,17,0,11.9,82,18.2,7.1,0,10.0,0,4.70655471651775,0,1019.2,41.28746815387831,3.719252360095551,102,,
2018,4,28,18,0,11.3,92,7.7,7,0,0.0,0,0.0,0,1019.5,46.76614640963868,4.212186610396316,113,,
2018,4,28,19,0,10.7,102,12.5,6.9,0,0.0,0,0.0,0,1019.8,23.58118863320351,3.739784193710254,124,,
2018,4,28,20,0,10.1,115,37.2,6.7,0,0.0,0,0.0,0,1020.1,25.28318004077636,4.055744320070515,135,,
2018,4,28,21,0,10,133,50.9,6.9,0,0.0,0,0.0,0,1020.2,36.0873436228444,5.316218505279941,144,,
2018,4,28,22,0,10.3,157,43.3,7.2,0,0.0,0,0.0,0,1020.4,42.44112075481752,7.17662493584946,150,,
2018,4,28,23,0,10.6,-173,39,7.5,0,0.0,0,0.0,0,1020.5,58.1973426928156,8.381928769730566,152,,
2018,4,29,0,0,10.7,-145,38.5,7.7,0,0.0,0,0.0,0,1020.5,67.42393876336905,8.376504851834696,148,,
2018,4,29,1,0,10.7,-124,13.8,7.8,0,0.0,0,0.0,0,1020.5,80.63017903680748,6.016304374082939,140,,
2018,4,29,2,0,10.6,-109,0,7.8,0,0.0,0,0.0,0,1020.4,72.9420474581741,4.157248656680373,130,,
2018,4,29,3,0,10.5,-97,0,7.9,0,0.0,0,0.0,0,1020.7,48.86539041353137,3.769568329465664,119,,
2018,4,29,4,0,10.4,-87,0,7.9,0,0.0,0,0.0,0,1021.1,47.14020543014266,3.716629529704744,108,,
2018,4,29,5,0,10.3,-77,0,8,0,0.0,1,0.0,0,1021.5,41.31982321937039,4.147267465769774,96,,
2018,4,29,6,0,10.8,-67,1.5,8.1,25,0.0,40,0.0,0,1021.9,39.2123122420868,4.634145670314301,86,,
2018,4,29,7,0,11.8,-56,2.2,8.4,56,122.0,147,24.000000000000007,0,1022.2,43.14876345876616,4.045360392216643,76,,
2018,4,29,8,0,12.8,-44,0.8,8.7,65,434.0,293,153.97165495186198,0,1022.5,62.62937100824615,5.801029788257587,67,,
2018,4,29,9,0,13.5,-30,0,8.5,68,645.0,413,322.1736762363935,0,1022.5,72.5633406531091,4.635107915932661,60,,
2018,4,29,10,0,13.9,-13,0,8,72,722.0,480,458.3216671515021,0,1022.2,76.13822896355373,1.1861562906520473,56,,
2018,4,29,11,0,14.3,4,0,7.5,73,740.0,493,542.114442878438,0,1021.9,93.06092573917176,1.4356419538294836,55,,
2018,4,29,12,0,14.5,21,0,7.3,71,753.0,452,577.3163273935561,0,1021.6,111.18903670062708,0.212092873509244,58,,
2018,4,29,13,0,14.5,37,1.6,7.3,79,736.0,343,550.9776177200569,0,1021.4,314.17617099503,2.077168251592328,63,,
2018,4,29,14,0,14.5,50,2.3,7.3,69,661.0,215,454.9857338104996,0,1021.1,314.0723280164644,3.518731757840017,71,,
2018,4,29,15,0,14,62,2.8,7.5,41,481.0,87,290.68803644399446,0,1021.2,309.1360762832553,4.114497201557253,80,,
2018,4,29,16,0,13.2,72,1.1,7.8,11,71.0,14,64.74161593727416,0,1021.5,359.29272707229325,3.718300872416248,91,,
2018,4,29,17,0,12.3,82,0,8.1,0,3.0,0,2.1996647356510155,0,1021.8,41.56498062349539,5.828738515230236,102,,
2018,4,29,18,0,11.4,91,0,8,0,0.0,0,0.0,0,1022.1,41.19207686959038,6.631163487602618,113,,
2018,4,29,19,0,10.4,102,0,7.6,0,0.0,0,0.0,0,1022.4,50.20756660078973,5.453039594926952,124,,
2018,4,29,20,0,9.4,115,0,7.2,0,0.0,0,0.0,0,1022.6,51.44999555048668,5.192710861797221,135,,
2018,4,29,21,0,9,133,0,6.9,0,0.0,0,0.0,0,1022.6,56.337093306075815,7.427647724794713,144,,
2018,4,29,22,0,9.2,157,0,6.7,0,0.0,0,0.0,0,1022.6,57.84845440613702,9.028644133022,151,,
2018,4,29,23,0,9.4,-173,0,6.6,0,0.0,0,0.0,0,1022.5,56.06800203581008,9.589654725614484,152,,
2018,4,30,0,0,9.5,-145,0,6.5,0,0.0,0,0.0,0,1022.4,54.89170879885256,7.786199412724301,148,,
2018,4,30,1,0,9.5,-124,0,6.5,0,0.0,0,0.0,0,1022.3,49.93088176775456,4.729881174528537,140,,
2018,4,30,2,0,9.5,-108,0,6.5,0,0.0,0,0.0,0,1022.1,47.2933378042141,4.63771536833394,130,,
2018,4,30,3,0,9.6,-97,0,6.5,0,0.0,0,0.0,0,1022.2,49.92920423286802,5.760158361147141,119,,
2018,4,30,4,0,9.6,-87,0,6.6,0,0.0,0,0.0,0,1022.3,54.6716990911886,7.96054727947508,108,,
2018,4,30,5,0,9.7,-77,0,6.6,0,0.0,1,0.0,0,1022.4,52.242186814960064,7.455094403155941,97,,
2018,4,30,6,0,10.5,-67,0.7,7.1,23,0.0,40,0.0,0,1022.6,53.07667907017691,5.917531869203772,86,,
2018,4,30,7,0,11.9,-56,1.3,7.9,53,19.0,149,11.000000000000002,0,1022.9,55.00278270332944,4.630500441678159,76,,
2018,4,30,8,0,13.2,-44,0.5,8.8,65,364.0,290,142.9269609376031,0,1023.2,56.09976137467595,5.925486578055356,67,,
2018,4,30,9,0,14,-30,2.9,8.9,95,532.0,367,294.5022171944902,0,1023,55.08981738261605,4.858994281978584,61,,
2018,4,30,10,0,14.3,-13,18.5,8.5,235,502.0,208,390.75897895627145,0,1022.6,48.81206859525054,3.279523822322189,57,,
2018,4,30,11,0,14.6,4,9.6,8,155,404.0,352,418.3403961460102,0,1022.2,33.672397619016806,3.512988555775002,56,,
2018,4,30,12,0,14.6,21,0,7.9,72,586.0,446,510.3824989680811,0,1021.9,17.7124550790287,3.936870017441429,58,,
2018,4,30,13,0,14.6,37,0.8,8,75,620.0,344,503.3344776755649,0,1021.6,16.960314869078502,4.665055295497927,64,,
2018,4,30,14,0,14.5,50,1.9,8.2,68,508.0,212,397.1420213103314,0,1021.3,12.329964601742972,6.600238960809703,71,,
2018,4,30,15,0,14.1,61,2.4,8.4,43,188.0,80,188.55929321937023,0,1021.2,26.72821723103277,6.939481679877495,81,,
2018,4,30,16,0,13.4,72,0.9,8.6,11,23.0,13,40.32328205374609,0,1021.3,25.36448646025997,6.758710794887207,91,,
2018,4,30,17,0,12.6,81,0,8.7,0,1.0,0,2.062537462926034,0,1021.4,17.849637204364967,6.295469070309208,102,,
2018,4,30,18,0,12.1,91,0,8.9,0,0.0,0,0.0,0,1021.5,20.91472341286203,6.445161648921236,113,,
2018,4,30,19,0,11.6,102,0,9.1,0,0.0,0,0.0,0,1021.5,26.22091602618121,6.416910233973538,125,,
2018,4,30,20,0,11.2,115,0,9.3,0,0.0,0,0.0,0,1021.4,20.79514535106909,6.2653277414636825,135,,
2018,4,30,21,0,11.1,132,0,9.5,0,0.0,0,0.0,0,1021.2,6.44163433796507,6.5479311307415,145,,
2018,4,30,22,0,11.3,157,0,9.6,0,0.0,0,0.0,0,1020.9,5.214952074220491,6.972954858535318,151,,
2018,4,30,23,0,11.5,-172,0,9.7,0,0.0,0,0.0,0,1020.6,8.627957652014913,6.468959242896527,153,,
2018,5,1,0,0,11.6,-144,0,9.8,0,0.0,0,0.0,0,1020.2,18.335815596457,6.737838655393347,148,,
2018,5,1,1,0,11.5,-123,0,9.8,0,0.0,0,0.0,0,1019.7,32.91691577618252,5.7407081670660185,140,,
2018,5,1,2,0,11.4,-108,0,9.9,0,0.0,0,0.0,0,1019.2,34.31138754724128,4.758161109217076,130,,
2018,5,1,3,0,11.4,-96,0,9.9,0,0.0,0,0.0,0,1019,34.05196707537959,4.052263273870829,119,,
2018,5,1,4,0,11.3,-86,0,9.9,0,0.0,0,0.0,0,1018.9,32.04460265178585,3.4781964951918964,108,,
2018,5,1,5,0,11.2,-77,0,10,0,0.0,1,0.0,0,1018.8,32.18266755250937,2.852018690851206,97,,
2018,5,1,6,0,12,-67,1,10.5,24,0.0,36,0.0,0,1018.7,351.7018086545419,3.3070849747037103,86,,
2018,5,1,7,0,13.3,-56,16.4,11.4,111,190.0,46,19.00000000000001,0,1018.5,34.250513766616564,1.6614038603970052,76,,
2018,5,1,8,0,14.8,-44,9.1,12.3,103,384.0,223,143.88237371709835,0,1018.3,352.6637508045804,2.4970033328576813,68,,
2018,5,1,9,0,15.6,-29,6.6,12.4,142,638.0,292,316.0595568829472,0,1017.8,7.495857639729877,3.059839893668425,61,,
2018,5,1,10,0,16,-13,16.2,11.9,236,730.0,213,455.98002547555245,0,1017,1.7498539359130518,3.1740875983177808,57,,
2018,5,1,11,0,16.3,4,33.7,11.3,300,761.0,66,543.7385442430827,0,1016.1,4.221365616060893,2.165787680544608,56,,
2018,5,1,12,0,16.4,21,30.4,11.2,284,645.0,67,529.6007879188385,0,1015.5,326.69750731803447,3.693729650373608,58,,
2018,5,1,13,0,16.3,36,11.2,11.5,159,411.0,203,416.4365248960196,0,1015,316.477926082996,2.945071283879916,64,,
2018,5,1,14,0,16.2,50,4.3,11.7,83,515.0,182,396.2024006018474,0,1014.5,324.290377781943,3.754480744700499,72,,
2018,5,1,15,0,15.8,61,4.7,11.9,48,511.0,67,294.522551913395,0,1014.2,323.5114838797798,4.210640155435981,81,,
2018,5,1,16,0,15.2,71,2.4,11.9,12,244.0,10,109.42882684925992,0,1014,314.7380851158644,4.94720965571018,91,,
2018,5,1,17,0,14.6,81,32.9,12,0,13.0,0,3.761867125737752,0,1013.9,312.9818852486046,6.58366382399074,102,,
2018,5,1,18,0,14.3,91,51,12,0,0.0,0,0.0,0,1013.5,324.29442381907256,7.002275833503617,114,,
2018,5,1,19,0,14.2,101,51,11.9,0,0.0,0,0.0,0,1012.9,337.4081694259835,5.143198482244843,125,,
2018,5,1,20,0,14.1,114,51,11.8,0,0.0,0,0.0,0,1012.4,339.94317902463257,4.020698904185172,135,,
2018,5,1,21,0,14.2,132,51.5,11.9,0,0.0,0,0.0,0,1011.7,336.14163704591715,2.850782418348805,145,,
2018,5,1,22,0,14.6,157,51.9,12,0,0.0,0,0.0,0,1010.9,324.79984866886764,2.119796581090781,151,,
2018,5,1,23,0,15,-172,51.9,12.1,0,0.0,0,0.0,0,1010.1,303.31482101949894,2.471014855060363,153,,
2018,5,2,0,0,15.2,-144,51.9,12.1,0,0.0,0,0.0,0,1009.5,303.8831895183725,2.390600790262742,149,,
2018,5,2,1,0,15.4,-123,51.3,12.1,0,0.0,0,0.0,0,1008.9,275.51800471989577,1.3659489062026555,141,,
2018,5,2,2,0,15.6,-108,50.9,12,0,0.0,0,0.0,0,1008.4,339.0630594670571,0.9886137813771312,130,,
2018,5,2,3,0,15.7,-96,49,12.1,0,0.0,0,0.0,0,1008.1,96.18146978551653,1.0316328436237738,119,,
2018,5,2,4,0,15.6,-86,40.2,12.2,0,0.0,0,0.0,0,1008,125.18734156780651,1.7777195962766434,108,,
2018,5,2,5,0,15.5,-76,55.2,12.3,0,0.0,0,0.0,0,1007.9,131.07464694962744,2.093084912922881,97,,
2018,5,2,6,0,15.4,-67,72.9,12.5,12,0.0,0,0.0,0,1007.7,138.37904529078986,2.861541313067125,86,,
2018,5,2,7,0,15.3,-56,76.1,12.9,41,27.0,0,13.000000000000002,0,1007.5,149.2257889855905,2.3161228386095143,76,,
2018,5,2,8,0,15.2,-43,83.4,13.3,47,56.0,0,78.83071241145912,0,1007.2,144.5729762645874,3.379929104377484,68,,
2018,5,2,9,0,15.1,-29,92.2,13.5,31,27.0,0,107.44955394855998,0,1006.7,152.91694303767008,3.152023856985871,61,,
2018,5,2,10,0,14.9,-13,97.5,13.6,18,53.0,0,200.0911885712064,0,1005.9,146.43815631266204,3.237474633268448,57,,
2018,5,2,11,0,14.7,4,98.3,13.7,15,58.0,0,237.9927603838566,0,1005.1,159.7642997464715,2.039193832435799,56,,
2018,5,2,12,0,14.6,21,97.9,13.6,14,29.0,0,196.9964828287473,0,1004.5,169.5935653761403,1.5394828144996224,59,,
2018,5,2,13,0,14.5,36,97.4,13.3,12,20.0,0,158.73530973795116,0,1004.1,216.869897645844,3.75,64,,
2018,5,2,14,0,14.5,50,68.1,13.1,66,19.0,0,127.99879602047233,0,1003.7,228.9805968321241,2.402293383062584,72,,
2018,5,2,15,0,14.3,61,64.1,12.8,44,7.0,0,59.56564983004324,0,1003.7,249.64621088079983,2.266514794144651,81,,
2018,5,2,16,0,14.1,71,25.7,12.5,5,8.0,0,27.783679256533148,0,1003.9,247.1300281844254,2.6716938738192177,91,,
2018,5,2,17,0,13.8,81,0,12.2,0,1.0,0,1.0547599740528408,0,1004.2,228.783666427152,2.07716525294748,102,,
2018,5,2,18,0,13.4,91,0,11.9,0,0.0,0,0.0,0,1004.5,226.5998840339859,2.3558118200270024,114,,
2018,5,2,19,0,13,101,0,11.7,0,0.0,0,0.0,0,1004.9,183.1979554377528,2.354496605013386,125,,
2018,5,2,20,0,12.5,114,0,11.4,0,0.0,0,0.0,0,1005.2,210.67574433667608,2.25726978418728,136,,
2018,5,2,21,0,12.3,132,0,11.2,0,0.0,0,0.0,0,1005.4,183.01841058104057,3.2686949267589216,145,,
2018,5,2,22,0,12.4,157,0,11.1,0,0.0,0,0.0,0,1005.5,180.28724986238464,3.79838757939176,152,,
2018,5,2,23,0,12.5,-172,0,10.9,0,0.0,0,0.0,0,1005.5,160.77121530964507,3.254308412389711,153,,
2018,5,3,0,0,12.5,-144,0,10.8,0,0.0,0,0.0,0,1005.6,161.10885076151737,3.5779804467066225,149,,
2018,5,3,1,0,12.5,-122,0,10.7,0,0.0,0,0.0,0,1005.8,152.68536281003492,3.939223260561073,141,,
2018,5,3,2,0,12.5,-107,0,10.7,0,0.0,0,0.0,0,1006,145.28174186211152,3.637623257531444,131,,
2018,5,3,3,0,12.5,-96,0,10.6,0,0.0,0,0.0,0,1006.3,141.3439607091667,3.477763964893372,120,,
2018,5,3,4,0,12.5,-86,0,10.5,0,0.0,0,0.0,0,1006.8,152.36248274982097,3.4183544791414,108,,
2018,5,3,5,0,12.5,-76,0,10.4,0,0.0,1,0.0,0,1007.2,165.68640078417616,3.730805330920509,97,,
2018,5,3,6,0,12.9,-66,0,10.6,20,0.0,38,0.0,0,1007.6,165.7390470329808,3.7442909333927736,86,,
2018,5,3,7,0,13.6,-56,0.7,11,43,40.0,146,16.000000000000004,0,1007.9,156.8180625809906,3.419128613541864,77,,
2018,5,3,8,0,14.3,-43,35.5,11.4,131,94.0,71,98.49985255153167,0,1008.2,159.68385806902145,4.306214721103324,68,,
2018,5,3,9,0,14.7,-29,64.4,11.4,159,351.0,0,258.53291488162705,0,1008.3,163.532984958601,4.442470345899952,61,,
2018,5,3,10,0,14.8,-13,76.8,11,121,225.0,0,301.1318948344701,0,1008.1,170.5283366282771,3.938953229878305,57,,
2018,5,3,11,0,14.8,4,68.7,10.6,168,42.0,0,209.5431206921984,0,1007.9,197.9815302268103,3.482860706555352,57,,
2018,5,3,12,0,14.8,21,43.9,10.5,260,71.0,16,254.85685793584943,0,1007.8,256.3434693771691,5.369830606530899,59,,
2018,5,3,13,0,14.7,36,37.3,10.5,247,299.0,9,378.1801429866039,0,1007.8,280.2034226020538,3.996803079037057,64,,
2018,5,3,14,0,14.6,49,45.2,10.6,150,70.0,0,192.84671992019815,0,1007.8,289.1290147934177,5.710584522616133,72,,
2018,5,3,15,0,14.2,61,24.2,10.6,62,96.0,10,148.77356010980097,0,1008,291.8504483356275,5.932551138553372,81,,
2018,5,3,16,0,13.6,71,3.7,10.7,13,51.0,6,55.16014859945696,0,1008.2,299.8540943299003,6.116352833090578,92,,
2018,5,3,17,0,13,81,0,10.8,0,2.0,0,1.1020075903094786,0,1008.5,314.78470962629075,4.54840671000777,103,,
2018,5,3,18,0,12.4,90,0,10.6,0,0.0,0,0.0,0,1008.6,325.9819925155364,4.318092155038998,114,,
2018,5,3,19,0,11.6,101,0,10.3,0,0.0,0,0.0,0,1008.6,334.1298185053593,2.592850356748033,125,,
2018,5,3,20,0,10.9,114,0,9.9,0,0.0,0,0.0,0,1008.5,346.83006051778284,5.764906510242676,136,,
2018,5,3,21,0,10.7,132,0,9.7,0,0.0,0,0.0,0,1008.4,325.9308541229836,13.335509393364964,145,,
2018,5,3,22,0,10.9,157,0,9.7,0,0.0,0,0.0,0,1008.1,304.00646016346764,14.48160655941392,152,,
2018,5,3,23,0,11.1,-172,0,9.6,0,0.0,0,0.0,0,1007.8,292.8546153912026,11.977151310052603,153,,
2018,5,4,0,0,11.2,-143,0.6,9.6,0,0.0,0,0.0,0,1007.4,341.0770261918022,6.7890295109095495,149,,
2018,5,4,1,0,11.2,-122,33.6,9.6,0,0.0,0,0.0,0,1007,326.37880234917253,6.816276317330866,141,,
2018,5,4,2,0,11.2,-107,52,9.6,0,0.0,0,0.0,0,1006.5,328.67462845550955,7.038741909944454,131,,
2018,5,4,3,0,11.3,-95,51.4,9.6,0,0.0,0,0.0,0,1006.2,336.0643825906514,5.074054201437302,120,,
2018,5,4,4,0,11.4,-85,18.4,9.4,0,0.0,0,0.0,0,1005.9,331.67012643913233,4.945606542345784,108,,
2018,5,4,5,0,11.5,-76,0.6,9.3,1,0.0,0,0.0,0,1005.7,326.0109126292537,4.061040359315776,97,,
2018,5,4,6,0,12,-66,31.5,9.5,28,0.0,0,0.0,0,1005.4,290.4665929521839,4.209571723051025,87,,
2018,5,4,7,0,12.9,-55,45.5,10,102,6.0,0,9.0,0,1005,324.05978918954247,6.701858796613537,77,,
2018,5,4,8,0,13.8,-43,47.9,10.5,169,12.0,0,47.81008920014963,0,1004.7,339.8848486043952,5.774334235230674,68,,
2018,5,4,9,0,14.3,-29,57.1,10.7,185,22.0,2,106.72104055653938,0,1003.9,335.840245837582,6.472721433340086,62,,
2018,5,4,10,0,14.6,-13,35.4,10.7,237,65.0,95,195.8033596917668,0,1002.9,334.05977446593,8.540365878744483,58,,
2018,5,4,11,0,14.9,4,34.3,10.6,288,74.0,53,236.6500981849331,0,1001.9,343.4944069619267,9.679385647750951,57,,
2018,5,4,12,0,15,21,53.5,10.7,224,134.0,0,295.7623799174987,0,1000.9,344.37247507749464,8.674171408319902,59,,
2018,5,4,13,0,15,36,59.2,10.9,156,267.0,0,348.98637400948485,0,1000.1,350.3466216490076,10.808811870727418,65,,
2018,5,4,14,0,14.9,49,60.7,11.1,99,229.0,0,277.4664283846088,0,999.2,16.140414742192604,12.975819375235185,72,,
2018,5,4,15,0,14.8,61,42.4,11.3,49,286.0,0,217.3871489166777,0,998.5,14.032316155482931,15.549458713631974,82,,
2018,5,4,16,0,14.6,71,11.3,11.4,12,189.0,0,91.59124860556048,0,997.9,13.992260860588772,14.50157404445883,92,,
2018,5,4,17,0,14.5,80,0,11.5,0,6.0,0,2.2840307170308485,0,997.2,2.8965857084496065,11.81245522515828,103,,
2018,5,4,18,0,14.6,90,0,11.6,0,0.0,0,0.0,0,996.4,358.2614647317837,11.225870600903692,114,,
2018,5,4,19,0,14.9,101,0,11.8,0,0.0,0,0.0,0,995.4,347.2816526616028,9.669876360492388,125,,
2018,5,4,20,0,15.2,114,0,11.9,0,0.0,0,0.0,0,994.4,341.3316785498944,8.017783727576779,136,,
2018,5,4,21,0,15.5,131,0,11.8,0,0.0,0,0.0,0,993.4,348.66720768844874,9.120454367991142,146,,
2018,5,4,22,0,15.6,157,0,11.4,0,0.0,0,0.0,0,992.4,355.9972286119446,10.453967421132978,152,,
2018,5,4,23,0,15.8,-172,0,11,0,0.0,0,0.0,0,991.4,349.617358150369,9.038374156673887,154,,
2018,5,5,0,0,15.8,-143,1.2,10.8,0,0.0,0,0.0,0,990.1,355.2172086510587,8.796009031260999,149,,
2018,5,5,1,0,15.7,-122,63.7,10.7,0,0.0,0,0.0,0,988.7,355.7777094195729,9.304550272380473,141,,
2018,5,5,2,0,15.6,-107,98.2,10.5,0,0.0,0,0.0,0,987.2,1.1138448297592165,9.77113342264902,131,,
2018,5,5,3,0,15.1,-95,96,10.7,0,0.0,0,0.0,0,986.3,5.897423202005939,9.52109409569226,120,,
2018,5,5,4,0,14.3,-85,56.1,11.2,0,0.0,0,0.0,0,985.6,4.042274685908524,9.243698580239707,109,,
2018,5,5,5,0,13.5,-76,13.3,11.7,0,0.0,0,0.0,0,985,5.226990885736768,8.945401746812744,98,,
2018,5,5,6,0,12.9,-66,48,11.5,11,0.0,0,0.0,0,984.4,0.0167609928266756,8.345703482097793,87,,
2018,5,5,7,0,12.4,-55,76.6,11,35,111.0,2,16.000000000000007,0,983.9,359.0219936516503,8.009955946459456,77,,
2018,5,5,8,0,12,-43,31.2,10.4,113,194.0,104,110.60604196202776,0,983.3,354.41120877421605,7.530670305948919,69,,
2018,5,5,9,0,11.7,-29,53.2,10,106,218.0,62,207.7971689725279,0,982.7,345.4856213860019,7.344004695615015,62,,
2018,5,5,10,0,11.5,-13,32.1,9.6,144,326.0,186,319.1668782575345,0,982.1,342.4275031435518,9.155506784135644,58,,
2018,5,5,11,0,11.3,4,55,9.3,118,421.0,104,409.4701038913314,0,981.4,348.26936378697064,12.911263108813268,57,,
2018,5,5,12,0,11.3,21,67,9.1,151,430.0,0,433.6729777617252,0,980.7,350.4809044134828,13.690958518028038,60,,
2018,5,5,13,0,11.3,36,82.1,9,76,499.0,0,439.35569517881487,0,980,350.3374598996344,13.633599747714438,65,,
2018,5,5,14,0,11.4,49,90.6,8.9,14,342.0,0,318.54672802025914,0,979.3,348.26161784470133,15.053339727120283,73,,
2018,5,5,15,0,11.4,61,53.9,9.1,16,252.0,0,201.1677909554601,0,979.7,348.81227686640733,15.264439160958313,82,,
2018,5,5,16,0,11.4,71,45.9,9.4,6,119.0,0,71.08372561788792,0,981,349.6326246123988,14.02635616649186,92,,
2018,5,5,17,0,11.4,80,57.3,9.8,0,2.0,0,1.0875313822656296,0,982.4,346.4403873363019,13.431763178455013,103,,
2018,5,5,18,0,11.2,90,55,9.6,0,0.0,0,0.0,0,983.9,345.3956154832256,13.633114544164888,114,,
2018,5,5,19,0,11,100,51.4,9.1,0,0.0,0,0.0,0,985.5,346.93530232709816,14.377276549233809,126,,
2018,5,5,20,0,10.8,113,51.6,8.4,0,0.0,0,0.0,0,987.2,348.2743749970248,13.601462018180309,136,,
2018,5,5,21,0,10.6,131,52,8.2,0,0.0,0,0.0,0,988.4,352.23104294028604,12.79591763353833,146,,
2018,5,5,22,0,10.4,157,52,8.3,0,0.0,0,0.0,0,989.4,352.3975080754035,12.601985068192208,153,,
2018,5,5,23,0,10.3,-172,52,8.4,0,0.0,0,0.0,0,990.3,351.517970871508,11.46722335425184,154,,
2018,5,6,0,0,10.1,-143,51,8.4,0,0.0,0,0.0,0,990.9,350.1634847873039,9.900674571670605,150,,
2018,5,6,1,0,10,-121,26,8.2,0,0.0,0,0.0,0,991.3,347.43015685485994,8.984635861797596,141,,
2018,5,6,2,0,9.8,-106,12.2,7.9,0,0.0,0,0.0,0,991.8,344.7183759266604,9.025925809260109,131,,
2018,5,6,3,0,9.9,-95,12.1,7.8,0,0.0,0,0.0,0,992.1,349.999745226579,8.601384118609902,120,,
2018,5,6,4,0,10.1,-85,4.3,7.6,0,0.0,0,0.0,0,992.3,357.98311652153444,9.101341408594177,109,,
2018,5,6,5,0,10.3,-75,0.8,7.4,0,0.0,0,0.0,0,992.6,351.569151814441,7.794682154246621,98,,
2018,5,6,6,0,10.6,-66,42.2,7.6,13,0.0,1,0.0,0,992.8,340.56101902082344,6.626514090856142,87,,
2018,5,6,7,0,11,-55,27.3,8.1,78,50.0,45,13.000000000000004,0,992.9,339.71649045202616,6.902391149663601,77,,
2018,5,6,8,0,11.5,-43,54.1,8.7,80,138.0,25,96.88502421603414,0,993,347.8704096411416,8.049581161555468,69,,
2018,5,6,9,0,11.5,-29,77.5,8.6,98,223.0,0,204.49244423525465,0,993.3,346.66064185306044,7.70670135766469,62,,
2018,5,6,10,0,11.2,-13,67.6,8.2,167,319.0,0,326.9613592526433,0,993.6,353.888033264804,10.112167809857215,58,,
2018,5,6,11,0,10.9,4,54.4,7.8,237,314.0,0,380.1937032095871,0,994,348.9812590997355,10.66462289644238,57,,
2018,5,6,12,0,10.5,21,39.7,7.3,282,98.0,0,274.39043801098967,0,994.5,333.69690516295054,9.504589255391318,60,,
2018,5,6,13,0,10,36,43.2,7,216,72.0,0,231.4066862017029,0,995,341.40345905881395,7.883799556336306,65,,
2018,5,6,14,0,9.6,49,46.9,6.6,127,28.0,0,137.7812420245861,0,995.5,4.698100178562811,9.872281174063913,73,,
2018,5,6,15,0,9.3,60,38.2,6.3,57,10.0,0,62.497565692180366,0,996,3.4618518901240805,9.885470410607216,82,,
2018,5,6,16,0,9.2,70,12.2,6.1,11,12.0,0,29.48262207673649,0,996.6,355.33742676337107,8.631836838629933,92,,
2018,5,6,17,0,9.1,80,0,5.9,0,2.0,0,1.080574322034551,0,997.2,348.2883528312175,8.502197742338913,103,,
2018,5,6,18,0,9,90,0,5.5,0,0.0,0,0.0,0,997.6,347.67235526344786,8.620893890041566,115,,
2018,5,6,19,0,8.8,100,0,5.1,0,0.0,0,0.0,0,997.9,348.9034256425217,7.740416615853319,126,,
2018,5,6,20,0,8.7,113,0,4.7,0,0.0,0,0.0,0,998.2,347.83107678993696,7.297767180275669,137,,
2018,5,6,21,0,8.7,131,0,4.8,0,0.0,0,0.0,0,998.4,349.57063955438144,7.405551446895012,146,,
2018,5,6,22,0,8.8,156,0,5.2,0,0.0,0,0.0,0,998.5,353.03913338056464,7.536261485880838,153,,
2018,5,6,23,0,8.9,-172,0,5.6,0,0.0,0,0.0,0,998.7,350.0900854601529,7.4036790353033,154,,
2018,5,7,0,0,8.9,-142,0,5.7,0,0.0,0,0.0,0,998.8,342.217238780626,6.911522199272894,150,,
2018,5,7,1,0,8.9,-121,0,5.7,0,0.0,0,0.0,0,998.9,343.16578479299875,6.760153701166316,142,,
2018,5,7,2,0,8.9,-106,0,5.6,0,0.0,0,0.0,0,999.1,345.03706780271256,6.747588861713503,131,,
2018,5,7,3,0,8.8,-95,0,5.5,0,0.0,0,0.0,0,999.4,335.31725984452146,7.189868391666882,120,,
2018,5,7,4,0,8.7,-85,0,5.5,0,0.0,0,0.0,0,999.9,319.4674227824757,7.595299005486626,109,,
2018,5,7,5,0,8.6,-75,0.8,5.5,0,0.0,0,0.0,0,1000.4,306.6047802508997,8.389249966012283,98,,
2018,5,7,6,0,8.7,-65,38.2,5.5,15,0.0,1,0.0,0,1000.8,310.6928766788609,9.50944158096397,87,,
2018,5,7,7,0,9.1,-55,24,5.5,74,5.0,55,6.0,0,1001.1,307.7572409327737,10.086316994664273,77,,
2018,5,7,8,0,9.4,-43,31.8,5.6,154,43.0,31,72.05285013144355,0,1001.5,310.64848898422576,9.901798343122143,69,,
2018,5,7,9,0,9.5,-28,44.8,5.6,227,19.0,5,97.59654727997508,0,1001.7,303.9798249445859,10.068763409563603,62,,
2018,5,7,10,0,9.6,-13,16.5,5.6,158,11.0,257,103.57705881814738,0,1001.7,301.64704929926813,11.586189745718457,59,,
2018,5,7,11,0,9.6,4,41.8,5.6,151,13.0,143,130.45578720609376,0,1001.8,305.7828827236956,13.73406341728758,58,,
2018,5,7,12,0,9.5,21,66.7,5.7,153,21.0,0,161.13988732430929,0,1001.9,305.6403483796459,13.525672882109548,60,,
2018,5,7,13,0,9.4,36,69.7,5.7,109,108.0,0,255.66061705567472,0,1002.2,305.81955819443755,13.787375206957536,66,,
2018,5,7,14,0,9.2,49,63.6,5.8,77,136.0,0,227.5196908563769,0,1002.4,308.04125188274645,14.226215054554826,73,,
2018,5,7,15,0,9.2,60,73.7,6,28,50.0,0,109.28735274939552,0,1002.7,310.4847616277191,15.155054759059109,82,,
2018,5,7,16,0,9.2,70,67.1,6.2,2,40.0,0,44.122504956291685,0,1003,308.3439219500444,16.542583483608844,93,,
2018,5,7,17,0,9.2,80,64,6.4,0,2.0,0,1.0738088634510927,0,1003.3,312.36302636857096,16.915277929884006,103,,
2018,5,7,18,0,9.3,89,78.2,6.7,0,0.0,0,0.0,0,1003.5,314.96615725171307,16.659307469417335,115,,
2018,5,7,19,0,9.6,100,63.8,7.1,0,0.0,0,0.0,0,1003.4,318.8814379096676,16.936386425460736,126,,
2018,5,7,20,0,9.8,113,52,7.4,0,0.0,0,0.0,0,1003.4,327.2054731739276,16.185653205596886,137,,
2018,5,7,21,0,10.1,130,51.4,7.8,0,0.0,0,0.0,0,1003.2,4.079729824089725,12.189090096841356,146,,
2018,5,7,22,0,10.5,156,18.4,8.1,0,0.0,0,0.0,0,1003,31.49883434743805,13.880769595404264,153,,
2018,5,7,23,0,10.9,-172,0,8.5,0,0.0,0,0.0,0,1002.8,38.62644837651072,11.91839350790855,155,,
2018,5,8,0,0,11.2,-142,0.6,8.7,0,0.0,0,0.0,0,1002.6,39.09981199027561,10.486065701238289,150,,
2018,5,8,1,0,11.4,-121,33.5,8.8,0,0.0,0,0.0,0,1002.4,27.533553289667395,7.951624164728234,142,,
2018,5,8,2,0,11.6,-106,49.3,9,0,0.0,0,0.0,0,1002.1,23.519668613380304,8.140389338356991,131,,
2018,5,8,3,0,11.7,-94,48.4,9.1,0,0.0,0,0.0,0,1002,18.50639912369877,8.976907247060335,120,,
2018,5,8,4,0,11.8,-84,51.4,9.1,0,0.0,0,0.0,0,1001.9,21.41891273734672,8.420945337397844,109,,
2018,5,8,5,0,11.9,-75,44.5,9.1,0,0.0,0,0.0,0,1001.8,19.461707364850668,7.625895877488971,98,,
2018,5,8,6,0,12.1,-65,35.1,9.3,26,0.0,1,0.0,0,1001.7,24.09967223089665,7.08161360302936,87,,
2018,5,8,7,0,12.4,-55,15.5,9.6,77,145.0,61,14.000000000000009,0,1001.5,24.087567760259788,6.506510394782605,78,,
2018,5,8,8,0,12.8,-42,32.6,9.9,152,383.0,34,129.6487456167744,0,1001.4,26.61160263939962,5.509703886327847,69,,
2018,5,8,9,0,12.9,-28,60.3,10.2,157,548.0,6,280.4525452784713,0,1001,19.3257459829066,4.216081983598428,63,,
2018,5,8,10,0,12.9,-12,25,10.4,100,666.0,279,410.585666438409,0,1000.5,11.533859601914514,6.615522731446429,59,,
2018,5,8,11,0,12.9,4,31.9,10.7,190,691.0000000000001,156,492.40601868311376,0,999.9,8.961205719146335,7.13148019805258,58,,
2018,5,8,12,0,12.8,21,42.9,10.8,261,684.0,1,518.0575257550629,0,999.4,4.907453800376004,6.857903542113111,60,,
2018,5,8,13,0,12.7,36,29.1,10.8,222,662.0,32,489.4654767179969,0,999,359.7311845506866,8.169767651434874,66,,
2018,5,8,14,0,12.5,49,10.5,10.8,116,584.0,87,395.8060639542261,0,998.6,0.1690085727954624,8.1938833039626,73,,
2018,5,8,15,0,12.3,60,22.8,10.8,41,419.0,39,245.21987010417232,0,998.4,353.8581359552405,8.17829075704712,83,,
2018,5,8,16,0,12.1,70,39.5,10.8,9,127.0,0,68.31380396853956,0,998.2,352.9747528403104,6.643136032171418,93,,
2018,5,8,17,0,11.9,80,48,10.7,0,2.0,0,1.067237929726427,0,998.1,346.9674257843381,7.098868153746331,104,,
2018,5,8,18,0,11.9,89,51.3,10.6,0,0.0,0,0.0,0,997.9,342.1214231675813,7.171512985234758,115,,
2018,5,8,19,0,12.1,100,52.1,10.4,0,0.0,0,0.0,0,997.7,346.1793951199618,7.064136961046895,126,,
2018,5,8,20,0,12.3,112,52.2,10.2,0,0.0,0,0.0,0,997.5,341.62445286741786,6.255229450182775,137,,
2018,5,8,21,0,12.3,130,52,10.3,0,0.0,0,0.0,0,997.3,343.1780377719463,6.201401579199443,147,,
2018,5,8,22,0,12.2,156,52,10.5,0,0.0,0,0.0,0,997.2,350.41035555207304,6.791188020358404,153,,
2018,5,8,23,0,12.1,-171,52,10.8,0,0.0,0,0.0,0,997.2,344.39641854028946,7.302071307866692,155,,
2018,5,9,0,0,12,-142,52,10.8,0,0.0,0,0.0,0,997.1,331.8606236504844,6.704292826969974,150,,
2018,5,9,1,0,11.9,-120,52,10.7,0,0.0,0,0.0,0,997,337.1106324798725,6.771484163744769,142,,
2018,5,9,2,0,11.8,-106,52,10.6,0,0.0,0,0.0,0,996.9,334.0213216908542,6.923984602221266,132,,
2018,5,9,3,0,11.7,-94,52,10.5,0,0.0,0,0.0,0,996.9,334.21213725094776,7.147886382157129,121,,
2018,5,9,4,0,11.6,-84,52,10.5,0,0.0,0,0.0,0,996.9,332.0786573355746,7.975541881758621,109,,
2018,5,9,5,0,11.6,-75,51.5,10.5,1,0.0,0,0.0,0,996.8,329.1399249358013,7.889994579096964,98,,
2018,5,9,6,0,11.9,-65,26.3,10.5,29,0.0,7,0.0,0,996.8,331.1604680229187,8.231349979364056,88,,
2018,5,9,7,0,12.4,-54,10.2,10.7,79,5.0,63,6.0,0,996.6,327.125432367322,8.287621605672806,78,,
2018,5,9,8,0,12.9,-42,7.9,10.9,111,13.0,164,41.74455191228402,0,996.5,321.0919467968853,8.976186467221979,69,,
2018,5,9,9,0,13.2,-28,51,11.2,112,18.0,73,85.17363526119091,0,996,317.7953436196159,9.214228038261457,63,,
2018,5,9,10,0,13.2,-12,73.9,11.6,122,73.0,4,204.82247696957936,0,995.3,319.994193957254,11.055470676784523,59,,
2018,5,9,11,0,13.1,4,32.3,11.9,150,117.0,184,274.1786057946783,0,994.5,322.1262259840388,12.170764549245575,58,,
2018,5,9,12,0,13,21,55.2,12,110,53.0,103,223.6864353150052,0,993.8,322.6772784462628,12.220645330706075,61,,
2018,5,9,13,0,12.9,35,74.5,11.9,88,61.0,0,215.94179478663412,0,993.2,314.2910533614645,12.305912027130423,66,,
2018,5,9,14,0,12.7,48,41.9,11.7,110,98.0,8,204.5430554082321,0,992.5,314.79372847338027,12.995070286161118,74,,
2018,5,9,15,0,12.6,60,46.9,11.5,52,89.0,4,134.07822881775442,0,992,322.3244148197428,12.594702230286384,83,,
2018,5,9,16,0,12.5,70,75.8,11.4,5,10.0,0,24.956624943392235,0,991.6,33.47681334730368,6.33102028628654,93,,
2018,5,9,17,0,12.4,79,85,11.3,0,0.0,0,0.0,0,991.2,32.57719024533708,4.493905722369814,104,,
2018,5,9,18,0,12.4,89,84.1,11.1,0,0.0,0,0.0,0,990.7,351.6042704290881,4.691883453568851,115,,
2018,5,9,19,0,12.4,99,93.6,11,0,0.0,0,0.0,0,990.1,355.6990311241118,4.456642301072474,126,,
2018,5,9,20,0,12.4,112,99.6,10.8,0,0.0,0,0.0,0,989.5,352.62791931338205,5.905997866340159,137,,
2018,5,9,21,0,12.4,130,99.2,10.9,0,0.0,0,0.0,0,988.8,0.4297274778555788,4.068962100136315,147,,
2018,5,9,22,0,12.2,156,98.3,11,0,0.0,0,0.0,0,988,6.715231439029651,2.726714165521783,154,,
2018,5,9,23,0,12,-171,98,11.2,0,0.0,0,0.0,0,987.1,17.596587299299756,2.4219185240741625,155,,
2018,5,10,0,0,11.8,-142,98,11.1,0,0.0,0,0.0,0,986.6,26.13659665563165,1.6936941552897316,151,,
2018,5,10,1,0,11.5,-120,97.9,10.8,0,0.0,0,0.0,0,986.3,31.53592569676709,0.7169718515810961,142,,
2018,5,10,2,0,11.3,-105,91.2,10.4,0,0.0,0,0.0,0,986,45.683182096790176,0.8397489982206066,132,,
2018,5,10,3,0,10.9,-94,86.1,9.9,0,0.0,0,0.0,0,986,150.4593808662596,0.6625422860091834,121,,
2018,5,10,4,0,10.5,-84,63.5,9.3,0,0.0,0,0.0,0,986.3,158.6820877245384,1.5580194127326568,109,,
2018,5,10,5,0,10.2,-75,50.7,8.7,0,0.0,0,0.0,0,986.6,139.4651167782156,3.244134681324162,98,,
2018,5,10,6,0,10.2,-65,41.3,8.4,24,0.0,0,0.0,0,986.8,135.05354744189873,4.802665830963097,88,,
2018,5,10,7,0,10.6,-54,33,8.4,100,5.0,0,6.0,0,987,129.27067568917874,4.781491822005278,78,,
2018,5,10,8,0,10.9,-42,58.3,8.4,107,13.0,0,45.70250762421677,0,987.2,143.28021575615406,5.516522839660303,70,,
2018,5,10,9,0,11,-28,59.2,8.5,172,19.0,2,96.3943659065523,0,987.3,150.6329796325315,5.344783844685288,63,,
2018,5,10,10,0,10.9,-12,31.7,8.6,248,32.0,85,159.95382377539627,0,987.2,141.43026060672764,4.02628351680208,59,,
2018,5,10,11,0,10.8,4,25,8.7,283,40.0,89,200.3933980337448,0,987.1,140.88192035565442,4.314209398851736,59,,
2018,5,10,12,0,10.6,21,30.7,8.6,281,47.0,35,218.3662042986521,0,987.2,124.97418553435853,5.076118031561498,61,,
2018,5,10,13,0,10.4,35,13.4,8.5,152,45.0,156,198.6473384184689,0,987.5,118.36864763698486,2.469960616044874,66,,
2018,5,10,14,0,10.2,48,23.8,8.4,102,34.0,84,146.97390505721617,0,987.9,124.18855217358912,1.9768713909529896,74,,
2018,5,10,15,0,10,60,29.5,8.3,56,17.0,0,74.68107480390938,0,988.3,108.7239717792384,6.3056433519150605,83,,
2018,5,10,16,0,9.9,70,40.3,8.2,8,10.0,0,24.920875156057274,0,988.9,74.6510534016507,3.556543557331376,93,,
2018,5,10,17,0,9.7,79,50.7,8,0,0.0,0,0.0,0,989.5,85.60545163400633,4.129327526994596,104,,
2018,5,10,18,0,9.6,89,52.4,8,0,0.0,0,0.0,0,989.5,96.29022814007618,3.957418771128237,115,,
2018,5,10,19,0,9.5,99,72,8,0,0.0,0,0.0,0,989.1,77.19319862399419,6.358372231981508,127,,
2018,5,10,20,0,9.5,112,83,8,0,0.0,0,0.0,0,988.6,83.76110044621686,8.143690714470283,137,,
2018,5,10,21,0,9.7,130,82.6,8.4,0,0.0,0,0.0,0,987.9,77.00450147003119,9.512684359875571,147,,
2018,5,10,22,0,10.2,156,63.7,9,0,0.0,0,0.0,0,987,78.72020706484807,10.74042419942903,154,,
2018,5,10,23,0,10.6,-171,51.9,9.6,0,0.0,0,0.0,0,986.1,85.05911207355103,11.213788609045432,155,,
2018,5,11,0,0,10.8,-141,26.2,9.7,0,0.0,0,0.0,0,986.2,92.13808735629344,9.842056979561338,151,,
2018,5,11,1,0,10.7,-120,4.3,9.4,0,0.0,0,0.0,0,987,117.48263157087077,5.024809589147095,142,,
2018,5,11,2,0,10.5,-105,0,9,0,0.0,0,0.0,0,987.9,118.48549193583229,4.984820450636045,132,,
2018,5,11,3,0,10.3,-94,0,8.7,0,0.0,0,0.0,0,988.9,119.53477423983033,7.489858736767492,121,,
2018,5,11,4,0,10.1,-84,0,8.4,0,0.0,0,0.0,0,990,135.38602916044726,8.942445190518736,110,,
2018,5,11,5,0,9.8,-74,0,8.2,0,0.0,0,0.0,0,991.1,137.73259671065426,7.035737047044508,99,,
2018,5,11,6,0,9.9,-65,2.6,8,26,0.0,5,0.0,0,992.3,96.32698397203768,3.391752354471274,88,,
2018,5,11,7,0,10.4,-54,3.8,7.8,75,8.0,58,8.0,0,993.6,87.52595759377198,9.049206425058118,78,,
2018,5,11,8,0,10.9,-42,3.1,7.6,108,4.0,167,27.51105205823457,0,994.9,83.27828208326616,11.280172629438878,70,,
2018,5,11,9,0,11.1,-28,3,7.3,108,8.0,290,69.24354327811295,0,995.7,106.43536950325375,11.28228905296536,63,,
2018,5,11,10,0,11.2,-12,20.7,7.1,231,20.0,150,122.02264887853272,0,996.2,104.40101822070358,13.77436047651435,60,,
2018,5,11,11,0,11.3,4,21.7,6.8,254,66.0,134,213.74710157321292,0,996.6,102.93249276769892,13.974089640956493,59,,
2018,5,11,12,0,11.4,20,11.7,6.5,179,140.0,220,281.03486755761065,0,997,108.76679370644052,15.129544326166249,61,,
2018,5,11,13,0,11.5,35,18.6,6.3,176,258.0,120,323.83847869509395,0,997.3,108.17848939764622,13.48814490564517,67,,
2018,5,11,14,0,11.6,48,21.1,6.1,137,383.0,40,317.2086276592749,0,997.6,106.5793490093224,13.566460457475763,74,,
2018,5,11,15,0,11.7,59,13.9,6.1,55,298.0,14,201.4844827111404,0,997.8,105.92617645894666,13.196474257935234,83,,
2018,5,11,16,0,11.7,70,3.9,6.3,9,89.0,1,53.78518891974504,0,998,102.69222899956289,12.67295306237784,93,,
2018,5,11,17,0,11.8,79,0,6.5,0,1.0,0,1.0243591113828414,0,998.1,99.24292948536988,11.498661611254407,104,,
2018,5,11,18,0,11.8,88,0.7,7.3,0,0.0,0,0.0,0,997.9,95.49132440900752,9.102810688138446,115,,
2018,5,11,19,0,11.8,99,33.9,8.3,0,0.0,0,0.0,0,997.3,98.56469555390731,8.949163315999694,127,,
2018,5,11,20,0,11.8,112,53.9,9.4,0,0.0,0,0.0,0,996.7,96.9567263469126,7.9075815413929424,138,,
2018,5,11,21,0,12,129,53,10.1,0,0.0,0,0.0,0,995.8,90.43749804586844,7.162074026286347,147,,
2018,5,11,22,0,12.2,156,52,10.4,0,0.0,0,0.0,0,994.7,85.28339286389763,6.05100874353104,154,,
2018,5,11,23,0,12.5,-171,51.6,10.6,0,0.0,0,0.0,0,993.6,85.49927997821226,4.259227727469612,156,,
2018,5,12,0,0,12.5,-141,50.5,10.7,0,0.0,0,0.0,0,992.5,85.47003306590875,2.778944645944297,151,,
2018,5,12,1,0,12.2,-119,19.1,10.7,0,0.0,0,0.0,0,991.5,99.10791119670972,1.0965895169860658,143,,
2018,5,12,2,0,12,-105,1.5,10.6,0,0.0,0,0.0,0,990.5,103.65294310092946,1.00018577042244,132,,
2018,5,12,3,0,11.6,-93,1,10.1,0,0.0,0,0.0,0,990,79.68607379261465,5.236220538333525,121,,
2018,5,12,4,0,11.1,-83,24.2,9.3,0,0.0,0,0.0,0,989.7,83.96661986566562,11.565037281427356,110,,
2018,5,12,5,0,10.7,-74,38.8,8.4,0,0.0,0,0.0,0,989.5,99.42561618955006,9.898779726924351,99,,
2018,5,12,6,0,10.5,-64,30.8,7.8,19,0.0,0,0.0,0,989.4,119.0130834968594,5.10470611550189,88,,
2018,5,12,7,0,10.5,-54,12.8,7.4,83,91.0,13,11.000000000000004,0,989.5,100.95805955395326,6.650310557327356,78,,
2018,5,12,8,0,10.6,-42,37.4,6.9,115,290.0,7,107.13412300101692,0,989.6,94.60023674168563,5.680163614080832,70,,
2018,5,12,9,0,10.5,-28,82.8,6.9,52,434.0,0,240.2234420984025,0,989.6,85.19764426225743,6.841400108844318,64,,
2018,5,12,10,0,10.3,-12,56.7,7.1,172,603.0,0,372.6956312288369,0,989.7,86.82473744941797,8.154119995391667,60,,
2018,5,12,11,0,10.1,4,42.5,7.4,221,639.0,1,451.9648035286618,0,989.7,92.4112278043599,8.913409467442488,59,,
2018,5,12,12,0,9.9,20,20.6,7.4,202,648.0,75,481.9350203354357,0,990.2,102.21046346913164,7.616145542967987,62,,
2018,5,12,13,0,9.7,35,60.7,7.4,85,639.0,42,458.6524292869837,0,991,98.74078581632938,6.329862925806539,67,,
2018,5,12,14,0,9.5,48,60.9,7.3,48,554.0,0,365.7821952712859,0,991.9,99.13116052775548,5.513719461893089,74,,
2018,5,12,15,0,9.2,59,42.1,7.1,31,423.0,0,230.2664423687561,0,993.1,99.75382069648651,4.938575778331904,83,,
2018,5,12,16,0,8.7,69,47,6.8,4,225.0,0,80.66866203966424,0,994.4,100.21645286380044,4.5010529716695205,94,,
2018,5,12,17,0,8.3,79,30,6.6,0,0.0,0,0.0,0,995.8,92.130461884105,5.693877181884484,104,,
2018,5,12,18,0,7.9,88,18.5,6.1,0,0.0,0,0.0,0,996.9,88.77463926092253,7.340790050627414,116,,
2018,5,12,19,0,7.5,99,59.3,5.6,0,0.0,0,0.0,0,997.8,81.51635347753023,9.277293289850435,127,,
2018,5,12,20,0,7.1,111,82.1,5,0,0.0,0,0.0,0,998.7,82.81334719280619,8.360357782936166,138,,
2018,5,12,21,0,7,129,80.8,4.8,0,0.0,0,0.0,0,999.6,83.11506137626895,7.075189908211844,147,,
2018,5,12,22,0,6.9,155,29,4.9,0,0.0,0,0.0,0,1000.5,116.60085867885482,3.3193824183460703,154,,
2018,5,12,23,0,6.9,-171,0,5.1,0,0.0,0,0.0,0,1001.3,160.5222083175679,3.0414938823187536,156,,
2018,5,13,0,0,6.8,-141,0,4.9,0,0.0,0,0.0,0,1002.2,139.33644648318693,3.36303313931821,151,,
2018,5,13,1,0,6.6,-119,0,4.5,0,0.0,0,0.0,0,1003,150.03987259710476,4.852529850100998,143,,
2018,5,13,2,0,6.4,-104,0,4.1,0,0.0,0,0.0,0,1003.8,143.41672268585785,5.446552524004866,132,,
2018,5,13,3,0,6.4,-93,0,3.8,0,0.0,0,0.0,0,1004.8,137.29899453248458,5.375126997977684,121,,
2018,5,13,4,0,6.4,-83,0,3.5,0,0.0,0,0.0,0,1005.9,135.41588940801694,5.351261308645174,110,,
2018,5,13,5,0,6.4,-74,0,3.2,0,0.0,0,0.0,0,1007,123.41928093344715,4.771003127373506,99,,
2018,5,13,6,0,6.9,-64,2.4,3,21,0.0,15,0.0,0,1007.9,97.89125289498224,3.967255686489104,88,,
2018,5,13,7,0,7.8,-54,2.6,2.8,51,82.0,100,10.000000000000004,0,1008.6,100.47204360089216,4.272829650663697,79,,
2018,5,13,8,0,8.7,-42,3,2.7,80,275.0,207,99.40581043356102,0,1009.2,108.24153759137248,3.956652616591335,70,,
2018,5,13,9,0,9.3,-28,30.3,3.2,182,536.0,93,250.6627007230514,0,1009.3,114.33974187082038,4.276866597077174,64,,
2018,5,13,10,0,9.6,-12,16.5,4.2,140,650.0,258,381.05253112883935,0,1009.1,119.81083579374295,3.5250598023123723,60,,
2018,5,13,11,0,9.9,4,9,5.3,163,714.0,275,472.1120941369539,0,1008.9,132.71248836637386,3.317379228007727,59,,
2018,5,13,12,0,10.2,20,38.7,5.8,196,734.0,76,508.0895877596575,0,1008.8,121.70187104570084,2.379154110979486,62,,
2018,5,13,13,0,10.4,35,21.7,5.9,140,701.0000000000001,113,475.7415244420528,0,1009,96.9046836415596,1.157565142197068,67,,
2018,5,13,14,0,10.6,48,3.9,6,88,662.0,113,397.0920656556824,0,1009.2,93.82866339921736,0.5740350442383308,74,,
2018,5,13,15,0,10.7,59,10.1,5.8,41,501.0,28,248.99379821411787,0,1009.7,152.19535723676745,0.4239476470475261,84,,
2018,5,13,16,0,10.7,69,5,5.5,8,281.0,0,88.10771906883224,0,1010.3,179.24115987573146,0.7742378255609367,94,,
2018,5,13,17,0,10.7,79,0,5.1,0,0.0,0,0.0,0,1010.9,196.4335179278002,0.8975041060499873,105,,
2018,5,13,18,0,10.7,88,0.6,5,0,0.0,0,0.0,0,1011.4,211.6306614121312,1.6223542058593623,116,,
2018,5,13,19,0,10.8,98,33.6,5,0,0.0,0,0.0,0,1011.7,333.18432341192084,2.046764225182654,127,,
2018,5,13,20,0,10.9,111,52,5.1,0,0.0,0,0.0,0,1012,131.6442677351339,0.757952215155505,138,,
2018,5,13,21,0,10.9,129,51.4,5.3,0,0.0,0,0.0,0,1012.3,149.7311776395747,3.251929407348288,148,,
2018,5,13,22,0,10.8,155,18.4,5.6,0,0.0,0,0.0,0,1012.4,141.09174781681128,4.317429158105021,155,,
2018,5,13,23,0,10.7,-171,0,5.8,0,0.0,0,0.0,0,1012.5,136.89128115075275,4.425280725335285,156,,
2018,5,14,0,0,10.7,-140,0,6.1,0,0.0,0,0.0,0,1012.6,133.72760517405777,4.151478057220774,152,,
2018,5,14,1,0,10.9,-119,0,6.3,0,0.0,0,0.0,0,1012.7,112.33002427202943,2.7026712996037423,143,,
2018,5,14,2,0,11,-104,0,6.5,0,0.0,0,0.0,0,1012.9,92.42558337819736,2.203634541343681,132,,
2018,5,14,3,0,11.1,-93,0,6.8,0,0.0,0,0.0,0,1013.2,76.86369284752527,1.391139460351139,121,,
2018,5,14,4,0,11.3,-83,0,7.1,0,0.0,0,0.0,0,1013.7,15.526011354283014,1.1820501705453064,110,,
2018,5,14,5,0,11.5,-74,0,7.4,0,0.0,0,0.0,0,1014.2,346.1868292733164,2.2813088004490174,99,,
2018,5,14,6,0,12,-64,1.2,7.8,20,0.0,12,0.0,0,1014.7,347.1899208330804,2.3464891957258427,88,,
2018,5,14,7,0,12.7,-53,24.8,8.3,88,66.0,9,9.000000000000004,0,1015.3,14.92352185135195,2.967272300372225,79,,
2018,5,14,8,0,13.4,-41,15.8,8.9,103,246.0,147,94.12395174058892,0,1015.9,5.431478555261151,3.89468396498642,71,,
2018,5,14,9,0,13.7,-28,2.6,8.9,94,455.0,294,230.97746634618795,0,1016.4,2.3359237756170046,4.540393995170262,64,,
2018,5,14,10,0,13.6,-12,1.6,8.5,93,623.0,363,370.2188778003553,0,1016.9,6.440695982071361,3.719520697351368,60,,
2018,5,14,11,0,13.4,4,0.5,8.1,84,721.0,389,470.7963490584464,0,1017.3,346.1355192303106,5.05649969877772,60,,
2018,5,14,12,0,13.2,20,1.5,8.1,87,724.0,343,500.340007527232,0,1017.8,337.00563503061625,6.079757275128268,62,,
2018,5,14,13,0,13,35,2.7,8.4,85,703.0000000000001,252,473.1346935015159,0,1018.3,338.86668408296805,5.933224333161955,67,,
2018,5,14,14,0,12.8,48,2.3,8.7,64,636.0,148,384.64624101275575,0,1018.9,341.0307302799007,5.811709955318794,75,,
2018,5,14,15,0,12.5,59,0.7,8.8,30,508.0,46,247.50715853151596,0,1019.5,347.7498126401284,5.663376575898565,84,,
2018,5,14,16,0,12.1,69,0,8.7,6,273.0,4,84.77162858263338,0,1020.1,359.0908917746942,5.708726410546626,94,,
2018,5,14,17,0,11.7,78,0,8.7,0,0.0,0,0.0,0,1020.8,0.6766903402793218,5.829508128968606,105,,
2018,5,14,18,0,11.5,88,0,8.5,0,0.0,0,0.0,0,1021.3,1.994484468782332,6.558905143684083,116,,
2018,5,14,19,0,11.3,98,0,8.3,0,0.0,0,0.0,0,1021.7,3.924546078240496,7.134160899368015,127,,
2018,5,14,20,0,11.1,111,0,8.1,0,0.0,0,0.0,0,1022.1,11.649855582241628,6.682334411159306,138,,
2018,5,14,21,0,11,129,0,8,0,0.0,0,0.0,0,1022.3,11.862326006736112,6.073801719357397,148,,
2018,5,14,22,0,11,155,0,8,0,0.0,0,0.0,0,1022.4,15.6768132282358,6.188201638138137,155,,
2018,5,14,23,0,11,-171,0,8,0,0.0,0,0.0,0,1022.4,16.82753730107339,5.691714569726132,156,,
2018,5,15,0,0,10.9,-140,0,7.9,0,0.0,0,0.0,0,1022.6,19.48748363706119,5.543645326858341,152,,
2018,5,15,1,0,10.8,-119,0,7.7,0,0.0,0,0.0,0,1022.8,9.578564502194922,5.479964142650739,143,,
2018,5,15,2,0,10.6,-104,0,7.5,0,0.0,0,0.0,0,1023.1,16.3771677973711,5.487032917364739,133,,
2018,5,15,3,0,10.5,-93,0,7.3,0,0.0,0,0.0,0,1023.5,20.6467472180982,5.451192546218938,121,,
2018,5,15,4,0,10.3,-83,0,7.1,0,0.0,0,0.0,0,1024,17.89093808783508,4.911325053095208,110,,
2018,5,15,5,0,10.2,-73,0,7,0,0.0,0,0.0,0,1024.5,3.55018105797285,4.403959240204625,99,,
2018,5,15,6,0,10.5,-64,0,7,16,0.0,20,0.0,0,1024.9,3.76065268144464,5.538781873214845,89,,
2018,5,15,7,0,11.1,-53,1.2,7.3,45,72.0,103,8.000000000000004,0,1025.2,60.33932744417723,9.395368755228622,79,,
2018,5,15,8,0,11.7,-41,1.9,7.7,67,369.0,220,103.56221074589342,0,1025.5,68.30548104926805,10.886861503877842,71,,
2018,5,15,9,0,12,-27,1.9,7.6,78,563.0,320,249.31017862465717,0,1025.5,83.15728120330829,10.171819592982745,64,,
2018,5,15,10,0,12,-12,2.5,7.3,89,654.0,373,377.048470809852,0,1025.2,81.88302077075883,9.195392219372907,61,,
2018,5,15,11,0,12,4,2.6,7,91,716.0,384,467.8775878550984,0,1025,74.86069451526862,8.707730737093868,60,,
2018,5,15,12,0,11.9,20,2.2,6.9,84,735.0,353,503.2045304138173,0,1024.9,73.42413587168215,9.371636365833265,62,,
2018,5,15,13,0,11.8,35,2.5,7,75,687.0,270,465.8453941846868,0,1024.9,72.94606797783138,9.96885693651201,67,,
2018,5,15,14,0,11.8,48,3,7.1,58,582.0,159,365.6205027494733,0,1024.9,68.89459138896336,10.44268771555602,75,,
2018,5,15,15,0,11.5,59,31.1,7.1,27,434.0,42,225.3773139691129,0,1025.1,67.05182862790673,10.605980904649194,84,,
2018,5,15,16,0,11,69,17,7.2,5,199.0,0,69.92711815629896,0,1025.4,62.63092059540543,8.74554646097092,94,,
2018,5,15,17,0,10.6,78,0,7.2,0,0.0,0,0.0,0,1025.7,55.0076424022592,6.792904678577807,105,,
2018,5,15,18,0,10.1,88,0,7.1,0,0.0,0,0.0,0,1025.9,62.64194806346472,6.445253466711484,116,,
2018,5,15,19,0,9.6,98,0,6.8,0,0.0,0,0.0,0,1026,57.41744579007627,6.319833404904521,127,,
2018,5,15,20,0,9.1,111,0,6.6,0,0.0,0,0.0,0,1026,77.70966025857047,7.113219795610986,138,,
2018,5,15,21,0,9.1,128,0,6.7,0,0.0,0,0.0,0,1025.9,70.14794673870318,6.821133458213412,148,,
2018,5,15,22,0,9.4,155,0,7.2,0,0.0,0,0.0,0,1025.8,71.51903048053856,6.728334643140427,155,,
2018,5,15,23,0,9.8,-171,0,7.7,0,0.0,0,0.0,0,1025.7,71.8048178877014,8.04380541280705,157,,
2018,5,16,0,0,10,-140,0,7.9,0,0.0,0,0.0,0,1025.7,77.1424884582766,8.197733533301006,152,,
2018,5,16,1,0,9.9,-118,0,7.8,0,0.0,0,0.0,0,1025.8,78.26142879327767,5.875317362066132,143,,
2018,5,16,2,0,9.8,-104,0,7.6,0,0.0,0,0.0,0,1025.9,78.77051647551684,5.7970186405944935,133,,
2018,5,16,3,0,9.7,-92,0,7.5,0,0.0,0,0.0,0,1026,79.63978283151317,5.71673755465098,122,,
2018,5,16,4,0,9.5,-83,0,7.3,0,0.0,0,0.0,0,1026,75.48749673295515,5.848472573911248,110,,
2018,5,16,5,0,9.4,-73,0,7.1,0,0.0,0,0.0,0,1025.9,69.6056305464532,5.640428502683622,99,,
2018,5,16,6,0,9.7,-64,0.8,7,15,0.0,20,0.0,0,1026,57.45063862217535,5.860453091940002,89,,
2018,5,16,7,0,10.2,-53,1.5,7,41,55.0,109,8.000000000000004,0,1026.1,49.72130962433323,6.015281419726747,79,,
2018,5,16,8,0,10.7,-41,3,6.9,72,173.0,214,82.43497774960298,0,1026.2,38.93247025062431,5.352100345287061,71,,
2018,5,16,9,0,11.2,-27,14.9,7,171,150.0,173,155.55879231299565,0,1026,14.769907609415212,4.16193514476694,65,,
2018,5,16,10,0,11.6,-12,34.1,7,259,261.0,52,272.0942468637788,0,1025.6,17.074836412003776,4.608913107536903,61,,
2018,5,16,11,0,12,4,16.5,7,156,511.0,251,410.48203770085166,0,1025.2,26.136809297260413,6.4859793137627175,60,,
2018,5,16,12,0,12.1,20,2.4,7,80,523.0,357,437.4255973478677,0,1024.7,23.354654044131507,7.049764666620077,62,,
2018,5,16,13,0,12.1,35,2.4,7,69,360.0,278,356.1450890493617,0,1024.4,18.925346554988323,6.999729466319515,68,,
2018,5,16,14,0,12,47,2.1,7,52,166.0,167,220.48685452087813,0,1024,22.484120018577187,6.943848364414002,75,,
2018,5,16,15,0,11.6,59,0.7,7,24,98.0,53,121.70018098340054,0,1023.8,20.292570517373576,6.866353219730617,84,,
2018,5,16,16,0,11,69,0,7,5,37.0,5,33.38126460252823,0,1023.8,11.427298448843146,7.40957615602225,94,,
2018,5,16,17,0,10.3,78,0,6.9,0,0.0,0,0.0,0,1023.7,6.757323957916526,8.43235529066041,105,,
2018,5,16,18,0,9.5,87,0,6.6,0,0.0,0,0.0,0,1023.8,9.80359475387661,9.332818318672864,116,,
2018,5,16,19,0,8.6,98,0,6.1,0,0.0,0,0.0,0,1023.8,6.466563803117538,9.24116767809483,128,,
2018,5,16,20,0,7.7,110,0,5.6,0,0.0,0,0.0,0,1023.9,12.52959164855946,9.676999738816027,138,,
2018,5,16,21,0,7.7,128,0,5.7,0,0.0,0,0.0,0,1023.7,15.812216733845275,9.998206007492708,148,,
2018,5,16,22,0,8.2,155,0,6.2,0,0.0,0,0.0,0,1023.5,18.223865031682635,10.310361287838065,155,,
2018,5,16,23,0,8.9,-171,0,6.7,0,0.0,0,0.0,0,1023.2,19.049469089442084,10.07053435076073,157,,
2018,5,17,0,0,9.3,-140,0,7.1,0,0.0,0,0.0,0,1023,18.082259406321786,9.381549994839428,152,,
2018,5,17,1,0,9.7,-118,0,7.4,0,0.0,0,0.0,0,1022.8,5.650652647685831,8.522124086998543,143,,
2018,5,17,2,0,10,-103,0,7.6,0,0.0,0,0.0,0,1022.7,5.379457328778699,8.69258211904009,133,,
2018,5,17,3,0,10.3,-92,0,7.9,0,0.0,0,0.0,0,1022.6,6.674110938277863,9.49279695916906,122,,
2018,5,17,4,0,10.5,-82,0,8.1,0,0.0,0,0.0,0,1022.7,7.909202253402668,10.567319819924762,111,,
2018,5,17,5,0,10.7,-73,0.1,8.3,0,0.0,0,0.0,0,1022.8,3.350271070745805,10.147469730646888,99,,
2018,5,17,6,0,11.1,-63,4.6,8.5,19,0.0,10,0.0,0,1022.8,358.7588063497285,10.13250436071664,89,,
2018,5,17,7,0,11.7,-53,35.8,8.6,71,5.0,5,5.0,0,1022.9,352.5588055648751,9.120265124173264,79,,
2018,5,17,8,0,12.2,-41,70,8.7,76,10.0,0,33.093796580747394,0,1023,351.7732210592124,8.860219403886019,71,,
2018,5,17,9,0,12.7,-27,68,8.8,130,14.0,0,74.64724306843907,0,1022.8,348.8845075772931,8.197232427886572,65,,
2018,5,17,10,0,13.1,-12,62.2,9,173,71.0,0,179.98971480485912,0,1022.5,356.8366267528764,8.25109804677818,61,,
2018,5,17,11,0,13.5,4,76.1,9.2,113,56.0,0,195.72189584113448,0,1022.1,359.5944362737409,9.381582682973402,60,,
2018,5,17,12,0,13.6,20,74,9.3,110,70.0,0,218.47784161730775,0,1021.7,357.5334128251729,9.36585530280159,63,,
2018,5,17,13,0,13.5,35,51.9,9.3,156,198.0,1,283.5459337250222,0,1021.4,354.5008676618777,9.675879442920266,68,,
2018,5,17,14,0,13.3,47,16.8,9.3,96,219.0,67,241.9391781082481,0,1021.1,351.3736126355025,9.678334705814056,75,,
2018,5,17,15,0,12.8,58,0.8,9.3,28,163.0,42,146.54401603944575,0,1021,345.02235873991714,9.298315859784068,84,,
2018,5,17,16,0,12,68,0,9.2,5,85.0,2,46.40852925003525,0,1021.1,347.41382145031656,8.22474553981333,94,,
2018,5,17,17,0,11.2,78,0,9.2,0,0.0,0,0.0,0,1021.2,6.7947341702643484,8.26852414103108,105,,
2018,5,17,18,0,10.4,87,0,8.7,0,0.0,0,0.0,0,1021.3,17.9236984031117,9.18015795537008,116,,
2018,5,17,19,0,9.7,97,0,8,0,0.0,0,0.0,0,1021.4,9.354052559502918,8.623456709768302,128,,
2018,5,17,20,0,9,110,0,7.2,0,0.0,0,0.0,0,1021.4,8.279873548315436,8.598661902062743,139,,
2018,5,17,21,0,8.6,128,0,6.8,0,0.0,0,0.0,0,1021.5,9.262223559378128,8.470051236144055,148,,
2018,5,17,22,0,8.5,155,0,6.7,0,0.0,0,0.0,0,1021.4,12.782013982007186,8.359001097828866,155,,
2018,5,17,23,0,8.4,-171,0,6.6,0,0.0,0,0.0,0,1021.3,12.921819984428112,7.647772977364684,157,,
2018,5,18,0,0,8.4,-139,0,6.5,0,0.0,0,0.0,0,1021.1,14.961712751457751,7.108417194948054,152,,
2018,5,18,1,0,8.5,-118,0,6.6,0,0.0,0,0.0,0,1020.9,14.190298645493383,6.056129342954866,144,,
2018,5,18,2,0,8.5,-103,0,6.6,0,0.0,0,0.0,0,1020.6,17.891748965834722,5.724859970787359,133,,
2018,5,18,3,0,8.6,-92,0,6.7,0,0.0,0,0.0,0,1020.3,17.620625947604992,5.443126058899236,122,,
2018,5,18,4,0,8.8,-82,0,6.8,0,0.0,0,0.0,0,1020.2,12.089626105805394,4.950619235223824,111,,
2018,5,18,5,0,8.9,-73,0,6.9,0,0.0,0,0.0,0,1020,4.60185347104408,4.832228123841261,100,,
2018,5,18,6,0,9.7,-63,1.9,7.4,17,0.0,13,0.0,0,1019.8,3.984209776031321,5.228456253894563,89,,
2018,5,18,7,0,10.8,-53,27.3,8.4,84,24.0,7,7.000000000000002,0,1019.5,5.1058048033752925,5.058646654714,80,,
2018,5,18,8,0,12.1,-41,37.4,9.3,176,102.0,4,71.85913773175005,0,1019.2,3.842453127914837,5.2133793692871295,71,,
2018,5,18,9,0,12.9,-27,14.1,9.7,133,178.0,215,168.80977997616503,0,1018.7,8.376824018169316,4.875007837240326,65,,
2018,5,18,10,0,13.5,-12,5.4,9.7,119,285.0,318,271.3958788188247,0,1017.9,10.28652185961164,4.506266793366566,61,,
2018,5,18,11,0,14,4,39,9.7,179,261.0,111,311.99546727591013,0,1017,34.18506690130448,7.44586855642195,61,,
2018,5,18,12,0,14.2,20,62.4,9.8,164,271.0,0,330.55165145503184,0,1016.2,36.223064992397326,7.820029574677331,63,,
2018,5,18,13,0,14.1,34,60.3,10.1,131,196.0,1,275.9296799627853,0,1015.5,30.71455934072918,7.70143118104214,68,,
2018,5,18,14,0,13.9,47,21.9,10.4,79,135.0,67,197.6180466090217,0,1014.7,35.37898171121924,8.197306344088167,75,,
2018,5,18,15,0,13.5,58,0.7,10.4,27,221.0,42,161.8459836809781,0,1014.1,28.235302136465748,6.2818928954173465,84,,
2018,5,18,16,0,12.8,68,0,10.3,5,139.0,3,55.16444592628787,0,1013.6,13.366079595767246,5.224525003197613,95,,
2018,5,18,17,0,12,78,0,10.1,0,0.0,0,0.0,0,1013.1,3.3287150695387027,4.831148959802127,105,,
2018,5,18,18,0,11.6,87,0.6,10,0,0.0,0,0.0,0,1012.6,40.53695487638839,5.73033605316609,117,,
2018,5,18,19,0,11.4,97,33.6,9.8,0,0.0,0,0.0,0,1011.9,47.0859605440582,7.25178678873007,128,,
2018,5,18,20,0,11.3,110,51.4,9.7,0,0.0,0,0.0,0,1011.2,50.38902459791734,6.470244755559562,139,,
2018,5,18,21,0,11.5,127,51,9.6,0,0.0,0,0.0,0,1010.4,61.516020388229606,5.031135611092663,149,,
2018,5,18,22,0,11.9,154,51,9.6,0,0.0,0,0.0,0,1009.4,63.03992172725697,3.531499102760729,156,,
2018,5,18,23,0,12.3,-171,51,9.6,0,0.0,0,0.0,0,1008.3,55.3309552751216,3.3884858621778275,157,,
2018,5,19,0,0,12.6,-139,51.4,9.5,0,0.0,0,0.0,0,1007.3,46.34109233607643,3.732322639651246,153,,
2018,5,19,1,0,12.8,-117,71.7,9.6,0,0.0,0,0.0,0,1006.2,61.129451713145045,6.1637843786041735,144,,
2018,5,19,2,0,13,-103,82.8,9.6,0,0.0,0,0.0,0,1005.1,63.49804987616898,4.956911510948245,133,,
2018,5,19,3,0,13.2,-92,81.9,9.5,0,0.0,0,0.0,0,1004.2,51.25125501509695,3.7336478782381217,122,,
2018,5,19,4,0,13.3,-82,82.2,9.5,0,0.0,0,0.0,0,1003.4,43.52537356879071,3.4816168658561737,111,,
2018,5,19,5,0,13.5,-73,70.7,9.5,0,0.0,0,0.0,0,1002.5,19.305602321957338,3.7344047593084175,100,,
2018,5,19,6,0,13.5,-63,68.1,9.8,8,0.0,0,0.0,0,1001.9,14.096899574329823,4.754257515159902,89,,
2018,5,19,7,0,13.4,-53,60.5,10.3,55,22.0,0,6.000000000000002,0,1001.5,18.18984372334256,5.233710061725633,80,,
2018,5,19,8,0,13.4,-41,70.9,10.8,67,126.0,0,74.05227590142043,0,1001,7.174737458183927,6.10665380749414,72,,
2018,5,19,9,0,13.2,-27,81.4,11.2,66,244.0,0,181.0368828421353,0,1000.3,1.6721818388635938,7.203507096754232,65,,
2018,5,19,10,0,12.9,-12,85.5,11.4,61,485.0,0,324.1847682179007,0,999.3,358.6459958895592,6.643456539767547,62,,
2018,5,19,11,0,12.6,4,86.3,11.6,60,491.0,0,387.2215439311248,0,998.3,9.006535124694324,9.15758627361697,61,,
2018,5,19,12,0,12.4,20,80.1,11.7,79,479.0,0,404.6862506660031,0,997.5,12.93531507477826,10.484318003947257,63,,
2018,5,19,13,0,12.4,34,82.4,11.8,58,517.0,0,397.4238625119169,0,996.7,3.661708344846716,11.303838240563694,68,,
2018,5,19,14,0,12.4,47,62.8,11.9,61,363.0,0,285.39852977846215,0,996,7.428406421595582,12.055279285197171,76,,
2018,5,19,15,0,12.4,58,45.6,11.9,33,305.0,0,182.71898983814424,0,995.9,9.442287926483688,12.167291809160062,85,,
2018,5,19,16,0,12.4,68,15.6,11.8,4,148.0,0,55.25473686975496,0,996.1,6.946444092551076,10.503122166386648,95,,
2018,5,19,17,0,12.3,77,0,11.7,0,0.0,0,0.0,0,996.4,5.210310464015038,10.127294459977458,105,,
2018,5,19,18,0,12.3,87,2,11.4,0,0.0,0,0.0,0,996.8,0.3270088224695655,9.581943170987875,117,,
2018,5,19,19,0,12.2,97,1.1,11.1,0,0.0,0,0.0,0,997.3,358.1375244375053,10.163572380217865,128,,
2018,5,19,20,0,12.1,109,0,10.8,0,0.0,0,0.0,0,997.8,349.03386979614226,10.205644144669511,139,,
2018,5,19,21,0,12.1,127,0,10.8,0,0.0,0,0.0,0,997.9,348.54370950471576,10.159193680458513,149,,
2018,5,19,22,0,12.1,154,0,11,0,0.0,0,0.0,0,997.9,357.94495734667026,10.675322985173976,156,,
2018,5,19,23,0,12.1,-170,0,11.2,0,0.0,0,0.0,0,997.8,356.6371180432632,10.787863389212283,157,,
2018,5,20,0,0,12.1,-139,1.2,11.3,0,0.0,0,0.0,0,997.7,358.3352747760305,10.672961714500142,153,,
2018,5,20,1,0,12.1,-117,60.1,11.3,0,0.0,0,0.0,0,997.6,358.01133313350897,10.039493946348522,144,,
2018,5,20,2,0,12.1,-103,95.6,11.3,0,0.0,0,0.0,0,997.5,1.2912222253864911,10.57421827932807,133,,
2018,5,20,3,0,12.2,-91,91.5,11.4,0,0.0,0,0.0,0,997.5,3.810131658410057,10.382812063706549,122,,
2018,5,20,4,0,12.3,-82,76.6,11.6,0,0.0,0,0.0,0,997.6,4.403159845604421,10.11554920379082,111,,
2018,5,20,5,0,12.4,-73,65.2,11.7,0,0.0,0,0.0,0,997.8,5.594941077185183,9.495676741551026,100,,
2018,5,20,6,0,12.4,-63,53.6,11.8,12,0.0,0,0.0,0,998.2,5.393314650067225,8.927461875774302,89,,
2018,5,20,7,0,12.5,-53,43.3,11.7,71,14.0,0,5.000000000000001,0,998.8,4.456726200377659,9.189896799660993,80,,
2018,5,20,8,0,12.5,-41,65.8,11.6,75,98.0,0,65.8747705826637,0,999.4,10.424079251289127,8.782896606987277,72,,
2018,5,20,9,0,12.6,-27,79.7,11.7,74,134.0,0,146.6597758551566,0,999.8,358.8025916247945,8.178055375429237,66,,
2018,5,20,10,0,12.7,-12,78.4,11.9,93,147.0,0,218.4467461734852,0,1000,1.4789646499636433,8.995672526666352,62,,
2018,5,20,11,0,12.8,4,86.8,12.2,59,178.0,0,274.98010414533485,0,1000.3,6.27587491180185,10.255552581865262,61,,
2018,5,20,12,0,12.7,20,88.5,12.1,45,185.0,0,290.2635952636071,0,1000.7,7.375368471814284,10.492572646695082,63,,
2018,5,20,13,0,12.3,34,82.4,11.8,54,201.0,0,277.99379335522474,0,1001.4,13.915466295184103,10.898968864804552,68,,
2018,5,20,14,0,12,47,91.7,11.4,23,120.0,0,189.68716928844063,0,1002.1,11.142627602770972,11.100862165531066,76,,
2018,5,20,15,0,11.6,58,73.7,10.8,5,138.0,0,132.5505762631549,0,1002.9,10.26773347394277,10.282093448304416,85,,
2018,5,20,16,0,11.2,68,21.6,10.1,2,56.0,0,35.02782105099257,0,1003.9,7.05828252606824,8.189750176539004,95,,
2018,5,20,17,0,10.7,77,0,9.3,0,0.0,0,0.0,0,1005,6.878717726002492,8.28424018281062,106,,
2018,5,20,18,0,10.1,87,0,8.4,0,0.0,0,0.0,0,1005.9,347.95587361178514,7.52552116908512,117,,
2018,5,20,19,0,9.4,97,0,7.3,0,0.0,0,0.0,0,1006.8,342.7551998063464,8.411573989513952,128,,
2018,5,20,20,0,8.8,109,0,6.2,0,0.0,0,0.0,0,1007.7,352.5379939952479,8.829905676386547,139,,
2018,5,20,21,0,8.6,127,0,5.7,0,0.0,0,0.0,0,1008.3,11.9000550123842,10.366838910725429,149,,
2018,5,20,22,0,8.7,154,0,5.5,0,0.0,0,0.0,0,1008.7,19.790822926912654,11.112927916261516,156,,
2018,5,20,23,0,9,-170,0,5.4,0,0.0,0,0.0,0,1009.2,22.845623746623687,10.657309292136857,158,,
2018,5,21,0,0,9.1,-139,0,5.3,0,0.0,0,0.0,0,1009.6,19.33633556878505,9.098696133715778,153,,
2018,5,21,1,0,9.1,-117,0,5.2,0,0.0,0,0.0,0,1010,21.231466621646177,7.456290606430516,144,,
2018,5,21,2,0,9.1,-102,0,5.1,0,0.0,0,0.0,0,1010.4,16.40381947166736,6.412891239180869,134,,
2018,5,21,3,0,9.2,-91,0,5.1,0,0.0,0,0.0,0,1010.9,11.23289800912164,7.051090054076664,122,,
2018,5,21,4,0,9.2,-82,0,5.2,0,0.0,0,0.0,0,1011.5,7.375277005065072,7.778711510044594,111,,
2018,5,21,5,0,9.3,-72,0,5.4,0,0.0,0,0.0,0,1012.1,7.874397873235864,8.657068857648861,100,,
2018,5,21,6,0,9.6,-63,0,5.6,13,0.0,15,0.0,0,1012.8,12.31211076181802,8.738080652941724,90,,
2018,5,21,7,0,10.1,-52,1.5,6,40,10.0,92,5.000000000000001,0,1013.6,8.663444151840622,8.382754991374993,80,,
2018,5,21,8,0,10.6,-41,1.9,6.4,61,56.0,207,57.48709440878616,0,1014.3,17.499863472865854,9.395284921468292,72,,
2018,5,21,9,0,11.1,-27,2,6.6,74,128.0,303,147.7684374338439,0,1014.7,9.6535571059394,8.381625622063302,66,,
2018,5,21,10,0,11.5,-12,2.3,6.5,84,107.0,356,195.29647892268028,0,1014.8,12.685535971429488,11.587789442815575,62,,
2018,5,21,11,0,11.8,4,2.7,6.4,90,120.0,360,238.5359732514613,0,1014.9,10.508224722657417,11.497763649517356,61,,
2018,5,21,12,0,12,20,11.1,6.4,145,270.0,231,325.41500272683265,0,1015.2,6.66856281939539,12.137044631516698,64,,
2018,5,21,13,0,12,34,25.7,6.5,181,216.0,68,281.3336142621537,0,1015.5,1.3346827916867028,12.808406652798311,69,,
2018,5,21,14,0,11.9,47,16.2,6.6,107,193.0,53,220.72729039635124,0,1015.9,356.0193247994209,12.108557342488346,76,,
2018,5,21,15,0,11.7,58,2.8,6.5,30,146.0,30,132.54886449023198,0,1016.4,5.185444409460047,12.40428149847496,85,,
2018,5,21,16,0,11.3,68,0,6.4,4,18.0,2,20.85542644769116,0,1017,5.133747553106616,9.579443241900982,95,,
2018,5,21,17,0,10.9,77,0,6.3,0,0.0,0,0.0,0,1017.5,354.6978950477726,9.138711142083643,106,,
2018,5,21,18,0,10.5,86,0,6.2,0,0.0,0,0.0,0,1017.9,356.34987298337273,9.778870500336334,117,,
2018,5,21,19,0,10.1,96,0,6,0,0.0,0,0.0,0,1018.3,3.440007462187168,9.41515784321729,128,,
2018,5,21,20,0,9.7,109,0,5.9,0,0.0,0,0.0,0,1018.6,357.1120945966739,9.395965942467653,139,,
2018,5,21,21,0,9.5,127,0,5.9,0,0.0,0,0.0,0,1018.7,5.175876458717994,9.14716110642198,149,,
2018,5,21,22,0,9.4,154,0,6,0,0.0,0,0.0,0,1018.7,1.977340491054747,9.01440081888043,156,,
2018,5,21,23,0,9.2,-170,0,6.1,0,0.0,0,0.0,0,1018.7,18.38170041047539,9.387166613031688,158,,
2018,5,22,0,0,9.1,-138,0,6.1,0,0.0,0,0.0,0,1018.7,23.44702409649761,8.635402570528154,153,,
2018,5,22,1,0,8.9,-117,0,5.9,0,0.0,0,0.0,0,1018.8,21.18058124358214,9.125493996456273,144,,
2018,5,22,2,0,8.7,-102,0,5.7,0,0.0,0,0.0,0,1018.9,30.937997903726625,9.49949851720202,134,,
2018,5,22,3,0,8.5,-91,0,5.5,0,0.0,0,0.0,0,1019.1,27.19362495384314,7.98186730123765,122,,
2018,5,22,4,0,8.4,-81,0,5.4,0,0.0,0,0.0,0,1019.4,24.281107951144804,7.350689413539162,111,,
2018,5,22,5,0,8.3,-72,0,5.2,0,0.0,0,0.0,0,1019.7,19.13360574169394,7.198963100718982,100,,
2018,5,22,6,0,8.6,-63,0.5,5,13,0.0,13,0.0,0,1020,18.996095502816672,6.598096874603862,90,,
2018,5,22,7,0,9.1,-52,1.3,4.8,39,25.0,93,6.000000000000002,0,1020.3,25.984617619838502,6.843942042926667,80,,
2018,5,22,8,0,9.7,-40,2,4.5,64,214.0,202,80.3842270692632,0,1020.6,28.66081685019481,6.983321389898983,72,,
2018,5,22,9,0,10.2,-27,17.1,4.5,175,396.0,136,208.1171147325082,0,1020.5,29.10139378235453,7.17227029230479,66,,
2018,5,22,10,0,10.5,-12,11.8,4.6,155,524.0,240,323.8359780535227,0,1020.2,29.110697203540667,7.920417911221669,62,,
2018,5,22,11,0,10.9,4,3,4.8,99,588.0,346,407.4907664378476,0,1019.9,34.44667137494275,9.22499729159039,61,,
2018,5,22,12,0,11,20,2.3,5,87,625.0,323,443.6271195326556,0,1019.7,38.17639134386809,9.756784502523264,64,,
2018,5,22,13,0,10.9,34,2.3,5.2,74,606.0,249,417.6512764043109,0,1019.5,36.48716767635568,10.036307898784512,69,,
2018,5,22,14,0,10.8,47,1.9,5.3,54,549.0,143,336.5065285906203,0,1019.4,35.28160606927429,10.007897768989986,76,,
2018,5,22,15,0,10.5,58,0.6,5.4,23,423.0,40,207.0236470151081,0,1019.5,36.04781216197523,9.6107060479761,85,,
2018,5,22,16,0,10.1,68,0,5.5,4,216.0,2,62.72954748647977,0,1019.8,37.30401291293208,8.197452091316698,95,,
2018,5,22,17,0,9.7,77,0,5.5,0,0.0,0,0.0,0,1020.1,30.71892751436508,7.495888063631394,106,,
2018,5,22,18,0,9.2,86,0,5.4,0,0.0,0,0.0,0,1020.4,22.61026059709548,6.83409715130409,117,,
2018,5,22,19,0,8.8,96,0,5.3,0,0.0,0,0.0,0,1020.6,23.385221057213755,7.6863077409926355,128,,
2018,5,22,20,0,8.3,109,0,5.1,0,0.0,0,0.0,0,1020.8,21.011163244364184,7.356565360291571,139,,
2018,5,22,21,0,8.2,126,0,5.2,0,0.0,0,0.0,0,1020.8,17.91351014110967,7.388964658054308,149,,
2018,5,22,22,0,8.3,154,0,5.4,0,0.0,0,0.0,0,1020.7,18.535121890690448,6.756213458736104,156,,
2018,5,22,23,0,8.5,-170,0,5.7,0,0.0,0,0.0,0,1020.6,20.656109272406184,6.511881043094226,158,,
2018,5,23,0,0,8.5,-138,0,5.8,0,0.0,0,0.0,0,1020.6,14.143555936962002,5.564177276318791,153,,
2018,5,23,1,0,8.6,-116,0,5.8,0,0.0,0,0.0,0,1020.5,354.62295145380426,6.685179298809619,144,,
2018,5,23,2,0,8.6,-102,0,5.8,0,0.0,0,0.0,0,1020.5,354.9873532304175,7.329055832752592,134,,
2018,5,23,3,0,8.6,-91,0,5.9,0,0.0,0,0.0,0,1020.6,354.9593905125987,7.566370994001264,123,,
2018,5,23,4,0,8.6,-81,0,5.9,0,0.0,0,0.0,0,1020.8,5.684365915302919,7.801301307515614,111,,
2018,5,23,5,0,8.7,-72,0,5.9,0,0.0,0,0.0,0,1021.1,18.46491665693713,8.118392403313367,100,,
2018,5,23,6,0,9,-63,0,6,12,0.0,12,0.0,0,1021.3,27.388420896088466,7.491601262710557,90,,
2018,5,23,7,0,9.5,-52,1,6.1,39,13.0,89,4.000000000000001,0,1021.5,26.955069846852098,7.602807267492311,80,,
2018,5,23,8,0,10.1,-40,1.4,6.2,61,67.0,204,55.20239349566258,0,1021.6,33.30357122926688,6.434384277174025,72,,
2018,5,23,9,0,10.5,-27,1.5,6.2,78,174.0,294,152.16994739608717,0,1021.5,36.75865004199426,6.136095550770753,66,,
2018,5,23,10,0,10.9,-12,1.3,6.2,84,446.0,353,300.09059236788664,0,1021.2,35.89209783494715,6.827068360581643,62,,
2018,5,23,11,0,11.3,4,1.5,6.1,87,488.0,362,371.7020722001295,0,1020.8,35.56401531592337,8.088038167043003,62,,
2018,5,23,12,0,11.4,20,1.4,6.1,80,541.0,331,410.9867323974137,0,1020.6,34.67546651579761,10.11102827665408,64,,
2018,5,23,13,0,11.2,34,2,6.2,73,547.0,247,392.8115942529441,0,1020.5,34.96037756220238,11.154436321986642,69,,
2018,5,23,14,0,11,46,2.7,6.2,57,499.0,136,317.11335270636425,0,1020.4,34.64202627302899,10.47432353411951,76,,
2018,5,23,15,0,10.7,57,33.6,6.2,21,369.0,34,190.09671776578665,0,1020.4,37.10375776011006,10.491493642421574,85,,
2018,5,23,16,0,10.2,67,18.4,6.2,2,140.0,0,47.528274017050606,0,1020.5,41.71742645704137,9.735065469394325,95,,
2018,5,23,17,0,9.8,77,0,6.2,0,0.0,0,0.0,0,1020.6,36.9051258533296,8.17973787425214,106,,
2018,5,23,18,0,9,86,0,6,0,0.0,0,0.0,0,1020.7,35.18376189822823,7.650040911427975,117,,
2018,5,23,19,0,8.1,96,0,5.6,0,0.0,0,0.0,0,1020.8,33.622186589786224,8.23011263025767,128,,
2018,5,23,20,0,7.2,108,0,5.2,0,0.0,0,0.0,0,1020.9,40.24176017407677,9.12370481836076,139,,
2018,5,23,21,0,6.9,126,0,5.1,0,0.0,0,0.0,0,1020.8,44.20328235667307,10.639912823722378,149,,
2018,5,23,22,0,7.1,153,0,5.4,0,0.0,0,0.0,0,1020.6,46.1404949759866,11.188521493064217,157,,
2018,5,23,23,0,7.4,-170,0,5.6,0,0.0,0,0.0,0,1020.5,49.34041724378898,10.43800947236521,158,,
2018,5,24,0,0,7.4,-138,0.6,5.7,0,0.0,0,0.0,0,1020.4,51.9750051875464,8.971696193618016,153,,
2018,5,24,1,0,7.4,-116,33.6,5.7,0,0.0,0,0.0,0,1020.2,40.502872105460256,9.34181994978256,145,,
2018,5,24,2,0,7.3,-102,51.4,5.6,0,0.0,0,0.0,0,1020.1,41.60096382383239,9.949279919763164,134,,
2018,5,24,3,0,7.3,-91,51.6,5.5,0,0.0,0,0.0,0,1020.3,43.81752521358567,10.62405593829229,123,,
2018,5,24,4,0,7.3,-81,51.4,5.5,0,0.0,0,0.0,0,1020.5,44.616122401971495,10.383964942483727,112,,
2018,5,24,5,0,7.3,-72,51,5.5,0,0.0,0,0.0,0,1020.8,46.13097326660756,9.909539206138886,101,,
2018,5,24,6,0,7.5,-62,49.1,5.5,12,0.0,2,0.0,0,1021.1,49.55976643553055,9.222440818070387,90,,
2018,5,24,7,0,7.9,-52,18.8,5.5,40,42.0,80,5.000000000000003,0,1021.3,49.592851772372285,8.479190840831166,81,,
2018,5,24,8,0,8.2,-40,2.3,5.5,66,332.0,193,83.86145997525722,0,1021.5,55.08908234969277,7.8561539770796545,73,,
2018,5,24,9,0,9,-27,3.1,5.8,92,578.0,268,229.4453622317568,0,1021.3,55.88983710465192,7.194232395711709,66,,
2018,5,24,10,0,10.1,-12,22.4,6.2,217,703.0000000000001,118,362.8533401576875,0,1020.9,62.658534721379965,7.590116852280479,63,,
2018,5,24,11,0,11.2,4,46.4,6.6,233,732.0,8,443.8767279611294,0,1020.4,66.93287785492231,6.664171640591349,62,,
2018,5,24,12,0,11.6,19,64.1,6.9,149,705.0,0,463.50934703721737,0,1020.1,73.77448991275435,6.660557861748611,64,,
2018,5,24,13,0,11.5,34,72.6,7.1,88,718.0,0,448.1660822705077,0,1019.9,76.02748276168307,7.506529608131529,69,,
2018,5,24,14,0,11.4,46,63.1,7.3,65,606.0,0,347.9496325469176,0,1019.7,82.51479224640735,7.196579364993892,76,,
2018,5,24,15,0,11,57,53.5,7.4,25,424.0,0,202.13953010840623,0,1019.7,85.16049615992779,6.094481165132079,85,,
2018,5,24,16,0,10.4,67,18.6,7.2,2,269.0,0,62.750711702010456,0,1019.8,93.2952791451371,4.28124872611368,95,,
2018,5,24,17,0,9.8,76,0,7.1,0,0.0,0,0.0,0,1019.9,101.42902718011624,3.938945542762637,106,,
2018,5,24,18,0,9.3,86,0,7,0,0.0,0,0.0,0,1020,94.7831322601682,5.185294371813302,117,,
2018,5,24,19,0,9,96,0,6.9,0,0.0,0,0.0,0,1020.2,96.629856469709,4.740932373915115,128,,
2018,5,24,20,0,8.6,108,0,6.8,0,0.0,0,0.0,0,1020.3,94.24333561864546,6.773939829044409,140,,
2018,5,24,21,0,8.5,126,0,6.6,0,0.0,0,0.0,0,1020.2,95.27959607590223,7.330905838097177,150,,
2018,5,24,22,0,8.6,153,0,6.5,0,0.0,0,0.0,0,1020,109.54864513162124,6.986973430637351,157,,
2018,5,24,23,0,8.7,-170,0,6.3,0,0.0,0,0.0,0,1019.8,120.693290391959,6.953892911875291,158,,
2018,5,25,0,0,8.9,-138,0.6,6.3,0,0.0,0,0.0,0,1019.6,126.795735103305,7.016509784053119,154,,
2018,5,25,1,0,9,-116,33.4,6.3,0,0.0,0,0.0,0,1019.4,126.78826620521784,6.751520524250919,145,,
2018,5,25,2,0,9.1,-102,50.9,6.3,0,0.0,0,0.0,0,1019.2,132.29602230502678,6.2355590307839766,134,,
2018,5,25,3,0,9.3,-91,31.4,6.4,0,0.0,0,0.0,0,1019.2,137.64753207986718,5.852652984177457,123,,
2018,5,25,4,0,9.3,-81,7.4,6.4,0,0.0,0,0.0,0,1019.3,143.0036860391001,5.576869043169407,112,,
2018,5,25,5,0,9.4,-72,0,6.5,0,0.0,0,0.0,0,1019.4,139.89442482624486,5.187909179084458,101,,
2018,5,25,6,0,9.9,-62,0.5,6.8,13,0.0,6,0.0,0,1019.6,141.80139230887664,4.651543696592625,90,,
2018,5,25,7,0,10.6,-52,27.4,7.4,68,16.0,4,4.000000000000001,0,1019.8,135.8966942705049,4.77649048540998,81,,
2018,5,25,8,0,11.4,-40,30.3,8,147,102.0,33,59.911553324549736,0,1020.1,139.9368212473571,4.776361553194275,73,,
2018,5,25,9,0,12,-27,9.9,8.3,124,147.0,202,139.80273279081084,0,1019.9,138.2303497406483,4.463626038040656,66,,
2018,5,25,10,0,12.6,-12,30.3,8.4,185,157.0,103,210.7960267657787,0,1019.4,141.87190993010745,3.6402331374643486,63,,
2018,5,25,11,0,13.2,4,52.1,8.5,209,145.0,0,243.9435678264062,0,1018.9,144.574913057924,2.7440853018291733,62,,
2018,5,25,12,0,13.4,19,39,8.7,218,310.0,23,330.88260810362624,0,1018.5,162.44477862592043,1.70463461859453,64,,
2018,5,25,13,0,13.3,34,24.4,9.1,182,424.0,51,352.02747979598223,0,1018.2,225.9040461090788,1.7068671664851265,69,,
2018,5,25,14,0,13.2,46,8.7,9.5,86,360.0,78,273.00755094178373,0,1018,252.75150124095936,1.897850683749322,77,,
2018,5,25,15,0,12.8,57,0.5,9.7,22,278.0,33,166.06406898553217,0,1018,267.4062750315045,2.228112708401583,85,,
2018,5,25,16,0,12.1,67,0,9.7,3,158.0,1,45.59012979763288,0,1018.3,279.0456407862925,2.141377518637525,95,,
2018,5,25,17,0,11.4,76,0,9.8,0,0.0,0,0.0,0,1018.5,299.6209302770823,1.9456783241785192,106,,
2018,5,25,18,0,10.9,86,0,9.6,0,0.0,0,0.0,0,1018.7,309.89636862625355,1.4399478222745117,117,,
2018,5,25,19,0,10.4,96,0,9.1,0,0.0,0,0.0,0,1018.9,271.9670984763503,1.230461435447629,129,,
2018,5,25,20,0,9.9,108,0,8.7,0,0.0,0,0.0,0,1019,268.51506246010973,1.1776415786750438,140,,
2018,5,25,21,0,9.9,125,0,8.7,0,0.0,0,0.0,0,1019,300.04699390845417,1.0624558495717005,150,,
2018,5,25,22,0,10.2,153,0,9,0,0.0,0,0.0,0,1018.8,344.9862039694287,1.0828636355525367,157,,
2018,5,25,23,0,10.5,-170,0,9.4,0,0.0,0,0.0,0,1018.5,330.62348939947947,0.6499845136118095,159,,
2018,5,26,0,0,10.6,-138,0,9.5,0,0.0,0,0.0,0,1018.4,343.6176404880248,0.3297956714077718,154,,
2018,5,26,1,0,10.6,-116,0,9.5,0,0.0,0,0.0,0,1018.3,123.50710683513188,1.2086729717859923,145,,
2018,5,26,2,0,10.5,-101,0,9.4,0,0.0,0,0.0,0,1018.2,140.18123319642666,0.9500861894258852,134,,
2018,5,26,3,0,10.4,-90,0,9.3,0,0.0,0,0.0,0,1018.1,152.43058679464764,0.9094157993039044,123,,
2018,5,26,4,0,10.3,-81,0,9.2,0,0.0,0,0.0,0,1018.1,113.8154149187602,1.0332966060930824,112,,
2018,5,26,5,0,10.2,-72,0,9,0,0.0,0,0.0,0,1018,72.66938694188639,1.7465254828065322,101,,
2018,5,26,6,0,10.6,-62,0,9.3,11,0.0,10,0.0,0,1018.1,78.63816283577438,1.9555602036662325,90,,
2018,5,26,7,0,11.5,-52,0.8,9.8,37,10.0,82,4.000000000000001,0,1018.3,99.48959224130584,1.602248124161847,81,,
2018,5,26,8,0,12.3,-40,8.3,10.3,97,84.0,133,57.1271095144826,0,1018.5,111.8472934642698,1.7549484486901508,73,,
2018,5,26,9,0,12.8,-27,18.6,10.4,178,139.0,116,140.53197110380032,0,1018.3,109.76326291754184,2.5277992675261363,67,,
2018,5,26,10,0,13,-12,33.3,10.2,246,213.0,37,231.1021373158846,0,1017.8,112.06789956241022,2.4953080972096413,63,,
2018,5,26,11,0,13.2,4,34.7,10,265,399.0,23,343.0788846296002,0,1017.2,126.00606553226646,1.9788870128686005,62,,
2018,5,26,12,0,13.2,19,47.8,9.9,197,451.0,16,379.52849476795,0,1016.7,167.8413680559014,1.2542083471391217,64,,
2018,5,26,13,0,13.1,33,22,10,99,421.0,132,349.54228875010784,0,1016.2,201.7975513146117,1.346517883716048,69,,
2018,5,26,14,0,13,46,22.7,10.1,81,431.0,74,294.7304578189446,0,1015.7,236.52042461314883,1.7694053520906017,77,,
2018,5,26,15,0,12.6,57,12.4,9.9,37,343.0,2,181.98697345739492,0,1015.4,243.7627111480572,2.1758345592275687,86,,
2018,5,26,16,0,12,67,0,9.7,2,232.0,1,56.15475565242388,0,1015.1,255.62360630460927,2.0147509934787027,96,,
2018,5,26,17,0,11.4,76,0,9.4,0,0.0,0,0.0,0,1014.8,233.5911014317612,1.1348511865501656,106,,
2018,5,26,18,0,10.8,85,0,9.1,0,0.0,0,0.0,0,1014.5,192.9308005140588,1.3964977130386305,117,,
2018,5,26,19,0,10.2,95,0,8.8,0,0.0,0,0.0,0,1014.2,161.95257089181598,1.9062886625027515,129,,
2018,5,26,20,0,9.6,108,0,8.6,0,0.0,0,0.0,0,1013.9,183.95835363638497,1.7541846243451864,140,,
2018,5,26,21,0,9.6,125,0,8.6,0,0.0,0,0.0,0,1013.5,182.61038960535333,2.35327200360752,150,,
2018,5,26,22,0,10,153,0,8.9,0,0.0,0,0.0,0,1013,178.84576686637524,2.2785385033897487,157,,
2018,5,26,23,0,10.6,-170,0,9.3,0,0.0,0,0.0,0,1012.5,168.38570747164397,2.5417890727684203,159,,
2018,5,27,0,0,11,-138,1,9.5,0,0.0,0,0.0,0,1011.9,148.41545732301825,2.674211807531717,154,,
2018,5,27,1,0,11.3,-116,53.6,9.6,0,0.0,0,0.0,0,1011.2,115.6911850089392,3.357549597245317,145,,
2018,5,27,2,0,11.6,-101,82.8,9.8,0,0.0,0,0.0,0,1010.6,120.90444415210828,4.125514561897555,134,,
2018,5,27,3,0,11.7,-90,82.4,9.9,0,0.0,0,0.0,0,1010,118.90687105679092,4.662733038685464,123,,
2018,5,27,4,0,11.8,-81,62.8,10.1,0,0.0,0,0.0,0,1009.5,115.06121906348449,3.927355246738584,112,,
2018,5,27,5,0,11.8,-72,50.9,10.2,0,0.0,0,0.0,0,1009,124.27052732592512,3.502334131469725,101,,
2018,5,27,6,0,12.1,-62,34.1,10.5,10,0.0,0,0.0,0,1008.6,132.1344940684134,3.663893323624416,91,,
2018,5,27,7,0,12.5,-52,53.8,10.9,33,3.0,0,2.0,0,1008.5,141.25823833400716,4.451643078156081,81,,
2018,5,27,8,0,12.9,-40,84.9,11.4,27,18.0,0,34.48285297241705,0,1008.4,152.69088962003332,4.876524271230023,73,,
2018,5,27,9,0,13.1,-27,82.5,11.6,59,29.0,4,84.71046811500567,0,1008,162.77516721847894,5.070425617149407,67,,
2018,5,27,10,0,13.2,-12,28.2,11.7,88,38.0,212,137.29495306507502,0,1007.4,157.8235949756786,5.008169087109164,63,,
2018,5,27,11,0,13.2,4,32,11.8,168,55.0,118,183.56954253027536,0,1006.7,155.7679311248919,4.13054134506407,62,,
2018,5,27,12,0,13.3,19,42.6,11.8,219,104.0,1,233.03730247188813,0,1006.3,149.09852146460975,3.929061703309816,65,,
2018,5,27,13,0,13.4,33,27.3,11.8,178,115.0,35,222.47825479494736,0,1005.9,163.08847205208667,3.7490410611810834,70,,
2018,5,27,14,0,13.5,46,11.2,11.8,93,118.0,60,179.6355306834707,0,1005.5,176.74747394504675,3.554309372125832,77,,
2018,5,27,15,0,13.5,57,2.1,11.8,25,102.0,24,109.91213349346955,0,1005.4,176.84296056290873,3.404581063555802,86,,
2018,5,27,16,0,13.4,67,0,11.8,2,48.0,1,24.971158569249734,0,1005.5,156.66247393183903,3.2521518955827453,96,,
2018,5,27,17,0,13.3,76,0,11.8,0,0.0,0,0.0,0,1005.5,134.98846378231815,4.287007581332163,106,,
2018,5,27,18,0,13.2,85,0.6,11.7,0,0.0,0,0.0,0,1005.5,139.3785982735618,4.678384188630555,117,,
2018,5,27,19,0,13.1,95,33.4,11.6,0,0.0,0,0.0,0,1005.4,141.72457186028498,6.274544092159456,129,,
2018,5,27,20,0,13,107,48.3,11.4,0,0.0,0,0.0,0,1005.3,148.45825764216454,6.35460550064447,140,,
2018,5,27,21,0,12.9,125,49.3,11.4,0,0.0,0,0.0,0,1005.1,150.42997527950035,5.596336411462318,150,,
2018,5,27,22,0,12.8,153,21.4,11.4,0,0.0,0,0.0,0,1004.9,150.3671496108958,4.924878805383051,157,,
2018,5,27,23,0,12.8,-170,4.5,11.5,0,0.0,0,0.0,0,1004.6,149.15272402335648,5.087062172244882,159,,
2018,5,28,0,0,12.7,-137,1.6,11.5,0,0.0,0,0.0,0,1004.3,150.3655979082838,5.528004620946576,154,,
2018,5,28,1,0,12.7,-115,0,11.4,0,0.0,0,0.0,0,1004.1,149.25273815099496,4.443461248885814,145,,
2018,5,28,2,0,12.6,-101,0,11.4,0,0.0,0,0.0,0,1003.8,154.29862477848678,4.461942943563853,134,,
2018,5,28,3,0,12.6,-90,0,11.4,0,0.0,0,0.0,0,1003.5,156.30453496582777,4.132845858635788,123,,
2018,5,28,4,0,12.6,-81,0,11.4,0,0.0,0,0.0,0,1003.3,156.2462562942559,4.218449228656034,112,,
2018,5,28,5,0,12.7,-71,0,11.5,0,0.0,0,0.0,0,1003.1,155.3842475987792,4.204887219253549,101,,
2018,5,28,6,0,12.9,-62,0.7,11.6,10,0.0,6,0.0,0,1002.8,159.6853735637518,3.824816344408545,91,,
2018,5,28,7,0,13.3,-52,38.6,11.7,46,3.0,3,2.0,0,1002.5,157.7206357899795,4.364128296953983,81,,
2018,5,28,8,0,13.7,-40,79.3,11.8,41,27.0,0,41.159248727972354,0,1002.3,157.64552027871082,4.715457734060627,73,,
2018,5,28,9,0,13.8,-27,95.5,11.9,18,54.0,0,107.3558684811486,0,1001.7,170.8125969103436,4.818157913950664,67,,
2018,5,28,10,0,13.6,-12,94.2,12,27,95.0,0,189.9854525861038,0,1000.9,176.48890646571624,4.333329146487096,63,,
2018,5,28,11,0,13.4,4,77.5,12,94,133.0,0,249.64209114282312,0,1000.1,172.14884857176435,2.6523033442390127,63,,
2018,5,28,12,0,13.1,19,45.6,11.8,196,113.0,4,247.9005236750488,0,999.6,192.7215217222395,3.416885884548314,65,,
2018,5,28,13,0,12.7,33,65.4,11.4,108,62.0,2,189.5992736504392,0,999.4,203.1905914262324,4.362765268879346,70,,
2018,5,28,14,0,12.3,46,73.3,10.9,36,10.0,0,78.84416595671146,0,999.2,211.8337645151268,4.086625881813506,77,,
2018,5,28,15,0,11.8,57,46.9,10.4,15,3.0,0,29.843986617954396,0,999.3,233.44054204190715,2.8567802141580927,86,,
2018,5,28,16,0,11.3,67,12.8,9.7,1,3.0,0,8.43003789774713,0,999.7,219.6337485522576,2.98115334704008,96,,
2018,5,28,17,0,10.8,76,0,9,0,0.0,0,0.0,0,1000.1,212.53366158953136,3.761107913103877,106,,
2018,5,28,18,0,10.4,85,0,8.3,0,0.0,0,0.0,0,1000.6,204.00788876895248,4.630039459455844,118,,
2018,5,28,19,0,10.1,95,0,7.6,0,0.0,0,0.0,0,1001,202.33663531274607,4.372781040959307,129,,
2018,5,28,20,0,9.8,107,0,6.9,0,0.0,0,0.0,0,1001.5,183.0984081843241,4.078716286365882,140,,
2018,5,28,21,0,9.6,125,0,6.6,0,0.0,0,0.0,0,1001.8,179.0924329297235,4.284961379565994,150,,
2018,5,28,22,0,9.5,152,0,6.7,0,0.0,0,0.0,0,1002,179.2680441088744,5.312933533874372,157,,
2018,5,28,23,0,9.3,-170,0,6.8,0,0.0,0,0.0,0,1002.2,179.456248951024,5.659678695045873,159,,
2018,5,29,0,0,9.1,-137,0,6.7,0,0.0,0,0.0,0,1002.5,178.8897285414397,5.997463887389378,154,,
2018,5,29,1,0,8.9,-115,0,6.6,0,0.0,0,0.0,0,1002.9,177.8753799017445,6.611722925926999,145,,
2018,5,29,2,0,8.7,-101,0,6.4,0,0.0,0,0.0,0,1003.3,182.6645707121968,6.002583667667717,135,,
2018,5,29,3,0,8.6,-90,0,6.2,0,0.0,0,0.0,0,1003.9,185.240293883464,5.108264493270982,123,,
2018,5,29,4,0,8.6,-80,0,5.8,0,0.0,0,0.0,0,1004.6,197.12148747674416,4.934248886042945,112,,
2018,5,29,5,0,8.6,-71,0,5.5,0,0.0,0,0.0,0,1005.3,220.3954016123056,6.543731503792959,101,,
2018,5,29,6,0,9,-62,0,5.4,11,0.0,3,0.0,0,1005.8,257.3804447108964,8.74419914466306,91,,
2018,5,29,7,0,9.7,-52,0,5.4,44,0.0,57,0.0,0,1006.3,274.6963148717632,11.059836767494176,81,,
2018,5,29,8,0,10.5,-40,1.4,5.5,76,1.0,153,10.077622364628406,0,1006.8,275.40087433629054,11.612588915058463,73,,
2018,5,29,9,0,10.9,-27,2.6,5.4,89,2.0,249,25.45259072381504,0,1006.9,287.1248298139811,13.169048259418998,67,,
2018,5,29,10,0,11.2,-12,20.5,5.3,197,15.0,130,94.16957251119145,0,1006.8,297.5951259316237,14.412193102683222,63,,
2018,5,29,11,0,11.5,4,52.2,5.1,186,221.0,19,272.5507708855996,0,1006.7,303.8401528363636,15.01859996671503,63,,
2018,5,29,12,0,11.6,19,25.7,5.2,108,346.0,172,336.0481228141077,0,1006.6,307.5822229502468,14.453509567918058,65,,
2018,5,29,13,0,11.6,33,43.3,5.4,88,168.0,96,241.3833597767353,0,1006.7,305.6366999126976,15.797555491867197,70,,
2018,5,29,14,0,11.6,46,50.4,5.7,78,95.0,0,159.30815042114426,0,1006.8,306.6168223525355,15.99605447766673,77,,
2018,5,29,15,0,11.6,57,15.1,6,29,161.0,1,125.96836442877506,0,1006.9,304.2170025188075,15.299795760321768,86,,
2018,5,29,16,0,11.5,66,0,6.2,2,138.0,0,39.53520280712874,0,1007.1,333.66409180801816,11.575456576889536,96,,
2018,5,29,17,0,11.5,76,0,6.4,0,0.0,0,0.0,0,1007.2,358.0936705794836,11.3903372169634,107,,
2018,5,29,18,0,11.3,85,0,6.7,0,0.0,0,0.0,0,1007.3,10.887518329598436,10.87818158679371,118,,
2018,5,29,19,0,11,95,0,7,0,0.0,0,0.0,0,1007.2,358.14637634085767,10.649859914843372,129,,
2018,5,29,20,0,10.8,107,0,7.3,0,0.0,0,0.0,0,1007.1,356.28266124051646,10.878845644770069,140,,
2018,5,29,21,0,10.8,124,0.6,7.7,0,0.0,0,0.0,0,1006.9,354.92085802940386,10.633550995260183,150,,
2018,5,29,22,0,10.9,152,30.9,8.3,0,0.0,0,0.0,0,1006.5,1.998519068775181,10.935118315104171,158,,
2018,5,29,23,0,11.1,-170,47.8,8.8,0,0.0,0,0.0,0,1006.1,11.910939833694044,10.863784487582546,159,,
2018,5,30,0,0,11.2,-137,48.1,9.1,0,0.0,0,0.0,0,1005.7,10.003540784879306,9.309748816051842,154,,
2018,5,30,1,0,11.1,-115,61.5,9.3,0,0.0,0,0.0,0,1005.2,8.373601199610903,8.863532343973223,145,,
2018,5,30,2,0,11,-101,69,9.4,0,0.0,0,0.0,0,1004.8,4.886191764850992,8.550115347664182,135,,
2018,5,30,3,0,11,-90,68.8,9.4,0,0.0,0,0.0,0,1004.3,2.493488772308524,7.564535359694782,124,,
2018,5,30,4,0,11,-80,58,9.5,0,0.0,0,0.0,0,1003.9,4.0169630990897645,7.0260495769511815,112,,
2018,5,30,5,0,11.1,-71,52,9.5,0,0.0,0,0.0,0,1003.5,2.004491911040475,6.637850843916587,101,,
2018,5,30,6,0,11.4,-62,52.4,9.6,6,0.0,0,0.0,0,1002.9,6.427867299609375,6.448496906958003,91,,
2018,5,30,7,0,11.8,-51,73,9.7,17,15.0,0,3.000000000000001,0,1002.2,11.508853633477711,6.578309158501938,82,,
2018,5,30,8,0,12.3,-40,64.4,9.8,87,131.0,0,59.868656036673045,0,1001.5,1.4026333523219137,7.819481655957938,73,,
2018,5,30,9,0,12.4,-26,50.8,10,162,279.0,0,168.45302767268078,0,1000.7,358.0532025596672,6.64763582732847,67,,
2018,5,30,10,0,12.3,-12,46.5,10.3,211,373.0,0,272.6172457798758,0,1000,352.8163968646577,4.916029640999214,64,,
2018,5,30,11,0,12.1,4,41.6,10.6,238,468.0,0,357.94256795889834,0,999.2,346.19126364327724,7.754391660318059,63,,
2018,5,30,12,0,11.8,19,69.8,10.4,118,258.0,1,302.2269071166066,0,998.9,332.5794077727707,9.469405995045618,65,,
2018,5,30,13,0,11.3,33,44.9,10,112,82.0,34,190.1180180592672,0,999.1,314.93412288465726,8.558310998087645,70,,
2018,5,30,14,0,10.9,46,15.4,9.5,99,14.0,44,80.32092378850058,0,999.2,325.10357872783135,11.11210843888583,77,,
2018,5,30,15,0,10.5,56,4.3,9.1,28,6.0,15,33.664315595162016,0,999.5,314.80471706049013,8.661245209638494,86,,
2018,5,30,16,0,10.3,66,0,8.7,2,5.0,0,8.699365113801694,0,999.8,314.6091536059603,8.680386550317742,96,,
2018,5,30,17,0,10.1,76,0,8.4,0,0.0,0,0.0,0,1000.1,332.9193306521552,8.15313443789771,107,,
2018,5,30,18,0,10.2,85,0,8.1,0,0.0,0,0.0,0,1000,4.8196617230634615,8.211652889718893,118,,
2018,5,30,19,0,10.4,95,0,7.8,0,0.0,0,0.0,0,999.5,31.494109879148937,8.105916375358765,129,,
2018,5,30,20,0,10.7,107,0,7.6,0,0.0,0,0.0,0,999,42.570766401822425,9.046010521284222,140,,
2018,5,30,21,0,10.8,124,0,7.6,0,0.0,0,0.0,0,998.5,46.29303616121132,10.434899040331471,150,,
2018,5,30,22,0,10.9,152,0,7.8,0,0.0,0,0.0,0,998,50.1608237010841,11.351959287215738,158,,
2018,5,30,23,0,10.9,-170,0,8,0,0.0,0,0.0,0,997.5,57.94646338276647,12.008957274053694,159,,
2018,5,31,0,0,10.9,-137,0,8,0,0.0,0,0.0,0,997.1,63.75310222764017,9.300461079078548,155,,
2018,5,31,1,0,10.9,-115,0,7.9,0,0.0,0,0.0,0,996.8,75.27273103736854,5.243556291641977,146,,
2018,5,31,2,0,10.8,-100,0,7.7,0,0.0,0,0.0,0,996.6,65.33815592947883,5.924153279714054,135,,
2018,5,31,3,0,10.7,-90,0,7.6,0,0.0,0,0.0,0,996.4,53.22827234511095,6.925010164886892,124,,
2018,5,31,4,0,10.5,-80,0,7.6,0,0.0,0,0.0,0,996.4,53.83993565450436,8.09163659167438,112,,
2018,5,31,5,0,10.3,-71,0,7.7,0,0.0,0,0.0,0,996.4,43.5229955719434,7.29359880779371,101,,
2018,5,31,6,0,10.2,-62,0.8,7.6,9,0.0,1,0.0,0,996.3,47.97019770065765,7.079715377459746,91,,
2018,5,31,7,0,10.2,-51,39.3,7.5,34,16.0,1,3.000000000000001,0,996.3,55.55489210964152,6.680004589741666,82,,
2018,5,31,8,0,10.2,-40,65.5,7.4,64,249.0,0,70.20322667152384,0,996.2,61.71503850496248,5.518520826979407,74,,
2018,5,31,9,0,9.8,-26,71.7,7,86,461.0,0,200.09574720881443,0,996.3,45.98286932753911,4.3577378524782535,67,,
2018,5,31,10,0,9.1,-12,71.7,6.4,110,644.0,0,326.77616777347373,0,996.5,42.836113149865184,4.517241719836578,64,,
2018,5,31,11,0,8.3,4,71.9,5.8,116,688.0,0,407.8689799516995,0,996.6,62.84606167241367,5.173473295585099,63,,
2018,5,31,12,0,7.8,19,58.5,5.3,156,687.0,0,434.5529316553253,0,997.1,76.4916190728602,8.130439998560844,65,,
2018,5,31,13,0,7.4,33,37.1,4.7,174,653.0,10,405.1885037213237,0,997.6,75.96453611952177,8.70368933774185,70,,
2018,5,31,14,0,7.1,45,37.3,4.1,108,585.0,6,323.1546261845311,0,998.2,78.54287503650977,8.42421170517136,77,,
2018,5,31,15,0,6.8,56,15.1,3.7,29,445.0,1,192.627439782778,0,999.1,85.39876822570437,7.617567825603843,86,,
2018,5,31,16,0,6.4,66,0,3.3,2,254.0,0,53.12482598222633,0,1000.2,96.64028661477433,5.94540108954336,96,,
2018,5,31,17,0,6.1,75,0,2.9,0,0.0,0,0.0,0,1001.3,98.7748845424008,5.96137741385445,107,,
2018,5,31,18,0,5.8,84,0,2.5,0,0.0,0,0.0,0,1002.2,96.69312798549004,5.331010512577583,118,,
2018,5,31,19,0,5.5,94,0,2,0,0.0,0,0.0,0,1002.9,103.72600208471238,2.5589186251023657,129,,
2018,5,31,20,0,5.2,107,0,1.5,0,0.0,0,0.0,0,1003.7,110.0588346885038,1.2940734799805218,140,,
2018,5,31,21,0,5.2,124,0,1.1,0,0.0,0,0.0,0,1004.3,134.37910011757805,1.2744552664106528,150,,
2018,5,31,22,0,5.5,152,0,0.8,0,0.0,0,0.0,0,1004.9,145.68821636404869,2.109230827773412,158,,
2018,5,31,23,0,5.7,-170,0,0.5,0,0.0,0,0.0,0,1005.5,149.3533174117697,3.578706061146449,160,,
2018,6,1,0,0,5.8,-137,0,0.5,0,0.0,0,0.0,0,1006,150.3024527947785,4.032038707611691,155,,
2018,6,1,1,0,5.8,-115,0,0.8,0,0.0,0,0.0,0,1006.5,130.33856990475863,2.4832601985040297,146,,
2018,6,1,2,0,5.7,-100,0,1,0,0.0,0,0.0,0,1007,117.1116341459728,2.575198390873504,135,,
2018,6,1,3,0,5.7,-89,0,1.1,0,0.0,0,0.0,0,1007.6,108.21278034474228,2.767554186796201,124,,
2018,6,1,4,0,5.9,-80,0,1,0,0.0,0,0.0,0,1008.4,101.59464986677769,2.697875045887363,112,,
2018,6,1,5,0,6,-71,0,0.8,0,0.0,0,0.0,0,1009.2,95.97417670891092,2.2073005579477862,102,,
2018,6,1,6,0,6.3,-62,0,1,9,0.0,3,0.0,0,1009.9,88.91423684237998,2.3449034459300035,91,,
2018,6,1,7,0,6.8,-51,0.4,1.5,43,16.0,55,3.000000000000001,0,1010.8,59.95091766634721,2.2871346280913296,82,,
2018,6,1,8,0,7.3,-40,21.1,2,140,241.0,32,64.0966585381609,0,1011.6,42.09243319034556,2.559306154734125,74,,
2018,6,1,9,0,7.6,-26,23.6,2.3,187,525.0,79,201.0571566782224,0,1012,45.34622211972629,2.1141083345145977,68,,
2018,6,1,10,0,7.9,-12,6.9,2.5,119,641.0,264,325.2549042533641,0,1012.2,63.39635281696269,1.6208221024105347,64,,
2018,6,1,11,0,8.1,4,8.9,2.6,146,687.0,238,406.8596174138757,0,1012.3,90.0,0.81640625,63,,
2018,6,1,12,0,8.2,19,6.2,2.7,115,695.0000000000001,245,436.6182423009369,0,1012.4,41.1499175880474,0.5116319073085673,65,,
2018,6,1,13,0,8.2,33,2,2.6,70,671.0,224,409.6699553843216,0,1012.7,346.21680948886745,0.3217654884481467,70,,
2018,6,1,14,0,8.2,45,2.1,2.5,55,593.0,115,324.03919797492495,0,1012.9,311.77505378672026,0.6567019768078849,77,,
2018,6,1,15,0,8.2,56,0.8,2.3,20,407.0,26,182.4573344559832,0,1013.3,279.9086997891145,0.7264119063969695,86,,
2018,6,1,16,0,8,66,0,2,1,192.0,0,44.26569414677907,0,1013.9,316.100355765704,1.2675362037815256,96,,
2018,6,1,17,0,7.9,75,0,1.8,0,0.0,0,0.0,0,1014.4,354.1879476564194,1.550205267881071,107,,
2018,6,1,18,0,7.5,84,0,1.8,0,0.0,0,0.0,0,1014.9,53.88541578525013,1.1556668228495532,118,,
2018,6,1,19,0,6.8,94,0,1.9,0,0.0,0,0.0,0,1015.4,46.87021809574844,1.1848969288356317,129,,
2018,6,1,20,0,6.1,106,0,2.1,0,0.0,0,0.0,0,1015.8,87.26637434003965,1.1824979588126052,140,,
2018,6,1,21,0,6,124,0,2.1,0,0.0,0,0.0,0,1016.1,153.22641813004657,2.7299207975265745,150,,
2018,6,1,22,0,6.5,151,0,2.2,0,0.0,0,0.0,0,1016.4,153.96404212070206,3.949099364395788,158,,
2018,6,1,23,0,7,-170,0,2.2,0,0.0,0,0.0,0,1016.6,144.18103837854966,3.775000246629012,160,,
2018,6,2,0,0,7.2,-137,0,2.2,0,0.0,0,0.0,0,1016.7,128.81238095321498,3.565281183916252,155,,
2018,6,2,1,0,7.2,-115,0,2.3,0,0.0,0,0.0,0,1016.8,91.58403099834383,2.349286432182452,146,,
2018,6,2,2,0,7.2,-100,0,2.4,0,0.0,0,0.0,0,1016.8,91.58644211477178,1.984158977254392,135,,
2018,6,2,3,0,7.2,-89,0,2.5,0,0.0,0,0.0,0,1017,91.07146347680872,1.84089805378158,124,,
2018,6,2,4,0,7.2,-80,0,2.7,0,0.0,0,0.0,0,1017.2,123.47386744100744,1.561188815241212,113,,
2018,6,2,5,0,7.3,-71,0,2.8,0,0.0,0,0.0,0,1017.5,125.69226023031,1.6725700751764887,102,,
2018,6,2,6,0,7.4,-62,0,3.3,8,0.0,5,0.0,0,1017.8,134.4424987822964,2.306492631962897,91,,
2018,6,2,7,0,7.7,-51,1.1,3.9,35,16.0,69,3.000000000000001,0,1018.2,140.63698681794347,1.6714062791282107,82,,
2018,6,2,8,0,8,-40,1.8,4.7,58,197.0,177,60.56151569707303,0,1018.6,149.681802397061,2.5270011233307272,74,,
2018,6,2,9,0,8.5,-26,1.8,4.7,67,317.0,276,164.7635034241829,0,1018.6,141.47398461875378,2.43290101749644,68,,
2018,6,2,10,0,9.1,-12,2.1,4.4,75,304.0,331,248.87307393731012,0,1018.3,132.4824948144231,3.1048752511498656,64,,
2018,6,2,11,0,9.8,4,2.3,3.9,79,326.0,340,306.9220905370559,0,1018,120.61255668735168,3.0055524187214626,63,,
2018,6,2,12,0,10,19,2.2,3.8,75,290.0,306,309.82546413515433,0,1017.6,97.8147809727534,2.1205238152650545,66,,
2018,6,2,13,0,10,33,2,3.8,65,223.0,230,262.82042615626307,0,1017.3,15.261383373322133,1.3708528268968252,70,,
2018,6,2,14,0,9.9,45,4.8,3.9,53,125.0,117,171.78755452478254,0,1016.9,294.9428503936452,1.118482252932572,78,,
2018,6,2,15,0,9.6,56,34.8,3.9,19,57.0,26,82.51752058994559,0,1016.8,252.72261648490968,1.7311907740904608,86,,
2018,6,2,16,0,9.2,66,18.4,3.8,1,28.0,0,17.791597294565747,0,1016.9,225.090407466606,1.750505783014843,96,,
2018,6,2,17,0,8.8,75,0,3.8,0,0.0,0,0.0,0,1017,208.0810128982642,1.254624324552501,107,,
2018,6,2,18,0,8,84,0.5,3.6,0,0.0,0,0.0,0,1016.9,164.79122737410012,0.7147297168934574,118,,
2018,6,2,19,0,7,94,25.2,3.5,0,0.0,0,0.0,0,1016.7,341.2814110213202,0.8109612198670006,129,,
2018,6,2,20,0,6,106,14.7,3.3,0,0.0,0,0.0,0,1016.5,304.85084820103174,0.5114014784942607,140,,
2018,6,2,21,0,5.7,123,30.3,3.3,0,0.0,0,0.0,0,1016.3,251.3212408209739,0.4535778676510326,150,,
2018,6,2,22,0,5.9,151,16.9,3.5,0,0.0,0,0.0,0,1016,183.73269165811817,0.4687678651584192,158,,
2018,6,2,23,0,6.2,-170,0.6,3.7,0,0.0,0,0.0,0,1015.7,144.8489689256511,1.4846035630786314,160,,
2018,6,3,0,0,6.2,-137,33.6,3.8,0,0.0,0,0.0,0,1015.6,136.19495340383486,2.673811105098572,155,,
2018,6,3,1,0,6.2,-114,51.9,3.8,0,0.0,0,0.0,0,1015.5,126.8982507586582,2.8614749597363347,146,,
2018,6,3,2,0,6,-100,51.9,3.8,0,0.0,0,0.0,0,1015.4,121.09938499561258,2.936167841022115,135,,
2018,6,3,3,0,5.9,-89,52,3.7,0,0.0,0,0.0,0,1015.4,121.84453417562644,2.710173716396725,124,,
2018,6,3,4,0,5.7,-80,51.5,3.5,0,0.0,0,0.0,0,1015.4,126.2561055749038,2.652788936686944,113,,
2018,6,3,5,0,5.6,-71,51.1,3.3,0,0.0,0,0.0,0,1015.4,123.49731542046813,2.415315913749392,102,,
2018,6,3,6,0,5.9,-61,50.9,3.5,6,0.0,1,0.0,0,1015.4,113.80374705436986,2.2278456086079577,91,,
2018,6,3,7,0,6.7,-51,18.4,4.1,27,3.0,75,2.0,0,1015.3,90.0,2.225830078125,82,,
2018,6,3,8,0,7.5,-40,1.2,4.7,51,36.0,185,39.40500993882572,0,1015.2,64.83534692437797,1.4698239113640903,74,,
2018,6,3,9,0,8.3,-26,1.9,4.8,63,67.0,279,105.38869457955307,0,1014.9,32.7471674753653,1.3372983637900224,68,,
2018,6,3,10,0,9.1,-12,0.7,4.5,58,93.0,353,168.96239334844034,0,1014.5,26.326981441157784,1.5766162269594388,64,,
2018,6,3,11,0,9.9,4,3.1,4.1,80,115.0,335,216.3494817979548,0,1014,13.237376631258314,1.0192697708573977,63,,
2018,6,3,12,0,10.2,19,3.9,4.2,84,129.0,290,233.4867868273127,0,1013.6,303.2748879848349,0.4485388877110461,66,,
2018,6,3,13,0,10.2,33,6.3,4.6,83,112.0,201,206.41486643160945,0,1013.5,324.50572290182373,1.423750175362192,71,,
2018,6,3,14,0,10.1,45,4.5,5,56,129.0,112,173.0633065441646,0,1013.3,317.7909396115002,2.4605289422844425,78,,
2018,6,3,15,0,9.9,56,0.9,5,16,135.0,32,112.5480382014084,0,1013.1,298.4550409847583,3.088720616672116,86,,
2018,6,3,16,0,9.5,66,0,4.7,1,93.0,0,30.47387023830282,0,1013,298.26934908190265,3.891366030123917,96,,
2018,6,3,17,0,9.1,75,0,4.3,0,0.0,0,0.0,0,1012.9,311.3277476973408,4.110384023098189,107,,
2018,6,3,18,0,8.3,84,0,3.8,0,0.0,0,0.0,0,1012.7,317.8077486178427,3.4431652289156025,118,,
2018,6,3,19,0,7.1,94,0,3.2,0,0.0,0,0.0,0,1012.6,331.44697502421525,2.8767383544479297,129,,
2018,6,3,20,0,6,106,0,2.6,0,0.0,0,0.0,0,1012.6,43.11912315913804,1.1887041311309547,140,,
2018,6,3,21,0,5.6,123,0,2.3,0,0.0,0,0.0,0,1012.3,113.27285185426916,2.646487224056498,151,,
2018,6,3,22,0,5.9,151,0,2.3,0,0.0,0,0.0,0,1011.9,113.28142721240266,3.4368276545428027,158,,
2018,6,3,23,0,6.3,-170,0,2.3,0,0.0,0,0.0,0,1011.5,99.63976899637464,3.0325657849830123,160,,
2018,6,4,0,0,6.3,-136,0.1,2.2,0,0.0,0,0.0,0,1011.1,86.75871872070502,2.5000931841649843,155,,
2018,6,4,1,0,6.1,-114,2.8,2.2,0,0.0,0,0.0,0,1010.6,69.94729893885057,2.3354267595420715,146,,
2018,6,4,2,0,5.8,-100,9.7,2.1,0,0.0,0,0.0,0,1010.1,54.67107706208236,1.7993812166340464,135,,
2018,6,4,3,0,5.8,-89,36.5,2.2,0,0.0,0,0.0,0,1009.7,346.4529945949253,2.2814931086766994,124,,
2018,6,4,4,0,5.9,-80,18.1,2.5,0,0.0,0,0.0,0,1009.2,344.7923917108948,2.7372099430972843,113,,
2018,6,4,5,0,6.1,-71,0.1,2.7,0,0.0,0,0.0,0,1008.8,356.25846454756925,2.8733117495594263,102,,
2018,6,4,6,0,6.5,-61,5.6,3.3,9,0.0,1,0.0,0,1008.4,357.9686802854724,2.4451400403520203,92,,
2018,6,4,7,0,7.1,-51,32.3,4,55,6.0,1,2.0000000000000004,0,1007.9,353.0140419219369,2.37062690324453,82,,
2018,6,4,8,0,7.7,-40,73.7,4.7,47,96.0,0,51.22453075865311,0,1007.4,336.2282591279331,2.256108707008792,74,,
2018,6,4,9,0,8.4,-26,86,5.2,47,179.0,0,141.06779842853558,0,1006.8,345.807695817782,2.0652316672630446,68,,
2018,6,4,10,0,9.1,-12,90.7,5.5,35,290.0,0,232.9416143940734,0,1006.1,356.7566831432451,1.8943917134603927,64,,
2018,6,4,11,0,9.8,4,91.9,5.7,33,514.0,0,352.5803179269616,0,1005.4,3.198590869956206,1.737081134859107,64,,
2018,6,4,12,0,9.9,19,76.2,5.9,84,556.0,0,387.6924553848496,0,1004.8,12.686709421235776,1.6719226473854838,66,,
2018,6,4,13,0,9.6,33,48.6,6,137,544.0,0,365.181346207153,0,1004.5,21.469984234159483,1.0032068332080442,71,,
2018,6,4,14,0,9.3,45,30.2,6.1,109,510.0,0,296.19497080296185,0,1004.1,5.841568615429821,0.9139255844995468,78,,
2018,6,4,15,0,8.9,56,40.1,6.1,31,393.0,0,176.84200302215953,0,1004,350.9186528713537,1.2374347717742151,86,,
2018,6,4,16,0,8.6,66,17.4,6.2,0,218.0,0,45.9810397847974,0,1004.1,31.9471812661439,2.012599552251195,96,,
2018,6,4,17,0,8.2,75,0,6.2,0,0.0,0,0.0,0,1004.2,65.69245947464191,4.124422813262089,107,,
2018,6,4,18,0,8.1,84,0.7,6.3,0,0.0,0,0.0,0,1004.7,88.37541954743926,5.761104770856884,118,,
2018,6,4,19,0,8.1,94,35.4,6.5,0,0.0,0,0.0,0,1005.5,97.80108119862194,5.525502214218509,129,,
2018,6,4,20,0,8.1,106,52.4,6.7,0,0.0,0,0.0,0,1006.2,96.54890292197824,6.453978262733781,140,,
2018,6,4,21,0,8,123,50.4,6.6,0,0.0,0,0.0,0,1006.7,92.50983309554056,7.370351474020842,151,,
2018,6,4,22,0,7.8,151,18.1,6.2,0,0.0,0,0.0,0,1006.9,95.64336749256483,6.708294651164803,158,,
2018,6,4,23,0,7.6,-171,0,5.7,0,0.0,0,0.0,0,1007.2,107.5943164694006,5.157013171967141,160,,
2018,6,5,0,0,7.4,-136,0,5.5,0,0.0,0,0.0,0,1007.4,117.7425651392134,4.526700735302216,155,,
2018,6,5,1,0,7.4,-114,0,5.3,0,0.0,0,0.0,0,1007.5,124.71456450492536,3.919618679422676,146,,
2018,6,5,2,0,7.4,-100,0,5.1,0,0.0,0,0.0,0,1007.6,125.25417172594126,3.602018050305829,135,,
2018,6,5,3,0,7.4,-89,0,5,0,0.0,0,0.0,0,1008,117.1054272172413,3.519343194372409,124,,
2018,6,5,4,0,7.4,-80,0,4.9,0,0.0,0,0.0,0,1008.6,114.92520712277712,4.101501646044563,113,,
2018,6,5,5,0,7.5,-71,0,4.9,0,0.0,0,0.0,0,1009.1,125.81103483942591,4.449587946470053,102,,
2018,6,5,6,0,7.8,-61,0.3,5.1,8,0.0,2,0.0,0,1009.8,130.83015807282243,5.011869724107737,92,,
2018,6,5,7,0,8.4,-51,16.8,5.6,65,9.0,6,2.0000000000000004,0,1010.5,124.9369021486749,5.218545749801851,82,,
2018,6,5,8,0,9,-39,58.3,6.1,75,164.0,3,55.32227187788045,0,1011.2,132.38072795424353,5.13378663014918,74,,
2018,6,5,9,0,9.7,-26,78.3,6.5,71,290.0,0,157.0911190335327,0,1011.4,132.3545578355425,5.352335970038708,68,,
2018,6,5,10,0,10.5,-12,79.5,6.8,81,376.0,0,262.6374025291599,0,1011.3,133.34891586171568,5.76386316771175,65,,
2018,6,5,11,0,11.2,3,82.1,7.1,73,363.0,0,313.0084857013091,0,1011.2,135.71896396558736,5.599462868484008,64,,
2018,6,5,12,0,11.6,19,86.2,7.3,51,306.0,0,310.20533536596463,0,1011.2,140.12416509132856,5.301874895501667,66,,
2018,6,5,13,0,11.6,32,90.9,7.6,26,273.0,0,278.05899179427684,0,1011.2,149.6030544710042,4.693789223914699,71,,
2018,6,5,14,0,11.5,45,64.9,7.8,42,164.0,0,186.59162101678407,0,1011.3,165.44904177057094,4.132805649403769,78,,
2018,6,5,15,0,11.3,56,18.5,8,22,73.0,0,87.56494168920851,0,1011.5,170.68012448805428,2.938199477413199,86,,
2018,6,5,16,0,10.9,66,34.5,8.1,1,23.0,0,15.032610987156009,0,1011.8,171.30208721812767,2.160096317722235,96,,
2018,6,5,17,0,10.5,75,19.3,8.3,0,0.0,0,0.0,0,1012.1,166.86866105178603,2.5382955595947507,107,,
2018,6,5,18,0,10.4,84,0.6,8.5,0,0.0,0,0.0,0,1012.4,174.94617394993566,2.882299031169064,118,,
2018,6,5,19,0,10.5,94,33.6,8.8,0,0.0,0,0.0,0,1012.8,169.9068891121393,3.864493400713201,129,,
2018,6,5,20,0,10.7,106,52,9.1,0,0.0,0,0.0,0,1013.1,165.5474156038763,3.577317275786383,140,,
2018,6,5,21,0,10.9,123,52.7,9.5,0,0.0,0,0.0,0,1013.2,148.52350526180953,3.532484741731426,151,,
2018,6,5,22,0,11.3,151,72.2,10.1,0,0.0,0,0.0,0,1013.2,152.98894278160537,4.558528641445806,158,,
2018,6,5,23,0,11.7,-171,81.6,10.6,0,0.0,0,0.0,0,1013.1,161.7154553862547,5.293899566897475,160,,
2018,6,6,0,0,11.9,-136,82.2,11.1,0,0.0,0,0.0,0,1012.9,166.09691141184155,4.688126814577041,155,,
2018,6,6,1,0,12.2,-114,83,11.4,0,0.0,0,0.0,0,1012.8,153.66976139176222,5.2483620245532805,146,,
2018,6,6,2,0,12.4,-100,83,11.8,0,0.0,0,0.0,0,1012.6,160.15113734201736,5.466089337114374,136,,
2018,6,6,3,0,12.6,-89,82.2,12,0,0.0,0,0.0,0,1012.6,159.23540020929445,5.832722489413314,124,,
2018,6,6,4,0,12.7,-80,74.6,12.2,0,0.0,0,0.0,0,1012.8,163.36307525253255,5.159847859618177,113,,
2018,6,6,5,0,12.8,-71,78.8,12.4,0,0.0,0,0.0,0,1013,162.68072312030563,3.818386669012604,102,,
2018,6,6,6,0,13.1,-61,77,12.6,2,0.0,0,0.0,0,1013.2,158.91567045752572,4.3759704603422085,92,,
2018,6,6,7,0,13.5,-51,72.5,12.9,25,3.0,0,2.0,0,1013.5,149.21768214165547,5.5928665454455215,82,,
2018,6,6,8,0,13.8,-39,73.5,13.2,56,39.0,0,38.383393554172365,0,1013.8,151.17979369801253,5.599310663064206,74,,
2018,6,6,9,0,13.9,-26,83.9,13.3,48,52.0,0,94.85382870532564,0,1013.7,151.51607016883872,5.849702756005811,68,,
2018,6,6,10,0,13.7,-12,95,13.2,22,54.0,0,145.6525774043672,0,1013.4,152.94535643116637,5.698796722704211,65,,
2018,6,6,11,0,13.6,3,92.2,13.1,33,65.0,0,185.3821012881148,0,1013.1,153.88860483200938,5.184935964457464,64,,
2018,6,6,12,0,13.5,18,88.9,13,39,62.0,0,190.28639015725,0,1012.9,160.8424877382455,5.344566154616931,66,,
2018,6,6,13,0,13.5,32,86.1,13,36,77.0,0,186.89421997323265,0,1012.8,170.04077086503048,4.720547668397367,71,,
2018,6,6,14,0,13.5,45,55.9,12.9,55,73.0,0,144.86807807531142,0,1012.7,181.92793558006568,4.738766449618234,78,,
2018,6,6,15,0,13.5,56,67.5,12.8,24,53.0,0,80.14094230974152,0,1012.7,183.7199771175944,4.756359266762934,87,,
2018,6,6,16,0,13.4,65,63.1,12.7,0,24.0,0,16.140725794968866,0,1012.7,203.500865871079,5.092042004735649,96,,
2018,6,6,17,0,13.3,75,51.3,12.5,0,0.0,0,0.0,0,1012.8,218.65461494521827,5.46852190359451,107,,
2018,6,6,18,0,13.2,84,51.3,12.3,0,0.0,0,0.0,0,1012.8,214.69997815769727,4.76762769549087,118,,
2018,6,6,19,0,13.2,93,44,12,0,0.0,0,0.0,0,1012.8,193.63646471044493,5.176686546757695,129,,
2018,6,6,20,0,13.2,105,39.8,11.8,0,0.0,0,0.0,0,1012.7,191.4647215457704,6.48660314494366,140,,
2018,6,6,21,0,13.2,122,39.3,11.7,0,0.0,0,0.0,0,1012.4,192.65843879121272,7.244945034064745,151,,
2018,6,6,22,0,13.1,150,14.1,11.8,0,0.0,0,0.0,0,1011.8,194.49603660778016,7.68861503965743,158,,
2018,6,6,23,0,13.1,-171,0,11.9,0,0.0,0,0.0,0,1011.2,202.4797206384204,7.785423679993448,160,,
2018,6,7,0,0,13,-136,0,11.8,0,0.0,0,0.0,0,1010.6,214.8566660153048,7.88220911580579,156,,
2018,6,7,1,0,12.9,-114,0,11.5,0,0.0,0,0.0,0,1010,217.62714499332628,7.851027475224193,146,,
2018,6,7,2,0,12.8,-100,0,11.3,0,0.0,0,0.0,0,1009.3,228.8425120754636,7.496370343248483,136,,
2018,6,7,3,0,12.7,-89,0,11,0,0.0,0,0.0,0,1008.8,240.6210304803239,6.752157431665425,124,,
2018,6,7,4,0,12.7,-80,0,10.7,0,0.0,0,0.0,0,1008.3,248.2539426357211,6.992230654961591,113,,
2018,6,7,5,0,12.7,-71,0,10.5,0,0.0,0,0.0,0,1007.9,257.3823175191248,6.709149167897969,102,,
2018,6,7,6,0,13.1,-61,0.3,10.4,7,0.0,1,0.0,0,1007.5,261.83441159841,6.968352220926034,92,,
2018,6,7,7,0,13.7,-51,14.8,10.5,63,1.0,7,1.0,0,1007.2,263.72461826726567,6.673778253535861,83,,
2018,6,7,8,0,14.4,-39,9.5,10.6,84,13.0,114,27.77162937177569,0,1006.9,264.34232357335287,7.15448078207615,75,,
2018,6,7,9,0,14.7,-26,2.8,10.5,92,18.0,216,69.72376989094614,0,1006.3,267.2118663905741,8.577536616618296,68,,
2018,6,7,10,0,14.8,-12,27.3,10.4,183,20.0,90,111.50129335826492,0,1005.5,273.8294800069912,10.388918651928034,65,,
2018,6,7,11,0,14.9,3,18.2,10.3,161,14.0,160,116.65761563668369,0,1004.6,279.855990937117,12.086340132493724,64,,
2018,6,7,12,0,14.9,18,42.4,10.3,122,10.0,89,107.38459130683268,0,1003.9,283.7604205370303,13.690039353425565,66,,
2018,6,7,13,0,14.8,32,81.2,10.2,56,11.0,0,99.6828258876542,0,1003.2,285.0389886777532,13.754042059485991,71,,
2018,6,7,14,0,14.6,45,77.3,10.2,26,14.0,0,86.13457200003727,0,1002.6,288.73251847987325,14.345090942616418,78,,
2018,6,7,15,0,14.4,56,43,10.4,11,19.0,0,58.04848959823713,0,1002.1,284.5042032038252,13.709641356757814,87,,
2018,6,7,16,0,14.1,65,42.9,10.8,0,16.0,0,15.079567601690304,0,1001.8,283.27203035234845,12.506145037334989,96,,
2018,6,7,17,0,13.8,74,61.2,11.1,0,0.0,0,0.0,0,1001.5,282.51031882088904,12.9658059719656,107,,
2018,6,7,18,0,13.4,83,48.8,11.1,0,0.0,0,0.0,0,1001.3,285.1326255372556,12.61972889534955,118,,
2018,6,7,19,0,12.8,93,67,10.7,0,0.0,0,0.0,0,1001.3,284.868738644077,13.082080329536415,129,,
2018,6,7,20,0,12.3,105,83,10.3,0,0.0,0,0.0,0,1001.2,289.80356123228177,13.372389950947518,141,,
2018,6,7,21,0,12.1,122,82.8,10.3,0,0.0,0,0.0,0,1001.1,295.85078744843617,14.968297186992872,151,,
2018,6,7,22,0,12.1,150,74,10.4,0,0.0,0,0.0,0,1001,289.56789047881057,12.811195867738412,159,,
2018,6,7,23,0,12.1,-171,69.2,10.6,0,0.0,0,0.0,0,1000.8,286.18856305667555,12.800771725476157,161,,
2018,6,8,0,0,12,-136,72.8,10.7,0,0.0,0,0.0,0,1000.7,288.9975546272417,15.410670205406694,156,,
2018,6,8,1,0,12,-114,71.2,10.6,0,0.0,0,0.0,0,1000.5,286.35526328326097,15.015577306284666,146,,
2018,6,8,2,0,11.9,-100,69.3,10.6,0,0.0,0,0.0,0,1000.4,286.8276259357032,13.274977149602472,136,,
2018,6,8,3,0,11.9,-89,80.8,10.5,0,0.0,0,0.0,0,1000.1,300.40886731269075,17.531318754513535,124,,
2018,6,8,4,0,11.9,-79,86.9,10.5,0,0.0,0,0.0,0,999.7,305.9091924862779,13.253474378309418,113,,
2018,6,8,5,0,11.9,-70,83.7,10.4,0,0.0,0,0.0,0,999.2,317.4915623332921,14.967144557494237,102,,
2018,6,8,6,0,12,-61,78.6,10.5,2,0.0,0,0.0,0,998.8,320.8137273272404,14.10454261547324,92,,
2018,6,8,7,0,12.4,-51,78.7,10.5,16,0.0,0,1.0,0,998.4,318.38460968043483,13.889458576227822,83,,
2018,6,8,8,0,12.7,-39,82.8,10.6,32,5.0,0,19.288361443137838,0,997.9,322.0844329098896,13.875699440192118,75,,
2018,6,8,9,0,12.9,-26,83.9,10.7,47,5.0,0,45.02553183549253,0,997.2,319.46427583348714,13.46690970325854,69,,
2018,6,8,10,0,13,-12,87.4,10.8,43,14.0,0,88.5264727401438,0,996.2,321.1451545413125,13.575528659326798,65,,
2018,6,8,11,0,13.1,3,91.1,10.9,32,31.0,0,140.4759126244047,0,995.2,323.7531953294732,13.793344931710914,64,,
2018,6,8,12,0,13.1,18,94.2,11,19,40.0,0,158.47666567689967,0,994.4,325.1054816130892,12.775756291829474,66,,
2018,6,8,13,0,13.1,32,86.1,11.1,29,102.0,0,198.28160782045853,0,993.7,321.1786538076476,15.579347876222414,71,,
2018,6,8,14,0,13.1,45,65.3,11.2,37,125.0,0,169.6949000704664,0,993.1,322.8406302996243,15.531155248233972,78,,
2018,6,8,15,0,13.1,55,51.1,11.3,14,154.0,0,116.7657466664656,0,992.6,329.9240268373654,11.63880710872126,87,,
2018,6,8,16,0,13,65,49.9,11.4,0,74.0,0,25.559352926751597,0,992.3,340.10389169728745,9.437325662303696,96,,
2018,6,8,17,0,12.9,74,51,11.6,0,0.0,0,0.0,0,992,339.11445875112275,9.251947069156042,107,,
2018,6,8,18,0,12.2,83,50.5,10.8,0,0.0,0,0.0,0,992,341.3401859534426,10.189931485729094,118,,
2018,6,8,19,0,11.2,93,25.1,9.4,0,0.0,0,0.0,0,992.3,344.74669233400306,10.161432337894686,129,,
2018,6,8,20,0,10.1,105,22.4,7.9,0,0.0,0,0.0,0,992.6,353.5108466739227,10.079714745807149,141,,
2018,6,8,21,0,9.3,122,17.2,6.6,0,0.0,0,0.0,0,993.4,357.20126634090514,9.040079730534671,151,,
2018,6,8,22,0,8.8,150,3.8,5.5,0,0.0,0,0.0,0,994.6,0.3049569146513136,8.394161867701277,159,,
2018,6,8,23,0,8.2,-171,0,4.5,0,0.0,0,0.0,0,995.9,2.100481857166983,8.312958643744203,161,,
2018,6,9,0,0,8.1,-136,0,4,0,0.0,0,0.0,0,997.2,0.6759779243402022,7.884337781439534,156,,
2018,6,9,1,0,8.3,-114,0,3.8,0,0.0,0,0.0,0,998.3,359.4208655066015,7.946695006803914,147,,
2018,6,9,2,0,8.4,-99,0,3.8,0,0.0,0,0.0,0,999.5,6.552176033264061,7.935621718951074,136,,
2018,6,9,3,0,8.5,-89,0,3.7,0,0.0,0,0.0,0,1000.6,11.275065507096656,7.631916352749574,125,,
2018,6,9,4,0,8.6,-79,0,3.7,0,0.0,0,0.0,0,1001.7,17.969235591286576,7.503708955473633,113,,
2018,6,9,5,0,8.6,-70,0,3.7,0,0.0,0,0.0,0,1002.7,21.92099875973605,7.102635477755143,102,,
2018,6,9,6,0,8.8,-61,0,3.9,5,0.0,1,0.0,0,1003.7,23.465098136455254,6.816115010770133,92,,
2018,6,9,7,0,9,-51,1.5,4.3,45,4.0,29,2.0000000000000004,0,1004.8,20.35951271258972,7.372435515869738,83,,
2018,6,9,8,0,9.2,-39,36.9,4.6,93,99.0,16,49.55017380741853,0,1005.8,24.545170211706647,7.285832534776761,75,,
2018,6,9,9,0,9.3,-26,47.4,4.9,172,227.0,0,148.1762527898308,0,1006.5,28.814182622102805,6.510138747323241,69,,
2018,6,9,10,0,9.3,-12,48.8,5.1,196,456.0,3,269.679364420217,0,1006.9,26.880311531717894,4.643296015741925,65,,
2018,6,9,11,0,9.2,3,23.5,5.3,148,573.0000000000001,163,361.7040778173472,0,1007.3,29.82389812567197,4.062171702691345,64,,
2018,6,9,12,0,9.2,18,33.4,5.3,159,612.0,93,397.5115565705938,0,1007.8,36.075207924403685,4.622466102030174,66,,
2018,6,9,13,0,9,32,22,5.1,119,606.0,95,377.3697230118739,0,1008.5,40.93488064026502,4.36635556426212,71,,
2018,6,9,14,0,8.9,44,25.8,4.9,79,538.0,53,298.0839359408704,0,1009.2,46.922195914899305,4.976889301630646,78,,
2018,6,9,15,0,8.7,55,13.1,4.7,28,394.0,0,171.94435631911824,0,1010.1,48.43838287165795,5.443092128844069,87,,
2018,6,9,16,0,8.5,65,0,4.5,0,168.0,0,36.585583592734906,0,1011.2,47.02230357985792,5.699246469891745,96,,
2018,6,9,17,0,8.3,74,0,4.3,0,0.0,0,0.0,0,1012.4,51.14147482614391,5.639675879473616,107,,
2018,6,9,18,0,8.1,83,0,4.1,0,0.0,0,0.0,0,1013.3,57.73225807464371,5.041253706147761,118,,
2018,6,9,19,0,7.9,93,0,3.8,0,0.0,0,0.0,0,1014.1,57.73319917223921,5.842134573717894,129,,
2018,6,9,20,0,7.7,105,0,3.5,0,0.0,0,0.0,0,1014.9,78.1552870303729,6.196888630554321,141,,
2018,6,9,21,0,7.7,122,0,3.4,0,0.0,0,0.0,0,1015.6,103.34685214913708,5.905601506230388,151,,
2018,6,9,22,0,7.9,150,0,3.4,0,0.0,0,0.0,0,1016.2,118.67544893138312,5.496943860167585,159,,
2018,6,9,23,0,8,-171,0,3.4,0,0.0,0,0.0,0,1016.7,120.7007601177375,5.071655142690901,161,,
2018,6,10,0,0,8.1,-136,0,3.3,0,0.0,0,0.0,0,1017.3,125.32987000251222,4.843692933023284,156,,
2018,6,10,1,0,8.1,-114,0,3.1,0,0.0,0,0.0,0,1018,138.05624133382798,4.665841617908448,147,,
2018,6,10,2,0,8.1,-99,0,2.9,0,0.0,0,0.0,0,1018.7,144.34525671751464,5.070036688122626,136,,
2018,6,10,3,0,8.1,-89,0,2.7,0,0.0,0,0.0,0,1019.5,145.30093095045646,5.648633924474713,125,,
2018,6,10,4,0,8.1,-79,0,2.5,0,0.0,0,0.0,0,1020.3,148.56894973084195,6.699595649282139,113,,
2018,6,10,5,0,8.1,-70,0,2.4,0,0.0,0,0.0,0,1021.2,153.69809180853122,6.632719243700425,103,,
2018,6,10,6,0,8.3,-61,0.9,2.7,5,0.0,1,0.0,0,1021.9,156.86305561695394,6.3761235350328365,92,,
2018,6,10,7,0,8.7,-51,45.5,3.3,27,8.0,0,2.0000000000000004,0,1022.6,158.26606949541974,6.390036712094783,83,,
2018,6,10,8,0,9.1,-39,68.7,4,67,146.0,0,49.96099797724278,0,1023.3,160.37349860902555,6.612180529234274,75,,
2018,6,10,9,0,9.5,-26,54.5,4.3,149,178.0,1,128.92344889125016,0,1023.6,156.14725648236254,6.289654664777276,69,,
2018,6,10,10,0,9.9,-12,33.4,4.3,216,158.0,42,192.57630557465865,0,1023.6,155.23553632641313,5.764761232012207,65,,
2018,6,10,11,0,10.4,3,20,4.3,205,164.0,114,234.5031027216412,0,1023.5,157.12880601127654,4.807926364079724,64,,
2018,6,10,12,0,10.6,18,14,4.5,161,160.0,150,244.4622653573881,0,1023.7,170.19213853736346,4.425768651043702,66,,
2018,6,10,13,0,10.5,32,31.2,4.7,142,156.0,56,223.81335888402177,0,1024,168.74045152247743,3.5935805902771305,71,,
2018,6,10,14,0,10.5,44,38.8,5,96,205.0,0,199.5139311574628,0,1024.3,192.97090618227904,3.449090404433909,78,,
2018,6,10,15,0,10.4,55,57.5,5.1,26,170.0,0,118.71449707985164,0,1024.6,199.7914947389444,3.2807016913646354,87,,
2018,6,10,16,0,10.3,65,69,5.2,0,43.0,0,18.49918780874548,0,1025,201.2813421098256,3.711067478513688,97,,
2018,6,10,17,0,10.2,74,69,5.3,0,0.0,0,0.0,0,1025.4,206.8587588044452,4.771032529806387,107,,
2018,6,10,18,0,9.9,83,68.8,5.3,0,0.0,0,0.0,0,1025.6,208.41181429047765,5.23782738092604,118,,
2018,6,10,19,0,9.4,93,57.9,5.4,0,0.0,0,0.0,0,1025.6,200.45754962149007,5.302434709768382,129,,
2018,6,10,20,0,9,105,44.2,5.5,0,0.0,0,0.0,0,1025.5,193.95328946858973,5.194033753623249,141,,
2018,6,10,21,0,8.9,122,44.4,5.5,0,0.0,0,0.0,0,1025.6,189.4425345008596,4.881076864378627,151,,
2018,6,10,22,0,9,149,16.9,5.4,0,0.0,0,0.0,0,1025.6,183.5577075461093,5.012345314255142,159,,
2018,6,10,23,0,9.2,-171,0,5.3,0,0.0,0,0.0,0,1025.7,176.1840365097047,4.926694139536052,161,,
2018,6,11,0,0,9.3,-136,0,5.4,0,0.0,0,0.0,0,1025.7,171.36234519031427,5.351468412588528,156,,
2018,6,11,1,0,9.3,-114,0,5.5,0,0.0,0,0.0,0,1025.8,174.72054884106808,6.017716081493325,147,,
2018,6,11,2,0,9.3,-99,0,5.7,0,0.0,0,0.0,0,1025.9,177.14656532404786,6.385358323727322,136,,
2018,6,11,3,0,9.3,-89,0,5.8,0,0.0,0,0.0,0,1026,179.27122376180944,6.430207654416471,125,,
2018,6,11,4,0,9.3,-79,0,6,0,0.0,0,0.0,0,1026.2,176.92562225944494,6.636993671940127,114,,
2018,6,11,5,0,9.2,-70,0,6.1,0,0.0,0,0.0,0,1026.4,179.42823355113967,6.801364043285196,103,,
2018,6,11,6,0,9.3,-61,0.3,6.2,5,0.0,1,0.0,0,1026.5,178.9386099175617,7.0380728149715175,92,,
2018,6,11,7,0,9.5,-51,15.7,6.3,60,1.0,10,1.0,0,1026.6,184.08736958771763,7.960187987139728,83,,
2018,6,11,8,0,9.6,-39,40.3,6.5,118,46.0,6,38.441141761431815,0,1026.7,186.6957303379116,7.994468952503978,75,,
2018,6,11,9,0,9.9,-26,34.7,6.5,181,89.0,40,108.82670549177112,0,1026.4,186.6399832950653,7.311740155152526,69,,
2018,6,11,10,0,10.4,-12,12.7,6.6,140,146.0,210,192.52062407027296,0,1025.9,189.41688086966752,7.186196665145416,65,,
2018,6,11,11,0,10.8,3,3.3,6.6,86,227.0,314,267.3546388007068,0,1025.4,195.55730416969703,7.218570541859441,64,,
2018,6,11,12,0,10.9,18,23.8,6.6,171,152.0,119,246.80165151097697,0,1025.1,209.79888581028868,7.453564233053132,66,,
2018,6,11,13,0,10.8,32,24.3,6.6,162,177.0,53,240.48414365051707,0,1024.8,229.1569060397824,9.242770956136754,71,,
2018,6,11,14,0,10.7,44,29,6.5,95,142.0,30,178.4895246666254,0,1024.5,231.0102115891148,9.447334779837613,78,,
2018,6,11,15,0,10.5,55,46,6.5,28,43.0,0,72.28050732527629,0,1024.5,228.29067135009925,9.533694307177855,87,,
2018,6,11,16,0,10.3,65,52,6.5,0,6.0,0,8.764324642342462,0,1024.7,229.15399197840307,9.523312775168318,97,,
2018,6,11,17,0,10.1,74,52,6.5,0,0.0,0,0.0,0,1024.9,230.9297783334277,9.645197348229402,107,,
2018,6,11,18,0,9.6,83,51.4,6.3,0,0.0,0,0.0,0,1025,232.5709506983129,10.04193326522307,118,,
2018,6,11,19,0,8.9,93,18.4,5.9,0,0.0,0,0.0,0,1025,217.3910206760959,9.34667566036496,129,,
2018,6,11,20,0,8.2,105,0,5.5,0,0.0,0,0.0,0,1025,210.1265510679104,9.364587978295408,141,,
2018,6,11,21,0,8.1,121,0,5.6,0,0.0,0,0.0,0,1024.9,208.04680666715112,9.035731606114144,151,,
2018,6,11,22,0,8.4,149,0,6,0,0.0,0,0.0,0,1024.8,208.22900803368745,8.952741930956881,159,,
2018,6,11,23,0,8.8,-171,0,6.6,0,0.0,0,0.0,0,1024.6,210.8381367156321,8.822819511452133,161,,
2018,6,12,0,0,9,-136,0,6.8,0,0.0,0,0.0,0,1024.5,212.87562116095492,8.722309418277531,156,,
2018,6,12,1,0,8.9,-114,0,6.8,0,0.0,0,0.0,0,1024.4,186.17841008165155,8.30703976208378,147,,
2018,6,12,2,0,8.9,-99,0,6.7,0,0.0,0,0.0,0,1024.3,185.39980876556763,8.836332320778135,136,,
2018,6,12,3,0,8.8,-89,0,6.7,0,0.0,0,0.0,0,1024.3,191.4406697183543,8.288465922438915,125,,
2018,6,12,4,0,8.8,-79,0,6.7,0,0.0,0,0.0,0,1024.3,201.2280389363349,8.059563098175321,114,,
2018,6,12,5,0,8.7,-70,0,6.7,0,0.0,0,0.0,0,1024.3,206.35541174104983,8.802938841075928,103,,
2018,6,12,6,0,8.8,-61,0,6.7,4,0.0,2,0.0,0,1024.4,205.90514648392656,8.977513069572485,92,,
2018,6,12,7,0,9.1,-51,2.1,6.6,33,0.0,55,0.0,0,1024.6,187.1053304608212,9.166094750567408,83,,
2018,6,12,8,0,9.4,-39,1.2,6.5,50,1.0,168,9.051685952228809,0,1024.7,189.41369827720888,9.458925510485628,75,,
2018,6,12,9,0,9.9,-26,0.8,6.5,61,3.0,265,33.596608525143026,0,1024.5,197.7611887582406,8.646755978558206,69,,
2018,6,12,10,0,10.5,-12,1.7,6.6,72,8.0,317,74.53807857444465,0,1024,204.26266771041688,9.13179574336896,65,,
2018,6,12,11,0,11.1,3,1.8,6.7,74,7.0,330,88.77737038680674,0,1023.5,213.72666738472,8.904118162295859,64,,
2018,6,12,12,0,11.3,18,1.8,6.9,70,4.0,297,70.72710547762324,0,1023,229.8455155395443,10.1430783970229,66,,
2018,6,12,13,0,11.2,32,1.9,7,62,3.0,221,55.25956300834703,0,1022.7,238.1493827304548,8.967443979187758,71,,
2018,6,12,14,0,11,44,3.2,7.2,47,10.0,116,72.61827402794884,0,1022.3,226.05228624605544,8.535403494669167,78,,
2018,6,12,15,0,10.5,55,26.3,7.1,15,10.0,27,44.61750800967799,0,1022.2,226.94326687967293,9.12806646543108,87,,
2018,6,12,16,0,9.8,65,14.1,6.7,0,3.0,0,6.380949787367143,0,1022.2,239.70586148552968,9.400908211194944,97,,
2018,6,12,17,0,9.1,74,0.2,6.3,0,0.0,0,0.0,0,1022.2,228.4831232427229,6.950288498331363,107,,
2018,6,12,18,0,8.4,83,7.7,5.9,0,0.0,0,0.0,0,1022.2,226.67013132487412,6.3141627718395865,118,,
2018,6,12,19,0,7.6,93,4.5,5.5,0,0.0,0,0.0,0,1022.1,215.9242153954813,6.739394527740616,129,,
2018,6,12,20,0,6.9,104,11.1,5.1,0,0.0,0,0.0,0,1022,211.60043925566225,6.876571566682579,141,,
2018,6,12,21,0,6.8,121,50.1,5.1,0,0.0,0,0.0,0,1021.7,208.7557180685619,6.609528974899406,151,,
2018,6,12,22,0,7.2,149,57.4,5.3,0,0.0,0,0.0,0,1021.2,197.00076181166875,5.234607161881874,159,,
2018,6,12,23,0,7.6,-171,19.1,5.6,0,0.0,0,0.0,0,1020.7,174.09580487609094,4.191423748509551,161,,
2018,6,13,0,0,7.7,-136,32.9,5.7,0,0.0,0,0.0,0,1020.4,147.21662207309492,3.752753979006424,156,,
2018,6,13,1,0,7.7,-114,18.5,5.7,0,0.0,0,0.0,0,1020,100.27001737210212,2.622336103156223,147,,
2018,6,13,2,0,7.7,-99,2.7,5.7,0,0.0,0,0.0,0,1019.7,63.5378444552191,1.823905068329084,136,,
2018,6,13,3,0,7.7,-89,4.2,5.7,0,0.0,0,0.0,0,1019.5,9.185608821443168,3.523702201289028,125,,
2018,6,13,4,0,7.8,-79,4.3,5.7,0,0.0,0,0.0,0,1019.3,351.7560459202795,5.594924398564293,114,,
2018,6,13,5,0,7.9,-70,9.2,5.8,0,0.0,0,0.0,0,1019.2,348.4430500621122,6.95222838546453,103,,
2018,6,13,6,0,8.2,-61,4.4,6.1,4,0.0,2,0.0,0,1019.2,351.3894692873215,8.84480807711278,92,,
2018,6,13,7,0,8.7,-51,4.9,6.8,41,2.0,39,1.0000000000000002,0,1019.3,345.3729775159513,9.475558175049548,83,,
2018,6,13,8,0,9.3,-39,19.9,7.4,125,56.0,39,43.82134152593135,0,1019.4,346.0620121641586,9.35729397228702,75,,
2018,6,13,9,0,10,-26,27.6,7.8,194,112.0,37,124.12296295540818,0,1019.1,352.4620559157474,9.374223022053028,69,,
2018,6,13,10,0,10.9,-12,35,8.1,234,204.0,15,208.45998849506265,0,1018.5,355.64245868483005,8.913461181793194,65,,
2018,6,13,11,0,11.8,3,64.1,8.3,144,357.0,0,306.2282627514888,0,1017.9,351.9125451352951,9.6018429304721,64,,
2018,6,13,12,0,12.2,18,60.4,8.7,138,241.0,0,280.8112193553638,0,1017.4,349.06229053116425,9.021053782112144,66,,
2018,6,13,13,0,12.2,32,40.1,9.1,160,105.0,0,196.99507008222972,0,1017.1,344.89745644360187,8.00879291022201,71,,
2018,6,13,14,0,12.2,44,27.1,9.5,107,18.0,3,84.50084527891103,0,1016.7,330.8383401881504,7.53852886623891,78,,
2018,6,13,15,0,11.9,55,8.3,9.5,29,12.0,2,43.13519845888128,0,1016.6,311.921963957592,8.413692331627935,87,,
2018,6,13,16,0,11.4,65,0,9.3,0,20.0,0,14.533502530742672,0,1016.6,310.4679436596498,7.611732235293309,97,,
2018,6,13,17,0,10.8,74,0,9.1,0,0.0,0,0.0,0,1016.7,303.484554309198,8.004201977592501,107,,
2018,6,13,18,0,10.2,83,0,8.8,0,0.0,0,0.0,0,1016.9,294.92802911383706,9.233772467950857,118,,
2018,6,13,19,0,9.6,92,0,8.5,0,0.0,0,0.0,0,1017.2,300.13846879048043,11.505583247437905,129,,
2018,6,13,20,0,9,104,0,8.2,0,0.0,0,0.0,0,1017.5,325.6198639104629,8.736958624886224,141,,
2018,6,13,21,0,8.8,121,0.6,8,0,0.0,0,0.0,0,1017.5,338.9067597316536,7.244439631853313,151,,
2018,6,13,22,0,8.9,149,33.1,7.9,0,0.0,0,0.0,0,1017.4,341.27938634411714,7.030133256178337,159,,
2018,6,13,23,0,9.1,-171,26.3,7.8,0,0.0,0,0.0,0,1017.3,337.08243081726584,7.2288010053106655,161,,
2018,6,14,0,0,9.3,-136,12.9,8,0,0.0,0,0.0,0,1017.1,333.8814500193748,7.859995770065004,156,,
2018,6,14,1,0,9.6,-114,48.9,8.2,0,0.0,0,0.0,0,1016.9,326.84718944891006,8.550017676976541,147,,
2018,6,14,2,0,9.9,-99,69,8.6,0,0.0,0,0.0,0,1016.8,325.24408744645865,8.226790396929074,136,,
2018,6,14,3,0,10.2,-88,68.5,8.8,0,0.0,0,0.0,0,1016.8,324.93302502923945,8.62282335762831,125,,
2018,6,14,4,0,10.4,-79,68.5,9.1,0,0.0,0,0.0,0,1016.9,326.6851355087441,8.52030186445229,114,,
2018,6,14,5,0,10.6,-70,67.6,9.3,0,0.0,0,0.0,0,1017,331.284636063156,7.449342995674162,103,,
2018,6,14,6,0,10.9,-61,65.5,9.7,2,0.0,0,0.0,0,1017.3,333.79532781330335,7.169207215965086,93,,
2018,6,14,7,0,11.1,-51,67.4,10,23,1.0,0,1.0,0,1017.6,336.02429785135723,6.986875773340338,83,,
2018,6,14,8,0,11.3,-39,73,10.4,49,39.0,0,35.91702247002205,0,1017.9,341.53241932521,6.913391688505068,75,,
2018,6,14,9,0,11.6,-26,84,10.8,44,100.0,0,112.62718245076844,0,1017.8,342.08538876847365,6.588478824381117,69,,
2018,6,14,10,0,12,-12,80.8,11.2,70,249.0,0,223.38440829134635,0,1017.6,329.3881671132384,6.094176497572979,65,,
2018,6,14,11,0,12.3,3,82.7,11.6,65,349.0,0,303.6906886790756,0,1017.3,324.28246519919844,7.594504738808397,65,,
2018,6,14,12,0,12.5,18,87.5,11.8,42,201.0,0,264.3964047169378,0,1017.1,320.1094239781175,7.41645690714213,67,,
2018,6,14,13,0,12.4,32,84.9,11.8,37,48.0,0,153.07617473230272,0,1017,316.0989931709131,9.603814058940468,71,,
2018,6,14,14,0,12.3,44,75,11.8,33,19.0,0,85.85129110434585,0,1017,315.2025584505193,9.71742732930864,78,,
2018,6,14,15,0,12.1,55,80.2,11.6,11,28.0,0,60.3047624841282,0,1017.1,312.8261690995166,9.316310822899844,87,,
2018,6,14,16,0,11.7,65,84,11.3,0,13.0,0,11.644014000862535,0,1017.4,313.3005514073832,8.114581199093996,97,,
2018,6,14,17,0,11.4,74,83,11,0,0.0,0,0.0,0,1017.7,308.30165084333447,7.74646144500181,107,,
2018,6,14,18,0,11,83,83,10.7,0,0.0,0,0.0,0,1018,302.0671907244747,7.820672014568122,118,,
2018,6,14,19,0,10.6,92,83,10.4,0,0.0,0,0.0,0,1018.2,293.71169236303774,10.946830502658392,129,,
2018,6,14,20,0,10.2,104,83,10,0,0.0,0,0.0,0,1018.3,291.930471150642,13.162686567533,141,,
2018,6,14,21,0,10.1,121,82.9,9.9,0,0.0,0,0.0,0,1018.4,291.3344900760639,19.076295852453548,151,,
2018,6,14,22,0,10.1,149,75.3,9.8,0,0.0,0,0.0,0,1018.3,302.795835870897,13.575760370986934,159,,
2018,6,14,23,0,10.1,-171,71.1,9.7,0,0.0,0,0.0,0,1018.2,301.62468897329995,13.063442408410191,161,,
2018,6,15,0,0,10.1,-136,74.1,9.6,0,0.0,0,0.0,0,1018.3,308.80150725405736,14.322542760881383,156,,
2018,6,15,1,0,10.2,-113,80.4,9.5,0,0.0,0,0.0,0,1018.5,307.2864910187298,15.600314707898113,147,,
2018,6,15,2,0,10.2,-99,83,9.4,0,0.0,0,0.0,0,1018.7,302.5801320310834,17.086441704139773,136,,
2018,6,15,3,0,10.2,-88,83,9.3,0,0.0,0,0.0,0,1018.9,318.28860877745063,13.60832013181913,125,,
2018,6,15,4,0,10.2,-79,83,9.3,0,0.0,0,0.0,0,1019.2,334.6215779448024,13.61815062119076,114,,
2018,6,15,5,0,10.2,-70,83.6,9.3,0,0.0,0,0.0,0,1019.5,347.4474805819683,13.181280441212854,103,,
2018,6,15,6,0,10.3,-61,89.9,9.5,1,0.0,0,0.0,0,1019.7,343.9350013881899,10.892153059429289,93,,
2018,6,15,7,0,10.5,-51,69.3,9.9,33,1.0,0,1.0,0,1019.8,330.9857527674919,9.52749620216332,83,,
2018,6,15,8,0,10.8,-39,64.3,10.3,65,24.0,0,31.152157815412675,0,1019.8,325.23860836395806,8.561362939363402,75,,
2018,6,15,9,0,11.1,-26,84.3,10.5,42,66.0,0,99.87702939440916,0,1019.5,331.29691224745693,7.749636414674589,69,,
2018,6,15,10,0,11.4,-12,88.3,10.5,43,68.0,0,153.33228330505946,0,1019.1,344.4593201061105,8.450803078207718,65,,
2018,6,15,11,0,11.8,3,82.6,10.5,66,38.0,0,153.9554076316805,0,1018.5,348.39903904355094,10.877978399352424,65,,
2018,6,15,12,0,11.9,18,72.9,10.5,92,20.0,0,129.58039057962787,0,1018.1,352.92497243488475,10.065410430051855,67,,
2018,6,15,13,0,12,32,70.9,10.4,77,41.0,0,150.12215288809386,0,1017.8,0.7439545747849934,10.416893736589618,71,,
2018,6,15,14,0,12,44,43.3,10.4,73,45.0,0,121.20611939612536,0,1017.5,357.1086058035852,10.19290777325455,78,,
2018,6,15,15,0,11.9,55,66.2,10.2,28,15.0,0,49.90906125212677,0,1017.3,356.5566849975002,9.83293687228645,87,,
2018,6,15,16,0,11.8,65,81.1,10.1,0,3.0,0,6.379035925145567,0,1017.3,356.4732591945333,9.993535157471491,97,,
2018,6,15,17,0,11.7,74,80.6,9.9,0,0.0,0,0.0,0,1017.3,352.3320484425629,9.759634026599583,107,,
2018,6,15,18,0,11.6,83,73.6,9.9,0,0.0,0,0.0,0,1017.1,355.2967917784815,8.899840615216934,118,,
2018,6,15,19,0,11.4,92,70.2,10,0,0.0,0,0.0,0,1016.7,344.19378312474106,8.504173208032011,129,,
2018,6,15,20,0,11.2,104,70.2,10.1,0,0.0,0,0.0,0,1016.4,345.5629211425784,9.234225137982332,141,,
2018,6,15,21,0,11.3,121,69.9,10.1,0,0.0,0,0.0,0,1015.9,347.49839473243577,9.593427512871571,151,,
2018,6,15,22,0,11.5,149,84.6,10.2,0,0.0,0,0.0,0,1015.3,346.20479936936005,9.233133468174742,159,,
2018,6,15,23,0,11.6,-172,92.8,10.2,0,0.0,0,0.0,0,1014.8,347.8708218741778,8.827181774151997,161,,
2018,6,16,0,0,11.7,-136,93,10.2,0,0.0,0,0.0,0,1014.2,348.6712698032593,8.610389362402364,156,,
2018,6,16,1,0,11.7,-113,96.4,10.3,0,0.0,0,0.0,0,1013.7,342.1065397071502,8.871758533934727,147,,
2018,6,16,2,0,11.7,-99,98.4,10.3,0,0.0,0,0.0,0,1013.2,342.5689263009371,9.227454017249674,136,,
2018,6,16,3,0,11.6,-88,98.3,10.4,0,0.0,0,0.0,0,1012.6,349.715129867313,8.580496489747357,125,,
2018,6,16,4,0,11.5,-79,98.1,10.5,0,0.0,0,0.0,0,1012.1,1.3170904486059385,9.9310906151957,114,,
2018,6,16,5,0,11.4,-70,97.5,10.7,0,0.0,0,0.0,0,1011.6,6.764477623871187,9.571758590747592,103,,
2018,6,16,6,0,11.3,-61,87.8,10.7,1,0.0,0,0.0,0,1011,7.838367515342668,9.079707130932135,93,,
2018,6,16,7,0,11.2,-51,68.7,10.8,29,1.0,0,1.0,0,1010.4,0.0160402514043198,8.72070346674219,83,,
2018,6,16,8,0,11.1,-39,78,10.8,35,21.0,0,30.98570209235769,0,1009.7,5.51877303670085,9.374998515446864,75,,
2018,6,16,9,0,11.1,-26,80.2,10.9,62,33.0,0,83.4030351692672,0,1008.8,7.854922566868538,9.79847924697005,69,,
2018,6,16,10,0,11.3,-12,86,11.1,49,55.0,0,143.1996446362739,0,1007.6,9.094173347095875,9.925793755473515,66,,
2018,6,16,11,0,11.4,3,80.2,11.3,75,56.0,0,173.99122507149937,0,1006.5,16.64550006511172,11.367971879566614,65,,
2018,6,16,12,0,11.5,18,87.3,11.3,46,43.0,0,166.4174327669459,0,1005.5,22.51427930978513,11.831694519147929,67,,
2018,6,16,13,0,11.5,32,94.5,11.3,14,18.0,0,113.50744746589042,0,1004.7,13.3145960696678,11.320904810371747,71,,
2018,6,16,14,0,11.4,44,62.2,11.3,43,12.0,0,75.31739908767089,0,1004,13.497979532322743,11.868604267826672,78,,
2018,6,16,15,0,11.4,55,56.4,11.2,22,10.0,0,42.60425401628286,0,1003.6,8.984729989359892,10.935200329573387,87,,
2018,6,16,16,0,11.2,65,55.5,11,0,7.0,0,8.884259259811293,0,1003.4,4.899886047223447,10.035454204764443,97,,
2018,6,16,17,0,11.1,74,51.5,10.9,0,0.0,0,0.0,0,1003.3,4.171260293978662,8.820728613175229,107,,
2018,6,16,18,0,11,83,51.3,10.7,0,0.0,0,0.0,0,1003.3,7.54698509798277,7.816489711546558,118,,
2018,6,16,19,0,10.8,92,51,10.5,0,0.0,0,0.0,0,1003.5,1.5313083439166917,7.491444937749013,129,,
2018,6,16,20,0,10.7,104,51,10.3,0,0.0,0,0.0,0,1003.6,29.06028120433683,6.701018813944371,141,,
2018,6,16,21,0,10.4,121,50.5,10,0,0.0,0,0.0,0,1003.6,49.60429266632826,6.804383263427448,151,,
2018,6,16,22,0,10.1,148,26.3,9.6,0,0.0,0,0.0,0,1003.5,42.786763524201774,5.753159634487451,159,,
2018,6,16,23,0,9.8,-172,36.7,9.2,0,0.0,0,0.0,0,1003.3,39.174723468777074,4.90030217917619,161,,
2018,6,17,0,0,9.7,-136,26.3,9,0,0.0,0,0.0,0,1003.2,53.14462384102302,5.587011898192994,156,,
2018,6,17,1,0,9.6,-113,37.2,8.9,0,0.0,0,0.0,0,1003.2,67.56801546246203,7.307844277492856,147,,
2018,6,17,2,0,9.6,-99,51,8.9,0,0.0,0,0.0,0,1003.2,83.85046831229658,10.087096832448408,136,,
2018,6,17,3,0,9.7,-88,50.4,9,0,0.0,0,0.0,0,1003.4,93.19811791828909,7.382591417827201,125,,
2018,6,17,4,0,9.8,-79,18.1,9,0,0.0,0,0.0,0,1003.7,77.75900174250461,8.22383890232356,114,,
2018,6,17,5,0,9.9,-70,0,9.1,0,0.0,0,0.0,0,1004,78.96655975804737,10.090570347609296,103,,
2018,6,17,6,0,10.1,-61,0,9.2,3,0.0,2,0.0,0,1004.4,86.46000540079785,9.916626585884732,93,,
2018,6,17,7,0,10.5,-51,1.9,9.4,30,1.0,50,1.0,0,1004.8,88.50610723993339,9.10245907341867,83,,
2018,6,17,8,0,10.9,-39,1.9,9.6,54,27.0,147,33.24064759995531,0,1005.3,93.29219655245066,8.749058172082702,75,,
2018,6,17,9,0,11.2,-27,1.5,9.6,68,88.0,238,111.98816040451776,0,1005.5,92.81586189870018,8.254595708327662,69,,
2018,6,17,10,0,11.4,-12,2,9.4,79,312.0,290,227.2909171419068,0,1005.5,87.79576806856483,8.226545984119381,66,,
2018,6,17,11,0,11.5,3,3.3,9.1,82,420.0,298,310.6152649232313,0,1005.5,92.00627291395114,8.521825440405724,65,,
2018,6,17,12,0,11.6,18,50.5,8.9,79,448.0,107,339.6149121938031,0,1005.7,95.12776450436348,9.631564332485288,67,,
2018,6,17,13,0,11.6,32,45.8,8.6,123,431.0,16,316.5781198523997,0,1006.1,91.75404891937944,9.74675453407569,71,,
2018,6,17,14,0,11.6,44,36.7,8.4,96,388.0,9,249.49995257713144,0,1006.6,90.51428494964216,9.655906553858042,78,,
2018,6,17,15,0,11.5,55,46.9,8,24,277.0,0,141.11643552927686,0,1007.2,82.45299481971796,9.333291560672762,87,,
2018,6,17,16,0,11.2,64,18.1,7.5,0,115.0,0,28.535367716672408,0,1008,82.98578256843041,9.724389825546425,97,,
2018,6,17,17,0,11,74,0,7,0,0.0,0,0.0,0,1008.9,80.42826716377112,9.857695921702708,107,,
2018,6,17,18,0,10.6,83,0,6.4,0,0.0,0,0.0,0,1009.5,79.75756030106379,9.863729697126695,118,,
2018,6,17,19,0,10.1,92,0,5.6,0,0.0,0,0.0,0,1010,83.59157939246325,9.554328880535625,129,,
2018,6,17,20,0,9.7,104,0,4.9,0,0.0,0,0.0,0,1010.4,87.196070782471,8.529254320098332,141,,
2018,6,17,21,0,9.4,120,0,4.5,0,0.0,0,0.0,0,1010.9,83.82949942390985,8.083698651982566,151,,
2018,6,17,22,0,9.3,148,0,4.4,0,0.0,0,0.0,0,1011.3,82.1723897587857,7.324595856177278,159,,
2018,6,17,23,0,9.3,-172,0,4.2,0,0.0,0,0.0,0,1011.7,76.84081957328095,7.021032827657812,161,,
2018,6,18,0,0,9,-136,0,3.9,0,0.0,0,0.0,0,1012.1,72.90363124762837,6.629621989735444,156,,
2018,6,18,1,0,8.7,-113,0,3.5,0,0.0,0,0.0,0,1012.4,69.07029584426272,7.312826952186624,147,,
2018,6,18,2,0,8.3,-99,0,3,0,0.0,0,0.0,0,1012.8,69.94078944511716,7.898831358616018,136,,
2018,6,18,3,0,8,-88,0,2.6,0,0.0,0,0.0,0,1013.3,67.82686936431179,8.273726551024408,125,,
2018,6,18,4,0,7.6,-79,0,2.4,0,0.0,0,0.0,0,1013.9,73.73723487526473,9.17828125916447,114,,
2018,6,18,5,0,7.3,-70,0,2.1,0,0.0,0,0.0,0,1014.6,80.21442608734054,9.155917050944776,103,,
2018,6,18,6,0,7.3,-61,0.1,2,3,0.0,2,0.0,0,1014.9,81.2870036174084,8.369290448230942,93,,
2018,6,18,7,0,7.6,-51,3.7,2,32,9.0,50,1.0000000000000004,0,1015,87.64470316618929,10.051704589679126,83,,
2018,6,18,8,0,7.9,-39,4.9,2,61,296.0,145,54.33254013482004,0,1015.1,85.33957019103599,9.825699223323625,75,,
2018,6,18,9,0,8.1,-27,2.4,2,64,340.0,253,155.33273098208008,0,1015,90.4002929388908,8.98093207028206,69,,
2018,6,18,10,0,8.3,-12,1.2,2,62,318.0,325,226.91006659025544,0,1014.8,103.44270311573746,6.4534163236092805,66,,
2018,6,18,11,0,8.4,3,0.4,2,57,496.0,350,330.07778564799764,0,1014.5,112.91766052558351,4.975502901441947,65,,
2018,6,18,12,0,8.5,18,1,1.9,59,658.0,311,403.1096253324249,0,1014.3,109.83066626302887,4.42162940350885,67,,
2018,6,18,13,0,8.4,31,0.6,1.9,51,625.0,236,375.2100810732187,0,1014.2,127.2874642473464,2.5392764192111748,71,,
2018,6,18,14,0,8.3,44,1.9,1.9,42,502.0,123,281.4158242138679,0,1014,143.3201549200378,2.649672779987603,78,,
2018,6,18,15,0,7.9,55,1,1.8,15,367.0,27,161.5564911285888,0,1014.1,148.6935027534273,2.92574451866572,87,,
2018,6,18,16,0,7.2,64,0,1.6,0,131.0,0,29.579369096261125,0,1014.4,143.78493508615128,2.443811949508128,97,,
2018,6,18,17,0,6.5,73,0,1.5,0,0.0,0,0.0,0,1014.7,127.91482771944106,1.3548151468683238,107,,
2018,6,18,18,0,6,82,0,1.5,0,0.0,0,0.0,0,1014.9,196.8361393362579,0.5285130288567115,118,,
2018,6,18,19,0,5.6,92,0,1.6,0,0.0,0,0.0,0,1014.9,16.71140657578536,2.643890573718767,129,,
2018,6,18,20,0,5.2,104,0,1.8,0,0.0,0,0.0,0,1014.9,54.21239089437222,2.1275279911992544,141,,
2018,6,18,21,0,5.1,120,0,2,0,0.0,0,0.0,0,1014.8,119.37887542000168,2.128468571739807,151,,
2018,6,18,22,0,5,148,0,2.2,0,0.0,0,0.0,0,1014.7,167.87520595328226,5.757088738634699,159,,
2018,6,18,23,0,5,-172,0,2.4,0,0.0,0,0.0,0,1014.6,175.84992020574396,5.040070993211074,161,,
2018,6,19,0,0,4.9,-136,0,2.5,0,0.0,0,0.0,0,1014.5,159.11941561952472,4.383855637766932,157,,
2018,6,19,1,0,4.7,-113,0,2.3,0,0.0,0,0.0,0,1014.5,138.73511854279758,2.1332749225274226,147,,
2018,6,19,2,0,4.5,-99,0,2.2,0,0.0,0,0.0,0,1014.5,152.29170255394376,4.175334232051925,137,,
2018,6,19,3,0,4.4,-88,0,2.1,0,0.0,0,0.0,0,1014.6,162.7693881342684,6.200391239081394,125,,
2018,6,19,4,0,4.3,-79,0,2,0,0.0,0,0.0,0,1014.7,152.4402060837417,6.641292996187498,114,,
2018,6,19,5,0,4.3,-70,0,1.9,0,0.0,0,0.0,0,1014.9,139.59387633583572,6.304630969431072,103,,
2018,6,19,6,0,4.7,-61,0,2,2,0.0,2,0.0,0,1015.1,127.48305464903956,5.543774477013328,93,,
2018,6,19,7,0,5.4,-51,2.4,2.3,28,8.0,54,1.0000000000000004,0,1015.2,123.52957986799116,5.052382508166539,84,,
2018,6,19,8,0,6.1,-39,2.2,2.6,49,278.0,161,52.292105939401736,0,1015.3,132.6960539331668,5.810188474741468,76,,
2018,6,19,9,0,6.9,-27,1.6,2.7,59,466.0,258,172.1717397200768,0,1015.2,141.32903167992072,7.6342891213594894,69,,
2018,6,19,10,0,7.7,-12,2.1,2.6,68,510.0,313,278.27635440391884,0,1015,141.85230132546042,7.256345491824178,66,,
2018,6,19,11,0,8.5,3,17.1,2.5,164,616.0,172,369.6929388389003,0,1014.7,145.36626247849102,5.920426430591356,65,,
2018,6,19,12,0,8.9,18,10.4,2.6,121,646.0,206,405.7334523803392,0,1014.6,155.670632920917,4.3745807242440975,67,,
2018,6,19,13,0,8.9,31,1.9,2.9,60,596.0,219,372.0106183895255,0,1014.4,172.20141669554278,3.431148079016779,71,,
2018,6,19,14,0,8.8,44,9.5,3.2,60,442.0,92,268.8359782359187,0,1014.3,192.44986891212056,4.170830963882296,78,,
2018,6,19,15,0,8.6,55,5,3.5,23,211.0,14,125.96474357840458,0,1014.4,192.7779759425191,4.457311629788289,87,,
2018,6,19,16,0,8.2,64,0,3.8,0,59.0,0,20.48231604126631,0,1014.8,173.8882753768064,4.469250077497014,97,,
2018,6,19,17,0,7.8,73,0,4.1,0,0.0,0,0.0,0,1015.2,166.11845282714853,2.9826187738301075,107,,
2018,6,19,18,0,7.3,82,0,4.2,0,0.0,0,0.0,0,1015.6,169.1129449886206,3.4577422967912805,118,,
2018,6,19,19,0,6.7,92,0,4.2,0,0.0,0,0.0,0,1015.9,172.78048601291198,4.31472490110037,129,,
2018,6,19,20,0,6.1,104,0,4.2,0,0.0,0,0.0,0,1016.2,167.01012625324915,5.084207413390331,141,,
2018,6,19,21,0,5.9,120,0,4.3,0,0.0,0,0.0,0,1016.3,162.65694914089613,4.942728400985236,151,,
2018,6,19,22,0,6.2,148,0,4.5,0,0.0,0,0.0,0,1016.3,165.332983980476,6.287655245265481,159,,
2018,6,19,23,0,6.4,-172,0,4.8,0,0.0,0,0.0,0,1016.2,169.09831653228375,7.09607941448507,161,,
2018,6,20,0,0,6.4,-136,0,4.8,0,0.0,0,0.0,0,1016.2,172.13155506431633,6.252470467591884,157,,
2018,6,20,1,0,6.3,-114,0,4.6,0,0.0,0,0.0,0,1016.2,175.54189002190162,6.501604652405655,147,,
2018,6,20,2,0,6.1,-99,0,4.5,0,0.0,0,0.0,0,1016.1,182.3439187617305,5.736733292066784,137,,
2018,6,20,3,0,6,-88,0,4.3,0,0.0,0,0.0,0,1016.2,183.88922660995453,5.658294439978025,125,,
2018,6,20,4,0,6,-79,0,4.2,0,0.0,0,0.0,0,1016.4,182.48360858361448,6.4396427671572924,114,,
2018,6,20,5,0,5.9,-70,0,4,0,0.0,0,0.0,0,1016.6,183.97592855086148,6.32381346960842,103,,
2018,6,20,6,0,6.2,-61,0.1,4.1,2,0.0,1,0.0,0,1016.8,186.731587474857,5.785981278507551,93,,
2018,6,20,7,0,6.7,-51,7.2,4.2,38,0.0,37,0.0,0,1017,181.834551826722,6.009427869130744,84,,
2018,6,20,8,0,7.2,-39,45,4.4,80,7.0,20,17.304304630950234,0,1017.2,184.3475966816591,5.835639690680151,76,,
2018,6,20,9,0,7.8,-27,63.5,4.4,117,10.0,0,46.90649832662676,0,1017.1,185.6107242395489,5.658456656451534,69,,
2018,6,20,10,0,8.4,-12,54.6,4.2,177,9.0,0,80.7877869080082,0,1016.8,188.8405806521514,4.978580227504178,66,,
2018,6,20,11,0,9,3,49.4,4,204,12.0,0,105.68347874217878,0,1016.5,192.5327248092625,4.260702744589254,65,,
2018,6,20,12,0,9.4,18,55.8,3.9,161,14.0,2,116.97174546348047,0,1016.2,239.21889132402103,4.124193473922008,67,,
2018,6,20,13,0,9.5,31,23.2,3.9,88,12.0,116,100.99226108724372,0,1015.9,272.37504872121025,8.124166390864454,71,,
2018,6,20,14,0,9.6,44,20.1,4,74,14.0,65,82.03196087230702,0,1015.7,274.2965941219492,8.34229292987822,78,,
2018,6,20,15,0,9.5,55,43.2,4,30,10.0,0,42.60721185737465,0,1015.7,279.62660576799635,7.306995084475875,87,,
2018,6,20,16,0,9.3,64,43.4,3.9,0,6.0,0,8.763022645272798,0,1016,296.01492941924425,6.459127668527871,97,,
2018,6,20,17,0,9.1,73,43.5,3.9,0,0.0,0,0.0,0,1016.2,302.7795252658892,6.412770265419977,107,,
2018,6,20,18,0,8.5,82,16.6,3.8,0,0.0,0,0.0,0,1016.4,302.2340334694851,5.265664210866849,118,,
2018,6,20,19,0,7.7,92,0,3.8,0,0.0,0,0.0,0,1016.6,299.34986807910406,5.12149046896871,129,,
2018,6,20,20,0,6.8,104,0,3.7,0,0.0,0,0.0,0,1016.7,308.9127855003699,4.991355981960264,141,,
2018,6,20,21,0,6.6,120,0,3.8,0,0.0,0,0.0,0,1016.8,322.44372687789127,4.707857336469541,151,,
2018,6,20,22,0,6.9,148,0,4,0,0.0,0,0.0,0,1016.9,347.7446741887559,4.277407864303483,159,,
2018,6,20,23,0,7.2,-172,0,4.2,0,0.0,0,0.0,0,1016.9,342.2352386915051,4.217713864562231,161,,
2018,6,21,0,0,7.2,-136,0,4.2,0,0.0,0,0.0,0,1016.9,356.0382333724112,4.353420614212955,157,,
2018,6,21,1,0,6.9,-114,0,4.1,0,0.0,0,0.0,0,1017,353.8160143984114,3.1843005747235344,147,,
2018,6,21,2,0,6.6,-99,0,4.1,0,0.0,0,0.0,0,1017.1,355.9727621693244,3.4484564175279173,137,,
2018,6,21,3,0,6.5,-88,0,3.9,0,0.0,0,0.0,0,1017.1,347.69627392623056,3.417607908547508,125,,
2018,6,21,4,0,6.5,-79,0,3.6,0,0.0,0,0.0,0,1017.2,328.45136103246205,2.817856847594517,114,,
2018,6,21,5,0,6.5,-70,0,3.3,0,0.0,0,0.0,0,1017.2,328.6985992725309,2.550708915771409,103,,
2018,6,21,6,0,6.8,-61,0,3.5,2,0.0,1,0.0,0,1017.4,320.7759711882978,1.8817639260403285,93,,
2018,6,21,7,0,7.4,-51,1.9,3.9,27,0.0,54,0.0,0,1017.7,25.933270771471257,1.7328396608444374,84,,
2018,6,21,8,0,8,-40,1.8,4.4,48,7.0,159,21.299674770109508,0,1018,24.88036685918172,2.673955809816528,76,,
2018,6,21,9,0,8.8,-27,1.3,4.6,59,63.0,256,102.97242076976951,0,1018,36.23273980585515,3.029728350233608,69,,
2018,6,21,10,0,9.5,-12,1.5,4.8,66,157.0,314,183.5543735418941,0,1017.7,39.78348072843204,3.2430593766038607,66,,
2018,6,21,11,0,10.3,3,1.7,4.9,70,379.0,326,301.7910857933804,0,1017.3,26.5547183044194,3.027098910367565,65,,
2018,6,21,12,0,10.6,17,2.3,5.1,70,523.0,290,366.9979380079187,0,1016.9,23.94686945916192,4.182799989712247,67,,
2018,6,21,13,0,10.5,31,14.4,5.5,110,545.0,138,355.7340732070541,0,1016.6,24.552069533801443,5.439578700371061,71,,
2018,6,21,14,0,10.4,44,10.5,5.8,74,498.0,70,284.0802483558316,0,1016.2,25.66540479925333,6.140226559901255,78,,
2018,6,21,15,0,10.1,55,44.6,5.9,15,353.0,27,161.1491372046296,0,1016.1,32.57751022014838,6.448115702152158,87,,
2018,6,21,16,0,9.7,64,57.5,5.8,0,137.0,0,31.483113407374585,0,1016.1,37.6825730959103,5.821484016439436,96,,
2018,6,21,17,0,9.3,73,52,5.6,0,0.0,0,0.0,0,1016.1,41.15687669781801,5.934327984825018,107,,
2018,6,21,18,0,8.6,82,51.4,5.3,0,0.0,0,0.0,0,1016.1,45.4608016122034,4.271608627319215,118,,
2018,6,21,19,0,7.8,92,18.4,4.9,0,0.0,0,0.0,0,1016,25.04930349473784,4.771547614547872,129,,
2018,6,21,20,0,6.9,103,0,4.5,0,0.0,0,0.0,0,1015.9,28.473307713699967,4.419886414861432,140,,
2018,6,21,21,0,6.9,120,0.6,4.5,0,0.0,0,0.0,0,1015.7,28.905518650454496,4.4381701339513215,151,,
2018,6,21,22,0,7.6,148,30.9,4.8,0,0.0,0,0.0,0,1015.4,29.65690680841556,4.062717703341324,159,,
2018,6,21,23,0,8.4,-172,47.8,5.1,0,0.0,0,0.0,0,1015,21.45447193013177,4.072995442005063,161,,
2018,6,22,0,0,8.8,-137,47.9,5.3,0,0.0,0,0.0,0,1014.6,22.961918417366405,4.237361417884275,157,,
2018,6,22,1,0,8.9,-114,50.4,5.4,0,0.0,0,0.0,0,1014.1,13.490162427611494,4.883264481034151,147,,
2018,6,22,2,0,8.9,-99,51.9,5.5,0,0.0,0,0.0,0,1013.6,11.05735989137304,5.832644374783921,137,,
2018,6,22,3,0,8.9,-88,51.6,5.6,0,0.0,0,0.0,0,1013.3,11.453651365846213,6.7190097226354855,125,,
2018,6,22,4,0,8.9,-79,62.7,5.6,0,0.0,0,0.0,0,1013,7.347675923290808,7.231255404537097,114,,
2018,6,22,5,0,8.8,-70,69,5.7,0,0.0,0,0.0,0,1012.8,9.30783424237535,6.877168573473164,103,,
2018,6,22,6,0,9,-61,68.8,5.9,1,0.0,0,0.0,0,1012.7,8.963575506482584,6.427617793270568,93,,
2018,6,22,7,0,9.4,-51,59.7,6.1,36,1.0,0,1.0,0,1012.7,359.34013639900905,4.748605931399377,84,,
2018,6,22,8,0,9.8,-40,41.7,6.3,122,15.0,0,23.633489783638264,0,1012.8,357.91772643891983,5.227572949273107,76,,
2018,6,22,9,0,10,-27,48.8,6.4,150,19.0,0,61.60092249730797,0,1012.3,351.7512796325837,6.187301174976722,70,,
2018,6,22,10,0,10.2,-12,54.6,6.4,166,17.0,0,93.25087013619134,0,1011.5,340.4654309352586,6.320083335805376,66,,
2018,6,22,11,0,10.3,3,43.9,6.5,213,11.0,0,94.2868795416717,0,1010.7,331.9696606416218,6.071577929514906,65,,
2018,6,22,12,0,10.3,17,47,6.6,185,12.0,0,101.11583115616791,0,1010.1,328.3092476283096,7.507310090338586,67,,
2018,6,22,13,0,10.3,31,59.1,6.7,111,16.0,0,104.65819569229556,0,1009.6,315.5317473382447,6.026894741182277,71,,
2018,6,22,14,0,10.3,44,60.8,6.8,59,75.0,0,138.99072849556984,0,1009.1,326.17319897129977,8.05814023759603,78,,
2018,6,22,15,0,10.3,54,80.3,7,16,107.0,0,97.97722873747024,0,1008.8,326.6560370992769,8.407125097764286,87,,
2018,6,22,16,0,10.3,64,85.8,7.4,0,41.0,0,18.254099465083936,0,1008.8,331.3806004402841,8.241844914986672,96,,
2018,6,22,17,0,10.3,73,93.5,7.8,0,0.0,0,0.0,0,1008.7,331.674843091789,8.502926200076494,107,,
2018,6,22,18,0,10.3,82,96.2,8.1,0,0.0,0,0.0,0,1008.8,328.36285995307054,8.379306205682786,118,,
2018,6,22,19,0,10.3,92,94.8,8.4,0,0.0,0,0.0,0,1009,327.6249189313349,9.421211946857742,129,,
2018,6,22,20,0,10.3,103,93.7,8.7,0,0.0,0,0.0,0,1009.2,328.37410631520805,9.666533515824325,140,,
2018,6,22,21,0,10.4,120,94.7,8.7,0,0.0,0,0.0,0,1009.2,332.0076659695668,10.296640934693317,151,,
2018,6,22,22,0,10.5,147,67.8,8.6,0,0.0,0,0.0,0,1009,340.2491696633721,10.058788284346466,159,,
2018,6,22,23,0,10.6,-173,51.9,8.5,0,0.0,0,0.0,0,1008.7,344.26619294027023,9.680330419856622,161,,
2018,6,23,0,0,10.6,-137,51.3,8.5,0,0.0,0,0.0,0,1008.6,344.2044383179347,9.643442097839587,157,,
2018,6,23,1,0,10.6,-114,18.4,8.4,0,0.0,0,0.0,0,1008.6,340.1756499255131,9.981943532894649,148,,
2018,6,23,2,0,10.6,-99,0,8.4,0,0.0,0,0.0,0,1008.6,339.0140016346995,10.566890013051154,137,,
2018,6,23,3,0,10.6,-89,0,8.3,0,0.0,0,0.0,0,1008.5,345.9986896652263,8.74063974815,126,,
2018,6,23,4,0,10.5,-79,0,8.1,0,0.0,0,0.0,0,1008.4,0.367910544024312,7.908366165119779,114,,
2018,6,23,5,0,10.4,-70,0,7.9,0,0.0,0,0.0,0,1008.3,6.645278210274398,8.000036299146316,103,,
2018,6,23,6,0,10.8,-61,0,8.1,2,0.0,1,0.0,0,1008.3,9.66047092627474,8.123991507517792,93,,
2018,6,23,7,0,11.5,-51,3.2,8.6,34,4.0,37,1.0000000000000002,0,1008.3,14.104994489917772,8.043531630663422,84,,
2018,6,23,8,0,12.2,-40,45.1,9.1,68,192.0,21,52.01382562624247,0,1008.4,20.88202797612456,7.428089768290469,76,,
2018,6,23,9,0,12.6,-27,76.2,9.2,69,376.0,0,167.10236283947435,0,1008.2,28.493138379928325,7.72667020948297,70,,
2018,6,23,10,0,12.7,-13,90.6,9,33,541.0,0,279.94622499688296,0,1007.6,30.92856256873989,8.179680154791653,66,,
2018,6,23,11,0,12.8,2,96.4,8.8,14,595.0,0,358.8054201062795,0,1007,31.31291212829376,9.151897163908748,65,,
2018,6,23,12,0,12.8,17,94.3,8.7,19,586.0,0,381.84943822152417,0,1006.6,33.87235250325642,10.21602859481661,67,,
2018,6,23,13,0,12.7,31,88.8,8.7,28,545.0,0,351.9139267189986,0,1006.4,28.25053174399852,10.39380592760097,71,,
2018,6,23,14,0,12.7,44,83.6,8.6,22,484.0,0,277.36478217917136,0,1006.1,32.133583165332254,10.397761580168536,78,,
2018,6,23,15,0,12.6,54,29.6,8.6,7,351.0,0,157.95906134087227,0,1006,33.67046386706392,9.499376841234398,87,,
2018,6,23,16,0,12.4,64,0,8.6,0,141.0,0,31.157133583552437,0,1006,37.81830696419792,9.546083161500931,96,,
2018,6,23,17,0,12.3,73,0,8.7,0,0.0,0,0.0,0,1006.1,41.34135751426135,9.160303162655346,107,,
2018,6,23,18,0,12.2,82,0,8.8,0,0.0,0,0.0,0,1006.1,44.08443422120047,9.08599751486273,118,,
2018,6,23,19,0,12.4,92,0,9.1,0,0.0,0,0.0,0,1006.1,36.39462613690949,9.518442704518591,129,,
2018,6,23,20,0,12.5,103,0,9.4,0,0.0,0,0.0,0,1006.2,36.9143212822616,9.131594541604498,140,,
2018,6,23,21,0,12.6,120,0,9.6,0,0.0,0,0.0,0,1006.1,29.140056589297046,8.617563178968224,151,,
2018,6,23,22,0,12.7,147,0,9.7,0,0.0,0,0.0,0,1005.8,24.659481432708844,8.202105188102438,159,,
2018,6,23,23,0,12.7,-173,0,9.8,0,0.0,0,0.0,0,1005.6,21.94335979776139,8.051567842499145,161,,
2018,6,24,0,0,12.6,-137,0,9.8,0,0.0,0,0.0,0,1005.4,27.13549733466732,7.830119855336113,157,,
2018,6,24,1,0,12.5,-114,0,9.8,0,0.0,0,0.0,0,1005.2,8.405498841077588,7.686077094783063,148,,
2018,6,24,2,0,12.4,-99,0,9.8,0,0.0,0,0.0,0,1005,8.032290699567284,7.766377779052049,137,,
2018,6,24,3,0,12.2,-89,0,9.8,0,0.0,0,0.0,0,1004.9,6.971546489680009,7.597185029074988,126,,
2018,6,24,4,0,12.1,-79,0,9.9,0,0.0,0,0.0,0,1004.9,10.890089228469549,7.527403652584303,114,,
2018,6,24,5,0,11.9,-70,0,9.9,0,0.0,0,0.0,0,1004.9,15.358386343260804,7.021250557222865,103,,
2018,6,24,6,0,12,-61,0.1,10,2,0.0,1,0.0,0,1005.1,6.393845092090999,6.938667100388136,93,,
2018,6,24,7,0,12.1,-51,5.5,10.2,39,3.0,28,1.0000000000000002,0,1005.5,0.7130600067727073,7.6705158878853394,84,,
2018,6,24,8,0,12.3,-40,43.8,10.4,77,67.0,15,37.7690722547465,0,1005.8,2.204547042784384,7.723978491868516,76,,
2018,6,24,9,0,12.3,-27,68.9,10.6,91,170.0,0,122.0923546584888,0,1006,1.36864041569072,7.206157389440258,70,,
2018,6,24,10,0,12.2,-13,49.7,10.7,186,213.0,0,202.6901801283514,0,1005.9,357.9444061730775,5.833099338970025,66,,
2018,6,24,11,0,12,2,57.9,10.7,160,308.0,0,279.9870027866249,0,1005.9,16.023366081685197,7.319017607196686,65,,
2018,6,24,12,0,11.8,17,84.6,10.7,56,323.0,0,301.76506692579096,0,1006.1,27.76469897797625,8.145855125941194,67,,
2018,6,24,13,0,11.5,31,61.1,10.4,93,238.0,0,252.17015829655372,0,1006.5,24.66798867296302,8.825950854463931,71,,
2018,6,24,14,0,11.2,43,36.8,10.2,94,201.0,0,191.5092662790437,0,1006.9,30.954151112483032,8.741277983178955,78,,
2018,6,24,15,0,11,54,42,9.9,26,173.0,0,115.43179865366292,0,1007.5,30.552533527108608,8.079776089753775,87,,
2018,6,24,16,0,10.7,64,17.6,9.6,0,60.0,0,20.769325666348838,0,1008.3,34.11452189371062,7.632212421017463,96,,
2018,6,24,17,0,10.4,73,33.6,9.3,0,0.0,0,0.0,0,1009,30.23155056497524,7.080379729062249,107,,
2018,6,24,18,0,10.2,82,52,8.9,0,0.0,0,0.0,0,1009.6,24.68060717242628,6.789941912937725,118,,
2018,6,24,19,0,10,92,52,8.5,0,0.0,0,0.0,0,1010,31.55187987608696,7.183263380078094,129,,
2018,6,24,20,0,9.9,103,52,8.1,0,0.0,0,0.0,0,1010.4,36.56611986826999,6.501946854638479,140,,
2018,6,24,21,0,9.9,120,52,7.9,0,0.0,0,0.0,0,1010.8,37.4445756922733,5.983113452219222,151,,
2018,6,24,22,0,10,147,52,8,0,0.0,0,0.0,0,1011,32.51598481810936,5.604650797961716,159,,
2018,6,24,23,0,10.1,-173,52,8.1,0,0.0,0,0.0,0,1011.3,24.38039760401267,5.573694708396562,161,,
2018,6,25,0,0,10.1,-137,51.4,8.1,0,0.0,0,0.0,0,1011.5,18.245520072967736,5.674451074856017,157,,
2018,6,25,1,0,10,-114,18.4,7.9,0,0.0,0,0.0,0,1011.8,26.067600693128952,5.860291208478636,148,,
2018,6,25,2,0,10,-99,0,7.7,0,0.0,0,0.0,0,1012,26.397137559354974,5.737373275022211,137,,
2018,6,25,3,0,9.9,-89,0,7.5,0,0.0,0,0.0,0,1012.3,19.373246260466946,5.355745081655476,126,,
2018,6,25,4,0,9.9,-79,0,7.4,0,0.0,0,0.0,0,1012.6,16.552725445950614,4.91970278928676,114,,
2018,6,25,5,0,9.9,-70,0,7.2,0,0.0,0,0.0,0,1013,11.654136270173865,4.343696463550005,103,,
2018,6,25,6,0,10.1,-61,0,7.2,2,0.0,1,0.0,0,1013.4,4.508762238497752,4.493887597843763,93,,
2018,6,25,7,0,10.4,-51,2.2,7.3,33,3.0,39,1.0000000000000002,0,1013.8,8.475156043582444,3.669218766452435,84,,
2018,6,25,8,0,10.7,-40,1.3,7.4,55,72.0,141,39.95240534182717,0,1014.2,2.9768432498573247,4.663519490643501,76,,
2018,6,25,9,0,11.1,-27,1.3,7.6,67,133.0,235,117.07748413012256,0,1014.4,13.995319087359178,4.1450154186187484,70,,
2018,6,25,10,0,11.6,-13,20.2,7.9,176,194.0,119,192.81492797986868,0,1014.5,25.08985698924129,3.4861678313689706,66,,
2018,6,25,11,0,12,2,12.2,8.2,135,289.0,207,269.6100986453542,0,1014.6,24.083351534180736,2.4912723786401187,65,,
2018,6,25,12,0,12.2,17,1.9,8.6,76,449.0,273,340.6234002846742,0,1014.7,15.902267734801796,2.494892434226738,67,,
2018,6,25,13,0,12.1,31,1.6,9.1,66,463.0,204,327.1235194085652,0,1014.7,13.751950464615843,3.1385538379286744,71,,
2018,6,25,14,0,12,43,0.5,9.5,46,409.0,113,256.7840636278729,0,1014.8,36.33760691832839,3.474173361411217,78,,
2018,6,25,15,0,11.9,54,0,9.8,14,272.0,28,140.62531804478894,0,1015.1,34.90847000486241,3.8404337215358746,87,,
2018,6,25,16,0,11.7,64,0,10,1,111.0,0,28.46242509965697,0,1015.7,37.07637906033119,5.026741626074768,96,,
2018,6,25,17,0,11.5,73,0,10.2,0,0.0,0,0.0,0,1016.2,47.65116851020434,5.923007288156907,107,,
2018,6,25,18,0,11.4,82,0.6,10.3,0,0.0,0,0.0,0,1016.7,48.34962355265168,5.105553600770735,118,,
2018,6,25,19,0,11.4,92,33.6,10.2,0,0.0,0,0.0,0,1017,54.335187662242106,5.653350012894458,129,,
2018,6,25,20,0,11.4,103,52,10.2,0,0.0,0,0.0,0,1017.4,58.8047043707486,6.6517374744659366,140,,
2018,6,25,21,0,11.5,120,51.9,10.3,0,0.0,0,0.0,0,1017.6,75.6390825490837,6.583147845089629,151,,
2018,6,25,22,0,11.7,147,49.3,10.5,0,0.0,0,0.0,0,1017.7,84.65408744219212,5.927393357650179,159,,
2018,6,25,23,0,11.8,-173,47.8,10.6,0,0.0,0,0.0,0,1017.8,85.01392647204864,5.75003044493535,161,,
2018,6,26,0,0,11.9,-137,47.2,10.7,0,0.0,0,0.0,0,1017.9,88.64598823509823,6.312797827351646,157,,
2018,6,26,1,0,11.8,-114,16.9,10.6,0,0.0,0,0.0,0,1018,87.95869527886504,4.86636940829946,148,,
2018,6,26,2,0,11.7,-99,0,10.6,0,0.0,0,0.0,0,1018.1,93.95842565341832,4.325259730362557,137,,
2018,6,26,3,0,11.6,-89,0,10.5,0,0.0,0,0.0,0,1018.2,92.72521598177984,3.6457247073022,126,,
2018,6,26,4,0,11.5,-79,0,10.5,0,0.0,0,0.0,0,1018.4,84.65251619682635,4.435073793715524,114,,
2018,6,26,5,0,11.4,-70,0,10.4,0,0.0,0,0.0,0,1018.6,80.39774809333335,5.39046460894378,103,,
2018,6,26,6,0,11.6,-61,0.6,10.6,2,0.0,0,0.0,0,1018.8,81.19527320949089,5.466024286288769,93,,
2018,6,26,7,0,12.1,-51,29.3,10.8,42,5.0,0,1.0000000000000002,0,1019.2,93.3475404199151,3.733665638351492,84,,
2018,6,26,8,0,12.7,-40,58.5,11.1,77,172.0,0,48.012086803387206,0,1019.5,92.08604641940076,2.555404434164457,76,,
2018,6,26,9,0,12.9,-27,65.4,11.2,107,413.0,0,165.8193520653915,0,1019.5,82.76193897897588,1.933867587340827,70,,
2018,6,26,10,0,13,-13,70.5,11.2,110,529.0,0,280.116055028745,0,1019.2,63.230195345383095,1.588732075353753,66,,
2018,6,26,11,0,13,2,76,11.2,91,605.0,3,364.8577434877926,0,1018.8,67.63090932604922,1.2400396719862112,65,,
2018,6,26,12,0,12.9,17,29.4,11,80,644.0,165,403.08266980937606,0,1018.5,18.434948822922024,0.4717167115143749,67,,
2018,6,26,13,0,12.7,31,17.1,10.6,123,612.0,114,376.6028197620021,0,1018.4,312.02336923194605,0.575127589541009,71,,
2018,6,26,14,0,12.5,43,29.6,10.2,104,535.0,12,295.68069320930294,0,1018.2,307.01631636580447,0.9744660725096964,78,,
2018,6,26,15,0,12.3,54,11.6,9.9,29,369.0,0,165.46810338865956,0,1018.2,302.0053832080835,2.141992786331212,87,,
2018,6,26,16,0,12,64,0,9.6,1,156.0,0,34.464551074738566,0,1018.4,296.1452563631592,3.0251055805444733,96,,
2018,6,26,17,0,11.8,73,0,9.3,0,0.0,0,0.0,0,1018.5,309.5607490768047,3.035964691228818,107,,
2018,6,26,18,0,11.7,82,0.6,9.2,0,0.0,0,0.0,0,1018.5,324.4058261286994,2.791902960318528,118,,
2018,6,26,19,0,11.7,92,33.6,9.3,0,0.0,0,0.0,0,1018.3,307.6977387572035,2.588746772075208,129,,
2018,6,26,20,0,11.8,103,52,9.3,0,0.0,0,0.0,0,1018.1,301.7788140607437,1.8455131796327744,140,,
2018,6,26,21,0,11.9,120,52,9.5,0,0.0,0,0.0,0,1017.9,164.15544953158712,1.2384603232495324,151,,
2018,6,26,22,0,11.9,147,54.6,9.9,0,0.0,0,0.0,0,1017.7,150.3313640057379,2.0025147036513857,159,,
2018,6,26,23,0,12,-173,56,10.2,0,0.0,0,0.0,0,1017.4,134.0874133760833,2.8398358792244456,161,,
2018,6,27,0,0,11.9,-137,56.3,10.4,0,0.0,0,0.0,0,1017.3,125.24432965985682,2.8159770241688715,157,,
2018,6,27,1,0,11.8,-114,73.4,10.4,0,0.0,0,0.0,0,1017.1,127.63373766587432,2.552912407455349,148,,
2018,6,27,2,0,11.7,-99,83,10.3,0,0.0,0,0.0,0,1017,137.80599741282242,2.338016477940384,137,,
2018,6,27,3,0,11.6,-89,82.6,10.3,0,0.0,0,0.0,0,1017,148.511409863253,2.5277422984280093,126,,
2018,6,27,4,0,11.5,-79,62.3,10.3,0,0.0,0,0.0,0,1017.3,146.39389075787392,2.680128422709805,114,,
2018,6,27,5,0,11.4,-70,18.4,10.3,0,0.0,0,0.0,0,1017.5,145.56888045002518,2.5130183297311173,104,,
2018,6,27,6,0,11.5,-61,0,10.3,1,0.0,1,0.0,0,1017.7,149.05451297291438,1.8383342924948456,93,,
2018,6,27,7,0,11.8,-51,2.2,10.3,31,1.0,44,1.0,0,1017.9,129.83513994093585,2.483403153739408,84,,
2018,6,27,8,0,12.1,-40,1.8,10.3,53,6.0,146,16.243702535782624,0,1018.1,123.1986600337426,2.9053762209365788,76,,
2018,6,27,9,0,12.1,-27,26.5,10.1,151,8.0,69,42.50716332108509,0,1018,123.42294421851597,2.251191790504405,70,,
2018,6,27,10,0,12.1,-13,48.6,9.9,191,19.0,2,95.86103832884244,0,1017.6,139.5087341505078,2.123576206171015,66,,
2018,6,27,11,0,12,2,30.1,9.6,187,102.0,88,200.79508528542797,0,1017.2,150.70197397936994,1.428865456976487,65,,
2018,6,27,12,0,11.9,17,31.5,9.4,199,216.0,50,268.36666357694514,0,1017,163.14251383974806,0.8890326805008034,67,,
2018,6,27,13,0,12,31,31,9.4,172,230.0,16,256.2079877367112,0,1016.8,90.12620195342272,0.1108401126270141,71,,
2018,6,27,14,0,12,43,13.4,9.3,90,152.0,44,178.1472846049582,0,1016.7,281.89480170028565,0.1172640232736681,78,,
2018,6,27,15,0,11.9,54,2.2,9.2,21,92.0,20,93.38451219370783,0,1016.9,233.79587227915843,0.5294791045167916,87,,
2018,6,27,16,0,11.6,64,0,9,1,43.0,0,18.68289594586303,0,1017.3,213.1475961987844,1.1943653068767963,96,,
2018,6,27,17,0,11.4,73,0,8.7,0,0.0,0,0.0,0,1017.8,196.07921082135124,1.0912749761058778,107,,
2018,6,27,18,0,11.1,82,0,8.4,0,0.0,0,0.0,0,1018,174.25241590823498,0.8654347482652541,118,,
2018,6,27,19,0,10.9,92,0,8,0,0.0,0,0.0,0,1018.1,83.86213194903928,0.4886409807692742,129,,
2018,6,27,20,0,10.7,103,0,7.5,0,0.0,0,0.0,0,1018.2,167.16497124300497,1.189135905342217,140,,
2018,6,27,21,0,10.7,120,0,7.4,0,0.0,0,0.0,0,1018.2,161.48762904402315,1.3140912400957154,151,,
2018,6,27,22,0,10.8,147,0,7.4,0,0.0,0,0.0,0,1018.3,138.99204161233547,2.0333770472356254,159,,
2018,6,27,23,0,10.9,-173,0,7.4,0,0.0,0,0.0,0,1018.3,139.22983243350706,3.1176209303796183,161,,
2018,6,28,0,0,11,-137,0,7.4,0,0.0,0,0.0,0,1018.4,140.7565189145094,3.5145876731612105,157,,
2018,6,28,1,0,11.1,-114,0,7.4,0,0.0,0,0.0,0,1018.6,140.81214546262356,3.847581806527722,148,,
2018,6,28,2,0,11.2,-100,0,7.3,0,0.0,0,0.0,0,1018.8,143.22900808334504,3.818609205107228,137,,
2018,6,28,3,0,11.2,-89,0,7.4,0,0.0,0,0.0,0,1019,148.77536315563134,3.954138493948377,126,,
2018,6,28,4,0,11.3,-79,0,7.5,0,0.0,0,0.0,0,1019.3,145.2809119433498,4.324677571367231,114,,
2018,6,28,5,0,11.4,-71,0,7.6,0,0.0,0,0.0,0,1019.6,137.459317480401,4.433513650716767,104,,
2018,6,28,6,0,11.6,-61,0.1,7.9,1,0.0,1,0.0,0,1019.8,129.24715637223903,4.076555271515116,93,,
2018,6,28,7,0,11.8,-51,4.4,8.2,37,1.0,33,1.0,0,1020,114.85778378180083,4.764131687271212,84,,
2018,6,28,8,0,12.1,-40,17.7,8.5,115,20.0,42,27.811075635271877,0,1020.2,116.5506624833792,4.782434210885616,76,,
2018,6,28,9,0,12.3,-27,29.2,8.7,192,49.0,21,89.23481516121612,0,1020.2,127.199098162322,4.512623313951889,70,,
2018,6,28,10,0,12.4,-13,30.8,8.9,230,81.0,27,152.00534895514025,0,1019.9,135.42831288020216,4.087557389500989,66,,
2018,6,28,11,0,12.6,2,47.8,9,191,126.0,13,211.20999125339276,0,1019.7,120.01904792631608,3.16419379821376,65,,
2018,6,28,12,0,12.6,17,50.4,9.1,175,247.0,1,278.7672043410867,0,1019.6,132.24043509083498,2.603224444006824,67,,
2018,6,28,13,0,12.5,31,27.1,9.2,145,291.0,50,276.9419901246201,0,1019.5,150.87713351372827,2.647158975241489,71,,
2018,6,28,14,0,12.4,43,25.2,9.2,95,247.0,28,211.834571990979,0,1019.4,161.88511793979637,2.7364628477510684,78,,
2018,6,28,15,0,12.3,54,10.9,9.2,30,169.0,0,117.96259462542008,0,1019.5,167.09259132873422,3.0777680630612827,86,,
2018,6,28,16,0,12.1,64,0,9.2,1,63.0,0,22.393049883576666,0,1019.8,193.99685590801292,3.617666027474535,96,,
2018,6,28,17,0,12,73,0,9.2,0,0.0,0,0.0,0,1020.1,183.95922962488024,3.769249465767259,107,,
2018,6,28,18,0,11.8,82,0,9.1,0,0.0,0,0.0,0,1020.3,156.64036947311195,3.6611750517102974,118,,
2018,6,28,19,0,11.6,92,0,9,0,0.0,0,0.0,0,1020.5,136.76627048600903,4.273500912769435,129,,
2018,6,28,20,0,11.4,103,0,8.9,0,0.0,0,0.0,0,1020.6,142.42814487884607,4.966046521521231,140,,
2018,6,28,21,0,11.3,120,0,8.9,0,0.0,0,0.0,0,1020.6,144.66255044572677,5.855414560180487,151,,
2018,6,28,22,0,11.3,147,0,8.9,0,0.0,0,0.0,0,1020.4,154.6381120400663,5.589764597803536,159,,
2018,6,28,23,0,11.2,-173,0,8.8,0,0.0,0,0.0,0,1020.2,157.8618625920692,5.561889041608993,161,,
2018,6,29,0,0,11.2,-137,0,8.8,0,0.0,0,0.0,0,1020,160.8431371692801,5.784431747001541,157,,
2018,6,29,1,0,11.2,-114,0,8.8,0,0.0,0,0.0,0,1020,165.1572466763448,5.010195220315076,148,,
2018,6,29,2,0,11.2,-100,0,8.7,0,0.0,0,0.0,0,1020,172.84798988166585,5.206279829198556,137,,
2018,6,29,3,0,11.1,-89,0,8.7,0,0.0,0,0.0,0,1020.1,190.2455564597756,4.515855248728852,126,,
2018,6,29,4,0,11.1,-80,0,8.7,0,0.0,0,0.0,0,1020.3,197.99765831728703,4.602653160437354,114,,
2018,6,29,5,0,11,-71,0,8.6,0,0.0,0,0.0,0,1020.6,224.28451958144333,4.548383960520159,104,,
2018,6,29,6,0,11.2,-61,0.4,8.7,2,0.0,0,0.0,0,1020.7,251.08883079642987,4.124228101814768,93,,
2018,6,29,7,0,11.5,-51,22.2,8.8,51,1.0,0,1.0,0,1020.9,278.3130104556301,5.234688456245295,84,,
2018,6,29,8,0,11.8,-40,51.9,8.9,89,29.0,1,31.17678365484521,0,1021,343.79633461375613,5.274719365053799,76,,
2018,6,29,9,0,12,-27,39.1,8.7,162,39.0,37,82.35679535603384,0,1020.8,359.49940984205574,5.113720565353121,70,,
2018,6,29,10,0,12.1,-13,25.6,8.4,213,60.0,70,148.54271227167067,0,1020.3,356.85439392984125,3.786222246760364,66,,
2018,6,29,11,0,12.3,2,25.2,8,220,60.0,78,179.4642166690976,0,1019.9,334.43208481025675,3.9338043444418895,65,,
2018,6,29,12,0,12.2,17,11.8,7.9,131,30.0,191,150.86694747555902,0,1019.6,323.9772514692839,3.33556966964808,67,,
2018,6,29,13,0,12.1,31,36.3,8,101,21.0,92,121.81786180049744,0,1019.4,312.479419713132,4.015714956084946,71,,
2018,6,29,14,0,11.9,43,33.4,8.1,90,16.0,12,86.8351041548203,0,1019.2,308.8488698051256,3.96335019698912,78,,
2018,6,29,15,0,11.7,54,7.8,8.1,29,16.0,7,52.274327800923,0,1019.2,305.3968571170024,4.076200571950767,86,,
2018,6,29,16,0,11.4,64,0,8.1,1,18.0,0,14.418654873916626,0,1019.2,297.0193114408921,3.897300730303692,96,,
2018,6,29,17,0,11.1,73,0,8.1,0,0.0,0,0.0,0,1019.3,306.4333515634973,5.588345799445949,107,,
2018,6,29,18,0,10.6,82,0,7.9,0,0.0,0,0.0,0,1019.2,316.4970350005098,5.729071537152812,118,,
2018,6,29,19,0,10.1,92,0,7.6,0,0.0,0,0.0,0,1019.1,321.1656601422135,5.94553524707878,129,,
2018,6,29,20,0,9.5,103,0,7.3,0,0.0,0,0.0,0,1018.9,331.18426740266943,4.715211748048811,140,,
2018,6,29,21,0,9.4,120,0,7.3,0,0.0,0,0.0,0,1018.7,339.4430309976342,3.544552281977117,151,,
2018,6,29,22,0,9.5,147,0,7.6,0,0.0,0,0.0,0,1018.4,334.3429334282168,2.4183797163516823,159,,
2018,6,29,23,0,9.7,-174,0,8,0,0.0,0,0.0,0,1018.1,289.25800458984384,2.966794303405732,161,,
2018,6,30,0,0,9.8,-138,0,8.1,0,0.0,0,0.0,0,1017.9,307.87041351634576,5.637431759854765,157,,
2018,6,30,1,0,9.8,-114,0,8.1,0,0.0,0,0.0,0,1017.7,312.5801827161221,8.132592486832756,148,,
2018,6,30,2,0,9.8,-100,0,8.1,0,0.0,0,0.0,0,1017.6,305.32427149764953,8.77794960555636,137,,
2018,6,30,3,0,9.8,-89,0,8.1,0,0.0,0,0.0,0,1017.5,309.0271421668011,9.36684350916425,126,,
2018,6,30,4,0,9.6,-80,0,8.1,0,0.0,0,0.0,0,1017.4,315.46291156556345,9.380346912855046,114,,
2018,6,30,5,0,9.5,-71,0,8.1,0,0.0,0,0.0,0,1017.4,313.06426813767894,8.938711474413902,104,,
2018,6,30,6,0,9.5,-61,0.5,8,2,0.0,0,0.0,0,1017.5,314.58375707356413,7.414113574158597,93,,
2018,6,30,7,0,9.5,-51,27.1,7.6,46,0.0,0,0.0,0,1017.6,323.42270092510194,6.367905301313944,84,,
2018,6,30,8,0,9.6,-40,55.2,7.3,86,3.0,0,14.122078207337411,0,1017.7,322.8133156477234,5.634412292297815,76,,
2018,6,30,9,0,10,-27,46.5,7.2,174,16.0,0,66.02250272654514,0,1017.5,323.39476218960385,4.0168885569731705,70,,
2018,6,30,10,0,10.5,-13,42.5,7.3,220,39.0,0,119.07001354652384,0,1016.9,338.13462089948115,2.8424189145677468,66,,
2018,6,30,11,0,11.1,2,46.9,7.4,214,115.0,0,203.04461170089095,0,1016.3,337.5680979786216,3.70383979240488,65,,
2018,6,30,12,0,11.3,17,58.3,7.4,153,147.0,2,231.1652995957861,0,1016,332.0196903987807,4.159831325396532,66,,
2018,6,30,13,0,11.3,31,28.2,7.5,100,218.0,94,246.74650878842965,0,1015.8,27.567307550035025,5.467957253899816,71,,
2018,6,30,14,0,11.2,43,5.5,7.5,61,342.0,98,242.0981157770075,0,1015.6,51.18783600900417,9.721698534500346,78,,
2018,6,30,15,0,10.8,54,1.5,7.5,19,327.0,26,158.74420414070343,0,1015.6,45.56322967451342,11.45029692452248,86,,
2018,6,30,16,0,10.3,64,0,7.5,1,160.0,0,36.6958661969511,0,1015.8,46.10940798330876,11.77840152627399,96,,
2018,6,30,17,0,9.8,73,0,7.5,0,0.0,0,0.0,0,1016,42.779873403858346,10.084704680561012,107,,
2018,6,30,18,0,9.3,82,0,7.4,0,0.0,0,0.0,0,1016.1,36.76417113938601,7.991273370932683,118,,
2018,6,30,19,0,8.7,92,0,7.1,0,0.0,0,0.0,0,1016.2,29.98097567366551,7.723680635700443,129,,
2018,6,30,20,0,8.1,103,0,6.9,0,0.0,0,0.0,0,1016.3,26.528898726309023,6.402383605199913,140,,
2018,6,30,21,0,8,120,0,6.9,0,0.0,0,0.0,0,1016.2,18.271145098831028,5.454951256500148,150,,
2018,6,30,22,0,8.3,147,0,7.1,0,0.0,0,0.0,0,1015.9,9.363956873719644,5.51736818707525,159,,
2018,6,30,23,0,8.6,-174,0,7.3,0,0.0,0,0.0,0,1015.7,12.831017389542978,6.466402397232963,161,,
2018,7,1,0,0,8.9,-138,0,7.4,0,0.0,0,0.0,0,1015.4,15.03091547689155,7.480295829666724,157,,
2018,7,1,1,0,9.1,-114,0,7.5,0,0.0,0,0.0,0,1014.9,13.95103612545995,8.48088095219768,148,,
2018,7,1,2,0,9.2,-100,0,7.6,0,0.0,0,0.0,0,1014.5,9.383314878154124,8.644721862098063,137,,
2018,7,1,3,0,9.4,-89,0,7.6,0,0.0,0,0.0,0,1014.1,2.159455977778862,8.934812028195928,126,,
2018,7,1,4,0,9.5,-80,0,7.6,0,0.0,0,0.0,0,1013.8,359.13413474452665,8.530270922026675,114,,
2018,7,1,5,0,9.6,-71,0,7.5,0,0.0,0,0.0,0,1013.5,2.6014629998804253,8.089880309121316,104,,
2018,7,1,6,0,9.9,-61,0,7.4,1,0.0,1,0.0,0,1013.3,10.452617698273514,7.459233134262697,93,,
2018,7,1,7,0,10.2,-51,0.2,7.2,26,3.0,51,1.0000000000000002,0,1013,15.315109027018195,6.87146213708536,84,,
2018,7,1,8,0,10.6,-40,9,7,88,118.0,92,45.82578870750969,0,1012.7,15.349566663748533,6.9624711647326905,76,,
2018,7,1,9,0,10.9,-27,21.6,7.1,168,230.0,74,140.533958790049,0,1012,18.56763968695856,7.434074578743442,69,,
2018,7,1,10,0,11.1,-13,42.6,7.5,192,372.0,22,249.33308914871972,0,1011,14.548760508479576,5.924596000329826,66,,
2018,7,1,11,0,11.3,2,34.8,7.8,207,421.0,52,318.2093692187536,0,1009.9,7.0899301441552325,5.5384426442663575,65,,
2018,7,1,12,0,11.4,17,64.3,8,108,440.0,29,345.4639204754816,0,1008.9,5.865541835590761,6.21613860772465,66,,
2018,7,1,13,0,11.5,31,61.2,7.9,99,411.0,0,318.40744681179456,0,1008,1.5139419135830394,6.560883986092906,71,,
2018,7,1,14,0,11.5,43,52,7.9,80,371.0,0,252.14644844133,0,1007,354.271365261432,6.403317282616203,78,,
2018,7,1,15,0,11.6,54,52.2,7.9,20,162.0,0,115.67626367053394,0,1006.1,351.4772951022149,5.834941835252466,86,,
2018,7,1,16,0,11.7,64,18.3,8,1,89.0,0,27.18499279544701,0,1005.3,355.31101032802025,5.399663854883131,96,,
2018,7,1,17,0,11.9,73,0,8.2,0,0.0,0,0.0,0,1004.5,4.973582859169937,5.677137408451041,106,,
2018,7,1,18,0,11.6,82,0,8.3,0,0.0,0,0.0,0,1003.8,12.245070280694108,5.791176815266289,118,,
2018,7,1,19,0,11,92,0,8.4,0,0.0,0,0.0,0,1003.2,26.33056134140816,5.869181678869585,129,,
2018,7,1,20,0,10.4,103,0,8.6,0,0.0,0,0.0,0,1002.6,30.20126019723409,5.748265673471559,140,,
2018,7,1,21,0,9.9,120,0,8.1,0,0.0,0,0.0,0,1002.4,24.735329071449144,5.8405565522144265,150,,
2018,7,1,22,0,9.4,147,0,7.3,0,0.0,0,0.0,0,1002.6,23.91729725847574,5.814197195082395,159,,
2018,7,1,23,0,9,-174,0,6.4,0,0.0,0,0.0,0,1002.8,24.94349203197981,4.996577581699835,161,,
2018,7,2,0,0,8.6,-138,0,5.7,0,0.0,0,0.0,0,1003.1,28.42889159187536,5.293918482183469,157,,
2018,7,2,1,0,8.2,-115,0,5.3,0,0.0,0,0.0,0,1003.3,25.663888785839447,5.907749737454354,148,,
2018,7,2,2,0,7.9,-100,0,4.8,0,0.0,0,0.0,0,1003.6,18.68409456502468,4.367628494953469,137,,
2018,7,2,3,0,7.5,-89,0,4.7,0,0.0,0,0.0,0,1004,355.01900799205305,3.554193692963596,126,,
2018,7,2,4,0,7.1,-80,0,4.7,0,0.0,0,0.0,0,1004.6,338.96859730088806,3.123871723580124,114,,
2018,7,2,5,0,6.7,-71,0,4.7,0,0.0,0,0.0,0,1005.1,345.7681321374748,2.87888385862341,104,,
2018,7,2,6,0,6.6,-62,0,4.6,1,0.0,0,0.0,0,1005.9,342.8277557109073,2.855312911972245,93,,
2018,7,2,7,0,6.9,-51,1.7,4.3,41,1.0,20,1.0,0,1006.7,318.08765128498504,2.541574555953215,84,,
2018,7,2,8,0,7.2,-40,1.7,4,75,8.0,109,19.329527016593676,0,1007.5,330.659009753701,1.9545949363594504,76,,
2018,7,2,9,0,7.6,-27,0.5,3.6,74,14.0,234,55.656517734710896,0,1008.2,351.0964142500502,0.9795771644676048,69,,
2018,7,2,10,0,8.1,-13,0.9,2.9,78,20.0,303,100.21376810837263,0,1008.8,352.4114991065145,0.7524394258724344,66,,
2018,7,2,11,0,8.7,2,1.4,2.3,80,114.0,321,211.83132711535848,0,1009.4,240.97886436133587,1.2178541950530553,64,,
2018,7,2,12,0,8.8,17,6.1,1.9,104,252.0,249,287.765589975084,0,1010,278.1850886899747,1.798841809811969,66,,
2018,7,2,13,0,8.7,31,17.4,1.8,135,345.0,111,303.962096971708,0,1010.8,284.7703378325671,1.834799961989456,71,,
2018,7,2,14,0,8.5,43,8,1.8,77,187.0,76,195.86381114698597,0,1011.6,291.83922847723767,3.98365549809116,78,,
2018,7,2,15,0,8.2,54,0,1.7,17,70.0,32,86.96798854614165,0,1012.4,294.36988649780767,5.595477183841795,86,,
2018,7,2,16,0,7.8,64,0,1.5,1,32.0,0,17.425628764283964,0,1013.2,306.2114071248839,6.717142831068641,96,,
2018,7,2,17,0,7.4,73,0,1.4,0,0.0,0,0.0,0,1014,303.1929199093842,6.563070840077188,106,,
2018,7,2,18,0,7,82,0,1.4,0,0.0,0,0.0,0,1014.7,302.372936744419,6.736999659635511,117,,
2018,7,2,19,0,6.6,92,0,1.6,0,0.0,0,0.0,0,1015.3,294.43196251392544,6.371312758039543,129,,
2018,7,2,20,0,6.3,103,0,1.8,0,0.0,0,0.0,0,1015.8,288.0561836363467,7.415996532400539,140,,
2018,7,2,21,0,6.4,120,0,1.8,0,0.0,0,0.0,0,1016.1,287.09554626762645,8.16138495749228,150,,
2018,7,2,22,0,6.9,147,0,1.7,0,0.0,0,0.0,0,1016.1,291.5079625520452,8.276517130976034,159,,
2018,7,2,23,0,7.4,-174,0,1.5,0,0.0,0,0.0,0,1016.1,292.5386687750439,8.269295412934351,161,,
2018,7,3,0,0,7.7,-138,0,1.5,0,0.0,0,0.0,0,1016,294.02742453999554,8.552065948409803,157,,
2018,7,3,1,0,7.8,-115,0,1.6,0,0.0,0,0.0,0,1015.9,297.32879907093,8.862735306127327,148,,
2018,7,3,2,0,7.8,-100,0,1.7,0,0.0,0,0.0,0,1015.7,304.75422880711585,8.77575751428511,137,,
2018,7,3,3,0,7.9,-89,0,1.8,0,0.0,0,0.0,0,1015.6,295.25761272280766,9.120465719750536,126,,
2018,7,3,4,0,7.9,-80,0,1.8,0,0.0,0,0.0,0,1015.6,302.6744323108192,10.050712487363231,114,,
2018,7,3,5,0,7.9,-71,0,1.9,0,0.0,0,0.0,0,1015.6,301.5347648519133,10.015998018076049,104,,
2018,7,3,6,0,8,-62,0.3,2.3,2,0.0,0,0.0,0,1015.6,306.7146455061935,10.30745971501574,93,,
2018,7,3,7,0,8.2,-52,18.6,2.9,55,0.0,1,1.0,0,1015.6,309.6967150663173,10.332494829879415,84,,
2018,7,3,8,0,8.4,-40,54,3.6,80,4.0,3,14.166306496957672,0,1015.7,304.2482779432429,10.752024750986342,76,,
2018,7,3,9,0,8.9,-27,31.1,3.8,110,9.0,120,49.71293786919252,0,1015.3,311.4256101502475,10.788137082707031,69,,
2018,7,3,10,0,9.5,-13,17.6,3.5,180,7.0,134,72.18013118566019,0,1014.7,313.3901889203264,11.356169929285096,65,,
2018,7,3,11,0,10.1,2,15.7,3.3,172,13.0,168,111.12459932174347,0,1014,317.51615124816,11.242546688171208,64,,
2018,7,3,12,0,10.4,17,36.7,3.2,163,15.0,76,121.49086583481152,0,1013.4,320.0267982983204,11.57106995662875,66,,
2018,7,3,13,0,10.3,31,19.5,3.4,101,31.0,121,142.1546182050784,0,1012.8,319.3550353530131,12.542302004931951,71,,
2018,7,3,14,0,10.2,43,3,3.5,52,43.0,116,124.89431273319052,0,1012.2,326.9597622219308,12.143718156070944,78,,
2018,7,3,15,0,10.2,54,34.8,3.7,18,8.0,27,40.17938946206765,0,1011.9,318.6218008567012,9.48564784513046,86,,
2018,7,3,16,0,10.1,64,65.7,3.8,1,4.0,0,7.559081317893139,0,1011.8,324.0565032701497,9.404403090149511,96,,
2018,7,3,17,0,10.1,73,71.1,4,0,0.0,0,0.0,0,1011.6,321.80052852056065,7.792430019639637,106,,
2018,7,3,18,0,10,82,69.5,4.3,0,0.0,0,0.0,0,1011.3,327.06147803292066,7.84678471132364,117,,
2018,7,3,19,0,9.9,92,84.3,4.8,0,0.0,0,0.0,0,1010.7,325.7963599110331,6.904642634387376,129,,
2018,7,3,20,0,9.9,103,92.9,5.4,0,0.0,0,0.0,0,1010,324.7139237964642,5.22211224640824,140,,
2018,7,3,21,0,10,120,92.5,5.9,0,0.0,0,0.0,0,1009.4,324.2153615204284,5.9655232320411,150,,
2018,7,3,22,0,10.4,147,65.9,6.3,0,0.0,0,0.0,0,1008.8,316.5011202166314,5.06766896626262,158,,
2018,7,3,23,0,10.7,-174,51,6.8,0,0.0,0,0.0,0,1008.1,321.53199114029223,4.123185806427415,161,,
2018,7,4,0,0,10.9,-138,51,7.4,0,0.0,0,0.0,0,1007.6,323.22203738600115,2.7691930179641275,157,,
2018,7,4,1,0,11,-115,51.1,8,0,0.0,0,0.0,0,1007.2,216.5337559663016,2.463567787392164,148,,
2018,7,4,2,0,11,-100,48.8,8.6,0,0.0,0,0.0,0,1006.8,236.19949958040343,3.4779875245734293,137,,
2018,7,4,3,0,11,-89,48.3,9.1,0,0.0,0,0.0,0,1006.6,273.4968045617541,5.16757997649322,126,,
2018,7,4,4,0,11,-80,51,9.4,0,0.0,0,0.0,0,1006.6,283.2346991712261,7.293065916863774,114,,
2018,7,4,5,0,11,-71,59,9.8,0,0.0,0,0.0,0,1006.6,279.5284082133747,8.49067551348967,104,,
2018,7,4,6,0,11.2,-62,56.1,10.1,1,0.0,0,0.0,0,1006.6,281.34600320012913,9.050407118755311,93,,
2018,7,4,7,0,11.4,-52,59.5,10.4,27,0.0,0,1.0,0,1006.7,281.9830986247155,7.857253438617296,84,,
2018,7,4,8,0,11.7,-40,73.2,10.6,49,22.0,0,32.92520062976711,0,1006.7,284.3568124212084,8.847596494628682,76,,
2018,7,4,9,0,11.8,-27,59.1,10.7,132,31.0,0,83.92112503935338,0,1006.7,279.92697354637164,9.462965970679305,69,,
2018,7,4,10,0,11.7,-13,56.3,10.5,161,76.0,0,152.7357114466174,0,1006.6,289.26246222507984,9.333552751062342,65,,
2018,7,4,11,0,11.6,2,73.2,10.3,104,317.0,0,292.2939655992612,0,1006.5,299.7447151152847,10.440538994721187,64,,
2018,7,4,12,0,11.5,17,68.2,10,112,338.0,0,317.6730613334655,0,1006.5,310.86993869540066,12.272620709956849,66,,
2018,7,4,13,0,11.2,31,64.3,9.8,100,377.0,0,313.49153703535194,0,1006.6,310.4641917751455,11.951731993343271,71,,
2018,7,4,14,0,11,43,39.6,9.5,82,323.0,5,242.86818548036703,0,1006.8,311.79536419683023,9.533054921960478,78,,
2018,7,4,15,0,10.7,54,67.9,9.1,30,86.0,3,93.56076754776213,0,1007,309.90755203311534,9.37821616637253,86,,
2018,7,4,16,0,10.5,64,92.8,8.7,0,9.0,0,9.27185182323349,0,1007.4,309.2615797703814,9.478813646191638,96,,
2018,7,4,17,0,10.3,73,93,8.3,0,0.0,0,0.0,0,1007.7,310.1773473954096,8.560645985187355,106,,
2018,7,4,18,0,10.1,82,93.1,8.1,0,0.0,0,0.0,0,1007.8,322.4420608585108,8.246248869925493,117,,
2018,7,4,19,0,9.9,92,96.2,7.9,0,0.0,0,0.0,0,1007.6,324.45190703802984,8.430905548423146,129,,
2018,7,4,20,0,9.8,103,95.4,7.8,0,0.0,0,0.0,0,1007.3,319.95654008640565,8.665633232066018,140,,
2018,7,4,21,0,9.8,120,93.9,8,0,0.0,0,0.0,0,1007,320.84692928881924,10.359249203408655,150,,
2018,7,4,22,0,9.8,147,96.5,8.5,0,0.0,0,0.0,0,1006.7,323.1061024855684,10.374659113281965,158,,
2018,7,4,23,0,9.9,-174,98,9,0,0.0,0,0.0,0,1006.4,322.3946888740812,10.127006061235347,161,,
2018,7,5,0,0,9.9,-138,98.5,9.3,0,0.0,0,0.0,0,1006.1,322.0700156596104,10.171565155138648,157,,
2018,7,5,1,0,9.9,-115,98.4,9.4,0,0.0,0,0.0,0,1005.8,327.20903999329954,11.340248303058104,148,,
2018,7,5,2,0,10,-100,98.1,9.5,0,0.0,0,0.0,0,1005.5,329.0851731376506,10.93341561758714,137,,
2018,7,5,3,0,10,-89,98,9.6,0,0.0,0,0.0,0,1005.4,329.9837023934719,9.88282667618892,126,,
2018,7,5,4,0,10.1,-80,98,9.6,0,0.0,0,0.0,0,1005.3,330.8302225504386,8.269439253477794,114,,
2018,7,5,5,0,10.2,-71,98,9.7,0,0.0,0,0.0,0,1005.3,331.7667339379139,6.934640698974856,104,,
2018,7,5,6,0,10.5,-62,95.8,9.9,0,0.0,0,0.0,0,1005.3,332.31520790214523,5.715620852427701,93,,
2018,7,5,7,0,11,-52,80.9,10.2,20,0.0,0,1.0,0,1005.3,339.5666599048705,4.523124940974188,84,,
2018,7,5,8,0,11.5,-40,88.9,10.5,17,16.0,0,26.682008457542487,0,1005.2,358.8373704515454,3.200610080692416,76,,
2018,7,5,9,0,11.8,-28,83.6,10.8,56,38.0,0,83.28780893049576,0,1005,351.416962885968,1.7863636065875106,69,,
2018,7,5,10,0,12,-13,78.9,11,78,12.0,0,94.7593909307494,0,1004.5,270.1119561379375,3.2485413579223645,65,,
2018,7,5,11,0,12.1,2,84.4,11.2,61,3.0,0,64.18921343890091,0,1004,271.6224493268319,1.922890030692609,64,,
2018,7,5,12,0,12.1,17,87.5,11.2,45,3.0,0,67.30580267498763,0,1003.7,268.7519885389812,6.546230607651429,66,,
2018,7,5,13,0,12.1,31,88,11.1,33,2.0,0,53.85434197049666,0,1003.4,295.20987471906005,9.528664159987386,71,,
2018,7,5,14,0,12,43,81.8,11.1,27,2.0,0,42.745351455468686,0,1003.1,285.91649290037725,9.772353571880185,77,,
2018,7,5,15,0,12,54,89.8,11,10,1.0,0,18.27558607372797,0,1003,283.4305510960952,10.625797606431,86,,
2018,7,5,16,0,12,64,93.6,11,0,1.0,0,3.14293904709489,0,1003,284.81037058073736,10.838352588811173,96,,
2018,7,5,17,0,12,73,95.9,10.9,0,0.0,0,0.0,0,1003.1,273.4505508185143,8.8793785449585,106,,
2018,7,5,18,0,12,82,95.6,10.9,0,0.0,0,0.0,0,1003.2,276.4186499056403,12.699232992623635,117,,
2018,7,5,19,0,11.9,92,87,10.8,0,0.0,0,0.0,0,1003.4,279.85423251677696,13.408022378813213,128,,
2018,7,5,20,0,11.8,103,83,10.8,0,0.0,0,0.0,0,1003.5,288.9862117851541,10.070575651484592,140,,
2018,7,5,21,0,11.6,120,82.7,10.7,0,0.0,0,0.0,0,1003.5,275.2783745113826,12.823420796941823,150,,
2018,7,5,22,0,11.5,146,67.1,10.6,0,0.0,0,0.0,0,1003.3,283.46858551968086,14.069059427350451,158,,
2018,7,5,23,0,11.3,-174,58.6,10.5,0,0.0,0,0.0,0,1003.1,301.50253398440924,16.430341118958992,161,,
2018,7,6,0,0,11.2,-139,74.3,10.4,0,0.0,0,0.0,0,1003,303.43669737662685,17.01183004419511,157,,
2018,7,6,1,0,11.2,-115,83.1,10.5,0,0.0,0,0.0,0,1002.8,314.41786770358925,17.65423940671794,148,,
2018,7,6,2,0,11.2,-100,83.1,10.5,0,0.0,0,0.0,0,1002.7,323.8663333052741,15.62585054943616,137,,
2018,7,6,3,0,11.1,-90,82.6,10.5,0,0.0,0,0.0,0,1002.6,332.026064124336,14.21894336820472,126,,
2018,7,6,4,0,10.9,-80,64.3,10.4,0,0.0,0,0.0,0,1002.7,336.3887406366375,12.378036071199794,114,,
2018,7,6,5,0,10.8,-71,67.6,10.4,0,0.0,0,0.0,0,1002.7,339.1481231878342,11.334140314386554,103,,
2018,7,6,6,0,10.8,-62,79.3,10.3,1,0.0,1,0.0,0,1003,337.95494039937546,10.415807353179412,93,,
2018,7,6,7,0,10.9,-52,34.6,10.3,37,0.0,30,1.0,0,1003.4,338.7879825989629,10.18073247141004,84,,
2018,7,6,8,0,10.9,-40,54.9,10.2,50,7.0,17,23.30303183689476,0,1003.8,339.0086625104845,10.418477217999795,76,,
2018,7,6,9,0,10.7,-28,70.4,9.8,94,17.0,0,73.27535571309514,0,1003.9,337.646655896924,10.735148445039387,69,,
2018,7,6,10,0,10.4,-13,49.1,9.1,193,57.0,0,142.91846224951524,0,1003.9,340.97357055851177,11.076050786120122,65,,
2018,7,6,11,0,9.9,2,47.7,8.4,205,161.0,0,238.0241795130338,0,1003.9,350.66610957208525,11.262643292517874,64,,
2018,7,6,12,0,9.7,17,37.2,8.1,207,244.0,19,287.553458912863,0,1004,349.4520109719249,13.656798958383591,66,,
2018,7,6,13,0,9.7,31,30.9,8,185,98.0,13,198.0158888912356,0,1004.2,347.3077921008781,15.580924017013665,71,,
2018,7,6,14,0,9.6,43,37,8,108,104.0,1,161.9307719026641,0,1004.5,347.45771783828394,15.764134492538664,77,,
2018,7,6,15,0,9.5,54,52.8,7.6,29,114.0,0,106.61143339298935,0,1005,348.459957942831,15.11686469233655,86,,
2018,7,6,16,0,9.3,64,24.4,6.9,1,37.0,0,19.351511049181934,0,1005.7,348.114570307772,13.166300366634092,96,,
2018,7,6,17,0,9.1,73,4.2,6.3,0,0.0,0,0.0,0,1006.5,346.5732486560746,12.485547470208765,106,,
2018,7,6,18,0,8.5,82,9.7,5.5,0,0.0,0,0.0,0,1007.3,345.58124457702814,11.893925518278316,117,,
2018,7,6,19,0,7.8,92,37.2,4.6,0,0.0,0,0.0,0,1008.1,334.3951503858145,11.64938818559116,128,,
2018,7,6,20,0,7,104,51,3.7,0,0.0,0,0.0,0,1008.9,329.72142111566524,11.368749024934816,140,,
2018,7,6,21,0,6.8,120,50.4,3.3,0,0.0,0,0.0,0,1009.4,324.0562573116733,11.805448536605956,150,,
2018,7,6,22,0,7,146,18.1,3.3,0,0.0,0,0.0,0,1009.8,319.96830901368713,12.269067018914752,158,,
2018,7,6,23,0,7.3,-175,0,3.2,0,0.0,0,0.0,0,1010.2,317.1687054404325,13.425828249385413,161,,
2018,7,7,0,0,7.3,-139,0,3,0,0.0,0,0.0,0,1010.6,314.0602783143935,14.662871382010886,156,,
2018,7,7,1,0,7,-115,0,2.5,0,0.0,0,0.0,0,1011.1,314.29387967603765,18.12651208621139,148,,
2018,7,7,2,0,6.7,-101,0,2,0,0.0,0,0.0,0,1011.6,319.6723433610293,16.212717812456624,137,,
2018,7,7,3,0,6.4,-90,0,1.8,0,0.0,0,0.0,0,1012.1,322.9670411664655,13.725641522588443,126,,
2018,7,7,4,0,6.1,-80,0,1.6,0,0.0,0,0.0,0,1012.7,328.30717990030985,10.408034933359431,114,,
2018,7,7,5,0,5.8,-71,0,1.5,0,0.0,0,0.0,0,1013.3,321.4633070992961,8.96087155904013,103,,
2018,7,7,6,0,5.9,-62,0,1.7,2,0.0,2,0.0,0,1013.8,319.1242773364778,8.530851033422092,93,,
2018,7,7,7,0,6.2,-52,1.7,2.2,25,0.0,59,1.0,0,1014.4,330.7097377967536,6.762801010462633,84,,
2018,7,7,8,0,6.6,-41,1.8,2.6,46,11.0,169,24.484544381019447,0,1014.9,347.9775490471454,7.269307866423188,75,,
2018,7,7,9,0,7.3,-28,1.5,2.9,57,18.0,268,66.48578789942111,0,1015,359.61664724134374,6.860016829717472,69,,
2018,7,7,10,0,8.1,-13,1.7,3,66,44.0,328,126.88381087906772,0,1015,25.552991257363374,7.788692993612962,65,,
2018,7,7,11,0,8.9,2,1.7,3.1,67,238.0,347,262.96970804562704,0,1014.9,52.24012426693076,9.581771134812673,64,,
2018,7,7,12,0,9.2,17,0.6,3.2,55,387.0,330,333.59272872754946,0,1015,54.65751635911562,8.030783138732492,66,,
2018,7,7,13,0,9.2,31,0,3.4,46,339.0,260,299.9034516581812,0,1015.1,53.240926279565656,10.703486819312216,70,,
2018,7,7,14,0,9.1,43,2.1,3.6,42,195.0,140,198.3362830567753,0,1015.3,42.63660214137866,10.37373896484119,77,,
2018,7,7,15,0,8.6,54,1.1,3.6,19,131.0,36,109.55982379438063,0,1015.6,30.496352752705548,9.392623472907433,86,,
2018,7,7,16,0,7.9,64,0,3.4,2,95.0,1,29.90843677495798,0,1016,26.67060913450814,9.837733149522482,95,,
2018,7,7,17,0,7.1,73,0,3.3,0,0.0,0,0.0,0,1016.4,21.538333495950155,10.495841457343102,106,,
2018,7,7,18,0,6.4,82,0,3.1,0,0.0,0,0.0,0,1016.8,14.224017870624948,9.322927643682457,117,,
2018,7,7,19,0,5.6,92,0,2.7,0,0.0,0,0.0,0,1017,2.543445415786607,9.369093156272458,128,,
2018,7,7,20,0,4.9,104,0,2.4,0,0.0,0,0.0,0,1017.2,4.399580941888416,12.25290233912737,139,,
2018,7,7,21,0,4.9,120,0,2.3,0,0.0,0,0.0,0,1017.3,9.895841997928583,16.17919383454021,150,,
2018,7,7,22,0,5.4,147,0,2.3,0,0.0,0,0.0,0,1017.3,8.09106219073243,15.758920983289917,158,,
2018,7,7,23,0,5.9,-175,0,2.3,0,0.0,0,0.0,0,1017.3,20.516419556121548,16.154796796923936,161,,
2018,7,8,0,0,6.3,-139,0,2.3,0,0.0,0,0.0,0,1017.3,28.57535380207554,14.501003701313524,156,,
2018,7,8,1,0,6.4,-116,0,2.4,0,0.0,0,0.0,0,1017.3,29.10930574473537,13.387460147663,148,,
2018,7,8,2,0,6.6,-101,0,2.4,0,0.0,0,0.0,0,1017.3,27.62792072344041,12.778575722368805,137,,
2018,7,8,3,0,6.8,-90,0,2.5,0,0.0,0,0.0,0,1017.3,27.017225168199506,13.12933787005554,126,,
2018,7,8,4,0,7,-80,0,2.7,0,0.0,0,0.0,0,1017.4,25.828210930434807,12.828644740812004,114,,
2018,7,8,5,0,7.2,-71,0,2.9,0,0.0,0,0.0,0,1017.5,27.0124627774942,13.269087812388287,103,,
2018,7,8,6,0,7.5,-62,0.7,3.3,2,0.0,0,0.0,0,1017.7,27.52132650188952,13.666375073030077,93,,
2018,7,8,7,0,8,-52,34,3.9,40,4.0,0,2.0000000000000004,0,1018,29.34318348233569,13.54522267552862,84,,
2018,7,8,8,0,8.4,-41,70.8,4.5,54,106.0,0,47.75980852705283,0,1018.3,34.18949258445201,14.122775569394204,75,,
2018,7,8,9,0,9,-28,59.1,4.9,137,214.0,4,141.67549167022904,0,1018.2,38.58015222589131,15.632451998372932,69,,
2018,7,8,10,0,9.7,-13,17.7,5.2,115,374.0,216,248.49400711653695,0,1017.8,41.65579956633735,16.960256359914204,65,,
2018,7,8,11,0,10.3,2,1.6,5.4,77,494.0,331,339.8489607446911,0,1017.4,43.87248626958092,17.958568722103458,64,,
2018,7,8,12,0,10.6,17,2,5.7,79,532.0,294,375.00311808114645,0,1017.1,44.02728461737286,18.21286845760684,66,,
2018,7,8,13,0,10.5,31,5.5,6,89,527.0,194,357.74319520962206,0,1016.9,45.678952828171305,20.119256504659447,70,,
2018,7,8,14,0,10.5,43,4.7,6.3,66,461.0,103,282.2220504720084,0,1016.7,50.0933832275656,19.692202785963943,77,,
2018,7,8,15,0,10.2,54,1.2,6.4,23,322.0,29,161.46677636243504,0,1016.7,52.36177166498749,18.395892281040027,86,,
2018,7,8,16,0,9.7,64,0,6.5,3,91.0,1,31.49030453390052,0,1016.8,54.413933912306845,15.760841182589532,95,,
2018,7,8,17,0,9.3,73,0,6.5,0,0.0,0,0.0,0,1016.9,57.318259456281,11.989732295894276,106,,
2018,7,8,18,0,8.9,82,0,6.5,0,0.0,0,0.0,0,1017.1,55.89717233231954,8.854171193439598,117,,
2018,7,8,19,0,8.6,92,0,6.4,0,0.0,0,0.0,0,1017.2,51.53849816173249,6.697896576688626,128,,
2018,7,8,20,0,8.3,104,0,6.3,0,0.0,0,0.0,0,1017.3,41.46282654982309,5.54588529326958,139,,
2018,7,8,21,0,8.4,120,0,6.5,0,0.0,0,0.0,0,1017.3,42.849564626194365,6.763018777871704,150,,
2018,7,8,22,0,8.7,147,0,6.7,0,0.0,0,0.0,0,1017.2,41.18064944526952,7.233353449991998,158,,
2018,7,8,23,0,9,-175,0,7,0,0.0,0,0.0,0,1017,33.767656248051765,7.150371060713235,161,,
2018,7,9,0,0,9.2,-139,0,7.2,0,0.0,0,0.0,0,1016.8,40.28110647764083,7.709704925751206,156,,
2018,7,9,1,0,9.3,-116,0,7.4,0,0.0,0,0.0,0,1016.7,38.88937224699504,7.2038394879792,148,,
2018,7,9,2,0,9.4,-101,0,7.5,0,0.0,0,0.0,0,1016.6,40.57159972410994,6.591143676042047,137,,
2018,7,9,3,0,9.5,-90,0,7.6,0,0.0,0,0.0,0,1016.5,41.45067200687652,6.396947228378471,126,,
2018,7,9,4,0,9.5,-80,0,7.7,0,0.0,0,0.0,0,1016.4,46.0637564781901,6.695190143691265,114,,
2018,7,9,5,0,9.6,-71,0,7.8,0,0.0,0,0.0,0,1016.3,53.14810605496757,6.992676126466642,103,,
2018,7,9,6,0,9.8,-62,0.6,8.1,2,0.0,0,0.0,0,1016.3,47.94379901739171,6.390174817222154,93,,
2018,7,9,7,0,10.2,-52,33.2,8.4,40,11.0,0,2.000000000000001,0,1016.3,41.87656735959763,5.516065828467567,84,,
2018,7,9,8,0,10.6,-41,51.5,8.8,102,234.0,0,55.72981693691554,0,1016.4,30.022641637188087,4.659896804993091,75,,
2018,7,9,9,0,10.9,-28,48.2,9.1,168,377.0,0,166.86907326253038,0,1016,32.422073803680064,3.953410119491153,69,,
2018,7,9,10,0,11.1,-13,44.3,9.2,218,584.0,0,298.84161677147586,0,1015.3,45.1135737878007,4.354515744624866,65,,
2018,7,9,11,0,11.2,2,45.1,9.3,225,649.0,0,384.9498759324743,0,1014.6,68.10004883231159,7.670733959394197,64,,
2018,7,9,12,0,11.2,17,42.3,9.4,217,651.0,0,414.4736939375566,0,1014,72.70531077762143,7.650582905919914,66,,
2018,7,9,13,0,11.1,31,51.6,9.3,148,623.0,0,389.38342414723616,0,1013.4,67.69915041991743,7.869093579766859,70,,
2018,7,9,14,0,11,43,41.5,9.2,98,545.0,0,308.01745118150126,0,1012.9,72.7168165423372,7.574166190017661,77,,
2018,7,9,15,0,10.9,54,44.1,9.1,36,399.0,0,181.87797440426783,0,1012.5,76.84010033089112,7.580421009481486,86,,
2018,7,9,16,0,10.8,64,50.9,9,2,130.0,0,38.52022321160876,0,1012.4,77.44138279853195,7.074788509281209,95,,
2018,7,9,17,0,10.7,74,51.8,8.9,0,0.0,0,0.0,0,1012.2,82.7416813547872,6.351679694113897,106,,
2018,7,9,18,0,10.6,83,53.6,8.8,0,0.0,0,0.0,0,1011.9,85.46238759207102,5.530028558557313,117,,
2018,7,9,19,0,10.5,92,61.5,8.8,0,0.0,0,0.0,0,1011.6,73.88495724453571,7.169407775454144,128,,
2018,7,9,20,0,10.5,104,65.7,8.8,0,0.0,0,0.0,0,1011.2,73.74225140403502,6.834326178154382,139,,
2018,7,9,21,0,10.5,120,66.8,8.8,0,0.0,0,0.0,0,1010.7,70.5907359570316,6.783201622406727,150,,
2018,7,9,22,0,10.5,147,57,8.8,0,0.0,0,0.0,0,1010,68.74751352731317,6.946802402139307,158,,
2018,7,9,23,0,10.6,-175,51.2,8.8,0,0.0,0,0.0,0,1009.3,66.80378753610279,7.7237418785984735,161,,
2018,7,10,0,0,10.6,-139,51.1,8.7,0,0.0,0,0.0,0,1008.7,67.90184491045528,7.781854299649957,156,,
2018,7,10,1,0,10.6,-116,51,8.6,0,0.0,0,0.0,0,1008.1,52.32089024518831,4.5222283626648005,147,,
2018,7,10,2,0,10.6,-101,51.5,8.4,0,0.0,0,0.0,0,1007.6,54.06948106687133,6.349779186013941,137,,
2018,7,10,3,0,10.5,-90,50.9,8.3,0,0.0,0,0.0,0,1007,49.83913373304972,6.659077334900578,126,,
2018,7,10,4,0,10.3,-81,18.2,8.1,0,0.0,0,0.0,0,1006.5,42.97105406364278,6.197457157593218,114,,
2018,7,10,5,0,10.2,-72,0,8,0,0.0,0,0.0,0,1006,39.2140221449352,6.149286393307392,103,,
2018,7,10,6,0,10.3,-62,0.5,8,3,0.0,0,0.0,0,1005.6,32.854969194334615,5.853819326592621,93,,
2018,7,10,7,0,10.5,-52,24.2,8.1,48,7.0,0,2.0000000000000004,0,1005.2,24.07165101955627,4.449708109562188,83,,
2018,7,10,8,0,10.9,-41,54.9,8.2,82,113.0,0,47.29971814958192,0,1004.9,7.710554521593281,4.856655586518474,75,,
2018,7,10,9,0,11,-28,69.3,8.5,94,174.0,0,129.31915619308154,0,1004.2,2.236857829418284,4.5036758734484,69,,
2018,7,10,10,0,11.1,-14,65.8,9,132,186.0,0,207.4678950938322,0,1003.2,350.17010766536254,4.154250424030772,65,,
2018,7,10,11,0,11.1,2,54.5,9.5,183,223.0,0,266.0383838906192,0,1002.3,345.7442917597117,4.019275861065264,64,,
2018,7,10,12,0,11.1,17,69.8,9.6,115,284.0,0,305.9313512287747,0,1001.4,333.08894712263066,4.917801476164611,66,,
2018,7,10,13,0,11,31,60.4,9.3,107,230.0,1,266.2681642662984,0,1000.6,333.81612134178386,6.515530926324876,70,,
2018,7,10,14,0,10.9,43,21.8,9.1,86,149.0,40,185.89740322511884,0,999.8,352.2520932981517,7.701903836407519,77,,
2018,7,10,15,0,10.8,55,4.7,8.9,28,108.0,23,106.77240256869564,0,999.3,3.584807590197329,8.5472416005848,85,,
2018,7,10,16,0,10.8,64,1.3,8.7,3,30.0,0,20.564038240137208,0,998.9,356.283930481705,6.9687535067836,95,,
2018,7,10,17,0,10.7,74,0,8.6,0,0.0,0,0.0,0,998.6,348.92629124934047,6.979562526597704,106,,
2018,7,10,18,0,10.7,83,1.2,8.6,0,0.0,0,0.0,0,998.2,349.7291276733118,7.733542908114975,117,,
2018,7,10,19,0,10.7,92,63.3,8.7,0,0.0,0,0.0,0,997.8,350.70923852526823,7.291946560165314,128,,
2018,7,10,20,0,10.7,104,98,8.8,0,0.0,0,0.0,0,997.4,345.06383928026685,7.408257296922557,139,,
2018,7,10,21,0,10.7,120,97.8,9,0,0.0,0,0.0,0,997,351.5860957248962,7.688464968679983,150,,
2018,7,10,22,0,10.6,147,88.3,9.1,0,0.0,0,0.0,0,996.4,352.47205626699446,7.234226184080584,158,,
2018,7,10,23,0,10.6,-175,83,9.3,0,0.0,0,0.0,0,995.9,346.8583978757158,7.06891590888344,160,,
2018,7,11,0,0,10.5,-140,83.7,9.2,0,0.0,0,0.0,0,995.5,353.4662756399134,7.016027719370337,156,,
2018,7,11,1,0,10.4,-116,83.4,9.1,0,0.0,0,0.0,0,995.2,6.493157590994713,6.453014811574921,147,,
2018,7,11,2,0,10.4,-101,83,8.9,0,0.0,0,0.0,0,994.9,10.78181636958476,5.5374517318137455,137,,
2018,7,11,3,0,10.4,-90,83,8.8,0,0.0,0,0.0,0,994.5,4.328285191644284,4.61619273796069,126,,
2018,7,11,4,0,10.3,-81,82.9,8.7,0,0.0,0,0.0,0,994.2,357.91586810254427,3.8936889410971935,114,,
2018,7,11,5,0,10.3,-72,76.4,8.6,0,0.0,0,0.0,0,993.9,4.581601021969448,3.050274248769494,103,,
2018,7,11,6,0,10.4,-62,65.9,8.7,1,0.0,0,0.0,0,993.8,352.23483398157464,2.0002757865779777,93,,
2018,7,11,7,0,10.5,-52,65.4,8.8,26,0.0,0,1.0,0,994,38.08743796847324,1.1145094404355562,83,,
2018,7,11,8,0,10.7,-41,70.5,9,58,8.0,0,22.3843438546118,0,994.1,111.6388722508034,1.0387828134984185,75,,
2018,7,11,9,0,10.6,-28,74.6,9.1,77,23.0,0,73.56865368864638,0,994,150.29545205702254,1.9357720637659668,69,,
2018,7,11,10,0,10.5,-14,47.9,9,194,42.0,5,131.49553359676918,0,993.6,159.69179330604948,2.635765004916114,65,,
2018,7,11,11,0,10.4,2,64.7,9,135,97.0,3,205.33758656815985,0,993.2,159.8462483340079,2.5842556511882773,64,,
2018,7,11,12,0,10.1,17,62.6,8.8,131,105.0,0,221.7619272969998,0,993,169.7178695034711,2.258188632139277,65,,
2018,7,11,13,0,9.7,31,60,8.3,116,113.0,0,210.4926294225887,0,993,174.32080130108295,1.507398973593983,70,,
2018,7,11,14,0,9.3,44,59.8,7.9,66,100.0,0,162.3960449799782,0,993,195.89858160796263,1.559659970834872,77,,
2018,7,11,15,0,8.8,55,75.4,7.4,21,65.0,0,89.65719193033881,0,993.3,201.15684121484188,1.8094653177861424,85,,
2018,7,11,16,0,8.2,64,56.7,6.8,1,12.0,0,14.850171173146334,0,993.7,201.5330614899199,2.119878796810518,95,,
2018,7,11,17,0,7.6,74,64.1,6.1,0,0.0,0,0.0,0,994.2,213.8097773208441,1.19912197455672,106,,
2018,7,11,18,0,7.3,83,76.5,5.8,0,0.0,0,0.0,0,994.6,165.2850503970992,1.1197333771667766,117,,
2018,7,11,19,0,7,92,82.5,5.7,0,0.0,0,0.0,0,994.9,136.81265505022435,1.2225115998230711,128,,
2018,7,11,20,0,6.8,104,86.5,5.7,0,0.0,0,0.0,0,995.2,150.3120538742941,2.376950015565191,139,,
2018,7,11,21,0,6.9,120,90.5,5.7,0,0.0,0,0.0,0,995.4,140.94510635535397,3.500152261010637,149,,
2018,7,11,22,0,7.2,147,86.8,5.9,0,0.0,0,0.0,0,995.5,137.14753355395817,4.763541569790761,158,,
2018,7,11,23,0,7.5,-175,83.3,6.1,0,0.0,0,0.0,0,995.6,147.74297654535758,5.114564977821411,160,,
2018,7,12,0,0,7.7,-140,83.5,6.4,0,0.0,0,0.0,0,995.7,156.6609661864369,5.296672496469353,156,,
2018,7,12,1,0,7.9,-116,89.5,6.7,0,0.0,0,0.0,0,995.9,154.3743521451496,4.828175578423417,147,,
2018,7,12,2,0,8.1,-101,92.8,7,0,0.0,0,0.0,0,996.1,154.26946779274226,4.3779386528377735,137,,
2018,7,12,3,0,8.2,-90,92.6,7.2,0,0.0,0,0.0,0,996.4,151.00776202357952,3.921331861965129,126,,
2018,7,12,4,0,8.3,-81,78.2,7.4,0,0.0,0,0.0,0,996.7,137.78957479854716,3.852220103860148,114,,
2018,7,12,5,0,8.3,-72,80.1,7.6,0,0.0,0,0.0,0,997,137.7178678300345,4.012026855761096,103,,
2018,7,12,6,0,8.6,-63,91.2,7.8,1,0.0,1,0.0,0,997.1,140.46765078807084,4.496846392065352,93,,
2018,7,12,7,0,8.9,-52,40.9,7.9,43,5.0,29,2.0000000000000004,0,997,111.79928335191607,3.665170806948229,83,,
2018,7,12,8,0,9.3,-41,4.5,8,65,87.0,134,49.28759585021368,0,997,123.37635038633766,3.339017504833843,75,,
2018,7,12,9,0,9.8,-28,32.4,8.1,134,259.0,67,157.83643984245924,0,996.9,126.73200193251807,3.448984598266973,69,,
2018,7,12,10,0,10.3,-14,49.8,8.3,191,502.0,2,284.1602978035271,0,996.8,118.89661875340288,3.5345596821746272,65,,
2018,7,12,11,0,10.9,2,27.9,8.5,192,587.0,104,371.1595592423199,0,996.7,103.20692942853384,3.338293596990755,63,,
2018,7,12,12,0,11.2,17,13.4,8.6,159,640.0,171,415.3239655289565,0,996.8,110.25357591902464,2.5981439347778164,65,,
2018,7,12,13,0,11.5,31,14.3,8.6,133,651.0,128,403.5175145758736,0,997,117.47122560179912,2.1677721638945995,70,,
2018,7,12,14,0,11.7,44,19.6,8.7,101,588.0,52,326.05223347778895,0,997.3,114.2559027959952,1.7668147340690443,77,,
2018,7,12,15,0,11.6,55,16.9,8.6,39,429.0,9,193.07239232975647,0,997.6,127.44642180277856,1.1937616048118975,85,,
2018,7,12,16,0,11.3,65,5.1,8.5,4,153.0,0,44.91286296006032,0,998,191.1156983732056,1.5677410916510426,95,,
2018,7,12,17,0,10.9,74,0,8.4,0,0.0,0,0.0,0,998.3,217.0707507979081,1.601816482874188,105,,
2018,7,12,18,0,10.7,83,0,8.2,0,0.0,0,0.0,0,998.6,281.9513865041665,1.0221566200081906,117,,
2018,7,12,19,0,10.6,93,0,8,0,0.0,0,0.0,0,998.7,329.9610693838292,3.7173057524515,128,,
2018,7,12,20,0,10.6,104,0,7.8,0,0.0,0,0.0,0,998.8,344.2970407833706,2.964144095191102,139,,
2018,7,12,21,0,10.6,120,0,7.9,0,0.0,0,0.0,0,998.8,80.90921445925915,2.1725526068258536,149,,
2018,7,12,22,0,10.7,147,0,8.1,0,0.0,0,0.0,0,998.7,99.17870890479026,2.967686924578775,157,,
2018,7,12,23,0,10.8,-175,0,8.3,0,0.0,0,0.0,0,998.5,100.34392392019664,3.041620908462669,160,,
2018,7,13,0,0,10.7,-140,0,8.3,0,0.0,0,0.0,0,998.5,86.69976716128616,3.782884930023995,156,,
2018,7,13,1,0,10.6,-117,0,8.2,0,0.0,0,0.0,0,998.4,81.91451639520614,5.23169407298499,147,,
2018,7,13,2,0,10.4,-102,0,8.1,0,0.0,0,0.0,0,998.4,79.93379156471855,5.997845804414877,137,,
2018,7,13,3,0,10.2,-90,0,7.8,0,0.0,0,0.0,0,998.5,80.67663634531402,6.321793810539458,125,,
2018,7,13,4,0,9.9,-81,0,7.5,0,0.0,0,0.0,0,998.8,81.1204859056042,6.412052768965191,114,,
2018,7,13,5,0,9.7,-72,0,7.2,0,0.0,0,0.0,0,999.1,87.05525008829716,6.353849001797407,103,,
2018,7,13,6,0,9.7,-63,0,6.7,3,0.0,2,0.0,0,999.1,89.90432822445365,5.994637263342623,93,,
2018,7,13,7,0,10,-53,0,6,25,12.0,63,3.000000000000001,0,999,82.47807096282469,7.055341303745841,83,,
2018,7,13,8,0,10.3,-41,0,5.3,46,163.0,173,54.25099782895047,0,998.8,80.69391076712083,7.580483146369959,75,,
2018,7,13,9,0,10.5,-28,2.2,5.1,74,303.0,247,158.12932812869528,0,998.3,81.26598603623552,6.0405051912680605,69,,
2018,7,13,10,0,10.7,-14,28.2,5.3,184,413.0,96,263.158107444168,0,997.5,85.65540680852843,4.044581186635817,65,,
2018,7,13,11,0,10.9,2,36.3,5.5,250,606.0,14,378.104207761348,0,996.8,60.535261651075984,1.7093741185048288,63,,
2018,7,13,12,0,10.9,17,63.1,5.9,139,630.0,8,413.18983692436257,0,996.4,25.27543854085161,2.153962027153048,65,,
2018,7,13,13,0,10.6,31,91.9,6.4,32,597.0,0,387.07755864073386,0,996.3,42.53993405066069,3.322113230964772,70,,
2018,7,13,14,0,10.3,44,80.8,6.9,27,510.0,0,304.0885232009814,0,996.2,50.41302804558018,4.2932053588419326,77,,
2018,7,13,15,0,10,55,25.6,7,20,329.0,2,168.89241730509218,0,996.5,48.04138952969174,5.271019557884753,85,,
2018,7,13,16,0,9.5,65,0,6.6,4,98.0,1,35.53007933554014,0,997.1,47.34824196766488,6.1599020122345385,95,,
2018,7,13,17,0,9.1,74,0,6.2,0,0.0,0,0.0,0,997.7,50.95831886783634,5.617804799759755,105,,
2018,7,13,18,0,8.7,83,0,5.6,0,0.0,0,0.0,0,998.1,43.794456909061694,4.734485668991384,116,,
2018,7,13,19,0,8.3,93,0.1,4.7,0,0.0,0,0.0,0,998.5,74.5599728322884,4.7107853777919,128,,
2018,7,13,20,0,8,104,5.6,3.8,0,0.0,0,0.0,0,998.8,70.05725155933885,3.198126824314893,139,,
2018,7,13,21,0,7.8,121,35.1,3.5,0,0.0,0,0.0,0,998.9,55.25362595693196,3.540810504912162,149,,
2018,7,13,22,0,7.7,147,18.1,3.6,0,0.0,0,0.0,0,999.1,66.20156588203349,5.964960073399798,157,,
2018,7,13,23,0,7.7,-176,0,3.8,0,0.0,0,0.0,0,999.2,77.8180268601044,6.553077586434073,160,,
2018,7,14,0,0,7.5,-140,0,3.7,0,0.0,0,0.0,0,999.3,91.56051360257707,5.199682362648662,156,,
2018,7,14,1,0,7.2,-117,0,3.3,0,0.0,0,0.0,0,999.4,89.021698075941,3.288809478885967,147,,
2018,7,14,2,0,7,-102,0,3,0,0.0,0,0.0,0,999.5,93.22989687659476,3.440523863647707,137,,
2018,7,14,3,0,6.7,-91,0,2.8,0,0.0,0,0.0,0,999.5,91.67542946882412,2.48836848945933,125,,
2018,7,14,4,0,6.5,-81,0,2.7,0,0.0,0,0.0,0,999.6,57.29601619251082,1.1567672655009635,114,,
2018,7,14,5,0,6.3,-72,0,2.7,0,0.0,0,0.0,0,999.6,58.33091424446821,0.8333134688552927,103,,
2018,7,14,6,0,6.5,-63,0.5,2.8,4,0.0,0,0.0,0,999.4,78.50397123619427,0.8697432582579682,93,,
2018,7,14,7,0,6.8,-53,27.3,3,49,22.0,0,3.0000000000000013,0,999.2,130.3869544628975,1.592696982676559,83,,
2018,7,14,8,0,7.2,-41,45.6,3.2,115,301.0,0,62.668235806591085,0,999,138.07011780089817,3.010560561352312,75,,
2018,7,14,9,0,7.5,-28,47.2,3.2,172,550.0,0,197.9005363790663,0,998.5,141.7927659931691,3.3306923934580746,68,,
2018,7,14,10,0,7.7,-14,57.5,3.2,167,612.0,0,316.9711338579791,0,998,136.79623849656593,3.6129226919065367,64,,
2018,7,14,11,0,7.8,2,72.6,3.1,114,688.0,0,409.111540731666,0,997.4,117.83595612914758,2.2890389216644094,63,,
2018,7,14,12,0,7.8,17,64.7,3.4,133,673.0,0,435.0143398186555,0,997,111.021179504734,1.0454039130276125,65,,
2018,7,14,13,0,7.7,31,60.8,4,119,651.0,0,411.4686865915568,0,996.8,24.060116248215422,0.247317465700741,70,,
2018,7,14,14,0,7.5,44,45.3,4.6,92,575.0000000000001,0,328.68470128624074,0,996.5,320.7715850023825,1.048886572773872,76,,
2018,7,14,15,0,7.4,55,62.5,4.9,34,418.0,0,195.80514566637515,0,996.5,301.1673724695594,0.4830546071437665,85,,
2018,7,14,16,0,7.3,65,71.7,5,1,139.0,0,44.33878171441087,0,996.8,289.2282165365282,0.8755005698929288,95,,
2018,7,14,17,0,7.2,74,69.3,5,0,0.0,0,0.0,0,997,291.4844331528502,1.5078456459948208,105,,
2018,7,14,18,0,7,83,66.1,5,0,0.0,0,0.0,0,997.6,313.7432557819407,1.8890648071174003,116,,
2018,7,14,19,0,6.7,93,65.7,4.8,0,0.0,0,0.0,0,998.5,333.9003140559579,2.4062544711182907,128,,
2018,7,14,20,0,6.5,104,67.7,4.7,0,0.0,0,0.0,0,999.3,342.58010101225943,2.8502029522359686,139,,
2018,7,14,21,0,6.4,121,67,4.8,0,0.0,0,0.0,0,1000.1,349.5587362719437,2.9623835713810496,149,,
2018,7,14,22,0,6.4,147,57,5.1,0,0.0,0,0.0,0,1000.8,0.5765011067448427,2.159533143497755,157,,
2018,7,14,23,0,6.4,-176,51.3,5.3,0,0.0,0,0.0,0,1001.5,7.836734585163185,1.7869526945543983,160,,
2018,7,15,0,0,6.4,-141,50.4,5.3,0,0.0,0,0.0,0,1002.2,351.6156123714414,2.0460377648010843,156,,
2018,7,15,1,0,6.3,-117,18.1,5,0,0.0,0,0.0,0,1003,8.784297297274293,0.5019818605740022,147,,
2018,7,15,2,0,6.1,-102,0,4.7,0,0.0,0,0.0,0,1003.7,114.44326967824736,1.689782911978823,137,,
2018,7,15,3,0,6,-91,0,4.4,0,0.0,0,0.0,0,1004.6,113.66196918306493,2.0889497787890368,125,,
2018,7,15,4,0,5.9,-81,0,4.1,0,0.0,0,0.0,0,1005.5,128.72249997687788,2.439263280684785,114,,
2018,7,15,5,0,5.8,-72,0,3.8,0,0.0,0,0.0,0,1006.4,134.4794489172357,2.356199135471642,103,,
2018,7,15,6,0,6.1,-63,0,3.7,3,0.0,2,0.0,0,1007.4,146.0378486734889,2.680697470423799,93,,
2018,7,15,7,0,6.5,-53,1.1,3.7,29,1.0,59,1.0,0,1008.5,160.24827437980025,2.6238547165479984,83,,
2018,7,15,8,0,7,-41,1.6,3.8,53,11.0,166,24.589444392525536,0,1009.5,166.1115556003016,3.0299882229019017,75,,
2018,7,15,9,0,7.5,-28,1.5,3.8,64,9.0,268,47.84739391150127,0,1010.2,163.64530281570617,3.126508158107151,68,,
2018,7,15,10,0,8.1,-14,1.4,3.8,70,3.0,335,49.98629326342196,0,1010.4,159.8913745210882,2.8944563862415342,64,,
2018,7,15,11,0,8.7,2,1.3,3.8,70,6.0,357,81.48211193308899,0,1010.7,136.1797791477789,2.3141246192316536,63,,
2018,7,15,12,0,9,17,1.2,3.7,67,30.0,330,156.62142008588742,0,1011,107.7817053305003,1.841899395675308,65,,
2018,7,15,13,0,9.1,31,1.4,3.6,61,90.0,255,206.2346771508995,0,1011.3,69.72857259299929,1.9730363385227487,69,,
2018,7,15,14,0,9.2,44,1.4,3.6,48,92.0,149,167.17286850821685,0,1011.6,355.5655294938988,1.7998215110021505,76,,
2018,7,15,15,0,8.9,55,0.5,3.4,22,69.0,44,97.43706991474188,0,1012.2,332.4796139473658,4.223785820984371,85,,
2018,7,15,16,0,8.3,65,0,3.2,4,38.0,3,27.194507340360477,0,1012.9,337.79258453726453,5.035117688560353,95,,
2018,7,15,17,0,7.6,74,0,3,0,0.0,0,0.0,0,1013.6,355.6096830591827,6.26692416927276,105,,
2018,7,15,18,0,7,83,0.6,2.9,0,0.0,0,0.0,0,1014.2,354.55870972630066,6.228015313759329,116,,
2018,7,15,19,0,6.4,93,33.5,3,0,0.0,0,0.0,0,1014.7,350.6658097209716,6.550850441919274,128,,
2018,7,15,20,0,5.8,105,51.8,3,0,0.0,0,0.0,0,1015.2,355.33499287435035,6.147807591900301,139,,
2018,7,15,21,0,5.5,121,51.8,3.1,0,0.0,0,0.0,0,1015.6,1.2352466374528035,5.979661090913123,149,,
2018,7,15,22,0,5.3,147,51.8,3.1,0,0.0,0,0.0,0,1015.8,5.46061552751803,5.590311096189524,157,,
2018,7,15,23,0,5.1,-176,51.8,3.1,0,0.0,0,0.0,0,1016.1,6.279210925320854,5.5982830125306124,160,,
2018,7,16,0,0,4.8,-141,51.7,3,0,0.0,0,0.0,0,1016.2,356.7929503795991,4.87457749174219,156,,
2018,7,16,1,0,4.6,-117,71.7,2.9,0,0.0,0,0.0,0,1016.2,347.0200994749428,3.1347846390097027,147,,
2018,7,16,2,0,4.3,-102,82.2,2.7,0,0.0,0,0.0,0,1016.2,328.8507408368563,2.3278040312644857,136,,
2018,7,16,3,0,4.1,-91,41.7,2.6,0,0.0,0,0.0,0,1016.3,297.1197407930832,2.526285613298314,125,,
2018,7,16,4,0,4,-81,6.9,2.5,0,0.0,0,0.0,0,1016.4,320.3644368105539,3.6450659716356704,114,,
2018,7,16,5,0,4,-72,0,2.4,0,0.0,0,0.0,0,1016.5,334.2345278733079,2.8166499250712,103,,
2018,7,16,6,0,4.4,-63,0,2.6,4,0.0,2,0.0,0,1016.6,315.9229325729828,2.29356085493754,93,,
2018,7,16,7,0,5.3,-53,0,3,29,4.0,62,3.0000000000000004,0,1016.6,258.0807966262656,0.4952978523086143,83,,
2018,7,16,8,0,6.2,-41,0.9,3.4,57,43.0,164,45.37426704353428,0,1016.5,186.84240254935872,1.4979738419098965,75,,
2018,7,16,9,0,7.1,-28,1.4,3.4,73,24.0,261,80.97227008566807,0,1016.2,244.5022319199392,2.6905176941035136,68,,
2018,7,16,10,0,7.9,-14,1.6,3.1,82,11.0,322,89.63967884482356,0,1015.7,315.23376032450994,4.908356281263574,64,,
2018,7,16,11,0,8.7,1,1.8,2.7,87,9.0,338,100.74372945739869,0,1015.1,306.1302478055202,6.747974378800891,63,,
2018,7,16,12,0,9,17,1.7,2.6,83,22.0,312,145.04208243333738,0,1014.6,314.89682969823014,10.929444065614192,65,,
2018,7,16,13,0,9,31,1.5,2.8,70,44.0,246,167.77969774870084,0,1014.2,298.80617847353955,11.419450724398017,69,,
2018,7,16,14,0,9,44,2,2.9,52,15.0,146,92.9353446130396,0,1013.7,306.8652042349823,10.13334964337312,76,,
2018,7,16,15,0,8.7,55,33.4,3,22,7.0,38,44.09059663344173,0,1013.5,312.29533881141487,8.692457143279116,85,,
2018,7,16,16,0,8.1,65,18.4,3,3,2.0,0,7.330754138352251,0,1013.4,310.6553933630731,9.59163001491516,94,,
2018,7,16,17,0,7.5,74,0,3,0,0.0,0,0.0,0,1013.3,317.975495587529,11.48698195367556,105,,
2018,7,16,18,0,7.1,83,0,3.2,0,0.0,0,0.0,0,1013.2,325.7977430936293,10.771242890543215,116,,
2018,7,16,19,0,6.7,93,0,3.4,0,0.0,0,0.0,0,1012.9,336.3949191123544,10.483107761711622,127,,
2018,7,16,20,0,6.3,105,0,3.7,0,0.0,0,0.0,0,1012.6,344.6263798717512,9.483381417280512,139,,
2018,7,16,21,0,6.4,121,0,4,0,0.0,0,0.0,0,1012.3,341.19307490023124,8.324315500614569,149,,
2018,7,16,22,0,6.7,147,0,4.3,0,0.0,0,0.0,0,1012,332.7817690994568,8.552751497999404,157,,
2018,7,16,23,0,7.1,-176,0,4.6,0,0.0,0,0.0,0,1011.6,318.75254649267663,9.303312163156892,160,,
2018,7,17,0,0,7.4,-141,0.9,4.7,0,0.0,0,0.0,0,1011.2,316.4898711557762,12.177194679127544,156,,
2018,7,17,1,0,7.5,-118,44.6,4.8,0,0.0,0,0.0,0,1010.8,308.7757079427788,13.608992677436037,147,,
2018,7,17,2,0,7.7,-102,71.8,4.8,0,0.0,0,0.0,0,1010.4,311.2881293738616,13.274359663733495,136,,
2018,7,17,3,0,7.8,-91,54.8,4.8,0,0.0,0,0.0,0,1010.2,311.9310719433076,13.57534135087224,125,,
2018,7,17,4,0,7.9,-82,16,4.9,0,0.0,0,0.0,0,1010,312.03793540419946,13.733907214239055,114,,
2018,7,17,5,0,8,-73,0,5,0,0.0,0,0.0,0,1009.9,311.30242659791963,13.328292185997055,103,,
2018,7,17,6,0,8.2,-63,0,5.2,4,0.0,2,0.0,0,1010,309.42337044432645,12.732075557337884,92,,
2018,7,17,7,0,8.4,-53,0,5.5,31,3.0,57,2.0,0,1010.2,306.42989086724106,13.574863182523517,83,,
2018,7,17,8,0,8.7,-42,0,5.8,57,98.0,162,57.58041662037498,0,1010.5,299.2862339032324,12.880977766000472,75,,
2018,7,17,9,0,8.8,-29,0,5.6,65,265.0,271,171.43556545694986,0,1010.7,294.3020101962856,13.767031823969724,68,,
2018,7,17,10,0,8.8,-14,0,5.1,69,490.0,343,298.21698234174704,0,1011,291.9779721229753,15.241416203836163,64,,
2018,7,17,11,0,8.8,1,0,4.4,73,547.0,362,378.8386243031521,0,1011.3,289.33325229173715,16.51659267409284,63,,
2018,7,17,12,0,8.5,17,1,3.7,82,565.0000000000001,317,411.31342146446747,0,1011.7,287.37325655070845,17.312504925021354,65,,
2018,7,17,13,0,8,31,1.4,3,79,372.0,236,328.18525850895094,0,1012.3,283.30782917966,17.028549401939298,69,,
2018,7,17,14,0,7.5,44,1.2,2.2,62,130.0,134,181.7755505335958,0,1012.9,287.80916244849067,17.799218811348595,76,,
2018,7,17,15,0,7,55,0.4,1.5,28,20.0,37,60.023851186444205,0,1013.7,294.052287353492,17.888383766617274,85,,
2018,7,17,16,0,6.6,65,0,0.9,5,3.0,2,7.503401741981272,0,1014.7,293.2483347080776,18.27727890084672,94,,
2018,7,17,17,0,6.1,74,0,0.2,0,0.0,0,0.0,0,1015.6,332.8820329227196,12.287263424498414,105,,
2018,7,17,18,0,5.8,83,0,-0.2,0,0.0,0,0.0,0,1016.4,8.267935959776423,9.773949616551723,116,,
2018,7,17,19,0,5.5,93,0,-0.5,0,0.0,0,0.0,0,1017,10.608315014097002,7.198471092607774,127,,
2018,7,17,20,0,5.2,105,0,-0.7,0,0.0,0,0.0,0,1017.6,1.121163570802537,7.948054835333859,138,,
2018,7,17,21,0,5.2,121,0,-0.6,0,0.0,0,0.0,0,1018.1,6.4482128254022655,9.052138966359044,149,,
2018,7,17,22,0,5.4,147,0,-0.2,0,0.0,0,0.0,0,1018.6,11.464348879313263,9.202648998962133,157,,
2018,7,17,23,0,5.6,-176,0,0.2,0,0.0,0,0.0,0,1019.1,3.81527863672693,9.275439411869616,159,,
2018,7,18,0,0,5.6,-141,0,0.4,0,0.0,0,0.0,0,1019.4,3.579600329050436,9.885252715393582,155,,
2018,7,18,1,0,5.5,-118,0,0.4,0,0.0,0,0.0,0,1019.7,359.5659193827812,10.60211090828404,147,,
2018,7,18,2,0,5.3,-103,0,0.3,0,0.0,0,0.0,0,1020,357.5808293144919,9.88478625042325,136,,
2018,7,18,3,0,5,-91,0,0.4,0,0.0,0,0.0,0,1020.2,356.69962628451543,10.080195159617046,125,,
2018,7,18,4,0,4.8,-82,0,0.5,0,0.0,0,0.0,0,1020.5,354.9989912369909,9.0880635694145,114,,
2018,7,18,5,0,4.5,-73,0,0.6,0,0.0,0,0.0,0,1020.8,351.48821557115394,8.308309233635935,103,,
2018,7,18,6,0,4.9,-63,0,1.1,4,0.0,3,0.0,0,1021.1,347.2531197209175,8.168105253358755,92,,
2018,7,18,7,0,5.7,-53,0,1.8,26,12.0,70,4.000000000000001,0,1021.5,346.6739505479549,8.493840331354422,83,,
2018,7,18,8,0,6.6,-42,0.9,2.5,50,92.0,180,53.40669755110007,0,1021.9,343.38517486350065,8.364105515393481,74,,
2018,7,18,9,0,7.3,-29,0.5,2.7,56,77.0,291,112.2704193659624,0,1022.1,338.01363369442424,8.482639887021971,68,,
2018,7,18,10,0,8,-14,0,2.5,56,98.0,365,188.8703379766208,0,1022.1,324.98438415075583,8.693419467201537,64,,
2018,7,18,11,0,8.6,1,1.1,2.2,67,130.0,371,245.708022634333,0,1022,319.2612293880968,12.592515667232895,63,,
2018,7,18,12,0,8.9,17,1.4,2.3,68,46.0,337,188.23160843526048,0,1022,319.29996527739894,13.752542878312765,64,,
2018,7,18,13,0,8.9,31,1.3,2.6,61,22.0,264,136.00488784065251,0,1021.9,316.8888881581197,14.895315482290249,69,,
2018,7,18,14,0,8.8,44,1.4,2.9,49,16.0,155,96.41493604524533,0,1021.8,319.63116792614034,15.38370554527269,76,,
2018,7,18,15,0,8.5,55,0.5,2.9,25,8.0,46,47.43036647003131,0,1021.8,319.0790689923223,15.498243497720171,84,,
2018,7,18,16,0,7.8,65,0,2.8,5,3.0,3,10.51084781742393,0,1022,317.83866391688616,15.81191388276531,94,,
2018,7,18,17,0,7.2,74,0,2.7,0,0.0,0,0.0,0,1022.3,316.9366321116808,15.325142141463958,105,,
2018,7,18,18,0,6.4,84,0,2.4,0,0.0,0,0.0,0,1022.4,314.8277502471638,15.56177114786875,116,,
2018,7,18,19,0,5.5,93,0,2,0,0.0,0,0.0,0,1022.5,309.5431246674324,17.941105943687642,127,,
2018,7,18,20,0,4.6,105,0,1.6,0,0.0,0,0.0,0,1022.6,308.7968818266068,18.152697167958987,138,,
2018,7,18,21,0,4.4,121,0,1.4,0,0.0,0,0.0,0,1022.5,307.03140242350247,17.409004709129743,149,,
2018,7,18,22,0,4.8,147,0,1.3,0,0.0,0,0.0,0,1022.5,307.821341513893,18.52550339651899,157,,
2018,7,18,23,0,5.3,-176,0,1.2,0,0.0,0,0.0,0,1022.4,310.7200230036228,19.079143578209298,159,,
2018,7,19,0,0,5.5,-142,0,1.3,0,0.0,0,0.0,0,1022.2,311.18216458618247,19.24559645168041,155,,
2018,7,19,1,0,5.5,-118,0,1.4,0,0.0,0,0.0,0,1022,308.3220898655317,19.529075100159595,147,,
2018,7,19,2,0,5.4,-103,0,1.6,0,0.0,0,0.0,0,1021.8,309.8521399358917,17.922074468977627,136,,
2018,7,19,3,0,5.6,-92,0,1.8,0,0.0,0,0.0,0,1021.7,310.0932334642226,18.198908843942863,125,,
2018,7,19,4,0,6,-82,0,2.1,0,0.0,0,0.0,0,1021.6,309.42746252071765,18.37875642462053,114,,
2018,7,19,5,0,6.4,-73,0,2.5,0,0.0,0,0.0,0,1021.6,332.7941385559787,12.378742492594151,103,,
2018,7,19,6,0,6.9,-63,0.8,2.7,5,0.0,2,0.0,0,1021.8,338.3138747291698,9.3957225718317,92,,
2018,7,19,7,0,7.4,-53,40,3,38,0.0,1,1.0,0,1022.1,322.75324077671075,10.496955580656175,83,,
2018,7,19,8,0,7.9,-42,73.3,3.3,56,3.0,0,16.182075383986387,0,1022.5,321.9682567413785,11.89600041278256,74,,
2018,7,19,9,0,8.3,-29,79.4,3.5,72,11.0,0,64.34869085559315,0,1022.5,326.48562618341856,12.167099947704395,68,,
2018,7,19,10,0,8.6,-14,72.4,3.8,117,25.0,0,125.44565538188846,0,1022.1,331.3547068499616,11.986367033978732,64,,
2018,7,19,11,0,8.9,1,69.6,4.2,135,39.0,0,173.51280615054134,0,1021.8,327.47655548205347,10.758823061970096,62,,
2018,7,19,12,0,9,17,71.4,4.3,117,27.0,0,162.5345254921025,0,1021.5,327.7809387106748,10.054884774526188,64,,
2018,7,19,13,0,9,31,63.7,4.4,116,22.0,0,139.06516258384454,0,1021.2,332.416963120827,9.365777161653746,69,,
2018,7,19,14,0,8.9,44,46.8,4.5,103,11.0,0,86.44035111776219,0,1020.9,338.7280886492062,9.541684180178388,76,,
2018,7,19,15,0,8.6,55,14.5,4.4,43,11.0,6,54.37111458004429,0,1020.8,340.2012889677026,9.553232342632011,84,,
2018,7,19,16,0,8.2,65,0,4.2,5,4.0,3,11.691287451542037,0,1020.9,333.38853513245294,9.704298003792855,94,,
2018,7,19,17,0,7.8,75,0,3.9,0,0.0,0,0.0,0,1021.1,324.87277075765746,10.22142672697258,105,,
2018,7,19,18,0,7.4,84,1,3.9,0,0.0,0,0.0,0,1021.2,325.65554673358304,9.717299233490554,116,,
2018,7,19,19,0,7,93,52.9,3.9,0,0.0,0,0.0,0,1021.4,330.3847290152905,9.196520785122043,127,,
2018,7,19,20,0,6.6,105,81.9,4,0,0.0,0,0.0,0,1021.5,332.07789334879897,8.667194374842348,138,,
2018,7,19,21,0,6.6,122,80.8,4.1,0,0.0,0,0.0,0,1021.5,339.8339351486179,7.825422067807072,148,,
2018,7,19,22,0,6.9,147,29,4.2,0,0.0,0,0.0,0,1021.5,340.48121768711087,8.375357919133371,156,,
2018,7,19,23,0,7.3,-176,0,4.3,0,0.0,0,0.0,0,1021.4,339.3283646783719,8.144205931242904,159,,
2018,7,20,0,0,7.5,-142,0,4.3,0,0.0,0,0.0,0,1021.2,346.67565854125104,7.548911899827229,155,,
2018,7,20,1,0,7.6,-118,0,4.3,0,0.0,0,0.0,0,1021.1,345.4495347681976,6.828635792427478,147,,
2018,7,20,2,0,7.6,-103,0,4.3,0,0.0,0,0.0,0,1020.9,346.31954611796664,6.827485794421364,136,,
2018,7,20,3,0,7.7,-92,0,4.3,0,0.0,0,0.0,0,1020.8,349.44717171011246,6.352064786149728,125,,
2018,7,20,4,0,7.7,-82,0,4.2,0,0.0,0,0.0,0,1020.8,350.88660951332645,7.625308397966645,114,,
2018,7,20,5,0,7.7,-73,0,4.2,0,0.0,0,0.0,0,1020.8,354.85669976478454,8.322572499695951,103,,
2018,7,20,6,0,8,-64,0.8,4.2,5,0.0,2,0.0,0,1021,351.9307341792044,8.87719893078463,92,,
2018,7,20,7,0,8.6,-53,40.8,4.2,37,4.0,1,3.0000000000000004,0,1021.4,348.1285618072528,7.949070183492724,83,,
2018,7,20,8,0,9.1,-42,74,4.2,54,17.0,0,37.06612106014609,0,1021.7,348.0697168484103,7.823031296802389,74,,
2018,7,20,9,0,9.6,-29,82.3,4.4,60,13.0,0,71.80578734486373,0,1021.5,338.4311849990198,8.375808281824188,68,,
2018,7,20,10,0,9.9,-14,84.6,4.6,64,28.0,0,124.5294866838565,0,1020.9,327.863945913266,8.896215792809,64,,
2018,7,20,11,0,10.2,1,82.6,4.8,76,28.0,0,149.93007219782868,0,1020.2,335.7296926041004,11.673600354014129,62,,
2018,7,20,12,0,10.2,17,74,4.8,105,20.0,0,138.34030918173977,0,1019.6,359.1707314235288,8.906694595215557,64,,
2018,7,20,13,0,10.2,31,74.6,4.9,85,32.0,0,150.73051912737202,0,1019.1,31.617323314771568,8.211238318394484,69,,
2018,7,20,14,0,10.1,44,65.9,4.8,64,88.0,0,169.76992197059104,0,1018.5,26.35042459682921,9.589392393099269,76,,
2018,7,20,15,0,9.9,55,22.2,4.8,32,94.0,5,114.06466527477863,0,1018.2,20.38240163481413,9.419083879320697,84,,
2018,7,20,16,0,9.8,65,33.5,4.7,6,41.0,3,31.19209739028448,0,1018.1,37.593335318166,12.684604859413364,94,,
2018,7,20,17,0,9.6,75,52,4.6,0,0.0,0,0.0,0,1018,43.88503921210975,14.132899761194151,105,,
2018,7,20,18,0,9.3,84,52,4.4,0,0.0,0,0.0,0,1017.8,49.21851645516307,13.54821088115455,116,,
2018,7,20,19,0,8.9,94,52,4.3,0,0.0,0,0.0,0,1017.7,51.25765548964768,7.993428291516231,127,,
2018,7,20,20,0,8.5,105,52,4.1,0,0.0,0,0.0,0,1017.5,31.88480597667143,4.8942456782420765,138,,
2018,7,20,21,0,8.6,122,51.4,4.2,0,0.0,0,0.0,0,1017.2,26.358573122581504,5.877686966591859,148,,
2018,7,20,22,0,9.2,148,18.4,4.5,0,0.0,0,0.0,0,1016.8,35.04915972043466,8.002135774009732,156,,
2018,7,20,23,0,9.8,-176,0,4.8,0,0.0,0,0.0,0,1016.4,41.57514481432008,9.091234265548158,159,,
2018,7,21,0,0,10.1,-142,0.9,5.1,0,0.0,0,0.0,0,1016,42.86552829011293,8.64906940029765,155,,
2018,7,21,1,0,10.2,-119,44.6,5.4,0,0.0,0,0.0,0,1015.5,30.416125063366053,6.7593878745469205,147,,
2018,7,21,2,0,10.2,-103,69,5.7,0,0.0,0,0.0,0,1015.1,31.707302249921497,6.794947506559383,136,,
2018,7,21,3,0,10.2,-92,68.8,5.9,0,0.0,0,0.0,0,1014.7,37.49831347828922,6.419770896164557,125,,
2018,7,21,4,0,10.3,-82,58,6.1,0,0.0,0,0.0,0,1014.4,33.258250750142054,4.9864169754258665,114,,
2018,7,21,5,0,10.3,-73,51.9,6.3,0,0.0,0,0.0,0,1014.1,16.03534093391329,5.14831113298437,103,,
2018,7,21,6,0,10.6,-64,51,6.4,5,0.0,0,0.0,0,1013.9,28.82457310821718,5.203558923767255,92,,
2018,7,21,7,0,11.1,-54,35.2,6.5,66,13.0,2,4.000000000000001,0,1013.8,13.61671401823412,4.447770208617221,82,,
2018,7,21,8,0,11.6,-42,49.1,6.5,102,110.0,3,62.131517508265546,0,1013.7,356.79578099884685,4.931293316688346,74,,
2018,7,21,9,0,11.9,-29,31.4,6.5,146,191.0,103,158.68399925372182,0,1013.1,3.986960285018654,5.172185173990643,68,,
2018,7,21,10,0,12,-14,37.7,6.4,199,329.0,58,265.83002925937507,0,1012.2,353.1904680953011,5.164114260738741,63,,
2018,7,21,11,0,12,1,55.7,6.3,196,424.0,0,351.8264430674332,0,1011.1,1.9885683430498489,5.586372091820384,62,,
2018,7,21,12,0,12.1,17,56.9,6.4,177,474.0,0,391.7215423039737,0,1010.1,32.48949620161437,6.857727170019185,64,,
2018,7,21,13,0,12.1,31,64.5,6.6,120,484.0,0,378.2034030501815,0,1009.1,25.205547444374247,7.068532291773301,68,,
2018,7,21,14,0,12.2,44,73.5,6.8,57,433.0,0,304.2512546368591,0,1008.1,26.791672368707623,7.094330537038492,75,,
2018,7,21,15,0,12.3,55,76.5,6.9,17,280.0,0,174.35864720141663,0,1007.4,22.81983215952204,5.989031367092887,84,,
2018,7,21,16,0,12.4,65,76.7,7,2,37.0,0,29.588466330111338,0,1007,15.53472116243529,5.081129974974667,94,,
2018,7,21,17,0,12.5,75,60.9,7,0,0.0,0,0.0,0,1006.6,16.456193045521502,4.228130204958084,104,,
2018,7,21,18,0,12.6,84,55.3,7,0,0.0,0,0.0,0,1006.2,18.283154363101687,2.943260115257851,116,,
2018,7,21,19,0,12.7,94,53.2,7,0,0.0,0,0.0,0,1005.9,11.139131060085276,3.4853381976734203,127,,
2018,7,21,20,0,12.7,106,51,7.1,0,0.0,0,0.0,0,1005.6,7.536664465912224,2.566852432088608,138,,
2018,7,21,21,0,12.8,122,51,7.2,0,0.0,0,0.0,0,1005.1,355.92420578532085,2.638019472644652,148,,
2018,7,21,22,0,13,148,51.6,7.3,0,0.0,0,0.0,0,1004.4,345.9463924212263,2.9307376251089603,156,,
2018,7,21,23,0,13.2,-176,52,7.4,0,0.0,0,0.0,0,1003.8,350.5808810315621,2.5017471169106043,159,,
2018,7,22,0,0,13,-142,51.9,7.6,0,0.0,0,0.0,0,1003.5,358.0808737011808,2.0558406364374084,155,,
2018,7,22,1,0,12.6,-119,78.2,7.9,0,0.0,0,0.0,0,1003.5,19.47167936336245,1.7409273730757064,146,,
2018,7,22,2,0,12.1,-103,93.1,8.2,0,0.0,0,0.0,0,1003.5,38.04123812987655,1.8153207468195856,136,,
2018,7,22,3,0,11.6,-92,96.1,8.4,0,0.0,0,0.0,0,1003.3,30.27217810785538,1.5991649452778012,125,,
2018,7,22,4,0,11.3,-82,35.3,8.6,0,0.0,0,0.0,0,1003.1,21.848609660170325,0.9905870400264724,114,,
2018,7,22,5,0,10.9,-73,0.6,8.8,0,0.0,0,0.0,0,1002.8,89.21474517422558,0.4453543258566538,102,,
2018,7,22,6,0,10.8,-64,28.7,8.8,4,0.0,0,0.0,0,1002.8,147.43768532341932,1.0596338771616072,92,,
2018,7,22,7,0,10.9,-54,58.4,8.8,28,2.0,0,3.0,0,1003,155.989415496766,1.6241826055705983,82,,
2018,7,22,8,0,11,-42,78,8.8,40,16.0,0,33.07277652474494,0,1003.3,158.56638547533112,2.436576142438638,74,,
2018,7,22,9,0,10.9,-29,74.8,8.8,87,25.0,0,81.51874260121686,0,1003.7,156.411330776446,2.754581720286978,67,,
2018,7,22,10,0,10.7,-14,46.4,8.8,220,24.0,6,124.29569705297529,0,1004.2,154.55035430993166,2.2827941293257936,63,,
2018,7,22,11,0,10.5,1,30.1,8.8,269,34.0,38,166.6774544612611,0,1004.8,141.96384721136667,1.9791697619229924,62,,
2018,7,22,12,0,10.4,17,11.6,8.5,154,36.0,206,177.02166034898653,0,1005.4,148.44746596845698,2.1839588658455504,64,,
2018,7,22,13,0,10.4,31,3.7,8.1,95,37.0,221,165.249778054115,0,1006,159.7463385909066,2.398548260346199,68,,
2018,7,22,14,0,10.5,44,2.5,7.6,74,51.0,124,148.02762098789648,0,1006.7,177.6010230412619,2.502192977855447,75,,
2018,7,22,15,0,10.5,56,0.5,7.2,33,63.0,37,103.83575314087372,0,1007.3,198.05122665363376,2.720577130272281,84,,
2018,7,22,16,0,10.4,66,0.6,6.9,7,33.0,2,30.965390770950364,0,1008,230.4621771006312,1.9532401852021195,94,,
2018,7,22,17,0,10.3,75,32.9,6.5,0,0.0,0,0.0,0,1008.6,267.895116960256,1.62854023578775,104,,
2018,7,22,18,0,10.1,84,19.1,6.2,0,0.0,0,0.0,0,1009.3,267.0113328174669,1.615478515625,115,,
2018,7,22,19,0,9.9,94,33.6,5.9,0,0.0,0,0.0,0,1010.1,173.0773054046382,3.155819438611281,127,,
2018,7,22,20,0,9.7,106,52,5.6,0,0.0,0,0.0,0,1010.8,190.46220052927632,3.601873628495932,138,,
2018,7,22,21,0,9.8,122,51.4,5.7,0,0.0,0,0.0,0,1011.4,224.79032664340804,3.2550262776645744,148,,
2018,7,22,22,0,10.1,148,18.4,6.2,0,0.0,0,0.0,0,1011.7,231.3331381346105,3.0971285645950584,156,,
2018,7,22,23,0,10.5,-176,0,6.7,0,0.0,0,0.0,0,1012.1,250.49197502819612,3.891611931570447,159,,
2018,7,23,0,0,10.7,-143,0,7,0,0.0,0,0.0,0,1012.3,287.22611071300355,7.443508870393519,155,,
2018,7,23,1,0,10.7,-119,0,7.1,0,0.0,0,0.0,0,1012.5,281.38005601815075,9.115241558103998,146,,
2018,7,23,2,0,10.7,-104,0,7.1,0,0.0,0,0.0,0,1012.7,279.56478380467564,9.695823062729543,136,,
2018,7,23,3,0,10.6,-92,0.6,7.2,0,0.0,0,0.0,0,1012.9,278.8568987276869,9.651955455100609,125,,
2018,7,23,4,0,10.4,-83,32.9,7.3,0,0.0,0,0.0,0,1013.1,272.28751566256574,9.395182184520664,113,,
2018,7,23,5,0,10.3,-73,19.1,7.4,0,0.0,0,0.0,0,1013.4,267.39049734132243,9.609329797281775,102,,
2018,7,23,6,0,10.5,-64,32.9,7.7,5,0.0,0,0.0,0,1013.7,264.2591104966856,9.372202188721282,92,,
2018,7,23,7,0,11,-54,50.5,8,48,3.0,3,4.0,0,1014.2,261.11495466096284,9.058900187228948,82,,
2018,7,23,8,0,11.5,-42,18.9,8.4,71,7.0,135,27.485537061973677,0,1014.6,263.55468379508505,8.566842505970245,74,,
2018,7,23,9,0,11.8,-29,1.7,8.4,85,9.0,257,62.01020086151765,0,1014.6,262.9341659502128,8.32592684666896,67,,
2018,7,23,10,0,11.9,-14,11.9,8,170,41.0,200,148.28663976322483,0,1014.3,264.19937585628304,8.657611615890469,63,,
2018,7,23,11,0,11.9,1,7.6,7.6,138,101.0,273,232.89807697246812,0,1014,266.4015282597765,9.183878392425004,62,,
2018,7,23,12,0,11.8,17,1.7,7.6,90,110.0,318,251.344121475014,0,1013.6,260.45740431660954,9.42509630910403,64,,
2018,7,23,13,0,11.7,31,1.8,7.7,79,74.0,249,206.72577667936184,0,1013.1,261.40972579293725,10.042345037273726,68,,
2018,7,23,14,0,11.5,44,1.8,7.9,61,28.0,148,121.6290971631533,0,1012.7,270.8661187321061,9.86831499425046,75,,
2018,7,23,15,0,11.1,56,0.6,8,30,11.0,47,55.49548245846505,0,1012.4,269.11511337649006,8.093982858879814,84,,
2018,7,23,16,0,10.6,66,0,8.1,6,3.0,4,11.550571428758165,0,1012.2,242.718826643675,6.211142108354047,94,,
2018,7,23,17,0,10.1,75,0,8.2,0,0.0,0,0.0,0,1011.9,251.98522187889407,6.422005097493822,104,,
2018,7,23,18,0,9.7,84,0,8.2,0,0.0,0,0.0,0,1011.6,244.9728692936144,8.502413887282149,115,,
2018,7,23,19,0,9.3,94,0,8.1,0,0.0,0,0.0,0,1011.1,230.98650990608385,9.320731400623217,127,,
2018,7,23,20,0,9,106,0,8,0,0.0,0,0.0,0,1010.6,239.53784005341907,9.84760337673158,138,,
2018,7,23,21,0,9.2,122,0,8,0,0.0,0,0.0,0,1009.9,243.489485786028,11.35591130662222,148,,
2018,7,23,22,0,9.7,148,0,8.2,0,0.0,0,0.0,0,1009,265.1261991087877,13.57177723395479,156,,
2018,7,23,23,0,10.2,-176,0,8.4,0,0.0,0,0.0,0,1008,262.3906786456308,12.40636949938051,158,,
2018,7,24,0,0,10.5,-143,0,8.6,0,0.0,0,0.0,0,1007.1,264.35585087157915,14.37045045466858,155,,
2018,7,24,1,0,10.6,-119,0,8.7,0,0.0,0,0.0,0,1006.1,276.6251925467747,15.22520707127421,146,,
2018,7,24,2,0,10.7,-104,0,8.8,0,0.0,0,0.0,0,1005.2,306.66511337912664,16.95386805510065,136,,
2018,7,24,3,0,10.7,-92,0,8.9,0,0.0,0,0.0,0,1004.2,320.15304692542094,13.719736680716704,125,,
2018,7,24,4,0,10.5,-83,0,8.8,0,0.0,0,0.0,0,1003.2,337.614789909148,10.79437388089839,113,,
2018,7,24,5,0,10.4,-74,0,8.7,0,0.0,0,0.0,0,1002.2,344.17033096734184,9.164946244368837,102,,
2018,7,24,6,0,10.5,-64,0.7,8.9,8,0.0,1,0.0,0,1001.4,343.0447246517569,8.65552947767398,92,,
2018,7,24,7,0,10.8,-54,38.9,9.2,38,7.0,1,5.0,0,1000.6,342.99061135160446,9.38744312083744,82,,
2018,7,24,8,0,11.1,-42,73,9.5,52,42.0,0,52.014482256093885,0,999.9,345.0983083420327,8.154118142367777,74,,
2018,7,24,9,0,11.3,-29,81.8,9.7,60,40.0,0,105.04231410730657,0,999,339.9293173368384,7.19163073138088,67,,
2018,7,24,10,0,11.2,-14,68.2,9.9,134,42.0,0,155.7566596766706,0,998,320.67199030988473,5.685553862273556,63,,
2018,7,24,11,0,11.2,1,60.6,10,173,26.0,0,159.37937576133547,0,997,304.03884381910217,8.832166249771612,62,,
2018,7,24,12,0,11.2,17,71.3,10,120,9.0,0,113.31073378678026,0,996.3,297.95116218181374,15.666668280853363,63,,
2018,7,24,13,0,11.1,32,91,9.9,39,3.0,0,62.41719889393536,0,995.9,286.57810443497675,16.40227395333768,68,,
2018,7,24,14,0,11.1,44,68.8,9.8,54,3.0,0,48.25523127650527,0,995.5,292.5613255452074,19.392043625105245,75,,
2018,7,24,15,0,10.8,56,55.1,9.5,36,1.0,0,21.320747260932635,0,995.3,313.931774396383,19.63114925189856,84,,
2018,7,24,16,0,10.2,66,42.5,9.1,4,2.0,0,11.372656678909234,0,995.4,328.49843032238977,13.408715197070906,93,,
2018,7,24,17,0,9.7,75,43.3,8.7,0,0.0,0,0.0,0,995.4,355.0213394121168,12.566455078504452,104,,
2018,7,24,18,0,9.3,84,52,8.2,0,0.0,0,0.0,0,995.4,349.23313591027835,11.785356703872004,115,,
2018,7,24,19,0,8.9,94,73,7.6,0,0.0,0,0.0,0,995.3,342.99731088095984,11.4933283075594,126,,
2018,7,24,20,0,8.5,106,89,7.1,0,0.0,0,0.0,0,995.2,341.252874032076,11.77510402505932,138,,
2018,7,24,21,0,8.5,123,92.7,6.9,0,0.0,0,0.0,0,995.1,353.37565180506255,11.07909283089157,148,,
2018,7,24,22,0,8.7,148,93.7,7.1,0,0.0,0,0.0,0,994.8,14.86271514130857,12.381026370837004,156,,
2018,7,24,23,0,8.9,-177,93.4,7.3,0,0.0,0,0.0,0,994.6,13.657621657200425,12.186378554565,158,,
2018,7,25,0,0,9,-143,92.9,7.4,0,0.0,0,0.0,0,994.2,7.330389236608994,11.39661234675114,154,,
2018,7,25,1,0,9,-120,92.9,7.6,0,0.0,0,0.0,0,993.7,359.016603194984,10.555021440261935,146,,
2018,7,25,2,0,9,-104,92.7,7.7,0,0.0,0,0.0,0,993.3,357.8868266046008,9.997765854770307,136,,
2018,7,25,3,0,8.9,-93,79.1,7.6,0,0.0,0,0.0,0,993.1,357.8735362879283,9.935308625664414,124,,
2018,7,25,4,0,8.8,-83,59,7.5,0,0.0,0,0.0,0,993.2,355.233672719216,9.948710628934396,113,,
2018,7,25,5,0,8.7,-74,50.9,7.3,0,0.0,0,0.0,0,993.4,349.6886679063232,10.610077111407117,102,,
2018,7,25,6,0,8.8,-64,50,7.2,5,0.0,1,0.0,0,993.9,359.3065772805141,9.80418480120137,92,,
2018,7,25,7,0,9,-54,19.6,7.3,43,7.0,45,5.0,0,994.7,356.97626965612983,10.279448044042445,82,,
2018,7,25,8,0,9.2,-42,45.9,7.3,74,53.0,29,57.93689289862636,0,995.6,357.05380929649664,9.60449165379145,73,,
2018,7,25,9,0,9.5,-29,26.9,7.2,91,145.0,184,158.18403769715584,0,996.1,353.5644179566737,8.307476494067375,67,,
2018,7,25,10,0,9.8,-14,19.8,6.9,214,342.0,124,277.18295807843333,0,996.3,358.9386006194273,9.028160391712108,63,,
2018,7,25,11,0,10.1,1,25.8,6.6,269,460.0,60,371.7634482370783,0,996.5,6.337403894984334,11.636048053366356,61,,
2018,7,25,12,0,10.2,17,14,6.3,195,489.0,154,405.7794620595055,0,996.3,7.262381758323727,12.138147899216582,63,,
2018,7,25,13,0,10.3,32,37.4,5.8,141,451.0,72,375.49817100294194,0,996,4.840401122151718,11.683268683785691,68,,
2018,7,25,14,0,10.3,45,64.7,5.4,77,361.0,0,288.18357637076895,0,995.6,5.983561178245907,11.855361332163213,75,,
2018,7,25,15,0,10.3,56,62.1,5.5,24,245.0,0,171.3261009896775,0,995,6.510548204355246,10.89939176148559,83,,
2018,7,25,16,0,10.2,66,70.1,5.8,4,60.0,0,39.35088977583011,0,994.2,11.468824486169694,9.288739384067728,93,,
2018,7,25,17,0,10.2,75,80.9,6.2,0,0.0,0,0.0,0,993.4,5.232613247670315,7.49559223670132,104,,
2018,7,25,18,0,10,85,82.5,6.7,0,0.0,0,0.0,0,992.7,5.995184240844878,7.839998620997765,115,,
2018,7,25,19,0,9.8,95,82.7,7.3,0,0.0,0,0.0,0,991.9,355.2869906499629,7.823572544450776,126,,
2018,7,25,20,0,9.6,107,83,7.9,0,0.0,0,0.0,0,991.2,356.3884819203431,7.83685238062272,137,,
2018,7,25,21,0,9.2,123,82,7.7,0,0.0,0,0.0,0,990.8,355.29001440051513,7.534231474247854,148,,
2018,7,25,22,0,8.6,148,29.4,6.9,0,0.0,0,0.0,0,990.6,357.2404582559627,7.3681633910728035,155,,
2018,7,25,23,0,8.1,-177,0,6,0,0.0,0,0.0,0,990.5,358.7282073272504,7.534815130427605,158,,
2018,7,26,0,0,7.7,-143,0,5.5,0,0.0,0,0.0,0,990.5,358.14635693616475,7.849566552319909,154,,
2018,7,26,1,0,7.6,-120,0,5.2,0,0.0,0,0.0,0,990.5,356.5820706611529,8.857552507440298,146,,
2018,7,26,2,0,7.5,-104,0,4.9,0,0.0,0,0.0,0,990.5,354.0709288808106,8.976486209050508,135,,
2018,7,26,3,0,7.3,-93,0,4.8,0,0.0,0,0.0,0,990.7,351.9747799702717,8.18587956154087,124,,
2018,7,26,4,0,7.1,-83,0,4.8,0,0.0,0,0.0,0,991.1,351.2959861062224,7.645423186074167,113,,
2018,7,26,5,0,6.9,-74,0,4.9,0,0.0,0,0.0,0,991.4,350.283415553714,7.4526134131451505,102,,
2018,7,26,6,0,7,-64,1.1,4.6,8,0.0,1,0.0,0,991.8,350.0008531963944,7.522466848470878,91,,
2018,7,26,7,0,7.2,-54,54.8,4.2,16,6.0,0,4.0,0,992.3,349.08458533508764,7.76027343839711,82,,
2018,7,26,8,0,7.5,-43,79.4,3.7,45,39.0,0,47.9985092234766,0,992.8,350.42219867944794,7.766463148144447,73,,
2018,7,26,9,0,7.6,-29,85,3.5,45,93.0,0,129.5525152611885,0,993.1,351.6945219542449,7.647837606561941,67,,
2018,7,26,10,0,7.6,-15,75.9,3.4,97,143.0,1,218.110302136739,0,993.2,352.0299642134648,6.51310725703219,62,,
2018,7,26,11,0,7.6,1,39.5,3.3,222,260.0,37,314.439569649764,0,993.4,359.2395742785399,8.646025134260974,61,,
2018,7,26,12,0,7.6,17,56.5,3.7,162,251.0,21,327.84608552512015,0,993.8,357.3996592816805,8.577680093313905,63,,
2018,7,26,13,0,7.5,32,75.7,4.4,80,190.0,0,280.98790173894014,0,994.5,350.0049960774781,9.804318792697922,68,,
2018,7,26,14,0,7.4,45,75.8,5.1,46,114.0,0,194.424381533404,0,995.3,352.9375885016299,10.281867884125118,75,,
2018,7,26,15,0,7.2,56,68.7,5.4,17,76.0,0,112.84193653491532,0,996.4,354.2313530329309,9.086788259021771,83,,
2018,7,26,16,0,7.1,66,56.5,5.4,3,34.0,0,33.53077814019913,0,997.8,358.6609967262402,8.629797914024161,93,,
2018,7,26,17,0,6.9,76,52,5.3,0,0.0,0,0.0,0,999.3,1.571048341310302,7.578043927417744,104,,
2018,7,26,18,0,6.8,85,52,4.9,0,0.0,0,0.0,0,1000.6,0.3716496737984585,6.887840214303999,115,,
2018,7,26,19,0,6.6,95,52,4.2,0,0.0,0,0.0,0,1001.9,0.4076497808354702,7.686473843852296,126,,
2018,7,26,20,0,6.3,107,51.5,3.5,0,0.0,0,0.0,0,1003.1,358.93014954127153,7.649282675659005,137,,
2018,7,26,21,0,6.3,123,26.2,3.3,0,0.0,0,0.0,0,1004.1,357.5066440358415,7.828700704972132,147,,
2018,7,26,22,0,6.3,149,4.3,3.5,0,0.0,0,0.0,0,1005,0.4808975450345087,7.446551352962466,155,,
2018,7,26,23,0,6.3,-177,0,3.6,0,0.0,0,0.0,0,1005.8,358.8265343150585,7.784591608391384,158,,
2018,7,27,0,0,6.4,-143,0,3.6,0,0.0,0,0.0,0,1006.6,0.5382534926838503,7.484705270635661,154,,
2018,7,27,1,0,6.4,-120,0,3.3,0,0.0,0,0.0,0,1007.3,348.3889207776386,6.914194745884195,146,,
2018,7,27,2,0,6.4,-105,0,3.1,0,0.0,0,0.0,0,1008,348.8996790616101,6.97571949495162,135,,
2018,7,27,3,0,6.6,-93,0,3,0,0.0,0,0.0,0,1008.7,357.4060763722684,7.352748653542093,124,,
2018,7,27,4,0,6.9,-83,0,3.1,0,0.0,0,0.0,0,1009.4,350.7674921300315,7.504938359448999,113,,
2018,7,27,5,0,7.2,-74,0,3.3,0,0.0,0,0.0,0,1010.1,337.36022335492936,8.213999143852828,102,,
2018,7,27,6,0,7.7,-65,0.4,3.7,10,0.0,2,0.0,0,1010.7,338.44254454551265,8.539478822350745,91,,
2018,7,27,7,0,8.4,-54,18.2,4.5,72,0.0,2,1.0,0,1011.3,338.958545157162,8.148825119615596,82,,
2018,7,27,8,0,9.1,-43,20.2,5.2,134,4.0,59,19.318336135871725,0,1011.8,334.83952432685965,8.498738419650705,73,,
2018,7,27,9,0,9.6,-29,6.8,5.9,114,16.0,222,76.75572801770693,0,1012.1,332.58077131513335,8.525083052602595,66,,
2018,7,27,10,0,10,-15,11.9,6.5,168,25.0,210,127.01458638684944,0,1012.2,333.1376300948437,9.320969596012286,62,,
2018,7,27,11,0,10.3,1,59.3,7.1,121,32.0,62,164.3133298604738,0,1012.3,330.330035834079,9.51846273981913,61,,
2018,7,27,12,0,10.4,17,31.3,7.5,88,39.0,192,183.0630701008887,0,1012.4,324.23236880206866,10.17580879485929,63,,
2018,7,27,13,0,10.3,32,3.2,7.6,94,44.0,236,176.21819957563687,0,1012.6,325.3884117128908,10.904465242398247,67,,
2018,7,27,14,0,10.2,45,17.3,7.7,107,55.0,80,154.54280574309496,0,1012.8,326.59397067082807,12.59351492773607,74,,
2018,7,27,15,0,10.1,56,9,7.8,55,65.0,12,108.45053863441558,0,1013.2,337.15767748541487,11.976333508974276,83,,
2018,7,27,16,0,10,66,0,7.9,8,35.0,4,34.825956795501426,0,1013.6,7.901270432904198,8.229987551794453,93,,
2018,7,27,17,0,9.8,76,0,7.9,0,0.0,0,0.0,0,1014.1,8.61781365106907,8.128638853838138,104,,
2018,7,27,18,0,9.6,85,0,7.8,0,0.0,0,0.0,0,1014.6,10.028215473117598,8.489317920647107,115,,
2018,7,27,19,0,9.3,95,0,7.7,0,0.0,0,0.0,0,1015.2,6.492507561768093,8.43790429171009,126,,
2018,7,27,20,0,9,107,0.6,7.5,0,0.0,0,0.0,0,1015.8,13.12296854725247,8.544426506288492,137,,
2018,7,27,21,0,9,124,33.5,7.6,0,0.0,0,0.0,0,1016.2,14.241751416908356,8.237796810805648,147,,
2018,7,27,22,0,9.2,149,49.3,7.7,0,0.0,0,0.0,0,1016.4,14.577885433740164,7.748222551020207,155,,
2018,7,27,23,0,9.4,-177,47.9,7.9,0,0.0,0,0.0,0,1016.6,17.134976283950436,7.207617378694861,158,,
2018,7,28,0,0,9.5,-144,49.9,8,0,0.0,0,0.0,0,1016.9,15.593820499412402,5.8969906377648496,154,,
2018,7,28,1,0,9.6,-120,19,7.8,0,0.0,0,0.0,0,1017.3,8.965756032745844,6.562358863766113,146,,
2018,7,28,2,0,9.6,-105,30.3,7.7,0,0.0,0,0.0,0,1017.6,9.940453869814348,7.152046476610488,135,,
2018,7,28,3,0,9.6,-93,17.4,7.6,0,0.0,0,0.0,0,1018,9.86674019859072,7.0624690477148695,124,,
2018,7,28,4,0,9.6,-84,25.2,7.6,0,0.0,0,0.0,0,1018.4,8.369784684549757,6.264475372136035,113,,
2018,7,28,5,0,9.5,-74,14.1,7.6,0,0.0,0,0.0,0,1018.8,358.2178723287111,5.95063216914244,102,,
2018,7,28,6,0,9.7,-65,0,7.6,10,0.0,4,0.0,0,1019.3,352.06519353565125,6.320770322535487,91,,
2018,7,28,7,0,9.9,-55,1.5,7.7,43,29.0,59,7.000000000000002,0,1019.9,2.860917642263473,6.104532303019999,81,,
2018,7,28,8,0,10.2,-43,37.6,7.9,100,169.0,32,78.92203058924731,0,1020.4,1.5325594064505026,5.814824172877125,73,,
2018,7,28,9,0,10.4,-30,47.2,8.2,191,295.0,2,195.1542454501535,0,1020.6,2.057053008127241,5.788153830603612,66,,
2018,7,28,10,0,10.7,-15,27.1,8.7,224,505.0,93,330.73974488499493,0,1020.4,7.021068373048763,4.256281936346441,62,,
2018,7,28,11,0,10.9,1,50.7,9.2,168,547.0,54,410.5154858080874,0,1020.2,1.6884011176122158,3.761887147487403,61,,
2018,7,28,12,0,11,17,33.5,9.3,168,582.0,104,449.47619789701855,0,1020.1,347.4749487616394,3.6350945800954495,62,,
2018,7,28,13,0,10.9,32,13.3,9.3,160,548.0,133,420.1352346375879,0,1020.1,326.02180517076823,4.430006079680359,67,,
2018,7,28,14,0,10.8,45,18.6,9.2,124,368.0,56,299.75022177425217,0,1020.1,321.40560408112464,5.610744319810062,74,,
2018,7,28,15,0,10.6,56,29.9,9.1,55,237.0,8,174.96847142551707,0,1020.3,324.8457951955931,5.928194735151564,83,,
2018,7,28,16,0,10.4,66,12.5,8.9,8,100.0,0,53.80167333833472,0,1020.6,328.8853590660912,4.213327872373617,93,,
2018,7,28,17,0,10.2,76,0.5,8.7,0,0.0,0,0.0,0,1020.9,307.0806505588748,4.77884092287841,103,,
2018,7,28,18,0,9.9,85,25.2,8.5,0,0.0,0,0.0,0,1021.1,299.2067893925226,4.169216587715288,115,,
2018,7,28,19,0,9.5,95,14.1,8.1,0,0.0,0,0.0,0,1021.3,308.3236063751286,3.801272275283009,126,,
2018,7,28,20,0,9.1,107,0,7.8,0,0.0,0,0.0,0,1021.4,302.8849018940356,2.81887578958454,137,,
2018,7,28,21,0,9,124,0,7.7,0,0.0,0,0.0,0,1021.4,304.04142083238264,2.219451927585689,147,,
2018,7,28,22,0,9.1,149,0,7.8,0,0.0,0,0.0,0,1021.2,288.9085811400195,1.1767842523287482,155,,
2018,7,28,23,0,9.3,-177,0,7.9,0,0.0,0,0.0,0,1021,203.28338336011552,1.5163088563344067,157,,
2018,7,29,0,0,9.3,-144,0.9,8,0,0.0,0,0.0,0,1020.8,170.9273271871773,3.35817581774445,154,,
2018,7,29,1,0,9.2,-121,44.6,7.9,0,0.0,0,0.0,0,1020.6,151.05702903684562,4.868295068996403,145,,
2018,7,29,2,0,9.2,-105,68.3,7.8,0,0.0,0,0.0,0,1020.4,155.50935859836727,5.951207620621669,135,,
2018,7,29,3,0,9.2,-94,67.5,7.7,0,0.0,0,0.0,0,1020.3,159.8942816302946,6.813142470591197,124,,
2018,7,29,4,0,9.2,-84,73.7,7.6,0,0.0,0,0.0,0,1020.3,169.77687141761862,7.287820254301662,113,,
2018,7,29,5,0,9.3,-74,72,7.6,0,0.0,0,0.0,0,1020.3,177.52063740513688,8.228405998580836,102,,
2018,7,29,6,0,9.5,-65,68.2,7.6,5,0.0,1,0.0,0,1020.3,183.91599870422647,9.430465062532328,91,,
2018,7,29,7,0,9.8,-55,26.3,7.7,45,1.0,52,2.0,0,1020.2,183.19162665655423,10.261032958651874,81,,
2018,7,29,8,0,10.2,-43,35.7,7.8,108,3.0,29,16.25580495988284,0,1020.2,207.8420875391125,12.835466827846036,73,,
2018,7,29,9,0,10.4,-30,54.7,8,159,7.0,0,51.68686312498417,0,1019.7,234.30309231895984,13.786580454025236,66,,
2018,7,29,10,0,10.7,-15,57.7,8.3,178,37.0,0,148.58589179052012,0,1019,290.3112841735118,12.5017144791708,62,,
2018,7,29,11,0,10.9,1,63.5,8.5,162,95.0,0,237.14202406935985,0,1018.2,316.78940132353983,6.672948983116473,60,,
2018,7,29,12,0,10.9,17,78.1,8.6,91,78.0,0,233.6671113239668,0,1017.4,295.9426441888761,5.849715548715596,62,,
2018,7,29,13,0,10.8,32,76.9,8.5,72,68.0,0,208.26091416202536,0,1016.6,318.4075109594438,11.234478930123908,67,,
2018,7,29,14,0,10.6,45,68.5,8.3,64,39.0,0,140.9564116625271,0,1015.8,325.8263226758981,10.613556056278552,74,,
2018,7,29,15,0,10.5,56,54.2,8.1,31,8.0,0,51.69153415616865,0,1015.3,334.6564301202628,15.063253433330852,83,,
2018,7,29,16,0,10.4,67,17.1,7.8,7,3.0,0,12.603144546505522,0,1015.1,333.8634572434671,10.774043685091607,93,,
2018,7,29,17,0,10.3,76,0,7.5,0,0.0,0,0.0,0,1014.9,336.66233667611044,9.456270914502158,103,,
2018,7,29,18,0,10.1,85,0.9,7.3,0,0.0,0,0.0,0,1014.7,324.7810724157414,7.555333631591429,114,,
2018,7,29,19,0,9.9,95,44.5,7,0,0.0,0,0.0,0,1014.5,330.5470622450029,6.044076681134748,126,,
2018,7,29,20,0,9.7,108,69.4,6.8,0,0.0,0,0.0,0,1014.2,356.23530065387035,4.975091162761674,137,,
2018,7,29,21,0,9.8,124,68.8,6.7,0,0.0,0,0.0,0,1013.6,32.919998825720995,9.92523590595452,147,,
2018,7,29,22,0,10,149,24.7,6.8,0,0.0,0,0.0,0,1012.8,39.8798567152794,11.645020283664582,155,,
2018,7,29,23,0,10.2,-177,0,6.9,0,0.0,0,0.0,0,1012,45.24567296417854,13.64870193871607,157,,
2018,7,30,0,0,10.3,-144,0,6.9,0,0.0,0,0.0,0,1011.1,41.45226647095876,14.604642574820328,154,,
2018,7,30,1,0,10.2,-121,0,6.7,0,0.0,0,0.0,0,1010.2,35.45743599887862,12.057667601830584,145,,
2018,7,30,2,0,10.1,-105,0,6.6,0,0.0,0,0.0,0,1009.2,26.69598032180869,10.368154571204052,135,,
2018,7,30,3,0,10.1,-94,0,6.4,0,0.0,0,0.0,0,1008.3,24.11027953168758,10.859480658367088,124,,
2018,7,30,4,0,10,-84,0,6.2,0,0.0,0,0.0,0,1007.5,25.61135216376107,10.495578621197524,113,,
2018,7,30,5,0,10,-75,0,5.9,0,0.0,0,0.0,0,1006.6,22.57962599715188,9.573169428186889,101,,
2018,7,30,6,0,10.1,-65,0.8,6,11,0.0,4,0.0,0,1006,22.19278079735681,9.43794999723452,91,,
2018,7,30,7,0,10.4,-55,43.5,6.2,39,43.0,2,9.000000000000002,0,1005.4,14.767148433165858,9.176894944097926,81,,
2018,7,30,8,0,10.6,-43,61.3,6.4,93,206.0,3,87.17985439523571,0,1004.9,12.924975281894262,9.168576302082473,73,,
2018,7,30,9,0,10.6,-30,38.2,6.6,163,264.0,55,193.47943407596125,0,1003.8,7.175325906779733,8.138934701292266,66,,
2018,7,30,10,0,10.3,-15,69.1,6.7,129,349.0,0,295.3455460663995,0,1002.3,10.090546785552933,8.459711389296876,61,,
2018,7,30,11,0,10,1,85.5,6.8,64,384.0,0,365.74341370083727,0,1000.8,7.575312878085242,9.085643209216231,60,,
2018,7,30,12,0,9.8,17,89,7,47,328.0,0,364.7736852252437,0,999.3,359.341310178746,8.770843264981142,62,,
2018,7,30,13,0,9.7,32,91.8,7.2,26,247.0,0,312.6915686778655,0,998,348.5131746656253,10.23552990286598,67,,
2018,7,30,14,0,9.7,45,86.5,7.5,25,132.0,0,207.84622191647424,0,996.7,344.93295669688155,8.98895097381882,74,,
2018,7,30,15,0,9.4,57,70.4,7.6,18,58.0,0,105.70438497984696,0,996.1,346.1953638777408,8.745032105918563,82,,
2018,7,30,16,0,9.1,67,52.5,7.7,0,8.0,0,19.63295950062544,0,996.4,334.1982881271623,7.457861221189497,92,,
2018,7,30,17,0,8.7,76,32.9,7.7,0,0.0,0,0.0,0,996.6,326.07119708766413,7.426627960173413,103,,
2018,7,30,18,0,8.2,86,33.8,7.1,0,0.0,0,0.0,0,997.5,322.5852375506702,8.2000289814716,114,,
2018,7,30,19,0,7.7,96,18.2,5.8,0,0.0,0,0.0,0,999.1,317.4565110182078,10.818524672234911,126,,
2018,7,30,20,0,7.1,107,0,4.5,0,0.0,0,0.0,0,1000.7,314.9016811805195,11.468750259856758,137,,
2018,7,30,21,0,6.8,124,0,3.9,0,0.0,0,0.0,0,1002,309.8695716631165,13.04067063742979,147,,
2018,7,30,22,0,6.6,148,0,4,0,0.0,0,0.0,0,1003,308.1936948893115,15.058950872676649,155,,
2018,7,30,23,0,6.4,-177,0,4.1,0,0.0,0,0.0,0,1004,306.0525690992934,15.674055685607742,158,,
2018,7,31,0,0,6.4,-144,0,4,0,0.0,0,0.0,0,1004.8,302.4922456540464,16.357682835561203,154,,
2018,7,31,1,0,6.4,-121,0,3.8,0,0.0,0,0.0,0,1005.2,299.857682488998,17.350088609103636,145,,
2018,7,31,2,0,6.4,-105,0,3.6,0,0.0,0,0.0,0,1005.6,300.1737380847262,18.056129457408755,135,,
2018,7,31,3,0,6.4,-94,0,3.4,0,0.0,0,0.0,0,1006,305.79679944870344,20.06260069854516,124,,
2018,7,31,4,0,6.5,-84,0,3.2,0,0.0,0,0.0,0,1006.3,326.9222395830873,17.55131829308467,112,,
2018,7,31,5,0,6.5,-75,0,2.9,0,0.0,0,0.0,0,1006.7,336.4126093348467,16.043284195519504,101,,
2018,7,31,6,0,7,-65,0.1,3,6,0.0,3,0.0,0,1006.9,338.6432273265952,15.130817468914334,91,,
2018,7,31,7,0,7.8,-55,11.9,3.3,53,8.0,52,6.000000000000001,0,1007.2,345.85369100834095,13.100145414597296,81,,
2018,7,31,8,0,8.6,-43,21.3,3.7,136,74.0,63,66.75830056418125,0,1007.4,357.2117456108457,12.71769280691129,72,,
2018,7,31,9,0,9.1,-30,28.5,3.7,162,218.0,118,180.9744881904248,0,1007.2,357.607214319465,11.490731718279994,65,,
2018,7,31,10,0,9.3,-15,47.1,3.6,175,310.0,67,288.9814563932935,0,1006.6,354.0724585418925,12.241231553585676,61,,
2018,7,31,11,0,9.5,1,24.9,3.4,255,314.0,109,345.8426287031774,0,1006,347.37149543535634,12.40308125623475,60,,
2018,7,31,12,0,9.7,18,38.6,3.4,181,338.0,96,375.0000859025217,0,1005.4,333.327579255743,12.46839371031152,62,,
2018,7,31,13,0,9.7,32,29.8,3.4,155,102.0,96,237.62140249551896,0,1004.7,324.4952592651609,13.379236978494433,66,,
2018,7,31,14,0,9.7,46,37.9,3.5,97,10.0,41,84.4173202747014,0,1004,318.9422313564946,12.3215220189648,73,,
2018,7,31,15,0,9.6,57,45.8,3.6,49,10.0,0,57.43065461374141,0,1003.4,313.4265478721857,13.586372217173864,82,,
2018,7,31,16,0,9.5,67,61.9,3.6,1,4.0,0,14.828921017754949,0,1002.9,311.520779127892,15.896042630762157,92,,
2018,7,31,17,0,9.3,76,52.6,3.7,0,0.0,0,0.0,0,1002.3,315.5699307152128,12.79087555045998,103,,
2018,7,31,18,0,9.2,86,51.8,3.9,0,0.0,0,0.0,0,1001.6,332.3474069671393,11.05633435602607,114,,
2018,7,31,19,0,9.2,96,69.6,4.3,0,0.0,0,0.0,0,1000.9,335.04393338545304,11.544977347057252,125,,
2018,7,31,20,0,9.1,108,92.6,4.7,0,0.0,0,0.0,0,1000.1,341.00934695101165,11.598059850539473,137,,
2018,7,31,21,0,9,124,93,5.2,0,0.0,0,0.0,0,999.1,344.7774459632849,10.473436280298426,147,,
2018,7,31,22,0,8.8,149,84,5.8,0,0.0,0,0.0,0,997.7,345.9967445410449,9.256027860892988,155,,
2018,7,31,23,0,8.7,-177,72.8,6.4,0,0.0,0,0.0,0,996.4,349.2715400133966,8.695201084763282,157,,
2018,8,1,0,0,8.7,-144,72.8,7,0,0.0,0,0.0,0,995.1,0.0191055978490339,7.321533610175282,153,,
2018,8,1,1,0,9,-121,72.5,7.7,0,0.0,0,0.0,0,994,19.113259581133832,6.86708614287585,145,,
2018,8,1,2,0,9.4,-106,73.1,8.4,0,0.0,0,0.0,0,992.8,39.76608118488866,6.576270800334473,135,,
2018,8,1,3,0,8.9,-94,73.5,7.9,0,0.0,0,0.0,0,992.8,56.52971031777213,7.290515149789559,124,,
2018,8,1,4,0,7.8,-84,39.6,6.3,0,0.0,0,0.0,0,994,25.15658897998708,5.2326479724478085,112,,
2018,8,1,5,0,6.6,-75,0,4.6,0,0.0,0,0.0,0,995.2,11.101195327214498,5.835259823346612,101,,
2018,8,1,6,0,6.5,-66,3.9,3.7,7,0.0,1,0.0,0,996.2,22.274329446278387,5.7672698406500125,90,,
2018,8,1,7,0,7.3,-55,6.3,3.3,54,42.0,55,10.000000000000002,0,997.2,10.03238099329775,5.014417300891624,81,,
2018,8,1,8,0,8.1,-44,23.6,3,79,165.0,114,85.59210533325003,0,998.1,2.0991201835041693,5.465581706395233,72,,
2018,8,1,9,0,8.5,-30,17.4,2.5,105,248.0,221,192.25476131711056,0,998.8,358.92520220987245,5.9871373636175536,65,,
2018,8,1,10,0,8.5,-15,27.2,2,113,493.0,228,333.2224664864437,0,999.2,0.5621027213485377,5.176274488446903,61,,
2018,8,1,11,0,8.5,1,19,1.5,182,586.0,217,427.4760589172524,0,999.6,24.54758133175875,6.401327842748617,59,,
2018,8,1,12,0,8.6,18,13.8,1.1,170,608.0,227,464.0594133973621,0,999.8,34.50060154716681,7.275751092160735,61,,
2018,8,1,13,0,8.7,33,14.6,0.8,127,586.0,194,439.9758080102688,0,1000.1,28.04533206139081,7.33299427485896,66,,
2018,8,1,14,0,8.9,46,23.5,0.5,100,526.0,81,360.22099330220215,0,1000.3,31.990438270226832,7.143418085091992,73,,
2018,8,1,15,0,8.9,57,15.6,0.3,56,404.0,24,230.96334164023645,0,1000.7,36.38647357043124,7.262953831220116,82,,
2018,8,1,16,0,8.8,67,0,0.2,3,187.0,1,78.3405689101609,0,1001.2,34.53024613055072,5.8368969885614845,92,,
2018,8,1,17,0,8.7,77,0,0.2,0,0.0,0,0.0,0,1001.7,29.19728144361221,5.2659934449830565,103,,
2018,8,1,18,0,8.5,86,0,0.5,0,0.0,0,0.0,0,1001.9,29.67154690625182,5.063049928207263,114,,
2018,8,1,19,0,8.2,96,0,1.2,0,0.0,0,0.0,0,1001.9,32.729793548695625,4.795864446104375,125,,
2018,8,1,20,0,8,108,0,1.9,0,0.0,0,0.0,0,1001.8,28.879590240279413,3.866048780077294,136,,
2018,8,1,21,0,8,124,0,2.4,0,0.0,0,0.0,0,1001.6,19.1007568307752,3.149211192139717,147,,
2018,8,1,22,0,8.4,149,0,2.7,0,0.0,0,0.0,0,1001.1,13.666863187466276,3.1411858432713564,154,,
2018,8,1,23,0,8.7,-177,0,2.9,0,0.0,0,0.0,0,1000.6,17.14420863151372,3.4959141349472023,157,,
2018,8,2,0,0,8.9,-144,0,3.2,0,0.0,0,0.0,0,1000.1,13.693897269724689,3.577523543269052,153,,
2018,8,2,1,0,8.9,-121,0,3.4,0,0.0,0,0.0,0,999.4,352.85470270274743,2.480937102548779,145,,
2018,8,2,2,0,9,-106,0,3.6,0,0.0,0,0.0,0,998.7,344.588121689419,2.034842175870701,135,,
2018,8,2,3,0,9,-94,0,3.8,0,0.0,0,0.0,0,998,339.24116931357366,2.082979712674537,123,,
2018,8,2,4,0,9.1,-84,0,3.9,0,0.0,0,0.0,0,997.3,339.70060723673964,2.1688833695883867,112,,
2018,8,2,5,0,9.2,-75,0,4,0,0.0,0,0.0,0,996.6,349.59428600723794,1.6869237410353937,101,,
2018,8,2,6,0,9.3,-66,2.4,4.4,8,0.0,1,0.0,0,995.9,16.167867906928052,0.7513974601372688,90,,
2018,8,2,7,0,9.6,-55,33.9,5.1,62,23.0,6,8.000000000000002,0,995.1,187.93698157732487,0.6453421837581407,80,,
2018,8,2,8,0,9.8,-44,38.9,5.8,107,110.0,39,73.75344642286245,0,994.4,164.9501013492336,2.3195506942103634,72,,
2018,8,2,9,0,9.7,-30,72.2,6.4,100,126.0,0,150.0739556591455,0,993.7,157.1926222612002,3.2020153449606394,65,,
2018,8,2,10,0,9.3,-15,55.3,6.9,187,114.0,11,216.48125835145143,0,992.9,161.96117870666512,3.8190665368284407,61,,
2018,8,2,11,0,8.9,1,82.4,7.3,82,141.0,0,273.0930912810505,0,992.2,177.01270775343733,3.892985420719581,59,,
2018,8,2,12,0,8.4,18,66.9,6.9,149,108.0,0,264.1298721357738,0,991.9,185.335061163532,3.647147144469917,61,,
2018,8,2,13,0,7.8,33,34.6,5.8,157,75.0,80,219.77658690022437,0,992,186.4540343747851,3.948608872046283,66,,
2018,8,2,14,0,7.1,46,8.2,4.7,89,68.0,143,174.52465942448603,0,992.2,193.70035566338169,4.716972628965901,73,,
2018,8,2,15,0,6.8,57,52.3,4,33,76.0,5,123.5896812162038,0,992.3,241.10273131131817,5.6907464340718965,82,,
2018,8,2,16,0,6.7,67,0,3.6,3,33.0,1,40.04746571577974,0,992.4,244.04554124917644,6.68008648757139,92,,
2018,8,2,17,0,6.7,77,0,3.2,0,0.0,0,0.0,0,992.5,233.7192135890011,6.753091333844647,103,,
2018,8,2,18,0,6.6,86,0,3.3,0,0.0,0,0.0,0,992.4,233.45526408459085,6.711045571857004,114,,
2018,8,2,19,0,6.5,96,0,3.8,0,0.0,0,0.0,0,992.1,235.0734124479237,7.198085159578372,125,,
2018,8,2,20,0,6.4,108,0,4.4,0,0.0,0,0.0,0,991.9,232.1808873984898,7.026745518936247,136,,
2018,8,2,21,0,6.3,125,0,4.6,0,0.0,0,0.0,0,991.7,222.7933037868852,6.58619076297291,146,,
2018,8,2,22,0,6.2,149,0,4.4,0,0.0,0,0.0,0,991.6,215.5103238582589,5.766320602717431,154,,
2018,8,2,23,0,6,-177,0,4.3,0,0.0,0,0.0,0,991.5,204.0205582565117,5.796672735258585,157,,
2018,8,3,0,0,5.6,-144,0,3.9,0,0.0,0,0.0,0,991.8,189.2200072212649,5.817592753460657,153,,
2018,8,3,1,0,4.9,-121,19.7,3.1,0,0.0,0,0.0,0,992.6,175.31352045126346,6.307954653087095,145,,
2018,8,3,2,0,4.1,-106,43,2.4,0,0.0,0,0.0,0,993.3,175.66826704231664,6.183434750024287,134,,
2018,8,3,3,0,3.7,-95,45,2,0,0.0,0,0.0,0,994.3,171.36173494290347,6.022418107829516,123,,
2018,8,3,4,0,3.6,-85,23.6,1.8,0,0.0,0,0.0,0,995.7,160.24017227110983,6.444400329776841,112,,
2018,8,3,5,0,3.5,-75,0,1.6,0,0.0,0,0.0,0,997.1,157.17364381563914,7.066076537749156,101,,
2018,8,3,6,0,3.7,-66,0.5,1.4,7,0.0,1,0.0,0,998.4,163.69147516446333,7.190949822839217,90,,
2018,8,3,7,0,4.2,-56,45.6,1.2,49,8.0,11,7.000000000000001,0,999.4,167.46137544987153,7.1095039439821885,80,,
2018,8,3,8,0,4.8,-44,43.4,1,81,35.0,57,57.53886833309049,0,1000.5,171.6490242143086,6.824805057103031,72,,
2018,8,3,9,0,5.2,-30,42.7,0.8,136,146.0,99,168.69260062578573,0,1001.5,175.70507639057746,7.070882034546156,65,,
2018,8,3,10,0,5.6,-15,30.6,0.7,190,385.0,145,316.292875568413,0,1002.3,171.48137605140855,5.753661285800464,60,,
2018,8,3,11,0,6,1,10.5,0.6,113,433.0,342,392.6305513054617,0,1003.1,188.260864926488,5.476501040038992,59,,
2018,8,3,12,0,6.3,18,3.3,0.2,95,335.0,366,377.29459424794015,0,1003.9,197.8141210207572,6.78323672676496,61,,
2018,8,3,13,0,6.6,33,16.5,-0.4,114,178.0,213,286.3302954935845,0,1004.7,206.2010830656476,7.201638062060625,66,,
2018,8,3,14,0,6.9,46,0,-1,52,57.0,208,161.79506816047734,0,1005.5,215.43295756423663,6.149101677081711,73,,
2018,8,3,15,0,6.9,57,0,-1.5,38,17.0,65,71.00651726486066,0,1006.4,229.1776266741044,5.545220184632629,82,,
2018,8,3,16,0,6.6,68,0,-1.8,3,4.0,1,15.867100602231975,0,1007.3,256.6789942508084,6.299370742018258,92,,
2018,8,3,17,0,6.4,77,0,-2,0,0.0,0,0.0,0,1008.2,259.6417505005684,6.817651939790268,103,,
2018,8,3,18,0,6,86,0,-1.9,0,0.0,0,0.0,0,1009,268.4673624073392,8.06001236337821,114,,
2018,8,3,19,0,5.6,97,0,-1.5,0,0.0,0,0.0,0,1009.7,253.68418576100584,5.6748268916073625,125,,
2018,8,3,20,0,5.1,109,0,-1.1,0,0.0,0,0.0,0,1010.4,314.9018976037216,10.082501216843898,136,,
2018,8,3,21,0,5,125,0,-0.9,0,0.0,0,0.0,0,1010.7,300.09669917090264,5.483976974607304,146,,
2018,8,3,22,0,5.3,149,0,-0.9,0,0.0,0,0.0,0,1010.5,273.8693301672896,3.7047338411223456,154,,
2018,8,3,23,0,5.6,-177,0,-1,0,0.0,0,0.0,0,1010.2,269.6531409691269,4.637780296975227,157,,
2018,8,4,0,0,5.9,-144,0,-0.8,0,0.0,0,0.0,0,1009.9,299.71555542342094,6.212184804753357,153,,
2018,8,4,1,0,6.1,-122,0,-0.6,0,0.0,0,0.0,0,1009.6,338.22399466744537,5.521444692290302,145,,
2018,8,4,2,0,6.3,-106,0,-0.4,0,0.0,0,0.0,0,1009.2,351.2545173966354,6.259050134959619,134,,
2018,8,4,3,0,6.6,-95,0,-0.1,0,0.0,0,0.0,0,1008.8,1.9165594675144464,6.102779179203303,123,,
2018,8,4,4,0,6.8,-85,0,0.3,0,0.0,0,0.0,0,1008.6,8.46572174765339,5.699799668196434,112,,
2018,8,4,5,0,7,-76,0,0.6,0,0.0,0,0.0,0,1008.3,14.184822820054706,6.48482992116124,101,,
2018,8,4,6,0,7.4,-66,0.6,1.3,8,0.0,3,0.0,0,1007.9,11.42017108248598,7.639781386564329,90,,
2018,8,4,7,0,7.8,-56,26.5,2.3,77,92.0,14,12.000000000000004,0,1007.6,9.405013245555269,7.664303887597358,80,,
2018,8,4,8,0,8.3,-44,29.1,3.3,140,358.0,49,109.4297670428596,0,1007.2,358.6039707161154,8.587998303416555,71,,
2018,8,4,9,0,8.7,-30,16.7,4.1,125,557.0,202,259.85932775066,0,1006.5,2.2522862643432404,9.088564167523153,64,,
2018,8,4,10,0,9,-15,48.4,4.5,164,308.0,75,309.8171923044581,0,1005.4,4.130086389713654,6.745789614361597,60,,
2018,8,4,11,0,9.3,1,61.1,5,190,58.0,1,222.63712113787105,0,1004.3,351.06701221226103,6.751322899212777,59,,
2018,8,4,12,0,9.4,18,41.2,5.5,220,50.0,49,221.9113019204385,0,1003.2,329.12647698432824,7.5238817069964625,61,,
2018,8,4,13,0,9.3,33,37.6,6,115,25.0,115,165.78285092052596,0,1002.1,304.8182911559901,6.846918256719631,65,,
2018,8,4,14,0,9.2,46,45.7,6.5,119,8.0,15,86.64995305808806,0,1001,294.0833399888372,8.073903915992279,73,,
2018,8,4,15,0,9.1,58,55.8,6.8,38,2.0,0,33.71364610000096,0,1000.1,296.95576427130817,7.957551732220218,82,,
2018,8,4,16,0,8.9,68,50.4,6.9,2,1.0,0,11.220022456241647,0,999.2,291.7515520421831,7.606530035626747,92,,
2018,8,4,17,0,8.8,77,40.2,7.1,0,0.0,0,0.0,0,998.4,298.6218347450458,9.029137440205655,102,,
2018,8,4,18,0,8.7,87,41.1,7,0,0.0,0,0.0,0,997.5,306.1283389578598,8.484939170050634,114,,
2018,8,4,19,0,8.5,97,40.7,6.7,0,0.0,0,0.0,0,996.6,311.7615888255763,10.695842526373326,125,,
2018,8,4,20,0,8.3,109,41.9,6.4,0,0.0,0,0.0,0,995.7,318.96452049471753,10.189907038272109,136,,
2018,8,4,21,0,7.9,125,42.1,6.1,0,0.0,0,0.0,0,995.3,316.9586822674782,7.970311344747155,146,,
2018,8,4,22,0,7.4,150,37.5,5.8,0,0.0,0,0.0,0,995.1,309.18311666615057,8.917032029711814,154,,
2018,8,4,23,0,7,-177,32.1,5.4,0,0.0,0,0.0,0,995,301.2998655272798,8.686326698961505,156,,
2018,8,5,0,0,6.4,-145,28.5,4.9,0,0.0,0,0.0,0,995.1,302.7324479806095,9.98295078357948,153,,
2018,8,5,1,0,5.8,-122,5.3,4.2,0,0.0,0,0.0,0,995.3,308.63583598572023,9.568655893621752,144,,
2018,8,5,2,0,5.2,-107,0,3.5,0,0.0,0,0.0,0,995.6,302.6179092251889,7.773054613814731,134,,
2018,8,5,3,0,4.8,-95,0,3.1,0,0.0,0,0.0,0,996.1,301.54931422205294,6.362569700095389,123,,
2018,8,5,4,0,4.7,-85,0,2.8,0,0.0,0,0.0,0,996.7,299.00583765630853,5.655679162868793,112,,
2018,8,5,5,0,4.6,-76,0,2.6,0,0.0,0,0.0,0,997.4,297.0436444092685,5.947405858884248,100,,
2018,8,5,6,0,4.8,-66,0,2.5,9,0.0,2,0.0,0,998,296.7398668028196,7.121167210269592,90,,
2018,8,5,7,0,5.4,-56,15.5,2.3,59,11.0,34,9.0,0,998.4,294.1636017568381,6.970359659110237,80,,
2018,8,5,8,0,6,-44,13.3,2.2,122,20.0,103,53.16166510900121,0,998.8,290.1909074212906,8.851045022704724,71,,
2018,8,5,9,0,6.3,-30,17.1,2.1,141,22.0,188,101.84421566696462,0,998.9,286.4653561242662,9.5895438930146,64,,
2018,8,5,10,0,6.3,-15,31.2,2,217,80.0,111,199.43477323251983,0,998.8,287.93782475605724,9.76135196126453,60,,
2018,8,5,11,0,6.3,1,25,1.9,221,67.0,155,222.19257212270568,0,998.7,285.98493193963554,10.740485286053673,58,,
2018,8,5,12,0,6.4,18,30.1,1.9,189,68.0,138,233.50969650769997,0,998.6,287.32653788277,12.65966310514615,60,,
2018,8,5,13,0,6.4,33,37.3,2.1,117,210.0,124,313.19351337181786,0,998.7,282.69242612561914,12.323855788603607,65,,
2018,8,5,14,0,6.4,46,39.8,2.2,132,314.0,22,306.43603335383955,0,998.8,277.1218956070879,11.675284203127264,72,,
2018,8,5,15,0,6.5,58,44.5,2.2,49,300.0,1,217.1073773174537,0,999.1,276.1202162229134,10.645882476996794,81,,
2018,8,5,16,0,6.5,68,0.7,2.1,5,174.0,1,84.85418348120567,0,999.5,271.3933128319753,9.69915676826894,91,,
2018,8,5,17,0,6.5,78,0,2,0,2.0,0,1.119978761515227,0,1000,270.8679033028378,11.443695693665866,102,,
2018,8,5,18,0,6.6,87,0,1.9,0,0.0,0,0.0,0,1000.4,263.79369602792246,13.972025709079562,113,,
2018,8,5,19,0,6.5,97,0,1.9,0,0.0,0,0.0,0,1000.8,255.9543352306829,12.603622093206177,125,,
2018,8,5,20,0,6.5,109,0,1.9,0,0.0,0,0.0,0,1001.2,251.14340690557324,12.12769410100903,136,,
2018,8,5,21,0,6.6,126,0,1.8,0,0.0,0,0.0,0,1001.6,242.3847257314233,11.204932235983533,146,,
2018,8,5,22,0,6.6,150,0,1.7,0,0.0,0,0.0,0,1002.1,239.4176554413482,10.35918789114926,153,,
2018,8,5,23,0,6.7,-177,0,1.6,0,0.0,0,0.0,0,1002.5,230.3778676269776,9.9685786899209,156,,
2018,8,6,0,0,6.8,-145,0,1.5,0,0.0,0,0.0,0,1002.8,230.7976855576877,9.684732500206664,152,,
2018,8,6,1,0,6.9,-122,0,1.4,0,0.0,0,0.0,0,1003.1,192.85083263463008,8.108618912334821,144,,
2018,8,6,2,0,7,-107,0,1.3,0,0.0,0,0.0,0,1003.4,205.1018428302426,7.311640505530507,134,,
2018,8,6,3,0,7.1,-95,0,1.4,0,0.0,0,0.0,0,1003.8,243.9697436501257,7.041955588317993,123,,
2018,8,6,4,0,7.3,-85,0,1.6,0,0.0,0,0.0,0,1004.2,299.7396505253828,8.292400356800409,111,,
2018,8,6,5,0,7.5,-76,0,1.8,0,0.0,0,0.0,0,1004.7,267.1072643877171,7.508102252620583,100,,
2018,8,6,6,0,7.8,-66,0,2.5,9,0.0,6,0.0,0,1005.2,269.5648964429373,9.259056039981932,90,,
2018,8,6,7,0,8.3,-56,0,3.8,43,3.0,93,5.0,0,1005.9,274.6483102933398,9.67954203547922,80,,
2018,8,6,8,0,8.8,-44,6.1,5,94,11.0,172,40.22872049055306,0,1006.6,303.9022774296037,6.709534917061856,71,,
2018,8,6,9,0,9.2,-31,24.5,5.5,203,22.0,108,95.92913145541672,0,1007,290.9582638013875,3.6878299646325257,64,,
2018,8,6,10,0,9.7,-15,36.6,5.4,203,20.0,104,134.938559279632,0,1007.1,297.1707432130698,2.0760125056884218,60,,
2018,8,6,11,0,10.1,2,13.4,5.3,163,18.0,280,152.72168658584607,0,1007.2,354.88801819551816,2.5344951337758963,58,,
2018,8,6,12,0,10.3,18,30.3,5.4,212,65.0,120,240.2053590362818,0,1007.3,29.337259981871284,6.320904627389326,60,,
2018,8,6,13,0,10.4,33,20.1,5.6,156,134.0,160,280.56624890309433,0,1007.5,8.634900978599205,8.55497754097381,65,,
2018,8,6,14,0,10.4,46,5.4,5.8,78,79.0,173,196.6380530857004,0,1007.6,357.8946691559202,7.848559652749081,72,,
2018,8,6,15,0,10.3,58,15.2,6,57,23.0,41,88.37033107054619,0,1008,340.96239535526786,9.197131736171292,81,,
2018,8,6,16,0,10,68,2.2,6.1,5,6.0,1,23.3596356907272,0,1008.5,339.1495221814632,10.008979008726072,91,,
2018,8,6,17,0,9.7,78,0,6.2,0,0.0,0,0.0,0,1009,344.94700099651345,7.84841194141076,102,,
2018,8,6,18,0,9.2,87,0,6.1,0,0.0,0,0.0,0,1009.4,341.73835003303185,7.070455935377386,113,,
2018,8,6,19,0,8.6,97,0,5.8,0,0.0,0,0.0,0,1009.8,347.60456912636363,6.245188467947698,125,,
2018,8,6,20,0,8,109,0,5.5,0,0.0,0,0.0,0,1010.2,358.80245628319204,5.677265416879596,136,,
2018,8,6,21,0,7.8,126,0,5.4,0,0.0,0,0.0,0,1010.5,353.8799773639338,5.935684428452252,146,,
2018,8,6,22,0,8.1,150,0,5.6,0,0.0,0,0.0,0,1010.8,355.8214211441188,6.443152649550281,153,,
2018,8,6,23,0,8.3,-177,0,5.8,0,0.0,0,0.0,0,1011,358.4276858523716,6.6020951276268365,156,,
2018,8,7,0,0,8.3,-145,0,5.8,0,0.0,0,0.0,0,1011.2,357.5937671888018,6.716371252668287,152,,
2018,8,7,1,0,8.2,-123,0,5.7,0,0.0,0,0.0,0,1011.4,356.2462556758687,6.585661772615979,144,,
2018,8,7,2,0,8.1,-107,0,5.5,0,0.0,0,0.0,0,1011.5,357.31503728016787,7.353776073529546,134,,
2018,8,7,3,0,8,-95,0,5.3,0,0.0,0,0.0,0,1011.8,352.75489514734187,7.079473661730581,123,,
2018,8,7,4,0,7.8,-86,0,5.1,0,0.0,0,0.0,0,1012.3,353.2559146798029,7.396885242785448,111,,
2018,8,7,5,0,7.7,-76,0,4.9,0,0.0,0,0.0,0,1012.7,344.9714581864134,7.1528537845482605,100,,
2018,8,7,6,0,7.9,-67,0,4.9,9,0.0,8,0.0,0,1013,340.21246576025635,6.544634711130946,89,,
2018,8,7,7,0,8.4,-56,0.7,5.2,46,9.0,95,9.0,0,1013.2,337.09244296160324,6.904383912138144,79,,
2018,8,7,8,0,8.9,-44,4.6,5.4,85,34.0,194,63.92383700396348,0,1013.4,349.409563156705,6.558246114854524,71,,
2018,8,7,9,0,9.2,-31,10.1,5.4,141,56.0,237,138.3128988064114,0,1013.5,2.225554189738886,5.878213257357727,64,,
2018,8,7,10,0,9.5,-15,0.1,5,69,165.0,427,249.1641817491068,0,1013.4,21.581642131600177,7.493605526254472,59,,
2018,8,7,11,0,9.7,2,1.1,4.7,82,246.0,432,333.2094285790228,0,1013.3,28.939626661024192,10.445991807873424,58,,
2018,8,7,12,0,9.8,18,0,4.5,73,404.0,412,417.2527887101587,0,1013.3,25.641441841353924,11.569005929763202,60,,
2018,8,7,13,0,9.7,33,0,4.5,69,509.0,329,439.2801852849496,0,1013.3,18.54889723625155,10.86957891219769,65,,
2018,8,7,14,0,9.6,47,0,4.5,60,452.0,208,359.3546006310554,0,1013.3,11.726743065024891,10.932279531657825,72,,
2018,8,7,15,0,9.3,58,1.4,4.5,41,323.0,72,226.71214591941916,0,1013.5,1.6583167280529096,10.309249380062694,81,,
2018,8,7,16,0,8.8,68,0,4.5,5,132.0,3,77.35196470017826,0,1013.9,348.8541087014004,9.699553097920411,91,,
2018,8,7,17,0,8.3,78,0,4.5,0,2.0,0,1.1317245140307215,0,1014.2,346.5537931782305,8.22823237092997,102,,
2018,8,7,18,0,7.6,87,0,4.3,0,0.0,0,0.0,0,1014.5,331.90187712833847,7.606991800043544,113,,
2018,8,7,19,0,6.7,98,0,4,0,0.0,0,0.0,0,1014.7,327.0060831569803,9.652644860925204,124,,
2018,8,7,20,0,5.8,110,0,3.8,0,0.0,0,0.0,0,1014.9,324.1142448247464,9.731122966199347,135,,
2018,8,7,21,0,5.7,126,0,3.9,0,0.0,0,0.0,0,1015,319.28216983284364,11.405105337424114,145,,
2018,8,7,22,0,6.4,150,0,4.3,0,0.0,0,0.0,0,1014.9,316.59201597359845,11.918037656911812,153,,
2018,8,7,23,0,7.2,-177,0,4.7,0,0.0,0,0.0,0,1014.8,309.2409404487276,13.1386410103372,156,,
2018,8,8,0,0,7.5,-145,0,4.8,0,0.0,0,0.0,0,1014.7,304.9228426644001,16.41641161348563,152,,
2018,8,8,1,0,7.4,-123,0,4.7,0,0.0,0,0.0,0,1014.5,312.07621422474284,19.11210082163081,144,,
2018,8,8,2,0,7.3,-107,0,4.5,0,0.0,0,0.0,0,1014.4,318.09867684790345,19.70782403324824,133,,
2018,8,8,3,0,7.2,-96,0,4.4,0,0.0,0,0.0,0,1014.5,327.442454334897,17.728951380199916,122,,
2018,8,8,4,0,7.1,-86,0,4.4,0,0.0,0,0.0,0,1014.7,329.57287373723767,14.546950400512518,111,,
2018,8,8,5,0,7,-76,0,4.3,0,0.0,0,0.0,0,1014.9,332.50728373490915,14.688022184220271,100,,
2018,8,8,6,0,7,-67,5,4.2,13,0.0,3,0.0,0,1015.1,328.4150342692877,14.516642525592983,89,,
2018,8,8,7,0,7,-56,49.7,3.9,70,6.0,0,7.0,0,1015.3,321.46204502406374,15.507792225399264,79,,
2018,8,8,8,0,7,-45,61.4,3.6,116,11.0,0,39.31116930286376,0,1015.4,328.6446164623428,15.026281612294126,70,,
2018,8,8,9,0,7.4,-31,39.5,3.5,188,50.0,72,126.87309186558711,0,1015.3,334.8413192846411,13.279015947824584,63,,
2018,8,8,10,0,8.1,-15,25.3,3.5,228,125.0,143,227.64175125343536,0,1014.9,343.120350113979,12.484401490394646,59,,
2018,8,8,11,0,8.9,2,50.6,3.4,258,292.0,0,351.9088192645136,0,1014.5,352.6262073007475,12.39326414790156,58,,
2018,8,8,12,0,9.2,18,53,3.5,230,407.0,1,418.53198279490914,0,1014.1,4.274375907587853,12.011681181065804,60,,
2018,8,8,13,0,9.2,34,65.3,3.6,135,458.0,7,420.4499295468095,0,1013.7,13.513904588817413,11.58741968131186,65,,
2018,8,8,14,0,9.2,47,57.7,3.7,113,422.0,0,349.9574031326149,0,1013.3,19.865004276847515,11.647155632341246,72,,
2018,8,8,15,0,9,58,21.9,4,66,354.0,19,237.3919007512106,0,1013.1,23.868877361817965,11.788764767840288,81,,
2018,8,8,16,0,8.6,69,11.2,4.3,5,192.0,3,93.79322069005816,0,1013.2,26.96126307214513,10.957540998654142,91,,
2018,8,8,17,0,8.1,78,9.1,4.6,0,5.0,0,1.3442006830299138,0,1013.2,26.00365712905142,9.850745352510907,102,,
2018,8,8,18,0,7.6,88,60.3,4.6,0,0.0,0,0.0,0,1013.2,21.77002105938226,7.861723418159998,113,,
2018,8,8,19,0,6.8,98,46.4,4.5,0,0.0,0,0.0,0,1013.3,10.80580051207994,6.938212010214552,124,,
2018,8,8,20,0,6.1,110,59.1,4.4,0,0.0,0,0.0,0,1013.3,12.582718970406574,7.007661905020826,135,,
2018,8,8,21,0,6,127,59,4.3,0,0.0,0,0.0,0,1013.1,11.094550351096018,7.807785156428086,145,,
2018,8,8,22,0,6.4,151,51.7,4.4,0,0.0,0,0.0,0,1012.8,2.8143470233117114,7.19495732262303,153,,
2018,8,8,23,0,6.9,-177,42.9,4.4,0,0.0,0,0.0,0,1012.4,7.440685986572134,7.475053405730415,155,,
2018,8,9,0,0,7.2,-146,42.3,4.6,0,0.0,0,0.0,0,1012,358.4391130880874,6.650416903226809,152,,
2018,8,9,1,0,7.3,-123,42.8,4.8,0,0.0,0,0.0,0,1011.6,356.8992592999722,7.0048842590322025,143,,
2018,8,9,2,0,7.5,-108,41.2,5,0,0.0,0,0.0,0,1011.2,355.65542254375265,6.600264711742969,133,,
2018,8,9,3,0,7.6,-96,39.8,5.3,0,0.0,0,0.0,0,1010.8,348.70367025046056,7.461941448790957,122,,
2018,8,9,4,0,7.8,-86,42.5,5.6,0,0.0,0,0.0,0,1010.5,348.83300528107355,7.600194206077921,111,,
2018,8,9,5,0,7.9,-77,36.5,5.8,0,0.0,0,0.0,0,1010.1,348.6331477355104,7.325822252856701,100,,
2018,8,9,6,0,8.2,-67,42.5,6.2,8,0.0,0,0.0,0,1009.9,348.2287646674901,7.552631189052313,89,,
2018,8,9,7,0,8.6,-57,84.3,6.5,20,52.0,0,14.000000000000004,0,1010,346.73104275054794,8.224447849837238,79,,
2018,8,9,8,0,8.9,-45,89.4,6.9,31,58.0,0,72.13812450734285,0,1010.1,342.43644534851126,8.27977885368473,70,,
2018,8,9,9,0,9.4,-31,85.7,7.3,61,45.0,0,121.6700172119719,0,1009.6,341.59871906114824,7.620349317801573,63,,
2018,8,9,10,0,9.8,-15,54.6,7.7,223,31.0,0,167.68963481826057,0,1008.7,332.77462193383235,6.3285581699512,59,,
2018,8,9,11,0,10.3,2,45.7,8.1,269,39.0,9,211.3862260294107,0,1007.7,325.8607746720025,8.482190000073208,57,,
2018,8,9,12,0,10.5,18,31.1,8.2,243,10.0,89,138.38678103249185,0,1006.9,320.5995233109418,10.491627926082051,59,,
2018,8,9,13,0,10.5,34,12.7,8.1,132,6.0,211,102.1876059272039,0,1006.3,311.859866499686,12.149024024370828,64,,
2018,8,9,14,0,10.5,47,45.5,8,111,6.0,44,82.85218477838085,0,1005.7,314.4022300145668,12.013182675853455,72,,
2018,8,9,15,0,10.4,59,45.3,7.9,61,4.0,1,50.49930791284167,0,1005.3,312.91405082501245,10.72833949051588,81,,
2018,8,9,16,0,10.1,69,4,7.7,6,2.0,1,15.473362747619364,0,1005.3,310.3739828852256,9.985367431628015,91,,
2018,8,9,17,0,9.8,78,0,7.5,0,0.0,0,0.0,0,1005.2,308.55719236874614,9.45234059003403,102,,
2018,8,9,18,0,9.5,88,0,7.3,0,0.0,0,0.0,0,1005.1,305.0763852447697,9.07368338258144,113,,
2018,8,9,19,0,9.2,98,0,7.2,0,0.0,0,0.0,0,1005,304.32929205535754,10.354416076040796,124,,
2018,8,9,20,0,9,110,0,7,0,0.0,0,0.0,0,1004.9,298.29746421783966,9.49834987777554,135,,
2018,8,9,21,0,8.9,127,0,7,0,0.0,0,0.0,0,1004.5,294.71438677591016,9.905882013267153,145,,
2018,8,9,22,0,9.1,151,0,7.2,0,0.0,0,0.0,0,1004,287.5050385459217,10.15637161475508,152,,
2018,8,9,23,0,9.3,-177,0,7.3,0,0.0,0,0.0,0,1003.4,292.95100415960366,9.881606590066712,155,,
2018,8,10,0,0,9.3,-146,0,7.4,0,0.0,0,0.0,0,1002.9,291.8114805803541,9.801005540685855,151,,
2018,8,10,1,0,9.3,-123,0,7.3,0,0.0,0,0.0,0,1002.3,278.1358638433037,10.643994185871692,143,,
2018,8,10,2,0,9.3,-108,0,7.2,0,0.0,0,0.0,0,1001.8,279.253374293533,10.081385405944266,133,,
2018,8,10,3,0,9.2,-96,0,7.2,0,0.0,0,0.0,0,1001.2,279.87611373685445,9.592345072733185,122,,
2018,8,10,4,0,9.2,-86,22,7.1,0,0.0,0,0.0,0,1000.7,275.12879435715416,9.473966404871398,111,,
2018,8,10,5,0,9.2,-77,37.3,7,0,0.0,0,0.0,0,1000.2,269.8179283079071,8.83524968769717,99,,
2018,8,10,6,0,9.2,-67,25.3,7,11,0.0,0,0.0,0,999.8,267.0241797270589,8.770615953679851,89,,
2018,8,10,7,0,9.4,-57,73.9,7.3,31,5.0,0,8.0,0,999.6,262.48460711421524,8.631273627887623,79,,
2018,8,10,8,0,9.6,-45,79.8,7.6,56,15.0,0,53.90540718606227,0,999.4,270.8085369379625,10.29423786135211,70,,
2018,8,10,9,0,9.7,-31,80.1,7.6,78,51.0,0,145.5719824090611,0,998.8,268.76070347620896,10.622113579082129,63,,
2018,8,10,10,0,9.8,-15,78.5,7.6,101,190.0,0,273.5878488456464,0,997.9,276.18271597675044,10.28025410127529,58,,
2018,8,10,11,0,9.9,2,94.6,7.5,27,277.0,0,361.8842549795848,0,997,283.80112093939096,10.345806580052,57,,
2018,8,10,12,0,9.9,18,92.2,7.5,37,485.0,0,465.3216120976255,0,996.2,292.93637893361426,12.391565277578,59,,
2018,8,10,13,0,9.9,34,81.6,7.6,71,475.0,0,443.3126358469205,0,995.5,294.4621481704395,13.044471704397733,64,,
2018,8,10,14,0,9.9,47,62.8,7.7,62,301.0,23,316.2693770762172,0,994.8,305.32657868596965,15.13644780857878,71,,
2018,8,10,15,0,9.9,59,41.2,7.7,64,127.0,4,164.07186463012556,0,994.4,306.2157967697647,14.114689304568662,80,,
2018,8,10,16,0,9.8,69,2.7,7.8,6,23.0,1,42.522022208915104,0,994.3,307.0214649997143,12.293109419035732,91,,
2018,8,10,17,0,9.7,79,0,7.9,0,1.0,0,1.0748722790367229,0,994.2,328.5126283674587,6.102690334828972,101,,
2018,8,10,18,0,9.5,88,0,7.9,0,0.0,0,0.0,0,994.2,18.80438885956568,5.567685405254585,113,,
2018,8,10,19,0,9.2,98,0,7.8,0,0.0,0,0.0,0,994.2,50.39523643160766,7.777412969874191,124,,
2018,8,10,20,0,8.9,111,5.3,7.7,0,0.0,0,0.0,0,994.3,66.83330255360744,7.544382813245558,135,,
2018,8,10,21,0,8.8,127,0,7.7,0,0.0,0,0.0,0,994.3,76.88014741534528,6.697528138665826,145,,
2018,8,10,22,0,8.8,151,18.1,7.6,0,0.0,0,0.0,0,994.3,92.91542858427192,5.467281395039649,152,,
2018,8,10,23,0,8.8,-177,39.5,7.6,0,0.0,0,0.0,0,994.2,100.38004254325858,5.124639853174505,155,,
2018,8,11,0,0,8.8,-146,37.9,7.5,0,0.0,0,0.0,0,994.3,88.03677145487336,4.283031635878333,151,,
2018,8,11,1,0,8.6,-124,38.8,7.4,0,0.0,0,0.0,0,994.5,92.55164494272792,4.403536035156596,143,,
2018,8,11,2,0,8.5,-108,42.9,7.2,0,0.0,0,0.0,0,994.7,69.58435326632002,5.130880988184057,133,,
2018,8,11,3,0,8.4,-96,41.8,7.1,0,0.0,0,0.0,0,995,61.48823296276174,6.119636430327112,122,,
2018,8,11,4,0,8.4,-86,23,7,0,0.0,0,0.0,0,995.4,65.63480605902907,5.4384830726205085,110,,
2018,8,11,5,0,8.3,-77,0,6.9,0,0.0,0,0.0,0,995.8,50.70205874304526,4.036289739061676,99,,
2018,8,11,6,0,8.6,-67,0,6.8,14,0.0,4,0.0,0,996.1,22.81426056752383,6.542612026226298,88,,
2018,8,11,7,0,9.3,-57,31.1,6.8,75,2.0,17,5.0,0,996.3,17.579179280209132,6.089298960436,78,,
2018,8,11,8,0,9.9,-45,37.5,6.9,158,5.0,17,29.655318510916818,0,996.5,20.142580095400376,7.044368869195673,70,,
2018,8,11,9,0,10.2,-31,40.4,7.2,242,7.0,5,64.02977390973562,0,996.4,13.122715975715892,6.465971317668346,63,,
2018,8,11,10,0,10.1,-15,41.2,7.7,264,8.0,26,102.343709347314,0,996.1,359.7087367215046,5.523020581558463,58,,
2018,8,11,11,0,10.1,2,33.6,8.2,320,11.0,18,134.56324733971206,0,995.8,354.5221485353261,5.531854811969779,57,,
2018,8,11,12,0,10,19,31.5,8.4,256,19.0,70,171.3974420709419,0,995.4,10.908085194426404,4.730987199113695,59,,
2018,8,11,13,0,10.1,34,44.3,8.3,170,16.0,43,151.6330158942788,0,995,1.8184070952401044,4.262400375947133,64,,
2018,8,11,14,0,10.1,47,9.6,8.1,115,11.0,126,107.31596654332644,0,994.7,353.8965638045601,5.0631237940827445,71,,
2018,8,11,15,0,10.1,59,39.8,8,66,8.0,1,63.05789616453493,0,994.5,341.7056685859778,5.221942884276748,80,,
2018,8,11,16,0,10.1,69,54.3,7.8,5,8.0,0,30.94813215613488,0,994.4,348.8327866399096,5.881874384557278,90,,
2018,8,11,17,0,10.1,79,54.6,7.7,0,1.0,0,1.0779237785566176,0,994.3,357.67654187720944,6.859154669453357,101,,
2018,8,11,18,0,10.1,88,57.4,7.5,0,0.0,0,0.0,0,994.4,15.794723061770526,6.6822322392862565,113,,
2018,8,11,19,0,10,99,66,7.4,0,0.0,0,0.0,0,994.5,26.14554637267213,5.994744482663945,124,,
2018,8,11,20,0,10,111,64.9,7.2,0,0.0,0,0.0,0,994.6,33.49356472197451,5.824318601595358,135,,
2018,8,11,21,0,10.1,128,62.2,7.1,0,0.0,0,0.0,0,994.3,37.01247556801769,6.769552209891016,145,,
2018,8,11,22,0,10.1,152,55.5,7.1,0,0.0,0,0.0,0,993.8,45.23512453969033,7.656359815783111,152,,
2018,8,11,23,0,10.2,-177,57.9,7,0,0.0,0,0.0,0,993.3,44.05868814507704,7.797180727849137,154,,
2018,8,12,0,0,10.2,-146,52.7,6.9,0,0.0,0,0.0,0,992.8,44.013980529948526,7.443677316370048,151,,
2018,8,12,1,0,10,-124,59.5,6.8,0,0.0,0,0.0,0,992.4,32.324798559518854,6.471082243908567,143,,
2018,8,12,2,0,9.9,-108,59.9,6.6,0,0.0,0,0.0,0,991.9,29.84702890697673,7.252803334503977,133,,
2018,8,12,3,0,9.7,-97,58.7,6.6,0,0.0,0,0.0,0,991.7,35.099890612291574,7.213353844319384,122,,
2018,8,12,4,0,9.5,-87,56.4,6.7,0,0.0,0,0.0,0,991.8,29.91139723303604,8.346095127047395,110,,
2018,8,12,5,0,9.3,-77,58.1,6.7,0,0.0,0,0.0,0,991.8,24.328024460235383,8.198467411039768,99,,
2018,8,12,6,0,9.6,-68,52.5,7.1,13,0.0,0,0.0,0,992,23.18943667886589,7.624813343327435,88,,
2018,8,12,7,0,10.4,-57,9.8,7.7,66,31.0,72,16.000000000000004,0,992.5,8.440612836139735,7.211904541505225,78,,
2018,8,12,8,0,11.1,-45,0.8,8.3,85,57.0,212,84.70521035913083,0,993,6.563471355860827,7.956198924545718,69,,
2018,8,12,9,0,11.5,-31,0,8.6,83,126.0,345,189.07950480590895,0,993.2,358.6358438230529,7.281116357485536,62,,
2018,8,12,10,0,11.4,-15,3.6,8.6,115,303.0,373,325.9785105468856,0,993.3,344.08989431490045,7.295839326047442,58,,
2018,8,12,11,0,11.3,2,4.8,8.6,134,134.0,370,297.36257546483,0,993.4,339.8800805620828,9.0846678485522,57,,
2018,8,12,12,0,11.1,19,12.7,8.6,188,29.0,246,191.99593638902763,0,993.5,337.50868205102046,11.626794586818123,59,,
2018,8,12,13,0,10.8,34,57.7,8.7,162,32.0,13,184.4006801288669,0,993.8,331.47662023158364,10.230527035029,64,,
2018,8,12,14,0,10.6,48,22,8.7,99,31.0,126,150.10539460396294,0,994,328.34056786970484,11.735161636846012,71,,
2018,8,12,15,0,10.2,59,15.4,8.6,70,28.0,35,100.8074617695339,0,994.5,341.7573058599472,12.056405860324524,80,,
2018,8,12,16,0,9.8,70,4.1,8.2,6,47.0,5,58.60740553447996,0,995.4,2.1342799531229844,12.29173000798904,90,,
2018,8,12,17,0,9.3,79,23.3,7.8,0,3.0,0,2.2429948907232204,0,996.2,11.806042011196212,13.708198610714362,101,,
2018,8,12,18,0,9,89,15.1,7.4,0,0.0,0,0.0,0,996.9,7.1548081127338605,12.28831298734777,112,,
2018,8,12,19,0,8.7,99,37.3,7.1,0,0.0,0,0.0,0,997.4,6.803519289733799,13.006136961009911,124,,
2018,8,12,20,0,8.5,111,28.2,6.7,0,0.0,0,0.0,0,997.9,14.82474285081571,13.050374809999331,135,,
2018,8,12,21,0,8.3,128,43,6.6,0,0.0,0,0.0,0,998.3,19.86294380148076,14.610152969453816,144,,
2018,8,12,22,0,8.3,152,23.3,6.7,0,0.0,0,0.0,0,998.6,23.03948463896279,15.203682980388525,152,,
2018,8,12,23,0,8.4,-177,0,6.8,0,0.0,0,0.0,0,999,28.77428593942789,15.577799993585488,154,,
2018,8,13,0,0,8.2,-146,0,6.6,0,0.0,0,0.0,0,999.4,31.2284124926731,15.427751907433326,150,,
2018,8,13,1,0,7.8,-124,0,5.9,0,0.0,0,0.0,0,1000.1,23.81449666833901,11.046214843405696,142,,
2018,8,13,2,0,7.5,-109,0,5.2,0,0.0,0,0.0,0,1000.7,25.13472694042167,8.735069376959855,132,,
2018,8,13,3,0,7.3,-97,0,4.6,0,0.0,0,0.0,0,1001.5,23.41588746046739,6.347987188075416,121,,
2018,8,13,4,0,7.1,-87,0,4.2,0,0.0,0,0.0,0,1002.4,14.65909917310472,7.00487354192329,110,,
2018,8,13,5,0,6.9,-77,0,3.8,0,0.0,0,0.0,0,1003.3,19.69786648114172,7.969007170024255,99,,
2018,8,13,6,0,7.3,-68,0,3.7,14,0.0,11,0.0,0,1004.1,31.02274701801383,9.597394170354004,88,,
2018,8,13,7,0,8,-57,2.2,3.9,58,51.0,100,18.000000000000004,0,1004.7,10.482103174069664,8.314784320510313,78,,
2018,8,13,8,0,8.8,-45,8.3,4,114,50.0,172,79.96858500162232,0,1005.3,354.842936928042,7.083605806402084,69,,
2018,8,13,9,0,9.3,-31,42.6,4.1,243,63.0,14,150.8159269674661,0,1005.7,329.8791918021613,7.319963249416546,62,,
2018,8,13,10,0,9.5,-15,9.4,3.9,138,176.0,334,278.12405838194354,0,1005.8,322.23697941772565,8.14151645179857,58,,
2018,8,13,11,0,9.6,2,45.6,3.8,215,133.0,80,298.44729647850284,0,1006,328.29322860557346,7.9944490307543,56,,
2018,8,13,12,0,9.6,19,53,3.8,191,123.0,46,304.38552459733546,0,1006.1,353.9985479602248,10.661951156479288,58,,
2018,8,13,13,0,9.6,34,32,3.9,194,105.0,84,272.5417214113377,0,1006.3,351.5504924819707,11.414669297503773,63,,
2018,8,13,14,0,9.5,48,34,4,111,36.0,75,159.68686958103174,0,1006.5,354.40128424827657,11.819077192101563,71,,
2018,8,13,15,0,9.4,60,28.5,4.1,70,59.0,17,130.99516405682732,0,1006.8,356.3786337365257,11.935942543249444,80,,
2018,8,13,16,0,9.1,70,0.1,4.2,7,15.0,4,38.756532711616686,0,1007.4,358.1958019449457,12.476888464847937,90,,
2018,8,13,17,0,8.9,79,0,4.3,0,2.0,0,2.168188694058726,0,1008,359.5916031320553,13.255463683760905,101,,
2018,8,13,18,0,8.6,89,0,4.5,0,0.0,0,0.0,0,1008.3,4.7705418192982165,14.478379384141746,112,,
2018,8,13,19,0,8.4,99,15.9,4.9,0,0.0,0,0.0,0,1008.6,358.341779185277,12.385313593748627,124,,
2018,8,13,20,0,8.3,112,39.5,5.2,0,0.0,0,0.0,0,1008.8,0.0701812313493519,13.553476964449768,134,,
2018,8,13,21,0,8.4,128,39.5,5.5,0,0.0,0,0.0,0,1009,2.1676978386794303,14.664791001691468,144,,
2018,8,13,22,0,8.7,152,21.4,5.8,0,0.0,0,0.0,0,1009,1.8609725852086847,14.411898171877594,151,,
2018,8,13,23,0,9.1,-177,0,6.1,0,0.0,0,0.0,0,1009,2.9495809120908234,14.423404963748713,154,,
2018,8,14,0,0,9.4,-146,0,6.4,0,0.0,0,0.0,0,1009.1,3.3174421473256075,14.327476114453848,150,,
2018,8,14,1,0,9.5,-124,0,6.7,0,0.0,0,0.0,0,1009.2,355.8662492783702,12.05039214212389,142,,
2018,8,14,2,0,9.7,-109,0,7,0,0.0,0,0.0,0,1009.3,359.16708092897863,11.756369165691668,132,,
2018,8,14,3,0,9.8,-97,0,7.2,0,0.0,0,0.0,0,1009.4,4.596445932454685,12.207473942168122,121,,
2018,8,14,4,0,9.9,-87,0,7.4,0,0.0,0,0.0,0,1009.7,5.187225286035584,11.77895263259944,110,,
2018,8,14,5,0,10.1,-78,0,7.6,0,0.0,0,0.0,0,1009.9,1.5628193524776748,11.547752522533802,99,,
2018,8,14,6,0,10.4,-68,6.4,7.9,17,0.0,5,0.0,0,1010.3,3.233792494866975,11.37382379937852,88,,
2018,8,14,7,0,10.9,-57,31.9,8.3,83,38.0,29,17.000000000000004,0,1010.9,355.353327856424,9.951164327961134,78,,
2018,8,14,8,0,11.4,-45,13.4,8.7,135,46.0,141,78.60742464790572,0,1011.5,349.42643953797153,9.898793109506563,69,,
2018,8,14,9,0,11.7,-31,23,8.8,224,44.0,116,137.33714704964737,0,1011.8,343.2335816152088,10.232098569384217,62,,
2018,8,14,10,0,11.8,-15,48.7,8.6,204,57.0,64,203.58817068991377,0,1011.8,347.87806653017697,12.798054548776523,57,,
2018,8,14,11,0,11.9,2,59.6,8.3,218,97.0,0,277.35912539835334,0,1011.9,345.80640537112674,14.726160239232753,56,,
2018,8,14,12,0,11.8,19,36.6,8.3,250,155.0,70,332.8650117464923,0,1012,344.27513320946633,15.116782884333288,58,,
2018,8,14,13,0,11.5,35,17.2,8.3,191,139.0,158,303.7693047797227,0,1012.2,343.18108175837665,15.371648805089798,63,,
2018,8,14,14,0,11.3,48,22.8,8.4,98,86.0,123,217.6010900930807,0,1012.4,336.7315018188321,14.73963891840003,71,,
2018,8,14,15,0,11,60,33.6,8.4,70,21.0,17,95.26431847671653,0,1012.9,329.52120062034646,14.607923623271448,80,,
2018,8,14,16,0,10.7,70,0.6,8.5,8,7.0,5,29.777492064574783,0,1013.7,327.8507951912088,15.000544112986235,90,,
2018,8,14,17,0,10.4,80,0,8.5,0,1.0,0,1.0872109911564567,0,1014.4,325.78251932191927,13.527823091320531,101,,
2018,8,14,18,0,9.9,89,0,8.2,0,0.0,0,0.0,0,1015.2,325.92841191546853,12.8840644117101,112,,
2018,8,14,19,0,9.2,100,0.2,7.6,0,0.0,0,0.0,0,1015.9,321.59282195319406,11.67402592338728,123,,
2018,8,14,20,0,8.6,112,40.4,7,0,0.0,0,0.0,0,1016.7,319.0686501096114,10.549980921298667,134,,
2018,8,14,21,0,8.3,129,16.1,6.7,0,0.0,0,0.0,0,1017.2,314.94549544473193,10.34403085759499,144,,
2018,8,14,22,0,8.5,153,6.6,6.7,0,0.0,0,0.0,0,1017.7,313.7280387839932,13.158604970636302,151,,
2018,8,14,23,0,8.7,-177,0,6.7,0,0.0,0,0.0,0,1018.1,314.4788392729212,15.65798751912915,154,,
2018,8,15,0,0,8.6,-147,0,6.5,0,0.0,0,0.0,0,1018.4,313.7811764847533,16.27248926829308,150,,
2018,8,15,1,0,8.4,-125,0,6,0,0.0,0,0.0,0,1018.7,313.0526228682453,18.999966797046763,142,,
2018,8,15,2,0,8.1,-109,0,5.6,0,0.0,0,0.0,0,1018.9,311.9273078354139,20.28978180959768,132,,
2018,8,15,3,0,7.9,-97,0,5.3,0,0.0,0,0.0,0,1019.3,309.9237252924287,21.282175388466328,121,,
2018,8,15,4,0,7.5,-87,0,5.1,0,0.0,0,0.0,0,1019.9,319.9706226075319,23.319332287505866,110,,
2018,8,15,5,0,7.2,-78,0,5,0,0.0,0,0.0,0,1020.4,340.6667112511004,15.846224928250257,98,,
2018,8,15,6,0,7.4,-68,0,5,14,0.0,18,0.0,0,1020.9,337.7128433659563,15.417120655781304,88,,
2018,8,15,7,0,8,-58,0,5.1,45,28.0,134,17.0,0,1021.3,336.18471225194673,16.11322002977243,77,,
2018,8,15,8,0,8.6,-45,0.6,5.2,64,35.0,269,75.17934347800144,0,1021.6,334.2657583515131,17.431807769914364,69,,
2018,8,15,9,0,9.1,-31,31.6,5.3,266,16.0,50,100.92214831679688,0,1021.6,333.1543393623869,19.99721668963132,61,,
2018,8,15,10,0,9.5,-15,6.6,5.4,135,21.0,369,148.1551559087046,0,1021.3,336.98748986360573,19.139327873341625,57,,
2018,8,15,11,0,9.8,2,4.7,5.4,124,16.0,411,156.37985818782522,0,1020.9,342.2089095153907,21.18141773013388,56,,
2018,8,15,12,0,10,19,0,5.4,78,34.0,445,211.206621579526,0,1020.5,346.77044574594925,20.086794669854385,58,,
2018,8,15,13,0,10,35,0.1,5.5,73,31.0,361,190.25496227060307,0,1020.1,353.2794762502403,19.88148281994812,63,,
2018,8,15,14,0,10.1,48,34.1,5.5,161,24.0,42,142.98674826565744,0,1019.7,358.59520576354026,17.42735707371478,70,,
2018,8,15,15,0,9.9,60,39,5.6,86,26.0,0,103.3311190703268,0,1019.5,358.5613101666551,14.527528823695278,79,,
2018,8,15,16,0,9.5,70,4.4,5.8,11,23.0,2,48.92104549462736,0,1019.5,358.32038993229304,14.101761887849957,90,,
2018,8,15,17,0,9,80,0,5.9,0,1.0,0,2.090347328205456,0,1019.5,357.95364506428734,13.715289694006955,101,,
2018,8,15,18,0,8.7,90,0,6.1,0,0.0,0,0.0,0,1019.3,352.7820216236616,13.04601235878593,112,,
2018,8,15,19,0,8.4,100,19.7,6.2,0,0.0,0,0.0,0,1018.9,351.158774158678,11.478180056553382,123,,
2018,8,15,20,0,8.2,112,43,6.3,0,0.0,0,0.0,0,1018.4,340.7295024793244,12.224475770272942,134,,
2018,8,15,21,0,8.2,129,43,6.6,0,0.0,0,0.0,0,1017.9,347.1247568609848,12.90227545484253,144,,
2018,8,15,22,0,8.6,153,50.3,7,0,0.0,0,0.0,0,1017.2,356.9423082903802,12.508775153395453,151,,
2018,8,15,23,0,9,-176,59,7.5,0,0.0,0,0.0,0,1016.5,1.772428918610785,11.87164667115292,153,,
2018,8,16,0,0,9.2,-147,59,7.9,0,0.0,0,0.0,0,1015.8,7.00096580814062,11.301056453387964,150,,
2018,8,16,1,0,9.2,-125,65,8.1,0,0.0,0,0.0,0,1015.1,7.872392742402269,10.969346589929795,142,,
2018,8,16,2,0,9.3,-109,73.3,8.3,0,0.0,0,0.0,0,1014.4,14.68972260246403,10.94945477147235,132,,
2018,8,16,3,0,9.4,-98,73.2,8.4,0,0.0,0,0.0,0,1013.7,21.822219090586827,10.85973248064878,121,,
2018,8,16,4,0,9.6,-88,73.3,8.5,0,0.0,0,0.0,0,1013.1,21.16357436029193,10.181323384769271,109,,
2018,8,16,5,0,9.8,-78,73.1,8.5,0,0.0,0,0.0,0,1012.5,14.314203924243088,8.702548276739394,98,,
2018,8,16,6,0,10.1,-68,51.8,8.7,15,0.0,0,0.0,0,1012,1.2587963657248338,8.646129572439019,87,,
2018,8,16,7,0,10.6,-58,25.4,9,95,77.0,33,21.000000000000004,0,1011.5,2.0030213552006444,9.0106325821925,77,,
2018,8,16,8,0,11.2,-46,43,9.3,156,193.0,29,125.4121560582294,0,1011,2.6870117786430114,8.566791997139948,68,,
2018,8,16,9,0,11.4,-32,44,9.5,184,368.0,64,269.89527464995695,0,1010.1,13.822611400349103,10.068436704647606,61,,
2018,8,16,10,0,11.3,-15,50.2,9.5,243,564.0,17,407.500861378644,0,1008.8,14.055149029770348,11.664389138780637,57,,
2018,8,16,11,0,11.3,2,77.7,9.6,122,588.0,0,486.6780213413021,0,1007.6,13.615915790521967,12.196033133916396,55,,
2018,8,16,12,0,11.2,19,79.8,9.6,101,574.0000000000001,0,508.8479356063411,0,1006.4,15.296689581459988,12.159033669901763,57,,
2018,8,16,13,0,11,35,94.2,9.7,24,571.0000000000001,0,490.3070652260709,0,1005.3,15.16288497540006,12.410322815591073,63,,
2018,8,16,14,0,10.9,49,79.1,9.8,59,547.0,0,420.4470198120547,0,1004.2,16.028779940218442,11.98244149378233,70,,
2018,8,16,15,0,10.8,60,60.1,9.9,44,423.0,0,281.7002020078701,0,1003.2,16.190657963868375,11.641649201158618,79,,
2018,8,16,16,0,10.8,71,59.3,10,3,247.0,0,123.45773376067665,0,1002.3,15.514218972761,10.824325649101176,90,,
2018,8,16,17,0,10.7,80,41.9,10.1,0,15.0,0,5.402536961974796,0,1001.4,15.686244101952925,9.00099849791377,101,,
2018,8,16,18,0,10.5,90,42.5,9.7,0,0.0,0,0.0,0,1000.6,8.550922353986437,7.44629765144228,112,,
2018,8,16,19,0,10,100,22.9,8.8,0,0.0,0,0.0,0,1000,357.6347796433663,7.418429392030803,123,,
2018,8,16,20,0,9.5,113,0,7.9,0,0.0,0,0.0,0,999.4,356.1700140915524,7.602428124316022,134,,
2018,8,16,21,0,8.8,129,0,7.1,0,0.0,0,0.0,0,999.1,357.0281362675947,7.383709537162105,144,,
2018,8,16,22,0,7.9,153,0,6.4,0,0.0,0,0.0,0,999.1,0.3766020132902099,6.797265973301297,151,,
2018,8,16,23,0,7.1,-176,0,5.8,0,0.0,0,0.0,0,999,0.7242508384973689,6.5476422372423855,153,,
2018,8,17,0,0,6.4,-147,0,5,0,0.0,0,0.0,0,999.3,354.3646026943651,6.404488540019709,149,,
2018,8,17,1,0,5.7,-125,0,4.1,0,0.0,0,0.0,0,999.7,348.4707891180296,6.618154070090824,141,,
2018,8,17,2,0,5.1,-110,0,3.2,0,0.0,0,0.0,0,1000.2,351.9307530143079,6.924022509344097,131,,
2018,8,17,3,0,4.8,-98,0,2.7,0,0.0,0,0.0,0,1000.7,349.465415573286,6.605974395726875,120,,
2018,8,17,4,0,4.8,-88,0,2.6,0,0.0,0,0.0,0,1001.2,343.16278530037715,6.147059760058724,109,,
2018,8,17,5,0,4.8,-78,0,2.4,0,0.0,0,0.0,0,1001.8,339.9202721337828,6.530755932386455,98,,
2018,8,17,6,0,5.1,-68,16.6,2.4,16,0.0,2,0.0,0,1002.3,342.9922048912141,6.218244158237376,87,,
2018,8,17,7,0,5.7,-58,12.1,2.7,90,40.0,46,17.000000000000004,0,1002.9,342.3744838254638,4.628921579585063,77,,
2018,8,17,8,0,6.3,-46,4.5,2.9,133,96.0,164,97.0602683157419,0,1003.5,339.5547112102312,4.538067510020318,68,,
2018,8,17,9,0,6.6,-32,21.9,2.6,204,149.0,152,193.2118983739135,0,1003.9,333.34298135854584,4.625434855045156,61,,
2018,8,17,10,0,6.7,-15,11,1.9,162,183.0,317,292.49044231754306,0,1004,323.8633865397037,4.349477299165407,56,,
2018,8,17,11,0,6.7,2,29.6,1.2,114,256.0,283,377.4563692016991,0,1004.1,316.5863932758804,6.653600734152243,55,,
2018,8,17,12,0,6.7,19,31.2,0.8,162,132.0,199,320.7653668163833,0,1004.2,320.0181888736733,9.877798181960491,57,,
2018,8,17,13,0,6.8,35,20.9,0.7,154,53.0,197,226.96273375714568,0,1004.2,310.7120018897462,8.538183734206742,62,,
2018,8,17,14,0,6.9,49,36.9,0.7,100,58.0,107,194.4462870456917,0,1004.3,312.7340966650867,10.304609135003686,70,,
2018,8,17,15,0,6.8,61,17.4,0.6,56,53.0,58,132.4667462685051,0,1004.7,315.1909852243597,12.533261111593314,79,,
2018,8,17,16,0,6.5,71,2,0.5,10,31.0,5,55.1996138256949,0,1005.3,314.85669836371346,11.872042342831824,89,,
2018,8,17,17,0,6.3,81,0,0.5,0,2.0,0,2.1933510833245125,0,1005.8,309.2786381038171,12.338294320494205,100,,
2018,8,17,18,0,5.9,90,0,0.5,0,0.0,0,0.0,0,1006.4,306.0689552821425,12.58897415599811,112,,
2018,8,17,19,0,5.5,101,0,0.5,0,0.0,0,0.0,0,1006.8,295.7750157368947,13.51694017747777,123,,
2018,8,17,20,0,5.1,113,0,0.5,0,0.0,0,0.0,0,1007.3,297.3539342295528,14.88480161055102,134,,
2018,8,17,21,0,5,130,0,0.5,0,0.0,0,0.0,0,1007.6,298.3676523792162,14.657866262775064,143,,
2018,8,17,22,0,5.2,153,0,0.6,0,0.0,0,0.0,0,1007.9,315.42288383818004,13.96384029811354,150,,
2018,8,17,23,0,5.5,-176,0,0.6,0,0.0,0,0.0,0,1008.1,311.35446099882864,12.820500783333872,153,,
2018,8,18,0,0,5.6,-147,0,0.6,0,0.0,0,0.0,0,1008.3,323.17811844505513,11.128568360972546,149,,
2018,8,18,1,0,5.5,-125,0,0.5,0,0.0,0,0.0,0,1008.5,345.97367428335474,10.946492691725684,141,,
2018,8,18,2,0,5.4,-110,0,0.4,0,0.0,0,0.0,0,1008.6,354.7932230283859,8.307472720111434,131,,
2018,8,18,3,0,5.4,-98,0,0.3,0,0.0,0,0.0,0,1009,346.5353788538838,8.813790074740064,120,,
2018,8,18,4,0,5.5,-88,0,0.3,0,0.0,0,0.0,0,1009.5,357.0681510031932,8.429490561743556,109,,
2018,8,18,5,0,5.5,-78,0,0.4,0,0.0,0,0.0,0,1010,2.7454080407928814,8.466260301247738,98,,
2018,8,18,6,0,6,-69,0.3,0.8,20,0.0,16,0.0,0,1010.5,3.2864056558642574,7.921230011514923,87,,
2018,8,18,7,0,6.8,-58,0.1,1.6,58,50.0,125,21.000000000000004,0,1011.1,359.6109292372826,8.269233622576063,77,,
2018,8,18,8,0,7.6,-46,0.2,2.5,78,54.0,262,89.71716301391618,0,1011.7,357.6496048798235,7.125867966437006,68,,
2018,8,18,9,0,8.2,-32,28.5,2.8,223,91.0,108,179.2620641853085,0,1011.9,354.4154759164604,5.674883798426261,61,,
2018,8,18,10,0,8.4,-15,29.9,2.6,220,106.0,166,253.705668023786,0,1011.9,336.26919261680047,6.0568025746324174,56,,
2018,8,18,11,0,8.7,2,33,2.3,294,101.0,88,290.31225325336374,0,1011.8,332.2844774802126,9.510883687861838,55,,
2018,8,18,12,0,8.9,20,40.2,2.3,240,96.0,77,297.54312569756183,0,1011.7,331.42909404441167,10.555948573179831,57,,
2018,8,18,13,0,9,35,9.3,2.6,147,77.0,255,259.86992582205187,0,1011.7,335.0030847740022,9.136580265165025,62,,
2018,8,18,14,0,9.1,49,9.8,2.8,95,33.0,191,163.89110729091547,0,1011.7,349.3109149555693,11.250142440953784,70,,
2018,8,18,15,0,9,61,28.6,3,73,21.0,34,97.58691570804903,0,1011.9,0.493274794164563,8.450752634044271,79,,
2018,8,18,16,0,8.7,71,2.9,3.1,12,14.0,5,42.75282052707642,0,1012.4,359.89349215140624,7.617444801875489,89,,
2018,8,18,17,0,8.5,81,0,3.2,0,2.0,0,3.1997313916817203,0,1012.8,0.80130144289285,6.93060940842823,100,,
2018,8,18,18,0,7.9,90,0,3.2,0,0.0,0,0.0,0,1013.2,6.78902626415811,6.398134128891593,111,,
2018,8,18,19,0,7,101,0,3.1,0,0.0,0,0.0,0,1013.7,5.089093421444659,6.5284207846329085,123,,
2018,8,18,20,0,6.1,114,0,3,0,0.0,0,0.0,0,1014.1,12.99595278607552,6.278242852722141,134,,
2018,8,18,21,0,5.8,130,0,3.1,0,0.0,0,0.0,0,1014.3,25.479074265053555,5.16168031558391,143,,
2018,8,18,22,0,6.1,154,0,3.4,0,0.0,0,0.0,0,1014.4,30.480775563264785,4.842871733996944,150,,
2018,8,18,23,0,6.3,-176,0,3.7,0,0.0,0,0.0,0,1014.5,38.69178179951422,5.329354197543293,152,,
2018,8,19,0,0,6.4,-147,0,3.8,0,0.0,0,0.0,0,1014.5,41.811118106536014,4.788499167386982,149,,
2018,8,19,1,0,6.3,-126,0,3.8,0,0.0,0,0.0,0,1014.7,36.88508489031472,2.9473633847919616,141,,
2018,8,19,2,0,6.1,-110,0,3.8,0,0.0,0,0.0,0,1014.8,31.92672708281032,2.2621245604874733,131,,
2018,8,19,3,0,6,-98,0,3.7,0,0.0,0,0.0,0,1015,52.59509542769888,2.8917764586970205,120,,
2018,8,19,4,0,5.8,-88,0,3.6,0,0.0,0,0.0,0,1015.2,64.93077377203417,4.521389683829773,109,,
2018,8,19,5,0,5.6,-79,0,3.5,0,0.0,0,0.0,0,1015.5,69.49099989500871,8.212942370456972,97,,
2018,8,19,6,0,6,-69,7.2,3.6,26,0.0,10,0.0,0,1015.8,76.8090384527465,10.311373114427216,87,,
2018,8,19,7,0,7.1,-58,38.2,3.9,118,80.0,5,24.000000000000004,0,1016.2,79.60855167622145,9.737344720505847,76,,
2018,8,19,8,0,8.3,-46,17.2,4.2,138,166.0,166,126.5636493099321,0,1016.5,82.94991079096354,11.87912193084976,67,,
2018,8,19,9,0,9.1,-32,26.7,4.2,218,326.0,132,268.38085200863725,0,1016.6,80.90603932405685,12.298630953791358,60,,
2018,8,19,10,0,9.6,-15,39.8,4,326,523.0,13,413.8885146995827,0,1016.3,78.21794024540861,15.82810537293734,56,,
2018,8,19,11,0,10.1,2,32,3.7,320,603.0,77,512.126936614023,0,1016.1,74.45041213337572,16.252832057728188,54,,
2018,8,19,12,0,10.4,20,34.8,3.6,293,628.0,66,550.2508397883365,0,1015.9,71.10891373058246,16.234054463134566,57,,
2018,8,19,13,0,10.4,36,44.7,3.7,240,594.0,9,519.0571820422088,0,1015.7,72.91100502091439,14.826726923917388,62,,
2018,8,19,14,0,10.4,49,33.5,3.8,195,530.0,18,431.4954674733076,0,1015.6,73.31813353190603,13.569635046002391,69,,
2018,8,19,15,0,10.1,61,15.2,3.9,72,454.0,56,306.4041906370747,0,1015.5,74.70833277274926,12.453605443955366,79,,
2018,8,19,16,0,9.4,71,3.8,4.2,13,261.0,4,135.8941215804885,0,1015.6,76.15033933038796,11.109860335853329,89,,
2018,8,19,17,0,8.8,81,0,4.4,0,31.0,0,9.195234366951356,0,1015.7,78.95022495283996,9.437659612783785,100,,
2018,8,19,18,0,7.7,91,0,4.2,0,0.0,0,0.0,0,1015.9,81.22301255025877,7.348751041310408,111,,
2018,8,19,19,0,6.3,101,0,3.7,0,0.0,0,0.0,0,1016.2,83.10220660693699,6.734781722069518,123,,
2018,8,19,20,0,5,114,0,3.1,0,0.0,0,0.0,0,1016.5,80.28987213081001,5.8464535308980565,133,,
2018,8,19,21,0,4.5,131,0,2.9,0,0.0,0,0.0,0,1016.5,71.80810933132625,5.605372879324976,143,,
2018,8,19,22,0,4.8,154,0,3,0,0.0,0,0.0,0,1016.3,61.84590384019271,5.968928389355039,150,,
2018,8,19,23,0,5.2,-176,0,3,0,0.0,0,0.0,0,1016.1,66.26172865196725,6.936210967927005,152,,
2018,8,20,0,0,5.6,-148,0,3.3,0,0.0,0,0.0,0,1015.9,68.47525197040318,5.802366924945843,148,,
2018,8,20,1,0,5.9,-126,0,3.6,0,0.0,0,0.0,0,1015.6,70.58444442736732,8.399794961209349,141,,
2018,8,20,2,0,6.2,-111,0,4,0,0.0,0,0.0,0,1015.3,65.6564091961884,6.309514524741338,131,,
2018,8,20,3,0,6.5,-99,0,4.2,0,0.0,0,0.0,0,1015.1,30.455962617255807,3.552705920893476,120,,
2018,8,20,4,0,6.7,-88,0,4.4,0,0.0,0,0.0,0,1014.9,12.489194171169288,3.638590903412717,108,,
2018,8,20,5,0,6.9,-79,0,4.6,0,0.0,0,0.0,0,1014.7,345.9161035564996,5.624388878791744,97,,
2018,8,20,6,0,7.4,-69,20.8,4.9,22,0.0,2,0.0,0,1014.7,358.61020087434065,5.636912151569106,86,,
2018,8,20,7,0,8.3,-58,64.9,5.4,64,13.0,0,16.0,0,1014.8,345.9766211469599,5.274380211102619,76,,
2018,8,20,8,0,9.2,-46,61.5,5.9,136,5.0,0,32.85363588247828,0,1014.9,352.1657215481459,4.895053369876026,67,,
2018,8,20,9,0,9.9,-32,67.3,6.1,151,5.0,0,59.65568846035238,0,1014.6,340.4154501711941,6.153088377441099,60,,
2018,8,20,10,0,10.4,-15,24.9,6.1,207,5.0,207,87.29850802139892,0,1014,331.15259660037015,5.540847410029335,55,,
2018,8,20,11,0,10.9,2,38.7,6.1,299,14.0,50,153.66209374179513,0,1013.3,321.0510411222928,5.628656412228059,54,,
2018,8,20,12,0,11.2,20,47.9,6.2,255,24.0,23,196.10866909256677,0,1012.7,321.4324504491371,6.393333537278588,56,,
2018,8,20,13,0,11.1,36,48.3,6.4,215,130.0,20,313.2213547428805,0,1012.2,319.5643806647797,5.9526368989866985,62,,
2018,8,20,14,0,11.1,50,22.7,6.6,121,177.0,111,292.07988590412094,0,1011.7,334.80642265646804,9.274040932051662,69,,
2018,8,20,15,0,10.9,61,1.6,6.6,53,50.0,95,137.83415085381387,0,1011.3,6.61064198082272,11.789074194354406,79,,
2018,8,20,16,0,10.4,72,1,6.7,11,55.0,8,75.1362293810049,0,1011.2,23.67883768622505,9.473598236753864,89,,
2018,8,20,17,0,9.9,81,0.1,6.7,0,10.0,0,7.062938475861609,0,1011.1,25.435957185265465,8.915213324224405,100,,
2018,8,20,18,0,9.6,91,0,6.7,0,0.0,0,0.0,0,1010.9,16.765750088575942,7.675640580536021,111,,
2018,8,20,19,0,9.5,102,23.7,6.6,0,0.0,0,0.0,0,1010.7,14.570629589407249,8.304186489175992,122,,
2018,8,20,20,0,9.4,114,43,6.5,0,0.0,0,0.0,0,1010.4,10.227526491974857,8.38196522109554,133,,
2018,8,20,21,0,9.6,131,49.2,6.6,0,0.0,0,0.0,0,1010.1,8.61018734764724,8.595654231554114,143,,
2018,8,20,22,0,10.2,154,56.9,6.8,0,0.0,0,0.0,0,1009.6,4.972568334065329,8.356892190307438,150,,
2018,8,20,23,0,10.7,-176,65.5,6.9,0,0.0,0,0.0,0,1009.1,357.3116030715493,7.510952145185451,152,,
2018,8,21,0,0,11.2,-148,68.1,7,0,0.0,0,0.0,0,1008.6,359.6579584999631,6.666134408227244,148,,
2018,8,21,1,0,11.6,-126,62.5,7,0,0.0,0,0.0,0,1008.2,2.2224919404308707,7.296504274708038,140,,
2018,8,21,2,0,11.9,-111,74.4,7,0,0.0,0,0.0,0,1007.7,3.302682632239509,6.903311272487207,130,,
2018,8,21,3,0,12.2,-99,71.3,7,0,0.0,0,0.0,0,1007.2,355.609662657142,7.051452964001284,119,,
2018,8,21,4,0,12.4,-89,80.7,7,0,0.0,0,0.0,0,1006.7,357.0028524252613,7.662336479825633,108,,
2018,8,21,5,0,12.5,-79,71.6,7,0,0.0,0,0.0,0,1006.3,3.416937014208088,8.364479303405867,97,,
2018,8,21,6,0,12.4,-69,60.4,7.5,10,0.0,0,0.0,0,1006.1,2.395978427249929,8.356915267135223,86,,
2018,8,21,7,0,12,-59,90.4,8.4,16,58.0,0,28.04986647449287,0,1006.4,353.9648580840964,9.160635217048137,76,,
2018,8,21,8,0,11.6,-46,92.2,9.2,26,139.0,0,126.3903561877954,0,1006.6,353.39880033221687,9.132075587581188,67,,
2018,8,21,9,0,11.7,-32,94.3,9.6,27,166.0,0,224.7772004774451,0,1006.2,354.610533195067,8.473739593455576,60,,
2018,8,21,10,0,12.1,-15,92.8,9.3,38,265.0,0,331.1176296208339,0,1005.3,8.540448673648996,10.1432373490829,55,,
2018,8,21,11,0,12.5,2,88,9.1,66,328.0,0,412.0963223887644,0,1004.4,16.402499254116606,10.782074266520246,54,,
2018,8,21,12,0,12.6,20,91.9,9,41,382.0,0,456.3540470835521,0,1003.6,22.684878951851545,11.684690515176486,56,,
2018,8,21,13,0,12.3,36,91.9,9,34,361.0,0,427.5004810717173,0,1003,20.344216348693635,11.523774091039757,61,,
2018,8,21,14,0,12.1,50,90.2,9.1,27,352.0,0,365.6023589536108,0,1002.3,28.55263650676102,11.17865826276171,69,,
2018,8,21,15,0,11.8,62,83.3,9.3,19,297.0,0,255.9166575884604,0,1001.9,39.79266246088275,9.85090021785708,78,,
2018,8,21,16,0,11.6,72,58.3,9.6,6,198.0,0,123.20143814968708,0,1001.6,48.05052276428199,8.761999026274523,89,,
2018,8,21,17,0,11.3,82,62.2,10,0,26.0,0,9.847784520710468,0,1001.2,56.74358859343732,7.97126742970782,100,,
2018,8,21,18,0,11.3,91,66.5,10.1,0,0.0,0,0.0,0,1000.9,58.34313815851624,7.092127765740972,111,,
2018,8,21,19,0,11.4,102,68.6,10,0,0.0,0,0.0,0,1000.6,67.73400515142595,7.385939397099467,122,,
2018,8,21,20,0,11.5,115,72.9,9.9,0,0.0,0,0.0,0,1000.3,70.10018591510493,7.20278915400166,133,,
2018,8,21,21,0,11.6,131,73,9.8,0,0.0,0,0.0,0,1000,74.65746236400469,7.901218475613246,142,,
2018,8,21,22,0,11.7,155,58.8,9.9,0,0.0,0,0.0,0,999.8,76.59635127395597,5.288084477840937,149,,
2018,8,21,23,0,11.7,-176,42.5,10,0,0.0,0,0.0,0,999.6,62.59912957521851,5.419001656158766,151,,
2018,8,22,0,0,11.6,-148,30.5,10,0,0.0,0,0.0,0,999.5,65.45163185446796,5.953943236380916,148,,
2018,8,22,1,0,11.5,-126,11.6,10,0,0.0,0,0.0,0,999.6,65.4635432342223,4.568022723308855,140,,
2018,8,22,2,0,11.3,-111,44.4,10,0,0.0,0,0.0,0,999.7,70.4795629602263,5.375369796673768,130,,
2018,8,22,3,0,11.2,-99,14.6,10,0,0.0,0,0.0,0,1000,72.2170634993854,6.072105236272674,119,,
2018,8,22,4,0,11.1,-89,33.6,10,0,0.0,0,0.0,0,1000.4,81.82099438657065,6.715030944948906,108,,
2018,8,22,5,0,11.1,-79,40.2,10,0,0.0,0,0.0,0,1000.8,90.32621771457804,7.1610047399038805,97,,
2018,8,22,6,0,11.3,-69,55.9,10.1,14,0.0,0,0.0,0,1001.2,100.66511522202428,6.615747527049635,86,,
2018,8,22,7,0,11.7,-59,41.2,10.4,112,37.0,5,25.176526235807387,0,1001.8,109.4474567672446,4.390893574981535,76,,
2018,8,22,8,0,12.2,-47,66.1,10.7,118,175.0,0,130.54778130002592,0,1002.4,124.61118018696692,4.266840506559926,67,,
2018,8,22,9,0,12.4,-32,49.7,10.8,233,528.0,4,320.0099920863994,0,1002.7,139.51200406730493,4.445970885422995,59,,
2018,8,22,10,0,12.2,-16,42.6,10.9,267,729.0,47,482.2882391307462,0,1002.7,139.35681459045412,3.513231013377637,55,,
2018,8,22,11,0,12.1,2,22.8,11,322,775.0,119,578.6660566741905,0,1002.7,134.01033194846957,3.1284129102680005,53,,
2018,8,22,12,0,12,20,31,11,287,777.0,84,614.0755280745562,0,1002.8,147.68272845421916,2.571982180562591,56,,
2018,8,22,13,0,11.9,36,48.8,10.8,210,747.0,21,584.9390263988104,0,1003,190.56419496738312,2.122648579032889,61,,
2018,8,22,14,0,11.8,50,36.5,10.6,139,702.0000000000001,48,502.1242863842569,0,1003.2,237.11142930476507,2.071796676973487,69,,
2018,8,22,15,0,11.5,62,38.2,10.4,91,575.0000000000001,6,351.0981787541639,0,1003.6,252.6859960590129,2.648065062585776,78,,
2018,8,22,16,0,11.1,72,48.9,10.2,10,275.0,0,143.65912799809598,0,1004.1,243.3433489337152,2.7317623190418336,89,,
2018,8,22,17,0,10.7,82,45.8,9.9,0,29.0,0,10.27062658252325,0,1004.6,239.86112234258863,1.8671666227953208,100,,
2018,8,22,18,0,10.4,92,43.6,9.7,0,0.0,0,0.0,0,1004.9,254.5120800394164,1.1172303945136155,111,,
2018,8,22,19,0,10.1,102,44.2,9.4,0,0.0,0,0.0,0,1005.2,325.920725839913,1.4752846693675523,122,,
2018,8,22,20,0,9.8,115,41.1,9.1,0,0.0,0,0.0,0,1005.4,318.1897537580387,2.156252888663748,133,,
2018,8,22,21,0,9.6,132,43.9,8.9,0,0.0,0,0.0,0,1005.5,330.6444161272842,1.7559980904138648,142,,
2018,8,22,22,0,9.7,155,23.2,9,0,0.0,0,0.0,0,1005.5,329.6524900184725,1.1055934013478934,149,,
2018,8,22,23,0,9.8,-176,0,9.1,0,0.0,0,0.0,0,1005.4,311.35569768041813,1.0076276328692853,151,,
2018,8,23,0,0,9.7,-148,0,9,0,0.0,0,0.0,0,1005.5,313.74157116904104,1.2341092221922487,147,,
2018,8,23,1,0,9.3,-127,0,8.6,0,0.0,0,0.0,0,1005.6,174.32834306740062,0.6077113305158423,140,,
2018,8,23,2,0,8.9,-111,0,8.2,0,0.0,0,0.0,0,1005.7,155.19980662143416,0.6239493121565445,130,,
2018,8,23,3,0,8.6,-99,0,7.9,0,0.0,0,0.0,0,1006,114.1714442097932,0.3398556762005777,119,,
2018,8,23,4,0,8.4,-89,0,7.7,0,0.0,0,0.0,0,1006.5,90.54991261128076,0.4070011676940288,108,,
2018,8,23,5,0,8.2,-79,0,7.5,0,0.0,0,0.0,0,1007,60.60488235732328,0.5506263677469645,96,,
2018,8,23,6,0,8.5,-70,0,7.6,21,0.0,32,0.0,0,1007.5,34.42714224639224,0.58427115961035,85,,
2018,8,23,7,0,9.4,-59,0,8,51,119.0,161,33.04875695250728,0,1008,90.28120402193156,0.7959080233318445,75,,
2018,8,23,8,0,10.3,-47,0.1,8.4,66,204.0,305,135.76725546124317,0,1008.5,85.54503039515572,0.5720408131504168,66,,
2018,8,23,9,0,10.7,-32,8.3,8.6,139,348.0,320,272.3724560597925,0,1008.7,83.91683850351194,0.5529180969511083,59,,
2018,8,23,10,0,10.6,-16,19.4,8.7,192,589.0,277,443.4854516072054,0,1008.7,93.48092879662192,0.4664367180206519,54,,
2018,8,23,11,0,10.6,3,5,8.7,130,682.0,442,549.2067408210827,0,1008.8,287.53320094163496,0.3679228379425746,53,,
2018,8,23,12,0,10.4,20,15,8.4,168,673.0,310,577.1506900053294,0,1009,274.36628157130554,1.4558855312854435,55,,
2018,8,23,13,0,10.3,37,20,7.9,176,658.0,205,553.6148387350922,0,1009.3,291.83505770151703,2.5475083599196737,61,,
2018,8,23,14,0,10.1,50,6.3,7.4,101,638.0,213,481.9961859212232,0,1009.6,288.3097439232651,3.2150156987905985,69,,
2018,8,23,15,0,9.7,62,0.1,6.8,45,458.0,124,315.2314560839487,0,1010.1,286.21767040674115,4.064825338820143,78,,
2018,8,23,16,0,9.1,73,0,6.2,11,186.0,13,121.19752866859906,0,1010.8,293.10693541501325,4.228386709173081,88,,
2018,8,23,17,0,8.5,82,0,5.6,0,32.0,0,11.713381247684428,0,1011.6,298.8465951131144,4.467707278903093,99,,
2018,8,23,18,0,8,92,0,4.9,0,0.0,0,0.0,0,1012.2,315.0568106848886,4.526797639364065,111,,
2018,8,23,19,0,7.5,103,0,4.2,0,0.0,0,0.0,0,1012.9,323.0425036147311,4.087944230896004,122,,
2018,8,23,20,0,7,115,0,3.5,0,0.0,0,0.0,0,1013.6,336.59799038188027,4.361189850709206,133,,
2018,8,23,21,0,6.7,132,0,3.2,0,0.0,0,0.0,0,1014,343.95721759878825,4.735190343364311,142,,
2018,8,23,22,0,6.6,155,0,3.3,0,0.0,0,0.0,0,1014.3,343.2978091963313,5.001789446338244,149,,
2018,8,23,23,0,6.6,-176,0,3.4,0,0.0,0,0.0,0,1014.6,341.52288169194867,4.930174409061984,151,,
2018,8,24,0,0,6.4,-148,0,3.3,0,0.0,0,0.0,0,1015,346.96296828918355,4.325856719582432,147,,
2018,8,24,1,0,6.2,-127,0,3.1,0,0.0,0,0.0,0,1015.3,322.1015665086642,1.5695399951074074,139,,
2018,8,24,2,0,6,-112,0,2.9,0,0.0,0,0.0,0,1015.7,320.09150077984003,1.2702429317179358,130,,
2018,8,24,3,0,5.8,-100,0,2.6,0,0.0,0,0.0,0,1016.2,322.8486147291185,1.222475690580476,119,,
2018,8,24,4,0,5.6,-89,0,2.3,0,0.0,0,0.0,0,1016.6,338.17172419851363,1.5469475160805988,107,,
2018,8,24,5,0,5.4,-80,0,2,0,0.0,0,0.0,0,1017.1,339.3158445581045,1.7763667345177492,96,,
2018,8,24,6,0,5.7,-70,0,1.9,20,0.0,40,0.0,0,1017.4,334.5422573415048,1.7175510733172172,85,,
2018,8,24,7,0,6.7,-59,0,1.9,46,146.0,183,35.89512034500912,0,1017.5,324.42523578818515,2.3676947122683574,75,,
2018,8,24,8,0,7.6,-47,0,1.9,57,330.0,335,160.71641208620977,0,1017.7,318.870015188331,2.869843087309726,66,,
2018,8,24,9,0,8.4,-32,0,1.9,63,613.0,458,343.1106105599623,0,1017.6,325.0414719812438,2.9425551563107373,59,,
2018,8,24,10,0,9,-16,0,2,66,725.0,535,491.65503663120217,0,1017.3,332.4353905873395,1.965265626910973,54,,
2018,8,24,11,0,9.7,3,0,2,66,761.0,557,584.3466236050641,0,1017,345.7230853279374,1.94533525016994,53,,
2018,8,24,12,0,10,21,0,2.1,64,763.0,521,618.9664337592903,0,1016.9,356.7355051563527,2.2636830524632705,55,,
2018,8,24,13,0,10.2,37,0,2.1,60,741.0,431,593.1205465193716,0,1016.8,294.48088725584034,2.915149404204172,60,,
2018,8,24,14,0,10.3,51,0,2,52,688.0,297,505.5686437428617,0,1016.7,287.5459814106267,2.7169829359041704,68,,
2018,8,24,15,0,9.9,62,0,2.2,39,586.0,141,363.3843777660236,0,1016.9,275.291719487002,3.306327773479248,78,,
2018,8,24,16,0,9,73,0,2.6,11,383.0,17,177.92761742482406,0,1017.2,268.8318779177347,3.928062421471704,88,,
2018,8,24,17,0,8.1,83,0,3,0,79.0,0,18.426132063622987,0,1017.6,270.23070280910764,3.2741964639366263,99,,
2018,8,24,18,0,7.2,92,0,3.2,0,0.0,0,0.0,0,1017.8,271.1499707573875,1.861214713357132,110,,
2018,8,24,19,0,6.2,103,0,3.2,0,0.0,0,0.0,0,1018,340.8180241464778,6.774304230002982,122,,
2018,8,24,20,0,5.2,116,0,3.3,0,0.0,0,0.0,0,1018.1,353.4396476482003,5.346532197773089,132,,
2018,8,24,21,0,4.8,133,0,3.4,0,0.0,0,0.0,0,1018.2,17.220355570208596,3.296195235840816,142,,
2018,8,24,22,0,4.9,156,0,3.5,0,0.0,0,0.0,0,1018.3,33.91602515272791,2.420941203587128,148,,
2018,8,24,23,0,5.1,-176,0,3.6,0,0.0,0,0.0,0,1018.4,22.13337366616236,1.6588638840355303,150,,
2018,8,25,0,0,5.1,-148,0,3.5,0,0.0,0,0.0,0,1018.4,8.651460162142541,1.111771185168481,147,,
2018,8,25,1,0,4.8,-127,0,3.5,0,0.0,0,0.0,0,1018.4,121.6520844787047,1.8088628020896445,139,,
2018,8,25,2,0,4.6,-112,0,3.4,0,0.0,0,0.0,0,1018.5,127.29308111113244,1.560198805930154,129,,
2018,8,25,3,0,4.4,-100,0,3.3,0,0.0,0,0.0,0,1018.6,127.46822786217724,0.9772505510689232,118,,
2018,8,25,4,0,4.3,-90,0,3.2,0,0.0,0,0.0,0,1018.8,53.31363260539996,0.6554721127447681,107,,
2018,8,25,5,0,4.2,-80,0,3.1,0,0.0,0,0.0,0,1019,3.898459875283038,1.0916372602205202,96,,
2018,8,25,6,0,5,-70,0,3.5,21,0.0,43,0.0,0,1019.2,350.1091737502935,1.9159279121752604,85,,
2018,8,25,7,0,6.7,-59,0,4.2,45,61.0,187,32.0532330665961,0,1019.4,325.37922264702223,2.271916211474625,75,,
2018,8,25,8,0,8.4,-47,0,4.9,57,125.0,340,122.37741051603837,0,1019.6,339.14517072469545,3.3534916303128366,66,,
2018,8,25,9,0,9.4,-32,0,5,63,174.0,463,223.93978931747725,0,1019.6,346.5190474304978,4.454018285734362,58,,
2018,8,25,10,0,9.7,-16,0,4.6,66,181.0,537,302.7083026624508,0,1019.3,343.9404467965831,3.753411688166029,54,,
2018,8,25,11,0,10.1,3,0,4.1,67,569.0000000000001,556,521.3385891968161,0,1019.1,335.5553178357829,4.77467577991936,52,,
2018,8,25,12,0,10.3,21,0,3.9,67,658.0,517,584.4041023646125,0,1018.9,322.5719373284422,5.267925750271803,55,,
2018,8,25,13,0,10.4,37,0,3.9,63,666.0,426,570.401100003841,0,1018.8,307.77579149192763,5.157627066324232,60,,
2018,8,25,14,0,10.5,51,0,3.8,57,676.0,292,509.0056001200515,0,1018.8,308.94086986813323,5.402014760269809,68,,
2018,8,25,15,0,10.3,63,0,3.9,43,569.0000000000001,137,363.2819965975088,0,1018.9,314.054599426537,5.69181049406294,78,,
2018,8,25,16,0,9.7,73,0,4.1,12,367.0,17,178.62488325917872,0,1019.3,309.9937589501181,5.634153251494684,88,,
2018,8,25,17,0,9.1,83,0,4.3,0,79.0,0,19.68573361917209,0,1019.6,308.20266106683454,5.983063895322843,99,,
2018,8,25,18,0,8.2,93,0,4.4,0,0.0,0,0.0,0,1020,316.0194931842635,6.840303855422432,110,,
2018,8,25,19,0,7.1,103,0,4.3,0,0.0,0,0.0,0,1020.2,333.6017359475919,6.638791668207539,122,,
2018,8,25,20,0,5.9,116,0,4.2,0,0.0,0,0.0,0,1020.5,355.33437403015097,5.77181121881807,132,,
2018,8,25,21,0,5.5,133,0,4.1,0,0.0,0,0.0,0,1020.7,10.975655172812536,5.867831427214567,141,,
2018,8,25,22,0,5.8,156,0,4,0,0.0,0,0.0,0,1020.7,12.880364533584611,6.974318396513545,148,,
2018,8,25,23,0,6.1,-176,0,3.9,0,0.0,0,0.0,0,1020.7,13.968261888139295,7.735328665613847,150,,
2018,8,26,0,0,6.2,-148,0,3.8,0,0.0,0,0.0,0,1020.6,7.804869634401598,7.664014693644799,146,,
2018,8,26,1,0,6.2,-127,0,3.8,0,0.0,0,0.0,0,1020.5,3.971884706323806,8.561334440160504,139,,
2018,8,26,2,0,6.2,-112,0,3.8,0,0.0,0,0.0,0,1020.4,0.5174038690249745,7.624090159962105,129,,
2018,8,26,3,0,6.2,-100,0,3.8,0,0.0,0,0.0,0,1020.4,353.87116966459405,7.454717949713311,118,,
2018,8,26,4,0,6.1,-90,0,3.8,0,0.0,0,0.0,0,1020.5,350.7149241904551,7.408345087100711,107,,
2018,8,26,5,0,6.1,-80,0,3.8,0,0.0,0,0.0,0,1020.6,357.5790576814377,7.005031586772543,96,,
2018,8,26,6,0,6.8,-70,0,4,23,0.0,43,0.0,0,1020.6,350.440322133225,6.590297726300723,85,,
2018,8,26,7,0,8.3,-59,0,4.6,49,32.0,187,28.69324308937531,0,1020.4,348.53224574660544,6.935575755345752,74,,
2018,8,26,8,0,9.7,-47,0,5.1,60,114.0,338,122.8045682538158,0,1020.3,345.21229861889304,6.871644206766338,65,,
2018,8,26,9,0,10.6,-32,0,5.3,69,192.0,457,236.3272436483727,0,1019.9,339.0977855178036,6.034844276241134,58,,
2018,8,26,10,0,10.9,-16,1.5,5.2,91,326.0,503,376.62991468535904,0,1019.3,338.28261412476434,6.832108777992938,53,,
2018,8,26,11,0,11.2,3,18.5,5.1,270,440.0,239,482.7724423478129,0,1018.7,343.1901284162621,8.393062006774846,52,,
2018,8,26,12,0,11.4,21,31.9,5.1,334,363.0,65,471.7387791021526,0,1018.1,345.20782151523264,8.962814846121638,54,,
2018,8,26,13,0,11.4,37,10.8,5.2,165,213.0,270,374.027859503164,0,1017.6,336.4612450192068,11.171790513472777,60,,
2018,8,26,14,0,11.4,51,12.7,5.3,140,67.0,158,216.5620152029317,0,1017.1,341.5306458026253,11.442645101266908,68,,
2018,8,26,15,0,11.1,63,1.3,5.5,52,62.0,125,153.29895772502866,0,1016.9,337.8720982832062,12.904584772597392,77,,
2018,8,26,16,0,10.5,73,15.8,5.7,19,75.0,4,91.26673131299088,0,1017,39.77971600723447,11.845350658082054,88,,
2018,8,26,17,0,9.9,83,0,6,0,25.0,0,12.147513191978494,0,1017,40.16946455487141,10.818177956697175,99,,
2018,8,26,18,0,9.6,93,0,6.3,0,0.0,0,0.0,0,1016.9,38.83872756811803,10.866864307240556,110,,
2018,8,26,19,0,9.5,104,0,6.6,0,0.0,0,0.0,0,1016.7,35.444828860690166,9.42220135656544,121,,
2018,8,26,20,0,9.4,117,0,7,0,0.0,0,0.0,0,1016.5,32.632929153780424,9.366222748695764,132,,
2018,8,26,21,0,9.3,133,0,7.1,0,0.0,0,0.0,0,1016.1,34.597342890290065,9.506255929081036,141,,
2018,8,26,22,0,9.2,156,0,7,0,0.0,0,0.0,0,1015.6,35.484722138896416,8.659317554130523,148,,
2018,8,26,23,0,9.2,-176,0,7,0,0.0,0,0.0,0,1015,35.418680951607826,8.88229235063093,150,,
2018,8,27,0,0,9.1,-149,0,7,0,0.0,0,0.0,0,1014.5,43.56886374491933,10.043324096636718,146,,
2018,8,27,1,0,8.9,-128,24.6,7.1,0,0.0,0,0.0,0,1014,45.38485505703386,9.792165171669447,139,,
2018,8,27,2,0,8.7,-112,51.8,7.2,0,0.0,0,0.0,0,1013.5,49.93371498774235,9.466387186379883,129,,
2018,8,27,3,0,8.6,-100,49.5,7.2,0,0.0,0,0.0,0,1013.3,53.643631950381575,8.111995743948386,118,,
2018,8,27,4,0,8.5,-90,50.5,7.2,0,0.0,0,0.0,0,1013.2,52.51608114162656,7.554437706179664,107,,
2018,8,27,5,0,8.5,-80,42.5,7.2,0,0.0,0,0.0,0,1013.2,50.15921924440056,6.867041789170059,95,,
2018,8,27,6,0,8.9,-70,43.1,7.5,37,0.0,0,0.0,0,1013.2,48.01774174364465,7.345383036424299,84,,
2018,8,27,7,0,9.8,-60,44.3,8,129,104.0,0,41.72133143492785,0,1013.3,52.13940853542204,10.144045662816469,74,,
2018,8,27,8,0,10.8,-47,44.2,8.6,216,239.0,1,160.02127572329127,0,1013.3,51.39561872866233,9.577581573802105,65,,
2018,8,27,9,0,11.4,-33,38.8,8.8,305,377.0,11,304.06610254819986,0,1013.1,53.57901007164617,6.842934638272722,58,,
2018,8,27,10,0,11.7,-16,48.8,8.7,255,438.0,51,409.7136579396047,0,1012.6,52.71260822004336,4.992320033599099,53,,
2018,8,27,11,0,12,3,55.6,8.7,247,441.0,26,474.5571338582174,0,1012.1,58.03727843292848,5.004868330771731,52,,
2018,8,27,12,0,12.1,21,39.1,8.7,253,434.0,95,494.592467581801,0,1011.8,74.1666341821429,5.128159880534026,54,,
2018,8,27,13,0,11.8,38,16.7,8.8,183,436.0,222,476.1070434639103,0,1011.6,74.46291895755672,5.599899114185371,60,,
2018,8,27,14,0,11.6,51,3.4,8.9,87,438.0,249,416.8920501801282,0,1011.3,93.62882660712556,5.319258805400841,68,,
2018,8,27,15,0,11.1,63,18.6,8.7,92,417.0,57,315.25995865787394,0,1011.4,103.54563550338288,5.974790462506766,77,,
2018,8,27,16,0,10.6,74,1.6,8.4,16,291.0,13,162.45393132052004,0,1011.9,107.67615348071332,6.540991431413925,88,,
2018,8,27,17,0,10,84,0,8,0,83.0,0,21.724107242563264,0,1012.3,125.30594007780746,6.764385092152455,99,,
2018,8,27,18,0,9.6,93,0,7.5,0,0.0,0,0.0,0,1012.7,121.95480828834138,7.124244386359329,110,,
2018,8,27,19,0,9.3,104,0,6.8,0,0.0,0,0.0,0,1013.1,118.71673659029886,6.365708597127762,121,,
2018,8,27,20,0,9,117,0,6.1,0,0.0,0,0.0,0,1013.4,119.87439902778988,5.505781483716646,132,,
2018,8,27,21,0,8.7,134,0,5.8,0,0.0,0,0.0,0,1013.6,131.04512803844614,4.953429378218644,141,,
2018,8,27,22,0,8.6,157,0,5.7,0,0.0,0,0.0,0,1013.7,142.76629451751285,5.921261944403428,147,,
2018,8,27,23,0,8.4,-175,0,5.6,0,0.0,0,0.0,0,1013.7,144.12810383943588,6.310429927647854,149,,
2018,8,28,0,0,8.3,-149,0,5.4,0,0.0,0,0.0,0,1013.8,118.45466431725164,6.026357638076884,146,,
2018,8,28,1,0,8.2,-128,0,5.1,0,0.0,0,0.0,0,1013.9,103.33026485333698,6.622270021632341,138,,
2018,8,28,2,0,8.2,-113,0,4.8,0,0.0,0,0.0,0,1014,104.14497985324611,5.678517657965355,128,,
2018,8,28,3,0,8,-101,0,4.5,0,0.0,0,0.0,0,1014.2,97.90983179554632,5.19098934339452,118,,
2018,8,28,4,0,7.9,-90,0,4.2,0,0.0,0,0.0,0,1014.7,97.92966338070516,4.549852562967907,106,,
2018,8,28,5,0,7.7,-81,0,3.9,0,0.0,0,0.0,0,1015.1,88.9522130823076,4.045354152330926,95,,
2018,8,28,6,0,8,-71,0,3.5,24,0.0,50,0.0,0,1015.5,92.67447004941027,4.504906899689441,84,,
2018,8,28,7,0,8.6,-60,0,2.8,47,336.0,200,51.33798883310651,0,1015.9,107.20136667865565,5.067226587615877,74,,
2018,8,28,8,0,9.3,-47,0,2.1,57,608.0,358,216.8178323049651,0,1016.4,105.50397952822016,4.165743697779735,65,,
2018,8,28,9,0,9.5,-33,0,1.4,63,729.0,483,389.7539221795278,0,1016.5,98.9850932020907,4.433307332605588,57,,
2018,8,28,10,0,9.4,-16,0,0.8,65,780.0,563,523.9431572094256,0,1016.3,117.26061994832776,5.198476834459378,53,,
2018,8,28,11,0,9.3,3,0,0.2,65,767.0,586,600.0682041481336,0,1016.1,130.08218725092394,5.3546047334533045,51,,
2018,8,28,12,0,9.2,21,0,-0.3,65,769.0,549,634.4061302443914,0,1015.9,139.44483580569374,4.3414969673172505,54,,
2018,8,28,13,0,9,38,3.7,-0.8,92,755.0,406,611.2636641659176,0,1015.8,130.02373578569302,2.4299988010584066,59,,
2018,8,28,14,0,8.9,52,9.9,-1.2,123,716.0,206,528.8553012024124,0,1015.7,153.09825277656307,1.5421274136758378,67,,
2018,8,28,15,0,8.5,64,0.6,-1.4,49,634.0,143,391.1807686129494,0,1015.8,176.18815752678984,1.6672626224600002,77,,
2018,8,28,16,0,7.8,74,1.7,-1.4,17,417.0,15,196.8398316516679,0,1016.3,184.9820312969224,2.7606740159806136,87,,
2018,8,28,17,0,7.2,84,0,-1.4,0,120.0,0,27.902400947573803,0,1016.8,188.58906512240452,2.34909928541065,99,,
2018,8,28,18,0,6.6,94,0,-1.5,0,0.0,0,0.0,0,1017,232.09336025367804,1.3951991002050397,110,,
2018,8,28,19,0,6,104,0,-1.6,0,0.0,0,0.0,0,1016.9,0.3409540423189696,4.718101115801106,121,,
2018,8,28,20,0,5.4,117,0,-1.8,0,0.0,0,0.0,0,1016.8,26.97451501852322,3.5292124482165,132,,
2018,8,28,21,0,5.3,134,0,-1.6,0,0.0,0,0.0,0,1016.6,24.813620854388944,0.7108951178692832,141,,
2018,8,28,22,0,5.7,157,0,-1.3,0,0.0,0,0.0,0,1016.2,177.46727790671434,1.1823072838557038,147,,
2018,8,28,23,0,6.1,-175,0,-0.9,0,0.0,0,0.0,0,1015.8,148.17708333077667,1.3570681323725733,149,,
2018,8,29,0,0,6.4,-149,0,-0.3,0,0.0,0,0.0,0,1015.3,75.4649502996657,0.843399858231925,145,,
2018,8,29,1,0,6.7,-128,0,0.5,0,0.0,0,0.0,0,1014.7,88.83009889857391,2.2480272015490423,138,,
2018,8,29,2,0,7,-113,0,1.3,0,0.0,0,0.0,0,1014.2,63.4116287406797,3.755568193008264,128,,
2018,8,29,3,0,7.3,-101,0,2,0,0.0,0,0.0,0,1013.8,66.73262810962262,4.245951722971192,117,,
2018,8,29,4,0,7.5,-90,0,2.7,0,0.0,0,0.0,0,1013.7,80.51585175325965,3.793057378800066,106,,
2018,8,29,5,0,7.7,-81,0,3.5,0,0.0,0,0.0,0,1013.5,90.9215588353772,3.9011393722840975,95,,
2018,8,29,6,0,8.2,-71,44.9,4.2,26,3.0,1,1.0000000000000002,0,1013.5,97.57514638785112,4.266975000566602,84,,
2018,8,29,7,0,9,-60,79,5.1,49,336.0,0,52.91486869409779,0,1013.5,91.97751492510076,3.735623202949744,73,,
2018,8,29,8,0,9.7,-48,84,5.9,63,644.0,0,223.710008301398,0,1013.6,99.38023564826472,3.3898094532452125,64,,
2018,8,29,9,0,10.3,-33,68.7,6.1,167,770.0,0,400.9986660298414,0,1013.6,104.0158697388332,3.496930496416345,57,,
2018,8,29,10,0,10.6,-16,46.4,5.8,316,822.0000000000001,7,544.1933233918471,0,1013.5,100.82230305657184,1.997191498677348,52,,
2018,8,29,11,0,11,3,13,5.5,222,844.0,320,636.5109657184046,0,1013.4,54.90916226929909,0.8697551826241501,51,,
2018,8,29,12,0,11.1,22,7.5,5.4,154,844.0,387,672.4483825656005,0,1013.5,334.40714752451413,0.900889492231164,53,,
2018,8,29,13,0,10.9,38,23.6,5.5,258,824.0000000000001,119,647.4739403851439,0,1013.6,298.8518004048588,1.9428210255627705,59,,
2018,8,29,14,0,10.8,52,1.2,5.6,83,777.0,263,559.9979073622837,0,1013.8,289.52305965886904,3.065398926715784,67,,
2018,8,29,15,0,10.4,64,1.3,5.5,58,686.0,123,415.21114135355305,0,1014.1,288.417926181914,3.63800914255538,77,,
2018,8,29,16,0,9.9,74,10,5.2,19,497.0,8,221.9857802984546,0,1014.6,288.4769990490521,4.733767259574876,87,,
2018,8,29,17,0,9.4,84,0,5,0,168.0,0,34.82132786559498,0,1015.1,294.46337570326426,5.424476027125346,98,,
2018,8,29,18,0,8.9,94,0,4.5,0,0.0,0,0.0,0,1015.4,305.827304747112,5.053033820599452,110,,
2018,8,29,19,0,8.5,105,0,4,0,0.0,0,0.0,0,1015.5,329.4910578186704,4.984544021706314,121,,
2018,8,29,20,0,8,118,0,3.4,0,0.0,0,0.0,0,1015.6,343.3257609996392,3.9650644626163705,131,,
2018,8,29,21,0,7.7,135,0,3.1,0,0.0,0,0.0,0,1015.5,351.1097043485998,3.630283952397013,140,,
2018,8,29,22,0,7.6,157,0,2.9,0,0.0,0,0.0,0,1015.4,356.5437161945475,2.514828158872731,147,,
2018,8,29,23,0,7.4,-175,0,2.7,0,0.0,0,0.0,0,1015.3,5.780408664982019,0.9768911190252888,149,,
2018,8,30,0,0,7.2,-149,0,2.6,0,0.0,0,0.0,0,1015.2,155.41061479567668,0.2945324682721509,145,,
2018,8,30,1,0,6.9,-128,0,2.4,0,0.0,0,0.0,0,1015.1,160.4131036073876,2.4884804686319635,138,,
2018,8,30,2,0,6.7,-113,0,2.3,0,0.0,0,0.0,0,1015,168.96858771450093,1.546395911576964,128,,
2018,8,30,3,0,6.5,-101,0,2.2,0,0.0,0,0.0,0,1015.2,176.92683485259272,1.1202634069095516,117,,
2018,8,30,4,0,6.2,-91,0,2.2,0,0.0,0,0.0,0,1015.5,142.7263457224076,2.536049296135377,106,,
2018,8,30,5,0,6,-81,0,2.2,0,0.0,0,0.0,0,1015.8,146.10554243391562,2.8662175297052066,94,,
2018,8,30,6,0,6.5,-71,1.4,2.2,27,4.0,57,1.0000000000000002,0,1015.9,157.07447033793585,2.8655005125339192,83,,
2018,8,30,7,0,7.7,-60,0,2.2,45,210.0,218,51.45035619741145,0,1015.8,153.46162194682836,3.283460916704512,73,,
2018,8,30,8,0,8.9,-48,0,2.3,55,338.0,376,179.56020815585055,0,1015.7,142.60254255277837,4.799275707693668,64,,
2018,8,30,9,0,9.6,-33,0,2.5,61,414.0,499,313.095047555604,0,1015.4,140.93842929832613,4.35005713266365,57,,
2018,8,30,10,0,9.9,-16,0,2.8,63,549.0,575,485.15493182493697,0,1014.9,157.1012375992865,2.615809986222577,52,,
2018,8,30,11,0,10.2,3,0,3.1,64,555.0,594,560.2805504571164,0,1014.3,170.52140959453448,2.827173030660655,51,,
2018,8,30,12,0,10.5,22,0,3.3,63,338.0,553,491.8735261145057,0,1013.9,219.65029835717328,2.1108345068732413,53,,
2018,8,30,13,0,10.6,38,0,3.2,61,209.0,458,400.43703005743447,0,1013.8,214.32447775193305,3.6325880740174457,59,,
2018,8,30,14,0,10.8,52,0,3.2,55,118.0,319,284.415854398252,0,1013.6,222.9642655440013,4.014190566060613,67,,
2018,8,30,15,0,10.6,64,0,3.3,43,46.0,156,152.9838923464672,0,1013.5,220.55275536526364,4.688686602130043,76,,
2018,8,30,16,0,10,75,0.1,3.6,15,11.0,23,50.426130710337866,0,1013.6,224.87955236257912,4.762968554938981,87,,
2018,8,30,17,0,9.3,84,0,3.9,0,8.0,0,10.113351155093325,0,1013.6,238.1704726945647,4.924070474122245,98,,
2018,8,30,18,0,8.6,94,0,4,0,0.0,0,0.0,0,1013.6,231.73422503824344,5.02307265218921,109,,
2018,8,30,19,0,7.7,105,0,4.1,0,0.0,0,0.0,0,1013.6,208.2194700901348,4.976779932994164,121,,
2018,8,30,20,0,6.9,118,0,4.1,0,0.0,0,0.0,0,1013.5,209.7397348153686,5.394057444344714,131,,
2018,8,30,21,0,6.4,135,0,4.3,0,0.0,0,0.0,0,1013.4,207.2035970795848,5.055268786346828,140,,
2018,8,30,22,0,6.4,158,0,4.5,0,0.0,0,0.0,0,1013.1,197.3986802571129,4.802491003869054,146,,
2018,8,30,23,0,6.3,-175,0,4.7,0,0.0,0,0.0,0,1012.8,220.43963809167005,5.875364515481024,148,,
2018,8,31,0,0,6.2,-149,0,4.7,0,0.0,0,0.0,0,1012.6,216.9202092458005,7.951712050018243,145,,
2018,8,31,1,0,6,-129,0,4.7,0,0.0,0,0.0,0,1012.5,185.0273378803181,8.541893872674017,137,,
2018,8,31,2,0,5.8,-113,0,4.7,0,0.0,0,0.0,0,1012.3,200.12188017153707,6.829186965798945,128,,
2018,8,31,3,0,5.6,-101,0,4.6,0,0.0,0,0.0,0,1012.2,244.02684116918573,7.831787417604531,117,,
2018,8,31,4,0,5.3,-91,0,4.4,0,0.0,0,0.0,0,1012.3,186.3952398398453,5.977136068309815,105,,
2018,8,31,5,0,5,-81,0,4.2,1,0.0,0,0.0,0,1012.3,227.55022785734107,6.599581905509903,94,,
2018,8,31,6,0,5.7,-71,0,4.3,28,0.0,60,0.0,0,1012.2,196.3579786691101,9.179183287063651,83,,
2018,8,31,7,0,7.4,-60,0,4.8,51,1.0,215,6.045098634471256,0,1012,206.4823624947006,2.496581231454161,73,,
2018,8,31,8,0,9,-48,0,5.3,61,2.0,371,28.451673757018607,0,1011.8,234.92104985893727,7.079043975019089,64,,
2018,8,31,9,0,9.9,-33,0,5.3,67,3.0,495,58.16146108415271,0,1011.5,268.9499435893065,9.472049660678552,56,,
2018,8,31,10,0,10.2,-16,0,4.8,71,4.0,569,92.06208824108435,0,1011.1,243.63633913418977,9.194576159401672,52,,
2018,8,31,11,0,10.4,3,0,4.3,72,6.0,587,132.61188560817806,0,1010.7,232.2065844159423,6.843564753877609,50,,
2018,8,31,12,0,10.5,22,6,4.1,134,10.0,448,166.4058606403016,0,1010.3,263.1094292109811,11.20446388405566,53,,
2018,8,31,13,0,10.6,39,29.2,4.2,260,11.0,110,162.91566846265712,0,1009.9,245.35709160231167,7.861232458444738,59,,
2018,8,31,14,0,10.6,53,27.8,4.3,143,5.0,123,95.83568344736015,0,1009.4,283.47221196249166,8.83616202462949,67,,
2018,8,31,15,0,10.2,65,0.2,4.5,47,4.0,155,62.84055796815619,0,1009.2,293.351887957645,7.620288393765855,76,,
2018,8,31,16,0,9.5,75,1.6,4.7,18,4.0,20,32.26046024565054,0,1009.2,315.01744260247347,6.237766237444252,87,,
2018,8,31,17,0,8.7,85,0,5,0,2.0,0,5.285004150068517,0,1009.2,328.13300140766296,5.346638690669379,98,,
2018,8,31,18,0,7.9,95,0,4.9,0,0.0,0,0.0,0,1009.2,343.4955221525195,4.26508758988278,109,,
2018,8,31,19,0,7.1,106,0,4.5,0,0.0,0,0.0,0,1009.1,351.9419824744155,5.076982369617148,120,,
2018,8,31,20,0,6.4,119,0,4.1,0,0.0,0,0.0,0,1009,353.7826380891165,5.58386863329695,131,,
2018,8,31,21,0,6,135,0,4,0,0.0,0,0.0,0,1008.9,3.07246016044121,5.803019292892696,140,,
2018,8,31,22,0,6.1,158,0,4.2,0,0.0,0,0.0,0,1008.6,17.244683752021388,6.143602193061454,146,,
2018,8,31,23,0,6.2,-175,0,4.3,0,0.0,0,0.0,0,1008.3,10.153257686854545,5.092444275910232,148,,
2018,9,1,0,0,6.2,-149,0,4.4,0,0.0,0,0.0,0,1008,18.4834758257918,6.654296180807917,144,,
2018,9,1,1,0,6.3,-129,0,4.4,0,0.0,0,0.0,0,1007.7,22.13563905432932,8.953106695426085,137,,
2018,9,1,2,0,6.3,-114,0,4.4,0,0.0,0,0.0,0,1007.3,18.44688645670629,10.004795131792502,127,,
2018,9,1,3,0,6.3,-102,0,4.4,0,0.0,0,0.0,0,1007.1,17.85220048910827,10.551250454392305,116,,
2018,9,1,4,0,6.3,-91,0,4.4,0,0.0,0,0.0,0,1007.2,45.6380282784969,12.9450344338996,105,,
2018,9,1,5,0,6.2,-81,0,4.4,1,0.0,0,0.0,0,1007.2,46.32937278103663,10.015783549703798,94,,
2018,9,1,6,0,6.7,-71,1.4,4.4,32,2.0,59,1.0000000000000002,0,1007.2,24.91342798140414,7.587659021719046,83,,
2018,9,1,7,0,7.7,-61,0,4.4,54,77.0,217,52.85246164929294,0,1007.1,26.24499992998352,8.326644365048175,72,,
2018,9,1,8,0,8.7,-48,0.1,4.5,67,217.0,371,182.1529781441928,0,1007,40.19204603696954,9.676319746449344,63,,
2018,9,1,9,0,9.3,-33,0.6,4.6,80,384.0,486,342.7062541493847,0,1006.7,51.96667419008509,10.68462453887152,56,,
2018,9,1,10,0,9.4,-16,10.3,4.7,199,553.0,382,468.982525393172,0,1006.4,48.58733992906917,10.707857500196322,51,,
2018,9,1,11,0,9.5,4,9.4,4.8,193,573.0000000000001,411,546.8525657936061,0,1006.1,46.38711322366805,10.540291784489456,50,,
2018,9,1,12,0,9.6,22,0.7,4.8,86,604.0,533,586.8564468930064,0,1005.7,42.60045783062577,10.386624433728368,53,,
2018,9,1,13,0,9.6,39,0,4.7,73,575.0000000000001,453,556.1445638419697,0,1005.1,41.9668813700718,10.534870467731672,58,,
2018,9,1,14,0,9.6,53,0,4.6,64,595.0,317,500.99818219385287,0,1004.6,42.166201284772,11.275188447536229,66,,
2018,9,1,15,0,9.2,65,1.1,4.6,50,532.0,154,373.9040004317104,0,1004.3,44.093783055719314,11.810298558118609,76,,
2018,9,1,16,0,8.4,75,12.1,4.7,24,361.0,10,195.07355436196343,0,1004.3,41.99879828932342,10.320374487922471,87,,
2018,9,1,17,0,7.6,85,0,4.7,0,128.0,0,33.66750981884668,0,1004.3,38.39482544386772,8.541110844477164,98,,
2018,9,1,18,0,6.8,95,47.4,4.4,0,0.0,0,0.0,0,1004.5,35.33120255731774,7.851903518938328,109,,
2018,9,1,19,0,5.9,106,59.2,3.9,0,0.0,0,0.0,0,1004.8,35.59316894460119,7.091506620081125,120,,
2018,9,1,20,0,5.1,119,59.1,3.4,0,0.0,0,0.0,0,1005.2,33.181773750204286,6.487850576825276,131,,
2018,9,1,21,0,4.9,136,59.9,3.3,0,0.0,0,0.0,0,1005.2,30.262377491080827,6.102055294050154,140,,
2018,9,1,22,0,5.5,158,31.2,3.6,0,0.0,0,0.0,0,1004.9,29.09030557715124,5.860630002722934,146,,
2018,9,1,23,0,6,-175,33.5,3.9,0,0.0,0,0.0,0,1004.6,29.98198129184243,5.451700308652306,147,,
2018,9,2,0,0,6.4,-149,21.3,4.2,0,0.0,0,0.0,0,1004.2,31.33255732829741,5.646171949116108,144,,
2018,9,2,1,0,6.7,-129,42,4.4,0,0.0,0,0.0,0,1003.7,35.474259411077526,5.615337682685895,137,,
2018,9,2,2,0,7,-114,41,4.7,0,0.0,0,0.0,0,1003.2,39.49072863754287,4.971850891102782,127,,
2018,9,2,3,0,7.2,-102,36.8,4.9,0,0.0,0,0.0,0,1002.9,39.95289184336656,4.729159072276108,116,,
2018,9,2,4,0,7.3,-91,42.4,5,0,0.0,0,0.0,0,1002.7,38.82482089636687,4.461532272532519,105,,
2018,9,2,5,0,7.4,-82,32.1,5.1,1,0.0,0,0.0,0,1002.5,34.50358322929162,4.521140436063605,94,,
2018,9,2,6,0,8.1,-72,27,5.7,45,7.0,26,1.0000000000000004,0,1002.5,42.68431582546032,5.139871101405191,83,,
2018,9,2,7,0,9.3,-61,36.2,6.8,151,288.0,14,64.84997157276807,0,1002.7,48.43970640425249,5.947407462397125,72,,
2018,9,2,8,0,10.6,-48,56.4,7.8,174,539.0,3,226.44039141998093,0,1002.8,64.91699072497124,6.914798473261212,63,,
2018,9,2,9,0,11.4,-33,42.7,8.2,242,669.0,75,397.1291119519856,0,1002.6,76.45306548608676,6.524540978030779,56,,
2018,9,2,10,0,11.7,-16,21.8,8.1,321,733.0,162,535.5756746630689,0,1001.9,90.76438646203808,6.496671892911546,51,,
2018,9,2,11,0,12,4,39.7,7.9,381,771.0,3,630.986543076435,0,1001.3,94.69882355131564,5.3407036424519605,50,,
2018,9,2,12,0,12.1,23,31.4,7.9,302,737.0,106,649.2956540006787,0,1000.7,95.1724018458695,3.7371416975912095,52,,
2018,9,2,13,0,12.1,39,52.6,8,241,683.0,0,606.6802256044452,0,1000.1,83.01546031420082,2.766624873393344,58,,
2018,9,2,14,0,12,53,39.3,8.1,199,626.0,15,517.3952239538488,0,999.5,63.37879344783352,1.4482040966166705,66,,
2018,9,2,15,0,11.6,65,38.9,8.1,90,512.0,26,369.6505848957177,0,999.3,330.82424506000496,0.3140086948745976,76,,
2018,9,2,16,0,10.7,76,58.5,8.1,23,336.0,2,191.32979749810505,0,999.4,213.31886221147565,0.6898009635815702,87,,
2018,9,2,17,0,9.8,85,70.6,8.1,0,114.0,0,33.00670604456491,0,999.6,287.09967066595067,0.6725526541620306,98,,
2018,9,2,18,0,9.2,95,56.3,8,0,0.0,0,0.0,0,999.9,319.3750701086855,1.9258140731397544,109,,
2018,9,2,19,0,8.8,106,50.4,7.7,0,0.0,0,0.0,0,1000.2,333.638201717485,4.3089344723429415,120,,
2018,9,2,20,0,8.5,119,42,7.4,0,0.0,0,0.0,0,1000.5,38.94257453985733,4.009703407603888,130,,
2018,9,2,21,0,8.2,136,42,7.1,0,0.0,0,0.0,0,1000.7,56.452373415227385,6.42789277977203,139,,
2018,9,2,22,0,8,159,22.8,6.9,0,0.0,0,0.0,0,1000.5,72.73373274278003,6.703709205654114,146,,
2018,9,2,23,0,7.8,-175,0,6.7,0,0.0,0,0.0,0,1000.4,84.39380690419569,6.292794715942223,147,,
2018,9,3,0,0,7.8,-149,0,6.7,0,0.0,0,0.0,0,1000.4,88.97478879299052,5.840046208677311,144,,
2018,9,3,1,0,8,-129,0,7,0,0.0,0,0.0,0,1000.4,126.57028794469004,3.566992127677993,136,,
2018,9,3,2,0,8.2,-114,0.7,7.2,0,0.0,0,0.0,0,1000.4,142.89974655814456,3.4127228943548458,127,,
2018,9,3,3,0,8.5,-102,3.5,7.4,0,0.0,0,0.0,0,1000.7,140.79232276869325,3.0105622838230963,116,,
2018,9,3,4,0,8.7,-92,0,7.4,0,0.0,0,0.0,0,1001.2,130.05193230363795,2.8861392501590943,105,,
2018,9,3,5,0,9,-82,0,7.5,1,0.0,1,0.0,0,1001.7,113.53423857506868,2.955022474774709,93,,
2018,9,3,6,0,9.6,-72,4.3,7.3,41,9.0,50,2.0000000000000004,0,1002.5,101.20750658895967,3.3211477867079005,82,,
2018,9,3,7,0,10.6,-61,0.1,7,63,239.0,210,64.36429921879247,0,1003.4,103.88959559269551,4.11796760045229,72,,
2018,9,3,8,0,11.6,-48,0,6.6,73,372.0,370,201.94632269663592,0,1004.3,102.5904360556039,3.9144424665210966,63,,
2018,9,3,9,0,12,-33,0,6.2,77,464.0,500,346.0675581725826,0,1005,110.81561092195987,3.1726591616055697,55,,
2018,9,3,10,0,11.8,-15,0,5.7,78,520.0,579,471.2759593986852,0,1005.3,133.09515954979997,2.139766103137269,50,,
2018,9,3,11,0,11.6,4,0.3,5.2,84,652.0,592,593.4695841045196,0,1005.7,163.3395485295282,1.174296230214216,49,,
2018,9,3,12,0,11.3,23,0,4.6,80,679.0,557,633.8881930534108,0,1006.1,243.10310913482988,0.8294772138472392,52,,
2018,9,3,13,0,10.9,39,0,4,79,645.0,459,600.4039163991141,0,1006.8,257.734124769118,3.237228627411777,58,,
2018,9,3,14,0,10.5,54,0,3.4,75,592.0,314,512.3553465686639,0,1007.4,267.0661819457425,3.668137827785965,66,,
2018,9,3,15,0,9.9,65,0,2.9,62,505.0,146,374.3726733412632,0,1008.2,264.4133858881543,3.603787295637745,76,,
2018,9,3,16,0,9.1,76,0,2.6,21,375.0,21,207.27047007991652,0,1009.2,256.47929928519363,3.6391883110944208,86,,
2018,9,3,17,0,8.2,86,0,2.2,0,154.0,0,40.48908105484957,0,1010.1,268.57730150385026,3.0876217362501017,98,,
2018,9,3,18,0,7.6,96,0,2,0,0.0,0,0.0,0,1010.8,290.65495386422856,2.5491062641022983,109,,
2018,9,3,19,0,7.2,107,0,2,0,0.0,0,0.0,0,1011.3,262.48562376260645,1.911681036660956,120,,
2018,9,3,20,0,6.9,120,0,2,0,0.0,0,0.0,0,1011.8,262.0515382924176,0.9039480306848992,130,,
2018,9,3,21,0,6.6,137,0,2.1,0,0.0,0,0.0,0,1012.1,191.9052905808216,0.2165725509711167,139,,
2018,9,3,22,0,6.6,159,0,2.3,0,0.0,0,0.0,0,1012.3,177.74583108856996,0.8131292180883617,145,,
2018,9,3,23,0,6.5,-175,0,2.5,0,0.0,0,0.0,0,1012.5,197.69531805037352,1.997589476614042,147,,
2018,9,4,0,0,6.5,-149,0,2.6,0,0.0,0,0.0,0,1012.6,210.46724843564635,2.49800250600822,143,,
2018,9,4,1,0,6.5,-129,0,2.6,0,0.0,0,0.0,0,1012.7,181.92869268874173,1.7409765200195635,136,,
2018,9,4,2,0,6.6,-114,0,2.6,0,0.0,0,0.0,0,1012.8,173.434410803162,2.25477793479793,126,,
2018,9,4,3,0,6.6,-102,0,2.7,0,0.0,0,0.0,0,1012.8,159.65621454278337,2.7998914808292965,115,,
2018,9,4,4,0,6.7,-92,0,2.9,0,0.0,0,0.0,0,1012.9,150.58273522311669,4.046093721715703,104,,
2018,9,4,5,0,6.8,-82,0,3,2,0.0,1,0.0,0,1013,139.7853546602155,4.842330675448739,93,,
2018,9,4,6,0,7.6,-72,24.1,3.5,65,2.0,7,1.0000000000000002,0,1013.1,142.55358477178083,5.221553392168897,82,,
2018,9,4,7,0,9.2,-61,18.4,4.3,130,67.0,106,50.370305385148406,0,1013.1,156.6826775138336,5.7392510879318825,72,,
2018,9,4,8,0,10.7,-48,34.7,5.1,214,146.0,80,155.08758100936828,0,1013,158.01131072646774,5.825360974804433,62,,
2018,9,4,9,0,11.6,-33,36.1,5.6,291,219.0,72,274.4716366922327,0,1012.8,152.1435635162131,4.452194451263543,55,,
2018,9,4,10,0,11.8,-15,52,5.7,301,297.0,6,398.3669946662314,0,1012.3,171.39911864420856,3.462523241343805,50,,
2018,9,4,11,0,11.9,4,62.4,5.9,248,476.0,0,535.2627449721983,0,1011.8,209.0062722753877,4.216653161473315,49,,
2018,9,4,12,0,11.9,23,40.6,6,290,502.0,74,570.3643702087093,0,1011.4,229.5475815708651,5.105827225560629,52,,
2018,9,4,13,0,11.6,40,31.9,6.2,241,442.0,113,522.0080954962049,0,1011.2,237.499371924068,5.467060482079243,57,,
2018,9,4,14,0,11.4,54,44.3,6.5,184,456.0,18,464.4256938024325,0,1010.9,246.56961535561004,5.81625578143195,66,,
2018,9,4,15,0,11.1,66,27.4,6.6,94,362.0,58,328.303590802042,0,1010.9,243.48498666054343,5.125816570916714,75,,
2018,9,4,16,0,10.6,76,10.6,6.8,30,265.0,4,180.3694014593181,0,1011.2,232.2487834854415,4.044326097348674,86,,
2018,9,4,17,0,10.1,86,4.1,6.9,0,86.0,0,31.405154628868715,0,1011.4,214.45466285444869,3.7853939662806257,97,,
2018,9,4,18,0,9.8,96,27.4,6.9,0,0.0,0,0.0,0,1011.6,208.11148659937223,4.219713178815145,109,,
2018,9,4,19,0,9.7,107,37.5,6.8,0,0.0,0,0.0,0,1011.8,199.39893327422217,3.813415862905703,120,,
2018,9,4,20,0,9.6,120,43,6.8,0,0.0,0,0.0,0,1011.9,191.88777373905617,4.073447354695845,130,,
2018,9,4,21,0,9.5,137,43,6.9,0,0.0,0,0.0,0,1011.9,185.2225121976273,4.103705589258631,139,,
2018,9,4,22,0,9.4,159,43,7.1,0,0.0,0,0.0,0,1011.7,182.5082751306296,4.803185862526016,145,,
2018,9,4,23,0,9.3,-175,43,7.4,0,0.0,0,0.0,0,1011.6,181.9938009758652,6.336599868037384,146,,
2018,9,5,0,0,9.2,-150,42.4,7.5,0,0.0,0,0.0,0,1011.5,189.72955650897143,5.576300913157796,143,,
2018,9,5,1,0,9.1,-130,41.7,7.4,0,0.0,0,0.0,0,1011.4,175.03371193192015,5.440100924751286,136,,
2018,9,5,2,0,9.1,-115,16.1,7.3,0,0.0,0,0.0,0,1011.3,172.26476338063003,5.430764290499191,126,,
2018,9,5,3,0,9,-102,0,7.2,0,0.0,0,0.0,0,1011.5,175.9468725967463,5.920324666143397,115,,
2018,9,5,4,0,8.9,-92,26.6,7.1,0,0.0,0,0.0,0,1012,171.3268259521202,5.770084796196486,104,,
2018,9,5,5,0,8.9,-82,2.6,7,2,0.0,1,0.0,0,1012.4,169.00099931970738,5.796667362617632,93,,
2018,9,5,6,0,9.3,-72,2.8,7,47,2.0,52,2.0,0,1012.7,166.97789003384378,6.788093532864785,82,,
2018,9,5,7,0,10.2,-61,15.2,7.1,115,31.0,116,42.1827244934702,0,1013,166.96701662422652,7.105144784849455,71,,
2018,9,5,8,0,11.1,-49,24.7,7.2,233,50.0,106,116.62952930833318,0,1013.2,169.44307403943094,7.588903839136707,62,,
2018,9,5,9,0,11.6,-33,21.4,7,226,84.0,225,212.77173936291285,0,1013.2,172.66721743940457,7.056490248517213,54,,
2018,9,5,10,0,11.5,-15,31.7,6.6,291,183.0,156,354.16579786807046,0,1012.9,180.3648945853149,6.401985298069843,50,,
2018,9,5,11,0,11.4,4,31.6,6.2,289,309.0,173,473.90385556448143,0,1012.7,207.04839046164616,7.688067423030645,49,,
2018,9,5,12,0,11.4,23,19.6,6,238,361.0,268,519.0519520832762,0,1012.5,216.50313616250872,7.429693232071808,51,,
2018,9,5,13,0,11.4,40,17.3,5.8,187,344.0,260,488.1716091030999,0,1012.4,222.18752869976296,6.508872084435113,57,,
2018,9,5,14,0,11.4,54,37.5,5.7,133,264.0,98,386.37298493520166,0,1012.3,231.14813500727988,6.415361354221352,65,,
2018,9,5,15,0,11,66,2.1,5.8,64,247.0,145,288.5406101856154,0,1012.4,214.0178195720825,5.492447897108754,75,,
2018,9,5,16,0,10.4,77,0,6,20,204.0,28,165.9999514538199,0,1012.7,209.08138306658373,5.936108099767044,86,,
2018,9,5,17,0,9.7,86,0,6.2,0,62.0,0,28.871842035154742,0,1013.1,200.02758628972532,6.152837073514235,97,,
2018,9,5,18,0,9.2,96,0,6.2,0,0.0,0,0.0,0,1013.3,192.14045801529244,6.434683331683709,108,,
2018,9,5,19,0,8.9,107,1.9,6,0,0.0,0,0.0,0,1013.6,195.8068178270012,7.84778476380105,120,,
2018,9,5,20,0,8.5,120,4.5,5.7,0,0.0,0,0.0,0,1013.9,197.74619131026265,8.766766645507474,130,,
2018,9,5,21,0,8.4,137,6.6,5.8,0,0.0,0,0.0,0,1013.8,205.63636202475004,7.820932647627971,139,,
2018,9,5,22,0,8.3,159,23.6,6.3,0,0.0,0,0.0,0,1013.5,199.9105038378378,7.621331137396853,145,,
2018,9,5,23,0,8.2,-174,42.3,6.8,0,0.0,0,0.0,0,1013.2,197.8922239471333,7.555603954031224,146,,
2018,9,6,0,0,8.3,-150,42.1,7.1,0,0.0,0,0.0,0,1012.8,203.453280666043,8.17807368377923,143,,
2018,9,6,1,0,8.5,-130,49.7,7.1,0,0.0,0,0.0,0,1012.4,195.2220759815397,8.019900373389442,135,,
2018,9,6,2,0,8.7,-115,59.9,7.2,0,0.0,0,0.0,0,1012,198.0585244277016,7.274090439512166,126,,
2018,9,6,3,0,8.8,-103,51.5,7.2,0,0.0,0,0.0,0,1011.7,193.44135575251417,6.803798915337478,115,,
2018,9,6,4,0,9,-92,55.4,7.1,0,0.0,0,0.0,0,1011.5,190.5831475072584,6.096130400120572,104,,
2018,9,6,5,0,9.2,-83,58.1,7,2,0.0,0,0.0,0,1011.4,186.399194992124,5.9953620041669256,92,,
2018,9,6,6,0,9.5,-73,57.3,7.2,38,0.0,0,1.0,0,1011.1,200.94514415053595,5.0450298254948045,81,,
2018,9,6,7,0,10.1,-62,52.6,7.6,128,6.0,0,23.453860825670898,0,1010.8,250.7254228210448,7.681546348150374,71,,
2018,9,6,8,0,10.7,-49,60.4,8,172,12.0,0,74.0964222550773,0,1010.5,280.8502353553021,10.50916580788282,62,,
2018,9,6,9,0,11.1,-33,59.2,8.2,227,22.0,0,143.22612756633106,0,1009.8,272.68912116910707,9.678871252760436,54,,
2018,9,6,10,0,11.3,-15,61,8.1,247,8.0,0,130.37759017147482,0,1008.7,271.7386770444882,10.975512039583402,49,,
2018,9,6,11,0,11.4,4,64.7,8.1,229,6.0,0,128.79585196415584,0,1007.7,261.7723994454547,11.017450852276909,48,,
2018,9,6,12,0,11.4,23,62.9,8.1,224,8.0,0,153.35868289536657,0,1006.7,251.3964840262712,11.047714959548282,51,,
2018,9,6,13,0,11.3,40,57.4,8.2,216,41.0,0,258.9057839258515,0,1005.7,230.3410966399847,10.34301309467292,57,,
2018,9,6,14,0,11.2,55,64.2,8.3,130,52.0,0,235.8251947677671,0,1004.7,228.1043722110525,10.455871865457492,65,,
2018,9,6,15,0,11.2,66,63,8.3,63,18.0,0,119.70944744448758,0,1003.9,243.1937203355796,9.361761518060929,75,,
2018,9,6,16,0,11.2,77,69.9,8.2,13,4.0,0,33.34786287417592,0,1003.2,233.3949294485413,9.444290336157204,86,,
2018,9,6,17,0,11.1,87,85.2,8.2,0,1.0,0,3.162574190931847,0,1002.6,231.7971476395544,9.470775730628072,97,,
2018,9,6,18,0,11,97,78.6,8.1,0,0.0,0,0.0,0,1002.1,250.2251333081577,9.779331019033195,108,,
2018,9,6,19,0,10.8,108,92.3,8.2,0,0.0,0,0.0,0,1001.7,283.69204146192993,9.797467315752664,119,,
2018,9,6,20,0,10.6,121,95.7,8.2,0,0.0,0,0.0,0,1001.2,346.80887417981296,8.675441146154524,130,,
2018,9,6,21,0,10.4,138,90.8,8.3,0,0.0,0,0.0,0,1000.4,16.004859460944147,6.236360759512329,138,,
2018,9,6,22,0,10.2,160,70.6,8.5,0,0.0,0,0.0,0,999.2,345.25504116435104,6.630209049026039,144,,
2018,9,6,23,0,9.9,-174,40.4,8.7,0,0.0,0,0.0,0,998,3.71784438795936,6.314069387596884,146,,
2018,9,7,0,0,9.7,-150,38.8,8.7,0,0.0,0,0.0,0,997,3.230339692579662,5.545676953594621,142,,
2018,9,7,1,0,9.6,-130,18.5,8.7,0,0.0,0,0.0,0,996.1,343.72644286688,4.274277459816725,135,,
2018,9,7,2,0,9.4,-115,0,8.6,0,0.0,0,0.0,0,995.2,348.4737601139213,3.804756743566672,125,,
2018,9,7,3,0,9.4,-103,0,8.6,0,0.0,0,0.0,0,994.6,351.9884956679884,3.38607508296661,115,,
2018,9,7,4,0,9.4,-93,0,8.8,0,0.0,0,0.0,0,994.2,354.8890760722013,3.5791718396707144,103,,
2018,9,7,5,0,9.4,-83,1.1,8.9,4,0.0,1,0.0,0,993.8,356.24377814125216,3.972645304767006,92,,
2018,9,7,6,0,9.6,-73,30.2,9,66,14.0,1,4.000000000000001,0,993.7,2.688546552447804,6.36027241684987,81,,
2018,9,7,7,0,10,-62,74.7,9.1,63,254.0,0,84.55443155912727,0,993.8,17.047932899084003,7.46982705558239,71,,
2018,9,7,8,0,10.4,-49,76.4,9.1,103,519.0,0,259.7580129160781,0,993.9,31.78249208037289,8.441849728240951,61,,
2018,9,7,9,0,10.6,-34,80.8,9.2,108,653.0,0,438.39721239162094,0,994.1,40.54534778431008,8.352726954185815,54,,
2018,9,7,10,0,10.7,-15,41.2,9.5,291,812.0,91,588.6416760276277,0,994.4,47.45829590230653,7.779982823675312,49,,
2018,9,7,11,0,10.7,4,46.1,9.8,297,833.0,65,680.2564544308126,0,994.7,46.02442120930721,6.8556811873079,48,,
2018,9,7,12,0,10.6,24,37.5,9.8,223,840.0,169,717.748796963836,0,995.2,37.72058972994711,6.492072980033654,51,,
2018,9,7,13,0,10.4,41,49.5,9.6,212,826.0000000000001,60,693.8260855007378,0,995.9,33.48692874545867,7.085540533249603,57,,
2018,9,7,14,0,10.2,55,48.9,9.3,146,785.0,43,605.6765820323442,0,996.7,28.27667332328729,7.277892607520302,65,,
2018,9,7,15,0,10,67,24.8,9.1,125,706.0,37,460.3769908407217,0,997.6,32.04649092317516,7.250040588594143,75,,
2018,9,7,16,0,9.8,77,52.9,8.8,22,551.0,0,268.6668026801882,0,998.6,35.04033147049785,7.353309127927588,86,,
2018,9,7,17,0,9.5,87,57.2,8.6,0,326.0,0,74.09198523598141,0,999.7,34.78741426533452,6.827409554018264,97,,
2018,9,7,18,0,9.4,97,48,8.4,0,0.0,0,0.0,0,1000.5,34.13979966529871,6.711523885277039,108,,
2018,9,7,19,0,9.3,108,46.3,8.3,0,0.0,0,0.0,0,1001.1,31.039981142755323,6.4832886762560165,119,,
2018,9,7,20,0,9.2,121,62.9,8.2,0,0.0,0,0.0,0,1001.7,27.36160044685965,6.102391229439193,129,,
2018,9,7,21,0,9.1,138,61.9,8.1,0,0.0,0,0.0,0,1002.1,21.584950794498297,5.388104748030182,138,,
2018,9,7,22,0,9,160,52.9,8,0,0.0,0,0.0,0,1002.4,13.551233271443609,5.421185199490118,144,,
2018,9,7,23,0,8.9,-174,42.3,7.9,0,0.0,0,0.0,0,1002.6,16.918786467531334,5.333887513495417,145,,
2018,9,8,0,0,8.8,-150,42.2,7.8,0,0.0,0,0.0,0,1002.8,10.909994151899925,5.398352620938431,142,,
2018,9,8,1,0,8.7,-130,42.8,7.7,0,0.0,0,0.0,0,1003.1,13.68007749409452,5.905821047954431,134,,
2018,9,8,2,0,8.6,-115,35.7,7.6,0,0.0,0,0.0,0,1003.4,7.152614638973432,6.035247446500746,125,,
2018,9,8,3,0,8.6,-103,31.8,7.5,0,0.0,0,0.0,0,1003.9,3.541268179626286,5.474320027397324,114,,
2018,9,8,4,0,8.5,-93,0,7.3,0,0.0,0,0.0,0,1004.6,0.137269386308958,4.8913714597884725,103,,
2018,9,8,5,0,8.4,-83,0.2,7.2,4,0.0,2,0.0,0,1005.4,357.7180528713654,3.807707048536176,92,,
2018,9,8,6,0,8.7,-73,32.8,7.2,71,10.0,10,3.0000000000000004,0,1006,343.55875455269546,2.79392996300138,81,,
2018,9,8,7,0,9.5,-62,9.9,7.2,119,120.0,152,65.34950289857575,0,1006.5,348.60010366740937,2.439484717452367,70,,
2018,9,8,8,0,10.3,-49,0.6,7.3,89,222.0,375,184.7157617522757,0,1007.1,339.8886465767497,1.947610776686375,61,,
2018,9,8,9,0,10.7,-34,4.2,7.1,143,435.0,428,357.1593732686944,0,1007.4,316.440076538088,1.6417451395201297,53,,
2018,9,8,10,0,10.7,-15,21.1,6.6,332,581.0,199,528.1016269559104,0,1007.6,321.89812495151625,1.816826228329312,49,,
2018,9,8,11,0,10.7,5,26.6,6.1,378,603.0,130,610.6572761471998,0,1007.7,308.6744601307912,2.832899100089328,47,,
2018,9,8,12,0,10.6,24,3.7,5.8,141,566.0000000000001,484,621.6302906709626,0,1007.9,298.32351577302336,4.2874521105457895,50,,
2018,9,8,13,0,10.4,41,8.6,5.6,173,533.0,328,585.6387592669705,0,1008.2,299.76619966422527,5.859824003182213,56,,
2018,9,8,14,0,10.2,55,5.9,5.4,122,387.0,256,453.69416599205874,0,1008.4,303.2153636423993,7.453633433020171,65,,
2018,9,8,15,0,9.9,67,24.1,5.2,123,134.0,49,234.8883796171136,0,1008.8,309.4298597384298,8.752240374396523,75,,
2018,9,8,16,0,9.6,78,41.1,4.9,30,22.0,0,72.57272542328501,0,1009.4,310.989888008514,8.98807093023185,85,,
2018,9,8,17,0,9.2,87,36.1,4.6,0,11.0,0,14.862074502882036,0,1009.9,309.3702650514711,8.483907251127357,97,,
2018,9,8,18,0,8.9,97,27.4,4.7,0,0.0,0,0.0,0,1010.4,309.4672872883741,7.61338813123451,108,,
2018,9,8,19,0,8.7,109,35.8,5.1,0,0.0,0,0.0,0,1010.9,309.8819978267361,6.631916165305445,119,,
2018,9,8,20,0,8.5,122,2.9,5.4,0,0.0,0,0.0,0,1011.3,305.5884319702235,5.702891159489245,129,,
2018,9,8,21,0,8.5,139,0,6,0,0.0,0,0.0,0,1011.4,295.18012594454893,4.928541252732947,138,,
2018,9,8,22,0,8.8,160,0,6.6,0,0.0,0,0.0,0,1011.3,294.24168856791016,5.809380981417609,144,,
2018,9,8,23,0,9.1,-174,0,7.3,0,0.0,0,0.0,0,1011.1,276.2467944838873,7.078896697294423,145,,
2018,9,9,0,0,9.3,-150,0,7.6,0,0.0,0,0.0,0,1011.1,278.4459514838272,9.476307075372889,141,,
2018,9,9,1,0,9.2,-130,0,7.6,0,0.0,0,0.0,0,1011.1,319.9795811785225,8.79468879839853,134,,
2018,9,9,2,0,9.2,-115,6.8,7.6,0,0.0,0,0.0,0,1011.2,357.56619051212846,8.589290974079784,125,,
2018,9,9,3,0,9.2,-103,40.5,7.3,0,0.0,0,0.0,0,1011.5,353.3555215127591,8.939930168626917,114,,
2018,9,9,4,0,9.1,-93,30.9,6.9,0,0.0,0,0.0,0,1012,350.41996454616793,8.92797556476022,103,,
2018,9,9,5,0,9.1,-83,39.8,6.4,3,0.0,0,0.0,0,1012.5,347.8153668263022,8.750595515285744,91,,
2018,9,9,6,0,9.5,-73,45.8,6.3,61,4.0,0,3.0000000000000004,0,1013,343.4487451284174,9.470024526699252,80,,
2018,9,9,7,0,10.4,-62,45.1,6.4,160,48.0,1,56.39717718373255,0,1013.5,334.38361911740714,9.443331644043152,70,,
2018,9,9,8,0,11.3,-49,39.2,6.5,264,61.0,10,135.7440603381062,0,1013.9,338.786078875167,9.700824581570808,60,,
2018,9,9,9,0,11.7,-34,48.4,6.9,303,21.0,0,143.14987515112156,0,1014.1,339.8014389703701,10.63889303409976,53,,
2018,9,9,10,0,11.7,-15,56.3,7.4,291,44.0,0,235.7788477085404,0,1014.1,353.4276562317986,12.46964420372366,48,,
2018,9,9,11,0,11.6,5,63.4,7.9,252,135.0,0,376.47925182810206,0,1014,0.710679211746708,14.801919884778144,47,,
2018,9,9,12,0,11.6,24,49.1,8.3,282,116.0,44,371.3912341789452,0,1014.1,16.72476826812317,16.745218400476347,50,,
2018,9,9,13,0,11.5,41,51.9,8.5,226,226.0,38,432.3993345111048,0,1014.3,22.23352578740673,15.340793456852328,56,,
2018,9,9,14,0,11.4,56,47.1,8.8,155,431.0,59,476.9710051814992,0,1014.4,21.42308824802637,13.60161864889739,65,,
2018,9,9,15,0,11.3,67,63,9,82,455.0,4,385.50352747487887,0,1014.8,19.655986979136173,11.31095362468592,74,,
2018,9,9,16,0,11.1,78,22.7,9,30,358.0,2,225.52328715752503,0,1015.3,17.76156979276209,9.650168361702232,85,,
2018,9,9,17,0,10.8,88,0.2,9.1,0,173.0,0,54.86559477614412,0,1015.8,20.41940808404047,9.154323922115909,96,,
2018,9,9,18,0,10.6,98,0.6,9.1,0,0.0,0,0.0,0,1016.4,20.05135937471067,8.544792423684617,108,,
2018,9,9,19,0,10.4,109,19.2,9,0,0.0,0,0.0,0,1017,22.04493074423459,8.83198761623424,119,,
2018,9,9,20,0,10.2,122,35.8,9,0,0.0,0,0.0,0,1017.7,20.444046620362144,8.8439100069055,129,,
2018,9,9,21,0,10.2,139,26,9,0,0.0,0,0.0,0,1018,17.366912858695287,8.09331638691708,138,,
2018,9,9,22,0,10.2,161,27.9,9.3,0,0.0,0,0.0,0,1018.2,1.2931388413213654,7.7890931093462,143,,
2018,9,9,23,0,10.3,-174,1.5,9.5,0,0.0,0,0.0,0,1018.3,10.138683706252948,8.809686309656323,145,,
2018,9,10,0,0,10.3,-150,0,9.6,0,0.0,0,0.0,0,1018.5,7.432683929216523,7.562321471637025,141,,
2018,9,10,1,0,10.2,-131,0,9.4,0,0.0,0,0.0,0,1018.7,11.540859995668312,8.517666804659616,134,,
2018,9,10,2,0,10.1,-116,0,9.3,0,0.0,0,0.0,0,1019,4.40898908090378,8.345987312875845,124,,
2018,9,10,3,0,10,-104,0,9.1,0,0.0,0,0.0,0,1019.4,357.3567985333413,8.518095760453416,114,,
2018,9,10,4,0,9.9,-93,1.1,9,0,0.0,0,0.0,0,1019.9,359.9448034326632,8.109622903757462,102,,
2018,9,10,5,0,9.8,-83,0.2,8.8,5,0.0,3,0.0,0,1020.5,356.08591552902004,8.35493686547159,91,,
2018,9,10,6,0,10.2,-73,11.1,8.7,59,4.0,54,3.0000000000000004,0,1020.8,359.172431700431,8.485504261407337,80,,
2018,9,10,7,0,11.1,-62,40.8,8.8,154,39.0,29,54.78320628928257,0,1021,359.57313967757506,8.061503019717149,70,,
2018,9,10,8,0,12,-49,41.1,8.8,268,84.0,18,151.52102104821762,0,1021.2,355.3742636708821,7.244299591944976,60,,
2018,9,10,9,0,12.4,-34,22.5,8.6,291,182.0,188,288.29341360877294,0,1021.2,357.6284976049689,6.8146744241421535,53,,
2018,9,10,10,0,12.3,-15,31.9,8.3,347,317.0,121,432.2070931298029,0,1020.9,0.4185663722142294,8.020721837709658,48,,
2018,9,10,11,0,12.1,5,61.5,7.9,272,354.0,0,509.1977795341966,0,1020.6,6.822930686076177,8.707171641365026,47,,
2018,9,10,12,0,12,25,60.1,7.7,263,345.0,0,524.7892594527852,0,1020.4,10.238108575863862,8.848655435423543,50,,
2018,9,10,13,0,11.9,42,66.4,7.8,188,415.0,0,536.8925917787865,0,1020.1,9.267691407840973,7.975443859663493,56,,
2018,9,10,14,0,11.8,56,67.6,7.8,135,408.0,0,468.76248866719857,0,1019.8,8.220990176552107,8.205659968743074,64,,
2018,9,10,15,0,11.5,68,66.8,7.8,76,261.0,0,306.37183100695813,0,1019.8,11.012155917225186,9.341689255732762,74,,
2018,9,10,16,0,11.1,78,39.2,7.8,20,106.0,1,135.2525985559577,0,1020,16.377430814142656,9.517519920354326,85,,
2018,9,10,17,0,10.6,88,0,7.8,0,37.0,0,26.511565198021792,0,1020.2,18.81110024805747,8.667035599720721,96,,
2018,9,10,18,0,10.2,98,0,7.7,0,0.0,0,0.0,0,1020.3,22.694958522654645,8.267848146725603,108,,
2018,9,10,19,0,9.7,109,18.1,7.5,0,0.0,0,0.0,0,1020.3,12.853566408607378,7.143355087651966,119,,
2018,9,10,20,0,9.3,122,39.5,7.3,0,0.0,0,0.0,0,1020.3,7.991783501848658,5.935329366742442,129,,
2018,9,10,21,0,9,139,39.5,7.3,0,0.0,0,0.0,0,1020.1,0.3567944108132792,5.920036659650769,137,,
2018,9,10,22,0,9,161,23,7.5,0,0.0,0,0.0,0,1019.8,2.572254075993669,6.391938435978359,143,,
2018,9,10,23,0,9,-174,13.6,7.8,0,0.0,0,0.0,0,1019.5,9.81698671734216,6.5294460059367605,144,,
2018,9,11,0,0,9,-150,3.5,7.9,0,0.0,0,0.0,0,1019,22.40515165112987,6.174078058036969,141,,
2018,9,11,1,0,9,-131,7.8,7.8,0,0.0,0,0.0,0,1018.3,19.936629331413485,4.731299103012163,133,,
2018,9,11,2,0,9,-116,0,7.7,0,0.0,0,0.0,0,1017.7,24.12320970236715,3.252020803669456,124,,
2018,9,11,3,0,9,-104,0,7.7,0,0.0,0,0.0,0,1017.3,347.54135113770144,3.1573573898645293,113,,
2018,9,11,4,0,9,-93,0,7.7,0,0.0,0,0.0,0,1017.2,330.2754147629645,3.3339484938582977,102,,
2018,9,11,5,0,9.1,-84,1.9,7.7,7,0.0,2,0.0,0,1017,328.67624344471164,3.052031647870575,91,,
2018,9,11,6,0,9.7,-74,41.4,8,72,7.0,14,4.0,0,1016.9,324.9949390910612,2.021138803918448,80,,
2018,9,11,7,0,11,-63,53,8.3,143,45.0,5,58.60955630729825,0,1016.9,311.9129342700507,0.4199361399512019,69,,
2018,9,11,8,0,12.2,-50,53.1,8.7,233,81.0,0,151.12918768493327,0,1016.8,229.9119957117693,1.4838829429606042,60,,
2018,9,11,9,0,12.9,-34,34.3,8.8,369,163.0,41,280.8025973691916,0,1016.4,208.11410192785624,2.6495296510706323,52,,
2018,9,11,10,0,13.1,-15,11.1,8.5,237,352.0,384,446.97578996207153,0,1015.6,207.47010924834584,2.986091040511781,47,,
2018,9,11,11,0,13.4,5,23.8,8.2,364,540.0,180,590.4273278212206,0,1014.8,221.27143351439045,4.093518345226175,46,,
2018,9,11,12,0,13.5,25,15.7,8.1,291,694.0000000000001,272,684.6833953652125,0,1014,247.055670280976,4.659404639668539,49,,
2018,9,11,13,0,13.5,42,9.5,8.3,190,722.0,321,677.2065991718324,0,1013.3,244.61555435128065,4.642027498490448,56,,
2018,9,11,14,0,13.5,56,48.8,8.5,184,686.0,31,591.1410862034486,0,1012.6,238.1438080927253,4.790399237263134,64,,
2018,9,11,15,0,13.3,68,44.9,8.6,103,584.0,12,438.9821173904485,0,1012.2,239.51424678720812,4.983639277148425,74,,
2018,9,11,16,0,13,79,37,8.5,29,380.0,10,235.91599304847549,0,1012.1,224.44868827097525,4.431534242593043,85,,
2018,9,11,17,0,12.7,89,46.8,8.4,0,170.0,0,62.48842650968868,0,1012.1,203.72203130027376,4.270490372851371,96,,
2018,9,11,18,0,12.4,99,47.3,8.4,0,0.0,0,0.0,0,1012.1,196.7274710472188,4.604254675005337,107,,
2018,9,11,19,0,12.1,110,39.3,8.5,0,0.0,0,0.0,0,1012.2,185.1248011064553,5.11100745880659,118,,
2018,9,11,20,0,11.9,123,23,8.6,0,0.0,0,0.0,0,1012.3,191.4314074429216,4.471515386744978,128,,
2018,9,11,21,0,11.9,140,8.6,8.7,0,0.0,0,0.0,0,1012.2,225.11822251655263,4.685282933130364,137,,
2018,9,11,22,0,12.3,161,0,9,0,0.0,0,0.0,0,1012.1,272.2652562494004,9.12920435629696,143,,
2018,9,11,23,0,12.7,-174,0,9.3,0,0.0,0,0.0,0,1012,315.50374236458987,13.15587104831505,144,,
2018,9,12,0,0,12.8,-150,0,9.4,0,0.0,0,0.0,0,1011.8,321.9295774321092,11.901977818882344,140,,
2018,9,12,1,0,12.8,-131,0,9.4,0,0.0,0,0.0,0,1011.7,348.8767002761514,16.19834025116374,133,,
2018,9,12,2,0,12.8,-116,0,9.5,0,0.0,0,0.0,0,1011.6,341.53094429469763,11.672481546638627,124,,
2018,9,12,3,0,12.8,-104,0,9.5,0,0.0,0,0.0,0,1011.7,340.21993978578627,11.695157653354308,113,,
2018,9,12,4,0,12.7,-94,0,9.6,0,0.0,0,0.0,0,1012,334.3302824362075,11.61292142082837,102,,
2018,9,12,5,0,12.6,-84,0.2,9.6,7,0.0,2,0.0,0,1012.4,324.49439817644185,10.848778528904951,90,,
2018,9,12,6,0,13,-74,3.4,9.9,58,2.0,69,3.0,0,1012.7,324.32283309748726,13.441144681833846,79,,
2018,9,12,7,0,14.1,-63,0,10.3,87,11.0,224,35.186814922313275,0,1013.1,333.9496220372952,13.795829484926172,69,,
2018,9,12,8,0,15.1,-50,9.9,10.8,189,99.0,238,160.8179335616344,0,1013.5,332.9933323784882,14.13732645963744,59,,
2018,9,12,9,0,15.6,-34,62.7,11,189,398.0,32,371.9410520344584,0,1013.6,335.597944078107,16.992575947497947,52,,
2018,9,12,10,0,15.6,-15,79.6,10.9,141,440.0,0,494.8075180102177,0,1013.4,336.96481570289313,17.4000965521315,47,,
2018,9,12,11,0,15.7,5,78.2,10.8,153,487.0,0,581.0200525315322,0,1013.3,344.5001360902398,16.55218009448312,46,,
2018,9,12,12,0,15.6,25,70.2,10.8,195,500.0,0,610.4388376231218,0,1013.1,354.0731540120784,15.131912356316317,49,,
2018,9,12,13,0,15.5,42,50.3,10.9,275,476.0,0,577.3254359550813,0,1012.9,352.4727793550658,14.313282716162922,55,,
2018,9,12,14,0,15.3,57,13.1,11,162,462.0,188,503.5571852974512,0,1012.7,354.03804355992423,14.441393570795084,64,,
2018,9,12,15,0,14.7,68,17,11.1,121,389.0,68,370.3267784845874,0,1012.7,350.9620954437073,13.925329471231173,74,,
2018,9,12,16,0,13.7,79,3.4,11.1,30,257.0,28,201.1698497536118,0,1013,351.06031436249765,12.870455581056811,85,,
2018,9,12,17,0,12.7,89,0,11.1,0,133.0,0,57.299066402361134,0,1013.2,352.8022572592069,10.974175787631363,96,,
2018,9,12,18,0,11.9,99,0,10.9,0,0.0,0,0.0,0,1013.4,354.7637615526917,10.692570640704329,107,,
2018,9,12,19,0,11.4,110,0,10.5,0,0.0,0,0.0,0,1013.6,343.8515307593431,8.98868896740036,118,,
2018,9,12,20,0,10.8,123,0,10,0,0.0,0,0.0,0,1013.8,339.0972159917534,8.758815769168026,128,,
2018,9,12,21,0,10.5,140,0,9.7,0,0.0,0,0.0,0,1013.8,333.6470177297788,8.643095197996558,137,,
2018,9,12,22,0,10.4,162,0,9.5,0,0.0,0,0.0,0,1013.5,329.0247631996839,8.56751847950568,142,,
2018,9,12,23,0,10.4,-174,0,9.2,0,0.0,0,0.0,0,1013.2,327.1780406097178,8.294911757557992,143,,
2018,9,13,0,0,10.4,-150,0,9.2,0,0.0,0,0.0,0,1013,326.4179266048258,8.442264882152621,140,,
2018,9,13,1,0,10.5,-131,0,9.2,0,0.0,0,0.0,0,1012.8,329.8739879233192,8.376315145286188,133,,
2018,9,13,2,0,10.6,-116,0,9.2,0,0.0,0,0.0,0,1012.5,332.2323609444177,8.807440265655435,123,,
2018,9,13,3,0,10.8,-104,0,9.3,0,0.0,0,0.0,0,1012.5,328.7887666070989,10.06206993108032,113,,
2018,9,13,4,0,11,-94,0,9.3,0,0.0,0,0.0,0,1012.6,327.2385033513229,9.981851646931528,101,,
2018,9,13,5,0,11.2,-84,2.5,9.4,9,0.0,2,0.0,0,1012.7,326.7455751759473,9.876345995422122,90,,
2018,9,13,6,0,12,-74,30.6,9.8,97,2.0,0,3.0,0,1013,325.35682474976096,10.144183270784406,79,,
2018,9,13,7,0,13.6,-63,11.8,10.5,128,10.0,164,37.13374960022781,0,1013.4,322.6609069727552,11.15623344024797,68,,
2018,9,13,8,0,15.1,-50,0,11.2,98,26.0,392,108.71273810880363,0,1013.8,323.56751324822244,11.352869894478056,59,,
2018,9,13,9,0,16.1,-34,5.7,11.5,166,57.0,418,210.0823243152585,0,1013.8,324.71679285100726,11.853714942984878,51,,
2018,9,13,10,0,16.4,-15,3.4,11.3,146,31.0,525,229.1168269046304,0,1013.4,321.40100860256433,12.177175525852544,47,,
2018,9,13,11,0,16.8,5,27.9,11.2,398,36.0,112,271.0609383217569,0,1013,316.31013235547755,12.556326789393292,46,,
2018,9,13,12,0,16.8,25,34.3,11.2,358,74.0,77,349.07162542702366,0,1012.7,314.0612846653993,13.635387354567428,49,,
2018,9,13,13,0,16.6,43,22.4,11.3,270,43.0,161,276.5813995304256,0,1012.3,310.6232238029576,13.353299364450908,55,,
2018,9,13,14,0,16.3,57,6.7,11.4,137,41.0,244,230.51240027022865,0,1012,314.8295283070411,13.28714075159094,64,,
2018,9,13,15,0,15.8,69,45,11.4,129,47.0,2,181.0229548520413,0,1011.8,318.48751405680434,12.1008847553546,74,,
2018,9,13,16,0,14.9,79,39.3,11.4,35,28.0,0,92.1423210328337,0,1011.7,319.1418518812088,11.554152171312372,85,,
2018,9,13,17,0,14,89,40.2,11.4,0,9.0,0,19.674507778138373,0,1011.6,326.0867722974216,10.952568029154534,96,,
2018,9,13,18,0,13.5,99,49.8,11.1,0,0.0,0,0.0,0,1011.5,326.35658310273465,10.145965606968227,107,,
2018,9,13,19,0,13.2,110,39.1,10.5,0,0.0,0,0.0,0,1011.3,325.46174698764025,10.17761572704801,118,,
2018,9,13,20,0,13,124,41.3,9.9,0,0.0,0,0.0,0,1011.1,329.16397432176257,9.428258634333949,128,,
2018,9,13,21,0,13.2,141,28.1,9.6,0,0.0,0,0.0,0,1010.6,330.13220980614176,8.52628718989524,136,,
2018,9,13,22,0,13.8,162,42.3,9.5,0,0.0,0,0.0,0,1009.9,313.1228765408098,7.952831543940057,142,,
2018,9,13,23,0,14.4,-174,43.1,9.4,0,0.0,0,0.0,0,1009.3,313.05213954538067,8.385338128158466,143,,
2018,9,14,0,0,14.7,-150,30.9,9.4,0,0.0,0,0.0,0,1008.5,310.8564476839725,9.074202052678656,139,,
2018,9,14,1,0,14.8,-131,52.7,9.4,0,0.0,0,0.0,0,1007.8,299.8194059658816,9.102964111593046,132,,
2018,9,14,2,0,14.9,-117,67.3,9.5,0,0.0,0,0.0,0,1007.1,287.6725612215997,8.587394028499805,123,,
2018,9,14,3,0,14.9,-105,66,9.5,0,0.0,0,0.0,0,1006.5,288.51599760571884,7.695475236750123,112,,
2018,9,14,4,0,14.9,-94,60.6,9.3,0,0.0,0,0.0,0,1006.1,296.2378773752948,6.76869248852729,101,,
2018,9,14,5,0,14.9,-84,55.3,9.1,7,0.0,0,0.0,0,1005.6,303.3720208480148,6.550533328656467,90,,
2018,9,14,6,0,15.5,-74,9.9,9.4,81,15.0,48,7.000000000000001,0,1005.3,303.40544223038813,6.570014652028286,79,,
2018,9,14,7,0,16.8,-63,0.9,10.1,99,114.0,221,87.55224579551647,0,1005.1,294.09673648305943,6.845028505265963,68,,
2018,9,14,8,0,18.1,-50,6.7,10.8,179,409.0,275,267.6012382693144,0,1004.8,298.2216362725291,7.304338856909015,59,,
2018,9,14,9,0,18.7,-34,11.4,10.9,219,594.0,337,456.05380613294585,0,1004.3,302.98235473433715,8.27793388909325,51,,
2018,9,14,10,0,18.6,-15,2.2,10.6,148,726.0,534,609.1293798006177,0,1003.5,304.75990816097686,10.096396241072911,46,,
2018,9,14,11,0,18.6,6,2.8,10.2,159,750.0,532,700.0637977266338,0,1002.7,308.69762698762696,11.206384937348393,45,,
2018,9,14,12,0,18.4,26,43.3,10.1,345,750.0,31,731.3341256986591,0,1002,308.670235815116,11.313103962682648,48,,
2018,9,14,13,0,18,43,40.7,10.3,276,711.0,49,692.2987743036647,0,1001.5,309.3614841666108,12.070933151337163,55,,
2018,9,14,14,0,17.7,57,74.9,10.4,110,637.0,0,589.0173606179598,0,1001,311.5677547923462,11.689956580261704,63,,
2018,9,14,15,0,17,69,47.5,10.5,106,445.0,4,399.1630818356624,0,1000.8,314.9351767568176,11.138837901053156,73,,
2018,9,14,16,0,16,80,54.3,10.4,28,134.0,2,158.01806548893262,0,1000.9,315.08859512634024,9.378153003725814,84,,
2018,9,14,17,0,15.1,90,36.6,10.3,0,44.0,0,37.33420224645621,0,1001,320.1285083611739,7.960579494404059,96,,
2018,9,14,18,0,14.1,100,20.5,10.3,0,0.0,0,0.0,0,1001.3,326.065957095251,7.903195198112349,107,,
2018,9,14,19,0,13.2,111,42.8,10.5,0,0.0,0,0.0,0,1001.8,333.35496605303666,7.352063286616069,118,,
2018,9,14,20,0,12.4,124,86.1,10.6,0,0.0,0,0.0,0,1002.2,333.3430445808006,7.147128813973299,128,,
2018,9,14,21,0,11.8,141,82.4,10.6,0,0.0,0,0.0,0,1002.2,319.0154920870837,6.180431899847049,136,,
2018,9,14,22,0,11.5,162,85.7,10.5,0,0.0,0,0.0,0,1001.8,287.9458770949878,6.059966216575449,141,,
2018,9,14,23,0,11.2,-174,84.2,10.4,0,0.0,0,0.0,0,1001.3,284.48896938607766,6.714526534562755,143,,
2018,9,15,0,0,11.1,-150,85,10.4,0,0.0,0,0.0,0,1000.9,276.2743933408097,9.90724579652712,139,,
2018,9,15,1,0,11,-132,85.5,10.3,0,0.0,0,0.0,0,1000.4,262.46654234671735,7.629329331752658,132,,
2018,9,15,2,0,10.9,-117,84,10.2,0,0.0,0,0.0,0,999.9,263.610672047148,12.575178969457715,123,,
2018,9,15,3,0,10.7,-105,84.1,10.1,0,0.0,0,0.0,0,999.8,269.33704553707526,10.82445506041334,112,,
2018,9,15,4,0,10.5,-94,47.6,9.9,0,0.0,0,0.0,0,999.9,303.6914238959316,2.860308312440414,101,,
2018,9,15,5,0,10.3,-85,28,9.7,8,0.0,0,0.0,0,1000,257.76268217182974,1.7749494585712808,90,,
2018,9,15,6,0,10.5,-74,37.3,9.6,90,3.0,11,4.0,0,1000,271.4964790687027,6.347623957625191,78,,
2018,9,15,7,0,11,-63,12.1,9.6,132,6.0,164,29.746413280746054,0,999.9,320.4836650704368,11.610429679947275,68,,
2018,9,15,8,0,11.5,-50,17.9,9.6,135,10.0,286,78.0776686437443,0,999.9,301.56700265110686,10.431217567137438,58,,
2018,9,15,9,0,11.9,-34,27.3,9.4,331,36.0,128,184.8666287915704,0,1000,334.53325824045305,16.997239393594885,51,,
2018,9,15,10,0,12,-15,44.1,8.9,324,44.0,72,253.17974402646576,0,1000.3,328.957457037289,14.91997231540975,46,,
2018,9,15,11,0,12.2,6,17,8.4,318,117.0,283,384.37987897940417,0,1000.5,324.55571046979355,14.817818980370932,45,,
2018,9,15,12,0,12.2,26,24.5,8,250,183.0,268,452.5157381011064,0,1000.8,327.1743655244285,17.997844441145283,48,,
2018,9,15,13,0,12.1,43,29.8,7.8,215,183.0,187,428.5230101075463,0,1001.3,341.90610722830854,19.11775858922074,54,,
2018,9,15,14,0,12,58,34.4,7.6,178,196.0,106,378.5838573087137,0,1001.7,12.187571645774824,22.462816417887613,63,,
2018,9,15,15,0,11.7,70,44.8,7.5,88,139.0,41,259.1139959063651,0,1002.4,24.92716385485369,21.95300669383688,73,,
2018,9,15,16,0,11.1,80,0,7.3,29,59.0,41,119.79338658407542,0,1003.2,23.63731460249477,19.27510559322759,84,,
2018,9,15,17,0,10.6,90,0,7.2,0,25.0,0,30.81928764051254,0,1004.1,18.29452857635272,15.782329773552132,95,,
2018,9,15,18,0,10,100,0,7,0,0.0,0,0.0,0,1004.9,16.10886322880043,14.751565132912626,107,,
2018,9,15,19,0,9.4,111,0,6.6,0,0.0,0,0.0,0,1005.6,20.454564938224337,13.858396497759502,118,,
2018,9,15,20,0,8.8,124,0,6.3,0,0.0,0,0.0,0,1006.3,22.727443428120186,12.112626519049272,128,,
2018,9,15,21,0,8.5,141,0,6.1,0,0.0,0,0.0,0,1006.8,23.8302262753486,11.393448807987948,136,,
2018,9,15,22,0,8.5,162,0,6,0,0.0,0,0.0,0,1007,28.07733428169871,10.863999349541428,141,,
2018,9,15,23,0,8.5,-173,0,5.9,0,0.0,0,0.0,0,1007.1,39.1394627487939,9.090920237431412,142,,
2018,9,16,0,0,8.4,-151,0,5.7,0,0.0,0,0.0,0,1007.3,30.722113771079137,7.1678337146814135,139,,
2018,9,16,1,0,8.2,-132,0,5.4,0,0.0,0,0.0,0,1007.3,28.1105399482554,10.638731666202233,132,,
2018,9,16,2,0,8.1,-117,0,5.1,0,0.0,0,0.0,0,1007.4,19.91001527204577,9.663281056813291,122,,
2018,9,16,3,0,8,-105,0,4.9,0,0.0,0,0.0,0,1007.5,16.84368480087261,7.940255475294196,112,,
2018,9,16,4,0,7.8,-95,0,4.6,0,0.0,0,0.0,0,1007.7,24.138251734876462,7.426191520293717,101,,
2018,9,16,5,0,7.7,-85,0.1,4.4,10,0.0,10,0.0,0,1007.9,18.681599173611914,6.40251352621554,89,,
2018,9,16,6,0,8.1,-75,6.6,4.4,62,37.0,100,9.000000000000002,0,1008,11.237421405943737,5.71279672920467,78,,
2018,9,16,7,0,8.9,-64,6.2,4.5,106,227.0,234,107.49646333946632,0,1008,355.4991177055932,5.543952322346172,67,,
2018,9,16,8,0,9.8,-50,21.2,4.6,182,351.0,244,257.9792711069024,0,1007.9,355.0447669716364,5.596355880824614,58,,
2018,9,16,9,0,10.3,-34,36.5,4.6,247,467.0,171,420.3458556721377,0,1007.8,14.305032229279163,7.825649639133807,50,,
2018,9,16,10,0,10.4,-15,32.7,4.5,283,510.0,218,538.1348280547538,0,1007.6,19.632569944398483,9.03137190119434,45,,
2018,9,16,11,0,10.6,6,55.5,4.4,302,519.0,37,611.7280789584961,0,1007.4,25.90223033800413,9.66476217403063,45,,
2018,9,16,12,0,10.6,26,73.7,4.4,187,559.0,0,654.3254717487775,0,1007.3,19.30000802068662,9.675078297576691,48,,
2018,9,16,13,0,10.4,44,66.2,4.4,206,505.0,0,606.1410236275868,0,1007.3,14.989398818471614,9.557380034880984,54,,
2018,9,16,14,0,10.3,58,68.1,4.4,139,462.0,0,519.203602080084,0,1007.2,12.604194198186178,9.036623128584774,63,,
2018,9,16,15,0,10,70,19.9,4.4,129,360.0,72,371.1445390620096,0,1007.4,13.938261887110343,9.383465991104469,73,,
2018,9,16,16,0,9.4,80,5.9,4.4,30,301.0,41,228.25626803885763,0,1007.8,9.617351912541269,9.64185930014032,84,,
2018,9,16,17,0,8.9,90,0,4.4,0,119.0,0,62.33945493630435,0,1008.2,10.186236629229825,8.755185702308092,95,,
2018,9,16,18,0,8.3,100,0,4.4,0,0.0,0,0.0,0,1008.4,7.932236836490688,6.96853054453759,106,,
2018,9,16,19,0,7.7,112,0,4.2,0,0.0,0,0.0,0,1008.6,350.60867892095666,7.449455241473578,117,,
2018,9,16,20,0,7.1,125,0,4,0,0.0,0,0.0,0,1008.7,347.68385736871835,7.277097791036169,127,,
2018,9,16,21,0,7,142,0,4,0,0.0,0,0.0,0,1008.7,348.5508068275734,7.190196074815198,136,,
2018,9,16,22,0,7.5,163,0,4,0,0.0,0,0.0,0,1008.6,352.65231578037486,8.197195311384052,141,,
2018,9,16,23,0,7.9,-173,0,4.1,0,0.0,0,0.0,0,1008.6,348.2767217529617,8.455430123731652,142,,
2018,9,17,0,0,8.2,-151,0,4.1,0,0.0,0,0.0,0,1008.6,344.8849094319799,8.227004373534879,138,,
2018,9,17,1,0,8.4,-132,0,4.1,0,0.0,0,0.0,0,1008.6,342.4032740264163,7.6363743892210545,131,,
2018,9,17,2,0,8.6,-117,0,4.1,0,0.0,0,0.0,0,1008.7,340.652626943683,7.795972057034583,122,,
2018,9,17,3,0,8.8,-105,0,4.2,0,0.0,0,0.0,0,1008.8,340.7868485034654,8.34467399138648,111,,
2018,9,17,4,0,8.9,-95,0,4.4,0,0.0,0,0.0,0,1009.1,334.5603387821924,8.049541309420823,100,,
2018,9,17,5,0,9.1,-85,3.9,4.5,15,0.0,4,0.0,0,1009.4,328.8933272232107,8.023613063299239,89,,
2018,9,17,6,0,9.5,-75,16.3,5,77,6.0,70,6.0,0,1009.6,329.8766609244491,8.087053367539836,78,,
2018,9,17,7,0,10.3,-64,24.8,5.7,175,25.0,94,57.38726664325927,0,1009.9,330.4595168151114,7.39346808011339,67,,
2018,9,17,8,0,11,-51,17.4,6.5,236,32.0,198,124.20461094832292,0,1010.2,329.4400130210795,6.999041099946538,58,,
2018,9,17,9,0,11.5,-35,42.1,6.8,370,20.0,6,153.58841243289947,0,1010.4,323.8692386364148,9.091869802213225,50,,
2018,9,17,10,0,11.6,-15,27.8,6.8,301,8.0,223,147.84414561206947,0,1010.5,319.1702023336229,10.53090291342711,45,,
2018,9,17,11,0,11.7,6,41.2,6.7,390,33.0,45,283.7200478066487,0,1010.6,314.2621623776273,12.387134844558997,44,,
2018,9,17,12,0,11.8,26,52.7,6.8,284,10.0,41,190.22645676259737,0,1010.8,311.44080739693925,14.00151467857372,47,,
2018,9,17,13,0,11.8,44,44.3,6.9,258,21.0,70,235.81904934509436,0,1011,315.4004913810207,13.682574256773536,54,,
2018,9,17,14,0,11.8,58,35.4,7,177,8.0,97,140.10983874283056,0,1011.3,318.9848776960928,13.459281234999164,63,,
2018,9,17,15,0,11.6,70,32.8,7.2,126,10.0,40,111.26426649221013,0,1011.7,316.9255142196596,12.56721835466406,73,,
2018,9,17,16,0,11.2,81,25.3,7.4,48,16.0,2,83.02401944612592,0,1012.2,314.6248135610422,12.390861874561471,84,,
2018,9,17,17,0,10.9,91,0,7.6,0,9.0,0,23.795398711484275,0,1012.6,315.8103908113283,11.107314046058312,95,,
2018,9,17,18,0,10.4,101,0,7.6,0,0.0,0,0.0,0,1013.3,315.3916671572555,10.025924270074686,106,,
2018,9,17,19,0,9.9,112,0,7.4,0,0.0,0,0.0,0,1014.1,316.27308034276894,8.733612552728024,117,,
2018,9,17,20,0,9.4,125,0,7.3,0,0.0,0,0.0,0,1014.8,315.3711751652981,8.340962165686571,127,,
2018,9,17,21,0,9.2,142,0,7.4,0,0.0,0,0.0,0,1015.4,301.3792741224237,7.713368451021491,135,,
2018,9,17,22,0,9.2,163,0,7.7,0,0.0,0,0.0,0,1015.7,286.85602772189327,8.212455765214582,140,,
2018,9,17,23,0,9.2,-173,0,8,0,0.0,0,0.0,0,1015.9,277.0786157536228,8.899373997414237,141,,
2018,9,18,0,0,9.1,-151,0,8,0,0.0,0,0.0,0,1016.2,281.484766231017,9.57152701009018,138,,
2018,9,18,1,0,8.9,-132,0,7.9,0,0.0,0,0.0,0,1016.3,289.74367110767867,8.744789919115581,131,,
2018,9,18,2,0,8.7,-117,0,7.7,0,0.0,0,0.0,0,1016.5,292.2831624286538,9.274123477390194,122,,
2018,9,18,3,0,8.6,-106,0,7.6,0,0.0,0,0.0,0,1016.8,292.0592229875541,10.296992349028304,111,,
2018,9,18,4,0,8.5,-95,0,7.4,0,0.0,0,0.0,0,1017.2,295.1968176950316,10.201365700388026,100,,
2018,9,18,5,0,8.4,-85,1.7,7.3,13,0.0,11,0.0,0,1017.7,302.55748790985683,8.715005340514349,89,,
2018,9,18,6,0,9,-75,10,7.3,79,32.0,85,11.000000000000002,0,1018.2,302.4520524478866,7.3429599134041155,77,,
2018,9,18,7,0,10.4,-64,3.9,7.3,86,89.0,277,93.5534545906334,0,1018.7,292.48697393873687,6.680024728572211,67,,
2018,9,18,8,0,11.7,-51,6.7,7.4,133,113.0,378,199.66315841844005,0,1019.2,291.2841320943743,7.000174422304904,57,,
2018,9,18,9,0,12.4,-35,1.5,7.2,99,133.0,566,305.48571085727235,0,1019.4,298.0110293703071,8.367939096953322,49,,
2018,9,18,10,0,12.5,-15,22.6,6.7,277,237.0,300,430.7485833037166,0,1019.2,305.37006804119807,10.93382402227301,45,,
2018,9,18,11,0,12.5,6,42.1,6.3,311,346.0,131,545.9392889143232,0,1018.9,309.95034781864774,13.360516023149936,44,,
2018,9,18,12,0,12.5,27,76,6.2,149,253.0,18,511.0150472808459,0,1018.8,308.5765873426131,13.519034294158429,47,,
2018,9,18,13,0,12.4,44,70.3,6.4,179,69.0,7,324.9930988474497,0,1018.6,311.4245611052218,13.780187401493842,54,,
2018,9,18,14,0,12.3,59,51.8,6.6,177,26.0,35,199.71277660852436,0,1018.5,314.68997503978227,13.655163811232216,62,,
2018,9,18,15,0,11.9,71,34.4,6.8,159,293.0,12,351.3527381125891,0,1018.5,337.54831073117515,10.473828171550888,73,,
2018,9,18,16,0,11.2,81,31.2,7,55,301.0,3,236.39494110801243,0,1018.6,339.2149867020028,9.402713941094133,84,,
2018,9,18,17,0,10.5,91,43,7.2,0,136.0,0,70.58734446379604,0,1018.8,332.4180305934347,9.283327907218808,95,,
2018,9,18,18,0,9.8,101,28.1,7.2,0,0.0,0,0.0,0,1019,351.63569386078683,8.759185795640773,106,,
2018,9,18,19,0,9.2,112,0,7.1,0,0.0,0,0.0,0,1019.3,339.3229597182121,8.308111208169116,117,,
2018,9,18,20,0,8.5,126,0,7,0,0.0,0,0.0,0,1019.5,339.2549047125321,6.841515197966749,127,,
2018,9,18,21,0,8.1,142,0,6.8,0,0.0,0,0.0,0,1019.4,343.1918180881431,6.567692949991464,135,,
2018,9,18,22,0,7.8,163,0,6.5,0,0.0,0,0.0,0,1019.1,343.438161055634,6.308856956258559,140,,
2018,9,18,23,0,7.6,-173,0,6.3,0,0.0,0,0.0,0,1018.7,349.4875968456065,6.962318471805621,141,,
2018,9,19,0,0,7.5,-151,0,6.2,0,0.0,0,0.0,0,1018.3,344.68612765935006,7.162265968327323,138,,
2018,9,19,1,0,7.6,-132,0,6.3,0,0.0,0,0.0,0,1017.9,344.76527289970386,7.159564674858706,130,,
2018,9,19,2,0,7.7,-118,0,6.4,0,0.0,0,0.0,0,1017.5,352.6033739564421,6.31130705788188,121,,
2018,9,19,3,0,7.9,-106,0,6.5,0,0.0,0,0.0,0,1017.3,356.88294234011573,6.007422981482866,111,,
2018,9,19,4,0,8.2,-95,0,6.7,0,0.0,0,0.0,0,1017.3,8.816331268739589,5.592690447402559,100,,
2018,9,19,5,0,8.4,-85,8,6.8,17,0.0,4,0.0,0,1017.3,15.769239000225523,5.082901454256201,88,,
2018,9,19,6,0,9.3,-75,26.9,7.2,98,12.0,35,8.0,0,1017.1,16.139088243569688,4.781455995447954,77,,
2018,9,19,7,0,10.6,-64,41.9,7.9,181,41.0,43,72.011233196593,0,1016.9,21.14923976764061,3.99098554758367,66,,
2018,9,19,8,0,11.9,-51,13.7,8.5,195,91.0,279,181.0304212776691,0,1016.6,31.13193901805147,3.865559591728332,57,,
2018,9,19,9,0,12.6,-35,10.6,8.7,186,278.0,413,366.2963268053636,0,1016.2,42.95114550697514,3.790519961028432,49,,
2018,9,19,10,0,12.6,-15,4.4,8.6,145,413.0,569,506.3948400860752,0,1015.5,50.372528091287336,5.269480779249184,44,,
2018,9,19,11,0,12.6,6,0.4,8.4,115,418.0,640,571.940152150047,0,1014.9,47.306920028736215,5.914210273579584,43,,
2018,9,19,12,0,12.5,27,0,8.4,113,406.0,592,586.1890317376249,0,1014.3,44.914655278801945,6.722010349274795,47,,
2018,9,19,13,0,12.5,45,0,8.4,109,380.0,489,549.4703748954792,0,1013.8,32.7857909427064,6.731792131657114,53,,
2018,9,19,14,0,12.5,59,7.5,8.5,146,388.0,267,488.9765228154103,0,1013.3,34.44038891124222,7.771682993653346,62,,
2018,9,19,15,0,12.2,71,2.5,8.6,87,411.0,165,399.4680416894095,0,1013.1,41.566369637549485,8.733669607377482,72,,
2018,9,19,16,0,11.6,81,9.5,8.8,43,389.0,26,264.21627432371577,0,1013.2,42.00457939604871,8.321773565535809,83,,
2018,9,19,17,0,11,91,0,9,0,253.0,0,98.17061602565946,0,1013.3,42.309259337665765,7.380450388551503,95,,
2018,9,19,18,0,10.6,101,0,9,0,2.0,0,1.0369763577510718,0,1013.3,41.07273699412752,7.138238787788315,106,,
2018,9,19,19,0,10.3,113,0,9,0,0.0,0,0.0,0,1013.4,40.44792998521001,7.399971421289675,117,,
2018,9,19,20,0,10,126,0,9,0,0.0,0,0.0,0,1013.4,35.92817818646648,6.075527651167499,127,,
2018,9,19,21,0,9.9,143,0,9.1,0,0.0,0,0.0,0,1013.2,27.12351632266416,5.488890481713527,135,,
2018,9,19,22,0,10,164,0,9.3,0,0.0,0,0.0,0,1012.7,16.982785937425888,4.715902366090223,140,,
2018,9,19,23,0,10.2,-173,0,9.6,0,0.0,0,0.0,0,1012.2,6.600234300112902,4.704765781345511,141,,
2018,9,20,0,0,10.3,-151,0,9.8,0,0.0,0,0.0,0,1011.7,4.888273660053415,5.042510758692508,137,,
2018,9,20,1,0,10.5,-132,0,9.8,0,0.0,0,0.0,0,1011.2,7.945002678132539,5.471957808150654,130,,
2018,9,20,2,0,10.7,-118,0,9.9,0,0.0,0,0.0,0,1010.7,11.236356036321922,6.487638180975538,121,,
2018,9,20,3,0,10.8,-106,0,10,0,0.0,0,0.0,0,1010.4,5.648048453923707,6.921051376803847,110,,
2018,9,20,4,0,10.9,-96,0,10,0,0.0,0,0.0,0,1010.3,3.0815044563631773,7.307441008861841,99,,
2018,9,20,5,0,11,-86,14.7,10.1,15,0.0,1,0.0,0,1010.2,4.865380168314289,7.535943132114066,88,,
2018,9,20,6,0,11.6,-76,72.9,10.3,47,40.0,0,11.000000000000002,0,1010.2,7.435311438985593,7.106876621784592,77,,
2018,9,20,7,0,12.7,-64,36.2,10.5,168,120.0,73,98.2620593381043,0,1010.2,5.525919482118525,7.20536019819333,66,,
2018,9,20,8,0,13.9,-51,11.3,10.8,230,193.0,239,221.76060170524755,0,1010.2,3.81350392605583,6.519317751451985,56,,
2018,9,20,9,0,14.4,-35,22.3,10.9,305,293.0,201,366.2333498724824,0,1009.9,356.5819810437906,6.117816410401523,49,,
2018,9,20,10,0,14.2,-15,54.4,10.8,332,391.0,0,501.8734743951378,0,1009.4,358.501298033777,7.710401263234927,44,,
2018,9,20,11,0,14.1,7,66.3,10.7,250,529.0,0,629.0722792233817,0,1008.9,0.9385245388076556,8.25745543372901,43,,
2018,9,20,12,0,14.1,27,51.8,10.6,329,554.0,5,665.0905950592017,0,1008.3,357.14180155189456,7.804386369854705,46,,
2018,9,20,13,0,14.1,45,29.9,10.7,363,355.0,51,542.1457333615422,0,1007.8,347.33902107044884,8.33399676225241,53,,
2018,9,20,14,0,14.1,59,27.7,10.7,245,397.0,73,498.39615330904536,0,1007.3,357.4119162744138,10.00239011096348,62,,
2018,9,20,15,0,13.7,71,43,10.7,145,297.0,5,352.7089012258558,0,1007,0.9962503043937544,9.969524619521248,72,,
2018,9,20,16,0,12.9,82,44.6,10.7,42,225.0,0,209.1020694030534,0,1007,7.146119975896397,9.12581987812863,83,,
2018,9,20,17,0,12.1,92,38.3,10.6,0,104.0,0,64.79509719465335,0,1006.9,7.375238736506617,7.870042621861882,94,,
2018,9,20,18,0,11.4,102,9,10.4,0,1.0,0,1.0214442730760986,0,1006.9,14.498635865939375,7.168475681434235,106,,
2018,9,20,19,0,10.8,113,0,9.9,0,0.0,0,0.0,0,1007,2.4102987380682066,7.244935079307409,116,,
2018,9,20,20,0,10.2,126,0,9.5,0,0.0,0,0.0,0,1007,0.0192869617763449,7.252685957789293,126,,
2018,9,20,21,0,10,143,0,9,0,0.0,0,0.0,0,1006.6,355.52233121766216,7.173750920844863,134,,
2018,9,20,22,0,10.1,164,0,8.6,0,0.0,0,0.0,0,1005.7,356.832696964232,6.999216993850946,139,,
2018,9,20,23,0,10.2,-173,0,8.2,0,0.0,0,0.0,0,1004.8,2.8030714683477527,6.934322187816549,140,,
2018,9,21,0,0,10.5,-151,0,8.1,0,0.0,0,0.0,0,1004,359.0983543843027,6.888548246117386,137,,
2018,9,21,1,0,10.9,-133,0,8.2,0,0.0,0,0.0,0,1003.1,350.8836658407987,7.696830518456932,130,,
2018,9,21,2,0,11.3,-118,0,8.3,0,0.0,0,0.0,0,1002.3,351.9633301146972,7.135262431034746,120,,
2018,9,21,3,0,11.6,-106,0,8.5,0,0.0,0,0.0,0,1001.8,359.51100095281225,7.037121525271448,110,,
2018,9,21,4,0,11.9,-96,0,8.7,0,0.0,0,0.0,0,1001.5,1.214535871643534,7.337097584056372,99,,
2018,9,21,5,0,12.3,-86,23.3,9,11,0.0,0,0.0,0,1001.2,0.942441269805954,7.124743109806916,88,,
2018,9,21,6,0,12.6,-76,76.3,9.3,40,33.0,0,11.000000000000002,0,1001.1,354.49749525542245,6.996595729963821,76,,
2018,9,21,7,0,12.8,-65,79.7,9.8,72,98.0,0,95.45972251686374,0,1001.2,346.07063946185406,6.824464606849619,66,,
2018,9,21,8,0,13.1,-51,77.2,10.2,119,173.0,0,218.0064526597488,0,1001.2,344.95161442419754,6.84837739653936,56,,
2018,9,21,9,0,12.8,-35,55.5,10.3,267,456.0,27,430.48331198071696,0,1001.4,349.5766686039539,7.064330332234386,48,,
2018,9,21,10,0,12.2,-15,48.5,10.1,375,568.0000000000001,0,574.7533945354548,0,1001.8,356.2006799389583,8.70272011217443,44,,
2018,9,21,11,0,11.5,7,68.4,9.9,236,613.0,0,666.157733259659,0,1002.2,359.01964098415925,9.546075097520143,43,,
2018,9,21,12,0,11.1,28,57,9.1,306,527.0,0,651.6279384578888,0,1002.7,0.2890236712028127,9.582885595242228,46,,
2018,9,21,13,0,10.9,45,33.1,7.7,331,400.0,74,565.207075399519,0,1003.2,356.2485305563338,8.81356303587361,53,,
2018,9,21,14,0,10.8,60,42,6.4,233,318.0,27,457.2498931332263,0,1003.8,358.1019515099892,9.862588896671072,62,,
2018,9,21,15,0,10.5,72,47.3,5.6,139,311.0,8,359.3997399323833,0,1004.3,1.729361553785452,9.88585040176343,72,,
2018,9,21,16,0,10.2,82,21.9,5.5,43,324.0,16,247.56804863388257,0,1004.9,1.6786677199795008,10.18430237523252,83,,
2018,9,21,17,0,9.9,92,0,5.4,1,283.0,0,109.25885709938302,0,1005.4,5.072657925270789,9.57853115707936,94,,
2018,9,21,18,0,9.4,102,0,5.4,0,3.0,0,1.0733007459358326,0,1005.8,5.199644049214328,8.499330539846559,106,,
2018,9,21,19,0,8.8,113,0,5.5,0,0.0,0,0.0,0,1006.1,359.947715389526,8.561282861479157,116,,
2018,9,21,20,0,8.2,127,0,5.6,0,0.0,0,0.0,0,1006.4,358.7239327255412,7.674022308013212,126,,
2018,9,21,21,0,7.9,143,0,5.5,0,0.0,0,0.0,0,1006.7,356.7160442361313,7.347514595803803,134,,
2018,9,21,22,0,7.7,164,0,5.2,0,0.0,0,0.0,0,1007.2,358.71259475050834,8.236698311475802,139,,
2018,9,21,23,0,7.6,-173,0,4.9,0,0.0,0,0.0,0,1007.8,359.8438858756583,7.974638976921097,140,,
2018,9,22,0,0,7.4,-151,0,4.5,0,0.0,0,0.0,0,1008.4,2.911237050457657,7.710390363334174,136,,
2018,9,22,1,0,7.2,-133,0,4,0,0.0,0,0.0,0,1009.1,5.7641987946659015,9.295536553982846,129,,
2018,9,22,2,0,7,-118,0,3.5,0,0.0,0,0.0,0,1009.9,359.6074757797734,8.196481408614659,120,,
2018,9,22,3,0,6.8,-106,0,3,0,0.0,0,0.0,0,1010.9,353.2532803867621,7.599745977385297,110,,
2018,9,22,4,0,6.5,-96,0,2.6,0,0.0,0,0.0,0,1012.1,357.7800565483596,7.903636805839767,99,,
2018,9,22,5,0,6.3,-86,2,2.2,20,0.0,13,0.0,0,1013.3,357.9793494248388,8.2881126686547,87,,
2018,9,22,6,0,6.7,-76,0.2,1.9,58,76.0,144,14.000000000000004,0,1014.2,358.5243637655073,7.973103138324848,76,,
2018,9,22,7,0,7.6,-65,0,1.6,76,208.0,326,119.9701031749168,0,1014.8,0.5178016652282054,9.158088828179237,65,,
2018,9,22,8,0,8.6,-52,14.5,1.3,136,287.0,359,256.4724407423114,0,1015.3,0.6444204813957981,8.617732569453212,56,,
2018,9,22,9,0,9.1,-35,22.2,1.1,243,343.0,304,390.7023475698511,0,1015.8,1.263225476298885,8.970197650497793,48,,
2018,9,22,10,0,9,-15,18.3,1,189,301.0,450,477.0712025024121,0,1016.1,2.8537835261305418,8.993330885298514,43,,
2018,9,22,11,0,9,7,1.2,0.9,111,97.0,673,381.17275235256966,0,1016.4,6.270970941786402,10.042266387890754,42,,
2018,9,22,12,0,8.9,28,1.5,0.7,110,37.0,622,289.59470175969216,0,1016.9,5.921675552267857,10.161400404582016,46,,
2018,9,22,13,0,8.9,46,3.2,0.4,122,36.0,490,268.1823128618282,0,1017.5,357.72473242196133,9.802405702044467,52,,
2018,9,22,14,0,8.8,60,0,0.2,74,122.0,402,341.37991577525275,0,1018,1.0138776467810544,9.79621144227158,61,,
2018,9,22,15,0,8.5,72,0,0,60,163.0,226,291.8673718306511,0,1018.8,2.065253582582841,10.012851682242047,72,,
2018,9,22,16,0,8.1,83,0,0,33,133.0,60,177.42256060908431,0,1019.9,2.18593814184635,10.100367538095885,83,,
2018,9,22,17,0,7.6,92,0,0.1,1,64.0,0,56.84253588210139,0,1020.9,1.7417718123706436,9.357595010173704,94,,
2018,9,22,18,0,7.2,103,0,0.1,0,1.0,0,1.0274542770634243,0,1021.8,24.512923782717053,8.208074261034989,105,,
2018,9,22,19,0,6.7,114,0,0,0,0.0,0,0.0,0,1022.5,30.244149684249063,8.194476889601734,116,,
2018,9,22,20,0,6.3,127,0,0,0,0.0,0,0.0,0,1023.2,38.62801847770743,8.452563008014616,126,,
2018,9,22,21,0,6,144,0,0.1,0,0.0,0,0.0,0,1023.6,44.72669065542027,7.744771809008413,134,,
2018,9,22,22,0,5.8,164,0,0.2,0,0.0,0,0.0,0,1023.8,45.90861444492083,8.197496299597395,139,,
2018,9,22,23,0,5.6,-173,0,0.3,0,0.0,0,0.0,0,1024,46.8606108073588,7.996801519261297,139,,
2018,9,23,0,0,5.4,-151,0,0.3,0,0.0,0,0.0,0,1024.1,42.97081957178551,7.439989923372931,136,,
2018,9,23,1,0,5.2,-133,0,0.2,0,0.0,0,0.0,0,1024.1,40.77987160115191,7.748601868092452,129,,
2018,9,23,2,0,5,-119,0,0.1,0,0.0,0,0.0,0,1024.2,40.37985142282741,6.193845115724252,120,,
2018,9,23,3,0,5,-107,0,0.1,0,0.0,0,0.0,0,1024.4,45.23391148357348,7.696065186224977,109,,
2018,9,23,4,0,5.1,-96,0,0.2,0,0.0,0,0.0,0,1024.9,48.42785865102519,6.603133178395353,98,,
2018,9,23,5,0,5.2,-86,3,0.3,21,0.0,16,0.0,0,1025.4,40.99612130161711,6.371397763125996,87,,
2018,9,23,6,0,6,-76,0.5,0.6,54,138.0,157,16.000000000000007,0,1025.7,27.30589370123255,5.455020651564069,76,,
2018,9,23,7,0,7.6,-65,0,1,68,330.0,339,143.72960342691303,0,1026.1,36.567052753445466,5.394948408721578,65,,
2018,9,23,8,0,9.1,-52,0,1.4,77,499.0,500,321.69439233289665,0,1026.4,47.80835958056963,5.355653510603761,55,,
2018,9,23,9,0,10.1,-35,4.7,1.6,148,553.0,522,478.0019064578552,0,1026.3,49.95826453553895,7.242491393724463,48,,
2018,9,23,10,0,10.4,-15,16,1.4,251,657.0,398,608.2303874283463,0,1025.9,54.31027189519512,9.165176613313545,43,,
2018,9,23,11,0,10.8,7,11.7,1.3,270,668.0,420,686.597006235907,0,1025.5,59.07305973439264,9.18761152407371,42,,
2018,9,23,12,0,11,28,7.6,1.4,210,651.0,465,706.4738995014449,0,1025.2,56.18289104249669,8.733976488115387,45,,
2018,9,23,13,0,11,46,1.5,1.9,119,699.0000000000001,491,708.336387684029,0,1024.9,57.64494976461543,8.54458050727162,52,,
2018,9,23,14,0,11,61,2,2.3,102,716.0,355,646.568208992679,0,1024.6,65.7884177445244,8.957614279137003,61,,
2018,9,23,15,0,10.8,72,3.3,2.7,84,716.0,186,532.0129774091453,0,1024.6,73.38951777722286,9.268102883856551,72,,
2018,9,23,16,0,10.4,83,4.5,3,45,606.0,42,343.9803337819757,0,1024.8,73.76964726670224,9.61539193008218,83,,
2018,9,23,17,0,9.9,93,0,3.4,1,410.0,0,139.0566842293525,0,1025,80.35322640625202,9.325717343743127,94,,
2018,9,23,18,0,9.6,103,0,3.8,0,8.0,0,1.2440366007942898,0,1025.2,87.33268712938673,8.063423521540317,105,,
2018,9,23,19,0,9.2,114,0,4.3,0,0.0,0,0.0,0,1025.3,94.63580578302708,8.805417677922703,116,,
2018,9,23,20,0,8.9,128,0,4.8,0,0.0,0,0.0,0,1025.4,87.98545588778143,8.993840020175254,126,,
2018,9,23,21,0,8.5,144,0,5,0,0.0,0,0.0,0,1025.3,86.34930825956894,9.117867350461864,133,,
2018,9,23,22,0,8.1,165,0,5,0,0.0,0,0.0,0,1025,85.6729271235946,8.387188141848126,138,,
2018,9,23,23,0,7.7,-173,0,5,0,0.0,0,0.0,0,1024.7,88.61229225737043,7.056757187164385,139,,
2018,9,24,0,0,7.4,-151,0,5,0,0.0,0,0.0,0,1024.4,95.34420733770573,5.394543116706321,136,,
2018,9,24,1,0,7.1,-133,0,5,0,0.0,0,0.0,0,1024.3,101.52080342343277,4.514292675526211,129,,
2018,9,24,2,0,6.8,-119,0,5,0,0.0,0,0.0,0,1024.2,107.05051564988736,4.924198903850717,119,,
2018,9,24,3,0,6.6,-107,0,5,0,0.0,0,0.0,0,1024.2,104.8682019212922,4.5184721171409565,109,,
2018,9,24,4,0,6.5,-97,0,4.9,0,0.0,0,0.0,0,1024.5,94.65391872060412,4.573673310242887,98,,
2018,9,24,5,0,6.4,-87,0.3,4.9,19,0.0,22,0.0,0,1024.7,88.10556790575544,4.74868922594086,87,,
2018,9,24,6,0,7.4,-76,0,5.1,57,206.0,158,15.000000000000012,0,1024.9,89.89288583429857,4.048346918256562,75,,
2018,9,24,7,0,9.5,-65,0,5.5,77,483.0,334,159.24909699699893,0,1025.1,99.314107292293,3.475508969583628,65,,
2018,9,24,8,0,11.6,-52,0,5.9,89,693.0000000000001,493,358.79778976202,0,1025.3,118.89297307614083,2.378877298213379,55,,
2018,9,24,9,0,12.7,-35,0,5.8,100,793.0,611,544.0346731613681,0,1025.2,153.494398768123,1.7888553449478437,47,,
2018,9,24,10,0,12.9,-15,6.5,5.3,196,856.0,535,692.2563942626427,0,1024.7,182.97348555772544,1.4778197451159996,42,,
2018,9,24,11,0,13.2,7,3,4.8,152,886.0,615,789.3691520491394,0,1024.3,216.176000235944,0.5120492697680101,42,,
2018,9,24,12,0,13.3,29,0,4.6,105,897.0,635,828.1019009030568,0,1023.9,268.75789360807454,0.6532296658112895,45,,
2018,9,24,13,0,13.3,47,0.1,4.8,100,891.0,530,804.5389195757382,0,1023.7,289.8248738195907,2.7945277844568297,52,,
2018,9,24,14,0,13.3,61,31.3,5,231,867.0,101,720.0566765386047,0,1023.5,282.6706712454138,4.320800843326665,61,,
2018,9,24,15,0,12.8,73,33.3,5.4,176,813.0,12,574.251058489036,0,1023.5,276.75425799574987,5.077475432886356,71,,
2018,9,24,16,0,12,83,1,5.9,39,698.0000000000001,54,376.0026982185481,0,1023.7,290.72635387471155,6.671517735548674,82,,
2018,9,24,17,0,11.1,93,0,6.5,1,438.0,0,147.67884122674178,0,1024,303.62999134865504,6.6515984288491525,94,,
2018,9,24,18,0,10.4,103,0,6.7,0,10.0,0,2.3358273080979783,0,1024.2,309.3505041618038,6.411330139423868,105,,
2018,9,24,19,0,9.6,115,0,6.6,0,0.0,0,0.0,0,1024.4,13.77462458821924,4.007090311996657,116,,
2018,9,24,20,0,8.9,128,0,6.6,0,0.0,0,0.0,0,1024.5,53.08063268978407,7.069094431788869,125,,
2018,9,24,21,0,8.5,145,0,6.6,0,0.0,0,0.0,0,1024.6,71.83712017973096,6.682316995356172,133,,
2018,9,24,22,0,8.4,165,0,6.9,0,0.0,0,0.0,0,1024.5,75.27174251952795,8.001180144524879,138,,
2018,9,24,23,0,8.4,-173,0,7.1,0,0.0,0,0.0,0,1024.4,80.69801950480166,8.017291578034737,139,,
2018,9,25,0,0,8.3,-151,0,7.2,0,0.0,0,0.0,0,1024.4,83.80791019360345,7.958295003605622,135,,
2018,9,25,1,0,8.3,-133,0,7,0,0.0,0,0.0,0,1024.4,85.1102312443087,5.295885528149172,128,,
2018,9,25,2,0,8.2,-119,0,6.9,0,0.0,0,0.0,0,1024.5,89.31951533807728,6.763172299746961,119,,
2018,9,25,3,0,8.2,-107,0,6.8,0,0.0,0,0.0,0,1024.7,86.54055863943387,6.74055436866197,109,,
2018,9,25,4,0,8.2,-97,0,6.8,0,0.0,0,0.0,0,1025.2,91.88072871451982,5.7875415126967775,98,,
2018,9,25,5,0,8.3,-87,0.4,6.7,22,0.0,21,0.0,0,1025.6,97.02545249665415,5.297587231488971,86,,
2018,9,25,6,0,9.2,-77,0,6.9,66,114.0,150,19.000000000000007,0,1025.9,104.0302019195417,4.492415878461459,75,,
2018,9,25,7,0,11.2,-65,0,7.4,91,400.0,319,151.9874579356041,0,1026,122.6486484236694,3.3976936666323465,64,,
2018,9,25,8,0,13.1,-52,0,7.9,105,628.0,476,345.98299507437025,0,1026.2,130.29921902813726,3.214545197836502,55,,
2018,9,25,9,0,14.1,-35,0,8.1,100,748.0,613,531.7170729512577,0,1026.1,134.8534994828143,2.8356870009917143,47,,
2018,9,25,10,0,14.2,-15,0,8,104,825.0000000000001,681,687.5275464074767,0,1025.6,137.06427610385322,2.7317988440014256,42,,
2018,9,25,11,0,14.4,8,0,7.9,105,857.0,691,784.4962529179054,0,1025.1,149.29935842492955,2.8629177013630933,41,,
2018,9,25,12,0,14.4,29,0,7.9,93,861.0,653,819.7782701367977,0,1024.8,164.93958663673925,2.4448133452767733,45,,
2018,9,25,13,0,14.4,47,0,8,86,855.0,552,795.623338346727,0,1024.6,199.76716867679164,1.8595760461161737,52,,
2018,9,25,14,0,14.3,61,0,8.1,77,825.0000000000001,403,708.2719841336684,0,1024.3,215.3812169866286,2.0993902331586303,61,,
2018,9,25,15,0,13.7,73,0,8.4,62,740.0,230,550.6239767066813,0,1024.3,227.933152594774,2.310964706188533,71,,
2018,9,25,16,0,12.6,84,0,8.7,34,590.0,66,346.7329954621148,0,1024.5,270.6799467151497,3.229963768233233,82,,
2018,9,25,17,0,11.5,93,0,9,1,350.0,1,132.22989969344968,0,1024.6,310.2878009178039,4.21545723877508,94,,
2018,9,25,18,0,10.8,104,0,9.1,0,11.0,0,2.4035574478572905,0,1024.7,337.0983513185584,4.0515438895895945,105,,
2018,9,25,19,0,10.5,115,0,8.9,0,0.0,0,0.0,0,1024.7,339.8595255847172,4.093318901950381,115,,
2018,9,25,20,0,10.1,128,0,8.6,0,0.0,0,0.0,0,1024.7,346.8388391321611,3.764655926371645,125,,
2018,9,25,21,0,9.6,145,0,8.3,0,0.0,0,0.0,0,1024.5,0.1238742036143776,3.6135338359904434,133,,
2018,9,25,22,0,8.8,165,0,7.8,0,0.0,0,0.0,0,1024.2,2.00001562292988,1.902770462586696,138,,
2018,9,25,23,0,8.1,-173,0,7.4,0,0.0,0,0.0,0,1023.8,244.84752392999656,1.545736838188323,138,,
2018,9,26,0,0,7.7,-151,0,7.2,0,0.0,0,0.0,0,1023.5,257.7239840056164,1.3744447193789655,135,,
2018,9,26,1,0,7.7,-134,0,7.1,0,0.0,0,0.0,0,1023.4,193.86889882976084,0.8514836826071395,128,,
2018,9,26,2,0,7.7,-119,0,7.1,0,0.0,0,0.0,0,1023.2,142.0076243116199,1.4631225646535233,119,,
2018,9,26,3,0,7.8,-107,0,7.2,0,0.0,0,0.0,0,1023.2,127.98669063112528,2.4601352897906827,108,,
2018,9,26,4,0,8.1,-97,0,7.5,0,0.0,0,0.0,0,1023.4,129.35156673529468,2.3275247222415096,97,,
2018,9,26,5,0,8.4,-87,21.1,7.7,26,0.0,3,0.0,0,1023.5,141.72343539154463,2.8045561183239403,86,,
2018,9,26,6,0,9.3,-77,36.8,8.1,133,50.0,1,18.000000000000004,0,1023.6,152.46302852439692,3.5402224157797044,75,,
2018,9,26,7,0,10.8,-66,55.8,8.6,177,165.0,0,119.6065946091041,0,1023.5,154.80213031746518,4.347267160887545,64,,
2018,9,26,8,0,12.3,-52,51.9,9,280,422.0,0,301.4916332232699,0,1023.4,157.20812256267843,3.621917614426936,54,,
2018,9,26,9,0,13.2,-36,76.1,9,169,653.0,0,507.52235753929546,0,1023.1,178.12114233339776,2.3381711047454434,46,,
2018,9,26,10,0,13.3,-15,74.7,8.6,200,580.0,0,600.9918951920915,0,1022.3,219.0406214536432,2.816718540522813,42,,
2018,9,26,11,0,13.5,8,78,8.1,176,635.0,0,696.9887374924697,0,1021.6,238.19814293289485,3.7956496565200255,41,,
2018,9,26,12,0,13.6,29,75.9,7.9,182,574.0000000000001,0,694.3986608851305,0,1021,243.93852589605143,4.410071974456774,44,,
2018,9,26,13,0,13.6,47,83.6,7.9,106,587.0,0,677.7595176223342,0,1020.4,257.1249984403875,4.48783076775406,51,,
2018,9,26,14,0,13.6,62,77.1,7.9,108,628.0,0,627.5897612875681,0,1019.8,263.2707744204458,4.594149053199523,61,,
2018,9,26,15,0,13.2,73,14.7,8.1,106,656.0,137,526.2898317335508,0,1019.5,260.7599958796648,4.520323859423682,71,,
2018,9,26,16,0,12.3,84,0,8.3,36,585.0,67,352.7405653742176,0,1019.4,267.69770168395723,4.065781962233134,82,,
2018,9,26,17,0,11.4,94,0,8.6,2,377.0,1,142.60835367448772,0,1019.3,264.06543773176384,3.3931853388397744,93,,
2018,9,26,18,0,10.3,104,0,8.4,0,12.0,0,2.477790386951621,0,1019.3,251.88168705701543,3.338894295282548,105,,
2018,9,26,19,0,9.2,115,0,7.7,0,0.0,0,0.0,0,1019.2,258.85301148151655,3.7544230205652114,115,,
2018,9,26,20,0,8,129,0,7.1,0,0.0,0,0.0,0,1019.1,263.0992892447379,4.161494137542713,125,,
2018,9,26,21,0,7.7,145,0,6.9,0,0.0,0,0.0,0,1018.9,256.7862064198039,4.525330682653053,132,,
2018,9,26,22,0,8.1,165,0,7.1,0,0.0,0,0.0,0,1018.4,245.6687357923439,4.972151030161631,137,,
2018,9,26,23,0,8.5,-172,0,7.3,0,0.0,0,0.0,0,1018,242.9496149930009,5.001197862188887,138,,
2018,9,27,0,0,8.7,-151,0,7.4,0,0.0,0,0.0,0,1017.5,234.69944942136289,4.951124695923672,134,,
2018,9,27,1,0,8.7,-134,0,7.3,0,0.0,0,0.0,0,1017,208.1002671915638,2.873090296351699,127,,
2018,9,27,2,0,8.6,-119,0,7.2,0,0.0,0,0.0,0,1016.5,182.6311497384144,2.9995000839939223,118,,
2018,9,27,3,0,8.7,-108,2.3,7.1,0,0.0,0,0.0,0,1016.3,164.11074996377488,5.270208113106203,108,,
2018,9,27,4,0,8.9,-97,0,7.2,0,0.0,0,0.0,0,1016.3,164.59393211247914,4.99845579262642,97,,
2018,9,27,5,0,9,-87,18.6,7.3,28,0.0,5,0.0,0,1016.2,158.97329725220254,5.482231139536829,86,,
2018,9,27,6,0,9.7,-77,68.3,7.5,72,17.0,0,15.056056129211331,0,1016.1,157.4589273211236,5.394273429968936,74,,
2018,9,27,7,0,10.8,-66,61.7,7.9,167,82.0,0,101.66231275826878,0,1016,159.9847359986079,5.128608038339369,64,,
2018,9,27,8,0,12,-53,51.2,8.2,280,149.0,17,222.70668266587413,0,1015.9,159.72376810780668,4.7335079015970285,54,,
2018,9,27,9,0,12.6,-36,25.6,8.3,370,272.0,172,379.92610901042747,0,1015.5,164.08341532062354,4.534944836586989,46,,
2018,9,27,10,0,12.7,-15,22.6,8.1,408,486.0,207,574.1479624096598,0,1014.9,179.3732674981759,3.861314988680749,41,,
2018,9,27,11,0,12.9,8,30,7.8,450,704.0,114,739.8192092105212,0,1014.3,210.9444236812092,4.591230084069415,40,,
2018,9,27,12,0,12.9,30,36.9,7.8,412,795.0,64,811.6867361008499,0,1013.7,228.64405741669307,5.092799495875402,44,,
2018,9,27,13,0,12.9,48,65.3,8,224,788.0,0,786.5524227386977,0,1013.1,247.0407280652699,4.558899098607824,51,,
2018,9,27,14,0,12.8,62,74.5,8.2,123,756.0,0,696.8334096258601,0,1012.6,263.17691093471655,4.769619658929367,60,,
2018,9,27,15,0,12.4,74,72.6,8.4,81,691.0000000000001,0,549.3902499551582,0,1012.2,280.6650911382177,4.501092910504327,71,,
2018,9,27,16,0,11.6,84,51,8.6,43,528.0,1,340.30552187814146,0,1012.1,297.3841757110213,5.208670888134732,82,,
2018,9,27,17,0,10.9,94,0.1,8.8,2,170.0,0,97.6250316761828,0,1012,306.87394560966135,6.220117203023746,93,,
2018,9,27,18,0,10.3,104,0,8.8,0,4.0,0,2.171870469980172,0,1011.9,313.42751751572166,7.448487516458932,104,,
2018,9,27,19,0,9.8,116,7.7,8.5,0,0.0,0,0.0,0,1011.8,337.58969198319727,8.497991033470116,115,,
2018,9,27,20,0,9.3,129,0,8.2,0,0.0,0,0.0,0,1011.7,351.542264298484,9.044899871476506,125,,
2018,9,27,21,0,9.1,146,18.9,8.2,0,0.0,0,0.0,0,1011.5,357.83801054374385,8.11539597700414,132,,
2018,9,27,22,0,9.2,166,4.3,8.3,0,0.0,0,0.0,0,1011,5.892246568762744,7.838532315794647,137,,
2018,9,27,23,0,9.2,-172,0,8.5,0,0.0,0,0.0,0,1010.5,353.9106425737642,7.827367753581174,138,,
2018,9,28,0,0,9.3,-151,33.9,8.5,0,0.0,0,0.0,0,1010,353.06485169582226,7.511501192065758,134,,
2018,9,28,1,0,9.3,-134,41.3,8.6,0,0.0,0,0.0,0,1009.5,343.3346631308563,7.507736511322259,127,,
2018,9,28,2,0,9.3,-120,40.3,8.6,0,0.0,0,0.0,0,1009,347.38115331714306,8.13898025635184,118,,
2018,9,28,3,0,9.4,-108,39.8,8.7,0,0.0,0,0.0,0,1008.6,349.8452956352735,8.44974557448411,108,,
2018,9,28,4,0,9.5,-97,42.2,8.7,0,0.0,0,0.0,0,1008.3,352.1478521073633,9.43021543995477,97,,
2018,9,28,5,0,9.6,-88,41.2,8.8,23,0.0,0,0.0,0,1008,3.4212990607305755,7.609265023128036,85,,
2018,9,28,6,0,10.2,-77,55.2,9,84,6.0,0,11.0482792021508,0,1007.8,354.1712936175089,6.8466769408738894,74,,
2018,9,28,7,0,11.3,-66,66.7,9.3,132,11.0,0,52.16143399228388,0,1007.6,349.5899192940413,7.228604171610518,63,,
2018,9,28,8,0,12.4,-53,55.5,9.6,250,18.0,0,115.82646865097222,0,1007.3,4.942291154968245,7.328272075844572,54,,
2018,9,28,9,0,13,-36,56.4,9.8,300,38.0,0,211.44394811647865,0,1006.9,19.66880701086842,7.7873702894157475,46,,
2018,9,28,10,0,13,-15,57,9.9,331,66.0,0,317.666716030966,0,1006.3,20.565847546816087,8.351068851451602,41,,
2018,9,28,11,0,13,8,63.3,10,289,104.0,0,406.12766642630754,0,1005.7,18.55360416354688,8.94719589595941,40,,
2018,9,28,12,0,13,30,67.6,10.3,240,176.0,0,486.96337014974,0,1005.3,18.705585390779504,8.335813669788319,44,,
2018,9,28,13,0,12.8,48,85.4,10.6,92,132.0,0,422.29530479799257,0,1004.9,19.10694319616067,8.050696630278441,51,,
2018,9,28,14,0,12.7,62,53.3,10.9,215,123.0,0,357.90656070714346,0,1004.5,14.435912341315088,8.56510291597785,60,,
2018,9,28,15,0,12.2,74,66.3,10.7,96,133.0,0,286.4269532239211,0,1004.4,9.764001400725476,8.987362870667718,71,,
2018,9,28,16,0,11.3,85,58.2,10.1,38,141.0,0,194.51664900289404,0,1004.5,6.773255557407083,8.478854471609365,82,,
2018,9,28,17,0,10.5,95,37.8,9.5,2,88.0,0,75.80715003434327,0,1004.7,6.476616757786189,7.631713616287207,93,,
2018,9,28,18,0,10,105,42,9,0,3.0,0,2.138422380426312,0,1004.8,2.158720532975451,6.261035165579536,104,,
2018,9,28,19,0,9.7,116,37.2,8.6,0,0.0,0,0.0,0,1005,6.894312530469904,5.896149132047554,115,,
2018,9,28,20,0,9.4,129,1.5,8.1,0,0.0,0,0.0,0,1005.2,6.166721623455771,5.877270401883988,124,,
2018,9,28,21,0,9.2,146,9.6,7.8,0,0.0,0,0.0,0,1005.1,14.341423153964,5.658514560059498,132,,
2018,9,28,22,0,9.1,166,17.8,7.6,0,0.0,0,0.0,0,1004.7,19.854956549657345,5.670062235199681,136,,
2018,9,28,23,0,9,-172,0,7.3,0,0.0,0,0.0,0,1004.2,30.47462430252949,6.405387355130504,137,,
2018,9,29,0,0,8.9,-152,0,7.1,0,0.0,0,0.0,0,1003.8,43.501484282142485,7.730236699581255,134,,
2018,9,29,1,0,8.7,-134,0,6.8,0,0.0,0,0.0,0,1003.4,45.213755798008776,7.7276467583714465,127,,
2018,9,29,2,0,8.5,-120,0,6.6,0,0.0,0,0.0,0,1003,46.34243340976718,6.889794699713481,118,,
2018,9,29,3,0,8.4,-108,0,6.5,0,0.0,0,0.0,0,1002.9,45.6689153495949,6.861267810603129,107,,
2018,9,29,4,0,8.3,-98,0,6.5,0,0.0,0,0.0,0,1003,46.9180670577482,6.6535700117495375,96,,
2018,9,29,5,0,8.3,-88,12.2,6.6,38,0.0,6,0.0,0,1003.1,44.71163925924668,6.482987611639345,85,,
2018,9,29,6,0,8.9,-78,38.6,7.1,124,102.0,13,27.314280234162226,0,1003.3,36.183391324173954,5.273425405982949,74,,
2018,9,29,7,0,10,-66,31.2,8,213,366.0,92,170.91831335068596,0,1003.5,29.33565530841736,4.930900134401896,63,,
2018,9,29,8,0,11.2,-53,12.8,9,203,500.0,323,347.2975579104992,0,1003.6,9.136830632570366,4.521727434715025,53,,
2018,9,29,9,0,12,-36,51.9,8.8,273,534.0,76,498.0386681993427,0,1003.7,4.6836458111470165,5.779553370635186,45,,
2018,9,29,10,0,12.4,-15,46.7,7.7,232,549.0,204,603.9140038680814,0,1003.7,15.72685321566962,7.877665526516286,40,,
2018,9,29,11,0,12.7,8,33.9,6.5,319,561.0,224,678.6313566058735,0,1003.8,11.80430286240056,7.874288909081791,40,,
2018,9,29,12,0,12.9,30,23.9,5.9,249,411.0,333,626.2806796465177,0,1004,14.713720245582408,8.899003105507894,43,,
2018,9,29,13,0,12.9,48,0.5,5.9,88,480.0,567,638.0121039713033,0,1004.3,13.655053878985257,8.882412504720255,51,,
2018,9,29,14,0,12.9,63,0,5.8,73,428.0,427,543.5880904273915,0,1004.7,18.882213198310524,8.990144462724245,60,,
2018,9,29,15,0,12.6,75,0,6,60,303.0,249,380.92246613848783,0,1005.3,17.064493177728593,9.145041629541124,70,,
2018,9,29,16,0,12.1,85,0,6.4,36,198.0,76,219.85264421596577,0,1006.1,24.96419289967315,11.064229436702416,82,,
2018,9,29,17,0,11.6,95,0,6.8,2,137.0,1,91.85251591861156,0,1006.8,24.95554684300066,10.565549853130143,93,,
2018,9,29,18,0,11,105,0,7.1,0,6.0,0,3.2960037416035544,0,1007.6,15.807701872046437,9.251743606601252,104,,
2018,9,29,19,0,10.5,116,0,7.1,0,0.0,0,0.0,0,1008.5,14.406463527039705,8.412478769879243,115,,
2018,9,29,20,0,9.9,130,0,7.2,0,0.0,0,0.0,0,1009.3,15.324473738258291,8.66780630666892,124,,
2018,9,29,21,0,9.6,146,0,7.2,0,0.0,0,0.0,0,1009.9,8.683642303841566,8.70945535888939,132,,
2018,9,29,22,0,9.5,166,0,7.3,0,0.0,0,0.0,0,1010.2,9.904477917062536,7.421896081191791,136,,
2018,9,29,23,0,9.5,-172,0,7.4,0,0.0,0,0.0,0,1010.5,357.7398648514836,6.017376374772393,137,,
2018,9,30,0,0,9.3,-152,0,7.3,0,0.0,0,0.0,0,1010.8,349.17621406316016,5.998563897603929,133,,
2018,9,30,1,0,9.1,-134,0,6.9,0,0.0,0,0.0,0,1011.1,350.2607755399673,6.967853099258014,126,,
2018,9,30,2,0,8.8,-120,0,6.6,0,0.0,0,0.0,0,1011.5,355.2498421365389,6.9783142983248565,117,,
2018,9,30,3,0,8.6,-108,0,6.2,0,0.0,0,0.0,0,1011.9,357.54239631699687,7.321920069784964,107,,
2018,9,30,4,0,8.4,-98,0,5.8,0,0.0,0,0.0,0,1012.5,356.3072989953903,7.190955028229923,96,,
2018,9,30,5,0,8.2,-88,2.2,5.4,29,0.0,37,0.0,0,1013,354.4160832385669,7.1859545995115255,85,,
2018,9,30,6,0,8.8,-78,25.6,5.1,153,79.0,41,26.406089370035957,0,1013.5,358.194192141656,7.530595378996355,73,,
2018,9,30,7,0,10.1,-67,21.3,4.9,230,249.0,131,151.64439519612216,0,1013.8,1.317665992948946,7.038970713805546,63,,
2018,9,30,8,0,11.4,-53,52.5,4.6,295,420.0,5,323.7616696955545,0,1014.2,3.440397999166976,6.354714412740086,53,,
2018,9,30,9,0,12,-36,37.8,4.5,423,572.0000000000001,54,506.5986319446791,0,1014.2,20.02039973099818,8.2037542192645,45,,
2018,9,30,10,0,12,-15,9.4,4.4,217,676.0,539,653.8397297000416,0,1014.1,20.37656972560137,8.355881665171399,40,,
2018,9,30,11,0,12,9,2.1,4.3,123,774.0,701,774.1125436985161,0,1013.9,19.85107798986445,8.128517167230868,39,,
2018,9,30,12,0,11.9,31,0,4.3,84,817.0000000000001,703,824.1723470354805,0,1013.7,18.94825102642324,7.46299683276399,43,,
2018,9,30,13,0,11.8,49,0,4.3,78,832.0000000000001,597,810.5497903783615,0,1013.5,9.315038030781466,7.635105928618005,50,,
2018,9,30,14,0,11.7,63,0,4.4,69,772.0,446,707.4555643408833,0,1013.2,16.28173343289228,8.420723250693705,60,,
2018,9,30,15,0,11.3,75,0,4.4,56,701.0000000000001,264,557.5565218347438,0,1013.3,20.68525477777217,8.413468254023796,70,,
2018,9,30,16,0,10.4,85,0,4.5,34,609.0,86,372.9194850116534,0,1013.5,22.1892295604448,8.365639683222861,81,,
2018,9,30,17,0,9.6,95,0,4.5,2,401.0,2,159.50377555696383,0,1013.8,26.62705711715949,8.272910446222932,93,,
2018,9,30,18,0,8.7,105,0,4.3,0,28.0,0,5.471281178356877,0,1014,32.30229878946898,8.010156476359288,104,,
2018,9,30,19,0,7.7,117,8.2,3.8,0,0.0,0,0.0,0,1014.3,31.634112687472395,8.127269607612055,114,,
2018,9,30,20,0,6.7,130,43,3.4,0,0.0,0,0.0,0,1014.5,34.19255354283092,8.89457238564342,124,,
2018,9,30,21,0,6.4,147,42.9,3.4,0,0.0,0,0.0,0,1014.5,28.78757260675667,8.893859603378047,131,,
2018,9,30,22,0,6.7,166,42.8,3.9,0,0.0,0,0.0,0,1014.2,30.306765470916616,6.182017647814915,136,,
2018,9,30,23,0,7,-172,43,4.5,0,0.0,0,0.0,0,1013.9,30.82490384628204,6.4616133718069575,136,,
2018,10,1,0,0,7.3,-152,43,4.8,0,0.0,0,0.0,0,1013.7,23.24546540589546,6.269435465903955,133,,
2018,10,1,1,0,7.5,-134,51.3,4.9,0,0.0,0,0.0,0,1013.6,29.000490185310696,5.498509578985792,126,,
2018,10,1,2,0,7.7,-120,59.8,5.1,0,0.0,0,0.0,0,1013.4,19.46474744142017,6.499391385158747,117,,
2018,10,1,3,0,8.1,-109,59.7,5.3,0,0.0,0,0.0,0,1013.3,13.08561300188768,8.123041624859532,107,,
2018,10,1,4,0,8.6,-98,53.8,5.6,0,0.0,0,0.0,0,1013.3,9.341373792322372,8.422978404983551,96,,
2018,10,1,5,0,9.1,-88,43.8,6,38,0.0,0,0.0,0,1013.3,1.9718335534431617,7.152184293460131,84,,
2018,10,1,6,0,9.9,-78,34.8,6.5,141,6.0,20,12.13663846599156,0,1013.2,359.49494268945483,7.533495809552749,73,,
2018,10,1,7,0,11,-67,50.8,7.2,187,56.0,17,95.91821951678403,0,1013.2,1.5981308022679173,6.72307408933344,62,,
2018,10,1,8,0,12.2,-53,83.3,7.9,100,431.0,0,326.3255794301675,0,1013.1,358.40714103456133,5.875805642303448,52,,
2018,10,1,9,0,12.7,-36,89.5,8.5,76,682.0,0,543.360170700659,0,1012.9,357.9422578716676,6.9624975920147385,44,,
2018,10,1,10,0,12.8,-15,88.4,9.1,92,754.0,0,703.8298360549961,0,1012.7,355.54494597507,6.930363403868198,40,,
2018,10,1,11,0,12.8,9,86.6,9.7,108,727.0,0,771.1137287238813,0,1012.5,354.9154978242536,7.211972328730649,39,,
2018,10,1,12,0,12.8,31,81.6,10.1,140,774.0,0,822.8625558804744,0,1012.5,354.02840390718126,7.711278132960721,43,,
2018,10,1,13,0,12.8,49,86.2,10.3,90,586.0,0,706.8441865618133,0,1012.8,348.14585513123524,7.556414011428718,50,,
2018,10,1,14,0,12.9,64,83.9,10.5,79,425.0,0,556.7094261410593,0,1013,346.49905123313965,7.719672669156834,59,,
2018,10,1,15,0,12.8,75,68.7,10.6,96,120.0,0,281.33561587679924,0,1013.5,351.23908733052286,7.570506476248661,70,,
2018,10,1,16,0,12.6,86,58.1,10.7,44,104.0,0,178.22926654427664,0,1014.3,1.1468419309454134,7.257801515798808,81,,
2018,10,1,17,0,12.4,96,42.8,10.8,2,150.0,0,100.97515515964828,0,1015.1,7.273200137358231,5.56159559141113,92,,
2018,10,1,18,0,12.2,106,43,10.6,0,7.0,0,4.390424556127977,0,1015.9,27.2381572762568,5.771593643419227,104,,
2018,10,1,19,0,11.9,117,14.4,10.2,0,0.0,0,0.0,0,1016.7,39.22882842438969,6.4499970445330455,114,,
2018,10,1,20,0,11.7,130,0,9.8,0,0.0,0,0.0,0,1017.5,51.19700133385908,6.499304257350964,123,,
2018,10,1,21,0,11.5,147,0,9.7,0,0.0,0,0.0,0,1017.9,78.08236361644333,6.96107794451933,131,,
2018,10,1,22,0,11.5,166,0,9.9,0,0.0,0,0.0,0,1018,35.99305202946289,4.824344234919487,135,,
2018,10,1,23,0,11.5,-172,0,10.2,0,0.0,0,0.0,0,1018.2,72.18592851713993,4.837657844324127,136,,
2018,10,2,0,0,11.4,-152,0,10.2,0,0.0,0,0.0,0,1018.2,97.62717022755136,4.802745178384254,132,,
2018,10,2,1,0,11.3,-135,0,10.1,0,0.0,0,0.0,0,1018.1,138.39237896961595,6.050703202120432,126,,
2018,10,2,2,0,11.2,-121,0,9.9,0,0.0,0,0.0,0,1018,111.35375457185968,5.976707087743732,117,,
2018,10,2,3,0,11.1,-109,0,9.9,0,0.0,0,0.0,0,1018.2,92.97680076744268,4.964462499739497,106,,
2018,10,2,4,0,11.1,-98,0,10,0,0.0,0,0.0,0,1018.7,95.68224267678944,2.749349311228188,95,,
2018,10,2,5,0,11.1,-89,25.3,10.1,39,0.0,2,0.0,0,1019.2,131.61216031535605,3.260184104027084,84,,
2018,10,2,6,0,11.6,-78,57,10.2,102,6.0,0,14.166773116067976,0,1019.6,231.3956068572176,1.261515503566213,73,,
2018,10,2,7,0,12.5,-67,71.9,10.5,123,24.0,0,78.23714970198805,0,1019.9,139.12476660614243,1.1520325321266431,62,,
2018,10,2,8,0,13.4,-54,70.9,10.7,176,103.0,0,217.24404156765195,0,1020.2,249.9656975244148,1.9141707409206548,52,,
2018,10,2,9,0,13.9,-36,60.5,10.7,289,197.0,0,367.9921307294978,0,1020,245.1703175986331,2.256974431026171,44,,
2018,10,2,10,0,14,-15,45.2,10.4,415,394.0,22,554.2853218110012,0,1019.5,262.748878311299,3.164468056389617,39,,
2018,10,2,11,0,14.1,9,44.1,10.2,449,591.0,0,711.0368597828308,0,1018.9,270.67936475546526,4.076946746040479,39,,
2018,10,2,12,0,14.2,31,40.2,10.1,426,392.0,25,634.5011741079074,0,1018.4,276.85269214488744,3.752638182881888,42,,
2018,10,2,13,0,14.3,50,24.2,10.1,380,124.0,104,419.25225978372976,0,1017.9,260.5251631514742,1.837568118980149,50,,
2018,10,2,14,0,14.4,64,22,10,297,141.0,75,380.2948717958319,0,1017.4,261.7538970509754,1.8417959688574783,59,,
2018,10,2,15,0,14.3,76,25.9,9.9,197,118.0,19,280.59459648930687,0,1017,232.00497337231752,1.952036516149952,70,,
2018,10,2,16,0,13.9,86,17.2,9.6,78,304.0,4,275.3182227821226,0,1016.7,252.8912258970269,2.892143355928648,81,,
2018,10,2,17,0,13.5,96,37.9,9.4,3,375.0,0,161.69282679601525,0,1016.3,227.77942468605613,2.2321874540506013,92,,
2018,10,2,18,0,13.3,106,40.3,9.2,0,27.0,0,6.593549347019598,0,1016.1,208.7402197876725,2.796117040553675,103,,
2018,10,2,19,0,13.2,117,40.3,9.1,0,0.0,0,0.0,0,1016,173.887890593566,3.36605831073577,114,,
2018,10,2,20,0,13.2,131,13.5,9,0,0.0,0,0.0,0,1016,167.95083766765822,3.599815921580678,123,,
2018,10,2,21,0,13.4,147,24.2,8.9,0,0.0,0,0.0,0,1015.6,160.0261458479739,3.7458244043922018,131,,
2018,10,2,22,0,13.8,167,21.1,8.7,0,0.0,0,0.0,0,1014.9,153.61678795025557,4.23151791878059,135,,
2018,10,2,23,0,14.3,-172,0,8.6,0,0.0,0,0.0,0,1014.3,149.90284342613745,4.48195993208136,136,,
2018,10,3,0,0,14.6,-152,0,8.5,0,0.0,0,0.0,0,1013.7,133.94928590430231,4.471786701015742,132,,
2018,10,3,1,0,14.7,-135,0,8.4,0,0.0,0,0.0,0,1013.2,153.44127914877322,4.941076998993314,125,,
2018,10,3,2,0,14.9,-121,0,8.2,0,0.0,0,0.0,0,1012.7,127.39576539227124,4.293344892523045,116,,
2018,10,3,3,0,15,-109,0,8.2,0,0.0,0,0.0,0,1012.4,113.94187912271605,3.6523957274303234,106,,
2018,10,3,4,0,15.1,-99,5.8,8.3,0,0.0,0,0.0,0,1012.4,136.0895344638177,4.98431215276529,95,,
2018,10,3,5,0,15.2,-89,35,8.3,36,0.0,6,0.0,0,1012.3,112.96782877847328,5.436341990010323,84,,
2018,10,3,6,0,15.9,-79,36.8,8.5,108,21.0,56,22.68993432908389,0,1012.2,86.12297120104637,1.5815001738394714,72,,
2018,10,3,7,0,17.3,-67,41.4,8.9,165,156.0,89,141.87729636216213,0,1012.1,345.294005351864,4.320993945718067,62,,
2018,10,3,8,0,18.6,-54,36.1,9.3,301,308.0,98,305.93356456644665,0,1012,352.34137686447235,7.397284819769482,52,,
2018,10,3,9,0,19.2,-36,48,9.4,324,498.0,52,497.5295242551001,0,1011.4,17.258173164095524,6.973381987771081,44,,
2018,10,3,10,0,19.1,-15,50.4,9.3,395,638.0,0,659.4383047715787,0,1010.4,59.40997542943956,9.42948255023872,39,,
2018,10,3,11,0,19,9,47.2,9.1,424,707.0,0,765.3043048063237,0,1009.4,73.26912587643062,10.589898326343372,38,,
2018,10,3,12,0,18.9,32,38.5,9.1,435,768.0,28,822.5544317555747,0,1008.4,72.8785007724772,9.423994455401468,42,,
2018,10,3,13,0,18.8,50,54.9,9.2,291,800.0,0,816.6382994856565,0,1007.3,68.32820591493044,8.697554858709859,49,,
2018,10,3,14,0,18.7,64,69.2,9.3,148,813.0,0,747.7399650734956,0,1006.2,68.398090210752,8.82779046496636,59,,
2018,10,3,15,0,18.7,76,78.7,9.1,64,781.0,0,609.7287687985352,0,1005.4,68.8335919760579,8.827735071938866,70,,
2018,10,3,16,0,18.8,86,69.6,8.4,25,691.0000000000001,0,416.5546469681125,0,1004.9,70.02049469789245,9.62389266468618,81,,
2018,10,3,17,0,18.9,96,35,7.8,3,492.0,0,191.57131369767544,0,1004.4,73.0601552819843,10.380066197722634,92,,
2018,10,3,18,0,18.5,106,40.5,7.5,0,49.0,0,9.051767397825143,0,1004.4,77.60202761274962,10.123783182682548,103,,
2018,10,3,19,0,17.7,118,50.1,7.7,0,0.0,0,0.0,0,1004.7,78.3335966699355,10.489399807349525,114,,
2018,10,3,20,0,16.9,131,57.9,7.8,0,0.0,0,0.0,0,1005,82.75069762043807,10.176807435290574,123,,
2018,10,3,21,0,16.1,147,57.9,8.1,0,0.0,0,0.0,0,1005.2,99.93440478025563,6.079436878929871,130,,
2018,10,3,22,0,15.3,167,30.2,8.6,0,0.0,0,0.0,0,1005.3,67.4356739082973,1.3755640476905675,135,,
2018,10,3,23,0,14.4,-172,0,9.1,0,0.0,0,0.0,0,1005.4,353.9634993161193,1.358116553956623,135,,
2018,10,4,0,0,13.8,-152,0,9.4,0,0.0,0,0.0,0,1005.6,342.54574099955954,2.3726734259985114,132,,
2018,10,4,1,0,13.2,-135,0,9.6,0,0.0,0,0.0,0,1006.1,97.39275852428956,3.557649371964674,125,,
2018,10,4,2,0,12.7,-121,0,9.8,0,0.0,0,0.0,0,1006.7,106.1390090964245,3.582595905489677,116,,
2018,10,4,3,0,12.3,-109,0,9.9,0,0.0,0,0.0,0,1007.2,126.09775927430474,3.141447367632675,106,,
2018,10,4,4,0,12.1,-99,0,9.8,0,0.0,0,0.0,0,1007.9,140.5791679238186,2.7558559144645174,95,,
2018,10,4,5,0,11.8,-89,1.8,9.7,37,0.0,41,0.0,0,1008.5,134.28893787692994,2.7404224442690843,83,,
2018,10,4,6,0,12.4,-79,0.4,9.6,65,8.0,211,16.303502366567,0,1009.1,145.0139496481433,3.263287168300633,72,,
2018,10,4,7,0,13.7,-68,0,9.4,74,32.0,406,87.32468514455915,0,1009.6,150.60838920460765,4.096070600113541,61,,
2018,10,4,8,0,15,-54,0,9.3,79,69.0,575,194.34432470523709,0,1010.1,141.18182336296843,3.6279272970240486,51,,
2018,10,4,9,0,15.7,-37,0,8.8,85,143.0,695,335.2586018133828,0,1010.3,135.9596283196667,3.236641389261602,43,,
2018,10,4,10,0,15.6,-15,0,7.9,92,229.0,756,474.07948600445553,0,1010.2,139.49147262034887,2.7313359947546214,38,,
2018,10,4,11,0,15.6,9,0,7.1,97,379.0,756,616.300025205994,0,1010.2,151.46091370566847,1.439012560977153,38,,
2018,10,4,12,0,15.5,32,0,6.7,99,474.0,697,686.1532273333906,0,1010,225.43318705459245,1.3015210908711592,42,,
2018,10,4,13,0,15.4,50,0,6.9,94,506.0,588,676.6013347686505,0,1009.8,286.0465689585993,3.9312480307909183,49,,
2018,10,4,14,0,15.3,65,0,7.1,84,520.0,437,613.2956491456748,0,1009.6,293.6022282571096,4.395797086026893,59,,
2018,10,4,15,0,14.7,76,0,7.5,65,501.0,265,494.721229771598,0,1009.7,303.68636949715284,5.245546251303806,69,,
2018,10,4,16,0,13.8,87,0,7.9,40,436.0,90,331.848012195602,0,1009.9,311.16187528477406,5.58098321770457,81,,
2018,10,4,17,0,12.8,97,0,8.3,4,205.0,3,123.59002691017758,0,1010.1,315.3003726333491,5.993226648817868,92,,
2018,10,4,18,0,11.7,107,0,8.4,0,19.0,0,7.2455623259584785,0,1010.3,315.48473442805744,6.611408795494264,103,,
2018,10,4,19,0,10.6,118,5.3,8.3,0,0.0,0,0.0,0,1010.5,324.7144790555908,7.867509769025131,113,,
2018,10,4,20,0,9.4,131,42.2,8.1,0,0.0,0,0.0,0,1010.7,333.4430943701394,7.67993276986359,123,,
2018,10,4,21,0,9.1,148,37.1,8.1,0,0.0,0,0.0,0,1010.6,343.28646935572107,5.158091135481234,130,,
2018,10,4,22,0,9.4,167,6.6,8.3,0,0.0,0,0.0,0,1010.3,36.90611494791858,2.9353521489312784,134,,
2018,10,4,23,0,9.7,-172,0,8.5,0,0.0,0,0.0,0,1010,92.58132048031972,3.7078639101241264,135,,
2018,10,5,0,0,9.8,-152,0,8.6,0,0.0,0,0.0,0,1009.5,118.87706282762952,3.9487607635660487,131,,
2018,10,5,1,0,9.9,-135,0,8.6,0,0.0,0,0.0,0,1009,124.48014650521908,4.925328456992467,124,,
2018,10,5,2,0,9.9,-121,0,8.6,0,0.0,0,0.0,0,1008.5,120.17901855224466,4.552047965772911,116,,
2018,10,5,3,0,10.1,-109,0,8.6,0,0.0,0,0.0,0,1008.1,131.42279794097328,4.266490387379444,105,,
2018,10,5,4,0,10.6,-99,0,8.7,1,0.0,0,0.0,0,1007.9,140.98128551999537,4.370358348138142,94,,
2018,10,5,5,0,11.2,-89,35.6,8.8,43,0.0,1,0.0,0,1007.6,150.21765291941455,4.260485029099593,83,,
2018,10,5,6,0,12.4,-79,53.3,9.2,124,52.0,0,33.23793310223405,0,1007.6,152.16550039542994,3.996860650568444,72,,
2018,10,5,7,0,14.2,-68,49.2,9.8,237,205.0,0,160.00773259097363,0,1007.7,147.98284197290212,3.0222103279994283,61,,
2018,10,5,8,0,16.1,-54,24.3,10.5,350,339.0,129,322.99077626124824,0,1007.8,143.32946476383142,2.315443704177346,51,,
2018,10,5,9,0,17.3,-37,6.3,10.7,236,315.0,466,433.533669199284,0,1007.6,185.452581668514,1.5698474176333073,43,,
2018,10,5,10,0,17.9,-15,0.2,10.4,164,364.0,648,555.9494126508516,0,1006.9,239.8149328376116,2.3137279163009463,38,,
2018,10,5,11,0,18.6,10,0.2,10.1,155,310.0,666,586.6089277984127,0,1006.3,260.190978975532,3.89358997352901,37,,
2018,10,5,12,0,18.9,32,1,10.1,136,236.0,632,554.2356016832844,0,1005.6,274.0870936656431,4.723682894627547,41,,
2018,10,5,13,0,18.9,51,2.3,10.4,145,232.0,503,524.8892307977359,0,1004.9,284.30544109623105,5.5074432303368175,49,,
2018,10,5,14,0,18.8,65,22.1,10.7,204,287.0,184,496.19858459678096,0,1004.2,281.7583447648654,5.451055953987983,58,,
2018,10,5,15,0,18.6,77,27.1,10.6,152,381.0,76,445.4407131804575,0,1003.7,283.5328427844157,5.014214932462636,69,,
2018,10,5,16,0,18.3,87,23.6,10.3,64,395.0,32,322.3207916971816,0,1003.3,290.051788468893,4.698115300915394,80,,
2018,10,5,17,0,17.9,97,27.4,10,4,177.0,0,118.99803286530408,0,1003,287.75991085875404,3.846649665647574,92,,
2018,10,5,18,0,17.5,107,52.4,9.7,0,29.0,0,8.996488336364685,0,1002.8,290.3272421750653,3.0768694180614817,103,,
2018,10,5,19,0,17,118,46.8,9.4,0,0.0,0,0.0,0,1002.8,292.9771703207223,2.7374518168141275,113,,
2018,10,5,20,0,16.5,132,36.3,9.1,0,0.0,0,0.0,0,1002.7,278.7017604744421,2.131715401541503,122,,
2018,10,5,21,0,16.3,148,33,8.8,0,0.0,0,0.0,0,1002.2,256.0786875843947,1.977770681121443,130,,
2018,10,5,22,0,16.5,167,35.8,8.6,0,0.0,0,0.0,0,1001.4,230.6846654441596,1.5563489959054224,134,,
2018,10,5,23,0,16.6,-172,42.8,8.3,0,0.0,0,0.0,0,1000.5,175.7043264581497,1.1766452846304396,134,,
2018,10,6,0,0,16.9,-152,42.8,8,0,0.0,0,0.0,0,999.8,160.09640132919708,1.5031160929330711,131,,
2018,10,6,1,0,17.4,-135,41.4,7.8,0,0.0,0,0.0,0,999.1,151.55106624032328,1.9628611851852056,124,,
2018,10,6,2,0,17.9,-121,40.7,7.6,0,0.0,0,0.0,0,998.4,143.91727871101568,2.1182663199476903,115,,
2018,10,6,3,0,18.2,-110,42.3,7.3,0,0.0,0,0.0,0,998,131.93469257294106,2.395436972850921,105,,
2018,10,6,4,0,18.5,-99,43.8,7,1,0.0,0,0.0,0,997.9,134.567612333841,2.973869206595613,94,,
2018,10,6,5,0,18.8,-89,42.3,6.7,46,0.0,0,0.0,0,997.7,135.77022941801567,3.416034923082372,83,,
2018,10,6,6,0,19.1,-79,30,7.1,166,38.0,18,31.82945188284058,0,997.8,139.69171339268013,4.225379679622406,71,,
2018,10,6,7,0,19.6,-68,25.3,8.1,250,110.0,99,137.3376197482836,0,998,140.39919887828057,5.1866520855103335,61,,
2018,10,6,8,0,20,-54,26,9.1,319,205.0,138,281.2989176635615,0,998.3,133.62967342687386,4.5622816164191216,51,,
2018,10,6,9,0,19.7,-37,22.3,9.9,404,359.0,176,459.4850562980878,0,998.8,138.11090397011105,3.3910304587393165,43,,
2018,10,6,10,0,18.8,-15,29.1,10.4,507,372.0,67,559.2050960682125,0,999.6,198.0805261606439,2.6958624016218056,38,,
2018,10,6,11,0,17.8,10,17.1,11,399,442.0,276,656.5272358982975,0,1000.4,230.9333396117537,4.440616997182079,37,,
2018,10,6,12,0,16.7,33,29.5,10.9,386,497.0,151,705.5085199605232,0,1001.6,242.5004078647721,4.873376655504557,41,,
2018,10,6,13,0,15.4,51,30.9,10.1,361,403.0,88,629.7329023854586,0,1003,242.0988607206208,5.075878626538308,49,,
2018,10,6,14,0,14.1,65,65.4,9.4,165,351.0,0,532.7609444947409,0,1004.4,246.7761025254713,4.4998744576214165,58,,
2018,10,6,15,0,13.2,77,85.2,8.7,44,326.0,0,419.010970551752,0,1005.7,241.92683995170847,3.66730813444425,69,,
2018,10,6,16,0,12.6,87,72.8,7.9,23,243.0,0,261.4372242835092,0,1006.8,240.9805616173736,3.013595174627995,80,,
2018,10,6,17,0,12,97,1.6,7.2,5,265.0,0,144.75097959114936,0,1008,233.5339361791868,2.3138758329717954,91,,
2018,10,6,18,0,11.5,108,0,6.4,0,51.0,0,11.679440219259863,0,1009.3,215.2832589033937,1.20798267285918,102,,
2018,10,6,19,0,11.1,119,0,5.6,0,0.0,0,0.0,0,1010.7,200.06976421838527,0.7171314508481431,113,,
2018,10,6,20,0,10.6,132,0,4.8,0,0.0,0,0.0,0,1012.1,182.67901963756256,0.8722912550157575,122,,
2018,10,6,21,0,10.1,148,0,4.4,0,0.0,0,0.0,0,1013.4,191.4501568135188,1.2716464922285011,129,,
2018,10,6,22,0,9.5,167,0,4.6,0,0.0,0,0.0,0,1014.5,181.01964799933464,2.510651464021294,134,,
2018,10,6,23,0,8.9,-172,0,4.7,0,0.0,0,0.0,0,1015.6,174.99321059970885,5.102477010687288,134,,
2018,10,7,0,0,8.6,-152,0,4.5,0,0.0,0,0.0,0,1016.6,186.9442931680328,4.92504530028989,130,,
2018,10,7,1,0,8.7,-135,0,3.9,0,0.0,0,0.0,0,1017.5,173.64304824183978,5.530096160025026,124,,
2018,10,7,2,0,8.7,-122,0,3.4,0,0.0,0,0.0,0,1018.4,185.69220195782523,5.373419740053529,115,,
2018,10,7,3,0,8.8,-110,0,3.1,0,0.0,0,0.0,0,1019.4,179.33012991730106,5.8053284005038055,105,,
2018,10,7,4,0,8.9,-100,0,3,1,0.0,0,0.0,0,1020.5,175.18585628691503,6.187600269853809,94,,
2018,10,7,5,0,9,-90,1.3,3,39,0.0,55,0.0,0,1021.7,175.00394170790696,5.962840215305596,82,,
2018,10,7,6,0,9.7,-80,0.2,3.1,67,41.0,226,34.183203937320535,0,1022.7,173.86222835107628,5.7998481796388734,71,,
2018,10,7,7,0,10.9,-68,0.5,3.2,83,151.0,410,151.94070563073035,0,1023.6,173.91764414263469,5.949262136700648,60,,
2018,10,7,8,0,12.1,-55,0,3.4,81,324.0,589,325.0207924232667,0,1024.5,176.73330408346055,5.261234484890071,50,,
2018,10,7,9,0,12.7,-37,12.2,3.4,264,367.0,435,462.8619594292951,0,1025.1,202.08842958623453,5.973063423244082,42,,
2018,10,7,10,0,12.7,-15,11.6,3.3,268,375.0,498,562.993310908176,0,1025.4,217.42047252698003,6.702360225167676,37,,
2018,10,7,11,0,12.7,10,3.2,3.3,136,394.0,708,634.8862935268357,0,1025.7,228.37334076660744,6.753730467168481,37,,
2018,10,7,12,0,12.7,33,0,3.4,82,424.0,734,670.3594331158813,0,1026,235.20009771257023,6.680677860303196,41,,
2018,10,7,13,0,12.7,51,0,3.6,79,467.0,622,667.6109807304506,0,1026.2,239.30216557408647,5.972117347930037,48,,
2018,10,7,14,0,12.7,66,0,3.9,73,608.0,464,667.7786308379236,0,1026.4,242.6490689129936,5.683728508154641,58,,
2018,10,7,15,0,12.4,77,0,4.1,61,640.0,280,567.0523497342738,0,1026.8,240.13962042387053,5.272758773641226,69,,
2018,10,7,16,0,11.7,88,0,4.2,40,551.0,100,383.4464280282981,0,1027.3,238.80870817787425,4.586325354478209,80,,
2018,10,7,17,0,11,98,0,4.3,5,309.0,4,159.3617492972288,0,1027.9,228.3717516209836,3.2933331488179403,91,,
2018,10,7,18,0,10,108,0,4.2,0,36.0,0,10.716551344171933,0,1028.3,213.1318780811819,2.877508396033691,102,,
2018,10,7,19,0,8.7,119,0,4.1,0,0.0,0,0.0,0,1028.4,206.247828150554,2.918615685666484,113,,
2018,10,7,20,0,7.5,132,0,4,0,0.0,0,0.0,0,1028.6,209.69734609254456,3.2849835544331296,122,,
2018,10,7,21,0,6.9,149,0,4.1,0,0.0,0,0.0,0,1028.6,203.3182057459522,4.4530801603502495,129,,
2018,10,7,22,0,6.9,168,0,4.4,0,0.0,0,0.0,0,1028.5,195.02539783456555,5.244489377606294,133,,
2018,10,7,23,0,6.9,-172,0,4.7,0,0.0,0,0.0,0,1028.3,188.47801799356444,5.310718428382646,134,,
2018,10,8,0,0,6.7,-152,0,4.9,0,0.0,0,0.0,0,1028.2,183.93934872425527,5.0284821911549855,130,,
2018,10,8,1,0,6.4,-136,0,4.9,0,0.0,0,0.0,0,1028.1,171.93875019359496,4.740691733094908,123,,
2018,10,8,2,0,6.1,-122,0,4.9,0,0.0,0,0.0,0,1028,169.05077501788958,4.487203111630036,115,,
2018,10,8,3,0,6.2,-110,0,5,0,0.0,0,0.0,0,1028.1,166.07525274866634,4.320825342847204,104,,
2018,10,8,4,0,6.5,-100,0,5.2,1,0.0,1,0.0,0,1028.3,154.29457118370055,4.126381050462503,93,,
2018,10,8,5,0,6.8,-90,6,5.4,41,0.0,58,0.0,0,1028.5,148.9185606324818,4.240076990778095,82,,
2018,10,8,6,0,8.1,-80,0.6,5.8,64,26.0,236,30.517005468584063,0,1028.5,149.90644402475618,4.4137923504016525,71,,
2018,10,8,7,0,10.2,-69,13.1,6.3,195,78.0,236,126.48472941697366,0,1028.4,144.30555211585477,4.66763262316645,60,,
2018,10,8,8,0,12.4,-55,26,6.8,338,204.0,160,283.9156701988033,0,1028.3,151.907513452197,3.7028380013163296,50,,
2018,10,8,9,0,13.6,-37,28.2,6.9,390,413.0,183,484.6180977784329,0,1027.9,185.00112508993456,3.262665151018784,42,,
2018,10,8,10,0,13.8,-15,32.1,6.7,453,346.0,133,570.1177185169244,0,1027.2,211.90563014939903,3.166075614723264,37,,
2018,10,8,11,0,14.1,10,8.5,6.5,197,275.0,598,589.0427066055668,0,1026.6,230.73677517837035,3.53355106561601,36,,
2018,10,8,12,0,14.3,33,0,6.6,84,245.0,730,584.3610279493686,0,1025.9,229.17777294608027,4.244077883035881,40,,
2018,10,8,13,0,14.4,52,0,7,80,227.0,619,543.5234242607484,0,1025.2,241.18637649057487,3.6816470442091127,48,,
2018,10,8,14,0,14.5,66,0,7.4,74,243.0,464,488.61716445365096,0,1024.5,262.7725819011782,4.473040042052806,58,,
2018,10,8,15,0,14.1,78,0,7.9,62,310.0,281,428.58547967175167,0,1024.1,258.4296239540697,3.739316416311318,69,,
2018,10,8,16,0,13.1,88,0,8.3,41,285.0,101,292.8995477011726,0,1024,255.7158042828344,2.9417786178863183,80,,
2018,10,8,17,0,12.2,98,0,8.8,5,112.0,4,106.22531260225324,0,1023.9,257.5470962964144,2.318711110326171,91,,
2018,10,8,18,0,11.2,108,0,8.7,0,11.0,0,7.866636661630741,0,1023.8,252.19384033768983,1.6813737256495709,102,,
2018,10,8,19,0,10.3,119,0,8.1,0,0.0,0,0.0,0,1023.7,208.1703227184269,1.1185821684360204,112,,
2018,10,8,20,0,9.3,133,0,7.5,0,0.0,0,0.0,0,1023.6,188.86036822469688,0.7449740251070899,122,,
2018,10,8,21,0,8.9,149,0,7.4,0,0.0,0,0.0,0,1023.3,174.5893006124369,1.8797131905262725,129,,
2018,10,8,22,0,9.1,168,0,7.8,0,0.0,0,0.0,0,1022.7,190.79239249252385,1.2933850496970285,133,,
2018,10,8,23,0,9.3,-172,0,8.3,0,0.0,0,0.0,0,1022.1,205.54727623982296,1.253946297739863,133,,
2018,10,9,0,0,9.2,-152,0,8.4,0,0.0,0,0.0,0,1021.7,298.17859010995915,0.3024476693342163,130,,
2018,10,9,1,0,8.9,-136,0,8.3,0,0.0,0,0.0,0,1021.3,354.370458979198,1.5455401469878032,123,,
2018,10,9,2,0,8.7,-122,0,8.2,0,0.0,0,0.0,0,1021,53.93551068705119,1.191475137688896,114,,
2018,10,9,3,0,8.7,-110,0,8.3,0,0.0,0,0.0,0,1021,73.2398891676072,0.132075339636004,104,,
2018,10,9,4,0,8.9,-100,0.1,8.5,2,0.0,0,0.0,0,1021.3,311.03919028739534,0.9147254300504504,93,,
2018,10,9,5,0,9.2,-90,24.7,8.7,66,0.0,6,0.0,0,1021.6,313.3626469240414,1.4560674798558295,82,,
2018,10,9,6,0,10.4,-80,32.2,9,131,4.0,49,15.253718286231011,0,1021.7,346.75510763560703,2.015026107055748,71,,
2018,10,9,7,0,12.4,-69,30.6,9.4,239,15.0,95,77.82389547731441,0,1021.6,322.81890201283875,1.3844442492316182,60,,
2018,10,9,8,0,14.4,-55,42.7,9.8,358,31.0,4,168.5121373168381,0,1021.5,335.77535275598643,1.8528526253938773,50,,
2018,10,9,9,0,15.6,-37,20.2,10.1,286,150.0,319,371.817929126859,0,1021.1,329.3630863190866,3.0460335865717605,41,,
2018,10,9,10,0,16,-15,15.1,10.1,260,322.0,434,526.5300686075043,0,1020.5,337.59903174741936,4.930399563684294,36,,
2018,10,9,11,0,16.3,10,35.6,10.2,471,503.0,62,679.2329755980268,0,1019.8,21.28369332496976,5.805120403222345,36,,
2018,10,9,12,0,16.5,34,19.9,10.3,274,661.0,348,781.4183105368622,0,1019.3,47.04968060198746,6.858801107360464,40,,
2018,10,9,13,0,16.5,52,0,10.5,115,778.0,557,819.1097794671783,0,1018.8,70.6113190353658,10.501050425393606,48,,
2018,10,9,14,0,16.5,67,0,10.7,108,826.0000000000001,406,769.4113486529385,0,1018.3,76.99033153428047,10.93622767268797,58,,
2018,10,9,15,0,16,78,0,10.9,88,791.0,236,630.7399267237556,0,1018.1,83.99659032238173,10.989960033354487,68,,
2018,10,9,16,0,14.9,88,6.4,11.1,66,711.0,54,441.422279591083,0,1018.2,88.3080107585667,10.583716082723022,80,,
2018,10,9,17,0,13.8,98,0.2,11.4,6,556.0,2,223.8942754849913,0,1018.3,92.725964746329,11.529648222457666,91,,
2018,10,9,18,0,12.9,109,0,11.2,0,117.0,0,19.60834260235973,0,1018.4,96.13589468991717,11.205797597558131,102,,
2018,10,9,19,0,12.3,120,0,10.6,0,0.0,0,0.0,0,1018.6,100.10036528498084,10.946255721539089,112,,
2018,10,9,20,0,11.6,133,0,9.9,0,0.0,0,0.0,0,1018.8,108.75886723774886,9.217924194202393,121,,
2018,10,9,21,0,11.1,149,0,9.6,0,0.0,0,0.0,0,1018.7,115.12219045469703,6.564853663938101,128,,
2018,10,9,22,0,10.9,168,0,9.5,0,0.0,0,0.0,0,1018.4,125.51686230765957,4.218461344698381,132,,
2018,10,9,23,0,10.6,-172,13.9,9.5,0,0.0,0,0.0,0,1018,142.10740866040493,3.414166909373707,133,,
2018,10,10,0,0,10.5,-152,0,9.5,0,0.0,0,0.0,0,1017.7,155.4636191080458,3.6949943502302944,129,,
2018,10,10,1,0,10.6,-136,0.2,9.7,0,0.0,0,0.0,0,1017.3,125.29434783001987,9.362475131731404,123,,
2018,10,10,2,0,10.7,-122,38.2,9.8,0,0.0,0,0.0,0,1017,127.24959021675318,9.6302895842543,114,,
2018,10,10,3,0,10.9,-111,29.9,10,0,0.0,0,0.0,0,1016.8,125.30222111871105,8.674145100708738,104,,
2018,10,10,4,0,11.3,-100,8.5,10.3,2,0.0,0,0.0,0,1016.7,126.67921719535843,7.159902931306613,93,,
2018,10,10,5,0,11.6,-90,30.3,10.5,51,0.0,2,0.0,0,1016.6,128.58900359310962,6.355888052756044,82,,
2018,10,10,6,0,12.6,-80,54.9,10.9,103,232.0,28,56.89030895139129,0,1016.4,139.65592962863354,5.780545269051978,70,,
2018,10,10,7,0,14,-69,0,11.3,146,531.0,312,233.0597918453577,0,1016.2,145.06915023791362,4.158924418289796,59,,
2018,10,10,8,0,15.5,-55,1.6,11.8,189,700.0000000000001,425,437.5156778183702,0,1016.1,149.08531953712634,4.399426012097048,49,,
2018,10,10,9,0,16.5,-38,21.1,12,394,808.0,195,629.1562233226739,0,1015.6,155.51943779738428,4.49061148156326,41,,
2018,10,10,10,0,17.2,-15,3.4,12,256,870.0,526,776.9304840442818,0,1014.9,156.89191371939603,4.485101228983497,36,,
2018,10,10,11,0,17.9,11,8,11.9,335,907.0,410,876.9670083230818,0,1014.2,157.48576086704156,4.533248388351232,36,,
2018,10,10,12,0,18.2,34,14.5,12.1,363,918.0,297,914.0309201982942,0,1013.4,160.8716172378613,4.152878081858595,40,,
2018,10,10,13,0,18.1,53,14.4,12.4,294,915.0,270,890.2391897324311,0,1012.7,182.9514903448572,3.442310409325567,48,,
2018,10,10,14,0,18.1,67,4,12.6,185,897.0,290,804.7482072548269,0,1011.9,190.0217684158557,3.173420985003744,57,,
2018,10,10,15,0,17.6,79,8.9,12.9,155,856.0,128,660.9229491950441,0,1011.4,199.63497592215663,2.945439879802222,68,,
2018,10,10,16,0,16.6,89,26.3,13,79,774.0,16,465.4467952207771,0,1011.1,211.41171177646763,4.011204858420697,79,,
2018,10,10,17,0,15.7,99,1.6,13.2,7,598.0,1,236.3532174927425,0,1010.8,247.7883787464196,4.12230641389966,91,,
2018,10,10,18,0,14.8,109,0,13,0,130.0,0,22.111253230308435,0,1010.6,308.116038044943,4.387170403210344,102,,
2018,10,10,19,0,14.1,120,0,12.5,0,0.0,0,0.0,0,1010.5,334.46886843788275,4.205322265625,112,,
2018,10,10,20,0,13.3,133,0,12,0,0.0,0,0.0,0,1010.3,0.0,4.665771484375,121,,
2018,10,10,21,0,12.7,149,0,11.6,0,0.0,0,0.0,0,1009.9,14.642463796173274,3.7888245969984378,128,,
2018,10,10,22,0,12.2,168,0,11.2,0,0.0,0,0.0,0,1009.3,316.1192610096432,1.343344871307373,132,,
2018,10,10,23,0,11.8,-172,0,10.8,0,0.0,0,0.0,0,1008.7,288.24649654070674,3.63826027393745,132,,
2018,10,11,0,0,11.3,-153,0,10.4,0,0.0,0,0.0,0,1008.1,314.2230857708087,4.316061435925539,129,,
2018,10,11,1,0,10.9,-136,0,10,0,0.0,0,0.0,0,1007.6,356.6643542360548,1.359480952376016,122,,
2018,10,11,2,0,10.5,-122,0,9.7,0,0.0,0,0.0,0,1007.1,49.35940784434485,1.0810511588131209,114,,
2018,10,11,3,0,10.5,-111,0,9.6,0,0.0,0,0.0,0,1006.9,53.19012692190324,1.8177256068708727,103,,
2018,10,11,4,0,10.8,-101,0,9.7,3,0.0,1,0.0,0,1007,62.39166164539898,1.301240421849892,93,,
2018,10,11,5,0,11,-91,6.6,9.7,52,0.0,53,0.0,0,1007.1,81.71329106333678,0.8842320464826965,81,,
2018,10,11,6,0,11.6,-81,37.9,9.8,145,198.0,36,56.55903808741927,0,1007.2,70.74035940238275,0.9118742221047192,70,,
2018,10,11,7,0,12.5,-69,51.5,9.8,248,500.0,0,229.51047061629876,0,1007.3,129.9575489308291,0.8602820724499447,59,,
2018,10,11,8,0,13.4,-56,45.3,9.9,366,697.0000000000001,9,438.5420393153951,0,1007.4,69.93014150383704,0.7576801145087128,49,,
2018,10,11,9,0,14,-38,14.9,9.6,299,797.0,392,626.2174353139065,0,1007.3,46.12242260809381,0.8812904402740382,41,,
2018,10,11,10,0,14.4,-15,15.1,9,306,838.0,442,771.5641078667063,0,1007,266.9338625750769,0.7166020183088715,36,,
2018,10,11,11,0,14.7,11,0,8.4,97,866.0,791,865.8898760630932,0,1006.7,244.5924686153132,1.6916991722416543,35,,
2018,10,11,12,0,14.7,34,0,8,90,878.0,743,902.4734275116426,0,1006.4,248.21340992037184,2.6292030767729804,40,,
2018,10,11,13,0,14.4,53,1,7.9,99,873.0,611,876.8159230719936,0,1006,265.7244070390626,3.677470792865754,47,,
2018,10,11,14,0,14,67,0.1,7.7,79,850.0,475,789.5322713221691,0,1005.7,262.6732100937651,3.6201348542285823,57,,
2018,10,11,15,0,13.3,79,24.5,7.6,188,800.0,86,643.4814372802364,0,1005.6,266.2448272858777,4.186233877103688,68,,
2018,10,11,16,0,12.4,89,42.4,7.6,85,708.0,0,448.7108316923485,0,1005.9,282.28918725960744,4.698232602775913,79,,
2018,10,11,17,0,11.5,99,38.8,7.5,8,523.0,0,222.3493936563657,0,1006.1,292.349944554505,3.6794841896471167,90,,
2018,10,11,18,0,10.9,109,44.2,7.5,0,117.0,0,22.39317649864737,0,1006.3,294.6632056226485,3.194489174796878,101,,
2018,10,11,19,0,10.5,120,42.5,7.4,0,0.0,0,0.0,0,1006.4,279.05280914849993,2.049701544505184,112,,
2018,10,11,20,0,10,134,45.8,7.4,0,0.0,0,0.0,0,1006.5,243.01352307297856,1.9594512413560048,121,,
2018,10,11,21,0,9.8,150,45,7.3,0,0.0,0,0.0,0,1006.5,221.0316393092684,3.479830057129986,128,,
2018,10,11,22,0,9.6,168,22.1,7.2,0,0.0,0,0.0,0,1006.4,213.87407274211807,4.048208282177066,132,,
2018,10,11,23,0,9.5,-172,0,7.1,0,0.0,0,0.0,0,1006.4,200.8074717195997,3.457690521998502,132,,
2018,10,12,0,0,9.4,-153,0,7,0,0.0,0,0.0,0,1006.2,186.3392627205745,3.3255095256393115,129,,
2018,10,12,1,0,9.4,-136,0,6.8,0,0.0,0,0.0,0,1006,160.18006783044996,2.9003223963460654,122,,
2018,10,12,2,0,9.3,-123,0,6.6,0,0.0,0,0.0,0,1005.9,160.67285244861296,2.5088179762240648,113,,
2018,10,12,3,0,9.5,-111,0,6.6,0,0.0,0,0.0,0,1006,140.89926082371687,2.0710031904742148,103,,
2018,10,12,4,0,9.7,-101,0,6.7,3,0.0,1,0.0,0,1006.4,144.0242112256006,2.093370118481088,92,,
2018,10,12,5,0,9.9,-91,2.6,6.9,48,0.0,66,0.0,0,1006.8,157.83580193739147,3.3508797063435507,81,,
2018,10,12,6,0,10.7,-81,23.8,7,149,81.0,91,48.36154801499836,0,1007.2,157.90510456423874,5.788366463809215,70,,
2018,10,12,7,0,12,-70,24,7,214,203.0,186,173.80716380876558,0,1007.5,151.2790433495154,7.203643817380512,59,,
2018,10,12,8,0,13.3,-56,25.4,7,236,392.0,272,354.5121767872495,0,1007.8,155.03751126833583,5.809279605929742,49,,
2018,10,12,9,0,14,-38,10.9,6.8,219,618.0,508,566.3619357769448,0,1008.1,175.59218396758558,5.063560592557403,40,,
2018,10,12,10,0,14.2,-15,7.8,6.4,220,669.0,592,713.4606340236674,0,1008.2,200.69567931555483,5.088619011636375,35,,
2018,10,12,11,0,14.5,11,4.3,5.9,170,707.0,679,806.8311473230665,0,1008.3,224.62111806971745,5.195173247342607,35,,
2018,10,12,12,0,14.4,35,9,5.6,199,539.0,554,748.7472450178316,0,1008.5,235.9579433886481,5.489008280429026,39,,
2018,10,12,13,0,14.2,53,0,5.6,81,504.0,635,703.7825222092979,0,1008.7,241.53612404210105,5.529224822431568,47,,
2018,10,12,14,0,14,68,0,5.6,74,521.0,479,641.4848962325873,0,1009,244.072698670637,5.169480504188557,57,,
2018,10,12,15,0,13.5,79,1.4,5.5,70,512.0,285,526.943875335915,0,1009.5,239.35885667801583,4.63267059494814,68,,
2018,10,12,16,0,12.8,89,11.4,5.5,73,445.0,64,360.5416862097056,0,1010.2,235.5721747490087,4.133441444522564,79,,
2018,10,12,17,0,12.1,99,0.5,5.5,8,348.0,5,183.5328324880148,0,1011,228.6258908666592,3.06277951113307,90,,
2018,10,12,18,0,11.4,109,0,5.4,0,69.0,0,19.361828800904483,0,1011.8,214.562641191599,2.196507261164816,101,,
2018,10,12,19,0,10.8,121,0,5.3,0,0.0,0,0.0,0,1012.7,205.0089428378722,4.14524218962994,111,,
2018,10,12,20,0,10.1,134,0,5.3,0,0.0,0,0.0,0,1013.5,195.80411039886167,5.249463195831997,120,,
2018,10,12,21,0,9.7,150,0,5.5,0,0.0,0,0.0,0,1014,193.00243599637133,6.570315062786605,127,,
2018,10,12,22,0,9.6,168,0,5.9,0,0.0,0,0.0,0,1014.2,193.33146855623792,7.538596483760193,131,,
2018,10,12,23,0,9.4,-172,0,6.4,0,0.0,0,0.0,0,1014.4,189.49481108470567,7.7153147493314576,132,,
2018,10,13,0,0,9.2,-153,0,6.8,0,0.0,0,0.0,0,1014.7,184.6092287894521,7.282340532914739,128,,
2018,10,13,1,0,9,-136,27.1,7.1,0,0.0,0,0.0,0,1015,173.68240674229287,7.177375732596432,122,,
2018,10,13,2,0,8.7,-123,59.1,7.3,0,0.0,0,0.0,0,1015.2,169.67409189491443,7.544306071028727,113,,
2018,10,13,3,0,8.8,-111,59,7.6,0,0.0,0,0.0,0,1015.6,168.0579626338956,7.625484283108154,103,,
2018,10,13,4,0,9.2,-101,50.6,7.9,3,0.0,0,0.0,0,1016.1,165.30443836226402,7.698114343994922,92,,
2018,10,13,5,0,9.6,-91,61,8.2,41,0.0,0,0.0,0,1016.6,160.92704751989754,7.772381401206248,81,,
2018,10,13,6,0,10.5,-81,41.3,8.7,166,22.0,20,34.837232510098374,0,1016.9,159.6854453290789,7.925321942628336,69,,
2018,10,13,7,0,11.8,-70,39.2,9.3,230,40.0,69,110.995742945059,0,1017.2,160.03053144068326,7.974331811936999,58,,
2018,10,13,8,0,13.2,-56,48.8,10,348,178.0,0,286.9847170498512,0,1017.5,169.46589025284675,7.563757015616511,48,,
2018,10,13,9,0,14,-38,41.6,9.9,443,302.0,24,454.2766325380903,0,1017.4,185.5187361055028,8.009292618338643,40,,
2018,10,13,10,0,14.1,-15,3.3,9.2,187,320.0,650,568.5369740273152,0,1017.1,195.37891904713527,7.709906148685652,35,,
2018,10,13,11,0,14.3,11,0,8.4,128,368.0,745,654.4716832796532,0,1016.8,209.3633298557625,8.198829299960842,34,,
2018,10,13,12,0,14.4,35,0,8.1,115,449.0,703,717.7906991197373,0,1016.5,219.39881399822065,8.779937673230197,39,,
2018,10,13,13,0,14.4,54,0,8.2,104,401.0,602,664.24130063084,0,1016.2,220.03619576739487,8.371666686174303,47,,
2018,10,13,14,0,14.4,68,0,8.4,92,310.0,454,541.0165476861952,0,1015.9,223.3233002627064,9.068349427039667,57,,
2018,10,13,15,0,14,80,0,8.6,75,327.0,278,448.2082326951738,0,1015.9,222.51529225804668,9.576869904147635,68,,
2018,10,13,16,0,13.4,90,0,8.9,49,287.0,104,304.4947856796373,0,1016.1,220.69834625006712,10.020946338806812,79,,
2018,10,13,17,0,12.8,100,0,9.2,8,141.0,6,125.38961502354849,0,1016.4,218.36622349299645,9.777650569989286,90,,
2018,10,13,18,0,12,110,0,9.2,0,25.0,0,13.3895085726278,0,1016.6,213.4105285505941,9.923306465515124,101,,
2018,10,13,19,0,11,121,0,8.8,0,0.0,0,0.0,0,1016.9,209.01567448335348,11.028507707699926,111,,
2018,10,13,20,0,10.1,134,0,8.3,0,0.0,0,0.0,0,1017.2,202.26572953677,10.920205584903416,120,,
2018,10,13,21,0,9.6,150,0,8.1,0,0.0,0,0.0,0,1017.1,194.59483096343297,10.50751448141312,127,,
2018,10,13,22,0,9.6,169,0,8.1,0,0.0,0,0.0,0,1016.8,191.1476102132188,9.295252637595055,131,,
2018,10,13,23,0,9.6,-172,0,8.1,0,0.0,0,0.0,0,1016.5,184.20253585455924,9.308230771996984,131,,
2018,10,14,0,0,9.6,-153,0,8.2,0,0.0,0,0.0,0,1016.1,177.92196241037118,9.150060355008252,128,,
2018,10,14,1,0,9.6,-137,0,8.3,0,0.0,0,0.0,0,1015.6,177.6305757469479,9.200493055716134,121,,
2018,10,14,2,0,9.6,-123,0,8.3,0,0.0,0,0.0,0,1015.2,174.71615145334238,9.559910058856392,113,,
2018,10,14,3,0,9.7,-112,0,8.5,0,0.0,0,0.0,0,1015,170.47029062716683,9.384635986321898,102,,
2018,10,14,4,0,10.1,-101,0.1,8.8,4,0.0,2,0.0,0,1014.9,169.93541889883204,9.248275041837042,92,,
2018,10,14,5,0,10.5,-91,52.7,9.2,50,0.0,1,0.0,0,1014.9,168.74540448509106,8.725161126570011,80,,
2018,10,14,6,0,11.5,-81,64.1,9.6,115,9.0,0,27.79600116660955,0,1014.9,165.39427559085743,8.584799589607261,69,,
2018,10,14,7,0,13,-70,60.2,10.1,207,30.0,0,106.39229627563483,0,1014.8,166.6062083425836,9.014471876159044,58,,
2018,10,14,8,0,14.6,-56,61.9,10.6,263,73.0,0,228.55017559759767,0,1014.7,178.23883735456184,8.055074569622187,48,,
2018,10,14,9,0,15.6,-38,59.3,10.9,331,129.0,0,365.2765067690837,0,1014.3,190.6655747991933,9.468756370416394,40,,
2018,10,14,10,0,16.1,-15,45.1,11,458,186.0,22,482.5037722649095,0,1013.6,201.42652954862217,11.204296806268154,34,,
2018,10,14,11,0,16.5,11,23,11.1,441,378.0,237,657.9751539366466,0,1012.9,208.4027970692076,11.020705310976943,34,,
2018,10,14,12,0,16.7,35,27.4,11.2,462,591.0,137,790.1316328900728,0,1012.2,213.5133928484663,11.418807007762666,39,,
2018,10,14,13,0,16.8,54,29.3,11.3,410,675.0,94,807.0965330327355,0,1011.5,216.6635439531524,10.669795762304322,47,,
2018,10,14,14,0,16.8,68,23.8,11.4,302,682.0,118,735.8773967793138,0,1010.9,215.2055751128118,10.29223251460337,56,,
2018,10,14,15,0,16.4,80,63.9,11.5,128,648.0,3,600.7961534932474,0,1010.6,220.54764337057824,9.586783961672014,67,,
2018,10,14,16,0,15.4,90,50,11.8,72,545.0,0,408.2632094390176,0,1010.5,221.2855737503298,8.913665244422111,79,,
2018,10,14,17,0,14.5,100,3.3,12,11,320.0,2,183.7229894338573,0,1010.3,216.7847199175974,7.751375753055936,90,,
2018,10,14,18,0,13.7,110,0,11.9,0,57.0,0,19.641289923423344,0,1010.3,205.6022948308372,7.349272226289303,101,,
2018,10,14,19,0,13,121,0,11.5,0,0.0,0,0.0,0,1010.3,193.619356402593,9.977324684440877,111,,
2018,10,14,20,0,12.4,135,0,11.1,0,0.0,0,0.0,0,1010.4,188.8683719981382,9.877112929122754,120,,
2018,10,14,21,0,12.2,150,0,11,0,0.0,0,0.0,0,1009.9,187.49898590909763,9.566685502325072,127,,
2018,10,14,22,0,12.4,169,0,11.1,0,0.0,0,0.0,0,1009,182.87229318520127,9.18390096185468,131,,
2018,10,14,23,0,12.7,-172,0,11.2,0,0.0,0,0.0,0,1008.1,178.22086711027362,8.878059108480215,131,,
2018,10,15,0,0,13,-153,0,11.4,0,0.0,0,0.0,0,1007.3,172.75208908476702,9.120238083886608,127,,
2018,10,15,1,0,13.3,-137,5,11.6,0,0.0,0,0.0,0,1006.6,175.59574928843733,9.286455569834716,121,,
2018,10,15,2,0,13.7,-123,34.2,11.8,0,0.0,0,0.0,0,1005.9,176.11723548551151,8.479913216295262,112,,
2018,10,15,3,0,14.1,-112,28.8,12,0,0.0,0,0.0,0,1005.5,172.74339373225223,8.504396174787091,102,,
2018,10,15,4,0,14.6,-102,26.6,12,5,0.0,0,0.0,0,1005.5,169.85592826711854,8.365634909514585,91,,
2018,10,15,5,0,15.1,-92,16.9,12.1,69,0.0,40,0.0,0,1005.4,166.84825941487156,8.841524420354101,80,,
2018,10,15,6,0,16.2,-82,6.8,11.9,121,16.0,184,34.493371676555974,0,1005.3,167.29043057719866,8.00748007851968,69,,
2018,10,15,7,0,17.9,-70,2.1,11.6,117,25.0,398,100.11331584538104,0,1005.1,165.2600875948542,8.191701910079576,58,,
2018,10,15,8,0,19.6,-57,0,11.2,110,28.0,579,166.9961344551349,0,1004.9,179.00485003597555,8.223408314433666,48,,
2018,10,15,9,0,20.6,-39,2.4,10.7,152,75.0,640,309.4129408239929,0,1004.5,187.770676153397,8.575081408645291,39,,
2018,10,15,10,0,20.8,-15,0.6,10,133,127.0,738,449.7151523571192,0,1003.9,195.2124994927205,8.520740925133126,34,,
2018,10,15,11,0,21.1,12,23.2,9.3,302,214.0,373,573.0303666315381,0,1003.4,205.8834570740903,7.985118286412804,34,,
2018,10,15,12,0,21,36,24.3,9,258,220.0,354,590.7204777156353,0,1002.9,207.96291167150275,8.530604984367008,38,,
2018,10,15,13,0,20.6,54,5.9,9.1,183,307.0,480,623.3164397413334,0,1002.6,208.18279028378376,7.653722248472533,46,,
2018,10,15,14,0,20.1,69,38.1,9.2,252,237.0,92,507.8716285161751,0,1002.2,215.6211551696787,7.577532043068348,56,,
2018,10,15,15,0,19.3,80,84,9.3,64,82.0,0,288.2336359106333,0,1002.2,214.61073284651007,7.922564113522435,67,,
2018,10,15,16,0,18.2,90,72.7,9.5,36,14.0,0,103.60231894098273,0,1002.4,215.13619121114104,7.209403729391873,78,,
2018,10,15,17,0,17.1,100,64.6,9.7,7,5.0,0,31.46532440865185,0,1002.7,213.5080467130399,6.628741422457382,90,,
2018,10,15,18,0,16.2,110,39.2,10.1,0,1.0,0,4.102369001006088,0,1003.1,202.18174942222464,6.665684653514649,101,,
2018,10,15,19,0,15.6,122,42.5,10.6,0,0.0,0,0.0,0,1003.6,190.0968933993223,7.719158397326123,111,,
2018,10,15,20,0,14.9,135,60.4,11.1,0,0.0,0,0.0,0,1004.2,176.66503306542063,8.137560254707454,120,,
2018,10,15,21,0,14.8,151,80,11.2,0,0.0,0,0.0,0,1004.2,166.39041522144316,8.754855079415474,126,,
2018,10,15,22,0,15,169,66.2,11,0,0.0,0,0.0,0,1003.9,161.55737180713163,8.64029071085331,130,,
2018,10,15,23,0,15.3,-172,25.2,10.7,0,0.0,0,0.0,0,1003.6,156.92722384491526,8.569528552550594,131,,
2018,10,16,0,0,15.4,-153,59.1,10.6,0,0.0,0,0.0,0,1003.3,153.25984191192356,8.073902686825544,127,,
2018,10,16,1,0,15.3,-137,51.7,10.8,0,0.0,0,0.0,0,1003.2,156.69896205957662,8.516114152630834,121,,
2018,10,16,2,0,15.2,-123,43.5,10.9,0,0.0,0,0.0,0,1003,154.52488685688138,8.994376535045076,112,,
2018,10,16,3,0,15,-112,57.5,11.1,0,0.0,0,0.0,0,1003.1,149.08960141442446,9.666352789334912,102,,
2018,10,16,4,0,14.9,-102,68.9,11.3,3,0.0,0,0.0,0,1003.6,142.56523802812217,7.3797531651618975,91,,
2018,10,16,5,0,14.8,-92,58.4,11.4,49,0.0,0,1.0,0,1004,147.41788211991047,8.12430158694486,80,,
2018,10,16,6,0,14.9,-82,72.2,11.5,81,24.0,0,43.35632814476072,0,1004.7,153.70577232896323,7.34547801688386,68,,
2018,10,16,7,0,15.3,-71,65.1,11.3,179,149.0,4,182.09968804485663,0,1005.5,156.92735155551907,8.312909811716652,57,,
2018,10,16,8,0,15.8,-57,33.5,11.2,317,260.0,140,344.84563258474736,0,1006.3,161.21316161440404,7.7309727940555,47,,
2018,10,16,9,0,16,-39,7.6,10.6,237,393.0,520,522.8641124528257,0,1007,161.5661326784466,8.180231733898712,39,,
2018,10,16,10,0,16,-15,0,9.5,107,526.0,789,698.224577863207,0,1007.4,159.58531729798835,6.1613950626696505,34,,
2018,10,16,11,0,16.1,12,1.2,8.5,119,450.0,781,731.6196499012522,0,1007.9,209.6223139565244,3.822040978147149,33,,
2018,10,16,12,0,15.9,36,11.6,7.8,262,273.0,496,647.1741153663863,0,1008.2,261.8248842761802,6.328469537845368,38,,
2018,10,16,13,0,15.5,55,8.1,7.4,205,179.0,478,545.5447864266043,0,1008.5,248.59773134916736,4.796324123598188,46,,
2018,10,16,14,0,15.1,69,2.8,7,113,83.0,452,380.8591422592792,0,1008.8,219.7302437930313,2.7818349373168902,56,,
2018,10,16,15,0,14.4,81,0.3,6.8,70,40.0,312,237.11912734167925,0,1009.2,180.0,3.2119140625,67,,
2018,10,16,16,0,13.5,91,0,7,48,14.0,125,111.64723918721933,0,1009.7,182.32951478030165,3.0752953627862536,78,,
2018,10,16,17,0,12.6,101,0.3,7.1,10,5.0,8,35.48183916468846,0,1010.2,162.97816609522738,3.5469832970979027,89,,
2018,10,16,18,0,11.5,111,0,7,0,2.0,0,5.211553946820281,0,1010.7,179.53719330885644,2.9922851168095086,100,,
2018,10,16,19,0,10.4,122,14,6.7,0,0.0,0,0.0,0,1011.3,167.7964413777852,2.630986211334628,110,,
2018,10,16,20,0,9.2,135,38.6,6.4,0,0.0,0,0.0,0,1011.9,175.99255605211442,4.436628900912244,119,,
2018,10,16,21,0,8.7,151,0.5,6.3,0,0.0,0,0.0,0,1012.1,192.5244983517615,5.281192135917086,126,,
2018,10,16,22,0,8.8,169,0,6.4,0,0.0,0,0.0,0,1011.8,183.49347183538487,5.296707853982761,130,,
2018,10,16,23,0,8.9,-172,0,6.5,0,0.0,0,0.0,0,1011.4,184.14961788187168,6.275484432845494,130,,
2018,10,17,0,0,8.9,-153,0,6.5,0,0.0,0,0.0,0,1011.2,185.8427383818868,7.014957969747615,127,,
2018,10,17,1,0,8.9,-137,0,6.3,0,0.0,0,0.0,0,1011.1,194.953047730968,6.331843063316123,120,,
2018,10,17,2,0,8.9,-124,0,6.2,0,0.0,0,0.0,0,1011,172.30744259271364,6.004229803060015,112,,
2018,10,17,3,0,9,-112,0,6.1,0,0.0,0,0.0,0,1011.1,145.78759427940406,5.4741000191318,102,,
2018,10,17,4,0,9.4,-102,3,6,7,0.0,1,0.0,0,1011.4,141.72225812895726,5.815085446204736,91,,
2018,10,17,5,0,9.7,-92,38.9,6,86,0.0,2,1.0,0,1011.8,153.91146585815284,6.288394385443436,80,,
2018,10,17,6,0,10.5,-82,23.8,6,161,3.0,110,20.30892464580289,0,1012,185.004061673578,4.078043392431816,68,,
2018,10,17,7,0,11.7,-71,18.6,6,217,8.0,234,74.35137644895173,0,1012.1,188.8764517847613,3.3874946066331333,57,,
2018,10,17,8,0,12.8,-57,24.8,6,325,10.0,200,125.73057731889628,0,1012.3,200.23511522635908,3.3006349881062045,47,,
2018,10,17,9,0,13.6,-39,36,6.5,368,11.0,155,180.8994111218888,0,1012.3,211.0499138514737,4.287971913805298,39,,
2018,10,17,10,0,14,-15,43.6,7.3,382,11.0,120,217.20338079801792,0,1012.3,205.9182969025728,3.994823988676385,33,,
2018,10,17,11,0,14.3,12,58,8.1,375,8.0,0,215.56461526911036,0,1012.2,213.7319289779548,3.7071209043508544,33,,
2018,10,17,12,0,14.4,36,62.9,8.5,307,17.0,0,287.3915887808702,0,1012.4,229.04363302456693,3.2731653159519287,38,,
2018,10,17,13,0,14.3,55,62.8,8.7,213,44.0,51,368.1663954701245,0,1012.6,237.95113926757463,2.728304899211621,46,,
2018,10,17,14,0,14.2,69,20.8,8.8,267,49.0,177,330.6751572240027,0,1012.9,255.29453140513672,2.803502780969396,56,,
2018,10,17,15,0,13.7,81,18.8,8.5,146,46.0,147,254.032086556622,0,1013.4,273.59405313549223,2.216028317220629,67,,
2018,10,17,16,0,13,91,20.9,7.8,82,48.0,45,176.9439377168771,0,1014.1,325.04506678510046,1.2668696276452491,78,,
2018,10,17,17,0,12.2,101,3.2,7.1,13,59.0,1,101.68041936288108,0,1014.9,354.4383515303336,0.2896938131523059,89,,
2018,10,17,18,0,11.5,111,0,6.5,0,35.0,0,20.8217723115609,0,1015.6,287.506173689096,0.5429701770791161,100,,
2018,10,17,19,0,10.8,122,0,5.8,0,0.0,0,0.0,0,1016.3,259.5101258909975,0.9534346593403769,110,,
2018,10,17,20,0,10.1,135,0,5.2,0,0.0,0,0.0,0,1017,273.7410148960344,1.38821195344674,119,,
2018,10,17,21,0,9.8,151,0,5.1,0,0.0,0,0.0,0,1017.4,268.8555991807924,1.026816141969005,126,,
2018,10,17,22,0,9.8,169,0,5.5,0,0.0,0,0.0,0,1017.5,228.53815981626812,0.5818481157199409,130,,
2018,10,17,23,0,9.8,-172,0,5.8,0,0.0,0,0.0,0,1017.6,151.41900273386153,0.9094021993023648,130,,
2018,10,18,0,0,9.7,-153,0,5.9,0,0.0,0,0.0,0,1017.8,140.22982788439504,1.770822908333404,126,,
2018,10,18,1,0,9.6,-137,0,5.8,0,0.0,0,0.0,0,1017.9,142.30753397078547,3.118924930689136,120,,
2018,10,18,2,0,9.4,-124,0,5.6,0,0.0,0,0.0,0,1018.1,144.72277935910262,3.1341209437970465,111,,
2018,10,18,3,0,9.3,-112,0,5.4,0,0.0,0,0.0,0,1018.4,142.35849721107058,3.3104076074884783,101,,
2018,10,18,4,0,9.3,-102,3,5.3,8,0.0,2,0.0,0,1018.7,146.5080753642784,3.367765372623441,90,,
2018,10,18,5,0,9.2,-92,40.6,5.1,89,0.0,0,1.0,0,1019,170.59246676021576,2.896128698878528,79,,
2018,10,18,6,0,9.9,-82,29.5,5,214,7.0,41,30.754012189793887,0,1019.2,193.4385960300681,2.9519186230145342,68,,
2018,10,18,7,0,11.3,-71,35.3,5.1,311,19.0,54,104.67183611657904,0,1019.4,222.34022582778863,3.987986704143219,57,,
2018,10,18,8,0,12.7,-57,9.1,5.1,206,32.0,462,198.2770546755181,0,1019.6,246.88652642635924,4.27265705465064,47,,
2018,10,18,9,0,13.4,-39,0.4,5.1,100,67.0,752,332.297341029134,0,1019.6,264.9433383228095,4.412436788500628,38,,
2018,10,18,10,0,13.4,-15,0,5,97,133.0,824,465.6946263662512,0,1019.4,279.96039147655256,5.619117638650657,33,,
2018,10,18,11,0,13.5,12,0,5,99,97.0,825,468.9433608600325,0,1019.1,289.5392571596176,6.373373969589785,33,,
2018,10,18,12,0,13.5,37,0,5,96,76.0,770,444.59576460571566,0,1018.8,296.7529873351376,8.022046207195515,37,,
2018,10,18,13,0,13.4,56,0,5.2,88,94.0,662,446.5683827329488,0,1018.4,301.9326227607952,8.599731434049643,45,,
2018,10,18,14,0,13.4,70,0,5.3,78,118.0,508,418.6911049789271,0,1017.9,300.8589932099117,8.793169206582299,56,,
2018,10,18,15,0,13,81,0,5.4,66,87.0,322,302.1808695886308,0,1017.7,303.729247430563,8.416791981450325,66,,
2018,10,18,16,0,12.1,91,0.2,5.5,46,51.0,134,174.54028036366913,0,1017.6,304.8440254433049,6.976675111688362,78,,
2018,10,18,17,0,11.3,101,0.1,5.6,10,23.0,12,69.96821144488467,0,1017.4,305.50355042589536,6.384823224451728,89,,
2018,10,18,18,0,10.3,111,0,5.5,0,12.0,0,13.351417718446896,0,1017.5,312.15889816579704,6.492093779877838,100,,
2018,10,18,19,0,9,123,0,5.1,0,0.0,0,0.0,0,1017.6,320.3187412562938,6.987560399226066,110,,
2018,10,18,20,0,7.7,136,0,4.8,0,0.0,0,0.0,0,1017.7,319.25143283711014,6.850994725989963,119,,
2018,10,18,21,0,7.2,151,0,4.8,0,0.0,0,0.0,0,1017.6,320.4784139179367,6.710359013307891,125,,
2018,10,18,22,0,7.4,169,0,5.1,0,0.0,0,0.0,0,1017.2,324.9812344502126,6.812686191429261,129,,
2018,10,18,23,0,7.6,-172,0,5.4,0,0.0,0,0.0,0,1016.8,331.37829291101764,7.146482394151186,129,,
2018,10,19,0,0,7.6,-153,0,5.4,0,0.0,0,0.0,0,1016.4,334.40332292820057,6.48617861379295,126,,
2018,10,19,1,0,7.5,-137,0,5.2,0,0.0,0,0.0,0,1016,333.95552830869343,6.777596526695063,120,,
2018,10,19,2,0,7.4,-124,0,4.9,0,0.0,0,0.0,0,1015.5,349.315315822754,6.818410234526594,111,,
2018,10,19,3,0,7.5,-113,0,4.9,0,0.0,0,0.0,0,1015.3,351.31777788397903,4.740355972220466,101,,
2018,10,19,4,0,7.9,-102,1.3,4.9,9,0.0,4,0.0,0,1015.4,322.0425285614017,3.539797843344133,90,,
2018,10,19,5,0,8.3,-93,4.4,5,58,1.0,93,2.0,0,1015.5,321.23368841569925,3.5485744522118923,79,,
2018,10,19,6,0,9.3,-83,0,5.3,81,52.0,279,59.84483186529638,0,1015.5,318.58032464670544,4.638738717651627,68,,
2018,10,19,7,0,10.9,-72,0,5.9,99,151.0,461,190.75971094634127,0,1015.4,320.4702682248848,5.356698760971287,57,,
2018,10,19,8,0,12.6,-58,3.6,6.5,168,164.0,536,310.9964958869166,0,1015.3,318.3229577805534,4.699734831492452,46,,
2018,10,19,9,0,13.6,-39,2.7,6.6,164,127.0,667,386.68508809832144,0,1014.9,308.4023089405905,5.472123081284929,38,,
2018,10,19,10,0,14.1,-15,0,6.5,119,85.0,802,414.0335658166956,0,1014.1,302.6240957017609,6.118402596684951,33,,
2018,10,19,11,0,14.6,12,0,6.3,112,73.0,813,435.42035862474165,0,1013.4,297.1181501411741,6.741054559071202,32,,
2018,10,19,12,0,14.9,37,0,6.4,105,120.0,761,511.3922704836383,0,1012.8,293.0989318799016,7.35371633714217,37,,
2018,10,19,13,0,15.1,56,0,6.7,93,248.0,657,599.4386939015599,0,1012.2,285.2559603844808,5.830465874485297,45,,
2018,10,19,14,0,15.2,70,0.2,7.1,84,433.0,501,641.7988270937449,0,1011.7,277.068693082504,5.668081233816453,55,,
2018,10,19,15,0,14.7,82,6.9,7.5,103,302.0,264,461.4857298141228,0,1011.3,282.5255079867719,5.057879806273416,66,,
2018,10,19,16,0,13.6,92,7,8,73,578.0,92,446.9558128291848,0,1011.1,271.4864057638269,3.7270842133008,78,,
2018,10,19,17,0,12.5,102,0.3,8.5,12,390.0,11,222.4416078081321,0,1010.8,250.36055123827745,2.945521926517236,89,,
2018,10,19,18,0,11.3,112,0,8.6,0,27.0,0,18.13336143795927,0,1010.7,203.3604468011389,2.451170051239673,100,,
2018,10,19,19,0,10.2,123,0,8.3,0,0.0,0,0.0,0,1010.6,183.95354061613423,3.455978146945333,110,,
2018,10,19,20,0,9,136,0,8,0,0.0,0,0.0,0,1010.4,163.7451590605839,4.694238301819796,118,,
2018,10,19,21,0,8.6,152,0,7.9,0,0.0,0,0.0,0,1010,160.63502845734433,5.251184420722107,125,,
2018,10,19,22,0,9,169,10.1,8,0,0.0,0,0.0,0,1009.3,157.32323535778062,5.786699067426468,129,,
2018,10,19,23,0,9.4,-172,22.8,8.1,0,0.0,0,0.0,0,1008.6,153.88357424383526,7.055840551155567,129,,
2018,10,20,0,0,9.7,-153,7.3,8.2,0,0.0,0,0.0,0,1007.9,159.84578884315442,6.4048742584896345,126,,
2018,10,20,1,0,10.1,-138,15.8,8.3,0,0.0,0,0.0,0,1007.2,159.27454627241252,6.726294978511923,119,,
2018,10,20,2,0,10.4,-124,37.5,8.4,0,0.0,0,0.0,0,1006.5,151.64020509438103,5.215282710313334,111,,
2018,10,20,3,0,10.9,-113,41.4,8.6,0,0.0,0,0.0,0,1006.1,166.13571213678267,3.3540648964237403,101,,
2018,10,20,4,0,11.5,-103,31.8,9.1,7,0.0,0,0.0,0,1005.9,118.4239867877285,1.4069083685965855,90,,
2018,10,20,5,0,12.1,-93,75.6,9.6,35,1.0,0,1.0,0,1005.7,23.549446042867714,3.617438231443724,79,,
2018,10,20,6,0,12.9,-83,86.3,10.1,45,2.0,0,16.234051201369557,0,1005.6,5.730754213455214,9.043980064444776,67,,
2018,10,20,7,0,13.9,-72,69.6,10.6,161,3.0,0,48.92250083907778,0,1005.5,333.8143100194887,6.035441355467673,56,,
2018,10,20,8,0,15,-58,62.8,11.2,247,7.0,0,108.4012298655116,0,1005.5,352.1001914533452,6.803333695259191,46,,
2018,10,20,9,0,15.7,-40,72.3,11.9,221,14.0,0,192.94955771647952,0,1005.1,20.976789706834325,9.377860449873314,38,,
2018,10,20,10,0,16,-15,83.3,12.9,142,49.0,0,329.0938878589891,0,1004.4,22.20571461105225,9.810634147108535,32,,
2018,10,20,11,0,16.2,12,70.5,13.9,252,232.0,0,575.8220654118214,0,1003.7,22.587075860789128,10.566858701485222,32,,
2018,10,20,12,0,16.6,37,73.6,14.4,208,149.0,0,516.6240915992677,0,1002.9,22.448971033076987,9.583144339826376,37,,
2018,10,20,13,0,17,56,64,14.4,246,211.0,0,545.4511810039232,0,1002,25.716924870202604,9.441543057278734,45,,
2018,10,20,14,0,17.5,71,73.1,14.4,143,628.0,0,722.9040586696678,0,1001.1,32.77474528740066,9.761788754557552,55,,
2018,10,20,15,0,17.4,82,58.2,14.1,144,472.0,0,533.2940763157825,0,1000.5,42.29777973186947,9.374064080887122,66,,
2018,10,20,16,0,16.9,92,61.3,13.4,70,375.0,0,355.8164632930509,0,1000.1,47.51336319444641,8.841816134692014,77,,
2018,10,20,17,0,16.4,102,40.6,12.7,9,402.0,0,221.44006254421976,0,999.7,50.39177742106813,9.193358836874005,89,,
2018,10,20,18,0,16.1,112,47.6,12.3,0,228.0,0,48.24367854818412,0,999.6,47.94225612883042,9.08075307075863,99,,
2018,10,20,19,0,16.1,123,53.8,12,0,0.0,0,0.0,0,999.8,49.676209837671536,8.605768213243346,109,,
2018,10,20,20,0,16,136,63.3,11.8,0,0.0,0,0.0,0,999.9,56.97613244420336,8.135656268213651,118,,
2018,10,20,21,0,15.6,152,60.1,11.9,0,0.0,0,0.0,0,999.8,66.64593675515829,8.163436898532778,125,,
2018,10,20,22,0,15,170,54.5,12.3,0,0.0,0,0.0,0,999.5,78.6663724410862,7.7569779430244,128,,
2018,10,20,23,0,14.4,-172,32.7,12.6,0,0.0,0,0.0,0,999.2,77.17977100247225,7.340961271746626,129,,
2018,10,21,0,0,13.9,-154,42.3,12.7,0,0.0,0,0.0,0,999.1,77.55558022475645,6.202862006120613,125,,
2018,10,21,1,0,13.5,-138,45.7,12.6,0,0.0,0,0.0,0,999.3,89.29206808389506,4.228594258130106,119,,
2018,10,21,2,0,13,-125,39,12.4,0,0.0,0,0.0,0,999.4,90.13176080322796,2.760261204978299,110,,
2018,10,21,3,0,12.6,-113,41.6,12.1,0,0.0,0,0.0,0,999.9,74.96100794269967,2.571472752518909,100,,
2018,10,21,4,0,12.3,-103,41.4,11.7,8,0.0,0,0.0,0,1000.7,68.27529665427107,1.388409381850473,90,,
2018,10,21,5,0,11.9,-93,36.2,11.2,70,9.0,25,3.0000000000000004,0,1001.4,92.72327620624446,1.3154504401956624,78,,
2018,10,21,6,0,12.1,-83,8,10.9,126,150.0,188,79.2382180977592,0,1002,142.08915147140067,1.5051312102345007,67,,
2018,10,21,7,0,13,-72,23.9,10.6,233,350.0,162,242.15912352985595,0,1002.2,129.52821879301325,1.013835151473403,56,,
2018,10,21,8,0,13.8,-58,26.5,10.2,250,541.0,281,443.0999396191086,0,1002.5,180.0,0.086669921875,46,,
2018,10,21,9,0,14.5,-40,0,9.5,141,706.0,698,646.0409998701056,0,1002.8,286.07150383992035,0.9903666992860362,37,,
2018,10,21,10,0,15,-15,0,8.4,131,817.0000000000001,781,807.4337693379322,0,1003.2,272.3201190443136,2.140915189689994,32,,
2018,10,21,11,0,15.5,13,0,7.3,118,835.0,806,895.8226214719051,0,1003.7,273.1605796626942,3.1439423003641145,32,,
2018,10,21,12,0,15.7,38,0,6.6,103,824.0000000000001,768,918.4338766704552,0,1004.2,282.50800961544815,3.5745862511316364,36,,
2018,10,21,13,0,15.5,57,1.2,6.4,111,797.0,636,880.1893146649863,0,1004.8,289.1456020238932,4.487984703101219,45,,
2018,10,21,14,0,15.4,71,73.7,6.1,133,635.0,32,723.1406722737213,0,1005.4,287.07635354142275,6.160761733889256,55,,
2018,10,21,15,0,14.8,82,94.1,6,22,456.0,1,522.4422295467267,0,1006.2,297.6804460281708,7.257896233969766,66,,
2018,10,21,16,0,14,92,73.3,6.1,25,317.0,30,329.5379111753901,0,1007.3,298.2132943886128,7.550071627706582,77,,
2018,10,21,17,0,13.1,102,13,6.2,14,296.0,1,190.60096205070332,0,1008.3,329.7460045914027,7.010207576004766,88,,
2018,10,21,18,0,12.2,112,0,6.1,0,189.0,0,45.23484700317421,0,1009.1,4.172418993337942,7.623721406391723,99,,
2018,10,21,19,0,11.3,123,0,5.9,0,0.0,0,0.0,0,1009.8,18.258341525220203,7.388848173824829,109,,
2018,10,21,20,0,10.5,137,0,5.6,0,0.0,0,0.0,0,1010.4,29.42607322394855,7.227315469640514,118,,
2018,10,21,21,0,10,152,0,5.5,0,0.0,0,0.0,0,1010.7,32.258210950131286,7.283933300633609,124,,
2018,10,21,22,0,10,170,0,5.8,0,0.0,0,0.0,0,1010.8,35.945350035826834,6.557543172297884,128,,
2018,10,21,23,0,9.9,-172,0,6,0,0.0,0,0.0,0,1010.9,39.59312632645987,5.353360028738742,128,,
2018,10,22,0,0,9.7,-154,0,6,0,0.0,0,0.0,0,1010.9,42.2356417086591,5.168791955503141,125,,
2018,10,22,1,0,9.6,-138,19.2,6,0,0.0,0,0.0,0,1011,48.54986116630408,4.218452195853296,119,,
2018,10,22,2,0,9.4,-125,42.5,5.9,0,0.0,0,0.0,0,1011.1,48.47941076780876,3.291109304481445,110,,
2018,10,22,3,0,9.3,-113,42.9,5.8,0,0.0,0,0.0,0,1011.3,31.304416594493603,2.2041893545640465,100,,
2018,10,22,4,0,9.4,-103,35.9,5.8,9,0.0,0,0.0,0,1011.7,341.3124065474996,2.4162012644123854,89,,
2018,10,22,5,0,9.5,-94,58.8,5.8,67,13.0,0,3.000000000000001,0,1012,340.7140988223999,5.255627324011592,78,,
2018,10,22,6,0,10,-84,59.5,5.7,149,139.0,0,78.52587628764243,0,1012.2,351.25000913859395,6.666701502013588,67,,
2018,10,22,7,0,11,-72,50.7,5.6,275,275.0,1,222.95261276544625,0,1012.3,347.1887536723374,3.819447128795875,56,,
2018,10,22,8,0,12,-59,33.6,5.6,428,286.0,53,353.3039284688448,0,1012.3,338.85086590728,2.6721731209214723,45,,
2018,10,22,9,0,12.6,-40,45.7,5.2,402,223.0,68,433.2597904023567,0,1012.2,299.09887937398446,2.669732701730364,37,,
2018,10,22,10,0,13,-15,36.6,4.7,477,137.0,112,462.6909356768909,0,1012,285.7475623732868,3.632430550790213,32,,
2018,10,22,11,0,13.3,13,31.6,4.1,464,169.0,176,539.595144527361,0,1011.8,281.79277460969365,4.8237376417193,31,,
2018,10,22,12,0,13.4,38,36.8,3.8,455,461.0,98,748.799408773036,0,1011.6,276.5187781206069,5.042857487261501,36,,
2018,10,22,13,0,13.3,57,23.5,3.9,298,699.0000000000001,277,847.5274566853718,0,1011.4,267.6498778975732,3.7389846825542254,44,,
2018,10,22,14,0,13.2,71,0,4,81,469.0,517,654.249829734918,0,1011.2,264.6495268718653,4.06605589105768,55,,
2018,10,22,15,0,12.8,83,0.9,4.2,77,209.0,320,400.1289912488838,0,1011.3,266.32788762280603,4.345591813279914,66,,
2018,10,22,16,0,12.2,93,0.4,4.4,50,664.0,142,481.8754064712052,0,1011.6,250.7635021228026,3.427191284280557,77,,
2018,10,22,17,0,11.5,102,0.4,4.7,13,526.0,14,265.28241353690964,0,1011.9,232.115902975428,2.692413982976076,88,,
2018,10,22,18,0,10.7,113,0,4.9,0,238.0,0,54.08019927337786,0,1012.3,190.5054757520258,2.8748498649372487,99,,
2018,10,22,19,0,9.9,124,0,4.9,0,0.0,0,0.0,0,1012.7,169.9927384578051,3.384500492055336,109,,
2018,10,22,20,0,9.1,137,0,5,0,0.0,0,0.0,0,1013.1,178.5156734262008,3.949079026222892,118,,
2018,10,22,21,0,8.7,152,0,5.2,0,0.0,0,0.0,0,1013.2,171.96528851589096,3.5877087193426047,124,,
2018,10,22,22,0,8.5,170,0,5.4,0,0.0,0,0.0,0,1013.1,175.29566235214827,4.75993183457829,128,,
2018,10,22,23,0,8.4,-172,0,5.6,0,0.0,0,0.0,0,1013,167.5188892361565,4.008051108531732,128,,
2018,10,23,0,0,8.2,-154,0,5.7,0,0.0,0,0.0,0,1012.9,150.88868479490418,3.3300940997056583,125,,
2018,10,23,1,0,8,-138,0,5.7,0,0.0,0,0.0,0,1013,154.68337361143654,1.6437036058093817,118,,
2018,10,23,2,0,7.8,-125,0,5.6,0,0.0,0,0.0,0,1013,140.0149139099138,1.53645010046181,110,,
2018,10,23,3,0,7.9,-114,0,5.6,0,0.0,0,0.0,0,1013.2,274.206668508095,0.4692818485481513,100,,
2018,10,23,4,0,8.3,-103,1.4,5.7,11,0.0,9,0.0,0,1013.6,329.54443513788243,2.6293994843304382,89,,
2018,10,23,5,0,8.7,-94,0.6,5.9,45,1.0,133,1.0,0,1013.9,1.81544395771607,5.3559598690585,78,,
2018,10,23,6,0,9.7,-84,0,5.8,63,7.0,323,30.91360487820192,0,1014.1,9.181645925907787,7.201893906055792,67,,
2018,10,23,7,0,11.1,-73,0,5.6,75,36.0,510,125.53522054106185,0,1014.1,354.53001589129855,6.664135716741558,55,,
2018,10,23,8,0,12.6,-59,3.3,5.4,133,84.0,593,254.83555501011745,0,1014.1,340.5385944248709,6.753272221525827,45,,
2018,10,23,9,0,13.4,-40,1.2,5.3,110,400.0,753,537.2459617551192,0,1013.9,351.85426925556686,8.480827745652123,37,,
2018,10,23,10,0,13.7,-16,0.1,5.2,95,823.0000000000001,841,805.7619377030834,0,1013.5,355.6431299921828,7.590783344248958,31,,
2018,10,23,11,0,14,13,0,5.1,92,843.0,846,893.0456012962222,0,1013.1,358.2720337703193,8.760331321660436,31,,
2018,10,23,12,0,14.2,38,0,5.1,82,853.0,799,927.7014794761392,0,1012.8,351.20170873984614,10.46592658671392,36,,
2018,10,23,13,0,14.1,57,0,5.2,75,850.0,689,902.5661573592116,0,1012.6,358.0052549854378,11.87462738355988,44,,
2018,10,23,14,0,14,72,0,5.4,68,846.0,532,825.7392972571378,0,1012.3,9.891517358096564,12.934461248275705,54,,
2018,10,23,15,0,13.6,83,0,5.6,59,819.0000000000001,345,690.9921129683779,0,1012.3,16.925078689924135,11.711364679771588,65,,
2018,10,23,16,0,12.8,93,0,5.8,43,780.0,154,515.5879183104224,0,1012.3,24.298929185896554,12.293138840440792,77,,
2018,10,23,17,0,11.9,103,0,6,12,653.0,18,294.57313930145585,0,1012.4,25.529104207866283,12.373876564009826,88,,
2018,10,23,18,0,11,113,0,6.1,0,358.0,0,68.48419085320754,0,1012.6,22.76532683577841,10.87396458103266,99,,
2018,10,23,19,0,9.9,124,0,5.9,0,0.0,0,0.0,0,1012.9,23.7996421181777,9.49786303352285,109,,
2018,10,23,20,0,8.8,137,0,5.8,0,0.0,0,0.0,0,1013.2,27.691012985356902,7.978778635870387,117,,
2018,10,23,21,0,8.3,152,0,5.9,0,0.0,0,0.0,0,1013.2,35.91495021786915,7.025585164443407,124,,
2018,10,23,22,0,8.3,170,0,6.2,0,0.0,0,0.0,0,1012.9,38.29509076877423,5.277071914053076,127,,
2018,10,23,23,0,8.3,-172,0,6.5,0,0.0,0,0.0,0,1012.6,13.854961284995568,4.884547457881207,128,,
2018,10,24,0,0,8.2,-154,0,6.6,0,0.0,0,0.0,0,1012.4,6.838058730356238,5.066803721746133,124,,
2018,10,24,1,0,8.2,-138,0,6.5,0,0.0,0,0.0,0,1012.4,5.623612468008048,4.880667900613043,118,,
2018,10,24,2,0,8.2,-125,0,6.5,0,0.0,0,0.0,0,1012.5,12.860271298718205,4.893251298898692,109,,
2018,10,24,3,0,8.4,-114,0,6.4,0,0.0,0,0.0,0,1012.6,23.809605725808296,4.830819085064882,100,,
2018,10,24,4,0,8.8,-104,1.5,6.4,13,0.0,8,0.0,0,1012.7,30.289481478155096,4.265945876632156,89,,
2018,10,24,5,0,9.3,-94,0.9,6.4,55,33.0,121,5.000000000000002,0,1012.8,24.08516708338624,3.681605047969785,78,,
2018,10,24,6,0,10.2,-84,20,6.3,192,302.0,107,100.73204667262986,0,1012.9,23.89516141507039,3.649472941269956,66,,
2018,10,24,7,0,11.6,-73,44.3,6.1,327,597.0,0,297.77183941916746,0,1012.8,46.11655403016039,4.252425062897389,55,,
2018,10,24,8,0,12.9,-59,32.9,5.9,394,741.0,114,503.9338313948114,0,1012.8,47.91699383667111,4.678041483885969,45,,
2018,10,24,9,0,13.7,-41,10.8,5.7,295,823.0000000000001,481,689.4449303367684,0,1012.6,54.340173710626686,5.657804733856779,36,,
2018,10,24,10,0,13.9,-16,16.6,5.7,403,868.0,370,839.2494971444038,0,1012.2,57.96341759793006,5.275301754939799,31,,
2018,10,24,11,0,14.1,13,3,5.6,212,914.0,682,942.679491805991,0,1011.9,54.49665240158379,4.9261080991164725,31,,
2018,10,24,12,0,14.2,39,15.1,5.7,332,927.0,399,980.6050290387208,0,1011.5,51.36412481866711,3.7424513578470986,36,,
2018,10,24,13,0,14.2,58,11.4,5.9,306,915.0,346,950.913284845565,0,1011.1,4.265700173321193,2.4682632642490216,44,,
2018,10,24,14,0,14.2,72,0,6.2,145,687.0,428,754.8310137526614,0,1010.7,313.35316255923675,1.982305995016053,54,,
2018,10,24,15,0,13.8,83,0,6.5,103,774.0,284,680.0752762417367,0,1010.5,268.6786105478477,3.303124493298451,65,,
2018,10,24,16,0,13.1,93,4,6.8,72,792.0,108,528.0106802407133,0,1010.3,271.67982970724233,5.929794471389008,77,,
2018,10,24,17,0,12.4,103,5.6,7.1,21,661.0,3,303.2944207051104,0,1010.2,285.9079987034412,6.473755125650313,88,,
2018,10,24,18,0,11.3,113,0,7.2,0,388.0,0,75.72233712434439,0,1010.3,305.1705181553325,6.111867800980532,98,,
2018,10,24,19,0,9.9,124,0,6.9,0,0.0,0,0.0,0,1010.5,314.4856476090706,5.999946127093373,108,,
2018,10,24,20,0,8.5,137,0,6.6,0,0.0,0,0.0,0,1010.8,323.73776097868483,3.8489957617495785,117,,
2018,10,24,21,0,7.9,153,0,6.4,0,0.0,0,0.0,0,1010.7,335.1563813027756,0.955891892441664,123,,
2018,10,24,22,0,8.1,170,0,6.4,0,0.0,0,0.0,0,1010.3,183.4340500663984,2.661517283812606,127,,
2018,10,24,23,0,8.4,-172,0,6.4,0,0.0,0,0.0,0,1010,224.8071062645288,3.2305088340551107,127,,
2018,10,25,0,0,8.5,-154,0,6.5,0,0.0,0,0.0,0,1009.5,238.5617283816457,4.646154820932599,124,,
2018,10,25,1,0,8.7,-139,0,6.9,0,0.0,0,0.0,0,1008.9,214.27460296470372,4.579697433299521,118,,
2018,10,25,2,0,8.8,-125,1.1,7.2,0,0.0,0,0.0,0,1008.3,208.8286041462269,4.232287761709277,109,,
2018,10,25,3,0,9.3,-114,0,7.7,0,0.0,0,0.0,0,1007.9,206.5566561911288,3.7258701441041424,99,,
2018,10,25,4,0,10,-104,14,8.2,13,0.0,0,0.0,0,1007.7,205.15324587249552,3.421087026230119,89,,
2018,10,25,5,0,10.8,-94,57.8,8.7,70,13.0,0,4.000000000000001,0,1007.5,209.3145187638044,3.2252666189446977,77,,
2018,10,25,6,0,12,-84,72,9.2,96,75.0,0,70.43709158872244,0,1007.2,204.2763093213268,2.810538190519424,66,,
2018,10,25,7,0,13.5,-73,53.3,9.8,263,104.0,3,169.17950993891537,0,1006.7,143.68913083025546,3.032761541033776,55,,
2018,10,25,8,0,15.1,-59,38.6,10.3,366,130.0,69,280.74704074744534,0,1006.3,128.37540068298767,1.789729131577745,45,,
2018,10,25,9,0,16.2,-41,38.3,10.6,447,532.0,53,580.9490566004717,0,1005.6,333.8131763371684,0.9593027988564398,36,,
2018,10,25,10,0,16.7,-16,60.5,10.7,341,360.0,0,626.7631698987066,0,1004.6,308.37767530159783,2.1526007801702742,30,,
2018,10,25,11,0,17.3,13,53.4,10.9,401,179.0,0,560.6866872491762,0,1003.7,310.9738041511205,2.419387130214168,30,,
2018,10,25,12,0,17.5,39,70.8,11.1,239,111.0,0,497.79523410097,0,1002.8,323.0418155065761,3.454008006780187,35,,
2018,10,25,13,0,17.6,58,91.3,11.3,62,26.0,0,297.0097627112309,0,1002.1,316.7460916147824,5.710950786194173,44,,
2018,10,25,14,0,17.6,72,74.5,11.6,130,223.0,0,515.3055260456282,0,1001.3,321.6340792061587,7.009762398077859,54,,
2018,10,25,15,0,17.2,84,56.2,11.9,151,772.0,10,698.0591088183462,0,1000.9,336.91400599669635,7.846375945312445,65,,
2018,10,25,16,0,16.5,94,50.9,12.3,81,708.0,0,510.1988731222687,0,1000.6,9.902953171949491,7.468454243378514,76,,
2018,10,25,17,0,15.7,103,26.6,12.7,14,558.0,0,284.8836711657417,0,1000.4,25.974184506539416,7.697156164382674,88,,
2018,10,25,18,0,14.8,113,30.6,12.6,0,306.0,0,68.85135163986271,0,1000.3,36.55654306551685,7.75851446857764,98,,
2018,10,25,19,0,13.9,125,37.5,12.2,0,0.0,0,0.0,0,1000.4,24.5254288174591,7.6018789329415135,108,,
2018,10,25,20,0,12.9,137,43.9,11.7,0,0.0,0,0.0,0,1000.5,20.495710020547165,7.43500299370942,117,,
2018,10,25,21,0,12.5,153,45.7,11.4,0,0.0,0,0.0,0,1000.3,23.19203412875561,7.844084781934074,123,,
2018,10,25,22,0,12.6,170,16.7,11.4,0,0.0,0,0.0,0,1000,19.15975889851643,9.191259289761074,127,,
2018,10,25,23,0,12.8,-172,0,11.4,0,0.0,0,0.0,0,999.6,6.816674185971806,8.918759528584726,127,,
2018,10,26,0,0,12.7,-154,0,11.3,0,0.0,0,0.0,0,999.6,357.91290534454447,8.024366156035926,124,,
2018,10,26,1,0,12.5,-139,0,11.1,0,0.0,0,0.0,0,1000,354.31888393171977,8.735533707384517,117,,
2018,10,26,2,0,12.3,-126,0,10.9,0,0.0,0,0.0,0,1000.4,4.129263610974647,8.516981975683928,109,,
2018,10,26,3,0,12.2,-114,0,10.5,0,0.0,0,0.0,0,1001.4,22.88567292844056,9.156836819641072,99,,
2018,10,26,4,0,12.1,-104,3.6,10,17,0.0,1,0.0,0,1002.9,28.788852752692264,8.742425617046667,88,,
2018,10,26,5,0,12,-95,12.5,9.4,99,4.0,48,4.0,0,1004.4,37.04390522073112,7.363608177475764,77,,
2018,10,26,6,0,12.4,-85,2,8.4,110,23.0,258,53.29759183411587,0,1005.8,36.3667021436878,5.876740309467879,66,,
2018,10,26,7,0,13.2,-74,0,6.8,105,62.0,474,155.6237391671871,0,1007,36.55551289607939,3.951084869528056,55,,
2018,10,26,8,0,14,-60,0,5.3,100,245.0,656,360.8215025520276,0,1008.2,42.5393643471192,4.18988016437424,44,,
2018,10,26,9,0,14.4,-41,0.8,4.4,109,517.0,769,598.8772207746952,0,1009.3,46.17014267806405,6.838920879575405,36,,
2018,10,26,10,0,14.5,-16,1.7,4.1,125,688.0,814,772.9781944522131,0,1010.2,49.821285960760406,7.766120361401647,30,,
2018,10,26,11,0,14.5,14,0,3.9,88,811.0,873,907.7292300034136,0,1011.1,49.97978538321786,7.634877721042142,30,,
2018,10,26,12,0,14.6,39,0,3.8,85,594.0,818,822.7233816093316,0,1011.9,46.37186804615487,7.6793851783208735,35,,
2018,10,26,13,0,14.7,59,0,3.8,82,811.0,702,911.855920656023,0,1012.7,40.4884131991102,8.427494538078246,43,,
2018,10,26,14,0,14.8,73,0.1,3.8,79,848.0,539,854.6554297500967,0,1013.5,39.17059737372347,8.267357635621927,54,,
2018,10,26,15,0,14.5,84,3,4,99,812.0,305,712.6676348844943,0,1014.5,39.10771154567027,9.208585301284751,65,,
2018,10,26,16,0,13.7,94,0,4.3,53,731.0,154,517.0204180632753,0,1015.6,38.24096826925586,7.364803867104632,76,,
2018,10,26,17,0,12.9,104,1.8,4.6,19,557.0,14,284.3770945409304,0,1016.7,40.47149822434403,9.082635707634136,87,,
2018,10,26,18,0,12.1,114,0,4.5,0,234.0,0,59.81510500397586,0,1017.7,41.28086245685199,8.593666884280463,98,,
2018,10,26,19,0,11.2,125,0,4.1,0,0.0,0,0.0,0,1018.6,29.019095133229428,7.269848430751004,108,,
2018,10,26,20,0,10.3,138,0,3.8,0,0.0,0,0.0,0,1019.4,27.20980947454865,7.218764003723566,116,,
2018,10,26,21,0,9.7,153,0,3.8,0,0.0,0,0.0,0,1019.9,23.90826585558005,7.622288382011462,123,,
2018,10,26,22,0,9.2,170,0,4.2,0,0.0,0,0.0,0,1020.2,31.72908227435204,6.6329310466115965,126,,
2018,10,26,23,0,8.8,-172,0,4.7,0,0.0,0,0.0,0,1020.4,29.02132770117919,4.613727189490547,127,,
2018,10,27,0,0,8.4,-154,0,4.7,0,0.0,0,0.0,0,1020.6,4.001750547461029,6.797334173192392,123,,
2018,10,27,1,0,8,-139,0,4.5,0,0.0,0,0.0,0,1020.9,21.96496487372235,7.655022289167678,117,,
2018,10,27,2,0,7.6,-126,0,4.2,0,0.0,0,0.0,0,1021.2,7.506165828918256,7.010267633513814,109,,
2018,10,27,3,0,7.7,-115,0,4.2,0,0.0,0,0.0,0,1021.6,6.036538425592767,6.19622308261574,99,,
2018,10,27,4,0,8.2,-104,3.5,4.5,18,0.0,8,0.0,0,1022.1,347.18188896652305,5.732206204726004,88,,
2018,10,27,5,0,8.7,-95,3.4,4.8,60,1.0,130,2.0,0,1022.6,354.7195782370737,7.28997035367848,77,,
2018,10,27,6,0,9.8,-85,0.1,4.9,71,8.0,335,34.1800749830011,0,1022.7,351.8422788583449,6.589628296356097,66,,
2018,10,27,7,0,11.6,-74,0,5,79,90.0,530,171.2894987256201,0,1022.5,10.884701365387857,7.038493587522952,54,,
2018,10,27,8,0,13.3,-60,0,5,83,166.0,696,316.17811214442264,0,1022.4,1.7096527845042149,9.058720007539232,44,,
2018,10,27,9,0,14.3,-41,0,5,83,291.0,819,490.41682909319127,0,1022,13.20427582828944,12.021939289029204,35,,
2018,10,27,10,0,14.4,-16,0,4.9,83,379.0,884,616.9048246264074,0,1021.4,21.006536925276635,10.343173875351509,30,,
2018,10,27,11,0,14.5,14,0,4.8,81,242.0,888,587.5363621990482,0,1020.8,17.55633584047149,11.751219569486285,30,,
2018,10,27,12,0,14.6,40,0,4.9,78,564.0,831,796.0923471341198,0,1020.2,35.47536281190315,12.76037121849011,35,,
2018,10,27,13,0,14.6,59,0,5.3,75,798.0,716,897.0597504158546,0,1019.5,42.64909480622987,13.58526027015939,43,,
2018,10,27,14,0,14.6,73,0,5.6,71,811.0,554,829.2564660972615,0,1018.8,49.07219605045526,13.652487945886616,54,,
2018,10,27,15,0,14.2,84,0,5.9,63,803.0,363,704.0832201607633,0,1018.4,57.73045388843093,13.779989504962408,65,,
2018,10,27,16,0,13.2,94,0,6.3,48,766.0,166,529.0835637300399,0,1018.2,60.72887887662319,12.568969865864805,76,,
2018,10,27,17,0,12.3,104,0,6.6,16,685.0,22,320.7508154659977,0,1017.9,71.54130074488575,11.361116543406862,87,,
2018,10,27,18,0,11.2,114,0,6.6,0,518.0,0,101.43817071244582,0,1017.8,81.76722071337815,9.941564418531255,98,,
2018,10,27,19,0,9.9,125,0,6.3,0,0.0,0,0.0,0,1017.9,92.01651525948375,9.970285668073217,108,,
2018,10,27,20,0,8.6,138,0,6,0,0.0,0,0.0,0,1018,92.9541246780725,9.900852369451728,116,,
2018,10,27,21,0,8.1,153,0,5.9,0,0.0,0,0.0,0,1017.7,93.3589140697046,8.054608504669256,123,,
2018,10,27,22,0,8.4,170,0,6.1,0,0.0,0,0.0,0,1017,84.27356071145601,6.060763011917619,126,,
2018,10,27,23,0,8.7,-172,0,6.3,0,0.0,0,0.0,0,1016.4,85.19805514993249,5.853308678151836,126,,
2018,10,28,0,0,8.8,-154,0,6.5,0,0.0,0,0.0,0,1015.8,84.0854210413865,5.458746430972614,123,,
2018,10,28,1,0,8.6,-139,0,6.6,0,0.0,0,0.0,0,1015.3,87.30224316777168,4.497171632368818,117,,
2018,10,28,2,0,8.5,-126,0,6.7,0,0.0,0,0.0,0,1014.8,65.03086012827475,4.441759087094276,108,,
2018,10,28,3,0,8.7,-115,0,6.9,0,0.0,0,0.0,0,1014.6,69.62943868007403,5.357775179693226,98,,
2018,10,28,4,0,9.2,-105,4.5,7.3,20,0.0,6,0.0,0,1014.9,76.43011965939917,5.077784154163608,88,,
2018,10,28,5,0,9.8,-95,21.5,7.7,110,55.0,46,7.000000000000004,0,1015.1,84.52697494351764,4.523061081109296,77,,
2018,10,28,6,0,11.1,-85,44.8,8.1,215,277.0,6,109.98401592744402,0,1015.1,87.47727401738825,4.121181577496903,65,,
2018,10,28,7,0,13,-74,29,8.5,287,560.0,150,306.60999319551564,0,1014.9,95.823046734723,2.3269485086802204,54,,
2018,10,28,8,0,15,-60,11.3,8.9,244,753.0,447,528.061841461863,0,1014.7,93.14778931653746,3.414575682246116,44,,
2018,10,28,9,0,16.1,-42,5.2,9.1,178,837.0,673,716.0929606215686,0,1014.4,101.57927930618156,2.1796136112063267,35,,
2018,10,28,10,0,16.3,-16,0.2,9,93,888.0,865,857.0522242958674,0,1013.9,128.47942545353976,0.3633269414572808,29,,
2018,10,28,11,0,16.5,14,0,9,91,906.0,870,945.8771489203168,0,1013.4,278.736416240808,1.96419573614949,29,,
2018,10,28,12,0,16.6,40,0,9,88,881.0,812,960.8380390130006,0,1013,279.1818848414466,3.7393190224978334,34,,
2018,10,28,13,0,16.6,59,0,9.2,85,880.0,697,937.3758982220006,0,1012.6,285.89864080969454,5.917774078893864,43,,
2018,10,28,14,0,16.6,73,0,9.4,79,919.0,538,883.8890351994165,0,1012.3,289.34464312357306,7.1580259293382085,53,,
2018,10,28,15,0,16.1,85,0,9.6,69,897.0,352,747.8459454392403,0,1012.3,297.82371681847536,6.337418995664966,64,,
2018,10,28,16,0,15.1,94,0,9.8,51,818.0000000000001,162,549.0581466132364,0,1012.6,298.5874334300717,4.121059131928893,76,,
2018,10,28,17,0,14,104,1.4,10,18,691.0000000000001,20,322.99366009671434,0,1012.9,27.63799043437893,3.620925002296683,87,,
2018,10,28,18,0,12.9,114,0,9.7,0,451.0,0,94.37397070644732,0,1013.3,51.41017392724052,10.114126916377035,98,,
2018,10,28,19,0,11.8,125,0,8.9,0,0.0,0,0.0,0,1013.7,47.022212709404016,10.425441849330548,107,,
2018,10,28,20,0,10.7,138,0,8.1,0,0.0,0,0.0,0,1014.2,57.47889066520463,9.177350000684758,116,,
2018,10,28,21,0,10,153,0,7.8,0,0.0,0,0.0,0,1014.3,62.28343811131742,7.682248411326213,122,,
2018,10,28,22,0,9.7,170,0,7.9,0,0.0,0,0.0,0,1014.2,69.35276683087932,7.827993867731397,126,,
2018,10,28,23,0,9.4,-172,0,8.1,0,0.0,0,0.0,0,1014.1,71.1308013066299,7.568607059486666,126,,
2018,10,29,0,0,9.2,-154,0,8.1,0,0.0,0,0.0,0,1014,75.16653582195545,7.175154142019962,123,,
2018,10,29,1,0,9,-139,0,8.1,0,0.0,0,0.0,0,1013.9,80.00723920468067,8.146286813173676,116,,
2018,10,29,2,0,8.8,-126,0,8,0,0.0,0,0.0,0,1013.8,84.51663504753526,8.398048746737013,108,,
2018,10,29,3,0,9.1,-115,0,8.2,0,0.0,0,0.0,0,1014,85.21097402911761,8.740720085415154,98,,
2018,10,29,4,0,9.8,-105,3.7,8.8,20,0.0,8,0.0,0,1014.3,87.65123945245472,7.470387351150379,88,,
2018,10,29,5,0,10.6,-95,4.3,9.3,65,76.0,124,7.000000000000004,0,1014.6,89.11793027585247,6.787669579967528,76,,
2018,10,29,6,0,11.9,-85,5.4,9.6,117,357.0,263,120.52927091198696,0,1014.9,90.26919450255696,5.196346415271492,65,,
2018,10,29,7,0,13.8,-74,18.5,9.8,211,631.0,285,323.136376652336,0,1015,148.78821133977,3.2884826873977824,54,,
2018,10,29,8,0,15.8,-61,10.7,10,231,783.0,456,538.283990163156,0,1015.1,149.69190296569377,3.040572558633946,44,,
2018,10,29,9,0,16.7,-42,5,9.9,185,861.0,658,723.9033519628698,0,1015,158.77267338875004,2.6560390837462298,35,,
2018,10,29,10,0,16.6,-16,1.9,9.6,140,872.0,791,869.1396173911766,0,1014.8,193.66198304818533,3.073032193787077,29,,
2018,10,29,11,0,16.6,14,1.9,9.4,140,899.0,791,963.446857128458,0,1014.5,231.594100537024,3.699669211331395,29,,
2018,10,29,12,0,16.5,40,2.3,9.3,141,910.0,728,999.8806575974806,0,1014.2,256.9480772066794,4.811809199158651,34,,
2018,10,29,13,0,16.4,60,0.9,9.5,111,850.0,657,943.0389216405254,0,1013.9,263.42170678831064,6.001180259531376,43,,
2018,10,29,14,0,16.3,74,0,9.6,87,900.0,525,892.5303476719172,0,1013.6,268.10808368262525,6.8403987343470165,53,,
2018,10,29,15,0,15.8,85,0,9.9,73,874.0,345,753.0729945529125,0,1013.4,268.8281522744068,6.1121181758832615,64,,
2018,10,29,16,0,14.9,95,0,10.3,54,771.0,160,543.3187680475103,0,1013.4,272.4934242837609,4.8654463456515575,76,,
2018,10,29,17,0,14,104,0.1,10.7,18,144.0,22,155.81334643442207,0,1013.4,269.34931635842014,3.375217651483985,87,,
2018,10,29,18,0,13.2,114,0,10.8,0,35.0,0,26.27230304685576,0,1013.5,271.9371428190356,2.563965273820576,97,,
2018,10,29,19,0,12.4,125,0,10.5,0,0.0,0,0.0,0,1013.8,280.17321479253343,2.6138480787698244,107,,
2018,10,29,20,0,11.5,138,0,10.3,0,0.0,0,0.0,0,1014.1,287.8016728215573,3.066500337943098,116,,
2018,10,29,21,0,11.1,153,0,10.1,0,0.0,0,0.0,0,1014,287.45019288203133,3.04568616708964,122,,
2018,10,29,22,0,11,170,0,10.1,0,0.0,0,0.0,0,1013.7,275.599910563498,3.3450657136589173,125,,
2018,10,29,23,0,10.9,-172,0,10.1,0,0.0,0,0.0,0,1013.3,274.0490861424896,3.737600824661074,126,,
2018,10,30,0,0,10.8,-155,0,10,0,0.0,0,0.0,0,1013,278.84453479871263,4.064937036643673,122,,
2018,10,30,1,0,10.7,-139,0,9.9,0,0.0,0,0.0,0,1013,162.86215953064857,0.4979392739541233,116,,
2018,10,30,2,0,10.6,-126,12.3,9.8,0,0.0,0,0.0,0,1012.9,132.96647487775647,1.3962758368728725,108,,
2018,10,30,3,0,10.9,-115,2,10,0,0.0,0,0.0,0,1013,156.15780743194978,0.8618810699669619,98,,
2018,10,30,4,0,11.5,-105,25.4,10.3,19,0.0,0,0.0,0,1013.3,108.4181776907501,1.5825285706795982,87,,
2018,10,30,5,0,12.1,-96,56.9,10.7,82,2.0,0,3.0,0,1013.6,123.89563252619746,0.6794308583476499,76,,
2018,10,30,6,0,13.3,-86,19.8,10.9,172,11.0,160,42.75383619965479,0,1013.6,58.502319759616455,0.058410867752398,65,,
2018,10,30,7,0,15,-75,3.1,11.1,138,76.0,443,167.43036505701707,0,1013.3,58.625274110890246,1.6928384192927624,54,,
2018,10,30,8,0,16.8,-61,16.8,11.3,321,202.0,320,342.75673136243955,0,1013.1,345.7920355078088,2.2917824687020576,43,,
2018,10,30,9,0,17.6,-42,12.8,10.9,312,355.0,464,530.3925238653561,0,1012.8,344.3809324225866,4.463150517682274,34,,
2018,10,30,10,0,17.7,-16,3,10,171,466.0,754,688.0446945724885,0,1012.5,347.20684071465627,4.689158521340871,29,,
2018,10,30,11,0,17.7,14,0,9.2,111,534.0,844,788.314989428382,0,1012.2,339.4414334770101,5.844113654790972,29,,
2018,10,30,12,0,17.7,41,0,8.8,103,420.0,793,746.1532067292579,0,1011.9,338.9846781827611,8.056381580234147,34,,
2018,10,30,13,0,17.6,60,0,8.8,97,303.0,683,645.6908669055068,0,1011.6,335.1074913792317,9.239727011978758,42,,
2018,10,30,14,0,17.6,74,0,8.9,90,116.0,528,424.2509304053418,0,1011.3,343.9668579583868,9.240795220880049,53,,
2018,10,30,15,0,17,85,0,9.2,80,77.0,341,299.58788613906233,0,1011.1,353.3400076005088,10.689566175496235,64,,
2018,10,30,16,0,16.1,95,0,9.9,59,65.0,155,201.69250201827032,0,1011.2,357.44372004304824,11.528073222167372,75,,
2018,10,30,17,0,15.1,105,2.8,10.6,23,35.0,16,92.9776479808814,0,1011.3,356.40424554840337,11.187796021386458,86,,
2018,10,30,18,0,14.3,115,0,10.9,0,22.0,0,23.390234621896912,0,1011.4,352.6792259486199,9.430389264406742,97,,
2018,10,30,19,0,13.7,126,0,10.9,0,0.0,0,0.0,0,1011.6,351.2023555576012,8.449014820842361,107,,
2018,10,30,20,0,13.1,139,0,10.9,0,0.0,0,0.0,0,1011.7,0.5693191927321095,7.960842218100257,115,,
2018,10,30,21,0,12.8,154,0,11,0,0.0,0,0.0,0,1011.6,2.8163038537894067,7.970075504538832,122,,
2018,10,30,22,0,12.8,170,0,11.3,0,0.0,0,0.0,0,1011.1,2.857699517991477,7.57069393256011,125,,
2018,10,30,23,0,12.8,-172,0,11.5,0,0.0,0,0.0,0,1010.6,3.9514202117294417,7.641945449842563,125,,
2018,10,31,0,0,12.9,-155,0,11.6,0,0.0,0,0.0,0,1010.2,17.936179245533992,7.582882538084301,122,,
2018,10,31,1,0,12.9,-140,0,11.6,0,0.0,0,0.0,0,1009.7,32.333601949031674,7.313975984012374,116,,
2018,10,31,2,0,12.9,-127,21.6,11.5,0,0.0,0,0.0,0,1009.3,25.713629044092045,6.223463414411443,107,,
2018,10,31,3,0,13.1,-115,39.1,11.6,0,0.0,0,0.0,0,1009,21.23670409596025,6.035074261846067,98,,
2018,10,31,4,0,13.5,-105,33.6,11.8,19,0.0,0,0.0,0,1008.7,33.70336336950072,5.835863329966315,87,,
2018,10,31,5,0,13.8,-96,30.2,11.9,112,80.0,14,9.000000000000005,0,1008.5,46.44585131208174,6.4518140195495866,76,,
2018,10,31,6,0,14.5,-86,49.4,12.1,191,351.0,0,131.3013131252598,0,1008.1,56.67883703507499,8.213552133089475,65,,
2018,10,31,7,0,15.5,-75,45.2,12.3,305,641.0,3,342.2048081892232,0,1007.5,64.88882019367014,7.905101685192695,54,,
2018,10,31,8,0,16.6,-61,60.9,12.4,282,772.0,0,555.7289361891304,0,1006.9,76.02689424916338,5.910743618638407,43,,
2018,10,31,9,0,17.3,-43,55.1,12.5,379,845.0,0,742.4087082675813,0,1006.1,82.88943449212047,3.842048702703774,34,,
2018,10,31,10,0,17.6,-16,60.7,12.6,356,914.0,0,888.4881825625232,0,1005.3,75.844201386848,1.5323713634138818,28,,
2018,10,31,11,0,18,14,65.8,12.7,310,940.0,0,982.8451302556336,0,1004.4,321.5531753816839,0.7487699037304133,28,,
2018,10,31,12,0,18,41,74.3,12.8,218,951.0,0,1020.1674915608536,0,1003.6,282.53841877678,2.525815203763244,34,,
2018,10,31,13,0,17.9,60,90.7,13.1,68,950.0,0,995.8420570424248,0,1002.7,278.01366602373514,4.383380560686997,42,,
2018,10,31,14,0,17.7,74,89.6,13.4,59,937.0,0,911.6051549721462,0,1001.9,277.9730752914444,5.757314036724853,53,,
2018,10,31,15,0,17.3,85,89.5,13.6,39,907.0,0,769.2185972628745,0,1001.4,281.5455567059642,6.3686093340118015,64,,
2018,10,31,16,0,16.7,95,67.2,13.8,64,845.0,0,575.5380209141575,0,1001.2,289.7968646720027,6.019060758884852,75,,
2018,10,31,17,0,16,105,23.6,14,19,651.0,0,324.8854923147138,0,1001,289.9280533347454,5.31846230778881,86,,
2018,10,31,18,0,15.6,115,0,14,0,516.0,0,113.30229991821746,0,1000.8,292.26372159639703,4.764627802593616,97,,
2018,10,31,19,0,15.3,126,0,13.8,0,0.0,0,0.0,0,1000.6,300.64088612630417,3.098370434857141,107,,
2018,10,31,20,0,15,139,0,13.7,0,0.0,0,0.0,0,1000.5,252.173193176241,1.8621120343230333,115,,
2018,10,31,21,0,14.8,154,0,13.6,0,0.0,0,0.0,0,1000,198.29822828590096,2.717744509796248,121,,
2018,10,31,22,0,14.7,171,0,13.5,0,0.0,0,0.0,0,999.2,196.8370803500396,4.490852622021829,125,,
2018,10,31,23,0,14.5,-172,0,13.4,0,0.0,0,0.0,0,998.4,199.5097235586757,4.342333397982842,125,,
2018,11,1,0,0,14.4,-155,0,13.4,0,0.0,0,0.0,0,997.8,194.21960855371984,4.23699353603872,122,,
2018,11,1,1,0,14.3,-140,0,13.4,0,0.0,0,0.0,0,997.4,179.57171000689345,4.801159526426391,115,,
2018,11,1,2,0,14.3,-127,0,13.5,0,0.0,0,0.0,0,996.9,176.33071572663755,3.7080406768202425,107,,
2018,11,1,3,0,14.3,-116,0,13.6,0,0.0,0,0.0,0,996.7,163.34665612068102,3.0941353374908465,98,,
2018,11,1,4,0,14.5,-106,27.6,13.7,14,0.0,1,0.0,0,996.8,143.31306106118757,2.844155125527969,87,,
2018,11,1,5,0,14.6,-96,79,13.9,39,17.0,0,8.000000000000002,0,996.8,137.48767191376612,3.1977690228768805,76,,
2018,11,1,6,0,14.8,-86,85.7,13.7,58,37.0,0,65.17819929640363,0,996.8,135.02544936536225,4.275268838750263,64,,
2018,11,1,7,0,15,-75,86.2,13.3,81,135.0,0,198.89939464080103,0,996.8,140.70384769610007,5.252658034883577,53,,
2018,11,1,8,0,15.1,-62,69.3,12.8,236,199.0,4,338.4831123578547,0,996.8,141.8494483736257,3.7664681594720175,43,,
2018,11,1,9,0,15.3,-43,79,12.3,182,223.0,0,456.72573928167503,0,996.6,151.00779577225876,2.786994509344917,34,,
2018,11,1,10,0,15.4,-17,80,11.8,188,121.0,0,515.248306888741,0,996.3,193.31697852097747,2.6084701202608707,28,,
2018,11,1,11,0,15.5,14,89.7,11.2,97,30.0,0,378.0212812741378,0,995.9,225.22293965119752,2.5732943042783263,28,,
2018,11,1,12,0,15.4,41,90.5,10.9,85,29.0,0,378.8474564299896,0,995.7,208.78132843910385,2.495825190416744,33,,
2018,11,1,13,0,15.2,61,84.4,11,117,75.0,0,475.9177573251577,0,995.6,192.3887914424552,3.608439212718388,42,,
2018,11,1,14,0,14.9,75,76.2,11,136,13.0,0,236.29579401768973,0,995.5,169.4147560304658,5.443711536678897,52,,
2018,11,1,15,0,14.5,86,73.6,11,108,4.0,0,109.70230941650254,0,995.8,207.3678478643362,4.434029592189884,64,,
2018,11,1,16,0,14,96,79.2,11.1,45,5.0,0,86.62165234098876,0,996.3,226.87287831167663,3.306661985433121,75,,
2018,11,1,17,0,13.5,105,51.3,11.1,14,4.0,0,46.39465584272398,0,996.8,211.4650978766481,3.5457936205509686,86,,
2018,11,1,18,0,13.1,115,38.1,11.1,0,3.0,0,11.483057555754275,0,997.3,162.73183613117385,3.450192081936863,97,,
2018,11,1,19,0,12.9,126,42.9,11,0,0.0,0,0.0,0,997.7,150.31303345261472,4.224117693107629,106,,
2018,11,1,20,0,12.7,139,41.6,11,0,0.0,0,0.0,0,998.1,150.9954771599883,3.391131112784404,115,,
2018,11,1,21,0,12.6,154,27.4,11,0,0.0,0,0.0,0,998.4,182.31834489869607,2.0158101078171,121,,
2018,11,1,22,0,12.7,171,42.8,11.1,0,0.0,0,0.0,0,998.5,225.6349102402013,2.741933457651602,124,,
2018,11,1,23,0,12.8,-172,25.9,11.2,0,0.0,0,0.0,0,998.6,181.6601231220304,1.2725067715942435,125,,
2018,11,2,0,0,12.7,-155,42.9,11,0,0.0,0,0.0,0,998.8,55.208346014938,1.8702243067089808,121,,
2018,11,2,1,0,12.4,-140,38.3,10.6,0,0.0,0,0.0,0,999.2,32.771101637336926,1.19480401486992,115,,
2018,11,2,2,0,12.1,-127,24.3,10.2,0,0.0,0,0.0,0,999.6,344.7464339439397,1.5803317890796682,107,,
2018,11,2,3,0,11.9,-116,22.1,9.7,0,0.0,0,0.0,0,1000.3,254.60856384366224,2.3759860200454623,97,,
2018,11,2,4,0,11.8,-106,16.8,9.1,24,0.0,1,0.0,0,1001.2,274.5750234232788,3.0362857106489214,87,,
2018,11,2,5,0,11.7,-96,11.7,8.5,94,1.0,91,4.0,0,1002.1,221.5085602409905,1.3663406365041126,76,,
2018,11,2,6,0,12,-87,16.3,7.8,178,2.0,172,21.341236581736773,0,1002.7,301.4114310014596,1.2432352122093375,64,,
2018,11,2,7,0,12.7,-76,34.7,7.2,299,5.0,100,75.79098560339435,0,1002.8,271.4551180103117,2.9611599820980645,53,,
2018,11,2,8,0,13.4,-62,17.3,6.6,232,23.0,420,207.2634182002523,0,1002.9,268.6916941134743,2.8015115762008773,43,,
2018,11,2,9,0,13.8,-43,12.3,6,280,94.0,521,409.2281148501208,0,1003.1,303.0484956732442,3.047791954369448,34,,
2018,11,2,10,0,14,-17,6.3,5.4,211,276.0,707,594.2885354020137,0,1003.4,333.6231245005313,7.978591246229037,28,,
2018,11,2,11,0,14.3,15,3.4,4.8,159,175.0,792,569.2420522127607,0,1003.6,318.16002624372425,8.67161825332664,28,,
2018,11,2,12,0,14.3,42,0.9,4.3,102,160.0,816,565.0096636199687,0,1003.9,327.5322968428049,11.99182343318646,33,,
2018,11,2,13,0,14,61,0,3.9,79,553.0,732,803.0600270692,0,1004.2,339.62390231851737,14.429764456716722,42,,
2018,11,2,14,0,13.8,75,0,3.5,73,802.0,574,859.2683729135854,0,1004.5,344.1845962892842,15.68278703526931,52,,
2018,11,2,15,0,13.3,86,0,3.3,64,778.0,386,724.7491603874157,0,1005.1,343.4867542621275,16.6615882696356,63,,
2018,11,2,16,0,12.5,96,0,3.2,49,580.0,189,482.832204463727,0,1006,344.9133002352904,18.342411574059188,75,,
2018,11,2,17,0,11.7,105,0.1,3.1,20,212.0,33,194.5966774996023,0,1006.9,346.91695998256813,17.501402788478195,86,,
2018,11,2,18,0,10.9,115,0,2.9,0,22.0,0,22.61834792949169,0,1007.7,339.03003112137634,16.86165170437504,96,,
2018,11,2,19,0,10,126,0,2.7,0,0.0,0,0.0,0,1008.6,349.5617489844085,15.868570189567215,106,,
2018,11,2,20,0,9.1,139,0,2.4,0,0.0,0,0.0,0,1009.5,1.4842378287654583,15.260002719312078,114,,
2018,11,2,21,0,8.7,154,0,2.7,0,0.0,0,0.0,0,1009.9,355.5472981665723,14.047280839312618,121,,
2018,11,2,22,0,8.8,171,0,3.3,0,0.0,0,0.0,0,1010,355.841380799828,15.372015764243752,124,,
2018,11,2,23,0,8.9,-172,0,4,0,0.0,0,0.0,0,1010,0.8094878096371758,15.70835483062177,124,,
2018,11,3,0,0,8.8,-155,0,4.5,0,0.0,0,0.0,0,1010.2,2.275109638372385,14.680028786582293,121,,
2018,11,3,1,0,8.6,-140,0,4.7,0,0.0,0,0.0,0,1010.3,0.5936605337714127,14.020039678597726,115,,
2018,11,3,2,0,8.4,-127,0,5,0,0.0,0,0.0,0,1010.5,354.0433894897526,12.548710423967714,107,,
2018,11,3,3,0,8.5,-116,0,5.2,0,0.0,0,0.0,0,1010.9,348.7580959369994,12.823686889067757,97,,
2018,11,3,4,0,8.9,-106,25.8,5.4,17,0.0,1,0.0,0,1011.6,350.6446964918468,14.46163741303151,86,,
2018,11,3,5,0,9.2,-97,71.8,5.6,63,12.0,0,9.0,0,1012.3,357.42695436034063,14.008996918746089,75,,
2018,11,3,6,0,9.9,-87,65.3,5.9,146,64.0,0,85.14686766895645,0,1012.7,359.98455925536007,14.49487357322624,64,,
2018,11,3,7,0,10.9,-76,36.4,6.4,209,162.0,200,222.56183615692763,0,1012.7,0.8974269262742496,15.71237654808182,53,,
2018,11,3,8,0,11.9,-62,12.3,7,259,380.0,424,432.766974908542,0,1012.8,4.239091361292708,16.669382114532603,42,,
2018,11,3,9,0,12.6,-44,38.7,7.3,532,557.0,21,635.1500782269868,0,1012.7,9.077067340089345,18.110587396266386,33,,
2018,11,3,10,0,12.9,-17,54.7,7.5,436,669.0,0,793.7187750342547,0,1012.6,12.1871006366423,18.27139337660752,28,,
2018,11,3,11,0,13.3,15,29.9,7.8,500,774.0,177,918.2874554617606,0,1012.4,12.279414468089726,16.845847678628544,27,,
2018,11,3,12,0,13.5,42,2.1,7.9,158,807.0,728,963.2907092388948,0,1012.2,10.866518312952335,16.48181394596602,33,,
2018,11,3,13,0,13.6,61,18.9,8,348,814.0,296,942.6565693585668,0,1011.9,9.50055337195556,15.879918215178312,42,,
2018,11,3,14,0,13.7,75,21.4,8.1,322,803.0,171,861.1336471842534,0,1011.7,11.945603666023771,15.497719460425907,52,,
2018,11,3,15,0,13.5,86,35.6,8.2,266,668.0,14,672.9602593235861,0,1011.7,11.813875716736788,15.057475304536617,63,,
2018,11,3,16,0,13.1,96,8.8,8.3,103,452.0,100,430.6710601381533,0,1011.8,12.087463587833897,15.136618167666072,74,,
2018,11,3,17,0,12.7,106,5.9,8.4,31,425.0,15,269.9035199482545,0,1011.9,12.563329113314126,14.45974697280119,86,,
2018,11,3,18,0,12.2,116,0,8.4,0,298.0,0,87.0387090941505,0,1012.2,11.41196546205947,12.42160201342537,96,,
2018,11,3,19,0,11.7,127,0,8.2,0,0.0,0,0.0,0,1012.7,8.632592513977158,11.377675176800382,106,,
2018,11,3,20,0,11.2,139,0,8.1,0,0.0,0,0.0,0,1013.1,8.427406637705815,10.539830869090409,114,,
2018,11,3,21,0,10.9,154,0,7.7,0,0.0,0,0.0,0,1013.1,7.758327232102033,8.84364751480084,120,,
2018,11,3,22,0,10.9,171,0,7.3,0,0.0,0,0.0,0,1012.8,11.016098021679568,8.990865180977773,124,,
2018,11,3,23,0,11,-172,0,6.8,0,0.0,0,0.0,0,1012.5,8.345898381312736,8.919655976530617,124,,
2018,11,4,0,0,10.9,-155,0,6.5,0,0.0,0,0.0,0,1012.2,2.8018711383087407,8.585458872317314,121,,
2018,11,4,1,0,10.7,-140,0,6.4,0,0.0,0,0.0,0,1012,350.1300637504154,7.25533246556928,115,,
2018,11,4,2,0,10.5,-127,0,6.3,0,0.0,0,0.0,0,1011.8,358.7713333480045,8.448231477590635,106,,
2018,11,4,3,0,10.6,-116,0,6.4,0,0.0,0,0.0,0,1011.8,342.1278872608145,8.283776016770126,97,,
2018,11,4,4,0,11,-106,9.4,6.6,31,0.0,6,0.0,0,1011.9,350.2638186839196,7.784236476558478,86,,
2018,11,4,5,0,11.4,-97,9.9,6.8,94,7.0,106,8.0,0,1012,346.024021631316,7.2620985476618465,75,,
2018,11,4,6,0,12.1,-87,8,7,121,5.0,282,30.88815669584963,0,1011.8,337.7377620691362,6.279344075027029,64,,
2018,11,4,7,0,13.3,-76,2.4,7.2,119,15.0,495,102.47044427733208,0,1011.4,330.7535022185332,7.547568990260042,53,,
2018,11,4,8,0,14.4,-63,5.2,7.4,181,132.0,572,315.1711547472614,0,1010.9,338.78761538024827,9.366820941462851,42,,
2018,11,4,9,0,15.2,-44,14.1,7.6,363,118.0,416,396.27951465899247,0,1010.3,345.4742659569948,10.465888893534192,33,,
2018,11,4,10,0,15.5,-17,21.1,7.7,479,85.0,285,462.2827111762389,0,1009.6,343.6183524066104,11.301822262340163,27,,
2018,11,4,11,0,15.9,15,27.3,7.8,532,93.0,174,517.3662208418565,0,1009,352.0160053535608,11.075372184415432,27,,
2018,11,4,12,0,16,42,54.5,8,415,65.0,0,474.4137776168709,0,1008.3,348.597693886076,9.800361183381064,32,,
2018,11,4,13,0,16,62,64.9,8.3,278,70.0,0,459.1115795686756,0,1007.6,339.631971613369,9.447894586679608,41,,
2018,11,4,14,0,15.9,75,62.5,8.6,221,65.0,15,393.9818134101965,0,1007,339.6472372997708,11.790798236434672,52,,
2018,11,4,15,0,15.6,87,57.8,8.8,176,101.0,1,363.0627393178586,0,1006.6,348.90894200061484,12.220432197405026,63,,
2018,11,4,16,0,14.9,96,54.8,9,102,102.0,0,263.38401987775575,0,1006.4,351.65765367991327,11.464323561660674,74,,
2018,11,4,17,0,14.3,106,44.5,9.2,19,66.0,0,136.6445891426388,0,1006.2,350.452499668367,10.259294819700086,85,,
2018,11,4,18,0,13.8,116,45.1,9.4,0,64.0,0,44.966565273469016,0,1006,346.4443929473353,8.696356865748669,96,,
2018,11,4,19,0,13.3,127,42.3,9.6,0,0.0,0,0.0,0,1005.8,337.6441535146253,7.988084356964037,106,,
2018,11,4,20,0,12.9,139,38.6,9.8,0,0.0,0,0.0,0,1005.6,339.13492924786306,7.448937273233571,114,,
2018,11,4,21,0,12.8,154,38.1,10.1,0,0.0,0,0.0,0,1005,338.99528015592404,8.17741505664755,120,,
2018,11,4,22,0,13.1,171,37.9,10.5,0,0.0,0,0.0,0,1004.1,335.60595649288274,6.819224564692935,123,,
2018,11,4,23,0,13.3,-172,33.2,10.9,0,0.0,0,0.0,0,1003.2,329.0395582367694,6.513471055259414,124,,
2018,11,5,0,0,13.5,-155,56.3,11.3,0,0.0,0,0.0,0,1002.5,339.2982087848417,6.650078903712494,120,,
2018,11,5,1,0,13.7,-140,57.1,11.8,0,0.0,0,0.0,0,1002,339.9274017301886,6.597000785145259,114,,
2018,11,5,2,0,13.9,-128,53.7,12.3,0,0.0,0,0.0,0,1001.6,344.86083521042895,5.851012490555023,106,,
2018,11,5,3,0,14,-117,44.1,12.8,0,0.0,0,0.0,0,1001.3,341.8796519193793,6.074196965709028,97,,
2018,11,5,4,0,14.1,-107,58.7,13.1,9,0.0,0,0.0,0,1001.1,337.67182986797064,5.227118520997091,86,,
2018,11,5,5,0,14.1,-97,67.6,13.4,42,1.0,7,3.0012065294996715,0,1000.9,324.64455569426644,4.247430936511203,75,,
2018,11,5,6,0,14.4,-87,79.2,13.7,81,6.0,0,41.0860082055646,0,1000.6,296.23062092343184,3.7224396585578536,64,,
2018,11,5,7,0,14.8,-77,77.7,13.9,127,10.0,0,101.6780645802802,0,1000.2,285.23543877894696,5.548270213925558,52,,
2018,11,5,8,0,15.3,-63,79.2,14,151,8.0,0,134.33624772340426,0,999.9,282.1255938130455,6.114693329280427,42,,
2018,11,5,9,0,15.7,-44,70.7,14.1,250,10.0,0,195.9144680824715,0,999.4,288.3092471874012,8.023372423303668,33,,
2018,11,5,10,0,16,-17,54.3,14.2,417,12.0,0,245.6695816280941,0,998.7,290.68592578788497,9.189353836933936,27,,
2018,11,5,11,0,16.4,15,71.6,14.3,262,10.0,0,245.7727807179516,0,998.1,289.9976347525829,8.719579540973774,27,,
2018,11,5,12,0,16.3,43,74.7,14.4,218,13.0,0,272.71323454653475,0,997.5,286.0647106993245,7.890905307285489,32,,
2018,11,5,13,0,16,62,71.8,14.6,214,15.0,0,276.13119312389614,0,997,287.1819348338495,7.050492388020305,41,,
2018,11,5,14,0,15.6,76,63.6,14.9,217,21.0,0,270.84676281468995,0,996.5,295.74024587043755,6.811104955362744,52,,
2018,11,5,15,0,15.3,87,51.5,14.9,196,28.0,0,239.2212883193964,0,996.3,313.76359239714384,6.264428959225612,63,,
2018,11,5,16,0,15.1,97,58.1,14.8,94,49.0,0,206.2683861631396,0,996.4,314.0524730607215,6.10705431108731,74,,
2018,11,5,17,0,14.9,106,63.2,14.6,27,56.0,0,128.23970745648512,0,996.5,306.07666264066177,6.697761016706216,85,,
2018,11,5,18,0,14.8,116,82.1,14.5,0,63.0,0,50.011256262905405,0,996.7,310.9787618778585,6.764897516620448,96,,
2018,11,5,19,0,14.9,127,83.7,14.5,0,0.0,0,1.0,0,997.1,301.9079372018128,5.279992681863077,105,,
2018,11,5,20,0,14.9,140,86.5,14.4,0,0.0,0,0.0,0,997.4,298.4539289937516,5.776954766746008,114,,
2018,11,5,21,0,14.9,154,86.7,14.4,0,0.0,0,0.0,0,997.3,312.493680737713,5.791351447572341,120,,
2018,11,5,22,0,14.7,171,74,14.3,0,0.0,0,0.0,0,996.8,323.8345319826276,6.501516761243021,123,,
2018,11,5,23,0,14.5,-172,55.9,14.2,0,0.0,0,0.0,0,996.3,328.3498678025369,6.577961917405092,123,,
2018,11,6,0,0,14.3,-155,58.2,14.1,0,0.0,0,0.0,0,996,328.81155791065555,7.174942997629577,120,,
2018,11,6,1,0,14.2,-141,47.6,14,0,0.0,0,0.0,0,996,335.3812500163362,7.152883887404078,114,,
2018,11,6,2,0,14.1,-128,32.5,13.9,0,0.0,0,0.0,0,995.9,340.08509809607733,7.096492464077005,106,,
2018,11,6,3,0,14.1,-117,10.8,13.8,0,0.0,0,0.0,0,996.1,337.7794785988314,6.978722693902159,96,,
2018,11,6,4,0,14.3,-107,21.6,13.7,24,0.0,2,0.0,0,996.6,338.7552472623558,6.420982303434295,86,,
2018,11,6,5,0,14.5,-97,47.6,13.6,111,5.0,5,9.021033595211785,0,997.1,340.5292090677995,5.449334343672035,75,,
2018,11,6,6,0,15.2,-88,23,13.8,188,41.0,138,83.55541478107632,0,997.3,331.9448815225936,5.353415342475134,63,,
2018,11,6,7,0,16.3,-77,0,14.2,109,137.0,494,230.80265818672368,0,997.2,338.08802696878377,3.7120095722181934,52,,
2018,11,6,8,0,17.4,-63,0.4,14.5,123,375.0,641,458.2980701419506,0,997.1,331.692632063558,4.298447768470538,42,,
2018,11,6,9,0,17.8,-45,2.9,14.4,172,413.0,691,606.6211576230182,0,997,323.692229942224,5.131252812467262,32,,
2018,11,6,10,0,17.6,-17,0.8,13.8,133,492.0,816,712.6307514987204,0,996.9,315.8212461830257,5.97407774291778,27,,
2018,11,6,11,0,17.3,15,10.8,13.3,297,418.0,563,736.6652787188386,0,996.8,305.96441065501506,6.272267632770093,26,,
2018,11,6,12,0,16.9,43,26.8,12.6,476,226.0,190,624.1468724183859,0,996.9,289.2218472312766,6.369239509233691,32,,
2018,11,6,13,0,16.3,62,20.9,11.8,342,190.0,288,565.7737558807892,0,997.3,294.13695663436613,6.716089906394318,41,,
2018,11,6,14,0,15.7,76,37.4,10.9,322,189.0,89,502.0878342111985,0,997.7,297.34852389609983,9.19057453703297,51,,
2018,11,6,15,0,14.9,87,41.2,10.2,192,201.0,71,421.5158325239154,0,998.3,304.50209673803033,10.87442123857099,63,,
2018,11,6,16,0,14,97,40.8,9.4,124,417.0,19,420.75634618375454,0,999,327.99383530751174,9.486748117248926,74,,
2018,11,6,17,0,13,106,32,8.7,29,616.0,1,336.58285944225315,0,999.7,1.4012126090837,9.644485529145786,85,,
2018,11,6,18,0,12.5,116,19.5,8.4,0,516.0,0,139.95224482778104,0,1000.2,344.9349183667826,8.082725093183855,95,,
2018,11,6,19,0,12.2,127,38.1,8.4,0,0.0,0,1.0,0,1000.4,334.9488510991953,8.856304629015371,105,,
2018,11,6,20,0,12,140,43.1,8.5,0,0.0,0,0.0,0,1000.6,343.83181093080253,9.340119466696583,113,,
2018,11,6,21,0,11.8,154,40.5,8.7,0,0.0,0,0.0,0,1000.7,339.1454033649603,8.982515650203926,119,,
2018,11,6,22,0,11.5,171,42.7,9.1,0,0.0,0,0.0,0,1000.7,332.62754676133864,9.507071601756335,123,,
2018,11,6,23,0,11.3,-172,16.7,9.5,0,0.0,0,0.0,0,1000.8,337.9468907700362,9.783418838459296,123,,
2018,11,7,0,0,11.1,-156,20.2,9.6,0,0.0,0,0.0,0,1001.1,356.10292104724203,9.102590478302313,120,,
2018,11,7,1,0,10.9,-141,42.8,9.3,0,0.0,0,0.0,0,1001.5,2.1602728315295394,8.827807186111201,114,,
2018,11,7,2,0,10.8,-128,42.9,9,0,0.0,0,0.0,0,1002,352.8254406949762,7.844624538985765,106,,
2018,11,7,3,0,10.8,-117,17.4,8.7,0,0.0,0,0.0,0,1002.7,344.4910717474016,7.298967294282359,96,,
2018,11,7,4,0,10.9,-107,26.4,8.4,33,0.0,6,0.0,0,1003.8,345.2940316754448,7.385998574285423,86,,
2018,11,7,5,0,11,-98,6.2,8.1,84,37.0,130,15.265402562611191,0,1004.8,347.22914660960924,7.478209351041168,75,,
2018,11,7,6,0,11.7,-88,8,7.8,147,212.0,247,126.74173846543398,0,1005.6,356.04540293573297,7.363234882562895,63,,
2018,11,7,7,0,13,-77,17.7,7.4,247,412.0,276,304.9820393484188,0,1006.1,357.6198786897626,8.200922603139396,52,,
2018,11,7,8,0,14.3,-64,22.4,6.9,307,612.0,307,519.0494363518847,0,1006.6,358.3829266035436,9.36090571156623,41,,
2018,11,7,9,0,14.9,-45,13.9,6.6,315,661.0,477,682.3617988110832,0,1007,351.5850307227311,9.395832011370064,32,,
2018,11,7,10,0,15,-18,25.4,6.4,471,668.0,265,795.4195751241134,0,1007.4,350.2814649727189,10.366792330652308,26,,
2018,11,7,11,0,15.1,15,3.4,6.3,157,600.0000000000001,799,832.0904264269044,0,1007.7,357.8043285093773,10.788438302448828,26,,
2018,11,7,12,0,15.1,43,0,6.2,87,556.0,845,830.4768217900432,0,1008,355.4899924187335,11.61506628591924,32,,
2018,11,7,13,0,15,63,0,6.2,84,520.0,734,785.6280191478468,0,1008.2,357.06997835259654,11.281349551535657,41,,
2018,11,7,14,0,14.8,76,0,6.3,78,404.0,579,649.0815824774961,0,1008.3,359.6412204926085,12.242427519275436,51,,
2018,11,7,15,0,14.4,87,0,6.3,68,379.0,394,531.1793909264402,0,1008.7,8.369395661484305,11.830089393372292,62,,
2018,11,7,16,0,13.5,97,0,6.2,53,341.0,201,385.7742598397324,0,1009.3,17.116856447800615,11.501891035112203,74,,
2018,11,7,17,0,12.7,107,1.7,6.1,26,295.0,39,233.4799236634803,0,1009.8,23.79842364608976,11.262580158528424,85,,
2018,11,7,18,0,11.8,116,0,6,0,264.0,0,95.94563201526122,0,1010.3,31.25824526389817,9.962834438635928,95,,
2018,11,7,19,0,10.8,127,0,5.8,0,0.0,0,1.0,0,1010.7,32.405323785806615,9.153703231233637,105,,
2018,11,7,20,0,9.8,140,0,5.6,0,0.0,0,0.0,0,1011,33.37002552631634,8.097719964210569,113,,
2018,11,7,21,0,9.2,154,0,5.7,0,0.0,0,0.0,0,1011.2,31.26682571664753,7.591053947211055,119,,
2018,11,7,22,0,8.9,171,0,5.9,0,0.0,0,0.0,0,1011.1,26.06113837237825,6.430691071774382,123,,
2018,11,7,23,0,8.6,-172,0,6.1,0,0.0,0,0.0,0,1011,26.27839937905537,6.066938879207882,123,,
2018,11,8,0,0,8.3,-156,0,6.2,0,0.0,0,0.0,0,1011,31.98267857057204,5.942846491080015,120,,
2018,11,8,1,0,8.1,-141,19.2,6,0,0.0,0,0.0,0,1011.1,20.440575861526497,5.075955705197301,114,,
2018,11,8,2,0,7.8,-128,30.9,5.9,0,0.0,0,0.0,0,1011.2,17.062533751714852,4.503136819722046,105,,
2018,11,8,3,0,8.2,-117,5.8,5.9,0,0.0,0,0.0,0,1011.3,22.11129165001057,4.174443293762596,96,,
2018,11,8,4,0,9.1,-107,7,6.2,31,0.0,15,0.0,0,1011.6,30.436497704855924,4.9321329909691904,85,,
2018,11,8,5,0,10.1,-98,0.5,6.4,66,47.0,161,16.47460038794034,0,1011.9,30.588123361234864,5.722297204116888,74,,
2018,11,8,6,0,11.5,-88,22.5,6.8,208,188.0,119,122.82299785330964,0,1011.9,28.891003931800867,6.49431502717534,63,,
2018,11,8,7,0,13.3,-77,29.3,7.4,290,361.0,145,292.9406897144081,0,1011.8,17.618486056795348,5.802704694499323,52,,
2018,11,8,8,0,15.1,-64,6.7,8,205,543.0,530,496.6744185519863,0,1011.6,21.628506762672885,9.419547725098962,41,,
2018,11,8,9,0,16,-45,0,8,140,596.0,757,655.5089122690704,0,1011.4,15.798187320483748,9.449975203047618,32,,
2018,11,8,10,0,16,-18,19.8,7.5,358,581.0,409,772.2052142675221,0,1011.2,12.369615166667812,9.092418900957515,26,,
2018,11,8,11,0,16.1,15,27.1,7,537,578.0,166,839.9429531603254,0,1011.1,12.159657879981694,9.724522706898457,26,,
2018,11,8,12,0,16.1,43,4.5,6.9,180,600.0000000000001,693,874.623316847757,0,1010.8,7.310929761957823,9.220468509649052,31,,
2018,11,8,13,0,16.2,63,36.7,7.3,344,601.0,170,848.2652989700815,0,1010.4,7.967317009036265,10.268799420178045,40,,
2018,11,8,14,0,16.2,77,45.7,7.6,313,355.0,38,637.3839184374829,0,1009.9,9.732035419052238,9.899047920054224,51,,
2018,11,8,15,0,15.8,88,42.2,7.9,253,200.0,4,434.8745439613018,0,1009.7,2.906513103496252,9.581417336218866,62,,
2018,11,8,16,0,15.1,97,22.6,8.3,96,59.0,79,211.13831352382903,0,1009.6,9.242086845312826,9.251444755311324,73,,
2018,11,8,17,0,14.3,107,13.8,8.7,37,16.0,12,76.93377137519143,0,1009.5,12.9950950358849,8.76926457396805,85,,
2018,11,8,18,0,13.4,117,0,8.7,0,9.0,0,20.66510434193908,0,1009.5,11.64704750824052,7.600589395870523,95,,
2018,11,8,19,0,12.3,128,0,8.3,0,0.0,0,0.0,0,1009.7,9.520108487275197,6.924467996103134,105,,
2018,11,8,20,0,11.2,140,0,7.9,0,0.0,0,0.0,0,1009.9,2.515504017356875,6.157789226721278,113,,
2018,11,8,21,0,10.8,155,0,7.6,0,0.0,0,0.0,0,1009.7,350.9155173599109,6.29329475491359,119,,
2018,11,8,22,0,11.2,171,0,7.3,0,0.0,0,0.0,0,1009,349.0143307835064,6.125184202343788,122,,
2018,11,8,23,0,11.6,-172,0,7,0,0.0,0,0.0,0,1008.4,349.75880228971016,6.427847774018809,122,,
2018,11,9,0,0,11.9,-156,0,6.8,0,0.0,0,0.0,0,1007.8,351.8089903328541,6.36596717607711,119,,
2018,11,9,1,0,12.1,-141,0,6.9,0,0.0,0,0.0,0,1007.2,356.0144928063611,6.0030427707678,113,,
2018,11,9,2,0,12.4,-129,0,6.9,0,0.0,0,0.0,0,1006.6,358.27608218587864,6.362498877512115,105,,
2018,11,9,3,0,12.9,-117,0,7.3,0,0.0,0,0.0,0,1006.3,352.9535324574683,6.030165050937951,96,,
2018,11,9,4,0,13.7,-108,32.3,8,20,0.0,4,0.0,0,1006.2,3.135841850446866,6.667698752462874,85,,
2018,11,9,5,0,14.5,-98,34.4,8.7,104,16.0,58,13.207585560491845,0,1006.2,354.0964904248645,6.74598226803022,74,,
2018,11,9,6,0,16,-89,19,9.4,218,86.0,136,102.64423425999874,0,1006,349.5162890916306,6.428355536733664,63,,
2018,11,9,7,0,18.2,-78,0.5,10.1,118,251.0,505,269.2028025293196,0,1005.6,336.11924842957114,3.909656854801668,52,,
2018,11,9,8,0,20.4,-64,0,10.8,123,389.0,666,453.9341811482235,0,1005.3,328.9710276094561,4.634902997076921,41,,
2018,11,9,9,0,21.4,-46,2.8,11,178,463.0,700,614.6237255820004,0,1004.8,311.26703052163936,5.321669714928095,32,,
2018,11,9,10,0,21.3,-18,6.7,10.8,256,429.0,644,692.5940039977111,0,1004.2,301.77076386635594,6.073352249014333,26,,
2018,11,9,11,0,21.2,15,15.2,10.6,335,401.0,481,738.3192999036872,0,1003.6,310.30790130093465,6.934795204623382,25,,
2018,11,9,12,0,20.9,44,59.3,10.7,364,252.0,0,656.2746563237836,0,1003.1,318.4211506271095,7.816618802575446,31,,
2018,11,9,13,0,20.5,63,27,11,381,296.0,191,660.8150130590567,0,1002.7,327.25951423201127,7.191031562787099,40,,
2018,11,9,14,0,20,77,19.3,11.3,232,289.0,258,588.6380391956565,0,1002.4,318.874718786991,6.900223588257934,51,,
2018,11,9,15,0,19.1,88,5.3,11.6,130,298.0,283,495.69199951042697,0,1002.3,319.18571477367453,7.230359064771572,62,,
2018,11,9,16,0,18,98,23.8,11.8,111,390.0,71,417.5465398379544,0,1002.6,334.4286673699205,7.239922211397748,73,,
2018,11,9,17,0,16.8,107,64.2,12,23,358.0,0,262.8843067566046,0,1002.9,336.53389547155336,6.94152483734175,84,,
2018,11,9,18,0,15.9,117,54.1,12,0,143.0,0,74.94107800504295,0,1003.3,338.84743042198886,6.101271916697691,95,,
2018,11,9,19,0,15.1,128,47.2,11.8,0,7.0,0,1.0633507747289557,0,1003.8,337.4341401870733,6.714508691831095,104,,
2018,11,9,20,0,14.3,140,34.5,11.5,0,0.0,0,0.0,0,1004.3,339.5678493961691,7.201876372807551,113,,
2018,11,9,21,0,13.8,155,43.8,11.3,0,0.0,0,0.0,0,1004.5,343.0718563157304,7.381097253225139,119,,
2018,11,9,22,0,13.4,171,49.5,11,0,0.0,0,0.0,0,1004.7,347.31755244535094,6.94232922516029,122,,
2018,11,9,23,0,13.1,-172,58.3,10.7,0,0.0,0,0.0,0,1004.8,348.08845182588976,6.105839816268277,122,,
2018,11,10,0,0,12.8,-156,58.4,10.2,0,0.0,0,0.0,0,1005,342.79390410683214,6.148708972487706,119,,
2018,11,10,1,0,12.6,-141,68.4,9.5,0,0.0,0,0.0,0,1005.3,339.5255880954137,5.735879269405396,113,,
2018,11,10,2,0,12.3,-129,61.3,8.9,0,0.0,0,0.0,0,1005.6,341.03385504524533,6.012446150667455,105,,
2018,11,10,3,0,12.1,-118,69.1,8.3,0,0.0,0,0.0,0,1006.3,345.3063185186021,6.280345272744221,96,,
2018,11,10,4,0,12,-108,66.6,7.7,18,0.0,0,0.0,0,1007.2,350.60499902281765,5.977890056693487,85,,
2018,11,10,5,0,12,-98,81.3,7.2,52,19.0,0,14.30010670946392,0,1008.1,351.668717745607,5.634412101881571,74,,
2018,11,10,6,0,12.2,-89,69.7,6.8,126,85.0,13,101.69646342020584,0,1008.8,4.127688080711323,5.969585979297157,63,,
2018,11,10,7,0,12.9,-78,63.9,6.6,237,270.0,0,274.1192088746509,0,1009.3,7.407776860435661,4.491589846452466,52,,
2018,11,10,8,0,13.5,-65,42.5,6.4,466,596.0,8,524.7329365619113,0,1009.8,9.937598608128212,5.491821521052797,41,,
2018,11,10,9,0,14,-46,42.7,5.9,517,723.0,26,718.5108615716084,0,1010.1,1.1738342028785382,5.410559270837817,32,,
2018,11,10,10,0,14.3,-18,24.9,5.2,499,768.0,261,850.4443026678729,0,1010.2,349.88807015855707,5.558014298647813,25,,
2018,11,10,11,0,14.6,15,17,4.5,388,640.0,456,860.3927379948258,0,1010.3,340.0170769655128,6.51322563964853,25,,
2018,11,10,12,0,14.8,44,6.3,4.1,211,470.0,691,790.5825315647473,0,1010.4,327.5597883154579,7.133711675685023,31,,
2018,11,10,13,0,14.7,63,3.6,4,149,580.0,666,826.2683672488832,0,1010.5,317.5996531026466,8.491430875310973,40,,
2018,11,10,14,0,14.6,77,0.4,3.8,86,531.0,594,728.3536060925358,0,1010.6,321.81887895353344,8.515999479546672,51,,
2018,11,10,15,0,14.2,88,0,3.9,69,464.0,417,584.5712628154545,0,1010.9,333.47548052708567,8.180102092798343,62,,
2018,11,10,16,0,13.4,98,0,4,54,319.0,219,382.56930883087216,0,1011.4,353.0604575649515,7.876549734791235,73,,
2018,11,10,17,0,12.5,107,3.6,4.2,32,106.0,42,156.97062331586255,0,1011.9,359.7915801359672,7.71831278392816,84,,
2018,11,10,18,0,11.7,117,0,4.3,0,31.0,0,37.94499275146332,0,1012.4,7.186284238120265,8.269057691418515,95,,
2018,11,10,19,0,10.8,128,0,4.5,0,2.0,0,1.0244698938331038,0,1012.8,6.0770984910982975,8.096770636071078,104,,
2018,11,10,20,0,9.9,140,0,4.6,0,0.0,0,0.0,0,1013.2,18.77782994211975,7.817975940397983,112,,
2018,11,10,21,0,9.5,155,0,4.8,0,0.0,0,0.0,0,1013.4,21.078530725202256,7.3449802747945885,118,,
2018,11,10,22,0,9.7,171,0,5.1,0,0.0,0,0.0,0,1013.4,15.594863446096952,6.106388274182189,122,,
2018,11,10,23,0,9.9,-172,0,5.3,0,0.0,0,0.0,0,1013.4,7.0545950901525885,5.814526240639042,122,,
2018,11,11,0,0,9.9,-156,0,5.8,0,0.0,0,0.0,0,1013.5,7.602258644151448,5.947786921563058,119,,
2018,11,11,1,0,9.9,-142,27.4,6.4,0,0.0,0,0.0,0,1013.6,12.092848495385056,6.142656941355499,113,,
2018,11,11,2,0,9.9,-129,59.2,6.9,0,0.0,0,0.0,0,1013.7,0.1249161802055596,5.823011886031964,105,,
2018,11,11,3,0,10.1,-118,59.7,7.5,0,0.0,0,0.0,0,1014,5.560614393153401,5.540476426199644,95,,
2018,11,11,4,0,10.6,-108,61.7,8.1,18,0.0,0,0.0,0,1014.5,3.439702273617911,5.0131816735825465,85,,
2018,11,11,5,0,11.1,-99,69.4,8.7,72,49.0,0,18.90918546643575,0,1015,8.97452556256735,4.978427393817228,74,,
2018,11,11,6,0,11.9,-89,66.8,9.2,147,253.0,0,140.40286928181604,0,1015.2,20.843017429658858,5.16882020217658,63,,
2018,11,11,7,0,13,-78,37.7,9.8,382,546.0,12,347.9114099133865,0,1015.3,40.4884650813122,3.913123751087048,51,,
2018,11,11,8,0,14.2,-65,51.1,10.4,386,716.0,0,563.9677574099396,0,1015.4,64.97381297661559,4.728346874025839,41,,
2018,11,11,9,0,14.7,-46,35.1,10.4,544,813.0,45,754.5311655217726,0,1015.4,71.36337930991749,4.693880570547373,31,,
2018,11,11,10,0,14.7,-18,52.4,9.9,460,874.0,1,899.7943500094069,0,1015.2,69.38400268271585,3.550097677740661,25,,
2018,11,11,11,0,14.6,16,45.9,9.4,520,895.0,4,988.6183157905442,0,1015,70.82835079504696,1.6392545698450387,25,,
2018,11,11,12,0,14.6,44,56.6,9.1,275,912.0,123,1028.4573781002978,0,1014.8,241.5410508146485,1.3115676338435256,31,,
2018,11,11,13,0,14.6,64,59.5,8.9,320,914.0,0,1006.348235876867,0,1014.6,261.7155175932484,4.600250400331118,40,,
2018,11,11,14,0,14.5,77,77.7,8.8,140,905.0,0,925.9497341090904,0,1014.4,267.8403535683864,4.969105701790117,50,,
2018,11,11,15,0,14.4,88,73.4,8.7,113,875.0,0,787.2803963367177,0,1014.3,281.4067348535971,4.619317230009953,62,,
2018,11,11,16,0,14.1,98,81.3,8.5,41,810.0,0,597.0701880996374,0,1014.3,293.08473591354834,4.242815431379036,73,,
2018,11,11,17,0,13.8,107,60.8,8.4,19,706.0,0,377.39905850092026,0,1014.4,308.43115049063863,4.184658944294096,84,,
2018,11,11,18,0,13.5,117,42.3,8.4,0,500.0,0,150.5675169832683,0,1014.4,316.55303301832714,4.165795314595238,94,,
2018,11,11,19,0,13.3,128,49,8.4,0,21.0,0,2.324340269794508,0,1014.4,320.3515145275919,2.998593735910805,104,,
2018,11,11,20,0,13.1,140,54.1,8.4,0,0.0,0,0.0,0,1014.4,323.228458220618,1.2230975052555564,112,,
2018,11,11,21,0,12.9,155,56.7,8.3,0,0.0,0,0.0,0,1014.1,211.71271876630584,1.5503188820422866,118,,
2018,11,11,22,0,12.6,171,59.7,8.1,0,0.0,0,0.0,0,1013.3,197.38382909322985,2.659818092844969,121,,
2018,11,11,23,0,12.3,-172,75.1,7.9,0,0.0,0,0.0,0,1012.5,192.6668447918088,3.0996094615337744,122,,
2018,11,12,0,0,12.1,-156,66.4,8,0,0.0,0,0.0,0,1011.8,189.11341790264703,3.414191979019663,118,,
2018,11,12,1,0,12,-142,79.9,8.4,0,0.0,0,0.0,0,1011.2,178.2174203484327,3.814345897880444,113,,
2018,11,12,2,0,12,-129,77.2,8.9,0,0.0,0,0.0,0,1010.6,171.53470841886315,4.627071071552975,105,,
2018,11,12,3,0,12,-118,70.1,9.3,0,0.0,0,0.0,0,1010.2,160.38373293808183,4.935622727566394,95,,
2018,11,12,4,0,12.1,-108,72.8,9.8,19,0.0,0,0.0,0,1010,157.39542860794734,4.573242350416814,85,,
2018,11,12,5,0,12.3,-99,37.8,10.2,133,25.0,5,16.53119321781576,0,1009.8,158.9644469939184,4.616229072407672,74,,
2018,11,12,6,0,12.7,-89,54.7,10.7,187,60.0,2,91.11472040688484,0,1009.3,160.04672337493002,4.967894384502743,62,,
2018,11,12,7,0,13.3,-79,58.7,11.3,251,143.0,0,223.32436586632087,0,1008.7,155.43833644600136,4.553640261565268,51,,
2018,11,12,8,0,13.9,-65,52,11.9,369,183.0,0,352.3737012184081,0,1008,160.41097970517887,4.588317857697274,40,,
2018,11,12,9,0,14.3,-47,41.9,12.3,397,50.0,123,303.3739301302593,0,1007.4,177.92194490005318,4.113789395700371,31,,
2018,11,12,10,0,14.5,-19,54.2,12.6,438,56.0,0,412.9709717045267,0,1006.8,220.0060621832921,3.9484427318832704,25,,
2018,11,12,11,0,14.7,16,51.7,13,465,38.0,0,398.8949109771506,0,1006.2,230.17210201175644,4.331748051927654,25,,
2018,11,12,12,0,14.8,44,47,13.1,480,63.0,2,471.6968683827344,0,1005.6,230.6014033241101,2.992562452284456,30,,
2018,11,12,13,0,14.9,64,37,13.1,479,129.0,26,549.9199570698181,0,1005.1,203.4131763547788,3.363885388848076,39,,
2018,11,12,14,0,14.9,78,42.4,13,315,130.0,53,488.441120231942,0,1004.5,189.0988812304425,1.7337297665571176,50,,
2018,11,12,15,0,14.8,89,46.9,12.9,224,82.0,27,346.771958356419,0,1004.3,180.3241375359964,1.8125290046212728,61,,
2018,11,12,16,0,14.6,98,66.5,12.6,63,189.0,16,336.07495262933435,0,1004.3,175.17740772280104,1.6552740856608243,73,,
2018,11,12,17,0,14.3,108,19.3,12.3,46,161.0,7,200.70159050529264,0,1004.3,147.99651796919,1.5598220765301751,84,,
2018,11,12,18,0,14,117,2.9,11.9,0,97.0,0,71.2526919496056,0,1004.3,159.46214732890223,3.959682800083052,94,,
2018,11,12,19,0,13.7,128,3.7,11.4,0,6.0,0,2.112048311090023,0,1004.4,137.16037089842348,4.474214940230178,104,,
2018,11,12,20,0,13.4,141,0,10.9,0,0.0,0,0.0,0,1004.6,135.98760069771765,5.338447957650817,112,,
2018,11,12,21,0,13.2,155,0,10.8,0,0.0,0,0.0,0,1004.4,146.9390795480037,5.475963195137911,118,,
2018,11,12,22,0,13,171,0,10.9,0,0.0,0,0.0,0,1004.1,163.98077647242917,6.974944504821305,121,,
2018,11,12,23,0,12.8,-172,0,11,0,0.0,0,0.0,0,1003.8,173.75977287370165,5.022188645439214,121,,
2018,11,13,0,0,12.6,-156,0,11.1,0,0.0,0,0.0,0,1003.7,162.86265421687972,5.1990955604730615,118,,
2018,11,13,1,0,12.4,-142,0,11,0,0.0,0,0.0,0,1003.7,158.64372804805168,5.170202584134411,112,,
2018,11,13,2,0,12.3,-129,0,10.9,0,0.0,0,0.0,0,1003.7,146.8214883406073,4.512535945981639,104,,
2018,11,13,3,0,12.3,-118,0,10.8,0,0.0,0,0.0,0,1004,151.33542712037888,4.518077863932047,95,,
2018,11,13,4,0,12.5,-109,7.6,10.6,39,0.0,18,0.0,0,1004.5,171.35962461713746,4.694884936118118,85,,
2018,11,13,5,0,12.7,-99,0.7,10.4,62,5.0,186,11.11934422800021,0,1005,179.95485634103966,4.957765210752981,74,,
2018,11,13,6,0,13.4,-90,3.5,10.1,106,7.0,337,48.43150998996204,0,1005.4,149.46804161418368,4.389081595444823,62,,
2018,11,13,7,0,14.7,-79,0.2,9.7,88,9.0,567,97.5029257729909,0,1005.5,134.79945319730984,4.389578677631958,51,,
2018,11,13,8,0,16,-66,0,9.2,89,32.0,734,229.96881436286805,0,1005.7,133.5485398601278,3.421312486233334,40,,
2018,11,13,9,0,16.5,-47,0.9,8.5,109,276.0,827,549.7996586492966,0,1005.7,166.82979905294815,3.3260075903219253,31,,
2018,11,13,10,0,16.4,-19,1.3,7.4,117,689.0,882,821.8785441083415,0,1005.6,184.24212737556948,2.3433339576213905,25,,
2018,11,13,11,0,16.3,16,0,6.4,86,710.0,934,903.5972595744304,0,1005.4,187.7244937005257,4.755308679425107,24,,
2018,11,13,12,0,16.1,45,0,5.9,80,591.0,886,865.3676857836227,0,1005.2,236.0157308665913,3.982491141367493,30,,
2018,11,13,13,0,15.8,64,0,5.9,73,480.0,780,778.5805495400305,0,1005.1,244.8338560820588,2.915946177775388,39,,
2018,11,13,14,0,15.6,78,0,5.9,66,502.0,625,721.1428663271737,0,1004.9,168.50030629360526,1.1131662677481078,50,,
2018,11,13,15,0,15.1,89,0,6.1,60,419.0,435,568.2375696399431,0,1005,230.06307882407475,1.3908105147843903,61,,
2018,11,13,16,0,14.3,98,0,6.5,49,239.0,233,347.5318813902978,0,1005.5,277.58051940646703,1.4398295558616865,72,,
2018,11,13,17,0,13.5,108,2.5,7,31,171.0,53,196.0562472855744,0,1006,254.68618365482632,1.6093894624523206,83,,
2018,11,13,18,0,12.8,117,0,7.3,0,47.0,0,49.48515879045406,0,1006.4,285.9232787828579,1.3900045017814464,94,,
2018,11,13,19,0,12.2,128,0,7.5,0,2.0,0,2.043840107986209,0,1006.9,329.80302113101004,2.4216294933291778,103,,
2018,11,13,20,0,11.5,141,0,7.7,0,0.0,0,0.0,0,1007.4,356.6880875452019,5.5867233737248405,111,,
2018,11,13,21,0,11.1,155,0,7.8,0,0.0,0,0.0,0,1007.5,348.28035349456417,6.146693465825381,117,,
2018,11,13,22,0,11,171,0,7.9,0,0.0,0,0.0,0,1007.2,303.00219325232507,3.598429949773635,121,,
2018,11,13,23,0,10.9,-173,0,8.1,0,0.0,0,0.0,0,1006.9,321.8843774648912,7.081556524155786,121,,
2018,11,14,0,0,10.8,-156,0,8.2,0,0.0,0,0.0,0,1006.8,19.50412318685744,5.085003258705033,118,,
2018,11,14,1,0,10.9,-142,1.9,8.2,0,0.0,0,0.0,0,1006.7,359.61691650155365,1.7527247232027283,112,,
2018,11,14,2,0,10.9,-130,21.1,8.3,0,0.0,0,0.0,0,1006.6,312.8630620961352,5.453832126884761,104,,
2018,11,14,3,0,11,-119,31.3,8.4,0,0.0,0,0.0,0,1006.6,335.09279192030925,6.687419641314983,95,,
2018,11,14,4,0,11.4,-109,14.4,8.6,44,0.0,8,0.0,0,1006.9,7.111998235872534,4.531446834103743,84,,
2018,11,14,5,0,11.7,-99,48.4,8.8,110,66.0,15,23.743298833089103,0,1007.1,33.99709522068645,3.816123998819082,73,,
2018,11,14,6,0,12.6,-90,29.9,9.1,217,314.0,107,156.99425364471034,0,1007.2,46.22678246382981,3.7252488290001406,62,,
2018,11,14,7,0,14,-79,27.4,9.4,237,491.0,229,342.198703647784,0,1007.3,23.9557401563859,3.3672012364224595,51,,
2018,11,14,8,0,15.4,-66,25.7,9.7,346,455.0,261,480.4089296474345,0,1007.3,28.52788614813693,3.4746042372701487,40,,
2018,11,14,9,0,16.1,-47,6.2,9.5,200,495.0,677,627.0794668436979,0,1007.3,20.591620114610578,3.4055665756705538,31,,
2018,11,14,10,0,16.1,-19,26.1,9,414,633.0,326,783.9228501499734,0,1007.1,8.97738164866388,3.6704512412788857,24,,
2018,11,14,11,0,16.2,16,27.8,8.4,379,569.0000000000001,346,818.5732363494342,0,1007,354.4534595089648,4.420354231161767,24,,
2018,11,14,12,0,16.1,45,2.9,8.1,147,655.0,774,887.3016457592154,0,1006.9,359.7543627245949,6.548888308882521,30,,
2018,11,14,13,0,16,65,31.8,8.1,284,578.0,295,821.2262850335372,0,1006.9,1.7992933867832903,8.288754758596168,39,,
2018,11,14,14,0,15.9,78,7.2,8,157,591.0,469,759.5057708513622,0,1006.9,6.314169752943144,8.963800150978743,50,,
2018,11,14,15,0,15.5,89,2.4,8,91,647.0,383,678.0200287091877,0,1007.2,10.63585186655439,8.859977624301987,61,,
2018,11,14,16,0,14.8,99,0,8.2,52,613.0,227,518.1680554535176,0,1007.8,18.866893594084672,9.3089877840399,72,,
2018,11,14,17,0,14.1,108,1.7,8.3,30,527.0,57,326.1771047541061,0,1008.4,20.752249223265267,9.445841737344372,83,,
2018,11,14,18,0,13.4,118,0,8,1,400.0,0,138.05020652845127,0,1008.9,26.240319631743773,9.092797655530768,94,,
2018,11,14,19,0,12.8,128,0,7.3,0,20.0,0,3.5035250154252164,0,1009.4,33.74231684170081,9.281549269093084,103,,
2018,11,14,20,0,12.1,141,0,6.6,0,0.0,0,0.0,0,1009.9,38.078854017025606,8.009693133331481,111,,
2018,11,14,21,0,11.8,155,0,6.5,0,0.0,0,0.0,0,1010.2,39.76868318039999,8.302518189854554,117,,
2018,11,14,22,0,11.8,171,0,6.8,0,0.0,0,0.0,0,1010.3,47.07885859183944,9.794074435480727,121,,
2018,11,14,23,0,11.8,-173,0,7.2,0,0.0,0,0.0,0,1010.4,48.27554540100817,10.209132685148722,121,,
2018,11,15,0,0,11.6,-157,0,7.5,0,0.0,0,0.0,0,1010.6,46.43547001762573,9.964770207270162,118,,
2018,11,15,1,0,11.4,-142,0,7.6,0,0.0,0,0.0,0,1010.9,47.05648939675609,9.621537124385735,112,,
2018,11,15,2,0,11.1,-130,0,7.8,0,0.0,0,0.0,0,1011.2,45.9681141162705,8.53155657109124,104,,
2018,11,15,3,0,11.1,-119,0,8.1,0,0.0,0,0.0,0,1011.6,49.42852869658515,7.681992620477506,95,,
2018,11,15,4,0,11.5,-109,5.2,8.4,38,0.0,24,0.0,0,1012,52.85277669987028,7.55589905642475,84,,
2018,11,15,5,0,11.8,-100,25.2,8.8,125,132.0,54,27.811887921585612,0,1012.5,63.75075594672154,7.230208533914997,73,,
2018,11,15,6,0,12.8,-90,49.3,9.2,227,421.0,0,172.145178856907,0,1012.8,70.8966342334088,6.333401535842311,62,,
2018,11,15,7,0,14.2,-80,70.2,9.6,187,646.0,0,378.2470446220492,0,1012.7,76.75475046307349,4.9111630690471895,51,,
2018,11,15,8,0,15.7,-66,77.4,10,184,776.0,0,587.7898752661754,0,1012.7,86.0795552663455,5.484758461482342,40,,
2018,11,15,9,0,16.5,-48,45.6,10,298,824.0000000000001,216,759.5420038996317,0,1012.6,85.06942048469244,4.363069076638703,30,,
2018,11,15,10,0,16.6,-19,14.5,9.6,385,819.0000000000001,465,892.667509632093,0,1012.3,80.64311351268475,3.075341927118476,24,,
2018,11,15,11,0,16.7,16,4.8,9.2,216,831.0000000000001,733,975.6170118789364,0,1012,52.17194895024625,0.5489537105570752,24,,
2018,11,15,12,0,16.7,45,2,9.1,145,858.0,779,1018.4939448817212,0,1011.8,259.9697260199961,3.0894559961745265,30,,
2018,11,15,13,0,16.6,65,3.6,9.1,153,874.0,649,1003.7940978069416,0,1011.5,275.812995531807,6.170892352333455,39,,
2018,11,15,14,0,16.5,78,3.5,9.1,144,833.0,502,907.5125383715632,0,1011.3,272.29208893781583,5.292564517417633,50,,
2018,11,15,15,0,16.1,89,6.8,9.2,138,810.0,311,774.6232256071505,0,1011.2,277.3240921141087,5.394847034711106,61,,
2018,11,15,16,0,15.3,99,0,9.4,64,723.0,211,577.8915953172472,0,1011.2,292.3432708436426,4.932843686652598,72,,
2018,11,15,17,0,14.5,108,4.2,9.5,38,547.0,46,341.614643252851,0,1011.2,294.9903061113248,4.290874973747521,83,,
2018,11,15,18,0,13.5,118,0,9.5,1,334.0,0,129.61266614390507,0,1011.3,292.409172034834,3.4064044917357426,93,,
2018,11,15,19,0,12.5,129,0,9.4,0,16.0,0,3.4550235325127936,0,1011.4,242.05069030650253,3.64734011530404,103,,
2018,11,15,20,0,11.4,141,0,9.4,0,0.0,0,0.0,0,1011.5,222.0940724932242,7.706082799509981,111,,
2018,11,15,21,0,10.6,155,0,9.2,0,0.0,0,0.0,0,1011.3,224.02352911987572,8.367379393812508,117,,
2018,11,15,22,0,10.1,171,0,8.9,0,0.0,0,0.0,0,1010.9,229.13250644619143,8.070710448417813,120,,
2018,11,15,23,0,9.6,-173,0,8.5,0,0.0,0,0.0,0,1010.5,227.7476309434968,8.297327521388581,120,,
2018,11,16,0,0,9.3,-157,0,8.3,0,0.0,0,0.0,0,1010.2,214.6913283115753,8.094766873289107,117,,
2018,11,16,1,0,9.1,-142,0,8.1,0,0.0,0,0.0,0,1010,210.507009779626,7.200950281858347,112,,
2018,11,16,2,0,8.9,-130,0,7.9,0,0.0,0,0.0,0,1009.9,219.71325641932984,6.557584865601189,104,,
2018,11,16,3,0,9.3,-119,0,8.1,0,0.0,0,0.0,0,1009.9,223.1710083792057,6.474464918915763,95,,
2018,11,16,4,0,10.3,-109,0,8.6,30,0.0,39,0.0,0,1010,225.59458719630143,5.6561230070916615,84,,
2018,11,16,5,0,11.4,-100,0,9.2,68,4.0,187,10.125032380286267,0,1010.1,231.6806127977035,5.358501757999939,73,,
2018,11,16,6,0,12.9,-90,0,9.6,89,9.0,374,49.90484307354917,0,1010.1,234.24775429381765,4.979072267310522,62,,
2018,11,16,7,0,14.8,-80,0.1,9.8,104,8.0,555,87.16477702650793,0,1010,221.15678978100323,5.058488268838725,51,,
2018,11,16,8,0,16.6,-67,0.3,9.9,115,14.0,707,155.94177265576045,0,1009.8,236.5293004189132,5.464839130915012,40,,
2018,11,16,9,0,17.6,-48,0,10,110,36.0,836,286.7296801897742,0,1009.4,256.23038318369044,5.77686322775713,30,,
2018,11,16,10,0,17.7,-20,0,9.8,111,76.0,898,426.9145681990906,0,1008.8,265.13434141408584,5.442954544874533,24,,
2018,11,16,11,0,17.7,16,0,9.6,110,136.0,902,550.2476146329168,0,1008.1,266.0056074320986,5.036403989712366,24,,
2018,11,16,12,0,17.7,45,0,9.7,106,192.0,849,618.2243626166514,0,1007.6,273.47298638920336,5.1586439239728685,29,,
2018,11,16,13,0,17.7,65,0,10,99,197.0,744,596.0399056091068,0,1007,266.35020243331024,5.511177890770465,39,,
2018,11,16,14,0,17.6,79,0,10.3,88,183.0,596,520.4260670194647,0,1006.5,273.16275440194306,5.407406264342312,49,,
2018,11,16,15,0,17.1,89,0,10.7,75,222.0,418,460.56904300590026,0,1006.1,287.49386359607706,5.358683505365385,61,,
2018,11,16,16,0,16.2,99,0,11.2,58,152.0,227,303.16279100510377,0,1006,292.54538342660004,5.1430519717311,72,,
2018,11,16,17,0,15.2,108,8.2,11.8,45,120.0,39,177.44169863336168,0,1005.8,308.4719497319357,5.139997432398247,83,,
2018,11,16,18,0,14.2,118,0,11.7,1,149.0,1,88.54294394464581,0,1005.8,317.0273792507774,4.640703663014786,93,,
2018,11,16,19,0,13.2,129,0,11.1,0,14.0,0,4.443857092026256,0,1006,323.55413512808207,3.892684728346539,103,,
2018,11,16,20,0,12.1,141,25.7,10.5,0,0.0,0,0.0,0,1006.2,339.77468226859105,3.014745574167206,111,,
2018,11,16,21,0,11.5,155,42.2,10.3,0,0.0,0,0.0,0,1006,50.99028097302687,2.322517965224705,117,,
2018,11,16,22,0,11.4,171,36.9,10.4,0,0.0,0,0.0,0,1005.4,84.33248905025721,4.716905170089941,120,,
2018,11,16,23,0,11.2,-173,38.2,10.5,0,0.0,0,0.0,0,1004.7,94.59386510814808,4.810130471077917,120,,
2018,11,17,0,0,11.3,-157,52.9,10.6,0,0.0,0,0.0,0,1004.1,88.43214969663694,5.219971805017701,117,,
2018,11,17,1,0,11.5,-143,37,10.8,0,0.0,0,0.0,0,1003.6,94.52765321112167,4.833932667465323,111,,
2018,11,17,2,0,11.7,-130,41.6,11,0,0.0,0,0.0,0,1003.1,98.82003970471652,4.908878484879892,104,,
2018,11,17,3,0,12.2,-119,51.1,11.2,0,0.0,0,0.0,0,1002.8,97.68013180591804,4.800878289454825,94,,
2018,11,17,4,0,13,-109,45.4,11.5,38,0.0,1,0.0,0,1002.7,100.55265827355277,4.129907694101418,84,,
2018,11,17,5,0,13.7,-100,64.1,11.9,84,141.0,0,31.73065450251432,0,1002.6,111.08441724159212,2.8476270404672896,73,,
2018,11,17,6,0,15,-91,39.7,12.1,231,441.0,48,184.29549562462068,0,1002.2,103.90692797376045,2.282481579617463,62,,
2018,11,17,7,0,16.8,-80,34.7,12.3,326,653.0,91,392.5808552237201,0,1001.7,115.31567647184828,2.50874844730179,51,,
2018,11,17,8,0,18.5,-67,3.8,12.5,199,760.0,571,598.4337312418586,0,1001.2,100.98186873797933,1.5135568292028525,40,,
2018,11,17,9,0,19.5,-48,1.4,12.4,174,824.0000000000001,733,778.2332168471883,0,1000.7,62.95334101940461,0.7403961246483859,30,,
2018,11,17,10,0,19.7,-20,10.4,12,299,910.0,586,919.7150039885856,0,1000.3,336.63186239932986,0.3249976671575304,24,,
2018,11,17,11,0,19.8,16,9.7,11.6,303,933.0,596,1010.1105170050548,0,1000,279.5248220317699,1.8029313728920544,23,,
2018,11,17,12,0,19.7,46,0.4,11.2,121,945.0,820,1046.8514568159576,0,999.7,272.5747429660954,3.858631734280674,29,,
2018,11,17,13,0,19.4,65,1.1,10.7,124,945.0,702,1025.9968292920396,0,999.4,279.81344243982056,5.927304866005072,38,,
2018,11,17,14,0,19,79,0.4,10.3,100,931.0,578,944.3109424826883,0,999.2,288.99412456809256,7.285861036965799,49,,
2018,11,17,15,0,18.3,90,34.4,10.1,218,899.0,111,806.261418825704,0,999.1,296.950092271294,7.798572351707174,60,,
2018,11,17,16,0,17.3,99,21.6,10,127,842.0,84,620.5469958199717,0,999.3,299.52394692279785,7.601847424709993,72,,
2018,11,17,17,0,16.2,108,3.9,10,40,736.0,50,400.1682623880395,0,999.5,297.8013840595959,6.021752840554014,83,,
2018,11,17,18,0,15.2,118,0,10,1,523.0,1,169.4207774010282,0,999.9,275.41951134536123,3.375930728441217,93,,
2018,11,17,19,0,14.3,129,0,10,0,38.0,0,5.328769567163701,0,1000.3,237.9169707171572,2.31064740282321,102,,
2018,11,17,20,0,13.3,141,0,10.1,0,0.0,0,0.0,0,1000.8,163.07056458123157,3.329338434576056,110,,
2018,11,17,21,0,12.8,155,0,10.3,0,0.0,0,0.0,0,1000.9,138.91101703336727,4.560895062700356,116,,
2018,11,17,22,0,12.7,171,0,10.6,0,0.0,0,0.0,0,1000.8,145.20523666726774,4.316453766021873,120,,
2018,11,17,23,0,12.6,-173,0,10.9,0,0.0,0,0.0,0,1000.7,166.81794106219718,4.603477720639472,120,,
2018,11,18,0,0,12.5,-157,0,11.1,0,0.0,0,0.0,0,1000.6,172.1245438781168,5.632223286280357,117,,
2018,11,18,1,0,12.5,-143,19.7,11.1,0,0.0,0,0.0,0,1000.7,170.19755809125058,5.267081548801495,111,,
2018,11,18,2,0,12.5,-130,43,11.2,0,0.0,0,0.0,0,1000.7,172.92152086117335,5.331405893620217,104,,
2018,11,18,3,0,12.5,-119,43,11,0,0.0,0,0.0,0,1001,170.2473940285695,5.949505529173018,94,,
2018,11,18,4,0,12.6,-110,42.3,10.8,36,0.0,3,0.0,0,1001.4,169.66900862235593,6.316761674476827,84,,
2018,11,18,5,0,12.7,-100,59.4,10.5,103,66.0,6,26.35968996056789,0,1001.9,165.78647254947168,6.296008639689908,73,,
2018,11,18,6,0,13.3,-91,45.7,10.4,215,215.0,38,140.4160284545964,0,1002.2,164.47628306763158,5.700383036693436,62,,
2018,11,18,7,0,14.5,-81,48.4,10.7,311,600.0000000000001,24,369.6045141603049,0,1002.3,166.15293407325544,4.573088613013201,50,,
2018,11,18,8,0,15.6,-67,36.6,10.9,369,780.0,154,591.0817339824921,0,1002.4,176.8356670928074,3.905368499476462,40,,
2018,11,18,9,0,16.3,-49,45.4,10.9,479,855.0,37,773.7223363533296,0,1002.4,203.15644219997048,3.3990936172097723,30,,
2018,11,18,10,0,16.4,-20,37.3,10.5,497,894.0,136,916.7474658862004,0,1002.4,227.3501105016921,3.229063242619912,24,,
2018,11,18,11,0,16.5,16,44.2,10.2,506,919.0,59,1007.8777189175,0,1002.3,237.4716471096479,3.6036512065078647,23,,
2018,11,18,12,0,16.7,46,29.9,10,485,933.0,186,1045.259247054557,0,1002,245.79116644416536,3.81097939919074,29,,
2018,11,18,13,0,16.9,66,15,10,332,936.0,384,1025.5788454930353,0,1001.5,255.9499868184446,4.434920353652747,38,,
2018,11,18,14,0,17,79,2.5,10,159,928.0,503,947.7250317473138,0,1001,253.79884164097783,4.16948463595435,49,,
2018,11,18,15,0,16.8,90,1,10.2,121,904.0,358,813.9598369748703,0,1000.8,255.19036018164763,4.062190447531196,60,,
2018,11,18,16,0,16.1,99,37.8,10.4,135,853.0,45,630.0723590402083,0,1000.9,257.92086172638534,4.065850050354247,71,,
2018,11,18,17,0,15.4,109,21.5,10.7,59,756.0,0,410.37103827315696,0,1001,251.42454343744487,3.651916691093101,82,,
2018,11,18,18,0,14.7,118,37.2,10.8,2,556.0,0,179.31256981725377,0,1001,241.49942251619416,2.48915495572072,93,,
2018,11,18,19,0,13.9,129,42.5,10.9,0,45.0,0,6.720161225603436,0,1000.8,217.9373304427708,2.5974722431377693,102,,
2018,11,18,20,0,13.2,141,47.2,10.9,0,0.0,0,0.0,0,1000.6,212.67891928645795,4.074958953475173,110,,
2018,11,18,21,0,13.2,155,42.2,10.9,0,0.0,0,0.0,0,1000.2,192.1452767358641,4.679945191944783,116,,
2018,11,18,22,0,14,171,42.4,10.8,0,0.0,0,0.0,0,999.7,184.0722372100041,6.480472511810076,120,,
2018,11,18,23,0,14.8,-173,42.7,10.7,0,0.0,0,0.0,0,999.2,188.1276894826165,7.378804280357517,120,,
2018,11,19,0,0,15.2,-157,42.2,11.3,0,0.0,0,0.0,0,998.9,192.0821816089722,6.525907078720346,117,,
2018,11,19,1,0,15.1,-143,50.9,12.6,0,0.0,0,0.0,0,999,183.9751613930873,6.180640888577512,111,,
2018,11,19,2,0,15,-131,69,13.9,0,0.0,0,0.0,0,999,174.18388707027066,6.357924316990473,103,,
2018,11,19,3,0,15,-120,79.7,14.5,0,0.0,0,0.0,0,999.2,172.2985432880605,7.139595946738733,94,,
2018,11,19,4,0,15.2,-110,67.9,14.6,25,0.0,0,0.0,0,999.6,170.09869908251312,7.96804591415598,84,,
2018,11,19,5,0,15.3,-101,65.1,14.6,80,42.0,0,24.590197107189734,0,999.9,167.5315435763523,7.793426978232155,73,,
2018,11,19,6,0,15.9,-91,69.4,14.2,130,156.0,0,128.98430293620385,0,1000.2,166.60867375769044,7.743748281384786,62,,
2018,11,19,7,0,16.8,-81,69,13.5,196,344.0,0,301.963960289328,0,1000.5,166.2753959387652,6.575441751036024,50,,
2018,11,19,8,0,17.7,-68,55.1,12.8,357,523.0,0,503.2328470637787,0,1000.8,188.78852739306043,6.928515708275119,39,,
2018,11,19,9,0,18.1,-49,63.1,11.9,337,706.0,0,712.7677949287329,0,1001.2,203.78046074648867,7.740169627871543,30,,
2018,11,19,10,0,18,-21,46.6,11,520,815.0000000000001,0,899.2375475576612,0,1001.5,220.7661301905463,8.24728420018605,23,,
2018,11,19,11,0,18,16,48.5,10,503,870.0,0,1004.9259314055528,0,1001.8,225.17658671770485,8.738058306493604,23,,
2018,11,19,12,0,17.7,46,52,9.5,407,881.0,34,1039.4630522858995,0,1002,229.43146944613164,8.798501672309188,29,,
2018,11,19,13,0,17.3,66,63.7,9.3,299,818.0000000000001,0,982.5424321631832,0,1002,229.56526238441697,8.881687374875288,38,,
2018,11,19,14,0,16.8,79,62.3,9.1,166,820.0000000000001,86,909.5650401621853,0,1002,232.6401974101372,8.565986957021087,49,,
2018,11,19,15,0,16.4,90,82.9,9.1,83,802.0,0,780.4779321846604,0,1002.2,228.37625234948408,8.541884630415112,60,,
2018,11,19,16,0,15.9,99,81.8,9.3,50,710.0,0,583.11502192805,0,1002.5,221.81744334592216,8.451705291608132,71,,
2018,11,19,17,0,15.5,109,63.7,9.4,30,587.0,0,365.2774269746542,0,1002.9,222.093475024316,8.385410389789262,82,,
2018,11,19,18,0,15,118,57.6,9.5,1,205.0,0,108.38688434017746,0,1003.3,215.43814798794827,8.07087912329067,93,,
2018,11,19,19,0,14.5,129,64.9,9.6,0,13.0,0,4.53917495644463,0,1003.7,206.28881100832527,8.809314916486336,102,,
2018,11,19,20,0,14,141,57.5,9.6,0,0.0,0,0.0,0,1004.1,196.42243689514623,8.494750849385824,110,,
2018,11,19,21,0,13.6,155,58.8,9.7,0,0.0,0,0.0,0,1003.9,187.3293085728977,8.127688073276497,116,,
2018,11,19,22,0,13.4,171,52.6,9.7,0,0.0,0,0.0,0,1003.1,182.99946497688424,8.332949148302646,119,,
2018,11,19,23,0,13.2,-173,42.4,9.7,0,0.0,0,0.0,0,1002.2,176.30686938208726,8.001234920376056,119,,
2018,11,20,0,0,13,-157,42,9.9,0,0.0,0,0.0,0,1001.7,170.55331149324832,7.943168553427978,117,,
2018,11,20,1,0,12.8,-143,42.9,10.2,0,0.0,0,0.0,0,1001.6,169.9762546337223,8.06946375723815,111,,
2018,11,20,2,0,12.6,-131,43.8,10.5,0,0.0,0,0.0,0,1001.4,164.819558211934,7.935090671789249,103,,
2018,11,20,3,0,12.6,-120,44.5,10.9,0,0.0,0,0.0,0,1001.3,161.54474146631367,8.49422111481866,94,,
2018,11,20,4,0,12.7,-110,58.6,11.3,20,0.0,0,0.0,0,1001.2,157.1204114587482,8.907336858052501,84,,
2018,11,20,5,0,12.9,-101,78.1,11.6,53,4.0,0,11.15950103642581,0,1001.2,156.36756797008445,8.916206028588007,73,,
2018,11,20,6,0,13.4,-91,39.9,11.9,209,36.0,70,87.90920808608774,0,1001.1,155.45475340806593,8.720405547905496,61,,
2018,11,20,7,0,14.2,-81,27.2,12.2,324,36.0,143,156.49618240439747,0,1001,156.20050454509646,8.347810353778755,50,,
2018,11,20,8,0,15.1,-68,66.9,12.5,270,85.0,0,297.7542915501008,0,1000.8,167.9727911099999,7.217265851755238,39,,
2018,11,20,9,0,15.6,-50,30.3,12.2,497,89.0,151,387.12846386405295,0,1000.6,171.002216707863,8.816747389224354,30,,
2018,11,20,10,0,15.9,-21,35,11.4,518,112.0,130,519.3515829534192,0,1000.3,193.09929971729923,8.042528704573348,23,,
2018,11,20,11,0,16.2,16,55.5,10.6,405,54.0,43,459.855237661646,0,1000,205.05669273637784,8.026094325489247,23,,
2018,11,20,12,0,16.3,46,66.4,10.1,318,20.0,2,338.5876974339337,0,999.7,218.7306879124201,8.568287835432272,28,,
2018,11,20,13,0,16.2,66,66.6,9.8,276,16.0,0,295.4928123512247,0,999.6,216.24174633167323,8.644953124882845,38,,
2018,11,20,14,0,16,80,26.3,9.4,357,20.0,142,281.71193487818624,0,999.4,218.9936678714755,8.519621612895165,49,,
2018,11,20,15,0,15.5,90,17.3,9.3,197,15.0,211,203.8536710563637,0,999.6,225.17839120074248,8.649670382928294,60,,
2018,11,20,16,0,14.6,100,39.5,9.2,127,5.0,60,94.8870615857762,0,1000.2,224.48834147865216,6.882135918711529,71,,
2018,11,20,17,0,13.7,109,32.6,9.2,57,3.0,1,42.221400538068174,0,1000.9,216.52165812811324,5.49507220005611,82,,
2018,11,20,18,0,13,119,0,9.2,2,3.0,0,17.67375889130123,0,1001.5,206.84961995971693,4.902268282244845,92,,
2018,11,20,19,0,12.5,129,19.3,9.3,0,0.0,0,1.0,0,1002,232.3457075028162,6.687638419492442,102,,
2018,11,20,20,0,11.9,141,42.4,9.4,0,0.0,0,0.0,0,1002.5,207.31875206074287,11.163836501592282,110,,
2018,11,20,21,0,11.6,155,30.7,9.5,0,0.0,0,0.0,0,1002.9,188.3372659434293,10.695059974648489,116,,
2018,11,20,22,0,11.5,171,4.7,9.6,0,0.0,0,0.0,0,1003.1,192.623254388759,11.03629907412414,119,,
2018,11,20,23,0,11.4,-173,21.2,9.7,0,0.0,0,0.0,0,1003.4,194.60053215101084,12.295245832155116,119,,
2018,11,21,0,0,11.2,-157,35.2,9.5,0,0.0,0,0.0,0,1003.8,202.21320357771407,10.218857149268164,116,,
2018,11,21,1,0,11,-143,40.1,9.2,0,0.0,0,0.0,0,1004.4,212.05212792889472,4.472540394977485,111,,
2018,11,21,2,0,10.8,-131,42.9,8.9,0,0.0,0,0.0,0,1005,281.61820600081523,4.02235418753638,103,,
2018,11,21,3,0,10.6,-120,40.7,8.4,0,0.0,0,0.0,0,1005.7,247.67614451514507,3.60964853315413,94,,
2018,11,21,4,0,10.4,-110,37.1,7.7,41,0.0,3,0.0,0,1006.7,293.1285439347675,3.907042499259829,84,,
2018,11,21,5,0,10.3,-101,63.3,7,98,16.0,0,22.66865754153651,0,1007.6,316.4224216440447,4.54822242409157,73,,
2018,11,21,6,0,10.9,-92,62.2,6.6,184,237.0,0,165.4823389778718,0,1008.3,13.505506588458672,5.733998974936733,61,,
2018,11,21,7,0,12.2,-81,42.8,6.5,360,528.0,26,383.4080665604845,0,1008.7,36.961784467859786,4.232085520463425,50,,
2018,11,21,8,0,13.6,-68,23,6.5,339,690.0000000000001,307,601.6924217414568,0,1009.1,61.6531197107214,6.552292510141933,39,,
2018,11,21,9,0,14.5,-50,29.3,6.4,382,780.0,295,791.9917757075071,0,1009.3,73.11623957250856,5.678353852240653,29,,
2018,11,21,10,0,14.9,-21,27,6.3,432,866.0,315,932.8701856471282,0,1009.3,7.046539869327205,2.630956034877676,23,,
2018,11,21,11,0,15.3,16,27.5,6.2,540,891.0,204,1025.2685067711325,0,1009.3,322.4775021907023,3.922617724179499,22,,
2018,11,21,12,0,15.4,46,32.6,6.3,512,906.0,141,1064.336628841247,0,1009.3,332.13475446627086,4.041903737905235,28,,
2018,11,21,13,0,15.1,66,47.4,6.7,360,904.0,80,1040.3546327993165,0,1009.2,349.2748184700866,5.113745567041983,38,,
2018,11,21,14,0,14.9,80,35.1,7.1,275,892.0,167,958.088042951258,0,1009.1,344.6792299581704,5.494078331033768,48,,
2018,11,21,15,0,14.6,90,49.4,7.4,230,851.0,32,814.6841907503579,0,1009.1,328.0687116483086,6.243589413308514,60,,
2018,11,21,16,0,14.1,100,63.6,7.6,110,664.0,0,572.1132330560029,0,1009.4,322.7062084511982,7.616321721881075,71,,
2018,11,21,17,0,13.6,109,48.2,7.8,40,406.0,1,310.46907040815853,0,1009.6,329.7292999996388,7.694929026232393,82,,
2018,11,21,18,0,13.1,119,0,7.8,2,125.0,1,90.46839389115402,0,1009.9,347.0490221132087,6.94347253806479,92,,
2018,11,21,19,0,12.6,129,19.3,7.7,0,11.0,0,5.527256658713219,0,1010.2,36.44718203320383,8.339094141699443,102,,
2018,11,21,20,0,12.1,141,42.8,7.5,0,0.0,0,0.0,0,1010.6,66.91821366443946,8.192724181004495,110,,
2018,11,21,21,0,11.9,155,42.8,7.5,0,0.0,0,0.0,0,1010.4,108.12206976843883,5.768308981407116,115,,
2018,11,21,22,0,11.9,171,22.9,7.7,0,0.0,0,0.0,0,1009.8,138.37647320170777,7.773369264542791,119,,
2018,11,21,23,0,11.9,-173,0,7.8,0,0.0,0,0.0,0,1009.2,148.37412409702858,7.231978651904039,119,,
2018,11,22,0,0,11.9,-158,0,7.9,0,0.0,0,0.0,0,1008.7,144.3369176650795,7.105824223078549,116,,
2018,11,22,1,0,11.9,-143,0,7.9,0,0.0,0,0.0,0,1008.2,164.1574116424365,6.261015921002337,111,,
2018,11,22,2,0,11.9,-131,0,7.9,0,0.0,0,0.0,0,1007.8,190.1787807667219,7.989267488890382,103,,
2018,11,22,3,0,12.1,-120,0,7.9,1,0.0,0,0.0,0,1007.5,185.45332320141347,8.575188684889936,94,,
2018,11,22,4,0,12.5,-111,41.8,8,35,0.0,1,0.0,0,1007.5,181.45656161667225,8.173539442572656,83,,
2018,11,22,5,0,12.8,-101,75.3,8.1,64,1.0,0,7.043607599328888,0,1007.4,190.170187998391,6.234432411407534,73,,
2018,11,22,6,0,13.4,-92,71.5,8.3,136,3.0,0,29.6692417201014,0,1007.3,165.57318476663363,4.612488151162909,61,,
2018,11,22,7,0,14.2,-82,60.6,8.5,261,22.0,0,134.92295046924514,0,1007,147.38244085160892,6.157086194561278,50,,
2018,11,22,8,0,15,-69,41.1,8.6,451,22.0,40,196.6754608641809,0,1006.8,142.30925679917073,6.905347312000149,39,,
2018,11,22,9,0,15.5,-50,63.5,8.7,341,10.0,1,183.22937636241608,0,1006.4,144.2198048510777,6.282679214904234,29,,
2018,11,22,10,0,15.6,-22,38.7,8.6,487,10.0,131,260.3587417043191,0,1005.8,138.48258983375877,5.541756280255749,23,,
2018,11,22,11,0,15.6,16,38.3,8.5,549,12.0,74,300.88711373793024,0,1005.2,139.944544620113,4.931154761222672,22,,
2018,11,22,12,0,15.6,47,35.7,8.5,411,8.0,204,265.4578561256509,0,1004.7,123.50233448994084,2.831207166015107,28,,
2018,11,22,13,0,15.3,66,54.9,8.7,379,9.0,0,254.18189792841568,0,1004.2,4.223439591710189,1.3160738879175458,37,,
2018,11,22,14,0,15,80,38.7,8.9,368,9.0,52,227.55508122056125,0,1003.7,354.405374251161,4.632908477560969,48,,
2018,11,22,15,0,14.7,91,51.8,9.1,230,13.0,16,212.4647741346758,0,1003.4,349.0214158546146,5.853465469853176,59,,
2018,11,22,16,0,14.2,100,58.7,9.3,119,5.0,0,100.9127072521599,0,1003.3,350.748624687321,7.260455948729313,71,,
2018,11,22,17,0,13.8,109,59.3,9.5,40,5.0,0,61.064428635180775,0,1003.3,4.524830220563217,6.498770744289154,82,,
2018,11,22,18,0,13.3,119,42.2,9.5,2,4.0,0,24.923521634578734,0,1003.2,22.008628474961142,4.98905342595834,92,,
2018,11,22,19,0,13,129,42.5,9.5,0,0.0,0,1.0,0,1003.2,66.19579988571343,6.909040569077541,101,,
2018,11,22,20,0,12.6,141,42.7,9.5,0,0.0,0,0.0,0,1003.2,66.87588433661716,10.30897420663185,109,,
2018,11,22,21,0,12.4,155,42.8,9.6,0,0.0,0,0.0,0,1002.9,70.07805659361748,11.117961106020624,115,,
2018,11,22,22,0,12.3,171,40.6,9.7,0,0.0,0,0.0,0,1002.4,72.1332297754928,12.098623048053437,119,,
2018,11,22,23,0,12.3,-173,39.5,9.8,0,0.0,0,0.0,0,1002,75.7623735031425,12.281284091989503,119,,
2018,11,23,0,0,12.2,-158,35.4,9.8,0,0.0,0,0.0,0,1001.7,72.76934009274134,14.20489885565087,116,,
2018,11,23,1,0,12.1,-144,17.8,9.7,0,0.0,0,0.0,0,1001.5,67.18459791500607,14.907332155145443,110,,
2018,11,23,2,0,12,-131,0,9.5,0,0.0,0,0.0,0,1001.4,65.61667897165256,14.758811567505552,103,,
2018,11,23,3,0,12,-120,0,9.4,1,0.0,0,0.0,0,1001.5,66.23438796085168,13.66352658232302,94,,
2018,11,23,4,0,12.1,-111,32.7,9.4,34,0.0,4,0.0,0,1001.8,68.98608555570291,12.25759410967519,83,,
2018,11,23,5,0,12.3,-102,32.9,9.4,156,2.0,28,12.090646608005908,0,1002.2,80.31901154738455,10.695524410046074,72,,
2018,11,23,6,0,12.9,-92,30.2,9.5,155,7.0,182,57.57225867905369,0,1002.4,87.62993849102673,9.752971844263582,61,,
2018,11,23,7,0,14,-82,20.3,9.8,231,19.0,300,151.7309500333046,0,1002.4,96.22198305593162,8.611763143507195,50,,
2018,11,23,8,0,15.1,-69,28.1,10.1,302,47.0,297,288.13321639268247,0,1002.5,108.99487527276568,6.8257810991061705,39,,
2018,11,23,9,0,15.6,-51,42.8,10.1,423,116.0,120,472.984587492473,0,1002.5,110.68083032359289,6.861839273222334,29,,
2018,11,23,10,0,15.4,-22,40,9.8,436,447.0,171,728.1167101709354,0,1002.5,104.3222927392028,7.424607767636883,22,,
2018,11,23,11,0,15.3,16,34.6,9.6,443,538.0,222,839.7352469786449,0,1002.4,100.74103931452989,8.848884025757192,22,,
2018,11,23,12,0,15.1,47,50.9,9.4,406,467.0,68,820.9799400079642,0,1002.4,98.14305274767742,8.554265935953275,28,,
2018,11,23,13,0,15,67,65,9.3,246,325.0,51,705.9723786292993,0,1002.3,103.33284443565486,9.048575210247968,37,,
2018,11,23,14,0,14.9,80,49.5,9.3,322,290.0,34,615.985400137974,0,1002.2,106.41707973545864,7.825390659885066,48,,
2018,11,23,15,0,14.7,91,54.6,9.4,232,423.0,0,595.898293987537,0,1002.3,100.65201158654406,7.701561283537911,59,,
2018,11,23,16,0,14.2,100,59.5,9.6,118,519.0,0,508.6494036735331,0,1002.6,102.8472697822492,7.699084678965099,71,,
2018,11,23,17,0,13.7,109,42.5,9.9,55,421.0,0,317.01910989726235,0,1002.8,109.29899691225036,7.449107212777909,81,,
2018,11,23,18,0,13.4,119,0.7,10.1,3,217.0,1,118.77460840165072,0,1003.1,107.88237337031892,7.124720559579943,92,,
2018,11,23,19,0,13.3,129,0,10.3,0,28.0,0,7.520762803597149,0,1003.3,112.1531781997653,6.668020921982401,101,,
2018,11,23,20,0,13.1,142,0,10.4,0,0.0,0,0.0,0,1003.4,86.07076799849932,8.354843572810731,109,,
2018,11,23,21,0,13,155,0,10.5,0,0.0,0,0.0,0,1003.4,87.12028931372777,6.983183526599873,115,,
2018,11,23,22,0,12.9,171,0,10.5,0,0.0,0,0.0,0,1003.1,86.01563307268583,5.453121349256982,118,,
2018,11,23,23,0,12.9,-173,0,10.4,0,0.0,0,0.0,0,1002.9,94.43469853595826,3.9941357451691233,119,,
2018,11,24,0,0,12.8,-158,0,10.4,0,0.0,0,0.0,0,1002.7,74.8315229148642,4.021452656750978,116,,
2018,11,24,1,0,12.8,-144,15.1,10.3,0,0.0,0,0.0,0,1002.6,78.01506005122383,5.320067239001219,110,,
2018,11,24,2,0,12.7,-131,33,10.2,0,0.0,0,0.0,0,1002.4,78.24753624432333,6.670350027794176,103,,
2018,11,24,3,0,12.8,-121,44.6,10.2,1,0.0,0,0.0,0,1002.4,75.74574324735386,7.99870044241026,93,,
2018,11,24,4,0,13.1,-111,43.2,10.2,41,0.0,0,0.0,0,1002.5,75.50103338763358,8.365797858862344,83,,
2018,11,24,5,0,13.3,-102,52.8,10.1,119,45.0,0,30.112165686642864,0,1002.6,77.42743843185877,8.42642140863653,72,,
2018,11,24,6,0,13.8,-92,44.4,10.2,217,79.0,41,115.85620811277788,0,1002.6,78.88255469492037,7.567798559268389,61,,
2018,11,24,7,0,14.7,-82,30.4,10.3,325,180.0,128,263.4566618549628,0,1002.5,81.5335710815122,5.80545359776244,50,,
2018,11,24,8,0,15.5,-69,32.2,10.4,354,356.0,209,462.89353130866095,0,1002.4,86.14257994591742,5.066164644784934,39,,
2018,11,24,9,0,15.8,-51,45.3,10.4,398,670.0,121,724.741412321888,0,1002.1,106.52079970565148,3.6866201628065176,29,,
2018,11,24,10,0,15.6,-22,53.3,10.2,385,777.0,85,883.0884260574124,0,1001.8,140.074618522695,2.720664610798938,22,,
2018,11,24,11,0,15.4,16,73.6,10.1,268,837.0,0,989.2822791425432,0,1001.4,168.0043025957748,2.9883517088717824,22,,
2018,11,24,12,0,15.2,47,60.6,10,377,796.0,0,995.1542225461388,0,1001,178.61478007247365,2.4238040378796923,28,,
2018,11,24,13,0,15,67,62.5,10,284,585.0,33,857.6519705714538,0,1000.5,165.75225092375626,1.507804989178387,37,,
2018,11,24,14,0,14.8,80,65.6,10,239,413.0,0,690.2287475698104,0,1000,213.3844444742897,2.348435778690197,48,,
2018,11,24,15,0,14.5,91,63.7,10.1,178,431.0,0,596.6739467285649,0,999.7,275.9353438530935,2.7930490975727085,59,,
2018,11,24,16,0,14,100,59.4,10.1,122,344.0,0,424.1217856932764,0,999.5,297.56842612359696,2.244600877966493,70,,
2018,11,24,17,0,13.6,109,46,10.1,57,147.0,0,202.52403469187732,0,999.3,320.8706376594725,3.1916415385775183,81,,
2018,11,24,18,0,13.3,119,42.6,10.1,2,77.0,0,75.25341102980917,0,999.3,332.6529952940591,3.432159896929924,92,,
2018,11,24,19,0,13,130,24.7,10,0,11.0,0,5.632129811752497,0,999.3,328.92786745615354,2.58985936547084,101,,
2018,11,24,20,0,12.7,142,0.1,9.8,0,0.0,0,0.0,0,999.4,169.76605608726902,2.893941481992518,109,,
2018,11,24,21,0,12.6,155,0.7,9.8,0,0.0,0,0.0,0,999,191.8816171813436,6.343925830678087,115,,
2018,11,24,22,0,12.6,171,20.4,9.8,0,0.0,0,0.0,0,998.3,162.82254115153955,5.312145557921308,118,,
2018,11,24,23,0,12.7,-173,42.8,9.7,0,0.0,0,0.0,0,997.5,134.65148401639726,4.143625719557091,118,,
2018,11,25,0,0,12.7,-158,39.1,9.9,0,0.0,0,0.0,0,996.7,129.53334478265168,3.348783625924796,116,,
2018,11,25,1,0,12.6,-144,65.7,10.2,0,0.0,0,0.0,0,995.9,157.23107135256316,4.172302281361801,110,,
2018,11,25,2,0,12.5,-132,95.4,10.6,0,0.0,0,0.0,0,995.1,137.79210369143698,2.8174432440611845,102,,
2018,11,25,3,0,12.6,-121,78.6,10.8,0,0.0,0,0.0,0,994.4,143.12149088738113,2.27412111943577,93,,
2018,11,25,4,0,12.8,-111,84.7,11,8,0.0,0,0.0,0,993.8,115.28500609382093,2.2189340649401914,83,,
2018,11,25,5,0,13,-102,95.5,11.2,11,61.0,0,32.9553139294412,0,993.2,100.32350946181958,3.217863581180558,72,,
2018,11,25,6,0,13.5,-93,91.1,11.5,39,240.0,0,161.5614555050512,0,992.4,74.66760262084114,4.413430200711336,61,,
2018,11,25,7,0,14.4,-82,87.8,11.8,77,454.0,0,351.77249203540777,0,991.3,78.8738434162093,4.970870549168437,50,,
2018,11,25,8,0,15.3,-70,82.9,12.1,135,663.0,0,574.0814522444867,0,990.2,112.48176691178128,4.012725748265606,39,,
2018,11,25,9,0,16,-52,74.8,12,231,756.0,0,757.7688271255624,0,989.1,151.6482267162733,3.6768876618941033,29,,
2018,11,25,10,0,16.5,-23,82.5,11.6,170,753.0,0,876.676155022973,0,988,155.52489127249464,3.158581778828903,22,,
2018,11,25,11,0,17,16,79.7,11.2,199,759.0,0,954.1309747903252,0,986.9,159.80622736702344,2.955605217215466,21,,
2018,11,25,12,0,17.2,47,76.9,10.9,217,757.0,0,979.6322183191955,0,985.8,254.6404858227084,1.833302689065003,27,,
2018,11,25,13,0,17.1,67,83,10.8,139,504.0,0,817.516777908214,0,984.7,251.02418800894816,1.3004056600226903,37,,
2018,11,25,14,0,17,80,88.3,10.6,79,439.0,0,710.9430883772865,0,983.6,274.221103557463,3.0747467033609865,48,,
2018,11,25,15,0,16.6,91,90.8,10.8,42,315.0,0,535.3855300489383,0,982.8,288.4449833610013,3.085768499454767,59,,
2018,11,25,16,0,15.9,100,81.5,11.4,46,226.0,0,364.3471077385049,0,982.2,303.7170714343,4.166413765225802,70,,
2018,11,25,17,0,15.2,109,78.5,12,17,82.0,0,164.54739753020368,0,981.7,312.19649827515485,3.8154508474411046,81,,
2018,11,25,18,0,14.2,119,41.3,11.9,2,52.0,0,65.48506313438254,0,981.7,309.3919196219422,3.0914710156894207,91,,
2018,11,25,19,0,12.9,130,23.7,11.2,0,10.0,0,5.605909879072487,0,982.4,315.18283142233474,3.137802316911076,101,,
2018,11,25,20,0,11.6,142,63.6,10.4,0,0.0,0,0.0,0,983,334.65105868426747,3.1278150181946462,109,,
2018,11,25,21,0,10.8,155,59.5,9.8,0,0.0,0,0.0,0,983.4,343.63544302979074,1.7694365284475015,115,,
2018,11,25,22,0,10.5,171,63.7,9.4,0,0.0,0,0.0,0,983.5,184.85255816825645,4.886165920001611,118,,
2018,11,25,23,0,10.2,-174,59,8.9,0,0.0,0,0.0,0,983.6,173.94809490610396,5.069022192272976,118,,
2018,11,26,0,0,9.7,-158,59,8.3,0,0.0,0,0.0,0,984,142.1324003013724,3.987616264059378,115,,
2018,11,26,1,0,9,-144,59.1,7.5,0,0.0,0,0.0,0,984.5,136.85372987927656,3.543603203102918,110,,
2018,11,26,2,0,8.2,-132,60.1,6.7,0,0.0,0,0.0,0,985,140.0240967564984,5.036597999153684,102,,
2018,11,26,3,0,7.8,-121,62.5,6.2,0,0.0,0,0.0,0,986,133.0276917351723,5.452406286626271,93,,
2018,11,26,4,0,7.7,-111,42.6,6,33,0.0,27,0.0,0,987.4,130.9105324901857,5.490258313496288,83,,
2018,11,26,5,0,7.7,-102,25.6,5.8,80,87.0,120,37.337366302861696,0,988.7,123.409520474318,4.687990607972388,72,,
2018,11,26,6,0,8.1,-93,5.6,5.6,132,265.0,316,168.56389037340725,0,989.9,120.72973117872812,4.120857311535159,61,,
2018,11,26,7,0,8.9,-83,27.5,5.3,143,418.0,331,345.45793985661714,0,991,104.43381571079316,2.6709760302443204,50,,
2018,11,26,8,0,9.8,-70,44.4,5,221,523.0,244,528.4291045271386,0,992.1,137.04540848888723,1.7219077493145962,39,,
2018,11,26,9,0,10.1,-52,27.4,4.6,258,499.0,433,652.6225143807179,0,993.1,180.44761417086053,1.8125553122663665,29,,
2018,11,26,10,0,9.8,-23,9.8,4.3,268,366.0,655,705.3426532928997,0,994,204.87352591079363,2.204492077185725,22,,
2018,11,26,11,0,9.5,15,46,3.9,412,247.0,146,685.1560682604693,0,994.9,247.516476079592,2.2887121589945028,21,,
2018,11,26,12,0,9.4,47,24.2,3.5,218,209.0,514,666.8942152680631,0,995.8,235.4724175525856,3.553115170011452,27,,
2018,11,26,13,0,9.4,67,10.6,3,240,189.0,522,620.9687980533431,0,996.6,269.4224263077687,3.80243928976206,37,,
2018,11,26,14,0,9.4,81,22.3,2.4,316,229.0,223,590.9036242809741,0,997.4,289.2137355118383,4.515695676943465,47,,
2018,11,26,15,0,9.4,91,11.4,2,213,210.0,249,481.69873688443255,0,998.2,297.35917586135,4.238236303135086,59,,
2018,11,26,16,0,9.3,100,32.1,1.7,146,203.0,71,362.2713247135572,0,999,310.4976736644068,4.539075999149596,70,,
2018,11,26,17,0,9.3,110,14.1,1.3,60,154.0,44,217.30484699545855,0,999.8,319.26676922424923,4.714913381142956,81,,
2018,11,26,18,0,9.2,119,1.5,1.6,5,99.0,1,90.06717068917298,0,1000.3,309.8168100448288,4.462004078094606,91,,
2018,11,26,19,0,9,130,0,2.4,0,11.0,0,6.700522283336241,0,1000.6,296.3127483258004,4.140696492567591,101,,
2018,11,26,20,0,8.8,142,0,3.3,0,0.0,0,0.0,0,1001,288.0465364326691,3.257159069222304,108,,
2018,11,26,21,0,8.8,155,0,4,0,0.0,0,0.0,0,1001,266.736643800176,2.461755586310408,114,,
2018,11,26,22,0,9,170,0,4.4,0,0.0,0,0.0,0,1000.8,224.3077439076717,2.529092611069746,118,,
2018,11,26,23,0,9.2,-174,0,4.9,0,0.0,0,0.0,0,1000.6,211.09539421255795,3.1709736638005563,118,,
2018,11,27,0,0,9.3,-158,0,5.2,0,0.0,0,0.0,0,1000.6,205.2739919732764,3.0141069712504858,115,,
2018,11,27,1,0,9.3,-144,0,5.3,0,0.0,0,0.0,0,1000.7,197.92974735615627,2.7843948971500883,110,,
2018,11,27,2,0,9.3,-132,0,5.4,0,0.0,0,0.0,0,1000.8,177.58415077527707,3.388265368789632,102,,
2018,11,27,3,0,9.4,-121,0,5.4,1,0.0,0,0.0,0,1001.1,165.91432921538092,3.569230431120639,93,,
2018,11,27,4,0,9.8,-112,0.2,5.4,43,0.0,35,0.0,0,1001.6,170.53767779197435,3.382942637700036,83,,
2018,11,27,5,0,10.1,-102,16.7,5.4,117,12.0,108,22.613889296213383,0,1002.2,192.78333785945017,2.962591720722481,72,,
2018,11,27,6,0,10.7,-93,12,5.5,146,33.0,264,94.57808649112162,0,1002.5,215.6019120110368,2.784666256383175,61,,
2018,11,27,7,0,11.7,-83,14.7,5.5,244,86.0,319,221.352960659159,0,1002.6,221.55539976455583,2.9881599950187376,50,,
2018,11,27,8,0,12.7,-70,32.5,5.5,379,170.0,180,385.7596979674639,0,1002.7,224.20677217791288,3.192299184465252,39,,
2018,11,27,9,0,13.2,-52,25.3,5.6,503,259.0,206,550.4041372357603,0,1002.8,231.32307302224424,3.700815027592948,29,,
2018,11,27,10,0,13.2,-23,24.9,5.7,415,344.0,347,696.1376268336985,0,1003,242.6356517354864,4.351693807158372,22,,
2018,11,27,11,0,13.3,15,22.6,5.8,421,405.0,369,792.5558066205625,0,1003.2,253.27088293022632,4.126300296159115,21,,
2018,11,27,12,0,13.3,47,36,6,468,413.0,149,815.5708484338375,0,1003.3,269.3566226094559,3.4135452856409985,27,,
2018,11,27,13,0,13.3,67,64.6,6.4,298,436.0,0,802.6336054948964,0,1003.3,273.8575486052897,3.146288391488309,36,,
2018,11,27,14,0,13.3,81,45,6.7,296,413.0,88,718.418941597861,0,1003.3,270.48339420376027,2.8648480530002507,47,,
2018,11,27,15,0,13.2,91,18.9,7.1,173,373.0,239,588.5468469979933,0,1003.5,260.6180107234693,3.0057831693213743,59,,
2018,11,27,16,0,12.9,101,45.5,7.6,159,183.0,0,351.8624029416532,0,1003.8,258.2115332877156,2.940934881813733,70,,
2018,11,27,17,0,12.7,110,49.6,8,46,124.0,7,201.91978844876067,0,1004.2,259.5575180867834,3.18160199539404,81,,
2018,11,27,18,0,12.4,119,1.1,8.2,5,65.0,1,77.99464627521921,0,1004.5,270.7211216910092,3.840880377266103,91,,
2018,11,27,19,0,12,130,10.5,8.3,0,8.0,0,5.533935613483568,0,1004.8,278.24345900325915,4.066182690135735,100,,
2018,11,27,20,0,11.7,142,17.3,8.3,0,0.0,0,0.0,0,1005.1,271.7559337961383,3.497736207253889,108,,
2018,11,27,21,0,11.6,155,39.4,8.4,0,0.0,0,0.0,0,1005.2,263.01836794447127,1.9723885987253795,114,,
2018,11,27,22,0,11.6,170,21,8.4,0,0.0,0,0.0,0,1005.1,260.88507612074704,1.9726635621190285,117,,
2018,11,27,23,0,11.6,-174,0,8.5,0,0.0,0,0.0,0,1005,249.5904625232993,2.6484360821475392,118,,
2018,11,28,0,0,11.6,-158,0,8.5,0,0.0,0,0.0,0,1005.1,239.59962004637336,3.602481832279772,115,,
2018,11,28,1,0,11.6,-144,0,8.5,0,0.0,0,0.0,0,1005.3,239.58550160602763,4.835050319707621,110,,
2018,11,28,2,0,11.6,-132,0,8.5,0,0.0,0,0.0,0,1005.5,242.44369615472,4.323202211838434,102,,
2018,11,28,3,0,11.7,-121,0,8.5,1,0.0,0,0.0,0,1005.9,230.59608470816332,4.151422759128112,93,,
2018,11,28,4,0,11.9,-112,9.3,8.5,49,0.0,25,0.0,0,1006.4,213.97465008820845,3.994405298394181,83,,
2018,11,28,5,0,12.1,-103,0,8.5,76,4.0,192,14.209420868342304,0,1006.9,194.50066231154744,3.7694921936225536,72,,
2018,11,28,6,0,12.8,-93,19,8.8,185,11.0,191,62.53690523782956,0,1007.1,175.3441235523038,2.953593948510357,61,,
2018,11,28,7,0,13.8,-83,42,9.2,325,29.0,67,157.94436251965942,0,1007.2,186.32668575770745,1.8299927910417824,50,,
2018,11,28,8,0,14.9,-71,36.1,9.7,374,54.0,151,277.407276189894,0,1007.2,193.9426832203449,2.3932661040523486,39,,
2018,11,28,9,0,15.5,-53,48.2,9.8,489,186.0,6,504.4224276008939,0,1007.1,191.6849037428574,2.538695382207345,29,,
2018,11,28,10,0,15.7,-24,42.1,9.5,583,343.0,7,703.5409100891932,0,1006.8,201.0469508203004,2.127792431000977,22,,
2018,11,28,11,0,15.8,15,18.2,9.2,409,324.0,430,751.9230920460745,0,1006.5,225.5691282659513,1.9986765327096647,21,,
2018,11,28,12,0,15.8,47,15.1,9.2,351,235.0,476,702.7853657262135,0,1006.2,249.3664149989752,2.660402575052013,27,,
2018,11,28,13,0,15.7,67,10.7,9.3,260,176.0,514,621.5609136753728,0,1005.9,283.70205587161075,4.324739557483957,36,,
2018,11,28,14,0,15.6,81,3.7,9.5,143,161.0,541,542.8767820034186,0,1005.5,289.7229385866929,4.887556051581654,47,,
2018,11,28,15,0,15.2,91,10.4,9.6,173,81.0,298,365.0022986220448,0,1005.4,301.46434234478164,6.273210500028271,58,,
2018,11,28,16,0,14.7,101,20.6,9.7,149,51.0,111,235.45980496270212,0,1005.4,307.20624146498346,6.138582331519858,70,,
2018,11,28,17,0,14.1,110,21.7,9.8,67,38.0,30,136.3192254016735,0,1005.4,303.8410968214386,6.216496318007883,81,,
2018,11,28,18,0,13.5,119,0.6,9.8,6,27.0,2,56.72304661585787,0,1005.5,299.1674649764419,5.742288253834466,91,,
2018,11,28,19,0,12.9,130,5.5,9.9,0,5.0,0,5.348812207228879,0,1005.7,280.6391375189089,5.7338213536388585,100,,
2018,11,28,20,0,12.3,142,26.2,10,0,0.0,0,0.0,0,1005.8,273.0891227693448,5.277932936774646,108,,
2018,11,28,21,0,12,155,42.8,9.9,0,0.0,0,0.0,0,1005.7,263.64183231863467,4.296692459390572,114,,
2018,11,28,22,0,11.9,170,30,9.7,0,0.0,0,0.0,0,1005.3,248.7234676120794,3.617674702075123,117,,
2018,11,28,23,0,11.9,-174,43,9.5,0,0.0,0,0.0,0,1004.9,238.0228427196012,4.149985367680228,118,,
2018,11,29,0,0,11.8,-159,42.4,9.4,0,0.0,0,0.0,0,1004.6,233.10305599723364,3.6203617314863177,115,,
2018,11,29,1,0,11.7,-145,33.8,9.4,0,0.0,0,0.0,0,1004.3,232.6496517532088,4.97869066399862,110,,
2018,11,29,2,0,11.6,-132,3.9,9.4,0,0.0,0,0.0,0,1004,237.4038496074225,5.142815821652888,102,,
2018,11,29,3,0,11.7,-122,20.7,9.5,1,0.0,0,0.0,0,1003.9,238.8449581024784,5.355131782821107,93,,
2018,11,29,4,0,11.9,-112,16.2,9.6,49,0.0,23,0.0,0,1004.1,233.90216280412395,4.743448218696618,83,,
2018,11,29,5,0,12.2,-103,43.4,9.6,155,11.0,8,22.58792464342921,0,1004.2,215.97583440523707,4.290219579937023,72,,
2018,11,29,6,0,12.9,-94,26.7,9.7,239,42.0,110,104.72340372409155,0,1004.3,199.5865290449114,4.348546858031645,61,,
2018,11,29,7,0,14.1,-84,58.4,9.8,281,63.0,0,206.9917798178608,0,1004.2,219.0038685339777,4.5843316146992334,50,,
2018,11,29,8,0,15.2,-71,46.1,9.9,453,91.0,1,329.9803450792296,0,1004,219.45665726919643,4.501755140340928,39,,
2018,11,29,9,0,15.8,-53,69.5,9.7,293,120.0,0,453.4373569184677,0,1003.9,225.7651052443786,4.589525297764502,29,,
2018,11,29,10,0,15.8,-24,58.1,9,418,227.0,13,606.1038388857801,0,1003.7,233.64049777810936,5.295034308173796,21,,
2018,11,29,11,0,15.8,15,44.2,8.4,443,300.0,136,713.2425672150954,0,1003.5,246.96309026923072,5.271192069781272,21,,
2018,11,29,12,0,15.7,47,33.6,8.1,389,384.0,267,784.1693865963451,0,1003.3,250.623220945938,5.274598085766672,27,,
2018,11,29,13,0,15.6,68,42.6,8.1,417,390.0,86,762.5214045799819,0,1003,259.284406743124,5.714392351534928,36,,
2018,11,29,14,0,15.5,81,21.9,8.1,290,377.0,280,686.1374405524177,0,1002.8,268.1432641508518,5.040976759573425,47,,
2018,11,29,15,0,15.2,92,3.8,8.3,105,288.0,415,529.9185246358761,0,1002.7,269.0187576586392,4.476486531623291,58,,
2018,11,29,16,0,14.6,101,0.9,8.5,63,161.0,266,331.53432464348305,0,1002.8,260.98368856004373,4.078470712382851,69,,
2018,11,29,17,0,14,110,1.8,8.7,39,85.0,94,173.72835981906127,0,1002.8,262.9091444781543,3.656875304197808,80,,
2018,11,29,18,0,13.2,119,0,8.7,5,51.0,5,69.84655666067474,0,1002.9,261.1568263449648,2.938000707360735,91,,
2018,11,29,19,0,12.1,130,0,8.6,0,10.0,0,6.727425516734747,0,1003,264.12829722188263,3.092887103030975,100,,
2018,11,29,20,0,11,142,0,8.5,0,0.0,0,0.0,0,1003.2,242.18447499417263,3.006851815717302,108,,
2018,11,29,21,0,10.4,155,0,8.5,0,0.0,0,0.0,0,1002.9,226.9354813698288,3.0412929655897885,114,,
2018,11,29,22,0,10.1,170,0,8.5,0,0.0,0,0.0,0,1002.4,219.49591396487307,2.897720721266305,117,,
2018,11,29,23,0,9.9,-174,0,8.5,0,0.0,0,0.0,0,1001.8,201.8626531017107,2.7568701087598666,117,,
2018,11,30,0,0,9.7,-159,0,8.4,0,0.0,0,0.0,0,1001.3,183.22351581006404,3.126039866051076,115,,
2018,11,30,1,0,9.5,-145,0,8.2,0,0.0,0,0.0,0,1001,173.6165758957669,4.073349959731833,109,,
2018,11,30,2,0,9.3,-133,0,7.9,0,0.0,0,0.0,0,1000.6,150.49072416326032,3.203399739462001,102,,
2018,11,30,3,0,9.7,-122,0,8,1,0.0,1,0.0,0,1000.3,143.40688798662052,3.9520968958625815,93,,
2018,11,30,4,0,10.5,-112,2.3,8.5,33,0.0,62,0.0,0,1000.1,144.63121098949546,4.303820742597132,83,,
2018,11,30,5,0,11.4,-103,0.9,8.9,58,80.0,230,40.35476306062277,0,999.9,147.0738764701792,3.4077276209668086,72,,
2018,11,30,6,0,12.7,-94,2,9.2,84,211.0,406,163.01212705428085,0,999.6,144.92594998630926,2.4726988802303915,61,,
2018,11,30,7,0,14.5,-84,8.2,9.4,185,427.0,451,355.4200470148053,0,999.1,130.99565200130178,1.1272865476523186,49,,
2018,11,30,8,0,16.2,-71,19.6,9.6,376,599.0,313,565.0350400454633,0,998.6,296.83872120167,2.354449214408653,38,,
2018,11,30,9,0,17.2,-53,27.4,9.6,452,659.0,253,731.4973981360189,0,997.8,314.06803958644133,4.977854688193701,28,,
2018,11,30,10,0,17.3,-24,37.4,9.4,497,827.0000000000001,146,902.6954481366428,0,996.8,309.9301078920479,5.723787205098871,21,,
2018,11,30,11,0,17.4,15,16,9.2,408,885.0,455,1009.6697885960008,0,995.8,301.7962899721635,6.708413090044174,20,,
2018,11,30,12,0,17.6,48,44.4,9.4,465,887.0,74,1041.1351290615405,0,994.7,298.1648734466961,8.283012835892317,26,,
2018,11,30,13,0,17.6,68,81.9,9.8,151,816.0000000000001,0,980.183924472164,0,993.6,304.79793619251035,10.397764790339846,36,,
2018,11,30,14,0,17.7,81,51.2,10.2,300,514.0,29,744.6696355922729,0,992.4,310.1336251479342,10.482284852055088,47,,
2018,11,30,15,0,17.6,92,59.2,10.5,141,582.0,54,676.4395413166892,0,991.4,328.9864843025574,10.654730447955885,58,,
2018,11,30,16,0,17.2,101,71.7,10.6,77,647.0,0,569.4282968053415,0,990.5,348.46661227208256,10.889555707565266,69,,
2018,11,30,17,0,16.8,110,61.6,10.8,43,349.0,0,295.7124525936344,0,989.6,0.1855205226240741,10.631403387511694,80,,
2018,11,30,18,0,16.2,119,7.2,11.3,5,304.0,0,149.44213293103647,0,989.5,16.651902991474913,10.103644307716504,90,,
2018,11,30,19,0,15.3,130,27,11.9,0,42.0,0,11.178545977211476,0,990,2.421331008326206,8.211677329200567,100,,
2018,11,30,20,0,14.4,142,56.6,12.6,0,0.0,0,0.0,0,990.6,351.5665187087681,8.02698292536195,108,,
2018,11,30,21,0,13.7,155,62,12.7,0,0.0,0,0.0,0,991,341.4472585927936,7.660819111048731,114,,
2018,11,30,22,0,13.2,170,36.8,12.2,0,0.0,0,0.0,0,991.3,351.9012397222095,6.437987235065211,117,,
2018,11,30,23,0,12.6,-174,0,11.7,0,0.0,0,0.0,0,991.5,0.819557685141092,5.257129602168423,117,,
2018,12,1,0,0,12.1,-159,0,11.2,0,0.0,0,0.0,0,991.8,19.586332203349,6.231933469412926,115,,
2018,12,1,1,0,11.5,-145,0,10.5,0,0.0,0,0.0,0,992.2,28.45276656887989,6.251171693645146,109,,
2018,12,1,2,0,11,-133,0,9.8,0,0.0,0,0.0,0,992.6,25.827402389836493,5.512560941614486,102,,
2018,12,1,3,0,10.8,-122,0,9.2,1,0.0,0,0.0,0,993.2,14.834297414627372,6.206873191323889,93,,
2018,12,1,4,0,10.8,-112,0,8.7,35,0.0,59,0.0,0,993.9,28.01379506814948,5.860196663783646,83,,
2018,12,1,5,0,10.8,-103,0,8.2,59,204.0,228,48.28435954510632,0,994.6,21.34666472321942,4.775367683714386,72,,
2018,12,1,6,0,11.6,-94,0.1,7.8,69,487.0,427,208.44868439544317,0,995,3.499592758677352,4.991485695617914,61,,
2018,12,1,7,0,13,-84,1.6,7.4,92,716.0,590,424.17803967282487,0,995.2,359.7861970155552,3.794704154184672,49,,
2018,12,1,8,0,14.4,-72,2.8,7.1,130,798.0,697,622.3145730562143,0,995.5,345.82165083907626,5.514919430394074,38,,
2018,12,1,9,0,14.8,-54,13.6,7.3,352,858.0,479,799.9434267393613,0,995.7,331.0421368537572,6.067130611132338,28,,
2018,12,1,10,0,14.1,-25,60.7,8.1,387,878.0,14,940.0992865744008,0,996,311.2879474573026,7.287474795636518,21,,
2018,12,1,11,0,13.4,15,66.4,8.9,342,893.0,0,1026.5960266216168,0,996.2,311.9788663448485,7.599184650365421,20,,
2018,12,1,12,0,13.1,48,52.5,8.7,456,883.0,0,1052.192212913572,0,996.5,304.5604997324154,7.332273638808299,26,,
2018,12,1,13,0,13.2,68,39.1,7.4,353,778.0,159,973.1669600256372,0,996.9,291.79385534228163,7.564863643444772,36,,
2018,12,1,14,0,13.3,81,32.9,6.2,397,826.0000000000001,83,928.2501721099328,0,997.3,280.3439947058409,6.455752491315772,47,,
2018,12,1,15,0,13,92,51.7,5.6,260,771.0,0,784.6862573623797,0,997.9,265.2625084914467,6.396854488934394,58,,
2018,12,1,16,0,12.4,101,49.6,5.6,145,625.0,8,568.6056756572939,0,998.6,258.91774797742244,5.349760991399531,69,,
2018,12,1,17,0,11.7,110,35.1,5.7,65,245.0,5,259.132452166452,0,999.4,230.25673250635384,4.714423235935126,80,,
2018,12,1,18,0,11,120,0,5.7,7,100.0,1,91.75502799426468,0,1000.2,211.0776841876481,5.32739468153128,90,,
2018,12,1,19,0,10.3,130,0,5.6,0,20.0,0,9.571416619902832,0,1001.3,196.4263933164767,5.205129317556141,100,,
2018,12,1,20,0,9.5,142,0,5.6,0,0.0,0,0.0,0,1002.3,178.9282757561748,4.503229181327425,107,,
2018,12,1,21,0,9.2,155,0,5.5,0,0.0,0,0.0,0,1002.9,173.0962613832761,5.731743549199371,113,,
2018,12,1,22,0,9.4,170,0,5.3,0,0.0,0,0.0,0,1003.1,173.68136888716165,6.734759839738404,117,,
2018,12,1,23,0,9.6,-174,0,5.1,0,0.0,0,0.0,0,1003.3,177.97253918579588,4.478633767593917,117,,
2018,12,2,0,0,9.7,-159,0,5,0,0.0,0,0.0,0,1003.7,190.56196571023483,3.172649918404061,115,,
2018,12,2,1,0,9.6,-145,0,4.9,0,0.0,0,0.0,0,1004.1,184.83795524116,2.735576365724687,109,,
2018,12,2,2,0,9.6,-133,0,4.9,0,0.0,0,0.0,0,1004.5,358.945346696295,1.034599096680252,102,,
2018,12,2,3,0,9.6,-122,0,4.9,1,0.0,0,0.0,0,1005.1,18.428107944259125,5.172979830375329,93,,
2018,12,2,4,0,9.9,-112,9.1,4.9,48,0.0,30,0.0,0,1005.9,24.173490861704977,5.008000862756783,83,,
2018,12,2,5,0,10.1,-103,2.5,4.9,71,7.0,205,17.39263255687737,0,1006.7,27.433528017503363,9.35718513624037,72,,
2018,12,2,6,0,10.8,-94,1.9,4.8,101,109.0,379,132.45342623667813,0,1007.3,27.002415044598703,8.295966549437136,61,,
2018,12,2,7,0,11.8,-84,14,4.4,219,205.0,379,277.8808351053588,0,1007.7,21.4668624067744,8.898023078250603,49,,
2018,12,2,8,0,12.9,-72,19.1,4.1,190,571.0000000000001,494,549.1308192720583,0,1008.2,16.601735273478596,10.401620339061898,38,,
2018,12,2,9,0,13.4,-54,12.3,3.8,241,621.0,604,707.246455941885,0,1008.6,13.53240321351177,10.35636370175736,28,,
2018,12,2,10,0,13.3,-25,14.1,3.7,283,624.0,603,833.2627253376394,0,1009.1,5.012865824686969,10.846418082730878,21,,
2018,12,2,11,0,13.2,15,10.9,3.6,249,620.0,673,902.0330962790528,0,1009.5,2.334818401868916,11.925671906505706,20,,
2018,12,2,12,0,13.2,48,43.5,3.8,405,567.0000000000001,151,897.8751422142412,0,1009.9,0.2875322752217357,12.454258387357513,26,,
2018,12,2,13,0,13.3,68,43.3,4.3,402,561.0,87,870.8060270665947,0,1010.2,356.7397883500682,13.861790075689976,36,,
2018,12,2,14,0,13.4,81,58.1,4.9,226,498.0,72,765.5707005950054,0,1010.6,358.4045164536508,14.845110726478376,46,,
2018,12,2,15,0,13.4,92,49.2,5.5,254,241.0,13,505.4058520740881,0,1011,356.5129769351025,15.016326621947798,58,,
2018,12,2,16,0,13.3,101,65.2,6.2,109,123.0,0,308.58756513660586,0,1011.6,353.38036804210435,14.096417641921102,69,,
2018,12,2,17,0,13.2,110,61.7,6.9,50,94.0,0,185.3416127462249,0,1012.1,351.28750678194586,13.203380769588463,80,,
2018,12,2,18,0,12.9,120,42.2,7.4,5,51.0,0,73.27585338317381,0,1012.7,349.19801641391007,11.87645738843996,90,,
2018,12,2,19,0,12.6,130,31.6,7.8,0,9.0,0,6.732731506519014,0,1013.2,342.6979594756665,11.429282005871698,99,,
2018,12,2,20,0,12.2,142,42,8.2,0,0.0,0,0.0,0,1013.8,341.56343468426536,10.945835016645214,107,,
2018,12,2,21,0,12.1,155,42.7,8.5,0,0.0,0,0.0,0,1014,338.92465771287044,10.804518926578398,113,,
2018,12,2,22,0,12.3,170,22.9,8.6,0,0.0,0,0.0,0,1013.8,339.09232300342165,10.643686915517014,117,,
2018,12,2,23,0,12.5,-174,0,8.7,0,0.0,0,0.0,0,1013.7,341.19250106198785,9.84318331646489,117,,
2018,12,3,0,0,12.6,-159,0,8.8,0,0.0,0,0.0,0,1013.7,356.96436588565484,8.141551241468097,114,,
2018,12,3,1,0,12.6,-145,0,8.9,0,0.0,0,0.0,0,1013.9,359.8338558951977,11.02934324573289,109,,
2018,12,3,2,0,12.6,-133,0,9,0,0.0,0,0.0,0,1014.1,359.04612272937413,10.881634927149651,102,,
2018,12,3,3,0,12.7,-122,0,9,1,0.0,0,0.0,0,1014.5,2.282732624469361,10.787857640284331,93,,
2018,12,3,4,0,12.9,-113,5.8,9.1,51,0.0,27,0.0,0,1015.2,0.8313935194236137,10.71792521792887,83,,
2018,12,3,5,0,13.1,-104,8.6,9.1,94,61.0,152,40.46230315768598,0,1015.9,353.8801342695932,10.36252239510172,72,,
2018,12,3,6,0,13.7,-94,4,9.2,134,68.0,322,118.9103579257648,0,1016.3,344.3349933123376,10.416187021020924,61,,
2018,12,3,7,0,14.8,-85,34.5,9.5,350,61.0,87,199.27544359915777,0,1016.5,329.422243463789,11.54120392709512,49,,
2018,12,3,8,0,15.8,-72,25.6,9.7,392,137.0,238,360.9591745251674,0,1016.6,334.75121150477304,11.949193352743682,38,,
2018,12,3,9,0,16.3,-54,43.4,9.7,473,232.0,69,531.3866763191602,0,1016.6,345.8403417763417,13.030161942539108,28,,
2018,12,3,10,0,16.5,-25,36.6,9.6,551,456.0,103,729.7426894064611,0,1016.4,359.1961091137245,15.365281881411942,21,,
2018,12,3,11,0,16.6,15,41.7,9.5,593,478.0,15,804.2044323420591,0,1016.2,1.766821265136855,17.333435938795855,20,,
2018,12,3,12,0,16.6,48,33.9,9.5,491,634.0,168,911.6070709575116,0,1016.1,3.862780451744072,19.06601828016479,26,,
2018,12,3,13,0,16.5,68,48.7,9.5,422,599.0,32,869.5715015183149,0,1016,5.918060352107602,19.96578532435336,35,,
2018,12,3,14,0,16.4,81,28.4,9.6,341,657.0,185,833.7535978327157,0,1016,13.32631805879413,19.44573243708074,46,,
2018,12,3,15,0,16,92,38.7,9.7,287,505.0,54,645.9683525653104,0,1016,18.139156789041465,18.76816728540344,58,,
2018,12,3,16,0,15.4,101,32.7,9.9,184,485.0,43,504.1705484314522,0,1016.1,21.562962820739585,18.344917903549057,69,,
2018,12,3,17,0,14.8,110,8.8,10.1,60,484.0,73,355.069368101755,0,1016.2,26.33301998327965,17.33578322841771,80,,
2018,12,3,18,0,13.9,120,0.5,10.1,7,346.0,6,166.00628735881637,0,1016.2,27.85434719430674,15.789894999395958,90,,
2018,12,3,19,0,12.6,130,0,9.7,0,57.0,0,14.799868888666175,0,1016.3,24.604082896609725,12.673633488703558,99,,
2018,12,3,20,0,11.4,142,0,9.4,0,0.0,0,0.0,0,1016.4,22.059925738756817,10.721158755157546,107,,
2018,12,3,21,0,10.8,155,0,9.3,0,0.0,0,0.0,0,1016.2,20.73425771996233,8.901999553539426,113,,
2018,12,3,22,0,10.9,170,0,9.3,0,0.0,0,0.0,0,1015.9,18.36014527978324,8.219690004412259,116,,
2018,12,3,23,0,10.9,-174,0,9.4,0,0.0,0,0.0,0,1015.5,21.992075295884604,7.915307616396818,117,,
2018,12,4,0,0,10.9,-159,0,9.4,0,0.0,0,0.0,0,1015.3,23.1718204400338,7.753139202315558,114,,
2018,12,4,1,0,10.7,-145,0,9.4,0,0.0,0,0.0,0,1015.3,22.76126017785566,7.526296205187145,109,,
2018,12,4,2,0,10.6,-133,0,9.4,0,0.0,0,0.0,0,1015.2,25.39910399054304,7.517387080471964,102,,
2018,12,4,3,0,10.9,-122,0,9.4,1,0.0,1,0.0,0,1015.3,26.21016630228587,8.12631952134857,93,,
2018,12,4,4,0,11.5,-113,0,9.4,31,0.0,67,0.0,0,1015.5,35.10965607552748,8.806401692607524,83,,
2018,12,4,5,0,12.2,-104,0,9.4,56,170.0,233,49.74466520521122,0,1015.6,32.39522006118881,7.865723463282566,72,,
2018,12,4,6,0,13.5,-95,0,9.7,70,438.0,425,204.63618412949265,0,1015.6,30.531222464796144,7.537485481520251,61,,
2018,12,4,7,0,15.4,-85,0,10.3,81,624.0,608,404.68115558293016,0,1015.4,24.52095493012609,6.976101619794541,49,,
2018,12,4,8,0,17.4,-72,0,10.8,92,700.0000000000001,761,592.6481958981303,0,1015.1,35.698350026160085,7.276716437666139,38,,
2018,12,4,9,0,18.3,-55,0,11,101,696.0000000000001,870,736.279809770255,0,1014.8,32.26570920465241,7.0171755837963845,28,,
2018,12,4,10,0,18.3,-26,0,10.8,106,656.0,930,827.6843741069251,0,1014.4,33.77988280491314,7.861625489480966,21,,
2018,12,4,11,0,18.3,14,0,10.6,107,729.0,934,934.6763278697052,0,1014.1,31.658654194469364,8.043942237400488,20,,
2018,12,4,12,0,18.3,48,0.7,10.6,121,649.0,861,918.2782487514636,0,1013.5,36.06930765281891,8.191326979588759,26,,
2018,12,4,13,0,18.4,68,0.5,10.9,113,618.0,763,879.8172892211728,0,1012.8,33.778628343736955,8.717714449867865,35,,
2018,12,4,14,0,18.6,82,1.2,11.1,120,526.0,596,761.1171633711067,0,1012.1,32.820591320751305,8.250625734730137,46,,
2018,12,4,15,0,18.3,92,11.2,11.4,181,456.0,296,619.0284174496144,0,1011.6,32.16724318550831,8.986649233696674,57,,
2018,12,4,16,0,17.5,101,28.1,11.7,153,486.0,87,504.8276079764949,0,1011.5,32.65444373903074,8.635422066217874,69,,
2018,12,4,17,0,16.8,110,18,12,83,471.0,28,350.4711671470856,0,1011.3,34.85872998117492,8.63187968880331,80,,
2018,12,4,18,0,15.8,120,41.2,12,8,345.0,1,166.6623796714468,0,1011.3,35.82910061604872,8.765997040684997,90,,
2018,12,4,19,0,14.6,130,17.5,11.6,0,39.0,0,12.391030667721395,0,1011.5,38.38649879811135,6.994002744865043,99,,
2018,12,4,20,0,13.4,142,0,11.3,0,0.0,0,0.0,0,1011.7,47.16282821651782,5.4388948219094,107,,
2018,12,4,21,0,12.7,155,0,11.1,0,0.0,0,0.0,0,1011.6,66.59526933301464,4.660030065908159,113,,
2018,12,4,22,0,12.4,170,0,11,0,0.0,0,0.0,0,1011.3,75.52599522733988,6.71155217989406,116,,
2018,12,4,23,0,12.2,-175,0,11,0,0.0,0,0.0,0,1011,67.47977613298394,9.222294594743728,117,,
2018,12,5,0,0,11.9,-159,0,10.9,0,0.0,0,0.0,0,1010.8,89.63741178638662,6.905655856920226,114,,
2018,12,5,1,0,11.6,-146,0,10.7,0,0.0,0,0.0,0,1010.5,99.40148342027982,6.236849960443555,109,,
2018,12,5,2,0,11.4,-133,0,10.5,0,0.0,0,0.0,0,1010.2,102.24848273846646,6.457042017914459,102,,
2018,12,5,3,0,11.7,-123,0,10.6,2,0.0,0,0.0,0,1010.3,113.8525313789869,5.825435406452575,93,,
2018,12,5,4,0,12.5,-113,51.9,10.8,33,0.0,1,0.0,0,1010.7,120.07664840486586,6.00367250899613,83,,
2018,12,5,5,0,13.4,-104,25.9,11.1,133,209.0,70,52.0755786214128,0,1011.1,127.77234913568458,6.215858908845827,72,,
2018,12,5,6,0,14.7,-95,12.8,11.2,166,550.0,253,223.01798546587776,0,1011.3,134.82222899268731,6.676805054990005,61,,
2018,12,5,7,0,16.6,-85,0,11.3,113,713.0,550,428.6514301007166,0,1011.3,139.30827796794495,6.459726780621631,49,,
2018,12,5,8,0,18.4,-73,0.1,11.4,127,769.0,698,617.969758177534,0,1011.4,159.14215425121267,5.69603389258059,38,,
2018,12,5,9,0,19.6,-55,3.3,11.2,192,607.0,722,697.3422635726791,0,1011.2,188.0577497205824,5.249581501947289,28,,
2018,12,5,10,0,20.1,-26,0.9,10.8,157,552.0,847,785.0325332902971,0,1010.9,211.0511018411351,5.163469993314991,21,,
2018,12,5,11,0,20.7,14,0.4,10.4,150,536.0,867,842.8873928860515,0,1010.6,227.19117292807795,5.589816420599602,20,,
2018,12,5,12,0,20.9,48,0,10.3,137,547.0,835,871.2943548470109,0,1010.5,237.4702729022304,5.901738749915566,25,,
2018,12,5,13,0,20.7,68,0,10.5,128,594.0,739,875.2454204042767,0,1010.4,241.0645633237509,6.04266318181773,35,,
2018,12,5,14,0,20.5,82,0,10.7,117,724.0,598,878.3387371776513,0,1010.3,249.0522827865304,5.379732294308864,46,,
2018,12,5,15,0,20,92,27.8,11,251,812.0,138,811.2806289430893,0,1010.3,247.3224592670299,4.402890602137673,57,,
2018,12,5,16,0,19.3,101,28.2,11.4,186,777.0,46,643.2030364740455,0,1010.4,238.5628363711844,3.927309298738892,68,,
2018,12,5,17,0,18.5,110,16.2,11.7,72,690.0000000000001,44,434.5252887314335,0,1010.5,234.4170676991353,3.1979746745975364,79,,
2018,12,5,18,0,17.6,120,67.5,12,6,489.0,0,205.19905492946543,0,1010.9,231.34520450001023,2.1790357729718206,90,,
2018,12,5,19,0,16.6,130,52,12.1,0,118.0,0,21.57708724151757,0,1011.4,229.92934787999465,2.88501812263099,99,,
2018,12,5,20,0,15.5,142,42.9,12.3,0,0.0,0,0.0,0,1011.9,215.01385169754167,2.309610159209648,107,,
2018,12,5,21,0,14.9,155,49.1,12.4,0,0.0,0,0.0,0,1012.1,202.08873854896143,2.757311226996742,113,,
2018,12,5,22,0,14.5,170,42.3,12.5,0,0.0,0,0.0,0,1011.9,191.6658607881873,2.913453332468656,116,,
2018,12,5,23,0,14.2,-175,42.1,12.7,0,0.0,0,0.0,0,1011.8,182.0531278330172,3.5572152425097547,117,,
2018,12,6,0,0,14,-160,43.1,12.6,0,0.0,0,0.0,0,1011.7,180.8635269365517,4.30908313783626,114,,
2018,12,6,1,0,13.9,-146,52,12.5,0,0.0,0,0.0,0,1011.7,167.76972021598385,4.462361397447363,109,,
2018,12,6,2,0,13.8,-134,52.6,12.3,0,0.0,0,0.0,0,1011.7,159.03711008537664,4.8450998701858765,101,,
2018,12,6,3,0,13.8,-123,45.1,12.2,1,0.0,0,0.0,0,1011.9,160.67770288094266,4.830695946125919,93,,
2018,12,6,4,0,14,-113,68,12,21,0.0,0,0.0,0,1012.4,160.1912413959467,4.9010862766658505,83,,
2018,12,6,5,0,14.1,-104,70.8,11.9,80,21.0,0,28.2206915411724,0,1012.9,158.356149045984,4.945879838891415,72,,
2018,12,6,6,0,14.7,-95,63.7,11.9,162,68.0,0,115.96118217607275,0,1013.2,149.60410166628975,5.458244041508459,61,,
2018,12,6,7,0,15.5,-85,64,11.9,241,171.0,0,264.90821658668443,0,1013.3,148.6198206410984,5.075378432281606,49,,
2018,12,6,8,0,16.3,-73,62.3,11.9,302,335.0,0,459.5738355789308,0,1013.4,152.71161288397445,4.69622617391107,38,,
2018,12,6,9,0,16.9,-56,58.3,12,384,523.0,0,667.0004696594472,0,1013.2,178.6752500728088,4.963240658044514,28,,
2018,12,6,10,0,17.2,-27,73.6,12,260,733.0,0,872.9649513585855,0,1012.7,196.25561510858583,4.99840821916137,21,,
2018,12,6,11,0,17.5,14,59.7,12,401,846.0,0,1005.7065874787291,0,1012.2,216.16292991909896,5.401778389453988,19,,
2018,12,6,12,0,17.8,48,55.6,12.1,420,759.0,0,988.302205015204,0,1011.7,226.6620540671106,5.49965467235878,25,,
2018,12,6,13,0,18,68,27.1,12.2,372,675.0,235,920.9712175269829,0,1011.3,226.4716061069641,4.880232094049031,35,,
2018,12,6,14,0,18.2,82,34.3,12.3,390,844.0,67,944.8254988356,0,1010.8,223.92822914671345,4.199353827144788,46,,
2018,12,6,15,0,18,92,41.3,12.4,232,850.0,61,832.4183557197184,0,1010.6,224.49391612581888,3.8894116528092906,57,,
2018,12,6,16,0,17.5,101,35.8,12.6,197,762.0,12,637.5924505179955,0,1010.6,221.4659936164073,3.702433107017807,68,,
2018,12,6,17,0,17,110,50.9,12.8,68,685.0,0,434.9032582682797,0,1010.7,212.10169196796787,3.1561377949174103,79,,
2018,12,6,18,0,16.3,120,37.3,13,7,430.0,0,192.46992921899397,0,1010.9,195.612484420698,2.5164303290213765,89,,
2018,12,6,19,0,15.5,130,40.7,13.1,0,71.0,0,17.550933391277113,0,1011.3,158.5165952280986,2.5811868230371338,99,,
2018,12,6,20,0,14.7,142,41.9,13.2,0,0.0,0,0.0,0,1011.7,155.10373910439216,3.887908914347292,107,,
2018,12,6,21,0,14.3,155,48.5,12.9,0,0.0,0,0.0,0,1011.7,158.9507835895581,3.8609007086056457,113,,
2018,12,6,22,0,14.2,170,37.8,12.4,0,0.0,0,0.0,0,1011.3,152.03327704150024,4.177827660159807,116,,
2018,12,6,23,0,14.2,-175,41,11.8,0,0.0,0,0.0,0,1011,152.54637461940365,3.86521570047934,116,,
2018,12,7,0,0,14.1,-160,44.1,11.4,0,0.0,0,0.0,0,1010.7,165.89401124757796,3.3077478329513954,114,,
2018,12,7,1,0,14,-146,25.2,11.2,0,0.0,0,0.0,0,1010.6,147.27063213498548,3.01274620767446,109,,
2018,12,7,2,0,13.9,-134,3.5,10.9,0,0.0,0,0.0,0,1010.4,140.59414038577893,3.118630412299221,101,,
2018,12,7,3,0,14,-123,1.3,10.8,2,0.0,0,0.0,0,1010.6,133.2009002231439,4.706928172902113,93,,
2018,12,7,4,0,14.3,-113,32,10.8,51,0.0,1,0.0,0,1010.9,135.91063715606663,5.496308756989885,83,,
2018,12,7,5,0,14.6,-104,25.7,10.8,154,6.0,36,17.350235652459187,0,1011.3,145.09835808265802,5.312753615215964,72,,
2018,12,7,6,0,15.2,-95,31.5,10.9,293,27.0,21,85.33865768223639,0,1011.5,159.4522970325071,5.495104778703556,61,,
2018,12,7,7,0,16.2,-85,22.7,11,361,111.0,144,232.0186611346656,0,1011.4,167.31259690463276,4.228491838137213,49,,
2018,12,7,8,0,17.1,-73,22,11.2,390,281.0,248,436.0151967467822,0,1011.4,175.98792901958927,2.7915090307642747,38,,
2018,12,7,9,0,17.8,-56,9.2,11.1,310,420.0,538,620.7458499875986,0,1011.1,200.0345594221524,2.624647854844968,28,,
2018,12,7,10,0,18.1,-27,0.3,10.8,168,529.0,830,816.7548816610988,0,1010.4,226.82044390037845,3.0051668595086234,21,,
2018,12,7,11,0,18.5,14,0,10.6,164,678.0,847,961.6953316095904,0,1009.7,259.2734384204345,3.39998541471214,19,,
2018,12,7,12,0,18.6,48,0.3,10.4,162,414.0,798,844.0653225592848,0,1009,280.12750320068113,3.6474068306991305,25,,
2018,12,7,13,0,18.4,68,6.9,10.3,250,282.0,551,729.7940446711477,0,1008.1,249.9659530424369,3.5190955769859618,35,,
2018,12,7,14,0,18.3,82,11,10.3,240,140.0,391,537.9180193531705,0,1007.2,249.35493363975027,2.464410625919076,46,,
2018,12,7,15,0,17.9,92,43,10.3,257,88.0,46,390.65938516620736,0,1006.7,247.6394305913084,2.4110260418735816,57,,
2018,12,7,16,0,17.1,101,27.9,10.5,139,38.0,97,224.4454617736417,0,1006.5,236.91173438821767,2.9139618638893783,68,,
2018,12,7,17,0,16.4,110,49.8,10.6,68,12.0,0,95.42163573098946,0,1006.3,226.8170940356763,2.466273804311434,79,,
2018,12,7,18,0,15.7,120,15.1,10.7,10,5.0,0,29.366832522297848,0,1006.2,209.8961465224349,2.970757317785457,89,,
2018,12,7,19,0,15,130,34,10.7,0,2.0,0,4.189677027427168,0,1006.2,162.9954882621804,1.4659440041135303,99,,
2018,12,7,20,0,14.4,142,46.6,10.8,0,0.0,0,0.0,0,1006.3,150.5990603068866,3.793514452099626,106,,
2018,12,7,21,0,14.2,155,50.4,11.2,0,0.0,0,0.0,0,1005.7,176.28645261614406,5.100063910037124,112,,
2018,12,7,22,0,14.7,170,39.9,11.8,0,0.0,0,0.0,0,1004.6,171.41162015855684,5.210279963699546,116,,
2018,12,7,23,0,15.1,-175,49.8,12.4,0,0.0,0,0.0,0,1003.5,150.05892682279358,3.457821599411401,116,,
2018,12,8,0,0,15.4,-160,49.1,12.9,0,0.0,0,0.0,0,1002.4,151.28927036465095,3.974755451789129,114,,
2018,12,8,1,0,15.6,-146,57.3,13.3,0,0.0,0,0.0,0,1001.2,168.5349895471296,2.9011504850861285,109,,
2018,12,8,2,0,15.8,-134,71.5,13.8,0,0.0,0,0.0,0,1000.1,124.71609417841528,2.450363889256769,101,,
2018,12,8,3,0,16.1,-123,72.5,14.2,0,0.0,0,0.0,0,999.2,130.9824170961448,2.1338145937581547,93,,
2018,12,8,4,0,16.6,-113,73.1,14.6,15,0.0,0,0.0,0,998.5,179.10942255335567,3.518491432622941,83,,
2018,12,8,5,0,17.1,-104,94.3,15.1,12,4.0,0,17.23404593794514,0,997.9,155.88082844052826,5.57483151655962,72,,
2018,12,8,6,0,17.7,-95,87.5,15.4,51,11.0,0,68.58174657564284,0,997.5,98.16645448237496,4.516749054021277,61,,
2018,12,8,7,0,18.4,-86,93,15.6,44,10.0,0,116.14402960092391,0,997.3,25.034611995063187,4.864746485825664,49,,
2018,12,8,8,0,19.1,-73,78.5,15.8,95,15.0,76,191.75221680981605,0,997,9.808397276286826,5.907393637445078,38,,
2018,12,8,9,0,19.7,-56,66.8,15.9,149,20.0,148,270.60436041936003,0,996.8,21.446839212730367,6.219734195483533,28,,
2018,12,8,10,0,20.1,-27,68.7,15.8,307,132.0,3,519.4823578359898,0,996.5,351.56030158218687,5.354616649683243,21,,
2018,12,8,11,0,20.5,14,6.7,15.8,255,474.0,686,819.4691204658538,0,996.2,290.9516267215879,5.893573700906571,19,,
2018,12,8,12,0,20.6,48,3,15.4,191,641.0,752,933.4165624039316,0,996,298.3553235297774,4.861344272683262,25,,
2018,12,8,13,0,20.4,68,15.5,14.7,325,561.0,410,866.3304895196284,0,995.9,298.819987482992,6.265842291281909,35,,
2018,12,8,14,0,20.2,82,0.8,14,116,318.0,609,653.0724391084924,0,995.8,312.75366045638447,5.518672484850383,46,,
2018,12,8,15,0,19.6,92,19.7,13.5,228,347.0,214,573.4284113566973,0,996,295.8127139939636,5.44651790395995,57,,
2018,12,8,16,0,18.8,101,13,13.2,156,567.0000000000001,134,556.9606458454397,0,996.3,298.6682443552808,4.733324003490243,68,,
2018,12,8,17,0,17.9,110,27.5,12.9,64,613.0,49,415.3414181123575,0,996.7,357.67702215315427,3.523647615042083,79,,
2018,12,8,18,0,17,120,4.5,12.7,12,433.0,1,198.42910807854,0,997.1,30.028121652309324,6.015394746411445,89,,
2018,12,8,19,0,16.1,130,0,12.7,0,113.0,0,23.00054306062863,0,997.7,15.182478854458964,6.029543190420636,98,,
2018,12,8,20,0,15.2,142,0,12.7,0,0.0,0,0.0,0,998.3,35.72595960629582,8.031971895302657,106,,
2018,12,8,21,0,14.7,155,0,12.8,0,0.0,0,0.0,0,998.5,38.85614860242032,7.744105993436367,112,,
2018,12,8,22,0,14.7,170,0,12.9,0,0.0,0,0.0,0,998.2,51.50113085554699,6.692011091573397,116,,
2018,12,8,23,0,14.6,-175,0,13,0,0.0,0,0.0,0,997.9,139.48781818926477,5.959107009190947,116,,
2018,12,9,0,0,14.6,-160,0,13.1,0,0.0,0,0.0,0,997.8,152.86995980160464,7.750732560298511,114,,
2018,12,9,1,0,14.6,-146,0,13.2,0,0.0,0,0.0,0,997.9,154.71856561267214,7.666680164083403,109,,
2018,12,9,2,0,14.6,-134,0,13.2,0,0.0,0,0.0,0,998,161.17190267513968,7.639751661350099,101,,
2018,12,9,3,0,14.5,-123,0,13.3,2,0.0,0,0.0,0,998.3,160.15390112045907,6.45490331369792,93,,
2018,12,9,4,0,14.5,-114,52.7,13.3,30,0.0,2,0.0,0,998.7,153.7929760984381,5.276808552742144,83,,
2018,12,9,5,0,14.5,-105,62.1,13.3,97,56.0,0,40.27852891318059,0,999.2,142.30697450591902,4.969213961886315,72,,
2018,12,9,6,0,15,-96,42.6,13.1,207,130.0,75,144.4903714580146,0,999.6,142.12649414879093,4.150929745832956,61,,
2018,12,9,7,0,16,-86,19,12.7,295,212.0,253,287.7955665390107,0,1000.1,153.71686365488438,4.038619122251519,49,,
2018,12,9,8,0,16.9,-74,22.1,12.3,320,214.0,339,406.80366823766,0,1000.5,166.75948008481282,3.274546724357434,38,,
2018,12,9,9,0,17.2,-56,14.2,11.8,354,212.0,473,511.7632892740105,0,1000.9,189.0468061908673,2.872401981341416,28,,
2018,12,9,10,0,16.9,-28,13.7,11,347,301.0,546,641.2053348100063,0,1001.4,218.79001190116816,2.5167451461551176,20,,
2018,12,9,11,0,16.6,13,18.8,10.3,457,432.0,395,777.9812748911365,0,1001.8,249.3317009552032,2.902374565197096,19,,
2018,12,9,12,0,16.3,48,4.1,9.7,210,595.0,749,891.1493603705501,0,1002.2,264.48552662786733,3.505971888699856,25,,
2018,12,9,13,0,15.9,68,9.3,9.4,276,761.0,533,961.870985229779,0,1002.5,264.98634937050167,5.008910661286035,34,,
2018,12,9,14,0,15.5,82,6.8,9,213,856.0,480,947.5312421108248,0,1002.9,269.5564905966529,4.951808507796201,45,,
2018,12,9,15,0,14.9,92,5.9,8.9,169,823.0000000000001,354,817.1265626356914,0,1003.3,268.8728989840124,5.125991777661636,57,,
2018,12,9,16,0,14.3,101,4.1,8.9,113,720.0,222,619.0673331342165,0,1003.9,268.11995884785074,4.978509986009244,68,,
2018,12,9,17,0,13.6,110,11.6,8.9,69,401.0,62,330.9668709005133,0,1004.4,267.86199308932856,4.378047705818236,79,,
2018,12,9,18,0,13.1,120,1.6,8.7,11,192.0,5,130.41684173804762,0,1004.8,263.86543168370144,3.282959529048023,89,,
2018,12,9,19,0,12.7,130,0.3,8.4,0,38.0,0,13.792363326660835,0,1005.1,281.95447176679244,4.039261634094045,98,,
2018,12,9,20,0,12.3,142,42.7,8.2,0,0.0,0,0.0,0,1005.4,284.6939149792551,2.9971940607630128,106,,
2018,12,9,21,0,12.1,155,42.3,8.1,0,0.0,0,0.0,0,1005.5,274.2699352476733,2.141197142051594,112,,
2018,12,9,22,0,11.9,170,29.1,8.2,0,0.0,0,0.0,0,1005.3,264.6247041731848,1.7435070053115196,116,,
2018,12,9,23,0,11.8,-175,42.5,8.3,0,0.0,0,0.0,0,1005.1,275.6029639109075,1.2802866826656225,116,,
2018,12,10,0,0,11.8,-160,47.4,8.3,0,0.0,0,0.0,0,1004.9,300.9237734405086,1.0199897582811523,114,,
2018,12,10,1,0,11.9,-146,63.2,8.2,0,0.0,0,0.0,0,1004.8,356.29012445586494,1.339476821525157,109,,
2018,12,10,2,0,12,-134,66.3,8.1,0,0.0,0,0.0,0,1004.6,29.45284914656395,2.4359090944093533,101,,
2018,12,10,3,0,12.3,-123,40,8.1,1,0.0,0,0.0,0,1004.5,10.890515452593206,2.7536956165465707,92,,
2018,12,10,4,0,12.6,-114,48.2,8.2,52,2.0,1,1.0000000000000002,0,1004.5,349.3652679201367,4.1605747782475575,83,,
2018,12,10,5,0,13,-105,1.6,8.2,69,209.0,212,55.22107876469094,0,1004.5,356.5691834075365,5.756410472053737,72,,
2018,12,10,6,0,13.8,-96,29.1,8.5,223,548.0,128,225.38381605197705,0,1004.5,24.73456549310669,5.971427062485668,61,,
2018,12,10,7,0,15,-86,58.8,8.9,276,744.0,8,438.8408034441067,0,1004.3,38.13419323287053,5.116431126495478,49,,
2018,12,10,8,0,16.1,-74,32.6,9.3,398,848.0,179,648.2362347707195,0,1004.2,41.899523772678606,5.4068542539687785,38,,
2018,12,10,9,0,16.7,-57,54.7,9.3,433,898.0,7,825.3070705457942,0,1003.8,41.08782716614104,5.472977802379012,28,,
2018,12,10,10,0,16.7,-28,61.7,8.9,385,908.0,14,950.7568870945818,0,1003.2,43.35674422891663,6.513723530485887,20,,
2018,12,10,11,0,16.7,13,62.4,8.4,373,897.0,21,1024.44241738565,0,1002.6,43.50535185554435,8.20029136398846,19,,
2018,12,10,12,0,16.6,48,51.9,8.5,388,896.0,92,1055.986136023706,0,1002.1,42.82566689852837,9.132154028187331,25,,
2018,12,10,13,0,16.4,68,53.6,8.9,326,892.0,93,1034.4875598387416,0,1001.7,40.890939333633526,9.769410048338896,34,,
2018,12,10,14,0,16.2,82,76.1,9.3,175,887.0,0,964.4735560276424,0,1001.2,42.91317589385477,10.25449753282653,45,,
2018,12,10,15,0,15.8,92,55,9.7,238,864.0,8,837.6877701595193,0,1000.8,44.61714634411891,9.584998065334398,57,,
2018,12,10,16,0,15.3,101,11.7,10,148,816.0000000000001,161,663.2298674939368,0,1000.4,41.34782583670472,8.639898818061578,68,,
2018,12,10,17,0,14.8,110,7.2,10.4,64,728.0,86,452.7430705083786,0,1000,41.09354163830312,8.873953670287486,79,,
2018,12,10,18,0,14.2,120,0,10.6,10,535.0,9,223.09410246648048,0,999.7,43.67264256734853,8.607571383520126,89,,
2018,12,10,19,0,13.6,130,0,10.6,0,165.0,0,28.86034937491714,0,999.5,52.22203015421678,8.586722941133388,98,,
2018,12,10,20,0,12.9,142,5.3,10.7,0,0.0,0,0.0,0,999.4,68.53380838912557,8.616755719404138,106,,
2018,12,10,21,0,12.6,155,34.1,10.8,0,0.0,0,0.0,0,998.8,91.5191032811524,8.16864242220194,112,,
2018,12,10,22,0,12.7,169,22.9,11.1,0,0.0,0,0.0,0,997.9,147.79967476034892,7.925574456492863,115,,
2018,12,10,23,0,12.8,-175,0,11.4,0,0.0,0,0.0,0,997,190.26223854613093,8.10450397310872,116,,
2018,12,11,0,0,12.7,-160,0,11.4,0,0.0,0,0.0,0,996.3,193.11566392556148,6.851331478560761,114,,
2018,12,11,1,0,12.5,-146,0,11.1,0,0.0,0,0.0,0,995.8,186.80747235966268,5.649693292757993,109,,
2018,12,11,2,0,12.3,-134,0,10.8,0,0.0,0,0.0,0,995.3,196.42152144821085,4.665155209282703,101,,
2018,12,11,3,0,12.2,-124,0,10.7,2,0.0,1,0.0,0,995,207.65427972101864,4.405347704657761,92,,
2018,12,11,4,0,12.2,-114,43,10.7,36,1.0,6,1.0,0,994.9,215.1357648443932,4.312961622769241,83,,
2018,12,11,5,0,12.2,-105,52.4,10.7,64,81.0,50,43.72219426964607,0,994.8,213.71885026579264,3.639340235396539,72,,
2018,12,11,6,0,12.4,-96,72.6,10.5,131,176.0,1,153.16852813552578,0,994.8,204.12098311944257,2.921337598451144,61,,
2018,12,11,7,0,12.7,-86,13.4,9.9,286,250.0,282,293.32681868884185,0,994.8,156.5935147370708,4.161280842681376,49,,
2018,12,11,8,0,13.1,-74,11.1,9.4,275,412.0,472,484.9385097885323,0,994.7,185.3053170129984,4.317077819226212,38,,
2018,12,11,9,0,13,-57,16.9,8.7,329,645.0,474,712.4592059928505,0,994.9,203.14468562521253,4.293299099097585,28,,
2018,12,11,10,0,12.7,-28,15,7.9,345,767.0,538,880.5734258308051,0,995.3,219.27541959578744,4.503333618605007,20,,
2018,12,11,11,0,12.3,13,21.4,7,271,829.0000000000001,554,987.04162844693,0,995.7,234.9731156612268,5.160482028146324,19,,
2018,12,11,12,0,11.9,48,28.9,6.7,446,904.0,262,1059.980283374603,0,996.1,239.6344073588657,5.8113804477337005,25,,
2018,12,11,13,0,11.5,68,41.1,6.8,345,877.0,178,1026.233884664864,0,996.6,241.34322793772208,5.785313451512721,34,,
2018,12,11,14,0,11.1,82,38.8,6.9,210,778.0,239,902.8380301466927,0,997.1,245.89072811121616,5.108997721843842,45,,
2018,12,11,15,0,10.7,92,48.3,7,222,703.0000000000001,78,754.0304299631855,0,997.8,253.2285589012889,5.066334490830372,56,,
2018,12,11,16,0,10.3,102,5.8,6.9,107,740.0,220,629.2697705019141,0,998.7,260.85849004211724,4.874410055606499,68,,
2018,12,11,17,0,9.8,110,23.7,6.8,78,565.0000000000001,39,394.2098052828477,0,999.6,260.24417837850024,4.058693386172947,78,,
2018,12,11,18,0,9.5,120,0.6,6.3,13,380.0,5,184.4743842135098,0,1000.3,255.90356171350777,3.494386053448223,89,,
2018,12,11,19,0,9.2,130,0,5.5,0,105.0,0,22.972796197914334,0,1001,236.42924931130707,3.1214819083110377,98,,
2018,12,11,20,0,8.9,142,0,4.7,0,0.0,0,0.0,0,1001.6,231.8507878962537,3.3330085367670845,106,,
2018,12,11,21,0,8.9,155,0,4.5,0,0.0,0,0.0,0,1002,221.92835161118103,3.621183639118472,112,,
2018,12,11,22,0,9.1,169,0,4.9,0,0.0,0,0.0,0,1002.1,208.90028725152263,4.560649470414849,115,,
2018,12,11,23,0,9.3,-175,0,5.3,0,0.0,0,0.0,0,1002.1,197.65702633836028,5.618192919652554,116,,
2018,12,12,0,0,9.3,-160,0,5.4,0,0.0,0,0.0,0,1002.3,194.3862600405661,5.64124941870029,114,,
2018,12,12,1,0,9.3,-147,0,5.3,0,0.0,0,0.0,0,1002.5,180.3067327944861,5.700521141204431,108,,
2018,12,12,2,0,9.3,-134,0,5.3,0,0.0,0,0.0,0,1002.8,169.7309801825054,5.866928176126854,101,,
2018,12,12,3,0,9.4,-124,0,5.2,2,0.0,0,0.0,0,1003.2,169.13741222304452,5.089981709599186,92,,
2018,12,12,4,0,9.7,-114,7.4,5.2,45,1.0,31,1.0,0,1003.9,158.04389159349034,6.011183111905796,83,,
2018,12,12,5,0,9.9,-105,6.4,5.2,106,86.0,144,43.98968781909962,0,1004.6,155.845573576084,6.985377881888339,72,,
2018,12,12,6,0,10.6,-96,29.1,5,135,300.0,222,182.03416746383877,0,1005.1,161.79120038608687,6.102718434266895,61,,
2018,12,12,7,0,11.7,-86,16.8,4.8,282,595.0,277,397.5917284398084,0,1005.4,175.19694141554533,6.3068150377773415,49,,
2018,12,12,8,0,12.8,-74,26.9,4.6,399,816.0000000000001,217,634.7842615820979,0,1005.7,194.9095266684419,6.503623429297973,38,,
2018,12,12,9,0,13.3,-57,24.9,4.3,406,865.0,315,808.5650125576229,0,1006,203.26688165062671,7.181178277523217,28,,
2018,12,12,10,0,13.4,-29,24.2,4.1,454,800.0,330,922.2645321102392,0,1006.2,214.05756596930303,7.812143317663438,20,,
2018,12,12,11,0,13.4,13,17.6,3.9,381,799.0,482,999.5174463692572,0,1006.4,225.7284349964969,8.500469566446007,19,,
2018,12,12,12,0,13.4,48,24.3,3.9,468,798.0,288,1029.6965014722273,0,1006.6,225.12247260399792,9.206910402446008,24,,
2018,12,12,13,0,13.4,68,49.9,4,414,724.0,34,968.217233513162,0,1006.7,222.1943752718819,7.924917524642667,34,,
2018,12,12,14,0,13.4,82,16.7,4.2,297,606.0,321,836.1170089752969,0,1006.7,220.8301567336267,8.141021210003348,45,,
2018,12,12,15,0,13.3,92,34.8,4.4,250,544.0,124,694.3840576269129,0,1006.9,218.9710312888273,8.325030773695925,56,,
2018,12,12,16,0,13,102,52.7,4.7,158,534.0,5,551.5510876068217,0,1007.1,219.81996142862133,8.214303819269166,67,,
2018,12,12,17,0,12.7,110,38.1,5,85,469.0,9,370.9619391397918,0,1007.3,219.8750340850748,8.302335016575006,78,,
2018,12,12,18,0,12.1,120,57.7,5.2,10,218.0,0,146.1395930822038,0,1007.5,214.90039501515523,9.01758289068508,89,,
2018,12,12,19,0,11.2,130,49.1,5.4,0,47.0,0,17.017433114300005,0,1007.8,212.62040463133872,8.520249694587145,98,,
2018,12,12,20,0,10.4,142,43.9,5.6,0,0.0,0,0.0,0,1008,193.76221034954915,8.171104453174946,106,,
2018,12,12,21,0,10,155,63.7,5.7,0,0.0,0,0.0,0,1008,178.6709030224622,8.851990924241239,112,,
2018,12,12,22,0,10.2,169,44.8,5.8,0,0.0,0,0.0,0,1007.7,167.74668388628754,8.558498035559051,115,,
2018,12,12,23,0,10.4,-175,41.6,5.8,0,0.0,0,0.0,0,1007.4,156.3698235284703,8.022262030264168,116,,
2018,12,13,0,0,10.6,-160,32.4,5.8,0,0.0,0,0.0,0,1007.2,153.13574538315447,8.530475445054844,113,,
2018,12,13,1,0,10.8,-147,45.2,5.9,0,0.0,0,0.0,0,1007.1,159.68970192754205,8.51422170923176,108,,
2018,12,13,2,0,10.9,-135,41,5.9,0,0.0,0,0.0,0,1006.9,159.97621695473038,9.107943011710168,101,,
2018,12,13,3,0,11.2,-124,43.8,6.1,1,0.0,0,0.0,0,1006.9,158.95772611877464,9.488704029650812,92,,
2018,12,13,4,0,11.7,-114,47.5,6.4,48,0.0,0,0.0,0,1007.1,161.35496728518854,9.559314633565736,83,,
2018,12,13,5,0,12.3,-105,43.9,6.7,153,6.0,0,19.34582491210066,0,1007.2,166.15708137599654,9.739672699516593,72,,
2018,12,13,6,0,13.1,-96,46.9,6.8,205,15.0,52,72.49324798356231,0,1007.2,168.53720330352132,10.031883543573077,61,,
2018,12,13,7,0,14.3,-86,41.1,6.8,349,15.0,57,124.18181670602304,0,1006.9,157.74959237004634,9.354780572415809,49,,
2018,12,13,8,0,15.4,-75,47,6.8,413,9.0,36,144.23108804318832,0,1006.7,153.51622700000553,9.312992294151456,38,,
2018,12,13,9,0,16,-58,57.5,6.8,378,15.0,38,224.92734733811483,0,1006.4,151.97326673104408,8.920097053666982,28,,
2018,12,13,10,0,16.1,-29,22.1,6.7,443,14.0,366,293.8132957792289,0,1006.1,164.73559220116215,9.641407287241508,20,,
2018,12,13,11,0,16.1,12,33.7,6.6,582,11.0,113,291.1124022850569,0,1005.8,173.8877923458042,11.152755756417134,19,,
2018,12,13,12,0,16.1,48,29.5,6.8,540,15.0,159,337.2477321854972,0,1005.5,175.42719676304944,10.975121174732088,24,,
2018,12,13,13,0,16.2,68,23.5,7.1,442,20.0,241,351.666926439726,0,1005.1,176.07334503649463,10.802458066274044,34,,
2018,12,13,14,0,16.2,82,22.6,7.4,376,19.0,197,305.5477025580473,0,1004.7,179.4717560075427,11.360346098034212,45,,
2018,12,13,15,0,15.8,92,39.2,7.8,305,10.0,37,197.66867625455305,0,1004.6,181.52392630768355,11.60371353296551,56,,
2018,12,13,16,0,15.2,102,44.3,8.2,186,8.0,13,136.02610918565378,0,1004.7,184.5083770419424,10.594303783357194,67,,
2018,12,13,17,0,14.6,110,51.1,8.6,70,5.0,2,73.32304091187743,0,1004.8,175.50692836832377,9.754587035889214,78,,
2018,12,13,18,0,13.6,120,3.8,8.8,15,4.0,4,31.14879330801721,0,1004.9,167.06926146051524,9.66751916629952,88,,
2018,12,13,19,0,12.3,130,0,8.6,0,1.0,0,3.108935405606802,0,1005.2,179.376465677272,10.54408141261466,98,,
2018,12,13,20,0,11,142,0,8.5,0,0.0,0,0.0,0,1005.5,175.68284158534016,10.472340807775945,106,,
2018,12,13,21,0,10.3,155,0,8.4,0,0.0,0,0.0,0,1005.5,168.00126553115035,9.319828759531724,112,,
2018,12,13,22,0,10.2,169,0,8.2,0,0.0,0,0.0,0,1005.2,153.53387897507696,8.663029398436402,115,,
2018,12,13,23,0,10.1,-176,0,8,0,0.0,0,0.0,0,1004.9,145.7779850178901,10.407645335313209,116,,
2018,12,14,0,0,9.9,-161,0,7.7,0,0.0,0,0.0,0,1004.7,143.96392149717536,11.8141416413081,113,,
2018,12,14,1,0,9.7,-147,0.1,7.4,0,0.0,0,0.0,0,1004.7,142.04788469605796,11.261383782048478,108,,
2018,12,14,2,0,9.4,-135,1.6,7.1,0,0.0,0,0.0,0,1004.7,144.7897165804579,11.403807077997785,101,,
2018,12,14,3,0,9.8,-124,6.1,7.3,2,0.0,0,0.0,0,1005,144.853364001515,11.747500501248288,93,,
2018,12,14,4,0,10.8,-114,7.8,8.1,45,0.0,40,0.0,0,1005.5,147.50284426584068,11.611338065666905,83,,
2018,12,14,5,0,11.8,-105,23.3,8.8,155,15.0,50,31.85729454193286,0,1005.9,148.753838795751,11.54443183056365,72,,
2018,12,14,6,0,13.2,-96,24.7,9.2,272,65.0,88,133.09435380312695,0,1006.2,147.23093093689215,11.62257898664887,61,,
2018,12,14,7,0,15,-87,24.2,9.3,355,31.0,157,182.75321300124315,0,1006.3,149.6053888090408,11.528279935127069,50,,
2018,12,14,8,0,16.8,-75,2,9.4,148,47.0,673,294.285450845383,0,1006.5,150.80952430352113,11.219521482713224,38,,
2018,12,14,9,0,17.8,-58,1.6,9.4,141,72.0,805,421.4112285024247,0,1006.4,153.71666863875646,11.369254738989111,28,,
2018,12,14,10,0,18.1,-29,10.6,9.4,323,94.0,599,508.286473427285,0,1006.3,155.7782637960995,11.356996127125,20,,
2018,12,14,11,0,18.4,12,3.8,9.3,184,65.0,821,497.7525792564292,0,1006.1,159.21622207736368,11.545760324176875,19,,
2018,12,14,12,0,18.6,47,0,9.5,92,46.0,909,457.70721222229525,0,1006,162.7362293236606,11.06719567701034,24,,
2018,12,14,13,0,18.6,68,0,10,84,54.0,816,459.4375648056094,0,1005.8,162.56004677894134,10.75027685585144,34,,
2018,12,14,14,0,18.7,82,0,10.4,78,74.0,674,450.5273234509182,0,1005.7,164.315477451976,10.068506266783173,45,,
2018,12,14,15,0,18.4,92,0,10.8,71,94.0,499,402.2182227895712,0,1005.7,169.30906938809642,9.82558000966173,56,,
2018,12,14,16,0,17.7,102,0,11.2,60,79.0,309,289.7682759944412,0,1005.9,171.1292168819839,9.139842627535288,67,,
2018,12,14,17,0,17,110,2.1,11.6,47,67.0,122,182.25920716627093,0,1006,177.82220731132077,6.848696675880629,78,,
2018,12,14,18,0,16.1,120,2.1,11.6,13,50.0,9,85.46443750165938,0,1006.3,175.80057356349766,4.877597275902367,88,,
2018,12,14,19,0,15,130,0,11.3,0,22.0,0,13.443003448562836,0,1006.6,151.89874461283023,11.240609183471344,98,,
2018,12,14,20,0,13.9,141,0,10.9,0,0.0,0,0.0,0,1007,150.3303922916923,11.75529915697502,106,,
2018,12,14,21,0,13.2,155,0,10.9,0,0.0,0,0.0,0,1007.1,144.8893005209676,11.72232189419834,112,,
2018,12,14,22,0,12.9,169,0,11.1,0,0.0,0,0.0,0,1006.9,143.28690802154318,11.63266075142901,115,,
2018,12,14,23,0,12.7,-176,0,11.3,0,0.0,0,0.0,0,1006.8,144.5866128215166,11.395332151349203,116,,
2018,12,15,0,0,12.4,-161,0,11.3,0,0.0,0,0.0,0,1006.7,143.57513175984425,11.541998552320148,113,,
2018,12,15,1,0,12.2,-147,14.5,11.1,0,0.0,0,0.0,0,1006.7,141.82091744150546,12.401723679788851,108,,
2018,12,15,2,0,11.9,-135,40.5,11,0,0.0,0,0.0,0,1006.7,139.8632039599546,12.160924748131348,101,,
2018,12,15,3,0,12.3,-124,14,11.2,1,0.0,0,0.0,0,1006.9,139.9654298576412,12.224306216475249,93,,
2018,12,15,4,0,13.3,-114,16.9,11.7,51,1.0,29,1.0,0,1007.3,143.76462265585678,12.098739957323469,83,,
2018,12,15,5,0,14.2,-105,70.8,12.2,79,19.0,2,33.074770164279784,0,1007.7,144.3325933645417,12.396724246036165,72,,
2018,12,15,6,0,15.7,-96,40.7,12.6,155,26.0,119,96.01798389392222,0,1007.9,145.26663919559854,12.272203224325338,61,,
2018,12,15,7,0,17.6,-87,75.4,12.6,171,44.0,0,193.0654595043762,0,1008,144.34293094767548,12.48946794510142,50,,
2018,12,15,8,0,19.4,-75,48.8,12.7,375,77.0,62,324.64251638337856,0,1008.2,144.85005268113463,11.994612920072226,38,,
2018,12,15,9,0,20.3,-58,2.7,12.5,146,54.0,798,371.274708558814,0,1008.2,142.23253890516798,12.437072909512665,28,,
2018,12,15,10,0,20.2,-30,0,11.9,101,31.0,937,377.1354870868146,0,1008.2,143.70095674297704,11.811133098736338,20,,
2018,12,15,11,0,20,12,0,11.3,103,17.0,947,336.62605846180406,0,1008.1,148.049694698365,11.468323182523456,18,,
2018,12,15,12,0,19.9,47,0,11.1,103,13.0,900,311.3554401541357,0,1007.9,148.6452310260512,12.650994917038652,24,,
2018,12,15,13,0,20,68,0,11.3,100,27.0,801,382.2360446890028,0,1007.6,149.67955695002524,12.097358288542935,34,,
2018,12,15,14,0,20,82,0,11.4,94,18.0,658,293.71412781190577,0,1007.2,152.1487358018843,11.71271942863392,45,,
2018,12,15,15,0,19.6,92,0,11.8,87,9.0,481,187.92680591794817,0,1007.2,153.48749851907485,11.309180592017304,56,,
2018,12,15,16,0,18.9,102,0,12.4,73,6.0,293,113.78985644020564,0,1007.5,157.43609071766912,11.36482663364738,67,,
2018,12,15,17,0,18.1,110,3.3,13,57,4.0,108,63.87378224165931,0,1007.7,160.0401018938487,11.534663659108563,78,,
2018,12,15,18,0,17.2,120,2.7,13.3,15,3.0,6,27.87394137205226,0,1008.1,162.316369670624,11.157329680719627,88,,
2018,12,15,19,0,16.1,130,0,13.2,0,1.0,0,4.113082806431332,0,1008.6,171.63462730464164,11.09904600717736,98,,
2018,12,15,20,0,15,141,0,13.1,0,0.0,0,0.0,0,1009,166.66867316704975,10.963901885662317,105,,
2018,12,15,21,0,14.2,155,0,12.9,0,0.0,0,0.0,0,1009.2,170.04293177168984,10.807067578608416,111,,
2018,12,15,22,0,13.7,169,0,12.6,0,0.0,0,0.0,0,1009.2,171.787982858207,10.287861753247178,115,,
2018,12,15,23,0,13.1,-176,0,12.2,0,0.0,0,0.0,0,1009.1,171.17752595274783,9.67180699153525,116,,
2018,12,16,0,0,12.8,-161,0,12,0,0.0,0,0.0,0,1009.1,171.03580134196045,8.628583778582959,113,,
2018,12,16,1,0,12.7,-147,0,12,0,0.0,0,0.0,0,1009.1,178.77178532280095,9.111956758881336,108,,
2018,12,16,2,0,12.5,-135,0,11.9,0,0.0,0,0.0,0,1009.2,178.95884426481712,8.639365802918126,101,,
2018,12,16,3,0,13.1,-124,0,12.2,2,0.0,1,0.0,0,1009.4,169.39744152721482,7.438520297422343,93,,
2018,12,16,4,0,14.2,-115,40.9,12.9,44,0.0,2,1.0,0,1009.7,147.495963341841,6.565584643066073,83,,
2018,12,16,5,0,15.3,-106,43.4,13.6,155,21.0,6,35.173479703397305,0,1010.1,142.59206219857873,5.06457877159567,72,,
2018,12,16,6,0,16.8,-97,46.4,14.1,249,67.0,13,132.4504931721118,0,1010.3,154.14943822506348,3.791237951851305,61,,
2018,12,16,7,0,18.4,-87,25.1,14.4,336,141.0,169,277.76433317970265,0,1010.3,171.3389270966643,5.074468640289096,50,,
2018,12,16,8,0,20.1,-75,10.8,14.6,280,298.0,467,482.5203104464922,0,1010.3,190.0034307435753,4.096952488833477,38,,
2018,12,16,9,0,21,-58,14.6,14.4,373,375.0,448,647.4816743690533,0,1010.2,158.61571866600775,3.4000919568024224,28,,
2018,12,16,10,0,21,-30,13.9,13.6,356,554.0,533,793.8163879121498,0,1009.9,272.8553219685681,4.043349877420864,20,,
2018,12,16,11,0,21.1,12,0.5,12.8,133,623.0,907,897.560742872685,0,1009.6,301.5007385010847,2.9441185613197463,18,,
2018,12,16,12,0,21.1,47,0,12.5,123,659.0,876,942.4678288473672,0,1009.4,344.3032146053099,2.272238766014893,24,,
2018,12,16,13,0,21.1,68,0,12.5,121,662.0,775,924.1449277649608,0,1009.1,41.24099209367188,1.9117128859267505,34,,
2018,12,16,14,0,21,82,0,12.5,113,612.0,635,829.8756911567349,0,1008.9,273.6356290440658,3.723068886910858,44,,
2018,12,16,15,0,20.6,92,0,12.9,94,426.0,474,623.4311467357952,0,1008.8,285.98283387454967,6.620673282742168,56,,
2018,12,16,16,0,19.8,101,0,13.5,77,264.0,290,410.1796222182087,0,1008.9,316.70017039707506,7.604918430130433,67,,
2018,12,16,17,0,19,110,1.8,14.1,56,139.0,112,221.36857563129317,0,1009,326.9955567703425,5.585117658726442,78,,
2018,12,16,18,0,18.2,120,2.6,14.5,16,70.0,6,90.5290377345616,0,1009.1,330.3798568871151,4.03371239649667,88,,
2018,12,16,19,0,17.4,130,0,14.7,0,18.0,0,12.070815015939942,0,1009,34.88670631518755,4.156688982504191,97,,
2018,12,16,20,0,16.5,141,0,14.8,0,0.0,0,0.0,0,1009,30.87711574069345,5.316210998941026,105,,
2018,12,16,21,0,16,154,0,14.9,0,0.0,0,0.0,0,1008.8,22.919241321227503,5.240362250395426,111,,
2018,12,16,22,0,15.8,169,0,14.8,0,0.0,0,0.0,0,1008.3,35.46117557694981,4.421160475083624,115,,
2018,12,16,23,0,15.6,-176,0,14.7,0,0.0,0,0.0,0,1007.8,35.662173100036,3.970706307353158,116,,
2018,12,17,0,0,15.6,-161,0,14.7,0,0.0,0,0.0,0,1007.4,31.194831575833746,4.952103789317637,113,,
2018,12,17,1,0,15.5,-147,0,14.8,0,0.0,0,0.0,0,1007.1,25.77374375314196,4.2296071394750605,108,,
2018,12,17,2,0,15.5,-135,0,14.8,0,0.0,0,0.0,0,1006.8,23.287707442440933,4.5549218001389455,101,,
2018,12,17,3,0,15.8,-124,0,14.9,2,0.0,1,0.0,0,1006.7,28.507052307506,5.970171145073856,93,,
2018,12,17,4,0,16.3,-115,54.2,15,29,2.0,2,1.0000000000000002,0,1006.8,11.800163551733364,6.480209244216669,83,,
2018,12,17,5,0,16.8,-106,59.7,15.2,113,90.0,0,46.95840075553877,0,1006.9,3.2457497143837486,7.274364314048084,72,,
2018,12,17,6,0,18,-97,42.7,15.2,271,235.0,3,172.96825600872876,0,1006.9,3.69624306310817,7.138628732783132,61,,
2018,12,17,7,0,19.8,-87,13.6,15.2,252,390.0,329,347.3880874832571,0,1006.8,5.608762685778572,6.314900782085852,50,,
2018,12,17,8,0,21.7,-75,14.7,15.2,305,604.0,404,568.1152515738173,0,1006.6,358.46383728099386,6.238326013412822,39,,
2018,12,17,9,0,22.6,-59,0.3,15.1,114,691.0000000000001,839,745.5690978086742,0,1006.3,21.362357859056544,5.756588488721469,28,,
2018,12,17,10,0,22.5,-30,0.2,15,117,708.0,907,869.2207367668832,0,1005.8,29.08444046828424,6.420707879665503,20,,
2018,12,17,11,0,22.4,11,0,14.8,115,636.0,924,906.3857009453708,0,1005.4,34.45649611746171,6.909791038613525,18,,
2018,12,17,12,0,22.3,47,0.3,14.8,118,729.0,874,983.1358072009998,0,1004.9,46.19159550392959,8.37608941308936,24,,
2018,12,17,13,0,22.3,68,2.1,14.8,147,757.0,730,978.4130393839508,0,1004.5,66.68857462980174,10.011077029781696,33,,
2018,12,17,14,0,22.3,82,11.4,14.9,263,748.0,397,906.4317210454918,0,1004.1,69.02012569646325,10.541878227264604,44,,
2018,12,17,15,0,21.9,92,9.3,15.1,191,717.0,322,779.694843513568,0,1003.9,74.50252145609323,10.149532106377976,56,,
2018,12,17,16,0,21.1,101,3.9,15.5,103,608.0,249,584.9689154502645,0,1004,77.531138037152,9.440690524427255,67,,
2018,12,17,17,0,20.3,110,2.7,15.8,58,467.0,110,370.4472776021637,0,1004.1,77.37760482752554,9.61369704456002,78,,
2018,12,17,18,0,19.4,120,3.3,16,17,317.0,7,176.56626390708686,0,1004.1,81.4709303719215,9.787934782521797,88,,
2018,12,17,19,0,18.4,130,0,15.9,0,100.0,0,25.69313467675537,0,1004.1,87.07230335332105,9.789388594862402,97,,
2018,12,17,20,0,17.4,141,0,15.9,0,0.0,0,0.0,0,1004.2,82.73982447555625,9.396626311431254,105,,
2018,12,17,21,0,16.7,154,0,15.7,0,0.0,0,0.0,0,1003.9,91.98994161044618,8.19097481948066,111,,
2018,12,17,22,0,16.3,169,0.2,15.5,0,0.0,0,0.0,0,1003.4,110.3453716185407,6.380214377160356,115,,
2018,12,17,23,0,15.8,-176,33.7,15.2,0,0.0,0,0.0,0,1002.9,142.17887699896687,4.100076751455803,116,,
2018,12,18,0,0,15.5,-161,35.2,14.9,0,0.0,0,0.0,0,1002.6,169.3527584049516,5.108458387183178,113,,
2018,12,18,1,0,15.2,-147,26.7,14.8,0,0.0,0,0.0,0,1002.5,156.30080198621386,4.4395835310197365,108,,
2018,12,18,2,0,15,-135,34,14.6,0,0.0,0,0.0,0,1002.3,145.985876082686,2.717681696800119,101,,
2018,12,18,3,0,15.2,-124,42.2,14.6,1,0.0,0,0.0,0,1002.5,138.38442250792508,2.78096942343598,93,,
2018,12,18,4,0,15.9,-115,24.6,14.8,46,1.0,19,1.0,0,1002.9,146.9446856966415,2.9277264147669992,83,,
2018,12,18,5,0,16.5,-106,29,15,124,28.0,71,33.51782439788396,0,1003.4,153.66705665263555,2.668236212218796,72,,
2018,12,18,6,0,17.9,-97,19.9,15.3,215,57.0,163,113.030501456594,0,1003.5,139.8530141406262,2.26097263290431,61,,
2018,12,18,7,0,19.8,-87,21.9,15.5,241,81.0,281,215.01670151405204,0,1003.2,170.18674351408072,2.8505456757585423,50,,
2018,12,18,8,0,21.7,-76,0.3,15.8,117,81.0,708,304.7376827956611,0,1002.9,167.84722862151648,3.974319372446206,39,,
2018,12,18,9,0,22.9,-59,0,15.6,118,106.0,831,418.8538370448293,0,1002.6,165.58824627887066,4.463201372609369,28,,
2018,12,18,10,0,23.4,-31,0,15,120,136.0,901,563.4512649296976,0,1002.3,168.67606619537924,4.702382431466926,20,,
2018,12,18,11,0,23.8,11,0,14.4,118,182.0,919,662.1856434514186,0,1002,192.1740802094297,4.396977597349823,18,,
2018,12,18,12,0,23.9,47,0.2,14.2,118,162.0,873,656.0502092058106,0,1001.6,220.7769474255793,4.025175211925333,24,,
2018,12,18,13,0,23.8,68,0.2,14.4,114,179.0,780,648.6021276853483,0,1001.3,258.031205508015,6.328994201493557,33,,
2018,12,18,14,0,23.7,82,2.2,14.6,136,104.0,597,501.08246316946895,0,1001,255.1507289347955,5.758728415157074,44,,
2018,12,18,15,0,23.2,92,0.1,15,91,103.0,478,416.6667463799524,0,1000.8,259.4746637826288,5.265848058849105,56,,
2018,12,18,16,0,22.4,101,0,15.6,74,50.0,296,252.81624797446617,0,1000.7,265.0661343504112,5.370730595189303,67,,
2018,12,18,17,0,21.5,110,6.3,16.2,61,38.0,106,153.00292199879237,0,1000.6,260.31375025320506,4.374868670263528,78,,
2018,12,18,18,0,20.3,120,4.5,16.3,18,29.0,5,71.61246514932343,0,1000.8,253.8774012222828,4.814349822199282,88,,
2018,12,18,19,0,18.8,130,0,16,0,8.0,0,8.94991440932278,0,1001.1,245.83667536494352,6.039413264304479,97,,
2018,12,18,20,0,17.2,141,0,15.8,0,0.0,0,0.0,0,1001.5,240.70620702899967,4.896404726759994,105,,
2018,12,18,21,0,16.3,154,0,15.5,0,0.0,0,0.0,0,1001.6,240.66411717464567,5.400281676698979,111,,
2018,12,18,22,0,16,169,0,15.3,0,0.0,0,0.0,0,1001.3,229.69586863505336,6.387300298036241,115,,
2018,12,18,23,0,15.8,-176,0,15.1,0,0.0,0,0.0,0,1001,218.60792166694912,6.904934412591572,116,,
2018,12,19,0,0,15.6,-161,0,15,0,0.0,0,0.0,0,1000.7,213.51021508750057,6.471376176229975,113,,
2018,12,19,1,0,15.6,-147,0,15,0,0.0,0,0.0,0,1000.1,211.05618571243923,5.787875430863462,108,,
2018,12,19,2,0,15.6,-135,0,15,0,0.0,0,0.0,0,999.6,208.4244533413172,5.353659721475502,101,,
2018,12,19,3,0,16,-124,0,15,1,0.0,0,0.0,0,999.3,201.66638271352844,5.040173548556305,93,,
2018,12,19,4,0,16.8,-115,6.2,15.1,44,0.0,37,0.0,0,999.1,189.74424986693555,4.347635226271695,83,,
2018,12,19,5,0,17.6,-106,0,15.3,72,13.0,191,28.69192816306302,0,998.9,175.147005775116,3.861254562580232,72,,
2018,12,19,6,0,19,-97,0,15.5,93,14.0,370,76.18450923102554,0,998.6,164.52418659982925,3.891331451499758,61,,
2018,12,19,7,0,20.9,-87,0.1,15.9,111,11.0,543,117.47101440597608,0,998.1,167.79273890964168,5.549053038537321,50,,
2018,12,19,8,0,22.8,-76,0.1,16.3,123,13.0,695,180.4871884966541,0,997.7,179.7323278323239,5.173640442522552,39,,
2018,12,19,9,0,23.9,-59,0,16.3,133,104.0,806,449.311401150725,0,997.1,192.1671272373696,4.333425821943441,28,,
2018,12,19,10,0,24.4,-31,0,15.9,138,582.0,873,831.4217355827648,0,996.4,207.89120990968465,4.439259925595738,20,,
2018,12,19,11,0,24.8,11,0.1,15.4,139,508.0,886,864.5011986889156,0,995.6,227.1880042978648,4.245908878797368,18,,
2018,12,19,12,0,25.2,47,0.2,15.2,131,524.0,851,897.3266663810302,0,994.9,238.1582693551025,4.475817899708739,24,,
2018,12,19,13,0,25.6,68,0,15.2,123,328.0,762,754.2667525861556,0,994.2,246.38353577247065,5.582274723282338,33,,
2018,12,19,14,0,26,82,0,15.1,116,190.0,623,582.5600743668119,0,993.6,238.6530107501064,5.139336357811096,44,,
2018,12,19,15,0,25.9,92,0,15.2,107,78.0,450,373.4219265081387,0,993.2,242.18751573914847,5.060412282563602,55,,
2018,12,19,16,0,25.2,101,4.4,15.5,113,37.0,231,221.5977826195108,0,993,257.5584170067391,4.1746980352330905,67,,
2018,12,19,17,0,24.5,110,27.8,15.7,81,22.0,43,121.4590168396812,0,992.8,259.7419201319246,2.8090613324791733,78,,
2018,12,19,18,0,23.6,120,38.2,15.8,12,19.0,0,59.67586701182059,0,993,255.4188794555527,2.2353250311147344,88,,
2018,12,19,19,0,22.7,130,22.7,15.9,0,8.0,0,8.96373970291556,0,993.5,231.1546000053972,2.883891753923812,97,,
2018,12,19,20,0,21.8,141,40,15.9,0,0.0,0,0.0,0,994,231.52218413956643,3.889226708139087,105,,
2018,12,19,21,0,21.5,154,38.4,15.3,0,0.0,0,0.0,0,993.9,221.5036035055434,4.631054446561584,111,,
2018,12,19,22,0,21.8,169,45.4,13.9,0,0.0,0,0.0,0,993.1,213.30424028667528,4.494785055403932,115,,
2018,12,19,23,0,22.1,-176,59.8,12.6,0,0.0,0,0.0,0,992.4,213.9954011545794,4.078715913719587,116,,
2018,12,20,0,0,22.3,-161,61.6,12,0,0.0,0,0.0,0,991.8,214.02202188189472,4.230811114912517,113,,
2018,12,20,1,0,22.4,-148,59.5,12,0,0.0,0,0.0,0,991.3,170.06755049454227,3.164867317603508,108,,
2018,12,20,2,0,22.5,-135,55.4,12.1,0,0.0,0,0.0,0,990.9,170.77688475035893,2.7783510444429766,101,,
2018,12,20,3,0,22.4,-125,67.4,12.6,0,0.0,0,0.0,0,990.7,170.7312795539665,2.613220305366519,93,,
2018,12,20,4,0,22.1,-115,75.6,13.4,16,0.0,0,0.0,0,990.6,166.3824532815063,2.746895880505876,83,,
2018,12,20,5,0,21.8,-106,81.2,14.3,49,14.0,0,27.730050203353223,0,990.5,159.64493319393125,2.6475007530153696,72,,
2018,12,20,6,0,22.1,-97,73,15,116,25.0,0,90.65580920109178,0,990.3,178.01699983661683,2.031978593882501,61,,
2018,12,20,7,0,23.1,-87,27,15.5,334,72.0,135,218.17551826183453,0,990.2,153.57238774713142,1.9116907645399783,50,,
2018,12,20,8,0,24.1,-76,29.1,16,482,160.0,83,388.9670305486023,0,990.1,202.9559454299311,1.059757564189217,39,,
2018,12,20,9,0,23.8,-59,57.6,16.2,346,368.0,40,623.1363099591746,0,990.4,254.29591813308605,0.923637257511045,28,,
2018,12,20,10,0,22.2,-31,27.9,16.1,436,552.0,268,806.819480674503,0,991.1,298.8518004048588,1.9428210255627705,20,,
2018,12,20,11,0,20.6,10,85.8,16,140,625.0,0,914.729386788801,0,991.8,292.8795749934213,3.3393897746332413,18,,
2018,12,20,12,0,19.2,47,92,15.6,76,594.0,0,924.9161319289678,0,992.4,315.6663290920884,3.562705653093889,24,,
2018,12,20,13,0,18.1,68,92.5,15,65,507.0,0,855.1647422554588,0,993,323.630176546052,3.6308511833439145,33,,
2018,12,20,14,0,17,82,86.5,14.5,100,431.0,0,743.1702595654151,0,993.6,307.65913161875176,1.347051623063915,44,,
2018,12,20,15,0,16.4,92,44.3,13.8,246,435.0,61,643.4585621131841,0,994.1,176.9194238198079,1.540067276971354,55,,
2018,12,20,16,0,16.2,101,18.8,13,176,351.0,131,470.3503952048005,0,994.6,168.1552847591331,4.852840851020425,67,,
2018,12,20,17,0,16,110,45.8,12.3,90,272.0,19,297.74254551009926,0,995.1,176.08713596080975,5.999825539635428,77,,
2018,12,20,18,0,15.7,119,43.3,11.8,14,175.0,0,138.5708819367007,0,995.7,161.08531399962567,5.504764124531632,88,,
2018,12,20,19,0,15.3,130,42,11.6,0,51.0,0,19.227820323678408,0,996.6,154.66252765505658,5.427641146786788,97,,
2018,12,20,20,0,14.9,141,42.8,11.3,0,0.0,0,0.0,0,997.5,152.04093287530054,6.072263161213039,105,,
2018,12,20,21,0,14.7,154,42.6,11.4,0,0.0,0,0.0,0,998.2,158.8437111860669,7.195425080320542,111,,
2018,12,20,22,0,14.6,168,23.2,11.7,0,0.0,0,0.0,0,998.8,164.98295292945,6.271554291322664,115,,
2018,12,20,23,0,14.5,-176,0,12,0,0.0,0,0.0,0,999.4,162.00212567016956,3.967322460762112,115,,
2018,12,21,0,0,14.2,-161,0,11.9,0,0.0,0,0.0,0,1000.2,148.9762783531637,2.6403929930120245,113,,
2018,12,21,1,0,13.8,-148,0,11.4,0,0.0,0,0.0,0,1001.3,155.6838883527189,2.9520710876002667,108,,
2018,12,21,2,0,13.4,-135,0,10.9,0,0.0,0,0.0,0,1002.4,130.79574064750165,2.114581006304082,101,,
2018,12,21,3,0,13.1,-125,0,10.4,1,0.0,0,0.0,0,1003.7,111.65006683373385,1.3559071164530514,93,,
2018,12,21,4,0,12.7,-115,9.9,9.8,49,0.0,29,1.0,0,1005.3,73.04611823917537,1.368049480642051,83,,
2018,12,21,5,0,12.3,-106,33.5,9.2,125,9.0,47,22.45875881744976,0,1006.8,81.42513572701262,0.2980089115948097,72,,
2018,12,21,6,0,12.8,-97,54.4,8.4,219,21.0,2,82.72308906031746,0,1008.1,143.86337423327132,1.1484338928996418,61,,
2018,12,21,7,0,14,-88,63.3,7.4,257,35.0,0,169.1362893569953,0,1009.1,123.99960819079718,2.055508409709796,50,,
2018,12,21,8,0,15.2,-76,25.6,6.4,382,41.0,264,253.51673588754943,0,1010.1,120.63464364307322,1.056936085231128,39,,
2018,12,21,9,0,15.8,-60,11.7,5.8,297,50.0,576,343.1091275788252,0,1010.8,216.0971429351348,0.6190992756703311,28,,
2018,12,21,10,0,15.9,-32,1.1,5.5,113,97.0,940,486.4334268398506,0,1011.3,237.8107015517209,1.3625028295225108,20,,
2018,12,21,11,0,16,10,0,5.3,89,101.0,992,535.675137548896,0,1011.8,248.1914226675948,3.261501081136372,18,,
2018,12,21,12,0,16.1,46,0,5.2,86,108.0,952,557.7105794289149,0,1012.2,265.7604273238507,4.227143090892509,24,,
2018,12,21,13,0,16.1,68,0,5.1,80,164.0,858,603.7637006798036,0,1012.5,292.9068346111588,4.94197529769283,33,,
2018,12,21,14,0,16.2,82,0,5,75,173.0,715,554.9237383584261,0,1012.8,293.62773485376965,5.362909030431205,44,,
2018,12,21,15,0,15.9,92,0,5.1,70,120.0,534,416.2211318271085,0,1013.2,307.93364204700447,6.546440715542918,55,,
2018,12,21,16,0,15.4,101,0,5.2,61,49.0,337,236.3852161310664,0,1013.7,314.38770200220324,8.254941764322293,66,,
2018,12,21,17,0,14.8,110,2,5.4,49,40.0,140,146.14055776742708,0,1014.2,318.6835173323656,8.214471279811557,77,,
2018,12,21,18,0,14,119,3.1,5.4,18,58.0,12,88.51631571726989,0,1014.7,322.0441652191063,6.464198118856804,88,,
2018,12,21,19,0,12.8,130,0,5.4,0,41.0,0,18.070780965047877,0,1015.2,357.34447912236726,3.909960456999415,97,,
2018,12,21,20,0,11.7,141,0,5.4,0,0.0,0,0.0,0,1015.7,122.2221279373232,4.850275492463375,105,,
2018,12,21,21,0,11.2,154,0,5.7,0,0.0,0,0.0,0,1016,140.0095914585147,7.5579350660100735,111,,
2018,12,21,22,0,11.3,168,0,6.2,0,0.0,0,0.0,0,1015.9,146.37880907828173,6.477646229704439,115,,
2018,12,21,23,0,11.5,-177,0,6.6,0,0.0,0,0.0,0,1015.9,148.43982201137158,5.731821728667724,115,,
2018,12,22,0,0,11.5,-162,0,7.1,0,0.0,0,0.0,0,1015.8,143.0278372073277,5.44400281220545,113,,
2018,12,22,1,0,11.3,-148,0,7.4,0,0.0,0,0.0,0,1015.7,133.0378184013691,3.367982651007769,108,,
2018,12,22,2,0,11.1,-136,0,7.8,0,0.0,0,0.0,0,1015.6,119.82804318734544,1.8568285807813607,101,,
2018,12,22,3,0,11.6,-125,0,8.3,1,0.0,0,0.0,0,1015.7,142.96665666105525,1.0612347867524534,93,,
2018,12,22,4,0,12.7,-115,55.5,9.1,20,4.0,3,1.0000000000000002,0,1016,124.20137829017068,1.1305716878321637,83,,
2018,12,22,5,0,13.7,-106,70.8,9.8,85,225.0,0,59.18413862748349,0,1016.3,123.48089036882176,1.020094500352768,72,,
2018,12,22,6,0,15,-97,49.5,10.1,218,528.0,31,228.0060727214244,0,1016.3,105.5664649706588,1.308240427172814,61,,
2018,12,22,7,0,16.6,-88,12.2,9.9,246,702.0000000000001,344,436.5499074653644,0,1016.2,47.996884379379935,0.6537940071421766,50,,
2018,12,22,8,0,18.2,-76,5.7,9.7,207,796.0,585,641.5459234557115,0,1016.2,41.36651169092272,0.5829466719013702,39,,
2018,12,22,9,0,19,-60,2.6,9.6,171,840.0,767,815.7302382693774,0,1015.9,24.39506634434491,0.7814372410508744,28,,
2018,12,22,10,0,18.9,-32,6.2,9.6,255,924.0,717,956.9895055293338,0,1015.6,258.6200523516494,0.7052716863922632,20,,
2018,12,22,11,0,18.8,10,2.8,9.5,188,944.0,834,1049.7762150670385,0,1015.2,260.6238469348128,3.069078901344368,18,,
2018,12,22,12,0,18.7,46,2.9,9.6,178,934.0,803,1078.2013607354606,0,1014.8,269.6113573127569,5.614875264501976,23,,
2018,12,22,13,0,18.7,68,7.5,9.8,254,918.0,586,1053.0045768163272,0,1014.4,282.4148029975371,6.734125792103115,33,,
2018,12,22,14,0,18.6,82,9.6,10.1,231,865.0,460,957.2236877664374,0,1013.9,291.8358724473874,7.084985671207257,44,,
2018,12,22,15,0,18.3,92,15.7,10.4,265,666.0,218,742.0592832823986,0,1013.7,294.96245950368694,7.280987178168516,55,,
2018,12,22,16,0,17.7,101,5.1,10.8,130,522.0,221,536.0173503859296,0,1013.6,292.1875692662032,7.14372046089907,66,,
2018,12,22,17,0,17.2,110,10.3,11.2,90,549.0,67,398.5014192782394,0,1013.5,288.23524078482626,6.423415516690677,77,,
2018,12,22,18,0,16.6,119,5.2,11.5,21,398.0,2,198.80472636526588,0,1013.6,279.42439865291243,4.790489606443294,88,,
2018,12,22,19,0,16,129,0,11.6,0,162.0,0,34.27529541200911,0,1013.7,285.40436239926,3.082668117771239,97,,
2018,12,22,20,0,15.4,141,0,11.8,0,0.0,0,0.0,0,1013.8,14.566798568539582,3.504245261098288,105,,
2018,12,22,21,0,14.9,154,0,11.8,0,0.0,0,0.0,0,1013.6,48.12809203398126,8.494312294290786,111,,
2018,12,22,22,0,14.6,168,0,11.6,0,0.0,0,0.0,0,1013.1,47.98457029283975,7.148436332660851,115,,
2018,12,22,23,0,14.4,-177,0,11.4,0,0.0,0,0.0,0,1012.7,54.447735706428034,6.019902331123908,115,,
2018,12,23,0,0,14.2,-162,0,11.2,0,0.0,0,0.0,0,1012.3,54.25965986140682,4.15627641597757,113,,
2018,12,23,1,0,14,-148,1.6,11.2,0,0.0,0,0.0,0,1011.9,36.02941944372191,2.513209848098184,109,,
2018,12,23,2,0,13.8,-136,9.9,11.2,0,0.0,0,0.0,0,1011.6,36.031998742953306,4.89163634473879,102,,
2018,12,23,3,0,14,-125,10.5,11.1,1,0.0,0,0.0,0,1011.5,32.49103161077778,6.002531257787916,93,,
2018,12,23,4,0,14.5,-115,18.8,11.2,50,3.0,22,1.0000000000000002,0,1011.8,21.969419653194507,7.51389313409967,83,,
2018,12,23,5,0,15,-106,0,11.2,59,142.0,217,49.86578694301953,0,1012.1,14.989084376006986,7.687594905515557,72,,
2018,12,23,6,0,16,-97,10,11.1,158,329.0,273,185.0367059076312,0,1012.2,5.940643002315653,7.036568126673676,61,,
2018,12,23,7,0,17.6,-88,6.4,11,148,605.0,492,396.6131323562938,0,1012.1,4.914249341747279,7.697730278078082,50,,
2018,12,23,8,0,19.1,-76,3.6,10.8,145,727.0,675,598.0735477102743,0,1012,1.5188787956267902,7.460629138266301,39,,
2018,12,23,9,0,19.9,-60,0,10.4,91,795.0,886,773.378028594355,0,1011.8,351.40239142511865,7.202025637856709,29,,
2018,12,23,10,0,20,-32,0,9.7,94,869.0,958,922.1296001423276,0,1011.4,344.4128564718536,7.3531928935161,20,,
2018,12,23,11,0,20,9,0,9,95,913.0,974,1025.8996464168697,0,1011,337.06220322875083,8.437423317172247,18,,
2018,12,23,12,0,20,46,0,8.8,94,903.0,931,1053.6273710872497,0,1010.6,333.79666745156686,9.287182443614125,23,,
2018,12,23,13,0,20,68,0,9.2,92,890.0,834,1030.996243580116,0,1010.3,334.81957831055416,8.84706191199315,33,,
2018,12,23,14,0,20,82,0,9.7,87,888.0,690,966.016238231358,0,1010,333.5484164920928,9.151955935393804,44,,
2018,12,23,15,0,19.6,92,0,10.2,80,875.0,514,848.483110318966,0,1009.9,329.3682957664333,9.37764652408242,55,,
2018,12,23,16,0,19,101,0,10.9,68,820.0000000000001,322,674.273645325347,0,1010.1,343.8468134829152,9.31170569623059,66,,
2018,12,23,17,0,18.3,110,2,11.6,53,718.0,133,461.6090729320783,0,1010.2,347.84387892214176,8.740665777204727,77,,
2018,12,23,18,0,17.3,119,3.5,12,19,516.0,10,230.36728859148656,0,1010.4,344.9365697575327,8.525111613563766,87,,
2018,12,23,19,0,15.9,129,0,12.1,0,198.0,0,38.05651726197085,0,1010.7,342.3630704409135,7.439022405268356,97,,
2018,12,23,20,0,14.5,141,0,12.2,0,0.0,0,0.0,0,1011,343.44417696994486,7.837877761674369,105,,
2018,12,23,21,0,13.8,154,0,12.2,0,0.0,0,0.0,0,1011,351.31346680132384,7.526519148220458,111,,
2018,12,23,22,0,13.8,168,0,12.2,0,0.0,0,0.0,0,1010.8,1.253089792094329,6.29642767062705,115,,
2018,12,23,23,0,13.7,-177,0,12.2,0,0.0,0,0.0,0,1010.6,346.4130720655597,6.168979095757793,115,,
2018,12,24,0,0,13.7,-162,0,12.3,0,0.0,0,0.0,0,1010.3,343.8930853786979,6.887807854074116,113,,
2018,12,24,1,0,13.9,-148,0,12.5,0,0.0,0,0.0,0,1009.9,350.9381798132106,7.28081339644519,109,,
2018,12,24,2,0,14.1,-136,0,12.6,0,0.0,0,0.0,0,1009.5,357.0035426389646,7.248435677924712,102,,
2018,12,24,3,0,14.6,-125,0,12.8,1,0.0,0,0.0,0,1009.3,345.3962349517087,6.844920863842826,93,,
2018,12,24,4,0,15.4,-115,21.2,13.1,53,5.0,9,1.0000000000000002,0,1009.4,347.89098598600907,6.852665428550191,83,,
2018,12,24,5,0,16.2,-106,27.9,13.4,119,218.0,89,54.22534800742414,0,1009.4,349.2787591121087,6.589390303246545,73,,
2018,12,24,6,0,17.4,-97,8.6,13.6,137,581.0,306,224.05814118889344,0,1009.3,350.19562479368346,5.647422588547345,62,,
2018,12,24,7,0,19.1,-88,0,13.7,84,811.0,595,447.96022780261694,0,1009.1,337.5158898930453,3.6222682805186848,50,,
2018,12,24,8,0,20.7,-76,1.4,13.9,112,889.0,725,652.3029502028041,0,1008.9,332.2154994415128,3.9401060668712136,39,,
2018,12,24,9,0,21.5,-60,0,13.6,92,934.0,885,830.3392517120612,0,1008.5,320.0162176331535,4.009924415829714,29,,
2018,12,24,10,0,21.4,-33,0,13.1,94,956.0,958,968.1740652789669,0,1008,293.53619535619714,4.624464596868862,20,,
2018,12,24,11,0,21.3,9,0,12.5,94,967.0,975,1057.8811623890497,0,1007.5,291.8994529450176,5.351760175632111,18,,
2018,12,24,12,0,21.3,46,0,12.2,93,965.0,934,1092.4364943267592,0,1006.9,295.53046536596275,6.137631460751425,23,,
2018,12,24,13,0,21.2,68,0,12.2,90,952.0,840,1069.3918445978666,0,1006.4,292.41218307131345,5.626670827672913,33,,
2018,12,24,14,0,21.2,81,0,12.3,85,925.0,698,989.1160201906764,0,1005.8,299.7731663449917,5.704690028712209,44,,
2018,12,24,15,0,20.8,92,0,12.5,78,884.0,522,855.3031630512494,0,1005.4,305.7304736448955,6.28356669295757,55,,
2018,12,24,16,0,20,101,0,12.8,66,816.0000000000001,330,673.6477354363914,0,1005.2,307.73236155892454,6.546200615101299,66,,
2018,12,24,17,0,19.3,110,0.6,13.2,50,703.0000000000001,143,457.3120553033178,0,1004.9,305.7562170446627,6.041912802801611,77,,
2018,12,24,18,0,18.6,119,3.6,13.2,19,494.0,12,225.3326872009437,0,1004.6,303.78882263126485,5.460676730018871,87,,
2018,12,24,19,0,17.9,129,0,13,0,189.0,0,38.16396070914416,0,1004.3,324.87121940757294,5.94932875653639,97,,
2018,12,24,20,0,17.3,141,0,12.8,0,0.0,0,0.0,0,1004,327.19237673401085,5.909084008494596,105,,
2018,12,24,21,0,17,154,0,12.7,0,0.0,0,0.0,0,1003.5,336.9062111460493,6.800056090193711,111,,
2018,12,24,22,0,17.1,168,0,12.8,0,0.0,0,0.0,0,1002.9,335.9444498525655,6.211591626155769,115,,
2018,12,24,23,0,17.2,-177,0,13,0,0.0,0,0.0,0,1002.3,357.74144391707256,6.994202891320032,115,,
2018,12,25,0,0,17.3,-162,0,13.1,0,0.0,0,0.0,0,1001.7,0.1730180881851311,4.204120730756244,113,,
2018,12,25,1,0,17.5,-148,0,13.4,0,0.0,0,0.0,0,1001,20.269943285832767,7.845483633916418,109,,
2018,12,25,2,0,17.6,-136,0,13.6,0,0.0,0,0.0,0,1000.4,26.027538686918035,5.551545087216375,102,,
2018,12,25,3,0,18.1,-125,0,13.8,1,0.0,0,0.0,0,1000,355.89098286212135,1.9591374893671465,93,,
2018,12,25,4,0,18.8,-115,10.2,14,51,4.0,16,1.0000000000000002,0,999.8,331.1706510498622,3.4018506854546446,83,,
2018,12,25,5,0,19.5,-106,4.1,14.2,93,182.0,150,51.2579646313017,0,999.7,342.2724236283332,2.057412968854022,73,,
2018,12,25,6,0,20.7,-97,0,14,103,438.0,354,201.80793613559985,0,999.5,356.42811889559164,2.7431216917367847,62,,
2018,12,25,7,0,22.4,-88,0,13.3,113,623.0,543,397.84643197379705,0,999.2,48.3514290329137,3.632205855057264,50,,
2018,12,25,8,0,24.1,-76,0.1,12.7,118,744.0,707,599.6169645361852,0,999,49.82337290522855,3.6442510940797153,39,,
2018,12,25,9,0,24.8,-60,0.8,12.3,135,792.0,811,767.2818134836505,0,998.5,46.56869596297565,4.111599106364372,29,,
2018,12,25,10,0,24.5,-33,5.2,12.3,218,433.0,759,719.0138078619525,0,997.8,33.77645769104697,3.0537661848447404,20,,
2018,12,25,11,0,24.3,9,14.3,12.3,359,280.0,539,685.3486254350819,0,997.1,0.8527508065130291,2.313000315594022,18,,
2018,12,25,12,0,24.1,46,5.7,12.5,236,375.0,712,768.4437767912199,0,996.3,326.3416226143247,3.1830262222408376,23,,
2018,12,25,13,0,24.1,68,5.5,12.7,222,541.0,634,846.7985457756249,0,995.5,339.4935013484995,5.749591356766662,33,,
2018,12,25,14,0,24.1,81,1.2,13,141,734.0,608,890.4180482856439,0,994.7,344.43642353516924,6.109260148239589,44,,
2018,12,25,15,0,23.7,92,0.7,13.2,123,790.0,447,813.6868213921198,0,994,8.468336807282185,7.024337477513798,55,,
2018,12,25,16,0,22.9,101,20.1,13.3,184,762.0,120,654.6977305330644,0,993.4,27.45776759736873,7.477323156584932,66,,
2018,12,25,17,0,22.2,110,42.2,13.4,92,630.0,10,433.8596777740285,0,992.9,25.944343087872426,6.3091827212127605,77,,
2018,12,25,18,0,21.5,119,23.9,13.5,13,485.0,0,225.19863242835984,0,992.4,17.673532174714467,5.79807248561245,87,,
2018,12,25,19,0,20.9,129,0,13.5,0,211.0,0,41.23275173957654,0,992.1,213.2236869235583,2.262685684361428,97,,
2018,12,25,20,0,20.4,141,0,13.5,0,0.0,0,0.0,0,991.7,210.0504123354392,7.223369639492757,105,,
2018,12,25,21,0,19.9,154,0,13.6,0,0.0,0,0.0,0,991.4,191.6464248759437,6.962434387240305,111,,
2018,12,25,22,0,19.5,168,0,13.6,0,0.0,0,0.0,0,990.9,181.4679525234928,5.91820205883248,115,,
2018,12,25,23,0,19,-177,0,13.6,0,0.0,0,0.0,0,990.5,183.58253347945603,5.489487191745149,116,,
2018,12,26,0,0,18.3,-162,0,13.7,0,0.0,0,0.0,0,990.3,187.0942971073147,5.535050826593136,113,,
2018,12,26,1,0,17.3,-148,20.1,13.8,0,0.0,0,0.0,0,990.2,173.8471466510773,5.772019270171463,109,,
2018,12,26,2,0,16.3,-136,42.4,13.9,0,0.0,0,0.0,0,990.2,169.10328659905736,5.38418867682169,102,,
2018,12,26,3,0,15.4,-125,23,13.7,1,0.0,0,0.0,0,990.6,167.951115933168,5.17529171338009,93,,
2018,12,26,4,0,14.5,-115,78.2,13.3,6,4.0,0,1.0000000000000002,0,991.5,161.6331726437735,4.740254474812612,83,,
2018,12,26,5,0,13.6,-106,100,12.9,7,192.0,0,53.401419919798585,0,992.4,158.98063828504394,5.035505668880502,73,,
2018,12,26,6,0,13.1,-97,96.6,12.4,23,405.0,0,198.8797195757789,0,993.1,154.59610987005578,4.703587163985125,62,,
2018,12,26,7,0,13,-88,82.5,11.7,119,657.0,0,411.2534945084081,0,993.6,160.98255203825124,4.807049432797935,50,,
2018,12,26,8,0,12.8,-76,65.1,11,295,516.0,1,524.305532662916,0,994,181.26988793527096,4.549701415210392,39,,
2018,12,26,9,0,13.1,-60,31.6,10.3,397,619.0,256,702.3403910841981,0,994.6,198.99899117312424,4.917286656643321,29,,
2018,12,26,10,0,13.7,-33,11.3,9.6,274,530.0,644,766.5854716734304,0,995.3,211.23213640477044,4.487232666765958,20,,
2018,12,26,11,0,14.3,8,15.1,9,384,892.0,515,1024.0929302521972,0,996,229.3912949578541,4.299629500695412,18,,
2018,12,26,12,0,14.6,45,24.8,8.5,347,784.0,422,998.0170700929012,0,996.8,240.4187859175425,5.162664071170633,23,,
2018,12,26,13,0,14.7,67,21.3,8.1,273,872.0,454,1030.61229412908,0,997.7,248.2309033707852,5.627122738104812,33,,
2018,12,26,14,0,14.7,81,6.2,7.8,185,904.0,548,984.5878057118268,0,998.6,247.74894752347285,5.511231966644568,44,,
2018,12,26,15,0,14.4,92,14.5,7.4,167,850.0,341,844.2080736031966,0,999.6,254.62374875117385,5.185617128172885,55,,
2018,12,26,16,0,13.8,101,13.9,7,154,767.0,193,656.7157149959633,0,1000.8,258.3133171192045,4.74758780867782,66,,
2018,12,26,17,0,13.2,110,53.5,6.6,98,560.0,1,406.6403327755861,0,1001.9,251.14623846292812,3.7495145880927496,77,,
2018,12,26,18,0,12.6,119,22.1,6.2,15,47.0,3,77.51488939493174,0,1003.1,244.5360806959449,3.141884489544056,87,,
2018,12,26,19,0,11.8,129,19.3,5.8,0,14.0,0,10.822617990026185,0,1004.2,241.015675134192,2.242543288656183,97,,
2018,12,26,20,0,11.1,141,31.9,5.3,0,0.0,0,0.0,0,1005.3,197.4702642354232,2.081870525519064,105,,
2018,12,26,21,0,10.8,153,37.4,5.3,0,0.0,0,0.0,0,1006.1,184.56825483116845,2.6576127315306426,111,,
2018,12,26,22,0,10.8,168,23.3,5.8,0,0.0,0,0.0,0,1006.6,181.1388367558024,2.948092102698592,115,,
2018,12,26,23,0,10.9,-177,0,6.3,0,0.0,0,0.0,0,1007.1,188.8188977773941,2.8950656907134493,116,,
2018,12,27,0,0,10.9,-162,0,6.4,0,0.0,0,0.0,0,1007.6,191.98980645875443,2.001425622433388,114,,
2018,12,27,1,0,10.9,-148,0,6.3,0,0.0,0,0.0,0,1008,153.23435634770385,2.96269904405569,109,,
2018,12,27,2,0,10.8,-136,0,6.2,0,0.0,0,0.0,0,1008.3,138.55301971524125,3.0697997346911614,102,,
2018,12,27,3,0,11,-125,0,6.2,1,0.0,0,0.0,0,1009,134.27662631149917,2.5707175680606014,93,,
2018,12,27,4,0,11.5,-115,2.4,6.4,34,4.0,48,1.0000000000000002,0,1009.9,113.0681269562777,2.815722442024701,83,,
2018,12,27,5,0,12,-106,0,6.5,56,243.0,214,55.22046169949122,0,1010.7,151.1393763465744,3.1238306909636244,73,,
2018,12,27,6,0,12.8,-98,0,6.6,68,538.0,409,217.7527583382528,0,1011.4,130.12902173578232,2.98456347204922,62,,
2018,12,27,7,0,14,-88,17.1,6.5,210,490.0,347,365.2312485964122,0,1011.9,130.7414368695616,2.9664375534596106,50,,
2018,12,27,8,0,15.2,-77,8.3,6.4,206,665.0,570,575.6393631064626,0,1012.4,121.80628079281394,2.51714785903983,39,,
2018,12,27,9,0,15.9,-60,19.8,6.2,271,729.0,511,746.1316819502991,0,1012.8,137.13785640891177,2.18429821572535,29,,
2018,12,27,10,0,15.9,-33,21.8,5.9,427,806.0,392,911.22417382933,0,1013.1,188.82105767479047,1.4057876886616998,21,,
2018,12,27,11,0,16,8,60.9,5.6,409,661.0,8,916.3047003357694,0,1013.3,231.3983839127172,1.764428889809322,18,,
2018,12,27,12,0,16.1,45,28.7,5.5,481,381.0,250,784.9468986191667,0,1013.5,279.74288618969524,1.106535649462682,23,,
2018,12,27,13,0,16.1,67,9.5,5.6,255,531.0,586,853.5424733706279,0,1013.6,276.0588224958299,1.4109577004305718,33,,
2018,12,27,14,0,16.1,81,9,5.7,212,512.0,498,778.3958795620983,0,1013.7,264.1031054731215,3.787866187255304,43,,
2018,12,27,15,0,15.9,92,0,5.8,76,600.0000000000001,525,722.3011311771962,0,1013.9,270.7531477182511,3.677563809710636,55,,
2018,12,27,16,0,15.6,101,1,6,74,494.0,320,535.7518204668918,0,1014.3,293.7983234509543,3.062659512472315,66,,
2018,12,27,17,0,15.2,110,1.8,6.2,57,77.0,134,182.4346745898332,0,1014.7,285.5757193892705,2.364924617678917,77,,
2018,12,27,18,0,14.4,119,4.6,6.3,21,39.0,9,75.08781513830543,0,1015.1,222.30274518277363,1.8782616538604384,87,,
2018,12,27,19,0,13.2,129,41,6.5,0,5.0,0,6.656077668324775,0,1015.5,20.893315802025768,1.4417227420852905,97,,
2018,12,27,20,0,12,140,45.7,6.6,0,0.0,0,0.0,0,1015.8,340.11107708946975,1.7130144481205514,105,,
2018,12,27,21,0,11.5,153,45,7,0,0.0,0,0.0,0,1016,234.39666854309303,1.6346767314774244,111,,
2018,12,27,22,0,11.7,168,29.3,7.4,0,0.0,0,0.0,0,1015.9,89.4884195772861,5.085896088977991,115,,
2018,12,27,23,0,11.9,-177,0,7.9,0,0.0,0,0.0,0,1015.8,262.1173584430702,2.9978085401404098,116,,
2018,12,28,0,0,11.8,-162,0,8.2,0,0.0,0,0.0,0,1015.8,276.47371987513947,4.592761504287353,114,,
2018,12,28,1,0,11.6,-148,0,8.3,0,0.0,0,0.0,0,1015.7,282.1926991121052,5.326698291196909,109,,
2018,12,28,2,0,11.5,-136,0,8.3,0,0.0,0,0.0,0,1015.6,261.062565119928,4.008878584685749,102,,
2018,12,28,3,0,11.7,-125,0,8.5,1,0.0,0,0.0,0,1015.7,121.56511461670289,2.010613443366916,93,,
2018,12,28,4,0,12.3,-115,0.6,8.8,31,0.0,51,0.0,0,1016,82.63190173068608,2.5338622612871267,84,,
2018,12,28,5,0,12.9,-106,0,9.2,57,74.0,210,41.98088522251883,0,1016.3,347.36510221425266,1.0726053780135845,73,,
2018,12,28,6,0,14,-98,0,9.2,72,372.0,400,195.3260189256102,0,1016.4,287.95912532995027,1.83142029227608,62,,
2018,12,28,7,0,15.5,-88,0,9,83,617.0,587,404.17585004225816,0,1016.4,114.5201614304982,1.2912562574547022,51,,
2018,12,28,8,0,16.9,-77,0,8.8,92,745.0,748,611.5825375594991,0,1016.3,96.88691189921737,2.215201966181992,39,,
2018,12,28,9,0,17.9,-61,0,8.7,100,809.0,868,790.1750804274582,0,1016.2,7.246541837497375,1.2135505785089578,29,,
2018,12,28,10,0,18.2,-34,0,8.7,108,814.0,936,925.0088728023728,0,1016,322.3179233047872,5.583910605019036,21,,
2018,12,28,11,0,18.6,8,8.1,8.7,285,831.0000000000001,690,1014.1252576997148,0,1015.8,315.9854337731357,6.815715122982573,18,,
2018,12,28,12,0,18.7,45,0.9,8.9,138,843.0,870,1054.5648081092115,0,1015.6,332.3746123001556,7.652418762275564,23,,
2018,12,28,13,0,18.7,67,3.1,9.2,172,840.0,720,1035.6981867806562,0,1015.3,315.63130830771684,7.755685124664922,33,,
2018,12,28,14,0,18.7,81,0,9.5,108,709.0,667,897.3605960541298,0,1015,299.72299597351724,6.897191752776887,43,,
2018,12,28,15,0,18.3,92,3.7,9.9,137,85.0,434,375.5428431048611,0,1014.9,294.4022368331082,6.7987558897455465,55,,
2018,12,28,16,0,17.7,101,10.2,10.3,154,56.0,194,250.29750945346743,0,1014.8,301.5301380628956,7.569126587405026,66,,
2018,12,28,17,0,17,110,19.8,10.8,105,464.0,47,380.05174487699134,0,1014.8,311.7179649740607,6.866019578203256,77,,
2018,12,28,18,0,16.1,119,9.5,10.9,23,19.0,3,58.90850847875844,0,1014.8,307.37596293393074,5.959509802315357,87,,
2018,12,28,19,0,14.9,129,0,10.7,0,4.0,0,6.528597053779135,0,1014.8,325.5488920428232,4.70541302101541,97,,
2018,12,28,20,0,13.6,140,0,10.6,0,0.0,0,0.0,0,1014.7,309.41557165857074,4.1423203434429805,105,,
2018,12,28,21,0,12.9,153,0,10.5,0,0.0,0,0.0,0,1014.6,313.4002130941457,3.716348666149349,111,,
2018,12,28,22,0,12.5,168,0,10.6,0,0.0,0,0.0,0,1014.2,330.6098996440757,3.3450653127386656,115,,
2018,12,28,23,0,12.1,-177,0,10.6,0,0.0,0,0.0,0,1013.9,7.086625128931871,1.9433122178686848,116,,
2018,12,29,0,0,11.9,-162,0,10.6,0,0.0,0,0.0,0,1013.7,91.57150647605933,1.9585003088385284,114,,
2018,12,29,1,0,11.8,-148,0,10.6,0,0.0,0,0.0,0,1013.5,9.056775355458685,7.916073753506815,109,,
2018,12,29,2,0,11.6,-136,0,10.5,0,0.0,0,0.0,0,1013.4,11.1735043058668,6.595477099467014,102,,
2018,12,29,3,0,11.9,-125,0,10.5,1,0.0,0,0.0,0,1013.4,39.73126786744865,3.3745686025769395,93,,
2018,12,29,4,0,12.6,-116,0.6,10.6,31,0.0,49,0.0,0,1013.6,333.1696242386014,2.1219944876734966,84,,
2018,12,29,5,0,13.3,-106,0,10.7,58,2.0,207,10.07685613987722,0,1013.7,348.6182589396345,5.119228858580324,73,,
2018,12,29,6,0,14.5,-98,0,10.7,71,7.0,400,49.47877250201119,0,1013.7,351.08437382246086,9.300605733818308,62,,
2018,12,29,7,0,16.2,-88,0,10.7,80,76.0,590,212.68510685685743,0,1013.4,343.2543244245614,7.906582644404394,51,,
2018,12,29,8,0,17.9,-77,0,10.7,86,564.0,755,555.6665271807722,0,1013.2,2.48985726669099,7.985810667735128,40,,
2018,12,29,9,0,18.9,-61,0,10.7,90,600.0000000000001,879,711.1846973683666,0,1012.9,13.797040403816936,9.9423893140819,29,,
2018,12,29,10,0,19.2,-34,0,10.8,94,922.0,953,948.9167372433278,0,1012.5,13.68591701577418,9.655241861153817,21,,
2018,12,29,11,0,19.4,7,0.2,10.9,99,943.0,965,1043.7168694379266,0,1012.2,19.076546086672465,9.900649765154167,18,,
2018,12,29,12,0,19.6,44,0,11,90,957.0,938,1087.4670506987554,0,1011.8,20.81078389013976,8.580035266209087,23,,
2018,12,29,13,0,19.7,67,0,11.2,85,950.0,848,1068.983794376228,0,1011.5,8.890769760481419,8.244321031727086,32,,
2018,12,29,14,0,19.8,81,0,11.4,79,905.0,710,978.5523741603045,0,1011.2,12.189930655080786,7.924773474142358,43,,
2018,12,29,15,0,19.5,91,0,11.7,73,833.0,534,830.6433772857677,0,1010.9,11.87863673652032,7.404658573123916,55,,
2018,12,29,16,0,18.9,101,0,12.1,62,719.0,343,630.6311257917673,0,1010.7,13.382990018842976,7.769579504140352,66,,
2018,12,29,17,0,18.3,110,0.5,12.4,45,500.0,157,381.0591235940281,0,1010.5,12.030753407879445,7.1284950660326745,77,,
2018,12,29,18,0,17.3,119,4.7,12.5,20,229.0,14,150.42886117002848,0,1010.3,30.902292666840708,6.713235588189239,87,,
2018,12,29,19,0,15.9,129,0,12.3,0,81.0,0,23.7719300506398,0,1010.1,28.86928370176168,5.249286887011529,97,,
2018,12,29,20,0,14.5,140,0,12.1,0,0.0,0,0.0,0,1009.9,34.71553970504408,5.077416948693887,105,,
2018,12,29,21,0,13.6,153,0,11.9,0,0.0,0,0.0,0,1009.7,29.936034261612463,4.792473236560466,111,,
2018,12,29,22,0,13.3,167,0,11.8,0,0.0,0,0.0,0,1009.4,38.62283356003644,4.076761339279577,115,,
2018,12,29,23,0,12.9,-177,0,11.7,0,0.0,0,0.0,0,1009.1,53.26422421344285,1.4184120893334873,116,,
2018,12,30,0,0,12.6,-162,0,11.6,0,0.0,0,0.0,0,1008.8,284.7284875246784,1.0390236065691358,114,,
2018,12,30,1,0,12.4,-149,0,11.4,0,0.0,0,0.0,0,1008.5,301.8413150625836,1.861706546130344,109,,
2018,12,30,2,0,12.2,-136,0,11.2,0,0.0,0,0.0,0,1008.2,310.96801604922723,2.614791148818904,102,,
2018,12,30,3,0,12.6,-125,0,11.5,1,0.0,0,0.0,0,1008,326.7828078278958,2.584400480852819,94,,
2018,12,30,4,0,13.7,-116,9.4,12.2,42,3.0,31,1.0000000000000002,0,1008,15.468172959558672,1.5259758758250428,84,,
2018,12,30,5,0,14.7,-107,10.4,13,106,263.0,130,52.599404058094215,0,1008.1,136.25374789029752,1.0256884914275086,73,,
2018,12,30,6,0,16.1,-98,11.1,13.4,135,549.0,293,213.84489238997145,0,1008.1,127.33210675879424,1.7311110154974707,62,,
2018,12,30,7,0,18,-88,0.2,13.5,80,634.0,592,396.3821663901385,0,1008.1,110.74846351564702,2.5780915460438987,51,,
2018,12,30,8,0,19.8,-77,0.1,13.6,85,896.0,760,650.4687344249751,0,1008,114.24063235766334,0.6433989317545088,40,,
2018,12,30,9,0,20.8,-61,0.1,13.3,89,973.0,886,845.2727702032872,0,1007.8,344.6544143518386,2.034194719146409,29,,
2018,12,30,10,0,20.9,-34,0.8,12.5,108,1002.0,939,989.2734971004322,0,1007.4,346.62371428534857,3.1975848412013885,21,,
2018,12,30,11,0,21.1,7,0.1,11.7,91,1012.0,984,1081.8768005133234,0,1007,339.5093574471322,3.254237493573771,18,,
2018,12,30,12,0,21.3,44,0,11.5,87,1008.0,950,1117.4567337552476,0,1006.6,323.2953584154318,3.5381983108216537,23,,
2018,12,30,13,0,21.4,67,0,11.6,86,992.0,854,1094.3748709271654,0,1006.1,311.1949973937892,5.366748314314387,32,,
2018,12,30,14,0,21.5,81,0,11.8,83,964.0,711,1013.8949015451678,0,1005.6,325.6469473539683,5.009226660337722,43,,
2018,12,30,15,0,21.2,91,0,12.3,76,919.0,534,877.5445715191413,0,1005.3,350.68560376058184,4.57051578949923,55,,
2018,12,30,16,0,20.4,101,0,13,67,852.0,339,693.5960557359297,0,1005,19.921967617917232,5.27774737527802,66,,
2018,12,30,17,0,19.6,109,2.1,13.7,57,742.0,140,474.8205030992865,0,1004.7,32.26640165196517,6.061252922903887,77,,
2018,12,30,18,0,18.4,119,4.5,13.8,22,531.0,12,237.0805895813966,0,1004.6,35.50460523282533,6.342620941748717,87,,
2018,12,30,19,0,17,129,0,13.2,0,175.0,0,36.40219065098478,0,1004.9,34.122262263888274,6.714555220427226,96,,
2018,12,30,20,0,15.6,140,0,12.7,0,0.0,0,0.0,0,1005.1,47.42844310917832,6.6369855938232485,105,,
2018,12,30,21,0,15,153,0,12.3,0,0.0,0,0.0,0,1004.9,64.37053702161973,5.549966219421202,111,,
2018,12,30,22,0,15,167,0,12.1,0,0.0,0,0.0,0,1004.4,89.58031688216846,4.366328071280675,115,,
2018,12,30,23,0,15,-178,0,11.8,0,0.0,0,0.0,0,1003.9,140.10517619608186,3.973211769115453,116,,
2018,12,31,0,0,15.1,-163,0,11.7,0,0.0,0,0.0,0,1003.3,141.02820891683643,5.041673377192842,114,,
2018,12,31,1,0,15.1,-149,0,11.7,0,0.0,0,0.0,0,1002.8,146.00241570634364,5.992636040880832,109,,
2018,12,31,2,0,15.2,-136,0,11.7,0,0.0,0,0.0,0,1002.3,139.71413472649374,5.574895367260593,102,,
2018,12,31,3,0,15.7,-125,0,12.1,1,0.0,0,0.0,0,1002.1,149.51480837916966,5.559285386914121,94,,
2018,12,31,4,0,16.6,-116,18.9,12.7,42,0.0,9,0.0,0,1002.2,152.68854871077076,6.177116013344512,84,,
2018,12,31,5,0,17.6,-107,4.3,13.4,73,49.0,172,33.690482601198944,0,1002.4,152.82877749417446,5.985747416521968,73,,
2018,12,31,6,0,19.3,-98,0,14.1,91,321.0,367,176.46363892232847,0,1002.4,148.01285330399128,4.878397228604274,62,,
2018,12,31,7,0,21.7,-88,0,14.7,103,759.0,553,426.4086386493949,0,1002.3,151.90178250245305,3.325813180036728,51,,
2018,12,31,8,0,24.1,-77,0,15.2,109,713.0,721,583.7312520503167,0,1002.2,182.56334941958715,2.478309917405604,40,,
2018,12,31,9,0,25.4,-61,0,15.1,100,758.0,863,748.3351521971919,0,1002,197.18767399231683,1.610240259250933,29,,
2018,12,31,10,0,25.4,-34,0,14.3,101,929.0,940,949.4954973779126,0,1001.8,227.193075546558,2.1157920855943417,21,,
2018,12,31,11,0,25.4,7,0,13.5,102,960.0,957,1050.6364273856502,0,1001.5,254.7097771782796,2.516317615766004,18,,
2018,12,31,12,0,25.4,44,0.9,13,122,958.0,888,1086.5672234816238,0,1001.3,269.7954108792696,3.965601453117522,23,,
2018,12,31,13,0,25.4,66,1.9,12.9,135,945.0,772,1065.1592493069527,0,1001.2,282.3726117348702,4.827700414166983,32,,
2018,12,31,14,0,25.4,81,3.9,12.8,154,903.0,594,977.2671361932546,0,1001.1,298.9913759551279,4.791861638649697,43,,
2018,12,31,15,0,24.8,91,0,13.1,92,820.0000000000001,505,823.337710187071,0,1001.2,310.25579213520984,5.410225349287969,54,,
2018,12,31,16,0,23.7,100,2.5,13.8,101,782.0,281,660.6518579087758,0,1001.5,311.56093320108533,6.719775565187292,66,,
2018,12,31,17,0,22.6,109,0.8,14.5,63,682.0,125,452.0120776306324,0,1001.9,313.6455249708011,6.675185380640255,77,,
2018,12,31,18,0,21.4,119,18.2,14.7,19,463.0,13,218.16529961697455,0,1002.2,2.789923301986505,5.763178675978386,87,,
2018,12,31,19,0,20.2,129,43.9,14.4,0,156.0,0,33.961426795901275,0,1002.6,25.440085969656707,7.524268630279018,96,,
2018,12,31,20,0,18.9,140,40.8,14.1,0,0.0,0,0.0,0,1002.9,33.19805813506929,7.924812859362363,105,,
2018,12,31,21,0,18.1,153,45.2,14,0,0.0,0,0.0,0,1003.1,38.546510185452576,7.51991859924616,111,,
2018,12,31,22,0,17.6,167,23,14,0,0.0,0,0.0,0,1003,43.03622025545053,7.395473744600923,115,,
2018,12,31,23,0,17.2,-178,0,14.1,0,0.0,0,0.0,0,1002.9,40.62232721097007,6.925198155539269,116,,
