country,source,state,timezone,lat,lon,elevation,Temperature Units,Azimuth Units,Cloud Opacity Units,Dew Point Units,DHI Units,DNI Units,EBH Units,GHI Units,Snow Depth Units,Pressure Units,Wind Direction Units,Wind Speed Units,Zenith Units
Australia,BOM,Tas,10.0,-40.7,144.73,0,deg C,degree,%,deg C,W/m2,W/m2,W/m2,W/m2,cm,mbar,degree,m/s,degree
Year,Month,Day,Hour,Minute,Temperature,Azimuth,Cloud Opacity,Dew Point,DHI,DNI,EBH,GHI,Snow Depth,Pressure,Wind Direction,Wind Speed,Zenith,,
2018,1,1,0,0,13,-163,48.4,9.3,0,0.0,0,0.0,0,1001.6,9.071497577177183,7.531703824500801,114,,
2018,1,1,1,0,13.1,-149,69.2,9.6,0,0.0,0,0.0,0,1001.2,3.4678013879039327,7.910969769123649,109,,
2018,1,1,2,0,13.2,-136,80.9,10,0,0.0,0,0.0,0,1000.7,4.373156713838114,8.734413870245575,102,,
2018,1,1,3,0,13.4,-125,79.4,10.5,0,0.0,0,0.0,0,1000.8,4.708588244276939,9.136547884540107,94,,
2018,1,1,4,0,13.6,-116,86.8,11.1,6,0.0,0,0.0,0,1001.2,3.796626295177816,9.438927855065687,84,,
2018,1,1,5,0,13.8,-107,88.2,11.8,29,88.0,0,36.10102631284291,0,1001.7,357.5863929635722,8.904628194413005,73,,
2018,1,1,6,0,14.2,-98,82.3,12.5,78,196.0,0,153.92800241774708,0,1002.3,355.77948093992046,8.754453350028905,62,,
2018,1,1,7,0,14.8,-88,90.4,13.2,52,242.0,0,294.21198266425296,0,1003,0.7706205220897573,9.294053519884566,51,,
2018,1,1,8,0,15.4,-76,88.5,13.9,95,241.0,0,425.8494993109127,0,1003.7,357.663252373427,9.19734531448263,40,,
2018,1,1,9,0,15.9,-60,80.8,13.5,179,288.0,0,572.8549247434753,0,1004,352.7181254942273,9.368775911530742,30,,
2018,1,1,10,0,16.4,-33,59.9,12.3,405,217.0,7,607.7871229505525,0,1004.1,11.771197906027451,10.003587705045716,21,,
2018,1,1,11,0,16.9,6,25.9,10.9,426,150.0,353,603.9431231680871,0,1004.2,7.002292792878563,9.740867350931714,19,,
2018,1,1,12,0,17.1,42,5.9,9.7,228,146.0,734,617.5503219788988,0,1004.4,7.660691483780738,9.37690278452745,23,,
2018,1,1,13,0,17.2,65,7.9,8.6,236,241.0,628,690.610223125722,0,1004.7,17.32247521790623,9.865679920975284,32,,
2018,1,1,14,0,17.2,80,4.1,7.6,155,290.0,606,668.9671074632671,0,1005,18.9033055176605,10.417566970383811,43,,
2018,1,1,15,0,16.9,91,0,7,74,395.0,544,639.2606224566196,0,1005.3,19.015304818098173,10.358457593730046,54,,
2018,1,1,16,0,16.3,100,0.2,6.8,65,333.0,349,478.8867206375494,0,1005.7,17.907639722744705,10.905533124869114,66,,
2018,1,1,17,0,15.6,109,12.4,6.7,75,313.0,117,333.5637716764249,0,1006.1,18.27209488716511,11.761234434374751,77,,
2018,1,1,18,0,14.7,118,6.9,6.7,30,190.0,10,155.6834859259441,0,1006.5,23.21412922769992,10.520191003371806,87,,
2018,1,1,19,0,13.5,129,0.6,6.8,0,50.0,0,22.44058128277708,0,1006.9,25.17191547545923,9.992106854170755,96,,
2018,1,1,20,0,12.3,140,32.9,6.8,0,0.0,0,0.0,0,1007.3,27.548073374149737,8.6487854023526,104,,
2018,1,1,21,0,11.6,153,18.4,7,0,0.0,0,0.0,0,1007.4,25.74070835623285,7.771140521184776,111,,
2018,1,1,22,0,11.3,167,0.6,7.3,0,0.0,0,0.0,0,1007.2,23.259827144870545,7.438564961586619,115,,
2018,1,1,23,0,11,-178,33.5,7.6,0,0.0,0,0.0,0,1007,21.159315560374807,6.925928035757673,116,,
2018,1,2,0,0,10.9,-163,49.4,7.9,0,0.0,0,0.0,0,1006.8,23.477399892092933,6.745947857788408,114,,
2018,1,2,1,0,11,-149,41.5,8.2,0,0.0,0,0.0,0,1006.7,16.990823291986146,7.058073834269517,109,,
2018,1,2,2,0,11.1,-136,13.7,8.5,0,0.0,0,0.0,0,1006.6,13.073831212545317,6.631110994174592,102,,
2018,1,2,3,0,11.8,-126,0.7,9.1,1,0.0,0,0.0,0,1006.6,7.125016348901795,6.550584420492571,94,,
2018,1,2,4,0,12.9,-116,34.1,10,36,0.0,0,0.0,0,1006.8,6.34019174590992,6.791538853603062,84,,
2018,1,2,5,0,14.1,-107,62.1,10.9,84,13.0,0,19.136172998725467,0,1007.1,7.499777414231687,6.703833198038205,74,,
2018,1,2,6,0,15.5,-98,66.4,11.7,147,32.0,0,85.79195841205791,0,1007,6.009005957494537,7.16436494045355,62,,
2018,1,2,7,0,17.1,-88,49.3,12.4,326,64.0,3,193.18768366960248,0,1006.8,4.803485759069076,7.463714306563455,51,,
2018,1,2,8,0,18.7,-76,27.8,13.1,431,133.0,148,348.3938763865452,0,1006.5,10.689907495081512,7.63245759215008,40,,
2018,1,2,9,0,19.5,-60,23.1,13.4,492,146.0,211,461.0654429600328,0,1006.1,11.659292653522982,8.040911018037695,30,,
2018,1,2,10,0,19.8,-33,47.7,13.3,440,70.0,72,465.2551086677984,0,1005.5,6.693073630506831,8.579958971543462,22,,
2018,1,2,11,0,19.9,6,51.5,13.2,487,44.0,0,446.83334912541886,0,1005,6.197442875836373,9.263120058543674,19,,
2018,1,2,12,0,20.1,42,40.8,13.2,574,28.0,1,399.5546524070648,0,1004.4,11.804047431353638,10.387886136701365,23,,
2018,1,2,13,0,20.1,65,33.4,13.4,545,27.0,44,378.4938751335836,0,1003.7,6.94185373314923,11.376611199868732,32,,
2018,1,2,14,0,20.2,80,33.2,13.6,474,34.0,27,369.3651844473172,0,1003.1,8.216945403479713,11.959198860862935,43,,
2018,1,2,15,0,20,91,28.2,13.7,355,16.0,52,234.77586350028488,0,1002.5,12.856495833473502,12.73753754364111,54,,
2018,1,2,16,0,19.6,100,38.5,13.8,210,21.0,29,200.0041507052399,0,1001.9,18.067391165289507,13.370703151836285,66,,
2018,1,2,17,0,19.2,109,21.9,13.8,102,55.0,21,185.89646359941517,0,1001.3,22.2782177329251,13.848428286618551,77,,
2018,1,2,18,0,19.1,118,37.1,13.8,25,12.0,12,56.96602061505072,0,1000.9,24.36565571769773,13.587680919762256,87,,
2018,1,2,19,0,19.2,128,20.2,14,0,3.0,0,6.447809980971245,0,1000.6,24.223482529017417,13.914873586807616,96,,
2018,1,2,20,0,19.4,140,45,14.1,0,0.0,0,0.0,0,1000.4,29.553974580859347,14.65952741421306,104,,
2018,1,2,21,0,19.5,153,57.1,14.1,0,0.0,0,0.0,0,999.9,33.09046164741801,15.419031505233876,111,,
2018,1,2,22,0,19.7,167,18.1,14.1,0,0.0,0,0.0,0,999.2,41.55609726178881,15.705382479956494,115,,
2018,1,2,23,0,19.8,-178,0,14.1,0,0.0,0,0.0,0,998.5,42.65617936143696,13.71494771667553,116,,
2018,1,3,0,0,20,-163,0.6,13.9,0,0.0,0,0.0,0,998.1,41.33365802100394,11.989247126247102,114,,
2018,1,3,1,0,20.3,-149,29.8,13.5,0,0.0,0,0.0,0,997.8,37.79248234305237,10.810971810829088,109,,
2018,1,3,2,0,20.5,-137,16.7,13.1,0,0.0,0,0.0,0,997.5,36.472197002579264,10.235353990861524,102,,
2018,1,3,3,0,20.6,-126,1,13.1,0,0.0,0,0.0,0,997.8,35.817241971533406,9.969602452724796,94,,
2018,1,3,4,0,20.6,-116,50,13.5,17,0.0,0,0.0,0,998.4,37.81256159709704,9.414311249798295,84,,
2018,1,3,5,0,20.5,-107,48.1,13.8,138,54.0,2,31.452839047552803,0,999,39.75566188928485,9.1866496205091,74,,
2018,1,3,6,0,21.7,-98,23,14,250,78.0,88,118.93250957675096,0,999.3,42.82367567785025,8.5510078250288,63,,
2018,1,3,7,0,23.6,-88,7.5,14.1,203,87.0,383,221.32363569520152,0,999.4,38.93786349999908,7.2596108145803875,51,,
2018,1,3,8,0,25.6,-76,1,14.2,162,149.0,625,374.67688449271526,0,999.4,34.56456234058243,7.160678280511212,40,,
2018,1,3,9,0,26.3,-60,23.7,14,440,103.0,252,437.1184017871683,0,999.1,32.56811203970261,6.774505082313996,30,,
2018,1,3,10,0,26,-33,21.3,13.6,496,90.0,286,472.48687802875736,0,998.6,30.957288548744486,7.047059460613069,22,,
2018,1,3,11,0,25.5,6,4.6,13.1,291,231.0,671,675.8878699250447,0,998,22.969949037443826,7.422783541032091,19,,
2018,1,3,12,0,25.2,42,0.1,13,202,435.0,767,838.2676887177133,0,997.5,19.567613459048403,7.651103321776581,23,,
2018,1,3,13,0,24.9,65,4.1,13.1,248,603.0,591,916.1994632901444,0,996.9,17.563823502030516,8.69873583052323,32,,
2018,1,3,14,0,24.7,80,55.5,13.3,171,693.0000000000001,181,902.9478342722254,0,996.3,18.638525548401788,9.191276711500729,43,,
2018,1,3,15,0,23.9,91,93.3,13.5,50,544.0,0,719.5429409757944,0,996.1,22.034966657455925,9.553551426218482,54,,
2018,1,3,16,0,22.8,100,97.8,13.9,10,233.0,0,419.48795798442745,0,996.3,24.98318111622217,9.425102737484044,66,,
2018,1,3,17,0,21.6,109,85.7,14.2,14,171.0,0,261.8238207062673,0,996.5,25.3259288217526,9.49699349575798,77,,
2018,1,3,18,0,20.6,118,57.3,14.3,6,66.0,0,101.84593373450872,0,997.1,26.342975624384508,9.71845242759235,87,,
2018,1,3,19,0,19.7,128,69.2,14.1,0,27.0,0,17.03997896012329,0,998.1,26.11858107984898,9.65403618789558,96,,
2018,1,3,20,0,18.8,140,83,13.8,0,0.0,0,0.0,0,999,27.75308954451515,9.44188326292307,104,,
2018,1,3,21,0,18.1,153,82.6,13.5,0,0.0,0,0.0,0,999.5,26.11697027427806,8.376776435680323,111,,
2018,1,3,22,0,17.6,167,62.2,13,0,0.0,0,0.0,0,999.7,23.57470620191259,7.501041594338749,115,,
2018,1,3,23,0,17,-178,50.8,12.6,0,0.0,0,0.0,0,999.8,13.366930696316842,6.488270667134657,116,,
2018,1,4,0,0,16.4,-163,51,12.5,0,0.0,0,0.0,0,1000.1,3.3551793423189338,6.407467312411288,114,,
2018,1,4,1,0,15.7,-149,56.5,12.6,0,0.0,0,0.0,0,1000.6,353.90413845540417,6.47410708128928,109,,
2018,1,4,2,0,15.1,-137,53.6,12.8,0,0.0,0,0.0,0,1001.2,346.46402573880044,6.408727106485386,103,,
2018,1,4,3,0,14.7,-126,50.9,12.6,0,0.0,0,0.0,0,1002.1,339.7259755731995,7.152083675004118,94,,
2018,1,4,4,0,14.5,-116,62.8,12.2,23,0.0,3,0.0,0,1003.4,344.05460409907715,8.190123625440583,84,,
2018,1,4,5,0,14.3,-107,25,11.8,51,12.0,175,18.07499247776393,0,1004.7,348.3663660010596,8.678277478854891,74,,
2018,1,4,6,0,14.9,-98,1.9,11.1,84,26.0,372,78.58062261341802,0,1005.5,353.1731376615263,8.938374083131674,63,,
2018,1,4,7,0,16.1,-88,1,10.3,79,87.0,584,209.12136307399,0,1006.1,1.026701598535567,9.251485296158227,51,,
2018,1,4,8,0,17.4,-76,0,9.5,70,176.0,775,374.744724862158,0,1006.6,6.827100047104807,9.46383282800156,40,,
2018,1,4,9,0,17.9,-60,0,8.9,71,109.0,907,421.0644359052279,0,1007.1,6.581944655178006,9.8146892462268,30,,
2018,1,4,10,0,17.9,-34,0,8.4,72,34.0,987,354.71233140902734,0,1007.5,9.898259944152528,9.453215392129811,22,,
2018,1,4,11,0,17.9,5,0,8,72,51.0,1008,444.063567022458,0,1008,14.368911529314914,9.657829532012707,19,,
2018,1,4,12,0,18,41,0,7.6,72,153.0,971,627.8999906490227,0,1008.2,17.488015683281617,9.9831515026702,23,,
2018,1,4,13,0,18.1,65,0,7.4,70,200.0,880,656.7251429630115,0,1008.4,15.996786005906642,10.057674654848215,32,,
2018,1,4,14,0,18.2,80,0,7.1,66,146.0,741,546.3978906694865,0,1008.5,17.448977908563222,9.587923004412763,43,,
2018,1,4,15,0,18,90,0,7.2,60,118.0,565,434.2854378231523,0,1008.7,21.889752010993902,9.497221643963204,54,,
2018,1,4,16,0,17.4,100,0,7.6,53,122.0,368,339.4622189332126,0,1009,24.5193914068928,8.88551669532191,66,,
2018,1,4,17,0,16.9,109,0,8,40,89.0,175,209.22906640169444,0,1009.3,23.40980075001568,8.80935586140351,77,,
2018,1,4,18,0,15.8,118,0,8.4,12,58.0,39,97.22140988589145,0,1009.7,28.9797076979288,9.28792899412996,87,,
2018,1,4,19,0,14.5,128,0,8.8,0,20.0,0,14.997741259357625,0,1010.2,34.67031791098054,9.119219059217736,96,,
2018,1,4,20,0,13,140,0,9.2,0,0.0,0,0.0,0,1010.7,36.43911042883542,8.312734959085367,104,,
2018,1,4,21,0,12.5,152,1,9.5,0,0.0,0,0.0,0,1010.9,36.33607492848779,7.525863751395128,111,,
2018,1,4,22,0,12.7,167,51.6,9.6,0,0.0,0,0.0,0,1010.8,33.27653467996993,7.101999674351233,115,,
2018,1,4,23,0,12.9,-178,61.9,9.8,0,0.0,0,0.0,0,1010.7,34.992020198558635,6.866187533850208,116,,
2018,1,5,0,0,12.9,-163,51.9,9.9,0,0.0,0,0.0,0,1010.6,37.17858665045048,7.032914570760769,114,,
2018,1,5,1,0,12.7,-149,52,10,0,0.0,0,0.0,0,1010.6,31.607502246248885,6.678147666082265,109,,
2018,1,5,2,0,12.5,-137,52,10.2,0,0.0,0,0.0,0,1010.6,31.75948008481282,6.174544517614234,103,,
2018,1,5,3,0,12.6,-126,51.6,10.3,1,0.0,0,0.0,0,1010.8,28.54831765811315,5.40747048267204,94,,
2018,1,5,4,0,13,-116,53.8,10.5,37,0.0,0,0.0,0,1011.2,33.28212232553176,5.506446365942493,84,,
2018,1,5,5,0,13.4,-107,59.7,10.7,99,40.0,0,26.16279849913412,0,1011.6,41.03302695473428,4.88843573298255,74,,
2018,1,5,6,0,14.4,-98,71.9,10.8,122,136.0,2,131.6188976571765,0,1011.9,42.436229788535,3.612346268389029,63,,
2018,1,5,7,0,15.8,-88,44.8,10.8,295,360.0,92,319.9204184206589,0,1012.2,35.47743949670729,3.914192981791236,52,,
2018,1,5,8,0,17.3,-76,25.4,10.9,435,483.0,184,510.2250226387904,0,1012.5,35.09658586305363,4.022043412542391,40,,
2018,1,5,9,0,18.1,-60,35.2,10.9,541,476.0,75,648.9235070920232,0,1012.4,35.17820106933425,3.976195919924676,30,,
2018,1,5,10,0,18.4,-34,57.6,10.8,435,593.0,0,802.4493722321881,0,1012.2,22.6198649480404,3.25,22,,
2018,1,5,11,0,18.7,5,55.7,10.8,469,699.0000000000001,0,933.5649961881128,0,1011.9,4.699681937909702,3.0512744929773428,19,,
2018,1,5,12,0,18.9,41,57.7,10.8,434,814.0,0,1031.3136447175505,0,1011.8,352.07500771772,4.079735339325106,23,,
2018,1,5,13,0,19.1,64,56.7,10.9,396,807.0,2,1016.20763969169,0,1011.6,337.4964715002326,4.735586684878654,32,,
2018,1,5,14,0,19.2,79,35.5,11,394,773.0,101,936.3458530152668,0,1011.5,325.36601685773167,4.657012377801345,43,,
2018,1,5,15,0,19,90,13.3,11.2,235,702.0000000000001,279,793.0392704650053,0,1011.5,323.5872462549028,4.6327646455657305,54,,
2018,1,5,16,0,18.4,100,2.4,11.4,96,204.0,294,393.2804640391997,0,1011.7,314.04171644979283,3.4476277536700914,66,,
2018,1,5,17,0,17.9,109,0,11.7,50,26.0,153,130.22249548228805,0,1011.9,315.2229396511975,3.904308599594702,76,,
2018,1,5,18,0,16.9,118,0,11.8,15,26.0,32,69.6245726993993,0,1012.3,315.0,3.946746882687219,87,,
2018,1,5,19,0,15.6,128,0,11.7,0,36.0,0,18.401568443874247,0,1012.7,254.07660273351172,2.8823251906801577,96,,
2018,1,5,20,0,14.2,139,0,11.7,0,0.0,0,0.0,0,1013.2,241.8762646167112,4.110295761864346,105,,
2018,1,5,21,0,13.5,152,0,11.6,0,0.0,0,0.0,0,1013.3,232.3264066601696,6.238113697264582,111,,
2018,1,5,22,0,13.2,167,0,11.6,0,0.0,0,0.0,0,1013.2,229.435114445316,7.625959812790244,115,,
2018,1,5,23,0,13,-178,0,11.5,0,0.0,0,0.0,0,1013,228.15941987050087,9.650551954232236,116,,
2018,1,6,0,0,12.8,-163,0,11.5,0,0.0,0,0.0,0,1012.9,228.6279934734698,11.441945374232246,114,,
2018,1,6,1,0,12.6,-149,0,11.4,0,0.0,0,0.0,0,1012.7,221.34507601778577,12.90678144658511,110,,
2018,1,6,2,0,12.5,-137,0,11.3,0,0.0,0,0.0,0,1012.5,216.70836305148995,12.920119707203284,103,,
2018,1,6,3,0,12.9,-126,0.1,11.7,1,0.0,1,0.0,0,1012.6,209.93379423482165,13.197809614346,94,,
2018,1,6,4,0,13.8,-116,3.7,12.4,36,0.0,37,0.0,0,1012.9,208.2870322262657,14.566350397159932,85,,
2018,1,6,5,0,14.8,-107,2,13.1,65,33.0,176,23.06113479759265,0,1013.2,207.9699496673706,16.00940350901001,74,,
2018,1,6,6,0,16.2,-98,0.2,13.4,84,96.0,361,114.42518224882517,0,1013.5,207.965852254984,16.011559784568455,63,,
2018,1,6,7,0,17.9,-88,8.2,13.4,205,198.0,379,258.87353317669687,0,1013.7,201.91458572053165,16.479088003217576,52,,
2018,1,6,8,0,19.6,-76,29.4,13.4,429,194.0,138,376.4870906392641,0,1014,205.962479402772,16.86020801349406,41,,
2018,1,6,9,0,20.5,-60,14,13.1,255,312.0,570,556.6949577625836,0,1013.9,207.2289499772108,16.499533410049743,30,,
2018,1,6,10,0,20.6,-34,0,12.6,106,549.0,920,782.8088238291014,0,1013.6,213.5817805929668,15.94319009556664,22,,
2018,1,6,11,0,20.7,5,0,12.1,106,496.0,943,831.8675978236363,0,1013.4,216.02332326088447,15.489532570241606,19,,
2018,1,6,12,0,20.7,41,0,11.9,103,178.0,910,638.3095389963436,0,1013,215.0762326453936,14.546922517692732,24,,
2018,1,6,13,0,20.8,64,0,12.1,98,274.0,821,703.3372215707842,0,1012.7,213.9766602205476,13.022752163709056,32,,
2018,1,6,14,0,20.8,79,0,12.3,93,321.0,684,677.6381547800818,0,1012.3,219.6904132992124,6.096643396746466,43,,
2018,1,6,15,0,20.4,90,0,12.7,85,227.0,513,520.4427835000241,0,1012.1,264.95782521307007,4.450081926566777,54,,
2018,1,6,16,0,19.8,100,0,13.1,73,68.0,325,272.4433225961692,0,1012.2,357.1331290868681,6.882637446036023,66,,
2018,1,6,17,0,19,109,0,13.5,52,14.0,147,102.12372716204892,0,1012.2,47.91644113408546,6.334704282620868,76,,
2018,1,6,18,0,18.2,118,0,13.8,16,6.0,31,36.99157997244201,0,1012.2,25.4072643585638,8.353877978596786,87,,
2018,1,6,19,0,17.3,128,0,13.9,0,3.0,0,5.450292111940724,0,1012.3,29.1518175814922,15.429524156695724,96,,
2018,1,6,20,0,16.5,139,0,14,0,0.0,0,0.0,0,1012.4,28.740587890707047,13.477765990989882,105,,
2018,1,6,21,0,16,152,0,13.8,0,0.0,0,0.0,0,1012.1,35.70352442555355,12.21683794071117,111,,
2018,1,6,22,0,15.9,166,0,13.4,0,0.0,0,0.0,0,1011.5,41.718213740277406,12.086556954466287,115,,
2018,1,6,23,0,15.9,-178,0,13,0,0.0,0,0.0,0,1010.9,44.50087699135497,11.890410257172372,116,,
2018,1,7,0,0,15.9,-163,0,12.9,0,0.0,0,0.0,0,1010.4,51.413177762577845,12.661104081456326,114,,
2018,1,7,1,0,15.9,-149,0,13,0,0.0,0,0.0,0,1009.9,53.39897936795717,11.393436001307998,110,,
2018,1,7,2,0,15.9,-137,0,13,0,0.0,0,0.0,0,1009.5,45.98436062575559,11.184330243460504,103,,
2018,1,7,3,0,16.2,-126,0.6,13.4,1,0.0,0,0.0,0,1009.3,47.65844922271583,11.106416981804424,94,,
2018,1,7,4,0,16.5,-116,32.9,13.9,35,0.0,0,0.0,0,1009.3,49.09862797398682,10.724143453553088,85,,
2018,1,7,5,0,16.9,-107,53.5,14.4,105,205.0,0,34.000000000000014,0,1009.4,49.51929669803587,10.656652901603495,74,,
2018,1,7,6,0,17.8,-98,73.6,14.7,100,560.0,0,192.33853826969312,0,1009,47.87767756449563,9.411589064092102,63,,
2018,1,7,7,0,19.2,-88,79.8,15,130,736.0,0,402.89806808912346,0,1008.4,45.207741330554086,8.427504549395868,52,,
2018,1,7,8,0,20.6,-76,72.1,15.2,226,820.0000000000001,0,610.3479612208898,0,1007.8,46.85540983241958,7.768609503858938,41,,
2018,1,7,9,0,21.5,-60,57.4,15.3,389,865.0,11,793.7799896139695,0,1007,46.14600347485026,7.39727104119532,30,,
2018,1,7,10,0,22,-34,18.3,15.4,248,928.0,580,937.1078752171364,0,1006.1,43.084038431106535,7.017158599807594,22,,
2018,1,7,11,0,22.3,4,0,15.6,128,935.0,898,1032.2645883734926,0,1005.2,48.92600016111817,7.324591596141471,19,,
2018,1,7,12,0,22.6,40,0,15.8,128,927.0,860,1070.7762543344352,0,1004.4,51.66316399368452,8.39420616546455,24,,
2018,1,7,13,0,22.7,64,0,16,126,914.0,769,1055.323275517782,0,1003.8,48.95128747381381,8.755894831275672,32,,
2018,1,7,14,0,22.8,79,0.9,16.3,131,890.0,618,982.5706959816546,0,1003.2,45.10066330077814,8.646879667522796,43,,
2018,1,7,15,0,22.5,90,0.5,16.5,111,843.0,466,851.8492435363848,0,1002.7,41.00736319513493,8.253786262185285,54,,
2018,1,7,16,0,21.9,99,2.8,16.8,101,762.0,275,668.3589122830231,0,1002.3,38.03174325862148,8.014147646506146,66,,
2018,1,7,17,0,21.2,108,7.7,17,81,611.0,98,440.0178992447931,0,1001.9,47.92667897661454,8.053844337473334,76,,
2018,1,7,18,0,20.4,118,3.5,17.1,25,329.0,15,191.24426687784543,0,1001.7,52.46056612616837,7.488011251327017,87,,
2018,1,7,19,0,19.7,128,0,17.1,0,96.0,0,28.404564382527028,0,1001.6,54.93017844646215,7.865453720349707,96,,
2018,1,7,20,0,18.9,139,0,17,0,0.0,0,0.0,0,1001.6,58.76809045148303,6.870737314873856,105,,
2018,1,7,21,0,18.6,152,0,16.9,0,0.0,0,0.0,0,1001.2,45.69597225740881,6.026043952627141,111,,
2018,1,7,22,0,18.6,166,0,16.6,0,0.0,0,0.0,0,1000.4,34.73485953978627,5.703959699191431,115,,
2018,1,7,23,0,18.7,-178,0,16.3,0,0.0,0,0.0,0,999.6,41.18236115310475,5.538287421960415,116,,
2018,1,8,0,0,19,-163,0.9,16.3,0,0.0,0,0.0,0,998.9,41.499121973071055,5.314945611702373,114,,
2018,1,8,1,0,19.4,-149,44.8,16.5,0,0.0,0,0.0,0,998.2,36.12756447488624,5.830372154706391,110,,
2018,1,8,2,0,19.9,-137,55.3,16.7,0,0.0,0,0.0,0,997.5,26.894786175126228,6.3556480687218215,103,,
2018,1,8,3,0,20.3,-126,53.8,17,0,0.0,0,0.0,0,997.3,23.15477042498929,6.413083711533431,95,,
2018,1,8,4,0,20.6,-116,80.4,17.2,4,0.0,0,0.0,0,997.5,21.83156674421912,6.890676208444215,85,,
2018,1,8,5,0,20.9,-107,94.4,17.5,11,169.0,0,31.00000000000001,0,997.7,21.70037497634587,7.378635682233916,74,,
2018,1,8,6,0,20.6,-97,96.8,17.7,14,332.0,0,156.0351072573699,0,997.7,15.862765557914315,8.231682414990262,63,,
2018,1,8,7,0,19.9,-88,97.7,17.7,18,380.0,0,304.1872781010752,0,997.7,14.910941148358404,8.669112643609813,52,,
2018,1,8,8,0,19,-76,95,17.8,41,438.0,0,464.3974614197652,0,997.7,10.67941542979878,7.548965215980322,41,,
2018,1,8,9,0,18.6,-60,96.4,17.8,37,646.0,0,683.9285224472949,0,997.5,7.428784228608492,7.585151612011931,30,,
2018,1,8,10,0,18.5,-34,97.3,17.8,30,805.0,0,889.1195113276543,0,997.2,9.107417119196723,7.639521864376841,22,,
2018,1,8,11,0,18.5,4,97.4,17.8,30,831.0000000000001,0,989.6639316431916,0,996.9,8.984771946119963,8.14313005062365,20,,
2018,1,8,12,0,18.3,40,95.2,17.6,48,836.0,0,1033.0844305015914,0,996.7,9.605204155012927,8.240524861924754,24,,
2018,1,8,13,0,17.9,64,91.8,17.3,70,748.0,0,973.5009736976136,0,996.8,7.046687645392922,7.641951872867258,32,,
2018,1,8,14,0,17.6,79,88.8,17,81,691.0000000000001,0,883.7449305074523,0,996.8,10.64921965924492,7.440650593194119,43,,
2018,1,8,15,0,17.3,90,93.3,16.7,41,742.0,0,807.093863224194,0,997.1,18.375691651462205,7.46486304902956,54,,
2018,1,8,16,0,17,99,83.8,16.3,51,661.0,0,626.9035361957133,0,997.6,23.812033461518126,7.787950078562509,65,,
2018,1,8,17,0,16.6,108,76.7,16,42,489.0,0,396.9676041846824,0,998.1,27.1650888000201,7.892289701807155,76,,
2018,1,8,18,0,16.2,117,80,15.3,10,256.0,0,171.0103427353218,0,998.4,28.348908700124586,7.456773360815196,87,,
2018,1,8,19,0,15.6,128,78,14.5,0,81.0,0,26.141355697569857,0,998.7,28.58009274360484,7.0952778737883015,96,,
2018,1,8,20,0,14.9,139,89.8,13.7,0,0.0,0,0.0,0,998.9,27.6796841483652,6.634232192764278,105,,
2018,1,8,21,0,14.5,152,90.2,13.2,0,0.0,0,0.0,0,999,25.659076518265408,5.917803655656961,111,,
2018,1,8,22,0,14.3,166,63.6,13.1,0,0.0,0,0.0,0,999.1,19.09349200048564,5.158806184574102,115,,
2018,1,8,23,0,14.1,-179,18.4,13,0,0.0,0,0.0,0,999.1,13.877529803208006,5.472231034961883,116,,
2018,1,9,0,0,13.7,-163,0,12.6,0,0.0,0,0.0,0,999.2,10.653902599938476,6.42322446283796,115,,
2018,1,9,1,0,13.3,-149,0,12,0,0.0,0,0.0,0,999.4,3.140719218097786,6.844509069596,110,,
2018,1,9,2,0,12.9,-137,0,11.4,0,0.0,0,0.0,0,999.7,349.62640600659665,6.715480354849527,103,,
2018,1,9,3,0,12.8,-126,0,10.9,1,0.0,1,0.0,0,1000.1,338.0744395064085,7.02996326116781,95,,
2018,1,9,4,0,12.9,-116,0.9,10.6,26,0.0,47,0.0,0,1000.7,336.4923906676632,8.2024756837628,85,,
2018,1,9,5,0,13.1,-106,0.5,10.2,52,105.0,187,26.000000000000007,0,1001.2,333.7755982737648,9.384117734458709,75,,
2018,1,9,6,0,13.7,-97,0,9.6,66,99.0,378,111.13876422159753,0,1001.5,345.6361671950907,12.344886128737445,63,,
2018,1,9,7,0,14.7,-88,0,8.9,74,78.0,569,189.93084577245105,0,1001.6,32.65257376090472,13.361716798020405,52,,
2018,1,9,8,0,15.7,-76,0,8.1,80,51.0,738,243.59132336493903,0,1001.6,28.38063312516169,8.243197110790776,41,,
2018,1,9,9,0,16.6,-60,0,7.8,84,219.0,866,491.6976087283067,0,1001.5,24.54785938978938,11.085997118262004,31,,
2018,1,9,10,0,17.3,-34,0,7.7,86,753.0,947,847.8123622295444,0,1001.5,26.690871414613525,13.17569110386012,22,,
2018,1,9,11,0,18,4,0,7.6,85,827.0000000000001,973,970.0141151939096,0,1001.4,32.71373574957988,13.570795611718635,20,,
2018,1,9,12,0,18.4,40,0,7.7,82,815.0000000000001,941,1003.5240609543454,0,1001.2,38.9092350965052,13.601925590353396,24,,
2018,1,9,13,0,18.6,63,0,7.8,79,797.0,852,984.1956134892826,0,1001.1,40.86273667390532,14.49098363024923,32,,
2018,1,9,14,0,18.7,78,0,7.9,76,769.0,713,910.1354614124256,0,1000.9,45.589960952006095,14.351782953337365,43,,
2018,1,9,15,0,18.4,90,2.4,8.2,92,702.0000000000001,506,773.0525242263443,0,1001,49.87862222567935,14.387956572744445,54,,
2018,1,9,16,0,17.8,99,32.9,8.7,145,614.0,152,594.4876448655308,0,1001.3,56.51889804259156,14.240085670616654,65,,
2018,1,9,17,0,17.1,108,54.9,9.2,96,569.0000000000001,0,421.7076954371612,0,1001.6,59.53916184249715,13.56151345396083,76,,
2018,1,9,18,0,16.3,117,20.9,9.4,20,373.0,0,201.8343728405975,0,1002,63.64418125072473,13.185246173298625,87,,
2018,1,9,19,0,15.4,127,0,9.3,0,139.0,0,33.79910240679989,0,1002.5,65.6626975820152,11.77730075455088,96,,
2018,1,9,20,0,14.5,139,0,9.2,0,0.0,0,0.0,0,1002.9,72.61013864786037,10.874222872908897,105,,
2018,1,9,21,0,14.1,152,0,9.4,0,0.0,0,0.0,0,1003.1,83.6917373121077,10.063128297749689,111,,
2018,1,9,22,0,14.2,166,0,9.9,0,0.0,0,0.0,0,1003,91.2788747993274,8.401018422128708,115,,
2018,1,9,23,0,14.3,-179,0,10.4,0,0.0,0,0.0,0,1002.9,95.93214768615836,7.859224936112509,116,,
2018,1,10,0,0,14.3,-163,0,10.7,0,0.0,0,0.0,0,1002.9,82.40767617338258,8.368777130316587,115,,
2018,1,10,1,0,14.2,-149,0,11,0,0.0,0,0.0,0,1003,86.58019499906345,8.746287682356543,110,,
2018,1,10,2,0,14.1,-137,0,11.2,0,0.0,0,0.0,0,1003.1,84.01943274055213,8.212913391589748,103,,
2018,1,10,3,0,14.2,-126,0.9,11.5,0,0.0,0,0.0,0,1003.5,87.34863144823044,8.576319638297429,95,,
2018,1,10,4,0,14.6,-116,45.4,11.7,21,0.0,0,0.0,0,1004.1,88.97937643141313,9.443636919931317,85,,
2018,1,10,5,0,14.9,-106,59.9,12,98,385.0,0,25.000000000000025,0,1004.8,94.18527618607254,9.450250141173568,75,,
2018,1,10,6,0,15.6,-97,62.7,12.1,153,611.0,0,185.8894764195952,0,1005.1,102.36709621200124,8.415992568580489,64,,
2018,1,10,7,0,16.6,-88,67,12.2,207,761.0,0,390.737304912311,0,1005.1,120.67264620764456,6.732704331526596,52,,
2018,1,10,8,0,17.5,-76,63.8,12.3,291,838.0,0,594.9350696096578,0,1005.2,149.1408161070426,5.230464339877628,41,,
2018,1,10,9,0,18.2,-60,60.8,12.2,366,841.0,0,759.2943754253937,0,1005.1,184.86119089654,6.156667482191541,31,,
2018,1,10,10,0,18.6,-34,53.9,12.1,468,618.0,1,807.7943934657974,0,1005.1,217.5400441762456,10.904505639364212,23,,
2018,1,10,11,0,19,4,38.3,11.9,565,485.0,77,818.5205295712169,0,1005,230.20696775147388,9.570069306066832,20,,
2018,1,10,12,0,19.2,39,22.9,11.8,489,416.0,284,808.8814158047903,0,1004.9,237.3217524603849,8.761864496414308,24,,
2018,1,10,13,0,19.4,63,6.7,11.6,225,364.0,623,760.3968005962529,0,1004.9,245.33046538860071,8.39082896306147,32,,
2018,1,10,14,0,19.6,78,5.3,11.4,179,211.0,556,590.1882670775223,0,1004.8,243.9556259724777,6.980576222451087,43,,
2018,1,10,15,0,19.3,89,26.4,11.5,286,127.0,162,428.4796585305367,0,1005,231.4932981417005,7.034364349682548,54,,
2018,1,10,16,0,18.7,99,13.3,11.8,169,75.0,153,278.1356463463411,0,1005.3,218.9403402557128,9.48500074053788,66,,
2018,1,10,17,0,18.1,108,0,12.2,61,60.0,132,174.5447094144545,0,1005.6,212.20647060334784,9.187593385001234,76,,
2018,1,10,18,0,17.2,117,0,12.3,18,63.0,26,94.9046964605153,0,1006.2,204.8193953011281,9.13958382178616,87,,
2018,1,10,19,0,16.2,127,0,12.2,0,31.0,0,16.627325040817414,0,1007.1,201.8590994613316,10.53608500085912,96,,
2018,1,10,20,0,15.2,139,0,12.1,0,0.0,0,0.0,0,1007.9,203.603620205156,10.013006835186934,105,,
2018,1,10,21,0,14.6,152,0,12,0,0.0,0,0.0,0,1008.2,199.8887451358468,10.866647354513006,111,,
2018,1,10,22,0,14.2,166,0,11.8,0,0.0,0,0.0,0,1008.2,199.0856831351376,10.48220594115131,115,,
2018,1,10,23,0,13.8,-179,0,11.7,0,0.0,0,0.0,0,1008.1,204.92043655689963,10.758521184800506,117,,
2018,1,11,0,0,13.5,-164,0,11.5,0,0.0,0,0.0,0,1008.1,209.2552969549215,11.996165383117912,115,,
2018,1,11,1,0,13.2,-149,0,11.3,0,0.0,0,0.0,0,1008.2,202.93455784422,12.904360055516191,110,,
2018,1,11,2,0,12.9,-137,0,11.1,0,0.0,0,0.0,0,1008.3,201.89205763007493,14.041096741074163,104,,
2018,1,11,3,0,13.1,-126,0,11.1,1,0.0,1,0.0,0,1008.6,198.36360795192144,14.695106413641884,95,,
2018,1,11,4,0,13.5,-116,0,11.3,28,0.0,39,0.0,0,1009.2,196.7060244934068,15.01815970797082,85,,
2018,1,11,5,0,14,-106,0,11.5,64,186.0,161,27.00000000000001,0,1009.7,195.5659324750974,15.236323637925617,75,,
2018,1,11,6,0,15.2,-97,0,11.8,90,303.0,335,152.67783181860472,0,1010,197.94044091831705,15.162280986757684,64,,
2018,1,11,7,0,17,-88,0.1,12.2,110,602.0,511,362.64081477474144,0,1010.2,197.4495817607845,16.408671981420884,53,,
2018,1,11,8,0,18.8,-76,5.8,12.7,212,747.0,533,577.8934701892947,0,1010.2,198.2102772866187,16.676279011864057,41,,
2018,1,11,9,0,19.7,-60,3.3,12.8,161,829.0000000000001,741,770.4324057591489,0,1010,199.7805843002395,16.635110810091078,31,,
2018,1,11,10,0,20,-34,0,12.6,102,837.0,911,917.746406493462,0,1009.6,200.3964487370716,16.567272947055613,23,,
2018,1,11,11,0,20.2,3,0,12.3,101,853.0,937,1016.0603846232418,0,1009.1,200.49056629945025,16.377256101513765,20,,
2018,1,11,12,0,20.4,39,0,12.3,98,845.0,905,1054.166646107451,0,1008.8,200.02398826987687,16.19506687984631,24,,
2018,1,11,13,0,20.5,63,0,12.4,95,816.0000000000001,818,1028.0191771744655,0,1008.4,200.67942807557145,16.533500527209796,32,,
2018,1,11,14,0,20.6,78,0,12.6,90,783.0,683,949.0212335396972,0,1008.1,200.14382973454485,16.053768941028558,43,,
2018,1,11,15,0,20.2,89,0,12.8,83,655.0,512,775.2230814638756,0,1008,199.4478990860832,15.983735057739995,54,,
2018,1,11,16,0,19.6,99,0,13.2,72,314.0,324,464.8533792857271,0,1008.1,199.37192526088788,16.108770512691915,66,,
2018,1,11,17,0,18.8,108,0,13.5,52,191.0,145,270.20249632587456,0,1008.2,200.1135839717904,15.60762804582856,77,,
2018,1,11,18,0,17.9,117,0,13.7,16,45.0,30,85.91955252673377,0,1008.6,199.6787703724765,15.766541969467864,87,,
2018,1,11,19,0,16.7,127,0,13.6,0,7.0,0,8.041578335904106,0,1009.3,202.3400101508043,15.28359201734775,97,,
2018,1,11,20,0,15.6,138,0,13.6,0,0.0,0,0.0,0,1009.9,199.59382280435867,16.089911780939385,105,,
2018,1,11,21,0,14.9,151,0,13.4,0,0.0,0,0.0,0,1010.1,195.9399761136073,17.371550617253412,111,,
2018,1,11,22,0,14.7,166,0,13.1,0,0.0,0,0.0,0,1009.9,197.4323895993261,17.44221454212635,115,,
2018,1,11,23,0,14.4,-179,0,12.8,0,0.0,0,0.0,0,1009.7,196.676108616612,17.547327530036824,117,,
2018,1,12,0,0,14.3,-164,0,12.6,0,0.0,0,0.0,0,1009.4,195.37638209388348,18.039021146255216,115,,
2018,1,12,1,0,14.2,-149,0,12.6,0,0.0,0,0.0,0,1009.1,194.07448181915404,18.89812431217867,111,,
2018,1,12,2,0,14.1,-137,0,12.5,0,0.0,0,0.0,0,1008.8,192.4282092274688,19.41067175930076,104,,
2018,1,12,3,0,14.3,-126,0.1,12.5,1,0.0,1,0.0,0,1008.9,192.4952647598641,19.585736039734307,95,,
2018,1,12,4,0,14.7,-116,2.7,12.5,30,0.0,35,0.0,0,1009.1,189.35476528013865,20.18346299117464,86,,
2018,1,12,5,0,15.1,-106,5.6,12.5,77,4.0,136,9.0,0,1009.4,186.30221366944923,21.15076934506384,75,,
2018,1,12,6,0,16.2,-97,41.8,12.7,157,9.0,67,49.38997622020784,0,1009.4,188.60790310378968,21.80716489374341,64,,
2018,1,12,7,0,17.6,-88,44.5,13,340,9.0,22,88.03479902613479,0,1009.2,190.41329182705843,21.18213083237261,53,,
2018,1,12,8,0,19.1,-76,38.3,13.4,481,5.0,12,98.57063071601674,0,1008.9,191.97255548207085,20.8665051221942,42,,
2018,1,12,9,0,19.8,-60,43.4,13.4,524,6.0,6,143.03615673427225,0,1008.5,191.92716462274583,20.280858782564334,31,,
2018,1,12,10,0,20,-34,26.6,13.2,449,8.0,305,229.4159048219647,0,1008,203.8614563626396,18.05013628799891,23,,
2018,1,12,11,0,20.1,3,17.3,13,422,10.0,443,284.93162669937954,0,1007.6,214.34275469882587,14.741680838040962,20,,
2018,1,12,12,0,20.1,38,6.5,12.9,211,9.0,734,281.4598475842594,0,1006.9,247.31821040477865,11.90272630277686,24,,
2018,1,12,13,0,20.2,62,0,13,84,4.0,839,179.75698227916888,0,1006.3,337.8356846007764,17.250019393094536,32,,
2018,1,12,14,0,20.2,78,0,13,80,2.0,703,129.78198249741547,0,1005.6,344.6521166119675,12.326064509330832,43,,
2018,1,12,15,0,19.9,89,0,13.1,73,8.0,531,193.38802820064836,0,1005.1,354.0230874516268,9.559043664792416,54,,
2018,1,12,16,0,19.3,98,0,13.3,64,13.0,339,174.68514881579563,0,1004.9,0.1164360624939035,10.692160750147565,66,,
2018,1,12,17,0,18.7,108,0,13.4,47,14.0,154,120.1211940686222,0,1004.7,11.928071295278473,11.095284030857906,77,,
2018,1,12,18,0,18,117,0,13.4,15,13.0,32,60.30521040256345,0,1004.6,22.58512861068482,11.554314022463531,87,,
2018,1,12,19,0,17.2,127,0,13.3,0,8.0,0,10.185747217219578,0,1004.5,20.32821473596306,11.57673540412292,97,,
2018,1,12,20,0,16.4,138,0,13.2,0,0.0,0,0.0,0,1004.4,17.228318829741397,10.973050746976114,105,,
2018,1,12,21,0,16.1,151,0,13.1,0,0.0,0,0.0,0,1004,15.19009157813008,10.018231655259696,111,,
2018,1,12,22,0,16.1,166,0,13,0,0.0,0,0.0,0,1003.4,9.547508797618208,9.043479483169625,116,,
2018,1,12,23,0,16.1,-179,0,13,0,0.0,0,0.0,0,1002.6,10.84704198041618,8.63499369618838,117,,
2018,1,13,0,0,16.1,-164,0.8,13,0,0.0,0,0.0,0,1001.9,10.922804719869248,7.256462636849996,115,,
2018,1,13,1,0,16.2,-149,40.3,13.2,0,0.0,0,0.0,0,1001.1,358.14471330102816,6.462616311434076,111,,
2018,1,13,2,0,16.2,-137,61.2,13.3,0,0.0,0,0.0,0,1000.3,352.54800720022314,6.914110302086366,104,,
2018,1,13,3,0,16.3,-125,79,13.5,0,0.0,0,0.0,0,999.6,351.27935111623856,9.21221242660276,95,,
2018,1,13,4,0,16.6,-116,88.6,13.7,7,0.0,0,0.0,0,999,353.997312877597,11.355475051400475,86,,
2018,1,13,5,0,16.8,-106,92,13.9,14,6.0,0,13.0,0,998.4,353.76952008005026,10.16575825976495,75,,
2018,1,13,6,0,17.1,-97,95.2,14.3,18,3.0,0,33.454444379631994,0,997.9,7.079512019176889,10.14226530471599,64,,
2018,1,13,7,0,17.4,-87,97,14.8,22,6.0,0,88.00652662879735,0,997.6,13.125960389748514,12.10959827094209,53,,
2018,1,13,8,0,17.7,-76,85.8,15.3,116,16.0,0,194.18595548739617,0,997.2,14.25359587039378,12.0189227996838,42,,
2018,1,13,9,0,17.8,-60,88.2,15.7,100,73.0,0,407.9480212274951,0,996.5,16.594560702299418,13.349211673909949,31,,
2018,1,13,10,0,17.8,-34,94.4,16,54,181.0,0,551.8325648584964,0,995.5,27.065129371184867,12.822394783665288,23,,
2018,1,13,11,0,17.7,3,95,16.3,50,192.0,0,619.2110594877961,0,994.4,35.536877310725686,12.188405991160383,20,,
2018,1,13,12,0,17.7,38,92.8,16.6,69,181.0,0,629.9399627623716,0,993.4,42.50487453983618,12.1818651573451,24,,
2018,1,13,13,0,17.7,62,92,16.7,70,179.0,0,610.9849359493057,0,992.5,48.28576495557638,12.336990016805204,33,,
2018,1,13,14,0,17.7,77,90.6,16.9,69,198.0,0,574.3090311775873,0,991.6,54.63317858446044,12.239318750105433,43,,
2018,1,13,15,0,17.7,89,85.6,17,79,231.0,0,514.3658624650062,0,990.8,56.72800481995017,12.75986615556966,54,,
2018,1,13,16,0,17.8,98,75.4,17.1,87,222.0,0,399.2451477456109,0,990.1,59.488135557364274,12.433112985782248,66,,
2018,1,13,17,0,17.9,107,59.9,17.1,68,179.0,0,255.9869801911542,0,989.3,64.33533223492663,13.131969826535531,77,,
2018,1,13,18,0,17.9,117,72.4,17.1,20,113.0,0,117.36832884743916,0,988.8,67.78973257388162,13.392619862407278,87,,
2018,1,13,19,0,17.9,127,83,17.2,0,38.0,0,16.606242726508736,0,988.5,73.8700098307238,13.948004770985918,97,,
2018,1,13,20,0,17.8,138,83,17.2,0,0.0,0,0.0,0,988.2,77.50662114767852,13.489835809188452,105,,
2018,1,13,21,0,17.7,151,82.6,17.1,0,0.0,0,0.0,0,987.8,81.07330018242635,12.889026380884417,112,,
2018,1,13,22,0,17.4,166,62.3,16.9,0,0.0,0,0.0,0,987.2,77.95678961475983,11.485704503338203,116,,
2018,1,13,23,0,17.1,-179,51,16.7,0,0.0,0,0.0,0,986.7,75.33435159612355,11.934230746236214,117,,
2018,1,14,0,0,17,-164,50.4,16.5,0,0.0,0,0.0,0,986.2,75.916443289688,11.903197780876356,115,,
2018,1,14,1,0,16.9,-149,18.1,16.4,0,0.0,0,0.0,0,985.8,78.08000775457378,10.392302370562144,111,,
2018,1,14,2,0,16.8,-137,0,16.2,0,0.0,0,0.0,0,985.4,77.40504339950155,10.803181072262834,104,,
2018,1,14,3,0,16.8,-125,0.3,16.1,1,0.0,0,0.0,0,985.4,76.74841761376285,11.367377237001447,96,,
2018,1,14,4,0,16.9,-115,13.8,16.1,41,0.0,7,0.0,0,985.8,74.55007167335572,11.738898455599417,86,,
2018,1,14,5,0,16.9,-106,10.6,16,77,440.0,122,24.00000000000003,0,986.1,70.91097524075587,10.58420609113307,75,,
2018,1,14,6,0,17.5,-97,1.8,16,79,624.0,327,183.64742848458897,0,986.4,63.83918597550706,10.538824467554829,64,,
2018,1,14,7,0,18.5,-87,7.1,15.9,173,754.0,387,389.026497561597,0,986.5,62.43804771637639,9.143386299842351,53,,
2018,1,14,8,0,19.5,-76,19.7,15.8,350,833.0,271,598.0640490473572,0,986.6,59.04099235143247,9.598100902673432,42,,
2018,1,14,9,0,19.8,-60,51.2,15.6,358,848.0,77,770.7294416650715,0,986.7,58.5157163524384,10.531059017204209,31,,
2018,1,14,10,0,19.8,-34,86.6,15.1,143,809.0,0,878.8530978379476,0,986.9,56.71230854207374,10.818207135896694,23,,
2018,1,14,11,0,19.6,3,67.5,14.7,342,836.0,0,981.2455344070312,0,987,52.60268868496331,10.805340598910773,20,,
2018,1,14,12,0,19.4,38,44.1,14.5,555,780.0,0,992.4532703301304,0,987.3,46.285178994559885,11.214503175140852,24,,
2018,1,14,13,0,19,62,47.7,14.5,476,640.0,0,905.08142605039,0,987.9,42.756165061497256,10.15898391900234,33,,
2018,1,14,14,0,18.7,77,41.2,14.6,431,431.0,14,728.5231533782814,0,988.5,41.17546526177017,9.93854618563521,43,,
2018,1,14,15,0,18.2,88,35.4,14.5,369,173.0,15,459.9959131930614,0,989.1,36.51319471808563,9.49017414671351,54,,
2018,1,14,16,0,17.6,98,52.2,14.3,197,258.0,4,415.1813967072479,0,989.8,31.57292179987224,10.46769960172592,66,,
2018,1,14,17,0,17,107,51.3,14.1,88,207.0,0,266.12786995926274,0,990.4,29.78914129000958,10.780214481104426,77,,
2018,1,14,18,0,16.7,116,46.3,13.9,25,94.0,0,106.03076694262376,0,991.2,29.320942917447724,11.447211311808974,87,,
2018,1,14,19,0,16.7,127,16.9,13.7,0,17.0,0,10.494572177333936,0,992.1,30.998164508382445,11.085652119872792,97,,
2018,1,14,20,0,16.6,138,0,13.5,0,0.0,0,0.0,0,993,29.729753099605944,11.46882247122337,105,,
2018,1,14,21,0,16.2,151,0,13.3,0,0.0,0,0.0,0,993.5,28.3041823221422,11.336015825901448,112,,
2018,1,14,22,0,15.6,165,0,13,0,0.0,0,0.0,0,993.7,25.68967872171732,10.912914136519973,116,,
2018,1,14,23,0,15,-179,0,12.7,0,0.0,0,0.0,0,993.8,27.7136848329435,11.1546304846911,117,,
2018,1,15,0,0,14.6,-164,0,12.5,0,0.0,0,0.0,0,994,35.7794553871837,11.117443049610737,116,,
2018,1,15,1,0,14.5,-149,0,12.5,0,0.0,0,0.0,0,994.1,38.43520425084114,11.195144391178646,111,,
2018,1,15,2,0,14.5,-137,0,12.4,0,0.0,0,0.0,0,994.2,44.63912936694385,11.621571891629266,104,,
2018,1,15,3,0,14.4,-125,0.1,12.4,1,0.0,0,0.0,0,994.4,47.452028353844526,12.754964986089144,96,,
2018,1,15,4,0,14.5,-115,5.2,12.3,33,0.0,24,0.0,0,994.9,49.48149826149052,12.443140873736724,86,,
2018,1,15,5,0,14.5,-106,14.7,12.2,117,59.0,66,20.000000000000004,0,995.3,57.39270605524371,11.674284907073584,75,,
2018,1,15,6,0,15.1,-97,22.7,12.2,234,128.0,89,111.61371103043103,0,995.5,64.83841824380488,12.20093058736366,64,,
2018,1,15,7,0,16,-87,22.4,12.2,319,472.0,164,320.1645316048844,0,995.6,70.13613274251145,12.628564050618111,53,,
2018,1,15,8,0,17,-76,26.9,12.2,438,766.0,141,568.9806431131283,0,995.7,75.76898016856035,13.22039961610907,42,,
2018,1,15,9,0,17.3,-60,26.6,11.8,494,881.0,194,775.8077896766252,0,995.7,78.33070221475964,14.21419867309544,32,,
2018,1,15,10,0,17.3,-34,26.3,11.2,525,948.0,227,933.0384647715692,0,995.7,80.69584951530743,14.422654493515813,24,,
2018,1,15,11,0,17.2,2,49.9,10.6,443,961.0,82,1035.06708380307,0,995.8,79.12008884987853,14.111566231906597,20,,
2018,1,15,12,0,17,37,36.4,10.2,436,959.0,205,1078.1804132148343,0,995.9,74.3583686992327,14.890047446435355,24,,
2018,1,15,13,0,16.8,61,13.9,10.1,322,948.0,473,1066.0265001029416,0,996,71.21920095490145,15.322657030794389,33,,
2018,1,15,14,0,16.6,77,45.7,10,238,925.0,209,995.4879801668244,0,996.1,72.58499865801252,15.423025074815303,43,,
2018,1,15,15,0,16.2,88,23.9,9.9,133,883.0,298,865.8690269179641,0,996.4,71.23137030017284,16.02729099496503,54,,
2018,1,15,16,0,15.6,98,0.1,9.8,67,811.0,337,684.8429563016174,0,996.7,71.75303240969902,16.001396371586033,66,,
2018,1,15,17,0,15.1,107,7.1,9.8,64,690.0000000000001,128,464.0555475189938,0,997,74.90432993036308,15.480990489375513,77,,
2018,1,15,18,0,14.5,116,4,9.7,24,455.0,18,220.89228175415067,0,997.3,80.97543705141015,14.562097437455709,87,,
2018,1,15,19,0,13.9,126,0,9.7,0,139.0,0,31.271582965501445,0,997.5,84.98882887597597,14.975453775007406,97,,
2018,1,15,20,0,13.3,138,0,9.7,0,0.0,0,0.0,0,997.6,88.77058736789553,15.361446345723769,105,,
2018,1,15,21,0,13.1,151,0,9.8,0,0.0,0,0.0,0,997.4,91.06279064255524,14.8868383474358,112,,
2018,1,15,22,0,13,165,0,9.9,0,0.0,0,0.0,0,996.9,98.07754416173304,12.94779352368418,116,,
2018,1,15,23,0,13,-179,0,10,0,0.0,0,0.0,0,996.5,105.434369454293,10.855102164992658,117,,
2018,1,16,0,0,13.2,-164,1,10,0,0.0,0,0.0,0,996.1,137.002805052942,7.118056582370674,116,,
2018,1,16,1,0,13.4,-149,53.8,9.9,0,0.0,0,0.0,0,995.8,200.3521570552581,5.524571433210466,111,,
2018,1,16,2,0,13.7,-137,83.1,9.8,0,0.0,0,0.0,0,995.4,235.65968990314136,10.94269421265006,104,,
2018,1,16,3,0,14,-125,81.3,9.8,1,0.0,0,0.0,0,995.2,228.571462194849,11.650528186072307,96,,
2018,1,16,4,0,14.3,-115,33.1,10,31,0.0,22,0.0,0,994.9,225.7578017239512,11.290699974020184,86,,
2018,1,16,5,0,14.7,-106,25.8,10.2,129,83.0,12,20.000000000000004,0,994.6,223.947757756312,11.111529488766484,76,,
2018,1,16,6,0,15.3,-97,59.7,10.5,148,109.0,0,102.513075608761,0,994,223.92684463509664,10.904235525366897,65,,
2018,1,16,7,0,16,-87,63.1,10.7,229,131.0,0,206.68470515520167,0,993.2,221.5055443966665,11.09973731127484,53,,
2018,1,16,8,0,16.8,-76,52.6,11,367,231.0,0,366.3982019358624,0,992.3,220.67919504501552,9.972031199810798,42,,
2018,1,16,9,0,17,-60,60.1,11.5,354,437.0,0,582.077518798718,0,991.6,216.07935960061525,9.020975838975271,32,,
2018,1,16,10,0,16.7,-34,74.9,12.2,244,764.0,0,837.0264420449902,0,991.2,216.19210721571727,8.259513463257194,24,,
2018,1,16,11,0,16.3,2,88.4,12.8,116,837.0,0,959.5605359415116,0,990.7,222.77415394779848,7.178510405441058,21,,
2018,1,16,12,0,16.1,37,79.7,13.2,193,908.0,0,1041.300896365292,0,990.5,232.81664710913745,5.962052112327601,24,,
2018,1,16,13,0,16,61,73.6,13.3,230,903.0,0,1032.0197736376774,0,990.4,244.63623007670253,5.786005739514774,33,,
2018,1,16,14,0,15.9,77,74.4,13.4,186,869.0,0,955.0569153562986,0,990.3,254.49972838307093,5.685041053258042,43,,
2018,1,16,15,0,15.7,88,76.7,13.1,132,822.0000000000001,0,826.7461597873307,0,990.3,252.42989886836307,5.37578958988305,54,,
2018,1,16,16,0,15.5,98,73.9,12.5,89,741.0,0,645.7380477457726,0,990.6,251.4296854805705,5.163112085462709,66,,
2018,1,16,17,0,15.3,107,52.5,11.8,60,607.0,0,427.5638722417005,0,990.8,264.17592920405826,4.501507519826823,77,,
2018,1,16,18,0,14.9,116,15.7,11.3,18,318.0,0,178.51070209267084,0,991,285.72109364603347,3.0067639591612685,87,,
2018,1,16,19,0,14.3,126,33.1,10.9,0,76.0,0,21.007095616632547,0,991.2,281.9069523531466,3.938001699123239,97,,
2018,1,16,20,0,13.7,138,54.3,10.5,0,0.0,0,0.0,0,991.5,285.2250524186487,1.5097776464301982,105,,
2018,1,16,21,0,13.3,151,55,10.4,0,0.0,0,0.0,0,991.6,317.6111154526675,0.3675730689711468,112,,
2018,1,16,22,0,13.2,165,22.3,10.5,0,0.0,0,0.0,0,991.6,157.85214081532604,0.3373950123853001,116,,
2018,1,16,23,0,13,-179,4.6,10.6,0,0.0,0,0.0,0,991.6,210.9759134976269,1.578657910099316,118,,
2018,1,17,0,0,12.9,-164,28.8,10.5,0,0.0,0,0.0,0,991.8,219.9958326774842,2.202740371893472,116,,
2018,1,17,1,0,12.7,-149,15.3,10.2,0,0.0,0,0.0,0,992.1,143.3020232985454,2.1317478778596364,111,,
2018,1,17,2,0,12.6,-137,0,10,0,0.0,0,0.0,0,992.4,164.55578700159845,1.4338563475873412,105,,
2018,1,17,3,0,12.6,-125,0.5,9.7,1,0.0,0,0.0,0,992.9,168.96606451988225,1.003909842043139,96,,
2018,1,17,4,0,12.7,-115,24.9,9.5,30,0.0,1,0.0,0,993.6,131.9764602512547,1.063694590908412,86,,
2018,1,17,5,0,12.9,-106,25.5,9.4,122,372.0,32,21.00000000000002,0,994.3,146.74604013889586,0.9429905646328453,76,,
2018,1,17,6,0,13.4,-97,6.5,9.1,139,624.0,237,169.84940091028247,0,994.6,215.2294285751372,1.7039210182889712,65,,
2018,1,17,7,0,14.3,-87,0.1,8.7,140,792.0,453,378.7356884026008,0,994.8,240.4771942557512,2.2344589217638187,53,,
2018,1,17,8,0,15.2,-75,7.5,8.4,267,823.0000000000001,443,571.520486044076,0,994.9,243.8702927624252,2.931429983115859,42,,
2018,1,17,9,0,15.4,-59,13.8,8.3,386,860.0,397,748.874684229548,0,995.1,246.91046396288263,3.402176354688629,32,,
2018,1,17,10,0,15.3,-34,22.8,8.5,524,926.0,243,915.9336659520876,0,995.3,253.2739699695111,4.201691599345324,24,,
2018,1,17,11,0,15,2,30.8,8.6,612,942.0,95,1018.2076655952534,0,995.6,256.32757585310765,4.932999316095413,21,,
2018,1,17,12,0,15,37,54,8.7,437,919.0,22,1050.4193848822729,0,995.8,255.7154795176,5.397593375648814,24,,
2018,1,17,13,0,15,61,54.5,8.8,403,768.0,0,956.9194575075646,0,996,253.02280690891303,4.989150399503901,33,,
2018,1,17,14,0,15,76,60.1,8.8,309,457.0,0,724.6535640943232,0,996.2,254.87599269168945,4.7909419741842,43,,
2018,1,17,15,0,14.9,88,77.1,8.8,140,310.0,0,543.7125931329389,0,996.5,255.48894049983093,5.487556947312711,54,,
2018,1,17,16,0,14.7,97,77.1,8.7,83,354.0,0,455.64234701087366,0,996.8,254.8948780524,5.913545417101299,66,,
2018,1,17,17,0,14.5,107,67.5,8.7,54,415.0,0,349.9766637929815,0,997.2,250.88652384574897,5.469749669940715,77,,
2018,1,17,18,0,14.1,116,23.1,8.4,14,399.0,0,201.77762100236652,0,997.6,246.7559960762269,4.489392713171656,87,,
2018,1,17,19,0,13.8,126,0,8,0,115.0,0,26.52711550734167,0,998,243.5628858970772,4.351827130583775,97,,
2018,1,17,20,0,13.4,137,0,7.7,0,0.0,0,0.0,0,998.5,240.11615558372148,3.8455423115148575,105,,
2018,1,17,21,0,13.1,150,0,7.6,0,0.0,0,0.0,0,998.8,237.12063162213,4.565561084182429,112,,
2018,1,17,22,0,12.8,165,0,7.7,0,0.0,0,0.0,0,999.1,231.3813533870776,5.307354673686084,116,,
2018,1,17,23,0,12.6,-179,0,7.8,0,0.0,0,0.0,0,999.4,234.7391562969759,6.279233774962712,118,,
2018,1,18,0,0,12.4,-164,0,7.6,0,0.0,0,0.0,0,999.8,232.7888680684597,7.198418678870167,116,,
2018,1,18,1,0,12.2,-149,0,7.3,0,0.0,0,0.0,0,1000.2,224.53342096273,7.101859414888332,112,,
2018,1,18,2,0,12,-137,0,6.9,0,0.0,0,0.0,0,1000.6,212.7652474269348,8.398789182884677,105,,
2018,1,18,3,0,11.9,-125,0.4,6.7,1,0.0,0,0.0,0,1001.3,212.9093503300732,9.755083745570552,96,,
2018,1,18,4,0,11.8,-115,21.2,6.6,34,0.0,1,0.0,0,1002.2,213.15810570205824,10.305259758110736,87,,
2018,1,18,5,0,11.8,-106,19.3,6.5,103,361.0,72,21.00000000000002,0,1003,208.2116865511728,10.870709356597963,76,,
2018,1,18,6,0,12.3,-97,7.1,6.4,133,641.0,252,169.17674580389902,0,1003.5,206.66712193521525,10.480275078746018,65,,
2018,1,18,7,0,13.2,-87,1.8,6.2,111,804.0,494,380.21825361421065,0,1003.7,204.02369457250376,10.674402792102793,54,,
2018,1,18,8,0,14.1,-75,9,6.1,238,882.0,476,590.7283482600724,0,1003.9,205.6936671603509,10.977218784790828,43,,
2018,1,18,9,0,14.6,-59,43.2,5.9,353,916.0,160,773.7707936869361,0,1004.1,205.36167823283023,11.588292202211074,32,,
2018,1,18,10,0,14.6,-34,22.4,5.7,232,934.0,560,915.4180748299603,0,1004.3,204.1998447514941,11.70434470244427,24,,
2018,1,18,11,0,14.6,2,13.3,5.5,368,935.0,531,1009.476898297698,0,1004.4,203.71288182656008,12.0858078538467,21,,
2018,1,18,12,0,14.5,36,27.6,5.4,547,925.0,182,1048.802374124254,0,1004.6,205.39822766111368,12.015570200186229,25,,
2018,1,18,13,0,14.5,60,12.7,5.4,309,907.0,482,1032.8972393451372,0,1004.8,206.43636299372943,13.173727269560716,33,,
2018,1,18,14,0,14.4,76,2.5,5.4,156,875.0,600,956.9327756015668,0,1005,210.2120600029529,13.069141070946849,43,,
2018,1,18,15,0,14,87,7.7,5.6,187,824.0000000000001,365,826.153919571628,0,1005.3,212.26939065358167,11.84485156590638,54,,
2018,1,18,16,0,13.5,97,3.8,5.7,128,744.0,243,645.6953832316558,0,1005.7,211.9218841077997,10.814422472344903,66,,
2018,1,18,17,0,13,106,1.4,5.9,67,609.0,119,425.6333923779131,0,1006.2,212.3121349463894,9.996161355926285,77,,
2018,1,18,18,0,12.5,116,0.8,5.8,20,366.0,20,190.59921890428365,0,1006.7,209.4558275483183,10.108141890233204,87,,
2018,1,18,19,0,12.1,126,0,5.7,0,83.0,0,20.826701456831422,0,1007.1,207.29782958848804,9.664141556733307,97,,
2018,1,18,20,0,11.7,137,0,5.5,0,0.0,0,0.0,0,1007.6,205.7406634317734,10.016939969560507,106,,
2018,1,18,21,0,11.4,150,0,5.5,0,0.0,0,0.0,0,1007.8,209.9740331904972,11.334582136694678,112,,
2018,1,18,22,0,11.1,165,0,5.7,0,0.0,0,0.0,0,1007.9,217.53087866755985,11.80488708701012,116,,
2018,1,18,23,0,10.8,-180,0,5.9,0,0.0,0,0.0,0,1007.9,226.7430181929977,10.73258371135677,118,,
2018,1,19,0,0,10.6,-164,0,6,0,0.0,0,0.0,0,1007.9,238.95494084119363,9.973222195755968,116,,
2018,1,19,1,0,10.5,-149,0,5.9,0,0.0,0,0.0,0,1008,264.26715027294,8.942921714629032,112,,
2018,1,19,2,0,10.4,-137,0,5.8,0,0.0,0,0.0,0,1008,273.82122965187466,9.103490436996251,105,,
2018,1,19,3,0,10.5,-125,0,5.7,0,0.0,1,0.0,0,1008.2,294.2038065465654,9.911314142207011,97,,
2018,1,19,4,0,10.7,-115,0,5.7,22,0.0,33,0.0,0,1008.6,330.291302561721,11.412166879310908,87,,
2018,1,19,5,0,11,-106,0,5.6,51,288.0,159,20.000000000000018,0,1009,345.5912940040461,11.932460120466349,76,,
2018,1,19,6,0,11.9,-97,0,5.6,68,573.0000000000001,348,160.0839272955147,0,1009.2,353.5434347468143,9.902406741210909,65,,
2018,1,19,7,0,13.2,-87,0,5.5,77,695.0000000000001,543,352.2541737981943,0,1009.2,8.837679232173002,10.62146402031369,54,,
2018,1,19,8,0,14.6,-75,0,5.4,82,670.0,717,518.2153793898246,0,1009.2,34.56083046867178,10.274651285273192,43,,
2018,1,19,9,0,15.4,-59,0,5.2,86,546.0,851,618.5922139915768,0,1009,52.26441617365401,9.443411854358486,32,,
2018,1,19,10,0,15.7,-34,0,5,88,392.0,934,680.1214518342864,0,1008.6,58.504378620380976,11.614630794285624,24,,
2018,1,19,11,0,16,1,0,4.8,89,495.0,960,807.7158597502143,0,1008.1,76.544348122472,10.0450196785257,21,,
2018,1,19,12,0,16.2,36,0,4.9,89,474.0,928,827.4795457014707,0,1007.6,63.16159366429719,12.08331168956572,25,,
2018,1,19,13,0,16.4,60,0,5.3,87,544.0,839,853.3462710703992,0,1007,107.26670471009704,8.065638988295039,33,,
2018,1,19,14,0,16.6,76,0,5.6,83,437.0,702,733.1163152260208,0,1006.5,66.32584956215925,16.08270685140283,43,,
2018,1,19,15,0,16.3,87,0,6.1,76,229.0,529,505.8845153893122,0,1006.2,78.90845633266179,12.473718396655311,55,,
2018,1,19,16,0,15.8,97,0,6.6,65,95.0,337,292.08788278712007,0,1006,80.71023196361284,11.76786613143571,66,,
2018,1,19,17,0,15.2,106,0,7,47,52.0,152,159.2197718143598,0,1005.9,80.26819836285432,10.72687161105113,77,,
2018,1,19,18,0,14.4,116,0,7.4,14,27.0,31,63.793384905571656,0,1005.9,78.0218364257039,11.228364498536743,87,,
2018,1,19,19,0,13.5,126,0,7.6,0,11.0,0,8.552753819986165,0,1005.9,78.3444409769894,13.104444704254746,97,,
2018,1,19,20,0,12.6,137,0,7.8,0,0.0,0,0.0,0,1005.9,81.05498142866054,12.327416253355674,106,,
2018,1,19,21,0,12.3,150,0,8,0,0.0,0,0.0,0,1005.4,79.0725417459198,11.339892519676152,112,,
2018,1,19,22,0,12.4,165,0,8,0,0.0,0,0.0,0,1004.6,78.16227632884289,10.8062372785618,117,,
2018,1,19,23,0,12.6,-180,0,8.1,0,0.0,0,0.0,0,1003.6,78.50085863792447,10.903178118518682,118,,
2018,1,20,0,0,12.9,-164,0.6,8.5,0,0.0,0,0.0,0,1002.7,77.44365146684356,11.734265539011798,117,,
2018,1,20,1,0,13.3,-149,33.5,9.2,0,0.0,0,0.0,0,1001.9,80.62584783095645,11.971639941642984,112,,
2018,1,20,2,0,13.7,-136,52,9.8,0,0.0,0,0.0,0,1001,85.4661772331591,11.65610266789245,105,,
2018,1,20,3,0,14.2,-125,51.2,10.5,1,0.0,0,0.0,0,1000.4,92.92487373218808,9.784474758393808,97,,
2018,1,20,4,0,14.8,-115,38.4,11.3,33,0.0,0,0.0,0,1000.1,104.40510560154814,8.498633892008497,87,,
2018,1,20,5,0,15.4,-106,32.2,12,128,199.0,0,21.00000000000001,0,999.7,102.07042496509018,7.387947226475796,76,,
2018,1,20,6,0,16.3,-96,62,12.6,126,418.0,0,148.1414586122246,0,999.4,95.04124637897718,9.185189290663365,65,,
2018,1,20,7,0,17.3,-87,70.7,12.9,177,555.0,0,331.19653748020585,0,999,94.74170789784556,8.632817505709893,54,,
2018,1,20,8,0,18.4,-75,66.8,13.3,250,644.0,0,523.5549628001249,0,998.7,111.79988069181375,6.796331506682044,43,,
2018,1,20,9,0,19.2,-59,59.3,13.5,363,763.0,0,723.2723335036499,0,998.2,99.28521227100195,6.4791812779015485,33,,
2018,1,20,10,0,19.7,-34,62.4,13.6,363,794.0,0,870.4952766714741,0,997.7,104.30987874477762,5.591706025041456,24,,
2018,1,20,11,0,20.2,1,62.2,13.8,374,582.0,3,854.4718669336124,0,997.1,113.1424173105355,4.054536864435471,21,,
2018,1,20,12,0,20.4,35,35.1,13.9,453,566.0000000000001,170,881.3663800593694,0,996.7,112.33532674442203,0.8659962556881382,25,,
2018,1,20,13,0,20.4,60,45.6,14,392,568.0000000000001,95,869.0648908738274,0,996.4,61.41583429768826,4.542977573323886,33,,
2018,1,20,14,0,20.4,75,56.3,14.1,321,461.0,0,748.9168072093842,0,996.1,92.7515176418372,3.7482177472784968,43,,
2018,1,20,15,0,20,87,70.4,14.2,177,234.0,0,511.64248190366914,0,996.1,76.56729647401062,2.546469275799462,55,,
2018,1,20,16,0,19.5,97,72.7,14.4,94,54.0,0,242.81093138401337,0,996.3,49.69298739825422,7.068525402504568,66,,
2018,1,20,17,0,19,106,71.6,14.5,50,24.0,0,120.07707236312112,0,996.6,71.99748629761126,7.467387861272524,77,,
2018,1,20,18,0,18.5,115,59.4,14.7,10,10.0,0,42.2448475310452,0,997,76.8354631773048,7.663556042346137,88,,
2018,1,20,19,0,18.2,125,50.4,15,0,3.0,0,4.419164560375664,0,997.6,123.33076644706,7.331707117540422,97,,
2018,1,20,20,0,17.9,137,64.5,15.2,0,0.0,0,0.0,0,998.2,96.02781839037677,5.098501978614665,106,,
2018,1,20,21,0,17.6,150,78,15.3,0,0.0,0,0.0,0,998.4,156.87226592713623,5.962073161683708,112,,
2018,1,20,22,0,17.4,165,29.3,15.3,0,0.0,0,0.0,0,998.4,182.48332687943645,4.87958254986809,117,,
2018,1,20,23,0,17.1,-180,0,15.2,0,0.0,0,0.0,0,998.3,160.6878120825604,6.469762386582716,118,,
2018,1,21,0,0,17.1,-164,0,15.3,0,0.0,0,0.0,0,998.4,166.3080183862486,5.952355647998338,117,,
2018,1,21,1,0,17.1,-149,0,15.4,0,0.0,0,0.0,0,998.5,174.48542689006786,5.957504233672142,112,,
2018,1,21,2,0,17.2,-136,0,15.5,0,0.0,0,0.0,0,998.6,175.41067163826494,5.864505911858664,105,,
2018,1,21,3,0,17.4,-125,0.8,15.6,0,0.0,0,0.0,0,999,179.88892804110117,6.42286363124656,97,,
2018,1,21,4,0,17.6,-115,39.2,15.8,15,0.0,0,0.0,0,999.5,174.95464998627233,7.492654071874606,87,,
2018,1,21,5,0,17.8,-105,62.4,15.9,60,97.0,4,19.000000000000007,0,1000.1,176.53269349031416,7.795030750344914,77,,
2018,1,21,6,0,18.9,-96,22.9,16.2,111,334.0,199,138.16169224746454,0,1000.4,174.50187567392766,7.756387662319121,65,,
2018,1,21,7,0,20.5,-86,0,16.6,137,472.0,426,311.69275302072344,0,1000.6,170.8786743741664,7.189051004660523,54,,
2018,1,21,8,0,22.2,-75,0,17,139,611.0,604,512.5859716966428,0,1000.8,174.99143331152732,7.849552371693002,43,,
2018,1,21,9,0,22.9,-59,0,16.7,128,501.0,758,620.6093138064864,0,1000.8,181.1650434990725,8.153052631406444,33,,
2018,1,21,10,0,22.8,-34,1.5,16,153,375.0,808,672.1598342723339,0,1000.7,188.85077697683568,9.047677408056453,25,,
2018,1,21,11,0,22.6,1,0.8,15.1,137,396.0,860,754.9957402062614,0,1000.5,190.6161307575968,9.264533214992538,22,,
2018,1,21,12,0,22.6,35,0,14.7,117,318.0,860,734.2669368151098,0,1000.5,189.76822266682856,8.712989551741073,25,,
2018,1,21,13,0,22.7,59,0,14.6,111,216.0,779,639.928683379356,0,1000.5,180.54314084523853,8.627829063532547,33,,
2018,1,21,14,0,22.7,75,0.2,14.5,105,94.0,648,454.0759758330825,0,1000.5,191.57866033838627,8.085187270886147,44,,
2018,1,21,15,0,22.3,87,12.3,14.8,200,91.0,317,378.1042469311369,0,1000.6,200.13507282857995,6.047584442788624,55,,
2018,1,21,16,0,21.6,97,18.7,15.3,198,231.0,112,397.958947895703,0,1000.9,223.849703550542,3.5773416019724,66,,
2018,1,21,17,0,20.7,106,6.7,15.8,88,98.0,77,199.2057802987468,0,1001.1,271.3861105051303,1.170752738178838,77,,
2018,1,21,18,0,19.9,115,0,16,16,146.0,26,123.18505304169652,0,1001.5,29.639842371764303,2.874122195373077,88,,
2018,1,21,19,0,19.1,125,0,16,0,37.0,0,13.112549719474138,0,1001.9,186.75531788962576,0.628877674661983,97,,
2018,1,21,20,0,18.2,137,0,15.9,0,0.0,0,0.0,0,1002.4,111.15132470690304,0.2117770406848737,106,,
2018,1,21,21,0,17.5,150,0,15.8,0,0.0,0,0.0,0,1002.5,88.24182494656873,1.734703376544805,113,,
2018,1,21,22,0,17,165,0,15.6,0,0.0,0,0.0,0,1002.3,86.28534312766766,3.154087430537402,117,,
2018,1,21,23,0,16.4,-180,0,15.4,0,0.0,0,0.0,0,1002.2,87.74154537815605,3.2339573466119185,119,,
2018,1,22,0,0,15.9,-164,0,15.1,0,0.0,0,0.0,0,1001.9,92.34611386962854,3.465062716165576,117,,
2018,1,22,1,0,15.5,-149,0,14.8,0,0.0,0,0.0,0,1001.5,73.31077691412179,4.946906256320935,113,,
2018,1,22,2,0,15.1,-136,0,14.5,0,0.0,0,0.0,0,1001.2,68.7642211873499,5.754251742948291,106,,
2018,1,22,3,0,15.2,-125,0.2,14.5,1,0.0,0,0.0,0,1001.1,66.04738495753446,5.897535166657804,97,,
2018,1,22,4,0,15.7,-115,13.3,14.8,33,0.0,2,0.0,0,1001.1,47.45336308949197,5.912246737792074,87,,
2018,1,22,5,0,16.3,-105,58.6,15.2,52,86.0,2,19.000000000000004,0,1001.2,43.234154329781006,7.176502276698833,77,,
2018,1,22,6,0,17.2,-96,46.6,15.5,189,178.0,40,114.87726604560402,0,1001.1,45.55373592330437,7.556002895867857,66,,
2018,1,22,7,0,18.5,-86,62.7,15.7,170,468.0,22,308.9941780282352,0,1000.8,38.40463791236829,7.576790292926066,54,,
2018,1,22,8,0,19.9,-75,55.8,16,347,579.0,0,501.27030672731536,0,1000.5,35.587370563133845,8.377098617659936,43,,
2018,1,22,9,0,20.3,-59,66.5,15.7,284,703.0000000000001,0,699.5593279600137,0,1000.3,32.24294591349741,9.13759151887789,33,,
2018,1,22,10,0,20.2,-34,87.7,15,117,824.0000000000001,0,859.6151098186466,0,1000,29.84045381799808,9.294865854330553,25,,
2018,1,22,11,0,20,1,89.7,14.3,102,892.0,0,984.2643419511325,0,999.7,31.38734770274561,9.078493885549175,22,,
2018,1,22,12,0,19.8,35,92.1,13.9,76,893.0,0,1028.811366892379,0,999.3,34.516965365352405,9.557520900891056,25,,
2018,1,22,13,0,19.6,59,93.5,13.7,56,871.0,0,1010.10731900527,0,998.9,43.62339840978183,10.477043038426832,33,,
2018,1,22,14,0,19.4,75,92.2,13.6,57,841.0,0,936.3118009339344,0,998.6,44.53923904864416,10.991239272309448,44,,
2018,1,22,15,0,19,86,88.9,13.7,61,782.0,0,800.7858961334465,0,998.2,46.04184910849284,11.317305798078856,55,,
2018,1,22,16,0,18.3,96,85.3,14,52,641.0,0,592.7434563019096,0,997.9,42.29433287629303,10.620167300752811,66,,
2018,1,22,17,0,17.6,106,78.1,14.3,33,462.0,0,363.41188204162427,0,997.6,41.94175959783024,10.225142931930154,77,,
2018,1,22,18,0,17.1,115,27,14.4,9,256.0,0,153.37635349444412,0,997.3,40.63023182235531,9.28047788985472,88,,
2018,1,22,19,0,16.7,125,0,14.5,0,43.0,0,13.87063336336713,0,996.9,37.33259971789954,9.172369405883012,97,,
2018,1,22,20,0,16.4,137,0,14.5,0,0.0,0,0.0,0,996.6,38.75470037949475,9.485014442996912,106,,
2018,1,22,21,0,16.2,150,0,14.5,0,0.0,0,0.0,0,996.1,41.14813434086096,9.436401562208175,113,,
2018,1,22,22,0,16.2,164,0,14.5,0,0.0,0,0.0,0,995.6,39.77043530696119,9.379203362705926,117,,
2018,1,22,23,0,16.2,-180,0,14.4,0,0.0,0,0.0,0,995.1,33.969127754646934,8.466659069589776,119,,
2018,1,23,0,0,16.2,-164,0,14.5,0,0.0,0,0.0,0,994.7,29.087644505389108,8.059729528894012,117,,
2018,1,23,1,0,16.1,-149,0,14.5,0,0.0,0,0.0,0,994.2,23.03633682035877,8.784486873189813,113,,
2018,1,23,2,0,16.1,-136,0,14.6,0,0.0,0,0.0,0,993.7,24.4468451093876,8.811739739975517,106,,
2018,1,23,3,0,16.2,-125,0.3,14.6,1,0.0,0,0.0,0,993.6,24.09493087435117,8.879369711034917,97,,
2018,1,23,4,0,16.3,-115,15.2,14.6,29,0.0,2,0.0,0,993.8,25.10200850783764,9.134170940258844,88,,
2018,1,23,5,0,16.5,-105,12.1,14.5,75,132.0,89,18.000000000000007,0,994,24.35017901301524,9.147744615932549,77,,
2018,1,23,6,0,17,-96,52.1,14.3,97,363.0,50,131.3954422553739,0,994.2,24.58176643485712,9.164852492029366,66,,
2018,1,23,7,0,17.6,-86,82,14,102,547.0,2,313.5828377051055,0,994.5,25.158519311920656,9.06961712073241,55,,
2018,1,23,8,0,18.3,-74,48.5,13.6,330,622.0,85,496.4688915551447,0,994.8,21.68813702879237,8.117885236518879,43,,
2018,1,23,9,0,18.5,-58,34,13.1,527,784.0,67,709.2033662530444,0,995,16.22931840182855,7.681085100413711,33,,
2018,1,23,10,0,18.5,-34,13.6,12.5,269,838.0,597,863.7565512290216,0,995.3,19.48672021204095,8.243692703568538,25,,
2018,1,23,11,0,18.5,1,11.5,11.9,311,860.0,597,965.618818099824,0,995.6,23.194441161772147,8.410504030513007,22,,
2018,1,23,12,0,18.3,34,27,11.2,518,866.0,212,1012.4307141283472,0,995.9,24.56649261495147,8.568872353384876,25,,
2018,1,23,13,0,18,59,15.7,10.5,350,821.0000000000001,409,979.5575879699088,0,996.3,24.344833349011537,8.187228777084048,33,,
2018,1,23,14,0,17.6,74,12.6,9.8,285,477.0,390,730.45251245016,0,996.7,30.304375308196484,8.422620471382631,44,,
2018,1,23,15,0,17.1,86,19,9.2,290,555.0,189,678.5272976302126,0,997.1,36.06714343686696,8.06817469019581,55,,
2018,1,23,16,0,16.4,96,7.4,8.7,148,712.0,201,624.8373213011834,0,997.6,40.759512433788245,8.390860790441769,66,,
2018,1,23,17,0,15.7,105,0,8.2,57,590.0,129,412.7559355661427,0,998.1,45.72004302065807,8.118731035294088,77,,
2018,1,23,18,0,14.7,115,0,7.8,16,311.0,25,168.60611318862686,0,998.4,47.982020719218326,7.907826990107881,88,,
2018,1,23,19,0,13.5,125,0,7.6,0,45.0,0,13.064652498337466,0,998.6,48.47639257672216,7.513196782917245,98,,
2018,1,23,20,0,12.3,136,0,7.4,0,0.0,0,0.0,0,998.8,46.65196360329094,6.132073356648124,106,,
2018,1,23,21,0,11.6,149,0,7.5,0,0.0,0,0.0,0,998.7,44.42952492931613,5.981874351840212,113,,
2018,1,23,22,0,11.4,164,0,7.7,0,0.0,0,0.0,0,998.3,42.31622484053105,5.663065645037147,117,,
2018,1,23,23,0,11.2,-180,0,7.9,0,0.0,0,0.0,0,998,29.956003812669,4.544619921926975,119,,
2018,1,24,0,0,11,-164,0,8,0,0.0,0,0.0,0,997.6,25.172620489134715,5.041267048811419,117,,
2018,1,24,1,0,11,-149,0,8,0,0.0,0,0.0,0,997.2,27.387422157076173,5.842329372775897,113,,
2018,1,24,2,0,10.9,-136,0,8,0,0.0,0,0.0,0,996.9,21.75345383866301,6.012387372982396,106,,
2018,1,24,3,0,11.2,-125,0,8.2,0,0.0,0,0.0,0,996.8,21.50995632022613,6.247622767391261,98,,
2018,1,24,4,0,11.8,-115,0,8.4,21,0.0,24,0.0,0,996.8,18.571667003477785,5.759129294723729,88,,
2018,1,24,5,0,12.4,-105,0.9,8.7,52,203.0,134,18.00000000000001,0,996.9,24.66381471246359,6.739865076542705,77,,
2018,1,24,6,0,13.4,-96,47.3,8.9,103,453.0,68,137.61874609342053,0,996.8,30.643283112347945,7.725261212225716,66,,
2018,1,24,7,0,14.8,-86,68.3,9.2,192,623.0,0,326.75237610103443,0,996.6,28.5610379438578,6.144180161715568,55,,
2018,1,24,8,0,16.3,-74,50.1,9.5,389,727.0,6,527.2765927995746,0,996.3,27.32600628158866,5.582145978043582,44,,
2018,1,24,9,0,17,-58,23.2,9.5,387,724.0,318,683.5538917204763,0,995.9,22.475685860904942,5.231612116860528,33,,
2018,1,24,10,0,17.2,-34,35.1,9.4,459,740.0,182,815.6784382940784,0,995.3,25.77667877283551,6.086327761868034,25,,
2018,1,24,11,0,17.4,0,31.3,9.2,499,774.0,207,917.9012658961308,0,994.7,30.48894049983096,7.760577459184335,22,,
2018,1,24,12,0,17.5,34,46.6,9.3,422,769.0,116,956.424976357632,0,994.3,34.23206704218967,7.888241190627748,25,,
2018,1,24,13,0,17.5,58,73.1,9.4,250,753.0,0,939.4252851249544,0,993.9,41.09392656168376,8.682226329909273,34,,
2018,1,24,14,0,17.6,74,79.2,9.6,158,702.0000000000001,1,853.8869003697273,0,993.5,42.535161730076936,8.935490208847387,44,,
2018,1,24,15,0,17.4,86,46.9,9.8,246,641.0,46,721.6930870913632,0,993.3,44.50479160896293,8.648743059778827,55,,
2018,1,24,16,0,17,96,52,10.1,178,548.0,26,543.9196852822918,0,993.3,51.63315347857736,9.29882782373426,66,,
2018,1,24,17,0,16.6,105,55.7,10.3,75,490.0,0,371.11022966656446,0,993.3,55.006640275666825,9.410466671610164,77,,
2018,1,24,18,0,16.1,114,18.2,10.8,20,283.0,0,158.18309974809205,0,993.2,60.1812578709426,9.678078632409948,88,,
2018,1,24,19,0,15.6,125,0,11.3,0,46.0,0,13.113799872866847,0,993.1,63.98385048845546,8.741483474214412,98,,
2018,1,24,20,0,15.1,136,0,11.8,0,0.0,0,0.0,0,993,72.19327423438796,7.703264966393386,106,,
2018,1,24,21,0,14.8,149,0,12.1,0,0.0,0,0.0,0,992.6,84.03921887336742,7.0598998980274175,113,,
2018,1,24,22,0,14.6,164,0,12.2,0,0.0,0,0.0,0,992.1,86.99945251928511,6.427024118180559,118,,
2018,1,24,23,0,14.4,-180,0,12.3,0,0.0,0,0.0,0,991.5,83.42281931234959,5.83380556295486,119,,
2018,1,25,0,0,14.1,-164,0,12.2,0,0.0,0,0.0,0,991.2,77.2309840492444,7.352238217635032,118,,
2018,1,25,1,0,13.7,-149,0,12,0,0.0,0,0.0,0,991,72.81015982523587,7.898217342489224,113,,
2018,1,25,2,0,13.2,-136,0,11.8,0,0.0,0,0.0,0,990.8,75.68935239960308,8.432058504700827,106,,
2018,1,25,3,0,12.9,-125,0.4,11.5,0,0.0,0,0.0,0,991.1,85.3210352734568,8.930886098897378,98,,
2018,1,25,4,0,12.6,-114,21.1,11,26,0.0,1,0.0,0,991.7,86.58645636182274,8.967326014649208,88,,
2018,1,25,5,0,12.4,-105,19.2,10.5,92,226.0,63,17.000000000000014,0,992.3,103.9412487326943,7.321376605131897,77,,
2018,1,25,6,0,12.6,-96,10.6,10,160,587.0,181,146.17608477985442,0,992.8,131.2498369488344,5.682660365067655,66,,
2018,1,25,7,0,13.2,-86,18.8,9.3,294,774.0,173,353.7824178210273,0,993.2,143.88652204413813,5.625636732303017,55,,
2018,1,25,8,0,13.8,-74,8.7,8.7,210,857.0,495,564.4320244735545,0,993.6,157.75097634278768,4.642525126564341,44,,
2018,1,25,9,0,13.9,-58,7.6,8.5,266,899.0,563,750.0231012641173,0,994,206.4807307383008,3.4127369365250693,34,,
2018,1,25,10,0,13.7,-34,14.3,8.6,388,907.0,457,896.5728367356253,0,994.4,234.0949137243768,4.549814971368535,26,,
2018,1,25,11,0,13.4,0,55.4,8.7,292,911.0,160,993.7868034894972,0,994.8,232.7133852337449,5.4715802634535455,22,,
2018,1,25,12,0,13.2,34,47,8.5,446,901.0,69,1033.875253567665,0,995.2,234.9620178785397,5.011496880155169,26,,
2018,1,25,13,0,13,58,25.2,8.2,498,881.0,172,1015.6909300863751,0,995.6,246.3707932897792,4.68343778705297,34,,
2018,1,25,14,0,12.9,74,11.9,7.9,294,842.0,371,936.9832616032328,0,996,261.13879070563326,4.196820156906495,44,,
2018,1,25,15,0,12.7,86,16.8,7.6,257,771.0,237,794.2445076564009,0,996.6,270.8754369629679,2.668524375686975,55,,
2018,1,25,16,0,12.5,96,8.3,7.4,155,653.0,185,597.1855842791758,0,997.3,286.5184220035404,1.9783794661249936,66,,
2018,1,25,17,0,12.2,105,1.8,7.2,62,491.0,116,372.8722832446277,0,998,299.14329718537414,1.6237756444889666,77,,
2018,1,25,18,0,11.9,114,1,6.9,19,280.0,19,157.74791227017317,0,998.7,17.047667144076627,2.4841506304879672,88,,
2018,1,25,19,0,11.4,124,0,6.5,0,38.0,0,10.975830407950024,0,999.6,62.87667909038146,6.6225912735561705,98,,
2018,1,25,20,0,10.9,136,0,6.2,0,0.0,0,0.0,0,1000.5,67.66419382890734,7.723784075413498,107,,
2018,1,25,21,0,10.8,149,0,6.2,0,0.0,0,0.0,0,1001,73.14611898471207,7.901908557050894,113,,
2018,1,25,22,0,11,164,0,6.5,0,0.0,0,0.0,0,1001.2,76.58584762463698,7.98969863591224,118,,
2018,1,25,23,0,11.2,180,0,6.8,0,0.0,0,0.0,0,1001.4,81.42455674050211,7.818116458013236,119,,
2018,1,26,0,0,11.3,-164,0.6,7,0,0.0,0,0.0,0,1001.7,86.24852123158212,7.313522723807784,118,,
2018,1,26,1,0,11.3,-149,33.6,7.1,0,0.0,0,0.0,0,1002.2,82.21076904520572,5.99501124746844,113,,
2018,1,26,2,0,11.3,-136,51.9,7.2,0,0.0,0,0.0,0,1002.7,80.40386623597192,6.994601965514489,107,,
2018,1,26,3,0,11.4,-125,51.2,7.3,0,0.0,0,0.0,0,1003.4,78.58156982900613,7.9899273955372925,98,,
2018,1,26,4,0,11.6,-114,19.9,7.4,22,0.0,17,0.0,0,1004.2,78.47763800785384,8.122931426159532,88,,
2018,1,26,5,0,11.9,-105,0.9,7.5,52,21.0,130,11.000000000000002,0,1005.1,78.60314069116919,8.015968969746641,78,,
2018,1,26,6,0,12.7,-96,0,7.4,72,39.0,315,64.2622358511685,0,1005.7,85.82865172046115,7.17256474554464,66,,
2018,1,26,7,0,14,-86,0.1,7.3,83,145.0,508,200.7664493748705,0,1006.1,84.77502143798682,6.176788889689916,55,,
2018,1,26,8,0,15.2,-74,5,7.2,169,520.0,561,461.5179105903815,0,1006.4,89.79489171354157,4.773956370521501,44,,
2018,1,26,9,0,15.9,-58,30.6,6.9,415,742.0,209,690.33006200422,0,1006.6,77.12021059753897,4.638432007058848,34,,
2018,1,26,10,0,16.1,-34,19.9,6.4,323,606.0,486,765.7109481759604,0,1006.6,71.49636458990739,4.765654679503028,26,,
2018,1,26,11,0,16.2,0,46.3,5.9,283,345.0,272,704.9336035075364,0,1006.6,62.06011404235261,4.095541758489618,23,,
2018,1,26,12,0,16.2,33,64,5.7,357,381.0,3,755.6954955310366,0,1006.6,55.14963462196465,3.858842148849852,26,,
2018,1,26,13,0,16.3,57,36.4,5.7,404,455.0,168,786.0620017320412,0,1006.6,49.66116668520783,4.312491403101217,34,,
2018,1,26,14,0,16.3,74,8.1,5.7,202,343.0,504,659.9581368733802,0,1006.6,51.14107892370066,3.927854834880879,44,,
2018,1,26,15,0,15.9,85,0,5.9,73,200.0,525,470.2439236961271,0,1006.8,50.18707752922995,4.141693013482879,55,,
2018,1,26,16,0,15.4,95,0,6.1,61,290.0,333,419.1825658714636,0,1007,59.26848467116128,5.071852727807031,66,,
2018,1,26,17,0,14.7,105,0,6.4,43,449.0,147,357.2947436055109,0,1007.3,62.86790910212244,4.644654197765976,78,,
2018,1,26,18,0,13.8,114,0,6.6,13,252.0,29,149.41603035065322,0,1007.7,69.4597870151569,4.550003345456832,88,,
2018,1,26,19,0,12.7,124,0.6,6.7,0,32.0,0,10.12394886106426,0,1008,77.74954211392134,5.189206204697415,98,,
2018,1,26,20,0,11.6,136,32.9,6.9,0,0.0,0,0.0,0,1008.4,86.09092622770856,4.583906669591975,107,,
2018,1,26,21,0,11.1,149,50.4,7.2,0,0.0,0,0.0,0,1008.5,96.3120095777116,4.330205073235724,114,,
2018,1,26,22,0,11.1,164,18.1,7.5,0,0.0,0,0.0,0,1008.3,123.6487373972634,4.130255941410847,118,,
2018,1,26,23,0,11.1,180,0,7.9,0,0.0,0,0.0,0,1008.2,168.45089325216009,3.842444601373159,120,,
2018,1,27,0,0,11.1,-164,0,8.1,0,0.0,0,0.0,0,1008.1,203.043945662036,6.627472703950173,118,,
2018,1,27,1,0,10.9,-149,0,8.1,0,0.0,0,0.0,0,1008.1,198.8933052809224,6.562553768845947,114,,
2018,1,27,2,0,10.7,-136,0,8.2,0,0.0,0,0.0,0,1008.1,188.31355601929985,6.782701068974308,107,,
2018,1,27,3,0,10.8,-124,0,8.2,0,0.0,0,0.0,0,1008.3,183.7689563169773,7.05309602142452,98,,
2018,1,27,4,0,11.2,-114,0,8.3,17,0.0,24,0.0,0,1008.6,182.54276259049732,7.148395817536112,88,,
2018,1,27,5,0,11.6,-105,1.4,8.5,50,120.0,131,16.000000000000007,0,1008.9,184.0419536857329,7.737751930615691,78,,
2018,1,27,6,0,12.7,-95,0.8,8.4,66,360.0,321,125.09303020581068,0,1009,189.623266402808,9.116072193432345,67,,
2018,1,27,7,0,14.2,-85,0,8.1,74,484.0,520,296.17650281368344,0,1009,192.24440753133567,11.117902369512471,55,,
2018,1,27,8,0,15.7,-74,1.4,7.8,104,517.0,659,463.5659333107874,0,1008.9,195.02776252344725,10.68980690949001,44,,
2018,1,27,9,0,16.5,-58,15.3,7.3,335,613.0,435,645.2595367408517,0,1008.7,192.9346357192489,10.610289299716827,34,,
2018,1,27,10,0,16.7,-34,16.1,6.7,377,687.0,467,785.7817760931307,0,1008.5,193.2155790182881,10.662002870412437,26,,
2018,1,27,11,0,16.8,0,14.8,6.1,375,705.0,506,878.4948400427799,0,1008.3,195.36737738689675,10.677409614911934,23,,
2018,1,27,12,0,17,33,11.8,6,316,746.0,568,939.3508817895,0,1008.1,196.4087779762615,11.038201173627836,26,,
2018,1,27,13,0,17.1,57,15.2,6.1,334,795.0,445,957.697326063573,0,1008,204.82352185460903,10.702476161586285,34,,
2018,1,27,14,0,17.1,73,29.4,6.3,407,800.0,146,903.7578937722244,0,1007.9,205.55425099072625,10.465946360130964,44,,
2018,1,27,15,0,17,85,12.8,6.7,196,746.0,307,773.4251226491493,0,1008,203.35368399387863,10.551965937223434,55,,
2018,1,27,16,0,16.6,95,0,7.2,57,651.0,335,588.9246437985513,0,1008.2,196.9363969816422,10.2823859894514,66,,
2018,1,27,17,0,16.1,104,0,7.7,41,504.0,147,371.6710646021999,0,1008.5,191.59653595840783,9.830300619456098,78,,
2018,1,27,18,0,15.5,114,0,8,12,258.0,29,146.8125638731163,0,1008.9,189.2737840035073,9.29433261825506,88,,
2018,1,27,19,0,14.8,124,0,8.2,0,29.0,0,8.674326666977953,0,1009.2,190.5477164100893,9.782732433801176,98,,
2018,1,27,20,0,14,136,0,8.4,0,0.0,0,0.0,0,1009.5,190.06863362016293,9.899532654958737,107,,
2018,1,27,21,0,13.7,149,0,8.5,0,0.0,0,0.0,0,1009.7,198.23272681166176,10.609059844582037,114,,
2018,1,27,22,0,13.6,164,0,8.6,0,0.0,0,0.0,0,1009.8,199.48913163778195,11.0154073842515,118,,
2018,1,27,23,0,13.6,180,0,8.7,0,0.0,0,0.0,0,1009.9,200.24313120113905,11.531610997553068,120,,
2018,1,28,0,0,13.5,-164,0,8.7,0,0.0,0,0.0,0,1010,196.6012257634225,11.769144010709514,118,,
2018,1,28,1,0,13.3,-149,0,8.8,0,0.0,0,0.0,0,1010.1,191.3577126091568,12.63139650032444,114,,
2018,1,28,2,0,13.2,-136,0,8.9,0,0.0,0,0.0,0,1010.3,191.2248213981373,13.73092164422714,107,,
2018,1,28,3,0,13.1,-124,0,9.1,0,0.0,0,0.0,0,1010.7,192.83449815518333,13.515155837014042,98,,
2018,1,28,4,0,13.2,-114,0,9.3,18,0.0,19,0.0,0,1011.3,191.46617006161136,14.485882984083895,89,,
2018,1,28,5,0,13.4,-104,1.7,9.5,56,172.0,116,15.00000000000001,0,1012,191.00897507941025,14.739508738739008,78,,
2018,1,28,6,0,14.3,-95,17.2,9.6,189,524.0,114,133.61337127154076,0,1012.4,192.4967063359533,14.65181166380149,67,,
2018,1,28,7,0,15.7,-85,9.5,9.6,151,693.0000000000001,387,329.86648410984435,0,1012.6,193.70078016318507,14.532905586846036,56,,
2018,1,28,8,0,17.3,-73,14.8,9.6,291,781.0,349,533.1284452171705,0,1012.8,196.360983587531,14.429778180872695,44,,
2018,1,28,9,0,18.1,-57,48.3,9.1,366,827.0000000000001,91,714.3098289955647,0,1012.7,198.3265528862829,14.119718547459584,34,,
2018,1,28,10,0,18.3,-33,29.8,8.3,335,820.0000000000001,372,857.4330396052617,0,1012.5,196.19785608751212,14.277957672404392,26,,
2018,1,28,11,0,18.6,0,4.2,7.4,189,827.0000000000001,794,952.6220877071815,0,1012.2,197.0683716547545,13.7095473690601,23,,
2018,1,28,12,0,18.8,33,5.8,7,220,794.0,718,978.0112648070816,0,1012,200.02104003366125,13.452631856052015,26,,
2018,1,28,13,0,19.1,57,3.3,6.9,167,588.0,707,857.9540576456825,0,1011.8,203.1821038870157,13.146159531747312,34,,
2018,1,28,14,0,19.3,73,0.5,6.9,99,416.0,664,701.7481726008017,0,1011.6,209.14565894757425,11.489406194673077,44,,
2018,1,28,15,0,19.1,85,25.1,7.3,237,397.0,219,595.9318336674514,0,1011.5,211.38910192538063,10.586435456898547,55,,
2018,1,28,16,0,18.6,95,45.2,7.8,212,418.0,1,483.80029769382907,0,1011.6,212.82147392366127,10.40751242784193,67,,
2018,1,28,17,0,18,104,19.9,8.5,85,404.0,37,335.60816144953577,0,1011.7,211.93615261122977,10.47318005843697,78,,
2018,1,28,18,0,17.1,114,1.3,8.6,17,225.0,21,138.02205442527696,0,1011.9,207.85154759948347,11.817126001553351,88,,
2018,1,28,19,0,16,124,0,8.3,0,23.0,0,7.86180436343551,0,1012.2,205.0272014061224,14.10082344802544,98,,
2018,1,28,20,0,15,135,0,8,0,0.0,0,0.0,0,1012.6,212.140620406888,13.737983448747908,107,,
2018,1,28,21,0,14.2,149,0,7.9,0,0.0,0,0.0,0,1012.7,211.37167766009952,14.04381233408616,114,,
2018,1,28,22,0,13.8,164,0,7.9,0,0.0,0,0.0,0,1012.8,210.65642088725275,13.480460041743042,119,,
2018,1,28,23,0,13.4,180,0,7.9,0,0.0,0,0.0,0,1012.9,207.455801494649,13.3231378640828,120,,
2018,1,29,0,0,12.9,-164,0,7.7,0,0.0,0,0.0,0,1012.9,204.52485957856737,14.294784428487803,119,,
2018,1,29,1,0,12.5,-149,0,7.5,0,0.0,0,0.0,0,1012.9,202.12051011989945,15.157163690771249,114,,
2018,1,29,2,0,12.1,-136,0,7.3,0,0.0,0,0.0,0,1013,205.1225299739025,12.44753211583279,107,,
2018,1,29,3,0,12,-124,0,7.3,0,0.0,0,0.0,0,1013.1,210.2009262038412,11.318528063013224,99,,
2018,1,29,4,0,12.1,-114,0.8,7.4,16,0.0,20,0.0,0,1013.4,210.5424990382583,10.93973655994144,89,,
2018,1,29,5,0,12.3,-104,0.9,7.5,44,37.0,133,12.000000000000002,0,1013.7,209.7537916599226,10.51488122959601,78,,
2018,1,29,6,0,13.4,-95,0.2,7.5,61,130.0,318,91.8433409405268,0,1013.7,200.3158482623888,9.665209138608578,67,,
2018,1,29,7,0,15.1,-85,0.1,7.5,73,230.0,510,229.57399064068616,0,1013.7,197.11275082026887,8.414779182733906,56,,
2018,1,29,8,0,16.9,-73,7,7.5,192,262.0,515,367.3741096251636,0,1013.6,212.78927603961804,7.541726395772665,45,,
2018,1,29,9,0,17.8,-57,13,7.2,311,211.0,476,455.2071658258664,0,1013.3,230.64599304291005,7.389170307930615,35,,
2018,1,29,10,0,18.1,-33,16.8,6.6,395,141.0,431,519.0702098648345,0,1012.8,293.8020265852783,2.0180827836305046,27,,
2018,1,29,11,0,18.3,0,6.6,6,211,72.0,747,478.1529875335564,0,1012.3,64.26971742997955,9.6900376287956,23,,
2018,1,29,12,0,18.5,32,0.5,5.9,97,50.0,895,443.7514884593868,0,1011.9,65.90625430482402,12.38970980926321,26,,
2018,1,29,13,0,18.6,56,23.6,6.2,372,81.0,329,496.381234076545,0,1011.4,63.648227829004725,13.40438141949702,34,,
2018,1,29,14,0,18.8,73,29.9,6.5,436,57.0,97,402.747914470199,0,1010.9,68.44258234278209,13.765381121342395,44,,
2018,1,29,15,0,18.6,85,25.7,6.9,324,29.0,110,269.6656339494498,0,1010.6,71.9667415462722,13.853370965847477,55,,
2018,1,29,16,0,18.2,95,19.9,7.2,202,15.0,99,157.76368292889842,0,1010.4,72.70512900032332,14.360710615321327,67,,
2018,1,29,17,0,17.7,104,40.7,7.5,85,10.0,37,85.89716622701187,0,1010.2,73.67904622933963,14.893377512004976,78,,
2018,1,29,18,0,17,113,19.6,7.5,17,4.0,0,28.236359040177923,0,1010.2,75.68998470936612,15.502739114386005,89,,
2018,1,29,19,0,16.2,124,0,7.2,0,0.0,0,1.0,0,1010.3,76.10091579501432,15.26155056456784,98,,
2018,1,29,20,0,15.3,135,0,6.9,0,0.0,0,0.0,0,1010.4,77.03718178481239,13.749315533074377,107,,
2018,1,29,21,0,14.7,148,0,6.8,0,0.0,0,0.0,0,1010.4,75.06725969501963,12.939165980193936,114,,
2018,1,29,22,0,14.2,164,0,6.8,0,0.0,0,0.0,0,1010.2,73.83419240088688,12.649069901620718,119,,
2018,1,29,23,0,13.7,180,0,6.8,0,0.0,0,0.0,0,1010,72.7711620037619,13.504898604217503,120,,
2018,1,30,0,0,13.3,-164,0,6.7,0,0.0,0,0.0,0,1009.8,70.93852786859054,13.845597440962267,119,,
2018,1,30,1,0,13,-149,0,6.6,0,0.0,0,0.0,0,1009.5,69.8426796938312,14.872358079516246,114,,
2018,1,30,2,0,12.6,-136,0.6,6.4,0,0.0,0,0.0,0,1009.2,71.4638349484519,15.07758738493229,108,,
2018,1,30,3,0,12.5,-124,31,6.5,0,0.0,0,0.0,0,1009.1,72.80880560996297,14.810607483438108,99,,
2018,1,30,4,0,12.6,-114,44.9,6.6,19,0.0,1,0.0,0,1009.1,69.5907493529104,13.9858629276903,89,,
2018,1,30,5,0,12.8,-104,27.2,6.8,89,24.0,46,11.000000000000002,0,1009.1,65.4195432848436,14.527979667348566,78,,
2018,1,30,6,0,13.6,-95,17,7.2,169,121.0,138,95.525737380701,0,1008.9,64.19453026709402,14.025898926191925,67,,
2018,1,30,7,0,15,-85,5.9,7.6,119,459.0,423,297.336265096328,0,1008.5,61.48791993709585,14.014414659546166,56,,
2018,1,30,8,0,16.5,-73,0,8,82,689.0,664,527.7338592103481,0,1008.2,59.63260274866542,13.765851823234843,45,,
2018,1,30,9,0,17.3,-57,0.2,7.9,92,738.0,790,709.9139659365574,0,1007.6,59.1598114151509,13.00746102531235,35,,
2018,1,30,10,0,17.8,-33,9,7.5,265,855.0,618,853.2684594940803,0,1006.9,60.12490542309746,13.21790948635019,27,,
2018,1,30,11,0,18.3,0,19,7,434,859.0,378,947.691403388246,0,1006.2,56.99817654391671,13.540415069498676,24,,
2018,1,30,12,0,18.6,32,16.6,6.9,394,856.0,416,990.6288770215758,0,1005.5,58.01285565245661,13.4138649652119,27,,
2018,1,30,13,0,18.9,56,11.7,7.2,301,834.0,481,971.3797053078453,0,1004.8,58.2452890300728,13.894593471144338,34,,
2018,1,30,14,0,19.1,72,7.3,7.6,206,798.0,485,895.1173065733318,0,1004.1,55.97203813677186,14.70827502175174,45,,
2018,1,30,15,0,18.9,84,14.6,8,215,745.0,280,764.9969849500893,0,1003.7,56.92949171372743,14.471600974628464,56,,
2018,1,30,16,0,18.4,94,54.2,8.6,137,687.0,59,597.9328990622637,0,1003.4,55.66010124085079,14.812436522174782,67,,
2018,1,30,17,0,17.9,104,60.8,9.2,57,574.0000000000001,0,391.9580732896807,0,1003.1,55.727653855655376,14.172130117675156,78,,
2018,1,30,18,0,17.1,113,19.4,9.4,17,330.0,0,161.26684889304445,0,1003,56.54336136478412,14.210315428587911,89,,
2018,1,30,19,0,16.2,123,0,9.5,0,32.0,0,7.826364145609757,0,1003.1,57.289590914326936,14.19006200588005,99,,
2018,1,30,20,0,15.3,135,0,9.6,0,0.0,0,0.0,0,1003.2,56.96113100965198,13.720845720629406,107,,
2018,1,30,21,0,14.8,148,0,9.5,0,0.0,0,0.0,0,1003.1,52.93351066830149,13.44807720851832,114,,
2018,1,30,22,0,14.6,163,0,9.3,0,0.0,0,0.0,0,1002.9,49.66288650096692,13.777905086355153,119,,
2018,1,30,23,0,14.4,180,0,9.2,0,0.0,0,0.0,0,1002.6,51.07928303757308,12.93636217964934,121,,
2018,1,31,0,0,14.1,-164,0,9,0,0.0,0,0.0,0,1002.4,45.73128028753717,13.85082262691308,119,,
2018,1,31,1,0,13.8,-149,0,8.8,0,0.0,0,0.0,0,1002.2,37.79538337226506,15.505098861685466,115,,
2018,1,31,2,0,13.4,-136,0,8.6,0,0.0,0,0.0,0,1002,41.24599439458558,15.991689380739285,108,,
2018,1,31,3,0,13.3,-124,0.1,8.5,0,0.0,0,0.0,0,1002,41.60552488693008,17.167100390106235,99,,
2018,1,31,4,0,13.3,-114,7.3,8.5,21,0.0,7,0.0,0,1002.2,43.55623449965288,17.540297419311106,89,,
2018,1,31,5,0,13.3,-104,4.1,8.5,49,87.0,114,12.000000000000004,0,1002.4,50.81824007203335,17.152144324703407,79,,
2018,1,31,6,0,14.2,-95,0,8.7,69,469.0,294,120.004950000579,0,1002.3,54.71343027597089,17.639840405081735,67,,
2018,1,31,7,0,15.8,-85,0,9.2,82,732.0,483,326.8116039907169,0,1002.1,64.16543275955439,16.78552189766716,56,,
2018,1,31,8,0,17.5,-73,0,9.7,91,824.0000000000001,653,535.8726209458348,0,1001.8,65.88846085745257,16.323083427768584,45,,
2018,1,31,9,0,18.4,-57,0,9.9,98,886.0,786,727.5289758666721,0,1001.6,72.95277839271614,16.0636931488317,35,,
2018,1,31,10,0,18.9,-33,0,9.9,105,928.0,867,881.7879226528881,0,1001.3,80.97912866471034,15.148796854385022,27,,
2018,1,31,11,0,19.4,-1,0,9.9,111,945.0,892,986.6961806513405,0,1001,85.97893938166584,13.369336515653634,24,,
2018,1,31,12,0,19.5,32,1.8,9.9,145,955.0,811,1039.1527713353607,0,1000.8,82.44578279320314,12.507479387430656,27,,
2018,1,31,13,0,19.5,56,20.5,10,374,936.0,337,1024.1557439897151,0,1000.6,75.18832672150256,12.544018378663042,35,,
2018,1,31,14,0,19.4,72,12.7,10.2,267,903.0,375,948.9832233231466,0,1000.5,74.36759407795552,13.524180984113796,45,,
2018,1,31,15,0,19,84,0.9,10.3,108,848.0,455,814.8014501273474,0,1000.5,73.66200706375639,13.767366203920766,56,,
2018,1,31,16,0,18.2,94,0,10.4,78,759.0,291,628.2253604654317,0,1000.6,78.09556428403687,13.926718955550513,67,,
2018,1,31,17,0,17.4,103,0,10.6,51,610.0,118,402.2465696134045,0,1000.7,81.29078862831028,12.92293293553362,78,,
2018,1,31,18,0,16.8,113,0,10.6,14,335.0,21,160.0235728939437,0,1001.1,82.36160710256308,12.677185801319435,89,,
2018,1,31,19,0,16.2,123,0,10.7,0,29.0,0,7.392941383118352,0,1001.6,84.547707815727,12.47465245884637,99,,
2018,1,31,20,0,15.7,135,0,10.7,0,0.0,0,0.0,0,1002.1,91.0704642129246,12.336381516489489,108,,
2018,1,31,21,0,15.3,148,0,10.7,0,0.0,0,0.0,0,1002.3,94.1563610280444,12.368956515846792,115,,
2018,1,31,22,0,15,163,0,10.6,0,0.0,0,0.0,0,1002.2,96.55905349121927,12.584567641305808,119,,
2018,1,31,23,0,14.7,180,0,10.5,0,0.0,0,0.0,0,1002,99.25467841742544,12.182502516701836,121,,
2018,2,1,0,0,14.4,-164,0,10.3,0,0.0,0,0.0,0,1002.1,101.6018465991479,11.916316585244696,119,,
2018,2,1,1,0,14,-149,0,9.9,0,0.0,0,0.0,0,1002.2,105.96336275764033,10.908193270304029,115,,
2018,2,1,2,0,13.7,-135,0,9.5,0,0.0,0,0.0,0,1002.3,104.93041209001308,9.861493815501303,108,,
2018,2,1,3,0,13.4,-124,0,9.2,0,0.0,0,0.0,0,1002.6,105.17980580365816,9.464504854603373,99,,
2018,2,1,4,0,13.2,-113,0.7,8.9,16,0.0,14,0.0,0,1003,105.81457690034654,9.473577552904,89,,
2018,2,1,5,0,13,-104,0.4,8.6,44,189.0,120,12.000000000000012,0,1003.5,106.01454932489946,8.530010042452966,79,,
2018,2,1,6,0,13.8,-94,0,8.7,65,654.0,302,127.6304477474171,0,1003.8,107.43312473449134,7.374113457945778,68,,
2018,2,1,7,0,15.3,-84,0,9.2,76,800.0,496,334.05129517370784,0,1004,107.8038774446522,6.336674695572573,56,,
2018,2,1,8,0,16.8,-72,0.3,9.7,87,865.0,662,542.1217736548597,0,1004.3,106.04479861089568,5.122389715980041,45,,
2018,2,1,9,0,17.7,-56,14.3,9.7,317,863.0,442,712.7548786380688,0,1004.4,92.97953629684162,5.593987939345268,35,,
2018,2,1,10,0,18.1,-33,17.9,9.2,405,827.0000000000001,404,843.8257027727402,0,1004.3,76.7643703679131,6.551469979336849,27,,
2018,2,1,11,0,18.4,-1,5.6,8.7,197,729.0,763,886.5536385003273,0,1004.3,69.42583393601785,9.125238082340363,24,,
2018,2,1,12,0,18.7,31,0,8.6,92,703.0000000000001,895,914.1255527273776,0,1004.3,64.3002143045448,9.4569818494626,27,,
2018,2,1,13,0,19,55,0,8.7,91,644.0,807,871.8484112510099,0,1004.3,61.12768518322292,11.515368312526624,35,,
2018,2,1,14,0,19.2,72,0,9,87,563.0,672,770.3827038097663,0,1004.3,62.10000565055458,12.283474208747725,45,,
2018,2,1,15,0,19.1,84,0,9.3,79,558.0,499,669.1147915257504,0,1004.5,64.9049006695289,12.815423813277642,56,,
2018,2,1,16,0,18.6,94,0,9.7,67,380.0,308,452.1794536443968,0,1004.7,69.72962640075485,13.038191533698605,67,,
2018,2,1,17,0,18.1,103,0,10,46,261.0,125,265.18606503516054,0,1005,71.25968701785246,12.892486484099608,78,,
2018,2,1,18,0,17.3,113,0,10.1,13,186.0,23,118.19551826860824,0,1005.5,71.70419626756035,12.398234057424911,89,,
2018,2,1,19,0,16.5,123,0,10,0,11.0,0,4.257559715301624,0,1006.1,74.4467684996527,12.6507481896555,99,,
2018,2,1,20,0,15.6,135,0,9.9,0,0.0,0,0.0,0,1006.6,81.19523163390062,12.503053297024596,108,,
2018,2,1,21,0,15.1,148,0,10,0,0.0,0,0.0,0,1007,85.83569119645534,12.284874631143428,115,,
2018,2,1,22,0,14.8,163,0,10.3,0,0.0,0,0.0,0,1007.1,88.93053523923527,12.112461538421066,120,,
2018,2,1,23,0,14.6,180,0,10.5,0,0.0,0,0.0,0,1007.3,89.8193974427727,12.23760962325142,121,,
2018,2,2,0,0,14.3,-164,0,10.6,0,0.0,0,0.0,0,1007.5,91.38501356922713,12.22183237441454,120,,
2018,2,2,1,0,13.9,-149,0,10.5,0,0.0,0,0.0,0,1007.8,90.72946226451546,11.697725382209322,115,,
2018,2,2,2,0,13.6,-135,0,10.3,0,0.0,0,0.0,0,1008.1,92.66877664052072,11.252194394566056,108,,
2018,2,2,3,0,13.4,-124,0.2,10.2,0,0.0,0,0.0,0,1008.5,95.51802858955227,11.521653169752534,100,,
2018,2,2,4,0,13.4,-113,9.8,10,20,0.0,1,0.0,0,1009.1,98.14895339231396,11.648376416072423,90,,
2018,2,2,5,0,13.4,-104,54.5,9.9,44,96.0,1,12.000000000000004,0,1009.7,101.3203308022538,11.08056181778668,79,,
2018,2,2,6,0,14.2,-94,69.8,9.8,111,412.0,3,112.82679954793352,0,1010.2,103.31182331624524,10.626586158949344,68,,
2018,2,2,7,0,15.4,-84,35.1,9.7,232,575.0000000000001,154,295.2151908910274,0,1010.5,104.09040266579478,10.89971928595936,57,,
2018,2,2,8,0,16.7,-72,39.1,9.7,342,677.0,96,491.9384189219927,0,1010.9,106.83837600796504,9.360300785697078,46,,
2018,2,2,9,0,17.5,-56,18.5,9.5,197,811.0,538,700.0962981645696,0,1011,109.1695517437356,6.924999918059752,35,,
2018,2,2,10,0,17.9,-33,0,9.1,95,851.0,880,847.9206291372842,0,1011,96.27753919623648,4.043532548744406,28,,
2018,2,2,11,0,18.1,-1,0,8.8,93,861.0,915,945.7020484542284,0,1010.9,56.42788553335311,3.946965692705928,24,,
2018,2,2,12,0,18.3,31,0,8.7,89,835.0,892,976.406862992996,0,1010.9,61.67885310098143,6.876299821915508,27,,
2018,2,2,13,0,18.3,55,0,8.9,84,777.0,811,937.7362827331854,0,1010.9,66.97255820169903,6.9327925957975856,35,,
2018,2,2,14,0,18.4,71,0,9,79,647.0,677,810.0114155401267,0,1010.9,68.55729103075771,7.306774188148845,45,,
2018,2,2,15,0,18,83,0,9.1,73,527.0,503,647.0204609957184,0,1011.1,69.12094690289115,7.440746288120095,56,,
2018,2,2,16,0,17.3,93,0.9,9.3,68,495.0,302,503.34771262373147,0,1011.3,69.2500798672919,9.18775407932867,67,,
2018,2,2,17,0,16.6,103,0.5,9.5,46,442.0,122,335.6887577639459,0,1011.6,71.013717390328,10.39021531351437,78,,
2018,2,2,18,0,15.9,112,0,9.5,13,183.0,23,114.82773645691653,0,1011.9,75.55454967841985,11.026829460602222,89,,
2018,2,2,19,0,15.1,123,0,9.4,0,11.0,0,4.227070838795821,0,1012.2,81.63276370349178,8.742718262024603,99,,
2018,2,2,20,0,14.2,134,0,9.3,0,0.0,0,0.0,0,1012.5,85.16958004171005,9.428506835751335,108,,
2018,2,2,21,0,13.8,148,0,9.3,0,0.0,0,0.0,0,1012.6,103.2825858156981,7.959007156433079,115,,
2018,2,2,22,0,13.7,163,0.6,9.5,0,0.0,0,0.0,0,1012.6,108.2407913221058,6.948789916763625,120,,
2018,2,2,23,0,13.6,180,32.9,9.6,0,0.0,0,0.0,0,1012.5,116.40085490734248,7.048337941025786,122,,
2018,2,3,0,0,13.4,-164,51,9.8,0,0.0,0,0.0,0,1012.3,131.65924001820866,5.966339843028791,120,,
2018,2,3,1,0,13.1,-149,51.6,9.8,0,0.0,0,0.0,0,1012.1,118.34180178854176,5.07792259399806,116,,
2018,2,3,2,0,12.8,-135,51.8,9.9,0,0.0,0,0.0,0,1011.9,128.15600512862733,3.8592730056937934,109,,
2018,2,3,3,0,12.8,-123,50.8,10.1,0,0.0,0,0.0,0,1011.9,142.18346443169082,2.875685454630414,100,,
2018,2,3,4,0,13,-113,18.2,10.3,14,0.0,11,0.0,0,1012.1,163.25827279261637,2.239200170401423,90,,
2018,2,3,5,0,13.3,-103,3.8,10.4,58,110.0,88,11.000000000000009,0,1012.3,175.4775043449033,1.8979993557913823,79,,
2018,2,3,6,0,14.3,-94,40.7,10.6,132,509.0,53,115.1936302423954,0,1012.2,196.95786683303496,2.108525451255069,68,,
2018,2,3,7,0,15.8,-84,21.8,10.7,110,690.0000000000001,358,311.1103654186901,0,1011.9,201.7845498530363,1.5406910756393737,57,,
2018,2,3,8,0,17.3,-72,0,10.8,83,784.0,661,517.1724912904405,0,1011.7,207.47276622073707,1.192318876334714,46,,
2018,2,3,9,0,18.1,-56,0,10.8,86,834.0,801,702.0232661508649,0,1011.2,241.6527554163465,0.8355449931518992,36,,
2018,2,3,10,0,18.3,-33,0.1,10.8,89,862.0,886,845.0637937274134,0,1010.7,296.6493191481842,0.965069640122385,28,,
2018,2,3,11,0,18.3,-1,6.4,10.7,220,853.0,723,933.9094885520605,0,1010.2,303.43288679248417,1.3878478705286674,25,,
2018,2,3,12,0,18,31,10.4,10.6,295,864.0,581,984.8821396057292,0,1009.9,316.0968785971327,2.2455100321039154,28,,
2018,2,3,13,0,17.5,55,10.6,10.5,278,873.0,517,984.4210712322306,0,1009.7,355.43597907726814,2.647800357664252,35,,
2018,2,3,14,0,16.9,71,3.8,10.5,153,814.0,565,894.9407702384036,0,1009.5,31.136424630661736,4.209731578662683,45,,
2018,2,3,15,0,16.2,83,0.9,10.3,85,759.0,480,762.0926052382337,0,1009.4,45.87538979803628,5.717598022584772,56,,
2018,2,3,16,0,15.4,93,46.4,10,81,678.0,148,584.5664868925114,0,1009.5,49.3226552539482,5.306830179916774,67,,
2018,2,3,17,0,14.5,103,56.1,9.7,58,551.0,0,373.83240702014456,0,1009.5,58.98847505116919,7.834423196505123,79,,
2018,2,3,18,0,14.1,112,50.6,9.4,16,293.0,0,143.0164800038287,0,1009.5,64.53475122282651,8.845453068017726,89,,
2018,2,3,19,0,13.9,123,72,9.1,0,17.0,0,4.847628709170055,0,1009.5,68.27262669793811,8.806300481782879,99,,
2018,2,3,20,0,13.8,134,82.3,8.8,0,0.0,0,0.0,0,1009.5,75.34901054455952,9.106149956461923,108,,
2018,2,3,21,0,13.7,148,81.7,8.7,0,0.0,0,0.0,0,1009.5,79.44619817890992,8.729460321341131,115,,
2018,2,3,22,0,13.5,163,73.5,8.8,0,0.0,0,0.0,0,1009.5,85.4347696365449,8.278706735869132,120,,
2018,2,3,23,0,13.3,179,69.2,8.9,0,0.0,0,0.0,0,1009.5,87.81941868149562,7.911490671134858,122,,
2018,2,4,0,0,13.1,-164,69.3,8.6,0,0.0,0,0.0,0,1009.6,88.82360710441134,7.5155000775397935,120,,
2018,2,4,1,0,12.8,-149,72.6,8,0,0.0,0,0.0,0,1009.7,87.59475739382941,7.905890916502917,116,,
2018,2,4,2,0,12.5,-135,58.5,7.4,0,0.0,0,0.0,0,1009.8,85.79866670828619,7.647993302816437,109,,
2018,2,4,3,0,12.2,-123,50,6.8,0,0.0,0,0.0,0,1010.1,81.82095360316782,8.04323899054566,100,,
2018,2,4,4,0,12,-113,18.2,6.3,12,0.0,14,0.0,0,1010.7,80.62499315779331,8.322587987085745,90,,
2018,2,4,5,0,11.9,-103,0.7,5.7,39,125.0,119,10.000000000000009,0,1011.3,83.36993569926477,8.308002678669382,79,,
2018,2,4,6,0,12.5,-94,0.4,5.4,56,569.0000000000001,308,114.99533372324196,0,1011.7,81.78646099322106,8.464263589831818,68,,
2018,2,4,7,0,13.7,-84,0,5.1,63,748.0,510,316.1117637674877,0,1011.9,74.16843760287543,7.79824557136036,57,,
2018,2,4,8,0,15,-72,0,4.9,68,834.0,689,525.1532960180512,0,1012.1,72.71411300418902,7.507286863156553,46,,
2018,2,4,9,0,15.8,-56,0,4.7,71,878.0,829,711.7091020010968,0,1012.1,69.15106187750462,7.780966270973013,36,,
2018,2,4,10,0,16.2,-32,0.1,4.5,75,916.0,915,866.4411043912182,0,1012,64.80484488757577,8.357618289929697,28,,
2018,2,4,11,0,16.6,-1,5.3,4.4,187,929.0,780,969.5056143094636,0,1011.9,59.02294242468838,9.378661648612388,25,,
2018,2,4,12,0,16.9,30,3,4.5,139,927.0,822,1015.8829360938712,0,1011.8,56.48536566280762,10.592913912522803,28,,
2018,2,4,13,0,17.1,54,0,4.7,76,909.0,825,1000.2522753259929,0,1011.8,57.988278544130935,11.22896442720729,35,,
2018,2,4,14,0,17.3,71,0,4.9,75,876.0,682,925.6764902754568,0,1011.8,59.62238735873831,12.09848493596064,45,,
2018,2,4,15,0,17.1,83,0.3,5.3,74,822.0000000000001,499,791.9939896198115,0,1012,62.13108928288699,12.820967876599084,56,,
2018,2,4,16,0,16.6,93,16.9,5.8,137,735.0,181,607.4369053652013,0,1012.3,64.95986011216218,13.26857828261836,68,,
2018,2,4,17,0,16.1,102,44.6,6.3,88,586.0,15,383.1452048743025,0,1012.6,67.76129440799559,13.460221221163012,79,,
2018,2,4,18,0,15.2,112,19.9,6.7,15,311.0,0,145.51657688970397,0,1013.1,69.46877997096232,12.860068702295472,90,,
2018,2,4,19,0,14.1,122,0,7.1,0,17.0,0,4.797262917867757,0,1013.7,74.9573592812045,12.662419510855749,100,,
2018,2,4,20,0,13,134,0,7.4,0,0.0,0,0.0,0,1014.2,79.10996853678341,12.432880696359792,108,,
2018,2,4,21,0,12.4,147,0,7.8,0,0.0,0,0.0,0,1014.5,85.2358009193785,12.504629898939609,116,,
2018,2,4,22,0,12.1,163,0,8.1,0,0.0,0,0.0,0,1014.5,85.14678355787026,12.047833658115255,120,,
2018,2,4,23,0,11.9,179,0,8.4,0,0.0,0,0.0,0,1014.4,80.39995210528815,11.60465139761194,122,,
2018,2,5,0,0,11.7,-164,0,8.5,0,0.0,0,0.0,0,1014.4,84.99482041479587,11.21561879104438,121,,
2018,2,5,1,0,11.4,-148,0,8.6,0,0.0,0,0.0,0,1014.4,97.09464825632584,10.62677428072793,116,,
2018,2,5,2,0,11.2,-135,0,8.6,0,0.0,0,0.0,0,1014.4,92.12083055134792,9.73738294452733,109,,
2018,2,5,3,0,11.3,-123,0,8.7,0,0.0,0,0.0,0,1014.7,98.01783121206336,8.45767625282833,100,,
2018,2,5,4,0,11.5,-113,0,8.7,12,0.0,11,0.0,0,1015.3,103.4275577889581,7.4299083801232335,90,,
2018,2,5,5,0,11.8,-103,0.9,8.7,43,130.0,103,10.000000000000009,0,1015.8,111.81487289477786,6.94562240612895,80,,
2018,2,5,6,0,13.1,-94,0.5,8.5,65,628.0,278,114.28587516455462,0,1016.2,114.39084618324596,6.604867615690605,68,,
2018,2,5,7,0,15,-83,0,8.3,76,791.0,469,319.7822933338375,0,1016.6,108.72409107989222,5.293331097238839,57,,
2018,2,5,8,0,17.1,-71,0,8.1,85,867.0,641,530.2324142029515,0,1016.9,100.73625255397576,5.107223582749218,46,,
2018,2,5,9,0,18.1,-55,0,7.8,92,826.0000000000001,776,687.3864686028357,0,1016.8,94.3002049715078,4.291377681273879,36,,
2018,2,5,10,0,18.5,-32,0,7.5,98,785.0,861,808.9496351790496,0,1016.6,69.12618727116427,4.116619910651619,28,,
2018,2,5,11,0,18.7,-1,0,7.2,102,778.0,891,896.3299455734759,0,1016.4,56.10899043295433,5.734262085928111,25,,
2018,2,5,12,0,19,30,0,7.4,104,748.0,861,922.6221390050748,0,1016.1,51.887937054693,6.975711552753127,28,,
2018,2,5,13,0,19.3,54,0,7.8,102,718.0,776,897.5235827011393,0,1015.8,45.711778751667566,6.461997580597465,36,,
2018,2,5,14,0,19.6,70,0,8.3,96,669.0,643,813.9174787236426,0,1015.5,50.38233978534532,8.1015021267649,45,,
2018,2,5,15,0,19.4,82,0,8.9,86,654.0,474,706.1790079233156,0,1015.5,56.58396241390994,9.075126303694988,56,,
2018,2,5,16,0,18.9,93,0,9.6,70,560.0,288,526.3477193001452,0,1015.6,68.6935404424728,10.989666118882516,68,,
2018,2,5,17,0,18.4,102,0,10.4,45,435.0,114,326.10022605001063,0,1015.7,70.96948422119374,10.12361842313346,79,,
2018,2,5,18,0,17.4,112,0,10.6,12,234.0,20,123.19897480302744,0,1015.9,75.60887624548195,10.39174950616872,90,,
2018,2,5,19,0,16.1,122,0,10.6,0,12.0,0,3.231983135854823,0,1016.2,83.25447282087543,8.540566276211619,100,,
2018,2,5,20,0,14.8,134,0,10.6,0,0.0,0,0.0,0,1016.4,86.01248056085444,9.275628069796214,109,,
2018,2,5,21,0,13.9,147,0,10.6,0,0.0,0,0.0,0,1016.5,100.49722835785622,8.148832295144574,116,,
2018,2,5,22,0,13.3,163,0,10.7,0,0.0,0,0.0,0,1016.5,112.98545478828976,7.057929885458977,121,,
2018,2,5,23,0,12.8,179,0,10.8,0,0.0,0,0.0,0,1016.5,154.4860506774362,7.273248835983972,122,,
2018,2,6,0,0,12.4,-164,0,10.7,0,0.0,0,0.0,0,1016.5,187.611569068112,10.922657571569742,121,,
2018,2,6,1,0,12.3,-148,0,10.6,0,0.0,0,0.0,0,1016.6,194.9936824184648,11.056099500219435,116,,
2018,2,6,2,0,12.2,-135,0,10.5,0,0.0,0,0.0,0,1016.7,202.85499325015172,11.065522863891111,109,,
2018,2,6,3,0,12.5,-123,0,10.8,0,0.0,0,0.0,0,1016.9,206.72320276303577,10.48215449166134,101,,
2018,2,6,4,0,13.2,-112,0,11.3,11,0.0,10,0.0,0,1017.3,208.93272496573883,10.434137865029877,91,,
2018,2,6,5,0,14,-103,0.8,11.9,43,91.0,101,9.000000000000005,0,1017.6,211.39861226166363,10.090110078221583,80,,
2018,2,6,6,0,15.6,-93,0.5,12.3,65,507.0,278,106.5311834023846,0,1017.8,213.61112772656543,10.66485268875607,69,,
2018,2,6,7,0,17.7,-83,0,12.5,77,703.0000000000001,471,303.3518370367468,0,1017.9,213.04761187029968,11.014931136118188,57,,
2018,2,6,8,0,20,-71,0,12.7,85,834.0,646,521.895426904787,0,1018,214.0597903426093,10.944655039915906,46,,
2018,2,6,9,0,21,-55,0,12.6,91,872.0,783,707.0217849351538,0,1017.7,212.54206133963143,10.581784349323277,36,,
2018,2,6,10,0,21.3,-32,0,12.3,95,897.0,871,855.4814061160366,0,1017.1,210.68980971045727,11.147744804841707,29,,
2018,2,6,11,0,21.4,-1,0,11.9,96,901.0,902,953.3897056762536,0,1016.5,210.4225625299336,11.649360093154757,26,,
2018,2,6,12,0,21.5,30,0,11.8,97,894.0,873,996.0713979243656,0,1015.9,209.92953697308155,11.904761819623763,28,,
2018,2,6,13,0,21.6,53,0,12,94,870.0,788,977.1108882061344,0,1015.3,207.2562952760458,12.47113551597816,36,,
2018,2,6,14,0,21.7,70,0,12.2,88,836.0,654,900.5858617058437,0,1014.7,205.37430535811177,12.110464748447022,46,,
2018,2,6,15,0,21.2,82,0,12.5,79,785.0,484,769.9699496424921,0,1014.3,205.15049158595647,12.454698118646316,57,,
2018,2,6,16,0,20.4,92,0,12.8,65,696.0000000000001,294,586.1877264367677,0,1014,204.87674430961465,12.336811815023989,68,,
2018,2,6,17,0,19.6,102,0,13.2,43,542.0,116,363.355173020036,0,1013.7,203.9602607486931,12.110754576822249,79,,
2018,2,6,18,0,18.6,112,0,13.2,12,263.0,20,128.8846317743613,0,1013.6,200.6037808856288,11.489552795540192,90,,
2018,2,6,19,0,17.4,122,0,12.9,0,9.0,0,2.895655834048548,0,1013.6,201.8030969180627,10.77545256162139,100,,
2018,2,6,20,0,16.3,134,0,12.5,0,0.0,0,0.0,0,1013.6,202.14641286425527,11.120478070028692,109,,
2018,2,6,21,0,15.9,147,0,12.5,0,0.0,0,0.0,0,1013.3,201.2372394227164,11.519880424684418,116,,
2018,2,6,22,0,15.9,163,0,12.7,0,0.0,0,0.0,0,1012.8,202.11926224434853,11.637238049452796,121,,
2018,2,6,23,0,16,179,0,13,0,0.0,0,0.0,0,1012.3,203.14852513818607,11.99662319246002,123,,
2018,2,7,0,0,16.1,-164,0,13.2,0,0.0,0,0.0,0,1011.7,203.4009173086204,12.291782095200109,121,,
2018,2,7,1,0,16.1,-148,0,13.5,0,0.0,0,0.0,0,1011.1,201.59514119028003,12.807167676511888,117,,
2018,2,7,2,0,16.1,-135,0,13.8,0,0.0,0,0.0,0,1010.5,200.7836121255818,13.223267951012687,110,,
2018,2,7,3,0,16.4,-123,0,14.1,0,0.0,0,0.0,0,1010.1,200.27024666107224,13.668267215458291,101,,
2018,2,7,4,0,16.9,-112,0.7,14.4,12,0.0,4,0.0,0,1009.9,196.2738397077999,14.07543008606271,91,,
2018,2,7,5,0,17.4,-103,34.1,14.7,64,47.0,2,8.000000000000004,0,1009.7,195.45192964121995,14.88596361898143,80,,
2018,2,7,6,0,18.6,-93,38,15.1,195,318.0,14,92.1330013456028,0,1009.5,193.8506619457455,14.99056848806004,69,,
2018,2,7,7,0,20.2,-83,37.5,15.5,307,705.0,11,299.4262673082063,0,1009.3,194.15579290172016,15.608231749876992,58,,
2018,2,7,8,0,22,-71,28.4,15.8,374,824.0000000000001,129,513.854214383128,0,1009,193.4807152625636,16.0129593728942,47,,
2018,2,7,9,0,23,-55,25.6,15.8,482,867.0,130,700.461837564596,0,1008.6,192.99551139547503,16.40779032787906,37,,
2018,2,7,10,0,23.5,-32,24.4,15.6,524,846.0,164,849.1705705700261,0,1008.1,195.42659770657772,16.455403709020473,29,,
2018,2,7,11,0,24,-1,15.3,15.3,418,847.0,380,945.67374672084,0,1007.5,195.7291701373127,16.45732794258116,26,,
2018,2,7,12,0,24.3,30,53.7,15.2,260,833.0,173,983.3375671270442,0,1006.9,194.64867399463964,15.74949102676823,29,,
2018,2,7,13,0,24.4,53,85.9,15.2,122,808.0,0,962.3294543032532,0,1006.4,193.298647888926,15.956447746599506,36,,
2018,2,7,14,0,24.5,70,88.9,15.3,71,760.0,5,877.7071363159522,0,1005.8,191.51396160231465,15.570168539971345,46,,
2018,2,7,15,0,24,82,32.5,15.5,92,652.0,228,715.6016682974083,0,1005.5,191.55588462027976,14.890455849438318,57,,
2018,2,7,16,0,23,92,40.5,15.9,101,507.0,128,509.0971953369663,0,1005.5,191.31714479028705,14.453893337962556,68,,
2018,2,7,17,0,21.9,102,46.6,16.2,66,283.0,0,268.5520309968908,0,1005.5,190.13065332215228,14.716998346338103,79,,
2018,2,7,18,0,20.6,111,13.5,16.3,17,48.0,0,60.7051858672866,0,1005.6,189.05306586383892,14.862633593530738,90,,
2018,2,7,19,0,19.1,122,0,16.1,0,2.0,0,1.1925584057993968,0,1005.8,190.18522288100365,14.067387610993764,100,,
2018,2,7,20,0,17.7,133,0,16,0,0.0,0,0.0,0,1006,188.9964091081657,14.73843907833647,109,,
2018,2,7,21,0,16.9,147,0,15.7,0,0.0,0,0.0,0,1006.1,191.41402283326207,15.022444134273629,116,,
2018,2,7,22,0,16.5,162,0,15.3,0,0.0,0,0.0,0,1006,192.1286614769025,15.041814222386986,121,,
2018,2,7,23,0,16.2,179,0,14.8,0,0.0,0,0.0,0,1005.9,191.2310737519228,14.610857426302896,123,,
2018,2,8,0,0,15.9,-164,0,14.4,0,0.0,0,0.0,0,1005.9,188.48187981080977,14.615668549716446,121,,
2018,2,8,1,0,15.7,-148,0,13.9,0,0.0,0,0.0,0,1006,188.0192629748328,14.385299550472162,117,,
2018,2,8,2,0,15.4,-134,0,13.4,0,0.0,0,0.0,0,1006.1,184.4879276225022,13.912286157755418,110,,
2018,2,8,3,0,15.4,-123,0,13.1,0,0.0,0,0.0,0,1006.4,181.7651495228692,13.02229260341922,101,,
2018,2,8,4,0,15.4,-112,0,12.9,11,0.0,6,0.0,0,1006.9,178.49648972929754,12.561453571672446,91,,
2018,2,8,5,0,15.5,-102,1,12.7,48,11.0,84,6.000000000000001,0,1007.5,172.93059980477506,10.13884502594458,80,,
2018,2,8,6,0,16.1,-93,0.5,12.6,76,28.0,250,47.75924415824994,0,1008,175.36524948517945,8.985681525060114,69,,
2018,2,8,7,0,17.1,-83,0,12.6,87,39.0,445,121.79018590466204,0,1008.5,158.70955081875854,9.501487054009328,58,,
2018,2,8,8,0,18.1,-70,0,12.6,90,37.0,625,191.1301724043459,0,1009.1,148.23273116852994,6.762591261080451,47,,
2018,2,8,9,0,18.6,-54,0,12.4,91,28.0,770,235.88808100570608,0,1009.5,130.61234874026547,3.1568784276973503,37,,
2018,2,8,10,0,18.6,-32,0,11.9,89,75.0,869,403.5760195487837,0,1009.9,176.71141421872437,2.932318988263966,29,,
2018,2,8,11,0,18.6,-1,0,11.4,86,60.0,910,421.40533546567457,0,1010.2,243.34738033869644,1.9288292493627253,26,,
2018,2,8,12,0,18.4,29,0,10.7,82,114.0,890,529.8686056658436,0,1010.7,336.54568302241057,3.1890213458607914,29,,
2018,2,8,13,0,18.2,53,0,9.9,78,163.0,809,570.3463532446513,0,1011.2,47.08510038893678,9.64140410652381,36,,
2018,2,8,14,0,17.9,69,0,9.1,74,101.0,676,447.1046668900789,0,1011.7,47.80426505943683,9.523682641996423,46,,
2018,2,8,15,0,17.4,82,0,8.5,68,142.0,500,414.0244657107268,0,1012.2,48.526360708007815,9.037556858332364,57,,
2018,2,8,16,0,16.7,92,0,8.2,58,419.0,303,469.43812065336897,0,1012.8,56.33948791016155,9.844981818858033,68,,
2018,2,8,17,0,16,101,0,7.9,39,75.0,118,160.915079314368,0,1013.3,62.5710048448131,10.521415513363683,79,,
2018,2,8,18,0,15.3,111,0,7.8,11,10.0,19,31.824195574971096,0,1013.9,67.47055629979792,10.472049549006142,90,,
2018,2,8,19,0,14.6,121,0,7.8,0,0.0,0,1.0,0,1014.5,66.73180937129263,11.37407550880092,100,,
2018,2,8,20,0,13.9,133,0,7.8,0,0.0,0,0.0,0,1015.1,71.86509045601736,10.836122234835262,109,,
2018,2,8,21,0,13.6,147,0,7.9,0,0.0,0,0.0,0,1015.4,75.03311178472421,10.313506282492307,117,,
2018,2,8,22,0,13.6,162,0,8.2,0,0.0,0,0.0,0,1015.6,70.74860305223632,10.41904875825255,122,,
2018,2,8,23,0,13.6,179,0,8.4,0,0.0,0,0.0,0,1015.8,74.12949792390145,9.749053627937233,123,,
2018,2,9,0,0,13.6,-164,0,8.8,0,0.0,0,0.0,0,1016,76.25880367557522,8.94598829890014,122,,
2018,2,9,1,0,13.5,-148,0,9.3,0,0.0,0,0.0,0,1016.1,73.88601827576679,8.479636989237115,117,,
2018,2,9,2,0,13.4,-134,0,9.9,0,0.0,0,0.0,0,1016.2,77.73016499012175,8.336919671269353,110,,
2018,2,9,3,0,13.5,-122,0.6,10.4,0,0.0,0,0.0,0,1016.6,75.10933570127668,7.78284827061206,101,,
2018,2,9,4,0,13.7,-112,33.8,10.9,6,0.0,0,0.0,0,1017.2,75.65899462165243,7.569871320752034,91,,
2018,2,9,5,0,14,-102,63.5,11.5,36,44.0,0,8.000000000000004,0,1017.8,76.35414439698098,8.212532160825189,80,,
2018,2,9,6,0,14.7,-93,73.9,12,77,390.0,0,98.09036122109156,0,1018.2,75.18653588119531,8.55585238394569,69,,
2018,2,9,7,0,15.9,-82,66.7,12.4,176,648.0,0,295.41128411779243,0,1018.5,75.86029075696268,8.787726627129832,58,,
2018,2,9,8,0,17.1,-70,63.5,12.7,251,762.0,0,507.7499879356423,0,1018.8,83.38309430087793,7.9494370938993715,47,,
2018,2,9,9,0,17.7,-54,57.8,12.9,356,816.0000000000001,1,697.7635969700516,0,1018.9,93.78175506237407,6.995946412955163,37,,
2018,2,9,10,0,17.8,-31,39.1,12.9,504,904.0,66,850.4193467482626,0,1018.8,95.83415399280148,4.798782068946803,30,,
2018,2,9,11,0,18,-1,21.7,12.8,465,907.0,290,948.654549960374,0,1018.7,64.20718467750692,3.791287529857407,26,,
2018,2,9,12,0,18.1,29,6.1,12.7,225,896.0,654,989.4725255082128,0,1018.5,45.023971122153,4.126286074975562,29,,
2018,2,9,13,0,18.4,52,7.6,12.4,231,871.0,558,969.9254392490528,0,1018.4,46.98388031703604,7.315585915788211,36,,
2018,2,9,14,0,18.6,69,23.2,12.1,358,831.0000000000001,196,890.4255860244124,0,1018.2,43.24141121873544,7.200481674520143,46,,
2018,2,9,15,0,18.4,81,21.2,11.9,288,770.0,127,754.8107362251563,0,1018.1,42.66198461433862,6.538066578523722,57,,
2018,2,9,16,0,18,92,6.2,11.8,130,677.0,175,568.813088104981,0,1018,41.19544024316957,6.223341746626801,68,,
2018,2,9,17,0,17.6,101,13.5,11.7,62,520.0,66,346.5487149936436,0,1017.9,47.60945764682708,5.862151950191742,80,,
2018,2,9,18,0,17.1,111,7.5,11.6,20,244.0,0,118.12974710195545,0,1018,56.99501965366966,5.340319112116999,90,,
2018,2,9,19,0,16.4,121,0,11.4,0,5.0,0,1.4476992853029034,0,1018.2,62.74717219281956,5.575722767503283,101,,
2018,2,9,20,0,15.7,133,0,11.1,0,0.0,0,0.0,0,1018.4,76.97159706332292,5.120330736245958,110,,
2018,2,9,21,0,15.4,147,0,11,0,0.0,0,0.0,0,1018.2,96.87537223148551,3.732160645929471,117,,
2018,2,9,22,0,15.3,162,0,11,0,0.0,0,0.0,0,1017.8,137.69492092699124,2.008394995477493,122,,
2018,2,9,23,0,15.2,179,0,11,0,0.0,0,0.0,0,1017.3,191.85356369762133,2.1144243769415345,124,,
2018,2,10,0,0,15.2,-164,0,11,0,0.0,0,0.0,0,1017,203.65717283091223,4.293691183850664,122,,
2018,2,10,1,0,15.2,-148,0,11,0,0.0,0,0.0,0,1016.7,212.32999076788923,6.139183904234321,118,,
2018,2,10,2,0,15.1,-134,0,11,0,0.0,0,0.0,0,1016.4,224.37982466292644,8.166042514876276,110,,
2018,2,10,3,0,15.3,-122,0,11.1,0,0.0,0,0.0,0,1016.3,221.55286889838416,9.302441099206453,102,,
2018,2,10,4,0,15.5,-112,0.4,11.3,10,0.0,2,0.0,0,1016.4,222.3059195836388,9.692516889053165,91,,
2018,2,10,5,0,15.8,-102,20,11.5,83,61.0,3,7.000000000000004,0,1016.5,220.96302379991985,10.431538809726009,81,,
2018,2,10,6,0,16.6,-92,19.3,11.8,160,450.0,99,92.01373863562075,0,1016.5,224.80578380248383,11.102468889833228,70,,
2018,2,10,7,0,17.8,-82,26.1,12.1,307,553.0,61,263.963829340436,0,1016.4,224.9624734161228,10.80668625235082,58,,
2018,2,10,8,0,19.1,-70,32.2,12.5,434,682.0,35,463.93309350981366,0,1016.3,229.05302923614244,10.358538439935522,47,,
2018,2,10,9,0,19.9,-54,31.2,12.8,512,838.0,58,680.4818205851745,0,1016,222.27123584407747,10.35628706879966,37,,
2018,2,10,10,0,20.4,-31,28.8,13,539,822.0000000000001,115,829.6196527226367,0,1015.5,223.6411675720714,10.905216949636332,30,,
2018,2,10,11,0,20.9,-1,51.8,13.2,405,827.0000000000001,52,926.5138287421944,0,1015,221.68393861223427,11.317120409372569,27,,
2018,2,10,12,0,21.2,29,61.6,13.5,354,734.0,0,923.2821427346604,0,1014.6,225.7732118235185,9.54335786929448,29,,
2018,2,10,13,0,21.4,52,61.9,13.7,320,142.0,0,533.8030674839579,0,1014.2,245.955732613789,8.909547730654383,37,,
2018,2,10,14,0,21.6,69,65,13.9,246,94.0,0,425.673130244561,0,1013.9,267.7438525503752,7.348958497798781,46,,
2018,2,10,15,0,21.3,81,70.3,14.3,158,324.0,0,531.8057277975644,0,1013.7,332.04974547368835,7.4116523209734595,57,,
2018,2,10,16,0,20.7,91,67.3,14.6,100,135.0,0,298.13377145888575,0,1013.5,15.865140525049526,8.738635465684135,69,,
2018,2,10,17,0,20,101,53.3,15,52,44.0,0,127.22065522176894,0,1013.4,29.73827054742253,8.398568781336756,80,,
2018,2,10,18,0,19.4,111,17,15.2,12,27.0,0,45.4500568281126,0,1013.3,3.6120729605903534,6.909477800064315,91,,
2018,2,10,19,0,18.7,121,0,15.3,0,0.0,0,0.0,0,1013.2,359.01155563570507,11.987135311880184,101,,
2018,2,10,20,0,18.1,133,0,15.5,0,0.0,0,0.0,0,1013.2,2.5551404418488914,13.099449510510311,110,,
2018,2,10,21,0,17.6,146,0,15.7,0,0.0,0,0.0,0,1012.8,17.649449415108563,14.36616617236885,117,,
2018,2,10,22,0,17.4,162,0,15.9,0,0.0,0,0.0,0,1012.1,52.068030461717626,12.09929544135495,122,,
2018,2,10,23,0,17.1,179,0,16.1,0,0.0,0,0.0,0,1011.4,55.73163946062459,13.135999523192018,124,,
2018,2,11,0,0,17,-164,0.6,16.3,0,0.0,0,0.0,0,1010.8,54.12094783887824,13.756744533941127,122,,
2018,2,11,1,0,17,-148,32.8,16.4,0,0.0,0,0.0,0,1010.2,51.14753664252811,13.618650168533977,118,,
2018,2,11,2,0,17,-134,18.4,16.6,0,0.0,0,0.0,0,1009.7,50.6440430196414,13.635441029903054,111,,
2018,2,11,3,0,17.1,-122,0,16.8,0,0.0,0,0.0,0,1009.4,53.69926694833725,13.935257874601769,102,,
2018,2,11,4,0,17.4,-111,0.8,16.9,8,0.0,1,0.0,0,1009.2,60.2465646127074,14.400929469751668,92,,
2018,2,11,5,0,17.7,-102,42.2,17.1,42,25.0,1,6.000000000000002,0,1008.9,63.396160711413415,14.192593111976226,81,,
2018,2,11,6,0,18.5,-92,71,17.3,84,309.0,0,86.05955985858327,0,1008.8,65.81660768384177,13.431176239013496,70,,
2018,2,11,7,0,19.7,-82,66.7,17.4,174,568.0000000000001,0,271.63728217313763,0,1008.7,64.05268225126963,12.861413861266293,58,,
2018,2,11,8,0,20.9,-70,57.9,17.5,291,603.0,0,452.04977288751184,0,1008.6,62.16727812637765,12.629232247248506,48,,
2018,2,11,9,0,21.5,-54,54.8,17.2,372,731.0,0,654.3935221582478,0,1008.5,60.62138683872263,12.529550836714275,38,,
2018,2,11,10,0,21.5,-31,55.4,16.6,405,854.0,1,828.7835046880737,0,1008.4,60.13833578954336,12.301479231364716,30,,
2018,2,11,11,0,21.5,-1,40.4,15.9,518,887.0,44,940.282698777531,0,1008.3,59.19961885163531,11.717638222408375,27,,
2018,2,11,12,0,21.2,28,59.6,15.4,348,874.0,25,980.4778664701538,0,1008.3,57.46257481814018,11.468268865112984,30,,
2018,2,11,13,0,20.5,52,65.2,14.9,281,839.0,0,955.094222155912,0,1008.5,52.039109881746754,12.02478730158347,37,,
2018,2,11,14,0,19.9,68,73.6,14.4,186,788.0,1,868.8662484215175,0,1008.6,50.5924566578833,11.946823119405842,47,,
2018,2,11,15,0,19.1,81,44.2,14,213,722.0,43,729.5709289216838,0,1009.1,51.62076147884511,12.014275845902992,58,,
2018,2,11,16,0,18.2,91,58.3,13.7,131,607.0,24,535.5351346356817,0,1009.7,53.258199126605234,11.597099295965291,69,,
2018,2,11,17,0,17.3,101,70.2,13.4,32,440.0,0,314.83152143250624,0,1010.3,49.96808748039348,11.402467079449623,80,,
2018,2,11,18,0,16.5,110,23.7,12.9,8,195.0,0,101.1460858713412,0,1010.8,48.87902580704122,10.676982015113516,91,,
2018,2,11,19,0,15.8,121,0,12.3,0,2.0,0,1.16492705371084,0,1011.3,44.93345245238476,11.742020111515252,101,,
2018,2,11,20,0,15.2,133,0,11.6,0,0.0,0,0.0,0,1011.7,46.25441147635536,10.787690077440898,110,,
2018,2,11,21,0,14.7,146,0,11.1,0,0.0,0,0.0,0,1012.2,46.20035343381335,9.814814109426516,117,,
2018,2,11,22,0,14.3,162,0,10.6,0,0.0,0,0.0,0,1012.6,44.62523913093935,9.105748290521332,122,,
2018,2,11,23,0,14,179,0,10.2,0,0.0,0,0.0,0,1013.1,36.78318147999124,8.872080473823166,124,,
2018,2,12,0,0,13.7,-164,0,9.6,0,0.0,0,0.0,0,1013.5,29.48301160589613,9.143266296238895,123,,
2018,2,12,1,0,13.4,-148,0,8.9,0,0.0,0,0.0,0,1014,23.39975098232117,10.126013154684712,118,,
2018,2,12,2,0,13.1,-134,0,8.1,0,0.0,0,0.0,0,1014.5,22.57944377256468,9.929314369976533,111,,
2018,2,12,3,0,12.9,-122,0,7.6,0,0.0,0,0.0,0,1015.2,24.060605616538624,10.017063986707464,102,,
2018,2,12,4,0,12.8,-111,0,7.2,6,0.0,6,0.0,0,1015.9,24.1693731121253,9.364076178795498,92,,
2018,2,12,5,0,12.7,-101,0.8,6.7,32,33.0,102,6.000000000000002,0,1016.6,24.916069871140223,10.384765719703788,81,,
2018,2,12,6,0,13.7,-92,1.7,6.6,61,285.0,271,79.7849861002981,0,1017,24.060605616538624,10.017063986707464,70,,
2018,2,12,7,0,15.4,-81,24.2,6.6,263,316.0,135,216.90852418844463,0,1017.2,22.16717797608601,9.225066326130356,59,,
2018,2,12,8,0,17.2,-69,48.5,6.6,359,281.0,10,339.8731190042019,0,1017.3,20.76508811698613,8.936191069514976,48,,
2018,2,12,9,0,18.2,-53,36.5,7.1,422,173.0,139,396.2839278181186,0,1017.2,18.988337700843942,8.968748943315504,38,,
2018,2,12,10,0,18.7,-31,49.9,8,396,81.0,78,410.1265579266751,0,1017,16.713111815857815,8.985280719382864,30,,
2018,2,12,11,0,19.1,-1,80.2,8.8,194,53.0,0,403.9724901518593,0,1016.8,12.120686529741306,8.929780096873918,27,,
2018,2,12,12,0,19.3,28,64.3,9.4,332,47.0,0,404.52637671508313,0,1016.7,10.181131643692028,9.546809669183688,30,,
2018,2,12,13,0,19.4,51,49,9.7,435,64.0,0,430.82385075267695,0,1016.6,11.782325134462326,10.406766128341696,37,,
2018,2,12,14,0,19.5,68,45.4,10,386,106.0,0,450.2896875306734,0,1016.5,35.23306898146029,9.208640296632629,47,,
2018,2,12,15,0,19.2,80,39,10.4,320,197.0,0,454.766031788686,0,1016.5,52.40691212849521,8.913209999770004,58,,
2018,2,12,16,0,18.5,91,48.8,10.7,175,283.0,0,393.7077690868919,0,1016.7,52.49860688291199,9.480800454679336,69,,
2018,2,12,17,0,17.8,100,38.7,11.1,66,214.0,0,230.98893968460052,0,1016.9,52.299609890877264,9.163071939018003,80,,
2018,2,12,18,0,17.1,110,10.5,11.2,15,99.0,0,74.63788460817347,0,1017.2,51.9388421261981,8.652407185685778,91,,
2018,2,12,19,0,16.4,121,0,11.2,0,1.0,0,1.0788048411359792,0,1017.5,51.92529902447427,8.415825378434858,101,,
2018,2,12,20,0,15.6,132,0,11.1,0,0.0,0,0.0,0,1017.8,57.27858814670941,7.057455928528404,110,,
2018,2,12,21,0,15.2,146,0,10.9,0,0.0,0,0.0,0,1017.7,54.81309858185341,7.162220496570991,118,,
2018,2,12,22,0,14.9,162,0,10.5,0,0.0,0,0.0,0,1017.4,51.56997651138386,7.073325173927272,123,,
2018,2,12,23,0,14.7,179,0,10.1,0,0.0,0,0.0,0,1017,42.74622824099436,6.7823194416406825,125,,
2018,2,13,0,0,14.6,-163,0,9.8,0,0.0,0,0.0,0,1016.6,39.69039962691323,6.391385142812928,123,,
2018,2,13,1,0,14.5,-147,0,9.7,0,0.0,0,0.0,0,1016.3,35.85753704687119,6.68522320520258,118,,
2018,2,13,2,0,14.4,-134,0,9.6,0,0.0,0,0.0,0,1016,33.28252871414884,5.883207558668915,111,,
2018,2,13,3,0,14.5,-121,0,9.7,0,0.0,0,0.0,0,1016.1,27.22715348996224,4.828176559864273,102,,
2018,2,13,4,0,14.6,-111,0.8,9.9,6,0.0,0,0.0,0,1016.4,26.15853021463579,4.062583570354373,92,,
2018,2,13,5,0,14.9,-101,42.9,10.1,38,12.0,0,5.000000000000001,0,1016.7,28.54269725372984,3.179665324065838,81,,
2018,2,13,6,0,15.6,-92,43.5,10.4,177,106.0,1,65.74622645681879,0,1016.8,35.48092353359522,2.435383550311624,70,,
2018,2,13,7,0,16.8,-81,25.7,10.7,307,220.0,54,202.3786915476624,0,1016.7,183.0905491786785,3.1200163393632048,59,,
2018,2,13,8,0,18.1,-69,34.9,11.1,392,410.0,30,398.1075732718061,0,1016.5,190.08900820567305,2.6201050395875907,48,,
2018,2,13,9,0,18.8,-53,43.6,11.4,447,604.0,0,612.2769268289157,0,1016.2,197.16313399665324,2.2644120356589457,38,,
2018,2,13,10,0,19.1,-30,38.1,11.8,545,790.0,0,808.422302593683,0,1015.6,241.0092861683443,2.3604679860200743,31,,
2018,2,13,11,0,19.3,-1,43.2,12.1,516,724.0,0,870.7197198744722,0,1015,283.64243227505733,3.28230219728037,28,,
2018,2,13,12,0,19.5,28,53.6,12.4,412,473.0,0,781.6640892357293,0,1014.5,320.4564739602905,4.647637306388944,30,,
2018,2,13,13,0,19.7,51,47.1,12.7,419,528.0,1,798.3979489241318,0,1014.1,320.7147368982152,5.462861214791468,37,,
2018,2,13,14,0,19.8,68,32.6,12.9,415,664.0,28,810.5139682354908,0,1013.8,325.1111958660396,4.77409376387495,47,,
2018,2,13,15,0,19.6,80,35.5,13.1,308,622.0,15,684.7663396540498,0,1013.6,304.38667704863065,3.358378284656771,58,,
2018,2,13,16,0,19,90,48.7,13.2,159,427.0,0,456.2955577873904,0,1013.6,275.13431444907286,3.0336564726808275,69,,
2018,2,13,17,0,18.4,100,56.7,13.2,51,106.0,0,170.6908457300013,0,1013.7,255.5139405233719,3.575082918352589,80,,
2018,2,13,18,0,17.8,110,32.2,13.5,7,28.0,0,42.4341272891372,0,1013.8,243.57588505570595,4.305535712333128,91,,
2018,2,13,19,0,17.1,120,59.4,13.9,0,0.0,0,0.0,0,1013.9,253.25288317823265,6.940875632592702,102,,
2018,2,13,20,0,16.5,132,83.1,14.3,0,0.0,0,0.0,0,1014,251.5247820931902,8.677968350247687,111,,
2018,2,13,21,0,16.3,146,83.1,14.3,0,0.0,0,0.0,0,1013.8,250.249457324391,10.293008732582338,118,,
2018,2,13,22,0,16.4,162,83.1,14,0,0.0,0,0.0,0,1013.4,248.7671077045816,10.527122707558794,123,,
2018,2,13,23,0,16.5,179,83.1,13.6,0,0.0,0,0.0,0,1012.9,249.8373683426704,11.123828853083785,125,,
2018,2,14,0,0,16.6,-163,83.2,13.6,0,0.0,0,0.0,0,1012.5,244.85902218336508,11.672975935074325,123,,
2018,2,14,1,0,16.6,-147,89.6,13.7,0,0.0,0,0.0,0,1012.2,239.7737603481972,13.70423235056442,119,,
2018,2,14,2,0,16.5,-133,93.2,13.9,0,0.0,0,0.0,0,1012,235.1714190295133,12.445495558623856,112,,
2018,2,14,3,0,16.4,-121,94.7,14.2,0,0.0,0,0.0,0,1011.9,241.5197649086627,13.544948920544035,103,,
2018,2,14,4,0,16.3,-111,96.9,14.4,0,0.0,0,0.0,0,1011.9,259.04818199671666,14.21022261949539,92,,
2018,2,14,5,0,16.2,-101,86.5,14.7,18,12.0,0,4.000000000000001,0,1012,281.70099747420966,14.542187356462126,82,,
2018,2,14,6,0,16.5,-91,84.7,15,38,19.0,0,35.78275035444982,0,1011.8,298.9321222359159,18.890912934878425,70,,
2018,2,14,7,0,17.2,-81,89.5,15.5,47,32.0,0,106.36067071485772,0,1011.2,352.014778516037,17.996270382782118,59,,
2018,2,14,8,0,17.9,-69,91.8,16,52,277.0,0,343.3707710559908,0,1010.7,353.6863492729351,23.106208621744628,48,,
2018,2,14,9,0,18.5,-53,94.1,16.1,46,409.0,0,525.3290614312332,0,1010.1,6.948577016115962,24.1217512132256,38,,
2018,2,14,10,0,18.9,-30,92.1,16,71,54.0,0,367.1092637672552,0,1009.4,13.938649863032596,23.360726594894608,31,,
2018,2,14,11,0,19.3,-1,80.9,15.9,178,124.0,0,523.2021159772022,0,1008.8,12.18121843954276,23.70660302577923,28,,
2018,2,14,12,0,19.5,28,71.3,15.9,258,327.0,0,715.1714775021524,0,1008.4,11.56499797197705,22.973490045572103,31,,
2018,2,14,13,0,19.7,51,75.8,15.9,201,396.0,0,740.4740652071222,0,1008.2,12.9349954143961,21.78823556763584,38,,
2018,2,14,14,0,19.9,67,85.7,16,100,523.0,0,749.6620249874547,0,1008.1,11.321302273484775,21.232732121209267,47,,
2018,2,14,15,0,19.8,80,70.6,16.1,136,575.0000000000001,0,670.9512512998172,0,1008,10.253612309667233,21.53856218218377,58,,
2018,2,14,16,0,19.4,90,55.5,16.3,134,467.0,0,481.394108518619,0,1008,10.461394017624343,21.23506040217821,69,,
2018,2,14,17,0,19.1,100,19.8,16.5,57,300.0,20,264.95577619452183,0,1008,11.125285286180713,20.51765594685542,81,,
2018,2,14,18,0,18.8,110,33.6,16.6,10,88.0,11,69.04280036383017,0,1008.2,9.819849729631812,19.30926978154677,92,,
2018,2,14,19,0,18.5,120,52,16.7,0,0.0,0,0.0,0,1008.6,5.6819298160368135,17.675710705358192,102,,
2018,2,14,20,0,18.2,132,51.4,16.8,0,0.0,0,0.0,0,1009,6.2693866094434725,17.16982374531,111,,
2018,2,14,21,0,18,146,50.8,16.8,0,0.0,0,0.0,0,1008.9,3.908778162684541,17.42016063688659,118,,
2018,2,14,22,0,17.9,162,18.3,16.7,0,0.0,0,0.0,0,1008.5,3.557784267716954,17.12186578623995,123,,
2018,2,14,23,0,17.7,179,0,16.7,0,0.0,0,0.0,0,1008.1,0.8580610480360633,16.694010705672405,125,,
2018,2,15,0,0,17.6,-163,0,16.6,0,0.0,0,0.0,0,1007.8,358.5078520866048,16.80110736132192,124,,
2018,2,15,1,0,17.6,-147,0,16.4,0,0.0,0,0.0,0,1007.5,350.45699049914185,16.587456847869927,119,,
2018,2,15,2,0,17.5,-133,0,16.3,0,0.0,0,0.0,0,1007.3,349.0444924374749,16.55637769185438,112,,
2018,2,15,3,0,17.6,-121,0.5,16.3,0,0.0,0,0.0,0,1007.3,353.55392869479414,17.449181503075103,103,,
2018,2,15,4,0,17.7,-110,25.9,16.4,4,0.0,0,0.0,0,1007.4,354.57059910621354,17.834653083781564,93,,
2018,2,15,5,0,17.9,-101,48.1,16.5,52,2.0,0,2.0,0,1007.6,352.5705675386084,17.400719976396502,82,,
2018,2,15,6,0,18.6,-91,59.9,16.6,112,4.0,0,18.150544410952264,0,1007.6,351.56473132599854,17.042516430892622,71,,
2018,2,15,7,0,19.7,-81,54,16.8,231,5.0,0,49.13248663892966,0,1007.5,354.9153428786638,16.924756018839535,59,,
2018,2,15,8,0,20.8,-68,68.3,17,198,4.0,0,78.65286240543408,0,1007.4,355.03783735875936,17.589851889374383,48,,
2018,2,15,9,0,21.3,-52,77,17.1,186,7.0,0,140.07460239784956,0,1007.2,349.2027903616558,16.014222680082714,39,,
2018,2,15,10,0,21.3,-30,80.7,17,171,7.0,0,191.049406897176,0,1006.9,343.5020872328186,15.405991962198629,31,,
2018,2,15,11,0,21.2,-1,78.8,16.9,197,18.0,0,309.7855337592474,0,1006.5,347.5100944145237,17.628622568807728,28,,
2018,2,15,12,0,21,28,54.7,16.9,404,27.0,0,369.6371728343768,0,1006.1,351.35926166773504,17.472239034998733,31,,
2018,2,15,13,0,20.8,50,49.7,16.9,412,13.0,0,274.43653403082345,0,1005.5,350.5741070146053,16.79165816089929,38,,
2018,2,15,14,0,20.6,67,52.3,16.8,321,10.0,0,227.3395708186352,0,1004.9,357.9520491208717,16.888228430804137,48,,
2018,2,15,15,0,20.2,79,50,16.8,245,8.0,0,166.92986148407164,0,1004.4,8.529502987654155,16.43420998751049,58,,
2018,2,15,16,0,19.7,90,64.4,16.8,113,4.0,0,90.43153488782382,0,1004,20.341261637486184,16.24368803424178,70,,
2018,2,15,17,0,19.2,100,46.9,16.7,38,4.0,0,53.77214948254171,0,1003.5,25.21032026687556,16.191124830572768,81,,
2018,2,15,18,0,18.9,109,11.9,16.7,10,9.0,0,29.32298059542773,0,1003.2,27.77224956560758,15.920341509568807,92,,
2018,2,15,19,0,18.8,120,18.1,16.8,0,0.0,0,0.0,0,1002.9,23.129573300217487,16.020935179391213,102,,
2018,2,15,20,0,18.8,132,29.2,16.9,0,0.0,0,0.0,0,1002.6,26.799966538372416,15.711566724653927,111,,
2018,2,15,21,0,18.8,146,41.9,17,0,0.0,0,0.0,0,1002.4,28.00129455083504,15.268035108840476,119,,
2018,2,15,22,0,18.8,162,43.9,17.2,0,0.0,0,0.0,0,1002.4,26.9970914004856,14.827146292847546,124,,
2018,2,15,23,0,18.7,179,40.6,17.3,0,0.0,0,0.0,0,1002.4,26.38701651390789,14.863263641226686,126,,
2018,2,16,0,0,18.4,-163,39.5,17.3,0,0.0,0,0.0,0,1002.3,24.66504565874544,14.331488737587469,124,,
2018,2,16,1,0,18,-147,14.6,17,0,0.0,0,0.0,0,1002.1,18.81202356098055,14.08903956940752,119,,
2018,2,16,2,0,17.5,-133,27.8,16.8,0,0.0,0,0.0,0,1002,17.604905667088246,14.122873745451784,112,,
2018,2,16,3,0,17.1,-121,15.5,16.3,0,0.0,0,0.0,0,1002.2,16.072635305233234,14.074059791736625,103,,
2018,2,16,4,0,17,-110,0.4,15.6,4,0.0,0,0.0,0,1002.7,15.811114174068903,14.380510097221851,93,,
2018,2,16,5,0,16.8,-100,20.1,14.9,71,2.0,4,2.0,0,1003.2,15.462120565946975,14.615402210520374,82,,
2018,2,16,6,0,17.2,-91,11.2,14.5,90,41.0,187,51.39788232826027,0,1003.8,16.604954685492828,15.090741925982371,71,,
2018,2,16,7,0,18,-80,0.1,14.3,91,44.0,405,132.8106436861417,0,1004.2,17.153175184229838,15.330846274682298,60,,
2018,2,16,8,0,18.8,-68,3.4,14,145,72.0,507,251.5141498404762,0,1004.7,17.81157554329974,15.803136339309908,49,,
2018,2,16,9,0,19.1,-52,40.5,13.5,277,52.0,197,314.1077507221271,0,1005,21.160847624018515,16.33432214121552,39,,
2018,2,16,10,0,19,-30,30.1,12.9,336,93.0,313,427.8122629532882,0,1005.2,20.618344582620693,15.741443538834597,32,,
2018,2,16,11,0,18.8,-1,13.8,12.2,349,105.0,471,496.9513899196585,0,1005.3,24.2216027119764,16.405692835838348,29,,
2018,2,16,12,0,18.6,27,28,11.9,479,78.0,188,475.0665734958687,0,1005.4,24.01502271909873,15.924060364583877,31,,
2018,2,16,13,0,18.5,50,38.4,12,497,85.0,18,470.53588520964297,0,1005.6,21.99344768297135,14.743594494153587,38,,
2018,2,16,14,0,18.4,67,16.8,12,258,379.0,308,664.9533251633925,0,1005.7,20.27988845502682,13.884624553998874,48,,
2018,2,16,15,0,18,79,1.4,12.1,99,526.0,409,641.2523414050288,0,1006.1,18.357066642847656,14.028837079343235,59,,
2018,2,16,16,0,17.6,90,3.8,12.1,84,332.0,222,412.71414004252,0,1006.6,18.913334405407795,13.370816877899236,70,,
2018,2,16,17,0,17.1,99,4.1,12.1,51,159.0,63,199.87562070507428,0,1007.1,19.512694376997217,12.6011572416146,81,,
2018,2,16,18,0,16.5,109,1.7,12.1,11,33.0,7,43.39133749346463,0,1007.5,18.274786343439644,11.958876002965614,92,,
2018,2,16,19,0,16,120,30.2,12,0,0.0,0,0.0,0,1007.9,14.995791267493246,11.5197483299708,102,,
2018,2,16,20,0,15.5,132,16.9,11.9,0,0.0,0,0.0,0,1008.2,11.351532280072206,11.540451268412816,112,,
2018,2,16,21,0,15.2,145,0,11.9,0,0.0,0,0.0,0,1008.4,10.536844340017922,10.936864093278269,119,,
2018,2,16,22,0,15,162,0,11.9,0,0.0,0,0.0,0,1008.4,5.468236703823493,9.837983785873185,124,,
2018,2,16,23,0,14.8,179,0,12,0,0.0,0,0.0,0,1008.4,357.2679623639717,9.178645535035244,126,,
2018,2,17,0,0,14.7,-163,0,12,0,0.0,0,0.0,0,1008.4,354.6575371177387,8.95712292537364,124,,
2018,2,17,1,0,14.7,-147,0,12,0,0.0,0,0.0,0,1008.3,351.59658094926704,9.836319413773404,120,,
2018,2,17,2,0,14.7,-133,0,11.9,0,0.0,0,0.0,0,1008.2,348.59628283326964,9.799164575978878,112,,
2018,2,17,3,0,14.7,-121,0,12,0,0.0,0,0.0,0,1008.3,347.5954245030897,10.2832746309437,103,,
2018,2,17,4,0,14.8,-110,0.2,12,3,0.0,1,0.0,0,1008.5,343.6894581059495,10.682113497491436,93,,
2018,2,17,5,0,15,-100,9.6,12.1,62,1.0,26,2.0,0,1008.8,341.9841960822229,10.912466043024004,82,,
2018,2,17,6,0,15.8,-90,22.8,12.4,179,16.0,37,33.48921698757671,0,1008.9,338.6209414026427,11.144289855802924,71,,
2018,2,17,7,0,17.1,-80,19.4,12.8,237,22.0,160,96.82761321899254,0,1008.9,334.3129324620572,10.38168404892996,60,,
2018,2,17,8,0,18.4,-68,52.7,13.3,209,32.0,83,182.01153728174333,0,1008.9,335.7308342847159,10.94827063079316,49,,
2018,2,17,9,0,19.2,-52,58,13.4,348,48.0,0,284.6424332045319,0,1008.8,334.0568610932359,11.2862571636181,39,,
2018,2,17,10,0,19.5,-29,59.5,13.3,362,67.0,0,405.9350352605193,0,1008.5,338.27219240785007,12.49332608633983,32,,
2018,2,17,11,0,19.8,-1,50.3,13.2,464,92.0,0,498.045215406229,0,1008.2,336.9018158739884,12.640539635840378,29,,
2018,2,17,12,0,19.9,27,40.5,13.2,533,74.0,4,487.36466412685496,0,1008,338.2563795899715,12.31596848725865,32,,
2018,2,17,13,0,19.9,50,24.2,13.2,404,126.0,209,546.1225607083837,0,1007.7,339.6477421063156,11.978505675558813,39,,
2018,2,17,14,0,19.9,66,5.5,13.3,189,57.0,446,390.195615688272,0,1007.4,343.8428709474493,13.104005580128309,48,,
2018,2,17,15,0,19.6,79,0,13.4,98,30.0,402,262.0479783853033,0,1007.4,340.45495337132013,12.51689324638449,59,,
2018,2,17,16,0,19,89,0.5,13.5,78,30.0,222,189.0346209339104,0,1007.7,343.988226449979,13.141920411422468,70,,
2018,2,17,17,0,18.4,99,24.2,13.6,44,13.0,56,84.66561338388524,0,1008.1,349.3087500982349,12.686283882468729,81,,
2018,2,17,18,0,17.8,109,46.8,13.7,11,3.0,0,16.751121133855175,0,1008.6,354.35823256347453,12.275527110892543,92,,
2018,2,17,19,0,17.2,119,51.9,13.7,0,0.0,0,0.0,0,1009.1,355.57174656009744,11.582427428804722,103,,
2018,2,17,20,0,16.6,131,51.1,13.7,0,0.0,0,0.0,0,1009.6,0.3342846607346246,11.089055921862489,112,,
2018,2,17,21,0,16.1,145,18.3,13.4,0,0.0,0,0.0,0,1009.9,5.099747642302248,10.085333382784617,119,,
2018,2,17,22,0,15.6,161,0,13,0,0.0,0,0.0,0,1009.9,10.485492563369178,9.959526844740347,124,,
2018,2,17,23,0,15.2,179,0,12.5,0,0.0,0,0.0,0,1009.8,8.549311417729882,9.249259506691288,126,,
2018,2,18,0,0,14.9,-163,0,12.1,0,0.0,0,0.0,0,1009.8,9.065761783517589,7.933083334224099,125,,
2018,2,18,1,0,14.6,-147,0,11.9,0,0.0,0,0.0,0,1009.8,4.561430479250646,7.858876267491691,120,,
2018,2,18,2,0,14.4,-132,0,11.7,0,0.0,0,0.0,0,1009.9,3.608468852566318,6.951281356699641,113,,
2018,2,18,3,0,14.4,-120,0,11.6,0,0.0,0,0.0,0,1010.1,8.4089117326007,7.265608198905306,104,,
2018,2,18,4,0,14.4,-110,0,11.5,2,0.0,1,0.0,0,1010.5,19.07866854537337,7.648392553460417,93,,
2018,2,18,5,0,14.4,-100,2.4,11.5,39,1.0,62,1.0,0,1011,28.430043661369155,7.437774080147049,82,,
2018,2,18,6,0,15.3,-90,1.4,11.7,67,4.0,225,17.10833299805714,0,1011.4,38.15722658736905,7.789466043959624,71,,
2018,2,18,7,0,16.8,-80,0,12.2,80,5.0,418,54.07950515883794,0,1011.8,53.12646036461644,6.145312512414982,60,,
2018,2,18,8,0,18.3,-67,0,12.6,90,8.0,591,116.22632859462854,0,1012.3,45.56726640985795,4.463830333917274,49,,
2018,2,18,9,0,19.3,-51,0,12.8,93,59.0,733,316.7923952533328,0,1012.4,47.664611372902016,4.422645535411434,40,,
2018,2,18,10,0,20,-29,0,12.6,95,48.0,824,366.1978032935663,0,1012.2,47.561554803550905,4.260535931802687,32,,
2018,2,18,11,0,20.5,-1,0,12.4,96,31.0,856,360.1965194983956,0,1012,42.34863672526086,4.482047623446012,29,,
2018,2,18,12,0,20.9,27,0,12.4,96,139.0,828,576.4968668911713,0,1011.7,43.393997010717726,4.730634867541565,32,,
2018,2,18,13,0,21,49,0.1,12.5,95,13.0,739,266.32327191396183,0,1011.4,47.54906580347336,5.6166640556406735,39,,
2018,2,18,14,0,21.1,66,4.2,12.6,143,8.0,523,192.5992235760527,0,1011.1,56.922501805238426,5.915492505999421,48,,
2018,2,18,15,0,20.7,79,5.6,12.9,142,6.0,340,136.38998566271002,0,1011.1,64.49804745846984,5.561101855608952,59,,
2018,2,18,16,0,20,89,2.2,13.3,84,4.0,215,81.39065942451627,0,1011.3,64.00583402046084,4.8434894184037525,70,,
2018,2,18,17,0,19.3,99,17.3,13.8,44,2.0,62,38.86416025688236,0,1011.5,63.845185218668064,5.3829693930562055,82,,
2018,2,18,18,0,18.6,109,10.4,14.1,12,1.0,0,10.246387653679797,0,1011.9,81.43055624884641,6.276862068425036,93,,
2018,2,18,19,0,17.9,119,36.2,14.3,0,0.0,0,0.0,0,1012.5,91.18560798855832,9.167978375319706,103,,
2018,2,18,20,0,17.2,131,52.7,14.4,0,0.0,0,0.0,0,1013.1,94.09315398089024,10.842597416463647,112,,
2018,2,18,21,0,16.8,145,54,14.6,0,0.0,0,0.0,0,1013.3,97.68629147467595,11.86120892092176,120,,
2018,2,18,22,0,16.6,161,20.4,14.8,0,0.0,0,0.0,0,1013.1,99.61134217628036,11.37326958091217,125,,
2018,2,18,23,0,16.5,179,14.8,14.9,0,0.0,0,0.0,0,1012.9,98.21464397910664,10.950982927815396,127,,
2018,2,19,0,0,16.5,-163,21.7,15,0,0.0,0,0.0,0,1012.7,95.6772452085271,11.39451386741696,125,,
2018,2,19,1,0,16.6,-146,7.6,15.1,0,0.0,0,0.0,0,1012.4,95.04403990625696,11.865285295290846,120,,
2018,2,19,2,0,16.7,-132,0,15.2,0,0.0,0,0.0,0,1012.1,94.39110049342833,12.837731979506488,113,,
2018,2,19,3,0,16.9,-120,0.1,15.3,0,0.0,0,0.0,0,1012,100.30024281454598,12.501519818895236,104,,
2018,2,19,4,0,17,-109,3.4,15.3,1,0.0,0,0.0,0,1012.1,106.32866337170208,10.788679576047706,94,,
2018,2,19,5,0,17.1,-100,39.5,15.2,38,3.0,0,2.0,0,1012.1,114.07598378418692,10.07388482015546,83,,
2018,2,19,6,0,17.5,-90,66,15.3,86,29.0,0,41.68496275412424,0,1012,124.4396899264994,9.409243797950902,71,,
2018,2,19,7,0,18.1,-79,81,15.6,80,63.0,0,140.3787851088201,0,1011.8,129.42476536512004,8.776252957223889,60,,
2018,2,19,8,0,18.8,-67,83,15.8,111,177.0,0,311.79298958756067,0,1011.5,141.7224669635691,7.823503515849918,49,,
2018,2,19,9,0,19.2,-51,86.1,15.9,106,317.0,0,503.5633166176857,0,1011,172.89098714509043,10.082637403579584,40,,
2018,2,19,10,0,19.5,-29,77,16,202,595.0,0,686.1103103673755,0,1010.3,180.10939515014823,11.252461916374504,33,,
2018,2,19,11,0,19.7,-1,76.3,16.1,213,692.0000000000001,0,815.4029067882234,0,1009.6,183.6219372637783,10.542786527728824,30,,
2018,2,19,12,0,19.8,27,76.9,16.3,200,712.0,0,866.1123344323621,0,1009,188.4967005059732,9.583702765821428,32,,
2018,2,19,13,0,19.7,49,74.4,16.6,201,727.0,0,865.0287634057494,0,1008.4,195.3072128971804,8.595964406555536,39,,
2018,2,19,14,0,19.6,66,78,16.9,145,764.0,0,825.8101091098815,0,1007.9,194.7686969985691,7.110143334926406,49,,
2018,2,19,15,0,19.4,78,74.6,17.2,117,749.0,0,714.510286563071,0,1007.6,203.39492418148905,5.042472318508063,59,,
2018,2,19,16,0,19.1,89,75.8,17.3,69,664.0,0,532.4786644105877,0,1007.5,237.37915353205625,2.057461754894201,71,,
2018,2,19,17,0,18.8,99,28.3,17.4,32,494.0,7,308.5614160212049,0,1007.4,315.3467957181924,1.3405236168075445,82,,
2018,2,19,18,0,18.6,108,0,17.5,10,185.0,4,80.82968542005997,0,1007.4,9.534981716801894,2.468675938231728,93,,
2018,2,19,19,0,18.3,119,0,17.5,0,0.0,0,0.0,0,1007.3,268.2975585594467,0.2547511202681807,103,,
2018,2,19,20,0,18.1,131,0,17.4,0,0.0,0,0.0,0,1007.2,196.5899244566193,4.191573311212951,112,,
2018,2,19,21,0,17.9,145,0,17.4,0,0.0,0,0.0,0,1007,202.1218039396497,10.685537436914643,120,,
2018,2,19,22,0,17.8,161,0,17.3,0,0.0,0,0.0,0,1006.5,202.7244941165928,11.816444732351142,125,,
2018,2,19,23,0,17.7,179,0,17.2,0,0.0,0,0.0,0,1006,203.73626739827395,13.203321369674622,127,,
2018,2,20,0,0,17.5,-163,0,17.1,0,0.0,0,0.0,0,1005.7,202.2341661515288,13.823499058823211,125,,
2018,2,20,1,0,17.4,-146,0,17,0,0.0,0,0.0,0,1005.4,196.38075516536983,13.747989414342673,121,,
2018,2,20,2,0,17.2,-132,0,16.9,0,0.0,0,0.0,0,1005.2,196.76112410184408,12.861350898461827,113,,
2018,2,20,3,0,17.2,-120,0,16.9,0,0.0,0,0.0,0,1005.3,194.68973964512665,12.408020133469464,104,,
2018,2,20,4,0,17.3,-109,1,16.9,0,0.0,0,0.0,0,1005.7,193.87077267550225,13.737012184669863,94,,
2018,2,20,5,0,17.4,-99,53.1,17,18,23.0,0,2.0000000000000013,0,1006.1,187.67556351125725,13.605052103765072,83,,
2018,2,20,6,0,18,-90,67.1,17.1,104,567.0000000000001,0,64.4465080314463,0,1006.4,183.08639338995644,12.855072258787368,72,,
2018,2,20,7,0,19.1,-79,62,17.1,181,762.0,2,263.120149854486,0,1006.6,184.38474576423155,12.604028870746244,60,,
2018,2,20,8,0,20.2,-67,40.3,17.2,328,854.0,87,477.7121628328947,0,1006.8,190.90672692504336,13.008912204388404,50,,
2018,2,20,9,0,20.8,-51,11,16.9,231,897.0,500,670.0855077059314,0,1006.8,194.3956842630071,12.32698544310865,40,,
2018,2,20,10,0,21.2,-29,8.9,16.3,255,888.0,570,820.2588288832632,0,1006.6,195.22372334274056,12.934616359514964,33,,
2018,2,20,11,0,21.6,-1,4.8,15.7,177,891.0,721,919.8838722792226,0,1006.4,196.1022676424596,12.77511689464815,30,,
2018,2,20,12,0,21.7,27,12.5,15.4,284,883.0,520,963.1804080995896,0,1006.2,195.21721356776115,12.784686545261737,33,,
2018,2,20,13,0,21.7,49,30,15.2,444,860.0,141,944.810590345902,0,1006.1,197.7895910030306,12.824636909762283,39,,
2018,2,20,14,0,21.7,65,31.5,15,397,820.0000000000001,73,863.1763948548343,0,1006,201.11030968964,12.55393622666199,49,,
2018,2,20,15,0,21.2,78,30.3,15,295,756.0,61,723.0205663225253,0,1006,202.3582213240384,12.707764710801174,60,,
2018,2,20,16,0,20.5,89,32.8,15,191,652.0,16,529.9692900089397,0,1006.2,201.22894443752065,12.832206504240466,71,,
2018,2,20,17,0,19.8,98,26.9,15.1,76,469.0,1,300.02646452678545,0,1006.3,202.7358914013793,12.99273998166218,82,,
2018,2,20,18,0,19,108,21.7,15,12,166.0,0,75.53797452463185,0,1006.6,203.88060738075708,12.558253450662752,93,,
2018,2,20,19,0,18.2,119,19.7,14.8,0,0.0,0,0.0,0,1006.9,198.75062891834463,11.994756809812854,103,,
2018,2,20,20,0,17.4,131,18.8,14.5,0,0.0,0,0.0,0,1007.2,198.8681148941275,11.743842814729902,113,,
2018,2,20,21,0,16.9,145,16.7,14.6,0,0.0,0,0.0,0,1007.3,203.64505192447984,11.65097859410605,120,,
2018,2,20,22,0,16.7,161,11.1,15,0,0.0,0,0.0,0,1007.2,207.73405201160585,12.902985319239349,125,,
2018,2,20,23,0,16.5,179,8.7,15.3,0,0.0,0,0.0,0,1007.1,210.1319004582876,13.494081747456931,127,,
2018,2,21,0,0,16.5,-163,10.2,15.6,0,0.0,0,0.0,0,1007,207.16255614949023,14.427571916627356,126,,
2018,2,21,1,0,16.6,-146,15.7,15.8,0,0.0,0,0.0,0,1006.9,208.2642998003324,14.78693373564089,121,,
2018,2,21,2,0,16.7,-132,19.3,15.9,0,0.0,0,0.0,0,1006.7,209.901602840888,14.591275464835292,113,,
2018,2,21,3,0,16.9,-120,19,16,0,0.0,0,0.0,0,1006.7,206.20373045340588,14.491493535456314,104,,
2018,2,21,4,0,17,-109,22,15.9,1,0.0,0,0.0,0,1006.9,203.8600710413732,14.172678545091134,94,,
2018,2,21,5,0,17.1,-99,27.7,15.9,67,3.0,1,1.0000000000000002,0,1007,202.2744146648268,14.30025240710385,83,,
2018,2,21,6,0,17.8,-89,26.8,15.9,172,39.0,33,36.65489046397711,0,1007,199.60759984580767,14.290064472589613,72,,
2018,2,21,7,0,19.1,-79,22.1,16,257,44.0,115,107.03203211225691,0,1006.8,200.1839736226884,14.142417728740424,61,,
2018,2,21,8,0,20.3,-66,28.5,16.1,383,76.0,79,214.88815324697853,0,1006.6,201.7147909644164,13.974587554168192,50,,
2018,2,21,9,0,21.1,-50,39.2,16.2,468,171.0,14,381.3129787521376,0,1006.2,204.2063773064559,14.02890923947152,40,,
2018,2,21,10,0,21.5,-28,44.7,16.3,489,353.0,0,587.2594227436405,0,1005.7,205.6918909637973,13.412396969092867,33,,
2018,2,21,11,0,21.8,-1,43.5,16.4,518,361.0,0,663.1656164414971,0,1005.1,204.5991346904983,13.316482174456326,30,,
2018,2,21,12,0,22.1,26,42.4,16.6,510,301.0,1,655.2091695800111,0,1004.6,203.3396170624569,13.41483924940737,33,,
2018,2,21,13,0,22.3,49,35.1,16.7,472,372.0,44,684.5669506177201,0,1004.2,207.49955135920555,13.181452329429392,40,,
2018,2,21,14,0,22.4,65,24.2,16.9,364,452.0,134,671.4721861962153,0,1003.7,205.3060221718123,12.725840534599271,49,,
2018,2,21,15,0,22.2,78,20.3,17,257,633.0,129,662.6433928352398,0,1003.5,203.63762232078813,11.85232432110304,60,,
2018,2,21,16,0,21.5,88,17,17.1,158,557.0,77,488.7997522476084,0,1003.3,197.05775066187772,11.2267809974682,71,,
2018,2,21,17,0,20.9,98,11.9,17.3,61,276.0,25,229.0265902400699,0,1003.2,195.4239461644844,10.420719305698611,82,,
2018,2,21,18,0,20.5,108,14,17.4,10,20.0,1,28.679269589413074,0,1003.1,191.52805802262915,10.740596306601304,93,,
2018,2,21,19,0,20.3,118,18.6,17.6,0,0.0,0,0.0,0,1003.2,190.51080683597667,10.515308621934215,104,,
2018,2,21,20,0,20.1,131,20.3,17.7,0,0.0,0,0.0,0,1003.3,191.9806409510342,9.657130960443949,113,,
2018,2,21,21,0,20,145,20.4,17.7,0,0.0,0,0.0,0,1003.1,192.62054572298624,9.658660945706416,121,,
2018,2,21,22,0,20,161,20.9,17.6,0,0.0,0,0.0,0,1002.8,190.7945245315457,9.149695426400438,126,,
2018,2,21,23,0,20,179,21.2,17.5,0,0.0,0,0.0,0,1002.5,189.4630654435588,9.28232163044959,128,,
2018,2,22,0,0,20,-163,21.2,17.4,0,0.0,0,0.0,0,1002.3,190.12527710196,9.747513652717595,126,,
2018,2,22,1,0,20.1,-146,23.1,17.4,0,0.0,0,0.0,0,1002.1,190.3643243444328,10.58084353529816,121,,
2018,2,22,2,0,20.2,-132,29.5,17.3,0,0.0,0,0.0,0,1001.9,189.90901763589287,11.537097722311287,114,,
2018,2,22,3,0,20.3,-119,32.5,17.4,0,0.0,0,0.0,0,1001.9,195.0401495327376,10.541022548987796,105,,
2018,2,22,4,0,20.4,-109,34.5,17.4,1,0.0,0,0.0,0,1002.1,204.1724197072384,9.579989231642124,94,,
2018,2,22,5,0,20.5,-99,45.3,17.5,42,5.0,0,1.0000000000000002,0,1002.4,203.84846063093943,9.03030241710674,83,,
2018,2,22,6,0,21.2,-89,51.6,17.6,125,106.0,0,47.42419070509934,0,1002.8,193.93606094413585,10.15939231971994,72,,
2018,2,22,7,0,22.4,-78,47.1,17.9,244,294.0,0,191.30714346232685,0,1003.2,183.8108902644638,10.226469644193434,61,,
2018,2,22,8,0,23.7,-66,41.1,18.2,374,519.0,0,393.3583759660835,0,1003.7,185.50984344042624,10.913215107334691,50,,
2018,2,22,9,0,24.4,-50,37,18,482,663.0,7,593.2925736744586,0,1003.7,192.12641356038824,11.511500563299697,41,,
2018,2,22,10,0,24.6,-28,36.3,17.6,545,731.0,6,759.8203338441184,0,1003.5,190.79246385307303,12.5804342791894,34,,
2018,2,22,11,0,24.8,-1,36.9,17.2,564,762.0,1,867.1294862962583,0,1003.2,194.26034646251372,12.686320818520066,31,,
2018,2,22,12,0,24.9,26,38.9,16.9,530,770.0,0,914.1311552280204,0,1002.9,199.6772534076935,12.128672495876136,33,,
2018,2,22,13,0,24.9,48,38.2,16.9,480,743.0,0,890.880078007716,0,1002.6,197.2647810617624,12.286497834279446,40,,
2018,2,22,14,0,24.9,65,36.3,16.8,409,669.0,0,791.1142703508497,0,1002.3,197.2456512246669,12.088897372228985,49,,
2018,2,22,15,0,24.4,77,36,16.9,302,551.0,0,625.5193479838822,0,1002.2,198.1113921716681,11.730106324025371,60,,
2018,2,22,16,0,23.6,88,28,17.1,177,449.0,17,442.72518622044544,0,1002.3,196.7221201511261,11.011051188867622,71,,
2018,2,22,17,0,22.7,98,21.3,17.3,64,310.0,9,242.0628814197452,0,1002.4,195.82327680035507,9.943941478815798,83,,
2018,2,22,18,0,22,108,22.6,17.4,9,77.0,0,49.68485291011772,0,1002.5,193.1373039257325,9.824257230588506,94,,
2018,2,22,19,0,21.6,118,26.3,17.3,0,0.0,0,0.0,0,1002.6,187.98654809712363,10.845180716659906,104,,
2018,2,22,20,0,21.2,130,28.4,17.3,0,0.0,0,0.0,0,1002.7,190.04724431988203,11.185453520768776,113,,
2018,2,22,21,0,21.1,145,28.4,17.2,0,0.0,0,0.0,0,1002.5,193.17380822467285,11.778227109661277,121,,
2018,2,22,22,0,21.2,161,20.9,16.9,0,0.0,0,0.0,0,1001.9,195.8500909372524,12.11668734867914,126,,
2018,2,22,23,0,21.4,179,17.8,16.7,0,0.0,0,0.0,0,1001.4,196.856149901155,12.987948638557905,128,,
2018,2,23,0,0,21.5,-162,25.5,16.6,0,0.0,0,0.0,0,1000.9,197.6540239005817,14.13876346116348,126,,
2018,2,23,1,0,21.4,-146,33.2,16.7,0,0.0,0,0.0,0,1000.4,200.60623881746008,14.417011744948406,121,,
2018,2,23,2,0,21.3,-131,32.5,16.7,0,0.0,0,0.0,0,999.9,201.5360863123233,14.215320963867208,114,,
2018,2,23,3,0,21.1,-119,29.1,16.9,0,0.0,0,0.0,0,999.9,199.40224978321115,13.82025817981178,105,,
2018,2,23,4,0,20.6,-108,29.1,17.1,1,0.0,0,0.0,0,1000.2,196.0539898910801,13.889572382586422,95,,
2018,2,23,5,0,20.1,-98,38.7,17.4,46,0.0,0,0.0,0,1000.5,194.8277338033517,13.956959444251533,84,,
2018,2,23,6,0,19.7,-89,35.9,17.4,164,3.0,1,11.030368510703669,0,1001.1,192.99999370415185,14.039519118417696,72,,
2018,2,23,7,0,19.2,-78,25.3,17.3,267,5.0,69,44.9908694622557,0,1001.9,191.7060998650744,14.652657859647013,61,,
2018,2,23,8,0,18.7,-66,26.3,17.2,375,10.0,79,103.86524546363184,0,1002.7,194.5529801687492,13.400401409118698,50,,
2018,2,23,9,0,18.7,-50,30.4,16.3,473,14.0,59,170.7949620882516,0,1003.2,205.96721954447904,12.494273218569743,41,,
2018,2,23,10,0,19.1,-28,30,14.8,518,11.0,84,227.6671418966217,0,1003.5,220.01705081511568,11.45003230712947,34,,
2018,2,23,11,0,19.5,-1,23.6,13.1,473,5.0,215,185.98782020477492,0,1003.8,229.67795978785605,10.5838534510206,31,,
2018,2,23,12,0,19.6,26,17.9,11.7,389,4.0,337,180.4061627936997,0,1004,238.29669698476755,8.408234323051605,34,,
2018,2,23,13,0,19.3,48,22.4,10.4,389,5.0,240,186.2761893843877,0,1004.3,227.2802274936272,7.462985603468911,40,,
2018,2,23,14,0,19,64,26.1,9.1,361,5.0,140,169.04193292897045,0,1004.6,215.1202699915229,6.451347531159979,50,,
2018,2,23,15,0,18.2,77,26,8.3,274,5.0,97,130.570860455292,0,1005.1,228.91805179311004,6.859396015560829,60,,
2018,2,23,16,0,17.3,88,20,7.9,158,5.0,76,97.89511671904523,0,1005.9,215.1897098622786,7.883614101427117,72,,
2018,2,23,17,0,16.2,97,9.8,7.6,54,13.0,34,81.3586285120858,0,1006.7,207.49935756088777,7.767219932302733,83,,
2018,2,23,18,0,15.3,107,6.2,7.4,8,7.0,4,20.57718713873228,0,1007.5,199.2123590648024,8.319038322204097,94,,
2018,2,23,19,0,14.5,118,6.5,7.3,0,0.0,0,0.0,0,1008.3,196.31530682370368,7.879818097117227,104,,
2018,2,23,20,0,13.7,130,10.3,7.2,0,0.0,0,0.0,0,1009,190.850290329372,10.480580497427466,114,,
2018,2,23,21,0,13.3,144,8.3,7.2,0,0.0,0,0.0,0,1009.4,192.07841153983512,12.55179555518206,121,,
2018,2,23,22,0,13.2,161,2.1,7.3,0,0.0,0,0.0,0,1009.5,198.5745296756386,12.64474753217534,126,,
2018,2,23,23,0,13.2,179,0,7.5,0,0.0,0,0.0,0,1009.6,204.6656141550534,12.39886555596787,128,,
2018,2,24,0,0,13.1,-162,0,7.4,0,0.0,0,0.0,0,1009.7,210.5663674389704,12.429885021105283,127,,
2018,2,24,1,0,13,-146,1,7.2,0,0.0,0,0.0,0,1009.8,212.09426959682224,7.539994481645027,122,,
2018,2,24,2,0,12.9,-131,3.5,7,0,0.0,0,0.0,0,1009.9,207.4092101731284,7.877753839673511,114,,
2018,2,24,3,0,12.8,-119,2.6,6.9,0,0.0,0,0.0,0,1010.2,192.3609418229892,5.432076374614324,105,,
2018,2,24,4,0,12.8,-108,0.6,6.9,1,0.0,1,0.0,0,1010.7,198.3561867124111,7.188784186040324,95,,
2018,2,24,5,0,12.9,-98,1.4,6.9,30,0.0,62,0.0,0,1011.1,218.9332080494654,6.280536805652663,84,,
2018,2,24,6,0,13.7,-88,1.5,6.8,59,3.0,216,14.020572011713552,0,1011.5,221.8721248168676,3.1258703164299604,73,,
2018,2,24,7,0,15.1,-78,0.4,6.7,65,5.0,418,54.97310262805731,0,1011.9,239.57154612419987,2.2945636356030814,61,,
2018,2,24,8,0,16.6,-65,0,6.6,67,11.0,604,131.21450988960484,0,1012.3,76.94168339930877,2.831021001114693,51,,
2018,2,24,9,0,17.3,-49,0,6.4,72,38.0,745,279.03398109228414,0,1012.4,67.48536347140674,12.066144899036814,41,,
2018,2,24,10,0,17.5,-28,0.1,6.1,76,104.0,831,398.1582371695204,0,1012.3,68.44282487443763,11.73096527766197,34,,
2018,2,24,11,0,17.7,-1,5.5,5.8,184,152.0,703,501.747347267793,0,1012.2,59.84424744449302,11.570563996831648,32,,
2018,2,24,12,0,17.8,26,11.8,5.8,290,329.0,511,659.0948483130624,0,1012,57.71466421817309,14.194488218033255,34,,
2018,2,24,13,0,17.9,48,8.4,6,225,426.0,520,700.9069791862498,0,1011.9,52.0332840636479,15.407119819274731,41,,
2018,2,24,14,0,18,64,6.7,6.3,177,533.0,448,699.9980720894713,0,1011.8,51.69818024292266,15.664999251288023,50,,
2018,2,24,15,0,17.7,77,16.4,6.7,211,495.0,199,580.6727614631193,0,1011.7,51.51386244161887,15.836915780607375,61,,
2018,2,24,16,0,17.2,87,27.4,7.2,171,440.0,34,424.0285559211436,0,1011.8,52.11752554552248,16.050504491280925,72,,
2018,2,24,17,0,16.7,97,14.4,7.7,63,273.0,3,218.3836962694202,0,1011.9,55.62759151645776,16.460703853113127,83,,
2018,2,24,18,0,16.2,107,14.1,8.3,7,60.0,2,40.25296278648016,0,1012.1,57.602363993238384,15.868923150553108,94,,
2018,2,24,19,0,15.7,118,39.2,9,0,0.0,0,0.0,0,1012.3,59.02551168518477,15.871197832776968,105,,
2018,2,24,20,0,15.2,130,50.4,9.7,0,0.0,0,0.0,0,1012.6,61.9726707849851,16.053055307624287,114,,
2018,2,24,21,0,14.8,144,49,10.3,0,0.0,0,0.0,0,1012.5,61.35149780894324,16.169446482733164,122,,
2018,2,24,22,0,14.5,161,17.4,10.8,0,0.0,0,0.0,0,1012.1,63.25730963621669,15.283729102495665,127,,
2018,2,24,23,0,14.3,179,0,11.4,0,0.0,0,0.0,0,1011.7,68.80258281857925,15.443855469689728,129,,
2018,2,25,0,0,14.1,-162,0,11.6,0,0.0,0,0.0,0,1011.4,68.90166642945076,14.183730656103094,127,,
2018,2,25,1,0,14.1,-145,0,11.7,0,0.0,0,0.0,0,1011.1,71.2695938541699,14.148215274761233,122,,
2018,2,25,2,0,14,-131,0,11.7,0,0.0,0,0.0,0,1010.9,78.7042964563654,13.303099857294914,115,,
2018,2,25,3,0,14.1,-119,0,11.8,0,0.0,0,0.0,0,1010.9,84.20066343958996,12.798413988757089,105,,
2018,2,25,4,0,14.4,-108,0.5,12,1,0.0,0,0.0,0,1010.9,87.51262145442263,12.015960036370206,95,,
2018,2,25,5,0,14.7,-98,24.4,12.1,52,0.0,0,1.0,0,1011,91.75025279229862,10.862978212587205,84,,
2018,2,25,6,0,15.5,-88,44.1,12.1,139,214.0,0,47.77968269385856,0,1011,95.55165190042254,10.11458223888314,73,,
2018,2,25,7,0,16.8,-77,47.3,12.1,242,403.0,0,199.9993060868198,0,1010.8,99.5331909161954,10.059331276529882,62,,
2018,2,25,8,0,18,-65,47,12,340,651.0,0,415.2100361778702,0,1010.6,97.2447612775303,9.244211463809936,51,,
2018,2,25,9,0,18.6,-49,47,11.6,414,785.0,0,620.9442483645032,0,1010.1,99.9896142655822,9.83911005595968,41,,
2018,2,25,10,0,18.7,-27,47.1,11.1,462,903.0,0,794.6240909179405,0,1009.5,93.52627001627366,9.49869674602429,35,,
2018,2,25,11,0,18.7,-1,49.7,10.6,454,920.0,2,901.8802585181488,0,1008.8,93.82278036047882,9.085155519010945,32,,
2018,2,25,12,0,18.8,26,33.8,10.4,449,912.0,129,945.6689744570924,0,1008,95.69753699515871,8.208765517554582,34,,
2018,2,25,13,0,18.8,47,9.1,10.4,238,892.0,475,929.8525117474942,0,1007,90.6566087065321,7.562996623386646,41,,
2018,2,25,14,0,18.8,64,24.2,10.4,274,864.0,232,855.3182861429116,0,1006,80.99213275361836,7.676462056880859,50,,
2018,2,25,15,0,18.5,76,13.5,10.6,182,804.0,210,717.1513375401526,0,1005.4,87.14380585149229,7.422795212567788,61,,
2018,2,25,16,0,18,87,0,10.8,65,693.0000000000001,207,521.7258742943043,0,1004.9,172.34177142983094,2.0207090208482668,72,,
2018,2,25,17,0,17.4,97,0.6,11,31,501.0,56,289.2656085813473,0,1004.6,247.4218698985973,5.053317897089672,83,,
2018,2,25,18,0,16.8,107,30.9,11.2,6,168.0,3,63.35291247277108,0,1004.2,248.5743153525575,5.4823919172457165,94,,
2018,2,25,19,0,16.2,118,50.5,11.4,0,0.0,0,0.0,0,1003.9,248.4501249702828,4.771001690666172,105,,
2018,2,25,20,0,15.6,130,51.8,11.6,0,0.0,0,0.0,0,1003.5,257.27013072428883,3.0335496261181727,114,,
2018,2,25,21,0,15.4,144,51.9,11.8,0,0.0,0,0.0,0,1002.9,287.5146234050401,1.8601626002344704,122,,
2018,2,25,22,0,15.5,161,52,12,0,0.0,0,0.0,0,1002.1,321.575903664161,1.7516698023438029,127,,
2018,2,25,23,0,15.7,179,52,12.2,0,0.0,0,0.0,0,1001.3,318.18965449897115,0.6701656153943477,129,,
2018,2,26,0,0,15.8,-162,52.4,12.6,0,0.0,0,0.0,0,1000.7,185.8498848396203,1.3390043203741433,127,,
2018,2,26,1,0,15.9,-145,71.7,12.9,0,0.0,0,0.0,0,1000.3,213.89223576058075,3.646133716561193,122,,
2018,2,26,2,0,15.9,-131,82.2,13.2,0,0.0,0,0.0,0,999.9,216.28612505004523,4.65824959849721,115,,
2018,2,26,3,0,15.9,-118,90.8,13.6,0,0.0,0,0.0,0,999.7,223.3577698262151,6.5961001985205066,106,,
2018,2,26,4,0,15.9,-107,55.1,13.9,0,0.0,0,0.0,0,999.8,221.3955035706407,8.193857600235217,95,,
2018,2,26,5,0,15.9,-98,56.5,14.3,22,0.0,0,0.0,0,999.8,218.17635756040644,7.925986180633705,84,,
2018,2,26,6,0,16.4,-88,68.3,14.4,79,179.0,0,42.08681617860717,0,999.9,215.3713553687128,6.951303191952991,73,,
2018,2,26,7,0,17.2,-77,68.7,14.5,139,484.0,0,201.75416973012665,0,999.9,193.8228939735127,6.678776336452356,62,,
2018,2,26,8,0,18,-65,69.3,14.5,194,729.0,0,420.3443912929777,0,1000,193.39212153304817,5.167116938346555,51,,
2018,2,26,9,0,18.4,-48,57.7,14.7,334,851.0,1,628.4528783906235,0,999.9,194.0619302415788,7.132182366070498,42,,
2018,2,26,10,0,18.6,-27,40.4,14.9,481,885.0,41,788.3191362839683,0,999.7,200.63026338902569,9.639901011901545,35,,
2018,2,26,11,0,18.7,-1,59.3,15.1,345,891.0,23,889.0326198829091,0,999.4,200.0952311919048,10.914439976471536,32,,
2018,2,26,12,0,18.7,26,61,15,333,881.0,7,931.5364064499796,0,999.3,198.55023192592773,9.8228448654145,35,,
2018,2,26,13,0,18.7,47,22.6,14.8,240,863.0,362,915.2553212981716,0,999.2,199.52895975356887,9.28408903633626,41,,
2018,2,26,14,0,18.7,63,19.9,14.5,273,824.0000000000001,259,835.2611435342693,0,999.1,201.70322656147303,8.677642938551582,51,,
2018,2,26,15,0,18.4,76,20.5,14.2,239,741.0,133,685.7679444800488,0,999.3,201.72419150141383,8.611629128684072,61,,
2018,2,26,16,0,17.9,87,5.8,13.7,97,635.0,153,495.9999857051564,0,999.7,199.79014651432857,9.16637519604228,72,,
2018,2,26,17,0,17.4,97,0,13.3,27,437.0,60,265.5284555268861,0,1000.2,199.4770356493245,9.436744258633595,84,,
2018,2,26,18,0,16.6,107,0,12.6,5,134.0,3,54.38463322691586,0,1000.6,199.660007488963,8.673849681749294,95,,
2018,2,26,19,0,15.7,117,0,11.7,0,0.0,0,0.0,0,1000.9,204.07529238866528,7.919641070673663,105,,
2018,2,26,20,0,14.7,129,0,10.8,0,0.0,0,0.0,0,1001.2,205.30856728506907,8.82804021541426,115,,
2018,2,26,21,0,14.3,144,0,10.6,0,0.0,0,0.0,0,1001.3,210.26563575440733,8.975870555639597,122,,
2018,2,26,22,0,14.3,161,0,10.8,0,0.0,0,0.0,0,1001.1,211.7097742563045,9.480119910186009,128,,
2018,2,26,23,0,14.3,179,0,11.1,0,0.0,0,0.0,0,1000.9,211.91570363970555,9.821114946596929,129,,
2018,2,27,0,0,14.3,-162,0,11.1,0,0.0,0,0.0,0,1000.8,217.3432583466013,10.04150480256006,128,,
2018,2,27,1,0,14.1,-145,0,11,0,0.0,0,0.0,0,1000.7,215.73545057487163,10.88602049155184,123,,
2018,2,27,2,0,13.9,-130,0,10.8,0,0.0,0,0.0,0,1000.7,216.72231150179644,12.586809335320735,115,,
2018,2,27,3,0,13.8,-118,0,10.6,0,0.0,0,0.0,0,1000.8,218.6043063360438,12.162456825430631,106,,
2018,2,27,4,0,13.8,-107,0,10.4,1,0.0,1,0.0,0,1001.1,218.4063334969449,12.316000160130868,95,,
2018,2,27,5,0,13.8,-97,0.9,10.2,30,0.0,53,0.0,0,1001.3,218.61162917443,12.696100131911102,84,,
2018,2,27,6,0,14.5,-87,0.5,9.9,59,194.0,204,42.000000000000014,0,1001.4,219.59093134877892,12.658266151811643,73,,
2018,2,27,7,0,15.7,-77,0.1,9.4,73,353.0,394,181.93472480095164,0,1001.5,218.2842204502046,14.099217187595286,62,,
2018,2,27,8,0,17,-64,3.8,8.9,136,445.0,490,347.944955563699,0,1001.5,218.8091650865805,14.202519138452883,51,,
2018,2,27,9,0,17.5,-48,9.9,8.5,245,164.0,470,353.15498912778145,0,1001.4,218.00795985109832,14.521858745128316,42,,
2018,2,27,10,0,17.4,-27,15.6,8.1,333,224.0,413,487.23554016184863,0,1001.3,219.5869175096082,14.52282014615082,35,,
2018,2,27,11,0,17.2,-1,62.6,7.8,199,684.0,141,794.6762197459607,0,1001.2,221.3668169432345,14.163523561184086,33,,
2018,2,27,12,0,17,25,87.8,7.6,107,753.0,0,869.2498976763808,0,1001,218.1699749502528,14.236086546739717,35,,
2018,2,27,13,0,16.7,47,88.9,7.5,87,716.0,0,840.5122706647928,0,1000.8,215.66269107279032,14.698379618353435,42,,
2018,2,27,14,0,16.4,63,79.3,7.4,127,659.0,0,751.2021292042531,0,1000.6,215.74666693990687,13.709763288075193,51,,
2018,2,27,15,0,16,76,54.7,7.4,194,637.0,2,636.1711205374638,0,1000.6,217.55456165314388,12.765462185628,61,,
2018,2,27,16,0,15.5,87,16.6,7.5,109,587.0,93,475.3370274551512,0,1000.7,215.2067312198424,11.944729281172435,73,,
2018,2,27,17,0,15.1,96,33.5,7.6,24,390.0,52,249.03643813292288,0,1000.8,209.04673175716343,12.426198914555943,84,,
2018,2,27,18,0,14.3,106,51.9,7.6,4,105.0,0,46.75627305024869,0,1000.9,205.50422414394856,13.681883935718494,95,,
2018,2,27,19,0,13.3,117,50.2,7.5,0,0.0,0,0.0,0,1001,197.45504825984705,13.340107648481633,105,,
2018,2,27,20,0,12.3,129,50.2,7.4,0,0.0,0,0.0,0,1001.1,195.5997357289673,13.574495629430146,115,,
2018,2,27,21,0,12.1,144,50.8,7.6,0,0.0,0,0.0,0,1000.7,193.3207841003689,13.860961311499628,123,,
2018,2,27,22,0,12.5,161,39.4,8.1,0,0.0,0,0.0,0,1000.2,189.33277111958176,14.431506586994718,128,,
2018,2,27,23,0,13,179,11.9,8.7,0,0.0,0,0.0,0,999.5,189.19356603510244,14.768818668346288,130,,
2018,2,28,0,0,13.1,-162,0,9,0,0.0,0,0.0,0,999,188.4966112789768,15.431574678539622,128,,
2018,2,28,1,0,12.8,-145,0,9.2,0,0.0,0,0.0,0,998.5,194.8495995264785,16.222211056871288,123,,
2018,2,28,2,0,12.5,-130,0,9.3,0,0.0,0,0.0,0,998,199.14345061065,16.994990375030117,115,,
2018,2,28,3,0,12.5,-118,0,9.7,0,0.0,0,0.0,0,997.6,201.98587066825883,16.884127841462874,106,,
2018,2,28,4,0,12.8,-107,1.2,10.4,0,0.0,0,0.0,0,997.2,201.99974790265932,16.816001422896196,96,,
2018,2,28,5,0,13,-97,60.7,11.1,5,0.0,0,0.0,0,996.9,202.46607777980623,16.484471940031256,85,,
2018,2,28,6,0,13.8,-87,75.2,11.8,71,233.0,0,36.000000000000014,0,996.5,205.20197340622528,15.77070722525337,73,,
2018,2,28,7,0,15,-76,66.3,12.6,140,247.0,0,163.55711866697345,0,996.1,210.0015281022495,15.136507812999126,62,,
2018,2,28,8,0,16.2,-64,86.6,13.4,70,203.0,0,272.00446061632204,0,995.8,234.9761060272685,11.397125840623406,52,,
2018,2,28,9,0,16.9,-48,95.5,14.2,35,387.0,0,466.0911835095492,0,995.2,240.74800243307453,6.311711937274696,42,,
2018,2,28,10,0,17.2,-26,95.4,15,37,614.0,0,688.9969935831529,0,994.4,310.14061355476457,8.750826421947515,36,,
2018,2,28,11,0,17.4,-1,97,15.8,29,381.0,0,661.66437040447,0,993.5,349.2496185095896,10.398816604066214,33,,
2018,2,28,12,0,17.7,25,92.1,16.3,65,139.0,0,513.0478231043671,0,992.9,359.5165210568593,9.69248374598146,35,,
2018,2,28,13,0,18.1,47,88.5,16.6,84,49.0,0,362.0576857855139,0,992.5,355.0316585763256,8.659979516042574,42,,
2018,2,28,14,0,18.4,63,85.3,16.9,86,22.0,0,245.3833975940679,0,992.1,350.0998121181383,9.68994963961074,51,,
2018,2,28,15,0,18.4,76,86.9,16.9,58,71.0,0,292.3345053963354,0,992,9.909036879680912,8.967763710286713,62,,
2018,2,28,16,0,18,86,93.7,16.7,18,359.0,0,380.505581275454,0,992.2,31.47416509741413,13.29200271651992,73,,
2018,2,28,17,0,17.6,96,65.7,16.5,7,280.0,0,212.33592387812632,0,992.3,30.299865229988995,12.311418623806018,84,,
2018,2,28,18,0,17.1,106,49.9,16.1,3,61.0,0,35.353690232451044,0,992.8,31.834412768184905,13.589900999943692,95,,
2018,2,28,19,0,16.5,117,51,15.4,0,0.0,0,0.0,0,993.4,28.59481010649921,12.626529952626765,106,,
2018,2,28,20,0,15.8,129,51.5,14.7,0,0.0,0,0.0,0,994.1,25.52097425438052,13.691638558195024,115,,
2018,2,28,21,0,15.2,144,51.9,14.2,0,0.0,0,0.0,0,994.5,32.36387728495282,14.405953371134435,123,,
2018,2,28,22,0,14.7,161,51.5,13.7,0,0.0,0,0.0,0,994.9,46.258737921998375,14.852826561829945,128,,
2018,2,28,23,0,14.1,180,26.1,13.3,0,0.0,0,0.0,0,995.2,54.143798604486335,15.861662121927068,130,,
2018,3,1,0,0,13.7,-162,4.3,12.8,0,0.0,0,0.0,0,995.6,54.727859322228255,15.872968168217255,128,,
2018,3,1,1,0,13.3,-144,0,12.4,0,0.0,0,0.0,0,996.1,56.61395224555815,15.07096688336461,123,,
2018,3,1,2,0,13,-130,0,12,0,0.0,0,0.0,0,996.6,55.54098558185899,15.060938493032271,116,,
2018,3,1,3,0,12.8,-117,0,11.7,0,0.0,0,0.0,0,997.3,56.57407214527757,15.05506999624128,106,,
2018,3,1,4,0,12.7,-107,0,11.6,1,0.0,1,0.0,0,998.2,58.40625302473603,13.724065997614062,96,,
2018,3,1,5,0,12.7,-97,1,11.4,27,0.0,51,0.0,0,999,56.54240017067815,14.13555932541077,85,,
2018,3,1,6,0,13.4,-87,0.5,11.2,52,215.0,202,37.000000000000014,0,999.8,58.70673827909542,13.680127403118457,74,,
2018,3,1,7,0,14.5,-76,0.1,11,64,206.0,394,158.42812500375874,0,1000.6,60.468499252280765,13.148075864899257,62,,
2018,3,1,8,0,15.8,-63,5.2,10.8,142,358.0,465,331.042455709739,0,1001.4,62.96607414890673,12.608329876174167,52,,
2018,3,1,9,0,16.2,-47,27.9,10.4,382,245.0,178,414.5469448654161,0,1002.1,62.7719312246478,12.06793225222924,43,,
2018,3,1,10,0,16.1,-26,14.8,9.9,240,277.0,519,527.6495897966358,0,1002.8,62.95492627964381,11.181714957044314,36,,
2018,3,1,11,0,15.8,-1,0.7,9.4,92,424.0,819,676.82393692695,0,1003.5,63.23887147889485,10.68798711291285,33,,
2018,3,1,12,0,15.6,25,0.5,9.1,86,362.0,799,673.9626116483068,0,1004.1,60.48516949215815,10.82269318759579,36,,
2018,3,1,13,0,15.5,46,15.8,9,274,396.0,404,677.3699087912174,0,1004.6,53.67850765404416,10.9376103858827,42,,
2018,3,1,14,0,15.3,63,11.5,8.9,215,374.0,359,605.080310772552,0,1005.2,57.10803376166581,11.239186324401745,51,,
2018,3,1,15,0,14.9,75,1.6,8.8,82,343.0,383,490.9379497607571,0,1005.9,61.50594564409647,11.307176467552337,62,,
2018,3,1,16,0,14.3,86,3.8,8.7,65,308.0,197,351.6937696321263,0,1006.6,62.04832723498578,11.10836568773074,73,,
2018,3,1,17,0,13.6,96,2.1,8.6,31,237.0,45,193.46804838907585,0,1007.3,65.21317118581555,10.281146530164072,84,,
2018,3,1,18,0,12.8,106,0,8,4,56.0,2,32.07560184236496,0,1007.8,68.11540423578487,9.274032104506134,95,,
2018,3,1,19,0,11.8,117,0,7.2,0,0.0,0,0.0,0,1008.2,70.6439861533874,8.856293810222544,106,,
2018,3,1,20,0,10.9,129,0,6.3,0,0.0,0,0.0,0,1008.5,73.59435769000396,8.775497021551205,116,,
2018,3,1,21,0,10.5,143,0,6.1,0,0.0,0,0.0,0,1008.6,76.03402445625363,8.545834441365493,123,,
2018,3,1,22,0,10.7,161,0,6.4,0,0.0,0,0.0,0,1008.8,69.65265496194104,8.268371832310123,129,,
2018,3,1,23,0,10.8,180,0,6.8,0,0.0,0,0.0,0,1008.9,72.91330831121377,8.721376098775334,131,,
2018,3,2,0,0,10.7,-161,0,6.9,0,0.0,0,0.0,0,1009,78.69787242710481,9.138648094868644,129,,
2018,3,2,1,0,10.4,-144,0,6.8,0,0.0,0,0.0,0,1009.2,90.50396951637488,9.548220925113633,124,,
2018,3,2,2,0,10.1,-129,0,6.7,0,0.0,0,0.0,0,1009.3,100.04042097546858,9.042043321355528,116,,
2018,3,2,3,0,9.9,-117,0,6.6,0,0.0,0,0.0,0,1009.5,91.54017170237046,7.666343870485487,107,,
2018,3,2,4,0,9.8,-106,0,6.5,0,0.0,1,0.0,0,1009.6,85.77820674224296,7.713802126329865,96,,
2018,3,2,5,0,9.7,-96,1,6.4,26,0.0,55,0.0,0,1009.7,102.39207991336372,7.445936727223977,85,,
2018,3,2,6,0,10.8,-86,1.2,6.5,53,35.0,202,23.000000000000004,0,1009.7,118.44237407445628,6.469071500040454,74,,
2018,3,2,7,0,12.6,-76,35.6,6.8,177,117.0,97,131.2736157297178,0,1009.4,138.70837417765222,5.0793271622506175,63,,
2018,3,2,8,0,14.5,-63,52,7.1,313,157.0,2,253.9268191057416,0,1009.1,141.84843574470784,3.4687877515508414,52,,
2018,3,2,9,0,15.5,-47,35.4,7.3,411,197.0,108,383.1084196851745,0,1008.6,155.64656749919595,2.851910013422402,43,,
2018,3,2,10,0,15.8,-26,10,7.5,220,452.0,579,594.6764601085583,0,1007.9,220.2533298074484,4.355981428824001,36,,
2018,3,2,11,0,16.1,0,13,7.6,298,598.0,497,741.1274782492593,0,1007.2,225.35154491416463,5.852385520353142,34,,
2018,3,2,12,0,16.1,25,17.8,7.9,362,705.0,362,831.6340954846123,0,1006.7,219.6605714294746,6.719394475500442,36,,
2018,3,2,13,0,16,46,60.3,8.2,191,717.0,139,827.5148948763828,0,1006.2,226.13728459793583,7.045179564879426,43,,
2018,3,2,14,0,15.9,62,83,8.5,107,697.0000000000001,0,757.3356042022762,0,1005.8,232.3610776715779,6.730342556063183,52,,
2018,3,2,15,0,15.5,75,76.4,8.7,102,654.0,0,631.0652525666176,0,1005.6,241.36227284099863,6.264105948004668,62,,
2018,3,2,16,0,15.1,86,63.6,8.9,82,530.0,0,438.4066335462012,0,1005.6,237.2351794979205,5.623166786921344,73,,
2018,3,2,17,0,14.6,96,42,9.1,30,373.0,0,232.23764033091337,0,1005.6,230.3693735472833,5.814952046007196,85,,
2018,3,2,18,0,14.2,106,28.8,9.3,3,111.0,0,42.421014400401134,0,1005.8,245.0102385840433,4.734217474302817,96,,
2018,3,2,19,0,13.7,116,43.6,9.4,0,0.0,0,0.0,0,1006.1,248.50795996665545,3.694375562543573,106,,
2018,3,2,20,0,13.3,129,53.3,9.5,0,0.0,0,0.0,0,1006.4,231.6572626999144,3.6930169683624894,116,,
2018,3,2,21,0,13.1,143,53.1,9.6,0,0.0,0,0.0,0,1006.4,226.33802624202173,4.435818635719245,124,,
2018,3,2,22,0,13.2,160,63.6,9.6,0,0.0,0,0.0,0,1006.2,242.22947750063173,3.534271854612346,129,,
2018,3,2,23,0,13.3,180,69.2,9.6,0,0.0,0,0.0,0,1005.9,239.253487698127,3.831823446412009,131,,
2018,3,3,0,0,13.3,-161,68.9,9.7,0,0.0,0,0.0,0,1005.7,227.5770797789149,5.252334359583474,129,,
2018,3,3,1,0,13.3,-144,65.6,9.8,0,0.0,0,0.0,0,1005.5,225.51765540431987,6.573115826918,124,,
2018,3,3,2,0,13.3,-129,67.2,10,0,0.0,0,0.0,0,1005.3,225.8692938178237,7.840016547989655,116,,
2018,3,3,3,0,13.3,-117,68.3,10.1,0,0.0,0,0.0,0,1005.5,227.3324975078617,9.43792405659964,107,,
2018,3,3,4,0,13.3,-106,25.1,10.3,1,0.0,0,0.0,0,1005.9,230.5515339113438,9.609485771347105,96,,
2018,3,3,5,0,13.4,-96,30.7,10.5,36,0.0,3,0.0,0,1006.3,231.9822681881584,9.101582215250954,85,,
2018,3,3,6,0,14.1,-86,17.3,10.4,65,239.0,157,32.000000000000014,0,1006.6,231.66608659772976,8.902124687602873,74,,
2018,3,3,7,0,15.3,-75,6.4,10.2,140,337.0,270,169.19678088134614,0,1006.8,225.78641922528388,8.666154411121079,63,,
2018,3,3,8,0,16.6,-63,25.1,9.9,331,403.0,129,326.73059707394856,0,1006.9,225.89874703318225,8.562638789813281,52,,
2018,3,3,9,0,17.1,-47,43.1,9.5,416,356.0,20,442.731471576451,0,1006.8,227.32249929367703,9.09939007680092,43,,
2018,3,3,10,0,17.1,-26,27.6,9.2,379,306.0,254,520.221983291108,0,1006.5,229.7219333736072,8.960916976439595,37,,
2018,3,3,11,0,17,0,21.2,8.8,421,412.0,289,645.6494426511149,0,1006.2,231.2779119610472,9.295432720987527,34,,
2018,3,3,12,0,16.9,25,16.7,8.4,343,607.0,383,777.3264901945757,0,1005.9,234.71084328630965,9.703448565090014,36,,
2018,3,3,13,0,16.8,46,41.6,8,294,598.0,174,761.4291314730997,0,1005.6,244.29995083404964,10.038446967109165,43,,
2018,3,3,14,0,16.7,62,25.6,7.7,209,609.0,247,707.0666872631784,0,1005.3,255.9338317937432,9.069803310693642,52,,
2018,3,3,15,0,16.2,75,32.6,7.5,186,388.0,138,495.7875927912476,0,1005.1,301.3785360009172,6.952071592278912,63,,
2018,3,3,16,0,15.6,85,47.3,7.4,131,370.0,0,364.7916601455994,0,1005.1,25.8225174395426,12.780835026017977,74,,
2018,3,3,17,0,15,95,17.2,7.3,37,320.0,1,211.5332556022957,0,1005.1,21.19020810669946,13.140959645839777,85,,
2018,3,3,18,0,14.4,105,0,7.3,3,101.0,1,39.00136503001357,0,1005.1,17.789591003030637,12.824636909762283,96,,
2018,3,3,19,0,14,116,0,7.3,0,0.0,0,0.0,0,1005,15.19107083493384,13.044683071280383,107,,
2018,3,3,20,0,13.6,128,0,7.3,0,0.0,0,0.0,0,1005,16.274653056153795,13.089443775556054,116,,
2018,3,3,21,0,13.6,143,0,7.5,0,0.0,0,0.0,0,1004.6,25.923490651368866,13.251607981764462,124,,
2018,3,3,22,0,13.7,160,0,7.8,0,0.0,0,0.0,0,1004,33.20663554536566,13.049123022147084,129,,
2018,3,3,23,0,13.9,180,0,8.1,0,0.0,0,0.0,0,1003.4,35.15987929015239,13.278374360621145,131,,
2018,3,4,0,0,14.1,-161,0.6,8.3,0,0.0,0,0.0,0,1002.8,36.348495330425806,13.323012595717406,130,,
2018,3,4,1,0,14.3,-144,33,8.5,0,0.0,0,0.0,0,1002.2,35.118671457616585,12.966016883563874,124,,
2018,3,4,2,0,14.6,-129,51.1,8.6,0,0.0,0,0.0,0,1001.6,37.73066462154816,12.224377524046387,117,,
2018,3,4,3,0,14.9,-116,51.1,8.8,0,0.0,0,0.0,0,1001.3,37.77887826181564,12.54864945696388,107,,
2018,3,4,4,0,15.1,-106,51.7,9.1,1,0.0,0,0.0,0,1001.2,39.6058881839482,12.386580551565082,97,,
2018,3,4,5,0,15.3,-96,53.7,9.5,29,0.0,0,0.0,0,1001.2,42.48664415128235,12.093561220297447,85,,
2018,3,4,6,0,15.8,-86,60.2,10.1,85,519.0,0,29.000000000000032,0,1001,43.67131944503501,11.43555504776608,74,,
2018,3,4,7,0,16.3,-75,67.2,10.8,135,663.0,0,206.1706878159095,0,1000.6,39.56852079107267,10.434032209603116,63,,
2018,3,4,8,0,16.9,-62,65.8,11.6,208,782.0,0,415.130858820971,0,1000.3,38.10139981193606,10.062285145544925,53,,
2018,3,4,9,0,17.2,-46,67.8,11.9,239,833.0,0,604.761548091933,0,999.8,39.19559946448794,9.463605792693128,43,,
2018,3,4,10,0,17.2,-25,58.1,11.8,357,773.0,0,740.7664265386142,0,999.2,39.67910341968173,8.907775002136155,37,,
2018,3,4,11,0,17.1,0,51.8,11.8,421,692.0000000000001,0,799.1006282831869,0,998.6,37.21268823940517,8.267530776838354,34,,
2018,3,4,12,0,17,25,51.3,11.8,410,502.0,0,745.9526934718428,0,998,34.55437794347489,8.044068078404111,37,,
2018,3,4,13,0,16.8,46,50.1,11.8,375,334.0,0,636.877929890014,0,997.3,36.86396485418629,8.95957036053194,43,,
2018,3,4,14,0,16.6,62,59.3,11.9,250,190.0,2,480.1367292340116,0,996.6,38.06911415011496,9.157279158550304,52,,
2018,3,4,15,0,16.3,74,28.5,12,161,84.0,117,301.9668656116617,0,996,40.07754688486824,9.449765858575264,63,,
2018,3,4,16,0,15.8,85,30.9,12.1,105,50.0,65,179.0439677876793,0,995.6,40.69690368022805,9.426292943048535,74,,
2018,3,4,17,0,15.3,95,15.8,12.3,33,18.0,0,67.69491858563626,0,995.1,39.9592463091509,9.731525576615065,85,,
2018,3,4,18,0,14.7,105,0,12.1,2,10.0,0,11.832316018037634,0,994.6,40.19674517873148,9.683702429022691,96,,
2018,3,4,19,0,14.1,116,0,11.7,0,0.0,0,0.0,0,993.9,36.96719184158155,9.805287574551349,107,,
2018,3,4,20,0,13.4,128,0,11.3,0,0.0,0,0.0,0,993.2,40.22895568025223,10.097621638757058,117,,
2018,3,4,21,0,12.7,143,0,10.8,0,0.0,0,0.0,0,993.1,42.87911523356354,10.379102794780447,124,,
2018,3,4,22,0,12,160,0,10.1,0,0.0,0,0.0,0,993.3,43.411603006121766,10.612405880576954,130,,
2018,3,4,23,0,11.2,180,0,9.5,0,0.0,0,0.0,0,993.6,47.8968250381065,11.064235489161872,132,,
2018,3,5,0,0,10.6,-161,0.6,8.9,0,0.0,0,0.0,0,994.3,48.79534167612786,9.553255190600147,130,,
2018,3,5,1,0,10.1,-143,33.6,8.4,0,0.0,0,0.0,0,995.4,43.45318529628304,8.75519048487387,125,,
2018,3,5,2,0,9.7,-129,52,8,0,0.0,0,0.0,0,996.5,43.45318529628304,8.75519048487387,117,,
2018,3,5,3,0,9.5,-116,50.9,7.7,0,0.0,0,0.0,0,997.7,41.74201379946953,8.824267116648803,107,,
2018,3,5,4,0,9.5,-105,18.1,7.5,1,0.0,0,0.0,0,999,43.31991047220112,9.050058127711862,97,,
2018,3,5,5,0,9.5,-95,0.2,7.3,34,0.0,25,0.0,0,1000.4,46.923957617577344,9.214500773387249,86,,
2018,3,5,6,0,10.2,-85,12,6.9,128,83.0,63,28.000000000000004,0,1001.4,52.104424679923454,9.056138535386877,74,,
2018,3,5,7,0,11.2,-75,6.7,6.4,114,69.0,303,109.22071440691845,0,1002.2,57.15101762805602,8.681329858493617,63,,
2018,3,5,8,0,12.4,-62,0.9,5.8,99,122.0,519,232.96728011255735,0,1002.9,60.71378582392657,8.265411435488877,53,,
2018,3,5,9,0,12.9,-46,5.8,5.3,187,183.0,535,371.7612187812768,0,1003.2,60.11844087526913,8.530561594034658,44,,
2018,3,5,10,0,13.1,-25,7.9,4.8,233,309.0,559,527.1030536216995,0,1003.1,56.90868348892781,8.928980364630837,37,,
2018,3,5,11,0,13.2,0,7.3,4.4,222,194.0,605,518.2041801815877,0,1002.9,57.411788184196894,8.975587534600836,35,,
2018,3,5,12,0,13.4,25,7.3,4.3,203,110.0,592,456.8629403145058,0,1002.4,56.16102972531047,8.754433734735168,37,,
2018,3,5,13,0,13.6,45,47.6,4.4,200,119.0,214,451.474714635688,0,1001.7,55.54724049035775,8.617237416016476,44,,
2018,3,5,14,0,13.8,61,27.4,4.6,158,133.0,254,416.4516060923393,0,1000.9,52.52273972604184,8.217649204813329,53,,
2018,3,5,15,0,13.7,74,44.6,5.1,117,286.0,142,441.7210036763584,0,1000.3,52.74659872556953,8.637302856845366,63,,
2018,3,5,16,0,13.5,85,50.5,5.9,92,249.0,0,307.5424250572772,0,999.9,59.80182942034321,9.400770447993564,74,,
2018,3,5,17,0,13.2,95,78.5,6.6,30,219.0,0,173.40730222194762,0,999.4,66.62610893660991,9.555665210222848,86,,
2018,3,5,18,0,13.2,105,95.6,7.3,0,96.0,0,32.115099611943094,0,998.7,74.295321621129,9.458813738421028,97,,
2018,3,5,19,0,13.4,116,96.3,8,0,0.0,0,0.0,0,997.7,74.55070560011495,10.00811171549675,107,,
2018,3,5,20,0,13.7,128,98.1,8.6,0,0.0,0,0.0,0,996.8,82.18750022663568,10.11537315566604,117,,
2018,3,5,21,0,13.7,143,97.7,9.4,0,0.0,0,0.0,0,995.9,89.77222271589466,10.317220200043844,125,,
2018,3,5,22,0,13.6,160,79.4,10.2,0,0.0,0,0.0,0,995.1,93.64668064113414,9.861030675368976,130,,
2018,3,5,23,0,13.4,180,68.6,11.1,0,0.0,0,0.0,0,994.2,90.14043406317973,9.76150393087465,132,,
2018,3,6,0,0,13.4,-161,67.5,11.6,0,0.0,0,0.0,0,993.7,91.95958439356548,9.767186499305568,130,,
2018,3,6,1,0,13.4,-143,49.1,11.8,0,0.0,0,0.0,0,993.4,89.11396982741644,9.488683366165908,125,,
2018,3,6,2,0,13.4,-128,14.1,12,0,0.0,0,0.0,0,993.1,96.05614665458222,9.27245281554595,117,,
2018,3,6,3,0,13.4,-116,0,12,0,0.0,0,0.0,0,993.3,97.69459963725971,10.320466357346934,108,,
2018,3,6,4,0,13.3,-105,0.3,11.8,1,0.0,0,0.0,0,993.7,102.3679674223738,10.187853909412402,97,,
2018,3,6,5,0,13.2,-95,13.5,11.5,37,0.0,0,0.0,0,994.2,111.82248561201465,7.887745507465381,86,,
2018,3,6,6,0,13.6,-85,30.9,11.1,122,438.0,4,28.00000000000003,0,994.6,122.23631757684784,5.682292115386003,75,,
2018,3,6,7,0,14.3,-74,15.6,10.6,161,628.0,187,198.8966601867824,0,995.1,129.10748727647467,3.6843033609713554,64,,
2018,3,6,8,0,15.1,-62,35.8,10,244,750.0,113,405.5306927541926,0,995.6,120.12256569690555,3.8358938443871535,53,,
2018,3,6,9,0,15.4,-46,19.5,9,168,811.0,452,597.5800386160256,0,996.1,118.09052331201748,3.695298321880215,44,,
2018,3,6,10,0,15.2,-25,0,7.8,93,877.0,754,751.0580218093133,0,996.6,112.25966077641158,2.766205505826876,38,,
2018,3,6,11,0,14.9,0,0,6.5,87,884.0,795,853.1512340821558,0,997.1,69.37959269037589,1.5771133088253533,35,,
2018,3,6,12,0,14.9,25,0,5.9,83,873.0,768,893.9240813769625,0,997.4,22.17822305647144,2.019797833259328,38,,
2018,3,6,13,0,14.9,45,0,5.8,79,847.0,681,873.464091945445,0,997.7,1.3398896991593006,2.077716543454964,44,,
2018,3,6,14,0,15,61,0,5.8,74,801.0,542,788.696296513221,0,998,21.56371031371328,2.34950147017932,53,,
2018,3,6,15,0,14.7,74,0,5.9,67,729.0,367,646.0376787704142,0,998.3,31.14123867904772,2.311348099821296,63,,
2018,3,6,16,0,14.2,85,0,6.2,52,635.0,180,462.62407857450114,0,998.7,36.6865468050288,2.700746250339608,75,,
2018,3,6,17,0,13.6,95,0,6.4,18,423.0,41,232.26077319806504,0,999.1,43.54940913626456,2.673223144213697,86,,
2018,3,6,18,0,13.1,105,0.6,6.9,1,150.0,0,39.99302798784761,0,999.4,53.82044587249118,2.5410047526497137,97,,
2018,3,6,19,0,12.7,115,30.9,7.5,0,0.0,0,0.0,0,999.7,59.68274914535709,3.261737252371385,108,,
2018,3,6,20,0,12.3,128,47.9,8.1,0,0.0,0,0.0,0,1000,82.03277057417387,3.607329486682079,117,,
2018,3,6,21,0,12.3,143,49.1,8.9,0,0.0,0,0.0,0,999.8,103.409507165378,3.04768746131966,125,,
2018,3,6,22,0,12.7,160,51.2,9.8,0,0.0,0,0.0,0,999.4,127.21825054368372,2.337054913520818,131,,
2018,3,6,23,0,13.2,180,51.5,10.8,0,0.0,0,0.0,0,998.9,167.03859814900795,2.1780523504239486,132,,
2018,3,7,0,0,13.6,-160,56.3,11.5,0,0.0,0,0.0,0,998.4,195.3954549189914,2.0719058976667264,131,,
2018,3,7,1,0,13.9,-143,74.4,12,0,0.0,0,0.0,0,997.9,195.64978240080765,2.573935138552086,125,,
2018,3,7,2,0,14.1,-128,83,12.6,0,0.0,0,0.0,0,997.4,205.4523254371421,3.1653755477575194,117,,
2018,3,7,3,0,14.3,-115,82.6,12.9,0,0.0,0,0.0,0,997.2,209.10662697298284,3.65631418090308,108,,
2018,3,7,4,0,14.4,-105,63.8,13.1,0,0.0,0,0.0,0,997.2,204.34956408788605,4.010560140479124,97,,
2018,3,7,5,0,14.5,-95,60.5,13.2,21,0.0,0,0.0,0,997.3,198.878925375992,4.08498863157934,86,,
2018,3,7,6,0,14.8,-85,68.1,13.4,66,279.0,0,27.000000000000018,0,997.4,191.89192819931665,4.185782421923137,75,,
2018,3,7,7,0,15.3,-74,72.8,13.7,109,324.0,0,153.39064726172228,0,997.5,182.1738122435825,5.696237925838342,64,,
2018,3,7,8,0,15.9,-61,75.1,13.9,145,463.0,0,325.83532466200563,0,997.6,180.08754474978525,6.0717844313828255,53,,
2018,3,7,9,0,16.1,-45,81.8,13.8,129,561.0,0,498.6729121464021,0,997.7,176.3398957413891,6.7080182086388085,44,,
2018,3,7,10,0,16.2,-25,67.6,13.6,267,731.0,0,681.0840389119587,0,997.8,193.4524421258974,7.264248001706987,38,,
2018,3,7,11,0,16.3,0,61.2,13.3,326,781.0,0,793.0030310257921,0,997.8,198.43375024167176,7.381169874126229,36,,
2018,3,7,12,0,16.3,24,66.9,13.1,270,827.0000000000001,0,859.3884287985109,0,997.8,198.80782527090875,7.948324692144781,38,,
2018,3,7,13,0,16.4,45,65.6,13,248,820.0000000000001,1,848.1892720103284,0,997.9,199.01330095652287,8.375135395749078,44,,
2018,3,7,14,0,16.4,61,41.6,13,293,783.0,39,769.6105101549779,0,997.9,199.4424202638513,8.13192384318902,53,,
2018,3,7,15,0,16.3,74,35.9,13,248,726.0,22,634.8008612750327,0,998.2,201.6230355237524,8.023881857210966,64,,
2018,3,7,16,0,16,84,40,13,131,608.0,0,443.4224625104392,0,998.6,196.02129306171548,7.84803697755275,75,,
2018,3,7,17,0,15.7,94,59.1,13.1,32,399.0,0,219.6137405803373,0,999,189.77872430225173,7.48620826710833,86,,
2018,3,7,18,0,15.3,104,70,13,0,129.0,0,33.70396008764206,0,999.5,189.15182923986964,7.0731936870104,97,,
2018,3,7,19,0,14.8,115,78.3,12.8,0,0.0,0,0.0,0,1000.1,186.4936611803525,6.653280665958275,108,,
2018,3,7,20,0,14.3,128,83,12.6,0,0.0,0,0.0,0,1000.7,186.2111734378157,6.417554604001193,118,,
2018,3,7,21,0,14.1,142,82.6,12.6,0,0.0,0,0.0,0,1000.9,184.91764600783307,5.9665432690357605,126,,
2018,3,7,22,0,14.1,160,60.3,12.8,0,0.0,0,0.0,0,1000.8,177.95671428119135,5.4094453144847625,131,,
2018,3,7,23,0,14.1,180,47.7,12.9,0,0.0,0,0.0,0,1000.7,174.39929544737572,5.598503479926774,133,,
2018,3,8,0,0,14.1,-160,47.1,12.9,0,0.0,0,0.0,0,1000.5,175.4790421004186,6.107871414489861,131,,
2018,3,8,1,0,14,-143,16.9,12.8,0,0.0,0,0.0,0,1000.4,183.59715353136525,6.5801024828556525,126,,
2018,3,8,2,0,14,-128,0,12.7,0,0.0,0,0.0,0,1000.2,189.2327833478728,5.540282304797593,118,,
2018,3,8,3,0,14,-115,0,12.7,0,0.0,0,0.0,0,1000.2,187.74814854010003,4.257374606231919,108,,
2018,3,8,4,0,14,-104,0.7,12.7,1,0.0,0,0.0,0,1000.4,177.86162600304408,4.135203861299049,97,,
2018,3,8,5,0,14,-94,34.4,12.7,28,0.0,0,0.0,0,1000.6,175.00858697097237,5.339830053907688,86,,
2018,3,8,6,0,14.5,-84,65.3,12.9,68,454.0,0,23.00000000000003,0,1000.8,177.1267725342533,6.390113161850599,75,,
2018,3,8,7,0,15.3,-74,71,13.2,122,689.0,0,189.7184986211107,0,1001,172.47546714627833,7.712901077012268,64,,
2018,3,8,8,0,16.2,-61,71.3,13.5,172,812.0,0,399.4753554592302,0,1001.1,173.8749878378619,7.731636352414535,54,,
2018,3,8,9,0,16.7,-45,72.6,13.5,203,869.0,0,591.6722404219483,0,1001,180.03760604029378,7.067384334794392,45,,
2018,3,8,10,0,16.9,-24,69.5,13.2,255,899.0,0,745.226075556903,0,1000.6,192.7299174677869,7.755576450141528,38,,
2018,3,8,11,0,17.1,0,58.1,12.8,361,904.0,0,845.7674880205383,0,1000.1,200.3364274030569,8.334442447922948,36,,
2018,3,8,12,0,17.2,24,43.3,12.6,463,887.0,7,884.5565972111041,0,999.7,204.5306793834889,8.476524602567977,38,,
2018,3,8,13,0,17.3,45,26.5,12.6,385,856.0,156,860.9392658598659,0,999.4,205.8620030148758,8.497807226920436,45,,
2018,3,8,14,0,17.3,61,28.3,12.6,325,822.0000000000001,109,783.8212059740596,0,999.1,207.13884115895453,9.038294971424984,54,,
2018,3,8,15,0,17.1,73,12.5,12.6,156,759.0,197,645.3275745402548,0,999,206.72841618648263,9.075437591185574,64,,
2018,3,8,16,0,16.7,84,30.2,12.6,71,648.0,104,454.4337862358116,0,999.1,202.8019369627767,8.386085010138851,75,,
2018,3,8,17,0,16.3,94,16.9,12.7,28,440.0,0,228.0941314066445,0,999.2,197.66991086545872,7.349167684055455,86,,
2018,3,8,18,0,16,104,1.1,12.8,0,139.0,0,33.680286291921945,0,999.3,196.84191624019925,6.620643956032921,98,,
2018,3,8,19,0,15.9,115,54.8,13,0,0.0,0,0.0,0,999.5,191.99749525346667,8.035881829407357,108,,
2018,3,8,20,0,15.7,127,84.3,13.1,0,0.0,0,0.0,0,999.6,194.5615434219313,7.905300132324688,118,,
2018,3,8,21,0,15.5,142,83.6,13.3,0,0.0,0,0.0,0,999.5,194.1848348479704,7.443251513678333,126,,
2018,3,8,22,0,15.3,160,64.9,13.5,0,0.0,0,0.0,0,999.2,193.7134293218928,7.430317600298389,131,,
2018,3,8,23,0,15.1,-180,52.8,13.6,0,0.0,0,0.0,0,998.9,195.9194984659325,7.938743873062857,133,,
2018,3,9,0,0,15,-160,51.2,13.8,0,0.0,0,0.0,0,998.8,205.91462067921245,8.463866134683983,131,,
2018,3,9,1,0,14.9,-142,18.4,13.9,0,0.0,0,0.0,0,998.7,211.84673490708755,8.860151499067586,126,,
2018,3,9,2,0,14.9,-127,0,14,0,0.0,0,0.0,0,998.6,213.16074430093465,9.909527056082888,118,,
2018,3,9,3,0,14.7,-115,0,14,0,0.0,0,0.0,0,998.8,210.6982711088056,10.617492573153685,108,,
2018,3,9,4,0,14.5,-104,0,13.8,0,0.0,1,0.0,0,999.2,207.33431596341327,10.490702898283445,98,,
2018,3,9,5,0,14.4,-94,0,13.6,20,0.0,40,0.0,0,999.6,205.4184671246033,9.139355775142084,87,,
2018,3,9,6,0,14.7,-84,0.2,13.7,46,346.0,174,23.00000000000002,0,1000.1,206.47837197146708,8.010984735887199,75,,
2018,3,9,7,0,15.5,-73,12.2,13.9,162,609.0,199,177.40615651108942,0,1000.6,206.3301090354915,7.402233354454879,64,,
2018,3,9,8,0,16.4,-60,32.4,14.1,335,807.0,64,393.9380033453534,0,1001.1,207.65666945672103,8.000526638131133,54,,
2018,3,9,9,0,16.8,-44,46.2,13.9,397,869.0,0,586.6199000305344,0,1001.4,211.77518591498657,9.339779846023845,45,,
2018,3,9,10,0,16.9,-24,54.7,13.4,376,893.0,0,742.11092740547,0,1001.5,214.596219352064,10.203100993082916,39,,
2018,3,9,11,0,17,0,63.9,12.9,311,899.0,0,842.6735002232875,0,1001.6,215.8139850224121,10.43434023569993,36,,
2018,3,9,12,0,16.9,24,66.3,12.4,279,891.0,0,886.325689346435,0,1001.8,216.698096308141,10.112496632550672,39,,
2018,3,9,13,0,16.6,45,65.4,12,256,871.0,0,868.487680265319,0,1002,209.20676228535092,9.911466518658646,45,,
2018,3,9,14,0,16.4,60,64.3,11.6,213,833.0,0,788.5573187972357,0,1002.3,206.2441787734796,9.806534712446863,54,,
2018,3,9,15,0,15.9,73,52.5,11,189,768.0,0,647.7698959821455,0,1002.8,205.1360410760937,9.57494290810439,64,,
2018,3,9,16,0,15.2,84,40.1,10.4,123,649.0,0,452.8474688096968,0,1003.5,203.74579958952185,9.425385056985345,75,,
2018,3,9,17,0,14.5,94,13.3,9.7,32,431.0,0,222.7712278152988,0,1004.2,201.9431786480112,9.436035942679665,87,,
2018,3,9,18,0,13.7,104,0,9.2,0,119.0,0,29.807802706926623,0,1004.8,197.29167505438144,9.274901357290725,98,,
2018,3,9,19,0,12.9,115,0,8.7,0,0.0,0,0.0,0,1005.5,187.4967024593156,9.504088980552217,109,,
2018,3,9,20,0,12.2,127,0,8.2,0,0.0,0,0.0,0,1006.2,187.7019110968185,9.591163143598417,118,,
2018,3,9,21,0,12,142,0,8.1,0,0.0,0,0.0,0,1006.6,190.01358046234344,9.549028949650522,126,,
2018,3,9,22,0,12.3,160,0,8.3,0,0.0,0,0.0,0,1006.8,189.11107273269988,9.16593755546144,132,,
2018,3,9,23,0,12.7,-180,0,8.6,0,0.0,0,0.0,0,1006.9,188.35663638603828,8.977149831284022,134,,
2018,3,10,0,0,12.8,-160,0,8.6,0,0.0,0,0.0,0,1007,193.2249959278421,9.338735280934834,132,,
2018,3,10,1,0,12.8,-142,0,8.4,0,0.0,0,0.0,0,1007.1,200.6623155781857,9.829015864279596,126,,
2018,3,10,2,0,12.8,-127,0,8.2,0,0.0,0,0.0,0,1007.2,207.0081968175085,10.389947315574474,118,,
2018,3,10,3,0,12.8,-115,0,8.2,0,0.0,0,0.0,0,1007.4,212.6688935306052,10.89666002880356,109,,
2018,3,10,4,0,12.8,-104,0.4,8.2,1,0.0,0,0.0,0,1007.8,210.284876029809,11.081947952941723,98,,
2018,3,10,5,0,12.8,-94,22,8.3,38,0.0,0,0.0,0,1008.2,207.72210243684992,11.657444542432431,87,,
2018,3,10,6,0,13.5,-84,47.2,8.4,105,118.0,1,22.000000000000007,0,1008.5,207.4872761671222,11.749176727022936,75,,
2018,3,10,7,0,14.7,-73,34.8,8.5,210,250.0,76,133.22975207966294,0,1008.7,209.58841599682668,11.532457099837238,64,,
2018,3,10,8,0,16,-60,31.7,8.5,343,580.0,59,340.1266610192376,0,1008.8,212.979994679318,11.949452385764804,54,,
2018,3,10,9,0,16.6,-44,64.7,8.4,239,717.0,9,534.6686605409024,0,1008.7,215.77757906159144,12.22790568715874,45,,
2018,3,10,10,0,16.8,-24,71.9,8.2,236,826.0000000000001,0,707.6070621655233,0,1008.5,218.92429450989937,12.10885727298617,39,,
2018,3,10,11,0,16.9,0,68,7.9,275,908.0,0,840.0217628354086,0,1008.2,217.91245978578863,12.178090243428208,37,,
2018,3,10,12,0,16.9,24,69.5,7.8,252,902.0,0,884.6078132896096,0,1007.9,215.6070726093384,12.278665848274407,39,,
2018,3,10,13,0,17,44,76.8,7.9,173,869.0,0,860.2862666370115,0,1007.6,209.97026008213484,13.063992871300936,45,,
2018,3,10,14,0,17,60,70.3,8.1,169,821.0000000000001,0,774.925900063298,0,1007.3,211.4929194137196,12.612383066510535,54,,
2018,3,10,15,0,16.6,73,54.8,8.2,179,752.0,0,633.8046620975812,0,1007.2,211.69169035064093,12.147819881133248,65,,
2018,3,10,16,0,16.1,84,33.5,8.5,120,637.0,10,442.5536505718249,0,1007.2,211.82777144447715,11.35365147282143,76,,
2018,3,10,17,0,15.4,94,8.9,8.7,33,407.0,6,211.3817324924958,0,1007.3,210.63225467718544,10.529377091600544,87,,
2018,3,10,18,0,14.4,104,0,8.7,0,94.0,0,24.37204543638819,0,1007.4,209.70652004306604,10.447808996630188,98,,
2018,3,10,19,0,13.2,114,0,8.7,0,0.0,0,0.0,0,1007.4,208.0742000848728,10.086440146971952,109,,
2018,3,10,20,0,12,127,0,8.6,0,0.0,0,0.0,0,1007.5,205.637916316705,9.959558383987696,119,,
2018,3,10,21,0,11.5,142,0,8.6,0,0.0,0,0.0,0,1007.3,210.8540821047141,10.19304713077777,127,,
2018,3,10,22,0,11.6,160,0,8.8,0,0.0,0,0.0,0,1006.8,219.8231368302317,9.788194866044336,132,,
2018,3,10,23,0,11.8,-180,0,8.9,0,0.0,0,0.0,0,1006.3,233.3695835065261,8.32936963269317,134,,
2018,3,11,0,0,11.9,-160,0.6,8.9,0,0.0,0,0.0,0,1005.9,247.54526533388008,7.27205919836544,132,,
2018,3,11,1,0,11.9,-142,33.6,8.9,0,0.0,0,0.0,0,1005.5,280.2640332034259,5.579274895164089,127,,
2018,3,11,2,0,11.9,-127,52,8.9,0,0.0,0,0.0,0,1005.2,5.1638795224412775,6.301209247807701,119,,
2018,3,11,3,0,12,-114,52,9,0,0.0,0,0.0,0,1005,32.58361833043932,7.328798991037447,109,,
2018,3,11,4,0,12.2,-103,50.7,9.2,0,0.0,1,0.0,0,1004.9,51.056225130310224,9.308733969083352,98,,
2018,3,11,5,0,12.4,-93,19.6,9.4,26,0.0,26,0.0,0,1004.9,64.78606051531267,12.025375066328618,87,,
2018,3,11,6,0,13.3,-83,33.1,9.6,100,283.0,19,21.000000000000018,0,1004.9,67.6723968002201,13.383005389122332,76,,
2018,3,11,7,0,14.8,-72,20.9,9.9,128,569.0000000000001,216,166.45272721896765,0,1004.8,68.48778608586156,13.976019015548186,65,,
2018,3,11,8,0,16.3,-60,24.9,10.3,306,745.0,123,372.7311633315496,0,1004.8,65.44991219096642,13.787420504661606,54,,
2018,3,11,9,0,17,-44,49.3,10.4,361,854.0,3,573.935891922122,0,1004.6,66.5987417780421,13.84804259973207,46,,
2018,3,11,10,0,17.2,-23,40.2,10.2,432,882.0,61,738.5782642826338,0,1004.4,63.51771076951951,14.05918289268689,39,,
2018,3,11,11,0,17.3,0,46.2,10.1,420,900.0,34,846.6575883216343,0,1004.1,62.39479547537536,15.283007690350123,37,,
2018,3,11,12,0,17.2,24,66.9,10.3,271,890.0,0,888.5051406819199,0,1003.9,63.72135147701192,15.246068799533314,40,,
2018,3,11,13,0,17.1,44,72.5,10.8,196,862.0,0,866.0844727242143,0,1003.7,62.04421390781755,15.286193243151107,46,,
2018,3,11,14,0,17,60,66.9,11.3,186,816.0000000000001,0,780.5690023729171,0,1003.6,61.94912379387432,14.354421402489184,55,,
2018,3,11,15,0,16.6,73,49,11.7,188,743.0,1,635.4751378383885,0,1003.7,60.2282951870327,13.971533248431504,65,,
2018,3,11,16,0,16.1,83,20.6,12.2,113,618.0,28,437.7907447832914,0,1003.9,58.7435832110267,13.89412070443476,76,,
2018,3,11,17,0,15.6,93,3.4,12.6,25,373.0,16,201.84330913608824,0,1004.1,57.42832233511928,13.6234238132846,87,,
2018,3,11,18,0,15,103,0,12.7,0,70.0,0,20.33943592165656,0,1004.4,55.968394320148604,13.551731778959835,99,,
2018,3,11,19,0,14.5,114,0,12.6,0,0.0,0,0.0,0,1004.7,53.09254721759618,13.185500879310618,109,,
2018,3,11,20,0,13.9,127,0,12.5,0,0.0,0,0.0,0,1005,52.90504544244874,12.853517127460831,119,,
2018,3,11,21,0,13.6,142,0,12.4,0,0.0,0,0.0,0,1005.2,51.22822290624845,13.44290336823106,127,,
2018,3,11,22,0,13.6,160,0,12.4,0,0.0,0,0.0,0,1005.2,49.63424561321625,13.127846127685189,132,,
2018,3,11,23,0,13.6,-180,0,12.4,0,0.0,0,0.0,0,1005.1,48.106540333434566,12.232485809232182,134,,
2018,3,12,0,0,13.5,-159,0,12.1,0,0.0,0,0.0,0,1005.2,46.28548648902273,11.819737235705098,132,,
2018,3,12,1,0,13.3,-141,0,11.6,0,0.0,0,0.0,0,1005.5,39.90881525908344,11.952305909060804,127,,
2018,3,12,2,0,13,-126,0,11,0,0.0,0,0.0,0,1005.7,38.20431467447133,12.196618258886788,119,,
2018,3,12,3,0,12.9,-114,0,10.5,0,0.0,0,0.0,0,1006.1,36.4996885643809,12.960231476651142,109,,
2018,3,12,4,0,12.8,-103,0.8,10,0,0.0,0,0.0,0,1006.7,37.24080519459199,12.9810825447298,98,,
2018,3,12,5,0,12.8,-93,42.2,9.5,19,0.0,0,0.0,0,1007.2,38.96641195884405,12.88943846356914,87,,
2018,3,12,6,0,13.2,-83,50.3,8.9,111,9.0,5,10.0,0,1007.6,39.04045719582581,12.769660157877189,76,,
2018,3,12,7,0,13.9,-72,15.1,8.3,108,19.0,257,57.6195894013296,0,1007.9,38.00440195785535,13.063058800129657,65,,
2018,3,12,8,0,14.7,-59,3.1,7.7,126,29.0,440,127.50209059361404,0,1008.2,37.908683015097154,12.88761610113881,55,,
2018,3,12,9,0,15.1,-43,27.8,7.3,348,78.0,168,258.8988248956477,0,1008.3,38.17622879539312,12.775781410584454,46,,
2018,3,12,10,0,15.2,-23,57.2,7.1,346,99.0,1,375.23303309236667,0,1008.4,40.0424408646532,13.118640787343384,40,,
2018,3,12,11,0,15.2,0,44.5,6.9,418,49.0,54,346.1634062234584,0,1008.5,38.86449299155032,12.818264446055254,38,,
2018,3,12,12,0,15.1,24,13.4,6.8,266,116.0,440,464.6187864740471,0,1008.7,40.35489334669421,13.097218061034988,40,,
2018,3,12,13,0,15,44,23.4,6.7,319,67.0,244,379.9652423616316,0,1008.9,38.114781302195695,13.030956541731909,46,,
2018,3,12,14,0,14.8,60,27.2,6.7,331,46.0,86,298.0442498374322,0,1009.2,39.23948597696392,13.209293098457517,55,,
2018,3,12,15,0,14.5,72,14.8,6.8,184,52.0,149,245.3814732639314,0,1009.6,42.36477344990959,13.79125489914848,65,,
2018,3,12,16,0,14,83,30,6.9,94,35.0,59,146.59846701011014,0,1010.2,46.345926587900806,13.824678888178765,76,,
2018,3,12,17,0,13.5,93,14.9,7.1,26,29.0,0,70.63554377110495,0,1010.8,49.69535885231835,13.49724339227289,88,,
2018,3,12,18,0,12.9,103,0.6,7,0,4.0,0,5.569951781575882,0,1011.3,51.89684277720107,13.135611116218916,99,,
2018,3,12,19,0,12.2,114,31.6,6.8,0,0.0,0,0.0,0,1011.8,55.241545857476126,13.011715096776948,110,,
2018,3,12,20,0,11.6,127,50.8,6.7,0,0.0,0,0.0,0,1012.3,57.36736291942236,12.174194447933104,119,,
2018,3,12,21,0,11.3,142,51.3,6.9,0,0.0,0,0.0,0,1012.6,55.92564332481976,12.12492748612419,127,,
2018,3,12,22,0,11.4,160,18.4,7.4,0,0.0,0,0.0,0,1012.7,53.23460527131158,11.939863610071718,133,,
2018,3,12,23,0,11.5,-180,0,8,0,0.0,0,0.0,0,1012.8,50.94722758490951,12.36947401047122,135,,
2018,3,13,0,0,11.5,-159,0,8.1,0,0.0,0,0.0,0,1013,49.76003300529737,12.06397780077524,133,,
2018,3,13,1,0,11.4,-141,0,8,0,0.0,0,0.0,0,1013.1,47.568616586090855,12.476846616468404,127,,
2018,3,13,2,0,11.3,-126,0,7.9,0,0.0,0,0.0,0,1013.2,50.11979663276964,12.38285852899029,119,,
2018,3,13,3,0,11.2,-114,0,7.8,0,0.0,0,0.0,0,1013.5,51.45753546040595,11.002685744605772,109,,
2018,3,13,4,0,11.1,-103,0,7.7,0,0.0,1,0.0,0,1013.9,52.028599234702085,10.599419623919315,99,,
2018,3,13,5,0,11,-93,0,7.6,20,0.0,34,0.0,0,1014.3,50.33962441797223,10.44788671256602,87,,
2018,3,13,6,0,11.7,-83,0,7.4,45,88.0,164,21.000000000000007,0,1014.5,47.43260853909368,9.733043013136568,76,,
2018,3,13,7,0,12.9,-72,0,7,61,192.0,346,127.79696674542916,0,1014.7,40.45092596192177,9.666334796352542,65,,
2018,3,13,8,0,14.2,-59,0,6.6,71,287.0,517,279.024740875832,0,1014.8,41.48764232747271,10.8206218633943,55,,
2018,3,13,9,0,14.9,-43,0,6.6,76,345.0,654,427.8172225422396,0,1014.6,42.458090697876514,10.61877641163775,46,,
2018,3,13,10,0,15.3,-23,0,6.7,77,331.0,742,518.1947304558595,0,1014.1,44.09558158113981,11.199439305720617,40,,
2018,3,13,11,0,15.6,1,0,6.9,75,359.0,774,602.5706562261589,0,1013.7,42.75762030752452,11.295081628088225,38,,
2018,3,13,12,0,15.8,24,0,7.2,71,432.0,745,670.4507521045352,0,1013.3,43.50124910102727,11.834449158308493,40,,
2018,3,13,13,0,15.8,44,0,7.4,69,418.0,654,646.6495921410417,0,1012.8,42.7593345558962,10.954892964055658,47,,
2018,3,13,14,0,15.9,59,0,7.7,68,376.0,510,563.5725735889846,0,1012.4,44.69033491355373,11.019874610676473,55,,
2018,3,13,15,0,15.5,72,0,7.9,63,349.0,331,452.377514288093,0,1012.2,47.70487598573567,11.23784065112155,66,,
2018,3,13,16,0,14.8,83,0,8.1,48,315.0,148,314.8161666215772,0,1012.1,49.3505839199762,11.066793828843103,77,,
2018,3,13,17,0,14.1,93,0,8.2,15,182.0,30,138.53209163925658,0,1012,52.33953847866769,10.843219667158095,88,,
2018,3,13,18,0,13.1,103,0,8.2,0,25.0,0,11.431051722551953,0,1011.9,54.97992114574458,10.455448639345898,99,,
2018,3,13,19,0,11.8,114,0,8.1,0,0.0,0,0.0,0,1011.6,55.40687291011528,9.945888556542975,110,,
2018,3,13,20,0,10.6,126,0,8,0,0.0,0,0.0,0,1011.4,56.376384046291776,9.633182518528134,120,,
2018,3,13,21,0,10.1,142,0.6,7.8,0,0.0,0,0.0,0,1010.9,53.6542873909097,9.985915953114972,128,,
2018,3,13,22,0,10,160,33.5,7.7,0,0.0,0,0.0,0,1010.1,58.30221536160303,9.795106430064536,133,,
2018,3,13,23,0,10.1,-180,50.8,7.6,0,0.0,0,0.0,0,1009.3,64.68354951246693,8.528016707339793,135,,
2018,3,14,0,0,10.3,-159,18.8,7.8,0,0.0,0,0.0,0,1008.5,60.78665201410757,7.471839620872604,133,,
2018,3,14,1,0,10.6,-141,33.7,8.1,0,0.0,0,0.0,0,1007.7,60.0616547597258,9.353865140007189,128,,
2018,3,14,2,0,10.9,-126,52.1,8.5,0,0.0,0,0.0,0,1006.9,62.92231570319359,9.384327489051124,119,,
2018,3,14,3,0,11.2,-113,52,8.8,0,0.0,0,0.0,0,1006.3,67.03292703596071,8.599936301250533,110,,
2018,3,14,4,0,11.6,-102,51.5,9.1,0,0.0,0,0.0,0,1005.9,65.2715925128806,8.717610007790693,99,,
2018,3,14,5,0,11.9,-92,57.3,9.4,19,0.0,0,0.0,0,1005.5,63.62749740023759,8.349708404846075,88,,
2018,3,14,6,0,12.9,-82,61.9,9.7,75,13.0,0,12.0,0,1004.9,60.44641680200255,8.743255962432947,76,,
2018,3,14,7,0,14.3,-71,74.5,10,93,15.0,0,53.96277634551261,0,1004.1,63.77813556115467,9.150682758565631,65,,
2018,3,14,8,0,15.8,-59,73.1,10.3,160,16.0,0,105.12947387407198,0,1003.3,64.7717973563577,8.798177781875866,55,,
2018,3,14,9,0,16.6,-43,58.8,10.4,298,75.0,0,262.8644252712428,0,1002.5,61.15194071463094,8.41988902836611,46,,
2018,3,14,10,0,16.8,-23,58.9,10.5,325,455.0,0,563.2483739300515,0,1001.6,58.47255444007112,7.967030777318378,40,,
2018,3,14,11,0,17.1,1,72.7,10.5,222,607.0,0,709.2900676070295,0,1000.7,53.24699440223429,8.42462690755467,38,,
2018,3,14,12,0,16.6,24,88.6,10.9,90,583.0,0,733.7150553585986,0,1000,47.00005480370277,8.033041668843076,41,,
2018,3,14,13,0,15.7,43,91,11.7,60,598.0,0,728.5845169099302,0,999.5,46.34472438870233,9.415952222160008,47,,
2018,3,14,14,0,14.7,59,91.6,12.6,46,596.0,0,664.6702238241962,0,999,48.81407483429035,9.965761699438731,56,,
2018,3,14,15,0,14.1,72,88.3,12.8,38,547.0,0,537.907034350176,0,999,50.686034296520575,10.259332641551302,66,,
2018,3,14,16,0,13.7,83,65.5,12.6,46,437.0,0,357.3542760082709,0,999.6,52.61977239133671,9.780075441471254,77,,
2018,3,14,17,0,13.3,93,19.6,12.3,17,112.0,0,109.05299728702376,0,1000.1,50.19442890773479,9.762812094883316,88,,
2018,3,14,18,0,12.7,103,0,11.2,0,6.0,0,5.791829257766907,0,1000.9,52.0283962389496,9.751802717959382,99,,
2018,3,14,19,0,11.9,113,0,9.6,0,0.0,0,0.0,0,1001.9,51.88629860856992,8.84480861959756,110,,
2018,3,14,20,0,11.1,126,0,7.9,0,0.0,0,0.0,0,1002.9,47.13116359455125,8.727480656502147,120,,
2018,3,14,21,0,10.6,141,0,7.3,0,0.0,0,0.0,0,1003.6,43.60281897270363,9.0625,128,,
2018,3,14,22,0,10.5,160,0,7.4,0,0.0,0,0.0,0,1004.2,37.58126496843511,9.018077870369469,134,,
2018,3,14,23,0,10.3,-179,0,7.7,0,0.0,0,0.0,0,1004.8,34.70458464967629,8.161100680790232,136,,
2018,3,15,0,0,10.1,-159,0,7.5,0,0.0,0,0.0,0,1005.4,30.29245957750669,8.301712612185657,133,,
2018,3,15,1,0,9.8,-140,0,7.1,0,0.0,0,0.0,0,1006,24.292819144386385,7.292170770567509,128,,
2018,3,15,2,0,9.6,-125,0,6.6,0,0.0,0,0.0,0,1006.7,22.46674992099571,8.995224427439261,120,,
2018,3,15,3,0,9.4,-113,0,6.2,0,0.0,0,0.0,0,1007.4,25.518709671922977,9.18971911054537,110,,
2018,3,15,4,0,9.3,-102,0,5.8,0,0.0,1,0.0,0,1008.3,23.993485451760307,9.9431555657226,99,,
2018,3,15,5,0,9.2,-92,0,5.4,20,0.0,30,0.0,0,1009.1,29.19231435059686,10.76387508271812,88,,
2018,3,15,6,0,9.9,-82,0,4.9,47,2.0,158,4.0,0,1009.6,31.55516355447827,11.345847114625132,77,,
2018,3,15,7,0,11.1,-71,0,4.4,62,10.0,344,43.273510968703086,0,1010,30.6328390446792,9.199570340121564,66,,
2018,3,15,8,0,12.5,-58,0,3.8,69,144.0,521,213.6553168528033,0,1010.3,26.12341458548707,9.745527953579227,55,,
2018,3,15,9,0,13.3,-42,0,3.5,72,517.0,662,466.2509985010812,0,1010.3,31.986036805305275,8.967127108200224,47,,
2018,3,15,10,0,13.8,-22,0,3.4,73,635.0,750,617.5101566430012,0,1010.1,39.53090502988806,8.346500014976337,41,,
2018,3,15,11,0,14.3,1,0,3.3,73,724.0,780,741.898433458009,0,1010,44.88956495634096,7.88176932866245,39,,
2018,3,15,12,0,14.6,24,0,3.4,72,709.0,747,774.2748654423926,0,1009.9,38.665098211383736,8.67237173840029,41,,
2018,3,15,13,0,14.8,43,0,3.6,70,691.0000000000001,653,755.2800771809935,0,1009.8,32.8631755447077,8.408050457745839,47,,
2018,3,15,14,0,14.9,59,0,3.8,66,638.0,510,668.4233270274244,0,1009.7,45.75842653913958,8.868614155950135,56,,
2018,3,15,15,0,14.5,72,0,4.2,58,635.0,333,563.4703741882279,0,1009.8,59.322719978203565,8.575036443071248,66,,
2018,3,15,16,0,13.8,82,0,4.6,42,528.0,149,382.5229308893207,0,1010,56.51451953370293,8.343849210113596,77,,
2018,3,15,17,0,12.9,92,0,5.1,13,321.0,30,170.6509438765487,0,1010.2,61.44543385442262,9.107859150048332,89,,
2018,3,15,18,0,11.9,102,0,5.4,0,43.0,0,12.447215397216285,0,1010.4,67.60115599487813,8.743661059158319,100,,
2018,3,15,19,0,10.7,113,0,5.6,0,0.0,0,0.0,0,1010.5,76.95796438693941,8.490498786356033,111,,
2018,3,15,20,0,9.5,126,0,5.7,0,0.0,0,0.0,0,1010.7,84.6994979605895,8.118700842822339,120,,
2018,3,15,21,0,9.2,141,0,5.8,0,0.0,0,0.0,0,1010.5,91.72837098357172,7.568384659263461,129,,
2018,3,15,22,0,9.6,160,0,5.7,0,0.0,0,0.0,0,1010.1,98.76029004291291,7.527758932813429,134,,
2018,3,15,23,0,10.1,-179,0,5.7,0,0.0,0,0.0,0,1009.7,99.4398601272137,7.371304378118114,136,,
2018,3,16,0,0,10.3,-158,0.6,5.6,0,0.0,0,0.0,0,1009.4,91.62951037932442,6.670910598058036,134,,
2018,3,16,1,0,10.1,-140,33.6,5.4,0,0.0,0,0.0,0,1009.3,82.97670481896489,6.822678202667266,128,,
2018,3,16,2,0,9.9,-125,51.5,5.2,0,0.0,0,0.0,0,1009.1,99.23008556266755,7.793041597948447,120,,
2018,3,16,3,0,9.8,-112,26.3,5.3,0,0.0,0,0.0,0,1009.1,100.94056651429594,8.370397174742314,110,,
2018,3,16,4,0,9.8,-102,9.6,5.5,1,0.0,0,0.0,0,1009.2,114.00591542160169,5.494546359282924,99,,
2018,3,16,5,0,9.8,-92,12.7,5.7,30,0.0,9,0.0,0,1009.3,148.7602531175525,3.685503807281196,88,,
2018,3,16,6,0,11.1,-82,30.9,6.3,119,203.0,5,17.00000000000001,0,1009.2,175.6003616966459,3.4498631965078403,77,,
2018,3,16,7,0,13.2,-71,40.1,7.2,234,465.0,0,142.59370328136106,0,1009.1,204.2892429126409,3.412149080810808,66,,
2018,3,16,8,0,15.4,-58,44.3,8.1,315,540.0,0,312.29226937975864,0,1009,245.766563490221,3.2500116733194666,56,,
2018,3,16,9,0,16.4,-42,57.5,8.5,296,285.0,0,368.0211009455219,0,1008.7,257.8744825068612,4.668860556992723,47,,
2018,3,16,10,0,16.6,-22,55.5,8.6,355,53.0,1,304.0619136767069,0,1008.1,247.76009843963112,5.290023924813135,41,,
2018,3,16,11,0,16.7,1,40,8.7,464,25.0,29,270.0606974810546,0,1007.6,254.33639970339112,4.718439388788903,39,,
2018,3,16,12,0,16.7,24,42.1,8.8,440,16.0,16,237.3738396815293,0,1006.9,243.71289242759772,3.533640406905908,41,,
2018,3,16,13,0,16.6,43,54.7,9,315,22.0,0,257.0086904457284,0,1006.3,237.00602397316808,4.943778241459059,48,,
2018,3,16,14,0,16.5,59,54.3,9.2,246,37.0,0,268.7029977159908,0,1005.6,239.3384983805396,6.952739824920546,56,,
2018,3,16,15,0,16.3,71,45.7,9.4,194,42.0,0,220.14963702230224,0,1005.2,243.68697457484845,8.042279710939546,67,,
2018,3,16,16,0,15.9,82,62.8,9.6,78,28.0,0,129.51350440399386,0,1004.9,239.72816056863485,7.648657705002956,78,,
2018,3,16,17,0,15.4,92,51.8,9.8,9,21.0,0,57.53951514744081,0,1004.7,231.0354250535748,7.289978632130331,89,,
2018,3,16,18,0,15.1,102,43.5,10.1,0,3.0,0,4.3641065631279226,0,1004.5,235.86322305975648,8.2073340743644,100,,
2018,3,16,19,0,14.9,113,37.3,10.4,0,0.0,0,0.0,0,1004.3,239.12334571555124,7.794360108803711,111,,
2018,3,16,20,0,14.7,126,44.8,10.7,0,0.0,0,0.0,0,1004.2,232.00999477642952,7.381049091922151,121,,
2018,3,16,21,0,14.6,141,52.2,10.8,0,0.0,0,0.0,0,1003.8,221.5207650489896,8.209698214229004,129,,
2018,3,16,22,0,14.8,160,62.9,10.7,0,0.0,0,0.0,0,1003.3,217.6043813666525,8.650466618879143,134,,
2018,3,16,23,0,14.9,-179,68.9,10.7,0,0.0,0,0.0,0,1002.8,224.01204781789195,8.890910708859796,136,,
2018,3,17,0,0,15.1,-158,69.5,10.9,0,0.0,0,0.0,0,1002.2,237.91561496476288,8.933829003803087,134,,
2018,3,17,1,0,15.1,-140,80.8,11.2,0,0.0,0,0.0,0,1001.6,244.0222077882682,9.203846632768666,128,,
2018,3,17,2,0,15.2,-125,87,11.6,0,0.0,0,0.0,0,1001,252.3405712054396,10.484034326649606,120,,
2018,3,17,3,0,15.3,-112,89.6,12,0,0.0,0,0.0,0,1000.5,263.8769008139966,11.313812627563175,110,,
2018,3,17,4,0,15.3,-101,90.9,12.5,0,0.0,0,0.0,0,1000.1,276.6050984757829,11.680065097892792,99,,
2018,3,17,5,0,15.3,-91,86.2,13,5,0.0,0,0.0,0,999.7,288.79825625761646,11.76165498825826,88,,
2018,3,17,6,0,15.4,-81,87.8,13.5,16,116.0,0,17.000000000000007,0,999.2,303.4026329163321,11.054463546695068,77,,
2018,3,17,7,0,15.6,-70,92.9,14,22,405.0,0,142.7502038689559,0,998.7,306.41744749747875,10.530308794586476,66,,
2018,3,17,8,0,15.9,-58,92.8,14.5,37,566.0000000000001,0,331.4330225327447,0,998.1,312.4279566519516,9.44808165263529,56,,
2018,3,17,9,0,16.2,-42,79.3,14.8,137,686.0,0,524.7193878193996,0,997.4,311.29901553210675,9.122506810256578,47,,
2018,3,17,10,0,16.5,-22,82.9,14.9,121,739.0,0,674.1943153055871,0,996.5,308.57307430218407,9.1933681438559,41,,
2018,3,17,11,0,16.9,1,93.7,15.1,47,738.0,0,766.2115629083647,0,995.6,303.0371697235607,8.949116716673233,39,,
2018,3,17,12,0,17.1,24,92.3,15,56,722.0,0,800.3281643687079,0,994.7,274.1865017919208,7.725202975029304,42,,
2018,3,17,13,0,17.4,43,90.1,14.9,63,637.0,0,746.6379900002804,0,993.7,272.1513296914479,9.8465397983834,48,,
2018,3,17,14,0,17.6,58,82.2,14.8,84,308.0,0,515.8339637151363,0,992.8,270.7355437580271,14.37764958551418,57,,
2018,3,17,15,0,17.8,71,65,14.6,105,46.0,0,221.41269404286052,0,992.2,257.0768424916057,12.427321925221744,67,,
2018,3,17,16,0,18,82,50.8,14.5,67,22.0,0,113.50458009193518,0,991.8,244.0202092624629,12.66643549944515,78,,
2018,3,17,17,0,18.2,92,61.6,14.3,16,8.0,0,35.4488954057918,0,991.5,231.8153531835576,14.326232518936914,89,,
2018,3,17,18,0,18.2,102,69.4,14.3,0,1.0,0,2.116043067786943,0,991.4,231.77793641218207,16.334284791392623,100,,
2018,3,17,19,0,17.9,113,76.5,14.5,0,0.0,0,0.0,0,991.5,243.86838835135,20.16274769016579,111,,
2018,3,17,20,0,17.6,125,80.7,14.6,0,0.0,0,0.0,0,991.7,247.7108957875208,21.480732781757126,121,,
2018,3,17,21,0,17.4,141,80.4,14.7,0,0.0,0,0.0,0,991.6,257.0461522384174,21.26805855492774,129,,
2018,3,17,22,0,17.2,160,29,14.7,0,0.0,0,0.0,0,991.2,281.0669505337869,18.62890211934392,135,,
2018,3,17,23,0,17.1,-179,0,14.7,0,0.0,0,0.0,0,990.9,319.3810414207768,11.080401567337336,137,,
2018,3,18,0,0,16.9,-158,0.6,14.7,0,0.0,0,0.0,0,990.6,309.7176686079801,13.20297478810473,135,,
2018,3,18,1,0,16.7,-140,33.6,14.8,0,0.0,0,0.0,0,990.3,312.716937097808,14.981114469336084,129,,
2018,3,18,2,0,16.5,-124,52,14.8,0,0.0,0,0.0,0,990.1,310.7751124836081,14.350312404355527,120,,
2018,3,18,3,0,16.4,-112,51.4,14.9,0,0.0,0,0.0,0,990.1,306.94231241590325,17.50103936855417,110,,
2018,3,18,4,0,16.3,-101,51.3,15,0,0.0,0,0.0,0,990.5,298.4197672454389,16.661539395552406,100,,
2018,3,18,5,0,16.3,-91,56.9,15.1,15,0.0,0,0.0,0,990.8,304.8316536526208,19.09381875807749,88,,
2018,3,18,6,0,16.5,-81,74.6,15.5,36,2.0,0,5.0,0,991.2,301.9720530403795,19.52966199904191,77,,
2018,3,18,7,0,17,-70,76.7,16.1,90,13.0,0,48.51958931449727,0,991.5,331.6011631644966,19.66650697945027,66,,
2018,3,18,8,0,17.5,-57,69.9,16.8,164,25.0,0,122.65987866575726,0,991.8,346.43735215175127,20.17289103867792,56,,
2018,3,18,9,0,17.7,-41,82.2,16.8,114,175.0,0,331.4716760093821,0,992.1,341.1458679332715,20.56716744371871,48,,
2018,3,18,10,0,17.6,-22,80.1,16.5,154,458.0,0,557.2216082016707,0,992.3,353.64953798204647,20.906850479751125,42,,
2018,3,18,11,0,17.4,1,65.6,16.2,271,160.0,0,460.3084073238313,0,992.5,351.6334494418338,22.05404728099749,40,,
2018,3,18,12,0,17.3,23,74.7,15.9,194,118.0,0,439.2584820228084,0,992.8,355.32679799170086,22.246808819753426,42,,
2018,3,18,13,0,17.2,43,79.4,15.6,135,141.0,0,444.7467976140376,0,993,358.84550562874136,18.611932498703823,48,,
2018,3,18,14,0,17.1,58,53,15.3,234,71.0,0,316.56923696117093,0,993.3,4.734095960110437,17.41757522860516,57,,
2018,3,18,15,0,16.9,71,49,15,186,398.0,0,457.8486453487738,0,993.8,3.239999324732935,15.86178003124677,67,,
2018,3,18,16,0,16.6,82,51.7,14.9,76,448.0,0,349.5914810892328,0,994.4,354.06510731093687,16.320386894644514,78,,
2018,3,18,17,0,16.4,92,18.1,14.7,17,226.0,0,138.97889008556314,0,995,349.98444755931564,17.013920934240392,90,,
2018,3,18,18,0,15.9,102,0,14.5,0,11.0,0,5.217759780777167,0,995.5,344.5554306883076,19.0907624649841,101,,
2018,3,18,19,0,15.4,113,0,14.3,0,0.0,0,0.0,0,996,341.4734976025019,20.002667001881235,112,,
2018,3,18,20,0,14.8,125,0,14,0,0.0,0,0.0,0,996.5,337.8511927977984,21.55678698555804,121,,
2018,3,18,21,0,14.6,141,0,13.9,0,0.0,0,0.0,0,996.5,337.7430208421326,22.33972841364114,130,,
2018,3,18,22,0,14.7,160,0,13.9,0,0.0,0,0.0,0,996.2,335.70563956895296,22.84482912157906,135,,
2018,3,18,23,0,14.8,-179,0,13.9,0,0.0,0,0.0,0,995.9,331.9525412588216,21.895682236077214,137,,
2018,3,19,0,0,15,-158,0.4,13.9,0,0.0,0,0.0,0,995.5,329.97987820155043,22.24574703385106,135,,
2018,3,19,1,0,15.3,-139,21.8,14,0,0.0,0,0.0,0,995,326.44371028161817,23.113496581791523,129,,
2018,3,19,2,0,15.6,-124,41,14.2,0,0.0,0,0.0,0,994.5,328.08699024336147,22.98601661618208,121,,
2018,3,19,3,0,15.9,-111,44.3,14.3,0,0.0,0,0.0,0,994.2,327.8034544577837,22.68778158438729,111,,
2018,3,19,4,0,16.3,-101,16.7,14.3,0,0.0,0,0.0,0,994,329.7179099879057,21.823441492444804,100,,
2018,3,19,5,0,16.7,-91,45.4,14.4,10,0.0,0,0.0,0,993.8,332.4001936669721,21.54772315178321,89,,
2018,3,19,6,0,17.2,-80,69.6,14.8,50,21.0,0,11.000000000000002,0,993.6,331.9168549592296,21.385211192607347,77,,
2018,3,19,7,0,17.7,-70,88.7,15.3,33,60.0,0,79.80515451472743,0,993.5,329.49048678244714,21.098715446396863,67,,
2018,3,19,8,0,18.2,-57,93.8,15.9,40,50.0,0,151.1416268334643,0,993.3,330.3024050100905,20.95109691803832,56,,
2018,3,19,9,0,18.5,-41,95.8,16.3,33,81.0,0,259.33779002934875,0,993,334.2675437718805,20.6403878882027,48,,
2018,3,19,10,0,18.6,-21,93.1,16.4,56,108.0,0,363.13541884899337,0,992.8,333.79062935452663,19.90979571930054,42,,
2018,3,19,11,0,18.6,1,95.7,16.5,41,64.0,0,354.4642965222959,0,992.5,354.4180683367987,17.54707324254868,40,,
2018,3,19,12,0,18.3,23,99,16.3,21,42.0,0,322.9458444510554,0,992.6,0.6559320874099512,16.378514684340335,43,,
2018,3,19,13,0,17.8,43,97.9,15.8,20,11.0,0,187.3558351047278,0,993,1.8900526929089096,17.054932912754982,49,,
2018,3,19,14,0,17.3,58,85.9,15.2,65,11.0,0,165.78197779645114,0,993.4,27.059972347808923,14.92783922964422,57,,
2018,3,19,15,0,16.7,71,62.5,14.1,112,17.0,0,152.33031783963537,0,994.1,19.328142526855004,14.729078819556094,68,,
2018,3,19,16,0,16.2,81,27.2,12.7,82,52.0,9,152.28878598736247,0,994.9,17.997274655616707,16.32256928065936,79,,
2018,3,19,17,0,15.6,91,4.6,11.2,21,82.0,5,88.22664843985626,0,995.8,22.876519375814155,16.510025166784636,90,,
2018,3,19,18,0,15,101,0,10.1,0,8.0,0,4.8428753597181045,0,996.7,19.54075542784068,16.385904325086255,101,,
2018,3,19,19,0,14.2,112,0,9.1,0,0.0,0,0.0,0,997.6,17.49013209790587,16.780418805186088,112,,
2018,3,19,20,0,13.5,125,0,8.2,0,0.0,0,0.0,0,998.5,16.904688766460993,17.054047627138043,122,,
2018,3,19,21,0,13.3,141,0,7.9,0,0.0,0,0.0,0,999,20.44001762551472,16.946627043989253,130,,
2018,3,19,22,0,13.5,160,0,8,0,0.0,0,0.0,0,999.2,24.67854805024251,16.719193458023565,136,,
2018,3,19,23,0,13.7,-179,0,8.1,0,0.0,0,0.0,0,999.4,26.72722629164349,16.355352373531385,138,,
2018,3,20,0,0,13.7,-157,0,8.2,0,0.0,0,0.0,0,999.7,28.131668898727185,15.335572289399863,135,,
2018,3,20,1,0,13.5,-139,0,8.4,0,0.0,0,0.0,0,999.9,26.781482364550072,14.798879495697456,129,,
2018,3,20,2,0,13.3,-124,0,8.6,0,0.0,0,0.0,0,1000.1,29.92869243789221,15.24429859810206,121,,
2018,3,20,3,0,13.2,-111,0,8.6,0,0.0,0,0.0,0,1000.8,32.66798219926943,15.24855604722756,111,,
2018,3,20,4,0,13,-100,0,8.6,0,0.0,0,0.0,0,1001.8,36.43062936225249,15.228133083899513,100,,
2018,3,20,5,0,12.9,-90,0.6,8.6,22,0.0,9,0.0,0,1002.8,39.31095834867807,14.11134030034685,89,,
2018,3,20,6,0,13.1,-80,0.8,8.5,68,104.0,93,14.000000000000009,0,1003.8,42.98842943963581,13.844588047692705,78,,
2018,3,20,7,0,13.7,-69,25.5,8.4,192,396.0,56,131.54180556068675,0,1004.8,46.51450088167155,13.958323308125022,67,,
2018,3,20,8,0,14.4,-56,14.5,8.4,157,562.0,325,317.18653468154463,0,1005.8,48.19307020685511,12.970583354096552,57,,
2018,3,20,9,0,14.7,-41,11.4,8,243,669.0,364,504.1728553411871,0,1006.6,53.15012067728475,12.577881627068084,48,,
2018,3,20,10,0,14.8,-21,26,7.4,402,811.0,176,659.4947506512331,0,1007.3,54.38445461040794,12.738550622566592,43,,
2018,3,20,11,0,14.9,1,62.6,6.8,254,833.0,48,762.3484135324026,0,1008,57.6552182403733,11.839395464871563,41,,
2018,3,20,12,0,14.8,23,32.8,6.5,151,844.0,362,811.310830181357,0,1008.6,64.34437762372437,12.320343041729853,43,,
2018,3,20,13,0,14.6,42,50.8,6.4,153,834.0,203,797.7057572646208,0,1009.1,70.75145293040703,11.564710501132742,49,,
2018,3,20,14,0,14.4,58,59.9,6.4,205,806.0,0,722.3152534210616,0,1009.6,73.652112082815,10.72689732683998,58,,
2018,3,20,15,0,14,70,41.8,6.5,198,741.0,1,583.535208628175,0,1010.4,77.51300893311094,10.884922904660192,68,,
2018,3,20,16,0,13.5,81,15.4,6.8,89,613.0,31,389.1154004434279,0,1011.3,85.07365594836176,10.666845619419131,79,,
2018,3,20,17,0,12.9,91,1.2,7,14,359.0,17,162.13899291594566,0,1012.2,94.73361815427904,10.36935280593374,90,,
2018,3,20,18,0,12.2,101,0,7,0,24.0,0,6.400206795706265,0,1013.2,108.77739984608796,10.036627843098747,101,,
2018,3,20,19,0,11.4,112,0,6.7,0,0.0,0,0.0,0,1014.2,109.44714876239902,10.143646557128294,112,,
2018,3,20,20,0,10.6,125,0,6.4,0,0.0,0,0.0,0,1015.3,116.13564456846694,11.072013743104874,122,,
2018,3,20,21,0,10.3,140,0,6.5,0,0.0,0,0.0,0,1015.9,111.78796829769652,11.015415122014538,130,,
2018,3,20,22,0,10.2,160,0,6.8,0,0.0,0,0.0,0,1016.1,110.68723975584726,11.58067466935183,136,,
2018,3,20,23,0,10.1,-179,0,7.2,0,0.0,0,0.0,0,1016.4,125.5090388820858,10.958413116843936,138,,
2018,3,21,0,0,9.9,-157,0,7.2,0,0.0,0,0.0,0,1016.6,136.0820676894599,9.790582808237152,136,,
2018,3,21,1,0,9.6,-139,0,7,0,0.0,0,0.0,0,1016.8,142.21173274870046,9.380013501807255,130,,
2018,3,21,2,0,9.4,-123,0,6.8,0,0.0,0,0.0,0,1017.1,152.61181586651855,9.819404371906138,121,,
2018,3,21,3,0,9.2,-111,0,6.5,0,0.0,0,0.0,0,1017.5,157.1787253451604,10.13995522813205,111,,
2018,3,21,4,0,9.1,-100,0,6.3,0,0.0,0,0.0,0,1017.9,164.62182943647483,10.189527684253912,100,,
2018,3,21,5,0,9.1,-90,0,6.1,15,0.0,23,0.0,0,1018.4,176.59164339233303,12.861617234672917,89,,
2018,3,21,6,0,10,-80,0,6.2,38,140.0,144,12.000000000000009,0,1018.7,174.1312954197315,14.225927909594942,78,,
2018,3,21,7,0,11.8,-69,0,6.4,54,554.0,323,130.9986882834163,0,1018.9,172.1902626769854,12.226440258450976,67,,
2018,3,21,8,0,13.6,-56,0,6.7,63,710.0,493,325.9400932043316,0,1019.1,176.0105010998468,13.997786366064,57,,
2018,3,21,9,0,14.6,-40,0,6.7,70,803.0,626,516.1255143102171,0,1019.1,179.28036328103997,14.73431648291318,49,,
2018,3,21,10,0,15.1,-21,0,6.5,74,792.0,709,658.8544977013723,0,1018.9,183.68362768297385,15.264690878175008,43,,
2018,3,21,11,0,15.4,1,0,6.3,76,683.0,734,703.5965769062238,0,1018.7,184.83049796895696,15.099284278963102,41,,
2018,3,21,12,0,15.6,23,0,6.3,76,689.0,699,745.0829916660009,0,1018.4,186.9183900970498,15.744276991910096,43,,
2018,3,21,13,0,15.7,42,0,6.4,73,618.0,608,698.764241376927,0,1018.1,185.8822072776632,16.277846571880364,50,,
2018,3,21,14,0,15.7,58,0,6.5,67,532.0,468,595.2084341605147,0,1017.7,186.79905767302228,16.202814202192595,58,,
2018,3,21,15,0,15.5,70,0,6.8,57,498.0,296,479.5672933362141,0,1017.6,187.8584002478207,16.15636317325997,68,,
2018,3,21,16,0,14.9,81,0,7.2,38,427.0,120,321.96193511534733,0,1017.7,188.775490330598,17.079576732502105,79,,
2018,3,21,17,0,14.3,91,0,7.6,11,210.0,21,120.78609310447986,0,1017.8,187.68907863767984,17.139457198623585,90,,
2018,3,21,18,0,13.4,101,0,7.8,0,10.0,0,3.946567363374101,0,1017.8,188.32902116784504,17.125207457712847,102,,
2018,3,21,19,0,12.3,112,0,7.9,0,0.0,0,0.0,0,1017.5,187.93237289395395,17.678430808424576,113,,
2018,3,21,20,0,11.2,125,0,8,0,0.0,0,0.0,0,1017.3,191.6540313403468,19.30146034063607,122,,
2018,3,21,21,0,10.9,140,0,8.2,0,0.0,0,0.0,0,1016.9,193.3734478737596,19.55894091255942,131,,
2018,3,21,22,0,11.3,160,0,8.4,0,0.0,0,0.0,0,1016.4,192.2222277175781,19.59777069970803,136,,
2018,3,21,23,0,11.7,-179,0,8.7,0,0.0,0,0.0,0,1015.9,194.62859491128367,18.826353684675464,138,,
2018,3,22,0,0,12.1,-157,0.1,9.1,0,0.0,0,0.0,0,1015.4,199.3056222049784,18.351512900748688,136,,
2018,3,22,1,0,12.6,-138,5.3,9.6,0,0.0,0,0.0,0,1014.8,201.53617794273995,18.911341515967088,130,,
2018,3,22,2,0,13,-123,56,10,0,0.0,0,0.0,0,1014.3,202.4061734725872,19.13951863263792,121,,
2018,3,22,3,0,13.2,-110,82.5,10.5,0,0.0,0,0.0,0,1013.9,202.4348553368048,18.89624484597916,111,,
2018,3,22,4,0,13.1,-100,59.8,10.9,0,0.0,0,0.0,0,1013.7,201.6055947459756,19.07559247902879,100,,
2018,3,22,5,0,13.1,-90,51.5,11.3,15,0.0,0,0.0,0,1013.4,201.5684949265474,18.825247132311688,89,,
2018,3,22,6,0,14,-79,44.5,11.8,97,21.0,0,9.000000000000002,0,1013,203.80269523512465,18.54094750441974,78,,
2018,3,22,7,0,15.6,-68,60,12.5,126,111.0,0,84.43793954021146,0,1012.5,203.6365787750038,19.13135485939717,67,,
2018,3,22,8,0,17.3,-56,72,13.2,148,322.0,0,246.0595100816348,0,1012,204.98754351341032,19.29099558479401,57,,
2018,3,22,9,0,18.1,-40,71.4,13.3,192,472.0,0,419.1529383832152,0,1011.3,206.2520247353485,18.705730240850265,49,,
2018,3,22,10,0,18.4,-20,76,13.1,180,513.0,0,545.1608849129657,0,1010.6,208.379385989752,18.80823166955248,43,,
2018,3,22,11,0,18.7,1,67.3,12.8,255,692.0000000000001,0,700.0519760250932,0,1009.9,209.9856848988479,18.43082799289322,41,,
2018,3,22,12,0,18.8,23,43.5,12.8,407,680.0,9,733.329347523616,0,1009.1,209.5851812866672,18.40411890027451,44,,
2018,3,22,13,0,18.8,42,28.8,12.9,395,677.0,66,719.8910155249944,0,1008.3,203.7085701881928,18.50888139110669,50,,
2018,3,22,14,0,18.8,57,44.4,13.1,255,621.0,37,631.2672100287272,0,1007.4,205.3468627592259,18.406191576426195,59,,
2018,3,22,15,0,18.4,70,19.8,13.3,120,536.0,117,490.5302612982831,0,1006.8,204.63948850731896,18.3005619862387,69,,
2018,3,22,16,0,17.6,81,0,13.5,52,455.0,87,327.33873318635494,0,1006.4,204.39197046326512,18.17205871134923,80,,
2018,3,22,17,0,16.9,91,0,13.7,14,244.0,12,127.14783867872616,0,1006.1,204.81898316375023,18.027606381107866,91,,
2018,3,22,18,0,16.4,101,0,13.7,0,9.0,0,3.8037688278864192,0,1005.5,204.621602043828,17.816686606715685,102,,
2018,3,22,19,0,16.2,112,0,13.5,0,0.0,0,0.0,0,1004.8,203.7423665577362,18.53741783759236,113,,
2018,3,22,20,0,16,124,0,13.3,0,0.0,0,0.0,0,1004.1,204.1349957007318,19.32344386588876,123,,
2018,3,22,21,0,16.2,140,0,13.2,0,0.0,0,0.0,0,1003.2,205.30780287052613,19.50641873215505,131,,
2018,3,22,22,0,16.7,159,0,13.1,0,0.0,0,0.0,0,1002,205.30808957864443,19.46109473656128,137,,
2018,3,22,23,0,17.3,-178,0,13.1,0,0.0,0,0.0,0,1000.8,204.3732229338621,19.19859215925649,139,,
2018,3,23,0,0,17.7,-157,1,13.1,0,0.0,0,0.0,0,999.8,204.15864314530907,18.847523219770668,136,,
2018,3,23,1,0,17.9,-138,53.5,13.3,0,0.0,0,0.0,0,998.9,201.59356478387784,18.471412726542106,130,,
2018,3,23,2,0,18.2,-123,82.3,13.4,0,0.0,0,0.0,0,998,200.84654409492387,17.933243070284263,122,,
2018,3,23,3,0,18,-110,77.9,13.7,0,0.0,0,0.0,0,997.7,200.268381856329,17.222153226930413,112,,
2018,3,23,4,0,17.4,-99,28.2,14,0,0.0,0,0.0,0,997.6,200.86073695987164,16.75400847717106,101,,
2018,3,23,5,0,16.8,-89,44.6,14.4,8,0.0,0,0.0,0,997.7,201.53976209230024,16.360854736853245,89,,
2018,3,23,6,0,16.4,-79,73.5,14.6,36,76.0,0,10.000000000000004,0,997.4,202.3454705857916,15.913212084438465,78,,
2018,3,23,7,0,16.3,-68,75.5,14.7,80,321.0,0,108.97162327477592,0,996.8,202.7706941144199,16.165696037131976,67,,
2018,3,23,8,0,16.2,-55,79.3,14.8,102,355.0,0,249.42609836521683,0,996.2,204.4207917764616,16.093379729372483,58,,
2018,3,23,9,0,16.8,-40,78.9,14.9,137,437.0,0,402.3434328970845,0,995.6,205.6705501904932,15.980880536182442,49,,
2018,3,23,10,0,17.8,-20,82.8,15,124,505.0,0,556.368653002736,0,995.1,205.49243547373013,15.794560988345804,44,,
2018,3,23,11,0,18.9,2,80.8,15.1,145,602.0,0,676.718022039027,0,994.6,207.51887959779688,15.74779104833777,42,,
2018,3,23,12,0,18.8,23,70.4,15,212,675.0,0,745.6052685563225,0,994.7,208.49876499183645,14.942451695786472,44,,
2018,3,23,13,0,17.8,42,62.5,14.7,230,706.0,4,747.2114010865203,0,995.2,203.2367992727398,15.334741859642088,50,,
2018,3,23,14,0,16.7,57,21.9,14.3,136,646.0,230,654.4035110415837,0,995.8,204.1513587169924,14.528552192549864,59,,
2018,3,23,15,0,15.6,70,0.9,13.5,77,506.0,241,485.1542750701624,0,996.8,204.86179989507352,14.03589021975646,69,,
2018,3,23,16,0,14.6,80,2.1,12.3,50,236.0,83,246.2513947620681,0,998.2,205.06300035660416,13.782867133483444,80,,
2018,3,23,17,0,13.6,90,0.9,11.1,13,45.0,11,61.32458620838311,0,999.7,204.80641516028703,13.526393787626953,91,,
2018,3,23,18,0,12.8,100,0,9.9,0,2.0,0,2.167930776320725,0,1000.9,202.3491218646416,13.6160436927906,102,,
2018,3,23,19,0,12.3,111,0,8.7,0,0.0,0,0.0,0,1001.9,199.5431479441689,14.801703051094364,113,,
2018,3,23,20,0,11.8,124,0,7.6,0,0.0,0,0.0,0,1002.9,198.9913206366148,15.082443964759412,123,,
2018,3,23,21,0,11.5,140,0,7.2,0,0.0,0,0.0,0,1003.6,198.40908114784224,15.732332962703635,132,,
2018,3,23,22,0,11.4,159,0,7.2,0,0.0,0,0.0,0,1004.2,199.3919012970079,15.781781393490151,137,,
2018,3,23,23,0,11.3,-178,0,7.4,0,0.0,0,0.0,0,1004.8,199.8836274924241,15.653645529139094,139,,
2018,3,24,0,0,11.1,-156,0,7.2,0,0.0,0,0.0,0,1005.3,201.20020639574213,15.407486268247384,137,,
2018,3,24,1,0,10.8,-137,0,6.7,0,0.0,0,0.0,0,1005.8,206.13079611899715,15.068452001399452,131,,
2018,3,24,2,0,10.5,-122,0,6.3,0,0.0,0,0.0,0,1006.3,200.9537902286304,14.550885453843136,122,,
2018,3,24,3,0,10.3,-110,0,5.9,0,0.0,0,0.0,0,1006.8,197.4943887605324,13.239575345026704,112,,
2018,3,24,4,0,10,-99,0,5.5,0,0.0,0,0.0,0,1007.3,201.27743737093843,11.079982921904785,101,,
2018,3,24,5,0,9.9,-89,0.7,5.2,14,0.0,18,0.0,0,1007.9,210.6614945124784,9.468520073569811,90,,
2018,3,24,6,0,10.3,-79,1,4.9,40,1.0,131,3.0,0,1008.3,234.2882833943952,7.063552440445138,78,,
2018,3,24,7,0,11.1,-68,29.8,4.6,165,5.0,73,27.48081330151991,0,1008.5,221.8439971103478,8.312653149362776,68,,
2018,3,24,8,0,12,-55,21.3,4.4,183,6.0,262,61.709592489631966,0,1008.7,222.3329940774436,8.66298246058481,58,,
2018,3,24,9,0,12.8,-39,2.7,4.4,104,9.0,564,114.0922999834033,0,1008.7,246.9758675516432,7.8119995948749406,50,,
2018,3,24,10,0,13.3,-20,1,4.7,76,12.0,687,164.1137570577491,0,1008.5,275.5914593375469,8.902711242214563,44,,
2018,3,24,11,0,13.8,2,49.1,5.1,141,68.0,263,342.8987401529628,0,1008.3,261.88428525124147,11.41214447564494,42,,
2018,3,24,12,0,14.1,23,27.5,5.2,105,370.0,438,596.3054117020372,0,1008.2,291.39472602986086,12.946863667406946,45,,
2018,3,24,13,0,14.3,42,0,5.2,61,474.0,607,633.0422475579638,0,1008,306.71165044624144,10.200771329036009,51,,
2018,3,24,14,0,14.4,57,0.4,5.2,57,575.0000000000001,464,618.7078121638406,0,1007.9,327.2320260573412,8.238486669519782,59,,
2018,3,24,15,0,14.1,69,21.6,5.2,128,587.0,152,516.6865921825938,0,1008,348.24519527215386,6.135756763839833,69,,
2018,3,24,16,0,13.7,80,24.4,5.3,91,469.0,11,332.6636981009256,0,1008.3,359.97228875263806,5.047852152896137,80,,
2018,3,24,17,0,13.2,90,7,5.4,17,223.0,4,118.86528751071988,0,1008.6,16.029224430185423,3.621513803226912,91,,
2018,3,24,18,0,12.6,100,0,5.5,0,5.0,0,2.3931709019402363,0,1008.8,25.641005824305296,3.466356155965512,103,,
2018,3,24,19,0,11.9,111,0,5.7,0,0.0,0,0.0,0,1008.9,55.08589928504716,4.367974232626025,114,,
2018,3,24,20,0,11.2,124,0,5.8,0,0.0,0,0.0,0,1009.1,69.12455692673035,4.034096127126936,124,,
2018,3,24,21,0,10.9,140,0,6,0,0.0,0,0.0,0,1008.9,75.27399047141841,2.798718116871694,132,,
2018,3,24,22,0,10.8,159,0,6.2,0,0.0,0,0.0,0,1008.6,49.96314752681258,1.494567670443184,138,,
2018,3,24,23,0,10.8,-178,0,6.4,0,0.0,0,0.0,0,1008.2,65.67930311819742,1.324313922714066,139,,
2018,3,25,0,0,10.9,-156,0,6.5,0,0.0,0,0.0,0,1008,90.43148238259693,2.269351459676298,137,,
2018,3,25,1,0,11.1,-137,0,6.6,0,0.0,0,0.0,0,1007.8,112.02793428396592,2.7176743275825173,131,,
2018,3,25,2,0,11.4,-122,0,6.6,0,0.0,0,0.0,0,1007.7,126.71506840081258,2.854942064465729,122,,
2018,3,25,3,0,11.5,-109,0,6.7,0,0.0,0,0.0,0,1007.6,128.35164799737163,3.2893811794123664,112,,
2018,3,25,4,0,11.7,-98,0.3,6.9,0,0.0,0,0.0,0,1007.5,195.72128970789288,3.858198009586834,101,,
2018,3,25,5,0,11.9,-88,14.6,7.1,21,0.0,0,0.0,0,1007.5,216.5855100068273,3.02010556147043,90,,
2018,3,25,6,0,12.4,-78,51,7.4,60,1.0,0,2.0,0,1007.4,210.3658042885057,1.7492468439378734,79,,
2018,3,25,7,0,13.3,-67,74.6,7.5,84,4.0,0,22.37092996468272,0,1007.3,250.50475294512668,3.738242281687732,68,,
2018,3,25,8,0,14.2,-55,74.3,7.7,139,48.0,0,138.50403023393494,0,1007.2,339.272581872978,8.177743824729443,58,,
2018,3,25,9,0,14.7,-39,71.1,7.7,193,155.0,0,297.8946794135338,0,1006.8,314.09632519912014,10.125005159847689,50,,
2018,3,25,10,0,15,-20,63.2,7.4,279,249.0,0,441.6198019968423,0,1006.2,333.964805339504,17.426571398609386,44,,
2018,3,25,11,0,15.2,2,65.9,7.2,265,528.0,0,641.9248395805171,0,1005.7,349.2619596684336,21.57207789479706,43,,
2018,3,25,12,0,15.2,23,65.9,7.1,252,724.0,0,764.544517888903,0,1005.2,356.1237656519383,20.65760780292494,45,,
2018,3,25,13,0,15.1,42,65.1,7.1,226,698.0000000000001,0,738.6770482426855,0,1004.8,342.8631481966443,17.751989953221855,51,,
2018,3,25,14,0,15,57,53.9,7.2,222,595.0,1,626.3985474995011,0,1004.4,329.6096532229267,17.46714310770513,60,,
2018,3,25,15,0,14.7,69,31.4,7.2,178,223.0,31,345.6473779080077,0,1004.3,318.91490173540615,20.51633628780121,70,,
2018,3,25,16,0,14.4,80,22.8,7.2,84,14.0,18,86.0941672755709,0,1004.3,324.7482256521537,23.068915916823915,80,,
2018,3,25,17,0,14.1,90,8.3,7.3,18,4.0,0,20.05206820474607,0,1004.3,342.29271921428386,21.3073324849451,92,,
2018,3,25,18,0,13.7,100,0,7.4,0,1.0,0,1.0733189870714763,0,1004.2,342.63166790262346,22.338074175324103,103,,
2018,3,25,19,0,13.2,111,0,7.6,0,0.0,0,0.0,0,1003.9,342.66660944870944,23.01105792434419,114,,
2018,3,25,20,0,12.8,124,0,7.9,0,0.0,0,0.0,0,1003.6,352.7728744088726,23.02398417056504,124,,
2018,3,25,21,0,12.6,140,0,8.4,0,0.0,0,0.0,0,1003.3,351.29716414843995,21.20804819341312,132,,
2018,3,25,22,0,12.6,159,0,9.1,0,0.0,0,0.0,0,1002.9,351.7339751260611,21.016184178964384,138,,
2018,3,25,23,0,12.6,-178,0,9.8,0,0.0,0,0.0,0,1002.5,353.2839446334934,21.026118906663697,140,,
2018,3,26,0,0,12.4,-156,0.9,10.1,0,0.0,0,0.0,0,1002.1,351.3133766238811,20.00585081827803,137,,
2018,3,26,1,0,11.9,-137,45.1,10,0,0.0,0,0.0,0,1001.7,346.0478446981231,20.65729539825753,131,,
2018,3,26,2,0,11.4,-121,69.9,10,0,0.0,0,0.0,0,1001.4,352.7819998293241,20.394777249363408,122,,
2018,3,26,3,0,11.1,-109,68.5,9.7,0,0.0,0,0.0,0,1001.2,31.966240037089904,16.136944636488636,112,,
2018,3,26,4,0,10.9,-98,24.6,9.4,0,0.0,0,0.0,0,1001.2,28.79429336080267,18.90460502151871,101,,
2018,3,26,5,0,10.8,-88,7.5,9,19,0.0,2,0.0,0,1001.3,23.45330876908531,21.30823765220265,90,,
2018,3,26,6,0,11,-78,50.5,8.9,49,2.0,1,4.0,0,1001.5,24.563757438436937,23.21096102759248,79,,
2018,3,26,7,0,11.5,-67,47.3,9,190,9.0,4,35.80378926479159,0,1001.9,26.20693557804526,25.29448451150877,68,,
2018,3,26,8,0,12,-54,63.1,9,168,8.0,2,70.22184042232972,0,1002.2,31.007302928948548,25.286209215350706,58,,
2018,3,26,9,0,12.3,-39,63.9,9.1,238,39.0,2,196.43894416290988,0,1002.2,34.9454495898687,23.79491500397243,50,,
2018,3,26,10,0,12.5,-19,34.4,9.3,366,145.0,117,366.801027842724,0,1001.8,36.34042023207752,22.894971730372447,45,,
2018,3,26,11,0,12.7,2,20.4,9.4,365,256.0,236,496.3907602936638,0,1001.4,39.875235394497054,22.26411694154516,43,,
2018,3,26,12,0,12.7,23,62.2,9.8,184,399.0,96,600.1355264902725,0,1001.1,41.4441006939644,21.376582940365594,45,,
2018,3,26,13,0,12.7,41,82.8,10.5,104,453.0,0,610.2644915868618,0,1000.7,41.53627792007404,20.71034791870597,51,,
2018,3,26,14,0,12.6,56,74.7,11.2,115,363.0,0,504.2863393733504,0,1000.3,41.129047832172944,20.49830863534703,60,,
2018,3,26,15,0,12.2,69,63.6,11.2,101,285.0,0,369.9279894582248,0,1000.3,44.7469092011745,20.009797950670112,70,,
2018,3,26,16,0,11.7,80,52.8,10.6,49,251.0,0,241.91327358063413,0,1000.7,46.3878232653268,18.24718841686006,81,,
2018,3,26,17,0,11.1,90,17.8,9.9,9,82.0,0,71.12095535640833,0,1001,43.84703896319502,16.815835005110447,92,,
2018,3,26,18,0,10.7,100,0,9.3,0,1.0,0,1.0680234677259148,0,1001.5,46.196005676676805,15.474612157903977,103,,
2018,3,26,19,0,10.3,111,0,8.7,0,0.0,0,0.0,0,1002,43.00874200305424,13.990725446744772,114,,
2018,3,26,20,0,9.9,123,0,8,0,0.0,0,0.0,0,1002.5,39.259659471508826,13.697410727417306,124,,
2018,3,26,21,0,10,139,0,8,0,0.0,0,0.0,0,1002.9,40.13362781781456,13.544967222240972,133,,
2018,3,26,22,0,10.3,159,0,8.5,0,0.0,0,0.0,0,1003.3,37.65003070546521,12.211092842368432,138,,
2018,3,26,23,0,10.6,-178,0,9,0,0.0,0,0.0,0,1003.6,36.69106566272876,10.81001359266914,140,,
2018,3,27,0,0,10.8,-156,0.8,9.3,0,0.0,0,0.0,0,1004,36.06206688470792,9.485903775402296,138,,
2018,3,27,1,0,10.9,-136,42.9,9.5,0,0.0,0,0.0,0,1004.4,28.83142089154705,8.942750845519061,131,,
2018,3,27,2,0,10.9,-121,35.2,9.6,0,0.0,0,0.0,0,1004.8,26.130726816973947,8.656495848238984,123,,
2018,3,27,3,0,11.1,-109,51.2,9.9,0,0.0,0,0.0,0,1005.3,25.455336082465465,9.161080661483323,112,,
2018,3,27,4,0,11.3,-98,53,10.1,0,0.0,0,0.0,0,1006,23.89848285054279,8.432162655948341,102,,
2018,3,27,5,0,11.5,-88,36.9,10.4,14,0.0,0,0.0,0,1006.7,29.269335562921867,6.90303116868896,90,,
2018,3,27,6,0,11.7,-78,57.1,10.3,46,10.0,0,6.000000000000001,0,1007.1,23.807557545910527,5.830354161972156,79,,
2018,3,27,7,0,12.1,-67,75.7,10.1,75,58.0,0,64.98193225842914,0,1007.4,17.68439202655776,4.5263982646249765,68,,
2018,3,27,8,0,12.5,-54,71,9.8,148,49.0,0,134.43191340514187,0,1007.6,4.035954427085585,3.552021619907622,59,,
2018,3,27,9,0,12.9,-38,71.6,9.8,177,135.0,0,278.85326286207726,0,1007.9,346.0596562560683,3.113176485258929,50,,
2018,3,27,10,0,13.3,-19,78,10,156,254.0,0,438.52682527415664,0,1008.4,316.4688007143858,3.4482785560334306,45,,
2018,3,27,11,0,13.8,2,49.8,10.3,347,288.0,26,520.958420574927,0,1008.8,316.3241788631779,3.832278501289789,43,,
2018,3,27,12,0,13.9,23,26.3,10.3,403,148.0,117,447.3179327549088,0,1009.2,312.3842892853703,4.543095338456678,46,,
2018,3,27,13,0,13.9,41,21.2,10.2,326,25.0,157,245.05126001181827,0,1009.6,279.1325984609011,4.073116574011635,52,,
2018,3,27,14,0,13.8,56,10.7,10,191,20.0,228,195.35850730902584,0,1009.9,270.88488600281335,5.438148547552204,60,,
2018,3,27,15,0,13.5,69,17.7,9.8,142,13.0,113,125.36373560452896,0,1010.4,275.84461943447127,6.137618015382213,70,,
2018,3,27,16,0,13.2,79,10.8,9.7,72,10.0,24,72.24557211868941,0,1010.9,282.95325343527463,6.970591626781307,81,,
2018,3,27,17,0,12.8,89,31.1,9.5,10,15.0,8,35.78186852394756,0,1011.4,280.8585275825162,7.29889724857957,92,,
2018,3,27,18,0,12.5,99,46.8,9.3,0,0.0,0,0.0,0,1012,279.7275785514016,6.658230339211764,104,,
2018,3,27,19,0,12.3,110,16.9,8.9,0,0.0,0,0.0,0,1012.5,252.60957196024367,5.50147072136686,115,,
2018,3,27,20,0,12.1,123,0,8.6,0,0.0,0,0.0,0,1013,266.75183623414864,7.721388886981029,125,,
2018,3,27,21,0,12,139,0,8.6,0,0.0,0,0.0,0,1013.2,232.1436711134579,8.418044427589063,133,,
2018,3,27,22,0,11.9,159,0,8.7,0,0.0,0,0.0,0,1013.2,225.7230740054498,9.548428235855566,139,,
2018,3,27,23,0,11.9,-178,0,8.9,0,0.0,0,0.0,0,1013.1,235.27993988641555,13.391212621857626,141,,
2018,3,28,0,0,11.9,-155,0,8.9,0,0.0,0,0.0,0,1013,237.54482562407395,14.132360331997257,138,,
2018,3,28,1,0,11.9,-136,0,8.8,0,0.0,0,0.0,0,1012.8,237.2716040049672,13.289487559468837,132,,
2018,3,28,2,0,11.8,-121,0,8.7,0,0.0,0,0.0,0,1012.5,238.7297539979022,13.11065986029284,123,,
2018,3,28,3,0,11.8,-108,0,8.6,0,0.0,0,0.0,0,1012.6,243.9224615606716,13.961299718631151,113,,
2018,3,28,4,0,11.7,-97,0,8.5,0,0.0,0,0.0,0,1012.9,251.8802577193468,15.521181561790032,102,,
2018,3,28,5,0,11.6,-87,0.2,8.5,13,0.0,11,0.0,0,1013.2,260.60851716181367,16.426224748609314,90,,
2018,3,28,6,0,12.1,-77,12,8.5,82,20.0,43,6.000000000000001,0,1013.5,276.59041942804174,16.081609544837733,79,,
2018,3,28,7,0,13,-66,27.9,8.7,203,360.0,34,103.69620135796544,0,1013.7,274.5985936519084,16.005136268950857,69,,
2018,3,28,8,0,13.9,-54,39.6,8.8,298,536.0,7,281.9912986303608,0,1014,293.5318698170277,15.122615109940636,59,,
2018,3,28,9,0,14.4,-38,48.3,8.7,328,395.0,5,389.6219629713296,0,1013.8,312.24052187683435,13.816169408871888,51,,
2018,3,28,10,0,14.6,-19,26.5,8.4,276,349.0,268,474.2941956916464,0,1013.4,330.8533062038585,12.275020349178812,45,,
2018,3,28,11,0,14.7,2,49.9,8.1,229,260.0,150,494.8864105063871,0,1013,338.058826048866,11.03961163266604,44,,
2018,3,28,12,0,14.7,23,64.9,8,252,157.0,0,445.12690699826805,0,1012.5,342.273354325461,10.87934439031941,46,,
2018,3,28,13,0,14.8,41,55.6,8,275,150.0,0,420.5833616098321,0,1012.1,345.5988616310161,11.473304623708836,52,,
2018,3,28,14,0,14.8,56,43.6,8,265,156.0,1,373.4067050910601,0,1011.7,350.80854859204067,11.724516123931924,61,,
2018,3,28,15,0,14.6,68,24.2,8.1,165,258.0,55,350.78664429972866,0,1011.5,16.262970771867003,12.137011732893628,71,,
2018,3,28,16,0,14.2,79,15.4,8.1,63,318.0,37,261.2966113790029,0,1011.4,23.332520414580188,11.094814800149631,81,,
2018,3,28,17,0,13.8,89,5.5,8.2,13,144.0,3,86.52188075413042,0,1011.3,25.02034142911976,10.048706744974414,93,,
2018,3,28,18,0,13.3,99,0,8.4,0,1.0,0,1.057512597612287,0,1011.3,23.07390276606281,9.35403468662659,104,,
2018,3,28,19,0,12.6,110,0,8.6,0,0.0,0,0.0,0,1011.3,20.79054257942016,8.803991122661389,115,,
2018,3,28,20,0,11.9,123,0,8.8,0,0.0,0,0.0,0,1011.2,15.982547354704195,8.171580325734539,125,,
2018,3,28,21,0,12,139,0,8.9,0,0.0,0,0.0,0,1011,5.312898908254283,7.86778534300557,133,,
2018,3,28,22,0,12.6,159,0,9,0,0.0,0,0.0,0,1010.6,358.5915869603295,8.502568698281369,139,,
2018,3,28,23,0,13.2,-178,0,9,0,0.0,0,0.0,0,1010.1,355.1009075462122,8.782084035125148,141,,
2018,3,29,0,0,13.6,-155,0.6,9.1,0,0.0,0,0.0,0,1009.8,354.319419919832,8.208523501615405,138,,
2018,3,29,1,0,13.8,-136,33.6,9.3,0,0.0,0,0.0,0,1009.5,346.0027076426413,7.751904595824581,132,,
2018,3,29,2,0,13.9,-120,52,9.5,0,0.0,0,0.0,0,1009.2,347.97290419162744,8.20151444383068,123,,
2018,3,29,3,0,14,-108,51.3,9.7,0,0.0,0,0.0,0,1009.1,349.5673756679361,8.283669809166557,113,,
2018,3,29,4,0,14.1,-97,18.4,9.9,0,0.0,0,0.0,0,1009.2,351.6551442715878,8.612918024340894,102,,
2018,3,29,5,0,14.2,-87,0.8,10.1,12,0.0,8,0.0,0,1009.3,344.0987008252808,7.756011542559303,91,,
2018,3,29,6,0,14.6,-77,40,10.4,58,3.0,5,3.0,0,1009.5,333.80288895719826,7.361925209710384,79,,
2018,3,29,7,0,15.4,-66,66.9,10.7,107,33.0,0,52.6100611256844,0,1009.8,331.83993612225527,8.343285826298102,69,,
2018,3,29,8,0,16.1,-53,80.3,11,93,46.0,0,130.27678506449962,0,1010.1,332.6020838955073,8.285026757911334,59,,
2018,3,29,9,0,16.4,-38,85,11.4,95,125.0,0,268.4660439569476,0,1010.1,337.3270129217108,8.649117299200663,51,,
2018,3,29,10,0,16.3,-19,69.1,11.9,224,107.0,0,330.28054009844743,0,1009.9,335.77644174572686,8.682712803684106,46,,
2018,3,29,11,0,16.2,2,76.6,12.3,172,121.0,0,391.8665354115017,0,1009.6,338.6647039012552,9.507272148606871,44,,
2018,3,29,12,0,16.1,23,80.5,12.6,135,104.0,0,391.4600110288813,0,1009.5,339.7723916469172,10.303676370521709,47,,
2018,3,29,13,0,16,41,77.6,12.9,135,99.0,0,368.52474528328514,0,1009.5,342.4373923332712,10.84178527490555,53,,
2018,3,29,14,0,15.9,56,58.4,13.2,182,128.0,0,347.1960626135125,0,1009.5,344.6603285211348,10.867886993142369,61,,
2018,3,29,15,0,15.7,68,54.2,13.4,136,139.0,0,279.27309699926843,0,1009.7,343.61896504259994,10.859008522161906,71,,
2018,3,29,16,0,15.3,79,40,13.4,54,122.0,0,174.481085433059,0,1010.2,342.7297286150723,11.36825084890731,82,,
2018,3,29,17,0,15,89,43.5,13.4,12,30.0,0,43.237179676000736,0,1010.6,343.12261491034377,11.4096463124415,93,,
2018,3,29,18,0,14.8,99,51.2,13.4,0,0.0,0,0.0,0,1011,343.42239042268216,11.61002189918378,104,,
2018,3,29,19,0,14.6,110,51.6,13.5,0,0.0,0,0.0,0,1011.3,340.7740580760929,12.336992263395116,115,,
2018,3,29,20,0,14.5,123,51.8,13.5,0,0.0,0,0.0,0,1011.7,342.5636270733376,12.51474613385238,125,,
2018,3,29,21,0,14.5,139,51.9,13.4,0,0.0,0,0.0,0,1011.8,342.184104610823,12.869352900817846,134,,
2018,3,29,22,0,14.6,159,52,13.3,0,0.0,0,0.0,0,1011.6,341.6531652101048,13.30343064908475,140,,
2018,3,29,23,0,14.7,-178,52,13.2,0,0.0,0,0.0,0,1011.4,340.66809366013297,13.404727884950551,141,,
2018,3,30,0,0,14.7,-155,52,13.2,0,0.0,0,0.0,0,1011.3,340.5054149871658,13.484448279118697,139,,
2018,3,30,1,0,14.6,-135,52,13.1,0,0.0,0,0.0,0,1011.3,337.38643040198826,15.553955172011976,132,,
2018,3,30,2,0,14.6,-120,52,13.1,0,0.0,0,0.0,0,1011.3,347.542491484368,15.066139137722947,123,,
2018,3,30,3,0,14.5,-107,51.8,13.1,0,0.0,0,0.0,0,1011.4,348.43175199237504,15.271645872591868,113,,
2018,3,30,4,0,14.5,-97,48.6,13.1,0,0.0,0,0.0,0,1011.7,352.6516384485068,15.148341563699589,102,,
2018,3,30,5,0,14.5,-87,42.6,13,12,0.0,0,0.0,0,1011.9,352.3544420395124,15.032564300051934,91,,
2018,3,30,6,0,14.9,-77,57.7,13.1,50,17.0,0,5.000000000000001,0,1012.2,350.4840519572146,14.365892993965687,80,,
2018,3,30,7,0,15.7,-66,63.5,13.2,122,185.0,0,83.00571219786673,0,1012.6,353.50497966529593,16.0232523475488,69,,
2018,3,30,8,0,16.5,-53,71.4,13.3,136,287.0,0,222.5556216776484,0,1012.9,355.9743363188843,16.02488969000165,59,,
2018,3,30,9,0,16.8,-37,82.4,13.3,107,533.0,1,420.20027431759456,0,1013,2.538348498273137,16.499099022296186,51,,
2018,3,30,10,0,16.8,-19,50,13.1,297,647.0,66,576.9092639976752,0,1013,28.10494630613715,14.195860504170668,46,,
2018,3,30,11,0,16.7,2,58,12.8,271,670.0,37,671.863572682777,0,1013,30.406302840018952,13.336530356031558,45,,
2018,3,30,12,0,16.7,23,59.8,12.7,278,680.0,0,713.7160584085542,0,1013,28.32233067882362,13.041929486351435,47,,
2018,3,30,13,0,16.6,41,71.1,12.5,183,674.0,0,696.8539506144259,0,1013.2,22.77298112770705,12.97270257304627,53,,
2018,3,30,14,0,16.5,56,65.5,12.4,147,606.0,2,601.5254086872848,0,1013.4,23.333240256287468,12.890666367435546,61,,
2018,3,30,15,0,16.2,68,20.3,12.3,94,387.0,111,402.0986907961648,0,1013.8,21.3545575861636,13.04449683346663,71,,
2018,3,30,16,0,15.7,79,0,12.3,31,93.0,76,153.97959257712083,0,1014.2,21.02922626863659,13.81932749238146,82,,
2018,3,30,17,0,15.1,89,0,12.2,7,11.0,8,27.593845234817937,0,1014.7,22.517182748275506,13.60188482385768,93,,
2018,3,30,18,0,14.4,99,0,11.9,0,0.0,0,0.0,0,1015,25.47264448748598,13.710199989415583,105,,
2018,3,30,19,0,13.6,110,0,11.3,0,0.0,0,0.0,0,1015.3,26.81177120293984,12.982089039975287,116,,
2018,3,30,20,0,12.8,123,0,10.7,0,0.0,0,0.0,0,1015.5,31.896199522991424,12.738345796713412,126,,
2018,3,30,21,0,12.5,139,0,10.5,0,0.0,0,0.0,0,1015.6,33.50203585133744,12.19405795480315,134,,
2018,3,30,22,0,12.6,159,0,10.6,0,0.0,0,0.0,0,1015.6,36.69609014851829,11.122512113260612,140,,
2018,3,30,23,0,12.8,-177,0,10.8,0,0.0,0,0.0,0,1015.5,37.10985273470197,9.980165647917037,142,,
2018,3,31,0,0,12.9,-154,0,10.8,0,0.0,0,0.0,0,1015.5,33.293105428382376,9.147897497539436,139,,
2018,3,31,1,0,12.9,-135,0,10.8,0,0.0,0,0.0,0,1015.5,31.29774688151423,7.218680645663196,133,,
2018,3,31,2,0,12.9,-120,0,10.7,0,0.0,0,0.0,0,1015.5,30.468027009619,6.28626973475804,124,,
2018,3,31,3,0,12.9,-107,0,10.7,0,0.0,0,0.0,0,1015.6,25.7955393352006,5.601375055302596,113,,
2018,3,31,4,0,12.9,-96,0,10.8,0,0.0,0,0.0,0,1015.9,21.00439291373732,5.579741769920373,102,,
2018,3,31,5,0,12.9,-86,0.6,10.8,11,0.0,8,0.0,0,1016.1,14.098179560702247,4.875111022320801,91,,
2018,3,31,6,0,13.6,-76,29.8,10.8,77,1.0,4,1.0,0,1016.2,2.340111999757937,4.065890731161395,80,,
2018,3,31,7,0,14.8,-65,55.7,10.8,138,5.0,0,22.36165341812673,0,1016.3,349.87532834460217,3.555365663331973,69,,
2018,3,31,8,0,16,-52,67.9,10.8,156,31.0,0,110.04850594298574,0,1016.4,329.74356283647074,3.473110997362451,60,,
2018,3,31,9,0,16.6,-37,77.4,10.8,141,190.0,0,296.3297488590799,0,1016.1,326.6286184657462,4.090435520851556,52,,
2018,3,31,10,0,16.8,-18,81.3,10.8,134,375.0,0,487.70449925086336,0,1015.6,322.4808861795237,4.412783277025963,46,,
2018,3,31,11,0,16.9,2,74.3,10.8,190,304.0,0,524.5221811818943,0,1015.1,308.7031812810156,4.4323468442083005,45,,
2018,3,31,12,0,16.9,23,66.8,10.9,232,156.0,0,451.24700329263,0,1014.6,306.34767108801645,4.992932002947494,47,,
2018,3,31,13,0,16.9,41,69.2,11.1,188,72.0,0,343.58765169931075,0,1014.1,301.5002239884153,5.424341091670203,53,,
2018,3,31,14,0,16.9,55,52.3,11.2,208,57.0,1,275.91131803975173,0,1013.7,310.71840325804067,6.102188141772428,62,,
2018,3,31,15,0,16.4,68,28.7,11.4,165,7.0,29,97.81747791702496,0,1013.4,316.1447330190751,5.9537636772237335,72,,
2018,3,31,16,0,15.6,78,28.8,11.7,62,3.0,16,42.20895250438698,0,1013.4,323.8333286433449,6.142650163528291,82,,
2018,3,31,17,0,14.7,88,44.4,11.9,9,1.0,0,10.23037665412958,0,1013.3,324.1975400891684,6.73085556645618,94,,
2018,3,31,18,0,13.9,98,18.4,11.9,0,0.0,0,0.0,0,1013.3,329.8587621173326,7.927602055872245,105,,
2018,3,31,19,0,13.3,109,0,11.7,0,0.0,0,0.0,0,1013.3,323.87055585675915,7.738146176572267,116,,
2018,3,31,20,0,12.7,122,0.6,11.5,0,0.0,0,0.0,0,1013.2,314.8861794671405,7.6473334960295105,126,,
2018,3,31,21,0,12.5,139,33.6,11.4,0,0.0,0,0.0,0,1012.9,314.1157978892547,8.591610846876181,135,,
2018,3,31,22,0,12.6,159,51.5,11.3,0,0.0,0,0.0,0,1012.3,317.3622164732195,9.319251873872805,140,,
2018,3,31,23,0,12.7,-177,51.2,11.2,0,0.0,0,0.0,0,1011.6,327.43418870116534,9.172939989298715,142,,
2018,4,1,0,0,13,-154,51.2,11.3,0,0.0,0,0.0,0,1010.9,333.5952922348841,10.026751501873983,139,,
2018,4,1,1,0,13.3,-135,51.2,11.5,0,0.0,0,0.0,0,1010,334.00289950180786,10.40892741553167,133,,
2018,4,1,2,0,13.6,-119,51.2,11.7,0,0.0,0,0.0,0,1009.2,340.9616702429189,9.963193968458857,124,,
2018,4,1,3,0,14,-107,51.6,12,0,0.0,0,0.0,0,1008.6,335.5054874603116,9.044729663616296,114,,
2018,4,1,4,0,14.6,-96,51.3,12.3,0,0.0,0,0.0,0,1008.2,330.89722944121013,9.252070221050213,103,,
2018,4,1,5,0,15.1,-86,48.4,12.7,9,0.0,0,0.0,0,1007.8,330.8522497954964,9.495683495632564,91,,
2018,4,1,6,0,16,-76,33.6,13.1,86,2.0,7,3.0,0,1007.3,329.3827664224587,9.491422799787005,80,,
2018,4,1,7,0,17.3,-65,71.5,13.6,55,24.0,4,46.65519499883237,0,1006.6,325.86794797321465,9.690749084996945,69,,
2018,4,1,8,0,18.6,-52,73.5,14.1,140,49.0,0,133.5437478864151,0,1005.9,323.55206563140587,10.309849904301648,60,,
2018,4,1,9,0,19.4,-37,47,14.1,317,67.0,3,227.4211796763933,0,1005.1,322.65042596427526,10.405052139026942,52,,
2018,4,1,10,0,20,-18,24.8,13.5,375,158.0,130,356.548929712936,0,1004.1,321.6877058087094,10.888020320266728,47,,
2018,4,1,11,0,20.4,2,31.3,12.9,402,261.0,73,477.01518927009977,0,1003.2,322.1935176943392,11.999601203530467,45,,
2018,4,1,12,0,20.6,23,51.2,12.6,320,369.0,1,559.0589005279071,0,1002.3,326.3096322524817,12.922577996833144,48,,
2018,4,1,13,0,20.5,40,37,12.5,313,198.0,27,440.1439086598995,0,1001.5,326.2831644472649,11.44990168668776,54,,
2018,4,1,14,0,20.4,55,57.2,12.5,178,132.0,15,337.8018644204682,0,1000.8,326.8971158484912,11.44386557328487,62,,
2018,4,1,15,0,20,67,60.2,12.4,83,134.0,0,263.3677870605344,0,1000.5,325.2944157790009,12.298372870590338,72,,
2018,4,1,16,0,19.5,78,31.3,12.3,43,96.0,0,151.16827441830188,0,1000.6,322.8263767564498,12.794271560607845,83,,
2018,4,1,17,0,19,88,13.8,12.3,7,40.0,0,42.99838004035122,0,1000.7,321.76482191448906,13.535825088071192,94,,
2018,4,1,18,0,18.2,98,27.8,12.6,0,0.0,0,0.0,0,1000.7,343.0082207360375,12.050201018722367,105,,
2018,4,1,19,0,17.2,109,57.4,13.1,0,0.0,0,0.0,0,1000.6,354.08043123718704,9.111574372033514,116,,
2018,4,1,20,0,16.2,122,68.9,13.7,0,0.0,0,0.0,0,1000.5,49.13672220536876,7.708314602201918,126,,
2018,4,1,21,0,15.3,138,68.3,13.7,0,0.0,0,0.0,0,1000.7,33.31895307612905,8.227367803675914,135,,
2018,4,1,22,0,14.4,159,24.5,13.2,0,0.0,0,0.0,0,1001.1,23.173918871920648,9.157053736410203,141,,
2018,4,1,23,0,13.6,-177,0,12.7,0,0.0,0,0.0,0,1001.4,11.947225971475063,9.75450832722384,143,,
2018,4,2,0,0,12.8,-154,0,11.9,0,0.0,0,0.0,0,1002.1,9.760047457998212,11.671121026521847,140,,
2018,4,2,1,0,12,-134,0,11,0,0.0,0,0.0,0,1003,7.624733282113368,12.718162356679889,133,,
2018,4,2,2,0,11.2,-119,0,10.1,0,0.0,0,0.0,0,1004,13.081948204689468,14.910903564145883,124,,
2018,4,2,3,0,10.7,-106,0,9.3,0,0.0,0,0.0,0,1005.3,6.560450434283212,13.675977908706004,114,,
2018,4,2,4,0,10.4,-96,0,8.7,0,0.0,0,0.0,0,1006.9,7.093548104994113,13.839080696916628,103,,
2018,4,2,5,0,10,-86,0.8,8,10,0.0,3,0.0,0,1008.5,7.053314380951292,14.760629485037924,91,,
2018,4,2,6,0,10.4,-76,40.1,7.5,53,10.0,2,3.0000000000000004,0,1009.6,5.478454746567479,14.402212648801214,80,,
2018,4,2,7,0,11.3,-65,64.4,6.9,111,199.0,0,76.05734241572107,0,1010.2,3.452794295527724,14.528570147509395,70,,
2018,4,2,8,0,12.2,-52,72,6.4,134,367.0,0,227.61517002235763,0,1010.9,4.944217724878968,15.47800257461286,60,,
2018,4,2,9,0,12.8,-36,53.7,6.2,291,526.0,8,403.094876761038,0,1011.4,6.4841610796917735,15.686772310621578,52,,
2018,4,2,10,0,13.2,-18,14.9,6.2,189,593.0,421,543.8933491857706,0,1011.8,13.243371163233348,16.012259504684593,47,,
2018,4,2,11,0,13.5,3,0,6.2,79,572.0000000000001,657,616.2755992849803,0,1012.1,22.345258420310188,15.838222773497664,46,,
2018,4,2,12,0,13.6,23,0,6,75,558.0,625,644.140297722113,0,1012.5,23.73917812958933,14.545687955861782,48,,
2018,4,2,13,0,13.4,40,0,5.7,69,430.0,535,567.8915805010662,0,1012.9,21.98591776871785,13.303943098011496,54,,
2018,4,2,14,0,13.2,55,0,5.4,61,80.0,398,284.9838761868958,0,1013.2,19.11892728170756,13.232326389545364,62,,
2018,4,2,15,0,12.8,67,0,5.1,49,84.0,231,221.91961206762852,0,1013.8,16.602811391866908,13.199220348582717,72,,
2018,4,2,16,0,12.2,78,0,4.7,26,194.0,71,195.08510306461528,0,1014.5,17.821462650702244,12.935661526217547,83,,
2018,4,2,17,0,11.6,88,0,4.3,6,133.0,6,70.2008396932826,0,1015.2,17.65210007272998,12.572694127258009,94,,
2018,4,2,18,0,10.8,98,0,3.9,0,0.0,0,0.0,0,1015.8,14.229866683229544,12.03755708573968,106,,
2018,4,2,19,0,9.8,109,0,3.4,0,0.0,0,0.0,0,1016.2,11.966619251238969,12.161004597805814,117,,
2018,4,2,20,0,8.9,122,0,3,0,0.0,0,0.0,0,1016.7,15.357564456822216,12.035477886217036,127,,
2018,4,2,21,0,8.5,138,0,2.9,0,0.0,0,0.0,0,1016.8,16.262144071171292,11.828984381776264,135,,
2018,4,2,22,0,8.7,159,0,3.1,0,0.0,0,0.0,0,1016.8,14.059920399296573,11.319830192469231,141,,
2018,4,2,23,0,8.9,-177,0,3.4,0,0.0,0,0.0,0,1016.8,15.219835626518204,11.509397318598548,143,,
2018,4,3,0,0,9,-153,0,3.6,0,0.0,0,0.0,0,1016.7,13.416252994449849,10.774754878683462,140,,
2018,4,3,1,0,8.9,-134,0,3.7,0,0.0,0,0.0,0,1016.6,7.681819248737383,9.81883035853943,133,,
2018,4,3,2,0,8.8,-118,0,3.7,0,0.0,0,0.0,0,1016.5,11.048710661803057,9.997813367194055,124,,
2018,4,3,3,0,8.8,-106,0,3.9,0,0.0,0,0.0,0,1016.7,11.28527196816242,9.900657787168772,114,,
2018,4,3,4,0,8.9,-95,0,4.1,0,0.0,0,0.0,0,1017.2,11.471150337190409,10.056593686852016,103,,
2018,4,3,5,0,9,-85,0,4.4,8,0.0,7,0.0,0,1017.7,16.28117229137615,10.700860091539548,92,,
2018,4,3,6,0,9.8,-75,0,4.8,36,2.0,95,2.0,0,1018,19.64343560545717,10.597454225194278,81,,
2018,4,3,7,0,11,-64,0,5.3,61,42.0,248,48.61561995136139,0,1018.3,18.81402393796651,9.883800885378395,70,,
2018,4,3,8,0,12.4,-51,0,5.8,75,81.0,403,142.14626677857206,0,1018.5,18.83939903141368,10.324599687329927,60,,
2018,4,3,9,0,13.1,-36,0.2,6,86,125.0,523,253.05742353627363,0,1018.3,19.47636895287991,10.122427439887684,53,,
2018,4,3,10,0,13.5,-18,11.5,6,235,141.0,373,349.8567261037706,0,1017.8,16.109410643903175,9.910893699624989,48,,
2018,4,3,11,0,13.8,3,12.9,5.9,264,116.0,356,379.9842985952682,0,1017.3,15.707596239074178,9.69607597498824,46,,
2018,4,3,12,0,14,23,3.6,6.1,142,108.0,506,388.8111098093046,0,1016.8,14.825102236418331,9.526347469151052,49,,
2018,4,3,13,0,14.3,40,0,6.3,86,92.0,491,353.2805495851446,0,1016.5,8.60702683796228,9.187700078044251,54,,
2018,4,3,14,0,14.5,55,0,6.6,78,73.0,357,283.14691147940886,0,1016.1,13.009436093421243,9.621966986419364,63,,
2018,4,3,15,0,14.3,67,0,6.9,62,46.0,197,186.3548789453833,0,1016.1,16.544811788189747,10.020592375665146,73,,
2018,4,3,16,0,13.9,78,0,7.1,30,15.0,56,77.80202753614371,0,1016.3,18.710559812172903,9.613790452872292,83,,
2018,4,3,17,0,13.5,88,0,7.3,6,6.0,3,18.28499740610896,0,1016.5,18.52221732018984,8.921092090895502,95,,
2018,4,3,18,0,12.6,98,0,7.2,0,0.0,0,0.0,0,1016.6,22.9591097023316,9.502776998026874,106,,
2018,4,3,19,0,11.4,109,0,7,0,0.0,0,0.0,0,1016.6,20.20641856295606,9.590237549195535,117,,
2018,4,3,20,0,10.2,122,0,6.8,0,0.0,0,0.0,0,1016.7,15.743065880743814,8.983725300393068,127,,
2018,4,3,21,0,9.7,138,0,6.7,0,0.0,0,0.0,0,1016.4,16.90252012229149,9.102446972352809,136,,
2018,4,3,22,0,9.9,159,0,6.7,0,0.0,0,0.0,0,1016,21.237112984403552,9.031551266961513,142,,
2018,4,3,23,0,10.1,-177,0,6.7,0,0.0,0,0.0,0,1015.6,28.829535717339525,9.417182323099311,143,,
2018,4,4,0,0,10.2,-153,0,6.7,0,0.0,0,0.0,0,1015.2,31.076673343550283,8.39193278160326,140,,
2018,4,4,1,0,10.4,-133,0,6.8,0,0.0,0,0.0,0,1014.8,29.31000707091613,8.171023497702109,134,,
2018,4,4,2,0,10.5,-118,0,7,0,0.0,0,0.0,0,1014.4,29.05049520566177,7.935898746967425,125,,
2018,4,4,3,0,10.8,-106,0,7.2,0,0.0,0,0.0,0,1014.2,26.96571443287013,7.994138477659741,114,,
2018,4,4,4,0,11,-95,0,7.5,0,0.0,0,0.0,0,1014,23.635650039352186,7.278806882292409,103,,
2018,4,4,5,0,11.4,-85,0.5,7.8,9,0.0,3,0.0,0,1013.9,23.46803485289508,6.905429087910243,92,,
2018,4,4,6,0,12.1,-75,28.1,8.4,72,5.0,2,3.0000000000000004,0,1013.7,23.49856567595208,6.269968101992227,81,,
2018,4,4,7,0,13.3,-64,39.9,9.2,180,93.0,4,62.48264201679294,0,1013.2,23.075385749270765,5.366906393316278,70,,
2018,4,4,8,0,14.5,-51,17.7,10,173,204.0,221,189.99671516412496,0,1012.8,20.32313682966293,5.398567518332988,61,,
2018,4,4,9,0,15.3,-36,49.7,10.4,157,283.0,124,328.7596754046023,0,1012.1,18.955121631721624,5.706154470699085,53,,
2018,4,4,10,0,15.9,-17,82.6,10.6,115,358.0,0,445.19324262875546,0,1011.3,14.696692923710316,5.66609389610365,48,,
2018,4,4,11,0,16.5,3,82.3,10.7,121,378.0,0,521.6710205921282,0,1010.4,10.971361733817332,5.58275201307232,46,,
2018,4,4,12,0,16.7,23,74,10.9,167,383.0,0,550.5011827861459,0,1009.6,12.183656585987364,5.626735843275389,49,,
2018,4,4,13,0,16.7,40,76.1,11.2,134,372.0,0,528.0318868205221,0,1008.9,16.245521909143747,6.402109585215898,55,,
2018,4,4,14,0,16.6,55,65.7,11.6,133,331.0,0,447.5348812532423,0,1008.2,20.73870914752223,6.883517451129182,63,,
2018,4,4,15,0,16.3,67,44.3,11.9,124,258.0,0,321.23077195776705,0,1007.8,23.843653917430856,7.266681553303346,73,,
2018,4,4,16,0,15.9,77,13.2,12.1,50,160.0,3,173.02726198486778,0,1007.7,25.126095144285216,7.065276760510519,84,,
2018,4,4,17,0,15.4,87,0,12.3,6,48.0,2,41.02216656595067,0,1007.6,25.649141940098787,6.447862007595552,95,,
2018,4,4,18,0,15,97,0,12.5,0,0.0,0,0.0,0,1007.5,30.740687433032804,5.624534677756187,106,,
2018,4,4,19,0,14.8,108,0,12.7,0,0.0,0,0.0,0,1007.2,35.112011184422215,6.265057849662615,117,,
2018,4,4,20,0,14.6,121,0,12.8,0,0.0,0,0.0,0,1006.9,35.54909756344023,5.838123412610365,127,,
2018,4,4,21,0,14.5,138,0,12.9,0,0.0,0,0.0,0,1006.4,32.9386905429555,5.287440898014842,136,,
2018,4,4,22,0,14.6,159,0,13,0,0.0,0,0.0,0,1005.6,27.32798748994827,4.854270093522727,142,,
2018,4,4,23,0,14.7,-177,0,13.1,0,0.0,0,0.0,0,1004.8,8.574537922386469,4.740485657396157,144,,
2018,4,5,0,0,14.6,-153,0,13.1,0,0.0,0,0.0,0,1004.1,358.8374341410015,5.210301041518132,141,,
2018,4,5,1,0,14.4,-133,0,13.1,0,0.0,0,0.0,0,1003.4,357.32583011778354,5.818836654853713,134,,
2018,4,5,2,0,14.2,-118,0,13.1,0,0.0,0,0.0,0,1002.8,358.0722444573281,6.212500417544314,125,,
2018,4,5,3,0,13.9,-105,0,12.9,0,0.0,0,0.0,0,1002.3,5.449977323376345,7.012412514540355,114,,
2018,4,5,4,0,13.6,-95,0,12.6,0,0.0,0,0.0,0,1002.1,11.10345013440974,7.028290600519742,103,,
2018,4,5,5,0,13.2,-85,1.2,12.3,7,0.0,3,0.0,0,1001.9,9.769886055817096,6.871382650316667,92,,
2018,4,5,6,0,13.7,-75,63,12.4,8,3.0,5,2.0,0,1001.6,8.250178648884855,6.968849562032101,81,,
2018,4,5,7,0,14.7,-64,35.7,12.8,51,80.0,185,55.45162851835227,0,1001.3,3.653872386718035,7.202140161541855,70,,
2018,4,5,8,0,15.8,-51,27,13.2,223,207.0,104,181.9788629108649,0,1001,356.2341178269193,6.661111484611447,61,,
2018,4,5,9,0,16.2,-35,40.7,13.1,356,382.0,0,348.11967923674484,0,1000.4,4.490086106083538,7.983486536688976,53,,
2018,4,5,10,0,16,-17,44.3,12.5,379,396.0,0,460.3705963578268,0,999.7,9.951524057814368,8.080809809267713,48,,
2018,4,5,11,0,15.8,3,64.6,12,250,547.0,0,594.7367046850122,0,999,8.652541791114743,8.72429259309888,47,,
2018,4,5,12,0,15.5,23,86.2,11.7,94,414.0,0,566.8768362912356,0,998.4,11.604776419370808,8.699560729945867,49,,
2018,4,5,13,0,15.1,40,85.2,11.6,80,272.0,0,474.3945562306161,0,997.9,15.929112627553195,8.732020792733442,55,,
2018,4,5,14,0,14.8,54,55.2,11.5,176,164.0,0,350.9806328429958,0,997.4,18.871777753138247,9.468193166871288,63,,
2018,4,5,15,0,14.3,67,49,11.4,133,71.0,0,203.83826719097303,0,997.2,17.061891523297902,9.871981968410353,73,,
2018,4,5,16,0,13.7,77,19.4,11.3,38,45.0,5,107.92221797563184,0,997.2,16.28714030309402,9.65937606739938,84,,
2018,4,5,17,0,13,87,0,11.3,4,26.0,3,31.28955449057612,0,997.2,16.642339743610705,9.677090229419322,95,,
2018,4,5,18,0,12.5,97,0.2,10.9,0,0.0,0,0.0,0,997.2,22.336362472962776,9.594919139686334,106,,
2018,4,5,19,0,12,108,7.7,10.3,0,0.0,0,0.0,0,997.2,19.95159069476324,9.707640354380668,117,,
2018,4,5,20,0,11.6,121,7.1,9.7,0,0.0,0,0.0,0,997.1,17.70943606130436,9.316495716617066,128,,
2018,4,5,21,0,11.5,138,9.1,9.6,0,0.0,0,0.0,0,996.8,17.228462246910397,9.357351756286024,136,,
2018,4,5,22,0,11.6,159,4.3,9.8,0,0.0,0,0.0,0,996.4,25.576635459253623,9.215543544922848,142,,
2018,4,5,23,0,11.7,-176,0,10.1,0,0.0,0,0.0,0,995.9,27.849491317850152,8.294970338669506,144,,
2018,4,6,0,0,11.7,-153,0.6,10.1,0,0.0,0,0.0,0,995.6,23.57470620191259,7.501041594338749,141,,
2018,4,6,1,0,11.5,-133,33.6,9.9,0,0.0,0,0.0,0,995.4,22.827002657720698,8.160885662751955,134,,
2018,4,6,2,0,11.4,-117,52,9.7,0,0.0,0,0.0,0,995.3,27.91786172535018,7.875818546836141,125,,
2018,4,6,3,0,11.3,-105,50.8,9.5,0,0.0,0,0.0,0,995.4,38.430918224692505,7.874064806252658,115,,
2018,4,6,4,0,11.1,-94,18.1,9.3,0,0.0,0,0.0,0,995.6,56.63435713375896,7.8807016425437535,103,,
2018,4,6,5,0,10.9,-84,0,9.1,6,0.0,5,0.0,0,995.9,57.71649111997459,8.231435985969476,92,,
2018,4,6,6,0,11.5,-74,0.9,9,35,6.0,87,2.0000000000000004,0,996.1,57.83536292075331,8.416793511083247,81,,
2018,4,6,7,0,12.7,-63,0.5,8.9,55,60.0,246,50.14127217754475,0,996.3,64.53519942524457,8.676953950553136,71,,
2018,4,6,8,0,13.9,-50,0,8.9,65,63.0,405,126.98174841995646,0,996.5,60.61858411882452,7.986229134438484,61,,
2018,4,6,9,0,14.5,-35,0.4,8.7,76,370.0,521,343.7745239497149,0,996.6,59.77270351341906,7.739847978779631,54,,
2018,4,6,10,0,14.8,-17,19.3,8.3,282,191.0,262,356.0816527147764,0,996.6,61.47695651475851,7.113386296895453,49,,
2018,4,6,11,0,15,3,16.1,8,271,84.0,315,319.17958055867166,0,996.5,64.34073548303263,7.0724487449539,47,,
2018,4,6,12,0,15.1,22,6.2,7.8,168,223.0,449,450.3169724796102,0,996.7,60.14597178760528,6.485671757101891,50,,
2018,4,6,13,0,15.3,40,2.1,7.7,107,541.0,443,597.0677627040232,0,996.9,54.0440833306983,6.5629443790206805,56,,
2018,4,6,14,0,15.4,54,14.8,7.7,159,502.0,205,517.568484543372,0,997.2,53.527855880577874,6.5553825700987245,64,,
2018,4,6,15,0,15.3,66,20.4,7.8,140,304.0,51,333.1197800619505,0,997.7,54.462322208025626,6.989389279472134,74,,
2018,4,6,16,0,14.9,77,17.8,8.1,46,172.0,14,171.75885485833052,0,998.3,54.180617229642905,6.551638311142633,84,,
2018,4,6,17,0,14.6,87,6.2,8.4,5,144.0,0,62.52877484893759,0,998.9,53.79585739834181,6.068134250891169,96,,
2018,4,6,18,0,14.1,97,0.6,8.5,0,0.0,0,0.0,0,999.5,58.25295839379197,5.464013364471132,107,,
2018,4,6,19,0,13.6,108,33.6,8.6,0,0.0,0,0.0,0,1000.1,70.30137862541972,5.37717979055936,118,,
2018,4,6,20,0,13,121,53.7,8.7,0,0.0,0,0.0,0,1000.7,81.43495641970685,4.762093964987439,128,,
2018,4,6,21,0,12.8,138,19.7,8.9,0,0.0,0,0.0,0,1001.1,90.26001467766514,4.250043763608564,137,,
2018,4,6,22,0,12.8,159,0,9.3,0,0.0,0,0.0,0,1001.4,92.3891131542913,2.9400555877231263,143,,
2018,4,6,23,0,12.9,-176,0,9.7,0,0.0,0,0.0,0,1001.7,92.5010313261493,1.3763110239634164,144,,
2018,4,7,0,0,12.9,-152,0,10,0,0.0,0,0.0,0,1002,35.7485681939886,2.390301501757125,141,,
2018,4,7,1,0,12.7,-132,0,10.1,0,0.0,0,0.0,0,1002.5,358.1539466516294,2.6070659837475216,135,,
2018,4,7,2,0,12.5,-117,0,10.2,0,0.0,0,0.0,0,1002.9,0.0,3.646484375,125,,
2018,4,7,3,0,12.4,-105,0,10.2,0,0.0,0,0.0,0,1003.4,357.2736890060937,3.9419617578053696,115,,
2018,4,7,4,0,12.3,-94,0,10.3,0,0.0,0,0.0,0,1003.9,0.0,4.3125,104,,
2018,4,7,5,0,12.2,-84,0,10.2,6,0.0,3,0.0,0,1004.4,357.6467031338917,4.566351114401957,92,,
2018,4,7,6,0,12.5,-74,1.1,10.2,42,8.0,72,2.0000000000000004,0,1004.7,356.08529538745734,5.178097211801192,81,,
2018,4,7,7,0,13.2,-63,0.6,10.1,70,136.0,219,58.67515311791257,0,1004.9,355.1227672984055,4.663369694409642,71,,
2018,4,7,8,0,13.9,-50,0,10,80,348.0,380,205.49042211410028,0,1005.1,345.0271242332131,5.563904317114018,61,,
2018,4,7,9,0,14.4,-35,0,9.6,79,565.0000000000001,516,390.5065887957139,0,1005.3,336.0904747233884,6.221377637096879,54,,
2018,4,7,10,0,14.7,-17,0.2,9.1,78,643.0,597,544.3362634546742,0,1005.4,338.48982490111325,6.136367214728446,49,,
2018,4,7,11,0,15,3,8,8.6,182,645.0,461,629.4639668327197,0,1005.5,349.1726419082212,6.321522223246086,48,,
2018,4,7,12,0,15,22,18.8,8.1,285,546.0,254,621.9039054113439,0,1005.7,357.40553437223423,6.9035608916427424,50,,
2018,4,7,13,0,14.8,40,29.2,7.6,309,318.0,94,495.4176446130922,0,1005.9,345.8400558091539,6.554872135112625,56,,
2018,4,7,14,0,14.5,54,11.9,7.2,143,250.0,217,399.87682315510574,0,1006.2,347.80632467189446,7.397608745848252,64,,
2018,4,7,15,0,14.1,66,0,6.8,41,110.0,207,232.9088065879797,0,1006.6,352.2931142021796,7.296622625230092,74,,
2018,4,7,16,0,13.6,77,0,6.5,18,25.0,57,85.13369884353803,0,1007.2,353.4174810834536,7.445567139697169,85,,
2018,4,7,17,0,13.1,87,0,6.1,3,16.0,2,23.085021362819152,0,1007.8,352.4575449592091,6.978592567649587,96,,
2018,4,7,18,0,12.5,97,0,5.9,0,0.0,0,0.0,0,1008.3,352.7363670963512,5.607500788586136,107,,
2018,4,7,19,0,11.8,108,0,5.7,0,0.0,0,0.0,0,1008.8,348.5989635390224,5.058806779418853,118,,
2018,4,7,20,0,11.2,121,0,5.5,0,0.0,0,0.0,0,1009.3,350.90914449903,3.819707725101216,128,,
2018,4,7,21,0,11,137,0,5.5,0,0.0,0,0.0,0,1009.6,333.1844133496107,3.970150445170221,137,,
2018,4,7,22,0,11.1,159,0,5.7,0,0.0,0,0.0,0,1009.7,311.3318860848039,5.048651232101602,143,,
2018,4,7,23,0,11.3,-176,0,6,0,0.0,0,0.0,0,1009.8,304.47921568612566,6.292977236570938,145,,
2018,4,8,0,0,11.4,-152,0,6.1,0,0.0,0,0.0,0,1010.1,300.81325370838323,6.790295531719417,142,,
2018,4,8,1,0,11.3,-132,0,6.1,0,0.0,0,0.0,0,1010.6,301.5209898093316,6.694581324603404,135,,
2018,4,8,2,0,11.2,-116,0,6.1,0,0.0,0,0.0,0,1011.1,293.9046078256635,5.398367283719157,126,,
2018,4,8,3,0,11.1,-104,0,6.2,0,0.0,0,0.0,0,1011.7,274.0040359808038,5.094221420940271,115,,
2018,4,8,4,0,11.1,-94,0,6.2,0,0.0,0,0.0,0,1012.3,265.1311899627863,6.627429732529734,104,,
2018,4,8,5,0,11.1,-84,0,6.2,5,0.0,4,0.0,0,1013,263.4395495657168,6.5644693961788825,93,,
2018,4,8,6,0,11.6,-74,0.9,6.5,35,1.0,83,1.0,0,1013.5,254.4808189547817,6.379058896800359,82,,
2018,4,8,7,0,12.6,-63,0.5,7,56,16.0,239,31.733267278226933,0,1013.9,247.4805187166692,7.5569339240747855,71,,
2018,4,8,8,0,13.6,-50,0,7.5,68,27.0,396,95.22435246754836,0,1014.2,241.36022865329457,7.693492325590097,62,,
2018,4,8,9,0,14.2,-35,0,7.5,87,35.0,504,163.89475538243104,0,1014.4,235.99707574419693,9.052541513044927,54,,
2018,4,8,10,0,14.4,-17,0.8,7.1,125,28.0,532,215.8771980673364,0,1014.4,230.28483054378017,10.420952134114245,49,,
2018,4,8,11,0,14.6,3,0.9,6.7,146,31.0,525,254.3487751966148,0,1014.4,236.3793601264144,11.678980149503492,48,,
2018,4,8,12,0,14.8,22,0.3,6.5,143,26.0,488,252.3959496170337,0,1014.5,249.19923590782125,10.804573750810828,50,,
2018,4,8,13,0,14.9,39,0,6.3,142,10.0,387,169.63003303384752,0,1014.6,264.77952711119303,10.308875007449648,56,,
2018,4,8,14,0,15,54,0,6.2,127,9.0,253,139.45711824912053,0,1014.7,273.0972639811955,9.773554047302046,64,,
2018,4,8,15,0,14.6,66,0,6.2,88,14.0,121,121.04173596961378,0,1015,294.3029486594798,8.735552085762668,74,,
2018,4,8,16,0,14,77,0.6,6.4,30,4.0,27,41.440090086334365,0,1015.4,318.4888725724079,10.913226863625344,85,,
2018,4,8,17,0,13.3,86,33.1,6.6,3,1.0,0,7.187538898716371,0,1015.8,339.4696011498759,12.831322834776248,96,,
2018,4,8,18,0,12.6,96,26.2,6.6,0,0.0,0,0.0,0,1016.2,339.74771991494634,11.916647871320524,107,,
2018,4,8,19,0,12,107,4.3,6.7,0,0.0,0,0.0,0,1016.6,2.9271890137855507,11.483489097109526,118,,
2018,4,8,20,0,11.4,120,0,6.7,0,0.0,0,0.0,0,1016.9,8.676989749269069,12.71486321607468,129,,
2018,4,8,21,0,11.1,137,0,7,0,0.0,0,0.0,0,1017.1,5.253047089237725,12.077090242482704,138,,
2018,4,8,22,0,11.1,159,0,7.4,0,0.0,0,0.0,0,1017.1,7.626982162307058,12.40540307226572,143,,
2018,4,8,23,0,11.2,-176,0,7.8,0,0.0,0,0.0,0,1017.1,9.82802887441568,12.815515312240745,145,,
2018,4,9,0,0,11,-152,0,7.9,0,0.0,0,0.0,0,1017.1,14.910698972757189,12.873414404925107,142,,
2018,4,9,1,0,10.7,-132,0,7.9,0,0.0,0,0.0,0,1017.1,15.50199337941308,12.627590029438412,135,,
2018,4,9,2,0,10.4,-116,0,7.9,0,0.0,0,0.0,0,1017.1,20.681938270586784,12.094357270758122,126,,
2018,4,9,3,0,10.1,-104,0,7.9,0,0.0,0,0.0,0,1017.3,24.18352784545237,11.900089384692947,115,,
2018,4,9,4,0,9.8,-93,0,7.8,0,0.0,0,0.0,0,1017.7,27.91032929212946,11.082291052445052,104,,
2018,4,9,5,0,9.6,-83,0.4,7.8,5,0.0,1,0.0,0,1018.2,32.83779648031816,10.488460921412637,93,,
2018,4,9,6,0,10.4,-73,18.7,7.8,76,1.0,1,1.0,0,1018.3,33.77442182153959,8.094623062000425,82,,
2018,4,9,7,0,11.9,-62,24,7.8,168,49.0,45,47.08728510663109,0,1018.2,22.28454907146846,7.9679098883193085,71,,
2018,4,9,8,0,13.6,-50,29.3,7.8,276,113.0,33,154.63940116915467,0,1018.1,23.98088527671979,7.180079278229316,62,,
2018,4,9,9,0,14.5,-34,12.2,7.7,174,209.0,340,293.15502953335533,0,1017.9,34.36877474082979,6.45947382352592,54,,
2018,4,9,10,0,15,-16,0,7.4,96,359.0,558,427.2417315808478,0,1017.5,40.28377876566174,5.543039634633085,50,,
2018,4,9,11,0,15.5,3,0,7.2,97,441.0,577,530.2767284212334,0,1017.1,42.79740183823418,4.599592373243524,48,,
2018,4,9,12,0,15.6,22,0,7.1,91,279.0,545,477.34756120199495,0,1016.8,37.91187725804883,3.458384379427645,51,,
2018,4,9,13,0,15.6,39,0,7.3,84,119.0,456,348.3050164659076,0,1016.7,20.90974642960515,2.161644876235961,57,,
2018,4,9,14,0,15.6,54,0,7.4,74,119.0,324,300.5416148015379,0,1016.6,344.242263526204,2.6826031562652086,65,,
2018,4,9,15,0,15.2,66,0,7.6,55,56.0,172,175.87187544295855,0,1016.6,325.7373063000084,3.4757170002667284,75,,
2018,4,9,16,0,14.5,76,0,7.9,20,28.0,43,81.93207952973174,0,1016.8,306.1891128533277,2.2191507890868394,85,,
2018,4,9,17,0,13.8,86,0,8.2,2,17.0,1,21.09899982646543,0,1017,276.25829649062155,1.6976168393134912,96,,
2018,4,9,18,0,13,96,0,8.3,0,0.0,0,0.0,0,1017.2,228.2579408060997,3.350534285811823,108,,
2018,4,9,19,0,12.2,107,0,8.4,0,0.0,0,0.0,0,1017.3,222.88544949796403,8.388967400031524,119,,
2018,4,9,20,0,11.3,120,0,8.5,0,0.0,0,0.0,0,1017.4,223.9326970754158,11.863014843725086,129,,
2018,4,9,21,0,11.1,137,0,8.6,0,0.0,0,0.0,0,1017.4,224.4894897658788,13.17522052167744,138,,
2018,4,9,22,0,11.4,159,0,8.9,0,0.0,0,0.0,0,1017.3,222.54207380331584,14.427133946611148,144,,
2018,4,9,23,0,11.8,-176,0,9.1,0,0.0,0,0.0,0,1017.2,219.2241083449516,16.38375013739837,146,,
2018,4,10,0,0,11.8,-151,0,9.2,0,0.0,0,0.0,0,1017.2,210.41718975387408,17.08720327153168,142,,
2018,4,10,1,0,11.6,-131,0,9.2,0,0.0,0,0.0,0,1017.1,210.04026813055893,17.57431416380707,135,,
2018,4,10,2,0,11.4,-116,0,9.2,0,0.0,0,0.0,0,1017.1,206.96754729040995,17.423089834375435,126,,
2018,4,10,3,0,11.3,-103,0,9.1,0,0.0,0,0.0,0,1017.3,207.982160860694,17.81843896204343,115,,
2018,4,10,4,0,11.3,-93,0,9.1,0,0.0,0,0.0,0,1017.5,207.08122492245468,17.767307401458343,104,,
2018,4,10,5,0,11.4,-83,0.6,9.1,4,0.0,1,0.0,0,1017.8,205.49363977710016,17.826805836570433,93,,
2018,4,10,6,0,12,-73,29,9.2,58,2.0,0,1.0000000000000002,0,1018,204.7919663271632,18.000012518626733,82,,
2018,4,10,7,0,13,-62,53.2,9.4,123,132.0,0,52.19934545411215,0,1017.9,202.0814527514097,18.690259559080687,72,,
2018,4,10,8,0,14.1,-49,53.9,9.5,206,415.0,0,208.65539760655489,0,1017.9,200.33159494711887,18.782762263470204,62,,
2018,4,10,9,0,14.7,-34,48.8,9.4,294,580.0,0,384.7229125424757,0,1017.7,201.0824662341805,18.430443834322976,55,,
2018,4,10,10,0,15,-16,70.8,9,185,670.0,0,522.3686205796173,0,1017.5,201.58573273671067,19.209765736329555,50,,
2018,4,10,11,0,15.2,3,83.3,8.6,112,658.0,0,599.7957194430703,0,1017.2,200.70416556899207,19.519905440961832,49,,
2018,4,10,12,0,15.2,22,76.4,8.5,146,669.0,1,640.2578230409223,0,1016.8,202.94775853597667,18.60680634477633,51,,
2018,4,10,13,0,15.2,39,44.5,8.5,249,673.0,35,627.5014488858482,0,1016.4,200.13135614271263,19.024852449406367,57,,
2018,4,10,14,0,15.1,53,10.3,8.6,155,617.0,185,540.7568828776152,0,1016,200.5328656902739,19.141058223259147,65,,
2018,4,10,15,0,14.6,65,0.6,8.7,60,441.0,158,368.1735248762138,0,1015.8,200.8712819706141,18.203488550116703,75,,
2018,4,10,16,0,13.9,76,32.9,8.8,20,340.0,36,213.8076130309052,0,1015.8,202.0305828035171,16.95635053476183,86,,
2018,4,10,17,0,13.2,86,18.6,8.9,1,175.0,0,53.98932789028586,0,1015.8,201.68863746392927,17.275230877074602,97,,
2018,4,10,18,0,12.6,96,7.7,9,0,0.0,0,0.0,0,1015.7,197.4629669859449,17.1807580469471,108,,
2018,4,10,19,0,12.1,107,4.3,9.1,0,0.0,0,0.0,0,1015.5,196.617511589678,16.212512516584543,119,,
2018,4,10,20,0,11.5,120,0,9.2,0,0.0,0,0.0,0,1015.3,195.47790381664643,15.815771073663813,129,,
2018,4,10,21,0,11.4,137,0,9.2,0,0.0,0,0.0,0,1015.1,196.1933310140216,14.91828164578847,138,,
2018,4,10,22,0,11.5,159,0,9.3,0,0.0,0,0.0,0,1014.8,196.1429243665308,12.499684389421512,144,,
2018,4,10,23,0,11.6,-176,0,9.3,0,0.0,0,0.0,0,1014.5,199.3343302486415,11.135584762465433,146,,
2018,4,11,0,0,11.6,-151,0,9.4,0,0.0,0,0.0,0,1014.1,206.36442501443315,9.13605327881883,143,,
2018,4,11,1,0,11.5,-131,0,9.4,0,0.0,0,0.0,0,1013.6,210.0832482714192,7.168490826878063,136,,
2018,4,11,2,0,11.5,-115,0,9.5,0,0.0,0,0.0,0,1013.1,232.81358327066988,4.269156939544905,126,,
2018,4,11,3,0,11.4,-103,0,9.5,0,0.0,0,0.0,0,1012.9,308.36088768452413,3.047565020164104,116,,
2018,4,11,4,0,11.4,-93,0,9.4,0,0.0,0,0.0,0,1012.8,27.07778320487529,6.600704602358505,104,,
2018,4,11,5,0,11.3,-83,0.4,9.3,4,0.0,1,0.0,0,1012.7,48.92749824510759,10.522727656336349,93,,
2018,4,11,6,0,11.8,-73,23,9.3,70,2.0,0,1.0000000000000002,0,1012.5,57.18794975888585,10.185347961648691,82,,
2018,4,11,7,0,12.6,-62,47.1,9.3,142,107.0,0,45.87392418319753,0,1012.4,73.83122366264979,9.651027912405263,72,,
2018,4,11,8,0,13.5,-49,46.3,9.3,245,276.0,0,174.62017375743153,0,1012.3,68.8159199993687,10.031394696009082,63,,
2018,4,11,9,0,13.9,-34,58.4,9,233,418.0,0,328.0418255746596,0,1011.9,72.9551638648158,9.521752199758891,55,,
2018,4,11,10,0,13.8,-16,72.1,8.4,182,269.0,0,393.5403586910119,0,1011.5,76.34608495977591,8.554249042440139,50,,
2018,4,11,11,0,13.7,3,75.3,7.8,167,90.0,0,328.9633265612236,0,1011,70.47104024643113,9.28408903633626,49,,
2018,4,11,12,0,13.5,22,76.5,7.4,150,29.0,0,239.98998384659572,0,1010.6,69.61936702407922,11.42413816978608,52,,
2018,4,11,13,0,13.3,39,64.2,7.3,187,49.0,0,268.7556300084203,0,1010.5,85.25881397983744,13.087997014829124,57,,
2018,4,11,14,0,13.1,53,44.5,7.2,212,94.0,0,282.544566496843,0,1010.3,87.05649241767952,11.705140425403128,66,,
2018,4,11,15,0,12.9,65,46.3,7.1,124,195.0,0,274.0075838345691,0,1010.3,100.4938748709714,8.7103838038986,75,,
2018,4,11,16,0,12.7,76,35.4,7.1,28,98.0,0,130.7292517052836,0,1010.5,102.33349876463944,8.405415575100545,86,,
2018,4,11,17,0,12.5,86,38.7,7.1,1,52.0,0,29.93904054199417,0,1010.6,108.98592263733872,8.526345670325794,97,,
2018,4,11,18,0,12.4,96,39.4,7.1,0,0.0,0,0.0,0,1010.7,109.57500720323355,7.783862935317916,108,,
2018,4,11,19,0,12.2,107,45.5,7.3,0,0.0,0,0.0,0,1010.8,102.84548277296255,8.183318082040325,119,,
2018,4,11,20,0,12.1,120,45.5,7.5,0,0.0,0,0.0,0,1010.8,106.67128291271224,7.523006125785984,130,,
2018,4,11,21,0,12,137,43.1,7.6,0,0.0,0,0.0,0,1010.9,138.1789094437417,8.343094482103155,139,,
2018,4,11,22,0,12,159,15.7,7.7,0,0.0,0,0.0,0,1011.1,173.10470380347056,14.659987816883609,145,,
2018,4,11,23,0,12,-175,0,7.8,0,0.0,0,0.0,0,1011.2,199.10724113966765,19.746062056669764,146,,
2018,4,12,0,0,11.8,-151,0,7.8,0,0.0,0,0.0,0,1011.4,197.9676760146245,20.88346206162861,143,,
2018,4,12,1,0,11.6,-130,0,7.6,0,0.0,0,0.0,0,1011.5,195.9504455666213,22.830392239286454,136,,
2018,4,12,2,0,11.3,-115,0,7.5,0,0.0,0,0.0,0,1011.6,195.60212329034195,24.024143221033903,126,,
2018,4,12,3,0,11,-103,0,7.2,0,0.0,0,0.0,0,1011.9,196.75719150774785,23.86141522995749,116,,
2018,4,12,4,0,10.6,-92,0,6.8,0,0.0,0,0.0,0,1012.4,195.90305844284487,25.64179698257838,105,,
2018,4,12,5,0,10.3,-82,0,6.4,2,0.0,2,0.0,0,1012.9,195.2870235980485,26.494329494726912,93,,
2018,4,12,6,0,10.5,-72,0,5.9,26,0.0,84,0.0,0,1013.3,196.9120471128093,24.227466319132297,82,,
2018,4,12,7,0,11.3,-61,0,5.5,47,35.0,241,36.156651778658606,0,1013.7,198.38868916011967,24.383747322474264,72,,
2018,4,12,8,0,12.1,-49,0,5.1,54,35.0,403,99.56052442993337,0,1014.1,202.9072317582786,19.98396904826096,63,,
2018,4,12,9,0,12.5,-33,0,4.6,59,10.0,530,100.81357601631728,0,1014.1,203.9234592010797,22.488956015228805,55,,
2018,4,12,10,0,12.6,-16,0,3.9,62,60.0,605,244.87207382991812,0,1013.9,227.6059793258366,18.53255406755829,51,,
2018,4,12,11,0,12.7,3,0,3.3,64,475.0,621,536.9518691278192,0,1013.7,303.9804759039329,15.456710958644978,49,,
2018,4,12,12,0,12.8,22,0,3.2,64,251.0,578,456.1692138760325,0,1013.5,298.17133055757085,14.801205389127793,52,,
2018,4,12,13,0,12.9,39,0,3.5,61,272.0,481,448.9246003903692,0,1013.4,312.07534466988466,16.091756604636544,58,,
2018,4,12,14,0,13.1,53,0,3.9,56,190.0,340,346.2963591521828,0,1013.3,330.3044527597233,16.318386382395083,66,,
2018,4,12,15,0,12.8,65,0,4.2,44,99.0,175,209.71785559517664,0,1013.4,349.7627937563957,15.352560821376075,76,,
2018,4,12,16,0,12.3,76,0,4.4,14,62.0,41,107.0145993671703,0,1013.8,351.8424236247143,15.264807500590708,86,,
2018,4,12,17,0,11.7,85,0,4.6,0,18.0,0,17.001766541278656,0,1014.1,4.342498353323492,17.617714818603186,97,,
2018,4,12,18,0,11.1,95,0,4.7,0,0.0,0,0.0,0,1014.4,13.498060940787752,17.764623400687462,109,,
2018,4,12,19,0,10.4,106,0,4.7,0,0.0,0,0.0,0,1014.6,15.877065731197716,16.984364113896312,120,,
2018,4,12,20,0,9.7,119,0,4.7,0,0.0,0,0.0,0,1014.8,19.48306989382764,16.245136540054247,130,,
2018,4,12,21,0,9.5,136,0,4.9,0,0.0,0,0.0,0,1014.9,20.326807027794928,15.35514418579943,139,,
2018,4,12,22,0,9.5,159,0,5.2,0,0.0,0,0.0,0,1014.8,21.83182263410987,14.007033973756135,145,,
2018,4,12,23,0,9.6,-175,0,5.4,0,0.0,0,0.0,0,1014.7,24.17194186034243,12.721088393632575,147,,
2018,4,13,0,0,9.5,-150,0,5.6,0,0.0,0,0.0,0,1014.6,25.480342291405577,11.817684350368372,143,,
2018,4,13,1,0,9.2,-130,0,5.7,0,0.0,0,0.0,0,1014.3,17.004030266882353,10.044830829193655,136,,
2018,4,13,2,0,8.9,-115,0,5.8,0,0.0,0,0.0,0,1014.1,13.640295905603807,8.919792189385163,127,,
2018,4,13,3,0,8.7,-102,0,5.9,0,0.0,0,0.0,0,1014.1,11.457456966067356,7.865978041930046,116,,
2018,4,13,4,0,8.4,-92,0,5.9,0,0.0,0,0.0,0,1014.3,9.598917309292233,7.121434377788035,105,,
2018,4,13,5,0,8.2,-82,0,6,2,0.0,2,0.0,0,1014.6,6.95662180086623,6.192315515604604,94,,
2018,4,13,6,0,9,-72,0,6.2,27,0.0,78,0.0,0,1014.8,358.6677801461304,5.376453291901642,83,,
2018,4,13,7,0,10.8,-61,0,6.4,50,41.0,228,36.22662585723773,0,1014.9,334.38451567935783,5.059798662002274,72,,
2018,4,13,8,0,12.6,-48,0,6.7,60,57.0,383,112.10661454406512,0,1015.1,314.22624943675066,5.407546670679668,63,,
2018,4,13,9,0,13.7,-33,0,7,65,78.0,506,199.4409950145664,0,1014.9,307.021361998596,6.575560085569756,56,,
2018,4,13,10,0,14.2,-16,0,7.2,68,123.0,580,306.77071595524404,0,1014.4,305.7828742394968,7.2684955791841235,51,,
2018,4,13,11,0,14.7,3,0,7.4,70,101.0,597,335.7742379938856,0,1013.8,302.0088314763788,6.879971115812672,50,,
2018,4,13,12,0,14.9,22,0,7.7,69,83.0,557,329.5622791313076,0,1013.4,294.1609151233243,7.329574083805961,52,,
2018,4,13,13,0,15,39,0,7.9,66,54.0,462,274.45974897898986,0,1013,279.0855536308453,9.24094004205271,58,,
2018,4,13,14,0,15,53,0,8.1,59,85.0,325,269.3556435220473,0,1012.7,283.89790255157186,9.637858548774076,66,,
2018,4,13,15,0,14.4,65,0,8.4,45,61.0,166,180.08480144057523,0,1012.5,280.7991284938992,10.45667096366273,76,,
2018,4,13,16,0,13.4,75,0,8.6,14,56.0,39,102.68966217455596,0,1012.5,281.65363329116747,9.913331890916323,86,,
2018,4,13,17,0,12.4,85,0,8.8,0,23.0,0,19.71829153365983,0,1012.6,277.3725712012912,8.466479246876107,98,,
2018,4,13,18,0,11.6,95,0,8.8,0,0.0,0,0.0,0,1012.7,261.3056234529421,8.81022506799296,109,,
2018,4,13,19,0,11,106,0,8.6,0,0.0,0,0.0,0,1012.8,238.74973767504332,10.240427458123476,120,,
2018,4,13,20,0,10.5,119,0,8.4,0,0.0,0,0.0,0,1013,227.68771065424,16.16177225458569,130,,
2018,4,13,21,0,10.4,136,0,8.4,0,0.0,0,0.0,0,1012.9,231.51814031243,18.75859532913304,139,,
2018,4,13,22,0,10.7,159,0,8.6,0,0.0,0,0.0,0,1012.6,250.215350499042,18.13207709494716,145,,
2018,4,13,23,0,11.1,-175,0,8.8,0,0.0,0,0.0,0,1012.3,318.35983097467016,17.346854612489327,147,,
2018,4,14,0,0,11.3,-150,0.3,9,0,0.0,0,0.0,0,1011.9,312.7204810349424,18.46360664912214,144,,
2018,4,14,1,0,11.5,-130,16.8,9,0,0.0,0,0.0,0,1011.4,351.6544334925719,15.204215317429895,136,,
2018,4,14,2,0,11.6,-114,40.7,9,0,0.0,0,0.0,0,1011,345.448421505002,16.254570818834942,127,,
2018,4,14,3,0,11.8,-102,49.9,9.1,0,0.0,0,0.0,0,1010.9,342.99242267890423,17.455537733412832,116,,
2018,4,14,4,0,11.9,-92,61.6,9.3,0,0.0,0,0.0,0,1011,339.73689735313235,16.727358778165147,105,,
2018,4,14,5,0,12.1,-82,63.7,9.4,1,0.0,0,0.0,0,1011.2,329.2704676394753,15.660304758914444,94,,
2018,4,14,6,0,12.6,-72,68.5,9.7,25,0.0,0,0.0,0,1011.3,313.3862694714408,16.71703413420454,83,,
2018,4,14,7,0,13.3,-61,80.3,10.2,44,90.0,0,43.41364924133376,0,1011.5,298.5493619258199,19.40494026764638,72,,
2018,4,14,8,0,14,-48,87.5,10.7,49,25.0,0,87.21960590937798,0,1011.7,292.5343989346144,20.937185252371755,63,,
2018,4,14,9,0,14.6,-33,90.3,10.9,51,8.0,0,90.98833275629649,0,1011.5,286.9267449135983,23.480866207502512,56,,
2018,4,14,10,0,15.2,-15,83.8,10.8,98,9.0,0,128.55515250414243,0,1011.1,283.00826262371095,25.278341209693306,51,,
2018,4,14,11,0,15.7,4,85,10.7,92,14.0,0,180.36132300141225,0,1010.6,310.4093528349856,23.53224073910566,50,,
2018,4,14,12,0,16,22,84.8,10.8,87,195.0,0,428.91413968468777,0,1010.1,329.94213826069296,19.55223577311588,53,,
2018,4,14,13,0,16.1,39,83.6,11.1,79,68.0,0,298.0570103798888,0,1009.8,327.87212089131174,19.318764303319963,58,,
2018,4,14,14,0,16.1,53,78.3,11.4,69,4.0,0,85.30221984998177,0,1009.4,322.872668202414,18.713763112443303,66,,
2018,4,14,15,0,15.9,65,32.8,11.7,72,11.0,21,99.18787655675143,0,1009.2,23.845469001432207,16.49440226282426,76,,
2018,4,14,16,0,15.4,75,3.2,12,27,88.0,12,121.91458710213278,0,1009.1,22.988550158084365,21.07482408391313,87,,
2018,4,14,17,0,15,85,0,12.2,0,34.0,0,22.32464609474558,0,1009.1,21.33610676028536,20.56054304979357,98,,
2018,4,14,18,0,14.8,95,0,12.4,0,0.0,0,0.0,0,1009.1,20.936769527550386,20.705710421658345,109,,
2018,4,14,19,0,14.7,106,0.3,12.6,0,0.0,0,0.0,0,1009.1,13.853693352488335,20.36889177895172,120,,
2018,4,14,20,0,14.7,119,15.3,12.7,0,0.0,0,0.0,0,1009.1,13.703259638416114,19.96979452066864,131,,
2018,4,14,21,0,14.7,136,23.4,12.9,0,0.0,0,0.0,0,1008.8,10.814964855187895,18.8832506516443,140,,
2018,4,14,22,0,14.8,158,8.4,13.1,0,0.0,0,0.0,0,1008.3,3.072568735578159,18.656458319965783,146,,
2018,4,14,23,0,14.9,-175,0,13.2,0,0.0,0,0.0,0,1007.9,358.3046523444188,19.01296129745513,147,,
2018,4,15,0,0,15.1,-150,0,13.4,0,0.0,0,0.0,0,1007.4,0.4261996012969007,19.692683492720693,144,,
2018,4,15,1,0,15.2,-129,0,13.5,0,0.0,0,0.0,0,1007.1,14.972584726315006,19.43623600618689,137,,
2018,4,15,2,0,15.4,-114,0,13.7,0,0.0,0,0.0,0,1006.8,16.676721383897302,21.05859354762504,127,,
2018,4,15,3,0,15.5,-102,0,13.7,0,0.0,0,0.0,0,1006.7,19.82014544665685,21.50954223422595,116,,
2018,4,15,4,0,15.5,-91,0,13.8,0,0.0,0,0.0,0,1006.9,18.587075231600693,19.743691488627903,105,,
2018,4,15,5,0,15.5,-81,0.8,13.8,1,0.0,0,0.0,0,1007.1,10.596144493923989,21.30792873334362,94,,
2018,4,15,6,0,15.9,-71,42.5,14.1,30,0.0,0,0.0,0,1007.4,15.364000149682852,23.752427100091893,83,,
2018,4,15,7,0,16.6,-60,41.8,14.5,145,9.0,12,21.213758879604587,0,1007.7,22.587410039319195,22.84326538349446,73,,
2018,4,15,8,0,17.4,-48,49.6,14.9,185,52.0,7,110.669257772323,0,1008,25.15138833870997,21.52630410602438,64,,
2018,4,15,9,0,17.8,-33,74.8,14.9,128,105.0,0,221.81192649296645,0,1007.9,25.04141234818985,21.024070234072887,56,,
2018,4,15,10,0,18,-15,65.9,14.5,207,198.0,2,343.3815366825835,0,1007.5,25.97995435228347,20.122276312873527,52,,
2018,4,15,11,0,18.2,4,34,14,303,308.0,108,455.56780201421424,0,1007,23.49584160914833,19.655805277986392,51,,
2018,4,15,12,0,18.1,22,32.5,13.8,331,204.0,65,420.71308104121977,0,1006.8,23.847225867037253,18.86522445733741,53,,
2018,4,15,13,0,17.8,39,14.1,13.8,175,203.0,238,400.53491299969215,0,1006.7,21.11339146311593,19.03228818633012,59,,
2018,4,15,14,0,17.5,53,0.5,13.8,73,146.0,281,310.28914458568096,0,1006.6,20.666177437873387,19.1322339065064,67,,
2018,4,15,15,0,17,64,25.1,13.8,74,93.0,83,199.38230098444023,0,1006.8,17.697998372582163,18.439858408594286,76,,
2018,4,15,16,0,16.3,75,45.2,13.8,28,30.0,0,77.70320799230934,0,1007.1,16.674325168114763,18.012023211726845,87,,
2018,4,15,17,0,15.7,85,61,13.8,0,3.0,0,6.45478329563035,0,1007.6,13.56998513466715,16.699332043001338,98,,
2018,4,15,18,0,15.3,95,68.7,13.9,0,0.0,0,0.0,0,1007.9,13.26489900901953,16.164427277923288,109,,
2018,4,15,19,0,15.2,106,68.4,14,0,0.0,0,0.0,0,1008.2,11.207889331565354,16.399184451236124,121,,
2018,4,15,20,0,15.1,119,68.8,14.1,0,0.0,0,0.0,0,1008.4,6.547304388358043,16.632401396337137,131,,
2018,4,15,21,0,15,136,68.8,14,0,0.0,0,0.0,0,1008.5,358.9354389578407,16.820041895282948,140,,
2018,4,15,22,0,14.7,158,24.8,13.7,0,0.0,0,0.0,0,1008.6,349.830249527607,17.466556378926672,146,,
2018,4,15,23,0,14.5,-175,0,13.4,0,0.0,0,0.0,0,1008.6,343.7692406476134,19.230315039479706,148,,
2018,4,16,0,0,14.2,-149,0,13,0,0.0,0,0.0,0,1008.8,344.59654762753104,20.081698183578503,144,,
2018,4,16,1,0,13.8,-129,0,12.6,0,0.0,0,0.0,0,1009.1,344.53444730236964,21.17492716843151,137,,
2018,4,16,2,0,13.5,-113,0,12.2,0,0.0,0,0.0,0,1009.4,347.38994840724143,21.382977476309367,127,,
2018,4,16,3,0,13.2,-101,0,11.8,0,0.0,0,0.0,0,1010,349.9132623094752,21.534254931584453,117,,
2018,4,16,4,0,12.8,-91,0,11.3,0,0.0,0,0.0,0,1010.9,353.2303220234912,21.37190465377042,105,,
2018,4,16,5,0,12.4,-81,0.2,10.8,1,0.0,0,0.0,0,1011.7,0.1762388996804702,21.033302627825453,94,,
2018,4,16,6,0,12.5,-71,11.7,10,55,0.0,22,0.0,0,1012.4,11.910326620151068,20.81305781610681,83,,
2018,4,16,7,0,12.9,-60,29.8,9.1,164,9.0,12,19.186458942403068,0,1012.8,23.907648227961204,21.49570123257622,73,,
2018,4,16,8,0,13.4,-47,38.8,8.2,259,42.0,0,98.46630443297408,0,1013.1,24.280130633400404,21.489452609596693,64,,
2018,4,16,9,0,13.6,-32,37.5,7.7,334,162.0,13,242.2493633601641,0,1013.3,29.46485454578925,20.63252817381961,57,,
2018,4,16,10,0,13.6,-15,32.3,7.6,363,416.0,64,412.055207057128,0,1013.4,34.31742994281598,20.512880968371963,52,,
2018,4,16,11,0,13.5,4,35.3,7.5,383,688.0,36,586.7315014071396,0,1013.4,39.20432450297335,19.121435264834027,51,,
2018,4,16,12,0,13.6,22,45.3,7.4,331,681.0,2,618.7925749430599,0,1013.4,41.646585981724456,19.41048245953324,53,,
2018,4,16,13,0,13.6,38,67.5,7.4,172,669.0,0,599.0037316438834,0,1013.4,40.27208390366451,18.60084920842966,59,,
2018,4,16,14,0,13.7,52,66.9,7.4,114,629.0,0,519.6446941363456,0,1013.3,41.72525735096622,18.56770360945704,67,,
2018,4,16,15,0,13.6,64,61.1,7.4,74,527.0,0,377.13465525562697,0,1013.5,40.35767346843704,16.927348920254705,77,,
2018,4,16,16,0,13.5,75,44.2,7.4,18,386.0,0,206.88027038099665,0,1013.8,40.47092000231504,17.17698050141037,87,,
2018,4,16,17,0,13.4,85,12.5,7.4,0,152.0,0,39.28759303514463,0,1014.1,38.969891634155886,17.394641266789076,98,,
2018,4,16,18,0,13.2,94,0,7.6,0,0.0,0,0.0,0,1014.3,36.800571825460224,17.150891460807795,110,,
2018,4,16,19,0,13,105,0,7.8,0,0.0,0,0.0,0,1014.5,35.71465845931044,16.529238654224226,121,,
2018,4,16,20,0,12.8,118,0,8,0,0.0,0,0.0,0,1014.7,35.37700971482775,17.276323145598454,131,,
2018,4,16,21,0,12.7,136,0,8.3,0,0.0,0,0.0,0,1014.6,36.76329652957736,17.583526527404082,140,,
2018,4,16,22,0,12.7,158,0,8.7,0,0.0,0,0.0,0,1014.3,38.71823701228402,16.82506260683108,146,,
2018,4,16,23,0,12.8,-175,0,9.1,0,0.0,0,0.0,0,1014,38.61936596915717,16.9615194834942,148,,
2018,4,17,0,0,12.8,-149,0,9.3,0,0.0,0,0.0,0,1013.6,42.753554793973024,17.651875087242477,145,,
2018,4,17,1,0,12.8,-128,0,9.4,0,0.0,0,0.0,0,1013.3,43.82909439955449,18.05346446597189,137,,
2018,4,17,2,0,12.8,-113,0,9.5,0,0.0,0,0.0,0,1012.9,46.50517892672639,17.40970731502629,128,,
2018,4,17,3,0,12.8,-101,0,9.6,0,0.0,0,0.0,0,1012.8,51.03568472388895,17.232508111240964,117,,
2018,4,17,4,0,12.8,-91,0,9.6,0,0.0,0,0.0,0,1013,53.863268831454775,17.209905066153528,106,,
2018,4,17,5,0,12.8,-81,0.3,9.7,1,0.0,0,0.0,0,1013.2,55.06729466084255,16.26740255912604,94,,
2018,4,17,6,0,13.2,-71,14.7,9.8,58,0.0,13,0.0,0,1013.2,56.92926955620607,15.541722359144158,83,,
2018,4,17,7,0,14,-60,12,9.9,96,53.0,136,30.93917890254925,0,1013.1,55.84941911580523,13.698530882008768,73,,
2018,4,17,8,0,14.8,-47,16,10,194,124.0,150,124.55034032397676,0,1012.9,56.71453327847837,12.264177297695689,64,,
2018,4,17,9,0,15.1,-32,30.2,9.7,327,203.0,46,242.45366430216552,0,1012.3,58.2986645666121,11.143306976472235,57,,
2018,4,17,10,0,15.2,-15,39.4,9.1,370,269.0,2,362.76089968025366,0,1011.4,57.22969129932835,10.085914292667084,52,,
2018,4,17,11,0,15.2,4,35.1,8.5,377,265.0,35,418.7066094039227,0,1010.5,54.08194047308177,9.981992628362132,51,,
2018,4,17,12,0,15.1,22,35.4,8.3,367,274.0,20,444.6339429893635,0,1009.6,50.16555315303509,9.98597139183552,54,,
2018,4,17,13,0,15,38,41.9,8.4,293,253.0,0,414.4584906604489,0,1008.7,49.73887488778416,10.347807581058856,59,,
2018,4,17,14,0,14.8,52,57,8.6,161,196.0,0,327.83350991621745,0,1007.9,51.41131226302241,10.290127808404572,67,,
2018,4,17,15,0,14.4,64,62.7,8.7,68,120.0,0,207.7520008667292,0,1007.4,51.68435823957071,10.251261383457791,77,,
2018,4,17,16,0,13.8,75,22.3,8.9,16,59.0,0,93.4837806145963,0,1007.1,55.24109215923994,9.866266085264693,88,,
2018,4,17,17,0,13.2,84,0,9.1,0,25.0,0,16.542827897871682,0,1006.9,56.66797095361909,9.177989169535644,99,,
2018,4,17,18,0,12.8,94,0,9.1,0,0.0,0,0.0,0,1006.5,54.23946158487513,8.80687534461949,110,,
2018,4,17,19,0,12.7,105,0,9.2,0,0.0,0,0.0,0,1005.9,52.597497692994295,8.472827003907533,121,,
2018,4,17,20,0,12.7,118,0,9.2,0,0.0,0,0.0,0,1005.4,54.7265137423193,8.370827161964836,132,,
2018,4,17,21,0,12.6,135,0,9.3,0,0.0,0,0.0,0,1004.6,60.94539590092285,7.721722605740251,141,,
2018,4,17,22,0,12.6,158,0,9.4,0,0.0,0,0.0,0,1003.8,67.62250689986445,6.623801001427825,147,,
2018,4,17,23,0,12.6,-174,0,9.5,0,0.0,0,0.0,0,1002.9,69.40562287439775,5.808711145031759,148,,
2018,4,18,0,0,12.7,-149,0,9.5,0,0.0,0,0.0,0,1002.1,70.16589580999016,4.916661392494649,145,,
2018,4,18,1,0,12.7,-128,0,9.5,0,0.0,0,0.0,0,1001.3,55.57722552228773,4.1672280322843855,137,,
2018,4,18,2,0,12.8,-113,0,9.5,0,0.0,0,0.0,0,1000.6,48.74800564201507,3.824069619315153,128,,
2018,4,18,3,0,12.9,-101,0,9.4,0,0.0,0,0.0,0,1000.3,40.58629068547191,3.842650969709573,117,,
2018,4,18,4,0,12.9,-90,0,9.3,0,0.0,0,0.0,0,1000.2,39.98580907642463,3.2096278821793565,106,,
2018,4,18,5,0,12.9,-80,0.1,9.2,1,0.0,1,0.0,0,1000.2,47.46906979851366,2.6848717635093613,94,,
2018,4,18,6,0,13.4,-70,6.6,9.3,47,0.0,28,0.0,0,1000.1,71.63380607949136,1.930102500614914,84,,
2018,4,18,7,0,14.4,-59,13.2,9.5,124,103.0,85,35.52039866423488,0,1000,167.719858336058,2.745684369368187,73,,
2018,4,18,8,0,15.4,-47,28,9.7,240,144.0,43,132.99392705923637,0,999.9,178.46879666731513,3.142967991801566,64,,
2018,4,18,9,0,15.7,-32,61.1,10.1,193,128.0,3,214.81757454437755,0,999.5,185.1829141809136,2.5296298010444502,57,,
2018,4,18,10,0,15.5,-15,71.1,10.7,174,137.0,0,299.04045804817963,0,998.9,214.38034472384487,1.4388580541526672,53,,
2018,4,18,11,0,15.2,4,83.1,11.2,103,163.0,0,364.4311533343254,0,998.3,236.33576465419645,1.6520479447020873,52,,
2018,4,18,12,0,14.6,22,84.5,11.5,85,254.0,0,437.9104452609506,0,998,246.8951721225206,2.174413076222528,54,,
2018,4,18,13,0,13.9,38,85.7,11.7,68,238.0,0,410.01774892969286,0,998.1,278.53076560994816,1.2639842760097928,60,,
2018,4,18,14,0,13.2,52,84.2,11.8,48,152.0,0,304.4150869482223,0,998.3,276.581944655178,1.6357815410378,68,,
2018,4,18,15,0,12.5,64,54.3,11.2,58,73.0,0,176.93837152504508,0,998.8,290.86934779483386,2.341086539994654,77,,
2018,4,18,16,0,11.9,74,14,10.3,23,29.0,0,72.93976982088165,0,999.8,277.4958576397299,2.3954709870921,88,,
2018,4,18,17,0,11.3,84,0,9.3,0,11.0,0,11.505344790991463,0,1000.7,270.0,2.125,99,,
2018,4,18,18,0,10.8,94,0,8.5,0,0.0,0,0.0,0,1001.6,253.71606201705544,2.451875210348019,110,,
2018,4,18,19,0,10.4,105,0,7.9,0,0.0,0,0.0,0,1002.4,248.31029982718564,1.8602210932760488,121,,
2018,4,18,20,0,10,118,0,7.3,0,0.0,0,0.0,0,1003.2,239.85861444792465,2.240431041116865,132,,
2018,4,18,21,0,9.8,135,0,7.2,0,0.0,0,0.0,0,1004,239.72170009851664,2.026432619072558,141,,
2018,4,18,22,0,9.7,158,0,7.3,0,0.0,0,0.0,0,1004.6,246.2031095952544,1.912606834095488,147,,
2018,4,18,23,0,9.6,-174,0,7.5,0,0.0,0,0.0,0,1005.3,227.61134249198943,1.636884221199924,149,,
2018,4,19,0,0,9.4,-148,0,7.3,0,0.0,0,0.0,0,1006.1,214.58458547161027,2.6804522098841472,145,,
2018,4,19,1,0,9.2,-128,0,6.9,0,0.0,0,0.0,0,1007.1,187.5266556341845,3.0455272823903523,138,,
2018,4,19,2,0,8.9,-112,0,6.5,0,0.0,0,0.0,0,1008,169.348831911278,3.1358150733881085,128,,
2018,4,19,3,0,8.6,-100,0,6,0,0.0,0,0.0,0,1009.3,151.26594216421245,3.585846228674248,117,,
2018,4,19,4,0,8.4,-90,0,5.5,0,0.0,0,0.0,0,1010.8,147.4070607817332,3.7804006852236425,106,,
2018,4,19,5,0,8.2,-80,0,5,1,0.0,1,0.0,0,1012.4,141.76617482255307,3.764250104638282,95,,
2018,4,19,6,0,8.6,-70,0,4.3,27,0.0,62,0.0,0,1013.8,123.76120657474196,4.308341868863729,84,,
2018,4,19,7,0,9.5,-59,0,3.6,51,17.0,201,22.20131731063397,0,1015,115.2681091910149,3.801197527115893,74,,
2018,4,19,8,0,10.4,-47,0,2.8,60,35.0,357,87.6789138414747,0,1016.3,117.9562834345993,4.128225402130859,65,,
2018,4,19,9,0,11,-32,0,2.3,61,65.0,484,178.01421861207524,0,1017.2,114.26538751386175,4.252936989288544,57,,
2018,4,19,10,0,11.3,-15,0,2.1,59,104.0,564,263.4570902633725,0,1017.9,113.33342501414415,3.678000822863712,53,,
2018,4,19,11,0,11.5,4,0.3,1.9,61,133.0,579,329.4583816349617,0,1018.5,100.3309552751216,3.833634129761099,52,,
2018,4,19,12,0,11.6,22,14.4,1.7,199,144.0,317,353.84827047866,0,1019.1,79.00364673826317,4.033033590009471,55,,
2018,4,19,13,0,11.5,38,8,1.6,135,121.0,318,317.6462842925288,0,1019.8,53.54570840545637,5.466012940071846,60,,
2018,4,19,14,0,11.5,52,0,1.4,50,106.0,304,259.3399983712628,0,1020.5,52.350478164064384,5.659166469344599,68,,
2018,4,19,15,0,11.1,64,0,1.6,39,148.0,144,216.03613989683757,0,1021.3,53.171264664567786,6.4567887756273965,78,,
2018,4,19,16,0,10.6,74,0,1.9,12,204.0,31,145.87229295084353,0,1022.1,62.54444036046766,6.997073805090065,88,,
2018,4,19,17,0,10,84,0,2.2,0,109.0,0,29.39242016265312,0,1023,72.2528842579286,6.759160717668511,99,,
2018,4,19,18,0,9.4,94,0,2.4,0,0.0,0,0.0,0,1023.8,74.46735288320718,6.140270431609745,111,,
2018,4,19,19,0,8.6,105,0,2.6,0,0.0,0,0.0,0,1024.6,84.26777059875792,7.076400854210621,122,,
2018,4,19,20,0,7.8,118,0,2.8,0,0.0,0,0.0,0,1025.3,87.72921511577658,6.796352607558681,132,,
2018,4,19,21,0,7.6,135,0,3.1,0,0.0,0,0.0,0,1025.7,90.96086475079323,7.585050965196386,141,,
2018,4,19,22,0,7.6,158,0,3.6,0,0.0,0,0.0,0,1025.8,97.44012582243364,7.609476468704128,147,,
2018,4,19,23,0,7.7,-174,0,4,0,0.0,0,0.0,0,1025.9,105.1847245223322,6.239321799255404,149,,
2018,4,20,0,0,7.7,-148,0,4.2,0,0.0,0,0.0,0,1025.9,115.02521288845436,4.266228853179445,145,,
2018,4,20,1,0,7.5,-127,0,4.2,0,0.0,0,0.0,0,1025.8,115.8159118041208,3.757854382128891,138,,
2018,4,20,2,0,7.4,-112,0,4.1,0,0.0,0,0.0,0,1025.8,144.3180180629568,3.763699526009691,128,,
2018,4,20,3,0,7.2,-100,0,4,0,0.0,0,0.0,0,1026.1,160.28061535296752,5.152502894745466,117,,
2018,4,20,4,0,7.1,-90,0,3.8,0,0.0,0,0.0,0,1026.5,174.85407497050096,6.788591937053183,106,,
2018,4,20,5,0,7.1,-80,0,3.6,1,0.0,1,0.0,0,1027,186.9365214404081,6.3051835991146215,95,,
2018,4,20,6,0,7.9,-70,0,3.9,27,0.0,57,0.0,0,1027.3,198.91430361406137,4.789366104185417,84,,
2018,4,20,7,0,9.4,-59,0,4.4,54,160.0,186,34.434515717716685,0,1027.6,203.0948793261694,5.649551877885317,74,,
2018,4,20,8,0,11,-46,2.6,4.9,91,424.0,295,176.39765749434645,0,1027.9,219.02757526650072,4.217541019848487,65,,
2018,4,20,9,0,11.9,-32,19,5.1,238,624.0,178,353.5165855088467,0,1027.8,221.0650508386689,3.12443585071954,58,,
2018,4,20,10,0,12.3,-14,25.3,5,313,745.0,132,499.3375017012577,0,1027.4,210.84675688968605,1.968385814103852,53,,
2018,4,20,11,0,12.7,4,9.3,4.9,160,773.0,395,593.9413481518831,0,1026.9,209.94201851579288,2.5523265346463786,52,,
2018,4,20,12,0,12.9,22,30.2,4.9,207,774.0,197,630.9393537146827,0,1026.6,214.70585093857952,3.8042756784007015,55,,
2018,4,20,13,0,13.1,38,16.9,5.1,141,759.0,239,611.2812920877452,0,1026.3,216.80417178154065,4.554495184160552,60,,
2018,4,20,14,0,13.2,52,0,5.2,56,708.0,277,526.1587994903834,0,1026,217.6234807406624,4.024420349664181,68,,
2018,4,20,15,0,13,63,0,5.5,41,613.0,127,385.4603641958296,0,1026,216.51006246605832,4.408338890300534,78,,
2018,4,20,16,0,12.6,74,0,5.8,13,430.0,26,202.29899350278225,0,1026.1,212.8492332304354,4.489614170909691,88,,
2018,4,20,17,0,12.2,84,0,6.1,0,133.0,0,29.92939069338635,0,1026.2,206.094521089502,4.826160821473614,100,,
2018,4,20,18,0,11.5,93,0,6.3,0,0.0,0,0.0,0,1026.1,201.37632741523848,5.658559259301394,111,,
2018,4,20,19,0,10.6,104,0,6.3,0,0.0,0,0.0,0,1026.1,202.7426449334872,6.14341855265917,122,,
2018,4,20,20,0,9.8,117,0,6.4,0,0.0,0,0.0,0,1026,213.03253872924435,7.0333465841207685,133,,
2018,4,20,21,0,9.4,135,0,6.6,0,0.0,0,0.0,0,1025.8,218.66505984461267,7.071781313583671,142,,
2018,4,20,22,0,9.4,158,0,6.8,0,0.0,0,0.0,0,1025.6,218.125508246017,7.257553186290727,148,,
2018,4,20,23,0,9.5,-174,0,7.1,0,0.0,0,0.0,0,1025.3,221.51089055100007,7.264590302491261,149,,
2018,4,21,0,0,9.4,-148,0,7.3,0,0.0,0,0.0,0,1025.1,224.7876766586208,7.779781712415342,146,,
2018,4,21,1,0,9.3,-127,0,7.3,0,0.0,0,0.0,0,1025,222.45468579914004,8.614278300526612,138,,
2018,4,21,2,0,9.2,-112,0,7.3,0,0.0,0,0.0,0,1024.8,219.00355658438056,9.437548962522907,128,,
2018,4,21,3,0,9.2,-100,0,7.5,0,0.0,0,0.0,0,1024.9,216.70249741130263,9.693156605924244,117,,
2018,4,21,4,0,9.3,-89,0,7.6,0,0.0,0,0.0,0,1025.1,214.44749465082853,9.727198277418855,106,,
2018,4,21,5,0,9.4,-79,0,7.8,1,0.0,1,0.0,0,1025.4,213.2476290476885,10.189398851884434,95,,
2018,4,21,6,0,10.2,-70,1.2,8.1,27,0.0,54,0.0,0,1025.4,213.92129299253355,10.570537522451971,84,,
2018,4,21,7,0,11.5,-59,0.7,8.4,50,198.0,185,31.21454119189937,0,1025.2,214.98829951891,11.087912052329376,74,,
2018,4,21,8,0,12.9,-46,0,8.7,68,448.0,322,170.29779400088194,0,1024.9,220.3370351510716,10.851404846672043,65,,
2018,4,21,9,0,13.8,-31,0,8.8,114,575.0000000000001,385,328.13201113302887,0,1024.4,224.16785514411265,11.126020882946058,58,,
2018,4,21,10,0,14.4,-14,0,8.7,183,628.0,358,463.4458297324466,0,1023.8,230.6665015050132,10.156457614243848,54,,
2018,4,21,11,0,14.9,4,0.2,8.5,221,685.0,314,563.7062766244326,0,1023.1,231.6644577739659,9.27022033264955,53,,
2018,4,21,12,0,15.2,22,8.7,8.5,275,676.0,177,593.78173056218,0,1022.6,227.4265319529416,9.394506689979348,55,,
2018,4,21,13,0,15.3,38,4.9,8.5,235,572.0000000000001,122,535.6107076995758,0,1022.3,218.54593392884,10.0717405278872,61,,
2018,4,21,14,0,15.3,51,0,8.6,157,357.0,80,384.9581207820031,0,1022,209.93656603476376,9.739385414492508,69,,
2018,4,21,15,0,15,63,0,8.8,84,129.0,23,196.27829621509665,0,1021.9,205.6523555459384,9.73326218675114,78,,
2018,4,21,16,0,14.6,74,0,9,20,42.0,3,72.32669881418276,0,1022,207.50139636223432,9.26028306726661,89,,
2018,4,21,17,0,14.1,83,0,9.3,0,9.0,0,8.103366000829125,0,1022.1,210.40732277672305,7.954501263415214,100,,
2018,4,21,18,0,13.3,93,0,9.2,0,0.0,0,0.0,0,1022,211.99377351329528,8.429286537144625,111,,
2018,4,21,19,0,12.5,104,0,9,0,0.0,0,0.0,0,1021.9,207.5572764594508,9.419756978660216,122,,
2018,4,21,20,0,11.6,117,0,8.7,0,0.0,0,0.0,0,1021.7,204.9581718651676,10.937122976071953,133,,
2018,4,21,21,0,11.1,134,0,8.5,0,0.0,0,0.0,0,1021.4,204.3420708587417,12.373960116554583,142,,
2018,4,21,22,0,10.8,158,0,8.3,0,0.0,0,0.0,0,1020.9,203.1559651068791,12.970200416164287,148,,
2018,4,21,23,0,10.6,-174,0,8,0,0.0,0,0.0,0,1020.4,235.5669365436669,2.55866144687696,150,,
2018,4,22,0,0,10.3,-147,0,7.8,0,0.0,0,0.0,0,1020.1,228.3053591545097,3.85942733204068,146,,
2018,4,22,1,0,9.9,-127,0,7.6,0,0.0,0,0.0,0,1019.8,219.13421384959565,3.2787319239715487,138,,
2018,4,22,2,0,9.6,-111,0,7.4,0,0.0,0,0.0,0,1019.5,205.14510967067235,4.784995239040194,129,,
2018,4,22,3,0,9.3,-99,0,7.4,0,0.0,0,0.0,0,1019.5,205.67170779097447,5.126110142751292,118,,
2018,4,22,4,0,9.2,-89,0,7.5,0,0.0,0,0.0,0,1019.5,202.89429290268487,5.281535942191884,106,,
2018,4,22,5,0,9,-79,0,7.6,1,0.0,1,0.0,0,1019.6,202.8661879679213,6.84080841041635,95,,
2018,4,22,6,0,10.2,-69,0,8.3,27,0.0,51,0.0,0,1019.5,198.82089532602947,8.04592482503126,84,,
2018,4,22,7,0,12.4,-58,0,9.4,58,90.0,170,27.301455547799183,0,1019.3,190.42468901459048,7.078262462502194,74,,
2018,4,22,8,0,14.7,-46,0,10.5,75,250.0,307,141.03805052197205,0,1019.1,192.5061437386549,6.025037387280784,65,,
2018,4,22,9,0,16,-31,0,10.7,80,389.0,425,284.21501177984953,0,1018.6,194.876402735714,5.56873345699058,58,,
2018,4,22,10,0,16.4,-14,0,10.3,85,508.0,492,415.116135583744,0,1018,200.41617028861563,5.091562245958435,54,,
2018,4,22,11,0,16.8,4,0,9.8,90,556.0,501,504.2354888948318,0,1017.3,207.77929141089825,5.368751359124506,53,,
2018,4,22,12,0,16.9,22,0,9.7,93,593.0,456,549.5940700529382,0,1016.7,214.72135758544985,6.51600659119786,56,,
2018,4,22,13,0,16.9,38,0,10,89,594.0,364,533.9369407440531,0,1016.3,217.21639626031435,6.378534608703244,61,,
2018,4,22,14,0,16.9,51,0,10.3,73,534.0,243,449.0159103347988,0,1015.8,217.1339100556523,5.976528292290023,69,,
2018,4,22,15,0,16.5,63,0,10.6,46,408.0,111,306.9976617228582,0,1015.6,217.9373973295842,4.953496443722843,79,,
2018,4,22,16,0,15.8,73,0,11,12,228.0,23,140.81610994486482,0,1015.6,223.17877568600184,3.8675628171725136,89,,
2018,4,22,17,0,15.1,83,0,11.4,0,47.0,0,15.544385785805424,0,1015.7,230.08625691220843,2.930599355571194,100,,
2018,4,22,18,0,14.3,93,0,11.4,0,0.0,0,0.0,0,1015.6,236.82248314535605,2.263242982087231,111,,
2018,4,22,19,0,13.4,104,0,11.2,0,0.0,0,0.0,0,1015.3,15.92009789115474,1.3671334610204855,123,,
2018,4,22,20,0,12.5,117,0,10.9,0,0.0,0,0.0,0,1015.1,31.54699819784128,2.9080481862643555,133,,
2018,4,22,21,0,12,134,0,10.8,0,0.0,0,0.0,0,1014.7,54.96561942647708,3.4086337454191686,142,,
2018,4,22,22,0,11.9,158,0,10.8,0,0.0,0,0.0,0,1014.2,64.15473417422072,2.911594624249495,149,,
2018,4,22,23,0,11.8,-174,0,10.8,0,0.0,0,0.0,0,1013.7,53.86083314344893,2.649434219997959,150,,
2018,4,23,0,0,11.7,-147,0.6,10.8,0,0.0,0,0.0,0,1013.3,59.047623419217416,2.108059310319394,146,,
2018,4,23,1,0,11.7,-126,33.1,10.8,0,0.0,0,0.0,0,1012.8,78.67742503291197,0.8679671348467477,139,,
2018,4,23,2,0,11.6,-111,51.2,10.8,0,0.0,0,0.0,0,1012.4,65.18220153989182,1.0993289081655224,129,,
2018,4,23,3,0,11.6,-99,51.6,10.8,0,0.0,0,0.0,0,1012.2,67.69168663340929,2.2034956167171846,118,,
2018,4,23,4,0,11.7,-89,51.9,10.8,0,0.0,0,0.0,0,1012.1,63.27018163511372,1.442750216356974,107,,
2018,4,23,5,0,11.8,-79,51.8,10.8,1,0.0,0,0.0,0,1012.1,53.56439204822652,1.861723402548166,95,,
2018,4,23,6,0,12.4,-69,39.2,11,49,0.0,3,0.0,0,1011.9,46.62514330910676,2.520081570871856,85,,
2018,4,23,7,0,13.4,-58,11.6,11.2,70,144.0,141,27.08847481293885,0,1011.7,75.69498096637773,3.3071304291998054,74,,
2018,4,23,8,0,14.5,-46,0,11.4,75,515.0,306,172.95658232743415,0,1011.3,107.83299868204256,3.1011487939535214,66,,
2018,4,23,9,0,15.1,-31,0.5,11.3,86,659.0,412,341.13967693655184,0,1010.6,121.20251494540751,3.28559138696815,59,,
2018,4,23,10,0,15.4,-14,28,11,248,672.0,160,467.8497530736388,0,1009.6,167.2925484796591,1.9788909887424908,54,,
2018,4,23,11,0,15.6,4,51.8,10.7,285,756.0,0,579.2209493066895,0,1008.6,190.6382196278696,1.249751686227832,53,,
2018,4,23,12,0,15.7,22,49.3,10.5,278,670.0,0,580.9328706470865,0,1007.7,229.15401518196768,2.0400175875952784,56,,
2018,4,23,13,0,15.7,37,44.1,10.4,252,737.0,2,593.3870077139575,0,1006.9,244.3534050251685,2.888043214638441,61,,
2018,4,23,14,0,15.8,51,18.4,10.3,126,689.0,120,509.69263815022754,0,1006.1,238.26452908954968,3.208185431964484,69,,
2018,4,23,15,0,15.5,63,35.5,10.4,53,581.0,67,365.804070423072,0,1005.5,236.79179429652024,4.033771886739586,79,,
2018,4,23,16,0,15.1,73,71.5,10.6,16,399.0,0,185.27410181582405,0,1005.2,222.7743319025037,5.734376756631442,89,,
2018,4,23,17,0,14.6,83,79.7,10.8,0,76.0,0,18.61834620279057,0,1004.8,222.08139410729297,7.2420465976213615,100,,
2018,4,23,18,0,14.1,93,80.9,10.9,0,0.0,0,0.0,0,1004.3,215.9237328520572,7.640787899098457,112,,
2018,4,23,19,0,13.6,104,85.9,10.9,0,0.0,0,0.0,0,1003.6,210.80968682406456,7.738608544488977,123,,
2018,4,23,20,0,13.1,117,92.7,10.9,0,0.0,0,0.0,0,1003,208.3590987883597,8.785022023873033,133,,
2018,4,23,21,0,12.8,134,92.2,11,0,0.0,0,0.0,0,1002.1,204.6694833950853,9.496366213707176,143,,
2018,4,23,22,0,12.7,158,95.3,11,0,0.0,0,0.0,0,1001.1,201.2212879097628,10.95685859040952,149,,
2018,4,23,23,0,12.5,-173,97.7,11,0,0.0,0,0.0,0,1000.2,200.82410323217053,12.447387936534517,150,,
2018,4,24,0,0,12.4,-147,97.7,11.2,0,0.0,0,0.0,0,999.3,198.9781853662216,13.60682076355262,147,,
2018,4,24,1,0,12.3,-126,88.6,11.3,0,0.0,0,0.0,0,998.4,201.45822636388004,14.494696934022976,139,,
2018,4,24,2,0,12.2,-110,92.7,11.5,0,0.0,0,0.0,0,997.6,198.81504458015544,14.756796951853364,129,,
2018,4,24,3,0,12.2,-99,99.3,11.6,0,0.0,0,0.0,0,997,199.7085254300308,15.102989149123957,118,,
2018,4,24,4,0,12.2,-88,98.7,11.6,0,0.0,0,0.0,0,996.5,198.5021149428072,14.488892975062996,107,,
2018,4,24,5,0,12.3,-79,96.6,11.6,1,0.0,0,0.0,0,996.1,197.42331296738064,13.765619461976408,96,,
2018,4,24,6,0,12.6,-69,62.7,11.9,40,0.0,0,0.0,0,995.8,198.99690979670564,13.57065321385324,85,,
2018,4,24,7,0,13,-58,53.2,12.3,96,11.0,0,13.0,0,995.5,200.5555836974591,14.189553202560369,75,,
2018,4,24,8,0,13.5,-45,58.4,12.8,154,16.0,0,54.769422221853794,0,995.2,200.86190037885203,14.051309959002706,66,,
2018,4,24,9,0,13.6,-31,67.2,13,157,40.0,0,132.39051914929138,0,994.8,201.12533554833968,13.47074083276233,59,,
2018,4,24,10,0,13.6,-14,68.5,13,177,64.0,0,219.72138558158284,0,994.2,208.1864028338411,13.189565361242485,55,,
2018,4,24,11,0,13.5,4,74.9,12.9,144,93.0,0,286.4089320685143,0,993.6,212.2168944685866,11.167371140802574,54,,
2018,4,24,12,0,13.5,22,86.2,12.9,75,208.0,0,384.5130724971694,0,993.3,235.44368903827225,8.9398068105329,56,,
2018,4,24,13,0,13.5,37,91.8,12.8,37,281.0,0,405.2891957129704,0,993.1,273.01460294965614,6.884527059980477,62,,
2018,4,24,14,0,13.4,51,91,12.8,25,225.0,0,322.33786011770627,0,993,330.3639308215195,9.056853383394976,70,,
2018,4,24,15,0,13.3,63,58,12.6,42,194.0,0,226.81111615341567,0,993.1,350.8839397933399,10.500053238166084,79,,
2018,4,24,16,0,13.1,73,64.6,12.4,19,112.0,0,104.26801055082854,0,993.3,6.573691838105276,10.750366473604831,90,,
2018,4,24,17,0,12.9,83,77.6,12.2,0,32.0,0,12.484780684542066,0,993.6,9.30056734843987,10.961233778067266,101,,
2018,4,24,18,0,12.7,92,75.8,12,0,0.0,0,0.0,0,994,8.251849569586966,10.886637818439787,112,,
2018,4,24,19,0,12.5,103,71.9,11.8,0,0.0,0,0.0,0,994.5,358.44172967073666,9.1933412343015,123,,
2018,4,24,20,0,12.2,116,70,11.6,0,0.0,0,0.0,0,995,353.1584100228467,8.919224016201285,134,,
2018,4,24,21,0,12.1,134,69.1,11.4,0,0.0,0,0.0,0,995.3,355.7777697938573,9.337843032520947,143,,
2018,4,24,22,0,12,158,24.8,11.2,0,0.0,0,0.0,0,995.5,358.7981669355479,8.939466566859569,149,,
2018,4,24,23,0,12,-173,0,11,0,0.0,0,0.0,0,995.7,359.59933674420785,8.937718528796932,151,,
2018,4,25,0,0,11.8,-146,0,10.8,0,0.0,0,0.0,0,995.9,1.5275254422129478,9.378332740951349,147,,
2018,4,25,1,0,11.7,-125,0,10.6,0,0.0,0,0.0,0,996.1,359.23097531742195,9.313338888390136,139,,
2018,4,25,2,0,11.5,-110,0,10.3,0,0.0,0,0.0,0,996.3,356.9644308749444,8.2615922345514,129,,
2018,4,25,3,0,11.4,-98,0,10.1,0,0.0,0,0.0,0,996.8,2.379136660090751,7.527973396165075,118,,
2018,4,25,4,0,11.3,-88,0,10,0,0.0,0,0.0,0,997.4,3.3567863335503603,7.471803942589376,107,,
2018,4,25,5,0,11.1,-78,0,9.8,1,0.0,1,0.0,0,998,4.9117881725060215,7.778565215561552,96,,
2018,4,25,6,0,11.6,-68,2.5,9.8,29,0.0,42,0.0,0,998.5,3.808132891317769,6.263830218025081,85,,
2018,4,25,7,0,12.4,-58,1.8,10,54,26.0,162,16.0,0,999,354.09267713822175,5.278028064016064,75,,
2018,4,25,8,0,13.3,-45,21.1,10.1,189,40.0,94,80.7830272823053,0,999.5,350.7377621419436,4.539904110962982,66,,
2018,4,25,9,0,13.8,-30,32.5,10,297,58.0,36,156.19422281640271,0,999.8,347.34712538784544,4.378049285092381,59,,
2018,4,25,10,0,14,-14,42.9,9.6,306,68.0,15,222.2991651431857,0,999.8,335.2636455363297,4.382872779962041,55,,
2018,4,25,11,0,14.1,4,59.6,9.2,235,96.0,0,287.64807842800127,0,999.8,319.47489650624607,5.097870266101325,54,,
2018,4,25,12,0,14,22,76.7,9,128,127.0,0,327.83403232656457,0,1000,334.53171140838515,6.690977823289965,57,,
2018,4,25,13,0,13.9,37,63,8.9,153,116.0,3,301.2744920528088,0,1000.4,328.23577862526656,6.689432595771419,62,,
2018,4,25,14,0,13.8,51,18.7,8.8,102,83.0,129,228.2575287506409,0,1000.8,331.5246042397722,6.992690702264877,70,,
2018,4,25,15,0,13.5,62,0.7,8.6,40,61.0,105,148.4339757880806,0,1001.4,336.8395912069564,7.841169263301538,79,,
2018,4,25,16,0,13,73,0.4,8.3,12,23.0,19,55.31396698284794,0,1002,338.22821213612593,8.593714824951316,90,,
2018,4,25,17,0,12.6,82,0,8.1,0,3.0,0,5.313404473675836,0,1002.7,342.03392585109333,8.915435554879696,101,,
2018,4,25,18,0,12.2,92,0,7.7,0,0.0,0,0.0,0,1003.2,346.7577192642808,9.097617362607966,112,,
2018,4,25,19,0,11.8,103,0,7.2,0,0.0,0,0.0,0,1003.4,335.4806085931072,8.88551669532191,123,,
2018,4,25,20,0,11.5,116,0,6.8,0,0.0,0,0.0,0,1003.7,331.33747594316907,10.163667948261097,134,,
2018,4,25,21,0,11.3,134,0,6.7,0,0.0,0,0.0,0,1003.8,331.3526953220916,11.301680311878178,143,,
2018,4,25,22,0,11.2,158,0,6.8,0,0.0,0,0.0,0,1003.8,332.6458419421634,12.105831334068458,149,,
2018,4,25,23,0,11.1,-173,0,7,0,0.0,0,0.0,0,1003.8,333.0234349506709,12.86077970524518,151,,
2018,4,26,0,0,11,-146,0,7,0,0.0,0,0.0,0,1004,340.4903328576626,13.661574421267115,147,,
2018,4,26,1,0,10.7,-125,0,6.8,0,0.0,0,0.0,0,1004.3,339.1888791804039,14.133544371524303,139,,
2018,4,26,2,0,10.5,-110,0,6.6,0,0.0,0,0.0,0,1004.6,344.629170057414,15.797996964121255,129,,
2018,4,26,3,0,10.3,-98,0,6.3,0,0.0,0,0.0,0,1005,11.769436263417674,14.9196221633253,118,,
2018,4,26,4,0,10.1,-88,0,6,0,0.0,0,0.0,0,1005.4,20.103913072573,14.245402690421606,107,,
2018,4,26,5,0,9.9,-78,0.2,5.7,1,0.0,0,0.0,0,1005.9,19.1746683658472,13.766165169586396,96,,
2018,4,26,6,0,10.2,-68,12.5,5.6,44,0.0,15,0.0,0,1006.1,18.76135424672077,13.863832432164154,85,,
2018,4,26,7,0,10.9,-57,7.3,5.5,61,171.0,151,22.00000000000001,0,1006.3,15.430079064730023,14.094448038480069,75,,
2018,4,26,8,0,11.7,-45,16.3,5.5,170,264.0,138,137.84409830765674,0,1006.4,17.957685824573446,15.070597905471727,66,,
2018,4,26,9,0,12.2,-30,22.9,5.6,246,373.0,140,275.0159564593377,0,1006.2,21.57787607506185,15.013600485850198,60,,
2018,4,26,10,0,12.4,-14,47.7,5.9,232,602.0,61,434.622583024984,0,1006,23.954539584955285,14.114650422343852,55,,
2018,4,26,11,0,12.6,4,45.1,6.2,303,675.0,17,537.2487705836074,0,1005.7,22.882276750636663,13.773600736917611,54,,
2018,4,26,12,0,12.6,21,12.8,6.5,169,672.0,297,568.9209454625523,0,1005.6,22.056449905254624,13.647745177118852,57,,
2018,4,26,13,0,12.4,37,3.5,6.7,90,627.0,340,535.7015522428569,0,1005.8,22.409912716634608,14.155443593818733,62,,
2018,4,26,14,0,12.3,51,30.3,7,124,565.0000000000001,101,449.79302355706807,0,1006,24.891703122158503,14.357683127751656,70,,
2018,4,26,15,0,12,62,19.8,7.2,76,457.0,21,312.39650429709434,0,1006.3,27.56534721032847,14.409657977189497,80,,
2018,4,26,16,0,11.7,73,2.2,7.3,15,308.0,12,153.13597851189255,0,1006.8,30.581578489614287,13.966601121139057,90,,
2018,4,26,17,0,11.3,82,0,7.4,0,48.0,0,12.805169301401287,0,1007.3,31.567331406415803,13.573467700406924,101,,
2018,4,26,18,0,10.9,92,0,7.3,0,0.0,0,0.0,0,1007.6,36.52794783847935,13.303117779314672,112,,
2018,4,26,19,0,10.3,103,0,7.2,0,0.0,0,0.0,0,1007.9,37.760117032173184,12.624521836583105,124,,
2018,4,26,20,0,9.8,116,0,7,0,0.0,0,0.0,0,1008.2,39.14671174538592,11.849540125498486,134,,
2018,4,26,21,0,9.6,133,0,7,0,0.0,0,0.0,0,1008.3,39.38716210448814,11.296398701526428,143,,
2018,4,26,22,0,9.6,158,0,7,0,0.0,0,0.0,0,1008.4,40.40455394180333,10.480435087339728,150,,
2018,4,26,23,0,9.7,-173,0,7,0,0.0,0,0.0,0,1008.5,40.06418773313476,9.937901233874204,151,,
2018,4,27,0,0,9.8,-146,0,7,0,0.0,0,0.0,0,1008.6,37.81608687446652,9.31123056976364,147,,
2018,4,27,1,0,9.9,-125,0,6.9,0,0.0,0,0.0,0,1008.8,36.22109945414002,9.555690759495793,140,,
2018,4,27,2,0,10,-109,0,6.8,0,0.0,0,0.0,0,1009,36.36605327613341,9.522829134929731,130,,
2018,4,27,3,0,10.1,-98,0,6.7,0,0.0,0,0.0,0,1009.3,36.60908757840042,9.085592176413906,119,,
2018,4,27,4,0,10.1,-87,0,6.5,0,0.0,0,0.0,0,1009.7,40.470370962067534,9.340506513781484,107,,
2018,4,27,5,0,10.2,-78,0,6.3,0,0.0,1,0.0,0,1010.1,42.230062995385765,9.14506811417981,96,,
2018,4,27,6,0,10.7,-68,0,6.4,25,0.0,43,0.0,0,1010.5,46.048524533097066,8.915077843708653,85,,
2018,4,27,7,0,11.4,-57,0.1,6.7,52,8.0,161,9.0,0,1010.8,50.25128686219074,7.559931295173531,75,,
2018,4,27,8,0,12.2,-45,2.8,7,88,28.0,268,64.55255777804832,0,1011.1,50.75417921622613,6.3226228129328685,67,,
2018,4,27,9,0,12.6,-30,15.1,6.9,201,101.0,211,172.65545276900022,0,1011.3,46.80844207891846,5.601639453141221,60,,
2018,4,27,10,0,12.7,-14,40.1,6.6,275,105.0,58,249.4709058864761,0,1011.4,42.99044618697883,5.041236207518946,56,,
2018,4,27,11,0,12.7,4,46,6.3,306,239.0,6,375.0003731333642,0,1011.4,40.98582430458896,5.050525962709231,55,,
2018,4,27,12,0,12.6,21,15.7,6.2,156,249.0,289,399.4681524467025,0,1011.6,37.874983651098205,4.988267484808729,57,,
2018,4,27,13,0,12.5,37,0.9,6.2,71,232.0,364,371.3904505226281,0,1011.8,37.694240466689166,5.213039540421692,63,,
2018,4,27,14,0,12.4,50,2.2,6.2,69,189.0,224,295.7239126567168,0,1012.1,39.88958243896877,5.457577873929057,71,,
2018,4,27,15,0,12.1,62,1.9,6.2,45,113.0,90,180.05836854619818,0,1012.6,38.9217586749844,5.570954749920062,80,,
2018,4,27,16,0,11.7,72,0.5,6.2,12,45.0,16,68.9422920991624,0,1013.1,39.55966796899452,5.593662708816112,90,,
2018,4,27,17,0,11.3,82,0,6.2,0,5.0,0,5.47910020216866,0,1013.7,41.93162871473521,5.2376130522041375,101,,
2018,4,27,18,0,10.9,92,0,6.1,0,0.0,0,0.0,0,1014.2,46.38949763173798,4.8339507438954,113,,
2018,4,27,19,0,10.4,102,0,5.9,0,0.0,0,0.0,0,1014.7,54.42682466056488,4.764110687302421,124,,
2018,4,27,20,0,10,116,0,5.8,0,0.0,0,0.0,0,1015.2,58.11858647894599,3.8273880229693376,134,,
2018,4,27,21,0,9.9,133,0,6,0,0.0,0,0.0,0,1015.5,58.85414249927408,3.188064263458324,144,,
2018,4,27,22,0,10,157,0,6.4,0,0.0,0,0.0,0,1015.7,58.80098776326116,2.579911474235762,150,,
2018,4,27,23,0,10.1,-173,0,6.8,0,0.0,0,0.0,0,1015.8,60.12038556236325,2.1376670392895307,152,,
2018,4,28,0,0,10.1,-145,0,6.9,0,0.0,0,0.0,0,1016,51.36630866663728,1.840227350307816,148,,
2018,4,28,1,0,10,-124,0,6.9,0,0.0,0,0.0,0,1016.1,90.60931870348908,1.584073949649421,140,,
2018,4,28,2,0,9.9,-109,0,6.8,0,0.0,0,0.0,0,1016.2,110.19816371736208,1.7338201133506144,130,,
2018,4,28,3,0,9.9,-97,0,6.7,0,0.0,0,0.0,0,1016.5,141.0140551045993,1.332989054677145,119,,
2018,4,28,4,0,9.9,-87,0,6.6,0,0.0,0,0.0,0,1017,179.78279836473166,1.2236416048432743,107,,
2018,4,28,5,0,10,-77,0,6.6,0,0.0,1,0.0,0,1017.4,214.97746160369496,1.3381321821238288,96,,
2018,4,28,6,0,10.5,-68,0.6,6.6,22,0.0,46,0.0,0,1017.8,219.00452114778363,1.9519404519497807,86,,
2018,4,28,7,0,11.4,-57,2.1,6.7,52,11.0,155,11.0,0,1018.3,219.89274058518257,1.623156914498227,76,,
2018,4,28,8,0,12.4,-44,31.7,6.9,158,23.0,78,63.659818216848784,0,1018.8,234.03255688392647,1.6988923734969872,67,,
2018,4,28,9,0,13,-30,21,6.8,148,41.0,247,136.1010860788328,0,1018.9,247.5864907287746,1.960612175084476,60,,
2018,4,28,10,0,13.2,-13,45.7,6.7,157,50.0,138,201.4022066239479,0,1018.8,275.78579145498423,2.073060712809478,56,,
2018,4,28,11,0,13.5,4,56.1,6.5,250,60.0,1,249.1272504156881,0,1018.6,316.2285989507745,2.7696779370974056,55,,
2018,4,28,12,0,13.5,21,33.8,6.5,274,93.0,75,297.5415196866719,0,1018.5,341.55408967357425,3.228364381288014,58,,
2018,4,28,13,0,13.4,37,9.1,6.6,129,60.0,261,244.96332673612076,0,1018.4,357.0410531460604,3.6322840480580494,63,,
2018,4,28,14,0,13.3,50,1.5,6.7,54,13.0,241,119.59274058599487,0,1018.3,7.274048026649609,4.936211526527114,71,,
2018,4,28,15,0,12.9,62,3.5,6.8,39,6.0,94,61.41801580052018,0,1018.4,18.180184862337,5.677718759258725,80,,
2018,4,28,16,0,12.4,72,33.5,6.9,11,8.0,16,34.08726372781057,0,1018.8,30.38023989897676,5.60368028879468,91,,
2018,4,28,17,0,11.9,82,18.2,7.1,0,2.0,0,4.183214336007922,0,1019.2,34.87989285261807,6.704434069162299,102,,
2018,4,28,18,0,11.3,92,7.7,7,0,0.0,0,0.0,0,1019.5,37.97256158546708,6.739138589027468,113,,
2018,4,28,19,0,10.7,102,12.5,6.9,0,0.0,0,0.0,0,1019.8,37.71278508948325,4.53076369865926,124,,
2018,4,28,20,0,10.1,115,37.2,6.7,0,0.0,0,0.0,0,1020.1,35.537677791974374,3.763517304331149,135,,
2018,4,28,21,0,10,133,50.9,6.9,0,0.0,0,0.0,0,1020.2,36.55988613889389,7.02998571685409,144,,
2018,4,28,22,0,10.3,157,43.3,7.2,0,0.0,0,0.0,0,1020.4,43.51733379206689,6.838748519589113,150,,
2018,4,28,23,0,10.6,-173,39,7.5,0,0.0,0,0.0,0,1020.5,48.17983011986422,6.373774391990981,152,,
2018,4,29,0,0,10.7,-145,38.5,7.7,0,0.0,0,0.0,0,1020.5,47.126312770364166,6.73734510027831,148,,
2018,4,29,1,0,10.7,-124,13.8,7.8,0,0.0,0,0.0,0,1020.5,43.80827574325514,5.719030910117256,140,,
2018,4,29,2,0,10.6,-109,0,7.8,0,0.0,0,0.0,0,1020.4,36.633518506163,6.284623796232052,130,,
2018,4,29,3,0,10.5,-97,0,7.9,0,0.0,0,0.0,0,1020.7,32.62578230713217,7.495162675452358,119,,
2018,4,29,4,0,10.4,-87,0,7.9,0,0.0,0,0.0,0,1021.1,51.481675610629736,7.828386195806796,108,,
2018,4,29,5,0,10.3,-77,0,8,0,0.0,1,0.0,0,1021.5,68.33800191992486,7.508805450449353,96,,
2018,4,29,6,0,10.8,-67,1.5,8.1,25,0.0,40,0.0,0,1021.9,78.71763345097008,5.971104991143115,86,,
2018,4,29,7,0,11.8,-56,2.2,8.4,56,41.0,147,16.000000000000004,0,1022.2,79.68291033863517,5.824891704567709,76,,
2018,4,29,8,0,12.8,-44,0.8,8.7,65,112.0,293,104.43513889233196,0,1022.5,84.11541659515609,5.7198382994080585,67,,
2018,4,29,9,0,13.5,-30,0,8.5,68,513.0,413,300.99213583094536,0,1022.5,87.36423883419735,5.070061076415217,60,,
2018,4,29,10,0,13.9,-13,0,8,72,635.0,480,432.9439342559048,0,1022.2,74.1222429613261,5.113297505422097,56,,
2018,4,29,11,0,14.3,4,0,7.5,73,676.0,493,525.0812566717045,0,1021.9,63.04976925716244,5.74937950290023,55,,
2018,4,29,12,0,14.5,21,0,7.3,71,606.0,452,531.1905129808747,0,1021.6,54.23906529424414,6.7008644685028615,58,,
2018,4,29,13,0,14.5,37,1.6,7.3,79,563.0,343,498.1271097535858,0,1021.4,50.665885449628206,6.868460857216785,63,,
2018,4,29,14,0,14.5,50,2.3,7.3,69,417.0,215,380.56399093884943,0,1021.1,51.95295746817391,9.126926166568897,71,,
2018,4,29,15,0,14,62,2.8,7.5,41,173.0,87,196.9348856559605,0,1021.2,52.08944186558318,8.00092906325535,80,,
2018,4,29,16,0,13.2,72,1.1,7.8,11,38.0,14,58.74688578573697,0,1021.5,54.20144853441474,9.119318777547258,91,,
2018,4,29,17,0,12.3,82,0,8.1,0,6.0,0,4.52482583653098,0,1021.8,50.78137899474194,7.744543250297917,102,,
2018,4,29,18,0,11.4,91,0,8,0,0.0,0,0.0,0,1022.1,51.42672743613218,8.154140334768245,113,,
2018,4,29,19,0,10.4,102,0,7.6,0,0.0,0,0.0,0,1022.4,48.74522895705519,8.562954633017691,124,,
2018,4,29,20,0,9.4,115,0,7.2,0,0.0,0,0.0,0,1022.6,48.673944806108295,8.489089586764843,135,,
2018,4,29,21,0,9,133,0,6.9,0,0.0,0,0.0,0,1022.6,49.6033184243492,9.002009382711503,144,,
2018,4,29,22,0,9.2,157,0,6.7,0,0.0,0,0.0,0,1022.6,48.12064187340434,8.926822449705005,151,,
2018,4,29,23,0,9.4,-173,0,6.6,0,0.0,0,0.0,0,1022.5,46.88493262880888,8.476229813195467,152,,
2018,4,30,0,0,9.5,-145,0,6.5,0,0.0,0,0.0,0,1022.4,39.04805380499795,7.540018133760143,148,,
2018,4,30,1,0,9.5,-124,0,6.5,0,0.0,0,0.0,0,1022.3,27.57013718233219,7.967217989988726,140,,
2018,4,30,2,0,9.5,-108,0,6.5,0,0.0,0,0.0,0,1022.1,28.289029137488228,8.967765677663808,130,,
2018,4,30,3,0,9.6,-97,0,6.5,0,0.0,0,0.0,0,1022.2,30.541869747924807,9.143601153108063,119,,
2018,4,30,4,0,9.6,-87,0,6.6,0,0.0,0,0.0,0,1022.3,32.109136249212725,8.388903226315609,108,,
2018,4,30,5,0,9.7,-77,0,6.6,0,0.0,1,0.0,0,1022.4,29.816540794822345,8.716353986199971,97,,
2018,4,30,6,0,10.5,-67,0.7,7.1,23,0.0,40,0.0,0,1022.6,28.140022297738312,8.175327370443702,86,,
2018,4,30,7,0,11.9,-56,1.3,7.9,53,13.0,149,9.0,0,1022.9,23.76982399785038,8.993623279185122,76,,
2018,4,30,8,0,13.2,-44,0.5,8.8,65,229.0,290,117.86242344234536,0,1023.2,24.3532041848132,8.942418115772574,67,,
2018,4,30,9,0,14,-30,2.9,8.9,95,477.0,367,277.837916156259,0,1023,26.329567353817367,8.926004553073795,61,,
2018,4,30,10,0,14.3,-13,18.5,8.5,235,450.0,208,373.9963424366273,0,1022.6,20.28340532832175,7.75246359907312,57,,
2018,4,30,11,0,14.6,4,9.6,8,155,146.0,352,299.93408512431165,0,1022.2,11.525901995607114,7.507097450367006,56,,
2018,4,30,12,0,14.6,21,0,7.9,72,343.0,446,420.4344370893444,0,1021.9,359.36895007761194,7.625462502382668,58,,
2018,4,30,13,0,14.6,37,0.8,8,75,414.0,344,433.5972803657102,0,1021.6,352.68794671007936,7.8571093385928945,64,,
2018,4,30,14,0,14.5,50,1.9,8.2,68,400.0,212,371.2087000998071,0,1021.3,354.57940471623766,8.600962882142905,71,,
2018,4,30,15,0,14.1,61,2.4,8.4,43,164.0,80,191.61484970684285,0,1021.2,359.6287926927766,9.646930978511897,81,,
2018,4,30,16,0,13.4,72,0.9,8.6,11,34.0,13,54.57320997868693,0,1021.3,5.377622651892807,10.003256413610426,91,,
2018,4,30,17,0,12.6,81,0,8.7,0,8.0,0,5.6673062744003,0,1021.4,19.006893526748343,9.211441870704911,102,,
2018,4,30,18,0,12.1,91,0,8.9,0,0.0,0,0.0,0,1021.5,23.246818759016094,9.026006110081504,113,,
2018,4,30,19,0,11.6,102,0,9.1,0,0.0,0,0.0,0,1021.5,22.133646590191915,8.568968397121624,125,,
2018,4,30,20,0,11.2,115,0,9.3,0,0.0,0,0.0,0,1021.4,20.5544797611272,8.366613259721293,135,,
2018,4,30,21,0,11.1,132,0,9.5,0,0.0,0,0.0,0,1021.2,15.776260462576545,7.815903799521149,145,,
2018,4,30,22,0,11.3,157,0,9.6,0,0.0,0,0.0,0,1020.9,11.831181530839444,7.620882767533834,151,,
2018,4,30,23,0,11.5,-172,0,9.7,0,0.0,0,0.0,0,1020.6,15.210858709990418,7.622762762234359,153,,
2018,5,1,0,0,11.6,-144,0,9.8,0,0.0,0,0.0,0,1020.2,15.444073384606668,6.960315475329641,148,,
2018,5,1,1,0,11.5,-123,0,9.8,0,0.0,0,0.0,0,1019.7,5.767888897914133,6.218985548302874,140,,
2018,5,1,2,0,11.4,-108,0,9.9,0,0.0,0,0.0,0,1019.2,1.7124082702941903,6.274530645690064,130,,
2018,5,1,3,0,11.4,-96,0,9.9,0,0.0,0,0.0,0,1019,4.334942899911709,5.788042686510626,119,,
2018,5,1,4,0,11.3,-86,0,9.9,0,0.0,0,0.0,0,1018.9,355.1708360939064,5.939296576090465,108,,
2018,5,1,5,0,11.2,-77,0,10,0,0.0,1,0.0,0,1018.8,352.12993721972583,4.564476525667444,97,,
2018,5,1,6,0,12,-67,1,10.5,24,0.0,36,0.0,0,1018.7,337.84537088198863,5.691969493468224,86,,
2018,5,1,7,0,13.3,-56,16.4,11.4,111,178.0,46,16.00000000000001,0,1018.5,330.1147741472148,5.142854062336801,76,,
2018,5,1,8,0,14.8,-44,9.1,12.3,103,391.0,223,136.19023712390222,0,1018.3,327.6185248359852,5.058286355594936,68,,
2018,5,1,9,0,15.6,-29,6.6,12.4,142,565.0000000000001,292,294.19253755665426,0,1017.8,321.09586154459583,4.577885019307497,61,,
2018,5,1,10,0,16,-13,16.2,11.9,236,693.0000000000001,213,441.1500511375467,0,1017,313.24534872667124,4.775382543139649,57,,
2018,5,1,11,0,16.3,4,33.7,11.3,300,604.0,66,490.7335382355768,0,1016.1,308.24303008855696,4.376793963608025,56,,
2018,5,1,12,0,16.4,21,30.4,11.2,284,467.0,67,467.6854404123628,0,1015.5,310.1349040567611,4.687833958491427,58,,
2018,5,1,13,0,16.3,36,11.2,11.5,159,615.0,203,509.8111616572533,0,1015,290.6246392861188,4.320095850115184,64,,
2018,5,1,14,0,16.2,50,4.3,11.7,83,620.0,182,448.9989605829572,0,1014.5,292.516137878197,4.626603885866197,72,,
2018,5,1,15,0,15.8,61,4.7,11.9,48,446.0,67,290.7530810394188,0,1014.2,285.3470900118674,5.122359467845838,81,,
2018,5,1,16,0,15.2,71,2.4,11.9,12,229.0,10,119.7648187533794,0,1014,276.9333017106246,5.375736674015999,91,,
2018,5,1,17,0,14.6,81,32.9,12,0,26.0,0,7.065332695212113,0,1013.9,272.5974310329583,5.570420300268538,102,,
2018,5,1,18,0,14.3,91,51,12,0,0.0,0,0.0,0,1013.5,263.0989782906663,5.484066908352729,114,,
2018,5,1,19,0,14.2,101,51,11.9,0,0.0,0,0.0,0,1012.9,260.31804415493554,6.449777677127302,125,,
2018,5,1,20,0,14.1,114,51,11.8,0,0.0,0,0.0,0,1012.4,256.6195182609418,7.388050336558117,135,,
2018,5,1,21,0,14.2,132,51.5,11.9,0,0.0,0,0.0,0,1011.7,253.00290735744028,8.061096364936805,145,,
2018,5,1,22,0,14.6,157,51.9,12,0,0.0,0,0.0,0,1010.9,253.18652448265388,9.301175832889754,151,,
2018,5,1,23,0,15,-172,51.9,12.1,0,0.0,0,0.0,0,1010.1,249.9380653574352,9.03582112413664,153,,
2018,5,2,0,0,15.2,-144,51.9,12.1,0,0.0,0,0.0,0,1009.5,241.80211957175192,11.345773379830216,149,,
2018,5,2,1,0,15.4,-123,51.3,12.1,0,0.0,0,0.0,0,1008.9,237.7003390533717,10.626463634994137,141,,
2018,5,2,2,0,15.6,-108,50.9,12,0,0.0,0,0.0,0,1008.4,246.3932400583784,9.773985922815571,130,,
2018,5,2,3,0,15.7,-96,49,12.1,0,0.0,0,0.0,0,1008.1,265.5893633317297,9.980974746687634,119,,
2018,5,2,4,0,15.6,-86,40.2,12.2,0,0.0,0,0.0,0,1008,281.82172883363125,10.591842974844358,108,,
2018,5,2,5,0,15.5,-76,55.2,12.3,0,0.0,0,0.0,0,1007.9,288.99886622371935,11.272259246838116,97,,
2018,5,2,6,0,15.4,-67,72.9,12.5,12,0.0,0,0.0,0,1007.7,290.44597706506454,11.572293335442826,86,,
2018,5,2,7,0,15.3,-56,76.1,12.9,41,12.0,0,9.0,0,1007.5,290.8636418811867,10.70901925058511,76,,
2018,5,2,8,0,15.2,-43,83.4,13.3,47,39.0,0,66.67183367788465,0,1007.2,288.81892789780585,10.46030206438346,68,,
2018,5,2,9,0,15.1,-29,92.2,13.5,31,72.0,0,145.9315073628579,0,1006.7,290.198660767292,9.835590980613,61,,
2018,5,2,10,0,14.9,-13,97.5,13.6,18,43.0,0,190.57777436104715,0,1005.9,286.02213209162784,10.491526116312697,57,,
2018,5,2,11,0,14.7,4,98.3,13.7,15,46.0,0,227.8538958297559,0,1005.1,275.34727495785626,12.063975293363434,56,,
2018,5,2,12,0,14.6,21,97.9,13.6,14,45.0,0,236.11754648084548,0,1004.5,282.78405267206267,11.870678491788722,59,,
2018,5,2,13,0,14.5,36,97.4,13.3,12,29.0,0,190.89569378913,0,1004.1,288.0146668774852,11.9986033471269,64,,
2018,5,2,14,0,14.5,50,68.1,13.1,66,19.0,0,137.2934403455367,0,1003.7,292.0344214309286,11.114293384553733,72,,
2018,5,2,15,0,14.3,61,64.1,12.8,44,22.0,0,100.47513167329618,0,1003.7,281.65575384762815,11.859544486441791,81,,
2018,5,2,16,0,14.1,71,25.7,12.5,5,12.0,0,38.9241900470501,0,1003.9,286.6474270685256,10.98916697805708,91,,
2018,5,2,17,0,13.8,81,0,12.2,0,2.0,0,3.1510818645112955,0,1004.2,287.98078318519003,10.470355423197612,102,,
2018,5,2,18,0,13.4,91,0,11.9,0,0.0,0,0.0,0,1004.5,285.75907144258343,9.52856759018983,114,,
2018,5,2,19,0,13,101,0,11.7,0,0.0,0,0.0,0,1004.9,273.0694467700268,9.770853535008373,125,,
2018,5,2,20,0,12.5,114,0,11.4,0,0.0,0,0.0,0,1005.2,281.1865630622499,10.651342881411832,136,,
2018,5,2,21,0,12.3,132,0,11.2,0,0.0,0,0.0,0,1005.4,286.3196717016971,11.366158465708342,145,,
2018,5,2,22,0,12.4,157,0,11.1,0,0.0,0,0.0,0,1005.5,283.8435668913006,12.202346566901678,152,,
2018,5,2,23,0,12.5,-172,0,10.9,0,0.0,0,0.0,0,1005.5,270.57426896170506,12.61782127654616,153,,
2018,5,3,0,0,12.5,-144,0,10.8,0,0.0,0,0.0,0,1005.6,267.34649598972965,13.515957013500849,149,,
2018,5,3,1,0,12.5,-122,0,10.7,0,0.0,0,0.0,0,1005.8,263.3432861616261,13.15263319929102,141,,
2018,5,3,2,0,12.5,-107,0,10.7,0,0.0,0,0.0,0,1006,268.25577663863294,13.130351333515344,131,,
2018,5,3,3,0,12.5,-96,0,10.6,0,0.0,0,0.0,0,1006.3,271.2990708160588,12.793327240325391,120,,
2018,5,3,4,0,12.5,-86,0,10.5,0,0.0,0,0.0,0,1006.8,271.7971738533945,13.234048778562222,108,,
2018,5,3,5,0,12.5,-76,0,10.4,0,0.0,1,0.0,0,1007.2,270.16290602390984,13.309379968689283,97,,
2018,5,3,6,0,12.9,-66,0,10.6,20,0.0,38,0.0,0,1007.6,269.5439113359024,13.372249839701412,86,,
2018,5,3,7,0,13.6,-56,0.7,11,43,7.0,146,9.0,0,1007.9,269.5861364682623,12.708583491891028,77,,
2018,5,3,8,0,14.3,-43,35.5,11.4,131,14.0,71,51.98886107967752,0,1008.2,264.00423355337904,13.0513765073165,68,,
2018,5,3,9,0,14.7,-29,64.4,11.4,159,11.0,0,87.31020175653182,0,1008.3,270.6929050971742,13.082011311955265,61,,
2018,5,3,10,0,14.8,-13,76.8,11,121,6.0,0,98.5686515850129,0,1008.1,272.16596198227927,13.720496031803586,57,,
2018,5,3,11,0,14.8,4,68.7,10.6,168,7.0,0,121.6009655683566,0,1007.9,272.6075098661719,14.891883670812206,57,,
2018,5,3,12,0,14.8,21,43.9,10.5,260,10.0,16,148.53882584443838,0,1007.8,284.1306197991558,14.23542755163197,59,,
2018,5,3,13,0,14.7,36,37.3,10.5,247,7.0,9,117.80636971523724,0,1007.8,279.90757109018807,13.68703033129186,64,,
2018,5,3,14,0,14.6,49,45.2,10.6,150,6.0,0,88.90861402584247,0,1007.8,284.1468052259629,10.1569087621813,72,,
2018,5,3,15,0,14.2,61,24.2,10.6,62,4.0,10,51.523807669660016,0,1008,274.5957640442026,7.251831678323406,81,,
2018,5,3,16,0,13.6,71,3.7,10.7,13,5.0,6,28.197783164417164,0,1008.2,255.64787200946665,11.610148389990869,92,,
2018,5,3,17,0,13,81,0,10.8,0,0.0,0,1.0,0,1008.5,291.2880562332034,16.915683635171,103,,
2018,5,3,18,0,12.4,90,0,10.6,0,0.0,0,0.0,0,1008.6,295.1387473105337,16.006056373226414,114,,
2018,5,3,19,0,11.6,101,0,10.3,0,0.0,0,0.0,0,1008.6,254.98113326816025,13.673121004274478,125,,
2018,5,3,20,0,10.9,114,0,9.9,0,0.0,0,0.0,0,1008.5,268.6226727890519,19.70466768818692,136,,
2018,5,3,21,0,10.7,132,0,9.7,0,0.0,0,0.0,0,1008.4,339.5134085964031,9.876868499761445,145,,
2018,5,3,22,0,10.9,157,0,9.7,0,0.0,0,0.0,0,1008.1,295.20123000087216,7.000286236939329,152,,
2018,5,3,23,0,11.1,-172,0,9.6,0,0.0,0,0.0,0,1007.8,288.7848169284227,7.9652897671076515,153,,
2018,5,4,0,0,11.2,-143,0.6,9.6,0,0.0,0,0.0,0,1007.4,290.92077109714427,7.828599759322586,149,,
2018,5,4,1,0,11.2,-122,33.6,9.6,0,0.0,0,0.0,0,1007,293.002174341726,10.931677399246825,141,,
2018,5,4,2,0,11.2,-107,52,9.6,0,0.0,0,0.0,0,1006.5,298.4732203628972,11.23384553778477,131,,
2018,5,4,3,0,11.3,-95,51.4,9.6,0,0.0,0,0.0,0,1006.2,303.43813159696447,11.534110774050022,120,,
2018,5,4,4,0,11.4,-85,18.4,9.4,0,0.0,0,0.0,0,1005.9,312.15512605215883,10.960024504046824,108,,
2018,5,4,5,0,11.5,-76,0.6,9.3,1,0.0,0,0.0,0,1005.7,324.5295064205292,10.77059520880015,97,,
2018,5,4,6,0,12,-66,31.5,9.5,28,0.0,0,0.0,0,1005.4,323.23866422479733,11.209981060101404,87,,
2018,5,4,7,0,12.9,-55,45.5,10,102,6.0,0,8.0,0,1005,327.90174312756346,14.783806749081585,77,,
2018,5,4,8,0,13.8,-43,47.9,10.5,169,9.0,0,46.24843641844052,0,1004.7,329.95368979268966,15.190165166167226,68,,
2018,5,4,9,0,14.3,-29,57.1,10.7,185,12.0,2,93.56731876869571,0,1003.9,343.2857434828276,15.79704876586246,62,,
2018,5,4,10,0,14.6,-13,35.4,10.7,237,71.0,95,202.1186850787909,0,1002.9,348.8868122410427,16.64861519842668,58,,
2018,5,4,11,0,14.9,4,34.3,10.6,288,178.0,53,316.8372616949527,0,1001.9,20.97586345503765,18.278426009288992,57,,
2018,5,4,12,0,15,21,53.5,10.7,224,163.0,0,323.59171956416264,0,1000.9,20.10054905608297,19.03930445076314,59,,
2018,5,4,13,0,15,36,59.2,10.9,156,149.0,0,296.3794966616417,0,1000.1,16.330597394385336,20.825552826615503,65,,
2018,5,4,14,0,14.9,49,60.7,11.1,99,275.0,0,312.1293502201962,0,999.2,14.427146979198769,20.82971190082797,72,,
2018,5,4,15,0,14.8,61,42.4,11.3,49,161.0,0,184.65493048333207,0,998.5,13.142294482519048,19.431801676717825,82,,
2018,5,4,16,0,14.6,71,11.3,11.4,12,40.0,0,55.42021088294059,0,997.9,8.51730318490462,18.2905908179864,92,,
2018,5,4,17,0,14.5,80,0,11.5,0,3.0,0,3.204007784820337,0,997.2,3.036968511953205,17.695262115608887,103,,
2018,5,4,18,0,14.6,90,0,11.6,0,0.0,0,0.0,0,996.4,2.268113862058158,17.371763780460522,114,,
2018,5,4,19,0,14.9,101,0,11.8,0,0.0,0,0.0,0,995.4,0.2048240783237247,17.483266011198786,125,,
2018,5,4,20,0,15.2,114,0,11.9,0,0.0,0,0.0,0,994.4,355.3483121609739,16.954772707417693,136,,
2018,5,4,21,0,15.5,131,0,11.8,0,0.0,0,0.0,0,993.4,353.9207979361867,18.2950216099006,146,,
2018,5,4,22,0,15.6,157,0,11.4,0,0.0,0,0.0,0,992.4,9.48586211184312,19.73369993050411,152,,
2018,5,4,23,0,15.8,-172,0,11,0,0.0,0,0.0,0,991.4,16.961486552168424,19.21549204992686,154,,
2018,5,5,0,0,15.8,-143,1.2,10.8,0,0.0,0,0.0,0,990.1,16.946940071577615,18.299283164803093,149,,
2018,5,5,1,0,15.7,-122,63.7,10.7,0,0.0,0,0.0,0,988.7,16.311901202831052,17.955935043323905,141,,
2018,5,5,2,0,15.6,-107,98.2,10.5,0,0.0,0,0.0,0,987.2,16.53898911264605,17.71613744955796,131,,
2018,5,5,3,0,15.1,-95,96,10.7,0,0.0,0,0.0,0,986.3,15.656139219042188,17.53002698647619,120,,
2018,5,5,4,0,14.3,-85,56.1,11.2,0,0.0,0,0.0,0,985.6,16.643429258384117,16.659357013739196,109,,
2018,5,5,5,0,13.5,-76,13.3,11.7,0,0.0,0,0.0,0,985,14.579470147768689,15.97585752839175,98,,
2018,5,5,6,0,12.9,-66,48,11.5,11,0.0,0,0.0,0,984.4,9.568970078461518,14.792241927051112,87,,
2018,5,5,7,0,12.4,-55,76.6,11,35,56.0,2,12.000000000000004,0,983.9,359.2819938119042,14.96260063150294,77,,
2018,5,5,8,0,12,-43,31.2,10.4,113,146.0,104,96.76752283750145,0,983.3,352.41731035412585,15.156462182201638,69,,
2018,5,5,9,0,11.7,-29,53.2,10,106,263.0,62,217.2307975762213,0,982.7,352.4351036155704,17.090891222433147,62,,
2018,5,5,10,0,11.5,-13,32.1,9.6,144,463.0,186,357.6164229867642,0,982.1,354.1878406999099,17.280976017371817,58,,
2018,5,5,11,0,11.3,4,55,9.3,118,548.0,104,454.4300351363137,0,981.4,355.5092606110532,16.762887814819592,57,,
2018,5,5,12,0,11.3,21,67,9.1,151,630.0,0,513.6330339110943,0,980.7,355.99060979830807,16.983704514240774,60,,
2018,5,5,13,0,11.3,36,82.1,9,76,572.0000000000001,0,475.1385662128769,0,980,350.9933753961409,17.30442372588198,65,,
2018,5,5,14,0,11.4,49,90.6,8.9,14,388.0,0,346.7789851267405,0,979.3,349.6625363735694,17.414757902517263,73,,
2018,5,5,15,0,11.4,61,53.9,9.1,16,393.0,0,259.4299763659583,0,979.7,346.1961260462035,17.81230385655611,82,,
2018,5,5,16,0,11.4,71,45.9,9.4,6,210.0,0,104.62128966519948,0,981,348.3774879114997,17.789808055816245,92,,
2018,5,5,17,0,11.4,80,57.3,9.8,0,12.0,0,3.772351968689493,0,982.4,349.5898538955015,18.796956343565977,103,,
2018,5,5,18,0,11.2,90,55,9.6,0,0.0,0,0.0,0,983.9,351.9349000449345,17.681720532466702,114,,
2018,5,5,19,0,11,100,51.4,9.1,0,0.0,0,0.0,0,985.5,357.7052411108388,18.731085622929847,126,,
2018,5,5,20,0,10.8,113,51.6,8.4,0,0.0,0,0.0,0,987.2,358.6948105372913,18.264015936157804,136,,
2018,5,5,21,0,10.6,131,52,8.2,0,0.0,0,0.0,0,988.4,358.1811961584722,17.72279596977828,146,,
2018,5,5,22,0,10.4,157,52,8.3,0,0.0,0,0.0,0,989.4,358.630323985962,18.30308110819825,153,,
2018,5,5,23,0,10.3,-172,52,8.4,0,0.0,0,0.0,0,990.3,0.2719465774249556,17.694535248046165,154,,
2018,5,6,0,0,10.1,-143,51,8.4,0,0.0,0,0.0,0,990.9,2.9142217492212694,17.633155315752916,150,,
2018,5,6,1,0,10,-121,26,8.2,0,0.0,0,0.0,0,991.3,4.982926829476526,17.04733844445292,141,,
2018,5,6,2,0,9.8,-106,12.2,7.9,0,0.0,0,0.0,0,991.8,6.52925569626143,16.128536701472722,131,,
2018,5,6,3,0,9.9,-95,12.1,7.8,0,0.0,0,0.0,0,992.1,359.5411416871438,15.60841069569775,120,,
2018,5,6,4,0,10.1,-85,4.3,7.6,0,0.0,0,0.0,0,992.3,2.1692637899236047,17.079378340329903,109,,
2018,5,6,5,0,10.3,-75,0.8,7.4,0,0.0,0,0.0,0,992.6,7.048209160449119,15.789975058313642,98,,
2018,5,6,6,0,10.6,-66,42.2,7.6,13,0.0,1,0.0,0,992.8,7.471185042627667,14.585249007515138,87,,
2018,5,6,7,0,11,-55,27.3,8.1,78,42.0,45,11.000000000000002,0,992.9,3.863731695640524,13.304164381153464,77,,
2018,5,6,8,0,11.5,-43,54.1,8.7,80,117.0,25,85.45563995278242,0,993,356.4333752475345,12.401461361711414,69,,
2018,5,6,9,0,11.5,-29,77.5,8.6,98,165.0,0,179.85976302131158,0,993.3,347.9850040645015,12.910264626190935,62,,
2018,5,6,10,0,11.2,-13,67.6,8.2,167,100.0,0,226.6503498313721,0,993.6,346.26579638084763,14.478677958421455,58,,
2018,5,6,11,0,10.9,4,54.4,7.8,237,177.0,0,316.89615145513136,0,994,353.55707964276513,13.924370170677008,57,,
2018,5,6,12,0,10.5,21,39.7,7.3,282,259.0,0,377.1980391060093,0,994.5,356.3001022837791,12.59094014070452,60,,
2018,5,6,13,0,10,36,43.2,7,216,142.0,0,293.40368433655306,0,995,355.22872495296906,12.02237419845132,65,,
2018,5,6,14,0,9.6,49,46.9,6.6,127,29.0,0,144.68983636436923,0,995.5,350.8212380452862,12.537984517662796,73,,
2018,5,6,15,0,9.3,60,38.2,6.3,57,20.0,0,87.37047411985792,0,996,356.3666344672063,12.821180808204277,82,,
2018,5,6,16,0,9.2,70,12.2,6.1,11,152.0,0,92.60008851041816,0,996.6,352.6583078089668,12.22744126010763,92,,
2018,5,6,17,0,9.1,80,0,5.9,0,12.0,0,3.729729405171055,0,997.2,350.62050434943853,12.271979805712764,103,,
2018,5,6,18,0,9,90,0,5.5,0,0.0,0,0.0,0,997.6,348.6922191568892,11.474948509886165,115,,
2018,5,6,19,0,8.8,100,0,5.1,0,0.0,0,0.0,0,997.9,342.3537872060279,10.998217787826226,126,,
2018,5,6,20,0,8.7,113,0,4.7,0,0.0,0,0.0,0,998.2,342.03604759103337,10.537627250382718,137,,
2018,5,6,21,0,8.7,131,0,4.8,0,0.0,0,0.0,0,998.4,334.53051044731217,9.787643743850396,146,,
2018,5,6,22,0,8.8,156,0,5.2,0,0.0,0,0.0,0,998.5,327.3074202803708,10.031287867632066,153,,
2018,5,6,23,0,8.9,-172,0,5.6,0,0.0,0,0.0,0,998.7,317.3711182501618,9.69321071826672,154,,
2018,5,7,0,0,8.9,-142,0,5.7,0,0.0,0,0.0,0,998.8,306.0211823781607,9.302583073729748,150,,
2018,5,7,1,0,8.9,-121,0,5.7,0,0.0,0,0.0,0,998.9,300.02705352949323,11.000282232500227,142,,
2018,5,7,2,0,8.9,-106,0,5.6,0,0.0,0,0.0,0,999.1,293.2576090662956,12.728684374334687,131,,
2018,5,7,3,0,8.8,-95,0,5.5,0,0.0,0,0.0,0,999.4,288.9569795820139,13.4223258283615,120,,
2018,5,7,4,0,8.7,-85,0,5.5,0,0.0,0,0.0,0,999.9,288.006020196592,13.241791125641516,109,,
2018,5,7,5,0,8.6,-75,0.8,5.5,0,0.0,0,0.0,0,1000.4,291.9087793108885,13.257518895438071,98,,
2018,5,7,6,0,8.7,-65,38.2,5.5,15,0.0,1,0.0,0,1000.8,294.17724298746043,13.551223395780417,87,,
2018,5,7,7,0,9.1,-55,24,5.5,74,13.0,55,9.0,0,1001.1,286.8864088683251,14.381571822397277,77,,
2018,5,7,8,0,9.4,-43,31.8,5.6,154,9.0,31,38.15949807972306,0,1001.5,291.2041910344284,15.810395990397476,69,,
2018,5,7,9,0,9.5,-28,44.8,5.6,227,6.0,5,60.71897650786404,0,1001.7,289.4105604453852,16.953609317242815,62,,
2018,5,7,10,0,9.6,-13,16.5,5.6,158,7.0,257,92.8889399255762,0,1001.7,284.8206165974433,17.703976579538818,59,,
2018,5,7,11,0,9.6,4,41.8,5.6,151,11.0,143,129.48086578008366,0,1001.8,286.41626825222613,18.75454222815072,58,,
2018,5,7,12,0,9.5,21,66.7,5.7,153,15.0,0,152.05818286173945,0,1001.9,287.6405957531043,19.140027227604094,60,,
2018,5,7,13,0,9.4,36,69.7,5.7,109,11.0,0,124.7956307660282,0,1002.2,284.5022768829485,19.91783124386593,66,,
2018,5,7,14,0,9.2,49,63.6,5.8,77,9.0,0,93.21162899308288,0,1002.4,286.2755307681717,20.48118237334964,73,,
2018,5,7,15,0,9.2,60,73.7,6,28,14.0,0,76.10335515769302,0,1002.7,291.68117073743804,21.51685999011008,82,,
2018,5,7,16,0,9.2,70,67.1,6.2,2,15.0,0,37.357199287579846,0,1003,302.12301040211145,21.34111996723413,93,,
2018,5,7,17,0,9.2,80,64,6.4,0,2.0,0,2.11469658673704,0,1003.3,310.6350844420926,22.00208017961886,103,,
2018,5,7,18,0,9.3,89,78.2,6.7,0,0.0,0,0.0,0,1003.5,323.8212132058282,22.034024783499845,115,,
2018,5,7,19,0,9.6,100,63.8,7.1,0,0.0,0,0.0,0,1003.4,336.99533429404863,21.017131891787493,126,,
2018,5,7,20,0,9.8,113,52,7.4,0,0.0,0,0.0,0,1003.4,21.181228477615434,18.86060631532113,137,,
2018,5,7,21,0,10.1,130,51.4,7.8,0,0.0,0,0.0,0,1003.2,33.23579403247504,17.490737175117438,146,,
2018,5,7,22,0,10.5,156,18.4,8.1,0,0.0,0,0.0,0,1003,39.66964553150393,15.864395483845568,153,,
2018,5,7,23,0,10.9,-172,0,8.5,0,0.0,0,0.0,0,1002.8,42.60980391950085,15.204111953252545,155,,
2018,5,8,0,0,11.2,-142,0.6,8.7,0,0.0,0,0.0,0,1002.6,41.88501299250373,13.825928253859818,150,,
2018,5,8,1,0,11.4,-121,33.5,8.8,0,0.0,0,0.0,0,1002.4,35.78520276856432,11.687055204464777,142,,
2018,5,8,2,0,11.6,-106,49.3,9,0,0.0,0,0.0,0,1002.1,34.08545140163318,11.598263669063542,131,,
2018,5,8,3,0,11.7,-94,48.4,9.1,0,0.0,0,0.0,0,1002,30.85487103893132,11.698979663475622,120,,
2018,5,8,4,0,11.8,-84,51.4,9.1,0,0.0,0,0.0,0,1001.9,28.915151600140803,11.116537156856696,109,,
2018,5,8,5,0,11.9,-75,44.5,9.1,0,0.0,0,0.0,0,1001.8,24.74532576054645,10.256474154136525,98,,
2018,5,8,6,0,12.1,-65,35.1,9.3,26,0.0,1,0.0,0,1001.7,21.53101004745577,9.654406331418272,87,,
2018,5,8,7,0,12.4,-55,15.5,9.6,77,80.0,61,12.000000000000004,0,1001.5,17.26813203010778,8.70486252046775,78,,
2018,5,8,8,0,12.8,-42,32.6,9.9,152,309.0,34,115.80929202240569,0,1001.4,16.871432384327193,7.96795339155545,69,,
2018,5,8,9,0,12.9,-28,60.3,10.2,157,480.0,6,263.82351164520264,0,1001,10.587897003340402,7.143101502734589,63,,
2018,5,8,10,0,12.9,-12,25,10.4,100,634.0,279,399.27200745963154,0,1000.5,0.0,6.333984375,59,,
2018,5,8,11,0,12.9,4,31.9,10.7,190,672.0,156,488.1887218799411,0,999.9,347.87467702590726,6.648320736067052,58,,
2018,5,8,12,0,12.8,21,42.9,10.8,261,680.0,1,523.5572521942156,0,999.4,340.01689347810003,8.046981188619743,60,,
2018,5,8,13,0,12.7,36,29.1,10.8,222,649.0,32,496.2973265307564,0,999,336.23960281476207,8.173513106060435,66,,
2018,5,8,14,0,12.5,49,10.5,10.8,116,585.0,87,411.3947543740431,0,998.6,335.12740309894764,8.521083604654967,73,,
2018,5,8,15,0,12.3,60,22.8,10.8,41,402.0,39,254.9620025078337,0,998.4,336.2014256821743,9.245364554837126,83,,
2018,5,8,16,0,12.1,70,39.5,10.8,9,156.0,0,86.33165974215152,0,998.2,335.6348412573588,9.241291280004376,93,,
2018,5,8,17,0,11.9,80,48,10.7,0,8.0,0,2.431811545949973,0,998.1,341.4081971071332,9.673008179106777,104,,
2018,5,8,18,0,11.9,89,51.3,10.6,0,0.0,0,0.0,0,997.9,340.3634151937852,10.043057821524982,115,,
2018,5,8,19,0,12.1,100,52.1,10.4,0,0.0,0,0.0,0,997.7,333.8947306102872,9.374536429706,126,,
2018,5,8,20,0,12.3,112,52.2,10.2,0,0.0,0,0.0,0,997.5,321.43725194454544,8.822991382473177,137,,
2018,5,8,21,0,12.3,130,52,10.3,0,0.0,0,0.0,0,997.3,318.9513616546383,9.422118229676078,147,,
2018,5,8,22,0,12.2,156,52,10.5,0,0.0,0,0.0,0,997.2,316.50285583609684,10.16971186887539,153,,
2018,5,8,23,0,12.1,-171,52,10.8,0,0.0,0,0.0,0,997.2,316.964590219991,11.204457354093716,155,,
2018,5,9,0,0,12,-142,52,10.8,0,0.0,0,0.0,0,997.1,314.02963402925286,11.243678078307427,150,,
2018,5,9,1,0,11.9,-120,52,10.7,0,0.0,0,0.0,0,997,309.61111055103777,11.439017025862784,142,,
2018,5,9,2,0,11.8,-106,52,10.6,0,0.0,0,0.0,0,996.9,309.8617342301467,11.671523738717974,132,,
2018,5,9,3,0,11.7,-94,52,10.5,0,0.0,0,0.0,0,996.9,309.23922934709253,12.023706783875731,121,,
2018,5,9,4,0,11.6,-84,52,10.5,0,0.0,0,0.0,0,996.9,309.27520331456424,12.542056062056462,109,,
2018,5,9,5,0,11.6,-75,51.5,10.5,1,0.0,0,0.0,0,996.8,309.4441122532457,13.219883367410624,98,,
2018,5,9,6,0,11.9,-65,26.3,10.5,29,0.0,7,0.0,0,996.8,310.83542964399203,13.576009080679384,88,,
2018,5,9,7,0,12.4,-54,10.2,10.7,79,4.0,63,5.0,0,996.6,310.60897357386125,13.830905656281676,78,,
2018,5,9,8,0,12.9,-42,7.9,10.9,111,10.0,164,34.223908778111834,0,996.5,313.99555109588346,14.161229762984558,69,,
2018,5,9,9,0,13.2,-28,51,11.2,112,12.0,73,70.3536356092053,0,996,316.5788694840752,14.54851401465322,63,,
2018,5,9,10,0,13.2,-12,73.9,11.6,122,17.0,4,134.88886598018067,0,995.3,323.70661446047313,15.38334709273116,59,,
2018,5,9,11,0,13.1,4,32.3,11.9,150,9.0,184,127.41399465932096,0,994.5,327.8571959349742,16.29267492145974,58,,
2018,5,9,12,0,13,21,55.2,12,110,3.0,103,83.58756382946297,0,993.8,328.9989107468861,16.386031746359116,61,,
2018,5,9,13,0,12.9,35,74.5,11.9,88,3.0,0,69.55636352130678,0,993.2,346.77978863423255,17.037960872168178,66,,
2018,5,9,14,0,12.7,48,41.9,11.7,110,3.0,8,60.37987056840112,0,992.5,45.415577263179614,10.091728834805467,74,,
2018,5,9,15,0,12.6,60,46.9,11.5,52,2.0,4,33.713510514911924,0,992,34.77892892133025,8.141993552214764,83,,
2018,5,9,16,0,12.5,70,75.8,11.4,5,3.0,0,17.649253510068903,0,991.6,23.68944784262817,7.053587771822739,93,,
2018,5,9,17,0,12.4,79,85,11.3,0,0.0,0,1.0,0,991.2,18.1483453385344,6.0964936413318425,104,,
2018,5,9,18,0,12.4,89,84.1,11.1,0,0.0,0,0.0,0,990.7,19.62712450016852,7.013189432521132,115,,
2018,5,9,19,0,12.4,99,93.6,11,0,0.0,0,0.0,0,990.1,5.9783284762018525,8.401159624255842,126,,
2018,5,9,20,0,12.4,112,99.6,10.8,0,0.0,0,0.0,0,989.5,3.031385568869041,7.86672066493885,137,,
2018,5,9,21,0,12.4,130,99.2,10.9,0,0.0,0,0.0,0,988.8,3.949900573002992,8.165881086699654,147,,
2018,5,9,22,0,12.2,156,98.3,11,0,0.0,0,0.0,0,988,359.5355037458559,7.709481860418743,154,,
2018,5,9,23,0,12,-171,98,11.2,0,0.0,0,0.0,0,987.1,356.0008843497696,7.477435121863799,155,,
2018,5,10,0,0,11.8,-142,98,11.1,0,0.0,0,0.0,0,986.6,348.27488798483495,6.766184301362179,151,,
2018,5,10,1,0,11.5,-120,97.9,10.8,0,0.0,0,0.0,0,986.3,334.7530608624023,7.670170549985778,142,,
2018,5,10,2,0,11.3,-105,91.2,10.4,0,0.0,0,0.0,0,986,335.3016233303348,6.8344432745420045,132,,
2018,5,10,3,0,10.9,-94,86.1,9.9,0,0.0,0,0.0,0,986,348.0434157568509,5.430311340061452,121,,
2018,5,10,4,0,10.5,-84,63.5,9.3,0,0.0,0,0.0,0,986.3,7.206057001383272,5.480790317098438,109,,
2018,5,10,5,0,10.2,-75,50.7,8.7,0,0.0,0,0.0,0,986.6,36.40877456777236,6.212701203985268,98,,
2018,5,10,6,0,10.2,-65,41.3,8.4,24,0.0,0,0.0,0,986.8,45.80723260095914,7.352154277208085,88,,
2018,5,10,7,0,10.6,-54,33,8.4,100,9.0,0,7.000000000000001,0,987,53.42190200400984,7.938530686060585,78,,
2018,5,10,8,0,10.9,-42,58.3,8.4,107,52.0,0,71.19933734078313,0,987.2,63.84423308168323,7.520062268816045,70,,
2018,5,10,9,0,11,-28,59.2,8.5,172,86.0,2,157.73683398971644,0,987.3,86.99528863172907,6.0082599884967305,63,,
2018,5,10,10,0,10.9,-12,31.7,8.6,248,146.0,85,245.62640007115476,0,987.2,118.69577017792405,3.729540524665174,59,,
2018,5,10,11,0,10.8,4,25,8.7,283,146.0,89,291.04487550146627,0,987.1,137.2436888801182,3.774590294438476,59,,
2018,5,10,12,0,10.6,21,30.7,8.6,281,115.0,35,283.4049727338882,0,987.2,153.6804174516352,4.510828136707956,61,,
2018,5,10,13,0,10.4,35,13.4,8.5,152,84.0,156,241.2465995292352,0,987.5,137.50913137215923,5.39841860313807,66,,
2018,5,10,14,0,10.2,48,23.8,8.4,102,45.0,84,162.52284184698337,0,987.9,134.13391662072172,6.852606151263816,74,,
2018,5,10,15,0,10,60,29.5,8.3,56,27.0,0,93.53064086839667,0,988.3,118.1933682666688,5.602149416556338,83,,
2018,5,10,16,0,9.9,70,40.3,8.2,8,17.0,0,35.61834650730407,0,988.9,91.32125311365849,7.295152489465254,93,,
2018,5,10,17,0,9.7,79,50.7,8,0,1.0,0,1.047509396395954,0,989.5,100.63799752524852,10.962333881180871,104,,
2018,5,10,18,0,9.6,89,52.4,8,0,0.0,0,0.0,0,989.5,112.158045938246,9.133522352005317,115,,
2018,5,10,19,0,9.5,99,72,8,0,0.0,0,0.0,0,989.1,96.10451493049447,9.628572782425524,127,,
2018,5,10,20,0,9.5,112,83,8,0,0.0,0,0.0,0,988.6,92.7868335453614,14.63229531526424,137,,
2018,5,10,21,0,9.7,130,82.6,8.4,0,0.0,0,0.0,0,987.9,93.82578376966036,16.92663629283893,147,,
2018,5,10,22,0,10.2,156,63.7,9,0,0.0,0,0.0,0,987,93.8929688722452,19.684335298342223,154,,
2018,5,10,23,0,10.6,-171,51.9,9.6,0,0.0,0,0.0,0,986.1,92.08155274067347,21.838384886261583,155,,
2018,5,11,0,0,10.8,-141,26.2,9.7,0,0.0,0,0.0,0,986.2,85.40228729725379,20.51278586255278,151,,
2018,5,11,1,0,10.7,-120,4.3,9.4,0,0.0,0,0.0,0,987,87.0766990381307,22.43740092523957,142,,
2018,5,11,2,0,10.5,-105,0,9,0,0.0,0,0.0,0,987.9,88.4826291855594,23.519721970151565,132,,
2018,5,11,3,0,10.3,-94,0,8.7,0,0.0,0,0.0,0,988.9,92.43763072096137,22.09396718578072,121,,
2018,5,11,4,0,10.1,-84,0,8.4,0,0.0,0,0.0,0,990,95.94026702686648,19.95038872898192,110,,
2018,5,11,5,0,9.8,-74,0,8.2,0,0.0,0,0.0,0,991.1,97.83998197982152,17.885438800376686,99,,
2018,5,11,6,0,9.9,-65,2.6,8,26,0.0,5,0.0,0,992.3,97.99400427347268,17.0935950716798,88,,
2018,5,11,7,0,10.4,-54,3.8,7.8,75,12.0,58,7.000000000000001,0,993.6,95.11175550531328,18.9643408821608,78,,
2018,5,11,8,0,10.9,-42,3.1,7.6,108,39.0,167,60.527092673220224,0,994.9,91.7638372208866,20.37684232333763,70,,
2018,5,11,9,0,11.1,-28,3,7.3,108,14.0,290,82.81622539827767,0,995.7,88.3590511922302,21.748909366601936,63,,
2018,5,11,10,0,11.2,-12,20.7,7.1,231,24.0,150,130.55003341451695,0,996.2,91.60931492463637,22.33278349803327,60,,
2018,5,11,11,0,11.3,4,21.7,6.8,254,44.0,134,190.2443036770416,0,996.6,91.471017512176,21.99723967932596,59,,
2018,5,11,12,0,11.4,20,11.7,6.5,179,152.0,220,296.2516748067176,0,997,87.15629043991487,21.37202105064371,61,,
2018,5,11,13,0,11.5,35,18.6,6.3,176,373.0,120,384.5880745087352,0,997.3,84.47042110656827,22.030004980201003,67,,
2018,5,11,14,0,11.6,48,21.1,6.1,137,390.0,40,334.37490227077706,0,997.6,84.95976919134625,21.78099890718807,74,,
2018,5,11,15,0,11.7,59,13.9,6.1,55,234.0,14,194.7357116371573,0,997.8,87.08352724627002,21.640578349094167,83,,
2018,5,11,16,0,11.7,70,3.9,6.3,9,108.0,1,69.61025674995732,0,998,86.87948534153077,21.374955573231,93,,
2018,5,11,17,0,11.8,79,0,6.5,0,5.0,0,2.222081974566572,0,998.1,88.1317283500527,21.02045133541021,104,,
2018,5,11,18,0,11.8,88,0.7,7.3,0,0.0,0,0.0,0,997.9,88.39801587319113,20.810624118269548,115,,
2018,5,11,19,0,11.8,99,33.9,8.3,0,0.0,0,0.0,0,997.3,86.94894539248162,21.498736107348925,127,,
2018,5,11,20,0,11.8,112,53.9,9.4,0,0.0,0,0.0,0,996.7,86.82473018215904,21.43867512254204,138,,
2018,5,11,21,0,12,129,53,10.1,0,0.0,0,0.0,0,995.8,89.03764486097396,21.033728609367216,147,,
2018,5,11,22,0,12.2,156,52,10.4,0,0.0,0,0.0,0,994.7,89.28861569846072,20.13582936347656,154,,
2018,5,11,23,0,12.5,-171,51.6,10.6,0,0.0,0,0.0,0,993.6,89.93642554403732,19.36256074748105,156,,
2018,5,12,0,0,12.5,-141,50.5,10.7,0,0.0,0,0.0,0,992.5,91.67895320161182,17.723673400546577,151,,
2018,5,12,1,0,12.2,-119,19.1,10.7,0,0.0,0,0.0,0,991.5,86.69548247030832,17.013640570893674,143,,
2018,5,12,2,0,12,-105,1.5,10.6,0,0.0,0,0.0,0,990.5,87.76931531842746,15.561841364791666,132,,
2018,5,12,3,0,11.6,-93,1,10.1,0,0.0,0,0.0,0,990,93.68192285802502,14.56081627865815,121,,
2018,5,12,4,0,11.1,-83,24.2,9.3,0,0.0,0,0.0,0,989.7,91.88796576628766,14.517157870968523,110,,
2018,5,12,5,0,10.7,-74,38.8,8.4,0,0.0,0,0.0,0,989.5,92.07906432157348,14.374452698696333,99,,
2018,5,12,6,0,10.5,-64,30.8,7.8,19,0.0,0,0.0,0,989.4,90.9186058388766,14.39076553011028,88,,
2018,5,12,7,0,10.5,-54,12.8,7.4,83,36.0,13,8.000000000000002,0,989.5,86.76369145025348,13.28510323894976,78,,
2018,5,12,8,0,10.6,-42,37.4,6.9,115,118.0,7,78.33118265352692,0,989.6,87.85936064026976,13.961158791246769,70,,
2018,5,12,9,0,10.5,-28,82.8,6.9,52,170.0,0,173.76480428409872,0,989.6,90.17289207554558,13.51153612413198,64,,
2018,5,12,10,0,10.3,-12,56.7,7.1,172,199.0,0,254.47193450452184,0,989.7,90.4405123005718,13.464020983085357,60,,
2018,5,12,11,0,10.1,4,42.5,7.4,221,181.0,1,292.7161564938376,0,989.7,89.2442225649283,14.214859702742626,59,,
2018,5,12,12,0,9.9,20,20.6,7.4,202,200.0,75,318.5171460902668,0,990.2,86.98545341023805,14.6281523710181,62,,
2018,5,12,13,0,9.7,35,60.7,7.4,85,158.0,42,278.12942746925785,0,991,81.22971418719948,14.063360376529063,67,,
2018,5,12,14,0,9.5,48,60.9,7.3,48,172.0,0,239.14185793350129,0,991.9,82.51527408930019,14.229147871497473,74,,
2018,5,12,15,0,9.2,59,42.1,7.1,31,162.0,0,165.0018491022676,0,993.1,81.29031084297117,14.987529054745597,83,,
2018,5,12,16,0,8.7,69,47,6.8,4,92.0,0,62.9474049879012,0,994.4,81.56682192835063,14.196713789373678,94,,
2018,5,12,17,0,8.3,79,30,6.6,0,3.0,0,1.124255262680532,0,995.8,82.02158516546541,14.09788727564412,104,,
2018,5,12,18,0,7.9,88,18.5,6.1,0,0.0,0,0.0,0,996.9,84.47964223068192,14.069893705245107,116,,
2018,5,12,19,0,7.5,99,59.3,5.6,0,0.0,0,0.0,0,997.8,82.13998289783933,14.326736420349471,127,,
2018,5,12,20,0,7.1,111,82.1,5,0,0.0,0,0.0,0,998.7,84.56521868932066,13.857705352227896,138,,
2018,5,12,21,0,7,129,80.8,4.8,0,0.0,0,0.0,0,999.6,85.99188400669362,13.412443373223724,147,,
2018,5,12,22,0,6.9,155,29,4.9,0,0.0,0,0.0,0,1000.5,86.29514691319429,12.906611571431217,154,,
2018,5,12,23,0,6.9,-171,0,5.1,0,0.0,0,0.0,0,1001.3,85.96415608464594,13.015185006387869,156,,
2018,5,13,0,0,6.8,-141,0,4.9,0,0.0,0,0.0,0,1002.2,92.19049716749822,11.950871538159197,151,,
2018,5,13,1,0,6.6,-119,0,4.5,0,0.0,0,0.0,0,1003,86.23533099192503,13.032761470126298,143,,
2018,5,13,2,0,6.4,-104,0,4.1,0,0.0,0,0.0,0,1003.8,86.38059662275748,12.905379651628808,132,,
2018,5,13,3,0,6.4,-93,0,3.8,0,0.0,0,0.0,0,1004.8,90.92197390364652,11.652631655700002,121,,
2018,5,13,4,0,6.4,-83,0,3.5,0,0.0,0,0.0,0,1005.9,101.45660508233289,10.698514961863689,110,,
2018,5,13,5,0,6.4,-74,0,3.2,0,0.0,0,0.0,0,1007,105.96790413299716,10.756077470675804,99,,
2018,5,13,6,0,6.9,-64,2.4,3,21,0.0,15,0.0,0,1007.9,107.7022361893961,10.347886575084598,88,,
2018,5,13,7,0,7.8,-54,2.6,2.8,51,46.0,100,8.000000000000004,0,1008.6,102.48937610042223,11.081568818903673,79,,
2018,5,13,8,0,8.7,-42,3,2.7,80,218.0,207,89.96034277803598,0,1009.2,104.19054786099969,10.79547982648691,70,,
2018,5,13,9,0,9.3,-28,30.3,3.2,182,428.0,93,229.7887970466529,0,1009.3,106.68698476939733,9.7267542103944,64,,
2018,5,13,10,0,9.6,-12,16.5,4.2,140,626.0,258,372.6359083656149,0,1009.1,110.95253150960718,6.93722575307177,60,,
2018,5,13,11,0,9.9,4,9,5.3,163,673.0,275,461.9574326837391,0,1008.9,132.6191921669489,3.848214898000333,59,,
2018,5,13,12,0,10.2,20,38.7,5.8,196,698.0000000000001,76,502.6616230245649,0,1008.8,159.76114072072244,2.4672743334477154,62,,
2018,5,13,13,0,10.4,35,21.7,5.9,140,670.0,113,477.28280358546016,0,1009,126.68212254646907,1.5047932374747008,67,,
2018,5,13,14,0,10.6,48,3.9,6,88,615.0,113,397.57187838214975,0,1009.2,124.78913230892208,0.4801017165692245,74,,
2018,5,13,15,0,10.7,59,10.1,5.8,41,502.0,28,265.7672094081093,0,1009.7,306.5468804648111,0.4157292629628303,84,,
2018,5,13,16,0,10.7,69,5,5.5,8,284.0,0,102.54767129328896,0,1010.3,340.374606601345,1.0590820593897674,94,,
2018,5,13,17,0,10.7,79,0,5.1,0,7.0,0,1.269614813361394,0,1010.9,348.9798083953359,1.4202322220645658,105,,
2018,5,13,18,0,10.7,88,0.6,5,0,0.0,0,0.0,0,1011.4,342.7344762438194,1.263475735991817,116,,
2018,5,13,19,0,10.8,98,33.6,5,0,0.0,0,0.0,0,1011.7,317.8817278174884,1.150330546806724,127,,
2018,5,13,20,0,10.9,111,52,5.1,0,0.0,0,0.0,0,1012,301.8226178841795,1.1033505746746672,138,,
2018,5,13,21,0,10.9,129,51.4,5.3,0,0.0,0,0.0,0,1012.3,290.6475588935882,1.0018517812892862,148,,
2018,5,13,22,0,10.8,155,18.4,5.6,0,0.0,0,0.0,0,1012.4,307.3342528129818,0.8916796747191681,155,,
2018,5,13,23,0,10.7,-171,0,5.8,0,0.0,0,0.0,0,1012.5,310.60699969123806,0.7978390864280444,156,,
2018,5,14,0,0,10.7,-140,0,6.1,0,0.0,0,0.0,0,1012.6,301.5205001171302,0.7583811091649642,152,,
2018,5,14,1,0,10.9,-119,0,6.3,0,0.0,0,0.0,0,1012.7,287.3276687245018,1.2664600254998646,143,,
2018,5,14,2,0,11,-104,0,6.5,0,0.0,0,0.0,0,1012.9,274.16262493981606,1.190640863428042,132,,
2018,5,14,3,0,11.1,-93,0,6.8,0,0.0,0,0.0,0,1013.2,292.80237919220656,1.0847786407733837,121,,
2018,5,14,4,0,11.3,-83,0,7.1,0,0.0,0,0.0,0,1013.7,309.21923387408526,0.9958077113527763,110,,
2018,5,14,5,0,11.5,-74,0,7.4,0,0.0,0,0.0,0,1014.2,276.6977448997527,0.9461545425401144,99,,
2018,5,14,6,0,12,-64,1.2,7.8,20,0.0,12,0.0,0,1014.7,262.41630857527144,1.350435106484467,88,,
2018,5,14,7,0,12.7,-53,24.8,8.3,88,43.0,9,7.000000000000003,0,1015.3,285.71744759464457,1.8628667854292296,79,,
2018,5,14,8,0,13.4,-41,15.8,8.9,103,228.0,147,86.36901871104587,0,1015.9,276.57077061924,2.0567229454613862,71,,
2018,5,14,9,0,13.7,-28,2.6,8.9,94,304.0,294,194.81796670839705,0,1016.4,281.740991276625,2.278382393276906,64,,
2018,5,14,10,0,13.6,-12,1.6,8.5,93,234.0,363,262.6287362722875,0,1016.9,303.85318573270365,2.7351868323474418,60,,
2018,5,14,11,0,13.4,4,0.5,8.1,84,190.0,389,292.64228403147905,0,1017.3,330.228385575632,4.153710528819572,60,,
2018,5,14,12,0,13.2,20,1.5,8.1,87,198.0,343,312.01224123483684,0,1017.8,337.9116981838752,4.653821074849572,62,,
2018,5,14,13,0,13,35,2.7,8.4,85,234.0,252,312.93879394352643,0,1018.3,340.7825363755205,4.301978953606196,67,,
2018,5,14,14,0,12.8,48,2.3,8.7,64,255.0,148,272.5173454881524,0,1018.9,342.4287412216776,3.93352974438989,75,,
2018,5,14,15,0,12.5,59,0.7,8.8,30,145.0,46,154.11517579716138,0,1019.5,350.32179554039936,3.845502632149637,84,,
2018,5,14,16,0,12.1,69,0,8.7,6,29.0,4,37.782693046418,0,1020.1,359.68564262082714,3.915830422300426,94,,
2018,5,14,17,0,11.7,78,0,8.7,0,0.0,0,0.0,0,1020.8,12.893744044882167,5.321683239352001,105,,
2018,5,14,18,0,11.5,88,0,8.5,0,0.0,0,0.0,0,1021.3,6.176056924106433,6.39036108558605,116,,
2018,5,14,19,0,11.3,98,0,8.3,0,0.0,0,0.0,0,1021.7,6.475582260322881,7.758483427448572,127,,
2018,5,14,20,0,11.1,111,0,8.1,0,0.0,0,0.0,0,1022.1,14.74945121609045,8.101175389104466,138,,
2018,5,14,21,0,11,129,0,8,0,0.0,0,0.0,0,1022.3,20.6717941116396,8.260332977012082,148,,
2018,5,14,22,0,11,155,0,8,0,0.0,0,0.0,0,1022.4,19.29004621918876,7.946107537656409,155,,
2018,5,14,23,0,11,-171,0,8,0,0.0,0,0.0,0,1022.4,17.96552430689752,7.1616875259253066,156,,
2018,5,15,0,0,10.9,-140,0,7.9,0,0.0,0,0.0,0,1022.6,13.298924910793232,6.980405093149892,152,,
2018,5,15,1,0,10.8,-119,0,7.7,0,0.0,0,0.0,0,1022.8,8.492610968235567,6.362983532726748,143,,
2018,5,15,2,0,10.6,-104,0,7.5,0,0.0,0,0.0,0,1023.1,4.452328502626301,7.522701492831159,133,,
2018,5,15,3,0,10.5,-93,0,7.3,0,0.0,0,0.0,0,1023.5,3.2051200976795826,9.327089696329136,121,,
2018,5,15,4,0,10.3,-83,0,7.1,0,0.0,0,0.0,0,1024,3.3794763741821043,10.602421904934936,110,,
2018,5,15,5,0,10.2,-73,0,7,0,0.0,0,0.0,0,1024.5,68.49499072247119,15.003441098011288,99,,
2018,5,15,6,0,10.5,-64,0,7,16,0.0,20,0.0,0,1024.9,77.27804482252498,14.485248191627706,89,,
2018,5,15,7,0,11.1,-53,1.2,7.3,45,47.0,103,7.000000000000003,0,1025.2,75.57595139892152,14.889754671198324,79,,
2018,5,15,8,0,11.7,-41,1.9,7.7,67,315.0,220,95.7262384111914,0,1025.5,72.34285697253983,14.502571971289262,71,,
2018,5,15,9,0,12,-27,1.9,7.6,78,477.0,320,233.6860817086935,0,1025.5,73.9806910972942,15.025601555005592,64,,
2018,5,15,10,0,12,-12,2.5,7.3,89,612.0,373,363.9242779088114,0,1025.2,77.48120610495266,13.939318012332636,61,,
2018,5,15,11,0,12,4,2.6,7,91,692.0000000000001,384,463.0234387136108,0,1025,71.3213679032857,13.923026094040395,60,,
2018,5,15,12,0,11.9,20,2.2,6.9,84,729.0,353,508.2752810293202,0,1024.9,71.00763615782046,13.443249993666976,62,,
2018,5,15,13,0,11.8,35,2.5,7,75,702.0000000000001,270,483.2928954014321,0,1024.9,73.51067831566706,14.169166022134329,67,,
2018,5,15,14,0,11.8,48,3,7.1,58,612.0,159,390.89519348118455,0,1024.9,71.6808582269419,13.52169837104569,75,,
2018,5,15,15,0,11.5,59,31.1,7.1,27,453.0,42,246.92291667766045,0,1025.1,66.82715503754355,13.555018325858004,84,,
2018,5,15,16,0,11,69,17,7.2,5,219.0,0,85.98157763829605,0,1025.4,65.25621651983226,13.490807268839076,94,,
2018,5,15,17,0,10.6,78,0,7.2,0,3.0,0,1.0990102803270816,0,1025.7,69.5144764929858,13.813237515778296,105,,
2018,5,15,18,0,10.1,88,0,7.1,0,0.0,0,0.0,0,1025.9,75.85981186326734,13.904194722829848,116,,
2018,5,15,19,0,9.6,98,0,6.8,0,0.0,0,0.0,0,1026,74.80611873245795,13.042326989941234,127,,
2018,5,15,20,0,9.1,111,0,6.6,0,0.0,0,0.0,0,1026,73.404148882144,12.699426891600684,138,,
2018,5,15,21,0,9.1,128,0,6.7,0,0.0,0,0.0,0,1025.9,72.56989781122712,12.317792273054629,148,,
2018,5,15,22,0,9.4,155,0,7.2,0,0.0,0,0.0,0,1025.8,79.88627764042462,10.690036642749565,155,,
2018,5,15,23,0,9.8,-171,0,7.7,0,0.0,0,0.0,0,1025.7,86.5408762423117,8.642943862676455,157,,
2018,5,16,0,0,10,-140,0,7.9,0,0.0,0,0.0,0,1025.7,86.88697104674867,7.70106135924429,152,,
2018,5,16,1,0,9.9,-118,0,7.8,0,0.0,0,0.0,0,1025.8,110.9116899208252,3.8393150501144326,143,,
2018,5,16,2,0,9.8,-104,0,7.6,0,0.0,0,0.0,0,1025.9,156.891165410668,2.3942616172437785,133,,
2018,5,16,3,0,9.7,-92,0,7.5,0,0.0,0,0.0,0,1026,195.2309588038878,2.1327757500357345,122,,
2018,5,16,4,0,9.5,-83,0,7.3,0,0.0,0,0.0,0,1026,215.6819192038448,1.533190879043949,110,,
2018,5,16,5,0,9.4,-73,0,7.1,0,0.0,0,0.0,0,1025.9,247.58660687211187,1.3497683794395685,99,,
2018,5,16,6,0,9.7,-64,0.8,7,15,0.0,20,0.0,0,1026,347.1963476755896,1.0102264710319873,89,,
2018,5,16,7,0,10.2,-53,1.5,7,41,34.0,109,6.000000000000002,0,1026.1,56.10567225786178,7.103620359012108,79,,
2018,5,16,8,0,10.7,-41,3,6.9,72,129.0,214,71.02183087441676,0,1026.2,48.71754588135536,8.179322330226281,71,,
2018,5,16,9,0,11.2,-27,14.9,7,171,164.0,173,155.99803414210652,0,1026,41.75270075117601,8.042615281536646,65,,
2018,5,16,10,0,11.6,-12,34.1,7,259,329.0,52,296.1767642067156,0,1025.6,35.69778999298353,9.211497725775274,61,,
2018,5,16,11,0,12,4,16.5,7,156,456.0,251,398.9227023329963,0,1025.2,31.806139719892546,10.001927190090376,60,,
2018,5,16,12,0,12.1,20,2.4,7,80,445.0,357,419.8378176798667,0,1024.7,29.62374875117382,11.000355107904472,62,,
2018,5,16,13,0,12.1,35,2.4,7,69,201.0,278,300.0175917256556,0,1024.4,22.539761597250617,10.491070949995036,68,,
2018,5,16,14,0,12,47,2.1,7,52,154.0,167,227.88407592126163,0,1024,22.663447414712664,11.628627913440114,75,,
2018,5,16,15,0,11.6,59,0.7,7,24,74.0,53,120.57562995636788,0,1023.8,21.889361499428787,12.463227507057452,84,,
2018,5,16,16,0,11,69,0,7,5,40.0,5,41.72851540320524,0,1023.8,24.93800307387579,13.44333696896926,94,,
2018,5,16,17,0,10.3,78,0,6.9,0,1.0,0,1.0303938046872034,0,1023.7,25.03526605608232,13.246763990314598,105,,
2018,5,16,18,0,9.5,87,0,6.6,0,0.0,0,0.0,0,1023.8,24.91656115424462,13.602517093944972,116,,
2018,5,16,19,0,8.6,98,0,6.1,0,0.0,0,0.0,0,1023.8,23.67043281021404,13.285962301027222,128,,
2018,5,16,20,0,7.7,110,0,5.6,0,0.0,0,0.0,0,1023.9,22.432990922125384,12.667585406530256,138,,
2018,5,16,21,0,7.7,128,0,5.7,0,0.0,0,0.0,0,1023.7,22.73592827483065,12.831005892728689,148,,
2018,5,16,22,0,8.2,155,0,6.2,0,0.0,0,0.0,0,1023.5,24.352673396252555,12.783940934351516,155,,
2018,5,16,23,0,8.9,-171,0,6.7,0,0.0,0,0.0,0,1023.2,20.25860353866324,12.037884203403484,157,,
2018,5,17,0,0,9.3,-140,0,7.1,0,0.0,0,0.0,0,1023,18.805338016594533,12.348890528284258,152,,
2018,5,17,1,0,9.7,-118,0,7.4,0,0.0,0,0.0,0,1022.8,14.261383582158828,13.953959107964966,143,,
2018,5,17,2,0,10,-103,0,7.6,0,0.0,0,0.0,0,1022.7,14.270017999160984,13.43857503627183,133,,
2018,5,17,3,0,10.3,-92,0,7.9,0,0.0,0,0.0,0,1022.6,12.107048894946786,13.511966496821302,122,,
2018,5,17,4,0,10.5,-82,0,8.1,0,0.0,0,0.0,0,1022.7,13.01063499685904,14.072695899331071,111,,
2018,5,17,5,0,10.7,-73,0.1,8.3,0,0.0,0,0.0,0,1022.8,12.609707928110993,14.028307166460186,99,,
2018,5,17,6,0,11.1,-63,4.6,8.5,19,0.0,10,0.0,0,1022.8,13.478831985749537,14.035518693583793,89,,
2018,5,17,7,0,11.7,-53,35.8,8.6,71,0.0,5,1.0,0,1022.9,11.779114281300735,14.4949334949002,79,,
2018,5,17,8,0,12.2,-41,70,8.7,76,2.0,0,15.19607518556268,0,1023,11.46734110390736,14.883527995855312,71,,
2018,5,17,9,0,12.7,-27,68,8.8,130,3.0,0,35.75875167554177,0,1022.8,10.5159206749085,15.067772067300355,65,,
2018,5,17,10,0,13.1,-12,62.2,9,173,2.0,0,54.75428718882913,0,1022.5,9.26993265180056,14.35569269537602,61,,
2018,5,17,11,0,13.5,4,76.1,9.2,113,7.0,0,106.22913831185276,0,1022.1,7.985438661401815,15.001173166253562,60,,
2018,5,17,12,0,13.6,20,74,9.3,110,11.0,0,133.4948538380175,0,1021.7,7.299552595734042,15.41817045889274,63,,
2018,5,17,13,0,13.5,35,51.9,9.3,156,11.0,1,123.38101671209697,0,1021.4,1.072100596743553,15.670956224339855,68,,
2018,5,17,14,0,13.3,47,16.8,9.3,96,6.0,67,78.58582487303336,0,1021.1,1.617681532857091,16.258677148442395,75,,
2018,5,17,15,0,12.8,58,0.8,9.3,28,6.0,42,50.97354384549865,0,1021,9.777768003939345,16.701841651210287,84,,
2018,5,17,16,0,12,68,0,9.2,5,4.0,2,16.76101700396576,0,1021.1,17.389186962847816,15.829156843859998,94,,
2018,5,17,17,0,11.2,78,0,9.2,0,0.0,0,0.0,0,1021.2,26.09220914755645,14.592914961750418,105,,
2018,5,17,18,0,10.4,87,0,8.7,0,0.0,0,0.0,0,1021.3,30.28891347380454,14.912911741882908,116,,
2018,5,17,19,0,9.7,97,0,8,0,0.0,0,0.0,0,1021.4,27.6420455712252,14.864835265398725,128,,
2018,5,17,20,0,9,110,0,7.2,0,0.0,0,0.0,0,1021.4,28.403286838718827,14.544001019831631,139,,
2018,5,17,21,0,8.6,128,0,6.8,0,0.0,0,0.0,0,1021.5,30.373102879159266,13.886638333158864,148,,
2018,5,17,22,0,8.5,155,0,6.7,0,0.0,0,0.0,0,1021.4,32.749211100295895,13.402028343872198,155,,
2018,5,17,23,0,8.4,-171,0,6.6,0,0.0,0,0.0,0,1021.3,33.351216538336075,12.846287611252738,157,,
2018,5,18,0,0,8.4,-139,0,6.5,0,0.0,0,0.0,0,1021.1,33.951937616842315,12.533633305135826,152,,
2018,5,18,1,0,8.5,-118,0,6.6,0,0.0,0,0.0,0,1020.9,31.21876715612825,11.937901956970942,144,,
2018,5,18,2,0,8.5,-103,0,6.6,0,0.0,0,0.0,0,1020.6,31.94175660512872,11.931608493828485,133,,
2018,5,18,3,0,8.6,-92,0,6.7,0,0.0,0,0.0,0,1020.3,34.1199289576013,12.25649723900746,122,,
2018,5,18,4,0,8.8,-82,0,6.8,0,0.0,0,0.0,0,1020.2,37.06252417277943,12.272530294553068,111,,
2018,5,18,5,0,8.9,-73,0,6.9,0,0.0,0,0.0,0,1020,38.7376339983295,12.15445537607845,100,,
2018,5,18,6,0,9.7,-63,1.9,7.4,17,0.0,13,0.0,0,1019.8,38.766426563328366,12.21196287344444,89,,
2018,5,18,7,0,10.8,-53,27.3,8.4,84,1.0,7,2.0,0,1019.5,35.56905754147738,11.141299108304787,80,,
2018,5,18,8,0,12.1,-41,37.4,9.3,176,3.0,4,22.285520313205343,0,1019.2,37.99747566100768,11.237674154432122,71,,
2018,5,18,9,0,12.9,-27,14.1,9.7,133,9.0,215,71.24817204138613,0,1018.7,37.91036683334704,10.85271714386298,65,,
2018,5,18,10,0,13.5,-12,5.4,9.7,119,27.0,318,137.09438386542365,0,1017.9,33.897082282788745,11.094618040698569,61,,
2018,5,18,11,0,14,4,39,9.7,179,20.0,111,147.15863483860213,0,1017,33.86966555301342,13.19870640103798,61,,
2018,5,18,12,0,14.2,20,62.4,9.8,164,14.0,0,133.94581508966894,0,1016.2,41.45516308673905,12.39964637800098,63,,
2018,5,18,13,0,14.1,34,60.3,10.1,131,9.0,1,103.37238763505444,0,1015.5,37.56096533843527,12.748388228266876,68,,
2018,5,18,14,0,13.9,47,21.9,10.4,79,6.0,67,71.56628827849775,0,1014.7,39.7761160976454,13.255476128122032,75,,
2018,5,18,15,0,13.5,58,0.7,10.4,27,15.0,42,68.88752024042113,0,1014.1,43.63356546737134,13.617231553882416,84,,
2018,5,18,16,0,12.8,68,0,10.3,5,36.0,3,39.745971378219885,0,1013.6,46.237251409563726,12.9840299053215,95,,
2018,5,18,17,0,12,78,0,10.1,0,0.0,0,0.0,0,1013.1,46.21292931646144,12.526676099523112,105,,
2018,5,18,18,0,11.6,87,0.6,10,0,0.0,0,0.0,0,1012.6,46.94968410179615,11.690947982825396,117,,
2018,5,18,19,0,11.4,97,33.6,9.8,0,0.0,0,0.0,0,1011.9,46.8949965364896,11.615782254467971,128,,
2018,5,18,20,0,11.3,110,51.4,9.7,0,0.0,0,0.0,0,1011.2,51.59746813217856,11.539626312428345,139,,
2018,5,18,21,0,11.5,127,51,9.6,0,0.0,0,0.0,0,1010.4,56.25126941397474,11.176686655253842,149,,
2018,5,18,22,0,11.9,154,51,9.6,0,0.0,0,0.0,0,1009.4,57.35251783279034,10.81431370611369,156,,
2018,5,18,23,0,12.3,-171,51,9.6,0,0.0,0,0.0,0,1008.3,53.99701884552388,10.456274997751985,157,,
2018,5,19,0,0,12.6,-139,51.4,9.5,0,0.0,0,0.0,0,1007.3,54.13273572376886,9.744216527163422,153,,
2018,5,19,1,0,12.8,-117,71.7,9.6,0,0.0,0,0.0,0,1006.2,44.74835943512721,10.062558002186288,144,,
2018,5,19,2,0,13,-103,82.8,9.6,0,0.0,0,0.0,0,1005.1,45.08379632711046,10.38736829272524,133,,
2018,5,19,3,0,13.2,-92,81.9,9.5,0,0.0,0,0.0,0,1004.2,45.49099054376882,10.314539303136971,122,,
2018,5,19,4,0,13.3,-82,82.2,9.5,0,0.0,0,0.0,0,1003.4,43.921926169643086,10.212215565417278,111,,
2018,5,19,5,0,13.5,-73,70.7,9.5,0,0.0,0,0.0,0,1002.5,40.02760580092155,9.68770693281106,100,,
2018,5,19,6,0,13.5,-63,68.1,9.8,8,0.0,0,0.0,0,1001.9,35.28002874333964,9.776224426623356,89,,
2018,5,19,7,0,13.4,-53,60.5,10.3,55,12.0,0,5.000000000000001,0,1001.5,26.71855009276686,10.799875866432648,80,,
2018,5,19,8,0,13.4,-41,70.9,10.8,67,146.0,0,75.4835552861834,0,1001,23.214862330178505,10.83637155819988,72,,
2018,5,19,9,0,13.2,-27,81.4,11.2,66,333.0,0,204.1605113281776,0,1000.3,20.553180732135218,10.859452547853063,65,,
2018,5,19,10,0,12.9,-12,85.5,11.4,61,261.0,0,266.7384496676839,0,999.3,19.067892918749862,11.419792606463098,62,,
2018,5,19,11,0,12.6,4,86.3,11.6,60,283.0,0,328.65836000070306,0,998.3,18.835728116344228,12.2623867571168,61,,
2018,5,19,12,0,12.4,20,80.1,11.7,79,195.0,0,307.096079152548,0,997.5,20.03526552893124,13.197620296186546,63,,
2018,5,19,13,0,12.4,34,82.4,11.8,58,122.0,0,247.8697603681244,0,996.7,12.36758818290707,14.398842620117891,68,,
2018,5,19,14,0,12.4,47,62.8,11.9,61,117.0,0,201.6718015396442,0,996,13.51696739412995,15.066249657693186,76,,
2018,5,19,15,0,12.4,58,45.6,11.9,33,72.0,0,115.24422498565386,0,995.9,13.889979169832088,15.540864246413074,85,,
2018,5,19,16,0,12.4,68,15.6,11.8,4,51.0,0,43.415387748528886,0,996.1,13.310495059449124,15.56710944029318,95,,
2018,5,19,17,0,12.3,77,0,11.7,0,0.0,0,0.0,0,996.4,11.702736369289482,15.406682571311862,105,,
2018,5,19,18,0,12.3,87,2,11.4,0,0.0,0,0.0,0,996.8,11.011181400325142,16.47369201313028,117,,
2018,5,19,19,0,12.2,97,1.1,11.1,0,0.0,0,0.0,0,997.3,4.915264870228498,17.506518827251675,128,,
2018,5,19,20,0,12.1,109,0,10.8,0,0.0,0,0.0,0,997.8,7.619103580587364,17.912783685648616,139,,
2018,5,19,21,0,12.1,127,0,10.8,0,0.0,0,0.0,0,997.9,10.6478000811706,18.04384141832111,149,,
2018,5,19,22,0,12.1,154,0,11,0,0.0,0,0.0,0,997.9,13.037143940868305,17.92341933875951,156,,
2018,5,19,23,0,12.1,-170,0,11.2,0,0.0,0,0.0,0,997.8,15.892654117766256,17.960437910408626,157,,
2018,5,20,0,0,12.1,-139,1.2,11.3,0,0.0,0,0.0,0,997.7,19.26426999674908,18.695759719683583,153,,
2018,5,20,1,0,12.1,-117,60.1,11.3,0,0.0,0,0.0,0,997.6,19.47183076926035,19.69349863914334,144,,
2018,5,20,2,0,12.1,-103,95.6,11.3,0,0.0,0,0.0,0,997.5,22.217585103283284,19.89798894076328,133,,
2018,5,20,3,0,12.2,-91,91.5,11.4,0,0.0,0,0.0,0,997.5,25.21231273356574,19.762281935765746,122,,
2018,5,20,4,0,12.3,-82,76.6,11.6,0,0.0,0,0.0,0,997.6,28.22905247848269,19.25107715893701,111,,
2018,5,20,5,0,12.4,-73,65.2,11.7,0,0.0,0,0.0,0,997.8,29.045709034563345,18.32913193534283,100,,
2018,5,20,6,0,12.4,-63,53.6,11.8,12,0.0,0,0.0,0,998.2,30.382406303634585,17.6329803340498,89,,
2018,5,20,7,0,12.5,-53,43.3,11.7,71,1.0,0,2.0,0,998.8,27.43117150755944,17.912972972359576,80,,
2018,5,20,8,0,12.5,-41,65.8,11.6,75,10.0,0,30.89577850740838,0,999.4,24.06123132708672,17.274940879060907,72,,
2018,5,20,9,0,12.6,-27,79.7,11.7,74,21.0,0,84.11791103468809,0,999.8,23.0401035323892,17.73156542936133,66,,
2018,5,20,10,0,12.7,-12,78.4,11.9,93,13.0,0,112.77728145002476,0,1000,21.111442638102343,17.645782076736044,62,,
2018,5,20,11,0,12.8,4,86.8,12.2,59,16.0,0,143.22210390058055,0,1000.3,22.60987575840869,17.019475168517047,61,,
2018,5,20,12,0,12.7,20,88.5,12.1,45,10.0,0,127.89546209632326,0,1000.7,20.08360640439571,17.171342976861233,63,,
2018,5,20,13,0,12.3,34,82.4,11.8,54,12.0,0,126.7520738757396,0,1001.4,20.70154626037112,18.50979136382372,68,,
2018,5,20,14,0,12,47,91.7,11.4,23,3.0,0,57.2643924774797,0,1002.1,24.64204210654134,17.491906564627957,76,,
2018,5,20,15,0,11.6,58,73.7,10.8,5,3.0,0,33.959792050640885,0,1002.9,25.44537683319652,17.170231793465888,85,,
2018,5,20,16,0,11.2,68,21.6,10.1,2,4.0,0,16.727749327825315,0,1003.9,20.866958654278392,15.386651200947366,95,,
2018,5,20,17,0,10.7,77,0,9.3,0,0.0,0,0.0,0,1005,19.22703196736529,17.212279144094666,106,,
2018,5,20,18,0,10.1,87,0,8.4,0,0.0,0,0.0,0,1005.9,20.084399541960863,16.505961269668564,117,,
2018,5,20,19,0,9.4,97,0,7.3,0,0.0,0,0.0,0,1006.8,16.854927246613556,17.177868736830284,128,,
2018,5,20,20,0,8.8,109,0,6.2,0,0.0,0,0.0,0,1007.7,15.771019779115877,16.71567760472802,139,,
2018,5,20,21,0,8.6,127,0,5.7,0,0.0,0,0.0,0,1008.3,16.517978374934785,16.34266539561606,149,,
2018,5,20,22,0,8.7,154,0,5.5,0,0.0,0,0.0,0,1008.7,21.228624435733764,18.933710161264028,156,,
2018,5,20,23,0,9,-170,0,5.4,0,0.0,0,0.0,0,1009.2,31.22394777502984,17.32442474930867,158,,
2018,5,21,0,0,9.1,-139,0,5.3,0,0.0,0,0.0,0,1009.6,33.916469506653755,17.701588391434836,153,,
2018,5,21,1,0,9.1,-117,0,5.2,0,0.0,0,0.0,0,1010,37.38152556075289,17.334187182462344,144,,
2018,5,21,2,0,9.1,-102,0,5.1,0,0.0,0,0.0,0,1010.4,36.86956200475743,16.67045898466104,134,,
2018,5,21,3,0,9.2,-91,0,5.1,0,0.0,0,0.0,0,1010.9,33.28116836324557,16.17718145504891,122,,
2018,5,21,4,0,9.2,-82,0,5.2,0,0.0,0,0.0,0,1011.5,30.846641698355143,15.362888749203568,111,,
2018,5,21,5,0,9.3,-72,0,5.4,0,0.0,0,0.0,0,1012.1,27.50175657655535,15.387798109738288,100,,
2018,5,21,6,0,9.6,-63,0,5.6,13,0.0,15,0.0,0,1012.8,25.772123161959883,14.761536697270497,90,,
2018,5,21,7,0,10.1,-52,1.5,6,40,0.0,92,1.0,0,1013.6,25.27013247675046,15.27685715425427,80,,
2018,5,21,8,0,10.6,-41,1.9,6.4,61,1.0,207,13.086848901147055,0,1014.3,23.206131987883907,16.074459277146076,72,,
2018,5,21,9,0,11.1,-27,2,6.6,74,5.0,303,51.20371847966899,0,1014.7,20.48560664528765,14.52682898959032,66,,
2018,5,21,10,0,11.5,-12,2.3,6.5,84,6.0,356,79.18628616375699,0,1014.8,18.483738191556256,15.050316287357637,62,,
2018,5,21,11,0,11.8,4,2.7,6.4,90,10.0,360,114.4820832953315,0,1014.9,17.22233379734797,15.271137417536517,61,,
2018,5,21,12,0,12,20,11.1,6.4,145,7.0,231,107.40458066827226,0,1015.2,15.6388294392234,15.92600491862345,64,,
2018,5,21,13,0,12,34,25.7,6.5,181,13.0,68,126.19091015645589,0,1015.5,17.565385569662794,17.3320650982048,69,,
2018,5,21,14,0,11.9,47,16.2,6.6,107,58.0,53,167.27141708983655,0,1015.9,21.67963776747229,17.93963372768308,76,,
2018,5,21,15,0,11.7,58,2.8,6.5,30,19.0,30,75.02525159142985,0,1016.4,21.922326535775085,18.19532750654441,85,,
2018,5,21,16,0,11.3,68,0,6.4,4,8.0,2,20.434837557361234,0,1017,18.26124959667885,19.35437084051978,95,,
2018,5,21,17,0,10.9,77,0,6.3,0,0.0,0,0.0,0,1017.5,19.63210755060635,20.841148743173846,106,,
2018,5,21,18,0,10.5,86,0,6.2,0,0.0,0,0.0,0,1017.9,23.523078985714164,20.88709793046275,117,,
2018,5,21,19,0,10.1,96,0,6,0,0.0,0,0.0,0,1018.3,21.634992172172304,20.91561243942296,128,,
2018,5,21,20,0,9.7,109,0,5.9,0,0.0,0,0.0,0,1018.6,20.59746386681627,21.14750634106853,139,,
2018,5,21,21,0,9.5,127,0,5.9,0,0.0,0,0.0,0,1018.7,22.27454649767924,22.15811727884609,149,,
2018,5,21,22,0,9.4,154,0,6,0,0.0,0,0.0,0,1018.7,23.07158259462273,22.60357958313976,156,,
2018,5,21,23,0,9.2,-170,0,6.1,0,0.0,0,0.0,0,1018.7,30.575868227372155,22.654619730469108,158,,
2018,5,22,0,0,9.1,-138,0,6.1,0,0.0,0,0.0,0,1018.7,33.21850356166544,21.71997035735173,153,,
2018,5,22,1,0,8.9,-117,0,5.9,0,0.0,0,0.0,0,1018.8,34.81022991229344,22.23335820578662,144,,
2018,5,22,2,0,8.7,-102,0,5.7,0,0.0,0,0.0,0,1018.9,36.87331723837394,22.08930667996692,134,,
2018,5,22,3,0,8.5,-91,0,5.5,0,0.0,0,0.0,0,1019.1,38.80121395285431,21.551549107153235,122,,
2018,5,22,4,0,8.4,-81,0,5.4,0,0.0,0,0.0,0,1019.4,38.59267350793107,21.2489113949579,111,,
2018,5,22,5,0,8.3,-72,0,5.2,0,0.0,0,0.0,0,1019.7,40.54800545823605,20.869794187901835,100,,
2018,5,22,6,0,8.6,-63,0.5,5,13,0.0,13,0.0,0,1020,41.715679048324375,20.2944627419334,90,,
2018,5,22,7,0,9.1,-52,1.3,4.8,39,1.0,93,2.0,0,1020.3,40.567615649632046,19.641769383427192,80,,
2018,5,22,8,0,9.7,-40,2,4.5,64,9.0,202,31.75750807739906,0,1020.6,42.527743465086246,19.82244646991772,72,,
2018,5,22,9,0,10.2,-27,17.1,4.5,175,13.0,136,75.09179928997403,0,1020.5,42.089826636129146,19.15041643342298,66,,
2018,5,22,10,0,10.5,-12,11.8,4.6,155,10.0,240,91.61340538547417,0,1020.2,40.90238120876302,18.55443052093837,62,,
2018,5,22,11,0,10.9,4,3,4.8,99,12.0,346,119.3412645759705,0,1019.9,43.722611607801184,18.45375463879584,61,,
2018,5,22,12,0,11,20,2.3,5,87,32.0,323,176.46462159507445,0,1019.7,44.47774371502016,17.727433877159125,64,,
2018,5,22,13,0,10.9,34,2.3,5.2,74,115.0,249,245.4172706266341,0,1019.5,45.90277641937109,16.829711286750936,69,,
2018,5,22,14,0,10.8,47,1.9,5.3,54,127.0,143,207.77768459994573,0,1019.4,46.63481406634776,16.023457453216373,76,,
2018,5,22,15,0,10.5,58,0.6,5.4,23,81.0,40,120.46649469741328,0,1019.5,48.28499752470236,15.1868358298078,85,,
2018,5,22,16,0,10.1,68,0,5.5,4,52.0,2,42.1971558332005,0,1019.8,49.04642313835859,14.402288502482971,95,,
2018,5,22,17,0,9.7,77,0,5.5,0,0.0,0,0.0,0,1020.1,49.19240725486259,13.297112945776522,106,,
2018,5,22,18,0,9.2,86,0,5.4,0,0.0,0,0.0,0,1020.4,48.4945410971884,12.325816901760424,117,,
2018,5,22,19,0,8.8,96,0,5.3,0,0.0,0,0.0,0,1020.6,40.98942265375649,11.786066181381075,128,,
2018,5,22,20,0,8.3,109,0,5.1,0,0.0,0,0.0,0,1020.8,38.816222793589645,11.899638548037831,139,,
2018,5,22,21,0,8.2,126,0,5.2,0,0.0,0,0.0,0,1020.8,35.394025535136336,11.297058235887864,149,,
2018,5,22,22,0,8.3,154,0,5.4,0,0.0,0,0.0,0,1020.7,31.554236283486887,11.148335018635928,156,,
2018,5,22,23,0,8.5,-170,0,5.7,0,0.0,0,0.0,0,1020.6,26.710841649997235,10.98471950028766,158,,
2018,5,23,0,0,8.5,-138,0,5.8,0,0.0,0,0.0,0,1020.6,22.58512861068482,11.554314022463531,153,,
2018,5,23,1,0,8.6,-116,0,5.8,0,0.0,0,0.0,0,1020.5,15.407260944461823,12.232839829066824,144,,
2018,5,23,2,0,8.6,-102,0,5.8,0,0.0,0,0.0,0,1020.5,19.0210157680541,12.914364499105048,134,,
2018,5,23,3,0,8.6,-91,0,5.9,0,0.0,0,0.0,0,1020.6,19.374590260742536,12.875891906899756,123,,
2018,5,23,4,0,8.6,-81,0,5.9,0,0.0,0,0.0,0,1020.8,21.86603348717017,13.425065184369242,111,,
2018,5,23,5,0,8.7,-72,0,5.9,0,0.0,0,0.0,0,1021.1,25.083325533291315,14.056334710194536,100,,
2018,5,23,6,0,9,-63,0,6,12,0.0,12,0.0,0,1021.3,29.18082827780012,14.27286222287234,90,,
2018,5,23,7,0,9.5,-52,1,6.1,39,1.0,89,1.0,0,1021.5,30.448047594269667,14.429996480974388,80,,
2018,5,23,8,0,10.1,-40,1.4,6.2,61,4.0,204,21.326140827981494,0,1021.6,28.54062661355709,13.780316935415108,72,,
2018,5,23,9,0,10.5,-27,1.5,6.2,78,5.0,294,47.17486315425181,0,1021.5,27.808908164863222,13.710938969364792,66,,
2018,5,23,10,0,10.9,-12,1.3,6.2,84,4.0,353,67.4334534731607,0,1021.2,24.383981591018483,13.22268834751127,62,,
2018,5,23,11,0,11.3,4,1.5,6.1,87,5.0,362,83.21037181709403,0,1020.8,24.258912365253025,13.895183353816948,62,,
2018,5,23,12,0,11.4,20,1.4,6.1,80,5.0,331,91.40125111899364,0,1020.6,26.34456155323545,14.554857665626974,64,,
2018,5,23,13,0,11.2,34,2,6.2,73,8.0,247,99.76200387817865,0,1020.5,30.60060058153272,14.572648081600546,69,,
2018,5,23,14,0,11,46,2.7,6.2,57,14.0,136,101.77870149051088,0,1020.4,31.961421072867324,14.36807363784121,76,,
2018,5,23,15,0,10.7,57,33.6,6.2,21,11.0,34,59.42957685401497,0,1020.4,29.27205022754225,14.02109614301187,85,,
2018,5,23,16,0,10.2,67,18.4,6.2,2,5.0,0,14.87239601085898,0,1020.5,34.70724075385465,14.34571615884603,95,,
2018,5,23,17,0,9.8,77,0,6.2,0,0.0,0,0.0,0,1020.6,35.64130875579065,13.58862194370445,106,,
2018,5,23,18,0,9,86,0,6,0,0.0,0,0.0,0,1020.7,37.84574533854919,13.007697142126728,117,,
2018,5,23,19,0,8.1,96,0,5.6,0,0.0,0,0.0,0,1020.8,36.10803714655458,12.48191399123753,128,,
2018,5,23,20,0,7.2,108,0,5.2,0,0.0,0,0.0,0,1020.9,38.82197491544201,12.730385900920206,139,,
2018,5,23,21,0,6.9,126,0,5.1,0,0.0,0,0.0,0,1020.8,44.604020247159895,12.789339751149484,149,,
2018,5,23,22,0,7.1,153,0,5.4,0,0.0,0,0.0,0,1020.6,48.42751840883159,12.309552999421488,157,,
2018,5,23,23,0,7.4,-170,0,5.6,0,0.0,0,0.0,0,1020.5,47.13908428209953,12.25187739028522,158,,
2018,5,24,0,0,7.4,-138,0.6,5.7,0,0.0,0,0.0,0,1020.4,45.42855941609986,11.817093057140305,153,,
2018,5,24,1,0,7.4,-116,33.6,5.7,0,0.0,0,0.0,0,1020.2,42.37141509543392,11.56376468340414,145,,
2018,5,24,2,0,7.3,-102,51.4,5.6,0,0.0,0,0.0,0,1020.1,41.47040574762332,11.735270015245614,134,,
2018,5,24,3,0,7.3,-91,51.6,5.5,0,0.0,0,0.0,0,1020.3,42.70424304273655,12.135862385937411,123,,
2018,5,24,4,0,7.3,-81,51.4,5.5,0,0.0,0,0.0,0,1020.5,44.521384911565576,12.420549893027117,112,,
2018,5,24,5,0,7.3,-72,51,5.5,0,0.0,0,0.0,0,1020.8,47.84836159867143,12.450863358807988,101,,
2018,5,24,6,0,7.5,-62,49.1,5.5,12,0.0,2,0.0,0,1021.1,48.98074815965782,11.874239688927364,90,,
2018,5,24,7,0,7.9,-52,18.8,5.5,40,4.0,80,3.0000000000000004,0,1021.3,45.43540415469914,11.404152465679529,81,,
2018,5,24,8,0,8.2,-40,2.3,5.5,66,42.0,193,50.31603514034532,0,1021.5,49.56931798986483,10.538068655220986,73,,
2018,5,24,9,0,9,-27,3.1,5.8,92,99.0,268,138.98492733924223,0,1021.3,54.87520790153468,9.960234831915091,66,,
2018,5,24,10,0,10.1,-12,22.4,6.2,217,247.0,118,239.79645019037645,0,1020.9,55.20681099015343,10.224439947114512,63,,
2018,5,24,11,0,11.2,4,46.4,6.6,233,378.0,8,336.9861995128836,0,1020.4,56.82956215180906,10.206375194419444,62,,
2018,5,24,12,0,11.6,19,64.1,6.9,149,359.0,0,351.35523632576144,0,1020.1,57.79733290845661,10.244075883309854,64,,
2018,5,24,13,0,11.5,34,72.6,7.1,88,411.0,0,355.09965903590273,0,1019.9,53.64510143190682,10.685539071288176,69,,
2018,5,24,14,0,11.4,46,63.1,7.3,65,403.0,0,298.250198637008,0,1019.7,56.24807876216812,11.101932747644572,76,,
2018,5,24,15,0,11,57,53.5,7.4,25,352.0,0,198.85782807297176,0,1019.7,61.42070365376628,11.105314392562857,85,,
2018,5,24,16,0,10.4,67,18.6,7.2,2,227.0,0,74.08663676055724,0,1019.8,62.743273532763794,10.781078923291682,95,,
2018,5,24,17,0,9.8,76,0,7.1,0,0.0,0,0.0,0,1019.9,64.19474483070013,10.530862642629636,106,,
2018,5,24,18,0,9.3,86,0,7,0,0.0,0,0.0,0,1020,66.69026727471527,10.163540946251723,117,,
2018,5,24,19,0,9,96,0,6.9,0,0.0,0,0.0,0,1020.2,68.6596419336222,10.64831310319902,128,,
2018,5,24,20,0,8.6,108,0,6.8,0,0.0,0,0.0,0,1020.3,72.1959060544346,10.83354216918418,140,,
2018,5,24,21,0,8.5,126,0,6.6,0,0.0,0,0.0,0,1020.2,79.12433540789334,10.713917702303778,150,,
2018,5,24,22,0,8.6,153,0,6.5,0,0.0,0,0.0,0,1020,85.21743249120112,9.513837480444824,157,,
2018,5,24,23,0,8.7,-170,0,6.3,0,0.0,0,0.0,0,1019.8,88.26098473811925,8.318528552729823,158,,
2018,5,25,0,0,8.9,-138,0.6,6.3,0,0.0,0,0.0,0,1019.6,92.3089895578118,7.6959457098214274,154,,
2018,5,25,1,0,9,-116,33.4,6.3,0,0.0,0,0.0,0,1019.4,100.17867423178568,6.584340857918332,145,,
2018,5,25,2,0,9.1,-102,50.9,6.3,0,0.0,0,0.0,0,1019.2,104.71063922438373,6.22807835371481,134,,
2018,5,25,3,0,9.3,-91,31.4,6.4,0,0.0,0,0.0,0,1019.2,104.55295318094932,5.883090034209936,123,,
2018,5,25,4,0,9.3,-81,7.4,6.4,0,0.0,0,0.0,0,1019.3,109.270717378457,5.054700524196914,112,,
2018,5,25,5,0,9.4,-72,0,6.5,0,0.0,0,0.0,0,1019.4,117.69045494650686,3.502174587448904,101,,
2018,5,25,6,0,9.9,-62,0.5,6.8,13,0.0,6,0.0,0,1019.6,124.21750872578332,2.8172271526844512,90,,
2018,5,25,7,0,10.6,-52,27.4,7.4,68,19.0,4,3.0000000000000013,0,1019.8,130.22803014958248,3.3534633163611605,81,,
2018,5,25,8,0,11.4,-40,30.3,8,147,283.0,33,72.62785119233315,0,1020.1,137.54461922322787,2.3719061224985114,73,,
2018,5,25,9,0,12,-27,9.9,8.3,124,496.0,202,208.795973905349,0,1019.9,126.22742089044571,1.9072976438497085,66,,
2018,5,25,10,0,12.6,-12,30.3,8.4,185,616.0,103,336.2051062020502,0,1019.4,107.16394547528064,2.133595487076378,63,,
2018,5,25,11,0,13.2,4,52.1,8.5,209,663.0,0,422.22366004346367,0,1018.9,100.5151387009006,2.5404654749562896,62,,
2018,5,25,12,0,13.4,19,39,8.7,218,682.0,23,459.58050692820655,0,1018.5,84.84311020118685,2.9688039072061403,64,,
2018,5,25,13,0,13.3,34,24.4,9.1,182,662.0,51,438.5856936499912,0,1018.2,69.86937283819003,1.928088881217688,69,,
2018,5,25,14,0,13.2,46,8.7,9.5,86,605.0,78,359.4956135986365,0,1018,48.91172154176667,2.8165168581762297,77,,
2018,5,25,15,0,12.8,57,0.5,9.7,22,475.0,33,228.74352758697387,0,1018,51.07957501625208,4.174450404432386,85,,
2018,5,25,16,0,12.1,67,0,9.7,3,233.0,1,72.60879554306737,0,1018.3,59.923024728368205,4.858815298934647,95,,
2018,5,25,17,0,11.4,76,0,9.8,0,0.0,0,0.0,0,1018.5,66.0895815021156,4.82790360051139,106,,
2018,5,25,18,0,10.9,86,0,9.6,0,0.0,0,0.0,0,1018.7,77.3667753191927,5.143818434425738,117,,
2018,5,25,19,0,10.4,96,0,9.1,0,0.0,0,0.0,0,1018.9,87.45473423198996,4.711435180996265,129,,
2018,5,25,20,0,9.9,108,0,8.7,0,0.0,0,0.0,0,1019,95.32405714699809,3.575729051025192,140,,
2018,5,25,21,0,9.9,125,0,8.7,0,0.0,0,0.0,0,1019,93.71733062029818,3.8183363111340887,150,,
2018,5,25,22,0,10.2,153,0,9,0,0.0,0,0.0,0,1018.8,98.50048447437644,3.2206831839495287,157,,
2018,5,25,23,0,10.5,-170,0,9.4,0,0.0,0,0.0,0,1018.5,99.23461777937018,3.1004866360359595,159,,
2018,5,26,0,0,10.6,-138,0,9.5,0,0.0,0,0.0,0,1018.4,99.17591663293176,2.5934906450694544,154,,
2018,5,26,1,0,10.6,-116,0,9.5,0,0.0,0,0.0,0,1018.3,120.8465874121486,2.2317053712185966,145,,
2018,5,26,2,0,10.5,-101,0,9.4,0,0.0,0,0.0,0,1018.2,146.84135112760782,1.2922118123545328,134,,
2018,5,26,3,0,10.4,-90,0,9.3,0,0.0,0,0.0,0,1018.1,180.31929206046576,0.3942932317394251,123,,
2018,5,26,4,0,10.3,-81,0,9.2,0,0.0,0,0.0,0,1018.1,99.69917815317586,0.4854547709406704,112,,
2018,5,26,5,0,10.2,-72,0,9,0,0.0,0,0.0,0,1018,167.66091272167387,0.1919336643065531,101,,
2018,5,26,6,0,10.6,-62,0,9.3,11,0.0,10,0.0,0,1018.1,62.35402463626133,0.0463018343403503,90,,
2018,5,26,7,0,11.5,-52,0.8,9.8,37,9.0,82,3.0000000000000004,0,1018.3,125.69630357582162,0.8200939068870596,81,,
2018,5,26,8,0,12.3,-40,8.3,10.3,97,99.0,133,53.32071113987884,0,1018.5,163.94109824966097,2.251429911408448,73,,
2018,5,26,9,0,12.8,-27,18.6,10.4,178,239.0,116,158.19166658088056,0,1018.3,185.50837209197425,3.3038307053215985,67,,
2018,5,26,10,0,13,-12,33.3,10.2,246,373.0,37,275.48602683509574,0,1017.8,206.6350255231301,3.3078108382547464,63,,
2018,5,26,11,0,13.2,4,34.7,10,265,444.0,23,356.4426995632866,0,1017.2,225.02538581114925,3.506704457048268,62,,
2018,5,26,12,0,13.2,19,47.8,9.9,197,507.0,16,403.1460831128328,0,1016.7,231.95546551477943,4.392182755985093,64,,
2018,5,26,13,0,13.1,33,22,10,99,519.0,132,390.755879265414,0,1016.2,248.45255615809845,4.817381538098637,69,,
2018,5,26,14,0,13,46,22.7,10.1,81,478.0,74,320.5457427490686,0,1015.7,251.95656826434345,5.106857951379372,77,,
2018,5,26,15,0,12.6,57,12.4,9.9,37,356.0,2,197.40214326457615,0,1015.4,246.84604840418504,5.349071786253662,86,,
2018,5,26,16,0,12,67,0,9.7,2,181.0,1,63.3900277853876,0,1015.1,251.23212253580093,5.633519820036505,96,,
2018,5,26,17,0,11.4,76,0,9.4,0,0.0,0,0.0,0,1014.8,258.3950659512608,5.700514695077248,106,,
2018,5,26,18,0,10.8,85,0,9.1,0,0.0,0,0.0,0,1014.5,244.1074036201334,5.581819737179726,117,,
2018,5,26,19,0,10.2,95,0,8.8,0,0.0,0,0.0,0,1014.2,229.7663007717892,5.869291905946337,129,,
2018,5,26,20,0,9.6,108,0,8.6,0,0.0,0,0.0,0,1013.9,220.1049798600894,7.052596457185854,140,,
2018,5,26,21,0,9.6,125,0,8.6,0,0.0,0,0.0,0,1013.5,224.7014887801433,7.853031476515508,150,,
2018,5,26,22,0,10,153,0,8.9,0,0.0,0,0.0,0,1013,225.9766520375009,8.872233517058424,157,,
2018,5,26,23,0,10.6,-170,0,9.3,0,0.0,0,0.0,0,1012.5,226.25192072566605,9.639738348154246,159,,
2018,5,27,0,0,11,-138,1,9.5,0,0.0,0,0.0,0,1011.9,222.87079525990268,10.20381466577861,154,,
2018,5,27,1,0,11.3,-116,53.6,9.6,0,0.0,0,0.0,0,1011.2,219.7087725626786,10.342868931635364,145,,
2018,5,27,2,0,11.6,-101,82.8,9.8,0,0.0,0,0.0,0,1010.6,213.83137231778605,11.3118014883971,134,,
2018,5,27,3,0,11.7,-90,82.4,9.9,0,0.0,0,0.0,0,1010,209.6474098103977,11.89063610823284,123,,
2018,5,27,4,0,11.8,-81,62.8,10.1,0,0.0,0,0.0,0,1009.5,208.7092064844392,12.119501216420636,112,,
2018,5,27,5,0,11.8,-72,50.9,10.2,0,0.0,0,0.0,0,1009,208.5323861473976,12.45453149805271,101,,
2018,5,27,6,0,12.1,-62,34.1,10.5,10,0.0,0,0.0,0,1008.6,206.6494401358821,12.898566854788326,91,,
2018,5,27,7,0,12.5,-52,53.8,10.9,33,3.0,0,2.0,0,1008.5,205.77235372285543,12.919114674836322,81,,
2018,5,27,8,0,12.9,-40,84.9,11.4,27,30.0,0,37.145730124106,0,1008.4,208.3617071184333,12.74573913137029,73,,
2018,5,27,9,0,13.1,-27,82.5,11.6,59,125.0,4,130.01507669845674,0,1008,210.0881552875861,13.15149116981708,67,,
2018,5,27,10,0,13.2,-12,28.2,11.7,88,365.0,212,277.6992536929717,0,1007.4,209.67934957746533,13.529303441542393,63,,
2018,5,27,11,0,13.2,4,32,11.8,168,477.0,118,372.445201130873,0,1006.7,211.33006528754888,13.248745816180897,62,,
2018,5,27,12,0,13.3,19,42.6,11.8,219,453.0,1,390.45928050215673,0,1006.3,207.9357020353648,13.775630938555212,65,,
2018,5,27,13,0,13.4,33,27.3,11.8,178,303.0,35,318.1910344301399,0,1005.9,206.28622577351675,14.246913328828354,70,,
2018,5,27,14,0,13.5,46,11.2,11.8,93,201.0,60,226.8987058486116,0,1005.5,206.6247960288921,14.030788271726031,77,,
2018,5,27,15,0,13.5,57,2.1,11.8,25,64.0,24,100.34539224815413,0,1005.4,207.2992236396117,13.804048947654568,86,,
2018,5,27,16,0,13.4,67,0,11.8,2,16.0,1,21.654493377150683,0,1005.5,204.96939624055267,13.96653769509614,96,,
2018,5,27,17,0,13.3,76,0,11.8,0,0.0,0,0.0,0,1005.5,204.6567745421669,14.039877129697036,106,,
2018,5,27,18,0,13.2,85,0.6,11.7,0,0.0,0,0.0,0,1005.5,205.1989911113164,13.615824422717624,117,,
2018,5,27,19,0,13.1,95,33.4,11.6,0,0.0,0,0.0,0,1005.4,206.30111634845332,13.083429327337251,129,,
2018,5,27,20,0,13,107,48.3,11.4,0,0.0,0,0.0,0,1005.3,209.5680368770211,13.04869186862378,140,,
2018,5,27,21,0,12.9,125,49.3,11.4,0,0.0,0,0.0,0,1005.1,210.32136920183507,12.421029773482376,150,,
2018,5,27,22,0,12.8,153,21.4,11.4,0,0.0,0,0.0,0,1004.9,214.031748989744,11.127516301215357,157,,
2018,5,27,23,0,12.8,-170,4.5,11.5,0,0.0,0,0.0,0,1004.6,224.08064106512683,9.156105369102598,159,,
2018,5,28,0,0,12.7,-137,1.6,11.5,0,0.0,0,0.0,0,1004.3,232.15882589997847,8.38230789599849,154,,
2018,5,28,1,0,12.7,-115,0,11.4,0,0.0,0,0.0,0,1004.1,255.9109676219725,8.740464194915173,145,,
2018,5,28,2,0,12.6,-101,0,11.4,0,0.0,0,0.0,0,1003.8,261.9252010356298,9.550745206113488,134,,
2018,5,28,3,0,12.6,-90,0,11.4,0,0.0,0,0.0,0,1003.5,266.01267289697245,10.85953795496026,123,,
2018,5,28,4,0,12.6,-81,0,11.4,0,0.0,0,0.0,0,1003.3,264.8860498751168,11.062590520563848,112,,
2018,5,28,5,0,12.7,-71,0,11.5,0,0.0,0,0.0,0,1003.1,267.42008307081664,10.798787352025649,101,,
2018,5,28,6,0,12.9,-62,0.7,11.6,10,0.0,6,0.0,0,1002.8,270.38308349844635,11.10058991361728,91,,
2018,5,28,7,0,13.3,-52,38.6,11.7,46,1.0,3,1.0,0,1002.5,241.1534005879903,9.60185004751207,81,,
2018,5,28,8,0,13.7,-40,79.3,11.8,41,9.0,0,25.622424018673488,0,1002.3,250.4623982470176,9.43198901125682,73,,
2018,5,28,9,0,13.8,-27,95.5,11.9,18,22.0,0,76.87433480101515,0,1001.7,252.7380513980538,10.005347541675992,67,,
2018,5,28,10,0,13.6,-12,94.2,12,27,16.0,0,110.51176926438092,0,1000.9,253.0286742684462,11.168506688081097,63,,
2018,5,28,11,0,13.4,4,77.5,12,94,7.0,0,93.99639216257836,0,1000.1,253.39301942138297,11.99496578874754,63,,
2018,5,28,12,0,13.1,19,45.6,11.8,196,3.0,4,65.39922763437795,0,999.6,258.7050928615411,13.145718615837946,65,,
2018,5,28,13,0,12.7,33,65.4,11.4,108,2.0,2,55.913778156724895,0,999.4,264.73014205573577,13.53254175958087,70,,
2018,5,28,14,0,12.3,46,73.3,10.9,36,4.0,0,55.60061137749828,0,999.2,271.0326088486669,12.802127887202374,77,,
2018,5,28,15,0,11.8,57,46.9,10.4,15,9.0,0,53.70128852827648,0,999.3,255.75722556985505,12.008019176881144,86,,
2018,5,28,16,0,11.3,67,12.8,9.7,1,7.0,0,16.14807396908101,0,999.7,247.61699238441128,12.18407346044638,96,,
2018,5,28,17,0,10.8,76,0,9,0,0.0,0,0.0,0,1000.1,253.2565203638384,12.266891438409088,106,,
2018,5,28,18,0,10.4,85,0,8.3,0,0.0,0,0.0,0,1000.6,259.69842585986385,12.9995908397695,118,,
2018,5,28,19,0,10.1,95,0,7.6,0,0.0,0,0.0,0,1001,247.2157104622898,14.240067651191488,129,,
2018,5,28,20,0,9.8,107,0,6.9,0,0.0,0,0.0,0,1001.5,249.33485032228265,15.68105617341068,140,,
2018,5,28,21,0,9.6,125,0,6.6,0,0.0,0,0.0,0,1001.8,254.8739566250095,16.491023752199816,150,,
2018,5,28,22,0,9.5,152,0,6.7,0,0.0,0,0.0,0,1002,254.8854886847757,15.949956226139332,157,,
2018,5,28,23,0,9.3,-170,0,6.8,0,0.0,0,0.0,0,1002.2,263.731403055312,16.13897621323026,159,,
2018,5,29,0,0,9.1,-137,0,6.7,0,0.0,0,0.0,0,1002.5,267.05626442858977,16.43917282643247,154,,
2018,5,29,1,0,8.9,-115,0,6.6,0,0.0,0,0.0,0,1002.9,266.08991556882927,15.477433191231343,145,,
2018,5,29,2,0,8.7,-101,0,6.4,0,0.0,0,0.0,0,1003.3,264.0798935514808,14.42949613187134,135,,
2018,5,29,3,0,8.6,-90,0,6.2,0,0.0,0,0.0,0,1003.9,280.3154816981254,16.469820114489803,123,,
2018,5,29,4,0,8.6,-80,0,5.8,0,0.0,0,0.0,0,1004.6,287.3670825429276,16.934869023473468,112,,
2018,5,29,5,0,8.6,-71,0,5.5,0,0.0,0,0.0,0,1005.3,288.8800037758947,18.37766473126001,101,,
2018,5,29,6,0,9,-62,0,5.4,11,0.0,3,0.0,0,1005.8,285.80349313849774,16.85790860937776,91,,
2018,5,29,7,0,9.7,-52,0,5.4,44,2.0,57,2.0,0,1006.3,285.3961170721276,17.210902514878853,81,,
2018,5,29,8,0,10.5,-40,1.4,5.5,76,18.0,153,35.20329431843959,0,1006.8,289.05125001172064,16.163910608329296,73,,
2018,5,29,9,0,10.9,-27,2.6,5.4,89,176.0,249,155.55546975430602,0,1006.9,297.87853696681174,17.118606809746325,67,,
2018,5,29,10,0,11.2,-12,20.5,5.3,197,224.0,130,231.590792000848,0,1006.8,297.4644729161492,17.945346352292432,63,,
2018,5,29,11,0,11.5,4,52.2,5.1,186,93.0,19,211.5706608890093,0,1006.7,295.27069228797654,18.94240752767874,63,,
2018,5,29,12,0,11.6,19,25.7,5.2,108,33.0,172,159.30878031029312,0,1006.6,296.793901409364,18.86151486371797,65,,
2018,5,29,13,0,11.6,33,43.3,5.4,88,192.0,96,265.2633851241866,0,1006.7,316.84500627694064,18.370131090830263,70,,
2018,5,29,14,0,11.6,46,50.4,5.7,78,322.0,0,268.1313669500833,0,1006.8,5.281342767488354,19.48163067963125,77,,
2018,5,29,15,0,11.6,57,15.1,6,29,241.0,1,163.84576737445647,0,1006.9,10.161089077384474,19.730108351088507,86,,
2018,5,29,16,0,11.5,66,0,6.2,2,106.0,0,47.19480117654747,0,1007.1,21.47850008584885,20.60131177579678,96,,
2018,5,29,17,0,11.5,76,0,6.4,0,0.0,0,0.0,0,1007.2,22.958682183688666,19.55354576115376,107,,
2018,5,29,18,0,11.3,85,0,6.7,0,0.0,0,0.0,0,1007.3,23.07973996903945,17.16966738234003,118,,
2018,5,29,19,0,11,95,0,7,0,0.0,0,0.0,0,1007.2,12.200396212551482,15.287413576900212,129,,
2018,5,29,20,0,10.8,107,0,7.3,0,0.0,0,0.0,0,1007.1,13.37298801836937,14.414782208925413,140,,
2018,5,29,21,0,10.8,124,0.6,7.7,0,0.0,0,0.0,0,1006.9,13.845158979633029,13.671127080895802,150,,
2018,5,29,22,0,10.9,152,30.9,8.3,0,0.0,0,0.0,0,1006.5,14.41069163791434,13.898725012410178,158,,
2018,5,29,23,0,11.1,-170,47.8,8.8,0,0.0,0,0.0,0,1006.1,15.95370738638195,13.8706672106568,159,,
2018,5,30,0,0,11.2,-137,48.1,9.1,0,0.0,0,0.0,0,1005.7,15.881788200538892,12.86840566486634,154,,
2018,5,30,1,0,11.1,-115,61.5,9.3,0,0.0,0,0.0,0,1005.2,11.791215804586727,11.622445638545486,145,,
2018,5,30,2,0,11,-101,69,9.4,0,0.0,0,0.0,0,1004.8,11.457452905769912,11.120530345005584,135,,
2018,5,30,3,0,11,-90,68.8,9.4,0,0.0,0,0.0,0,1004.3,9.00469134681191,11.181012966080765,124,,
2018,5,30,4,0,11,-80,58,9.5,0,0.0,0,0.0,0,1003.9,4.454991863736609,11.264747535193612,112,,
2018,5,30,5,0,11.1,-71,52,9.5,0,0.0,0,0.0,0,1003.5,358.79419905072206,11.88007215293333,101,,
2018,5,30,6,0,11.4,-62,52.4,9.6,6,0.0,0,0.0,0,1002.9,357.24305526926685,12.141249987938911,91,,
2018,5,30,7,0,11.8,-51,73,9.7,17,3.0,0,2.0,0,1002.2,7.020070462398508,12.449038345949695,82,,
2018,5,30,8,0,12.3,-40,64.4,9.8,87,54.0,0,44.48840878395055,0,1001.5,0.2999138263364784,11.940104984240431,73,,
2018,5,30,9,0,12.4,-26,50.8,10,162,91.0,0,118.71384759353047,0,1000.7,349.9940680903313,11.870494359189856,67,,
2018,5,30,10,0,12.3,-12,46.5,10.3,211,88.0,0,179.87033080846828,0,1000,341.0641935938534,13.548128952192618,64,,
2018,5,30,11,0,12.1,4,41.6,10.6,238,20.0,0,135.4601822850788,0,999.2,332.8143034696086,14.595239610227605,63,,
2018,5,30,12,0,11.8,19,69.8,10.4,118,19.0,1,138.7682351670511,0,998.9,334.7214712462647,17.861492485345515,65,,
2018,5,30,13,0,11.3,33,44.9,10,112,9.0,34,97.06980513506612,0,999.1,324.9350815881008,17.33916963632002,70,,
2018,5,30,14,0,10.9,46,15.4,9.5,99,5.0,44,57.97896958980097,0,999.2,333.0799528016572,20.98788794555999,77,,
2018,5,30,15,0,10.5,56,4.3,9.1,28,3.0,15,29.88856526832997,0,999.5,351.9639877173349,21.61360417243202,86,,
2018,5,30,16,0,10.3,66,0,8.7,2,2.0,0,6.321039184142433,0,999.8,2.724793857656607,18.857990825649733,96,,
2018,5,30,17,0,10.1,76,0,8.4,0,0.0,0,0.0,0,1000.1,30.81939464977808,17.08300484325959,107,,
2018,5,30,18,0,10.2,85,0,8.1,0,0.0,0,0.0,0,1000,44.40569696974586,14.2635737340926,118,,
2018,5,30,19,0,10.4,95,0,7.8,0,0.0,0,0.0,0,999.5,46.1841864057414,12.822328967993323,129,,
2018,5,30,20,0,10.7,107,0,7.6,0,0.0,0,0.0,0,999,43.98648976462641,13.263607246871732,140,,
2018,5,30,21,0,10.8,124,0,7.6,0,0.0,0,0.0,0,998.5,44.93659343630003,12.47968274239769,150,,
2018,5,30,22,0,10.9,152,0,7.8,0,0.0,0,0.0,0,998,42.58997680068916,11.885107218864968,158,,
2018,5,30,23,0,10.9,-170,0,8,0,0.0,0,0.0,0,997.5,43.52035747476123,10.803898918408112,159,,
2018,5,31,0,0,10.9,-137,0,8,0,0.0,0,0.0,0,997.1,49.315597562086566,10.387807461196935,155,,
2018,5,31,1,0,10.9,-115,0,7.9,0,0.0,0,0.0,0,996.8,60.04499376364549,10.726018198627369,146,,
2018,5,31,2,0,10.8,-100,0,7.7,0,0.0,0,0.0,0,996.6,62.54960593530637,11.48250987678932,135,,
2018,5,31,3,0,10.7,-90,0,7.6,0,0.0,0,0.0,0,996.4,67.5783871722893,12.510460258215248,124,,
2018,5,31,4,0,10.5,-80,0,7.6,0,0.0,0,0.0,0,996.4,74.6289221400121,12.18817649822213,112,,
2018,5,31,5,0,10.3,-71,0,7.7,0,0.0,0,0.0,0,996.4,72.08253740572627,11.454459223243774,101,,
2018,5,31,6,0,10.2,-62,0.8,7.6,9,0.0,1,0.0,0,996.3,71.34634549739894,12.317454597435148,91,,
2018,5,31,7,0,10.2,-51,39.3,7.5,34,7.0,1,2.0000000000000004,0,996.3,68.55252563392389,12.42509582317559,82,,
2018,5,31,8,0,10.2,-40,65.5,7.4,64,207.0,0,63.919095144941146,0,996.2,68.97807832534409,11.853636875057296,74,,
2018,5,31,9,0,9.8,-26,71.7,7,86,390.0,0,189.5668037521137,0,996.3,69.17704213434729,10.433691417789673,67,,
2018,5,31,10,0,9.1,-12,71.7,6.4,110,603.0,0,317.22572413501337,0,996.5,67.40961653074027,9.81798507374596,64,,
2018,5,31,11,0,8.3,4,71.9,5.8,116,649.0,0,401.97708457113714,0,996.6,68.78540566027493,9.499476672490006,63,,
2018,5,31,12,0,7.8,19,58.5,5.3,156,661.0,0,436.5056773854247,0,997.1,66.75778256591582,9.97797744324081,65,,
2018,5,31,13,0,7.4,33,37.1,4.7,174,642.0,10,415.9009255864805,0,997.6,63.7235245340637,11.294251832542184,70,,
2018,5,31,14,0,7.1,45,37.3,4.1,108,588.0,6,340.5337190319133,0,998.2,66.12794388683187,11.119467315886691,77,,
2018,5,31,15,0,6.8,56,15.1,3.7,29,465.0,1,214.87889495830964,0,999.1,68.32570480046263,10.830426171147623,86,,
2018,5,31,16,0,6.4,66,0,3.3,2,224.0,0,64.59900212059716,0,1000.2,70.19079535919309,10.143437214563471,96,,
2018,5,31,17,0,6.1,75,0,2.9,0,0.0,0,0.0,0,1001.3,76.31415647527359,9.072281028315643,107,,
2018,5,31,18,0,5.8,84,0,2.5,0,0.0,0,0.0,0,1002.2,87.45097765081624,7.509627778731471,118,,
2018,5,31,19,0,5.5,94,0,2,0,0.0,0,0.0,0,1002.9,83.25332856068735,6.566958702035386,129,,
2018,5,31,20,0,5.2,107,0,1.5,0,0.0,0,0.0,0,1003.7,91.67717887972331,5.588820048494525,140,,
2018,5,31,21,0,5.2,124,0,1.1,0,0.0,0,0.0,0,1004.3,107.22490039246452,4.562541229897854,150,,
2018,5,31,22,0,5.5,152,0,0.8,0,0.0,0,0.0,0,1004.9,134.07957585722596,4.008548996087635,158,,
2018,5,31,23,0,5.7,-170,0,0.5,0,0.0,0,0.0,0,1005.5,158.0343153023149,3.636805556886932,160,,
2018,6,1,0,0,5.8,-137,0,0.5,0,0.0,0,0.0,0,1006,171.88134679865004,3.282902120014189,155,,
2018,6,1,1,0,5.8,-115,0,0.8,0,0.0,0,0.0,0,1006.5,179.08129134837486,2.8321511815425864,146,,
2018,6,1,2,0,5.7,-100,0,1,0,0.0,0,0.0,0,1007,173.5135320702102,2.97804815907732,135,,
2018,6,1,3,0,5.7,-89,0,1.1,0,0.0,0,0.0,0,1007.6,163.7316013768036,3.277724642893155,124,,
2018,6,1,4,0,5.9,-80,0,1,0,0.0,0,0.0,0,1008.4,157.11303182486108,3.436297856716086,112,,
2018,6,1,5,0,6,-71,0,0.8,0,0.0,0,0.0,0,1009.2,151.50974866904613,3.194751167890593,102,,
2018,6,1,6,0,6.3,-62,0,1,9,0.0,3,0.0,0,1009.9,147.12581946746604,2.891207455900529,91,,
2018,6,1,7,0,6.8,-51,0.4,1.5,43,10.0,55,2.0000000000000004,0,1010.8,137.15965108434216,2.088967968692879,82,,
2018,6,1,8,0,7.3,-40,21.1,2,140,255.0,32,60.37238999389345,0,1011.6,147.96386955167338,2.170071655927388,74,,
2018,6,1,9,0,7.6,-26,23.6,2.3,187,466.0,79,187.78325728175827,0,1012,149.68031168293112,1.337195646114547,68,,
2018,6,1,10,0,7.9,-12,6.9,2.5,119,553.0,264,307.08424809452754,0,1012.2,125.45269837526008,0.7462731989412713,64,,
2018,6,1,11,0,8.1,4,8.9,2.6,146,603.0,238,390.2353148438443,0,1012.3,117.79702857971772,0.6601638793504455,63,,
2018,6,1,12,0,8.2,19,6.2,2.7,115,610.0,245,421.72711151558207,0,1012.4,115.37930538754682,0.6225856401140936,65,,
2018,6,1,13,0,8.2,33,2,2.6,70,579.0,224,396.3343688360743,0,1012.7,27.25256753171709,0.5459543380367917,70,,
2018,6,1,14,0,8.2,45,2.1,2.5,55,488.0,115,311.2164286937221,0,1012.9,23.87299397257584,0.8252424418517291,77,,
2018,6,1,15,0,8.2,56,0.8,2.3,20,346.0,26,185.25342393789032,0,1013.3,30.467149461221595,1.7680593941883185,86,,
2018,6,1,16,0,8,66,0,2,1,136.0,0,49.41029563379115,0,1013.9,45.93351044004254,1.7695555190554728,96,,
2018,6,1,17,0,7.9,75,0,1.8,0,0.0,0,0.0,0,1014.4,60.14821652888276,1.801534979048427,107,,
2018,6,1,18,0,7.5,84,0,1.8,0,0.0,0,0.0,0,1014.9,72.94873814444651,1.9183078318518487,118,,
2018,6,1,19,0,6.8,94,0,1.9,0,0.0,0,0.0,0,1015.4,69.95214354339885,2.860848479706334,129,,
2018,6,1,20,0,6.1,106,0,2.1,0,0.0,0,0.0,0,1015.8,78.66425099899243,3.0815995739612947,140,,
2018,6,1,21,0,6,124,0,2.1,0,0.0,0,0.0,0,1016.1,88.50544623540173,3.313627267159762,150,,
2018,6,1,22,0,6.5,151,0,2.2,0,0.0,0,0.0,0,1016.4,83.99291478603521,3.811947172763555,158,,
2018,6,1,23,0,7,-170,0,2.2,0,0.0,0,0.0,0,1016.6,81.91814215175759,4.018425732903977,160,,
2018,6,2,0,0,7.2,-137,0,2.2,0,0.0,0,0.0,0,1016.7,81.61656346761919,3.873173821735447,155,,
2018,6,2,1,0,7.2,-115,0,2.3,0,0.0,0,0.0,0,1016.8,98.3631686463284,2.546365066684971,146,,
2018,6,2,2,0,7.2,-100,0,2.4,0,0.0,0,0.0,0,1016.8,113.39876041914522,2.973006078760712,135,,
2018,6,2,3,0,7.2,-89,0,2.5,0,0.0,0,0.0,0,1017,113.5178925090949,3.4341845823195696,124,,
2018,6,2,4,0,7.2,-80,0,2.7,0,0.0,0,0.0,0,1017.2,107.87738219839709,3.5939412356371614,113,,
2018,6,2,5,0,7.3,-71,0,2.8,0,0.0,0,0.0,0,1017.5,100.5839356609365,3.41602742022424,102,,
2018,6,2,6,0,7.4,-62,0,3.3,8,0.0,5,0.0,0,1017.8,102.3213076734122,3.626750432987441,91,,
2018,6,2,7,0,7.7,-51,1.1,3.9,35,3.0,69,1.0000000000000002,0,1018.2,105.67190977025598,2.234180268558453,82,,
2018,6,2,8,0,8,-40,1.8,4.7,58,51.0,177,39.9692176074375,0,1018.6,100.50836072803456,2.2930978092090144,74,,
2018,6,2,9,0,8.5,-26,1.8,4.7,67,93.0,276,111.50762692340606,0,1018.6,115.32617453470948,2.0957117853758978,68,,
2018,6,2,10,0,9.1,-12,2.1,4.4,75,96.0,331,178.9140074353244,0,1018.3,112.14280061362632,1.77284165174003,64,,
2018,6,2,11,0,9.8,4,2.3,3.9,79,106.0,340,223.1041664836013,0,1018,109.92192152664164,1.3477416301715772,63,,
2018,6,2,12,0,10,19,2.2,3.8,75,95.0,306,227.2052521073186,0,1017.6,126.51888361649516,0.8767254370279873,66,,
2018,6,2,13,0,10,33,2,3.8,65,69.0,230,191.76699747499265,0,1017.3,121.75172903243674,0.438417970272684,70,,
2018,6,2,14,0,9.9,45,4.8,3.9,53,37.0,117,125.4304015427908,0,1016.9,286.3828345243333,0.5885950981349508,78,,
2018,6,2,15,0,9.6,56,34.8,3.9,19,20.0,26,64.82037744548818,0,1016.8,331.912106831791,0.8011403092927262,86,,
2018,6,2,16,0,9.2,66,18.4,3.8,1,10.0,0,16.56033104687812,0,1016.9,332.59876224032763,0.7257075458136933,96,,
2018,6,2,17,0,8.8,75,0,3.8,0,0.0,0,0.0,0,1017,276.5804469025084,0.7136861882186447,107,,
2018,6,2,18,0,8,84,0.5,3.6,0,0.0,0,0.0,0,1016.9,299.9773335198729,1.0822846429258528,118,,
2018,6,2,19,0,7,94,25.2,3.5,0,0.0,0,0.0,0,1016.7,28.70354103382465,1.2113556416820446,129,,
2018,6,2,20,0,6,106,14.7,3.3,0,0.0,0,0.0,0,1016.5,73.67260733551251,1.2575008646012171,140,,
2018,6,2,21,0,5.7,123,30.3,3.3,0,0.0,0,0.0,0,1016.3,140.36415776233002,1.1079802543485078,150,,
2018,6,2,22,0,5.9,151,16.9,3.5,0,0.0,0,0.0,0,1016,197.12504296420656,1.5670339796305153,158,,
2018,6,2,23,0,6.2,-170,0.6,3.7,0,0.0,0,0.0,0,1015.7,217.80082582688257,1.737094516917928,160,,
2018,6,3,0,0,6.2,-137,33.6,3.8,0,0.0,0,0.0,0,1015.6,221.102332178406,1.9047550843463,155,,
2018,6,3,1,0,6.2,-114,51.9,3.8,0,0.0,0,0.0,0,1015.5,210.2132525894978,0.7927465268398534,146,,
2018,6,3,2,0,6,-100,51.9,3.8,0,0.0,0,0.0,0,1015.4,276.18235253220803,0.4012594333621218,135,,
2018,6,3,3,0,5.9,-89,52,3.7,0,0.0,0,0.0,0,1015.4,263.0117927977635,0.3170525813552456,124,,
2018,6,3,4,0,5.7,-80,51.5,3.5,0,0.0,0,0.0,0,1015.4,216.96400568396405,1.2188493003494865,113,,
2018,6,3,5,0,5.6,-71,51.1,3.3,0,0.0,0,0.0,0,1015.4,225.28862163519344,1.2680090831422235,102,,
2018,6,3,6,0,5.9,-61,50.9,3.5,6,0.0,1,0.0,0,1015.4,232.6715577833337,0.9517882932670454,91,,
2018,6,3,7,0,6.7,-51,18.4,4.1,27,2.0,75,1.0000000000000002,0,1015.3,204.019281014624,1.150395702616394,82,,
2018,6,3,8,0,7.5,-40,1.2,4.7,51,20.0,185,32.12441416678346,0,1015.2,200.7742583812761,0.9003318386788115,74,,
2018,6,3,9,0,8.3,-26,1.9,4.8,63,30.0,279,84.22830094088974,0,1014.9,170.46807115830268,0.7268318989407245,68,,
2018,6,3,10,0,9.1,-12,0.7,4.5,58,65.0,353,149.46722589954473,0,1014.5,170.62990325881788,0.8727285671066489,64,,
2018,6,3,11,0,9.9,4,3.1,4.1,80,147.0,335,234.84951897483768,0,1014,199.83371602428124,1.3599684724238787,63,,
2018,6,3,12,0,10.2,19,3.9,4.2,84,256.0,290,298.9039789172587,0,1013.6,225.19508878532784,1.4703279703199992,66,,
2018,6,3,13,0,10.2,33,6.3,4.6,83,306.0,201,302.86292151725,0,1013.5,262.54467294383767,1.2606571798231558,71,,
2018,6,3,14,0,10.1,45,4.5,5,56,324.0,112,258.8050283577806,0,1013.3,275.0311525517498,1.2332672025160103,78,,
2018,6,3,15,0,9.9,56,0.9,5,16,231.0,32,152.8745511125839,0,1013.1,302.6687058745052,1.1624007685157982,86,,
2018,6,3,16,0,9.5,66,0,4.7,1,68.0,0,34.522138596057054,0,1013,338.9483795572663,1.565941111313632,96,,
2018,6,3,17,0,9.1,75,0,4.3,0,0.0,0,0.0,0,1012.9,2.982793882828389,2.4021802396876724,107,,
2018,6,3,18,0,8.3,84,0,3.8,0,0.0,0,0.0,0,1012.7,12.932337485010407,2.6094002294177314,118,,
2018,6,3,19,0,7.1,94,0,3.2,0,0.0,0,0.0,0,1012.6,6.688800284140768,2.3308061867602525,129,,
2018,6,3,20,0,6,106,0,2.6,0,0.0,0,0.0,0,1012.6,344.6237487511738,2.5928085640864427,140,,
2018,6,3,21,0,5.6,123,0,2.3,0,0.0,0,0.0,0,1012.3,333.30546705574653,3.3819522688947257,151,,
2018,6,3,22,0,5.9,151,0,2.3,0,0.0,0,0.0,0,1011.9,347.83104249570374,3.7525313496280814,158,,
2018,6,3,23,0,6.3,-170,0,2.3,0,0.0,0,0.0,0,1011.5,5.431894334649826,4.16518847073436,160,,
2018,6,4,0,0,6.3,-136,0.1,2.2,0,0.0,0,0.0,0,1011.1,1.041231180068678,4.50074317543891,155,,
2018,6,4,1,0,6.1,-114,2.8,2.2,0,0.0,0,0.0,0,1010.6,1.0810459314569698,4.335000110371026,146,,
2018,6,4,2,0,5.8,-100,9.7,2.1,0,0.0,0,0.0,0,1010.1,357.7115134290853,4.212588310447991,135,,
2018,6,4,3,0,5.8,-89,36.5,2.2,0,0.0,0,0.0,0,1009.7,356.466648940204,4.405102201536209,124,,
2018,6,4,4,0,5.9,-80,18.1,2.5,0,0.0,0,0.0,0,1009.2,5.816034557388434,4.105361320040969,113,,
2018,6,4,5,0,6.1,-71,0.1,2.7,0,0.0,0,0.0,0,1008.8,20.10751478280196,3.5735220224836914,102,,
2018,6,4,6,0,6.5,-61,5.6,3.3,9,0.0,1,0.0,0,1008.4,30.08415655877519,2.700164805786642,92,,
2018,6,4,7,0,7.1,-51,32.3,4,55,3.0,1,1.0000000000000002,0,1007.9,26.71953951581338,3.522911700751476,82,,
2018,6,4,8,0,7.7,-40,73.7,4.7,47,132.0,0,51.165954778101685,0,1007.4,29.72512521617341,3.8641848919986894,74,,
2018,6,4,9,0,8.4,-26,86,5.2,47,285.0,0,158.5773700347302,0,1006.8,49.18278767041994,5.199933083956492,68,,
2018,6,4,10,0,9.1,-12,90.7,5.5,35,454.0,0,275.9914695848028,0,1006.1,77.6435927202549,6.336479441352423,64,,
2018,6,4,11,0,9.8,4,91.9,5.7,33,494.0,0,349.477521091078,0,1005.4,90.60751524300632,7.920855409516847,64,,
2018,6,4,12,0,9.9,19,76.2,5.9,84,521.0,0,384.8689673802703,0,1004.8,80.90521134673196,6.857698066123448,66,,
2018,6,4,13,0,9.6,33,48.6,6,137,548.0,0,378.3229777962473,0,1004.5,70.39524111250182,8.073751601245448,71,,
2018,6,4,14,0,9.3,45,30.2,6.1,109,533.0,0,318.0931311880921,0,1004.1,70.12312780539668,8.639706664580691,78,,
2018,6,4,15,0,8.9,56,40.1,6.1,31,428.0,0,200.3000054795872,0,1004,74.53440210436918,8.906481502268118,86,,
2018,6,4,16,0,8.6,66,17.4,6.2,0,149.0,0,48.87762343618837,0,1004.1,82.86424166910922,8.88350351039701,96,,
2018,6,4,17,0,8.2,75,0,6.2,0,0.0,0,0.0,0,1004.2,91.98793136294772,8.382242067807432,107,,
2018,6,4,18,0,8.1,84,0.7,6.3,0,0.0,0,0.0,0,1004.7,91.98947640205512,7.756872951933612,118,,
2018,6,4,19,0,8.1,94,35.4,6.5,0,0.0,0,0.0,0,1005.5,89.98130643475366,7.482910554521808,129,,
2018,6,4,20,0,8.1,106,52.4,6.7,0,0.0,0,0.0,0,1006.2,90.65349859754303,7.170876581012468,140,,
2018,6,4,21,0,8,123,50.4,6.6,0,0.0,0,0.0,0,1006.7,96.3903930277271,6.523442945649393,151,,
2018,6,4,22,0,7.8,151,18.1,6.2,0,0.0,0,0.0,0,1006.9,97.26090996481328,6.409307020283482,158,,
2018,6,4,23,0,7.6,-171,0,5.7,0,0.0,0,0.0,0,1007.2,100.14427092954378,6.373561210581993,160,,
2018,6,5,0,0,7.4,-136,0,5.5,0,0.0,0,0.0,0,1007.4,102.50826769578396,6.426459302753029,155,,
2018,6,5,1,0,7.4,-114,0,5.3,0,0.0,0,0.0,0,1007.5,104.9306409177459,5.803857494996208,146,,
2018,6,5,2,0,7.4,-100,0,5.1,0,0.0,0,0.0,0,1007.6,103.3173937503356,6.022297218142395,135,,
2018,6,5,3,0,7.4,-89,0,5,0,0.0,0,0.0,0,1008,106.3302341070995,5.976459542179264,124,,
2018,6,5,4,0,7.4,-80,0,4.9,0,0.0,0,0.0,0,1008.6,114.35157500601775,6.453818928167428,113,,
2018,6,5,5,0,7.5,-71,0,4.9,0,0.0,0,0.0,0,1009.1,118.14527691434311,6.477343232662432,102,,
2018,6,5,6,0,7.8,-61,0.3,5.1,8,0.0,2,0.0,0,1009.8,116.67593308908243,6.205973722948705,92,,
2018,6,5,7,0,8.4,-51,16.8,5.6,65,7.0,6,1.0000000000000004,0,1010.5,113.58441484681772,6.07453487836995,82,,
2018,6,5,8,0,9,-39,58.3,6.1,75,236.0,3,55.371543226152525,0,1011.2,122.26387870467846,5.449288212596656,74,,
2018,6,5,9,0,9.7,-26,78.3,6.5,71,490.0,0,185.73205166585095,0,1011.4,133.62814296690317,4.038018982780771,68,,
2018,6,5,10,0,10.5,-12,79.5,6.8,81,581.0,0,307.504285872233,0,1011.3,170.042170477412,3.490076984769697,65,,
2018,6,5,11,0,11.2,3,82.1,7.1,73,609.0,0,385.656442884185,0,1011.2,182.79167751260468,3.990086907991503,64,,
2018,6,5,12,0,11.6,19,86.2,7.3,51,606.0,0,415.0672977205824,0,1011.2,184.40603867835293,4.096334573351674,66,,
2018,6,5,13,0,11.6,32,90.9,7.6,26,562.0,0,385.5584562806749,0,1011.2,195.4804095698001,5.619895483925314,71,,
2018,6,5,14,0,11.5,45,64.9,7.8,42,403.0,0,279.2149319967692,0,1011.3,191.33697225628893,7.2032947354788215,78,,
2018,6,5,15,0,11.3,56,18.5,8,22,161.0,0,128.1700820747675,0,1011.5,183.29312072519068,7.616091918406654,86,,
2018,6,5,16,0,10.9,66,34.5,8.1,1,45.0,0,27.859986638140803,0,1011.8,182.88740627292165,7.488022017232863,96,,
2018,6,5,17,0,10.5,75,19.3,8.3,0,0.0,0,0.0,0,1012.1,187.01655844023864,7.534699678802362,107,,
2018,6,5,18,0,10.4,84,0.6,8.5,0,0.0,0,0.0,0,1012.4,196.85532186398737,6.987691382071623,118,,
2018,6,5,19,0,10.5,94,33.6,8.8,0,0.0,0,0.0,0,1012.8,206.5940254057044,8.204448905560225,129,,
2018,6,5,20,0,10.7,106,52,9.1,0,0.0,0,0.0,0,1013.1,208.77856082853228,9.012029651558567,140,,
2018,6,5,21,0,10.9,123,52.7,9.5,0,0.0,0,0.0,0,1013.2,215.541345105926,9.754868404550784,151,,
2018,6,5,22,0,11.3,151,72.2,10.1,0,0.0,0,0.0,0,1013.2,220.7209945140512,10.254355836730523,158,,
2018,6,5,23,0,11.7,-171,81.6,10.6,0,0.0,0,0.0,0,1013.1,220.99932726139104,10.768532065667625,160,,
2018,6,6,0,0,11.9,-136,82.2,11.1,0,0.0,0,0.0,0,1012.9,219.59780554670505,11.24956428160889,155,,
2018,6,6,1,0,12.2,-114,83,11.4,0,0.0,0,0.0,0,1012.8,217.8518498910295,11.242959701813303,146,,
2018,6,6,2,0,12.4,-100,83,11.8,0,0.0,0,0.0,0,1012.6,215.7339849289669,11.886759780176147,136,,
2018,6,6,3,0,12.6,-89,82.2,12,0,0.0,0,0.0,0,1012.6,219.6399776357734,12.611122681467254,124,,
2018,6,6,4,0,12.7,-80,74.6,12.2,0,0.0,0,0.0,0,1012.8,218.97752865382145,13.187925478774302,113,,
2018,6,6,5,0,12.8,-71,78.8,12.4,0,0.0,0,0.0,0,1013,216.83892650169005,13.278615221206602,102,,
2018,6,6,6,0,13.1,-61,77,12.6,2,0.0,0,0.0,0,1013.2,217.35273387860684,13.054467439651576,92,,
2018,6,6,7,0,13.5,-51,72.5,12.9,25,2.0,0,1.0000000000000002,0,1013.5,220.8099314760261,13.075337002278747,82,,
2018,6,6,8,0,13.8,-39,73.5,13.2,56,48.0,0,37.42999099616338,0,1013.8,220.0670173936497,13.85838602702701,74,,
2018,6,6,9,0,13.9,-26,83.9,13.3,48,151.0,0,126.44342930960626,0,1013.7,221.2140256030374,14.235869062299187,68,,
2018,6,6,10,0,13.7,-12,95,13.2,22,231.0,0,216.9014911440288,0,1013.4,223.9434055513905,14.295620632905615,65,,
2018,6,6,11,0,13.6,3,92.2,13.1,33,414.0,0,326.9471458101966,0,1013.1,225.94955924363012,14.354719787574632,64,,
2018,6,6,12,0,13.5,18,88.9,13,39,496.0,0,377.81431847895806,0,1012.9,228.7842143261096,13.881514199279072,66,,
2018,6,6,13,0,13.5,32,86.1,13,36,568.0000000000001,0,386.2940803787169,0,1012.8,226.36091128055529,13.737905163643234,71,,
2018,6,6,14,0,13.5,45,55.9,12.9,55,519.0,0,314.158385126313,0,1012.7,226.63355804259288,13.474168411119267,78,,
2018,6,6,15,0,13.5,56,67.5,12.8,24,392.0,0,191.93950059725256,0,1012.7,229.41701505537225,12.844100339431956,87,,
2018,6,6,16,0,13.4,65,63.1,12.7,0,149.0,0,48.56547912285397,0,1012.7,230.20268121640785,12.370782176732469,96,,
2018,6,6,17,0,13.3,75,51.3,12.5,0,0.0,0,0.0,0,1012.8,231.3204234095836,11.935054291348774,107,,
2018,6,6,18,0,13.2,84,51.3,12.3,0,0.0,0,0.0,0,1012.8,230.76213599121888,11.62882649859169,118,,
2018,6,6,19,0,13.2,93,44,12,0,0.0,0,0.0,0,1012.8,226.21692433965765,12.079127666116111,129,,
2018,6,6,20,0,13.2,105,39.8,11.8,0,0.0,0,0.0,0,1012.7,224.55595356212137,12.518720960654804,140,,
2018,6,6,21,0,13.2,122,39.3,11.7,0,0.0,0,0.0,0,1012.4,228.09772105586268,12.38867280837694,151,,
2018,6,6,22,0,13.1,150,14.1,11.8,0,0.0,0,0.0,0,1011.8,232.55373117230704,12.06213374644234,158,,
2018,6,6,23,0,13.1,-171,0,11.9,0,0.0,0,0.0,0,1011.2,240.19069107666323,11.687555751565569,160,,
2018,6,7,0,0,13,-136,0,11.8,0,0.0,0,0.0,0,1010.6,239.6237122571013,12.022197066996348,156,,
2018,6,7,1,0,12.9,-114,0,11.5,0,0.0,0,0.0,0,1010,237.7937034988163,12.701083447393298,146,,
2018,6,7,2,0,12.8,-100,0,11.3,0,0.0,0,0.0,0,1009.3,243.16066310163632,13.593221728704108,136,,
2018,6,7,3,0,12.7,-89,0,11,0,0.0,0,0.0,0,1008.8,252.3897647711977,13.73138971617941,124,,
2018,6,7,4,0,12.7,-80,0,10.7,0,0.0,0,0.0,0,1008.3,255.4686628626481,14.315110183065936,113,,
2018,6,7,5,0,12.7,-71,0,10.5,0,0.0,0,0.0,0,1007.9,258.3836897211419,14.863766287109083,102,,
2018,6,7,6,0,13.1,-61,0.3,10.4,7,0.0,1,0.0,0,1007.5,263.4234212970733,15.239195001503898,92,,
2018,6,7,7,0,13.7,-51,14.8,10.5,63,3.0,7,1.0000000000000002,0,1007.2,260.16669525912454,15.596316208609837,83,,
2018,6,7,8,0,14.4,-39,9.5,10.6,84,43.0,114,35.10260819392764,0,1006.9,261.6272691861074,15.99691518088092,75,,
2018,6,7,9,0,14.7,-26,2.8,10.5,92,26.0,216,71.19396936676107,0,1006.3,260.84744205673945,16.47365343975757,68,,
2018,6,7,10,0,14.8,-12,27.3,10.4,183,7.0,90,75.25690928902482,0,1005.5,259.6573428595254,17.272842769658737,65,,
2018,6,7,11,0,14.9,3,18.2,10.3,161,8.0,160,95.25055217833396,0,1004.6,260.5623340137697,18.280639279589604,64,,
2018,6,7,12,0,14.9,18,42.4,10.3,122,14.0,89,124.23778690259424,0,1003.9,264.29628203915297,18.62541526613113,66,,
2018,6,7,13,0,14.8,32,81.2,10.2,56,7.0,0,90.06182472082102,0,1003.2,263.58550078839585,18.439411240457297,71,,
2018,6,7,14,0,14.6,45,77.3,10.2,26,33.0,0,122.62002576560413,0,1002.6,264.6250906778895,18.426723945380747,78,,
2018,6,7,15,0,14.4,56,43,10.4,11,53.0,0,92.0759518230836,0,1002.1,267.59698919653977,17.77710729587176,87,,
2018,6,7,16,0,14.1,65,42.9,10.8,0,25.0,0,23.76367097733978,0,1001.8,273.29506020552225,17.521153895189453,96,,
2018,6,7,17,0,13.8,74,61.2,11.1,0,0.0,0,0.0,0,1001.5,273.1348961900865,17.66535136174381,107,,
2018,6,7,18,0,13.4,83,48.8,11.1,0,0.0,0,0.0,0,1001.3,275.3675101164196,18.13886201326953,118,,
2018,6,7,19,0,12.8,93,67,10.7,0,0.0,0,0.0,0,1001.3,276.1967694955083,19.193199559985864,129,,
2018,6,7,20,0,12.3,105,83,10.3,0,0.0,0,0.0,0,1001.2,275.56826557919135,18.307088866179992,141,,
2018,6,7,21,0,12.1,122,82.8,10.3,0,0.0,0,0.0,0,1001.1,273.3593790860997,18.210980823192017,151,,
2018,6,7,22,0,12.1,150,74,10.4,0,0.0,0,0.0,0,1001,271.7826013574376,18.231723586095114,159,,
2018,6,7,23,0,12.1,-171,69.2,10.6,0,0.0,0,0.0,0,1000.8,278.2022270396078,19.61100753888384,161,,
2018,6,8,0,0,12,-136,72.8,10.7,0,0.0,0,0.0,0,1000.7,281.6202470091196,19.475585033128084,156,,
2018,6,8,1,0,12,-114,71.2,10.6,0,0.0,0,0.0,0,1000.5,284.59164688829856,19.712215607429464,146,,
2018,6,8,2,0,11.9,-100,69.3,10.6,0,0.0,0,0.0,0,1000.4,305.3476976744526,19.24136044718565,136,,
2018,6,8,3,0,11.9,-89,80.8,10.5,0,0.0,0,0.0,0,1000.1,306.40726812590725,15.880302820104964,124,,
2018,6,8,4,0,11.9,-79,86.9,10.5,0,0.0,0,0.0,0,999.7,307.8860836419512,19.121171345226976,113,,
2018,6,8,5,0,11.9,-70,83.7,10.4,0,0.0,0,0.0,0,999.2,315.09571071324314,19.22207556384091,102,,
2018,6,8,6,0,12,-61,78.6,10.5,2,0.0,0,0.0,0,998.8,321.47291616494465,19.37299535440478,92,,
2018,6,8,7,0,12.4,-51,78.7,10.5,16,0.0,0,0.0,0,998.4,319.18890271508945,17.98535559571805,83,,
2018,6,8,8,0,12.7,-39,82.8,10.6,32,4.0,0,17.188968556109806,0,997.9,325.17969883878726,18.35871777758209,75,,
2018,6,8,9,0,12.9,-26,83.9,10.7,47,3.0,0,31.59401229727656,0,997.2,322.9626134500075,17.47185199471987,69,,
2018,6,8,10,0,13,-12,87.4,10.8,43,14.0,0,88.48938949344988,0,996.2,326.25596464813333,16.318566551696822,65,,
2018,6,8,11,0,13.1,3,91.1,10.9,32,79.0,0,191.96722666427075,0,995.2,332.7696843465624,15.93906381826,64,,
2018,6,8,12,0,13.1,18,94.2,11,19,142.0,0,244.04894045690372,0,994.4,336.5033039805559,14.31913466950467,66,,
2018,6,8,13,0,13.1,32,86.1,11.1,29,241.0,0,275.0790402473406,0,993.7,330.69662291948464,15.750819744999475,71,,
2018,6,8,14,0,13.1,45,65.3,11.2,37,334.0,0,259.3273460613595,0,993.1,343.5260652669105,14.105410638867507,78,,
2018,6,8,15,0,13.1,55,51.1,11.3,14,243.0,0,153.87752421861256,0,992.6,345.8585159907525,13.990882980987871,87,,
2018,6,8,16,0,13,65,49.9,11.4,0,92.0,0,37.77661253122437,0,992.3,348.69043900480466,14.769709148410085,96,,
2018,6,8,17,0,12.9,74,51,11.6,0,0.0,0,0.0,0,992,352.1338434421212,14.472606114186128,107,,
2018,6,8,18,0,12.2,83,50.5,10.8,0,0.0,0,0.0,0,992,356.4979292741452,13.65293701803832,118,,
2018,6,8,19,0,11.2,93,25.1,9.4,0,0.0,0,0.0,0,992.3,358.6165739943289,12.943714298731384,129,,
2018,6,8,20,0,10.1,105,22.4,7.9,0,0.0,0,0.0,0,992.6,359.71871508838456,12.730866308053256,141,,
2018,6,8,21,0,9.3,122,17.2,6.6,0,0.0,0,0.0,0,993.4,2.373164008808033,12.07505362767302,151,,
2018,6,8,22,0,8.8,150,3.8,5.5,0,0.0,0,0.0,0,994.6,7.631963845692155,12.23558492755383,159,,
2018,6,8,23,0,8.2,-171,0,4.5,0,0.0,0,0.0,0,995.9,11.986625574815946,11.736616834802229,161,,
2018,6,9,0,0,8.1,-136,0,4,0,0.0,0,0.0,0,997.2,14.769053639928645,11.03272054072328,156,,
2018,6,9,1,0,8.3,-114,0,3.8,0,0.0,0,0.0,0,998.3,12.28761222516323,10.278680918114745,147,,
2018,6,9,2,0,8.4,-99,0,3.8,0,0.0,0,0.0,0,999.5,19.35909927490343,10.181372458422258,136,,
2018,6,9,3,0,8.5,-89,0,3.7,0,0.0,0,0.0,0,1000.6,24.83219686585608,10.171117895050656,125,,
2018,6,9,4,0,8.6,-79,0,3.7,0,0.0,0,0.0,0,1001.7,27.507241067607595,9.607875058722207,113,,
2018,6,9,5,0,8.6,-70,0,3.7,0,0.0,0,0.0,0,1002.7,31.212179510879253,9.087040110210417,102,,
2018,6,9,6,0,8.8,-61,0,3.9,5,0.0,1,0.0,0,1003.7,31.42635718328262,8.473713120795125,92,,
2018,6,9,7,0,9,-51,1.5,4.3,45,1.0,29,1.0,0,1004.8,26.372502599762413,8.349708404846075,83,,
2018,6,9,8,0,9.2,-39,36.9,4.6,93,30.0,16,32.36976228607607,0,1005.8,30.639874488461203,8.258735081898948,75,,
2018,6,9,9,0,9.3,-26,47.4,4.9,172,102.0,0,114.02480520484995,0,1006.5,34.33965170546469,7.644953400773611,69,,
2018,6,9,10,0,9.3,-12,48.8,5.1,196,327.0,3,237.31804752515745,0,1006.9,39.06746378499429,6.7094266609651365,65,,
2018,6,9,11,0,9.2,3,23.5,5.3,148,509.0,163,347.1648243071211,0,1007.3,39.37497862423493,5.877296328705088,64,,
2018,6,9,12,0,9.2,18,33.4,5.3,159,600.0000000000001,93,402.53504974657255,0,1007.8,38.722974860565046,5.3952043239112495,66,,
2018,6,9,13,0,9,32,22,5.1,119,582.0,95,383.0104550131633,0,1008.5,41.2349570206797,5.152837190288389,71,,
2018,6,9,14,0,8.9,44,25.8,4.9,79,523.0,53,308.8021183021424,0,1009.2,42.55295135767636,5.175437783415042,78,,
2018,6,9,15,0,8.7,55,13.1,4.7,28,390.0,0,186.1921167556272,0,1010.1,43.53119928561421,5.172417834050146,87,,
2018,6,9,16,0,8.5,65,0,4.5,0,155.0,0,47.1016161703478,0,1011.2,49.44327795198814,4.935751985817424,96,,
2018,6,9,17,0,8.3,74,0,4.3,0,0.0,0,0.0,0,1012.4,51.927218126009166,4.763549753072807,107,,
2018,6,9,18,0,8.1,83,0,4.1,0,0.0,0,0.0,0,1013.3,60.70435403242459,4.514930440687945,118,,
2018,6,9,19,0,7.9,93,0,3.8,0,0.0,0,0.0,0,1014.1,60.86714322493884,3.76764888113609,129,,
2018,6,9,20,0,7.7,105,0,3.5,0,0.0,0,0.0,0,1014.9,78.45490562098604,3.2313948552701905,141,,
2018,6,9,21,0,7.7,122,0,3.4,0,0.0,0,0.0,0,1015.6,97.2281441874046,2.961031265585856,151,,
2018,6,9,22,0,7.9,150,0,3.4,0,0.0,0,0.0,0,1016.2,119.69745102672266,2.853284383878308,159,,
2018,6,9,23,0,8,-171,0,3.4,0,0.0,0,0.0,0,1016.7,136.53612961486516,2.6660739766536614,161,,
2018,6,10,0,0,8.1,-136,0,3.3,0,0.0,0,0.0,0,1017.3,147.75303420666145,2.387552580828633,156,,
2018,6,10,1,0,8.1,-114,0,3.1,0,0.0,0,0.0,0,1018,156.93786748704156,1.870961688324812,147,,
2018,6,10,2,0,8.1,-99,0,2.9,0,0.0,0,0.0,0,1018.7,169.328370834799,2.050105813831131,136,,
2018,6,10,3,0,8.1,-89,0,2.7,0,0.0,0,0.0,0,1019.5,173.96919576684286,2.2168589310215587,125,,
2018,6,10,4,0,8.1,-79,0,2.5,0,0.0,0,0.0,0,1020.3,182.06409703274224,2.270760470863332,113,,
2018,6,10,5,0,8.1,-70,0,2.4,0,0.0,0,0.0,0,1021.2,195.1392579586164,2.393114227645272,103,,
2018,6,10,6,0,8.3,-61,0.9,2.7,5,0.0,1,0.0,0,1021.9,207.23908807506248,2.552329395395109,92,,
2018,6,10,7,0,8.7,-51,45.5,3.3,27,5.0,0,1.0000000000000002,0,1022.6,204.58338542422743,3.3626640099017195,83,,
2018,6,10,8,0,9.1,-39,68.7,4,67,262.0,0,51.56694805567013,0,1023.3,203.74879905277115,3.6821675700095335,75,,
2018,6,10,9,0,9.5,-26,54.5,4.3,149,465.0,1,175.54569157292502,0,1023.6,202.48729332727984,4.480311722735077,69,,
2018,6,10,10,0,9.9,-12,33.4,4.3,216,604.0,42,300.74041154008177,0,1023.6,200.9824183890973,5.195330632687239,65,,
2018,6,10,11,0,10.4,3,20,4.3,205,652.0,114,384.8416196131625,0,1023.5,201.71133617852848,5.133194907704143,64,,
2018,6,10,12,0,10.6,18,14,4.5,161,655.0,150,416.9940861593384,0,1023.7,209.51232357845112,5.289598096947377,66,,
2018,6,10,13,0,10.5,32,31.2,4.7,142,625.0,56,393.9648784172239,0,1024,218.58948156947167,6.181641251743279,71,,
2018,6,10,14,0,10.5,44,38.8,5,96,562.0,0,318.0670048217007,0,1024.3,221.28215434076773,6.317698259861886,78,,
2018,6,10,15,0,10.4,55,57.5,5.1,26,428.0,0,194.58633960874505,0,1024.6,222.81166921034705,6.501284848284642,87,,
2018,6,10,16,0,10.3,65,69,5.2,0,180.0,0,50.71868402527871,0,1025,221.5386556388517,7.039715777872212,97,,
2018,6,10,17,0,10.2,74,69,5.3,0,0.0,0,0.0,0,1025.4,217.84612592688373,7.439898260514344,107,,
2018,6,10,18,0,9.9,83,68.8,5.3,0,0.0,0,0.0,0,1025.6,219.5262006376396,7.859763592769583,118,,
2018,6,10,19,0,9.4,93,57.9,5.4,0,0.0,0,0.0,0,1025.6,218.21214259004145,7.954428710204659,129,,
2018,6,10,20,0,9,105,44.2,5.5,0,0.0,0,0.0,0,1025.5,215.66928746292209,8.79709732696206,141,,
2018,6,10,21,0,8.9,122,44.4,5.5,0,0.0,0,0.0,0,1025.6,218.4293236331091,10.028030416578131,151,,
2018,6,10,22,0,9,149,16.9,5.4,0,0.0,0,0.0,0,1025.6,224.86081738943497,11.22846068366997,159,,
2018,6,10,23,0,9.2,-171,0,5.3,0,0.0,0,0.0,0,1025.7,230.66667945003388,12.394022118721043,161,,
2018,6,11,0,0,9.3,-136,0,5.4,0,0.0,0,0.0,0,1025.7,234.1441039539289,12.98460174298302,156,,
2018,6,11,1,0,9.3,-114,0,5.5,0,0.0,0,0.0,0,1025.8,234.09841950220945,13.14640864983913,147,,
2018,6,11,2,0,9.3,-99,0,5.7,0,0.0,0,0.0,0,1025.9,233.330575887323,13.327230016481472,136,,
2018,6,11,3,0,9.3,-89,0,5.8,0,0.0,0,0.0,0,1026,235.32926725133012,13.404013004712748,125,,
2018,6,11,4,0,9.3,-79,0,6,0,0.0,0,0.0,0,1026.2,234.54955112595087,13.328845964991585,114,,
2018,6,11,5,0,9.2,-70,0,6.1,0,0.0,0,0.0,0,1026.4,231.1982227966932,13.664407288447272,103,,
2018,6,11,6,0,9.3,-61,0.3,6.2,5,0.0,1,0.0,0,1026.5,229.853037135104,14.122849843008314,92,,
2018,6,11,7,0,9.5,-51,15.7,6.3,60,4.0,10,1.0000000000000002,0,1026.6,233.7331472173553,13.982805737297596,83,,
2018,6,11,8,0,9.6,-39,40.3,6.5,118,235.0,6,49.03750004578633,0,1026.7,238.1120970315401,14.161068340523304,75,,
2018,6,11,9,0,9.9,-26,34.7,6.5,181,453.0,40,171.52238372214765,0,1026.4,239.89017447186967,13.996525682475314,69,,
2018,6,11,10,0,10.4,-12,12.7,6.6,140,474.0,210,278.77383478936406,0,1025.9,239.8974340009844,14.042907300875669,65,,
2018,6,11,11,0,10.8,3,3.3,6.6,86,432.0,314,330.89471146580524,0,1025.4,236.07615780741463,13.890575039819868,64,,
2018,6,11,12,0,10.9,18,23.8,6.6,171,295.0,119,306.7908994110551,0,1025.1,231.6790899584979,14.452388198217522,66,,
2018,6,11,13,0,10.8,32,24.3,6.6,162,189.0,53,247.73623890024996,0,1024.8,229.21115000411967,14.674449601322731,71,,
2018,6,11,14,0,10.7,44,29,6.5,95,143.0,30,183.08715154176903,0,1024.5,231.68415301379565,13.81411556358402,78,,
2018,6,11,15,0,10.5,55,46,6.5,28,147.0,0,122.31377752362783,0,1024.5,231.01697840325184,13.247680641003836,87,,
2018,6,11,16,0,10.3,65,52,6.5,0,110.0,0,40.27216233095043,0,1024.7,227.9391912955041,14.184100086080248,97,,
2018,6,11,17,0,10.1,74,52,6.5,0,0.0,0,0.0,0,1024.9,222.29215602257656,15.438761093970196,107,,
2018,6,11,18,0,9.6,83,51.4,6.3,0,0.0,0,0.0,0,1025,222.5850430535244,15.654670431971324,118,,
2018,6,11,19,0,8.9,93,18.4,5.9,0,0.0,0,0.0,0,1025,218.10234397248084,16.290731530250067,129,,
2018,6,11,20,0,8.2,105,0,5.5,0,0.0,0,0.0,0,1025,217.88545010003563,17.11372336256487,141,,
2018,6,11,21,0,8.1,121,0,5.6,0,0.0,0,0.0,0,1024.9,216.58498857798816,17.910719483483053,151,,
2018,6,11,22,0,8.4,149,0,6,0,0.0,0,0.0,0,1024.8,218.198931728248,18.27322633025173,159,,
2018,6,11,23,0,8.8,-171,0,6.6,0,0.0,0,0.0,0,1024.6,220.9718583677594,18.220209217032327,161,,
2018,6,12,0,0,9,-136,0,6.8,0,0.0,0,0.0,0,1024.5,222.96992062830097,17.80226301028531,156,,
2018,6,12,1,0,8.9,-114,0,6.8,0,0.0,0,0.0,0,1024.4,228.62664822689152,17.278443087835484,147,,
2018,6,12,2,0,8.9,-99,0,6.7,0,0.0,0,0.0,0,1024.3,235.6491197681288,17.46663406775644,136,,
2018,6,12,3,0,8.8,-89,0,6.7,0,0.0,0,0.0,0,1024.3,232.79282953689057,16.747506956066847,125,,
2018,6,12,4,0,8.8,-79,0,6.7,0,0.0,0,0.0,0,1024.3,226.2428721554249,17.07988750859588,114,,
2018,6,12,5,0,8.7,-70,0,6.7,0,0.0,0,0.0,0,1024.3,229.1700402009736,16.853422294850755,103,,
2018,6,12,6,0,8.8,-61,0,6.7,4,0.0,2,0.0,0,1024.4,234.70401793981847,16.799550974399757,92,,
2018,6,12,7,0,9.1,-51,2.1,6.6,33,0.0,55,0.0,0,1024.6,224.474445085017,15.941129325437467,83,,
2018,6,12,8,0,9.4,-39,1.2,6.5,50,4.0,168,13.165407345077712,0,1024.7,229.2976387159121,16.738652388776853,75,,
2018,6,12,9,0,9.9,-26,0.8,6.5,61,11.0,265,51.109529322268585,0,1024.5,234.5077477462043,16.07285881176283,69,,
2018,6,12,10,0,10.5,-12,1.7,6.6,72,18.0,317,106.66278253814107,0,1024,239.888168749494,15.77823225760463,65,,
2018,6,12,11,0,11.1,3,1.8,6.7,74,16.0,330,123.3830416314081,0,1023.5,247.78246320208984,15.867804062179196,64,,
2018,6,12,12,0,11.3,18,1.8,6.9,70,9.0,297,102.94946503070037,0,1023,246.86547646822467,14.047873664125222,66,,
2018,6,12,13,0,11.2,32,1.9,7,62,5.0,221,72.15747733829555,0,1022.7,249.81736824069327,14.429199644226024,71,,
2018,6,12,14,0,11,44,3.2,7.2,47,5.0,116,57.88723016117348,0,1022.3,253.97766713040969,13.960520703413335,78,,
2018,6,12,15,0,10.5,55,26.3,7.1,15,8.0,27,45.243605754364445,0,1022.2,251.23098370337985,12.102557314425963,87,,
2018,6,12,16,0,9.8,65,14.1,6.7,0,11.0,0,14.622688862884296,0,1022.2,252.2511077504108,9.974782765563775,97,,
2018,6,12,17,0,9.1,74,0.2,6.3,0,0.0,0,0.0,0,1022.2,248.82550966332525,8.937395165235388,107,,
2018,6,12,18,0,8.4,83,7.7,5.9,0,0.0,0,0.0,0,1022.2,265.0558134896796,6.022408621424556,118,,
2018,6,12,19,0,7.6,93,4.5,5.5,0,0.0,0,0.0,0,1022.1,333.2913376693102,7.230994882921812,129,,
2018,6,12,20,0,6.9,104,11.1,5.1,0,0.0,0,0.0,0,1022,356.8437523270355,11.35144753079566,141,,
2018,6,12,21,0,6.8,121,50.1,5.1,0,0.0,0,0.0,0,1021.7,359.30750660892403,11.93837195851812,151,,
2018,6,12,22,0,7.2,149,57.4,5.3,0,0.0,0,0.0,0,1021.2,4.251013893960703,11.804203371917088,159,,
2018,6,12,23,0,7.6,-171,19.1,5.6,0,0.0,0,0.0,0,1020.7,7.7718891201943165,11.713307739484328,161,,
2018,6,13,0,0,7.7,-136,32.9,5.7,0,0.0,0,0.0,0,1020.4,10.06702863746915,13.352301439313436,156,,
2018,6,13,1,0,7.7,-114,18.5,5.7,0,0.0,0,0.0,0,1020,12.977250665712916,17.448077430743606,147,,
2018,6,13,2,0,7.7,-99,2.7,5.7,0,0.0,0,0.0,0,1019.7,13.061289729097268,17.518155795637846,136,,
2018,6,13,3,0,7.7,-89,4.2,5.7,0,0.0,0,0.0,0,1019.5,13.64524540210573,16.25192325838231,125,,
2018,6,13,4,0,7.8,-79,4.3,5.7,0,0.0,0,0.0,0,1019.3,13.084184142890932,14.6323184180973,114,,
2018,6,13,5,0,7.9,-70,9.2,5.8,0,0.0,0,0.0,0,1019.2,7.297250350045431,12.793562361361992,103,,
2018,6,13,6,0,8.2,-61,4.4,6.1,4,0.0,2,0.0,0,1019.2,359.3862214768712,11.66888242553448,92,,
2018,6,13,7,0,8.7,-51,4.9,6.8,41,0.0,39,0.0,0,1019.3,350.3576767326884,10.821086938459436,83,,
2018,6,13,8,0,9.3,-39,19.9,7.4,125,9.0,39,22.36059890553783,0,1019.4,346.1161872504356,9.637272432685858,75,,
2018,6,13,9,0,10,-26,27.6,7.8,194,11.0,37,58.09473756973341,0,1019.1,340.5228033278042,9.06177986506571,69,,
2018,6,13,10,0,10.9,-12,35,8.1,234,24.0,15,108.51952088125236,0,1018.5,340.12887387193354,8.153687176781837,65,,
2018,6,13,11,0,11.8,3,64.1,8.3,144,33.0,0,147.1261113545261,0,1017.9,322.57572304597545,8.947489141317485,64,,
2018,6,13,12,0,12.2,18,60.4,8.7,138,39.0,0,164.07395748183723,0,1017.4,297.7959878762725,10.856169610392936,66,,
2018,6,13,13,0,12.2,32,40.1,9.1,160,68.0,0,181.28283440676643,0,1017.1,299.66683271255044,13.093519664003946,71,,
2018,6,13,14,0,12.2,44,27.1,9.5,107,133.0,3,183.10980106812525,0,1016.7,294.71749691222846,14.406325747607305,78,,
2018,6,13,15,0,11.9,55,8.3,9.5,29,62.0,2,90.35736559183918,0,1016.6,288.7967956015199,14.681954308818067,87,,
2018,6,13,16,0,11.4,65,0,9.3,0,5.0,0,8.736009786873577,0,1016.6,287.2812259927141,16.34578866625143,97,,
2018,6,13,17,0,10.8,74,0,9.1,0,0.0,0,0.0,0,1016.7,318.5991264743436,13.860112907092905,107,,
2018,6,13,18,0,10.2,83,0,8.8,0,0.0,0,0.0,0,1016.9,329.4729523701236,11.854597865990492,118,,
2018,6,13,19,0,9.6,92,0,8.5,0,0.0,0,0.0,0,1017.2,333.3937251376076,13.354067824628242,129,,
2018,6,13,20,0,9,104,0,8.2,0,0.0,0,0.0,0,1017.5,334.325847901249,14.38124964696228,141,,
2018,6,13,21,0,8.8,121,0.6,8,0,0.0,0,0.0,0,1017.5,326.7800968101251,14.795392432456676,151,,
2018,6,13,22,0,8.9,149,33.1,7.9,0,0.0,0,0.0,0,1017.4,325.87190509243493,15.934012096811378,159,,
2018,6,13,23,0,9.1,-171,26.3,7.8,0,0.0,0,0.0,0,1017.3,326.8468052982293,16.078886062285406,161,,
2018,6,14,0,0,9.3,-136,12.9,8,0,0.0,0,0.0,0,1017.1,327.2491401388316,15.214250016778225,156,,
2018,6,14,1,0,9.6,-114,48.9,8.2,0,0.0,0,0.0,0,1016.9,331.3331439849306,16.766613316980365,147,,
2018,6,14,2,0,9.9,-99,69,8.6,0,0.0,0,0.0,0,1016.8,336.4037688092467,16.190094796919897,136,,
2018,6,14,3,0,10.2,-88,68.5,8.8,0,0.0,0,0.0,0,1016.8,336.3656710922314,15.853690625444765,125,,
2018,6,14,4,0,10.4,-79,68.5,9.1,0,0.0,0,0.0,0,1016.9,336.1832466205542,15.739255065027782,114,,
2018,6,14,5,0,10.6,-70,67.6,9.3,0,0.0,0,0.0,0,1017,338.51964256964624,15.137853230939182,103,,
2018,6,14,6,0,10.9,-61,65.5,9.7,2,0.0,0,0.0,0,1017.3,334.5552339023421,14.79308529574466,93,,
2018,6,14,7,0,11.1,-51,67.4,10,23,1.0,0,1.0,0,1017.6,331.7807998707364,15.159717668471576,83,,
2018,6,14,8,0,11.3,-39,73,10.4,49,57.0,0,38.21487719886243,0,1017.9,331.50483442302595,14.108006823962464,75,,
2018,6,14,9,0,11.6,-26,84,10.8,44,67.0,0,99.67458674489524,0,1017.8,328.32258942767857,13.174131381176032,69,,
2018,6,14,10,0,12,-12,80.8,11.2,70,41.0,0,133.7970188936955,0,1017.6,322.17374789368574,13.217222023979833,65,,
2018,6,14,11,0,12.3,3,82.7,11.6,65,20.0,0,127.93364894291348,0,1017.3,316.7891452051507,13.723802413875084,65,,
2018,6,14,12,0,12.5,18,87.5,11.8,42,10.0,0,103.36862678144864,0,1017.1,312.19167110055827,12.9065611596272,67,,
2018,6,14,13,0,12.4,32,84.9,11.8,37,23.0,0,131.88702159851093,0,1017,305.18574602948746,13.741433964943775,71,,
2018,6,14,14,0,12.3,44,75,11.8,33,44.0,0,130.5523640471828,0,1017,306.4529924584724,14.273375900962463,78,,
2018,6,14,15,0,12.1,55,80.2,11.6,11,36.0,0,77.064384509259,0,1017.1,308.2922633640359,15.132885455663171,87,,
2018,6,14,16,0,11.7,65,84,11.3,0,11.0,0,13.616810011660148,0,1017.4,302.0195748952999,16.19441830328247,97,,
2018,6,14,17,0,11.4,74,83,11,0,0.0,0,0.0,0,1017.7,299.3758219961361,17.121933112521905,107,,
2018,6,14,18,0,11,83,83,10.7,0,0.0,0,0.0,0,1018,291.08674459395723,18.82791628425115,118,,
2018,6,14,19,0,10.6,92,83,10.4,0,0.0,0,0.0,0,1018.2,304.78791203288404,22.09862126439404,129,,
2018,6,14,20,0,10.2,104,83,10,0,0.0,0,0.0,0,1018.3,292.82256485120394,20.80376600601937,141,,
2018,6,14,21,0,10.1,121,82.9,9.9,0,0.0,0,0.0,0,1018.4,296.4644318854826,20.20598429532608,151,,
2018,6,14,22,0,10.1,149,75.3,9.8,0,0.0,0,0.0,0,1018.3,301.1059022820086,19.323922142095128,159,,
2018,6,14,23,0,10.1,-171,71.1,9.7,0,0.0,0,0.0,0,1018.2,301.5347260177531,20.562763482002907,161,,
2018,6,15,0,0,10.1,-136,74.1,9.6,0,0.0,0,0.0,0,1018.3,301.76188099955243,22.64603959305177,156,,
2018,6,15,1,0,10.2,-113,80.4,9.5,0,0.0,0,0.0,0,1018.5,332.12854533147845,21.971585151845048,147,,
2018,6,15,2,0,10.2,-99,83,9.4,0,0.0,0,0.0,0,1018.7,0.1019794083632064,24.27860290993823,136,,
2018,6,15,3,0,10.2,-88,83,9.3,0,0.0,0,0.0,0,1018.9,1.681008202875205,22.038048777344184,125,,
2018,6,15,4,0,10.2,-79,83,9.3,0,0.0,0,0.0,0,1019.2,356.47070402252075,18.624188834326,114,,
2018,6,15,5,0,10.2,-70,83.6,9.3,0,0.0,0,0.0,0,1019.5,347.883655311966,16.880682903171984,103,,
2018,6,15,6,0,10.3,-61,89.9,9.5,1,0.0,0,0.0,0,1019.7,346.5100744536599,15.363814409918762,93,,
2018,6,15,7,0,10.5,-51,69.3,9.9,33,0.0,0,0.0,0,1019.8,356.0781161628492,14.620664043466515,83,,
2018,6,15,8,0,10.8,-39,64.3,10.3,65,10.0,0,22.377252600789035,0,1019.8,9.975136232375007,14.556475797206508,75,,
2018,6,15,9,0,11.1,-26,84.3,10.5,42,3.0,0,31.564009161178703,0,1019.5,8.405975552617178,15.818866405563671,69,,
2018,6,15,10,0,11.4,-12,88.3,10.5,43,2.0,0,36.62205402429505,0,1019.1,14.82688272485467,15.80001200157929,65,,
2018,6,15,11,0,11.8,3,82.6,10.5,66,8.0,0,94.16564237154472,0,1018.5,16.046517479136696,16.436042042898492,65,,
2018,6,15,12,0,11.9,18,72.9,10.5,92,23.0,0,145.02884224077533,0,1018.1,16.21544363395867,16.862973895882778,67,,
2018,6,15,13,0,12,32,70.9,10.4,77,13.0,0,107.57982667699407,0,1017.8,17.27890276423807,16.695607550035025,71,,
2018,6,15,14,0,12,44,43.3,10.4,73,3.0,0,49.12716020499255,0,1017.5,13.023955445624154,16.831911086164567,78,,
2018,6,15,15,0,11.9,55,66.2,10.2,28,5.0,0,37.39638367930079,0,1017.3,4.572382616866491,15.949686940926616,87,,
2018,6,15,16,0,11.8,65,81.1,10.1,0,15.0,0,17.20288596427349,0,1017.3,14.768520410820088,15.775814957961234,97,,
2018,6,15,17,0,11.7,74,80.6,9.9,0,0.0,0,0.0,0,1017.3,11.134586229024649,14.675167157197563,107,,
2018,6,15,18,0,11.6,83,73.6,9.9,0,0.0,0,0.0,0,1017.1,6.80214173689717,14.79382982913398,118,,
2018,6,15,19,0,11.4,92,70.2,10,0,0.0,0,0.0,0,1016.7,0.5114666786161592,14.00299933355224,129,,
2018,6,15,20,0,11.2,104,70.2,10.1,0,0.0,0,0.0,0,1016.4,0.0895086897816668,13.752458187928026,141,,
2018,6,15,21,0,11.3,121,69.9,10.1,0,0.0,0,0.0,0,1015.9,4.978961848421193,13.930004422213804,151,,
2018,6,15,22,0,11.5,149,84.6,10.2,0,0.0,0,0.0,0,1015.3,14.498551240255438,13.73047396142896,159,,
2018,6,15,23,0,11.6,-172,92.8,10.2,0,0.0,0,0.0,0,1014.8,15.476711491745618,15.070393381648255,161,,
2018,6,16,0,0,11.7,-136,93,10.2,0,0.0,0,0.0,0,1014.2,16.86385449213185,17.02765401446831,156,,
2018,6,16,1,0,11.7,-113,96.4,10.3,0,0.0,0,0.0,0,1013.7,16.29670693237358,18.562972517132536,147,,
2018,6,16,2,0,11.7,-99,98.4,10.3,0,0.0,0,0.0,0,1013.2,16.77280166839057,19.99978476050905,136,,
2018,6,16,3,0,11.6,-88,98.3,10.4,0,0.0,0,0.0,0,1012.6,19.117174728672865,19.4066894853127,125,,
2018,6,16,4,0,11.5,-79,98.1,10.5,0,0.0,0,0.0,0,1012.1,23.683434620554408,18.52131366661124,114,,
2018,6,16,5,0,11.4,-70,97.5,10.7,0,0.0,0,0.0,0,1011.6,28.56135238429715,17.959494487576706,103,,
2018,6,16,6,0,11.3,-61,87.8,10.7,1,0.0,0,0.0,0,1011,30.964723011157048,17.375159758581187,93,,
2018,6,16,7,0,11.2,-51,68.7,10.8,29,0.0,0,0.0,0,1010.4,28.52156348190249,16.149938844854347,83,,
2018,6,16,8,0,11.1,-39,78,10.8,35,14.0,0,25.513385389727468,0,1009.7,30.4951230363622,17.000575260989798,75,,
2018,6,16,9,0,11.1,-26,80.2,10.9,62,50.0,0,95.3460960901953,0,1008.8,32.54546241405137,17.623170044096632,69,,
2018,6,16,10,0,11.3,-12,86,11.1,49,119.0,0,179.89332058599558,0,1007.6,35.81837275243623,17.448934559144238,66,,
2018,6,16,11,0,11.4,3,80.2,11.3,75,125.0,0,222.3537665452776,0,1006.5,38.21224213746592,16.337051749482953,65,,
2018,6,16,12,0,11.5,18,87.3,11.3,46,83.0,0,208.1312314388933,0,1005.5,39.70053957162543,15.790262273913806,67,,
2018,6,16,13,0,11.5,32,94.5,11.3,14,36.0,0,148.432156498327,0,1004.7,35.467368205494154,17.345772788508498,71,,
2018,6,16,14,0,11.4,44,62.2,11.3,43,8.0,0,66.00284244276916,0,1004,35.74660924881624,19.153827341353377,78,,
2018,6,16,15,0,11.4,55,56.4,11.2,22,3.0,0,23.83726616015996,0,1003.6,33.15204588609015,19.736604766945405,87,,
2018,6,16,16,0,11.2,65,55.5,11,0,2.0,0,5.293661056738592,0,1003.4,34.66980404572121,19.962713487304068,97,,
2018,6,16,17,0,11.1,74,51.5,10.9,0,0.0,0,0.0,0,1003.3,32.24888917911039,18.821679701813974,107,,
2018,6,16,18,0,11,83,51.3,10.7,0,0.0,0,0.0,0,1003.3,37.68053574182943,18.612751539924734,118,,
2018,6,16,19,0,10.8,92,51,10.5,0,0.0,0,0.0,0,1003.5,44.90977219211061,18.416908976383425,129,,
2018,6,16,20,0,10.7,104,51,10.3,0,0.0,0,0.0,0,1003.6,60.97517786196926,17.563748496874553,141,,
2018,6,16,21,0,10.4,121,50.5,10,0,0.0,0,0.0,0,1003.6,67.13110925050705,18.38984091390955,151,,
2018,6,16,22,0,10.1,148,26.3,9.6,0,0.0,0,0.0,0,1003.5,65.94314631288131,20.243689932915142,159,,
2018,6,16,23,0,9.8,-172,36.7,9.2,0,0.0,0,0.0,0,1003.3,67.45862969519271,20.32921454040943,161,,
2018,6,17,0,0,9.7,-136,26.3,9,0,0.0,0,0.0,0,1003.2,67.66036836048983,22.147594382034047,156,,
2018,6,17,1,0,9.6,-113,37.2,8.9,0,0.0,0,0.0,0,1003.2,70.78944728490495,22.288996886575625,147,,
2018,6,17,2,0,9.6,-99,51,8.9,0,0.0,0,0.0,0,1003.2,76.37487897093393,22.644090218795466,136,,
2018,6,17,3,0,9.7,-88,50.4,9,0,0.0,0,0.0,0,1003.4,84.99853739113723,21.506937073594194,125,,
2018,6,17,4,0,9.8,-79,18.1,9,0,0.0,0,0.0,0,1003.7,88.33802316293918,20.80880252109677,114,,
2018,6,17,5,0,9.9,-70,0,9.1,0,0.0,0,0.0,0,1004,89.5735743640517,19.3870115425218,103,,
2018,6,17,6,0,10.1,-61,0,9.2,3,0.0,2,0.0,0,1004.4,90.00635748558767,19.80249035627826,93,,
2018,6,17,7,0,10.5,-51,1.9,9.4,30,0.0,50,0.0,0,1004.8,90.74697951392328,19.344905721684142,83,,
2018,6,17,8,0,10.9,-39,1.9,9.6,54,34.0,147,32.213576391425256,0,1005.3,88.87405214550847,18.97192490259632,75,,
2018,6,17,9,0,11.2,-27,1.5,9.6,68,96.0,238,110.84932013284396,0,1005.5,88.88255014398237,19.116184362634183,69,,
2018,6,17,10,0,11.4,-12,2,9.4,79,253.0,290,211.2088591449032,0,1005.5,87.51336285181463,19.171617069390265,66,,
2018,6,17,11,0,11.5,3,3.3,9.1,82,383.0,298,302.924051113529,0,1005.5,88.57314462451842,18.34431109959341,65,,
2018,6,17,12,0,11.6,18,50.5,8.9,79,433.0,107,342.225678850548,0,1005.7,87.40824882340246,17.919453029060204,67,,
2018,6,17,13,0,11.6,32,45.8,8.6,123,419.0,16,322.4289490088425,0,1006.1,83.32043563176518,17.897608447678156,71,,
2018,6,17,14,0,11.6,44,36.7,8.4,96,375.0,9,258.6609243391727,0,1006.6,82.05753147323668,19.58903448196115,78,,
2018,6,17,15,0,11.5,55,46.9,8,24,258.0,0,148.98251753805354,0,1007.2,83.15448863077768,20.08753710015176,87,,
2018,6,17,16,0,11.2,64,18.1,7.5,0,88.0,0,33.92690910392444,0,1008,85.84998196270635,19.26658167942677,97,,
2018,6,17,17,0,11,74,0,7,0,0.0,0,0.0,0,1008.9,86.83553782542896,18.07541303314422,107,,
2018,6,17,18,0,10.6,83,0,6.4,0,0.0,0,0.0,0,1009.5,88.02319236423727,17.495763783666042,118,,
2018,6,17,19,0,10.1,92,0,5.6,0,0.0,0,0.0,0,1010,87.97950097648715,15.954255066842013,129,,
2018,6,17,20,0,9.7,104,0,4.9,0,0.0,0,0.0,0,1010.4,88.12278865942756,16.515699518156524,141,,
2018,6,17,21,0,9.4,120,0,4.5,0,0.0,0,0.0,0,1010.9,89.3994650739238,15.839493085599177,151,,
2018,6,17,22,0,9.3,148,0,4.4,0,0.0,0,0.0,0,1011.3,91.43349549885296,14.99004291026951,159,,
2018,6,17,23,0,9.3,-172,0,4.2,0,0.0,0,0.0,0,1011.7,93.78583991678698,13.57748011208828,161,,
2018,6,18,0,0,9,-136,0,3.9,0,0.0,0,0.0,0,1012.1,95.49848235664558,13.045376775000452,156,,
2018,6,18,1,0,8.7,-113,0,3.5,0,0.0,0,0.0,0,1012.4,94.6423204521567,12.859325371758883,147,,
2018,6,18,2,0,8.3,-99,0,3,0,0.0,0,0.0,0,1012.8,95.4620232361097,12.044679001224026,136,,
2018,6,18,3,0,8,-88,0,2.6,0,0.0,0,0.0,0,1013.3,93.94306843793125,12.724456369295469,125,,
2018,6,18,4,0,7.6,-79,0,2.4,0,0.0,0,0.0,0,1013.9,97.62416641915944,12.555329209682672,114,,
2018,6,18,5,0,7.3,-70,0,2.1,0,0.0,0,0.0,0,1014.6,101.96583273989364,12.359621590470436,103,,
2018,6,18,6,0,7.3,-61,0.1,2,3,0.0,2,0.0,0,1014.9,102.26351414779424,12.26748004176287,93,,
2018,6,18,7,0,7.6,-51,3.7,2,32,3.0,50,1.0000000000000002,0,1015,96.02998528606338,12.494178429624352,83,,
2018,6,18,8,0,7.9,-39,4.9,2,61,254.0,145,46.83791070333987,0,1015.1,99.73047193057778,13.069862627038612,75,,
2018,6,18,9,0,8.1,-27,2.4,2,64,488.0,253,172.29435459806996,0,1015,100.1193826910744,13.761934996050163,69,,
2018,6,18,10,0,8.3,-12,1.2,2,62,511.0,325,272.5524497613856,0,1014.8,104.41861840301276,12.395054406715666,66,,
2018,6,18,11,0,8.4,3,0.4,2,57,551.0,350,349.7568989079351,0,1014.5,111.22935413883827,10.820738297220046,65,,
2018,6,18,12,0,8.5,18,1,1.9,59,637.0,311,405.5809153248532,0,1014.3,123.97005091154097,8.466456595406054,67,,
2018,6,18,13,0,8.4,31,0.6,1.9,51,651.0,236,396.5620684663402,0,1014.2,120.39589620711718,8.238030977458552,71,,
2018,6,18,14,0,8.3,44,1.9,1.9,42,529.0,123,303.34403885791306,0,1014,125.12998608667796,6.445549829910811,78,,
2018,6,18,15,0,7.9,55,1,1.8,15,347.0,27,170.81865150416644,0,1014.1,116.11676873797546,5.7773772645588215,87,,
2018,6,18,16,0,7.2,64,0,1.6,0,148.0,0,43.76444681145823,0,1014.4,113.81662910091404,5.988479526370117,97,,
2018,6,18,17,0,6.5,73,0,1.5,0,0.0,0,0.0,0,1014.7,114.55472220315556,5.518339283522418,107,,
2018,6,18,18,0,6,82,0,1.5,0,0.0,0,0.0,0,1014.9,109.00366261121292,5.506926953706335,118,,
2018,6,18,19,0,5.6,92,0,1.6,0,0.0,0,0.0,0,1014.9,105.5733660990403,6.4456193700621744,129,,
2018,6,18,20,0,5.2,104,0,1.8,0,0.0,0,0.0,0,1014.9,112.57967715202244,7.336277345498163,141,,
2018,6,18,21,0,5.1,120,0,2,0,0.0,0,0.0,0,1014.8,118.77510360144127,7.160306875889038,151,,
2018,6,18,22,0,5,148,0,2.2,0,0.0,0,0.0,0,1014.7,128.87749633851263,6.824110583805759,159,,
2018,6,18,23,0,5,-172,0,2.4,0,0.0,0,0.0,0,1014.6,147.1515495815525,6.66592409846199,161,,
2018,6,19,0,0,4.9,-136,0,2.5,0,0.0,0,0.0,0,1014.5,175.19326344855995,7.062436145730116,157,,
2018,6,19,1,0,4.7,-113,0,2.3,0,0.0,0,0.0,0,1014.5,201.3679920231776,6.029195999077671,147,,
2018,6,19,2,0,4.5,-99,0,2.2,0,0.0,0,0.0,0,1014.5,222.97779040619665,5.7826800768495685,137,,
2018,6,19,3,0,4.4,-88,0,2.1,0,0.0,0,0.0,0,1014.6,244.68857023061253,5.993616368949127,125,,
2018,6,19,4,0,4.3,-79,0,2,0,0.0,0,0.0,0,1014.7,246.48794326495732,5.953245787509041,114,,
2018,6,19,5,0,4.3,-70,0,1.9,0,0.0,0,0.0,0,1014.9,251.1310005449386,5.217907866185451,103,,
2018,6,19,6,0,4.7,-61,0,2,2,0.0,2,0.0,0,1015.1,242.48197579799785,4.464018764688847,93,,
2018,6,19,7,0,5.4,-51,2.4,2.3,28,1.0,54,1.0,0,1015.2,236.61224601418903,4.54295763061947,84,,
2018,6,19,8,0,6.1,-39,2.2,2.6,49,84.0,161,35.853939066458416,0,1015.3,211.3187024288725,5.096067708703453,76,,
2018,6,19,9,0,6.9,-27,1.6,2.7,59,220.0,258,129.52835185698757,0,1015.2,205.75697912637588,7.633415616121569,69,,
2018,6,19,10,0,7.7,-12,2.1,2.6,68,436.0,313,259.1207154035468,0,1015,206.87836987171147,7.427394268345185,66,,
2018,6,19,11,0,8.5,3,17.1,2.5,164,568.0000000000001,172,359.1232382591253,0,1014.7,212.30318862067296,8.429348469475572,65,,
2018,6,19,12,0,8.9,18,10.4,2.6,121,569.0000000000001,206,387.8271996200587,0,1014.6,221.53008728692592,9.241440143824576,67,,
2018,6,19,13,0,8.9,31,1.9,2.9,60,567.0000000000001,219,373.4906738786591,0,1014.4,223.310206281874,8.992245837170689,71,,
2018,6,19,14,0,8.8,44,9.5,3.2,60,388.0,92,264.4581884774691,0,1014.3,225.91352271202544,8.413326762555661,78,,
2018,6,19,15,0,8.6,55,5,3.5,23,240.0,14,144.99148538284132,0,1014.4,224.6026544161336,8.33926134063634,87,,
2018,6,19,16,0,8.2,64,0,3.8,0,56.0,0,27.249423938868663,0,1014.8,219.4348491759447,9.710656531052493,97,,
2018,6,19,17,0,7.8,73,0,4.1,0,0.0,0,0.0,0,1015.2,214.3824403450085,10.147989713966778,107,,
2018,6,19,18,0,7.3,82,0,4.2,0,0.0,0,0.0,0,1015.6,216.4315920651125,10.953103692636702,118,,
2018,6,19,19,0,6.7,92,0,4.2,0,0.0,0,0.0,0,1015.9,222.00678484203567,10.0933217320954,129,,
2018,6,19,20,0,6.1,104,0,4.2,0,0.0,0,0.0,0,1016.2,230.85835512895463,10.990278293758465,141,,
2018,6,19,21,0,5.9,120,0,4.3,0,0.0,0,0.0,0,1016.3,228.11341172556047,12.234121514881824,151,,
2018,6,19,22,0,6.2,148,0,4.5,0,0.0,0,0.0,0,1016.3,223.5803395961665,12.423930104914644,159,,
2018,6,19,23,0,6.4,-172,0,4.8,0,0.0,0,0.0,0,1016.2,222.79755903793327,14.50951488492348,161,,
2018,6,20,0,0,6.4,-136,0,4.8,0,0.0,0,0.0,0,1016.2,228.78110438860224,14.76727603179061,157,,
2018,6,20,1,0,6.3,-114,0,4.6,0,0.0,0,0.0,0,1016.2,237.7449364164061,14.638668310204416,147,,
2018,6,20,2,0,6.1,-99,0,4.5,0,0.0,0,0.0,0,1016.1,247.1764138988118,14.017967215531934,137,,
2018,6,20,3,0,6,-88,0,4.3,0,0.0,0,0.0,0,1016.2,254.8852354759184,13.66233948519929,125,,
2018,6,20,4,0,6,-79,0,4.2,0,0.0,0,0.0,0,1016.4,256.2751378983946,12.9983487570634,114,,
2018,6,20,5,0,5.9,-70,0,4,0,0.0,0,0.0,0,1016.6,257.3786733770749,12.29940630489847,103,,
2018,6,20,6,0,6.2,-61,0.1,4.1,2,0.0,1,0.0,0,1016.8,261.04516117896094,11.242746942317714,93,,
2018,6,20,7,0,6.7,-51,7.2,4.2,38,0.0,37,0.0,0,1017,261.22644842804635,10.794520696946972,84,,
2018,6,20,8,0,7.2,-39,45,4.4,80,21.0,20,24.69794785528112,0,1017.2,262.3258401554561,10.764625981876817,76,,
2018,6,20,9,0,7.8,-27,63.5,4.4,117,29.0,0,69.32156857831512,0,1017.1,259.50207223927504,10.97695060125323,69,,
2018,6,20,10,0,8.4,-12,54.6,4.2,177,25.0,0,111.67525375243696,0,1016.8,265.4696801818306,11.077823610604485,66,,
2018,6,20,11,0,9,3,49.4,4,204,28.0,0,139.9861156159167,0,1016.5,272.6071271796485,10.992090592163896,65,,
2018,6,20,12,0,9.4,18,55.8,3.9,161,25.0,2,142.83741010770862,0,1016.2,283.41625299444985,10.774754878683462,67,,
2018,6,20,13,0,9.5,31,23.2,3.9,88,23.0,116,127.83375849714427,0,1015.9,283.6987900494303,10.46592533378877,71,,
2018,6,20,14,0,9.6,44,20.1,4,74,21.0,65,98.87390494294608,0,1015.7,283.38023490133975,9.722905193741948,78,,
2018,6,20,15,0,9.5,55,43.2,4,30,19.0,0,60.30758027898492,0,1015.7,284.0962719517388,9.494895969361336,87,,
2018,6,20,16,0,9.3,64,43.4,3.9,0,19.0,0,18.80550770439361,0,1016,289.05134735914567,9.831731968273916,97,,
2018,6,20,17,0,9.1,73,43.5,3.9,0,0.0,0,0.0,0,1016.2,296.62313958639385,8.507762621548588,107,,
2018,6,20,18,0,8.5,82,16.6,3.8,0,0.0,0,0.0,0,1016.4,305.385430729099,8.20275296775418,118,,
2018,6,20,19,0,7.7,92,0,3.8,0,0.0,0,0.0,0,1016.6,309.2458695078509,8.07036579849354,129,,
2018,6,20,20,0,6.8,104,0,3.7,0,0.0,0,0.0,0,1016.7,296.7180710949392,7.276964166460748,141,,
2018,6,20,21,0,6.6,120,0,3.8,0,0.0,0,0.0,0,1016.8,300.1991654414592,7.665321056220137,151,,
2018,6,20,22,0,6.9,148,0,4,0,0.0,0,0.0,0,1016.9,303.9581047837315,7.685850761251396,159,,
2018,6,20,23,0,7.2,-172,0,4.2,0,0.0,0,0.0,0,1016.9,308.36550549305986,7.38586576187677,161,,
2018,6,21,0,0,7.2,-136,0,4.2,0,0.0,0,0.0,0,1016.9,305.8694665042715,7.327044641206212,157,,
2018,6,21,1,0,6.9,-114,0,4.1,0,0.0,0,0.0,0,1017,306.077460095754,9.58895421457275,147,,
2018,6,21,2,0,6.6,-99,0,4.1,0,0.0,0,0.0,0,1017.1,318.7544771134748,9.891722029220652,137,,
2018,6,21,3,0,6.5,-88,0,3.9,0,0.0,0,0.0,0,1017.1,5.977703771551944,5.216106739046872,125,,
2018,6,21,4,0,6.5,-79,0,3.6,0,0.0,0,0.0,0,1017.2,32.07873954914362,5.336224169870797,114,,
2018,6,21,5,0,6.5,-70,0,3.3,0,0.0,0,0.0,0,1017.2,47.88019009017273,4.9713917613085865,103,,
2018,6,21,6,0,6.8,-61,0,3.5,2,0.0,1,0.0,0,1017.4,60.27187089871836,4.246372926126989,93,,
2018,6,21,7,0,7.4,-51,1.9,3.9,27,0.0,54,0.0,0,1017.7,48.99566294197308,4.637850667440314,84,,
2018,6,21,8,0,8,-40,1.8,4.4,48,17.0,159,25.553791255157492,0,1018,43.40549825334699,4.820585227682551,76,,
2018,6,21,9,0,8.8,-27,1.3,4.6,59,74.0,256,103.53297381780956,0,1018,44.4591239875104,4.846210673027271,69,,
2018,6,21,10,0,9.5,-12,1.5,4.8,66,269.0,314,218.44958264506172,0,1017.7,39.07709920081248,4.858291946854279,66,,
2018,6,21,11,0,10.3,3,1.7,4.9,70,469.0,326,331.8502243952787,0,1017.3,24.19865116387723,5.43670929169137,65,,
2018,6,21,12,0,10.6,17,2.3,5.1,70,444.0,290,349.3890962159188,0,1016.9,21.27574294374693,5.969340829416941,67,,
2018,6,21,13,0,10.5,31,14.4,5.5,110,478.0,138,346.365759043272,0,1016.6,20.776981764064946,6.106072901770686,71,,
2018,6,21,14,0,10.4,44,10.5,5.8,74,464.0,70,289.0501546531348,0,1016.2,19.56057421331826,6.347011239952868,78,,
2018,6,21,15,0,10.1,55,44.6,5.9,15,380.0,27,182.2712469721679,0,1016.1,20.741587898437388,6.706127143580648,87,,
2018,6,21,16,0,9.7,64,57.5,5.8,0,150.0,0,45.214682804106126,0,1016.1,20.002913598193004,6.275023757464053,96,,
2018,6,21,17,0,9.3,73,52,5.6,0,0.0,0,0.0,0,1016.1,18.561111077840337,5.890374054357172,107,,
2018,6,21,18,0,8.6,82,51.4,5.3,0,0.0,0,0.0,0,1016.1,16.086461995022944,5.63901030129711,118,,
2018,6,21,19,0,7.8,92,18.4,4.9,0,0.0,0,0.0,0,1016,10.319568134220503,6.628959125044917,129,,
2018,6,21,20,0,6.9,103,0,4.5,0,0.0,0,0.0,0,1015.9,6.559548221025466,6.753438784481931,140,,
2018,6,21,21,0,6.9,120,0.6,4.5,0,0.0,0,0.0,0,1015.7,1.1049840672074538,6.481918278620384,151,,
2018,6,21,22,0,7.6,148,30.9,4.8,0,0.0,0,0.0,0,1015.4,356.25701170431284,6.701795468380097,159,,
2018,6,21,23,0,8.4,-172,47.8,5.1,0,0.0,0,0.0,0,1015,353.84872773855824,6.99928307267924,161,,
2018,6,22,0,0,8.8,-137,47.9,5.3,0,0.0,0,0.0,0,1014.6,349.3150875999973,6.7418932800809,157,,
2018,6,22,1,0,8.9,-114,50.4,5.4,0,0.0,0,0.0,0,1014.1,347.2455866248402,7.263201565760328,147,,
2018,6,22,2,0,8.9,-99,51.9,5.5,0,0.0,0,0.0,0,1013.6,349.76863848979934,7.389228096016104,137,,
2018,6,22,3,0,8.9,-88,51.6,5.6,0,0.0,0,0.0,0,1013.3,348.62949203781216,7.608314393247308,125,,
2018,6,22,4,0,8.9,-79,62.7,5.6,0,0.0,0,0.0,0,1013,349.602159344387,7.964779811001943,114,,
2018,6,22,5,0,8.8,-70,69,5.7,0,0.0,0,0.0,0,1012.8,348.1056400840554,7.580982043286669,103,,
2018,6,22,6,0,9,-61,68.8,5.9,1,0.0,0,0.0,0,1012.7,338.06181749609107,7.86256068453393,93,,
2018,6,22,7,0,9.4,-51,59.7,6.1,36,0.0,0,0.0,0,1012.7,332.50257529781453,8.528103597550533,84,,
2018,6,22,8,0,9.8,-40,41.7,6.3,122,7.0,0,16.22397971507028,0,1012.8,331.5968557712028,9.854469593397578,76,,
2018,6,22,9,0,10,-27,48.8,6.4,150,8.0,0,42.45878032888319,0,1012.3,329.7396468677895,10.54213752027995,70,,
2018,6,22,10,0,10.2,-12,54.6,6.4,166,8.0,0,69.44878850106899,0,1011.5,330.8852484681438,11.09108996938893,66,,
2018,6,22,11,0,10.3,3,43.9,6.5,213,16.0,0,112.26805433948498,0,1010.7,332.2041720660156,11.706464021195766,65,,
2018,6,22,12,0,10.3,17,47,6.6,185,28.0,0,144.13039851027693,0,1010.1,330.1213385065319,12.087332905735748,67,,
2018,6,22,13,0,10.3,31,59.1,6.7,111,17.0,0,113.26986598164574,0,1009.6,332.89907356452886,13.903753817402665,71,,
2018,6,22,14,0,10.3,44,60.8,6.8,59,27.0,0,106.1350601300182,0,1009.1,329.7932087835789,13.91311579744122,78,,
2018,6,22,15,0,10.3,54,80.3,7,16,42.0,0,77.76315888067978,0,1008.8,329.779256934512,13.286437623643256,87,,
2018,6,22,16,0,10.3,64,85.8,7.4,0,15.0,0,16.22943690666973,0,1008.8,329.60259924283685,13.093024188207195,96,,
2018,6,22,17,0,10.3,73,93.5,7.8,0,0.0,0,0.0,0,1008.7,332.24582819052995,13.421263535396731,107,,
2018,6,22,18,0,10.3,82,96.2,8.1,0,0.0,0,0.0,0,1008.8,334.0271566040504,14.556619275373134,118,,
2018,6,22,19,0,10.3,92,94.8,8.4,0,0.0,0,0.0,0,1009,335.9614757530368,15.242352373804454,129,,
2018,6,22,20,0,10.3,103,93.7,8.7,0,0.0,0,0.0,0,1009.2,339.2412359335152,15.110603878222484,140,,
2018,6,22,21,0,10.4,120,94.7,8.7,0,0.0,0,0.0,0,1009.2,344.7839145078498,14.772521189772728,151,,
2018,6,22,22,0,10.5,147,67.8,8.6,0,0.0,0,0.0,0,1009,346.5524983737298,14.078112495323666,159,,
2018,6,22,23,0,10.6,-173,51.9,8.5,0,0.0,0,0.0,0,1008.7,349.5005600425314,14.07427297936928,161,,
2018,6,23,0,0,10.6,-137,51.3,8.5,0,0.0,0,0.0,0,1008.6,346.8766428100127,15.880815946223796,157,,
2018,6,23,1,0,10.6,-114,18.4,8.4,0,0.0,0,0.0,0,1008.6,358.66867786207195,15.215533102576336,148,,
2018,6,23,2,0,10.6,-99,0,8.4,0,0.0,0,0.0,0,1008.6,11.020704106640151,12.311519612816817,137,,
2018,6,23,3,0,10.6,-89,0,8.3,0,0.0,0,0.0,0,1008.5,22.49017802711279,10.620219512797275,126,,
2018,6,23,4,0,10.5,-79,0,8.1,0,0.0,0,0.0,0,1008.4,25.965995883856408,11.518454138174226,114,,
2018,6,23,5,0,10.4,-70,0,7.9,0,0.0,0,0.0,0,1008.3,34.455254613829084,12.48315416318042,103,,
2018,6,23,6,0,10.8,-61,0,8.1,2,0.0,1,0.0,0,1008.3,40.13992688178581,12.70056198042534,93,,
2018,6,23,7,0,11.5,-51,3.2,8.6,34,1.0,37,1.0,0,1008.3,45.33448582475722,12.508718046805308,84,,
2018,6,23,8,0,12.2,-40,45.1,9.1,68,151.0,21,44.75644891887552,0,1008.4,44.80179372118056,12.775300079710677,76,,
2018,6,23,9,0,12.6,-27,76.2,9.2,69,320.0,0,155.21175489354172,0,1008.2,43.34971903451856,13.811228840363164,70,,
2018,6,23,10,0,12.7,-13,90.6,9,33,463.0,0,264.5827946457692,0,1007.6,44.58101661265465,14.188262853825286,66,,
2018,6,23,11,0,12.8,2,96.4,8.8,14,565.0000000000001,0,357.2583083267956,0,1007,43.74049152396879,14.07406575048049,65,,
2018,6,23,12,0,12.8,17,94.3,8.7,19,552.0,0,382.1571616192457,0,1006.6,43.31741941390055,13.546175933189058,67,,
2018,6,23,13,0,12.7,31,88.8,8.7,28,500.0,0,351.9209028911355,0,1006.4,39.93089757715524,13.504765980580864,71,,
2018,6,23,14,0,12.7,44,83.6,8.6,22,443.0,0,281.4532277509409,0,1006.1,41.9495142764448,14.121230823067888,78,,
2018,6,23,15,0,12.6,54,29.6,8.6,7,319.0,0,166.50748014362443,0,1006,46.11196231761648,15.14954283853887,87,,
2018,6,23,16,0,12.4,64,0,8.6,0,56.0,0,27.35806844540816,0,1006,48.99668114387305,15.435755287451856,96,,
2018,6,23,17,0,12.3,73,0,8.7,0,0.0,0,0.0,0,1006.1,52.38491281078609,14.784746542813496,107,,
2018,6,23,18,0,12.2,82,0,8.8,0,0.0,0,0.0,0,1006.1,52.99782194135497,14.402723931761958,118,,
2018,6,23,19,0,12.4,92,0,9.1,0,0.0,0,0.0,0,1006.1,51.377103915701184,14.322425675964208,129,,
2018,6,23,20,0,12.5,103,0,9.4,0,0.0,0,0.0,0,1006.2,50.88618621368465,13.805263619525808,140,,
2018,6,23,21,0,12.6,120,0,9.6,0,0.0,0,0.0,0,1006.1,51.36986505798973,12.88376515823676,151,,
2018,6,23,22,0,12.7,147,0,9.7,0,0.0,0,0.0,0,1005.8,51.0390329924403,13.586733043997205,159,,
2018,6,23,23,0,12.7,-173,0,9.8,0,0.0,0,0.0,0,1005.6,51.91372473017003,13.343192350183736,161,,
2018,6,24,0,0,12.6,-137,0,9.8,0,0.0,0,0.0,0,1005.4,50.32536717667762,13.185863748166286,157,,
2018,6,24,1,0,12.5,-114,0,9.8,0,0.0,0,0.0,0,1005.2,42.559923911638805,13.494566004800063,148,,
2018,6,24,2,0,12.4,-99,0,9.8,0,0.0,0,0.0,0,1005,45.59672967254812,14.20557201402302,137,,
2018,6,24,3,0,12.2,-89,0,9.8,0,0.0,0,0.0,0,1004.9,46.35410598750195,14.310997107363232,126,,
2018,6,24,4,0,12.1,-79,0,9.9,0,0.0,0,0.0,0,1004.9,48.47297774376693,13.86134044468754,114,,
2018,6,24,5,0,11.9,-70,0,9.9,0,0.0,0,0.0,0,1004.9,50.19246381624703,13.67118787728194,103,,
2018,6,24,6,0,12,-61,0.1,10,2,0.0,1,0.0,0,1005.1,49.77011782754715,12.93742492672428,93,,
2018,6,24,7,0,12.1,-51,5.5,10.2,39,0.0,28,0.0,0,1005.5,41.39029756988612,13.55358644130492,84,,
2018,6,24,8,0,12.3,-40,43.8,10.4,77,21.0,15,24.65276947434155,0,1005.8,41.95980456881995,13.618888783721555,76,,
2018,6,24,9,0,12.3,-27,68.9,10.6,91,29.0,0,69.26556942421705,0,1006,43.46932701049724,13.23569897601232,70,,
2018,6,24,10,0,12.2,-13,49.7,10.7,186,80.0,0,158.44736206877167,0,1005.9,42.558013650741714,12.446784158155364,66,,
2018,6,24,11,0,12,2,57.9,10.7,160,70.0,0,185.40974272998977,0,1005.9,41.50511142527654,12.075382414778524,65,,
2018,6,24,12,0,11.8,17,84.6,10.7,56,33.0,0,155.30188404085726,0,1006.1,42.110632699978055,12.274308205939544,67,,
2018,6,24,13,0,11.5,31,61.1,10.4,93,12.0,0,101.1378125245132,0,1006.5,36.377535192451774,12.08594429099762,71,,
2018,6,24,14,0,11.2,43,36.8,10.2,94,34.0,0,115.79122734427126,0,1006.9,37.65758492004812,12.449174476930231,78,,
2018,6,24,15,0,11,54,42,9.9,26,34.0,0,73.56073111666038,0,1007.5,39.65719353131345,12.50517517963523,87,,
2018,6,24,16,0,10.7,64,17.6,9.6,0,11.0,0,14.649595867608271,0,1008.3,43.05712101784002,12.633158174785532,96,,
2018,6,24,17,0,10.4,73,33.6,9.3,0,0.0,0,0.0,0,1009,44.928613921603926,12.33173776977599,107,,
2018,6,24,18,0,10.2,82,52,8.9,0,0.0,0,0.0,0,1009.6,45.21508711403334,11.772651271476,118,,
2018,6,24,19,0,10,92,52,8.5,0,0.0,0,0.0,0,1010,46.738840104472274,10.701471579710326,129,,
2018,6,24,20,0,9.9,103,52,8.1,0,0.0,0,0.0,0,1010.4,48.92231151496389,10.11515593291172,140,,
2018,6,24,21,0,9.9,120,52,7.9,0,0.0,0,0.0,0,1010.8,49.05315662887023,9.378811481065354,151,,
2018,6,24,22,0,10,147,52,8,0,0.0,0,0.0,0,1011,47.83519543582145,8.659019168438475,159,,
2018,6,24,23,0,10.1,-173,52,8.1,0,0.0,0,0.0,0,1011.3,46.168680299037646,7.913957062270251,161,,
2018,6,25,0,0,10.1,-137,51.4,8.1,0,0.0,0,0.0,0,1011.5,44.11671505468371,7.603855148013592,157,,
2018,6,25,1,0,10,-114,18.4,7.9,0,0.0,0,0.0,0,1011.8,38.78182730290098,7.752313829921874,148,,
2018,6,25,2,0,10,-99,0,7.7,0,0.0,0,0.0,0,1012,39.590075576838615,7.355358157387539,137,,
2018,6,25,3,0,9.9,-89,0,7.5,0,0.0,0,0.0,0,1012.3,37.83902588593611,7.335619646362785,126,,
2018,6,25,4,0,9.9,-79,0,7.4,0,0.0,0,0.0,0,1012.6,39.06129817154556,7.835417801575366,114,,
2018,6,25,5,0,9.9,-70,0,7.2,0,0.0,0,0.0,0,1013,42.055953650012384,7.744201459802037,103,,
2018,6,25,6,0,10.1,-61,0,7.2,2,0.0,1,0.0,0,1013.4,41.85334086779454,7.525910067260201,93,,
2018,6,25,7,0,10.4,-51,2.2,7.3,33,0.0,39,0.0,0,1013.8,42.90644566130993,6.885248906914416,84,,
2018,6,25,8,0,10.7,-40,1.3,7.4,55,23.0,141,27.707285441210374,0,1014.2,43.88029367811311,6.793561952299335,76,,
2018,6,25,9,0,11.1,-27,1.3,7.6,67,30.0,235,77.43981505274867,0,1014.4,43.64178515115566,6.882586788325886,70,,
2018,6,25,10,0,11.6,-13,20.2,7.9,176,40.0,119,122.21968326387808,0,1014.5,42.231785713092,7.00604668083179,66,,
2018,6,25,11,0,12,2,12.2,8.2,135,74.0,207,181.98091841674145,0,1014.6,39.87278482479212,7.247842665036207,65,,
2018,6,25,12,0,12.2,17,1.9,8.6,76,112.0,273,219.5668529503572,0,1014.7,40.76360520094119,7.179071144653743,67,,
2018,6,25,13,0,12.1,31,1.6,9.1,66,109.0,204,203.71376178499744,0,1014.7,40.12072621699326,7.274205283053263,71,,
2018,6,25,14,0,12,43,0.5,9.5,46,126.0,113,174.47515971517367,0,1014.8,43.95837332399003,7.293243877041272,78,,
2018,6,25,15,0,11.9,54,0,9.8,14,115.0,28,110.4190978891971,0,1015.1,43.709822303040426,7.1764672563521215,87,,
2018,6,25,16,0,11.7,64,0,10,1,43.0,0,25.48286360542697,0,1015.7,45.2233455501447,7.395847600376893,96,,
2018,6,25,17,0,11.5,73,0,10.2,0,0.0,0,0.0,0,1016.2,49.67653582210875,7.214028804502892,107,,
2018,6,25,18,0,11.4,82,0.6,10.3,0,0.0,0,0.0,0,1016.7,52.72613070192693,6.676093672868601,118,,
2018,6,25,19,0,11.4,92,33.6,10.2,0,0.0,0,0.0,0,1017,51.565400143729846,5.665002952635518,129,,
2018,6,25,20,0,11.4,103,52,10.2,0,0.0,0,0.0,0,1017.4,54.36584218370382,4.972005970906427,140,,
2018,6,25,21,0,11.5,120,51.9,10.3,0,0.0,0,0.0,0,1017.6,56.52042799118715,4.570890471600598,151,,
2018,6,25,22,0,11.7,147,49.3,10.5,0,0.0,0,0.0,0,1017.7,59.62161513470522,4.491688576233791,159,,
2018,6,25,23,0,11.8,-173,47.8,10.6,0,0.0,0,0.0,0,1017.8,68.07477520689645,4.13290965465437,161,,
2018,6,26,0,0,11.9,-137,47.2,10.7,0,0.0,0,0.0,0,1017.9,76.35379842538089,3.4531928180922136,157,,
2018,6,26,1,0,11.8,-114,16.9,10.6,0,0.0,0,0.0,0,1018,69.16918254713761,2.7647002770115816,148,,
2018,6,26,2,0,11.7,-99,0,10.6,0,0.0,0,0.0,0,1018.1,79.08173444907044,2.017227984435088,137,,
2018,6,26,3,0,11.6,-89,0,10.5,0,0.0,0,0.0,0,1018.2,93.46754415674798,1.235171483601604,126,,
2018,6,26,4,0,11.5,-79,0,10.5,0,0.0,0,0.0,0,1018.4,96.41929034675456,1.035053895892328,114,,
2018,6,26,5,0,11.4,-70,0,10.4,0,0.0,0,0.0,0,1018.6,96.8229644151952,0.953530272324832,103,,
2018,6,26,6,0,11.6,-61,0.6,10.6,2,0.0,0,0.0,0,1018.8,92.53011869220823,0.7189625964668873,93,,
2018,6,26,7,0,12.1,-51,29.3,10.8,42,1.0,0,1.0,0,1019.2,125.58938543687964,0.8805421651376305,84,,
2018,6,26,8,0,12.7,-40,58.5,11.1,77,80.0,0,38.4401728298168,0,1019.5,151.63173333129714,0.6314996829874023,76,,
2018,6,26,9,0,12.9,-27,65.4,11.2,107,169.0,0,125.61939188619588,0,1019.5,188.180494407577,0.9814217787620784,70,,
2018,6,26,10,0,13,-13,70.5,11.2,110,257.0,0,216.5122088607472,0,1019.2,208.80153855575327,0.9932301067047123,66,,
2018,6,26,11,0,13,2,76,11.2,91,349.0,3,297.7405193315348,0,1018.8,234.64618945506004,0.8932326106384139,65,,
2018,6,26,12,0,12.9,17,29.4,11,80,325.0,165,311.04421584307306,0,1018.5,252.63851023721776,0.8942569828608644,67,,
2018,6,26,13,0,12.7,31,17.1,10.6,123,285.0,114,281.2901220591143,0,1018.4,307.9755557248678,1.2930630191424135,71,,
2018,6,26,14,0,12.5,43,29.6,10.2,104,280.0,12,232.68977272989733,0,1018.2,353.127595674615,1.3874098224375226,78,,
2018,6,26,15,0,12.3,54,11.6,9.9,29,132.0,0,115.3175175278321,0,1018.2,20.24926925584356,1.8678846135290632,87,,
2018,6,26,16,0,12,64,0,9.6,1,46.0,0,25.97604788213013,0,1018.4,41.581095130382494,2.480842826450506,96,,
2018,6,26,17,0,11.8,73,0,9.3,0,0.0,0,0.0,0,1018.5,58.4172427983097,2.666422673825041,107,,
2018,6,26,18,0,11.7,82,0.6,9.2,0,0.0,0,0.0,0,1018.5,61.73119836417607,2.8166382015546803,118,,
2018,6,26,19,0,11.7,92,33.6,9.3,0,0.0,0,0.0,0,1018.3,81.19810472954418,3.8164292396313706,129,,
2018,6,26,20,0,11.8,103,52,9.3,0,0.0,0,0.0,0,1018.1,95.22004998135549,3.410629545491527,140,,
2018,6,26,21,0,11.9,120,52,9.5,0,0.0,0,0.0,0,1017.9,110.88947429691132,3.3242134605213223,151,,
2018,6,26,22,0,11.9,147,54.6,9.9,0,0.0,0,0.0,0,1017.7,128.30975811767075,2.683562177225258,159,,
2018,6,26,23,0,12,-173,56,10.2,0,0.0,0,0.0,0,1017.4,139.74620845628976,2.2616581356906256,161,,
2018,6,27,0,0,11.9,-137,56.3,10.4,0,0.0,0,0.0,0,1017.3,151.21537284752725,1.8268012609487485,157,,
2018,6,27,1,0,11.8,-114,73.4,10.4,0,0.0,0,0.0,0,1017.1,217.6073248873153,1.1229934016226646,148,,
2018,6,27,2,0,11.7,-99,83,10.3,0,0.0,0,0.0,0,1017,234.25763295843967,1.0248078061393162,137,,
2018,6,27,3,0,11.6,-89,82.6,10.3,0,0.0,0,0.0,0,1017,228.9526514771404,0.911601609367634,126,,
2018,6,27,4,0,11.5,-79,62.3,10.3,0,0.0,0,0.0,0,1017.3,205.29886317027865,0.7312679712418425,114,,
2018,6,27,5,0,11.4,-70,18.4,10.3,0,0.0,0,0.0,0,1017.5,194.94854007394537,1.0524632771897156,104,,
2018,6,27,6,0,11.5,-61,0,10.3,1,0.0,1,0.0,0,1017.7,183.09066512313788,1.557685625731255,93,,
2018,6,27,7,0,11.8,-51,2.2,10.3,31,0.0,44,0.0,0,1017.9,155.63129574042557,1.153820191146288,84,,
2018,6,27,8,0,12.1,-40,1.8,10.3,53,22.0,146,25.667409570406164,0,1018.1,161.0017904050403,2.230378210899121,76,,
2018,6,27,9,0,12.1,-27,26.5,10.1,151,96.0,69,104.38848498420909,0,1018,164.29595195699835,2.8421749112614303,70,,
2018,6,27,10,0,12.1,-13,48.6,9.9,191,138.0,2,181.1729565957715,0,1017.6,173.3919722661161,3.2990161216563934,66,,
2018,6,27,11,0,12,2,30.1,9.6,187,189.0,88,245.10421357201443,0,1017.2,186.0727256336276,3.29780277196902,65,,
2018,6,27,12,0,11.9,17,31.5,9.4,199,176.0,50,255.46126729765743,0,1017,188.48083409640583,2.673521393485769,67,,
2018,6,27,13,0,12,31,31,9.4,172,153.0,16,229.74641485460225,0,1016.8,158.93799725164718,2.5013377067786777,71,,
2018,6,27,14,0,12,43,13.4,9.3,90,127.0,44,176.03665105870854,0,1016.7,167.64763359847495,2.347557764002815,78,,
2018,6,27,15,0,11.9,54,2.2,9.2,21,75.0,20,94.2705134663499,0,1016.9,168.62552104989095,1.912564450468265,87,,
2018,6,27,16,0,11.6,64,0,9,1,34.0,0,23.18938593614948,0,1017.3,182.55309206022093,1.836051028373615,96,,
2018,6,27,17,0,11.4,73,0,8.7,0,0.0,0,0.0,0,1017.8,188.0595893286836,1.767457551163175,107,,
2018,6,27,18,0,11.1,82,0,8.4,0,0.0,0,0.0,0,1018,201.1247191460725,2.1880571473275814,118,,
2018,6,27,19,0,10.9,92,0,8,0,0.0,0,0.0,0,1018.1,208.56126070405244,2.6548673958359883,129,,
2018,6,27,20,0,10.7,103,0,7.5,0,0.0,0,0.0,0,1018.2,202.25472927156449,2.475410843475107,140,,
2018,6,27,21,0,10.7,120,0,7.4,0,0.0,0,0.0,0,1018.2,190.09727758836013,2.495437667182085,151,,
2018,6,27,22,0,10.8,147,0,7.4,0,0.0,0,0.0,0,1018.3,190.6298681674068,2.9448222554231456,159,,
2018,6,27,23,0,10.9,-173,0,7.4,0,0.0,0,0.0,0,1018.3,187.0240587502144,3.419954239862605,161,,
2018,6,28,0,0,11,-137,0,7.4,0,0.0,0,0.0,0,1018.4,192.7871992242767,3.887178058418064,157,,
2018,6,28,1,0,11.1,-114,0,7.4,0,0.0,0,0.0,0,1018.6,194.23627473769216,4.426716624012999,148,,
2018,6,28,2,0,11.2,-100,0,7.3,0,0.0,0,0.0,0,1018.8,199.0065399564436,4.75948015749322,137,,
2018,6,28,3,0,11.2,-89,0,7.4,0,0.0,0,0.0,0,1019,198.09095584484072,5.130841653399,126,,
2018,6,28,4,0,11.3,-79,0,7.5,0,0.0,0,0.0,0,1019.3,204.1750107121583,4.958820185548058,114,,
2018,6,28,5,0,11.4,-71,0,7.6,0,0.0,0,0.0,0,1019.6,204.8055496296147,4.594294230343127,104,,
2018,6,28,6,0,11.6,-61,0.1,7.9,1,0.0,1,0.0,0,1019.8,197.7858598485259,4.334358780217919,93,,
2018,6,28,7,0,11.8,-51,4.4,8.2,37,0.0,33,0.0,0,1020,187.02339509968,5.8561989785071535,84,,
2018,6,28,8,0,12.1,-40,17.7,8.5,115,18.0,42,24.54461069335239,0,1020.2,193.38188097424288,6.957957664978281,76,,
2018,6,28,9,0,12.3,-27,29.2,8.7,192,39.0,21,81.06595978862384,0,1020.2,196.96395343853308,7.232928405380224,70,,
2018,6,28,10,0,12.4,-13,30.8,8.9,230,73.0,27,149.32419888824734,0,1019.9,198.79603921065888,7.325728441413995,66,,
2018,6,28,11,0,12.6,2,47.8,9,191,141.0,13,223.33848077824285,0,1019.7,199.02610282609152,5.507412034214047,65,,
2018,6,28,12,0,12.6,17,50.4,9.1,175,180.0,1,258.3005083615226,0,1019.6,219.90815091955483,5.1331430325852665,67,,
2018,6,28,13,0,12.5,31,27.1,9.2,145,222.0,50,261.55925330437594,0,1019.5,220.49071290949573,7.2855880404802384,71,,
2018,6,28,14,0,12.4,43,25.2,9.2,95,236.0,28,221.4722612021112,0,1019.4,217.52092176448247,7.013343355053219,78,,
2018,6,28,15,0,12.3,54,10.9,9.2,30,113.0,0,111.15971955146745,0,1019.5,222.2375935154416,6.386746976364243,86,,
2018,6,28,16,0,12.1,64,0,9.2,1,35.0,0,24.37916558910709,0,1019.8,220.00669212260163,6.580904855761758,96,,
2018,6,28,17,0,12,73,0,9.2,0,0.0,0,0.0,0,1020.1,215.68000801755144,6.717806026769535,107,,
2018,6,28,18,0,11.8,82,0,9.1,0,0.0,0,0.0,0,1020.3,215.8727919280688,6.579853773043077,118,,
2018,6,28,19,0,11.6,92,0,9,0,0.0,0,0.0,0,1020.5,206.51482844675908,7.473579680701188,129,,
2018,6,28,20,0,11.4,103,0,8.9,0,0.0,0,0.0,0,1020.6,211.23066738056536,7.477938637999731,140,,
2018,6,28,21,0,11.3,120,0,8.9,0,0.0,0,0.0,0,1020.6,213.3971191956384,7.310396808996995,151,,
2018,6,28,22,0,11.3,147,0,8.9,0,0.0,0,0.0,0,1020.4,217.9599138337553,6.948229993325616,159,,
2018,6,28,23,0,11.2,-173,0,8.8,0,0.0,0,0.0,0,1020.2,231.5046015553349,6.391292630416596,161,,
2018,6,29,0,0,11.2,-137,0,8.8,0,0.0,0,0.0,0,1020,241.08277667743604,6.546997733775187,157,,
2018,6,29,1,0,11.2,-114,0,8.8,0,0.0,0,0.0,0,1020,243.44296558228103,6.242647652978524,148,,
2018,6,29,2,0,11.2,-100,0,8.7,0,0.0,0,0.0,0,1020,248.10598087762187,6.31088425948411,137,,
2018,6,29,3,0,11.1,-89,0,8.7,0,0.0,0,0.0,0,1020.1,254.88187456820907,6.9495055647142365,126,,
2018,6,29,4,0,11.1,-80,0,8.7,0,0.0,0,0.0,0,1020.3,260.8899168647426,7.364378959125696,114,,
2018,6,29,5,0,11,-71,0,8.6,0,0.0,0,0.0,0,1020.6,278.1942633346302,7.893084393948921,104,,
2018,6,29,6,0,11.2,-61,0.4,8.7,2,0.0,0,0.0,0,1020.7,282.5972283282887,7.450846261725519,93,,
2018,6,29,7,0,11.5,-51,22.2,8.8,51,1.0,0,1.0,0,1020.9,284.57798580651826,7.039117713398375,84,,
2018,6,29,8,0,11.8,-40,51.9,8.9,89,13.0,1,22.393392244491352,0,1021,289.0577045101284,7.273668262988077,76,,
2018,6,29,9,0,12,-27,39.1,8.7,162,14.0,37,56.53855902151547,0,1020.8,287.86486037792315,7.945615929555116,70,,
2018,6,29,10,0,12.1,-13,25.6,8.4,213,16.0,70,97.89799644905716,0,1020.3,281.62562952199767,7.551399789766491,66,,
2018,6,29,11,0,12.3,2,25.2,8,220,24.0,78,137.43113178456096,0,1019.9,289.9309602068208,8.06717540408315,65,,
2018,6,29,12,0,12.2,17,11.8,7.9,131,23.0,191,142.0204872979109,0,1019.6,291.8014094863518,9.087465612039477,67,,
2018,6,29,13,0,12.1,31,36.3,8,101,26.0,92,137.21336733355096,0,1019.4,291.9900396465233,10.066319567033656,71,,
2018,6,29,14,0,11.9,43,33.4,8.1,90,48.0,12,134.24469551962704,0,1019.2,294.12215522430114,9.42909736019246,78,,
2018,6,29,15,0,11.7,54,7.8,8.1,29,30.0,7,73.5705402687887,0,1019.2,290.68765857043485,9.553508844921849,86,,
2018,6,29,16,0,11.4,64,0,8.1,1,10.0,0,15.548363054155049,0,1019.2,287.1952991943889,10.009917065475026,96,,
2018,6,29,17,0,11.1,73,0,8.1,0,0.0,0,0.0,0,1019.3,289.3053597475334,10.906484175083552,107,,
2018,6,29,18,0,10.6,82,0,7.9,0,0.0,0,0.0,0,1019.2,292.5096540264127,10.397874554672573,118,,
2018,6,29,19,0,10.1,92,0,7.6,0,0.0,0,0.0,0,1019.1,290.99058533379406,11.985032407989737,129,,
2018,6,29,20,0,9.5,103,0,7.3,0,0.0,0,0.0,0,1018.9,298.1784929094504,13.591575996806734,140,,
2018,6,29,21,0,9.4,120,0,7.3,0,0.0,0,0.0,0,1018.7,292.6625847404769,12.87096586728277,151,,
2018,6,29,22,0,9.5,147,0,7.6,0,0.0,0,0.0,0,1018.4,288.3197487492657,12.863377864693758,159,,
2018,6,29,23,0,9.7,-174,0,8,0,0.0,0,0.0,0,1018.1,288.53112234746715,15.868155627859112,161,,
2018,6,30,0,0,9.8,-138,0,8.1,0,0.0,0,0.0,0,1017.9,296.60312042441006,16.103841946952382,157,,
2018,6,30,1,0,9.8,-114,0,8.1,0,0.0,0,0.0,0,1017.7,298.4182534135954,16.158583526025275,148,,
2018,6,30,2,0,9.8,-100,0,8.1,0,0.0,0,0.0,0,1017.6,298.50722909233275,16.243315701111424,137,,
2018,6,30,3,0,9.8,-89,0,8.1,0,0.0,0,0.0,0,1017.5,300.69095165703203,15.55609450402408,126,,
2018,6,30,4,0,9.6,-80,0,8.1,0,0.0,0,0.0,0,1017.4,302.4778857740008,14.745988045623054,114,,
2018,6,30,5,0,9.5,-71,0,8.1,0,0.0,0,0.0,0,1017.4,302.1349746508864,14.22207141062482,104,,
2018,6,30,6,0,9.5,-61,0.5,8,2,0.0,0,0.0,0,1017.5,308.0238835241166,13.463228660599878,93,,
2018,6,30,7,0,9.5,-51,27.1,7.6,46,0.0,0,0.0,0,1017.6,319.40402756331684,11.68813473461952,84,,
2018,6,30,8,0,9.6,-40,55.2,7.3,86,3.0,0,12.091055782617913,0,1017.7,337.75247735872017,9.409453496032285,76,,
2018,6,30,9,0,10,-27,46.5,7.2,174,7.0,0,47.27100556807322,0,1017.5,61.89619543441074,14.503204717090297,70,,
2018,6,30,10,0,10.5,-13,42.5,7.3,220,32.0,0,115.80937333958434,0,1016.9,68.55876052299101,15.960276559671945,66,,
2018,6,30,11,0,11.1,2,46.9,7.4,214,128.0,0,218.37602925987008,0,1016.3,63.65396134337607,17.13803585426481,65,,
2018,6,30,12,0,11.3,17,58.3,7.4,153,127.0,2,232.4291878405837,0,1016,54.87229302186108,17.963870314742717,66,,
2018,6,30,13,0,11.3,31,28.2,7.5,100,141.0,94,225.94349226160656,0,1015.8,46.08593634972658,17.12486541305337,71,,
2018,6,30,14,0,11.2,43,5.5,7.5,61,106.0,98,167.4045082857011,0,1015.6,39.64479936728122,16.264530121216332,78,,
2018,6,30,15,0,10.8,54,1.5,7.5,19,84.0,26,100.0963935807505,0,1015.6,39.0494241972977,15.346600242552332,86,,
2018,6,30,16,0,10.3,64,0,7.5,1,30.0,0,22.681958387164155,0,1015.8,40.8506384171601,14.847245627939808,96,,
2018,6,30,17,0,9.8,73,0,7.5,0,0.0,0,0.0,0,1016,39.31200874673749,13.978075991416077,107,,
2018,6,30,18,0,9.3,82,0,7.4,0,0.0,0,0.0,0,1016.1,37.56188176164,13.091335622568844,118,,
2018,6,30,19,0,8.7,92,0,7.1,0,0.0,0,0.0,0,1016.2,31.522342396459464,12.514967087920713,129,,
2018,6,30,20,0,8.1,103,0,6.9,0,0.0,0,0.0,0,1016.3,30.57005917192339,11.882251819071026,140,,
2018,6,30,21,0,8,120,0,6.9,0,0.0,0,0.0,0,1016.2,26.5223508219604,11.573729474801077,150,,
2018,6,30,22,0,8.3,147,0,7.1,0,0.0,0,0.0,0,1015.9,20.011300112998526,11.021110827131988,159,,
2018,6,30,23,0,8.6,-174,0,7.3,0,0.0,0,0.0,0,1015.7,12.834455400821184,11.069780876731382,161,,
2018,7,1,0,0,8.9,-138,0,7.4,0,0.0,0,0.0,0,1015.4,8.061461145570718,12.479028048512305,157,,
2018,7,1,1,0,9.1,-114,0,7.5,0,0.0,0,0.0,0,1014.9,1.4636134887331878,12.234704494302283,148,,
2018,7,1,2,0,9.2,-100,0,7.6,0,0.0,0,0.0,0,1014.5,1.5124960210544032,12.653334302954104,137,,
2018,7,1,3,0,9.4,-89,0,7.6,0,0.0,0,0.0,0,1014.1,4.6467846885626045,13.38040637439812,126,,
2018,7,1,4,0,9.5,-80,0,7.6,0,0.0,0,0.0,0,1013.8,7.953243361246052,13.254689990278033,114,,
2018,7,1,5,0,9.6,-71,0,7.5,0,0.0,0,0.0,0,1013.5,10.247230686208638,12.768609705381587,104,,
2018,7,1,6,0,9.9,-61,0,7.4,1,0.0,1,0.0,0,1013.3,12.011998521376654,12.312813771795469,93,,
2018,7,1,7,0,10.2,-51,0.2,7.2,26,0.0,51,0.0,0,1013,16.19706077380954,10.978991042306264,84,,
2018,7,1,8,0,10.6,-40,9,7,88,34.0,92,31.038016376039824,0,1012.7,16.279753703822166,10.332500601421664,76,,
2018,7,1,9,0,10.9,-27,21.6,7.1,168,82.0,74,102.91733531028028,0,1012,13.77963551646468,10.061302875010666,69,,
2018,7,1,10,0,11.1,-13,42.6,7.5,192,171.0,22,189.5082174890561,0,1011,11.803167783489869,9.472003796317534,66,,
2018,7,1,11,0,11.3,2,34.8,7.8,207,207.0,52,248.6135174626629,0,1009.9,8.58702216452167,9.208943058054723,65,,
2018,7,1,12,0,11.4,17,64.3,8,108,291.0,29,299.2639474918355,0,1008.9,9.349786075197812,8.84826275765619,66,,
2018,7,1,13,0,11.5,31,61.2,7.9,99,342.0,0,304.1770597742056,0,1008,9.61363789457505,8.981851190104509,71,,
2018,7,1,14,0,11.5,43,52,7.9,80,263.0,0,228.5578139716333,0,1007,11.881302808531132,9.305062473021806,78,,
2018,7,1,15,0,11.6,54,52.2,7.9,20,171.0,0,129.27014962118258,0,1006.1,11.810234352603914,8.855680152715399,86,,
2018,7,1,16,0,11.7,64,18.3,8,1,74.0,0,33.64582345411001,0,1005.3,12.855583611272266,7.865366420958875,96,,
2018,7,1,17,0,11.9,73,0,8.2,0,0.0,0,0.0,0,1004.5,13.381514238228306,7.19760801828518,106,,
2018,7,1,18,0,11.6,82,0,8.3,0,0.0,0,0.0,0,1003.8,4.870960676251968,7.3605673567153875,118,,
2018,7,1,19,0,11,92,0,8.4,0,0.0,0,0.0,0,1003.2,2.063819728456963,6.942003043070494,129,,
2018,7,1,20,0,10.4,103,0,8.6,0,0.0,0,0.0,0,1002.6,0.0,6.834228515625,140,,
2018,7,1,21,0,9.9,120,0,8.1,0,0.0,0,0.0,0,1002.4,357.73973019465296,6.338916158362101,150,,
2018,7,1,22,0,9.4,147,0,7.3,0,0.0,0,0.0,0,1002.6,353.82826283526646,6.015578480330097,159,,
2018,7,1,23,0,9,-174,0,6.4,0,0.0,0,0.0,0,1002.8,349.4761952480057,5.594097707373484,161,,
2018,7,2,0,0,8.6,-138,0,5.7,0,0.0,0,0.0,0,1003.1,344.74934060560446,5.227295788470953,157,,
2018,7,2,1,0,8.2,-115,0,5.3,0,0.0,0,0.0,0,1003.3,320.8473053423604,5.939283730456838,148,,
2018,7,2,2,0,7.9,-100,0,4.8,0,0.0,0,0.0,0,1003.6,309.395255085838,6.9272354114063175,137,,
2018,7,2,3,0,7.5,-89,0,4.7,0,0.0,0,0.0,0,1004,304.37041764692776,7.3448784143863906,126,,
2018,7,2,4,0,7.1,-80,0,4.7,0,0.0,0,0.0,0,1004.6,304.11887278899445,7.726678216760042,114,,
2018,7,2,5,0,6.7,-71,0,4.7,0,0.0,0,0.0,0,1005.1,307.27108067505486,8.431017221923458,104,,
2018,7,2,6,0,6.6,-62,0,4.6,1,0.0,0,0.0,0,1005.9,304.92566726989725,8.842590471688712,93,,
2018,7,2,7,0,6.9,-51,1.7,4.3,41,1.0,20,1.0,0,1006.7,304.04864094820374,9.153477327071904,84,,
2018,7,2,8,0,7.2,-40,1.7,4,75,68.0,109,36.09410507330202,0,1007.5,300.24458551537,9.430359776132484,76,,
2018,7,2,9,0,7.6,-27,0.5,3.6,74,203.0,234,131.02023887198317,0,1008.2,289.1205994718195,9.283910662179109,69,,
2018,7,2,10,0,8.1,-13,0.9,2.9,78,314.0,303,234.61562766391376,0,1008.8,281.1321662550975,9.598820200833664,66,,
2018,7,2,11,0,8.7,2,1.4,2.3,80,462.0,321,334.52698383082384,0,1009.4,283.48048595432533,9.920031618103469,64,,
2018,7,2,12,0,8.8,17,6.1,1.9,104,508.0,249,375.6673380852312,0,1010,286.02346705902727,10.18907134978962,66,,
2018,7,2,13,0,8.7,31,17.4,1.8,135,542.0,111,373.45094812820776,0,1010.8,287.71171241429096,10.477346326961234,71,,
2018,7,2,14,0,8.5,43,8,1.8,77,481.0,76,300.52131219604723,0,1011.6,283.0156003108358,11.292310502229707,78,,
2018,7,2,15,0,8.2,54,0,1.7,17,202.0,32,140.4762672721114,0,1012.4,285.0814136524081,11.696059254750928,86,,
2018,7,2,16,0,7.8,64,0,1.5,1,30.0,0,22.76301066655856,0,1013.2,286.13396766683763,11.626112202794747,96,,
2018,7,2,17,0,7.4,73,0,1.4,0,0.0,0,0.0,0,1014,283.73288321157577,11.239516571219037,106,,
2018,7,2,18,0,7,82,0,1.4,0,0.0,0,0.0,0,1014.7,282.7243556854224,10.978858273256858,117,,
2018,7,2,19,0,6.6,92,0,1.6,0,0.0,0,0.0,0,1015.3,280.91848829483297,11.332339306615012,129,,
2018,7,2,20,0,6.3,103,0,1.8,0,0.0,0,0.0,0,1015.8,277.677348199316,11.85849571235252,140,,
2018,7,2,21,0,6.4,120,0,1.8,0,0.0,0,0.0,0,1016.1,278.72287167253074,12.648497031756822,150,,
2018,7,2,22,0,6.9,147,0,1.7,0,0.0,0,0.0,0,1016.1,280.0672874485987,12.761179309813215,159,,
2018,7,2,23,0,7.4,-174,0,1.5,0,0.0,0,0.0,0,1016.1,280.0021016339109,13.923036685260586,161,,
2018,7,3,0,0,7.7,-138,0,1.5,0,0.0,0,0.0,0,1016,292.68256880361304,14.860829963010232,157,,
2018,7,3,1,0,7.8,-115,0,1.6,0,0.0,0,0.0,0,1015.9,293.7701878611756,14.52781142086954,148,,
2018,7,3,2,0,7.8,-100,0,1.7,0,0.0,0,0.0,0,1015.7,290.7085629533448,14.79212749215576,137,,
2018,7,3,3,0,7.9,-89,0,1.8,0,0.0,0,0.0,0,1015.6,296.80791280021816,15.712667649739592,126,,
2018,7,3,4,0,7.9,-80,0,1.8,0,0.0,0,0.0,0,1015.6,300.80159006607647,16.035851857271588,114,,
2018,7,3,5,0,7.9,-71,0,1.9,0,0.0,0,0.0,0,1015.6,297.13559429750933,16.0852013058675,104,,
2018,7,3,6,0,8,-62,0.3,2.3,2,0.0,0,0.0,0,1015.6,300.04351836976,16.319843572195303,93,,
2018,7,3,7,0,8.2,-52,18.6,2.9,55,0.0,1,0.0,0,1015.6,302.75985458688706,15.561553859291946,84,,
2018,7,3,8,0,8.4,-40,54,3.6,80,4.0,3,13.1246003378951,0,1015.7,301.2087095012816,16.492402599816753,76,,
2018,7,3,9,0,8.9,-27,31.1,3.8,110,6.0,120,37.097481917458666,0,1015.3,300.4234696414949,16.215711202372116,69,,
2018,7,3,10,0,9.5,-13,17.6,3.5,180,9.0,134,79.775829711355,0,1014.7,304.81740836402946,16.49915948807753,65,,
2018,7,3,11,0,10.1,2,15.7,3.3,172,16.0,168,119.33597100378948,0,1014,307.8560831369809,16.81191410936994,64,,
2018,7,3,12,0,10.4,17,36.7,3.2,163,18.0,76,131.90946846701405,0,1013.4,310.4289980380615,16.616863462788682,66,,
2018,7,3,13,0,10.3,31,19.5,3.4,101,20.0,121,127.71315550527464,0,1012.8,309.89677108090905,14.885806581993192,71,,
2018,7,3,14,0,10.2,43,3,3.5,52,13.0,116,88.00482872272823,0,1012.2,315.4560267831595,14.944491543832504,78,,
2018,7,3,15,0,10.2,54,34.8,3.7,18,11.0,27,51.20024440430306,0,1011.9,315.46287627088634,14.915675136530652,86,,
2018,7,3,16,0,10.1,64,65.7,3.8,1,5.0,0,12.80118464221398,0,1011.8,307.5241872746521,14.136273274039498,96,,
2018,7,3,17,0,10.1,73,71.1,4,0,0.0,0,0.0,0,1011.6,312.100165069888,14.212642819014976,106,,
2018,7,3,18,0,10,82,69.5,4.3,0,0.0,0,0.0,0,1011.3,306.9189961359794,12.877543790680226,117,,
2018,7,3,19,0,9.9,92,84.3,4.8,0,0.0,0,0.0,0,1010.7,306.95598243400366,12.41451596535571,129,,
2018,7,3,20,0,9.9,103,92.9,5.4,0,0.0,0,0.0,0,1010,307.7924791751745,11.866333223173818,140,,
2018,7,3,21,0,10,120,92.5,5.9,0,0.0,0,0.0,0,1009.4,299.0314633761004,10.392166748966783,150,,
2018,7,3,22,0,10.4,147,65.9,6.3,0,0.0,0,0.0,0,1008.8,287.3718759685478,10.611206216882456,158,,
2018,7,3,23,0,10.7,-174,51,6.8,0,0.0,0,0.0,0,1008.1,279.58105556230464,10.904299993444534,161,,
2018,7,4,0,0,10.9,-138,51,7.4,0,0.0,0,0.0,0,1007.6,278.0571629155421,12.503059806644233,157,,
2018,7,4,1,0,11,-115,51.1,8,0,0.0,0,0.0,0,1007.2,272.34828090387765,12.78686116031409,148,,
2018,7,4,2,0,11,-100,48.8,8.6,0,0.0,0,0.0,0,1006.8,276.2554304523285,12.265165276628748,137,,
2018,7,4,3,0,11,-89,48.3,9.1,0,0.0,0,0.0,0,1006.6,273.7640492795548,12.741107450515075,126,,
2018,7,4,4,0,11,-80,51,9.4,0,0.0,0,0.0,0,1006.6,273.5059479262352,14.033099507139772,114,,
2018,7,4,5,0,11,-71,59,9.8,0,0.0,0,0.0,0,1006.6,271.75847013891973,15.74496367706853,104,,
2018,7,4,6,0,11.2,-62,56.1,10.1,1,0.0,0,0.0,0,1006.6,278.5984274423664,15.91644191791311,93,,
2018,7,4,7,0,11.4,-52,59.5,10.4,27,0.0,0,1.0,0,1006.7,275.9267804488603,16.59799925139311,84,,
2018,7,4,8,0,11.7,-40,73.2,10.6,49,32.0,0,34.011009030495494,0,1006.7,281.10577243370045,17.333884442108502,76,,
2018,7,4,9,0,11.8,-27,59.1,10.7,132,63.0,0,102.56447317465772,0,1006.7,284.4877773884552,17.093607943779695,69,,
2018,7,4,10,0,11.7,-13,56.3,10.5,161,215.0,0,215.49156663436392,0,1006.6,287.69619920038974,17.634483533718257,65,,
2018,7,4,11,0,11.6,2,73.2,10.3,104,262.0,0,282.0198656762853,0,1006.5,297.3599759748469,16.96736203975187,64,,
2018,7,4,12,0,11.5,17,68.2,10,112,243.0,0,294.068901835067,0,1006.5,297.8495702994787,15.58072741244565,66,,
2018,7,4,13,0,11.2,31,64.3,9.8,100,107.0,0,212.75949733901825,0,1006.6,299.4946205006389,15.037447252601204,71,,
2018,7,4,14,0,11,43,39.6,9.5,82,29.0,5,112.20698631445208,0,1006.8,311.66369066209865,16.181604572962748,78,,
2018,7,4,15,0,10.7,54,67.9,9.1,30,9.0,3,46.63216398161045,0,1007,311.369733815767,16.050696041561505,86,,
2018,7,4,16,0,10.5,64,92.8,8.7,0,3.0,0,9.485352717587748,0,1007.4,307.1734925319185,15.352363957651963,96,,
2018,7,4,17,0,10.3,73,93,8.3,0,0.0,0,0.0,0,1007.7,303.83544168515084,14.678002182071255,106,,
2018,7,4,18,0,10.1,82,93.1,8.1,0,0.0,0,0.0,0,1007.8,301.86946230110897,14.650681845075969,117,,
2018,7,4,19,0,9.9,92,96.2,7.9,0,0.0,0,0.0,0,1007.6,305.54893568167915,15.599604702030971,129,,
2018,7,4,20,0,9.8,103,95.4,7.8,0,0.0,0,0.0,0,1007.3,303.6156907500125,15.439935878128852,140,,
2018,7,4,21,0,9.8,120,93.9,8,0,0.0,0,0.0,0,1007,303.7730711468742,15.190689368191066,150,,
2018,7,4,22,0,9.8,147,96.5,8.5,0,0.0,0,0.0,0,1006.7,305.4516618364118,15.35055205147694,158,,
2018,7,4,23,0,9.9,-174,98,9,0,0.0,0,0.0,0,1006.4,305.5946807263982,15.404352318843031,161,,
2018,7,5,0,0,9.9,-138,98.5,9.3,0,0.0,0,0.0,0,1006.1,308.0320868291884,14.923382446280176,157,,
2018,7,5,1,0,9.9,-115,98.4,9.4,0,0.0,0,0.0,0,1005.8,316.868300462186,13.656181276353626,148,,
2018,7,5,2,0,10,-100,98.1,9.5,0,0.0,0,0.0,0,1005.5,317.26889884945825,12.746028311932928,137,,
2018,7,5,3,0,10,-89,98,9.6,0,0.0,0,0.0,0,1005.4,320.13030349458614,11.898090843415762,126,,
2018,7,5,4,0,10.1,-80,98,9.6,0,0.0,0,0.0,0,1005.3,317.16116717241806,10.6343640100118,114,,
2018,7,5,5,0,10.2,-71,98,9.7,0,0.0,0,0.0,0,1005.3,315.3108713028371,9.06805288276283,104,,
2018,7,5,6,0,10.5,-62,95.8,9.9,0,0.0,0,0.0,0,1005.3,293.50527612514594,6.815529823250846,93,,
2018,7,5,7,0,11,-52,80.9,10.2,20,1.0,0,1.0,0,1005.3,285.9214845127421,6.107079374629551,84,,
2018,7,5,8,0,11.5,-40,88.9,10.5,17,26.0,0,30.835337806787997,0,1005.2,274.65193773852855,8.829134027661683,76,,
2018,7,5,9,0,11.8,-28,83.6,10.8,56,33.0,0,81.08237356220616,0,1005,273.6691109382278,10.552391338968322,69,,
2018,7,5,10,0,12,-13,78.9,11,78,5.0,0,62.55102946061347,0,1004.5,270.2455312047774,10.653662275091683,65,,
2018,7,5,11,0,12.1,2,84.4,11.2,61,8.0,0,98.18521910419234,0,1004,281.06027593486886,14.460733689449018,64,,
2018,7,5,12,0,12.1,17,87.5,11.2,45,5.0,0,84.20957236034067,0,1003.7,285.83645213465394,15.66158067824396,66,,
2018,7,5,13,0,12.1,31,88,11.1,33,6.0,0,82.6307065712269,0,1003.4,280.6594350071038,16.11449753673312,71,,
2018,7,5,14,0,12,43,81.8,11.1,27,3.0,0,47.16400592463456,0,1003.1,278.7156028865458,17.052625378557575,77,,
2018,7,5,15,0,12,54,89.8,11,10,3.0,0,29.88223762715719,0,1003,272.5745592045147,18.19121352526357,86,,
2018,7,5,16,0,12,64,93.6,11,0,2.0,0,8.326814930009165,0,1003,269.805755536344,17.06723675286376,96,,
2018,7,5,17,0,12,73,95.9,10.9,0,0.0,0,0.0,0,1003.1,269.00967068637146,19.055336594327628,106,,
2018,7,5,18,0,12,82,95.6,10.9,0,0.0,0,0.0,0,1003.2,260.42753631679363,20.252700262114367,117,,
2018,7,5,19,0,11.9,92,87,10.8,0,0.0,0,0.0,0,1003.4,265.76707296247776,19.96486006414963,128,,
2018,7,5,20,0,11.8,103,83,10.8,0,0.0,0,0.0,0,1003.5,283.32349802609326,20.454097882031665,140,,
2018,7,5,21,0,11.6,120,82.7,10.7,0,0.0,0,0.0,0,1003.5,286.4535606663756,20.69054750544087,150,,
2018,7,5,22,0,11.5,146,67.1,10.6,0,0.0,0,0.0,0,1003.3,296.2836414951338,20.34049357296916,158,,
2018,7,5,23,0,11.3,-174,58.6,10.5,0,0.0,0,0.0,0,1003.1,304.2992655149945,20.863377836397028,161,,
2018,7,6,0,0,11.2,-139,74.3,10.4,0,0.0,0,0.0,0,1003,320.4229071500714,22.011577707971004,157,,
2018,7,6,1,0,11.2,-115,83.1,10.5,0,0.0,0,0.0,0,1002.8,330.8460623416553,19.54547372852588,148,,
2018,7,6,2,0,11.2,-100,83.1,10.5,0,0.0,0,0.0,0,1002.7,339.49090220214447,20.226351486761487,137,,
2018,7,6,3,0,11.1,-90,82.6,10.5,0,0.0,0,0.0,0,1002.6,344.7100700603784,20.54660818557685,126,,
2018,7,6,4,0,10.9,-80,64.3,10.4,0,0.0,0,0.0,0,1002.7,346.9409855310244,19.553548381148588,114,,
2018,7,6,5,0,10.8,-71,67.6,10.4,0,0.0,0,0.0,0,1002.7,346.65417018780505,18.86994287972682,103,,
2018,7,6,6,0,10.8,-62,79.3,10.3,1,0.0,1,0.0,0,1003,347.4220222904574,18.85359933080362,93,,
2018,7,6,7,0,10.9,-52,34.6,10.3,37,0.0,30,0.0,0,1003.4,344.5229969690017,18.898943376649985,84,,
2018,7,6,8,0,10.9,-40,54.9,10.2,50,11.0,17,25.360293721879252,0,1003.8,348.1877108942354,19.140684168198668,76,,
2018,7,6,9,0,10.7,-28,70.4,9.8,94,33.0,0,88.11053974444731,0,1003.9,355.1445680943422,19.198533816843813,69,,
2018,7,6,10,0,10.4,-13,49.1,9.1,193,131.0,0,185.77426567390063,0,1003.9,357.75884067616977,17.58058637721979,65,,
2018,7,6,11,0,9.9,2,47.7,8.4,205,197.0,0,258.6794229327044,0,1003.9,355.24295548342167,18.841024465813703,64,,
2018,7,6,12,0,9.7,17,37.2,8.1,207,103.0,19,224.66189915968104,0,1004,354.60673666525133,19.9486638446312,66,,
2018,7,6,13,0,9.7,31,30.9,8,185,136.0,13,230.83947695521212,0,1004.2,349.95599485973355,21.1433773349595,71,,
2018,7,6,14,0,9.6,43,37,8,108,205.0,1,218.87786410605972,0,1004.5,350.36008847393293,21.159126279206035,77,,
2018,7,6,15,0,9.5,54,52.8,7.6,29,91.0,0,108.91593402669749,0,1005,351.6999550633615,21.081162491873226,86,,
2018,7,6,16,0,9.3,64,24.4,6.9,1,15.0,0,19.47657736854625,0,1005.7,351.0341633472611,20.99184161612173,96,,
2018,7,6,17,0,9.1,73,4.2,6.3,0,0.0,0,0.0,0,1006.5,349.0060969046783,20.10431638935319,106,,
2018,7,6,18,0,8.5,82,9.7,5.5,0,0.0,0,0.0,0,1007.3,343.57451035074865,20.48749735653565,117,,
2018,7,6,19,0,7.8,92,37.2,4.6,0,0.0,0,0.0,0,1008.1,333.51632827547905,20.3708400253339,128,,
2018,7,6,20,0,7,104,51,3.7,0,0.0,0,0.0,0,1008.9,330.0482664621719,20.49133184103073,140,,
2018,7,6,21,0,6.8,120,50.4,3.3,0,0.0,0,0.0,0,1009.4,323.29456000707444,20.430650568010805,150,,
2018,7,6,22,0,7,146,18.1,3.3,0,0.0,0,0.0,0,1009.8,317.37658474824497,20.98628765402292,158,,
2018,7,6,23,0,7.3,-175,0,3.2,0,0.0,0,0.0,0,1010.2,309.1365468712127,21.33119178074409,161,,
2018,7,7,0,0,7.3,-139,0,3,0,0.0,0,0.0,0,1010.6,320.42090838213284,23.87443829045432,156,,
2018,7,7,1,0,7,-115,0,2.5,0,0.0,0,0.0,0,1011.1,325.0823613820021,21.47667491324192,148,,
2018,7,7,2,0,6.7,-101,0,2,0,0.0,0,0.0,0,1011.6,334.9270482406685,19.32572162521977,137,,
2018,7,7,3,0,6.4,-90,0,1.8,0,0.0,0,0.0,0,1012.1,326.6192282620389,19.166484664142704,126,,
2018,7,7,4,0,6.1,-80,0,1.6,0,0.0,0,0.0,0,1012.7,329.3799399647531,19.76016625728481,114,,
2018,7,7,5,0,5.8,-71,0,1.5,0,0.0,0,0.0,0,1013.3,349.9460452544308,17.184543690024313,103,,
2018,7,7,6,0,5.9,-62,0,1.7,2,0.0,2,0.0,0,1013.8,1.130470213588865,15.8395087605342,93,,
2018,7,7,7,0,6.2,-52,1.7,2.2,25,0.0,59,1.0,0,1014.4,23.02086505515456,13.424832998423362,84,,
2018,7,7,8,0,6.6,-41,1.8,2.6,46,6.0,169,18.200829783853955,0,1014.9,56.60938954393328,21.0140259655554,75,,
2018,7,7,9,0,7.3,-28,1.5,2.9,57,6.0,268,43.116743309746894,0,1015,53.55623842334956,21.88839835605923,69,,
2018,7,7,10,0,8.1,-13,1.7,3,66,86.0,328,162.8670170279144,0,1015,49.3402335396147,23.37930035047825,65,,
2018,7,7,11,0,8.9,2,1.7,3.1,67,101.0,347,208.47358487095968,0,1014.9,47.39433062209878,23.273013571738723,64,,
2018,7,7,12,0,9.2,17,0.6,3.2,55,75.0,330,202.36201581431703,0,1015,46.1094004992143,22.12143171625838,66,,
2018,7,7,13,0,9.2,31,0,3.4,46,67.0,260,182.58979912684907,0,1015.1,46.05285929574711,20.810164972145863,70,,
2018,7,7,14,0,9.1,43,2.1,3.6,42,76.0,140,154.74526219487913,0,1015.3,43.66401235364947,22.09446134865428,77,,
2018,7,7,15,0,8.6,54,1.1,3.6,19,159.0,36,133.31238694704427,0,1015.6,37.53068713775576,21.757941125458736,86,,
2018,7,7,16,0,7.9,64,0,3.4,2,85.0,1,40.1844487261547,0,1016,32.879710885698614,21.267079103914032,95,,
2018,7,7,17,0,7.1,73,0,3.3,0,0.0,0,0.0,0,1016.4,29.5238583136042,19.32669954740933,106,,
2018,7,7,18,0,6.4,82,0,3.1,0,0.0,0,0.0,0,1016.8,21.5006544523306,19.21687609523136,117,,
2018,7,7,19,0,5.6,92,0,2.7,0,0.0,0,0.0,0,1017,15.56688764111243,20.2699117384049,128,,
2018,7,7,20,0,4.9,104,0,2.4,0,0.0,0,0.0,0,1017.2,11.299895049532664,21.591400483770368,139,,
2018,7,7,21,0,4.9,120,0,2.3,0,0.0,0,0.0,0,1017.3,11.586303909805224,23.038790749402114,150,,
2018,7,7,22,0,5.4,147,0,2.3,0,0.0,0,0.0,0,1017.3,17.96344191478846,23.85755240568225,158,,
2018,7,7,23,0,5.9,-175,0,2.3,0,0.0,0,0.0,0,1017.3,25.22163886848801,25.0407994148448,161,,
2018,7,8,0,0,6.3,-139,0,2.3,0,0.0,0,0.0,0,1017.3,34.248679091157044,24.32921537872532,156,,
2018,7,8,1,0,6.4,-116,0,2.4,0,0.0,0,0.0,0,1017.3,42.05939613147632,22.398304936549263,148,,
2018,7,8,2,0,6.6,-101,0,2.4,0,0.0,0,0.0,0,1017.3,40.810805867754254,22.384422942007305,137,,
2018,7,8,3,0,6.8,-90,0,2.5,0,0.0,0,0.0,0,1017.3,35.36438727344722,22.36128350542548,126,,
2018,7,8,4,0,7,-80,0,2.7,0,0.0,0,0.0,0,1017.4,35.602525080209944,22.01656762698112,114,,
2018,7,8,5,0,7.2,-71,0,2.9,0,0.0,0,0.0,0,1017.5,34.0227398333015,21.120064901018303,103,,
2018,7,8,6,0,7.5,-62,0.7,3.3,2,0.0,0,0.0,0,1017.7,36.29319124302725,21.02005893205844,93,,
2018,7,8,7,0,8,-52,34,3.9,40,1.0,0,1.0,0,1018,37.06448936560298,20.91857767509964,84,,
2018,7,8,8,0,8.4,-41,70.8,4.5,54,26.0,0,30.891334438836584,0,1018.3,40.223219247828126,21.94352845422637,75,,
2018,7,8,9,0,9,-28,59.1,4.9,137,71.0,4,103.2899623844206,0,1018.2,42.90400187212862,22.95869678623864,69,,
2018,7,8,10,0,9.7,-13,17.7,5.2,115,147.0,216,191.1088212706306,0,1017.8,43.9532469370609,23.360173916630625,65,,
2018,7,8,11,0,10.3,2,1.6,5.4,77,298.0,331,293.8478079938757,0,1017.4,43.11504503740878,23.72266561934187,64,,
2018,7,8,12,0,10.6,17,2,5.7,79,214.0,294,281.5373153545052,0,1017.1,44.24258863004519,24.434435085140304,66,,
2018,7,8,13,0,10.5,31,5.5,6,89,239.0,194,276.96735275134574,0,1016.9,44.79231803003893,24.43246065679162,70,,
2018,7,8,14,0,10.5,43,4.7,6.3,66,211.0,103,219.96760811390533,0,1016.7,46.936421404329394,24.446260478388123,77,,
2018,7,8,15,0,10.2,54,1.2,6.4,23,97.0,29,110.0443092376144,0,1016.7,50.58950771538287,24.815456407630265,86,,
2018,7,8,16,0,9.7,64,0,6.5,3,43.0,1,30.254880667966923,0,1016.8,51.54774147462598,24.4300680262028,95,,
2018,7,8,17,0,9.3,73,0,6.5,0,0.0,0,0.0,0,1016.9,52.74722716371798,23.61620111579219,106,,
2018,7,8,18,0,8.9,82,0,6.5,0,0.0,0,0.0,0,1017.1,53.255647242440375,22.57373583148875,117,,
2018,7,8,19,0,8.6,92,0,6.4,0,0.0,0,0.0,0,1017.2,53.43717175007828,20.99136591852107,128,,
2018,7,8,20,0,8.3,104,0,6.3,0,0.0,0,0.0,0,1017.3,54.01071582512464,20.14251575221733,139,,
2018,7,8,21,0,8.4,120,0,6.5,0,0.0,0,0.0,0,1017.3,54.0571617956943,19.100254076433664,150,,
2018,7,8,22,0,8.7,147,0,6.7,0,0.0,0,0.0,0,1017.2,54.64157605485059,17.861781182651573,158,,
2018,7,8,23,0,9,-175,0,7,0,0.0,0,0.0,0,1017,56.03818052058796,17.16028236292454,161,,
2018,7,9,0,0,9.2,-139,0,7.2,0,0.0,0,0.0,0,1016.8,55.66976570678082,16.47844120816804,156,,
2018,7,9,1,0,9.3,-116,0,7.4,0,0.0,0,0.0,0,1016.7,53.66701542915723,16.03849716416543,148,,
2018,7,9,2,0,9.4,-101,0,7.5,0,0.0,0,0.0,0,1016.6,55.332962309289314,15.607139159978733,137,,
2018,7,9,3,0,9.5,-90,0,7.6,0,0.0,0,0.0,0,1016.5,55.60625317035738,15.051847006802609,126,,
2018,7,9,4,0,9.5,-80,0,7.7,0,0.0,0,0.0,0,1016.4,54.52141512643101,14.611876193046154,114,,
2018,7,9,5,0,9.6,-71,0,7.8,0,0.0,0,0.0,0,1016.3,51.03617103996555,14.57980374016098,103,,
2018,7,9,6,0,9.8,-62,0.6,8.1,2,0.0,0,0.0,0,1016.3,48.00787776894333,13.765078136480051,93,,
2018,7,9,7,0,10.2,-52,33.2,8.4,40,1.0,0,1.0,0,1016.3,46.65118066632874,12.263969175985093,84,,
2018,7,9,8,0,10.6,-41,51.5,8.8,102,36.0,0,34.266697610907,0,1016.4,54.2673220942487,15.093549142610746,75,,
2018,7,9,9,0,10.9,-28,48.2,9.1,168,33.0,0,80.21535118184673,0,1016,55.32765444501126,14.468208922862445,69,,
2018,7,9,10,0,11.1,-13,44.3,9.2,218,43.0,0,139.54622597599726,0,1015.3,58.09401806017223,13.917384222894531,65,,
2018,7,9,11,0,11.2,2,45.1,9.3,225,39.0,0,164.74520574816202,0,1014.6,60.13124503853976,13.264086275756824,64,,
2018,7,9,12,0,11.2,17,42.3,9.4,217,41.0,0,177.37399315916463,0,1014,61.94542950006485,12.537899854717072,66,,
2018,7,9,13,0,11.1,31,51.6,9.3,148,36.0,0,159.02765964603287,0,1013.4,57.49900300550735,12.526584703355097,70,,
2018,7,9,14,0,11,43,41.5,9.2,98,14.0,0,91.53176425790596,0,1012.9,57.91418688980792,12.001382353257162,77,,
2018,7,9,15,0,10.9,54,44.1,9.1,36,6.0,0,42.80821487664046,0,1012.5,54.73184009767647,11.765095049104914,86,,
2018,7,9,16,0,10.8,64,50.9,9,2,3.0,0,9.511891784793749,0,1012.4,56.43390742737506,11.077982012494449,95,,
2018,7,9,17,0,10.7,74,51.8,8.9,0,0.0,0,0.0,0,1012.2,56.34541937369153,10.713936130690248,106,,
2018,7,9,18,0,10.6,83,53.6,8.8,0,0.0,0,0.0,0,1011.9,55.75797670217747,10.107699746260607,117,,
2018,7,9,19,0,10.5,92,61.5,8.8,0,0.0,0,0.0,0,1011.6,45.99902817144965,10.138925095425297,128,,
2018,7,9,20,0,10.5,104,65.7,8.8,0,0.0,0,0.0,0,1011.2,43.36999420325708,9.801434640705692,139,,
2018,7,9,21,0,10.5,120,66.8,8.8,0,0.0,0,0.0,0,1010.7,40.89974177089954,9.67445642597851,150,,
2018,7,9,22,0,10.5,147,57,8.8,0,0.0,0,0.0,0,1010,41.22624974220406,9.169802956424483,158,,
2018,7,9,23,0,10.6,-175,51.2,8.8,0,0.0,0,0.0,0,1009.3,43.55623449965288,8.770148709655553,161,,
2018,7,10,0,0,10.6,-139,51.1,8.7,0,0.0,0,0.0,0,1008.7,44.15598074457131,8.074771860313062,156,,
2018,7,10,1,0,10.6,-116,51,8.6,0,0.0,0,0.0,0,1008.1,32.97709018429623,7.922967297491461,147,,
2018,7,10,2,0,10.6,-101,51.5,8.4,0,0.0,0,0.0,0,1007.6,26.51004115222827,8.870140736704133,137,,
2018,7,10,3,0,10.5,-90,50.9,8.3,0,0.0,0,0.0,0,1007,25.15305069703004,8.285684747669698,126,,
2018,7,10,4,0,10.3,-81,18.2,8.1,0,0.0,0,0.0,0,1006.5,27.99391844130787,7.456679230459722,114,,
2018,7,10,5,0,10.2,-72,0,8,0,0.0,0,0.0,0,1006,33.60271075577805,7.905231821140313,103,,
2018,7,10,6,0,10.3,-62,0.5,8,3,0.0,0,0.0,0,1005.6,32.78954715998333,7.039914777094956,93,,
2018,7,10,7,0,10.5,-52,24.2,8.1,48,1.0,0,1.0,0,1005.2,18.54888662363379,6.483531267357127,83,,
2018,7,10,8,0,10.9,-41,54.9,8.2,82,22.0,0,31.79604977616524,0,1004.9,2.4089134682326403,6.464941562246863,75,,
2018,7,10,9,0,11,-28,69.3,8.5,94,28.0,0,82.30902573607477,0,1004.2,357.6973137657425,7.777764822933973,69,,
2018,7,10,10,0,11.1,-14,65.8,9,132,29.0,0,124.17838494987832,0,1003.2,6.21724229860331,8.656627553838117,65,,
2018,7,10,11,0,11.1,2,54.5,9.5,183,59.0,0,187.917187427568,0,1002.3,2.557919246217125,9.80298041266551,64,,
2018,7,10,12,0,11.1,17,69.8,9.6,115,68.0,0,207.5970250041083,0,1001.4,3.2257032458946355,9.996551208046103,66,,
2018,7,10,13,0,11,31,60.4,9.3,107,63.0,1,190.1699353911409,0,1000.6,2.644287196645905,10.36675132748071,70,,
2018,7,10,14,0,10.9,43,21.8,9.1,86,44.0,40,137.47361371721564,0,999.8,0.3396445003173767,10.543398138505497,77,,
2018,7,10,15,0,10.8,55,4.7,8.9,28,18.0,23,65.46103134806924,0,999.3,357.3322197330461,10.742355381434072,85,,
2018,7,10,16,0,10.8,64,1.3,8.7,3,4.0,0,12.690447327507822,0,998.9,354.3194763061735,10.322419089455002,95,,
2018,7,10,17,0,10.7,74,0,8.6,0,0.0,0,0.0,0,998.6,349.3815809111283,9.73158345677102,106,,
2018,7,10,18,0,10.7,83,1.2,8.6,0,0.0,0,0.0,0,998.2,349.28045121259726,10.752580477145742,117,,
2018,7,10,19,0,10.7,92,63.3,8.7,0,0.0,0,0.0,0,997.8,343.83450956699346,10.999858779434204,128,,
2018,7,10,20,0,10.7,104,98,8.8,0,0.0,0,0.0,0,997.4,345.9116109627782,11.385678573916238,139,,
2018,7,10,21,0,10.7,120,97.8,9,0,0.0,0,0.0,0,997,342.7942380709489,11.059631021429851,150,,
2018,7,10,22,0,10.6,147,88.3,9.1,0,0.0,0,0.0,0,996.4,338.80027114931954,10.369997131072283,158,,
2018,7,10,23,0,10.6,-175,83,9.3,0,0.0,0,0.0,0,995.9,334.85521436932106,10.149276452043267,160,,
2018,7,11,0,0,10.5,-140,83.7,9.2,0,0.0,0,0.0,0,995.5,333.32927453218423,9.886101340583249,156,,
2018,7,11,1,0,10.4,-116,83.4,9.1,0,0.0,0,0.0,0,995.2,322.95880855667207,9.68515070454804,147,,
2018,7,11,2,0,10.4,-101,83,8.9,0,0.0,0,0.0,0,994.9,314.28773403499275,9.429452006663452,137,,
2018,7,11,3,0,10.4,-90,83,8.8,0,0.0,0,0.0,0,994.5,307.8307793076637,9.54738749800148,126,,
2018,7,11,4,0,10.3,-81,82.9,8.7,0,0.0,0,0.0,0,994.2,302.8878628783526,11.0898093115207,114,,
2018,7,11,5,0,10.3,-72,76.4,8.6,0,0.0,0,0.0,0,993.9,306.8091386235366,11.787506627781806,103,,
2018,7,11,6,0,10.4,-62,65.9,8.7,1,0.0,0,0.0,0,993.8,306.5335204386185,9.905590631099347,93,,
2018,7,11,7,0,10.5,-52,65.4,8.8,26,0.0,0,0.0,0,994,297.8565662629082,9.450879954311182,83,,
2018,7,11,8,0,10.7,-41,70.5,9,58,4.0,0,16.14910692191179,0,994.1,293.5173927566634,8.97629286425,75,,
2018,7,11,9,0,10.6,-28,74.6,9.1,77,13.0,0,63.48267080639558,0,994,283.0235601973121,8.875016282966612,69,,
2018,7,11,10,0,10.5,-14,47.9,9,194,44.0,5,132.9949704813111,0,993.6,274.3755251738748,8.192089283361872,65,,
2018,7,11,11,0,10.4,2,64.7,9,135,86.0,3,200.01331822375835,0,993.2,263.99099404250546,7.16436494045355,64,,
2018,7,11,12,0,10.1,17,62.6,8.8,131,98.0,0,221.28280951128184,0,993,253.4308482192928,6.86947486548015,65,,
2018,7,11,13,0,9.7,31,60,8.3,116,90.0,0,202.4247730018838,0,993,246.3958849570857,8.116582177862798,70,,
2018,7,11,14,0,9.3,44,59.8,7.9,66,103.0,0,173.11912291205067,0,993,241.17105355018364,7.562239965586859,77,,
2018,7,11,15,0,8.8,55,75.4,7.4,21,97.0,0,112.63242912563636,0,993.3,235.0453303694967,7.854387706880785,85,,
2018,7,11,16,0,8.2,64,56.7,6.8,1,41.0,0,31.16108084480329,0,993.7,236.0499715559172,7.7604656311811695,95,,
2018,7,11,17,0,7.6,74,64.1,6.1,0,0.0,0,0.0,0,994.2,233.6606036708298,6.750289345650304,106,,
2018,7,11,18,0,7.3,83,76.5,5.8,0,0.0,0,0.0,0,994.6,221.3925023569924,5.8604351254509375,117,,
2018,7,11,19,0,7,92,82.5,5.7,0,0.0,0,0.0,0,994.9,209.3383193048685,5.018687991546609,128,,
2018,7,11,20,0,6.8,104,86.5,5.7,0,0.0,0,0.0,0,995.2,205.7487710066449,5.134851994011175,139,,
2018,7,11,21,0,6.9,120,90.5,5.7,0,0.0,0,0.0,0,995.4,204.95180016603263,4.894321306236376,149,,
2018,7,11,22,0,7.2,147,86.8,5.9,0,0.0,0,0.0,0,995.5,202.00973566714205,5.3490675519164,158,,
2018,7,11,23,0,7.5,-175,83.3,6.1,0,0.0,0,0.0,0,995.6,200.77786718010728,5.705284342161687,160,,
2018,7,12,0,0,7.7,-140,83.5,6.4,0,0.0,0,0.0,0,995.7,195.81716802933488,5.978821316380846,156,,
2018,7,12,1,0,7.9,-116,89.5,6.7,0,0.0,0,0.0,0,995.9,190.2214180906049,6.013653528743658,147,,
2018,7,12,2,0,8.1,-101,92.8,7,0,0.0,0,0.0,0,996.1,193.5252961924061,5.723677534297389,137,,
2018,7,12,3,0,8.2,-90,92.6,7.2,0,0.0,0,0.0,0,996.4,200.7365565910071,5.369317849385379,126,,
2018,7,12,4,0,8.3,-81,78.2,7.4,0,0.0,0,0.0,0,996.7,198.80291477897828,4.928807840590795,114,,
2018,7,12,5,0,8.3,-72,80.1,7.6,0,0.0,0,0.0,0,997,183.62545595331324,4.4053005588908425,103,,
2018,7,12,6,0,8.6,-63,91.2,7.8,1,0.0,1,0.0,0,997.1,176.03726613362608,4.387687304430237,93,,
2018,7,12,7,0,8.9,-52,40.9,7.9,43,6.0,29,2.0000000000000004,0,997,170.5828057017152,4.688182145393287,83,,
2018,7,12,8,0,9.3,-41,4.5,8,65,213.0,134,54.19293028912395,0,997,171.09051880577522,3.881056367340961,75,,
2018,7,12,9,0,9.8,-28,32.4,8.1,134,374.0,67,171.97390786268238,0,996.9,170.1824518278181,4.991306979472495,69,,
2018,7,12,10,0,10.3,-14,49.8,8.3,191,606.0,2,307.7639457233749,0,996.8,172.92105986111983,4.895224976449695,65,,
2018,7,12,11,0,10.9,2,27.9,8.5,192,625.0,104,387.61821014676445,0,996.7,171.56510719325345,3.686605846166045,63,,
2018,7,12,12,0,11.2,17,13.4,8.6,159,620.0,171,418.4010165926875,0,996.8,174.84607180729563,2.78298023067516,65,,
2018,7,12,13,0,11.5,31,14.3,8.6,133,590.0,128,397.2542957721904,0,997,180.0,2.312744140625,70,,
2018,7,12,14,0,11.7,44,19.6,8.7,101,516.0,52,319.1153380765437,0,997.3,182.3855562049467,1.5015454476903605,77,,
2018,7,12,15,0,11.6,55,16.9,8.6,39,378.0,9,195.29652649159675,0,997.6,107.22202722077613,0.284483442485071,85,,
2018,7,12,16,0,11.3,65,5.1,8.5,4,141.0,0,52.92531645537871,0,998,39.18990057228075,1.879274772303152,95,,
2018,7,12,17,0,10.9,74,0,8.4,0,0.0,0,0.0,0,998.3,52.65865000402158,3.3290677772479427,105,,
2018,7,12,18,0,10.7,83,0,8.2,0,0.0,0,0.0,0,998.6,69.43935492657982,3.9151635439221297,117,,
2018,7,12,19,0,10.6,93,0,8,0,0.0,0,0.0,0,998.7,73.04004924568977,4.573925090325255,128,,
2018,7,12,20,0,10.6,104,0,7.8,0,0.0,0,0.0,0,998.8,84.84954790921319,4.204475979851946,139,,
2018,7,12,21,0,10.6,120,0,7.9,0,0.0,0,0.0,0,998.8,82.02803071382505,4.228362738332022,149,,
2018,7,12,22,0,10.7,147,0,8.1,0,0.0,0,0.0,0,998.7,77.8456122126205,4.177880654219601,157,,
2018,7,12,23,0,10.8,-175,0,8.3,0,0.0,0,0.0,0,998.5,74.28080984848378,3.788411074612835,160,,
2018,7,13,0,0,10.7,-140,0,8.3,0,0.0,0,0.0,0,998.5,71.06629746820909,3.547660253371731,156,,
2018,7,13,1,0,10.6,-117,0,8.2,0,0.0,0,0.0,0,998.4,53.79163874368743,4.415186868786815,147,,
2018,7,13,2,0,10.4,-102,0,8.1,0,0.0,0,0.0,0,998.4,56.624979573975565,4.741092624622057,137,,
2018,7,13,3,0,10.2,-90,0,7.8,0,0.0,0,0.0,0,998.5,59.23556974056032,5.0187505627034446,125,,
2018,7,13,4,0,9.9,-81,0,7.5,0,0.0,0,0.0,0,998.8,62.186161122102135,4.924668170429404,114,,
2018,7,13,5,0,9.7,-72,0,7.2,0,0.0,0,0.0,0,999.1,59.2735491906476,5.3578694289090185,103,,
2018,7,13,6,0,9.7,-63,0,6.7,3,0.0,2,0.0,0,999.1,55.41990745845232,6.251085115648419,93,,
2018,7,13,7,0,10,-53,0,6,25,7.0,63,2.0000000000000004,0,999,44.34761641165062,7.89935746009365,83,,
2018,7,13,8,0,10.3,-41,0,5.3,46,184.0,173,51.31357375538919,0,998.8,43.28144160043007,8.387027477166406,75,,
2018,7,13,9,0,10.5,-28,2.2,5.1,74,282.0,247,151.71210125410548,0,998.3,43.73711215644676,8.710094305035964,69,,
2018,7,13,10,0,10.7,-14,28.2,5.3,184,336.0,96,250.03084345930603,0,997.5,46.08900064205011,8.502008761735025,65,,
2018,7,13,11,0,10.9,2,36.3,5.5,250,421.0,14,334.0090286317137,0,996.8,46.06399542931212,7.9580497632926255,63,,
2018,7,13,12,0,10.9,17,63.1,5.9,139,435.0,8,365.3499048457823,0,996.4,41.867056356945625,7.805204544276892,65,,
2018,7,13,13,0,10.6,31,91.9,6.4,32,352.0,0,321.6262367576966,0,996.3,37.24994942052649,8.19310016426654,70,,
2018,7,13,14,0,10.3,44,80.8,6.9,27,300.0,0,255.09226418426888,0,996.2,40.93663400706697,8.107914728831329,77,,
2018,7,13,15,0,10,55,25.6,7,20,177.0,2,141.8542061919095,0,996.5,46.25904520717529,8.045282002515512,85,,
2018,7,13,16,0,9.5,65,0,6.6,4,83.0,1,42.85325911715201,0,997.1,52.04576912486749,7.926419431243845,95,,
2018,7,13,17,0,9.1,74,0,6.2,0,0.0,0,0.0,0,997.7,58.92374577988403,7.954057743708194,105,,
2018,7,13,18,0,8.7,83,0,5.6,0,0.0,0,0.0,0,998.1,63.86093189956517,7.518986384480291,116,,
2018,7,13,19,0,8.3,93,0.1,4.7,0,0.0,0,0.0,0,998.5,68.58423017758537,6.109315530433875,128,,
2018,7,13,20,0,8,104,5.6,3.8,0,0.0,0,0.0,0,998.8,76.33623734334935,5.209948221350241,139,,
2018,7,13,21,0,7.8,121,35.1,3.5,0,0.0,0,0.0,0,998.9,85.07138112782303,4.140308763915657,149,,
2018,7,13,22,0,7.7,147,18.1,3.6,0,0.0,0,0.0,0,999.1,102.7948999785799,2.71412270390792,157,,
2018,7,13,23,0,7.7,-176,0,3.8,0,0.0,0,0.0,0,999.2,140.42882608440743,1.833824808899992,160,,
2018,7,14,0,0,7.5,-140,0,3.7,0,0.0,0,0.0,0,999.3,177.5615918806409,1.5206640184118236,156,,
2018,7,14,1,0,7.2,-117,0,3.3,0,0.0,0,0.0,0,999.4,176.93813922882714,0.8090162417381107,147,,
2018,7,14,2,0,7,-102,0,3,0,0.0,0,0.0,0,999.5,254.16181636302008,0.5197308952669888,137,,
2018,7,14,3,0,6.7,-91,0,2.8,0,0.0,0,0.0,0,999.5,320.7831913208163,0.6236187931806327,125,,
2018,7,14,4,0,6.5,-81,0,2.7,0,0.0,0,0.0,0,999.6,346.3461671151315,0.9670257605678702,114,,
2018,7,14,5,0,6.3,-72,0,2.7,0,0.0,0,0.0,0,999.6,6.683261472143215,1.260764549523916,103,,
2018,7,14,6,0,6.5,-63,0.5,2.8,4,0.0,0,0.0,0,999.4,8.922815039084128,1.7519142376210397,93,,
2018,7,14,7,0,6.8,-53,27.3,3,49,4.0,0,2.0000000000000004,0,999.2,331.5130312244133,1.093864789116296,83,,
2018,7,14,8,0,7.2,-41,45.6,3.2,115,96.0,0,45.9481699937378,0,999,327.353639000791,1.3902990623574123,75,,
2018,7,14,9,0,7.5,-28,47.2,3.2,172,174.0,0,135.04956605913597,0,998.5,307.8734395817986,0.7945554671446263,68,,
2018,7,14,10,0,7.7,-14,57.5,3.2,167,234.0,0,228.67573102936984,0,998,236.6721443293223,1.1246581617865528,64,,
2018,7,14,11,0,7.8,2,72.6,3.1,114,317.0,0,308.9231588617365,0,997.4,218.4771306687631,2.379793674958272,63,,
2018,7,14,12,0,7.8,17,64.7,3.4,133,306.0,0,328.2021553964389,0,997,219.8144394011861,3.029341362258212,65,,
2018,7,14,13,0,7.7,31,60.8,4,119,249.0,0,290.4888240364988,0,996.8,245.32400842069248,4.335611451408132,70,,
2018,7,14,14,0,7.5,44,45.3,4.6,92,161.0,0,206.3623270128113,0,996.5,272.82537166406104,5.903905256775311,76,,
2018,7,14,15,0,7.4,55,62.5,4.9,34,74.0,0,105.10513741297784,0,996.5,274.96405955378304,5.332501289414019,85,,
2018,7,14,16,0,7.3,65,71.7,5,1,32.0,0,29.798340388595022,0,996.8,278.03753597474315,5.535085808218917,95,,
2018,7,14,17,0,7.2,74,69.3,5,0,0.0,0,0.0,0,997,289.32550406201403,7.2423053637216865,105,,
2018,7,14,18,0,7,83,66.1,5,0,0.0,0,0.0,0,997.6,290.6589100633075,8.14900300650331,116,,
2018,7,14,19,0,6.7,93,65.7,4.8,0,0.0,0,0.0,0,998.5,288.1054829223126,8.176583915491415,128,,
2018,7,14,20,0,6.5,104,67.7,4.7,0,0.0,0,0.0,0,999.3,286.0000567714387,8.084927087577718,139,,
2018,7,14,21,0,6.4,121,67,4.8,0,0.0,0,0.0,0,1000.1,292.33655258528734,8.222681653488678,149,,
2018,7,14,22,0,6.4,147,57,5.1,0,0.0,0,0.0,0,1000.8,296.3619841983865,8.163664684915828,157,,
2018,7,14,23,0,6.4,-176,51.3,5.3,0,0.0,0,0.0,0,1001.5,291.0378689890616,8.41674478930548,160,,
2018,7,15,0,0,6.4,-141,50.4,5.3,0,0.0,0,0.0,0,1002.2,297.14618762025987,9.225455951794538,156,,
2018,7,15,1,0,6.3,-117,18.1,5,0,0.0,0,0.0,0,1003,296.28688108754534,9.737710399705136,147,,
2018,7,15,2,0,6.1,-102,0,4.7,0,0.0,0,0.0,0,1003.7,296.85001732605963,9.505480948244632,137,,
2018,7,15,3,0,6,-91,0,4.4,0,0.0,0,0.0,0,1004.6,301.7378051323827,9.824884853950158,125,,
2018,7,15,4,0,5.9,-81,0,4.1,0,0.0,0,0.0,0,1005.5,299.16019924387933,10.306199943948364,114,,
2018,7,15,5,0,5.8,-72,0,3.8,0,0.0,0,0.0,0,1006.4,295.465244661372,10.13099226120738,103,,
2018,7,15,6,0,6.1,-63,0,3.7,3,0.0,2,0.0,0,1007.4,295.3753245911272,11.18482556156322,93,,
2018,7,15,7,0,6.5,-53,1.1,3.7,29,0.0,59,0.0,0,1008.5,300.6327163466786,12.7615751311526,83,,
2018,7,15,8,0,7,-41,1.6,3.8,53,6.0,166,18.25561230486808,0,1009.5,314.55596022323414,13.187177902735623,75,,
2018,7,15,9,0,7.5,-28,1.5,3.8,64,44.0,268,92.6882877679662,0,1010.2,347.97663834501043,8.990438422109133,68,,
2018,7,15,10,0,8.1,-14,1.4,3.8,70,97.0,335,182.5620949370602,0,1010.4,359.19501896522354,8.897362487536357,64,,
2018,7,15,11,0,8.7,2,1.3,3.8,70,61.0,357,193.3250779437957,0,1010.7,356.73347320223263,9.871751761082315,63,,
2018,7,15,12,0,9,17,1.2,3.7,67,36.0,330,172.5769932285882,0,1011,356.711608382812,10.184982884008289,65,,
2018,7,15,13,0,9.1,31,1.4,3.6,61,31.0,255,154.2030100365012,0,1011.3,356.8595420281375,10.267616813228312,69,,
2018,7,15,14,0,9.2,44,1.4,3.6,48,19.0,149,104.75948455317884,0,1011.6,358.0619421955325,9.88285052627666,76,,
2018,7,15,15,0,8.9,55,0.5,3.4,22,31.0,44,81.75334165007234,0,1012.2,359.50085745645634,9.66857977891747,85,,
2018,7,15,16,0,8.3,65,0,3.2,4,9.0,3,18.651533147908044,0,1012.9,359.09544456715736,9.294371150743668,95,,
2018,7,15,17,0,7.6,74,0,3,0,0.0,0,0.0,0,1013.6,358.617294735776,8.670737643877137,105,,
2018,7,15,18,0,7,83,0.6,2.9,0,0.0,0,0.0,0,1014.2,353.30012956799794,8.035588621413371,116,,
2018,7,15,19,0,6.4,93,33.5,3,0,0.0,0,0.0,0,1014.7,343.93758769882817,7.306986898717729,128,,
2018,7,15,20,0,5.8,105,51.8,3,0,0.0,0,0.0,0,1015.2,338.8109278252512,7.2624806809291504,139,,
2018,7,15,21,0,5.5,121,51.8,3.1,0,0.0,0,0.0,0,1015.6,332.39257440552143,7.1480841585810175,149,,
2018,7,15,22,0,5.3,147,51.8,3.1,0,0.0,0,0.0,0,1015.8,320.5015041669258,7.074826922675434,157,,
2018,7,15,23,0,5.1,-176,51.8,3.1,0,0.0,0,0.0,0,1016.1,317.87280632811013,7.360847929132427,160,,
2018,7,16,0,0,4.8,-141,51.7,3,0,0.0,0,0.0,0,1016.2,312.81069405115227,8.093614264126975,156,,
2018,7,16,1,0,4.6,-117,71.7,2.9,0,0.0,0,0.0,0,1016.2,310.134278778753,11.120729939573376,147,,
2018,7,16,2,0,4.3,-102,82.2,2.7,0,0.0,0,0.0,0,1016.2,304.84051221085576,10.68751379201791,136,,
2018,7,16,3,0,4.1,-91,41.7,2.6,0,0.0,0,0.0,0,1016.3,301.8846665131133,10.77209709133304,125,,
2018,7,16,4,0,4,-81,6.9,2.5,0,0.0,0,0.0,0,1016.4,298.81373155724714,11.890341881929237,114,,
2018,7,16,5,0,4,-72,0,2.4,0,0.0,0,0.0,0,1016.5,307.73418999916385,10.012174267774553,103,,
2018,7,16,6,0,4.4,-63,0,2.6,4,0.0,2,0.0,0,1016.6,300.54433145502514,11.15340116334774,93,,
2018,7,16,7,0,5.3,-53,0,3,29,2.0,62,2.0,0,1016.6,290.73493489413056,13.123988385043342,83,,
2018,7,16,8,0,6.2,-41,0.9,3.4,57,8.0,164,23.353390520762968,0,1016.5,299.523765250899,13.912191913171917,75,,
2018,7,16,9,0,7.1,-28,1.4,3.4,73,14.0,261,66.79070270959505,0,1016.2,309.2538653348053,14.26126878833628,68,,
2018,7,16,10,0,7.9,-14,1.6,3.1,82,61.0,322,154.97537989939846,0,1015.7,298.88641770671984,15.445693355296829,64,,
2018,7,16,11,0,8.7,1,1.8,2.7,87,85.0,338,208.4808791472132,0,1015.1,291.5493517225691,17.251245716283226,63,,
2018,7,16,12,0,9,17,1.7,2.6,83,48.0,312,185.21732156350143,0,1014.6,297.6022651469932,15.024733348152772,65,,
2018,7,16,13,0,9,31,1.5,2.8,70,22.0,246,133.13390338594502,0,1014.2,303.1529506218361,15.854884155428268,69,,
2018,7,16,14,0,9,44,2,2.9,52,14.0,146,90.75245725113264,0,1013.7,318.2408870423564,16.956767994300964,76,,
2018,7,16,15,0,8.7,55,33.4,3,22,6.0,38,41.90251888841611,0,1013.5,313.03842068535727,16.335694563458084,85,,
2018,7,16,16,0,8.1,65,18.4,3,3,35.0,0,32.5054610267403,0,1013.4,332.76802592385286,15.796248133943688,94,,
2018,7,16,17,0,7.5,74,0,3,0,0.0,0,0.0,0,1013.3,346.1674279283612,15.77462619158748,105,,
2018,7,16,18,0,7.1,83,0,3.2,0,0.0,0,0.0,0,1013.2,342.6906425229428,14.777389461760238,116,,
2018,7,16,19,0,6.7,93,0,3.4,0,0.0,0,0.0,0,1012.9,334.56165944515567,14.214554398231552,127,,
2018,7,16,20,0,6.3,105,0,3.7,0,0.0,0,0.0,0,1012.6,322.76612645559067,14.842438155982382,139,,
2018,7,16,21,0,6.4,121,0,4,0,0.0,0,0.0,0,1012.3,315.1060754289748,16.504653240205496,149,,
2018,7,16,22,0,6.7,147,0,4.3,0,0.0,0,0.0,0,1012,309.110822923557,17.079174719725838,157,,
2018,7,16,23,0,7.1,-176,0,4.6,0,0.0,0,0.0,0,1011.6,303.3313723858966,17.26240254014863,160,,
2018,7,17,0,0,7.4,-141,0.9,4.7,0,0.0,0,0.0,0,1011.2,306.529019146222,17.79323482544789,156,,
2018,7,17,1,0,7.5,-118,44.6,4.8,0,0.0,0,0.0,0,1010.8,305.1368988398661,18.477299017067963,147,,
2018,7,17,2,0,7.7,-102,71.8,4.8,0,0.0,0,0.0,0,1010.4,307.2970042014049,18.23600471653504,136,,
2018,7,17,3,0,7.8,-91,54.8,4.8,0,0.0,0,0.0,0,1010.2,305.1435460007908,17.89361977811297,125,,
2018,7,17,4,0,7.9,-82,16,4.9,0,0.0,0,0.0,0,1010,301.8472577528079,17.666370812973792,114,,
2018,7,17,5,0,8,-73,0,5,0,0.0,0,0.0,0,1009.9,298.44312465778216,18.300058327383883,103,,
2018,7,17,6,0,8.2,-63,0,5.2,4,0.0,2,0.0,0,1010,293.8611919758247,18.872330142030066,92,,
2018,7,17,7,0,8.4,-53,0,5.5,31,9.0,57,2.0000000000000004,0,1010.2,290.51922078530873,19.873425166398192,83,,
2018,7,17,8,0,8.7,-42,0,5.8,57,242.0,162,62.09383940038962,0,1010.5,283.8103811722689,20.71380467895728,75,,
2018,7,17,9,0,8.8,-29,0,5.6,65,437.0,271,191.9729737144707,0,1010.7,280.38371618318536,21.76464852513517,68,,
2018,7,17,10,0,8.8,-14,0,5.1,69,526.0,343,311.39500807247606,0,1011,276.9879327332605,22.997244214995963,64,,
2018,7,17,11,0,8.8,1,0,4.4,73,556.0,362,391.395758221209,0,1011.3,276.577726047243,23.69135172712652,63,,
2018,7,17,12,0,8.5,17,1,3.7,82,388.0,317,365.55283685826384,0,1011.7,281.1510109702473,23.83897510204257,65,,
2018,7,17,13,0,8,31,1.4,3,79,108.0,236,225.024331573177,0,1012.3,284.94080601982984,24.184810538189616,69,,
2018,7,17,14,0,7.5,44,1.2,2.2,62,13.0,134,89.37502515593741,0,1012.9,294.21829793342533,22.00878945790013,76,,
2018,7,17,15,0,7,55,0.4,1.5,28,6.0,37,40.91770754906212,0,1013.7,2.132771025153261,15.69861902143572,85,,
2018,7,17,16,0,6.6,65,0,0.9,5,1.0,2,6.188296808071022,0,1014.7,359.01927470898664,15.733017625190378,94,,
2018,7,17,17,0,6.1,74,0,0.2,0,0.0,0,0.0,0,1015.6,15.417630257950748,12.622448809794369,105,,
2018,7,17,18,0,5.8,83,0,-0.2,0,0.0,0,0.0,0,1016.4,17.95037173476811,13.93026953404949,116,,
2018,7,17,19,0,5.5,93,0,-0.5,0,0.0,0,0.0,0,1017,15.067580954743562,16.034166819890636,127,,
2018,7,17,20,0,5.2,105,0,-0.7,0,0.0,0,0.0,0,1017.6,12.819312813018428,17.182929705818193,138,,
2018,7,17,21,0,5.2,121,0,-0.6,0,0.0,0,0.0,0,1018.1,6.838585311221095,16.97895027639036,149,,
2018,7,17,22,0,5.4,147,0,-0.2,0,0.0,0,0.0,0,1018.6,7.52824633499722,17.026399551680285,157,,
2018,7,17,23,0,5.6,-176,0,0.2,0,0.0,0,0.0,0,1019.1,5.544973982822512,18.11086999845888,159,,
2018,7,18,0,0,5.6,-141,0,0.4,0,0.0,0,0.0,0,1019.4,2.7726950348233004,18.08831459226539,155,,
2018,7,18,1,0,5.5,-118,0,0.4,0,0.0,0,0.0,0,1019.7,356.4429884184405,17.475804786132507,147,,
2018,7,18,2,0,5.3,-103,0,0.3,0,0.0,0,0.0,0,1020,0.411573967568529,17.40157200635863,136,,
2018,7,18,3,0,5,-91,0,0.4,0,0.0,0,0.0,0,1020.2,359.094478934538,15.819114253501162,125,,
2018,7,18,4,0,4.8,-82,0,0.5,0,0.0,0,0.0,0,1020.5,353.0638757414795,15.008768959684732,114,,
2018,7,18,5,0,4.5,-73,0,0.6,0,0.0,0,0.0,0,1020.8,345.76355334365775,14.319400192227926,103,,
2018,7,18,6,0,4.9,-63,0,1.1,4,0.0,3,0.0,0,1021.1,339.4920095015433,14.75207597460934,92,,
2018,7,18,7,0,5.7,-53,0,1.8,26,4.0,70,2.0000000000000004,0,1021.5,331.0098121268022,14.53228107403973,83,,
2018,7,18,8,0,6.6,-42,0.9,2.5,50,41.0,180,40.95191721555302,0,1021.9,323.13378750059604,15.942529329850506,74,,
2018,7,18,9,0,7.3,-29,0.5,2.7,56,85.0,291,117.2878398692655,0,1022.1,317.46801938344464,18.156651262652108,68,,
2018,7,18,10,0,8,-14,0,2.5,56,213.0,365,232.7012686615004,0,1022.1,309.58640091680314,18.57448607853072,64,,
2018,7,18,11,0,8.6,1,1.1,2.2,67,157.0,371,258.28972122453024,0,1022,311.878407978411,20.010291181730537,63,,
2018,7,18,12,0,8.9,17,1.4,2.3,68,105.0,337,243.1311029696896,0,1022,309.99078475798296,20.751773264386,64,,
2018,7,18,13,0,8.9,31,1.3,2.6,61,69.0,264,201.14220719816933,0,1021.9,308.6818104617873,21.54588019167924,69,,
2018,7,18,14,0,8.8,44,1.4,2.9,49,53.0,155,151.05401792919136,0,1021.8,309.085172853398,21.56035148310216,76,,
2018,7,18,15,0,8.5,55,0.5,2.9,25,28.0,46,80.02207208981233,0,1021.8,310.5781476251572,21.76187107578609,84,,
2018,7,18,16,0,7.8,65,0,2.8,5,8.0,3,19.526254777966138,0,1022,310.8167051769566,21.36991958586076,94,,
2018,7,18,17,0,7.2,74,0,2.7,0,0.0,0,0.0,0,1022.3,312.2632213708938,21.573927393017684,105,,
2018,7,18,18,0,6.4,84,0,2.4,0,0.0,0,0.0,0,1022.4,311.4538133466912,21.161535940952,116,,
2018,7,18,19,0,5.5,93,0,2,0,0.0,0,0.0,0,1022.5,306.6712840427241,20.945731314285524,127,,
2018,7,18,20,0,4.6,105,0,1.6,0,0.0,0,0.0,0,1022.6,307.1453829372731,20.47323469725177,138,,
2018,7,18,21,0,4.4,121,0,1.4,0,0.0,0,0.0,0,1022.5,305.8543932737725,21.67693982557253,149,,
2018,7,18,22,0,4.8,147,0,1.3,0,0.0,0,0.0,0,1022.5,304.291118615091,21.798100269567303,157,,
2018,7,18,23,0,5.3,-176,0,1.2,0,0.0,0,0.0,0,1022.4,304.96355342047787,23.06672161768513,159,,
2018,7,19,0,0,5.5,-142,0,1.3,0,0.0,0,0.0,0,1022.2,304.8872012852784,22.816687208789425,155,,
2018,7,19,1,0,5.5,-118,0,1.4,0,0.0,0,0.0,0,1022,302.1441417235589,23.90421272148943,147,,
2018,7,19,2,0,5.4,-103,0,1.6,0,0.0,0,0.0,0,1021.8,304.4787729822904,22.90847168669952,136,,
2018,7,19,3,0,5.6,-92,0,1.8,0,0.0,0,0.0,0,1021.7,335.1981709953027,19.32842962600092,125,,
2018,7,19,4,0,6,-82,0,2.1,0,0.0,0,0.0,0,1021.6,331.5448123863965,13.294040805969953,114,,
2018,7,19,5,0,6.4,-73,0,2.5,0,0.0,0,0.0,0,1021.6,320.3323887636188,12.566687396091003,103,,
2018,7,19,6,0,6.9,-63,0.8,2.7,5,0.0,2,0.0,0,1021.8,314.80589113945786,16.560998512081536,92,,
2018,7,19,7,0,7.4,-53,40,3,38,0.0,1,1.0,0,1022.1,323.7004059423743,15.20251090562966,83,,
2018,7,19,8,0,7.9,-42,73.3,3.3,56,6.0,0,20.29682139689642,0,1022.5,329.99481402862506,17.376670429493803,74,,
2018,7,19,9,0,8.3,-29,79.4,3.5,72,14.0,0,67.87785315150103,0,1022.5,337.6892800605569,16.46343075084242,68,,
2018,7,19,10,0,8.6,-14,72.4,3.8,117,20.0,0,119.68624029836046,0,1022.1,338.2366357561193,14.269529288871624,64,,
2018,7,19,11,0,8.9,1,69.6,4.2,135,20.0,0,144.4954796313603,0,1021.8,344.837766594329,13.53842327328058,62,,
2018,7,19,12,0,9,17,71.4,4.3,117,20.0,0,152.41156812215925,0,1021.5,342.99323186930644,13.750219978393517,64,,
2018,7,19,13,0,9,31,63.7,4.4,116,20.0,0,141.37106283658184,0,1021.2,345.17178940700654,14.248434290282654,69,,
2018,7,19,14,0,8.9,44,46.8,4.5,103,23.0,0,121.63328712931056,0,1020.9,342.7713025142531,13.78938204473414,76,,
2018,7,19,15,0,8.6,55,14.5,4.4,43,9.0,6,55.923937008426165,0,1020.8,337.955538095296,14.320884422623257,84,,
2018,7,19,16,0,8.2,65,0,4.2,5,5.0,3,16.966620651413898,0,1020.9,333.6585597214754,14.3237185530014,94,,
2018,7,19,17,0,7.8,75,0,3.9,0,0.0,0,0.0,0,1021.1,333.70016490942226,14.388290770977488,105,,
2018,7,19,18,0,7.4,84,1,3.9,0,0.0,0,0.0,0,1021.2,335.44352503102306,14.13652993440034,116,,
2018,7,19,19,0,7,93,52.9,3.9,0,0.0,0,0.0,0,1021.4,339.3505983526531,15.187109116049175,127,,
2018,7,19,20,0,6.6,105,81.9,4,0,0.0,0,0.0,0,1021.5,341.1573594914945,15.808623138317468,138,,
2018,7,19,21,0,6.6,122,80.8,4.1,0,0.0,0,0.0,0,1021.5,348.5359586974611,15.20221553799199,148,,
2018,7,19,22,0,6.9,147,29,4.2,0,0.0,0,0.0,0,1021.5,357.9457506967095,13.948661579423064,156,,
2018,7,19,23,0,7.3,-176,0,4.3,0,0.0,0,0.0,0,1021.4,2.7463109528733867,12.641716611713647,159,,
2018,7,20,0,0,7.5,-142,0,4.3,0,0.0,0,0.0,0,1021.2,2.41494741776296,11.866251646789385,155,,
2018,7,20,1,0,7.6,-118,0,4.3,0,0.0,0,0.0,0,1021.1,359.2416553760321,12.525022840669406,147,,
2018,7,20,2,0,7.6,-103,0,4.3,0,0.0,0,0.0,0,1020.9,357.26639637795205,14.41532933733898,136,,
2018,7,20,3,0,7.7,-92,0,4.3,0,0.0,0,0.0,0,1020.8,354.6455336737477,14.73470594048633,125,,
2018,7,20,4,0,7.7,-82,0,4.2,0,0.0,0,0.0,0,1020.8,353.4278935338997,16.025967287129234,114,,
2018,7,20,5,0,7.7,-73,0,4.2,0,0.0,0,0.0,0,1020.8,354.6592447199163,16.11537114317541,103,,
2018,7,20,6,0,8,-64,0.8,4.2,5,0.0,2,0.0,0,1021,351.7988768150528,16.211195000131564,92,,
2018,7,20,7,0,8.6,-53,40.8,4.2,37,0.0,1,1.0,0,1021.4,348.05921914426915,17.125194148195238,83,,
2018,7,20,8,0,9.1,-42,74,4.2,54,3.0,0,17.15428964457288,0,1021.7,344.2283050371591,17.864702062703472,74,,
2018,7,20,9,0,9.6,-29,82.3,4.4,60,3.0,0,39.62350298678477,0,1021.5,348.6631814021801,18.97845159670786,68,,
2018,7,20,10,0,9.9,-14,84.6,4.6,64,3.0,0,52.01037287656633,0,1020.9,2.35667140727503,17.247742232166996,64,,
2018,7,20,11,0,10.2,1,82.6,4.8,76,5.0,0,76.13707403804439,0,1020.2,37.09188198796318,15.098306676911134,62,,
2018,7,20,12,0,10.2,17,74,4.8,105,22.0,0,148.41326964528645,0,1019.6,47.62666413927434,15.429619774005834,64,,
2018,7,20,13,0,10.2,31,74.6,4.9,85,77.0,0,208.29464191484723,0,1019.1,45.280316928960985,14.925897675184691,69,,
2018,7,20,14,0,10.1,44,65.9,4.8,64,145.0,0,211.13738217684053,0,1018.5,43.80266282890591,16.91970488633606,76,,
2018,7,20,15,0,9.9,55,22.2,4.8,32,137.0,5,142.88277919180086,0,1018.2,47.65092372542199,17.199581616325492,84,,
2018,7,20,16,0,9.8,65,33.5,4.7,6,70.0,3,47.71456061530089,0,1018.1,49.17070175538419,17.43467899631151,94,,
2018,7,20,17,0,9.6,75,52,4.6,0,0.0,0,0.0,0,1018,49.96717717892619,17.882416495375264,105,,
2018,7,20,18,0,9.3,84,52,4.4,0,0.0,0,0.0,0,1017.8,49.33351889251634,17.363398362956598,116,,
2018,7,20,19,0,8.9,94,52,4.3,0,0.0,0,0.0,0,1017.7,44.742427087016665,16.28226491213977,127,,
2018,7,20,20,0,8.5,105,52,4.1,0,0.0,0,0.0,0,1017.5,44.25363162830229,15.797304790924912,138,,
2018,7,20,21,0,8.6,122,51.4,4.2,0,0.0,0,0.0,0,1017.2,44.835222913970256,15.42711049832415,148,,
2018,7,20,22,0,9.2,148,18.4,4.5,0,0.0,0,0.0,0,1016.8,47.6172381853504,15.148681176337192,156,,
2018,7,20,23,0,9.8,-176,0,4.8,0,0.0,0,0.0,0,1016.4,49.26094139607267,14.273255071951445,159,,
2018,7,21,0,0,10.1,-142,0.9,5.1,0,0.0,0,0.0,0,1016,47.44235108228872,13.125508439343117,155,,
2018,7,21,1,0,10.2,-119,44.6,5.4,0,0.0,0,0.0,0,1015.5,39.60854572981111,13.008167530060486,147,,
2018,7,21,2,0,10.2,-103,69,5.7,0,0.0,0,0.0,0,1015.1,37.38988332899601,13.34854776309444,136,,
2018,7,21,3,0,10.2,-92,68.8,5.9,0,0.0,0,0.0,0,1014.7,38.64586660194959,12.37894431265134,125,,
2018,7,21,4,0,10.3,-82,58,6.1,0,0.0,0,0.0,0,1014.4,36.428265447379545,11.472411111843517,114,,
2018,7,21,5,0,10.3,-73,51.9,6.3,0,0.0,0,0.0,0,1014.1,34.671525235298986,11.831706105875057,103,,
2018,7,21,6,0,10.6,-64,51,6.4,5,0.0,0,0.0,0,1013.9,36.28307194078866,10.59816328748736,92,,
2018,7,21,7,0,11.1,-54,35.2,6.5,66,6.0,2,3.0000000000000004,0,1013.8,28.434705959330643,10.283853827281929,82,,
2018,7,21,8,0,11.6,-42,49.1,6.5,102,94.0,3,55.02774967359623,0,1013.7,27.01857030303597,10.593703908454303,74,,
2018,7,21,9,0,11.9,-29,31.4,6.5,146,138.0,103,141.00841142920197,0,1013.1,29.87636735364828,10.332096372229676,68,,
2018,7,21,10,0,12,-14,37.7,6.4,199,182.0,58,221.76474951888056,0,1012.2,29.989534605188283,9.503006613062023,63,,
2018,7,21,11,0,12,1,55.7,6.3,196,284.0,0,311.1622656294125,0,1011.1,28.263052666816805,8.493254123441398,62,,
2018,7,21,12,0,12.1,17,56.9,6.4,177,237.0,0,312.85230341076,0,1010.1,29.23281745752433,7.80674788244119,64,,
2018,7,21,13,0,12.1,31,64.5,6.6,120,327.0,0,335.0781582234026,0,1009.1,16.598104392861046,6.782617949582595,68,,
2018,7,21,14,0,12.2,44,73.5,6.8,57,189.0,0,230.23194459488008,0,1008.1,7.705361628886351,5.593720510607512,75,,
2018,7,21,15,0,12.3,55,76.5,6.9,17,49.0,0,97.18981120509515,0,1007.4,357.6691803245913,5.672906293192932,84,,
2018,7,21,16,0,12.4,65,76.7,7,2,17.0,0,27.37577383886257,0,1007,359.4012660470005,5.981039452309945,94,,
2018,7,21,17,0,12.5,75,60.9,7,0,0.0,0,0.0,0,1006.6,3.09928315392915,5.779938420162376,104,,
2018,7,21,18,0,12.6,84,55.3,7,0,0.0,0,0.0,0,1006.2,359.14490260373327,4.187966391937739,116,,
2018,7,21,19,0,12.7,94,53.2,7,0,0.0,0,0.0,0,1005.9,334.8675601202492,4.856231163116017,127,,
2018,7,21,20,0,12.7,106,51,7.1,0,0.0,0,0.0,0,1005.6,320.4554412915536,4.810122912268006,138,,
2018,7,21,21,0,12.8,122,51,7.2,0,0.0,0,0.0,0,1005.1,314.6318209331531,6.877515029377741,148,,
2018,7,21,22,0,13,148,51.6,7.3,0,0.0,0,0.0,0,1004.4,296.11676873797546,5.7773772645588215,156,,
2018,7,21,23,0,13.2,-176,52,7.4,0,0.0,0,0.0,0,1003.8,303.8895389712539,6.651770508237668,159,,
2018,7,22,0,0,13,-142,51.9,7.6,0,0.0,0,0.0,0,1003.5,311.66734733605296,6.081805147195801,155,,
2018,7,22,1,0,12.6,-119,78.2,7.9,0,0.0,0,0.0,0,1003.5,308.7102584665243,7.664451480369728,146,,
2018,7,22,2,0,12.1,-103,93.1,8.2,0,0.0,0,0.0,0,1003.5,310.9670070247868,8.168874514330552,136,,
2018,7,22,3,0,11.6,-92,96.1,8.4,0,0.0,0,0.0,0,1003.3,315.64935000292536,9.00255156812382,125,,
2018,7,22,4,0,11.3,-82,35.3,8.6,0,0.0,0,0.0,0,1003.1,311.8465201936393,8.557798504500187,114,,
2018,7,22,5,0,10.9,-73,0.6,8.8,0,0.0,0,0.0,0,1002.8,305.8324057366162,8.044238686407304,102,,
2018,7,22,6,0,10.8,-64,28.7,8.8,4,0.0,0,0.0,0,1002.8,301.9505064627511,8.349065744649476,92,,
2018,7,22,7,0,10.9,-54,58.4,8.8,28,3.0,0,2.0,0,1003,300.75768179861154,9.941622910452576,82,,
2018,7,22,8,0,11,-42,78,8.8,40,34.0,0,40.89178151147741,0,1003.3,299.5432190371445,10.05765616185939,74,,
2018,7,22,9,0,10.9,-29,74.8,8.8,87,62.0,0,110.18584378703991,0,1003.7,297.53522182410546,9.962739818802415,67,,
2018,7,22,10,0,10.7,-14,46.4,8.8,220,133.0,6,199.49110626815076,0,1004.2,297.80215882063385,9.962541952128609,63,,
2018,7,22,11,0,10.5,1,30.1,8.8,269,218.0,38,283.388519195608,0,1004.8,298.8266369219772,9.941104121385576,62,,
2018,7,22,12,0,10.4,17,11.6,8.5,154,345.0,206,354.28804455365525,0,1005.4,296.6729710776929,10.260054524157836,64,,
2018,7,22,13,0,10.4,31,3.7,8.1,95,459.0,221,382.0394144095988,0,1006,290.2619718093442,10.349676923500802,68,,
2018,7,22,14,0,10.5,44,2.5,7.6,74,377.0,124,301.14810969732946,0,1006.7,285.2426164645336,9.911162692558795,75,,
2018,7,22,15,0,10.5,56,0.5,7.2,33,174.0,37,154.9870073588808,0,1007.3,279.53204901582023,9.696376649920284,84,,
2018,7,22,16,0,10.4,66,0.6,6.9,7,46.0,2,40.25890907810045,0,1008,279.2084759481703,10.680861396707046,94,,
2018,7,22,17,0,10.3,75,32.9,6.5,0,0.0,0,0.0,0,1008.6,282.3890573818206,11.562464868646812,104,,
2018,7,22,18,0,10.1,84,19.1,6.2,0,0.0,0,0.0,0,1009.3,279.4358646800412,12.081681259714973,115,,
2018,7,22,19,0,9.9,94,33.6,5.9,0,0.0,0,0.0,0,1010.1,274.69168785126595,12.75416161601355,127,,
2018,7,22,20,0,9.7,106,52,5.6,0,0.0,0,0.0,0,1010.8,279.83149777658826,13.430142834873838,138,,
2018,7,22,21,0,9.8,122,51.4,5.7,0,0.0,0,0.0,0,1011.4,280.68134455259326,15.628705655321616,148,,
2018,7,22,22,0,10.1,148,18.4,6.2,0,0.0,0,0.0,0,1011.7,275.690382648825,15.977660059827762,156,,
2018,7,22,23,0,10.5,-176,0,6.7,0,0.0,0,0.0,0,1012.1,269.70869751473373,16.086633692196905,159,,
2018,7,23,0,0,10.7,-143,0,7,0,0.0,0,0.0,0,1012.3,267.287704081517,16.7108591335576,155,,
2018,7,23,1,0,10.7,-119,0,7.1,0,0.0,0,0.0,0,1012.5,262.65733586970185,15.799977053628629,146,,
2018,7,23,2,0,10.7,-104,0,7.1,0,0.0,0,0.0,0,1012.7,263.0344197462846,16.312538515973568,136,,
2018,7,23,3,0,10.6,-92,0.6,7.2,0,0.0,0,0.0,0,1012.9,268.32805826287336,17.136934411644212,125,,
2018,7,23,4,0,10.4,-83,32.9,7.3,0,0.0,0,0.0,0,1013.1,264.4013894770943,16.85432485188713,113,,
2018,7,23,5,0,10.3,-73,19.1,7.4,0,0.0,0,0.0,0,1013.4,266.6070209779826,17.222327900847723,102,,
2018,7,23,6,0,10.5,-64,32.9,7.7,5,0.0,0,0.0,0,1013.7,273.3624324054909,16.720923754833134,92,,
2018,7,23,7,0,11,-54,50.5,8,48,1.0,3,1.0,0,1014.2,263.9667818162661,16.238870838979217,82,,
2018,7,23,8,0,11.5,-42,18.9,8.4,71,45.0,135,44.6051197452094,0,1014.6,259.4165380758073,16.215549634669014,74,,
2018,7,23,9,0,11.8,-29,1.7,8.4,85,122.0,257,133.25936203990568,0,1014.6,255.64183153701023,16.798640194779615,67,,
2018,7,23,10,0,11.9,-14,11.9,8,170,97.0,200,195.4460727728748,0,1014.3,260.1402104233114,17.027625431427158,63,,
2018,7,23,11,0,11.9,1,7.6,7.6,138,79.0,273,222.43543411638723,0,1014,259.9684658933686,17.097816647811523,62,,
2018,7,23,12,0,11.8,17,1.7,7.6,90,55.0,318,210.5158422898453,0,1013.6,258.78859991096806,17.568172565376678,64,,
2018,7,23,13,0,11.7,31,1.8,7.7,79,30.0,249,163.40756631439407,0,1013.1,256.51653521070546,18.670368400347662,68,,
2018,7,23,14,0,11.5,44,1.8,7.9,61,19.0,148,113.17870675842488,0,1012.7,257.70115860318845,18.282125771567,75,,
2018,7,23,15,0,11.1,56,0.6,8,30,9.0,47,57.02555705066914,0,1012.4,257.9076548056253,16.20278145472803,84,,
2018,7,23,16,0,10.6,66,0,8.1,6,2.0,4,11.40807579430503,0,1012.2,258.9604139325288,18.05231773079742,94,,
2018,7,23,17,0,10.1,75,0,8.2,0,0.0,0,0.0,0,1011.9,251.4792632829364,18.82043702910552,104,,
2018,7,23,18,0,9.7,84,0,8.2,0,0.0,0,0.0,0,1011.6,250.7205174752039,19.80993041514442,115,,
2018,7,23,19,0,9.3,94,0,8.1,0,0.0,0,0.0,0,1011.1,258.8903454272776,22.368149040198805,127,,
2018,7,23,20,0,9,106,0,8,0,0.0,0,0.0,0,1010.6,264.10666535597096,23.527914930488325,138,,
2018,7,23,21,0,9.2,122,0,8,0,0.0,0,0.0,0,1009.9,265.2181103287528,22.981114359152684,148,,
2018,7,23,22,0,9.7,148,0,8.2,0,0.0,0,0.0,0,1009,271.33792527980256,22.34471481747733,156,,
2018,7,23,23,0,10.2,-176,0,8.4,0,0.0,0,0.0,0,1008,285.6156763407018,22.61070794431933,158,,
2018,7,24,0,0,10.5,-143,0,8.6,0,0.0,0,0.0,0,1007.1,297.76775193893764,22.27922423678536,155,,
2018,7,24,1,0,10.6,-119,0,8.7,0,0.0,0,0.0,0,1006.1,327.94811218738755,20.53324743538416,146,,
2018,7,24,2,0,10.7,-104,0,8.8,0,0.0,0,0.0,0,1005.2,339.5551973534414,17.837464491535496,136,,
2018,7,24,3,0,10.7,-92,0,8.9,0,0.0,0,0.0,0,1004.2,350.4499584369186,17.32878133736436,125,,
2018,7,24,4,0,10.5,-83,0,8.8,0,0.0,0,0.0,0,1003.2,351.8309164985086,17.30523404018246,113,,
2018,7,24,5,0,10.4,-74,0,8.7,0,0.0,0,0.0,0,1002.2,343.47500825250097,17.215720950482638,102,,
2018,7,24,6,0,10.5,-64,0.7,8.9,8,0.0,1,0.0,0,1001.4,340.0422650125114,15.873971008383169,92,,
2018,7,24,7,0,10.8,-54,38.9,9.2,38,1.0,1,2.0,0,1000.6,336.0455498186028,16.78454483797166,82,,
2018,7,24,8,0,11.1,-42,73,9.5,52,12.0,0,31.72287112106355,0,999.9,333.26833785136773,15.844814108678715,74,,
2018,7,24,9,0,11.3,-29,81.8,9.7,60,14.0,0,74.05063319276292,0,999,322.10549608022984,14.89544807171507,67,,
2018,7,24,10,0,11.2,-14,68.2,9.9,134,18.0,0,115.25797187895655,0,998,300.7031428628917,16.04445316607567,63,,
2018,7,24,11,0,11.2,1,60.6,10,173,11.0,0,113.82787419330624,0,997,288.95269812056006,19.25763665171224,62,,
2018,7,24,12,0,11.2,17,71.3,10,120,7.0,0,103.396398757867,0,996.3,287.19025115005434,22.64334440913094,63,,
2018,7,24,13,0,11.1,32,91,9.9,39,4.0,0,71.93347948943348,0,995.9,308.20666563880786,21.29451612281731,68,,
2018,7,24,14,0,11.1,44,68.8,9.8,54,13.0,0,99.63595530663032,0,995.5,333.44099507321096,20.69290946266125,75,,
2018,7,24,15,0,10.8,56,55.1,9.5,36,116.0,0,142.34090127892904,0,995.3,352.0824457085651,21.481140314909283,84,,
2018,7,24,16,0,10.2,66,42.5,9.1,4,42.0,0,42.68749953556191,0,995.4,355.30509878746955,20.617028400924653,93,,
2018,7,24,17,0,9.7,75,43.3,8.7,0,0.0,0,0.0,0,995.4,350.7344142692108,20.841507469343565,104,,
2018,7,24,18,0,9.3,84,52,8.2,0,0.0,0,0.0,0,995.4,349.2449406189169,21.551425557049583,115,,
2018,7,24,19,0,8.9,94,73,7.6,0,0.0,0,0.0,0,995.3,348.47308230788764,23.566376276185284,126,,
2018,7,24,20,0,8.5,106,89,7.1,0,0.0,0,0.0,0,995.2,14.43241939262498,21.237592576876484,138,,
2018,7,24,21,0,8.5,123,92.7,6.9,0,0.0,0,0.0,0,995.1,16.62018396669106,18.50605861103636,148,,
2018,7,24,22,0,8.7,148,93.7,7.1,0,0.0,0,0.0,0,994.8,11.462080371828904,17.20120768036012,156,,
2018,7,24,23,0,8.9,-177,93.4,7.3,0,0.0,0,0.0,0,994.6,10.250020507866113,16.15677771084618,158,,
2018,7,25,0,0,9,-143,92.9,7.4,0,0.0,0,0.0,0,994.2,10.141878717155803,15.26240486065379,154,,
2018,7,25,1,0,9,-120,92.9,7.6,0,0.0,0,0.0,0,993.7,4.823097168113975,16.353561507000872,146,,
2018,7,25,2,0,9,-104,92.7,7.7,0,0.0,0,0.0,0,993.3,1.179528363770146,16.23635060109079,136,,
2018,7,25,3,0,8.9,-93,79.1,7.6,0,0.0,0,0.0,0,993.1,357.72369863235707,17.309312921286352,124,,
2018,7,25,4,0,8.8,-83,59,7.5,0,0.0,0,0.0,0,993.2,7.241016113649891,18.02338007937223,113,,
2018,7,25,5,0,8.7,-74,50.9,7.3,0,0.0,0,0.0,0,993.4,10.839044133088692,17.844729075987214,102,,
2018,7,25,6,0,8.8,-64,50,7.2,5,0.0,1,0.0,0,993.9,9.197115696728645,17.732603483743826,92,,
2018,7,25,7,0,9,-54,19.6,7.3,43,5.0,45,3.0000000000000004,0,994.7,8.253645695498108,16.845131886402726,82,,
2018,7,25,8,0,9.2,-42,45.9,7.3,74,50.0,29,52.13417451821931,0,995.6,11.55454230572775,16.4413468424856,73,,
2018,7,25,9,0,9.5,-29,26.9,7.2,91,143.0,184,151.55426182081072,0,996.1,12.306019006052622,15.057396726616716,67,,
2018,7,25,10,0,9.8,-14,19.8,6.9,214,255.0,124,251.40756999271835,0,996.3,12.361782778581867,14.50699471842932,63,,
2018,7,25,11,0,10.1,1,25.8,6.6,269,276.0,60,311.98971825525894,0,996.5,11.635952114153838,14.25436897394452,61,,
2018,7,25,12,0,10.2,17,14,6.3,195,302.0,154,344.48925140228334,0,996.3,9.576243013573162,13.52489381173803,63,,
2018,7,25,13,0,10.3,32,37.4,5.8,141,261.0,72,312.9925395969577,0,996,6.638905646411274,14.05567625001914,68,,
2018,7,25,14,0,10.3,45,64.7,5.4,77,231.0,0,252.8724295273447,0,995.6,10.357633720855404,13.557347043901682,75,,
2018,7,25,15,0,10.3,56,62.1,5.5,24,220.0,0,176.27851780296572,0,995,11.183275923198837,13.212303528637698,83,,
2018,7,25,16,0,10.2,66,70.1,5.8,4,79.0,0,53.56638396676625,0,994.2,12.22733370807248,12.984495095846365,93,,
2018,7,25,17,0,10.2,75,80.9,6.2,0,0.0,0,0.0,0,993.4,13.12365037286429,12.30201282798639,104,,
2018,7,25,18,0,10,85,82.5,6.7,0,0.0,0,0.0,0,992.7,15.248556058992165,11.96443329996614,115,,
2018,7,25,19,0,9.8,95,82.7,7.3,0,0.0,0,0.0,0,991.9,9.839430088244058,12.562225084950098,126,,
2018,7,25,20,0,9.6,107,83,7.9,0,0.0,0,0.0,0,991.2,6.547065337276877,12.059357626656077,137,,
2018,7,25,21,0,9.2,123,82,7.7,0,0.0,0,0.0,0,990.8,2.0697664846260864,12.113615927552114,148,,
2018,7,25,22,0,8.6,148,29.4,6.9,0,0.0,0,0.0,0,990.6,2.066102895639517,12.135086310751252,155,,
2018,7,25,23,0,8.1,-177,0,6,0,0.0,0,0.0,0,990.5,4.84922558493588,12.568914958112272,158,,
2018,7,26,0,0,7.7,-143,0,5.5,0,0.0,0,0.0,0,990.5,5.650352755361837,12.06104290517468,154,,
2018,7,26,1,0,7.6,-120,0,5.2,0,0.0,0,0.0,0,990.5,4.984527967165036,12.947892157034516,146,,
2018,7,26,2,0,7.5,-104,0,4.9,0,0.0,0,0.0,0,990.5,7.028497687141737,13.12253621228106,135,,
2018,7,26,3,0,7.3,-93,0,4.8,0,0.0,0,0.0,0,990.7,7.915582388604378,12.707502270191206,124,,
2018,7,26,4,0,7.1,-83,0,4.8,0,0.0,0,0.0,0,991.1,6.470687086171552,12.393894964285067,113,,
2018,7,26,5,0,6.9,-74,0,4.9,0,0.0,0,0.0,0,991.4,4.198953562202405,11.950289682943252,102,,
2018,7,26,6,0,7,-64,1.1,4.6,8,0.0,1,0.0,0,991.8,3.1271399388541568,11.457001543965736,91,,
2018,7,26,7,0,7.2,-54,54.8,4.2,16,4.0,0,3.0000000000000004,0,992.3,2.988707556032523,11.205182356114408,82,,
2018,7,26,8,0,7.5,-43,79.4,3.7,45,46.0,0,48.000299214788576,0,992.8,1.8774769749342115,11.446085985105704,73,,
2018,7,26,9,0,7.6,-29,85,3.5,45,121.0,0,138.04473316212778,0,993.1,3.477037964730357,11.335808540940992,67,,
2018,7,26,10,0,7.6,-15,75.9,3.4,97,160.0,1,222.58594399122595,0,993.2,4.634586536684537,11.602634575627828,62,,
2018,7,26,11,0,7.6,1,39.5,3.3,222,222.0,37,297.8282650929399,0,993.4,7.044238786647043,11.21207283465136,61,,
2018,7,26,12,0,7.6,17,56.5,3.7,162,225.0,21,318.61679689361085,0,993.8,5.776784968066181,10.556049532932027,63,,
2018,7,26,13,0,7.5,32,75.7,4.4,80,176.0,0,279.209231762275,0,994.5,358.4179532075402,11.319011903109825,68,,
2018,7,26,14,0,7.4,45,75.8,5.1,46,141.0,0,217.02349528956185,0,995.3,357.45569190214394,11.263300728673578,75,,
2018,7,26,15,0,7.2,56,68.7,5.4,17,60.0,0,111.71556531939288,0,996.4,0.3242668616188098,11.043389751234272,83,,
2018,7,26,16,0,7.1,66,56.5,5.4,3,22.0,0,33.67728427237623,0,997.8,1.024912416561108,10.482389944364456,93,,
2018,7,26,17,0,6.9,76,52,5.3,0,0.0,0,0.0,0,999.3,1.6898978139434462,9.86000124941967,104,,
2018,7,26,18,0,6.8,85,52,4.9,0,0.0,0,0.0,0,1000.6,358.7521992670941,9.60799129417122,115,,
2018,7,26,19,0,6.6,95,52,4.2,0,0.0,0,0.0,0,1001.9,351.14842035241946,9.341973384630816,126,,
2018,7,26,20,0,6.3,107,51.5,3.5,0,0.0,0,0.0,0,1003.1,344.92955682022284,9.30058910006366,137,,
2018,7,26,21,0,6.3,123,26.2,3.3,0,0.0,0,0.0,0,1004.1,341.6429719506386,9.593923862261123,147,,
2018,7,26,22,0,6.3,149,4.3,3.5,0,0.0,0,0.0,0,1005,345.0598050209073,10.265224132520393,155,,
2018,7,26,23,0,6.3,-177,0,3.6,0,0.0,0,0.0,0,1005.8,345.42570403607976,10.183392501147727,158,,
2018,7,27,0,0,6.4,-143,0,3.6,0,0.0,0,0.0,0,1006.6,341.9892017700328,9.772060870606968,154,,
2018,7,27,1,0,6.4,-120,0,3.3,0,0.0,0,0.0,0,1007.3,331.5520894053068,9.361055156469472,146,,
2018,7,27,2,0,6.4,-105,0,3.1,0,0.0,0,0.0,0,1008,328.1666362845993,9.83504418701598,135,,
2018,7,27,3,0,6.6,-93,0,3,0,0.0,0,0.0,0,1008.7,331.9130762732978,10.48723321434394,124,,
2018,7,27,4,0,6.9,-83,0,3.1,0,0.0,0,0.0,0,1009.4,325.9783762237632,10.835456163624956,113,,
2018,7,27,5,0,7.2,-74,0,3.3,0,0.0,0,0.0,0,1010.1,330.5180108035621,12.064412694205268,102,,
2018,7,27,6,0,7.7,-65,0.4,3.7,10,0.0,2,0.0,0,1010.7,334.5845860239442,13.011446832880774,91,,
2018,7,27,7,0,8.4,-54,18.2,4.5,72,3.0,2,3.0,0,1011.3,328.9009836859374,12.947258121052684,82,,
2018,7,27,8,0,9.1,-43,20.2,5.2,134,46.0,59,50.121563447335575,0,1011.8,332.6894050699385,12.804756848634494,73,,
2018,7,27,9,0,9.6,-29,6.8,5.9,114,90.0,222,130.3809034262979,0,1012.1,334.6721397615053,13.440941099429049,66,,
2018,7,27,10,0,10,-15,11.9,6.5,168,111.0,210,199.6044165733377,0,1012.2,337.42109669254705,13.948790373536507,62,,
2018,7,27,11,0,10.3,1,59.3,7.1,121,130.0,62,252.29694885650648,0,1012.3,338.6453263927816,14.879472599081993,61,,
2018,7,27,12,0,10.4,17,31.3,7.5,88,176.0,192,295.11361189074097,0,1012.4,336.4983490210204,15.727467239438536,63,,
2018,7,27,13,0,10.3,32,3.2,7.6,94,133.0,236,255.59018934230204,0,1012.6,339.72650860042774,17.01789258309335,67,,
2018,7,27,14,0,10.2,45,17.3,7.7,107,87.0,80,184.5540926816725,0,1012.8,348.9109966044903,17.22267739045266,74,,
2018,7,27,15,0,10.1,56,9,7.8,55,45.0,12,101.6778624353552,0,1013.2,23.87392296838016,12.508479811185389,83,,
2018,7,27,16,0,10,66,0,7.9,8,24.0,4,35.17324518879296,0,1013.6,35.01888624425703,11.2181583370721,93,,
2018,7,27,17,0,9.8,76,0,7.9,0,0.0,0,0.0,0,1014.1,38.43542686287816,11.225723399830184,104,,
2018,7,27,18,0,9.6,85,0,7.8,0,0.0,0,0.0,0,1014.6,33.71736032604622,11.371897012218064,115,,
2018,7,27,19,0,9.3,95,0,7.7,0,0.0,0,0.0,0,1015.2,25.22544588457612,11.540194843910047,126,,
2018,7,27,20,0,9,107,0.6,7.5,0,0.0,0,0.0,0,1015.8,22.47534514366498,11.771296460259592,137,,
2018,7,27,21,0,9,124,33.5,7.6,0,0.0,0,0.0,0,1016.2,22.84696549204756,12.233719897117696,147,,
2018,7,27,22,0,9.2,149,49.3,7.7,0,0.0,0,0.0,0,1016.4,26.879696174150183,11.750233995359968,155,,
2018,7,27,23,0,9.4,-177,47.9,7.9,0,0.0,0,0.0,0,1016.6,29.95350767741525,10.220911439026208,158,,
2018,7,28,0,0,9.5,-144,49.9,8,0,0.0,0,0.0,0,1016.9,31.30781628665005,8.65991355132636,154,,
2018,7,28,1,0,9.6,-120,19,7.8,0,0.0,0,0.0,0,1017.3,17.0495410327012,8.739813737177515,146,,
2018,7,28,2,0,9.6,-105,30.3,7.7,0,0.0,0,0.0,0,1017.6,16.39617572159034,7.970881820204871,135,,
2018,7,28,3,0,9.6,-93,17.4,7.6,0,0.0,0,0.0,0,1018,11.75364372270394,7.363625179930103,124,,
2018,7,28,4,0,9.6,-84,25.2,7.6,0,0.0,0,0.0,0,1018.4,10.2494318582485,6.795946575202063,113,,
2018,7,28,5,0,9.5,-74,14.1,7.6,0,0.0,0,0.0,0,1018.8,8.464612337209815,5.813324741589945,102,,
2018,7,28,6,0,9.7,-65,0,7.6,10,0.0,4,0.0,0,1019.3,2.726310993906281,5.25594901040716,91,,
2018,7,28,7,0,9.9,-55,1.5,7.7,43,20.0,59,5.000000000000001,0,1019.9,358.53127280744013,4.876846361194742,81,,
2018,7,28,8,0,10.2,-43,37.6,7.9,100,168.0,32,71.85938026882746,0,1020.4,351.6565368535769,4.737889971069825,73,,
2018,7,28,9,0,10.4,-30,47.2,8.2,191,299.0,2,188.6178375371993,0,1020.6,351.0273733851036,4.808846015417836,66,,
2018,7,28,10,0,10.7,-15,27.1,8.7,224,360.0,93,292.6071368578415,0,1020.4,349.4854576793717,5.256476369965964,62,,
2018,7,28,11,0,10.9,1,50.7,9.2,168,389.0,54,364.7452562285829,0,1020.2,338.42815914364434,5.6687855884482135,61,,
2018,7,28,12,0,11,17,33.5,9.3,168,331.0,104,367.9617111145753,0,1020.1,331.6608679641041,6.319921380048964,62,,
2018,7,28,13,0,10.9,32,13.3,9.3,160,255.0,133,320.6232898404478,0,1020.1,328.826964908073,5.4334765270102094,67,,
2018,7,28,14,0,10.8,45,18.6,9.2,124,204.0,56,250.08150669725143,0,1020.1,332.25237900484325,5.369672136305319,74,,
2018,7,28,15,0,10.6,56,29.9,9.1,55,142.0,8,154.92518463319212,0,1020.3,328.90268711422056,4.598318306729103,83,,
2018,7,28,16,0,10.4,66,12.5,8.9,8,45.0,0,46.83445814562036,0,1020.6,303.01741223886336,2.9069593650830656,93,,
2018,7,28,17,0,10.2,76,0.5,8.7,0,1.0,0,1.0582910076067886,0,1020.9,263.1376988862226,2.958695582029206,103,,
2018,7,28,18,0,9.9,85,25.2,8.5,0,0.0,0,0.0,0,1021.1,226.9539653362721,3.9340152230566994,115,,
2018,7,28,19,0,9.5,95,14.1,8.1,0,0.0,0,0.0,0,1021.3,228.84746552577727,5.95079544123785,126,,
2018,7,28,20,0,9.1,107,0,7.8,0,0.0,0,0.0,0,1021.4,227.54793668405387,7.991854641155225,137,,
2018,7,28,21,0,9,124,0,7.7,0,0.0,0,0.0,0,1021.4,225.8123110110486,9.473697043589356,147,,
2018,7,28,22,0,9.1,149,0,7.8,0,0.0,0,0.0,0,1021.2,224.36996742016845,10.518849307910054,155,,
2018,7,28,23,0,9.3,-177,0,7.9,0,0.0,0,0.0,0,1021,217.76043633309908,11.90998349763542,157,,
2018,7,29,0,0,9.3,-144,0.9,8,0,0.0,0,0.0,0,1020.8,210.38977583887169,12.776992632089245,154,,
2018,7,29,1,0,9.2,-121,44.6,7.9,0,0.0,0,0.0,0,1020.6,214.57992729785065,13.459332541475623,145,,
2018,7,29,2,0,9.2,-105,68.3,7.8,0,0.0,0,0.0,0,1020.4,240.04656605277825,12.969922084008138,135,,
2018,7,29,3,0,9.2,-94,67.5,7.7,0,0.0,0,0.0,0,1020.3,255.80541603743583,13.498556501427212,124,,
2018,7,29,4,0,9.2,-84,73.7,7.6,0,0.0,0,0.0,0,1020.3,251.3855749405853,14.097836496200266,113,,
2018,7,29,5,0,9.3,-74,72,7.6,0,0.0,0,0.0,0,1020.3,249.1567251125943,14.694563518543296,102,,
2018,7,29,6,0,9.5,-65,68.2,7.6,5,0.0,1,0.0,0,1020.3,251.044360454193,14.807652346171723,91,,
2018,7,29,7,0,9.8,-55,26.3,7.7,45,1.0,52,1.0,0,1020.2,276.6912279916243,17.038912108263542,81,,
2018,7,29,8,0,10.2,-43,35.7,7.8,108,8.0,29,26.58734250183433,0,1020.2,306.1528100818682,13.49529521031634,73,,
2018,7,29,9,0,10.4,-30,54.7,8,159,20.0,0,80.6523805136641,0,1019.7,334.33353044950945,13.708302129934136,66,,
2018,7,29,10,0,10.7,-15,57.7,8.3,178,34.0,0,154.3532434610742,0,1019,335.2868288013755,12.707022471385308,62,,
2018,7,29,11,0,10.9,1,63.5,8.5,162,18.0,0,151.1939329478,0,1018.2,345.812547605225,13.260160403486145,60,,
2018,7,29,12,0,10.9,17,78.1,8.6,91,6.0,0,103.01115186466166,0,1017.4,1.8333111103213469,18.261789075746627,62,,
2018,7,29,13,0,10.8,32,76.9,8.5,72,1.0,0,47.50003113863452,0,1016.6,346.0627641741754,17.475913974084527,67,,
2018,7,29,14,0,10.6,45,68.5,8.3,64,2.0,0,41.89972682914554,0,1015.8,343.45416126943906,19.38929367259625,74,,
2018,7,29,15,0,10.5,56,54.2,8.1,31,3.0,0,36.06447261971962,0,1015.3,346.4383918404073,19.549717188031035,83,,
2018,7,29,16,0,10.4,67,17.1,7.8,7,2.0,0,12.443154039821684,0,1015.1,350.0049922082809,18.365155969679776,93,,
2018,7,29,17,0,10.3,76,0,7.5,0,0.0,0,0.0,0,1014.9,4.937555503284557,18.655900210706857,103,,
2018,7,29,18,0,10.1,85,0.9,7.3,0,0.0,0,0.0,0,1014.7,32.15035677928364,20.598650718221457,114,,
2018,7,29,19,0,9.9,95,44.5,7,0,0.0,0,0.0,0,1014.5,40.36553151784437,25.70960163852575,126,,
2018,7,29,20,0,9.7,108,69.4,6.8,0,0.0,0,0.0,0,1014.2,38.22253504967307,27.95759522041234,137,,
2018,7,29,21,0,9.8,124,68.8,6.7,0,0.0,0,0.0,0,1013.6,38.03619582440848,27.46506496465685,147,,
2018,7,29,22,0,10,149,24.7,6.8,0,0.0,0,0.0,0,1012.8,38.17313766152631,26.269099852696183,155,,
2018,7,29,23,0,10.2,-177,0,6.9,0,0.0,0,0.0,0,1012,39.202313693873805,24.49978952901315,157,,
2018,7,30,0,0,10.3,-144,0,6.9,0,0.0,0,0.0,0,1011.1,38.39861583886227,22.415399990816468,154,,
2018,7,30,1,0,10.2,-121,0,6.7,0,0.0,0,0.0,0,1010.2,34.846303598851875,20.64383112533156,145,,
2018,7,30,2,0,10.1,-105,0,6.6,0,0.0,0,0.0,0,1009.2,34.83827716891125,19.62571534748249,135,,
2018,7,30,3,0,10.1,-94,0,6.4,0,0.0,0,0.0,0,1008.3,32.937745469046945,18.89535944781492,124,,
2018,7,30,4,0,10,-84,0,6.2,0,0.0,0,0.0,0,1007.5,33.33754297256564,17.7846668309285,113,,
2018,7,30,5,0,10,-75,0,5.9,0,0.0,0,0.0,0,1006.6,29.92518276597815,16.54182166183877,101,,
2018,7,30,6,0,10.1,-65,0.8,6,11,0.0,4,0.0,0,1006,28.506916394798225,15.105299779767169,91,,
2018,7,30,7,0,10.4,-55,43.5,6.2,39,8.0,2,5.000000000000001,0,1005.4,19.80212806955393,14.085332663906744,81,,
2018,7,30,8,0,10.6,-43,61.3,6.4,93,48.0,3,58.66423668253617,0,1004.9,13.660842899876911,13.0591302248582,73,,
2018,7,30,9,0,10.6,-30,38.2,6.6,163,56.0,55,127.20688488386642,0,1003.8,8.888957826455226,12.802690400281582,66,,
2018,7,30,10,0,10.3,-15,69.1,6.7,129,71.0,0,188.0376741718901,0,1002.3,359.6398312094408,13.399190517874215,61,,
2018,7,30,11,0,10,1,85.5,6.8,64,41.0,0,190.8079312258605,0,1000.8,352.39557067794124,13.224212969561624,60,,
2018,7,30,12,0,9.8,17,89,7,47,40.0,0,199.21666081872385,0,999.3,345.40680308409867,13.48054902973882,62,,
2018,7,30,13,0,9.7,32,91.8,7.2,26,38.0,0,184.13547439912617,0,998,337.9792148505253,12.83528694644946,67,,
2018,7,30,14,0,9.7,45,86.5,7.5,25,20.0,0,122.06609821098156,0,996.7,336.68404173317,13.161221443835116,74,,
2018,7,30,15,0,9.4,57,70.4,7.6,18,4.0,0,44.43244066626976,0,996.1,329.7690431410008,13.988871862603176,82,,
2018,7,30,16,0,9.1,67,52.5,7.7,0,1.0,0,9.224650636942616,0,996.4,321.1784385206072,14.923842666872506,92,,
2018,7,30,17,0,8.7,76,32.9,7.7,0,0.0,0,0.0,0,996.6,315.000662019244,14.940910789901668,103,,
2018,7,30,18,0,8.2,86,33.8,7.1,0,0.0,0,0.0,0,997.5,308.0428324968462,15.926872399428015,114,,
2018,7,30,19,0,7.7,96,18.2,5.8,0,0.0,0,0.0,0,999.1,298.9591087805589,18.552629113312857,126,,
2018,7,30,20,0,7.1,107,0,4.5,0,0.0,0,0.0,0,1000.7,298.7564185936239,20.016419145551588,137,,
2018,7,30,21,0,6.8,124,0,3.9,0,0.0,0,0.0,0,1002,298.0949613128209,20.9788044631802,147,,
2018,7,30,22,0,6.6,148,0,4,0,0.0,0,0.0,0,1003,296.6707708433765,21.598073239508828,155,,
2018,7,30,23,0,6.4,-177,0,4.1,0,0.0,0,0.0,0,1004,294.8543155011713,22.07539746741008,158,,
2018,7,31,0,0,6.4,-144,0,4,0,0.0,0,0.0,0,1004.8,293.2343371910236,22.09436329175207,154,,
2018,7,31,1,0,6.4,-121,0,3.8,0,0.0,0,0.0,0,1005.2,297.8310363316969,24.95604650131208,145,,
2018,7,31,2,0,6.4,-105,0,3.6,0,0.0,0,0.0,0,1005.6,325.3625381081067,25.33319211489652,135,,
2018,7,31,3,0,6.4,-94,0,3.4,0,0.0,0,0.0,0,1006,340.3201291954803,25.43230591989139,124,,
2018,7,31,4,0,6.5,-84,0,3.2,0,0.0,0,0.0,0,1006.3,344.9538255056974,22.72336253969799,112,,
2018,7,31,5,0,6.5,-75,0,2.9,0,0.0,0,0.0,0,1006.7,356.1042368138063,22.99772078297088,101,,
2018,7,31,6,0,7,-65,0.1,3,6,0.0,3,0.0,0,1006.9,1.645442166457201,21.766055189812043,91,,
2018,7,31,7,0,7.8,-55,11.9,3.3,53,8.0,52,5.000000000000001,0,1007.2,4.263868428916055,19.91547325198573,81,,
2018,7,31,8,0,8.6,-43,21.3,3.7,136,98.0,63,70.77648426489093,0,1007.4,358.59509691198025,17.84423124663162,72,,
2018,7,31,9,0,9.1,-30,28.5,3.7,162,202.0,118,179.30722044626103,0,1007.2,351.16334718888703,16.007138405155924,65,,
2018,7,31,10,0,9.3,-15,47.1,3.6,175,250.0,67,271.55244146270456,0,1006.6,340.06869993780333,15.894166823639337,61,,
2018,7,31,11,0,9.5,1,24.9,3.4,255,189.0,109,299.3785367305833,0,1006,329.4139856810343,15.807229119124202,60,,
2018,7,31,12,0,9.7,18,38.6,3.4,181,66.0,96,230.59701329628965,0,1005.4,320.87242452844475,16.280704037011237,62,,
2018,7,31,13,0,9.7,32,29.8,3.4,155,14.0,96,128.10026643644736,0,1004.7,310.7684807568494,18.957980844518488,66,,
2018,7,31,14,0,9.7,46,37.9,3.5,97,9.0,41,87.11120432095693,0,1004,309.6981753653565,19.44507263697748,73,,
2018,7,31,15,0,9.6,57,45.8,3.6,49,4.0,0,39.44576741600297,0,1003.4,322.80123089925286,20.850294641315667,82,,
2018,7,31,16,0,9.5,67,61.9,3.6,1,4.0,0,17.91105035710359,0,1002.9,335.720115698817,20.62458501022612,92,,
2018,7,31,17,0,9.3,76,52.6,3.7,0,0.0,0,1.0,0,1002.3,346.6102024058487,20.15856332737088,103,,
2018,7,31,18,0,9.2,86,51.8,3.9,0,0.0,0,0.0,0,1001.6,349.0468324387397,20.292524147486937,114,,
2018,7,31,19,0,9.2,96,69.6,4.3,0,0.0,0,0.0,0,1000.9,353.79401540181146,21.21318327393941,125,,
2018,7,31,20,0,9.1,108,92.6,4.7,0,0.0,0,0.0,0,1000.1,350.8398088513798,19.629977586651314,137,,
2018,7,31,21,0,9,124,93,5.2,0,0.0,0,0.0,0,999.1,355.50409299958085,16.74365998493474,147,,
2018,7,31,22,0,8.8,149,84,5.8,0,0.0,0,0.0,0,997.7,0.8737360822146911,17.819454724356024,155,,
2018,7,31,23,0,8.7,-177,72.8,6.4,0,0.0,0,0.0,0,996.4,40.62110972969583,18.147033600978776,157,,
2018,8,1,0,0,8.7,-144,72.8,7,0,0.0,0,0.0,0,995.1,50.8873190504533,20.11570213389605,153,,
2018,8,1,1,0,9,-121,72.5,7.7,0,0.0,0,0.0,0,994,50.5428536328854,18.001455420357797,145,,
2018,8,1,2,0,9.4,-106,73.1,8.4,0,0.0,0,0.0,0,992.8,39.00770416865692,15.956173905274476,135,,
2018,8,1,3,0,8.9,-94,73.5,7.9,0,0.0,0,0.0,0,992.8,41.060420084053135,16.083770185386612,124,,
2018,8,1,4,0,7.8,-84,39.6,6.3,0,0.0,0,0.0,0,994,42.825569865019645,15.142228713789889,112,,
2018,8,1,5,0,6.6,-75,0,4.6,0,0.0,0,0.0,0,995.2,43.53083174557781,13.796397608082906,101,,
2018,8,1,6,0,6.5,-66,3.9,3.7,7,0.0,1,0.0,0,996.2,42.2110118170649,12.715707630630554,90,,
2018,8,1,7,0,7.3,-55,6.3,3.3,54,24.0,55,7.000000000000002,0,997.2,36.23150171926551,11.985851415733544,81,,
2018,8,1,8,0,8.1,-44,23.6,3,79,158.0,114,80.02850283088407,0,998.1,35.35036499783962,11.164033333144316,72,,
2018,8,1,9,0,8.5,-30,17.4,2.5,105,226.0,221,184.81409089628605,0,998.8,36.13425097496816,10.036325287873256,65,,
2018,8,1,10,0,8.5,-15,27.2,2,113,281.0,228,279.03082648808214,0,999.2,36.8197569834984,9.31792348986793,61,,
2018,8,1,11,0,8.5,1,19,1.5,182,185.0,217,294.2077158242792,0,999.6,37.55863154173488,8.648232234458991,59,,
2018,8,1,12,0,8.6,18,13.8,1.1,170,178.0,227,308.2684429497897,0,999.8,37.40560414184972,7.922416597019414,61,,
2018,8,1,13,0,8.7,33,14.6,0.8,127,147.0,194,275.0904647637521,0,1000.1,28.95118430421689,8.263365470959792,66,,
2018,8,1,14,0,8.9,46,23.5,0.5,100,122.0,81,217.16247655596493,0,1000.3,28.36119432957372,8.025837183746004,73,,
2018,8,1,15,0,8.9,57,15.6,0.3,56,102.0,24,143.21136163309797,0,1000.7,27.059485775171822,7.60411526823745,82,,
2018,8,1,16,0,8.8,67,0,0.2,3,41.0,1,48.46735518155064,0,1001.2,24.80555907826113,7.001713547272324,92,,
2018,8,1,17,0,8.7,77,0,0.2,0,1.0,0,1.069305005331017,0,1001.7,23.88061196050808,6.175398200049331,103,,
2018,8,1,18,0,8.5,86,0,0.5,0,0.0,0,0.0,0,1001.9,22.833654177917538,5.153882032022076,114,,
2018,8,1,19,0,8.2,96,0,1.2,0,0.0,0,0.0,0,1001.9,14.147024545766328,5.114337441955521,125,,
2018,8,1,20,0,8,108,0,1.9,0,0.0,0,0.0,0,1001.8,5.72562237055854,4.167520043085204,136,,
2018,8,1,21,0,8,124,0,2.4,0,0.0,0,0.0,0,1001.6,352.03038960567864,3.1554763903410845,147,,
2018,8,1,22,0,8.4,149,0,2.7,0,0.0,0,0.0,0,1001.1,326.45608344656,2.601452169283998,154,,
2018,8,1,23,0,8.7,-177,0,2.9,0,0.0,0,0.0,0,1000.6,301.8198405292296,3.5561873153900745,157,,
2018,8,2,0,0,8.9,-144,0,3.2,0,0.0,0,0.0,0,1000.1,292.5510705154895,5.052061934933784,153,,
2018,8,2,1,0,8.9,-121,0,3.4,0,0.0,0,0.0,0,999.4,278.6336429539921,4.86765832598443,145,,
2018,8,2,2,0,9,-106,0,3.6,0,0.0,0,0.0,0,998.7,275.05035445742004,6.170684863881697,135,,
2018,8,2,3,0,9,-94,0,3.8,0,0.0,0,0.0,0,998,275.03496905510536,6.901631191672682,123,,
2018,8,2,4,0,9.1,-84,0,3.9,0,0.0,0,0.0,0,997.3,276.9707414231141,7.388844967255837,112,,
2018,8,2,5,0,9.2,-75,0,4,0,0.0,0,0.0,0,996.6,277.1132406367852,8.251005115114234,101,,
2018,8,2,6,0,9.3,-66,2.4,4.4,8,0.0,1,0.0,0,995.9,275.12805703822147,9.330559241986666,90,,
2018,8,2,7,0,9.6,-55,33.9,5.1,62,6.0,6,5.0,0,995.1,265.1785734771353,9.408291265713483,80,,
2018,8,2,8,0,9.8,-44,38.9,5.8,107,29.0,39,48.48408350086162,0,994.4,263.31579646059095,10.552440169697327,72,,
2018,8,2,9,0,9.7,-30,72.2,6.4,100,147.0,0,161.16535490197987,0,993.7,256.53727710733006,11.718740809119115,65,,
2018,8,2,10,0,9.3,-15,55.3,6.9,187,392.0,11,307.94968142644325,0,992.9,249.5115745880216,12.85647606184977,61,,
2018,8,2,11,0,8.9,1,82.4,7.3,82,394.0,0,372.0737862195872,0,992.2,250.4330659418163,13.62315062999524,59,,
2018,8,2,12,0,8.4,18,66.9,6.9,149,391.0,0,396.9554281405299,0,991.9,249.206051670396,13.90812855794144,61,,
2018,8,2,13,0,7.8,33,34.6,5.8,157,462.0,80,410.7156060258892,0,992,246.1308213424024,14.673184501945544,66,,
2018,8,2,14,0,7.1,46,8.2,4.7,89,502.0,143,370.9008632387564,0,992.2,246.0262047679564,15.074370846817567,73,,
2018,8,2,15,0,6.8,57,52.3,4,33,335.0,5,229.3585872270069,0,992.3,240.9434274964867,15.185115430780677,82,,
2018,8,2,16,0,6.7,67,0,3.6,3,112.0,1,73.2185762306437,0,992.4,237.4985609976104,15.393940687527952,92,,
2018,8,2,17,0,6.7,77,0,3.2,0,5.0,0,2.3607289873908663,0,992.5,239.09631549005496,15.374881730361343,103,,
2018,8,2,18,0,6.6,86,0,3.3,0,0.0,0,0.0,0,992.4,239.17344044888472,14.757797023104724,114,,
2018,8,2,19,0,6.5,96,0,3.8,0,0.0,0,0.0,0,992.1,228.2219329401472,13.696120645776167,125,,
2018,8,2,20,0,6.4,108,0,4.4,0,0.0,0,0.0,0,991.9,225.40564533512932,13.4111962652681,136,,
2018,8,2,21,0,6.3,125,0,4.6,0,0.0,0,0.0,0,991.7,226.33625994893225,13.547126798478589,146,,
2018,8,2,22,0,6.2,149,0,4.4,0,0.0,0,0.0,0,991.6,227.0330713622843,14.3648983540708,154,,
2018,8,2,23,0,6,-177,0,4.3,0,0.0,0,0.0,0,991.5,235.64762870689168,14.7268115035237,157,,
2018,8,3,0,0,5.6,-144,0,3.9,0,0.0,0,0.0,0,991.8,242.5101050629078,15.794833635291509,153,,
2018,8,3,1,0,4.9,-121,19.7,3.1,0,0.0,0,0.0,0,992.6,222.1839188670788,16.058079100026433,145,,
2018,8,3,2,0,4.1,-106,43,2.4,0,0.0,0,0.0,0,993.3,226.29653521601372,16.884252881306228,134,,
2018,8,3,3,0,3.7,-95,45,2,0,0.0,0,0.0,0,994.3,234.43081183739577,16.72007977553893,123,,
2018,8,3,4,0,3.6,-85,23.6,1.8,0,0.0,0,0.0,0,995.7,241.6698026319267,17.247962845191676,112,,
2018,8,3,5,0,3.5,-75,0,1.6,0,0.0,0,0.0,0,997.1,245.11211039873072,18.06671816994773,101,,
2018,8,3,6,0,3.7,-66,0.5,1.4,7,0.0,1,0.0,0,998.4,247.167654666346,18.144637239965807,90,,
2018,8,3,7,0,4.2,-56,45.6,1.2,49,21.0,11,7.000000000000001,0,999.4,244.5719349744499,16.347587211581605,80,,
2018,8,3,8,0,4.8,-44,43.4,1,81,80.0,57,65.11588746703943,0,1000.5,248.60117351718765,15.924176359585752,72,,
2018,8,3,9,0,5.2,-30,42.7,0.8,136,74.0,99,127.46975456517497,0,1001.5,254.10087438923512,15.198602589882924,65,,
2018,8,3,10,0,5.6,-15,30.6,0.7,190,33.0,145,160.57797280008248,0,1002.3,260.4359806724979,13.6581015411924,60,,
2018,8,3,11,0,6,1,10.5,0.6,113,11.0,342,132.20901562842053,0,1003.1,255.73707591316585,12.586963209224528,59,,
2018,8,3,12,0,6.3,18,3.3,0.2,95,10.0,366,133.20341604228017,0,1003.9,258.84313488777605,12.796527722761931,61,,
2018,8,3,13,0,6.6,33,16.5,-0.4,114,18.0,213,154.3295670503058,0,1004.7,247.96831371274263,12.374318636333266,66,,
2018,8,3,14,0,6.9,46,0,-1,52,12.0,208,111.61110284405903,0,1005.5,266.48221179964054,13.830747435446426,73,,
2018,8,3,15,0,6.9,57,0,-1.5,38,2.0,65,34.74338379704466,0,1006.4,275.8294330350108,14.792561751358136,82,,
2018,8,3,16,0,6.6,68,0,-1.8,3,1.0,1,9.237310861360273,0,1007.3,279.38335641342974,11.765335477126516,92,,
2018,8,3,17,0,6.4,77,0,-2,0,0.0,0,0.0,0,1008.2,287.7697226598915,13.78486198658184,103,,
2018,8,3,18,0,6,86,0,-1.9,0,0.0,0,0.0,0,1009,275.67539637162145,14.948274535260458,114,,
2018,8,3,19,0,5.6,97,0,-1.5,0,0.0,0,0.0,0,1009.7,254.7718742725416,12.135328124163996,125,,
2018,8,3,20,0,5.1,109,0,-1.1,0,0.0,0,0.0,0,1010.4,290.81272882964726,11.142880509709215,136,,
2018,8,3,21,0,5,125,0,-0.9,0,0.0,0,0.0,0,1010.7,303.69006752597977,9.689919052809472,146,,
2018,8,3,22,0,5.3,149,0,-0.9,0,0.0,0,0.0,0,1010.5,333.5201909211066,7.19200179469205,154,,
2018,8,3,23,0,5.6,-177,0,-1,0,0.0,0,0.0,0,1010.2,35.794937420805695,11.326993477971108,157,,
2018,8,4,0,0,5.9,-144,0,-0.8,0,0.0,0,0.0,0,1009.9,16.090223296363035,8.716454374613532,153,,
2018,8,4,1,0,6.1,-122,0,-0.6,0,0.0,0,0.0,0,1009.6,347.17398706981265,11.261707489823117,145,,
2018,8,4,2,0,6.3,-106,0,-0.4,0,0.0,0,0.0,0,1009.2,18.38640993952515,15.1279835280478,134,,
2018,8,4,3,0,6.6,-95,0,-0.1,0,0.0,0,0.0,0,1008.8,24.96464005699352,15.00792704374179,123,,
2018,8,4,4,0,6.8,-85,0,0.3,0,0.0,0,0.0,0,1008.6,22.326871636580904,14.370549221977976,112,,
2018,8,4,5,0,7,-76,0,0.6,0,0.0,0,0.0,0,1008.3,10.89721818256612,12.5629624713397,101,,
2018,8,4,6,0,7.4,-66,0.6,1.3,8,0.0,3,0.0,0,1007.9,2.88596931939378,9.93080797033957,90,,
2018,8,4,7,0,7.8,-56,26.5,2.3,77,25.0,14,10.000000000000002,0,1007.6,345.4084524499722,11.498303715886182,80,,
2018,8,4,8,0,8.3,-44,29.1,3.3,140,12.0,49,42.107955122609305,0,1007.2,332.86003738873103,9.227411232720032,71,,
2018,8,4,9,0,8.7,-30,16.7,4.1,125,4.0,202,50.01298929559413,0,1006.5,315.3261691731515,10.46227701113577,64,,
2018,8,4,10,0,9,-15,48.4,4.5,164,5.0,75,84.92478889560599,0,1005.4,304.1770991439155,12.944713631626982,60,,
2018,8,4,11,0,9.3,1,61.1,5,190,8.0,1,119.81948195984585,0,1004.3,296.4475278818136,13.147736143648858,59,,
2018,8,4,12,0,9.4,18,41.2,5.5,220,3.0,49,77.57271062263214,0,1003.2,295.79401059317416,13.74443711761555,61,,
2018,8,4,13,0,9.3,33,37.6,6,115,8.0,115,117.17710098723944,0,1002.1,291.07434089165355,13.797875589483048,65,,
2018,8,4,14,0,9.2,46,45.7,6.5,119,19.0,15,132.95439742657544,0,1001,296.6123716177676,14.1453184421282,73,,
2018,8,4,15,0,9.1,58,55.8,6.8,38,6.0,0,59.25112410053804,0,1000.1,301.55816385778286,14.376089842573968,82,,
2018,8,4,16,0,8.9,68,50.4,6.9,2,2.0,0,14.481117451094972,0,999.2,306.59778629851075,14.506901884490825,92,,
2018,8,4,17,0,8.8,77,40.2,7.1,0,0.0,0,0.0,0,998.4,307.00743942332247,14.400969228395615,102,,
2018,8,4,18,0,8.7,87,41.1,7,0,0.0,0,0.0,0,997.5,304.294689139497,13.314764880100258,114,,
2018,8,4,19,0,8.5,97,40.7,6.7,0,0.0,0,0.0,0,996.6,298.4153834486125,12.74469916628792,125,,
2018,8,4,20,0,8.3,109,41.9,6.4,0,0.0,0,0.0,0,995.7,294.91704243078453,11.924659626279707,136,,
2018,8,4,21,0,7.9,125,42.1,6.1,0,0.0,0,0.0,0,995.3,299.2242694627471,14.25401450795832,146,,
2018,8,4,22,0,7.4,150,37.5,5.8,0,0.0,0,0.0,0,995.1,294.658730167641,15.383555819103494,154,,
2018,8,4,23,0,7,-177,32.1,5.4,0,0.0,0,0.0,0,995,301.8934883926731,15.4642495380587,156,,
2018,8,5,0,0,6.4,-145,28.5,4.9,0,0.0,0,0.0,0,995.1,283.0305757667844,11.662869090242989,153,,
2018,8,5,1,0,5.8,-122,5.3,4.2,0,0.0,0,0.0,0,995.3,275.7252048198114,12.383549183974765,144,,
2018,8,5,2,0,5.2,-107,0,3.5,0,0.0,0,0.0,0,995.6,278.60431714789263,13.83318115298124,134,,
2018,8,5,3,0,4.8,-95,0,3.1,0,0.0,0,0.0,0,996.1,278.96724953991543,15.282491888979846,123,,
2018,8,5,4,0,4.7,-85,0,2.8,0,0.0,0,0.0,0,996.7,280.44810207838964,15.772997673821596,112,,
2018,8,5,5,0,4.6,-76,0,2.6,0,0.0,0,0.0,0,997.4,277.05430271433795,15.482187251294333,100,,
2018,8,5,6,0,4.8,-66,0,2.5,9,0.0,2,0.0,0,998,270.7753802711286,15.80393738222872,90,,
2018,8,5,7,0,5.4,-56,15.5,2.3,59,3.0,34,5.0,0,998.4,270.84196683301144,15.866703377291875,80,,
2018,8,5,8,0,6,-44,13.3,2.2,122,12.0,103,43.14960055289847,0,998.8,269.6591488426221,16.990290879259653,71,,
2018,8,5,9,0,6.3,-30,17.1,2.1,141,33.0,188,117.4805756502396,0,998.9,269.87102736999,17.13651802461942,64,,
2018,8,5,10,0,6.3,-15,31.2,2,217,49.0,111,174.0532737245205,0,998.8,271.6857233758435,17.810198111455012,60,,
2018,8,5,11,0,6.3,1,25,1.9,221,89.0,155,248.84404624835955,0,998.7,269.8769977546146,17.96830312421985,58,,
2018,8,5,12,0,6.4,18,30.1,1.9,189,232.0,138,352.5410051460126,0,998.6,271.1248388540139,17.13757982910172,60,,
2018,8,5,13,0,6.4,33,37.3,2.1,117,296.0,124,366.7015918821429,0,998.7,268.95651179593307,15.845889592210858,65,,
2018,8,5,14,0,6.4,46,39.8,2.2,132,216.0,22,279.6044301074345,0,998.8,263.44003437317366,16.559836022243555,72,,
2018,8,5,15,0,6.5,58,44.5,2.2,49,96.0,1,150.35703594833026,0,999.1,261.0949995464799,18.80775661962513,81,,
2018,8,5,16,0,6.5,68,0.7,2.1,5,32.0,1,49.80276479501945,0,999.5,255.69483437875323,19.30210478953531,91,,
2018,8,5,17,0,6.5,78,0,2,0,2.0,0,2.1617016867695327,0,1000,257.9776035893284,20.103793268409184,102,,
2018,8,5,18,0,6.6,87,0,1.9,0,0.0,0,0.0,0,1000.4,257.2736274795227,19.85971485780552,113,,
2018,8,5,19,0,6.5,97,0,1.9,0,0.0,0,0.0,0,1000.8,251.0405395957615,19.296106550228725,125,,
2018,8,5,20,0,6.5,109,0,1.9,0,0.0,0,0.0,0,1001.2,248.1267346655935,19.01461008320862,136,,
2018,8,5,21,0,6.6,126,0,1.8,0,0.0,0,0.0,0,1001.6,249.07462613337603,19.82851385181687,146,,
2018,8,5,22,0,6.6,150,0,1.7,0,0.0,0,0.0,0,1002.1,244.6823557853928,19.63521197555528,153,,
2018,8,5,23,0,6.7,-177,0,1.6,0,0.0,0,0.0,0,1002.5,249.2843297701516,18.30792389578844,156,,
2018,8,6,0,0,6.8,-145,0,1.5,0,0.0,0,0.0,0,1002.8,255.73610712798103,17.063901490862264,152,,
2018,8,6,1,0,6.9,-122,0,1.4,0,0.0,0,0.0,0,1003.1,286.913053081579,16.05476289717519,144,,
2018,8,6,2,0,7,-107,0,1.3,0,0.0,0,0.0,0,1003.4,274.47281809807544,15.286546273008344,134,,
2018,8,6,3,0,7.1,-95,0,1.4,0,0.0,0,0.0,0,1003.8,293.8343866605655,16.608561450128878,123,,
2018,8,6,4,0,7.3,-85,0,1.6,0,0.0,0,0.0,0,1004.2,322.1717121653871,13.451881838612769,111,,
2018,8,6,5,0,7.5,-76,0,1.8,0,0.0,0,0.0,0,1004.7,8.847878136639451,8.814114747334665,100,,
2018,8,6,6,0,7.8,-66,0,2.5,9,0.0,6,0.0,0,1005.2,31.748731181045287,7.007857072703334,90,,
2018,8,6,7,0,8.3,-56,0,3.8,43,0.0,93,2.0,0,1005.9,48.87412019696217,6.114321533027065,80,,
2018,8,6,8,0,8.8,-44,6.1,5,94,3.0,172,22.298076410694943,0,1006.6,52.58836210750155,6.243589632878814,71,,
2018,8,6,9,0,9.2,-31,24.5,5.5,203,14.0,108,81.65131747880372,0,1007,42.48353248982971,6.385310493154905,64,,
2018,8,6,10,0,9.7,-15,36.6,5.4,203,35.0,104,165.74809180622347,0,1007.1,35.919979464625555,6.818319866379566,60,,
2018,8,6,11,0,10.1,2,13.4,5.3,163,27.0,280,182.10635568815255,0,1007.2,22.102078691218992,7.30881707866114,58,,
2018,8,6,12,0,10.3,18,30.3,5.4,212,8.0,120,124.25768693461954,0,1007.3,2.040958885241025,7.629840194014798,60,,
2018,8,6,13,0,10.4,33,20.1,5.6,156,10.0,160,124.29951155728584,0,1007.5,337.9021078843113,8.971526138288848,65,,
2018,8,6,14,0,10.4,46,5.4,5.8,78,10.0,173,104.78799289912452,0,1007.6,335.77607705813585,9.344256639300596,72,,
2018,8,6,15,0,10.3,58,15.2,6,57,7.0,41,63.67599823123246,0,1008,325.8855270546587,7.020616960068396,81,,
2018,8,6,16,0,10,68,2.2,6.1,5,3.0,1,21.74142700537676,0,1008.5,321.9350680155422,6.827022022576948,91,,
2018,8,6,17,0,9.7,78,0,6.2,0,0.0,0,1.0,0,1009,346.8090763843758,6.120723408862563,102,,
2018,8,6,18,0,9.2,87,0,6.1,0,0.0,0,0.0,0,1009.4,16.529557875015144,6.1509273436600616,113,,
2018,8,6,19,0,8.6,97,0,5.8,0,0.0,0,0.0,0,1009.8,18.599344638643288,9.013995312542669,125,,
2018,8,6,20,0,8,109,0,5.5,0,0.0,0,0.0,0,1010.2,12.477233610574617,10.414175598148535,136,,
2018,8,6,21,0,7.8,126,0,5.4,0,0.0,0,0.0,0,1010.5,12.922605135818683,11.45841984831776,146,,
2018,8,6,22,0,8.1,150,0,5.6,0,0.0,0,0.0,0,1010.8,13.986834202925763,12.153549956025346,153,,
2018,8,6,23,0,8.3,-177,0,5.8,0,0.0,0,0.0,0,1011,12.928818426607108,12.763511989441426,156,,
2018,8,7,0,0,8.3,-145,0,5.8,0,0.0,0,0.0,0,1011.2,10.544586103516792,13.43836210501638,152,,
2018,8,7,1,0,8.2,-123,0,5.7,0,0.0,0,0.0,0,1011.4,5.670606261042849,13.087973194348583,144,,
2018,8,7,2,0,8.1,-107,0,5.5,0,0.0,0,0.0,0,1011.5,2.7575056193665546,14.290472821381153,134,,
2018,8,7,3,0,8,-95,0,5.3,0,0.0,0,0.0,0,1011.8,0.1565633864606184,14.920710001899794,123,,
2018,8,7,4,0,7.8,-86,0,5.1,0,0.0,0,0.0,0,1012.3,358.51190682589737,18.51088159056356,111,,
2018,8,7,5,0,7.7,-76,0,4.9,0,0.0,0,0.0,0,1012.7,3.916914290019178,16.186735461012983,100,,
2018,8,7,6,0,7.9,-67,0,4.9,9,0.0,8,0.0,0,1013,18.048717862623505,18.49657919708913,89,,
2018,8,7,7,0,8.4,-56,0.7,5.2,46,7.0,95,7.0,0,1013.2,33.06683702409623,18.02807805641584,79,,
2018,8,7,8,0,8.9,-44,4.6,5.4,85,32.0,194,61.29614838223248,0,1013.4,32.47250299263311,18.00764887274092,71,,
2018,8,7,9,0,9.2,-31,10.1,5.4,141,92.0,237,159.35328003485068,0,1013.5,29.29791961267688,17.969140186219835,64,,
2018,8,7,10,0,9.5,-15,0.1,5,69,272.0,427,290.9396443441144,0,1013.4,30.17420341143628,16.872649709074377,59,,
2018,8,7,11,0,9.7,2,1.1,4.7,82,432.0,432,408.4699519144722,0,1013.3,26.769876685515555,15.637399325591783,58,,
2018,8,7,12,0,9.8,18,0,4.5,73,405.0,412,426.1956803678525,0,1013.3,15.541271141492643,15.010234371254615,60,,
2018,8,7,13,0,9.7,33,0,4.5,69,310.0,329,371.5190393945832,0,1013.3,3.3697017088361463,14.192751450312738,65,,
2018,8,7,14,0,9.6,47,0,4.5,60,295.0,208,313.3724655963334,0,1013.3,359.6554084410112,14.004891958620073,72,,
2018,8,7,15,0,9.3,58,1.4,4.5,41,132.0,72,168.9367715435571,0,1013.5,352.3359040575267,15.159344711147632,81,,
2018,8,7,16,0,8.8,68,0,4.5,5,22.0,3,43.51045092375168,0,1013.9,343.7627027078421,14.606553901788498,91,,
2018,8,7,17,0,8.3,78,0,4.5,0,1.0,0,1.0867920526254515,0,1014.2,334.38722112500284,15.136274637905858,102,,
2018,8,7,18,0,7.6,87,0,4.3,0,0.0,0,0.0,0,1014.5,328.682262638452,16.075368264905567,113,,
2018,8,7,19,0,6.7,98,0,4,0,0.0,0,0.0,0,1014.7,324.7102903588895,17.3844920052104,124,,
2018,8,7,20,0,5.8,110,0,3.8,0,0.0,0,0.0,0,1014.9,317.17131179091484,17.132364182840526,135,,
2018,8,7,21,0,5.7,126,0,3.9,0,0.0,0,0.0,0,1015,299.2884702678056,17.080118804586572,145,,
2018,8,7,22,0,6.4,150,0,4.3,0,0.0,0,0.0,0,1014.9,298.30424876092195,20.61342116657748,153,,
2018,8,7,23,0,7.2,-177,0,4.7,0,0.0,0,0.0,0,1014.8,303.86849806658256,21.80838231375921,156,,
2018,8,8,0,0,7.5,-145,0,4.8,0,0.0,0,0.0,0,1014.7,310.8267066084956,23.84781160796077,152,,
2018,8,8,1,0,7.4,-123,0,4.7,0,0.0,0,0.0,0,1014.5,314.35802375553413,24.744766320181004,144,,
2018,8,8,2,0,7.3,-107,0,4.5,0,0.0,0,0.0,0,1014.4,331.634858676022,23.072365539949285,133,,
2018,8,8,3,0,7.2,-96,0,4.4,0,0.0,0,0.0,0,1014.5,340.48392939929295,21.960662401743274,122,,
2018,8,8,4,0,7.1,-86,0,4.4,0,0.0,0,0.0,0,1014.7,337.8274354178389,22.5284997713896,111,,
2018,8,8,5,0,7,-76,0,4.3,0,0.0,0,0.0,0,1014.9,333.77039841126566,22.3973123941762,100,,
2018,8,8,6,0,7,-67,5,4.2,13,0.0,3,0.0,0,1015.1,336.4628463368193,23.848947231081592,89,,
2018,8,8,7,0,7,-56,49.7,3.9,70,6.0,0,6.0,0,1015.3,342.2132684714779,22.717740296196705,79,,
2018,8,8,8,0,7,-45,61.4,3.6,116,57.0,0,68.08396245917355,0,1015.4,348.17601218352047,21.65628721666097,70,,
2018,8,8,9,0,7.4,-31,39.5,3.5,188,70.0,72,137.80815577068108,0,1015.3,2.078623017536188,18.95461088269929,63,,
2018,8,8,10,0,8.1,-15,25.3,3.5,228,140.0,143,240.13208553095288,0,1014.9,16.76968572523191,15.387551700836765,59,,
2018,8,8,11,0,8.9,2,50.6,3.4,258,333.0,0,376.3925692354183,0,1014.5,26.10109552365907,14.872414119733486,58,,
2018,8,8,12,0,9.2,18,53,3.5,230,375.0,1,418.6560903812731,0,1014.1,30.17572965052216,14.5094156976606,60,,
2018,8,8,13,0,9.2,34,65.3,3.6,135,419.0,7,421.4055334141128,0,1013.7,31.823621598914087,15.964564515825018,65,,
2018,8,8,14,0,9.2,47,57.7,3.7,113,453.0,0,379.3738165654677,0,1013.3,32.03126567224342,15.75414246245614,72,,
2018,8,8,15,0,9,58,21.9,4,66,343.0,19,251.6036342980397,0,1013.1,27.259408235583063,15.424433357814364,81,,
2018,8,8,16,0,8.6,69,11.2,4.3,5,63.0,3,66.99170990631525,0,1013.2,30.389895418604624,14.953492268722725,91,,
2018,8,8,17,0,8.1,78,9.1,4.6,0,5.0,0,3.4489990345856647,0,1013.2,31.55867637359876,14.7709862820392,102,,
2018,8,8,18,0,7.6,88,60.3,4.6,0,0.0,0,0.0,0,1013.2,30.48982482208885,13.758207754146971,113,,
2018,8,8,19,0,6.8,98,46.4,4.5,0,0.0,0,0.0,0,1013.3,24.36972942269369,13.382010507687246,124,,
2018,8,8,20,0,6.1,110,59.1,4.4,0,0.0,0,0.0,0,1013.3,18.785104906808044,12.80977986001426,135,,
2018,8,8,21,0,6,127,59,4.3,0,0.0,0,0.0,0,1013.1,12.66168568019748,13.02825550509004,145,,
2018,8,8,22,0,6.4,151,51.7,4.4,0,0.0,0,0.0,0,1012.8,6.214443564103021,12.7020825642206,153,,
2018,8,8,23,0,6.9,-177,42.9,4.4,0,0.0,0,0.0,0,1012.4,0.5966880635117491,12.00309229783994,155,,
2018,8,9,0,0,7.2,-146,42.3,4.6,0,0.0,0,0.0,0,1012,353.5313423122358,12.204898136378793,152,,
2018,8,9,1,0,7.3,-123,42.8,4.8,0,0.0,0,0.0,0,1011.6,345.478662840273,12.463082930649453,143,,
2018,8,9,2,0,7.5,-108,41.2,5,0,0.0,0,0.0,0,1011.2,338.8848575145416,12.665049456214804,133,,
2018,8,9,3,0,7.6,-96,39.8,5.3,0,0.0,0,0.0,0,1010.8,336.62887921075355,12.870941867424271,122,,
2018,8,9,4,0,7.8,-86,42.5,5.6,0,0.0,0,0.0,0,1010.5,333.80905322046453,12.842488185130083,111,,
2018,8,9,5,0,7.9,-77,36.5,5.8,0,0.0,0,0.0,0,1010.1,332.47502296840906,13.34720291068927,100,,
2018,8,9,6,0,8.2,-67,42.5,6.2,8,0.0,0,0.0,0,1009.9,333.6302298973812,13.838917297742023,89,,
2018,8,9,7,0,8.6,-57,84.3,6.5,20,3.0,0,5.0,0,1010,332.58968500893707,13.262920425197752,79,,
2018,8,9,8,0,8.9,-45,89.4,6.9,31,10.0,0,37.10551991366744,0,1010.1,326.93498572673263,12.755410191891077,70,,
2018,8,9,9,0,9.4,-31,85.7,7.3,61,4.0,0,48.09096509419993,0,1009.6,321.03972949023165,12.891146944056324,63,,
2018,8,9,10,0,9.8,-15,54.6,7.7,223,3.0,0,63.21536107771923,0,1008.7,314.62227401374435,13.171703733459797,59,,
2018,8,9,11,0,10.3,2,45.7,8.1,269,5.0,9,96.48945746652848,0,1007.7,310.86130114190826,12.837876485134586,57,,
2018,8,9,12,0,10.5,18,31.1,8.2,243,3.0,89,88.63380211975463,0,1006.9,306.8396620644398,12.861427572064304,59,,
2018,8,9,13,0,10.5,34,12.7,8.1,132,2.0,211,64.08406824209153,0,1006.3,303.7681917878042,13.159854571812902,64,,
2018,8,9,14,0,10.5,47,45.5,8,111,4.0,44,76.96148430410064,0,1005.7,302.58943247950185,12.884327708584756,72,,
2018,8,9,15,0,10.4,59,45.3,7.9,61,4.0,1,51.5726996540139,0,1005.3,298.85069347962065,12.179992363658007,81,,
2018,8,9,16,0,10.1,69,4,7.7,6,9.0,1,35.3149965239439,0,1005.3,290.7855977650321,13.2158689245019,91,,
2018,8,9,17,0,9.8,78,0,7.5,0,1.0,0,2.092830718766403,0,1005.2,287.3703648835438,14.452312421896211,102,,
2018,8,9,18,0,9.5,88,0,7.3,0,0.0,0,0.0,0,1005.1,292.8172242517607,14.082734537750031,113,,
2018,8,9,19,0,9.2,98,0,7.2,0,0.0,0,0.0,0,1005,281.496878007916,14.01409503364338,124,,
2018,8,9,20,0,9,110,0,7,0,0.0,0,0.0,0,1004.9,282.8215403495125,15.792701081095904,135,,
2018,8,9,21,0,8.9,127,0,7,0,0.0,0,0.0,0,1004.5,279.82556733153706,15.649966254289335,145,,
2018,8,9,22,0,9.1,151,0,7.2,0,0.0,0,0.0,0,1004,274.4546274146502,15.597165479039736,152,,
2018,8,9,23,0,9.3,-177,0,7.3,0,0.0,0,0.0,0,1003.4,273.9010284894437,16.607815286175118,155,,
2018,8,10,0,0,9.3,-146,0,7.4,0,0.0,0,0.0,0,1002.9,274.8757876639338,16.967160730071203,151,,
2018,8,10,1,0,9.3,-123,0,7.3,0,0.0,0,0.0,0,1002.3,267.1349845971322,16.592516946687677,143,,
2018,8,10,2,0,9.3,-108,0,7.2,0,0.0,0,0.0,0,1001.8,265.08240704410395,17.219145020870997,133,,
2018,8,10,3,0,9.2,-96,0,7.2,0,0.0,0,0.0,0,1001.2,263.3762134399809,18.214846485652306,122,,
2018,8,10,4,0,9.2,-86,22,7.1,0,0.0,0,0.0,0,1000.7,262.93789660988256,18.94622628436688,111,,
2018,8,10,5,0,9.2,-77,37.3,7,0,0.0,0,0.0,0,1000.2,264.06131132648306,19.679591429666328,99,,
2018,8,10,6,0,9.2,-67,25.3,7,11,0.0,0,0.0,0,999.8,266.6115127704488,21.07003935770171,89,,
2018,8,10,7,0,9.4,-57,73.9,7.3,31,7.0,0,8.0,0,999.6,266.6402765818078,21.94592221296816,79,,
2018,8,10,8,0,9.6,-45,79.8,7.6,56,29.0,0,64.31906592797954,0,999.4,270.11815783406047,23.203662622048164,70,,
2018,8,10,9,0,9.7,-31,80.1,7.6,78,101.0,0,172.96386570430369,0,998.8,276.7263980069438,24.77084471873692,63,,
2018,8,10,10,0,9.8,-15,78.5,7.6,101,347.0,0,337.0499009118598,0,997.9,280.7204280532705,25.12056983967324,58,,
2018,8,10,11,0,9.9,2,94.6,7.5,27,532.0,0,467.15551150465086,0,997,285.00428033581204,23.28609215606257,57,,
2018,8,10,12,0,9.9,18,92.2,7.5,37,297.0,0,405.0045984104613,0,996.2,288.9925495638359,20.12642619161837,59,,
2018,8,10,13,0,9.9,34,81.6,7.6,71,53.0,0,225.9459854483956,0,995.5,299.6587362502099,17.20020921546644,64,,
2018,8,10,14,0,9.9,47,62.8,7.7,62,11.0,23,109.43730922554026,0,994.8,8.275103934102447,12.442288004291893,71,,
2018,8,10,15,0,9.9,59,41.2,7.7,64,7.0,4,63.77804040530106,0,994.4,8.160113219798404,11.008183255798162,80,,
2018,8,10,16,0,9.8,69,2.7,7.8,6,4.0,1,24.042517727921823,0,994.3,15.881154417403764,10.049594920331074,91,,
2018,8,10,17,0,9.7,79,0,7.9,0,0.0,0,1.0,0,994.2,25.973640808623827,8.134348966957667,101,,
2018,8,10,18,0,9.5,88,0,7.9,0,0.0,0,0.0,0,994.2,41.97779757590132,3.644355279041224,113,,
2018,8,10,19,0,9.2,98,0,7.8,0,0.0,0,0.0,0,994.2,176.25308830327322,0.3324978411037944,124,,
2018,8,10,20,0,8.9,111,5.3,7.7,0,0.0,0,0.0,0,994.3,199.40202834662475,1.93948745313,135,,
2018,8,10,21,0,8.8,127,0,7.7,0,0.0,0,0.0,0,994.3,217.72859304966903,4.525557065890336,145,,
2018,8,10,22,0,8.8,151,18.1,7.6,0,0.0,0,0.0,0,994.3,209.9591654928215,4.250853915540808,152,,
2018,8,10,23,0,8.8,-177,39.5,7.6,0,0.0,0,0.0,0,994.2,232.09263553097185,3.8267015340772224,155,,
2018,8,11,0,0,8.8,-146,37.9,7.5,0,0.0,0,0.0,0,994.3,241.3950456028491,3.65011740979042,151,,
2018,8,11,1,0,8.6,-124,38.8,7.4,0,0.0,0,0.0,0,994.5,271.9724169533994,3.064315569132292,143,,
2018,8,11,2,0,8.5,-108,42.9,7.2,0,0.0,0,0.0,0,994.7,277.0756667570303,3.9025230175612697,133,,
2018,8,11,3,0,8.4,-96,41.8,7.1,0,0.0,0,0.0,0,995,303.75634683105056,5.736397456736287,122,,
2018,8,11,4,0,8.4,-86,23,7,0,0.0,0,0.0,0,995.4,308.7990396301208,5.585783079987309,110,,
2018,8,11,5,0,8.3,-77,0,6.9,0,0.0,0,0.0,0,995.8,312.5103131113862,6.414209854347662,99,,
2018,8,11,6,0,8.6,-67,0,6.8,14,0.0,4,0.0,0,996.1,311.5078135871588,8.204795569204133,88,,
2018,8,11,7,0,9.3,-57,31.1,6.8,75,1.0,17,4.0,0,996.3,319.6030741398501,9.740324256716333,78,,
2018,8,11,8,0,9.9,-45,37.5,6.9,158,3.0,17,23.35529074804837,0,996.5,342.28420729362307,9.448048740348453,70,,
2018,8,11,9,0,10.2,-31,40.4,7.2,242,5.0,5,59.40536137760667,0,996.4,348.28256529679663,8.617070630440486,63,,
2018,8,11,10,0,10.1,-15,41.2,7.7,264,10.0,26,110.13677589367498,0,996.1,11.659367989343709,8.659387457159601,58,,
2018,8,11,11,0,10.1,2,33.6,8.2,320,14.0,18,151.09115522480593,0,995.8,23.2557149010147,8.23127610094571,57,,
2018,8,11,12,0,10,19,31.5,8.4,256,17.0,70,169.403093853249,0,995.4,27.71259047257672,8.379401864997282,59,,
2018,8,11,13,0,10.1,34,44.3,8.3,170,10.0,43,128.50308566202762,0,995,14.72746437758542,8.358850141786512,64,,
2018,8,11,14,0,10.1,47,9.6,8.1,115,8.0,126,98.9861114901034,0,994.7,7.698805047208509,9.797297272411107,71,,
2018,8,11,15,0,10.1,59,39.8,8,66,6.0,1,62.40346504510804,0,994.5,5.6105836322872165,9.58915108473066,80,,
2018,8,11,16,0,10.1,69,54.3,7.8,5,6.0,0,30.584349647433427,0,994.4,8.570109981050962,8.807571605577536,90,,
2018,8,11,17,0,10.1,79,54.6,7.7,0,1.0,0,2.098957780374852,0,994.3,30.43262517324922,8.143727423430947,101,,
2018,8,11,18,0,10.1,88,57.4,7.5,0,0.0,0,0.0,0,994.4,49.43033460071672,8.778402667816227,113,,
2018,8,11,19,0,10,99,66,7.4,0,0.0,0,0.0,0,994.5,49.54031294639629,9.857231475400136,124,,
2018,8,11,20,0,10,111,64.9,7.2,0,0.0,0,0.0,0,994.6,52.314507898274826,10.29435350053738,135,,
2018,8,11,21,0,10.1,128,62.2,7.1,0,0.0,0,0.0,0,994.3,53.8967119793956,11.528717471063098,145,,
2018,8,11,22,0,10.1,152,55.5,7.1,0,0.0,0,0.0,0,993.8,53.29798035505206,12.448588592026056,152,,
2018,8,11,23,0,10.2,-177,57.9,7,0,0.0,0,0.0,0,993.3,42.14881170367107,11.58129836492841,154,,
2018,8,12,0,0,10.2,-146,52.7,6.9,0,0.0,0,0.0,0,992.8,40.72048162063015,12.233426662633892,151,,
2018,8,12,1,0,10,-124,59.5,6.8,0,0.0,0,0.0,0,992.4,33.749508186043954,11.55262640469708,143,,
2018,8,12,2,0,9.9,-108,59.9,6.6,0,0.0,0,0.0,0,991.9,21.540293536400213,12.544312786749886,133,,
2018,8,12,3,0,9.7,-97,58.7,6.6,0,0.0,0,0.0,0,991.7,19.98460660252545,11.950306883067688,122,,
2018,8,12,4,0,9.5,-87,56.4,6.7,0,0.0,0,0.0,0,991.8,18.808136420697963,12.01922617944483,110,,
2018,8,12,5,0,9.3,-77,58.1,6.7,0,0.0,0,0.0,0,991.8,15.51173132193901,11.612934221560996,99,,
2018,8,12,6,0,9.6,-68,52.5,7.1,13,0.0,0,0.0,0,992,8.262497012807842,12.043220732679256,88,,
2018,8,12,7,0,10.4,-57,9.8,7.7,66,37.0,72,14.000000000000002,0,992.5,3.657306232778524,12.737366354244005,78,,
2018,8,12,8,0,11.1,-45,0.8,8.3,85,110.0,212,95.47383914634013,0,993,359.22711242534683,13.900190434763688,69,,
2018,8,12,9,0,11.5,-31,0,8.6,83,158.0,345,197.08472510462263,0,993.2,356.0670917631515,14.579744737598826,62,,
2018,8,12,10,0,11.4,-15,3.6,8.6,115,74.0,373,212.93600099724776,0,993.3,350.52708035890305,15.19004926753891,58,,
2018,8,12,11,0,11.3,2,4.8,8.6,134,46.0,370,216.5017010563795,0,993.4,345.07855977694834,16.346874299484178,57,,
2018,8,12,12,0,11.1,19,12.7,8.6,188,41.0,246,219.85574776467968,0,993.5,340.30594825707107,17.683300997579867,59,,
2018,8,12,13,0,10.8,34,57.7,8.7,162,14.0,13,143.763082418382,0,993.8,344.82758403034507,20.61987820522273,64,,
2018,8,12,14,0,10.6,48,22,8.7,99,10.0,126,104.0225870888465,0,994,356.45958755894026,21.25418685870872,71,,
2018,8,12,15,0,10.2,59,15.4,8.6,70,37.0,35,118.95973847977052,0,994.5,1.2474829616603529,21.093622563295064,80,,
2018,8,12,16,0,9.8,70,4.1,8.2,6,53.0,5,70.17787786524178,0,995.4,11.417624667706548,19.79306547759749,90,,
2018,8,12,17,0,9.3,79,23.3,7.8,0,5.0,0,4.51025993167958,0,996.2,20.305766102130008,19.997396576832504,101,,
2018,8,12,18,0,9,89,15.1,7.4,0,0.0,0,0.0,0,996.9,22.18380445693328,19.26464296268253,112,,
2018,8,12,19,0,8.7,99,37.3,7.1,0,0.0,0,0.0,0,997.4,18.221192551335207,17.527833393178803,124,,
2018,8,12,20,0,8.5,111,28.2,6.7,0,0.0,0,0.0,0,997.9,22.18444521330588,18.927248017877574,135,,
2018,8,12,21,0,8.3,128,43,6.6,0,0.0,0,0.0,0,998.3,31.615545326562653,17.888007669688825,144,,
2018,8,12,22,0,8.3,152,23.3,6.7,0,0.0,0,0.0,0,998.6,32.6594584059431,17.648510174983706,152,,
2018,8,12,23,0,8.4,-177,0,6.8,0,0.0,0,0.0,0,999,32.01388614575319,16.391796010227388,154,,
2018,8,13,0,0,8.2,-146,0,6.6,0,0.0,0,0.0,0,999.4,29.952858009440945,15.608675014086304,150,,
2018,8,13,1,0,7.8,-124,0,5.9,0,0.0,0,0.0,0,1000.1,24.67726805030929,16.121213433256084,142,,
2018,8,13,2,0,7.5,-109,0,5.2,0,0.0,0,0.0,0,1000.7,28.44369326748369,16.755823279627723,132,,
2018,8,13,3,0,7.3,-97,0,4.6,0,0.0,0,0.0,0,1001.5,30.15144079446935,17.424684351055685,121,,
2018,8,13,4,0,7.1,-87,0,4.2,0,0.0,0,0.0,0,1002.4,33.2105271151558,15.865306306981408,110,,
2018,8,13,5,0,6.9,-77,0,3.8,0,0.0,0,0.0,0,1003.3,23.085327346391352,13.070593566973477,99,,
2018,8,13,6,0,7.3,-68,0,3.7,14,0.0,11,0.0,0,1004.1,20.435447192085974,14.919664696570385,88,,
2018,8,13,7,0,8,-57,2.2,3.9,58,31.0,100,13.000000000000002,0,1004.7,17.91927411015871,16.11830956440463,78,,
2018,8,13,8,0,8.8,-45,8.3,4,114,120.0,172,97.1951724845216,0,1005.3,17.593814427286304,16.613552865347042,69,,
2018,8,13,9,0,9.3,-31,42.6,4.1,243,319.0,14,240.4112373547597,0,1005.7,13.749473741960117,17.355488794535436,62,,
2018,8,13,10,0,9.5,-15,9.4,3.9,138,242.0,334,308.2433355307161,0,1005.8,14.38257474736207,16.780562477306496,58,,
2018,8,13,11,0,9.6,2,45.6,3.8,215,143.0,80,311.69598242315203,0,1006,11.586669806550333,16.911766565974006,56,,
2018,8,13,12,0,9.6,19,53,3.8,191,51.0,46,240.65369784816625,0,1006.1,7.987776608433933,17.40199300667272,58,,
2018,8,13,13,0,9.6,34,32,3.9,194,28.0,84,187.6447412058296,0,1006.3,6.0570750587220346,18.567524549440545,63,,
2018,8,13,14,0,9.5,48,34,4,111,26.0,75,152.16337102909984,0,1006.5,4.943145929225466,18.38552009366116,71,,
2018,8,13,15,0,9.4,60,28.5,4.1,70,12.0,17,80.8969694184606,0,1006.8,1.796216335039901,18.638797171574403,80,,
2018,8,13,16,0,9.1,70,0.1,4.2,7,7.0,4,31.89680688706833,0,1007.4,1.7284641225438122,19.36916455560398,90,,
2018,8,13,17,0,8.9,79,0,4.3,0,2.0,0,3.210330879989552,0,1008,358.38074963712666,19.13728061963896,101,,
2018,8,13,18,0,8.6,89,0,4.5,0,0.0,0,0.0,0,1008.3,359.9415349391561,18.901377027859365,112,,
2018,8,13,19,0,8.4,99,15.9,4.9,0,0.0,0,0.0,0,1008.6,1.882872671388384,19.683479021074533,124,,
2018,8,13,20,0,8.3,112,39.5,5.2,0,0.0,0,0.0,0,1008.8,0.2437592446993335,19.79803073372774,134,,
2018,8,13,21,0,8.4,128,39.5,5.5,0,0.0,0,0.0,0,1009,0.8457444760607018,19.864712928932008,144,,
2018,8,13,22,0,8.7,152,21.4,5.8,0,0.0,0,0.0,0,1009,1.767220665241723,19.64117792757822,151,,
2018,8,13,23,0,9.1,-177,0,6.1,0,0.0,0,0.0,0,1009,2.088900584653061,19.45751010540637,154,,
2018,8,14,0,0,9.4,-146,0,6.4,0,0.0,0,0.0,0,1009.1,2.305011549175049,18.16826474053835,150,,
2018,8,14,1,0,9.5,-124,0,6.7,0,0.0,0,0.0,0,1009.2,3.407659071407295,18.60222669887192,142,,
2018,8,14,2,0,9.7,-109,0,7,0,0.0,0,0.0,0,1009.3,2.6604759999677867,17.504218791886178,132,,
2018,8,14,3,0,9.8,-97,0,7.2,0,0.0,0,0.0,0,1009.4,1.627114383890671,16.929677784577642,121,,
2018,8,14,4,0,9.9,-87,0,7.4,0,0.0,0,0.0,0,1009.7,1.4298642546363567,16.759857369529556,110,,
2018,8,14,5,0,10.1,-78,0,7.6,0,0.0,0,0.0,0,1009.9,356.6476291973365,16.032073018398986,99,,
2018,8,14,6,0,10.4,-68,6.4,7.9,17,0.0,5,0.0,0,1010.3,349.5897828245779,15.910829742884903,88,,
2018,8,14,7,0,10.9,-57,31.9,8.3,83,13.0,29,11.0,0,1010.9,343.2103537458821,16.30287375458534,78,,
2018,8,14,8,0,11.4,-45,13.4,8.7,135,47.0,141,76.14945486383621,0,1011.5,338.0084991360138,16.13808362992816,69,,
2018,8,14,9,0,11.7,-31,23,8.8,224,88.0,116,167.8810208168113,0,1011.8,336.5174475637812,16.474767814195456,62,,
2018,8,14,10,0,11.8,-15,48.7,8.6,204,139.0,64,255.35199648479565,0,1011.8,335.4414203151166,16.795765743444527,57,,
2018,8,14,11,0,11.9,2,59.6,8.3,218,191.0,0,332.2930379842993,0,1011.9,334.01915907209803,16.554860496247173,56,,
2018,8,14,12,0,11.8,19,36.6,8.3,250,160.0,70,331.60177787953194,0,1012,321.45030100353927,15.614278496643792,58,,
2018,8,14,13,0,11.5,35,17.2,8.3,191,145.0,158,305.6366536422738,0,1012.2,321.94421828978795,17.20866634640894,63,,
2018,8,14,14,0,11.3,48,22.8,8.4,98,57.0,123,191.0891897608404,0,1012.4,320.45306938701515,17.706530569164926,71,,
2018,8,14,15,0,11,60,33.6,8.4,70,133.0,17,184.7782775355888,0,1012.9,317.34606824612536,18.39138758171349,80,,
2018,8,14,16,0,10.7,70,0.6,8.5,8,149.0,5,106.89397327651614,0,1013.7,315.622352126194,17.848421165153603,90,,
2018,8,14,17,0,10.4,80,0,8.5,0,23.0,0,8.490837865969876,0,1014.4,311.4338457423829,17.51564701191236,101,,
2018,8,14,18,0,9.9,89,0,8.2,0,0.0,0,0.0,0,1015.2,308.13558634473003,16.881999792814394,112,,
2018,8,14,19,0,9.2,100,0.2,7.6,0,0.0,0,0.0,0,1015.9,301.30304079393323,18.34845121178987,123,,
2018,8,14,20,0,8.6,112,40.4,7,0,0.0,0,0.0,0,1016.7,301.92005231107333,19.8439276319348,134,,
2018,8,14,21,0,8.3,129,16.1,6.7,0,0.0,0,0.0,0,1017.2,303.67008344863217,21.74327395565789,144,,
2018,8,14,22,0,8.5,153,6.6,6.7,0,0.0,0,0.0,0,1017.7,302.7714845402776,22.46154105130203,151,,
2018,8,14,23,0,8.7,-177,0,6.7,0,0.0,0,0.0,0,1018.1,302.6082895966871,22.7173021122758,154,,
2018,8,15,0,0,8.6,-147,0,6.5,0,0.0,0,0.0,0,1018.4,305.9780149019941,23.00298217560155,150,,
2018,8,15,1,0,8.4,-125,0,6,0,0.0,0,0.0,0,1018.7,310.9266704818511,25.46492693004315,142,,
2018,8,15,2,0,8.1,-109,0,5.6,0,0.0,0,0.0,0,1018.9,312.1434948376036,26.538603237693724,132,,
2018,8,15,3,0,7.9,-97,0,5.3,0,0.0,0,0.0,0,1019.3,330.80159554547,28.15571187274611,121,,
2018,8,15,4,0,7.5,-87,0,5.1,0,0.0,0,0.0,0,1019.9,345.79972066956094,22.254215121155468,110,,
2018,8,15,5,0,7.2,-78,0,5,0,0.0,0,0.0,0,1020.4,349.50835964677464,24.9500873725638,98,,
2018,8,15,6,0,7.4,-68,0,5,14,0.0,18,0.0,0,1020.9,344.5329141525432,26.10357510737968,88,,
2018,8,15,7,0,8,-58,0,5.1,45,39.0,134,15.000000000000002,0,1021.3,340.4232603102595,26.74500838281376,77,,
2018,8,15,8,0,8.6,-45,0.6,5.2,64,84.0,269,88.35064532944385,0,1021.6,340.8837933604464,27.687173064305856,69,,
2018,8,15,9,0,9.1,-31,31.6,5.3,266,78.0,50,157.28929840972307,0,1021.6,342.44325668209416,28.46484621774833,61,,
2018,8,15,10,0,9.5,-15,6.6,5.4,135,60.0,369,199.89306069058568,0,1021.3,347.6593581461448,28.56829591643513,57,,
2018,8,15,11,0,9.8,2,4.7,5.4,124,55.0,411,228.8426336189667,0,1020.9,352.11431633150045,27.64791955217508,56,,
2018,8,15,12,0,10,19,0,5.4,78,57.0,445,243.53143632510995,0,1020.5,355.0555688271458,26.3573594478788,58,,
2018,8,15,13,0,10,35,0.1,5.5,73,70.0,361,245.7121102776191,0,1020.1,357.54467228965115,24.801333887669628,63,,
2018,8,15,14,0,10.1,48,34.1,5.5,161,132.0,42,255.9029910669049,0,1019.7,357.0814153363971,23.749066772446497,70,,
2018,8,15,15,0,9.9,60,39,5.6,86,158.0,0,199.6764527387485,0,1019.5,354.5804330268068,23.82255681375908,79,,
2018,8,15,16,0,9.5,70,4.4,5.8,11,69.0,2,80.17905036735768,0,1019.5,353.5428327023957,22.42325437602712,90,,
2018,8,15,17,0,9,80,0,5.9,0,6.0,0,4.668680402097996,0,1019.5,357.61279144399805,23.486447070924925,101,,
2018,8,15,18,0,8.7,90,0,6.1,0,0.0,0,0.0,0,1019.3,355.3071692721383,22.91789367179738,112,,
2018,8,15,19,0,8.4,100,19.7,6.2,0,0.0,0,0.0,0,1018.9,351.44301938349383,23.66701673880646,123,,
2018,8,15,20,0,8.2,112,43,6.3,0,0.0,0,0.0,0,1018.4,358.6353676296299,23.61949190890968,134,,
2018,8,15,21,0,8.2,129,43,6.6,0,0.0,0,0.0,0,1017.9,6.672834147557296,22.239520917681286,144,,
2018,8,15,22,0,8.6,153,50.3,7,0,0.0,0,0.0,0,1017.2,10.71695713235897,19.9584711271824,151,,
2018,8,15,23,0,9,-176,59,7.5,0,0.0,0,0.0,0,1016.5,13.472522985300714,18.96399440886736,153,,
2018,8,16,0,0,9.2,-147,59,7.9,0,0.0,0,0.0,0,1015.8,15.64688525117714,18.003599821840393,150,,
2018,8,16,1,0,9.2,-125,65,8.1,0,0.0,0,0.0,0,1015.1,18.458322729858537,18.16781165695432,142,,
2018,8,16,2,0,9.3,-109,73.3,8.3,0,0.0,0,0.0,0,1014.4,21.701551796912213,17.24629938298948,132,,
2018,8,16,3,0,9.4,-98,73.2,8.4,0,0.0,0,0.0,0,1013.7,24.47509898699502,16.095219467260094,121,,
2018,8,16,4,0,9.6,-88,73.3,8.5,0,0.0,0,0.0,0,1013.1,22.190607669451424,15.504059663697396,109,,
2018,8,16,5,0,9.8,-78,73.1,8.5,0,0.0,0,0.0,0,1012.5,22.743730433110272,15.792949315129205,98,,
2018,8,16,6,0,10.1,-68,51.8,8.7,15,0.0,0,0.0,0,1012,26.78932160234621,16.736245395412748,87,,
2018,8,16,7,0,10.6,-58,25.4,9,95,104.0,33,18.000000000000007,0,1011.5,27.313050163710955,16.392495784055033,77,,
2018,8,16,8,0,11.2,-46,43,9.3,156,263.0,29,124.68492198238798,0,1011,28.54524891291112,16.178026595764166,68,,
2018,8,16,9,0,11.4,-32,44,9.5,184,368.0,64,257.5493159774806,0,1010.1,28.832546285601723,16.030463190085673,61,,
2018,8,16,10,0,11.3,-15,50.2,9.5,243,454.0,17,374.0192517889056,0,1008.8,26.29590644667797,15.991228778392362,57,,
2018,8,16,11,0,11.3,2,77.7,9.6,122,431.0,0,434.0043604417922,0,1007.6,24.263812534375347,15.314239724259275,55,,
2018,8,16,12,0,11.2,19,79.8,9.6,101,392.0,0,445.4912110661659,0,1006.4,23.282227548410503,15.131062902280988,57,,
2018,8,16,13,0,11,35,94.2,9.7,24,382.0,0,425.371220672807,0,1005.3,20.987206984961688,14.953430055079636,63,,
2018,8,16,14,0,10.9,49,79.1,9.8,59,306.0,0,339.66763136118107,0,1004.2,22.15330653597772,14.534379857894358,70,,
2018,8,16,15,0,10.8,60,60.1,9.9,44,214.0,0,220.77310378052104,0,1003.2,22.565524691861924,13.900641017393642,79,,
2018,8,16,16,0,10.8,71,59.3,10,3,87.0,0,86.48829090646717,0,1002.3,19.43396132776201,12.903374825052596,90,,
2018,8,16,17,0,10.7,80,41.9,10.1,0,13.0,0,7.489968114771967,0,1001.4,17.295654332338586,12.266055710634928,101,,
2018,8,16,18,0,10.5,90,42.5,9.7,0,0.0,0,0.0,0,1000.6,13.914767074993163,11.785801231024353,112,,
2018,8,16,19,0,10,100,22.9,8.8,0,0.0,0,0.0,0,1000,7.869708420759423,11.570395884706,123,,
2018,8,16,20,0,9.5,113,0,7.9,0,0.0,0,0.0,0,999.4,3.1665752623434287,11.707817382180195,134,,
2018,8,16,21,0,8.8,129,0,7.1,0,0.0,0,0.0,0,999.1,0.0,11.355712890625,144,,
2018,8,16,22,0,7.9,153,0,6.4,0,0.0,0,0.0,0,999.1,358.6731120569051,10.79610784043739,151,,
2018,8,16,23,0,7.1,-176,0,5.8,0,0.0,0,0.0,0,999,353.6851337135544,10.796219495315272,153,,
2018,8,17,0,0,6.4,-147,0,5,0,0.0,0,0.0,0,999.3,349.85324399997126,10.288353886167942,149,,
2018,8,17,1,0,5.7,-125,0,4.1,0,0.0,0,0.0,0,999.7,344.32183519218654,10.950633381897566,141,,
2018,8,17,2,0,5.1,-110,0,3.2,0,0.0,0,0.0,0,1000.2,342.153000683764,10.879240289076424,131,,
2018,8,17,3,0,4.8,-98,0,2.7,0,0.0,0,0.0,0,1000.7,338.36357999426394,10.73723367942517,120,,
2018,8,17,4,0,4.8,-88,0,2.6,0,0.0,0,0.0,0,1001.2,332.81432550524664,11.128257330857798,109,,
2018,8,17,5,0,4.8,-78,0,2.4,0,0.0,0,0.0,0,1001.8,336.1437547008993,11.64373022304049,98,,
2018,8,17,6,0,5.1,-68,16.6,2.4,16,0.0,2,0.0,0,1002.3,338.1471693944952,11.92159110914922,87,,
2018,8,17,7,0,5.7,-58,12.1,2.7,90,88.0,46,18.000000000000007,0,1002.9,333.19972438739626,11.27618841232888,77,,
2018,8,17,8,0,6.3,-46,4.5,2.9,133,231.0,164,119.24473176497791,0,1003.5,329.0029306320437,11.450086549677506,68,,
2018,8,17,9,0,6.6,-32,21.9,2.6,204,305.0,152,238.8569672592992,0,1003.9,325.79617262462284,12.19576911389136,61,,
2018,8,17,10,0,6.7,-15,11,1.9,162,248.0,317,315.3270515467018,0,1004,318.2973254407459,13.593395230717272,56,,
2018,8,17,11,0,6.7,2,29.6,1.2,114,195.0,283,345.063613521128,0,1004.1,313.02096903712675,14.477048010386628,55,,
2018,8,17,12,0,6.7,19,31.2,0.8,162,259.0,199,398.16205936732285,0,1004.2,313.3908229563602,15.196704575188802,57,,
2018,8,17,13,0,6.8,35,20.9,0.7,154,293.0,197,398.7735800032958,0,1004.2,311.31145505692893,16.699075700470658,62,,
2018,8,17,14,0,6.9,49,36.9,0.7,100,205.0,107,303.14328995188964,0,1004.3,312.0089413424508,16.93908685380367,70,,
2018,8,17,15,0,6.8,61,17.4,0.6,56,109.0,58,179.1446663585113,0,1004.7,311.33001244533034,17.260766705140828,79,,
2018,8,17,16,0,6.5,71,2,0.5,10,42.0,5,68.97030169593351,0,1005.3,307.33050260472226,17.219550558958336,89,,
2018,8,17,17,0,6.3,81,0,0.5,0,4.0,0,4.471180347665661,0,1005.8,300.2136586755924,16.570335422339944,100,,
2018,8,17,18,0,5.9,90,0,0.5,0,0.0,0,0.0,0,1006.4,311.65605013165816,18.216400467731454,112,,
2018,8,17,19,0,5.5,101,0,0.5,0,0.0,0,0.0,0,1006.8,311.5709023285083,18.47171007114042,123,,
2018,8,17,20,0,5.1,113,0,0.5,0,0.0,0,0.0,0,1007.3,313.02011213935714,18.30334419697593,134,,
2018,8,17,21,0,5,130,0,0.5,0,0.0,0,0.0,0,1007.6,320.759198212762,17.191474290334785,143,,
2018,8,17,22,0,5.2,153,0,0.6,0,0.0,0,0.0,0,1007.9,355.8033894382098,12.220509673141024,150,,
2018,8,17,23,0,5.5,-176,0,0.6,0,0.0,0,0.0,0,1008.1,353.49620995490346,8.82854581184403,153,,
2018,8,18,0,0,5.6,-147,0,0.6,0,0.0,0,0.0,0,1008.3,339.7585475257067,10.658220125799616,149,,
2018,8,18,1,0,5.5,-125,0,0.5,0,0.0,0,0.0,0,1008.5,352.3614510748887,14.105883805351866,141,,
2018,8,18,2,0,5.4,-110,0,0.4,0,0.0,0,0.0,0,1008.6,359.7674534829804,15.399052615873677,131,,
2018,8,18,3,0,5.4,-98,0,0.3,0,0.0,0,0.0,0,1009,4.7103735487269205,15.221821320356284,120,,
2018,8,18,4,0,5.5,-88,0,0.3,0,0.0,0,0.0,0,1009.5,5.712778286083278,15.287352026225584,109,,
2018,8,18,5,0,5.5,-78,0,0.4,0,0.0,0,0.0,0,1010,6.424037333693946,13.965127505107212,98,,
2018,8,18,6,0,6,-69,0.3,0.8,20,0.0,16,0.0,0,1010.5,2.1812360596965163,13.136959993641108,87,,
2018,8,18,7,0,6.8,-58,0.1,1.6,58,17.0,125,13.000000000000002,0,1011.1,354.91169703712023,13.389190000473878,77,,
2018,8,18,8,0,7.6,-46,0.2,2.5,78,51.0,262,81.56918453188462,0,1011.7,345.7998057720311,14.443778000362498,68,,
2018,8,18,9,0,8.2,-32,28.5,2.8,223,62.0,108,153.36833560644482,0,1011.9,338.2523897178958,13.32591317753316,61,,
2018,8,18,10,0,8.4,-15,29.9,2.6,220,44.0,166,195.6044766442844,0,1011.9,343.26074979502823,15.774135326652154,56,,
2018,8,18,11,0,8.7,2,33,2.3,294,35.0,88,213.84227253207044,0,1011.8,350.4904943371386,15.888750091341455,55,,
2018,8,18,12,0,8.9,20,40.2,2.3,240,22.0,77,191.85582605514537,0,1011.7,1.981870527236481,15.636795026606,57,,
2018,8,18,13,0,9,35,9.3,2.6,147,22.0,255,179.7691070829899,0,1011.7,357.906463336107,14.803093643751188,62,,
2018,8,18,14,0,9.1,49,9.8,2.8,95,21.0,191,148.0628114359148,0,1011.7,3.1267973267655407,14.148260228159192,70,,
2018,8,18,15,0,9,61,28.6,3,73,8.0,34,73.41766105591965,0,1011.9,9.60443946547781,14.983954184055804,79,,
2018,8,18,16,0,8.7,71,2.9,3.1,12,4.0,5,27.15421593006285,0,1012.4,20.93971632499779,14.346405957314827,89,,
2018,8,18,17,0,8.5,81,0,3.2,0,3.0,0,5.362977177254268,0,1012.8,27.393128046723746,16.07658390151631,100,,
2018,8,18,18,0,7.9,90,0,3.2,0,0.0,0,0.0,0,1013.2,37.86463654652346,15.888283139697783,111,,
2018,8,18,19,0,7,101,0,3.1,0,0.0,0,0.0,0,1013.7,40.95245379090704,16.08588622660754,123,,
2018,8,18,20,0,6.1,114,0,3,0,0.0,0,0.0,0,1014.1,42.73339370898577,16.7659893671777,134,,
2018,8,18,21,0,5.8,130,0,3.1,0,0.0,0,0.0,0,1014.3,51.49761709578331,16.402653545189473,143,,
2018,8,18,22,0,6.1,154,0,3.4,0,0.0,0,0.0,0,1014.4,59.60906271179073,16.065396904861203,150,,
2018,8,18,23,0,6.3,-176,0,3.7,0,0.0,0,0.0,0,1014.5,58.84147086895308,16.87395047703482,152,,
2018,8,19,0,0,6.4,-147,0,3.8,0,0.0,0,0.0,0,1014.5,64.0243120058094,19.934159396617705,149,,
2018,8,19,1,0,6.3,-126,0,3.8,0,0.0,0,0.0,0,1014.7,64.76312728668785,21.700930541441306,141,,
2018,8,19,2,0,6.1,-110,0,3.8,0,0.0,0,0.0,0,1014.8,63.3894058526875,23.076272491093665,131,,
2018,8,19,3,0,6,-98,0,3.7,0,0.0,0,0.0,0,1015,61.87436195518774,23.25259502346768,120,,
2018,8,19,4,0,5.8,-88,0,3.6,0,0.0,0,0.0,0,1015.2,63.41536665985672,23.0011486357512,109,,
2018,8,19,5,0,5.6,-79,0,3.5,0,0.0,0,0.0,0,1015.5,66.73636126285118,24.11410854001267,97,,
2018,8,19,6,0,6,-69,7.2,3.6,26,0.0,10,0.0,0,1015.8,70.84671741817436,25.790185018133137,87,,
2018,8,19,7,0,7.1,-58,38.2,3.9,118,121.0,5,22.000000000000007,0,1016.2,73.02410249922656,25.12069023352776,76,,
2018,8,19,8,0,8.3,-46,17.2,4.2,138,262.0,166,137.0809712407857,0,1016.5,75.45194895224381,24.307942251295746,67,,
2018,8,19,9,0,9.1,-32,26.7,4.2,218,391.0,132,279.9921086905196,0,1016.6,74.45425239280428,23.94786768188268,60,,
2018,8,19,10,0,9.6,-15,39.8,4,326,485.0,13,402.4090005004661,0,1016.3,72.57772377727292,23.52350023908049,56,,
2018,8,19,11,0,10.1,2,32,3.7,320,522.0,77,487.4896477576849,0,1016.1,71.91138245651359,21.879176652541965,54,,
2018,8,19,12,0,10.4,20,34.8,3.6,293,528.0,66,520.9756046203806,0,1015.9,70.64479940320314,20.49707497977403,57,,
2018,8,19,13,0,10.4,36,44.7,3.7,240,477.0,9,484.96641661532266,0,1015.7,67.56697215460667,19.275812371522257,62,,
2018,8,19,14,0,10.4,49,33.5,3.8,195,385.0,18,389.4238742238685,0,1015.6,67.95395787776192,19.15521996204031,69,,
2018,8,19,15,0,10.1,61,15.2,3.9,72,233.0,56,241.44288521660968,0,1015.5,67.49000742128601,19.10681848432105,79,,
2018,8,19,16,0,9.4,71,3.8,4.2,13,174.0,4,124.8278185251686,0,1015.6,69.25616203875586,18.47371274169885,89,,
2018,8,19,17,0,8.8,81,0,4.4,0,31.0,0,12.85032599471085,0,1015.7,71.32313468887446,17.114899535072333,100,,
2018,8,19,18,0,7.7,91,0,4.2,0,0.0,0,0.0,0,1015.9,70.43219309419993,16.299261172640342,111,,
2018,8,19,19,0,6.3,101,0,3.7,0,0.0,0,0.0,0,1016.2,64.23981391407233,15.918378490955025,123,,
2018,8,19,20,0,5,114,0,3.1,0,0.0,0,0.0,0,1016.5,64.03492394645639,15.087625880217988,133,,
2018,8,19,21,0,4.5,131,0,2.9,0,0.0,0,0.0,0,1016.5,67.10684928733633,13.662602830309655,143,,
2018,8,19,22,0,4.8,154,0,3,0,0.0,0,0.0,0,1016.3,67.41915404197118,12.051046965156573,150,,
2018,8,19,23,0,5.2,-176,0,3,0,0.0,0,0.0,0,1016.1,62.36587469446096,11.054192440958143,152,,
2018,8,20,0,0,5.6,-148,0,3.3,0,0.0,0,0.0,0,1015.9,54.07309652901591,10.36932429792098,148,,
2018,8,20,1,0,5.9,-126,0,3.6,0,0.0,0,0.0,0,1015.6,47.667863218712,9.498404271600592,141,,
2018,8,20,2,0,6.2,-111,0,4,0,0.0,0,0.0,0,1015.3,39.68783555437994,9.233772948853536,131,,
2018,8,20,3,0,6.5,-99,0,4.2,0,0.0,0,0.0,0,1015.1,29.39820010101812,8.873339652173376,120,,
2018,8,20,4,0,6.7,-88,0,4.4,0,0.0,0,0.0,0,1014.9,22.774969548886418,8.879840229418544,108,,
2018,8,20,5,0,6.9,-79,0,4.6,0,0.0,0,0.0,0,1014.7,16.220599465606426,9.027570516130776,97,,
2018,8,20,6,0,7.4,-69,20.8,4.9,22,0.0,2,0.0,0,1014.7,3.2792813294501,9.1206473394442,86,,
2018,8,20,7,0,8.3,-58,64.9,5.4,64,1.0,0,4.0,0,1014.8,356.5810254701053,10.480078929884172,76,,
2018,8,20,8,0,9.2,-46,61.5,5.9,136,1.0,0,15.157610832423748,0,1014.9,350.48710882754057,12.232918960823318,67,,
2018,8,20,9,0,9.9,-32,67.3,6.1,151,2.0,0,34.64378839916652,0,1014.6,347.94959717685214,13.67861479818504,60,,
2018,8,20,10,0,10.4,-15,24.9,6.1,207,4.0,207,85.82058931097663,0,1014,345.34966066252434,14.579739106127526,55,,
2018,8,20,11,0,10.9,2,38.7,6.1,299,8.0,50,134.38285033916063,0,1013.3,349.0903749742058,15.851176643093543,54,,
2018,8,20,12,0,11.2,20,47.9,6.2,255,43.0,23,251.5253935855818,0,1012.7,352.3579831008236,18.165983749015524,56,,
2018,8,20,13,0,11.1,36,48.3,6.4,215,45.0,20,241.51764484503576,0,1012.2,352.1068418995713,18.65994102381057,62,,
2018,8,20,14,0,11.1,50,22.7,6.6,121,10.0,111,121.35160155829148,0,1011.7,357.2829408148898,19.77687172700322,69,,
2018,8,20,15,0,10.9,61,1.6,6.6,53,6.0,95,68.60986382452211,0,1011.3,23.655484631876845,17.242243316864254,79,,
2018,8,20,16,0,10.4,72,1,6.7,11,8.0,8,41.36548755779784,0,1011.2,33.43263504276598,15.130832944398572,89,,
2018,8,20,17,0,9.9,81,0.1,6.7,0,3.0,0,5.382287934027331,0,1011.1,35.46508816285268,15.300057640232016,100,,
2018,8,20,18,0,9.6,91,0,6.7,0,0.0,0,0.0,0,1010.9,35.109148647120776,15.614941046597693,111,,
2018,8,20,19,0,9.5,102,23.7,6.6,0,0.0,0,0.0,0,1010.7,34.47141083822044,15.646275502859384,122,,
2018,8,20,20,0,9.4,114,43,6.5,0,0.0,0,0.0,0,1010.4,33.586588519447275,15.934114143269788,133,,
2018,8,20,21,0,9.6,131,49.2,6.6,0,0.0,0,0.0,0,1010.1,30.118931407106004,16.527041835276794,143,,
2018,8,20,22,0,10.2,154,56.9,6.8,0,0.0,0,0.0,0,1009.6,31.316866738637486,17.43980292184018,150,,
2018,8,20,23,0,10.7,-176,65.5,6.9,0,0.0,0,0.0,0,1009.1,35.70371981667006,16.96200940484586,152,,
2018,8,21,0,0,11.2,-148,68.1,7,0,0.0,0,0.0,0,1008.6,39.27091997534677,16.82326552872775,148,,
2018,8,21,1,0,11.6,-126,62.5,7,0,0.0,0,0.0,0,1008.2,33.42655543703745,17.402413032642144,140,,
2018,8,21,2,0,11.9,-111,74.4,7,0,0.0,0,0.0,0,1007.7,34.181202720011754,16.952157874582422,130,,
2018,8,21,3,0,12.2,-99,71.3,7,0,0.0,0,0.0,0,1007.2,32.00871585713162,16.90681094157446,119,,
2018,8,21,4,0,12.4,-89,80.7,7,0,0.0,0,0.0,0,1006.7,31.847851780607016,16.50937410867643,108,,
2018,8,21,5,0,12.5,-79,71.6,7,0,0.0,0,0.0,0,1006.3,32.01388614575319,16.391796010227388,97,,
2018,8,21,6,0,12.4,-69,60.4,7.5,10,0.0,0,0.0,0,1006.1,31.598875392324715,16.4650850886965,86,,
2018,8,21,7,0,12,-59,90.4,8.4,16,19.0,0,17.0,0,1006.4,29.940244318695704,16.61645099602122,76,,
2018,8,21,8,0,11.6,-46,92.2,9.2,26,35.0,0,83.6806205830085,0,1006.6,31.012222885696133,16.581649774088174,67,,
2018,8,21,9,0,11.7,-32,94.3,9.6,27,64.0,0,172.91051959029463,0,1006.2,31.474027249275707,16.88277084896205,60,,
2018,8,21,10,0,12.1,-15,92.8,9.3,38,83.0,0,236.18104022033916,0,1005.3,32.48608771369999,17.0700085313912,55,,
2018,8,21,11,0,12.5,2,88,9.1,66,122.0,0,310.4253060075189,0,1004.4,34.2315458205606,16.558323612515853,54,,
2018,8,21,12,0,12.6,20,91.9,9,41,139.0,0,339.1620745197564,0,1003.6,34.30848891853401,16.6751562891875,56,,
2018,8,21,13,0,12.3,36,91.9,9,34,242.0,0,386.6873311387402,0,1003,35.77182888224752,17.36168441724436,61,,
2018,8,21,14,0,12.1,50,90.2,9.1,27,206.0,0,315.10939706959385,0,1002.3,36.1818417674632,17.297243315954404,69,,
2018,8,21,15,0,11.8,62,83.3,9.3,19,172.0,0,221.48773425547523,0,1001.9,42.24305888941893,17.141629978091835,78,,
2018,8,21,16,0,11.6,72,58.3,9.6,6,76.0,0,93.7444496173793,0,1001.6,48.47057694447028,16.312016344756337,89,,
2018,8,21,17,0,11.3,82,62.2,10,0,13.0,0,9.698675449172075,0,1001.2,47.98025388314261,15.59591425285202,100,,
2018,8,21,18,0,11.3,91,66.5,10.1,0,0.0,0,0.0,0,1000.9,59.876602947674655,13.948488740345098,111,,
2018,8,21,19,0,11.4,102,68.6,10,0,0.0,0,0.0,0,1000.6,70.85867951144087,12.3306545785691,122,,
2018,8,21,20,0,11.5,115,72.9,9.9,0,0.0,0,0.0,0,1000.3,77.87108430109538,11.211700958414337,133,,
2018,8,21,21,0,11.6,131,73,9.8,0,0.0,0,0.0,0,1000,86.95068298058175,9.036720720965182,142,,
2018,8,21,22,0,11.7,155,58.8,9.9,0,0.0,0,0.0,0,999.8,77.88890300979375,7.653251485063632,149,,
2018,8,21,23,0,11.7,-176,42.5,10,0,0.0,0,0.0,0,999.6,82.3436988699342,7.361033020015173,151,,
2018,8,22,0,0,11.6,-148,30.5,10,0,0.0,0,0.0,0,999.5,97.53561720214424,5.700353983921636,148,,
2018,8,22,1,0,11.5,-126,11.6,10,0,0.0,0,0.0,0,999.6,118.34071064757416,4.031006946185824,140,,
2018,8,22,2,0,11.3,-111,44.4,10,0,0.0,0,0.0,0,999.7,88.89701351966147,3.3609743170359905,130,,
2018,8,22,3,0,11.2,-99,14.6,10,0,0.0,0,0.0,0,1000,109.07014913173144,3.245239824887252,119,,
2018,8,22,4,0,11.1,-89,33.6,10,0,0.0,0,0.0,0,1000.4,104.05923619131534,3.24616433260827,108,,
2018,8,22,5,0,11.1,-79,40.2,10,0,0.0,0,0.0,0,1000.8,112.05315423373725,3.374057019918121,97,,
2018,8,22,6,0,11.3,-69,55.9,10.1,14,0.0,0,0.0,0,1001.2,121.3373916406506,3.7624976915371424,86,,
2018,8,22,7,0,11.7,-59,41.2,10.4,112,29.0,5,18.0,0,1001.8,123.08427766412876,3.08691120479443,76,,
2018,8,22,8,0,12.2,-47,66.1,10.7,118,68.0,0,96.35984536148324,0,1002.4,129.29598796991485,2.991011047160499,67,,
2018,8,22,9,0,12.4,-32,49.7,10.8,233,142.0,4,208.08879141042803,0,1002.7,137.29526301965342,3.228592324196813,59,,
2018,8,22,10,0,12.2,-16,42.6,10.9,267,239.0,47,322.1161723382497,0,1002.7,140.55268110153833,2.829620345365155,55,,
2018,8,22,11,0,12.1,2,22.8,11,322,318.0,119,414.2887658590453,0,1002.7,141.57913384208314,2.285700663085346,53,,
2018,8,22,12,0,12,20,31,11,287,360.0,84,457.0764817863303,0,1002.8,138.26105607564295,1.256389405216262,56,,
2018,8,22,13,0,11.9,36,48.8,10.8,210,368.0,21,445.1516416502916,0,1003,226.084030294314,0.7208738460806046,61,,
2018,8,22,14,0,11.8,50,36.5,10.6,139,364.0,48,387.8657077393629,0,1003.2,250.66002992935816,1.2561893059411835,69,,
2018,8,22,15,0,11.5,62,38.2,10.4,91,325.0,6,284.9095376122726,0,1003.6,268.3631447330405,1.435888651949897,78,,
2018,8,22,16,0,11.1,72,48.9,10.2,10,149.0,0,122.12647465019766,0,1004.1,262.80556998510383,1.824668567426628,89,,
2018,8,22,17,0,10.7,82,45.8,9.9,0,29.0,0,13.88360340449412,0,1004.6,259.7593321265287,1.988464002323228,100,,
2018,8,22,18,0,10.4,92,43.6,9.7,0,0.0,0,0.0,0,1004.9,265.65997927403555,2.193790654949588,111,,
2018,8,22,19,0,10.1,102,44.2,9.4,0,0.0,0,0.0,0,1005.2,256.7887416789536,2.5456444745685096,122,,
2018,8,22,20,0,9.8,115,41.1,9.1,0,0.0,0,0.0,0,1005.4,244.52342739859145,3.0462096539323427,133,,
2018,8,22,21,0,9.6,132,43.9,8.9,0,0.0,0,0.0,0,1005.5,233.75789723714024,3.204147417600146,142,,
2018,8,22,22,0,9.7,155,23.2,9,0,0.0,0,0.0,0,1005.5,230.75560068364504,3.389482586978696,149,,
2018,8,22,23,0,9.8,-176,0,9.1,0,0.0,0,0.0,0,1005.4,228.654656077008,3.970358109765796,151,,
2018,8,23,0,0,9.7,-148,0,9,0,0.0,0,0.0,0,1005.5,228.020849124625,4.514078383584498,147,,
2018,8,23,1,0,9.3,-127,0,8.6,0,0.0,0,0.0,0,1005.6,218.14038577196104,3.5455493634361903,140,,
2018,8,23,2,0,8.9,-111,0,8.2,0,0.0,0,0.0,0,1005.7,216.31047617334875,3.7707852032085536,130,,
2018,8,23,3,0,8.6,-99,0,7.9,0,0.0,0,0.0,0,1006,212.44891390044083,4.045141430564303,119,,
2018,8,23,4,0,8.4,-89,0,7.7,0,0.0,0,0.0,0,1006.5,210.46931822101087,4.323089293591252,108,,
2018,8,23,5,0,8.2,-79,0,7.5,0,0.0,0,0.0,0,1007,208.19869772731275,4.511528638657293,96,,
2018,8,23,6,0,8.5,-70,0,7.6,21,0.0,32,0.0,0,1007.5,209.2083907813487,4.841412687889843,85,,
2018,8,23,7,0,9.4,-59,0,8,51,30.0,161,21.000000000000004,0,1008,205.86685370612835,4.60546279660941,75,,
2018,8,23,8,0,10.3,-47,0.1,8.4,66,73.0,305,98.54636619752328,0,1008.5,203.5096647951759,4.723639020744189,66,,
2018,8,23,9,0,10.7,-32,8.3,8.6,139,124.0,320,197.7315822988447,0,1008.7,198.23508940487173,4.692181550948532,59,,
2018,8,23,10,0,10.6,-16,19.4,8.7,192,170.0,277,294.87809498155826,0,1008.7,195.0025051705607,4.613806840768159,54,,
2018,8,23,11,0,10.6,3,5,8.7,130,202.0,442,363.60283482176976,0,1008.8,205.5087775009528,4.844836550023298,53,,
2018,8,23,12,0,10.4,20,15,8.4,168,205.0,310,384.582086262397,0,1009,218.83079749983327,4.918847221470373,55,,
2018,8,23,13,0,10.3,37,20,7.9,176,174.0,205,347.8777599422218,0,1009.3,231.81295501442565,4.242038822554417,61,,
2018,8,23,14,0,10.1,50,6.3,7.4,101,131.0,213,271.76463441031655,0,1009.6,236.44318065360068,3.726834309260008,69,,
2018,8,23,15,0,9.7,62,0.1,6.8,45,110.0,124,190.139764630058,0,1010.1,245.15808543249184,3.4675825921077474,78,,
2018,8,23,16,0,9.1,73,0,6.2,11,71.0,13,92.75896999224848,0,1010.8,246.4720990882348,3.0230471534004284,88,,
2018,8,23,17,0,8.5,82,0,5.6,0,22.0,0,13.017928549104765,0,1011.6,243.9105165231464,2.459868692483515,99,,
2018,8,23,18,0,8,92,0,4.9,0,0.0,0,0.0,0,1012.2,235.9679896084085,2.5641798235489897,111,,
2018,8,23,19,0,7.5,103,0,4.2,0,0.0,0,0.0,0,1012.9,240.33391480155484,2.686341734731462,122,,
2018,8,23,20,0,7,115,0,3.5,0,0.0,0,0.0,0,1013.6,239.14097799685987,2.4279483814392875,133,,
2018,8,23,21,0,6.7,132,0,3.2,0,0.0,0,0.0,0,1014,240.67537360777453,2.4151993084045738,142,,
2018,8,23,22,0,6.6,155,0,3.3,0,0.0,0,0.0,0,1014.3,244.0291570069952,2.179300827676457,149,,
2018,8,23,23,0,6.6,-176,0,3.4,0,0.0,0,0.0,0,1014.6,250.24499164094456,2.1481550134998844,151,,
2018,8,24,0,0,6.4,-148,0,3.3,0,0.0,0,0.0,0,1015,256.8218697765082,2.182473265406584,147,,
2018,8,24,1,0,6.2,-127,0,3.1,0,0.0,0,0.0,0,1015.3,269.4799813539537,2.125087525865239,139,,
2018,8,24,2,0,6,-112,0,2.9,0,0.0,0,0.0,0,1015.7,275.3022675455243,1.820288940408203,130,,
2018,8,24,3,0,5.8,-100,0,2.6,0,0.0,0,0.0,0,1016.2,271.85279403783204,2.0010461604319256,119,,
2018,8,24,4,0,5.6,-89,0,2.3,0,0.0,0,0.0,0,1016.6,270.7473270286573,1.8343845536147303,107,,
2018,8,24,5,0,5.4,-80,0,2,0,0.0,0,0.0,0,1017.1,266.8439324084511,1.7959368371306803,96,,
2018,8,24,6,0,5.7,-70,0,1.9,20,0.0,40,0.0,0,1017.4,274.3560566386806,1.7357268864058213,85,,
2018,8,24,7,0,6.7,-59,0,1.9,46,214.0,183,32.000000000000014,0,1017.5,283.0737033242943,1.498058353862526,75,,
2018,8,24,8,0,7.6,-47,0,1.9,57,470.0,335,175.06579702610867,0,1017.7,295.53622054843675,1.270876714351635,66,,
2018,8,24,9,0,8.4,-32,0,1.9,63,610.0,458,341.33092463338966,0,1017.6,280.8114064206392,1.0620646145681207,59,,
2018,8,24,10,0,9,-16,0,2,66,725.0,535,486.2735212475322,0,1017.3,251.9299460108789,1.3577378598188283,54,,
2018,8,24,11,0,9.7,3,0,2,66,753.0,557,581.1765354561281,0,1017,275.39140762753584,1.504458358287252,53,,
2018,8,24,12,0,10,21,0,2.1,64,757.0,521,620.6382704991257,0,1016.9,289.1247788243261,1.4299997499439048,55,,
2018,8,24,13,0,10.2,37,0,2.1,60,738.0,431,601.1652489281671,0,1016.8,335.4122150015919,3.050533396950272,60,,
2018,8,24,14,0,10.3,51,0,2,52,689.0,297,519.3747963934317,0,1016.7,5.26783281225687,3.6403754889649615,68,,
2018,8,24,15,0,9.9,62,0,2.2,39,595.0,141,382.1429354508657,0,1016.9,9.143451267924776,3.4184360816813832,78,,
2018,8,24,16,0,9,73,0,2.6,11,407.0,17,199.2002575821148,0,1017.2,11.254465467877196,3.3137226457448903,88,,
2018,8,24,17,0,8.1,83,0,3,0,132.0,0,31.53942079938761,0,1017.6,9.92799481249159,3.150696665685275,99,,
2018,8,24,18,0,7.2,92,0,3.2,0,0.0,0,0.0,0,1017.8,5.255753492785573,3.20095767688807,110,,
2018,8,24,19,0,6.2,103,0,3.2,0,0.0,0,0.0,0,1018,340.7715512734936,3.729544615995082,122,,
2018,8,24,20,0,5.2,116,0,3.3,0,0.0,0,0.0,0,1018.1,350.2800804257392,3.445951588495413,132,,
2018,8,24,21,0,4.8,133,0,3.4,0,0.0,0,0.0,0,1018.2,1.6532717750840789,2.919428183369872,142,,
2018,8,24,22,0,4.9,156,0,3.5,0,0.0,0,0.0,0,1018.3,357.9002416032556,2.232211713001359,148,,
2018,8,24,23,0,5.1,-176,0,3.6,0,0.0,0,0.0,0,1018.4,333.76081069113604,1.8813628159720863,150,,
2018,8,25,0,0,5.1,-148,0,3.5,0,0.0,0,0.0,0,1018.4,300.2808074806567,2.6029355317916973,147,,
2018,8,25,1,0,4.8,-127,0,3.5,0,0.0,0,0.0,0,1018.4,300.33249095900226,2.8464379759255545,139,,
2018,8,25,2,0,4.6,-112,0,3.4,0,0.0,0,0.0,0,1018.5,299.3403302079445,3.105094388073865,129,,
2018,8,25,3,0,4.4,-100,0,3.3,0,0.0,0,0.0,0,1018.6,297.6383953760773,3.502987140389616,118,,
2018,8,25,4,0,4.3,-90,0,3.2,0,0.0,0,0.0,0,1018.8,297.5220186311352,3.922400693882401,107,,
2018,8,25,5,0,4.2,-80,0,3.1,0,0.0,0,0.0,0,1019,303.6200152567984,3.8767424403676736,96,,
2018,8,25,6,0,5,-70,0,3.5,21,0.0,43,0.0,0,1019.2,308.36748538486154,3.826306966253492,85,,
2018,8,25,7,0,6.7,-59,0,4.2,45,101.0,187,29.30582137217049,0,1019.4,312.1141777517482,3.480389021485825,75,,
2018,8,25,8,0,8.4,-47,0,4.9,57,241.0,340,140.77946966394245,0,1019.6,322.81748231012216,3.687017772954012,66,,
2018,8,25,9,0,9.4,-32,0,5,63,336.0,463,269.4415448581319,0,1019.6,325.0888328511459,3.784291218744523,58,,
2018,8,25,10,0,9.7,-16,0,4.6,66,350.0,537,377.95995084161257,0,1019.3,325.8969953098108,3.974213226596481,54,,
2018,8,25,11,0,10.1,3,0,4.1,67,373.0,556,451.44448376952334,0,1019.1,327.0947570770121,3.79658563712186,52,,
2018,8,25,12,0,10.3,21,0,3.9,67,455.0,517,512.8439628912365,0,1018.9,325.9842437382132,3.87145280760673,55,,
2018,8,25,13,0,10.4,37,0,3.9,63,553.0,426,539.3303961445013,0,1018.8,338.7936902343207,4.605048486431556,60,,
2018,8,25,14,0,10.5,51,0,3.8,57,509.0,292,461.1690688962301,0,1018.8,349.8387723280673,5.314062814283488,68,,
2018,8,25,15,0,10.3,63,0,3.9,43,399.0,137,323.38657833794014,0,1018.9,354.97592474146046,5.70943572080464,78,,
2018,8,25,16,0,9.7,73,0,4.1,12,190.0,17,143.60131228110112,0,1019.3,3.6251664081149215,6.57565754713697,88,,
2018,8,25,17,0,9.1,83,0,4.3,0,53.0,0,20.617755839743893,0,1019.6,7.900453327485593,7.571869338722648,99,,
2018,8,25,18,0,8.2,93,0,4.4,0,0.0,0,0.0,0,1020,10.388857815469636,7.625,110,,
2018,8,25,19,0,7.1,103,0,4.3,0,0.0,0,0.0,0,1020.2,9.292230888971003,7.21974017217946,122,,
2018,8,25,20,0,5.9,116,0,4.2,0,0.0,0,0.0,0,1020.5,5.474137056216534,6.551608034026171,132,,
2018,8,25,21,0,5.5,133,0,4.1,0,0.0,0,0.0,0,1020.7,2.267954535905858,6.317448555390064,141,,
2018,8,25,22,0,5.8,156,0,4,0,0.0,0,0.0,0,1020.7,1.6523046776513295,6.502703764589004,148,,
2018,8,25,23,0,6.1,-176,0,3.9,0,0.0,0,0.0,0,1020.7,0.1879166455049699,6.625035632235593,150,,
2018,8,26,0,0,6.2,-148,0,3.8,0,0.0,0,0.0,0,1020.6,358.4088597288054,6.752603664513415,146,,
2018,8,26,1,0,6.2,-127,0,3.8,0,0.0,0,0.0,0,1020.5,353.80663874320913,7.732631729643013,139,,
2018,8,26,2,0,6.2,-112,0,3.8,0,0.0,0,0.0,0,1020.4,351.9548020955706,8.038342090502129,129,,
2018,8,26,3,0,6.2,-100,0,3.8,0,0.0,0,0.0,0,1020.4,349.2755514625288,8.39666042245368,118,,
2018,8,26,4,0,6.1,-90,0,3.8,0,0.0,0,0.0,0,1020.5,347.4275549957725,8.900930428893375,107,,
2018,8,26,5,0,6.1,-80,0,3.8,0,0.0,0,0.0,0,1020.6,349.5858211783937,9.681209321426032,96,,
2018,8,26,6,0,6.8,-70,0,4,23,0.0,43,0.0,0,1020.6,349.4258454502394,9.876956748848588,85,,
2018,8,26,7,0,8.3,-59,0,4.6,49,17.0,187,20.121439318621245,0,1020.4,347.4277976550678,10.52406958796498,74,,
2018,8,26,8,0,9.7,-47,0,5.1,60,30.0,338,78.59893841066622,0,1020.3,350.5757633697546,10.68746172189829,65,,
2018,8,26,9,0,10.6,-32,0,5.3,69,87.0,457,185.59103570315983,0,1019.9,354.17194049026904,11.078994741046737,58,,
2018,8,26,10,0,10.9,-16,1.5,5.2,91,225.0,503,339.1127293459584,0,1019.3,352.6611878055615,11.74292489615226,53,,
2018,8,26,11,0,11.2,3,18.5,5.1,270,247.0,239,406.568694375687,0,1018.7,350.5889884455448,12.862821138078363,52,,
2018,8,26,12,0,11.4,21,31.9,5.1,334,102.0,65,326.4470458203091,0,1018.1,352.44217772262897,13.30528518893284,54,,
2018,8,26,13,0,11.4,37,10.8,5.2,165,41.0,270,233.27079236172543,0,1017.6,352.25791850067736,15.31021417372376,60,,
2018,8,26,14,0,11.4,51,12.7,5.3,140,11.0,158,121.1664783249952,0,1017.1,44.58118923270212,17.78396896229919,68,,
2018,8,26,15,0,11.1,63,1.3,5.5,52,9.0,125,82.1269621422754,0,1016.9,49.38430567795592,16.96392526408573,77,,
2018,8,26,16,0,10.5,73,15.8,5.7,19,31.0,4,73.83671825677484,0,1017,48.388127709411606,16.191457030949493,88,,
2018,8,26,17,0,9.9,83,0,6,0,57.0,0,24.380193154893025,0,1017,48.29489326101248,16.91341326835293,99,,
2018,8,26,18,0,9.6,93,0,6.3,0,0.0,0,0.0,0,1016.9,47.10570410069244,16.838992903240737,110,,
2018,8,26,19,0,9.5,104,0,6.6,0,0.0,0,0.0,0,1016.7,45.41136464476773,16.326542720149288,121,,
2018,8,26,20,0,9.4,117,0,7,0,0.0,0,0.0,0,1016.5,45.51579511118922,16.415348066183114,132,,
2018,8,26,21,0,9.3,133,0,7.1,0,0.0,0,0.0,0,1016.1,47.694975531546845,15.97504515402715,141,,
2018,8,26,22,0,9.2,156,0,7,0,0.0,0,0.0,0,1015.6,53.06720597734767,15.746005581131262,148,,
2018,8,26,23,0,9.2,-176,0,7,0,0.0,0,0.0,0,1015,59.31289136775069,15.435387547937868,150,,
2018,8,27,0,0,9.1,-149,0,7,0,0.0,0,0.0,0,1014.5,61.8882013505787,14.861073121154016,146,,
2018,8,27,1,0,8.9,-128,24.6,7.1,0,0.0,0,0.0,0,1014,64.87306898300392,14.43024091377051,139,,
2018,8,27,2,0,8.7,-112,51.8,7.2,0,0.0,0,0.0,0,1013.5,69.37149452555457,13.78260621168499,129,,
2018,8,27,3,0,8.6,-100,49.5,7.2,0,0.0,0,0.0,0,1013.3,71.2414839246947,13.028467455302456,118,,
2018,8,27,4,0,8.5,-90,50.5,7.2,0,0.0,0,0.0,0,1013.2,75.79234981154866,12.232057132609508,107,,
2018,8,27,5,0,8.5,-80,42.5,7.2,0,0.0,0,0.0,0,1013.2,77.07057768752941,10.903643632768157,95,,
2018,8,27,6,0,8.9,-70,43.1,7.5,37,0.0,0,0.0,0,1013.2,71.22623389634742,10.366213887196722,84,,
2018,8,27,7,0,9.8,-60,44.3,8,129,117.0,0,36.33217479375643,0,1013.3,80.09428922836162,8.018463554231467,74,,
2018,8,27,8,0,10.8,-47,44.2,8.6,216,262.0,1,159.21354537456395,0,1013.3,81.74948852586158,6.128122686865184,65,,
2018,8,27,9,0,11.4,-33,38.8,8.8,305,351.0,11,296.2124077621334,0,1013.1,80.87841214993819,4.623161085657599,58,,
2018,8,27,10,0,11.7,-16,48.8,8.7,255,542.0,51,440.6002649588931,0,1012.6,71.53315481030643,4.021790910092204,53,,
2018,8,27,11,0,12,3,55.6,8.7,247,549.0,26,516.6218110753612,0,1012.1,62.58299307861592,5.705552021052549,52,,
2018,8,27,12,0,12.1,21,39.1,8.7,253,577.0,95,559.6849026879026,0,1011.8,69.88892216464353,6.369047812891364,54,,
2018,8,27,13,0,11.8,38,16.7,8.8,183,585.0,222,549.2401308986234,0,1011.6,74.39191169864455,8.675630275300676,60,,
2018,8,27,14,0,11.6,51,3.4,8.9,87,568.0000000000001,249,482.8405686943085,0,1011.3,80.62755815044704,8.827064494347804,68,,
2018,8,27,15,0,11.1,63,18.6,8.7,92,530.0,57,370.1271784186956,0,1011.4,88.90795806044582,8.710810669801049,77,,
2018,8,27,16,0,10.6,74,1.6,8.4,16,394.0,13,205.45047961313088,0,1011.9,95.12436656709372,8.64024648130469,88,,
2018,8,27,17,0,10,84,0,8,0,166.0,0,39.95284400870206,0,1012.3,101.68816620515577,8.638347473884293,99,,
2018,8,27,18,0,9.6,93,0,7.5,0,0.0,0,0.0,0,1012.7,101.77755528640432,8.066550194885306,110,,
2018,8,27,19,0,9.3,104,0,6.8,0,0.0,0,0.0,0,1013.1,100.27313496619604,9.232232585957393,121,,
2018,8,27,20,0,9,117,0,6.1,0,0.0,0,0.0,0,1013.4,104.59734245950614,9.928390036993568,132,,
2018,8,27,21,0,8.7,134,0,5.8,0,0.0,0,0.0,0,1013.6,108.48402208991148,9.735124758139932,141,,
2018,8,27,22,0,8.6,157,0,5.7,0,0.0,0,0.0,0,1013.7,112.62584805729256,9.17196895024858,147,,
2018,8,27,23,0,8.4,-175,0,5.6,0,0.0,0,0.0,0,1013.7,119.15151746415164,9.000389686731111,149,,
2018,8,28,0,0,8.3,-149,0,5.4,0,0.0,0,0.0,0,1013.8,124.024474893223,8.144318502378166,146,,
2018,8,28,1,0,8.2,-128,0,5.1,0,0.0,0,0.0,0,1013.9,141.306594576404,5.722038329422078,138,,
2018,8,28,2,0,8.2,-113,0,4.8,0,0.0,0,0.0,0,1014,147.12944582183474,4.819450932051622,128,,
2018,8,28,3,0,8,-101,0,4.5,0,0.0,0,0.0,0,1014.2,151.7635739342926,4.477097830461214,118,,
2018,8,28,4,0,7.9,-90,0,4.2,0,0.0,0,0.0,0,1014.7,150.23355461694268,4.183871162969194,106,,
2018,8,28,5,0,7.7,-81,0,3.9,0,0.0,0,0.0,0,1015.1,146.4942919777759,4.629657977264649,95,,
2018,8,28,6,0,8,-71,0,3.5,24,0.0,50,0.0,0,1015.5,152.8053628385453,5.445176094130888,84,,
2018,8,28,7,0,8.6,-60,0,2.8,47,272.0,200,40.28364058687387,0,1015.9,164.58738580660545,5.211341699254141,74,,
2018,8,28,8,0,9.3,-47,0,2.1,57,528.0,358,192.8712413083354,0,1016.4,172.46733019747978,5.0265318860422274,65,,
2018,8,28,9,0,9.5,-33,0,1.4,63,678.0,483,367.35343145868194,0,1016.5,176.00043375512087,4.725375469366673,57,,
2018,8,28,10,0,9.4,-16,0,0.8,65,763.0,563,513.8063932556358,0,1016.3,177.44270828576362,4.153061791219555,53,,
2018,8,28,11,0,9.3,3,0,0.2,65,787.0,586,609.1253725140728,0,1016.1,175.65879148179306,3.3026884719844025,51,,
2018,8,28,12,0,9.2,21,0,-0.3,65,789.0,549,648.3785542890164,0,1015.9,185.5268480371145,1.9467944433161195,54,,
2018,8,28,13,0,9,38,3.7,-0.8,92,774.0,406,630.1327766203917,0,1015.8,343.1641601048462,0.215792140589187,59,,
2018,8,28,14,0,8.9,52,9.9,-1.2,123,741.0,206,554.7298815581838,0,1015.7,2.965321971336607,1.2081606620975802,67,,
2018,8,28,15,0,8.5,64,0.6,-1.4,49,666.0,143,420.6622090986147,0,1015.8,18.72381083913956,1.3629003172923693,77,,
2018,8,28,16,0,7.8,74,1.7,-1.4,17,509.0,15,238.2063152937856,0,1016.3,30.89185114979017,1.868314426909496,87,,
2018,8,28,17,0,7.2,84,0,-1.4,0,241.0,0,52.02301731759228,0,1016.8,34.78074427661443,2.7391253488645138,99,,
2018,8,28,18,0,6.6,94,0,-1.5,0,0.0,0,0.0,0,1017,37.43572851209376,3.357243788935357,110,,
2018,8,28,19,0,6,104,0,-1.6,0,0.0,0,0.0,0,1016.9,59.4781678907666,4.473080770677105,121,,
2018,8,28,20,0,5.4,117,0,-1.8,0,0.0,0,0.0,0,1016.8,74.69677141456532,3.9526509313581135,132,,
2018,8,28,21,0,5.3,134,0,-1.6,0,0.0,0,0.0,0,1016.6,81.42690626394176,3.643987600781757,141,,
2018,8,28,22,0,5.7,157,0,-1.3,0,0.0,0,0.0,0,1016.2,83.1017040373452,3.481993558498649,147,,
2018,8,28,23,0,6.1,-175,0,-0.9,0,0.0,0,0.0,0,1015.8,73.64423090988572,3.038744461167504,149,,
2018,8,29,0,0,6.4,-149,0,-0.3,0,0.0,0,0.0,0,1015.3,64.91235237013979,2.4603834951578043,145,,
2018,8,29,1,0,6.7,-128,0,0.5,0,0.0,0,0.0,0,1014.7,76.56465140582753,2.1624519193960112,138,,
2018,8,29,2,0,7,-113,0,1.3,0,0.0,0,0.0,0,1014.2,74.97381970011196,1.8541702706234084,128,,
2018,8,29,3,0,7.3,-101,0,2,0,0.0,0,0.0,0,1013.8,68.14214719155962,1.794798903875949,117,,
2018,8,29,4,0,7.5,-90,0,2.7,0,0.0,0,0.0,0,1013.7,82.10633976522189,1.6817062134750838,106,,
2018,8,29,5,0,7.7,-81,0,3.5,0,0.0,0,0.0,0,1013.5,98.05175302682636,1.7674233384618063,95,,
2018,8,29,6,0,8.2,-71,44.9,4.2,26,0.0,1,0.0,0,1013.5,112.41730666031094,2.231102434188577,84,,
2018,8,29,7,0,9,-60,79,5.1,49,300.0,0,42.06711585696227,0,1013.5,142.25164580373064,2.0733393872296344,73,,
2018,8,29,8,0,9.7,-48,84,5.9,63,552.0,0,198.41698410050128,0,1013.6,149.3236498067186,2.4122735095068992,64,,
2018,8,29,9,0,10.3,-33,68.7,6.1,167,679.0,0,369.2351100942258,0,1013.6,154.0127631740255,2.912386435230658,57,,
2018,8,29,10,0,10.6,-16,46.4,5.8,316,734.0,7,512.2262936860934,0,1013.5,169.61303432935756,2.6662517624682445,52,,
2018,8,29,11,0,11,3,13,5.5,222,774.0,320,612.3842329652146,0,1013.4,182.02312999404828,1.7703906702760674,51,,
2018,8,29,12,0,11.1,22,7.5,5.4,154,793.0,387,659.7385133683672,0,1013.5,221.4903283455491,0.7219261811843416,53,,
2018,8,29,13,0,10.9,38,23.6,5.5,258,790.0,119,645.7573567975126,0,1013.6,282.8251592817271,1.6024786770989476,59,,
2018,8,29,14,0,10.8,52,1.2,5.6,83,766.0,263,573.2360072209453,0,1013.8,302.0193761325574,1.6954273237729545,67,,
2018,8,29,15,0,10.4,64,1.3,5.5,58,687.0,123,435.17634662370415,0,1014.1,311.05891893535414,1.906411351738844,77,,
2018,8,29,16,0,9.9,74,10,5.2,19,510.0,8,243.38327040161388,0,1014.6,312.28449147465284,1.8292069127283168,87,,
2018,8,29,17,0,9.4,84,0,5,0,247.0,0,55.76231573621002,0,1015.1,292.08643167680844,1.777139069226135,98,,
2018,8,29,18,0,8.9,94,0,4.5,0,0.0,0,0.0,0,1015.4,249.5549086834436,1.8444587832235664,110,,
2018,8,29,19,0,8.5,105,0,4,0,0.0,0,0.0,0,1015.5,234.1623470457217,2.775450413896815,121,,
2018,8,29,20,0,8,118,0,3.4,0,0.0,0,0.0,0,1015.6,242.4163665733425,3.691296465820567,131,,
2018,8,29,21,0,7.7,135,0,3.1,0,0.0,0,0.0,0,1015.5,246.75523986510856,5.012599056054709,140,,
2018,8,29,22,0,7.6,157,0,2.9,0,0.0,0,0.0,0,1015.4,246.28803929637027,6.372176129277336,147,,
2018,8,29,23,0,7.4,-175,0,2.7,0,0.0,0,0.0,0,1015.3,241.4675467930027,7.327441999088085,149,,
2018,8,30,0,0,7.2,-149,0,2.6,0,0.0,0,0.0,0,1015.2,241.7846573267784,8.063889380069291,145,,
2018,8,30,1,0,6.9,-128,0,2.4,0,0.0,0,0.0,0,1015.1,243.9088604632493,9.095037208641449,138,,
2018,8,30,2,0,6.7,-113,0,2.3,0,0.0,0,0.0,0,1015,230.1218551989037,9.748003146899524,128,,
2018,8,30,3,0,6.5,-101,0,2.2,0,0.0,0,0.0,0,1015.2,232.2883975328648,10.692999517926497,117,,
2018,8,30,4,0,6.2,-91,0,2.2,0,0.0,0,0.0,0,1015.5,237.53957243352008,11.06262754646955,106,,
2018,8,30,5,0,6,-81,0,2.2,0,0.0,0,0.0,0,1015.8,227.48519960945228,11.251094049661956,94,,
2018,8,30,6,0,6.5,-71,1.4,2.2,27,0.0,57,0.0,0,1015.9,216.95977546262503,12.201870481356114,83,,
2018,8,30,7,0,7.7,-60,0,2.2,45,56.0,218,33.38900606926106,0,1015.8,227.66843511424017,11.754585350451755,73,,
2018,8,30,8,0,8.9,-48,0,2.3,55,164.0,376,136.94836005089056,0,1015.7,225.4020338484233,12.818179665055116,64,,
2018,8,30,9,0,9.6,-33,0,2.5,61,477.0,499,325.5774017837749,0,1015.4,228.83105789689648,13.48207400637309,57,,
2018,8,30,10,0,9.9,-16,0,2.8,63,261.0,575,386.93098761730494,0,1014.9,231.6664755766012,12.460168751408917,52,,
2018,8,30,11,0,10.2,3,0,3.1,64,90.0,594,330.75465359234084,0,1014.3,224.04159172904085,12.19929864950701,51,,
2018,8,30,12,0,10.5,22,0,3.3,63,43.0,553,278.57747807170426,0,1013.9,223.2602991815903,13.044675104760286,53,,
2018,8,30,13,0,10.6,38,0,3.2,61,18.0,458,197.4237988670636,0,1013.8,226.5047432246708,13.5294638329215,59,,
2018,8,30,14,0,10.8,52,0,3.2,55,8.0,319,121.62156368325851,0,1013.6,234.2422516300024,12.583474003982351,67,,
2018,8,30,15,0,10.6,64,0,3.3,43,7.0,156,85.3206167629895,0,1013.5,233.8177150229068,10.688562677767564,76,,
2018,8,30,16,0,10,75,0.1,3.6,15,18.0,23,70.97304014031263,0,1013.6,254.6226983849295,10.91466498435718,87,,
2018,8,30,17,0,9.3,84,0,3.9,0,4.0,0,9.640989368539024,0,1013.6,254.3529907833673,9.955355288049011,98,,
2018,8,30,18,0,8.6,94,0,4,0,0.0,0,0.0,0,1013.6,261.62777861864254,11.30800897802611,109,,
2018,8,30,19,0,7.7,105,0,4.1,0,0.0,0,0.0,0,1013.6,239.79339166322185,10.224779237285343,121,,
2018,8,30,20,0,6.9,118,0,4.1,0,0.0,0,0.0,0,1013.5,215.18891801006336,13.40948166388088,131,,
2018,8,30,21,0,6.4,135,0,4.3,0,0.0,0,0.0,0,1013.4,222.03527579056728,14.926534881773891,140,,
2018,8,30,22,0,6.4,158,0,4.5,0,0.0,0,0.0,0,1013.1,225.76194223303008,14.69551694282634,146,,
2018,8,30,23,0,6.3,-175,0,4.7,0,0.0,0,0.0,0,1012.8,222.48695391545732,17.410258881059068,148,,
2018,8,31,0,0,6.2,-149,0,4.7,0,0.0,0,0.0,0,1012.6,238.69775568078543,16.24416386266791,145,,
2018,8,31,1,0,6,-129,0,4.7,0,0.0,0,0.0,0,1012.5,231.5470709462574,15.28000168099444,137,,
2018,8,31,2,0,5.8,-113,0,4.7,0,0.0,0,0.0,0,1012.3,221.10866805358253,16.181125617479328,128,,
2018,8,31,3,0,5.6,-101,0,4.6,0,0.0,0,0.0,0,1012.2,222.55224142863267,17.846042761337184,117,,
2018,8,31,4,0,5.3,-91,0,4.4,0,0.0,0,0.0,0,1012.3,230.71515196077675,24.179775581754072,105,,
2018,8,31,5,0,5,-81,0,4.2,1,0.0,0,0.0,0,1012.3,220.65404176761447,19.473462475890205,94,,
2018,8,31,6,0,5.7,-71,0,4.3,28,0.0,60,0.0,0,1012.2,229.69396186827865,18.000965279618207,83,,
2018,8,31,7,0,7.4,-60,0,4.8,51,2.0,215,12.058962316722797,0,1012,245.75454652982208,15.775786386966129,73,,
2018,8,31,8,0,9,-48,0,5.3,61,3.0,371,38.636609541803175,0,1011.8,259.1787680162924,13.85427031322898,64,,
2018,8,31,9,0,9.9,-33,0,5.3,67,4.0,495,72.51011584954307,0,1011.5,266.16879570031807,11.407328734925343,56,,
2018,8,31,10,0,10.2,-16,0,4.8,71,5.0,569,104.55340078060458,0,1011.1,231.4717827231428,10.840721988326589,52,,
2018,8,31,11,0,10.4,3,0,4.3,72,8.0,587,149.81868137684535,0,1010.7,223.28753069095657,14.33809087312326,50,,
2018,8,31,12,0,10.5,22,6,4.1,134,6.0,448,138.87713452655703,0,1010.3,278.34970989042233,12.908556985990334,53,,
2018,8,31,13,0,10.6,39,29.2,4.2,260,4.0,110,106.55696515407476,0,1009.9,288.8842017522173,9.974374317561416,59,,
2018,8,31,14,0,10.6,53,27.8,4.3,143,7.0,123,115.07382816176592,0,1009.4,284.2932578228168,9.200577287728391,67,,
2018,8,31,15,0,10.2,65,0.2,4.5,47,3.0,155,61.43498809474653,0,1009.2,286.1443387802835,7.417515166819681,76,,
2018,8,31,16,0,9.5,75,1.6,4.7,18,3.0,20,34.00640522697242,0,1009.2,298.3229953917137,5.537966535044879,87,,
2018,8,31,17,0,8.7,85,0,5,0,4.0,0,9.654264987924316,0,1009.2,347.25077193062,4.618756906971393,98,,
2018,8,31,18,0,7.9,95,0,4.9,0,0.0,0,0.0,0,1009.2,22.038880813580874,7.328727132139227,109,,
2018,8,31,19,0,7.1,106,0,4.5,0,0.0,0,0.0,0,1009.1,17.168322203223966,7.980601996281784,120,,
2018,8,31,20,0,6.4,119,0,4.1,0,0.0,0,0.0,0,1009,20.522775934325693,9.989732197569564,131,,
2018,8,31,21,0,6,135,0,4,0,0.0,0,0.0,0,1008.9,22.8581730262448,11.373915238061077,140,,
2018,8,31,22,0,6.1,158,0,4.2,0,0.0,0,0.0,0,1008.6,21.13573496396788,10.63354387087352,146,,
2018,8,31,23,0,6.2,-175,0,4.3,0,0.0,0,0.0,0,1008.3,12.0932015102959,11.933029458647432,148,,
2018,9,1,0,0,6.2,-149,0,4.4,0,0.0,0,0.0,0,1008,10.51267976701331,13.478687180810772,144,,
2018,9,1,1,0,6.3,-129,0,4.4,0,0.0,0,0.0,0,1007.7,27.68153471278248,15.88008015552645,137,,
2018,9,1,2,0,6.3,-114,0,4.4,0,0.0,0,0.0,0,1007.3,41.3544249732542,17.376195526844455,127,,
2018,9,1,3,0,6.3,-102,0,4.4,0,0.0,0,0.0,0,1007.1,42.57977722075975,16.385104447009496,116,,
2018,9,1,4,0,6.3,-91,0,4.4,0,0.0,0,0.0,0,1007.2,38.73321300948493,15.38640721226765,105,,
2018,9,1,5,0,6.2,-81,0,4.4,1,0.0,0,0.0,0,1007.2,36.57014598255353,15.073204324697596,94,,
2018,9,1,6,0,6.7,-71,1.4,4.4,32,0.0,59,0.0,0,1007.2,58.7014878755885,15.8017959570691,83,,
2018,9,1,7,0,7.7,-61,0,4.4,54,82.0,217,46.8084188455072,0,1007.1,58.36700060033451,17.71903069255323,72,,
2018,9,1,8,0,8.7,-48,0.1,4.5,67,179.0,371,164.92232620127868,0,1007,50.16513110680432,16.199762070786505,63,,
2018,9,1,9,0,9.3,-33,0.6,4.6,80,276.0,486,304.6549248793486,0,1006.7,48.07965743486096,15.626390908322072,56,,
2018,9,1,10,0,9.4,-16,10.3,4.7,199,441.0,382,435.51116016153856,0,1006.4,49.42413270950209,14.320668760822263,51,,
2018,9,1,11,0,9.5,4,9.4,4.8,193,427.0,411,499.36374913430086,0,1006.1,47.83314892394009,14.029981876577065,50,,
2018,9,1,12,0,9.6,22,0.7,4.8,86,358.0,533,494.0750138829956,0,1005.7,50.92913777157924,14.546229236499784,53,,
2018,9,1,13,0,9.6,39,0,4.7,73,329.0,453,461.8194564398328,0,1005.1,48.60021318123427,14.779663791187811,58,,
2018,9,1,14,0,9.6,53,0,4.6,64,319.0,317,401.0148454805241,0,1004.6,48.46766568740554,14.864373366225845,66,,
2018,9,1,15,0,9.2,65,1.1,4.6,50,281.0,154,296.52126785524024,0,1004.3,48.1775792249602,14.625207573485424,76,,
2018,9,1,16,0,8.4,75,12.1,4.7,24,217.0,10,168.58468816038862,0,1004.3,47.57386666270071,15.103922551473392,87,,
2018,9,1,17,0,7.6,85,0,4.7,0,92.0,0,35.3537287277656,0,1004.3,46.93696781414263,14.832167513535122,98,,
2018,9,1,18,0,6.8,95,47.4,4.4,0,0.0,0,0.0,0,1004.5,46.9622294639272,14.5959162053997,109,,
2018,9,1,19,0,5.9,106,59.2,3.9,0,0.0,0,0.0,0,1004.8,50.89267387049614,15.064707592289174,120,,
2018,9,1,20,0,5.1,119,59.1,3.4,0,0.0,0,0.0,0,1005.2,52.17381131159874,14.985192635576892,131,,
2018,9,1,21,0,4.9,136,59.9,3.3,0,0.0,0,0.0,0,1005.2,54.67780593511577,14.813363136623265,140,,
2018,9,1,22,0,5.5,158,31.2,3.6,0,0.0,0,0.0,0,1004.9,56.50111608616942,13.81937059132998,146,,
2018,9,1,23,0,6,-175,33.5,3.9,0,0.0,0,0.0,0,1004.6,54.68798475234979,13.049891992191434,147,,
2018,9,2,0,0,6.4,-149,21.3,4.2,0,0.0,0,0.0,0,1004.2,60.18032955860224,13.617759675060196,144,,
2018,9,2,1,0,6.7,-129,42,4.4,0,0.0,0,0.0,0,1003.7,55.308754464679794,13.582816385698438,137,,
2018,9,2,2,0,7,-114,41,4.7,0,0.0,0,0.0,0,1003.2,60.14330842173325,13.143406860418157,127,,
2018,9,2,3,0,7.2,-102,36.8,4.9,0,0.0,0,0.0,0,1002.9,67.805891123359,12.581063992242882,116,,
2018,9,2,4,0,7.3,-91,42.4,5,0,0.0,0,0.0,0,1002.7,68.23381493361984,11.577625964036946,105,,
2018,9,2,5,0,7.4,-82,32.1,5.1,1,0.0,0,0.0,0,1002.5,70.47330913325015,10.413627832932669,94,,
2018,9,2,6,0,8.1,-72,27,5.7,45,0.0,26,0.0,0,1002.5,75.70802242940283,10.215079359907694,83,,
2018,9,2,7,0,9.3,-61,36.2,6.8,151,116.0,14,47.535649430596486,0,1002.7,75.98719650080278,9.986890741559431,72,,
2018,9,2,8,0,10.6,-48,56.4,7.8,174,237.0,3,167.7846199068468,0,1002.8,78.67974055090224,9.563247258777478,63,,
2018,9,2,9,0,11.4,-33,42.7,8.2,242,346.0,75,308.2873056748015,0,1002.6,86.85492762628763,8.014268198867214,56,,
2018,9,2,10,0,11.7,-16,21.8,8.1,321,290.0,162,377.1291382232227,0,1001.9,91.19700843410942,5.878480093582009,51,,
2018,9,2,11,0,12,4,39.7,7.9,381,343.0,3,462.0853938930277,0,1001.3,80.15559488990527,6.8312990724314,50,,
2018,9,2,12,0,12.1,23,31.4,7.9,302,437.0,106,530.6326824907865,0,1000.7,75.89635610730875,8.80873893736557,52,,
2018,9,2,13,0,12.1,39,52.6,8,241,461.0,0,524.9189236050248,0,1000.1,67.57400385285308,9.174556726796837,58,,
2018,9,2,14,0,12,53,39.3,8.1,199,434.0,15,454.2890573007575,0,999.5,66.60102630266067,9.285338612243295,66,,
2018,9,2,15,0,11.6,65,38.9,8.1,90,355.0,26,328.6118990326515,0,999.3,68.8069601998942,9.162922172786429,76,,
2018,9,2,16,0,10.7,76,58.5,8.1,23,253.0,2,181.71048949833715,0,999.4,71.72848453251947,9.040012748179688,87,,
2018,9,2,17,0,9.8,85,70.6,8.1,0,127.0,0,42.61703677139067,0,999.6,75.48732250612204,8.566552595357493,98,,
2018,9,2,18,0,9.2,95,56.3,8,0,0.0,0,0.0,0,999.9,82.81183798025086,7.665962947980341,109,,
2018,9,2,19,0,8.8,106,50.4,7.7,0,0.0,0,0.0,0,1000.2,82.63194892837782,7.310362935586714,120,,
2018,9,2,20,0,8.5,119,42,7.4,0,0.0,0,0.0,0,1000.5,85.91482630285736,6.747857504366745,130,,
2018,9,2,21,0,8.2,136,42,7.1,0,0.0,0,0.0,0,1000.7,91.87559208621718,6.318082182521491,139,,
2018,9,2,22,0,8,159,22.8,6.9,0,0.0,0,0.0,0,1000.5,103.78043353158188,5.066238371127223,146,,
2018,9,2,23,0,7.8,-175,0,6.7,0,0.0,0,0.0,0,1000.4,120.85773009042316,3.936937640161583,147,,
2018,9,3,0,0,7.8,-149,0,6.7,0,0.0,0,0.0,0,1000.4,119.34695693288576,4.164015506672454,144,,
2018,9,3,1,0,8,-129,0,7,0,0.0,0,0.0,0,1000.4,113.4102915017138,4.138521062993456,136,,
2018,9,3,2,0,8.2,-114,0.7,7.2,0,0.0,0,0.0,0,1000.4,116.3753041235023,3.89032104561114,127,,
2018,9,3,3,0,8.5,-102,3.5,7.4,0,0.0,0,0.0,0,1000.7,112.82325504084622,3.327676465251209,116,,
2018,9,3,4,0,8.7,-92,0,7.4,0,0.0,0,0.0,0,1001.2,113.71490886817048,3.006032768934475,105,,
2018,9,3,5,0,9,-82,0,7.5,1,0.0,1,0.0,0,1001.7,121.049256931397,2.749674712796354,93,,
2018,9,3,6,0,9.6,-72,4.3,7.3,41,2.0,50,1.0000000000000002,0,1002.5,120.89055485252128,2.720071942573584,82,,
2018,9,3,7,0,10.6,-61,0.1,7,63,205.0,210,55.02593383403621,0,1003.4,114.97101352707978,3.057543129573875,72,,
2018,9,3,8,0,11.6,-48,0,6.6,73,454.0,370,208.5261428392948,0,1004.3,127.3480302818556,2.884670754475919,63,,
2018,9,3,9,0,12,-33,0,6.2,77,626.0,500,386.29615808737,0,1005,121.02565830425806,2.7515573968358025,55,,
2018,9,3,10,0,11.8,-15,0,5.7,78,703.0000000000001,579,528.0505732489626,0,1005.3,141.13394958211703,3.294235375053954,50,,
2018,9,3,11,0,11.6,4,0.3,5.2,84,733.0,592,622.6912080042018,0,1005.7,163.09754248449656,3.158157395484143,49,,
2018,9,3,12,0,11.3,23,0,4.6,80,730.0,557,658.3653857920613,0,1006.1,161.53053103025627,2.3065484502530103,52,,
2018,9,3,13,0,10.9,39,0,4,79,728.0,459,644.3821960759797,0,1006.8,15.733933977267554,1.0812858465349526,58,,
2018,9,3,14,0,10.5,54,0,3.4,75,699.0000000000001,314,568.7630577986316,0,1007.4,30.19819299453377,1.0372487062587288,66,,
2018,9,3,15,0,9.9,65,0,2.9,62,578.0,146,415.3205000070625,0,1008.2,57.99009534467893,0.9838105354442144,76,,
2018,9,3,16,0,9.1,76,0,2.6,21,388.0,21,225.3858094065886,0,1009.2,69.46889109482953,1.247448438943437,86,,
2018,9,3,17,0,8.2,86,0,2.2,0,174.0,0,52.19580745751374,0,1010.1,93.1137434960915,1.1506244829747552,98,,
2018,9,3,18,0,7.6,96,0,2,0,0.0,0,0.0,0,1010.8,125.55831698545012,1.1818037692855117,109,,
2018,9,3,19,0,7.2,107,0,2,0,0.0,0,0.0,0,1011.3,181.5155518830231,1.5415548872590563,120,,
2018,9,3,20,0,6.9,120,0,2,0,0.0,0,0.0,0,1011.8,187.9071627029585,2.271597730673281,130,,
2018,9,3,21,0,6.6,137,0,2.1,0,0.0,0,0.0,0,1012.1,182.5485925218828,2.377351512764634,139,,
2018,9,3,22,0,6.6,159,0,2.3,0,0.0,0,0.0,0,1012.3,197.9513913520735,2.168043984147328,145,,
2018,9,3,23,0,6.5,-175,0,2.5,0,0.0,0,0.0,0,1012.5,200.4743429540385,2.625056152651417,147,,
2018,9,4,0,0,6.5,-149,0,2.6,0,0.0,0,0.0,0,1012.6,190.830571262886,2.672606797417313,143,,
2018,9,4,1,0,6.5,-129,0,2.6,0,0.0,0,0.0,0,1012.7,198.6306341167592,4.837479230062367,136,,
2018,9,4,2,0,6.6,-114,0,2.6,0,0.0,0,0.0,0,1012.8,194.46352782242948,5.359558691763764,126,,
2018,9,4,3,0,6.6,-102,0,2.7,0,0.0,0,0.0,0,1012.8,192.9542741716624,5.327733319112725,115,,
2018,9,4,4,0,6.7,-92,0,2.9,0,0.0,0,0.0,0,1012.9,195.69314114916205,4.806358443823833,104,,
2018,9,4,5,0,6.8,-82,0,3,2,0.0,1,0.0,0,1013,203.95965581579893,3.509166243909528,93,,
2018,9,4,6,0,7.6,-72,24.1,3.5,65,1.0,7,1.0,0,1013.1,213.19014287786763,3.406877276206914,82,,
2018,9,4,7,0,9.2,-61,18.4,4.3,130,87.0,106,46.26547685106828,0,1013.1,225.0785251144448,4.660590747105277,72,,
2018,9,4,8,0,10.7,-48,34.7,5.1,214,295.0,80,181.84548656695983,0,1013,234.22062635059763,6.734618255576455,62,,
2018,9,4,9,0,11.6,-33,36.1,5.6,291,542.0,72,365.1483039299603,0,1012.8,237.9163927032319,7.847433513330542,55,,
2018,9,4,10,0,11.8,-15,52,5.7,301,645.0,6,512.9170608770562,0,1012.3,237.1371368838554,7.987445405167571,50,,
2018,9,4,11,0,11.9,4,62.4,5.9,248,655.0,0,596.8593976104285,0,1011.8,232.8641859756645,8.732271780602453,49,,
2018,9,4,12,0,11.9,23,40.6,6,290,725.0,74,661.588178199318,0,1011.4,235.24109215924,9.866266085264693,52,,
2018,9,4,13,0,11.6,40,31.9,6.2,241,712.0,113,642.1944366989976,0,1011.2,232.7546895549266,9.397272029794768,57,,
2018,9,4,14,0,11.4,54,44.3,6.5,184,678.0,18,564.162306470871,0,1010.9,235.23090480604705,8.219782488844443,66,,
2018,9,4,15,0,11.1,66,27.4,6.6,94,610.0,58,432.4073824439091,0,1010.9,225.80396589022416,9.682757321111708,75,,
2018,9,4,16,0,10.6,76,10.6,6.8,30,475.0,4,254.2390826276521,0,1011.2,227.6449716846741,9.64788824518068,86,,
2018,9,4,17,0,10.1,86,4.1,6.9,0,209.0,0,64.96509016723304,0,1011.4,229.28335584446532,9.10214717444164,97,,
2018,9,4,18,0,9.8,96,27.4,6.9,0,0.0,0,0.0,0,1011.6,232.73663211433728,8.774035018180598,109,,
2018,9,4,19,0,9.7,107,37.5,6.8,0,0.0,0,0.0,0,1011.8,223.01454683865504,9.721476503602682,120,,
2018,9,4,20,0,9.6,120,43,6.8,0,0.0,0,0.0,0,1011.9,225.8006684170314,9.833818572539789,130,,
2018,9,4,21,0,9.5,137,43,6.9,0,0.0,0,0.0,0,1011.9,226.5218204612106,9.659488776779348,139,,
2018,9,4,22,0,9.4,159,43,7.1,0,0.0,0,0.0,0,1011.7,224.2292683412772,10.38259963541426,145,,
2018,9,4,23,0,9.3,-175,43,7.4,0,0.0,0,0.0,0,1011.6,228.30959345560788,11.623291138697844,146,,
2018,9,5,0,0,9.2,-150,42.4,7.5,0,0.0,0,0.0,0,1011.5,235.3777982577884,12.06646149815007,143,,
2018,9,5,1,0,9.1,-130,41.7,7.4,0,0.0,0,0.0,0,1011.4,229.8002672575175,11.168856307656778,136,,
2018,9,5,2,0,9.1,-115,16.1,7.3,0,0.0,0,0.0,0,1011.3,225.72019126997844,11.19357668882523,126,,
2018,9,5,3,0,9,-102,0,7.2,0,0.0,0,0.0,0,1011.5,229.138027113934,12.00740518418936,115,,
2018,9,5,4,0,8.9,-92,26.6,7.1,0,0.0,0,0.0,0,1012,227.11645907315537,11.999480685778952,104,,
2018,9,5,5,0,8.9,-82,2.6,7,2,0.0,1,0.0,0,1012.4,224.654485789373,11.651418827598851,93,,
2018,9,5,6,0,9.3,-72,2.8,7,47,2.0,52,1.0000000000000002,0,1012.7,222.7964668565824,10.977767489937534,82,,
2018,9,5,7,0,10.2,-61,15.2,7.1,115,79.0,116,47.27336676466413,0,1013,220.58208577943185,10.663144166411683,71,,
2018,9,5,8,0,11.1,-49,24.7,7.2,233,210.0,106,167.13700766594908,0,1013.2,218.2865041091304,10.89659208308428,62,,
2018,9,5,9,0,11.6,-33,21.4,7,226,390.0,225,326.6266738605706,0,1013.2,227.59415411577064,10.950488593575294,54,,
2018,9,5,10,0,11.5,-15,31.7,6.6,291,400.0,156,449.7729962068961,0,1012.9,245.73226768616377,11.62783691184703,50,,
2018,9,5,11,0,11.4,4,31.6,6.2,289,406.0,173,520.8824290573732,0,1012.7,248.48237104454063,11.908584999041716,49,,
2018,9,5,12,0,11.4,23,19.6,6,238,420.0,268,553.6105059990593,0,1012.5,251.2154084546293,12.600861124857763,51,,
2018,9,5,13,0,11.4,40,17.3,5.8,187,483.0,260,564.8180554612763,0,1012.4,235.20935507873224,9.913167481720722,57,,
2018,9,5,14,0,11.4,54,37.5,5.7,133,545.0,98,528.8060466854772,0,1012.3,245.7953844984063,12.077918197716928,65,,
2018,9,5,15,0,11,66,2.1,5.8,64,444.0,145,385.1294826888464,0,1012.4,250.3351341653416,14.401717861182256,75,,
2018,9,5,16,0,10.4,77,0,6,20,143.0,28,154.56393280679492,0,1012.7,241.0269776892461,13.572951155282286,86,,
2018,9,5,17,0,9.7,86,0,6.2,0,29.0,0,27.2256367632244,0,1013.1,240.5212176973611,13.907696016546202,97,,
2018,9,5,18,0,9.2,96,0,6.2,0,0.0,0,0.0,0,1013.3,246.5611683529088,14.220521925463505,108,,
2018,9,5,19,0,8.9,107,1.9,6,0,0.0,0,0.0,0,1013.6,236.7493533538336,15.980602583677946,120,,
2018,9,5,20,0,8.5,120,4.5,5.7,0,0.0,0,0.0,0,1013.9,239.2143868739003,16.213645047124643,130,,
2018,9,5,21,0,8.4,137,6.6,5.8,0,0.0,0,0.0,0,1013.8,236.82376439439844,16.618651943842845,139,,
2018,9,5,22,0,8.3,159,23.6,6.3,0,0.0,0,0.0,0,1013.5,235.36754727872383,17.439662922261487,145,,
2018,9,5,23,0,8.2,-174,42.3,6.8,0,0.0,0,0.0,0,1013.2,234.3670549159302,18.092936920845645,146,,
2018,9,6,0,0,8.3,-150,42.1,7.1,0,0.0,0,0.0,0,1012.8,235.5996351294208,19.36324680149076,143,,
2018,9,6,1,0,8.5,-130,49.7,7.1,0,0.0,0,0.0,0,1012.4,233.8289116342192,18.1120404724868,135,,
2018,9,6,2,0,8.7,-115,59.9,7.2,0,0.0,0,0.0,0,1012,243.01002013418903,17.622185186411762,126,,
2018,9,6,3,0,8.8,-103,51.5,7.2,0,0.0,0,0.0,0,1011.7,249.1586976660444,17.64865786620445,115,,
2018,9,6,4,0,9,-92,55.4,7.1,0,0.0,0,0.0,0,1011.5,254.63568573537933,17.965311376528522,104,,
2018,9,6,5,0,9.2,-83,58.1,7,2,0.0,0,0.0,0,1011.4,270.80165892165644,18.688596830426075,92,,
2018,9,6,6,0,9.5,-73,57.3,7.2,38,0.0,0,0.0,0,1011.1,280.3360800014933,16.06315919065245,81,,
2018,9,6,7,0,10.1,-62,52.6,7.6,128,3.0,0,16.177653595527524,0,1010.8,255.50530501749472,15.70344094675028,71,,
2018,9,6,8,0,10.7,-49,60.4,8,172,8.0,0,58.95318459863888,0,1010.5,245.1736667131663,18.54999890166791,62,,
2018,9,6,9,0,11.1,-33,59.2,8.2,227,15.0,0,122.14342983910852,0,1009.8,243.3312582758644,18.702533761975467,54,,
2018,9,6,10,0,11.3,-15,61,8.1,247,23.0,0,199.4710539787799,0,1008.7,245.06172032197148,19.71460503179888,49,,
2018,9,6,11,0,11.4,4,64.7,8.1,229,52.0,0,296.9104950303272,0,1007.7,251.7660104717856,18.77606189336935,48,,
2018,9,6,12,0,11.4,23,62.9,8.1,224,33.0,0,268.28686300611787,0,1006.7,260.7827921954408,18.59507631972945,51,,
2018,9,6,13,0,11.3,40,57.4,8.2,216,16.0,0,196.6674247350777,0,1005.7,255.8365896388014,17.447863990552346,57,,
2018,9,6,14,0,11.2,55,64.2,8.3,130,13.0,0,153.89826458409635,0,1004.7,258.24155192496335,17.046682042009714,65,,
2018,9,6,15,0,11.2,66,63,8.3,63,5.0,0,75.50979792707594,0,1003.9,261.85033237633286,15.975297074697302,75,,
2018,9,6,16,0,11.2,77,69.9,8.2,13,5.0,0,44.78602621138168,0,1003.2,306.49177546393946,13.192132981208143,86,,
2018,9,6,17,0,11.1,87,85.2,8.2,0,9.0,0,18.65170202583922,0,1002.6,4.8064219039031855,11.649118724631746,97,,
2018,9,6,18,0,11,97,78.6,8.1,0,0.0,0,0.0,0,1002.1,331.384003149532,7.056541638560361,108,,
2018,9,6,19,0,10.8,108,92.3,8.2,0,0.0,0,0.0,0,1001.7,323.4080681088445,9.682291676584745,119,,
2018,9,6,20,0,10.6,121,95.7,8.2,0,0.0,0,0.0,0,1001.2,326.6792759787947,10.126062043144026,130,,
2018,9,6,21,0,10.4,138,90.8,8.3,0,0.0,0,0.0,0,1000.4,334.17258769618337,10.185653334854,138,,
2018,9,6,22,0,10.2,160,70.6,8.5,0,0.0,0,0.0,0,999.2,332.03644288971685,9.55559516456962,144,,
2018,9,6,23,0,9.9,-174,40.4,8.7,0,0.0,0,0.0,0,998,328.6956601853526,9.706254494365725,146,,
2018,9,7,0,0,9.7,-150,38.8,8.7,0,0.0,0,0.0,0,997,338.4985656759521,8.8670739254841,142,,
2018,9,7,1,0,9.6,-130,18.5,8.7,0,0.0,0,0.0,0,996.1,20.45715928635332,9.71863014294475,135,,
2018,9,7,2,0,9.4,-115,0,8.6,0,0.0,0,0.0,0,995.2,39.98292392264074,12.128395317975183,125,,
2018,9,7,3,0,9.4,-103,0,8.6,0,0.0,0,0.0,0,994.6,36.62204128576104,12.54030288313015,115,,
2018,9,7,4,0,9.4,-93,0,8.8,0,0.0,0,0.0,0,994.2,33.5803638380612,12.130093993973004,103,,
2018,9,7,5,0,9.4,-83,1.1,8.9,4,0.0,1,0.0,0,993.8,32.350041791946694,11.370468625675183,92,,
2018,9,7,6,0,9.6,-73,30.2,9,66,1.0,1,1.0,0,993.7,33.29478948507551,10.24689447064308,81,,
2018,9,7,7,0,10,-62,74.7,9.1,63,37.0,0,47.38269613262519,0,993.8,33.067849355350575,10.119880282566552,71,,
2018,9,7,8,0,10.4,-49,76.4,9.1,103,150.0,0,173.43599912412492,0,993.9,33.85851343440123,9.535237366277777,61,,
2018,9,7,9,0,10.6,-34,80.8,9.2,108,301.0,0,333.90543717801245,0,994.1,32.24246783912332,9.606313028420423,54,,
2018,9,7,10,0,10.7,-15,41.2,9.5,291,320.0,91,413.2044266054402,0,994.4,32.221062774099664,9.260347870627315,49,,
2018,9,7,11,0,10.7,4,46.1,9.8,297,483.0,65,549.1533515295424,0,994.7,34.65282895201585,8.611866453756084,48,,
2018,9,7,12,0,10.6,24,37.5,9.8,223,631.0,169,643.213666367253,0,995.2,31.68624302379783,8.251471362976789,51,,
2018,9,7,13,0,10.4,41,49.5,9.6,212,644.0,60,633.2975563733122,0,995.9,23.35896497451995,8.669816884683213,57,,
2018,9,7,14,0,10.2,55,48.9,9.3,146,473.0,43,495.378091038176,0,996.7,22.47645617861781,8.230964033797427,65,,
2018,9,7,15,0,10,67,24.8,9.1,125,410.0,37,370.4067730944752,0,997.6,23.373238814929152,7.877108219813318,75,,
2018,9,7,16,0,9.8,77,52.9,8.8,22,286.0,0,208.19176159224375,0,998.6,20.832485545608165,7.847248778865592,86,,
2018,9,7,17,0,9.5,87,57.2,8.6,0,126.0,0,55.543144548553485,0,999.7,17.916627011092544,7.313915608802725,97,,
2018,9,7,18,0,9.4,97,48,8.4,0,0.0,0,0.0,0,1000.5,8.58015372238117,6.848374715870184,108,,
2018,9,7,19,0,9.3,108,46.3,8.3,0,0.0,0,0.0,0,1001.1,358.6435131838701,7.920432540667202,119,,
2018,9,7,20,0,9.2,121,62.9,8.2,0,0.0,0,0.0,0,1001.7,352.3324780119287,7.800456850721225,129,,
2018,9,7,21,0,9.1,138,61.9,8.1,0,0.0,0,0.0,0,1002.1,349.545680930218,7.458032691657325,138,,
2018,9,7,22,0,9,160,52.9,8,0,0.0,0,0.0,0,1002.4,343.6027535652206,6.863379007163264,144,,
2018,9,7,23,0,8.9,-174,42.3,7.9,0,0.0,0,0.0,0,1002.6,340.09235401035147,7.158484634755148,145,,
2018,9,8,0,0,8.8,-150,42.2,7.8,0,0.0,0,0.0,0,1002.8,340.2049950140465,7.751230822777675,142,,
2018,9,8,1,0,8.7,-130,42.8,7.7,0,0.0,0,0.0,0,1003.1,341.9524258479025,7.867812377145444,134,,
2018,9,8,2,0,8.6,-115,35.7,7.6,0,0.0,0,0.0,0,1003.4,340.8123614345782,7.986907143149416,125,,
2018,9,8,3,0,8.6,-103,31.8,7.5,0,0.0,0,0.0,0,1003.9,338.741595837761,8.161032845548009,114,,
2018,9,8,4,0,8.5,-93,0,7.3,0,0.0,0,0.0,0,1004.6,333.97528145967834,7.977046824816965,103,,
2018,9,8,5,0,8.4,-83,0.2,7.2,4,0.0,2,0.0,0,1005.4,328.814051785535,8.086830395773731,92,,
2018,9,8,6,0,8.7,-73,32.8,7.2,71,2.0,10,1.0000000000000002,0,1006,328.0153248294525,8.377503323424843,81,,
2018,9,8,7,0,9.5,-62,9.9,7.2,119,69.0,152,52.80422194936903,0,1006.5,324.214933983637,8.374108402277145,70,,
2018,9,8,8,0,10.3,-49,0.6,7.3,89,224.0,375,184.12572414636836,0,1007.1,320.1657601891419,8.683689849637505,61,,
2018,9,8,9,0,10.7,-34,4.2,7.1,143,404.0,428,349.83646037726544,0,1007.4,316.9096351510982,8.874319456764729,53,,
2018,9,8,10,0,10.7,-15,21.1,6.6,332,481.0,199,495.9027539953218,0,1007.6,311.79893047035574,9.222141640898686,49,,
2018,9,8,11,0,10.7,5,26.6,6.1,378,406.0,130,538.0988742038716,0,1007.7,308.5162272456039,9.90501641917228,47,,
2018,9,8,12,0,10.6,24,3.7,5.8,141,311.0,484,517.0525390264809,0,1007.9,304.83559239645933,10.43196534846115,50,,
2018,9,8,13,0,10.4,41,8.6,5.6,173,196.0,328,428.4595204582967,0,1008.2,296.5255281619287,10.9213603939473,56,,
2018,9,8,14,0,10.2,55,5.9,5.4,122,43.0,256,229.48866096322635,0,1008.4,297.60900623527067,11.380068448892468,65,,
2018,9,8,15,0,9.9,67,24.1,5.2,123,64.0,49,197.62529916020597,0,1008.8,303.6668065251968,11.841888648848888,75,,
2018,9,8,16,0,9.6,78,41.1,4.9,30,104.0,0,144.89851606271034,0,1009.4,297.9497571099506,11.652356121224187,85,,
2018,9,8,17,0,9.2,87,36.1,4.6,0,47.0,0,38.93836138089272,0,1009.9,291.3411005782822,11.856186715873616,97,,
2018,9,8,18,0,8.9,97,27.4,4.7,0,0.0,0,0.0,0,1010.4,279.1279656419704,11.713025238449262,108,,
2018,9,8,19,0,8.7,109,35.8,5.1,0,0.0,0,0.0,0,1010.9,270.699701450288,12.1952452966279,119,,
2018,9,8,20,0,8.5,122,2.9,5.4,0,0.0,0,0.0,0,1011.3,270.47986020435394,12.884729227752189,129,,
2018,9,8,21,0,8.5,139,0,6,0,0.0,0,0.0,0,1011.4,304.28767386172694,14.503300932343386,138,,
2018,9,8,22,0,8.8,160,0,6.6,0,0.0,0,0.0,0,1011.3,341.3932600347666,12.205087838464353,144,,
2018,9,8,23,0,9.1,-174,0,7.3,0,0.0,0,0.0,0,1011.1,355.8214155020792,12.30663951346461,145,,
2018,9,9,0,0,9.3,-150,0,7.6,0,0.0,0,0.0,0,1011.1,348.84514799668864,12.064346577323771,141,,
2018,9,9,1,0,9.2,-130,0,7.6,0,0.0,0,0.0,0,1011.1,346.45416620388386,13.075138685391725,134,,
2018,9,9,2,0,9.2,-115,6.8,7.6,0,0.0,0,0.0,0,1011.2,343.7513100414563,13.84882840467058,125,,
2018,9,9,3,0,9.2,-103,40.5,7.3,0,0.0,0,0.0,0,1011.5,341.42891064204457,14.069009937696494,114,,
2018,9,9,4,0,9.1,-93,30.9,6.9,0,0.0,0,0.0,0,1012,346.61223150852504,15.208952569983405,103,,
2018,9,9,5,0,9.1,-83,39.8,6.4,3,0.0,0,0.0,0,1012.5,343.9731802445387,14.418312974002363,91,,
2018,9,9,6,0,9.5,-73,45.8,6.3,61,1.0,0,1.0,0,1013,343.98708153942744,15.110209091896474,80,,
2018,9,9,7,0,10.4,-62,45.1,6.4,160,9.0,1,28.67410808277618,0,1013.5,338.6985938625081,16.46336185759801,70,,
2018,9,9,8,0,11.3,-49,39.2,6.5,264,13.0,10,78.38646686177123,0,1013.9,340.87507635358475,16.919180645867943,60,,
2018,9,9,9,0,11.7,-34,48.4,6.9,303,95.0,0,236.45258073612584,0,1014.1,342.3883265798831,17.08138245650913,53,,
2018,9,9,10,0,11.7,-15,56.3,7.4,291,240.0,0,391.94713196832544,0,1014.1,357.6667512069524,18.842037225888443,48,,
2018,9,9,11,0,11.6,5,63.4,7.9,252,357.0,0,509.4066851433663,0,1014,13.936136472197177,16.70786416753837,47,,
2018,9,9,12,0,11.6,24,49.1,8.3,282,502.0,44,603.3254339691138,0,1014.1,19.634680254092245,14.4505922830529,50,,
2018,9,9,13,0,11.5,41,51.9,8.5,226,561.0,38,612.6740061064254,0,1014.3,14.679225702912332,13.080516478034436,56,,
2018,9,9,14,0,11.4,56,47.1,8.8,155,527.0,59,533.8583896570472,0,1014.4,9.981210728498525,14.075835735128573,65,,
2018,9,9,15,0,11.3,67,63,9,82,418.0,4,386.7095689702448,0,1014.8,13.688827516074753,15.683271848954671,74,,
2018,9,9,16,0,11.1,78,22.7,9,30,268.0,2,210.6240518244833,0,1015.3,21.955407082802594,14.607239764022356,85,,
2018,9,9,17,0,10.8,88,0.2,9.1,0,79.0,0,48.286890874352494,0,1015.8,20.556522816746963,13.711959029178908,96,,
2018,9,9,18,0,10.6,98,0.6,9.1,0,0.0,0,0.0,0,1016.4,19.981004418893804,12.507516615618494,108,,
2018,9,9,19,0,10.4,109,19.2,9,0,0.0,0,0.0,0,1017,11.450961409553427,11.86582819955806,119,,
2018,9,9,20,0,10.2,122,35.8,9,0,0.0,0,0.0,0,1017.7,8.956867222914354,12.320650310154615,129,,
2018,9,9,21,0,10.2,139,26,9,0,0.0,0,0.0,0,1018,9.279730281976017,12.015154577603107,138,,
2018,9,9,22,0,10.2,161,27.9,9.3,0,0.0,0,0.0,0,1018.2,7.401745087488223,11.81229622730718,143,,
2018,9,9,23,0,10.3,-174,1.5,9.5,0,0.0,0,0.0,0,1018.3,5.4664301451402935,10.950925842972158,145,,
2018,9,10,0,0,10.3,-150,0,9.6,0,0.0,0,0.0,0,1018.5,6.002913871062674,9.975353367839686,141,,
2018,9,10,1,0,10.2,-131,0,9.4,0,0.0,0,0.0,0,1018.7,352.2171189478557,9.993176737143289,134,,
2018,9,10,2,0,10.1,-116,0,9.3,0,0.0,0,0.0,0,1019,355.98638114518974,10.990822824601883,124,,
2018,9,10,3,0,10,-104,0,9.1,0,0.0,0,0.0,0,1019.4,357.50917317386927,10.01629941398498,114,,
2018,9,10,4,0,9.9,-93,1.1,9,0,0.0,0,0.0,0,1019.9,2.554218401333685,10.786839796928644,102,,
2018,9,10,5,0,9.8,-83,0.2,8.8,5,0.0,3,0.0,0,1020.5,357.28486686617214,9.642905220663724,91,,
2018,9,10,6,0,10.2,-73,11.1,8.7,59,2.0,54,2.0,0,1020.8,352.08139039087695,11.028006146947948,80,,
2018,9,10,7,0,11.1,-62,40.8,8.8,154,18.0,29,38.44388651629801,0,1021,0.99145567971226,10.963067098692672,70,,
2018,9,10,8,0,12,-49,41.1,8.8,268,28.0,18,102.44759637029844,0,1021.2,355.10623174314634,9.49849317860337,60,,
2018,9,10,9,0,12.4,-34,22.5,8.6,291,77.0,188,218.20654326812317,0,1021.2,355.29783751494347,10.14669964059914,53,,
2018,9,10,10,0,12.3,-15,31.9,8.3,347,186.0,121,363.7949198026369,0,1020.9,357.8662752849628,9.429389411620438,48,,
2018,9,10,11,0,12.1,5,61.5,7.9,272,299.0,0,482.3332901228519,0,1020.6,346.3590107587115,9.18436052568508,47,,
2018,9,10,12,0,12,25,60.1,7.7,263,315.0,0,512.835160175918,0,1020.4,344.9911917957025,10.210882611408117,50,,
2018,9,10,13,0,11.9,42,66.4,7.8,188,380.0,0,528.248259662889,0,1020.1,347.7419141226082,9.863799264731876,56,,
2018,9,10,14,0,11.8,56,67.6,7.8,135,384.0,0,469.7772464016689,0,1019.8,344.81654758151694,8.490981766524037,64,,
2018,9,10,15,0,11.5,68,66.8,7.8,76,166.0,0,268.9110360877343,0,1019.8,343.41755290907304,8.397085930943712,74,,
2018,9,10,16,0,11.1,78,39.2,7.8,20,106.0,1,145.3879209666837,0,1020,338.16248599063204,8.633429530260154,85,,
2018,9,10,17,0,10.6,88,0,7.8,0,69.0,0,46.58136501988315,0,1020.2,336.42909473396486,9.383222439185742,96,,
2018,9,10,18,0,10.2,98,0,7.7,0,0.0,0,0.0,0,1020.3,340.074943228087,9.099643766981355,108,,
2018,9,10,19,0,9.7,109,18.1,7.5,0,0.0,0,0.0,0,1020.3,342.3720744287826,7.969946453555973,119,,
2018,9,10,20,0,9.3,122,39.5,7.3,0,0.0,0,0.0,0,1020.3,333.63543934853766,7.2701041945411635,129,,
2018,9,10,21,0,9,139,39.5,7.3,0,0.0,0,0.0,0,1020.1,323.26826471041926,6.439178877484415,137,,
2018,9,10,22,0,9,161,23,7.5,0,0.0,0,0.0,0,1019.8,306.12908019436827,6.208624431860227,143,,
2018,9,10,23,0,9,-174,13.6,7.8,0,0.0,0,0.0,0,1019.5,301.9283715082765,6.18039361268904,144,,
2018,9,11,0,0,9,-150,3.5,7.9,0,0.0,0,0.0,0,1019,287.39061897679375,6.544515876619903,141,,
2018,9,11,1,0,9,-131,7.8,7.8,0,0.0,0,0.0,0,1018.3,276.7865485973397,8.724705801679232,133,,
2018,9,11,2,0,9,-116,0,7.7,0,0.0,0,0.0,0,1017.7,275.7277152264036,9.511108106245834,124,,
2018,9,11,3,0,9,-104,0,7.7,0,0.0,0,0.0,0,1017.3,269.18430054759824,10.512539942435316,113,,
2018,9,11,4,0,9,-93,0,7.7,0,0.0,0,0.0,0,1017.2,264.33185623318013,11.640164938418472,102,,
2018,9,11,5,0,9.1,-84,1.9,7.7,7,0.0,2,0.0,0,1017,266.0685294149005,12.174401120294378,91,,
2018,9,11,6,0,9.7,-74,41.4,8,72,8.0,14,3.0000000000000004,0,1016.9,263.12470620544786,12.214297205229224,80,,
2018,9,11,7,0,11,-63,53,8.3,143,126.0,5,69.78159239481118,0,1016.9,252.4953185173189,11.797792565743176,69,,
2018,9,11,8,0,12.2,-50,53.1,8.7,233,328.0,0,220.04685024401223,0,1016.8,249.89847013197755,12.51373826377409,60,,
2018,9,11,9,0,12.9,-34,34.3,8.8,369,521.0,41,400.5187862898116,0,1016.4,249.20338392733672,13.23668176978718,52,,
2018,9,11,10,0,13.1,-15,11.1,8.5,237,723.0,384,579.178412423511,0,1015.6,251.56665228870293,13.813733656409894,47,,
2018,9,11,11,0,13.4,5,23.8,8.2,364,758.0,180,678.0447460584508,0,1014.8,253.7729845334512,14.211926212487771,46,,
2018,9,11,12,0,13.5,25,15.7,8.1,291,769.0,272,719.9348284962231,0,1014,257.77357617359206,14.0091573194125,49,,
2018,9,11,13,0,13.5,42,9.5,8.3,190,759.0,321,700.2291896237434,0,1013.3,257.32831687679777,15.058177098151766,56,,
2018,9,11,14,0,13.5,56,48.8,8.5,184,692.0000000000001,31,604.9912149018651,0,1012.6,253.40219229598165,16.074810299933148,64,,
2018,9,11,15,0,13.3,68,44.9,8.6,103,612.0,12,464.09734335638456,0,1012.2,250.86142521919683,16.35204599342776,74,,
2018,9,11,16,0,13,79,37,8.5,29,490.0,10,284.8285764382207,0,1012.1,251.775504924184,17.31945453148271,85,,
2018,9,11,17,0,12.7,89,46.8,8.4,0,161.0,0,70.22530320600524,0,1012.1,257.68811704399315,18.56990460054957,96,,
2018,9,11,18,0,12.4,99,47.3,8.4,0,0.0,0,0.0,0,1012.1,254.72920046243212,19.7161622321748,107,,
2018,9,11,19,0,12.1,110,39.3,8.5,0,0.0,0,0.0,0,1012.2,254.3496937926256,20.79081656887935,118,,
2018,9,11,20,0,11.9,123,23,8.6,0,0.0,0,0.0,0,1012.3,260.68653027101857,20.516549106305508,128,,
2018,9,11,21,0,11.9,140,8.6,8.7,0,0.0,0,0.0,0,1012.2,321.00521141431534,17.327881788124095,137,,
2018,9,11,22,0,12.3,161,0,9,0,0.0,0,0.0,0,1012.1,314.76204361714844,20.908340373829304,143,,
2018,9,11,23,0,12.7,-174,0,9.3,0,0.0,0,0.0,0,1012,352.1550011054326,20.74665932305493,144,,
2018,9,12,0,0,12.8,-150,0,9.4,0,0.0,0,0.0,0,1011.8,331.84971192605275,16.47765478218884,140,,
2018,9,12,1,0,12.8,-131,0,9.4,0,0.0,0,0.0,0,1011.7,333.96138625182965,18.371580624805283,133,,
2018,9,12,2,0,12.8,-116,0,9.5,0,0.0,0,0.0,0,1011.6,331.3953448254434,18.848411812140625,124,,
2018,9,12,3,0,12.8,-104,0,9.5,0,0.0,0,0.0,0,1011.7,331.2169593952742,18.526513684486662,113,,
2018,9,12,4,0,12.7,-94,0,9.6,0,0.0,0,0.0,0,1012,328.7418342024135,20.485140011466992,102,,
2018,9,12,5,0,12.6,-84,0.2,9.6,7,0.0,2,0.0,0,1012.4,337.8382036119814,23.201631658516384,90,,
2018,9,12,6,0,13,-74,3.4,9.9,58,2.0,69,2.0,0,1012.7,342.8323599769516,20.612731615422742,79,,
2018,9,12,7,0,14.1,-63,0,10.3,87,82.0,224,62.45816548614643,0,1013.1,335.6032610207449,20.93904224807811,69,,
2018,9,12,8,0,15.1,-50,9.9,10.8,189,250.0,238,201.2485101148297,0,1013.5,338.0520451713207,21.0753110883589,59,,
2018,9,12,9,0,15.6,-34,62.7,11,189,340.0,32,341.32818714999325,0,1013.6,338.2459763414737,19.788936950429903,52,,
2018,9,12,10,0,15.6,-15,79.6,10.9,141,551.0,0,527.2765894948232,0,1013.4,346.75134683908766,17.726433988452506,47,,
2018,9,12,11,0,15.7,5,78.2,10.8,153,605.0,0,626.382000774968,0,1013.3,350.2760989014167,16.2817701670314,46,,
2018,9,12,12,0,15.6,25,70.2,10.8,195,623.0,0,665.791689555554,0,1013.1,350.428572239427,15.786906962080511,49,,
2018,9,12,13,0,15.5,42,50.3,10.9,275,620.0,0,648.1885566585748,0,1012.9,348.7362967009871,16.318964895705754,55,,
2018,9,12,14,0,15.3,57,13.1,11,162,584.0,188,567.5341961393178,0,1012.7,351.38453519997125,15.997656488528024,64,,
2018,9,12,15,0,14.7,68,17,11.1,121,533.0,68,440.95945651655006,0,1012.7,355.02152587373746,15.124196640070211,74,,
2018,9,12,16,0,13.7,79,3.4,11.1,30,326.0,28,237.46550978470208,0,1013,355.89523644260515,15.147008870806042,85,,
2018,9,12,17,0,12.7,89,0,11.1,0,62.0,0,47.61590031535805,0,1013.2,356.7654313194787,15.507615287545322,96,,
2018,9,12,18,0,11.9,99,0,10.9,0,0.0,0,0.0,0,1013.4,353.2159487379638,16.05454572443305,107,,
2018,9,12,19,0,11.4,110,0,10.5,0,0.0,0,0.0,0,1013.6,347.7765820603971,16.439839029875692,118,,
2018,9,12,20,0,10.8,123,0,10,0,0.0,0,0.0,0,1013.8,344.24800875978457,16.04468390299336,128,,
2018,9,12,21,0,10.5,140,0,9.7,0,0.0,0,0.0,0,1013.8,342.00302011891125,15.513679516879384,137,,
2018,9,12,22,0,10.4,162,0,9.5,0,0.0,0,0.0,0,1013.5,339.6717029633819,15.534677587803236,142,,
2018,9,12,23,0,10.4,-174,0,9.2,0,0.0,0,0.0,0,1013.2,334.8375138362914,15.242037824700432,143,,
2018,9,13,0,0,10.4,-150,0,9.2,0,0.0,0,0.0,0,1013,333.88878424451525,15.341894736848976,140,,
2018,9,13,1,0,10.5,-131,0,9.2,0,0.0,0,0.0,0,1012.8,329.9478373701612,16.68512233482944,133,,
2018,9,13,2,0,10.6,-116,0,9.2,0,0.0,0,0.0,0,1012.5,327.23017109478326,16.97816907335273,123,,
2018,9,13,3,0,10.8,-104,0,9.3,0,0.0,0,0.0,0,1012.5,325.94747981287964,16.22713366418359,113,,
2018,9,13,4,0,11,-94,0,9.3,0,0.0,0,0.0,0,1012.6,325.73715555330074,16.06672707276082,101,,
2018,9,13,5,0,11.2,-84,2.5,9.4,9,0.0,2,0.0,0,1012.7,327.69337688099154,16.376080794010946,90,,
2018,9,13,6,0,12,-74,30.6,9.8,97,1.0,0,1.0,0,1013,327.18155505767413,15.99769299236478,79,,
2018,9,13,7,0,13.6,-63,11.8,10.5,128,34.0,164,51.276485822121785,0,1013.4,326.10999559831515,16.222032448201656,68,,
2018,9,13,8,0,15.1,-50,0,11.2,98,106.0,392,160.94641280965809,0,1013.8,323.2584466358617,15.607363375545887,59,,
2018,9,13,9,0,16.1,-34,5.7,11.5,166,178.0,418,286.67058135443114,0,1013.8,321.2139673004546,15.40343721258708,51,,
2018,9,13,10,0,16.4,-15,3.4,11.3,146,95.0,525,314.03262012971953,0,1013.4,322.6149491012604,15.032394716527586,47,,
2018,9,13,11,0,16.8,5,27.9,11.2,398,41.0,112,277.40847357426145,0,1013,321.9587113948055,14.982916348278748,46,,
2018,9,13,12,0,16.8,25,34.3,11.2,358,42.0,77,288.78217214923126,0,1012.7,321.69295451090227,15.197260934211018,49,,
2018,9,13,13,0,16.6,43,22.4,11.3,270,89.0,161,346.15052274242254,0,1012.3,320.60153874113394,15.270190057133837,55,,
2018,9,13,14,0,16.3,57,6.7,11.4,137,141.0,244,345.8044544229255,0,1012,321.3110251624528,14.905216615072831,64,,
2018,9,13,15,0,15.8,69,45,11.4,129,118.0,2,251.4326112240509,0,1011.8,323.2520679687971,14.909701749426995,74,,
2018,9,13,16,0,14.9,79,39.3,11.4,35,69.0,0,132.3779020687182,0,1011.7,321.76548182066006,14.413755914999356,85,,
2018,9,13,17,0,14,89,40.2,11.4,0,16.0,0,28.308906650812823,0,1011.6,320.466779220205,14.11241184811898,96,,
2018,9,13,18,0,13.5,99,49.8,11.1,0,0.0,0,0.0,0,1011.5,319.6046177780396,14.184118182909614,107,,
2018,9,13,19,0,13.2,110,39.1,10.5,0,0.0,0,0.0,0,1011.3,320.2031527040092,13.549903091210808,118,,
2018,9,13,20,0,13,124,41.3,9.9,0,0.0,0,0.0,0,1011.1,320.1884977234584,13.286452120554314,128,,
2018,9,13,21,0,13.2,141,28.1,9.6,0,0.0,0,0.0,0,1010.6,307.15337087794546,12.030567164674702,136,,
2018,9,13,22,0,13.8,162,42.3,9.5,0,0.0,0,0.0,0,1009.9,292.47825337362167,11.321586563517329,142,,
2018,9,13,23,0,14.4,-174,43.1,9.4,0,0.0,0,0.0,0,1009.3,291.1783136406011,11.868746591681,143,,
2018,9,14,0,0,14.7,-150,30.9,9.4,0,0.0,0,0.0,0,1008.5,288.6982690159724,12.279973381123131,139,,
2018,9,14,1,0,14.8,-131,52.7,9.4,0,0.0,0,0.0,0,1007.8,282.75092852073976,11.694154252649854,132,,
2018,9,14,2,0,14.9,-117,67.3,9.5,0,0.0,0,0.0,0,1007.1,277.0067595903354,11.619983872699544,123,,
2018,9,14,3,0,14.9,-105,66,9.5,0,0.0,0,0.0,0,1006.5,286.7007856506814,12.169070712870676,112,,
2018,9,14,4,0,14.9,-94,60.6,9.3,0,0.0,0,0.0,0,1006.1,289.9253619242593,12.024506105622,101,,
2018,9,14,5,0,14.9,-84,55.3,9.1,7,0.0,0,0.0,0,1005.6,287.61128509285345,12.932550510925076,90,,
2018,9,14,6,0,15.5,-74,9.9,9.4,81,21.0,48,5.000000000000001,0,1005.3,288.36957005122497,13.667132068284811,79,,
2018,9,14,7,0,16.8,-63,0.9,10.1,99,257.0,221,94.16426311816512,0,1005.1,291.1024874004494,13.63248469879506,68,,
2018,9,14,8,0,18.1,-50,6.7,10.8,179,487.0,275,269.2752454645815,0,1004.8,289.971921909946,13.997574197978237,59,,
2018,9,14,9,0,18.7,-34,11.4,10.9,219,623.0,337,450.2384844573388,0,1004.3,288.4618454902082,14.308149928135936,51,,
2018,9,14,10,0,18.6,-15,2.2,10.6,148,710.0,534,599.0428689967337,0,1003.5,286.1233952454854,14.36762884892372,46,,
2018,9,14,11,0,18.6,6,2.8,10.2,159,724.0,532,689.644780236085,0,1002.7,285.6971275274927,14.294586769801365,45,,
2018,9,14,12,0,18.4,26,43.3,10.1,345,696.0000000000001,31,712.8464625543397,0,1002,282.66432759210886,14.789497770099644,48,,
2018,9,14,13,0,18,43,40.7,10.3,276,616.0,49,659.9057534404777,0,1001.5,282.6798023232301,15.263356279367516,55,,
2018,9,14,14,0,17.7,57,74.9,10.4,110,408.0,0,498.5443144546201,0,1001,285.1587735430999,15.064199393316812,63,,
2018,9,14,15,0,17,69,47.5,10.5,106,106.0,4,240.48880083632488,0,1000.8,287.1740248599229,15.261530886475825,73,,
2018,9,14,16,0,16,80,54.3,10.4,28,67.0,2,130.85126590744713,0,1000.9,291.19683057216326,14.77579728781524,84,,
2018,9,14,17,0,15.1,90,36.6,10.3,0,69.0,0,53.49899366969984,0,1001,297.3398639364042,13.265747253968938,96,,
2018,9,14,18,0,14.1,100,20.5,10.3,0,0.0,0,0.0,0,1001.3,303.55345728991745,11.018942164402326,107,,
2018,9,14,19,0,13.2,111,42.8,10.5,0,0.0,0,0.0,0,1001.8,288.63702404329536,12.25853441688513,118,,
2018,9,14,20,0,12.4,124,86.1,10.6,0,0.0,0,0.0,0,1002.2,287.2256296981057,10.476760668946287,128,,
2018,9,14,21,0,11.8,141,82.4,10.6,0,0.0,0,0.0,0,1002.2,289.76312936086765,9.01305997513578,136,,
2018,9,14,22,0,11.5,162,85.7,10.5,0,0.0,0,0.0,0,1001.8,270.12825428572813,12.760774157700018,141,,
2018,9,14,23,0,11.2,-174,84.2,10.4,0,0.0,0,0.0,0,1001.3,260.8555507234655,20.0613600653634,143,,
2018,9,15,0,0,11.1,-150,85,10.4,0,0.0,0,0.0,0,1000.9,269.3721551927984,18.49256533167048,139,,
2018,9,15,1,0,11,-132,85.5,10.3,0,0.0,0,0.0,0,1000.4,282.4929768646369,15.498058322452772,132,,
2018,9,15,2,0,10.9,-117,84,10.2,0,0.0,0,0.0,0,999.9,299.6635003428829,13.687319445181243,123,,
2018,9,15,3,0,10.7,-105,84.1,10.1,0,0.0,0,0.0,0,999.8,283.3714360186541,13.937144144501811,112,,
2018,9,15,4,0,10.5,-94,47.6,9.9,0,0.0,0,0.0,0,999.9,277.645348827146,15.8055416240316,101,,
2018,9,15,5,0,10.3,-85,28,9.7,8,0.0,0,0.0,0,1000,299.0707469421966,18.01123549889203,90,,
2018,9,15,6,0,10.5,-74,37.3,9.6,90,2.0,11,3.0,0,1000,323.5512135898625,17.293142860282327,78,,
2018,9,15,7,0,11,-63,12.1,9.6,132,18.0,164,43.93081341667648,0,999.9,333.48709408670106,18.95483291365172,68,,
2018,9,15,8,0,11.5,-50,17.9,9.6,135,50.0,286,133.67850034999083,0,999.9,322.9058276045043,18.54916554248831,58,,
2018,9,15,9,0,11.9,-34,27.3,9.4,331,130.0,128,269.6011603178824,0,1000,333.8716851890397,22.144813202041924,51,,
2018,9,15,10,0,12,-15,44.1,8.9,324,158.0,72,375.193533300101,0,1000.3,343.46390083440974,24.087300737464435,46,,
2018,9,15,11,0,12.2,6,17,8.4,318,67.0,283,332.4641085201107,0,1000.5,351.1201528067332,27.127636074928592,45,,
2018,9,15,12,0,12.2,26,24.5,8,250,91.0,268,377.39263901605113,0,1000.8,10.457905831150072,27.67803463481249,48,,
2018,9,15,13,0,12.1,43,29.8,7.8,215,105.0,187,374.255692289633,0,1001.3,25.6232249399809,25.44711825059996,54,,
2018,9,15,14,0,12,58,34.4,7.6,178,60.0,106,271.7090041378869,0,1001.7,26.72775801943618,23.030282833594203,63,,
2018,9,15,15,0,11.7,70,44.8,7.5,88,43.0,41,185.079032382316,0,1002.4,29.0132416665557,21.613724503211174,73,,
2018,9,15,16,0,11.1,80,0,7.3,29,45.0,41,118.5222062391708,0,1003.2,22.884139032495,20.89958003833682,84,,
2018,9,15,17,0,10.6,90,0,7.2,0,18.0,0,32.84215934455072,0,1004.1,24.78789975233309,19.83182302068493,95,,
2018,9,15,18,0,10,100,0,7,0,0.0,0,0.0,0,1004.9,27.92718016052333,19.62147279647033,107,,
2018,9,15,19,0,9.4,111,0,6.6,0,0.0,0,0.0,0,1005.6,28.3920177297008,19.58920053508122,118,,
2018,9,15,20,0,8.8,124,0,6.3,0,0.0,0,0.0,0,1006.3,38.128853730277,18.96795767805753,128,,
2018,9,15,21,0,8.5,141,0,6.1,0,0.0,0,0.0,0,1006.8,43.19133885845679,18.63522935623557,136,,
2018,9,15,22,0,8.5,162,0,6,0,0.0,0,0.0,0,1007,41.69406992037841,18.92260032196052,141,,
2018,9,15,23,0,8.5,-173,0,5.9,0,0.0,0,0.0,0,1007.1,39.82313707910152,16.823221576120247,142,,
2018,9,16,0,0,8.4,-151,0,5.7,0,0.0,0,0.0,0,1007.3,37.153530340925386,18.563411048084426,139,,
2018,9,16,1,0,8.2,-132,0,5.4,0,0.0,0,0.0,0,1007.3,39.02549272729959,17.40831478617648,132,,
2018,9,16,2,0,8.1,-117,0,5.1,0,0.0,0,0.0,0,1007.4,41.17793834894263,16.805441053405897,122,,
2018,9,16,3,0,8,-105,0,4.9,0,0.0,0,0.0,0,1007.5,37.536455027288696,16.109049080586672,112,,
2018,9,16,4,0,7.8,-95,0,4.6,0,0.0,0,0.0,0,1007.7,34.98566868820984,15.33597764463218,101,,
2018,9,16,5,0,7.7,-85,0.1,4.4,10,0.0,10,0.0,0,1007.9,33.78133226552666,14.240753865448964,89,,
2018,9,16,6,0,8.1,-75,6.6,4.4,62,13.0,100,5.000000000000001,0,1008,30.66806545715196,13.808499654532934,78,,
2018,9,16,7,0,8.9,-64,6.2,4.5,106,126.0,234,85.2060672240963,0,1008,28.874403180879085,13.420647530610315,67,,
2018,9,16,8,0,9.8,-50,21.2,4.6,182,271.0,244,231.0566896527253,0,1007.9,26.43785661374392,12.590687810173543,58,,
2018,9,16,9,0,10.3,-34,36.5,4.6,247,401.0,171,395.0249711746387,0,1007.8,25.82865781892553,12.292728995090396,50,,
2018,9,16,10,0,10.4,-15,32.7,4.5,283,366.0,218,483.8006046692534,0,1007.6,26.51783788949814,11.527436579527963,45,,
2018,9,16,11,0,10.6,6,55.5,4.4,302,504.0,37,613.5223961619276,0,1007.4,20.923011291195223,11.086761470871236,45,,
2018,9,16,12,0,10.6,26,73.7,4.4,187,449.0,0,616.7704120166286,0,1007.3,18.35995675517688,9.791642935027454,48,,
2018,9,16,13,0,10.4,44,66.2,4.4,206,418.0,0,581.4500970834218,0,1007.3,12.38787017635741,9.322768217996964,54,,
2018,9,16,14,0,10.3,58,68.1,4.4,139,304.0,0,460.3690505166836,0,1007.2,8.416276691266603,9.394382940378716,63,,
2018,9,16,15,0,10,70,19.9,4.4,129,245.0,72,336.42609761878464,0,1007.4,0.0,9.689697265625,73,,
2018,9,16,16,0,9.4,80,5.9,4.4,30,119.0,41,169.7569944988545,0,1007.8,354.77300251599445,9.60463735822724,84,,
2018,9,16,17,0,8.9,90,0,4.4,0,44.0,0,48.53812326613006,0,1008.2,349.09513615493006,10.35520029601391,95,,
2018,9,16,18,0,8.3,100,0,4.4,0,1.0,0,1.0278032035102924,0,1008.4,344.94648294508045,11.069564247553316,106,,
2018,9,16,19,0,7.7,112,0,4.2,0,0.0,0,0.0,0,1008.6,343.7669463307139,11.849610705459694,117,,
2018,9,16,20,0,7.1,125,0,4,0,0.0,0,0.0,0,1008.7,341.8880026577432,11.861663406585665,127,,
2018,9,16,21,0,7,142,0,4,0,0.0,0,0.0,0,1008.7,340.0301493954141,12.261159066815765,136,,
2018,9,16,22,0,7.5,163,0,4,0,0.0,0,0.0,0,1008.6,340.4752085123662,13.155401254581935,141,,
2018,9,16,23,0,7.9,-173,0,4.1,0,0.0,0,0.0,0,1008.6,340.7681417399704,13.727512048869906,142,,
2018,9,17,0,0,8.2,-151,0,4.1,0,0.0,0,0.0,0,1008.6,340.1518602331394,13.069601731660711,138,,
2018,9,17,1,0,8.4,-132,0,4.1,0,0.0,0,0.0,0,1008.6,338.8473601986459,12.936576932420849,131,,
2018,9,17,2,0,8.6,-117,0,4.1,0,0.0,0,0.0,0,1008.7,337.9095246228001,13.020781900177145,122,,
2018,9,17,3,0,8.8,-105,0,4.2,0,0.0,0,0.0,0,1008.8,336.3586475980815,13.511405800037496,111,,
2018,9,17,4,0,8.9,-95,0,4.4,0,0.0,0,0.0,0,1009.1,334.8009953254866,13.70297715467255,100,,
2018,9,17,5,0,9.1,-85,3.9,4.5,15,0.0,4,0.0,0,1009.4,331.28739838385343,13.399833835543026,89,,
2018,9,17,6,0,9.5,-75,16.3,5,77,1.0,70,3.0,0,1009.6,325.7896493019508,13.22850643547952,78,,
2018,9,17,7,0,10.3,-64,24.8,5.7,175,6.0,94,31.709443352326936,0,1009.9,324.6956872711461,13.302035882288164,67,,
2018,9,17,8,0,11,-51,17.4,6.5,236,13.0,198,88.96023484586816,0,1010.2,323.5010119128285,13.65985653608185,58,,
2018,9,17,9,0,11.5,-35,42.1,6.8,370,13.0,6,133.10123001718063,0,1010.4,317.6923203977601,14.145838373948305,50,,
2018,9,17,10,0,11.6,-15,27.8,6.8,301,11.0,223,168.60350479765617,0,1010.5,314.2498648682765,14.544409728404444,45,,
2018,9,17,11,0,11.7,6,41.2,6.7,390,11.0,45,190.5741899294436,0,1010.6,313.6365149218114,15.4314159902743,44,,
2018,9,17,12,0,11.8,26,52.7,6.8,284,14.0,41,212.1922118574863,0,1010.8,309.9145195003581,14.614329696361226,47,,
2018,9,17,13,0,11.8,44,44.3,6.9,258,17.0,70,215.17176107681811,0,1011,313.5134828076709,14.740092338382128,54,,
2018,9,17,14,0,11.8,58,35.4,7,177,19.0,97,195.4128862999753,0,1011.3,314.11303497449103,15.26729107865438,63,,
2018,9,17,15,0,11.6,70,32.8,7.2,126,32.0,40,176.4173353775798,0,1011.7,313.4736752629671,14.932570933070204,73,,
2018,9,17,16,0,11.2,81,25.3,7.4,48,34.0,2,114.47896629587156,0,1012.2,312.36775839173123,14.10384568939029,84,,
2018,9,17,17,0,10.9,91,0,7.6,0,33.0,0,46.263201835106045,0,1012.6,308.4362894804941,12.37347136072689,95,,
2018,9,17,18,0,10.4,101,0,7.6,0,1.0,0,1.0307595465073882,0,1013.3,306.4839982779676,11.925807604243635,106,,
2018,9,17,19,0,9.9,112,0,7.4,0,0.0,0,0.0,0,1014.1,297.0189912386598,10.390945317773458,117,,
2018,9,17,20,0,9.4,125,0,7.3,0,0.0,0,0.0,0,1014.8,267.02289853187534,10.980884569912751,127,,
2018,9,17,21,0,9.2,142,0,7.4,0,0.0,0,0.0,0,1015.4,262.7768743093869,13.139676421556333,135,,
2018,9,17,22,0,9.2,163,0,7.7,0,0.0,0,0.0,0,1015.7,267.4952064589596,13.714519295892316,140,,
2018,9,17,23,0,9.2,-173,0,8,0,0.0,0,0.0,0,1015.9,273.5118933472785,14.312277350713714,141,,
2018,9,18,0,0,9.1,-151,0,8,0,0.0,0,0.0,0,1016.2,274.9201156541276,15.493858632010408,138,,
2018,9,18,1,0,8.9,-132,0,7.9,0,0.0,0,0.0,0,1016.3,278.4210572120232,16.29753679264923,131,,
2018,9,18,2,0,8.7,-117,0,7.7,0,0.0,0,0.0,0,1016.5,280.6664415805141,16.933704429537553,122,,
2018,9,18,3,0,8.6,-106,0,7.6,0,0.0,0,0.0,0,1016.8,284.7403254282915,16.49426000087761,111,,
2018,9,18,4,0,8.5,-95,0,7.4,0,0.0,0,0.0,0,1017.2,284.8845018939313,16.094736791190492,100,,
2018,9,18,5,0,8.4,-85,1.7,7.3,13,0.0,11,0.0,0,1017.7,285.7520229853288,17.070769105299586,89,,
2018,9,18,6,0,9,-75,10,7.3,79,12.0,85,6.000000000000001,0,1018.2,286.2009623102423,17.0666497480118,77,,
2018,9,18,7,0,10.4,-64,3.9,7.3,86,89.0,277,84.01340146441223,0,1018.7,284.33616876452714,17.453922217662164,67,,
2018,9,18,8,0,11.7,-51,6.7,7.4,133,230.0,378,231.33708526966035,0,1019.2,292.00135793247733,17.875778616439913,57,,
2018,9,18,9,0,12.4,-35,1.5,7.2,99,434.0,566,420.0355120262233,0,1019.4,299.61969514262853,16.880967810389667,49,,
2018,9,18,10,0,12.5,-15,22.6,6.7,277,483.0,300,536.4735163920037,0,1019.2,306.5974410689718,16.01849165591654,45,,
2018,9,18,11,0,12.5,6,42.1,6.3,311,261.0,131,499.010424452085,0,1018.9,311.2237602795487,15.407499966780009,44,,
2018,9,18,12,0,12.5,27,76,6.2,149,173.0,18,458.75468485370914,0,1018.8,346.05226614201865,13.224128623137402,47,,
2018,9,18,13,0,12.4,44,70.3,6.4,179,546.0,7,649.3080573882595,0,1018.6,349.7170409874069,11.203880561238968,54,,
2018,9,18,14,0,12.3,59,51.8,6.6,177,604.0,35,609.0441014705493,0,1018.5,349.9595530365846,11.830104737789558,62,,
2018,9,18,15,0,11.9,71,34.4,6.8,159,368.0,12,398.6832431555876,0,1018.5,351.08360745919214,11.832688656839778,73,,
2018,9,18,16,0,11.2,81,31.2,7,55,56.0,3,131.3974806792014,0,1018.6,337.67996763832923,11.735192985317177,84,,
2018,9,18,17,0,10.5,91,43,7.2,0,6.0,0,21.340506551005216,0,1018.8,324.7540971619222,11.659028737108423,95,,
2018,9,18,18,0,9.8,101,28.1,7.2,0,0.0,0,0.0,0,1019,321.52270192271715,9.875028398931688,106,,
2018,9,18,19,0,9.2,112,0,7.1,0,0.0,0,0.0,0,1019.3,327.6191221145043,8.636062717927578,117,,
2018,9,18,20,0,8.5,126,0,7,0,0.0,0,0.0,0,1019.5,325.37535039905526,9.975773746554276,127,,
2018,9,18,21,0,8.1,142,0,6.8,0,0.0,0,0.0,0,1019.4,331.1817036602681,11.844049701572542,135,,
2018,9,18,22,0,7.8,163,0,6.5,0,0.0,0,0.0,0,1019.1,336.14963637827776,12.210973975089884,140,,
2018,9,18,23,0,7.6,-173,0,6.3,0,0.0,0,0.0,0,1018.7,341.1178447463373,11.780692375707275,141,,
2018,9,19,0,0,7.5,-151,0,6.2,0,0.0,0,0.0,0,1018.3,347.83295608528624,10.082435916079325,138,,
2018,9,19,1,0,7.6,-132,0,6.3,0,0.0,0,0.0,0,1017.9,351.06845046341533,9.258998260532698,130,,
2018,9,19,2,0,7.7,-118,0,6.4,0,0.0,0,0.0,0,1017.5,357.54055374800777,8.738762645736841,121,,
2018,9,19,3,0,7.9,-106,0,6.5,0,0.0,0,0.0,0,1017.3,3.3751931416177285,7.431102794379507,111,,
2018,9,19,4,0,8.2,-95,0,6.7,0,0.0,0,0.0,0,1017.3,20.865660199124704,6.668013806629419,100,,
2018,9,19,5,0,8.4,-85,8,6.8,17,0.0,4,0.0,0,1017.3,36.19320730556467,6.350442897940269,88,,
2018,9,19,6,0,9.3,-75,26.9,7.2,98,6.0,35,5.0,0,1017.1,44.54886145321274,5.612834065781742,77,,
2018,9,19,7,0,10.6,-64,41.9,7.9,181,51.0,43,70.59225398006502,0,1016.9,50.257809168954736,7.234088142260917,66,,
2018,9,19,8,0,11.9,-51,13.7,8.5,195,110.0,279,182.72511490705884,0,1016.6,54.31554990153006,7.644556083502415,57,,
2018,9,19,9,0,12.6,-35,10.6,8.7,186,156.0,413,300.9006998810526,0,1016.2,48.38621016655151,7.999473915832718,49,,
2018,9,19,10,0,12.6,-15,4.4,8.6,145,284.0,569,442.44767193369887,0,1015.5,47.91639103204625,8.984780324002847,44,,
2018,9,19,11,0,12.6,6,0.4,8.4,115,372.0,640,548.8292066398817,0,1014.9,48.76905715049895,10.08461809577546,43,,
2018,9,19,12,0,12.5,27,0,8.4,113,432.0,592,603.526792347544,0,1014.3,47.82309852932332,10.17873961338402,47,,
2018,9,19,13,0,12.5,45,0,8.4,109,432.0,489,584.0605667629261,0,1013.8,37.67838131250807,10.976629880107811,53,,
2018,9,19,14,0,12.5,59,7.5,8.5,146,415.0,267,513.4740721014541,0,1013.3,36.33309871204057,11.043795235913068,62,,
2018,9,19,15,0,12.2,71,2.5,8.6,87,399.0,165,408.1665407222644,0,1013.1,37.86870845663168,10.557414670333356,72,,
2018,9,19,16,0,11.6,81,9.5,8.8,43,341.0,26,262.57991090303074,0,1013.2,39.40915324496018,9.682114273068697,83,,
2018,9,19,17,0,11,91,0,9,0,203.0,0,99.0277619806058,0,1013.3,38.02699160130334,8.861914491076472,95,,
2018,9,19,18,0,10.6,101,0,9,0,5.0,0,1.18373807020036,0,1013.3,36.77660975097791,8.247081243892854,106,,
2018,9,19,19,0,10.3,113,0,9,0,0.0,0,0.0,0,1013.4,27.703765029283943,8.872871576887146,117,,
2018,9,19,20,0,10,126,0,9,0,0.0,0,0.0,0,1013.4,23.16600500212286,8.793236754242292,127,,
2018,9,19,21,0,9.9,143,0,9.1,0,0.0,0,0.0,0,1013.2,20.55402190764886,8.900842092221213,135,,
2018,9,19,22,0,10,164,0,9.3,0,0.0,0,0.0,0,1012.7,21.69681050737261,8.791029622664936,140,,
2018,9,19,23,0,10.2,-173,0,9.6,0,0.0,0,0.0,0,1012.2,21.74720579797315,8.434271526797328,141,,
2018,9,20,0,0,10.3,-151,0,9.8,0,0.0,0,0.0,0,1011.7,20.378650351182216,7.780158958392451,137,,
2018,9,20,1,0,10.5,-132,0,9.8,0,0.0,0,0.0,0,1011.2,4.715716948152135,8.362536768269356,130,,
2018,9,20,2,0,10.7,-118,0,9.9,0,0.0,0,0.0,0,1010.7,2.0499231714608754,8.736303785270149,121,,
2018,9,20,3,0,10.8,-106,0,10,0,0.0,0,0.0,0,1010.4,4.563389480549745,9.42661162859487,110,,
2018,9,20,4,0,10.9,-96,0,10,0,0.0,0,0.0,0,1010.3,7.496015136472863,9.269156199639148,99,,
2018,9,20,5,0,11,-86,14.7,10.1,15,0.0,1,0.0,0,1010.2,7.8854610969388546,8.814055887134264,88,,
2018,9,20,6,0,11.6,-76,72.9,10.3,47,27.0,0,8.000000000000002,0,1010.2,14.036243467926454,9.019293556038631,77,,
2018,9,20,7,0,12.7,-64,36.2,10.5,168,164.0,73,97.10372262952372,0,1010.2,4.095605440424151,8.480886462241576,66,,
2018,9,20,8,0,13.9,-51,11.3,10.8,230,336.0,239,252.9217859461636,0,1010.2,358.8363324017232,9.232617002732786,56,,
2018,9,20,9,0,14.4,-35,22.3,10.9,305,598.0,201,461.3363830168876,0,1009.9,0.8085778101530536,10.39751973390369,49,,
2018,9,20,10,0,14.2,-15,54.4,10.8,332,634.0,0,595.4833998095007,0,1009.4,0.0,10.627197265625,44,,
2018,9,20,11,0,14.1,7,66.3,10.7,250,635.0,0,675.6451080518078,0,1008.9,357.43306576064833,10.678928311982606,43,,
2018,9,20,12,0,14.1,27,51.8,10.6,329,552.0,5,668.5547853869289,0,1008.3,355.51381456385525,10.387538001040324,46,,
2018,9,20,13,0,14.1,45,29.9,10.7,363,389.0,51,569.574487423472,0,1007.8,356.01671678340693,11.696467343217243,53,,
2018,9,20,14,0,14.1,59,27.7,10.7,245,409.0,73,517.1427267862875,0,1007.3,1.567711408688183,11.422488427030029,62,,
2018,9,20,15,0,13.7,71,43,10.7,145,413.0,5,419.4305704784997,0,1007,7.657403999549899,12.195175815283053,72,,
2018,9,20,16,0,12.9,82,44.6,10.7,42,242.0,0,229.48319390770496,0,1007,9.478277759108607,11.386155498308046,83,,
2018,9,20,17,0,12.1,92,38.3,10.6,0,84.0,0,67.32478158591407,0,1006.9,11.997923259503352,10.52308832338343,94,,
2018,9,20,18,0,11.4,102,9,10.4,0,2.0,0,1.0795539268255554,0,1006.9,8.409181555064322,10.257002465135589,106,,
2018,9,20,19,0,10.8,113,0,9.9,0,0.0,0,0.0,0,1007,2.554539502621481,10.303451967243396,116,,
2018,9,20,20,0,10.2,126,0,9.5,0,0.0,0,0.0,0,1007,6.139160930972253,10.519557316829598,126,,
2018,9,20,21,0,10,143,0,9,0,0.0,0,0.0,0,1006.6,2.8501095176167723,10.055651404380331,134,,
2018,9,20,22,0,10.1,164,0,8.6,0,0.0,0,0.0,0,1005.7,2.601871534087138,10.116141747588724,139,,
2018,9,20,23,0,10.2,-173,0,8.2,0,0.0,0,0.0,0,1004.8,1.402758572047162,10.212289012961328,140,,
2018,9,21,0,0,10.5,-151,0,8.1,0,0.0,0,0.0,0,1004,4.020158060514063,11.007798167125284,137,,
2018,9,21,1,0,10.9,-133,0,8.2,0,0.0,0,0.0,0,1003.1,2.3483657011574905,10.677179989571096,130,,
2018,9,21,2,0,11.3,-118,0,8.3,0,0.0,0,0.0,0,1002.3,359.3402869063888,10.856432533925764,120,,
2018,9,21,3,0,11.6,-106,0,8.5,0,0.0,0,0.0,0,1001.8,0.6170836367032848,11.6063860309581,110,,
2018,9,21,4,0,11.9,-96,0,8.7,0,0.0,0,0.0,0,1001.5,4.964259949559505,10.833852073586462,99,,
2018,9,21,5,0,12.3,-86,23.3,9,11,0.0,0,0.0,0,1001.2,2.874103846305843,9.971771789729152,88,,
2018,9,21,6,0,12.6,-76,76.3,9.3,40,17.0,0,8.000000000000002,0,1001.1,2.13425876250227,10.069485153174416,76,,
2018,9,21,7,0,12.8,-65,79.7,9.8,72,54.0,0,73.57618381046954,0,1001.2,358.26470597751955,10.31967404835883,66,,
2018,9,21,8,0,13.1,-51,77.2,10.2,119,179.0,0,212.4788306382751,0,1001.2,358.6224973333583,10.399489764388402,56,,
2018,9,21,9,0,12.8,-35,55.5,10.3,267,355.0,27,387.25984245706206,0,1001.4,357.33742656268964,9.885672249754345,48,,
2018,9,21,10,0,12.2,-15,48.5,10.1,375,462.0,0,535.9263319098992,0,1001.8,354.1478669410493,9.19464783385136,44,,
2018,9,21,11,0,11.5,7,68.4,9.9,236,493.0,0,621.1732604323887,0,1002.2,349.4889454645939,10.278183595740266,43,,
2018,9,21,12,0,11.1,28,57,9.1,306,168.0,0,457.417734363393,0,1002.7,354.5708356483216,10.569142394561457,46,,
2018,9,21,13,0,10.9,45,33.1,7.7,331,145.0,74,417.3228786254661,0,1003.2,345.1012025284834,9.723369714744942,53,,
2018,9,21,14,0,10.8,60,42,6.4,233,339.0,27,487.9143435920825,0,1003.8,354.05387176283955,9.466950302187191,62,,
2018,9,21,15,0,10.5,72,47.3,5.6,139,461.0,8,446.8050499857988,0,1004.3,351.3999360234797,10.030999299359957,72,,
2018,9,21,16,0,10.2,82,21.9,5.5,43,408.0,16,295.4596765319598,0,1004.9,352.4924071844734,10.04534165055814,83,,
2018,9,21,17,0,9.9,92,0,5.4,1,133.0,0,86.03890701714519,0,1005.4,359.0711282583908,10.3763635526408,94,,
2018,9,21,18,0,9.4,102,0,5.4,0,2.0,0,1.085656735574649,0,1005.8,1.3664365455719008,10.48369413402132,106,,
2018,9,21,19,0,8.8,113,0,5.5,0,0.0,0,0.0,0,1006.1,357.32205959085724,10.701628253170552,116,,
2018,9,21,20,0,8.2,127,0,5.6,0,0.0,0,0.0,0,1006.4,357.1140306806062,9.93080797033957,126,,
2018,9,21,21,0,7.9,143,0,5.5,0,0.0,0,0.0,0,1006.7,356.1947186961533,9.417490737789976,134,,
2018,9,21,22,0,7.7,164,0,5.2,0,0.0,0,0.0,0,1007.2,345.25132383344976,9.329105552497584,139,,
2018,9,21,23,0,7.6,-173,0,4.9,0,0.0,0,0.0,0,1007.8,346.4920664658635,10.435396773472368,140,,
2018,9,22,0,0,7.4,-151,0,4.5,0,0.0,0,0.0,0,1008.4,350.8893984162443,10.003642098463246,136,,
2018,9,22,1,0,7.2,-133,0,4,0,0.0,0,0.0,0,1009.1,351.99641629325635,10.773150248636536,129,,
2018,9,22,2,0,7,-118,0,3.5,0,0.0,0,0.0,0,1009.9,353.751025338438,11.109220699521044,120,,
2018,9,22,3,0,6.8,-106,0,3,0,0.0,0,0.0,0,1010.9,350.22244372832085,10.191245864770003,110,,
2018,9,22,4,0,6.5,-96,0,2.6,0,0.0,0,0.0,0,1012.1,345.3141392368859,10.685517969442746,99,,
2018,9,22,5,0,6.3,-86,2,2.2,20,0.0,13,0.0,0,1013.3,348.9672623613805,11.104152745040745,87,,
2018,9,22,6,0,6.7,-76,0.2,1.9,58,6.0,144,6.0,0,1014.2,354.65466888523,11.405311109492226,76,,
2018,9,22,7,0,7.6,-65,0,1.6,76,51.0,326,74.43679615559743,0,1014.8,4.2675952780609805,11.177720089372874,65,,
2018,9,22,8,0,8.6,-52,14.5,1.3,136,247.0,359,239.0497210753257,0,1015.3,1.38292393137192,10.3587301090943,56,,
2018,9,22,9,0,9.1,-35,22.2,1.1,243,444.0,304,425.3179829887207,0,1015.8,358.3972135387244,11.17258409770642,48,,
2018,9,22,10,0,9,-15,18.3,1,189,198.0,450,427.9824112688264,0,1016.1,358.77258379183456,11.670890799803905,43,,
2018,9,22,11,0,9,7,1.2,0.9,111,39.0,673,299.8115198389916,0,1016.4,2.7307629723705418,11.806620030034154,42,,
2018,9,22,12,0,8.9,28,1.5,0.7,110,38.0,622,306.5414257307676,0,1016.9,3.59603231918544,11.65013551776472,46,,
2018,9,22,13,0,8.9,46,3.2,0.4,122,90.0,490,379.3759083729469,0,1017.5,353.11742825824035,11.292803538488558,52,,
2018,9,22,14,0,8.8,60,0,0.2,74,49.0,402,271.9925395123935,0,1018,357.44271751299345,12.11998028670571,61,,
2018,9,22,15,0,8.5,72,0,0,60,17.0,226,144.5696328588046,0,1018.8,359.811263771621,12.37726441771901,72,,
2018,9,22,16,0,8.1,83,0,0,33,8.0,60,68.31131967667456,0,1019.9,4.640924280128616,12.627828123100027,83,,
2018,9,22,17,0,7.6,92,0,0.1,1,7.0,0,25.656848057165952,0,1020.9,32.579027508102854,12.187480987631812,94,,
2018,9,22,18,0,7.2,103,0,0.1,0,0.0,0,1.0,0,1021.8,59.898618134464016,11.3446435550143,105,,
2018,9,22,19,0,6.7,114,0,0,0,0.0,0,0.0,0,1022.5,49.08837611864272,9.704946896684374,116,,
2018,9,22,20,0,6.3,127,0,0,0,0.0,0,0.0,0,1023.2,52.229368225191365,10.886843321668898,126,,
2018,9,22,21,0,6,144,0,0.1,0,0.0,0,0.0,0,1023.6,52.56156128778787,11.755852198119284,134,,
2018,9,22,22,0,5.8,164,0,0.2,0,0.0,0,0.0,0,1023.8,49.54955137941704,12.623029012075705,139,,
2018,9,22,23,0,5.6,-173,0,0.3,0,0.0,0,0.0,0,1024,47.59264303238871,12.36129947586103,139,,
2018,9,23,0,0,5.4,-151,0,0.3,0,0.0,0,0.0,0,1024.1,49.90986224306869,12.392566124780254,136,,
2018,9,23,1,0,5.2,-133,0,0.2,0,0.0,0,0.0,0,1024.1,48.18079809965019,12.469883578023914,129,,
2018,9,23,2,0,5,-119,0,0.1,0,0.0,0,0.0,0,1024.2,47.75266009917971,11.963148599139693,120,,
2018,9,23,3,0,5,-107,0,0.1,0,0.0,0,0.0,0,1024.4,51.07726212845307,12.10576732915986,109,,
2018,9,23,4,0,5.1,-96,0,0.2,0,0.0,0,0.0,0,1024.9,51.80333373696317,11.693320518162755,98,,
2018,9,23,5,0,5.2,-86,3,0.3,21,0.0,16,0.0,0,1025.4,52.29803327005925,11.721304340450164,87,,
2018,9,23,6,0,6,-76,0.5,0.6,54,76.0,157,12.000000000000004,0,1025.7,54.6510517935867,12.38986315796372,76,,
2018,9,23,7,0,7.6,-65,0,1,68,277.0,339,127.91988227366454,0,1026.1,50.05933637587873,12.528487288616908,65,,
2018,9,23,8,0,9.1,-52,0,1.4,77,405.0,500,292.75083951795693,0,1026.4,53.170659514883255,13.382181087013372,55,,
2018,9,23,9,0,10.1,-35,4.7,1.6,148,524.0,522,466.7999346468235,0,1026.3,55.259060100352826,12.578750890951458,48,,
2018,9,23,10,0,10.4,-15,16,1.4,251,622.0,398,590.6472602726119,0,1025.9,64.82048849595498,13.469587583232128,43,,
2018,9,23,11,0,10.8,7,11.7,1.3,270,691.0000000000001,420,698.0947670394964,0,1025.5,67.00857323438652,11.951592206226064,42,,
2018,9,23,12,0,11,28,7.6,1.4,210,714.0,465,742.50814177589,0,1025.2,62.673076745936896,13.252931531462297,45,,
2018,9,23,13,0,11,46,1.5,1.9,119,664.0,491,701.5077644644717,0,1024.9,62.140004194282255,12.7980975497466,52,,
2018,9,23,14,0,11,61,2,2.3,102,690.0000000000001,355,649.2988328092717,0,1024.6,67.16825380607406,13.158161636067431,61,,
2018,9,23,15,0,10.8,72,3.3,2.7,84,692.0000000000001,186,539.0802977625021,0,1024.6,72.46322347756592,12.652749754941784,72,,
2018,9,23,16,0,10.4,83,4.5,3,45,595.0,42,358.3403880370357,0,1024.8,75.78144942594406,12.468383793245405,83,,
2018,9,23,17,0,9.9,93,0,3.4,1,378.0,0,147.72331943231902,0,1025,83.8653254715482,12.28175784897981,94,,
2018,9,23,18,0,9.6,103,0,3.8,0,17.0,0,3.832883071024295,0,1025.2,89.3906073719603,11.752862016128828,105,,
2018,9,23,19,0,9.2,114,0,4.3,0,0.0,0,0.0,0,1025.3,91.51951699763192,10.965281720684509,116,,
2018,9,23,20,0,8.9,128,0,4.8,0,0.0,0,0.0,0,1025.4,98.22564386839532,9.897229934653929,126,,
2018,9,23,21,0,8.5,144,0,5,0,0.0,0,0.0,0,1025.3,106.03106231550868,9.801572525235777,133,,
2018,9,23,22,0,8.1,165,0,5,0,0.0,0,0.0,0,1025,112.91452904567892,9.84130727947267,138,,
2018,9,23,23,0,7.7,-173,0,5,0,0.0,0,0.0,0,1024.7,112.70896000691408,8.200411807454321,139,,
2018,9,24,0,0,7.4,-151,0,5,0,0.0,0,0.0,0,1024.4,110.24938050702956,6.507935324765741,136,,
2018,9,24,1,0,7.1,-133,0,5,0,0.0,0,0.0,0,1024.3,125.77407205096006,7.73862236230088,129,,
2018,9,24,2,0,6.8,-119,0,5,0,0.0,0,0.0,0,1024.2,123.59335825302406,8.58493219725973,119,,
2018,9,24,3,0,6.6,-107,0,5,0,0.0,0,0.0,0,1024.2,116.74028751837524,8.42492775093704,109,,
2018,9,24,4,0,6.5,-97,0,4.9,0,0.0,0,0.0,0,1024.5,118.87775975910398,8.282053616956569,98,,
2018,9,24,5,0,6.4,-87,0.3,4.9,19,0.0,22,0.0,0,1024.7,123.5576478419964,8.027668139360932,87,,
2018,9,24,6,0,7.4,-76,0,5.1,57,127.0,158,11.000000000000009,0,1024.9,127.40501198788512,7.586121868246354,75,,
2018,9,24,7,0,9.5,-65,0,5.5,77,460.0,334,143.1482898825434,0,1025.1,132.83598985024207,7.063503029582665,65,,
2018,9,24,8,0,11.6,-52,0,5.9,89,665.0,493,339.1673301932075,0,1025.3,131.75242069369995,6.810798296869987,55,,
2018,9,24,9,0,12.7,-35,0,5.8,100,762.0,611,524.1932610442814,0,1025.2,129.8452793430116,6.0890678660247,47,,
2018,9,24,10,0,12.9,-15,6.5,5.3,196,809.0,535,669.7879337714908,0,1024.7,123.5595330582858,5.201208099456826,42,,
2018,9,24,11,0,13.2,7,3,4.8,152,826.0000000000001,615,763.9709025244634,0,1024.3,110.40793412013512,4.067822095360436,42,,
2018,9,24,12,0,13.3,29,0,4.6,105,844.0,635,809.5270395208121,0,1023.9,78.72593926224164,3.8237865854528894,45,,
2018,9,24,13,0,13.3,47,0.1,4.8,100,852.0,530,798.5200452997886,0,1023.7,63.54433860521766,6.119063580536624,52,,
2018,9,24,14,0,13.3,61,31.3,5,231,826.0000000000001,101,717.6263137625771,0,1023.5,62.55660639426327,7.229310415379659,61,,
2018,9,24,15,0,12.8,73,33.3,5.4,176,769.0,12,575.515169592576,0,1023.5,62.90725084209504,7.95464696354935,71,,
2018,9,24,16,0,12,83,1,5.9,39,656.0,54,383.0654712637702,0,1023.7,70.60101853866422,8.902114342967977,82,,
2018,9,24,17,0,11.1,93,0,6.5,1,411.0,0,158.00600618112492,0,1024,78.13208890096638,9.41038184808034,94,,
2018,9,24,18,0,10.4,103,0,6.7,0,22.0,0,4.146296654423239,0,1024.2,84.30345946553723,8.815262114754658,105,,
2018,9,24,19,0,9.6,115,0,6.6,0,0.0,0,0.0,0,1024.4,87.93113361505249,9.2582321715701,116,,
2018,9,24,20,0,8.9,128,0,6.6,0,0.0,0,0.0,0,1024.5,91.50139577198536,8.712219533962308,125,,
2018,9,24,21,0,8.5,145,0,6.6,0,0.0,0,0.0,0,1024.6,99.5764138481781,6.994195391950005,133,,
2018,9,24,22,0,8.4,165,0,6.9,0,0.0,0,0.0,0,1024.5,103.552510971127,5.232110971495931,138,,
2018,9,24,23,0,8.4,-173,0,7.1,0,0.0,0,0.0,0,1024.4,99.23633197073286,4.792853754307144,139,,
2018,9,25,0,0,8.3,-151,0,7.2,0,0.0,0,0.0,0,1024.4,96.37173502314528,6.56226501952413,135,,
2018,9,25,1,0,8.3,-133,0,7,0,0.0,0,0.0,0,1024.4,101.16917901939344,7.308843321950645,128,,
2018,9,25,2,0,8.2,-119,0,6.9,0,0.0,0,0.0,0,1024.5,101.83519226309475,7.923070486329101,119,,
2018,9,25,3,0,8.2,-107,0,6.8,0,0.0,0,0.0,0,1024.7,100.05011937181314,8.595517150212293,109,,
2018,9,25,4,0,8.2,-97,0,6.8,0,0.0,0,0.0,0,1025.2,103.24031776054863,7.924266074369404,98,,
2018,9,25,5,0,8.3,-87,0.4,6.7,22,0.0,21,0.0,0,1025.6,110.3102970182532,6.848656001990731,86,,
2018,9,25,6,0,9.2,-77,0,6.9,66,69.0,150,12.000000000000004,0,1025.9,107.91031662988996,6.315323967533213,75,,
2018,9,25,7,0,11.2,-65,0,7.4,91,261.0,319,122.37155311164338,0,1026,109.77050720257232,6.161012385641489,64,,
2018,9,25,8,0,13.1,-52,0,7.9,105,506.0,476,306.36112424349085,0,1026.2,119.3314990073211,5.456337930466752,55,,
2018,9,25,9,0,14.1,-35,0,8.1,100,641.0,613,488.2403522023741,0,1026.1,115.4876277627551,4.854261252773759,47,,
2018,9,25,10,0,14.2,-15,0,8,104,780.0,681,661.2557166762736,0,1025.6,99.6845505199874,4.842943216629768,42,,
2018,9,25,11,0,14.4,8,0,7.9,105,824.0000000000001,691,766.4410422777839,0,1025.1,83.11766744224298,5.898213413857662,41,,
2018,9,25,12,0,14.4,29,0,7.9,93,836.0,653,809.169814228507,0,1024.8,74.8026019602732,6.822833933340791,45,,
2018,9,25,13,0,14.4,47,0,8,86,828.0000000000001,552,790.0578842535335,0,1024.6,67.59452140050905,8.13591182185268,52,,
2018,9,25,14,0,14.3,61,0,8.1,77,810.0,403,712.8655026994871,0,1024.3,67.75091483739448,9.568090219755288,61,,
2018,9,25,15,0,13.7,73,0,8.4,62,747.0,230,569.6818986351966,0,1024.3,71.72096223709514,10.554295174671868,71,,
2018,9,25,16,0,12.6,84,0,8.7,34,539.0,66,345.68297536712384,0,1024.5,75.50154304168234,11.061488439356893,82,,
2018,9,25,17,0,11.5,93,0,9,1,370.0,1,151.25562487351297,0,1024.6,82.96576287756443,10.875067880572107,94,,
2018,9,25,18,0,10.8,104,0,9.1,0,29.0,0,5.601773244800582,0,1024.7,91.0753893866925,10.107493164990512,105,,
2018,9,25,19,0,10.5,115,0,8.9,0,0.0,0,0.0,0,1024.7,97.56529937137412,9.985848012208969,115,,
2018,9,25,20,0,10.1,128,0,8.6,0,0.0,0,0.0,0,1024.7,108.44438229731897,8.44040947659796,125,,
2018,9,25,21,0,9.6,145,0,8.3,0,0.0,0,0.0,0,1024.5,111.78208014304424,7.928638294881864,133,,
2018,9,25,22,0,8.8,165,0,7.8,0,0.0,0,0.0,0,1024.2,106.1532306092726,8.708804241404087,138,,
2018,9,25,23,0,8.1,-173,0,7.4,0,0.0,0,0.0,0,1023.8,117.91688979566676,7.932387936050293,138,,
2018,9,26,0,0,7.7,-151,0,7.2,0,0.0,0,0.0,0,1023.5,115.45119792849788,8.020570668134814,135,,
2018,9,26,1,0,7.7,-134,0,7.1,0,0.0,0,0.0,0,1023.4,106.03021461657568,5.527427343808027,128,,
2018,9,26,2,0,7.7,-119,0,7.1,0,0.0,0,0.0,0,1023.2,120.37119298312076,4.825833020419677,119,,
2018,9,26,3,0,7.8,-107,0,7.2,0,0.0,0,0.0,0,1023.2,141.6490349208304,3.4023573620038863,108,,
2018,9,26,4,0,8.1,-97,0,7.5,0,0.0,0,0.0,0,1023.4,156.79465689009396,2.448050736076849,97,,
2018,9,26,5,0,8.4,-87,21.1,7.7,26,0.0,3,0.0,0,1023.5,176.06152184318637,3.156379961416352,86,,
2018,9,26,6,0,9.3,-77,36.8,8.1,133,149.0,1,13.000000000000009,0,1023.6,188.47086954329035,3.2103146600989856,75,,
2018,9,26,7,0,10.8,-66,55.8,8.6,177,378.0,0,140.43956953163232,0,1023.5,195.3743956553112,3.270859643299847,64,,
2018,9,26,8,0,12.3,-52,51.9,9,280,595.0,0,330.59849899857664,0,1023.4,209.5408719570271,4.464945647644684,54,,
2018,9,26,9,0,13.2,-36,76.1,9,169,727.0,0,521.0806614058611,0,1023.1,219.5906958085789,7.193216264944392,46,,
2018,9,26,10,0,13.3,-15,74.7,8.6,200,825.0000000000001,0,684.234971168722,0,1022.3,229.77627811521376,8.840531804930864,42,,
2018,9,26,11,0,13.5,8,78,8.1,176,866.0,0,790.07789320959,0,1021.6,242.1923753363324,8.574410893887661,41,,
2018,9,26,12,0,13.6,29,75.9,7.9,182,876.0,0,832.6215740084992,0,1021,248.0674319965923,8.199132565376614,44,,
2018,9,26,13,0,13.6,47,83.6,7.9,106,872.0,0,815.6541157732822,0,1020.4,251.96240750572147,7.670174656940914,51,,
2018,9,26,14,0,13.6,62,77.1,7.9,108,850.0,0,735.5346727725537,0,1019.8,246.33016884411188,7.939659429405884,61,,
2018,9,26,15,0,13.2,73,14.7,8.1,106,802.0,137,597.1397854226818,0,1019.5,242.13207972725544,7.755090214735209,71,,
2018,9,26,16,0,12.3,84,0,8.3,36,701.0000000000001,67,404.8190628016925,0,1019.4,231.5551681478524,7.875582544790412,82,,
2018,9,26,17,0,11.4,94,0,8.6,2,451.0,1,171.72658185980754,0,1019.3,228.27762331284512,8.264190841460065,93,,
2018,9,26,18,0,10.3,104,0,8.4,0,25.0,0,5.45949028755875,0,1019.3,225.76832874161263,8.870188419535223,105,,
2018,9,26,19,0,9.2,115,0,7.7,0,0.0,0,0.0,0,1019.2,223.22726007569256,9.950004965934282,115,,
2018,9,26,20,0,8,129,0,7.1,0,0.0,0,0.0,0,1019.1,223.0832269632723,10.983218662611725,125,,
2018,9,26,21,0,7.7,145,0,6.9,0,0.0,0,0.0,0,1018.9,225.00749563213424,11.876321149415586,132,,
2018,9,26,22,0,8.1,165,0,7.1,0,0.0,0,0.0,0,1018.4,228.09962077655308,12.572646195295007,137,,
2018,9,26,23,0,8.5,-172,0,7.3,0,0.0,0,0.0,0,1018,230.8427021118904,12.47126527623012,138,,
2018,9,27,0,0,8.7,-151,0,7.4,0,0.0,0,0.0,0,1017.5,228.1136260608708,12.795839433141705,134,,
2018,9,27,1,0,8.7,-134,0,7.3,0,0.0,0,0.0,0,1017,227.87721224039447,13.543597651013368,127,,
2018,9,27,2,0,8.6,-119,0,7.2,0,0.0,0,0.0,0,1016.5,227.1112839239312,13.654911233151807,118,,
2018,9,27,3,0,8.7,-108,2.3,7.1,0,0.0,0,0.0,0,1016.3,223.3945220561484,14.079472419112845,108,,
2018,9,27,4,0,8.9,-97,0,7.2,0,0.0,0,0.0,0,1016.3,223.31405763793552,12.944138325751656,97,,
2018,9,27,5,0,9,-87,18.6,7.3,28,0.0,5,0.0,0,1016.2,223.548036399251,12.678994548240285,86,,
2018,9,27,6,0,9.7,-77,68.3,7.5,72,160.0,0,14.00000000000001,0,1016.1,219.6489886595912,13.23392382441578,74,,
2018,9,27,7,0,10.8,-66,61.7,7.9,167,431.0,0,150.69263639563684,0,1016,217.78471600181896,12.76217358411802,64,,
2018,9,27,8,0,12,-53,51.2,8.2,280,639.0,17,344.61076463696764,0,1015.9,220.434640438333,12.345174779631945,54,,
2018,9,27,9,0,12.6,-36,25.6,8.3,370,748.0,172,531.8311219872428,0,1015.5,226.7067468797492,11.69092023497598,46,,
2018,9,27,10,0,12.7,-15,22.6,8.1,408,746.0,207,675.8699238543303,0,1014.9,242.5887999245693,10.151195985232064,41,,
2018,9,27,11,0,12.9,8,30,7.8,450,777.0,114,775.5457188886065,0,1014.3,279.8753091139512,9.332614246551003,40,,
2018,9,27,12,0,12.9,30,36.9,7.8,412,786.0,64,815.8557561691497,0,1013.7,317.799603885336,9.461768081583052,44,,
2018,9,27,13,0,12.9,48,65.3,8,224,774.0,0,792.9058718943913,0,1013.1,327.5736541308305,10.454226588321628,51,,
2018,9,27,14,0,12.8,62,74.5,8.2,123,732.0,0,702.0420637888762,0,1012.6,347.98582896147224,10.486780979256332,60,,
2018,9,27,15,0,12.4,74,72.6,8.4,81,580.0,0,521.0201467802865,0,1012.2,357.9419906686658,9.905314900761748,71,,
2018,9,27,16,0,11.6,84,51,8.6,43,227.0,1,243.86397897865504,0,1012.1,352.9204879808231,10.14226530471599,82,,
2018,9,27,17,0,10.9,94,0.1,8.8,2,70.0,0,74.72820469672574,0,1012,354.2850604721538,10.888102172180352,93,,
2018,9,27,18,0,10.3,104,0,8.8,0,6.0,0,4.369249396396784,0,1011.9,356.7173018456396,10.914637755932857,104,,
2018,9,27,19,0,9.8,116,7.7,8.5,0,0.0,0,0.0,0,1011.8,351.2632191105572,11.109622488470889,115,,
2018,9,27,20,0,9.3,129,0,8.2,0,0.0,0,0.0,0,1011.7,352.01247431227074,10.794667538607117,125,,
2018,9,27,21,0,9.1,146,18.9,8.2,0,0.0,0,0.0,0,1011.5,354.71253625588514,11.529773403105676,132,,
2018,9,27,22,0,9.2,166,4.3,8.3,0,0.0,0,0.0,0,1011,354.52116212957304,11.555231121550513,137,,
2018,9,27,23,0,9.2,-172,0,8.5,0,0.0,0,0.0,0,1010.5,354.00862780962325,11.376841849245416,138,,
2018,9,28,0,0,9.3,-151,33.9,8.5,0,0.0,0,0.0,0,1010,357.0037317821448,12.372626997064096,134,,
2018,9,28,1,0,9.3,-134,41.3,8.6,0,0.0,0,0.0,0,1009.5,349.436216660994,12.272950384330809,127,,
2018,9,28,2,0,9.3,-120,40.3,8.6,0,0.0,0,0.0,0,1009,355.79229872959183,12.514444021638475,118,,
2018,9,28,3,0,9.4,-108,39.8,8.7,0,0.0,0,0.0,0,1008.6,2.897398683177471,11.557988008159576,108,,
2018,9,28,4,0,9.5,-97,42.2,8.7,0,0.0,0,0.0,0,1008.3,11.414128229303005,11.479228796101353,97,,
2018,9,28,5,0,9.6,-88,41.2,8.8,23,0.0,0,0.0,0,1008,11.716694998526805,12.618638884030116,85,,
2018,9,28,6,0,10.2,-77,55.2,9,84,3.0,0,6.0,0,1007.8,20.06068983401468,12.754532777314424,74,,
2018,9,28,7,0,11.3,-66,66.7,9.3,132,8.0,0,44.430033655267714,0,1007.6,25.14532127646021,12.061218749571283,63,,
2018,9,28,8,0,12.4,-53,55.5,9.6,250,20.0,0,116.29362378505468,0,1007.3,25.1909635618224,11.651321192346783,54,,
2018,9,28,9,0,13,-36,56.4,9.8,300,31.0,0,196.35755984224792,0,1006.9,26.28660373839898,11.480401178130624,46,,
2018,9,28,10,0,13,-15,57,9.9,331,52.0,0,296.1232231480307,0,1006.3,29.878025713033253,10.78980948357323,41,,
2018,9,28,11,0,13,8,63.3,10,289,140.0,0,446.8102813767597,0,1005.7,24.61501307852848,9.603402916598132,40,,
2018,9,28,12,0,13,30,67.6,10.3,240,208.0,0,519.7601201134933,0,1005.3,19.349027876921863,9.054638948878148,44,,
2018,9,28,13,0,12.8,48,85.4,10.6,92,265.0,0,537.0164550642203,0,1004.9,11.016368612966517,8.830943945422677,51,,
2018,9,28,14,0,12.7,62,53.3,10.9,215,267.0,0,476.956584429618,0,1004.5,4.930643105957529,9.45319471412363,60,,
2018,9,28,15,0,12.2,74,66.3,10.7,96,253.0,0,374.91275952519385,0,1004.4,3.892913841831444,11.046973242855673,71,,
2018,9,28,16,0,11.3,85,58.2,10.1,38,133.0,0,202.7915494286339,0,1004.5,5.464938997445472,11.156422592345375,82,,
2018,9,28,17,0,10.5,95,37.8,9.5,2,50.0,0,67.82847482730051,0,1004.7,7.233745590098863,9.430775150633526,93,,
2018,9,28,18,0,10,105,42,9,0,4.0,0,3.2588738728737434,0,1004.8,14.233439256262043,10.167845228091927,104,,
2018,9,28,19,0,9.7,116,37.2,8.6,0,0.0,0,0.0,0,1005,18.3644694471534,11.10897556289693,115,,
2018,9,28,20,0,9.4,129,1.5,8.1,0,0.0,0,0.0,0,1005.2,20.460940242095205,10.432078126819023,124,,
2018,9,28,21,0,9.2,146,9.6,7.8,0,0.0,0,0.0,0,1005.1,26.72275515528605,10.194565136873848,132,,
2018,9,28,22,0,9.1,166,17.8,7.6,0,0.0,0,0.0,0,1004.7,41.73723985880548,9.857814671396309,136,,
2018,9,28,23,0,9,-172,0,7.3,0,0.0,0,0.0,0,1004.2,52.06011525777512,10.30233351664354,137,,
2018,9,29,0,0,8.9,-152,0,7.1,0,0.0,0,0.0,0,1003.8,58.23352018469865,11.004121013870687,134,,
2018,9,29,1,0,8.7,-134,0,6.8,0,0.0,0,0.0,0,1003.4,54.18145312384826,10.716452530295635,127,,
2018,9,29,2,0,8.5,-120,0,6.6,0,0.0,0,0.0,0,1003,46.76658188457702,11.46866003203899,118,,
2018,9,29,3,0,8.4,-108,0,6.5,0,0.0,0,0.0,0,1002.9,43.846779260252106,10.979297061100006,107,,
2018,9,29,4,0,8.3,-98,0,6.5,0,0.0,0,0.0,0,1003,41.94405339454676,11.346762186307489,96,,
2018,9,29,5,0,8.3,-88,12.2,6.6,38,0.0,6,0.0,0,1003.1,38.47285999870144,11.019497806102112,85,,
2018,9,29,6,0,8.9,-78,38.6,7.1,124,51.0,13,18.000000000000004,0,1003.3,34.05859456980181,10.790672325783934,74,,
2018,9,29,7,0,10,-66,31.2,8,213,151.0,92,122.81228390055838,0,1003.5,30.47311813990109,10.39513814904073,63,,
2018,9,29,8,0,11.2,-53,12.8,9,203,221.0,323,257.77079293263284,0,1003.6,19.846554743795423,10.677394352856702,53,,
2018,9,29,9,0,12,-36,51.9,8.8,273,267.0,76,390.2544035578197,0,1003.7,18.89674929236565,10.747460891579715,45,,
2018,9,29,10,0,12.4,-15,46.7,7.7,232,251.0,204,480.9337763262408,0,1003.7,14.976760218911409,11.366836052144768,40,,
2018,9,29,11,0,12.7,8,33.9,6.5,319,281.0,224,558.6526388789476,0,1003.8,16.047070425906725,12.66157197790118,40,,
2018,9,29,12,0,12.9,30,23.9,5.9,249,180.0,333,507.758487373338,0,1004,13.51345206595255,12.129003321064166,43,,
2018,9,29,13,0,12.9,48,0.5,5.9,88,222.0,567,517.1273245467748,0,1004.3,13.133174738201149,13.39352631713666,51,,
2018,9,29,14,0,12.9,63,0,5.8,73,222.0,427,456.4493077745957,0,1004.7,15.060488490002117,13.312986736622811,60,,
2018,9,29,15,0,12.6,75,0,6,60,121.0,249,296.1696613080502,0,1005.3,17.220625252660568,13.02377303571684,70,,
2018,9,29,16,0,12.1,85,0,6.4,36,70.0,76,165.653965328631,0,1006.1,20.69801699443144,13.031011576952784,82,,
2018,9,29,17,0,11.6,95,0,6.8,2,71.0,1,81.45116380532386,0,1006.8,21.908781697165693,12.845959999981067,93,,
2018,9,29,18,0,11,105,0,7.1,0,10.0,0,5.67909402940522,0,1007.6,22.356765501092298,12.437048942207984,104,,
2018,9,29,19,0,10.5,116,0,7.1,0,0.0,0,0.0,0,1008.5,19.135276736828587,11.88753149969057,115,,
2018,9,29,20,0,9.9,130,0,7.2,0,0.0,0,0.0,0,1009.3,16.20420349464797,11.500073852509244,124,,
2018,9,29,21,0,9.6,146,0,7.2,0,0.0,0,0.0,0,1009.9,16.017066008053234,11.099084310414865,132,,
2018,9,29,22,0,9.5,166,0,7.3,0,0.0,0,0.0,0,1010.2,17.30940507886811,11.76345663619544,136,,
2018,9,29,23,0,9.5,-172,0,7.4,0,0.0,0,0.0,0,1010.5,17.23034417981853,11.604788489035212,137,,
2018,9,30,0,0,9.3,-152,0,7.3,0,0.0,0,0.0,0,1010.8,16.106573851488008,11.03902405869148,133,,
2018,9,30,1,0,9.1,-134,0,6.9,0,0.0,0,0.0,0,1011.1,14.481979100657554,9.833944762679536,126,,
2018,9,30,2,0,8.8,-120,0,6.6,0,0.0,0,0.0,0,1011.5,12.75840603031753,9.720718092520766,117,,
2018,9,30,3,0,8.6,-108,0,6.2,0,0.0,0,0.0,0,1011.9,8.696838371821059,9.379325685730509,107,,
2018,9,30,4,0,8.4,-98,0,5.8,0,0.0,0,0.0,0,1012.5,7.2940611234215,9.03207547134332,96,,
2018,9,30,5,0,8.2,-88,2.2,5.4,29,0.0,37,0.0,0,1013,5.464435814609942,9.188485595491104,85,,
2018,9,30,6,0,8.8,-78,25.6,5.1,153,5.0,41,9.002867506834418,0,1013.5,4.818678222504161,8.928285293421968,73,,
2018,9,30,7,0,10.1,-67,21.3,4.9,230,13.0,131,58.46476862192374,0,1013.8,8.412526941251429,9.119854776340912,63,,
2018,9,30,8,0,11.4,-53,52.5,4.6,295,39.0,5,157.6364383258929,0,1014.2,5.212618043477107,8.494357655608333,53,,
2018,9,30,9,0,12,-36,37.8,4.5,423,197.0,54,363.9611631148835,0,1014.2,2.6224014605410844,8.196083287156128,45,,
2018,9,30,10,0,12,-15,9.4,4.4,217,368.0,539,539.0596839910487,0,1014.1,4.64881242450042,8.214524205296792,40,,
2018,9,30,11,0,12,9,2.1,4.3,123,330.0,701,584.7125249451731,0,1013.9,6.038406146273871,8.31787939538701,39,,
2018,9,30,12,0,11.9,31,0,4.3,84,302.0,703,590.4469896706299,0,1013.7,8.68041842507131,8.282370207253477,43,,
2018,9,30,13,0,11.8,49,0,4.3,78,237.0,597,525.5645545406477,0,1013.5,13.144805467522588,7.8745381734548765,50,,
2018,9,30,14,0,11.7,63,0,4.4,69,153.0,446,403.70377835479167,0,1013.2,10.030411960703304,8.019299956719728,60,,
2018,9,30,15,0,11.3,75,0,4.4,56,38.0,264,199.48457916467427,0,1013.3,12.726343427041002,9.078747204387938,70,,
2018,9,30,16,0,10.4,85,0,4.5,34,9.0,86,75.97161947874537,0,1013.5,20.41842551743133,9.136550908302322,81,,
2018,9,30,17,0,9.6,95,0,4.5,2,6.0,2,29.57906752398825,0,1013.8,24.104796171359794,8.263817865447615,93,,
2018,9,30,18,0,8.7,105,0,4.3,0,1.0,0,2.0711134810152805,0,1014,25.04620077964279,7.381617793546344,104,,
2018,9,30,19,0,7.7,117,8.2,3.8,0,0.0,0,0.0,0,1014.3,23.670538484720453,7.939435827933187,114,,
2018,9,30,20,0,6.7,130,43,3.4,0,0.0,0,0.0,0,1014.5,24.84819112328603,6.887626432341863,124,,
2018,9,30,21,0,6.4,147,42.9,3.4,0,0.0,0,0.0,0,1014.5,24.03428815944256,5.064042974738662,131,,
2018,9,30,22,0,6.7,166,42.8,3.9,0,0.0,0,0.0,0,1014.2,6.208454719345241,4.045455042809309,136,,
2018,9,30,23,0,7,-172,43,4.5,0,0.0,0,0.0,0,1013.9,339.81419699053515,4.528123921669989,136,,
2018,10,1,0,0,7.3,-152,43,4.8,0,0.0,0,0.0,0,1013.7,327.2191218086038,5.154918891868065,133,,
2018,10,1,1,0,7.5,-134,51.3,4.9,0,0.0,0,0.0,0,1013.6,333.51926926169926,5.935194672217512,126,,
2018,10,1,2,0,7.7,-120,59.8,5.1,0,0.0,0,0.0,0,1013.4,330.22444858871575,6.505616704880719,117,,
2018,10,1,3,0,8.1,-109,59.7,5.3,0,0.0,0,0.0,0,1013.3,327.3624924157143,6.605513795307675,107,,
2018,10,1,4,0,8.6,-98,53.8,5.6,0,0.0,0,0.0,0,1013.3,320.5192611297062,6.291100672869716,96,,
2018,10,1,5,0,9.1,-88,43.8,6,38,0.0,0,0.0,0,1013.3,330.4064696248689,6.327913276050366,84,,
2018,10,1,6,0,9.9,-78,34.8,6.5,141,25.0,20,18.129648461949447,0,1013.2,320.3560743745687,6.1714896987205385,73,,
2018,10,1,7,0,11,-67,50.8,7.2,187,321.0,17,159.58940528647247,0,1013.2,325.10678361427995,5.46282097530324,62,,
2018,10,1,8,0,12.2,-53,83.3,7.9,100,537.0,0,354.35432381849296,0,1013.1,311.4236656250026,5.667892024377317,52,,
2018,10,1,9,0,12.7,-36,89.5,8.5,76,637.0,0,534.8393683338031,0,1012.9,310.4891212543049,5.423854417088116,44,,
2018,10,1,10,0,12.8,-15,88.4,9.1,92,744.0,0,689.0090224591145,0,1012.7,308.52296791835505,5.619526213091201,40,,
2018,10,1,11,0,12.8,9,86.6,9.7,108,765.0,0,782.688304634296,0,1012.5,312.2656025241968,5.23623879686233,39,,
2018,10,1,12,0,12.8,31,81.6,10.1,140,668.0,0,770.0285253321817,0,1012.5,325.08835602149173,5.13268503991762,43,,
2018,10,1,13,0,12.8,49,86.2,10.3,90,474.0,0,653.9950140552871,0,1012.8,328.336521629594,5.238801547729609,50,,
2018,10,1,14,0,12.9,64,83.9,10.5,79,349.0,0,522.9657741333056,0,1013,327.926113211772,4.155810576707366,59,,
2018,10,1,15,0,12.8,75,68.7,10.6,96,602.0,0,541.3081312404374,0,1013.5,335.16262518708504,3.422259313522909,70,,
2018,10,1,16,0,12.6,86,58.1,10.7,44,528.0,0,369.7774610677559,0,1014.3,12.071316210084944,2.792459604232384,81,,
2018,10,1,17,0,12.4,96,42.8,10.8,2,233.0,0,135.08896997986565,0,1015.1,36.28587079098435,3.310132899324672,92,,
2018,10,1,18,0,12.2,106,43,10.6,0,9.0,0,5.668969120158923,0,1015.9,49.89784908277795,3.6233422007330858,104,,
2018,10,1,19,0,11.9,117,14.4,10.2,0,0.0,0,0.0,0,1016.7,88.20488956265706,2.688819572385695,114,,
2018,10,1,20,0,11.7,130,0,9.8,0,0.0,0,0.0,0,1017.5,49.5369337466783,2.985556483449801,123,,
2018,10,1,21,0,11.5,147,0,9.7,0,0.0,0,0.0,0,1017.9,93.64436571619422,3.591246562243103,131,,
2018,10,1,22,0,11.5,166,0,9.9,0,0.0,0,0.0,0,1018,66.57854273941825,3.72514295431705,135,,
2018,10,1,23,0,11.5,-172,0,10.2,0,0.0,0,0.0,0,1018.2,103.9446749484913,3.630933476636335,136,,
2018,10,2,0,0,11.4,-152,0,10.2,0,0.0,0,0.0,0,1018.2,104.44366784959487,5.021253885434323,132,,
2018,10,2,1,0,11.3,-135,0,10.1,0,0.0,0,0.0,0,1018.1,106.57386060061964,4.338453679682812,126,,
2018,10,2,2,0,11.2,-121,0,9.9,0,0.0,0,0.0,0,1018,122.92838479808567,4.925566273051054,117,,
2018,10,2,3,0,11.1,-109,0,9.9,0,0.0,0,0.0,0,1018.2,145.30277750623077,4.703625528816016,106,,
2018,10,2,4,0,11.1,-98,0,10,0,0.0,0,0.0,0,1018.7,170.52408226994373,5.412724427290225,95,,
2018,10,2,5,0,11.1,-89,25.3,10.1,39,0.0,2,0.0,0,1019.2,192.71249728359052,8.871023687626039,84,,
2018,10,2,6,0,11.6,-78,57,10.2,102,15.0,0,15.148294601638076,0,1019.6,194.3070346205859,9.87260103964184,73,,
2018,10,2,7,0,12.5,-67,71.9,10.5,123,46.0,0,88.21562813756229,0,1019.9,194.8907009041852,9.493874011507422,62,,
2018,10,2,8,0,13.4,-54,70.9,10.7,176,154.0,0,233.407933268509,0,1020.2,214.85754402000643,9.092619327504746,52,,
2018,10,2,9,0,13.9,-36,60.5,10.7,289,313.0,0,410.49930850547537,0,1020,235.37611540500427,8.10598315341652,44,,
2018,10,2,10,0,14,-15,45.2,10.4,415,225.0,22,458.9769298815586,0,1019.5,242.16573261147835,8.345157722419161,39,,
2018,10,2,11,0,14.1,9,44.1,10.2,449,112.0,0,418.0758397388691,0,1018.9,240.01000620402016,7.920853110620998,39,,
2018,10,2,12,0,14.2,31,40.2,10.1,426,135.0,25,456.2751988497908,0,1018.4,226.88722411286943,7.889314013812581,42,,
2018,10,2,13,0,14.3,50,24.2,10.1,380,284.0,104,550.9940265054236,0,1017.9,219.2056450934272,9.517575532289335,50,,
2018,10,2,14,0,14.4,64,22,10,297,529.0,75,621.2764884401031,0,1017.4,218.04063908660785,9.798187974013384,59,,
2018,10,2,15,0,14.3,76,25.9,9.9,197,695.0000000000001,19,587.0749090118443,0,1017,212.5212132001604,11.110061329218247,70,,
2018,10,2,16,0,13.9,86,17.2,9.6,78,580.0,4,392.8418448462235,0,1016.7,204.97331178564883,12.177075451581029,81,,
2018,10,2,17,0,13.5,96,37.9,9.4,3,348.0,0,168.87941122467544,0,1016.3,200.56459061760063,13.219591986441872,92,,
2018,10,2,18,0,13.3,106,40.3,9.2,0,40.0,0,11.102298308714774,0,1016.1,198.978006297983,14.743546565270645,103,,
2018,10,2,19,0,13.2,117,40.3,9.1,0,0.0,0,0.0,0,1016,202.23261257628323,15.168465450228656,114,,
2018,10,2,20,0,13.2,131,13.5,9,0,0.0,0,0.0,0,1016,198.86260476357884,15.825725863142726,123,,
2018,10,2,21,0,13.4,147,24.2,8.9,0,0.0,0,0.0,0,1015.6,199.4271963789857,16.076447164852382,131,,
2018,10,2,22,0,13.8,167,21.1,8.7,0,0.0,0,0.0,0,1014.9,199.5543159487096,16.34945515860776,135,,
2018,10,2,23,0,14.3,-172,0,8.6,0,0.0,0,0.0,0,1014.3,197.2231376617989,15.664575485619531,136,,
2018,10,3,0,0,14.6,-152,0,8.5,0,0.0,0,0.0,0,1013.7,193.09443303037045,13.09839722687351,132,,
2018,10,3,1,0,14.7,-135,0,8.4,0,0.0,0,0.0,0,1013.2,200.82618587275687,10.193865738450825,125,,
2018,10,3,2,0,14.9,-121,0,8.2,0,0.0,0,0.0,0,1012.7,204.33154745109275,9.7942779025061,116,,
2018,10,3,3,0,15,-109,0,8.2,0,0.0,0,0.0,0,1012.4,206.1483850178161,8.87321003472707,106,,
2018,10,3,4,0,15.1,-99,5.8,8.3,0,0.0,0,0.0,0,1012.4,215.3586745420073,6.704138485778351,95,,
2018,10,3,5,0,15.2,-89,35,8.3,36,0.0,6,0.0,0,1012.3,253.95440502021245,5.292615252299902,84,,
2018,10,3,6,0,15.9,-79,36.8,8.5,108,30.0,56,20.439805111645224,0,1012.2,335.66409577930534,6.085662012879928,72,,
2018,10,3,7,0,17.3,-67,41.4,8.9,165,173.0,89,135.58032034185072,0,1012.1,47.85754286448656,15.74562644217748,62,,
2018,10,3,8,0,18.6,-54,36.1,9.3,301,360.0,98,308.7399258250602,0,1012,72.48359545620997,15.781839871477176,52,,
2018,10,3,9,0,19.2,-36,48,9.4,324,465.0,52,475.0884959555255,0,1011.4,64.31600096381817,15.86267242728714,44,,
2018,10,3,10,0,19.1,-15,50.4,9.3,395,506.0,0,599.1545328657601,0,1010.4,68.91564729401887,16.037290557926834,39,,
2018,10,3,11,0,19,9,47.2,9.1,424,669.0,0,747.1263127623015,0,1009.4,69.76680932889792,16.501149233257607,38,,
2018,10,3,12,0,18.9,32,38.5,9.1,435,785.0,28,836.0226061707515,0,1008.4,66.96072647329066,16.39406902978662,42,,
2018,10,3,13,0,18.8,50,54.9,9.2,291,828.0000000000001,0,840.4996850717949,0,1007.3,63.30325406165565,15.533070664792556,49,,
2018,10,3,14,0,18.7,64,69.2,9.3,148,808.0,0,759.6583899663228,0,1006.2,68.36392667662591,15.647889552852398,59,,
2018,10,3,15,0,18.7,76,78.7,9.1,64,748.0,0,613.3836226894636,0,1005.4,70.67705725261806,15.6123783937579,70,,
2018,10,3,16,0,18.8,86,69.6,8.4,25,624.0,0,411.6346046958853,0,1004.9,69.805676258787,14.366029853501542,81,,
2018,10,3,17,0,18.9,96,35,7.8,3,443.0,0,195.9637174633471,0,1004.4,73.94103046353797,14.008055149238318,92,,
2018,10,3,18,0,18.5,106,40.5,7.5,0,68.0,0,14.49416037718296,0,1004.4,78.52749096967824,14.140432459748071,103,,
2018,10,3,19,0,17.7,118,50.1,7.7,0,0.0,0,0.0,0,1004.7,77.94605860343074,14.170346054574145,114,,
2018,10,3,20,0,16.9,131,57.9,7.8,0,0.0,0,0.0,0,1005,77.73434883222887,14.22360647286184,123,,
2018,10,3,21,0,16.1,147,57.9,8.1,0,0.0,0,0.0,0,1005.2,81.75305710260642,13.223165989661844,130,,
2018,10,3,22,0,15.3,167,30.2,8.6,0,0.0,0,0.0,0,1005.3,91.1731758228367,12.09115761318067,135,,
2018,10,3,23,0,14.4,-172,0,9.1,0,0.0,0,0.0,0,1005.4,94.70321394339794,11.668930422752409,135,,
2018,10,4,0,0,13.8,-152,0,9.4,0,0.0,0,0.0,0,1005.6,90.97416228156322,11.172024919264253,132,,
2018,10,4,1,0,13.2,-135,0,9.6,0,0.0,0,0.0,0,1006.1,98.784486150409,11.599690092916829,125,,
2018,10,4,2,0,12.7,-121,0,9.8,0,0.0,0,0.0,0,1006.7,100.1043017372454,11.87857246870802,116,,
2018,10,4,3,0,12.3,-109,0,9.9,0,0.0,0,0.0,0,1007.2,102.361345578778,11.587980950609646,106,,
2018,10,4,4,0,12.1,-99,0,9.8,0,0.0,0,0.0,0,1007.9,103.60151146375182,11.089573799440704,95,,
2018,10,4,5,0,11.8,-89,1.8,9.7,37,0.0,41,0.0,0,1008.5,103.97145287398524,10.891550013857051,83,,
2018,10,4,6,0,12.4,-79,0.4,9.6,65,8.0,211,13.15594671807366,0,1009.1,108.9708708277576,10.713765100137577,72,,
2018,10,4,7,0,13.7,-68,0,9.4,74,18.0,406,66.79729100865599,0,1009.6,111.51484003618066,10.06140392565344,61,,
2018,10,4,8,0,15,-54,0,9.3,79,27.0,575,135.6941913171878,0,1010.1,113.754786661555,8.903226452962747,51,,
2018,10,4,9,0,15.7,-37,0,8.8,85,28.0,695,194.61809363711728,0,1010.3,113.30224999988218,8.009000252817403,43,,
2018,10,4,10,0,15.6,-15,0,7.9,92,29.0,756,260.8589743291195,0,1010.2,111.6073204158668,6.678270124894416,38,,
2018,10,4,11,0,15.6,9,0,7.1,97,36.0,756,312.66152986708533,0,1010.2,111.90091454846942,5.1426261612749045,38,,
2018,10,4,12,0,15.5,32,0,6.7,99,43.0,697,340.5217856478682,0,1010,116.2748776382453,3.578737306469076,42,,
2018,10,4,13,0,15.4,50,0,6.9,94,70.0,588,376.0073797451952,0,1009.8,71.6322208760987,1.4488120935149125,49,,
2018,10,4,14,0,15.3,65,0,7.1,84,95.0,437,361.25902288182186,0,1009.6,65.3739731844604,2.797669558904886,59,,
2018,10,4,15,0,14.7,76,0,7.5,65,86.0,265,276.07649488020263,0,1009.7,74.2787519745508,5.606205057837963,69,,
2018,10,4,16,0,13.8,87,0,7.9,40,57.0,90,162.91545339728285,0,1009.9,78.64604793498285,8.35093009988087,81,,
2018,10,4,17,0,12.8,97,0,8.3,4,35.0,3,67.67186230235652,0,1010.1,79.08945663845338,9.334751532654494,92,,
2018,10,4,18,0,11.7,107,0,8.4,0,9.0,0,7.756413003227658,0,1010.3,82.79127254950401,9.617032509243575,103,,
2018,10,4,19,0,10.6,118,5.3,8.3,0,0.0,0,0.0,0,1010.5,86.25925397041163,9.25042115683225,113,,
2018,10,4,20,0,9.4,131,42.2,8.1,0,0.0,0,0.0,0,1010.7,90.0,9.002197265625,123,,
2018,10,4,21,0,9.1,148,37.1,8.1,0,0.0,0,0.0,0,1010.6,93.90741018120792,8.25453945462563,130,,
2018,10,4,22,0,9.4,167,6.6,8.3,0,0.0,0,0.0,0,1010.3,96.3412143406632,7.553047266423228,134,,
2018,10,4,23,0,9.7,-172,0,8.5,0,0.0,0,0.0,0,1010,99.40823000936932,7.397355678300478,135,,
2018,10,5,0,0,9.8,-152,0,8.6,0,0.0,0,0.0,0,1009.5,102.31801204130755,7.233668158915109,131,,
2018,10,5,1,0,9.9,-135,0,8.6,0,0.0,0,0.0,0,1009,95.54696523321796,6.890174781813669,124,,
2018,10,5,2,0,9.9,-121,0,8.6,0,0.0,0,0.0,0,1008.5,95.15315238642468,6.719296921049407,116,,
2018,10,5,3,0,10.1,-109,0,8.6,0,0.0,0,0.0,0,1008.1,97.91174834732716,6.042872092146549,105,,
2018,10,5,4,0,10.6,-99,0,8.7,1,0.0,0,0.0,0,1007.9,103.44320742237112,5.469187081445298,94,,
2018,10,5,5,0,11.2,-89,35.6,8.8,43,0.0,1,0.0,0,1007.6,107.83741776805924,5.108097359972122,83,,
2018,10,5,6,0,12.4,-79,53.3,9.2,124,86.0,0,30.096025056309376,0,1007.6,112.24272560098382,5.232629131841588,72,,
2018,10,5,7,0,14.2,-68,49.2,9.8,237,348.0,0,179.2443097502773,0,1007.7,118.12258519581724,4.9930367202680594,61,,
2018,10,5,8,0,16.1,-54,24.3,10.5,350,523.0,129,369.8141841495415,0,1007.8,114.58634093984392,5.252323238316296,51,,
2018,10,5,9,0,17.3,-37,6.3,10.7,236,626.0,466,552.2195029880493,0,1007.6,103.20043037857818,4.095770606566048,43,,
2018,10,5,10,0,17.9,-15,0.2,10.4,164,774.0,648,707.5848265319828,0,1006.9,73.52460017103397,2.9329210772406435,38,,
2018,10,5,11,0,18.6,10,0.2,10.1,155,814.0,666,809.9661540901244,0,1006.3,45.074202113157526,2.532708077746198,37,,
2018,10,5,12,0,18.9,32,1,10.1,136,840.0,632,858.7641801907137,0,1005.6,36.90349563623448,2.4980473044889435,41,,
2018,10,5,13,0,18.9,51,2.3,10.4,145,850.0,503,847.154180944006,0,1004.9,15.328143843908322,2.200847842204657,49,,
2018,10,5,14,0,18.8,65,22.1,10.7,204,831.0000000000001,184,768.0436207310826,0,1004.2,18.99936982855149,2.554960207134704,58,,
2018,10,5,15,0,18.6,77,27.1,10.6,152,784.0,76,628.4082631283422,0,1003.7,39.4816870928031,1.996263142245702,69,,
2018,10,5,16,0,18.3,87,23.6,10.3,64,683.0,32,433.7879177536146,0,1003.3,51.23417555160495,1.6278931099318488,80,,
2018,10,5,17,0,17.9,97,27.4,10,4,471.0,0,205.69994260945847,0,1003,63.90653018122725,1.1806358416066085,92,,
2018,10,5,18,0,17.5,107,52.4,9.7,0,88.0,0,17.68286484273376,0,1002.8,146.45365068308604,1.0527961160817871,103,,
2018,10,5,19,0,17,118,46.8,9.4,0,0.0,0,0.0,0,1002.8,183.9438089455644,2.445732945868303,113,,
2018,10,5,20,0,16.5,132,36.3,9.1,0,0.0,0,0.0,0,1002.7,205.35983678742733,3.94510888055784,122,,
2018,10,5,21,0,16.3,148,33,8.8,0,0.0,0,0.0,0,1002.2,212.50307543070025,6.056889730310995,130,,
2018,10,5,22,0,16.5,167,35.8,8.6,0,0.0,0,0.0,0,1001.4,219.02151205543328,6.921579083388333,134,,
2018,10,5,23,0,16.6,-172,42.8,8.3,0,0.0,0,0.0,0,1000.5,218.16919053548915,7.289227654486263,134,,
2018,10,6,0,0,16.9,-152,42.8,8,0,0.0,0,0.0,0,999.8,217.86149791771035,6.732062861136045,131,,
2018,10,6,1,0,17.4,-135,41.4,7.8,0,0.0,0,0.0,0,999.1,214.01892146064856,6.087515106221594,124,,
2018,10,6,2,0,17.9,-121,40.7,7.6,0,0.0,0,0.0,0,998.4,203.86914920057123,6.771272245021629,115,,
2018,10,6,3,0,18.2,-110,42.3,7.3,0,0.0,0,0.0,0,998,196.3551707573637,6.545887897704351,105,,
2018,10,6,4,0,18.5,-99,43.8,7,1,0.0,0,0.0,0,997.9,186.7658637448397,6.811596963683867,94,,
2018,10,6,5,0,18.8,-89,42.3,6.7,46,0.0,0,0.0,0,997.7,180.91818430222327,7.312950723565255,83,,
2018,10,6,6,0,19.1,-79,30,7.1,166,55.0,18,26.61066959414589,0,997.8,177.08283749528275,9.172286227493798,71,,
2018,10,6,7,0,19.6,-68,25.3,8.1,250,217.0,99,148.05249732385982,0,998,170.49807610692005,8.768496615881059,61,,
2018,10,6,8,0,20,-54,26,9.1,319,488.0,138,347.2361474233085,0,998.3,170.3798153640098,8.186907987084764,51,,
2018,10,6,9,0,19.7,-37,22.3,9.9,404,677.0,176,550.1718910354732,0,998.8,177.72617069157377,8.362541515235888,43,,
2018,10,6,10,0,18.8,-15,29.1,10.4,507,792.0,67,717.5904379228514,0,999.6,185.74626920979625,9.987687732903948,38,,
2018,10,6,11,0,17.8,10,17.1,11,399,766.0,276,789.1388594492319,0,1000.4,188.67156438497216,10.92048819855389,37,,
2018,10,6,12,0,16.7,33,29.5,10.9,386,691.0000000000001,151,784.2929608311491,0,1001.6,189.7266507265984,10.61400215977488,41,,
2018,10,6,13,0,15.4,51,30.9,10.1,361,767.0,88,805.4796056588056,0,1003,189.9715935544901,11.090385990786652,49,,
2018,10,6,14,0,14.1,65,65.4,9.4,165,843.0,0,775.6788876139681,0,1004.4,191.76071001238645,11.368288727473196,58,,
2018,10,6,15,0,13.2,77,85.2,8.7,44,821.0000000000001,0,647.7085576865261,0,1005.7,190.1726897629765,10.887212475879116,69,,
2018,10,6,16,0,12.6,87,72.8,7.9,23,744.0,0,459.1712963676067,0,1006.8,186.48999393643905,9.631301210627475,80,,
2018,10,6,17,0,12,97,1.6,7.2,5,472.0,0,208.52513914093964,0,1008,184.63042310343252,9.644270385452664,91,,
2018,10,6,18,0,11.5,108,0,6.4,0,69.0,0,16.249626672715724,0,1009.3,181.7570934974551,9.785607028712487,102,,
2018,10,6,19,0,11.1,119,0,5.6,0,0.0,0,0.0,0,1010.7,179.2833296118073,10.61826227795778,113,,
2018,10,6,20,0,10.6,132,0,4.8,0,0.0,0,0.0,0,1012.1,181.3746949162108,11.998082159190124,122,,
2018,10,6,21,0,10.1,148,0,4.4,0,0.0,0,0.0,0,1013.4,185.7236208527816,12.286596134389203,129,,
2018,10,6,22,0,9.5,167,0,4.6,0,0.0,0,0.0,0,1014.5,193.267106022432,11.50857072444252,134,,
2018,10,6,23,0,8.9,-172,0,4.7,0,0.0,0,0.0,0,1015.6,197.34952312093748,11.863989838059004,134,,
2018,10,7,0,0,8.6,-152,0,4.5,0,0.0,0,0.0,0,1016.6,199.53171179478483,13.076437368397055,130,,
2018,10,7,1,0,8.7,-135,0,3.9,0,0.0,0,0.0,0,1017.5,201.5841148086244,13.74717552479196,124,,
2018,10,7,2,0,8.7,-122,0,3.4,0,0.0,0,0.0,0,1018.4,204.21487485478656,13.033219883818091,115,,
2018,10,7,3,0,8.8,-110,0,3.1,0,0.0,0,0.0,0,1019.4,201.83720488998603,12.9168451176386,105,,
2018,10,7,4,0,8.9,-100,0,3,1,0.0,0,0.0,0,1020.5,203.1503042742496,12.857071411789589,94,,
2018,10,7,5,0,9,-90,1.3,3,39,0.0,55,0.0,0,1021.7,202.78352887793645,13.320066361376554,82,,
2018,10,7,6,0,9.7,-80,0.2,3.1,67,151.0,226,34.16716151179178,0,1022.7,203.2541210526141,13.594357569040882,71,,
2018,10,7,7,0,10.9,-68,0.5,3.2,83,465.0,410,193.3785215599509,0,1023.6,202.32090301809555,13.410601729903366,60,,
2018,10,7,8,0,12.1,-55,0,3.4,81,646.0,589,392.64859698682113,0,1024.5,204.17724298746043,13.551223395780417,50,,
2018,10,7,9,0,12.7,-37,12.2,3.4,264,744.0,435,577.7323098943693,0,1025.1,203.87499243709647,13.813880007836843,42,,
2018,10,7,10,0,12.7,-15,11.6,3.3,268,775.0,498,726.2711759958412,0,1025.4,202.444527891407,14.096370091885316,37,,
2018,10,7,11,0,12.7,10,3.2,3.3,136,800.0,708,822.918937257683,0,1025.7,202.4161025316417,14.384781470099046,37,,
2018,10,7,12,0,12.7,33,0,3.4,82,801.0,734,857.6355552145411,0,1026,202.91070084594867,13.985081012315248,41,,
2018,10,7,13,0,12.7,51,0,3.6,79,771.0,622,824.4963670923806,0,1026.2,203.20937983039133,13.448747463206578,48,,
2018,10,7,14,0,12.7,66,0,3.9,73,729.0,464,734.5041012500735,0,1026.4,203.4040383598524,13.240460319746395,58,,
2018,10,7,15,0,12.4,77,0,4.1,61,659.0,280,586.7204472164789,0,1026.8,203.1648303544301,13.057362714385736,69,,
2018,10,7,16,0,11.7,88,0,4.2,40,533.0,100,390.5928365540367,0,1027.3,198.22051066470505,13.098915940576996,80,,
2018,10,7,17,0,11,98,0,4.3,5,347.0,4,182.2984208857331,0,1027.9,195.61900367243112,13.05127624696508,91,,
2018,10,7,18,0,10,108,0,4.2,0,56.0,0,16.25575058157378,0,1028.3,192.47236230791555,13.197942120538306,102,,
2018,10,7,19,0,8.7,119,0,4.1,0,0.0,0,0.0,0,1028.4,194.44978942534783,14.446996606145404,113,,
2018,10,7,20,0,7.5,132,0,4,0,0.0,0,0.0,0,1028.6,195.8514469721346,14.500378772293695,122,,
2018,10,7,21,0,6.9,149,0,4.1,0,0.0,0,0.0,0,1028.6,198.7550518015015,13.61167148392931,129,,
2018,10,7,22,0,6.9,168,0,4.4,0,0.0,0,0.0,0,1028.5,201.5761676239009,13.319799226509268,133,,
2018,10,7,23,0,6.9,-172,0,4.7,0,0.0,0,0.0,0,1028.3,203.51559158717183,13.52935384146646,134,,
2018,10,8,0,0,6.7,-152,0,4.9,0,0.0,0,0.0,0,1028.2,203.4034499268615,14.219910781764227,130,,
2018,10,8,1,0,6.4,-136,0,4.9,0,0.0,0,0.0,0,1028.1,200.6437266034056,13.948086445064517,123,,
2018,10,8,2,0,6.1,-122,0,4.9,0,0.0,0,0.0,0,1028,202.2427032980788,13.314741601850391,115,,
2018,10,8,3,0,6.2,-110,0,5,0,0.0,0,0.0,0,1028.1,204.2740628620797,11.89757392940489,104,,
2018,10,8,4,0,6.5,-100,0,5.2,1,0.0,1,0.0,0,1028.3,204.7235030250553,10.746537840363793,93,,
2018,10,8,5,0,6.8,-90,6,5.4,41,0.0,58,0.0,0,1028.5,204.82655385999692,10.10932221023007,82,,
2018,10,8,6,0,8.1,-80,0.6,5.8,64,18.0,236,21.704994308639048,0,1028.5,204.2340355211403,10.241105654660844,71,,
2018,10,8,7,0,10.2,-69,13.1,6.3,195,23.0,236,77.33043399172367,0,1028.4,195.19703210410813,11.679930681229516,60,,
2018,10,8,8,0,12.4,-55,26,6.8,338,72.0,160,195.96420831838665,0,1028.3,192.14701454381787,13.853377499248769,50,,
2018,10,8,9,0,13.6,-37,28.2,6.9,390,257.0,183,403.26975910846033,0,1027.9,192.74781432664992,14.409880406176606,42,,
2018,10,8,10,0,13.8,-15,32.1,6.7,453,355.0,133,573.510253562855,0,1027.2,197.53889213163785,13.383645305118952,37,,
2018,10,8,11,0,14.1,10,8.5,6.5,197,392.0,598,659.8373827880773,0,1026.6,203.24042616129705,12.907720717531054,36,,
2018,10,8,12,0,14.3,33,0,6.6,84,477.0,730,729.5000095544901,0,1025.9,204.77693039075788,12.554625603001618,40,,
2018,10,8,13,0,14.4,52,0,7,80,507.0,619,722.932942319695,0,1025.2,203.01207423230449,12.8807292199952,48,,
2018,10,8,14,0,14.5,66,0,7.4,74,465.0,464,631.6313024030728,0,1024.5,204.7118090678813,13.143337384856675,58,,
2018,10,8,15,0,14.1,78,0,7.9,62,307.0,281,443.0280498836175,0,1024.1,205.373519654416,13.310102929753375,69,,
2018,10,8,16,0,13.1,88,0,8.3,41,97.0,101,207.3753817532153,0,1024,204.8204561658717,13.043479728914606,80,,
2018,10,8,17,0,12.2,98,0,8.8,5,23.0,4,63.65686481842135,0,1023.9,203.92306960885813,12.790737103050876,91,,
2018,10,8,18,0,11.2,108,0,8.7,0,4.0,0,6.38856099853176,0,1023.8,204.72715069327123,12.255546219309084,102,,
2018,10,8,19,0,10.3,119,0,8.1,0,0.0,0,0.0,0,1023.7,206.6183235567891,11.86033677987143,112,,
2018,10,8,20,0,9.3,133,0,7.5,0,0.0,0,0.0,0,1023.6,205.98180614774984,11.701967487720506,122,,
2018,10,8,21,0,8.9,149,0,7.4,0,0.0,0,0.0,0,1023.3,206.80909013834736,10.945804892552522,129,,
2018,10,8,22,0,9.1,168,0,7.8,0,0.0,0,0.0,0,1022.7,209.14070809737527,10.177621864600315,133,,
2018,10,8,23,0,9.3,-172,0,8.3,0,0.0,0,0.0,0,1022.1,210.89910416881293,9.239282807785171,133,,
2018,10,9,0,0,9.2,-152,0,8.4,0,0.0,0,0.0,0,1021.7,210.8581968251822,8.476842768382213,130,,
2018,10,9,1,0,8.9,-136,0,8.3,0,0.0,0,0.0,0,1021.3,227.34347400426708,6.67061276076152,123,,
2018,10,9,2,0,8.7,-122,0,8.2,0,0.0,0,0.0,0,1021,241.8984038278029,6.36012260391563,114,,
2018,10,9,3,0,8.7,-110,0,8.3,0,0.0,0,0.0,0,1021,269.30761938757826,4.6468236606124576,104,,
2018,10,9,4,0,8.9,-100,0.1,8.5,2,0.0,0,0.0,0,1021.3,334.7654409494362,3.4514410910228754,93,,
2018,10,9,5,0,9.2,-90,24.7,8.7,66,0.0,6,0.0,0,1021.6,30.820842185686104,5.170095500617387,82,,
2018,10,9,6,0,10.4,-80,32.2,9,131,3.0,49,12.132347963889504,0,1021.7,45.12029811704741,7.317777200739069,71,,
2018,10,9,7,0,12.4,-69,30.6,9.4,239,6.0,95,52.421100826270425,0,1021.6,43.81033367575071,8.514392791630891,60,,
2018,10,9,8,0,14.4,-55,42.7,9.8,358,10.0,4,107.2106591614752,0,1021.5,50.18788361280201,9.303523611435365,50,,
2018,10,9,9,0,15.6,-37,20.2,10.1,286,15.0,319,179.7235975377846,0,1021.1,55.96113470517497,10.010655174364702,41,,
2018,10,9,10,0,16,-15,15.1,10.1,260,46.0,434,288.53211972450293,0,1020.5,69.63859945312817,14.004699859051888,36,,
2018,10,9,11,0,16.3,10,35.6,10.2,471,209.0,62,514.98353653237,0,1019.8,74.43962233941664,15.360852850505276,36,,
2018,10,9,12,0,16.5,34,19.9,10.3,274,623.0,348,772.4111487895384,0,1019.3,74.30486136334264,16.085088886259072,40,,
2018,10,9,13,0,16.5,52,0,10.5,115,746.0,557,815.9760137650413,0,1018.8,74.59846892820633,15.912509602740824,48,,
2018,10,9,14,0,16.5,67,0,10.7,108,768.0,406,758.2166442835196,0,1018.3,75.61008944029436,17.25748457107064,58,,
2018,10,9,15,0,16,78,0,10.9,88,759.0,236,637.3119927243827,0,1018.1,80.38822466704306,17.695186939594024,68,,
2018,10,9,16,0,14.9,88,6.4,11.1,66,684.0,54,452.18690048679935,0,1018.2,84.2157388822514,17.53360952046778,80,,
2018,10,9,17,0,13.8,98,0.2,11.4,6,566.0000000000001,2,244.6632952881019,0,1018.3,89.66600228061805,17.338917646707962,91,,
2018,10,9,18,0,12.9,109,0,11.2,0,169.0,0,30.973817143185936,0,1018.4,96.45845491354146,15.961649329416488,102,,
2018,10,9,19,0,12.3,120,0,10.6,0,0.0,0,0.0,0,1018.6,97.74060699962877,15.186228608654762,112,,
2018,10,9,20,0,11.6,133,0,9.9,0,0.0,0,0.0,0,1018.8,102.15299845923312,15.26495567775468,121,,
2018,10,9,21,0,11.1,149,0,9.6,0,0.0,0,0.0,0,1018.7,104.31632758773084,16.195071688314062,128,,
2018,10,9,22,0,10.9,168,0,9.5,0,0.0,0,0.0,0,1018.4,109.92640461306593,14.564072753228183,132,,
2018,10,9,23,0,10.6,-172,13.9,9.5,0,0.0,0,0.0,0,1018,110.28952203264572,13.108778886574973,133,,
2018,10,10,0,0,10.5,-152,0,9.5,0,0.0,0,0.0,0,1017.7,111.36305758670096,11.679699079322816,129,,
2018,10,10,1,0,10.6,-136,0.2,9.7,0,0.0,0,0.0,0,1017.3,113.45850802919824,10.790800594068848,123,,
2018,10,10,2,0,10.7,-122,38.2,9.8,0,0.0,0,0.0,0,1017,114.26420025162014,9.692674488512107,114,,
2018,10,10,3,0,10.9,-111,29.9,10,0,0.0,0,0.0,0,1016.8,116.88679453946683,8.807822839535634,104,,
2018,10,10,4,0,11.3,-100,8.5,10.3,2,0.0,0,0.0,0,1016.7,123.23431088554644,8.069951421409469,93,,
2018,10,10,5,0,11.6,-90,30.3,10.5,51,0.0,2,0.0,0,1016.6,124.79978988287296,7.863090630318159,82,,
2018,10,10,6,0,12.6,-80,54.9,10.9,103,201.0,28,44.8611302352856,0,1016.4,128.43181854185605,7.358984222080025,70,,
2018,10,10,7,0,14,-69,0,11.3,146,522.0,312,217.26890550233344,0,1016.2,130.05385554626434,6.391213424939066,59,,
2018,10,10,8,0,15.5,-55,1.6,11.8,189,696.0000000000001,425,424.4317400201604,0,1016.1,142.51554202053185,5.676791395911287,49,,
2018,10,10,9,0,16.5,-38,21.1,12,394,792.0,195,616.2412013964802,0,1015.6,165.32211156754352,5.17120037115901,41,,
2018,10,10,10,0,17.2,-15,3.4,12,256,864.0,526,768.766680715154,0,1014.9,186.47319477387364,5.179996648109854,36,,
2018,10,10,11,0,17.9,11,8,11.9,335,895.0,410,871.1234230919129,0,1014.2,198.04969462195749,5.98213620551498,36,,
2018,10,10,12,0,18.2,34,14.5,12.1,363,910.0,297,915.9055865545316,0,1013.4,202.7088488556413,7.497210814478837,40,,
2018,10,10,13,0,18.1,53,14.4,12.4,294,909.0,270,898.302716192355,0,1012.7,203.7610115284146,7.648583516956886,48,,
2018,10,10,14,0,18.1,67,4,12.6,185,893.0,290,818.2330046216881,0,1011.9,202.2435876986948,6.820290555623726,57,,
2018,10,10,15,0,17.6,79,8.9,12.9,155,854.0,128,678.2238891887093,0,1011.4,199.95099718840848,5.91790865121673,68,,
2018,10,10,16,0,16.6,89,26.3,13,79,776.0,16,486.0297982559906,0,1011.1,193.2018617654928,4.558210897835428,79,,
2018,10,10,17,0,15.7,99,1.6,13.2,7,608.0,1,256.93759395426946,0,1010.8,164.13893420844727,3.508835140088165,91,,
2018,10,10,18,0,14.8,109,0,13,0,183.0,0,32.9848154867104,0,1010.6,113.3639931717604,2.631813754128013,102,,
2018,10,10,19,0,14.1,120,0,12.5,0,0.0,0,0.0,0,1010.5,91.67912449607375,3.624359024862548,112,,
2018,10,10,20,0,13.3,133,0,12,0,0.0,0,0.0,0,1010.3,92.13884459254012,3.938046288816897,121,,
2018,10,10,21,0,12.7,149,0,11.6,0,0.0,0,0.0,0,1009.9,94.33837390946866,3.592079520707842,128,,
2018,10,10,22,0,12.2,168,0,11.2,0,0.0,0,0.0,0,1009.3,96.61654266087868,3.985529840693365,132,,
2018,10,10,23,0,11.8,-172,0,10.8,0,0.0,0,0.0,0,1008.7,99.1844666897738,4.8334512805797765,132,,
2018,10,11,0,0,11.3,-153,0,10.4,0,0.0,0,0.0,0,1008.1,104.76464200977074,5.235367416132978,129,,
2018,10,11,1,0,10.9,-136,0,10,0,0.0,0,0.0,0,1007.6,146.16257400195713,3.7648910661974746,122,,
2018,10,11,2,0,10.5,-122,0,9.7,0,0.0,0,0.0,0,1007.1,142.79235482329966,2.9819854037223767,114,,
2018,10,11,3,0,10.5,-111,0,9.6,0,0.0,0,0.0,0,1006.9,154.6379222172484,2.761519342585781,103,,
2018,10,11,4,0,10.8,-101,0,9.7,3,0.0,1,0.0,0,1007,167.77651908754592,1.9429745547120088,93,,
2018,10,11,5,0,11,-91,6.6,9.7,52,0.0,53,0.0,0,1007.1,155.83229108318153,1.6679200426623888,81,,
2018,10,11,6,0,11.6,-81,37.9,9.8,145,170.0,36,44.17865575670051,0,1007.2,139.4055593270321,2.656391858071497,70,,
2018,10,11,7,0,12.5,-69,51.5,9.8,248,456.0,0,207.58115826242783,0,1007.3,144.45334248266943,2.535197558896704,59,,
2018,10,11,8,0,13.4,-56,45.3,9.9,366,663.0,9,414.5492748488524,0,1007.4,118.42853573607454,2.884175058711056,49,,
2018,10,11,9,0,14,-38,14.9,9.6,299,766.0,392,604.4710588307704,0,1007.3,124.76070370694045,2.888236074220733,41,,
2018,10,11,10,0,14.4,-15,15.1,9,306,807.0,442,749.6433470386648,0,1007,137.57509048165366,1.6675971374357217,36,,
2018,10,11,11,0,14.7,11,0,8.4,97,842.0,791,851.4239892360727,0,1006.7,173.80212236656917,0.3799061118387126,35,,
2018,10,11,12,0,14.7,34,0,8,90,870.0,743,901.098059005284,0,1006.4,23.91968691017894,1.2277610899700702,40,,
2018,10,11,13,0,14.4,53,1,7.9,99,872.0,611,884.4758750686093,0,1006,12.581582060585047,1.2362287339791156,47,,
2018,10,11,14,0,14,67,0.1,7.7,79,854.0,475,805.2579417495703,0,1005.7,11.470867840725532,1.0398122334164384,57,,
2018,10,11,15,0,13.3,79,24.5,7.6,188,815.0000000000001,86,666.4744024368446,0,1005.6,15.851489281044792,0.7570602773606828,68,,
2018,10,11,16,0,12.4,89,42.4,7.6,85,734.0,0,475.4723549743302,0,1005.9,33.29227199858252,0.9460331085451946,79,,
2018,10,11,17,0,11.5,99,38.8,7.5,8,541.0,0,243.8699543602516,0,1006.1,71.13714834064297,0.899374995175296,90,,
2018,10,11,18,0,10.9,109,44.2,7.5,0,174.0,0,33.627778267555115,0,1006.3,120.61920345472652,0.4107917585222244,101,,
2018,10,11,19,0,10.5,120,42.5,7.4,0,0.0,0,0.0,0,1006.4,148.82194300484696,0.6828588840957782,112,,
2018,10,11,20,0,10,134,45.8,7.4,0,0.0,0,0.0,0,1006.5,138.5828649993009,1.417156081182581,121,,
2018,10,11,21,0,9.8,150,45,7.3,0,0.0,0,0.0,0,1006.5,178.68779930192647,2.7292313507412924,128,,
2018,10,11,22,0,9.6,168,22.1,7.2,0,0.0,0,0.0,0,1006.4,198.22287657998368,5.5274614247443,132,,
2018,10,11,23,0,9.5,-172,0,7.1,0,0.0,0,0.0,0,1006.4,199.26406805630933,7.394759983206767,132,,
2018,10,12,0,0,9.4,-153,0,7,0,0.0,0,0.0,0,1006.2,201.8452722167916,8.468453409132211,129,,
2018,10,12,1,0,9.4,-136,0,6.8,0,0.0,0,0.0,0,1006,199.33006704128263,9.963008076002216,122,,
2018,10,12,2,0,9.3,-123,0,6.6,0,0.0,0,0.0,0,1005.9,209.48994630553835,11.5630224496496,113,,
2018,10,12,3,0,9.5,-111,0,6.6,0,0.0,0,0.0,0,1006,207.0852093910747,12.54389746550288,103,,
2018,10,12,4,0,9.7,-101,0,6.7,3,0.0,1,0.0,0,1006.4,207.7314557030663,13.301792380821054,92,,
2018,10,12,5,0,9.9,-91,2.6,6.9,48,0.0,66,0.0,0,1006.8,206.3740628772451,13.560386405126122,81,,
2018,10,12,6,0,10.7,-81,23.8,7,149,147.0,91,45.65897703676838,0,1007.2,207.1743602037361,14.14807891812584,70,,
2018,10,12,7,0,12,-70,24,7,214,343.0,186,192.3782007879112,0,1007.5,207.373478936587,15.229160682174337,59,,
2018,10,12,8,0,13.3,-56,25.4,7,236,483.0,272,369.30738353533343,0,1007.8,209.07226816562337,15.998615517917257,49,,
2018,10,12,9,0,14,-38,10.9,6.8,219,641.0,508,563.4987705381864,0,1008.1,210.7847619350128,16.20355513359512,40,,
2018,10,12,10,0,14.2,-15,7.8,6.4,220,702.0000000000001,592,707.4295426939859,0,1008.2,213.3304386817952,15.513087023771591,35,,
2018,10,12,11,0,14.5,11,4.3,5.9,170,802.0,679,834.6737858155043,0,1008.3,214.4506303496914,14.808658063382117,35,,
2018,10,12,12,0,14.4,35,9,5.6,199,820.0000000000001,554,878.6117401056355,0,1008.5,211.37218558182272,14.572600003588311,39,,
2018,10,12,13,0,14.2,53,0,5.6,81,850.0,635,876.573530190459,0,1008.7,204.0982379382124,14.040844084089391,47,,
2018,10,12,14,0,14,68,0,5.6,74,843.0,479,802.8809947910754,0,1009,200.8334541125332,13.780642199791243,57,,
2018,10,12,15,0,13.5,79,1.4,5.5,70,807.0,285,667.0450672583713,0,1009.5,196.5791311270714,13.83187443822889,68,,
2018,10,12,16,0,12.8,89,11.4,5.5,73,688.0,64,461.7122058614922,0,1010.2,194.83118586274188,13.691494556963931,79,,
2018,10,12,17,0,12.1,99,0.5,5.5,8,530.0,5,243.302058487169,0,1011,195.91062151854456,14.08982280563604,90,,
2018,10,12,18,0,11.4,109,0,5.4,0,179.0,0,35.75778994347448,0,1011.8,193.86672016255807,13.508689472419046,101,,
2018,10,12,19,0,10.8,121,0,5.3,0,0.0,0,0.0,0,1012.7,193.84777279700631,13.878726211870353,111,,
2018,10,12,20,0,10.1,134,0,5.3,0,0.0,0,0.0,0,1013.5,196.5569412582055,13.925284410256896,120,,
2018,10,12,21,0,9.7,150,0,5.5,0,0.0,0,0.0,0,1014,202.36936986247864,13.711481701954314,127,,
2018,10,12,22,0,9.6,168,0,5.9,0,0.0,0,0.0,0,1014.2,205.097301900733,13.725531785248142,131,,
2018,10,12,23,0,9.4,-172,0,6.4,0,0.0,0,0.0,0,1014.4,207.11707026009907,13.916456827230157,132,,
2018,10,13,0,0,9.2,-153,0,6.8,0,0.0,0,0.0,0,1014.7,201.0112105111749,14.31953325040055,128,,
2018,10,13,1,0,9,-136,27.1,7.1,0,0.0,0,0.0,0,1015,194.16151592295336,15.355573463131428,122,,
2018,10,13,2,0,8.7,-123,59.1,7.3,0,0.0,0,0.0,0,1015.2,192.2052699707852,15.700592201143682,113,,
2018,10,13,3,0,8.8,-111,59,7.6,0,0.0,0,0.0,0,1015.6,191.16245624968823,15.64409611319464,103,,
2018,10,13,4,0,9.2,-101,50.6,7.9,3,0.0,0,0.0,0,1016.1,189.5744741040151,16.19878984246372,92,,
2018,10,13,5,0,9.6,-91,61,8.2,41,0.0,0,0.0,0,1016.6,189.1435776060042,16.305332635345476,81,,
2018,10,13,6,0,10.5,-81,41.3,8.7,166,144.0,20,48.18603404069568,0,1016.9,188.70408997738105,16.708791119669094,69,,
2018,10,13,7,0,11.8,-70,39.2,9.3,230,418.0,69,209.310030737514,0,1017.2,194.35254374635767,17.17244710654747,58,,
2018,10,13,8,0,13.2,-56,48.8,10,348,604.0,0,407.8110672374831,0,1017.5,198.7663310689408,17.700249683375546,48,,
2018,10,13,9,0,14,-38,41.6,9.9,443,710.0,24,593.6927301264749,0,1017.4,202.4760409461824,17.731144354555614,40,,
2018,10,13,10,0,14.1,-15,3.3,9.2,187,783.0,650,746.9832012567567,0,1017.1,205.0199830581596,17.505234129717486,35,,
2018,10,13,11,0,14.3,11,0,8.4,128,829.0000000000001,745,852.5130993052288,0,1016.8,205.49124571314,17.15784720158609,34,,
2018,10,13,12,0,14.4,35,0,8.1,115,858.0,703,902.3987134093423,0,1016.5,204.83752723045885,16.584029175506124,39,,
2018,10,13,13,0,14.4,54,0,8.2,104,865.0,602,888.7550742312487,0,1016.2,199.55193663457544,16.835765391662736,47,,
2018,10,13,14,0,14.4,68,0,8.4,92,855.0,454,812.635064807646,0,1015.9,198.90742235814577,16.74944649144773,57,,
2018,10,13,15,0,14,80,0,8.6,75,818.0000000000001,278,674.6136498432999,0,1015.9,199.0931855900488,16.59247571466935,68,,
2018,10,13,16,0,13.4,90,0,8.9,49,747.0,104,487.4554340732453,0,1016.1,200.2011618349871,16.266745529641568,79,,
2018,10,13,17,0,12.8,100,0,9.2,8,599.0,6,265.11730670946315,0,1016.4,199.84956848873367,16.118014105024415,90,,
2018,10,13,18,0,12,110,0,9.2,0,228.0,0,42.92577535968383,0,1016.6,200.037555458863,15.671525468284871,101,,
2018,10,13,19,0,11,121,0,8.8,0,0.0,0,0.0,0,1016.9,199.5529240762301,16.179875041661273,111,,
2018,10,13,20,0,10.1,134,0,8.3,0,0.0,0,0.0,0,1017.2,202.3643613893158,16.68967541077307,120,,
2018,10,13,21,0,9.6,150,0,8.1,0,0.0,0,0.0,0,1017.1,202.6528410229847,17.130880992329068,127,,
2018,10,13,22,0,9.6,169,0,8.1,0,0.0,0,0.0,0,1016.8,201.653584701098,17.25553378373868,131,,
2018,10,13,23,0,9.6,-172,0,8.1,0,0.0,0,0.0,0,1016.5,200.5138952247584,17.634356679979536,131,,
2018,10,14,0,0,9.6,-153,0,8.2,0,0.0,0,0.0,0,1016.1,198.88296616493028,17.742726664243563,128,,
2018,10,14,1,0,9.6,-137,0,8.3,0,0.0,0,0.0,0,1015.6,196.8981267086733,18.17589217676205,121,,
2018,10,14,2,0,9.6,-123,0,8.3,0,0.0,0,0.0,0,1015.2,193.1285159683065,18.3071053080798,113,,
2018,10,14,3,0,9.7,-112,0,8.5,0,0.0,0,0.0,0,1015,191.4390241190664,18.02080117114363,102,,
2018,10,14,4,0,10.1,-101,0.1,8.8,4,0.0,2,0.0,0,1014.9,191.71616550541427,17.186688360644023,92,,
2018,10,14,5,0,10.5,-91,52.7,9.2,50,0.0,1,0.0,0,1014.9,189.7451111947956,17.05295021969994,80,,
2018,10,14,6,0,11.5,-81,64.1,9.6,115,152.0,0,50.43457767409727,0,1014.9,188.57101151184952,16.722154903403975,69,,
2018,10,14,7,0,13,-70,60.2,10.1,207,406.0,0,210.19153013565935,0,1014.8,189.3265574597185,17.158710833068707,58,,
2018,10,14,8,0,14.6,-56,61.9,10.6,263,527.0,0,389.3502084233279,0,1014.7,190.1978455315717,17.118331231994038,48,,
2018,10,14,9,0,15.6,-38,59.3,10.9,331,609.0,0,558.7798037777486,0,1014.3,192.2593978545005,17.024700931969573,40,,
2018,10,14,10,0,16.1,-15,45.1,11,458,577.0,22,692.1620948666621,0,1013.6,193.84534639163607,16.421458288943473,34,,
2018,10,14,11,0,16.5,11,23,11.1,441,567.0000000000001,237,763.7066254748822,0,1012.9,196.3137880376217,15.2560906559344,34,,
2018,10,14,12,0,16.7,35,27.4,11.2,462,508.0,137,762.1580328299603,0,1012.2,197.81932002178064,14.342096773669567,39,,
2018,10,14,13,0,16.8,54,29.3,11.3,410,493.0,94,732.0438557735542,0,1011.5,195.10084251272244,15.093460941113651,47,,
2018,10,14,14,0,16.8,68,23.8,11.4,302,440.0,118,634.1098930666976,0,1010.9,197.2692018276533,14.31396753791629,56,,
2018,10,14,15,0,16.4,80,63.9,11.5,128,251.0,3,426.23794913063296,0,1010.6,196.4185629702267,15.041326981519244,67,,
2018,10,14,16,0,15.4,90,50,11.8,72,81.0,0,204.4512172722413,0,1010.5,195.663828415884,15.20404626460276,79,,
2018,10,14,17,0,14.5,100,3.3,12,11,15.0,2,58.63425081181991,0,1010.3,195.04165612383105,15.121368896456527,90,,
2018,10,14,18,0,13.7,110,0,11.9,0,3.0,0,7.351145372079755,0,1010.3,196.8131130368842,15.237535655486123,101,,
2018,10,14,19,0,13,121,0,11.5,0,0.0,0,0.0,0,1010.3,192.2859198531264,16.103921096536567,111,,
2018,10,14,20,0,12.4,135,0,11.1,0,0.0,0,0.0,0,1010.4,191.9692695998972,16.9178604936362,120,,
2018,10,14,21,0,12.2,150,0,11,0,0.0,0,0.0,0,1009.9,190.77303740233853,17.316675455559576,127,,
2018,10,14,22,0,12.4,169,0,11.1,0,0.0,0,0.0,0,1009,191.33779060679973,17.626945207335154,131,,
2018,10,14,23,0,12.7,-172,0,11.2,0,0.0,0,0.0,0,1008.1,189.8596212632142,17.920442221256263,131,,
2018,10,15,0,0,13,-153,0,11.4,0,0.0,0,0.0,0,1007.3,189.1411248082066,17.863338429492735,127,,
2018,10,15,1,0,13.3,-137,5,11.6,0,0.0,0,0.0,0,1006.6,188.5197928791266,18.28034153987814,121,,
2018,10,15,2,0,13.7,-123,34.2,11.8,0,0.0,0,0.0,0,1005.9,186.91698105835644,18.356504672072663,112,,
2018,10,15,3,0,14.1,-112,28.8,12,0,0.0,0,0.0,0,1005.5,186.6918855452119,18.61903595802422,102,,
2018,10,15,4,0,14.6,-102,26.6,12,5,0.0,0,0.0,0,1005.5,188.3621785498445,18.224514770589323,91,,
2018,10,15,5,0,15.1,-92,16.9,12.1,69,0.0,40,0.0,0,1005.4,188.3165332798041,17.625040563239097,80,,
2018,10,15,6,0,16.2,-82,6.8,11.9,121,4.0,184,16.29387808518262,0,1005.3,187.67949204054145,17.69237263154867,69,,
2018,10,15,7,0,17.9,-70,2.1,11.6,117,30.0,398,102.98984129992222,0,1005.1,188.12054385317663,18.62646345815094,58,,
2018,10,15,8,0,19.6,-57,0,11.2,110,62.0,579,215.85197058043732,0,1004.9,189.54916277808428,17.87487839110562,48,,
2018,10,15,9,0,20.6,-39,2.4,10.7,152,100.0,640,339.8181748601955,0,1004.5,188.2155465492033,17.387422911200908,39,,
2018,10,15,10,0,20.8,-15,0.6,10,133,172.0,738,490.9359921431551,0,1003.9,187.87256368383163,17.05256328905455,34,,
2018,10,15,11,0,21.1,12,23.2,9.3,302,406.0,373,697.9760251520808,0,1003.4,188.38450736179803,16.547221384574435,34,,
2018,10,15,12,0,21,36,24.3,9,258,371.0,354,702.2633006082968,0,1002.9,189.33746368084584,16.797273620488596,38,,
2018,10,15,13,0,20.6,54,5.9,9.1,183,218.0,480,575.8326103839595,0,1002.6,186.8897057052832,17.128323825864662,46,,
2018,10,15,14,0,20.1,69,38.1,9.2,252,56.0,92,338.3208000444396,0,1002.2,186.5566751056482,17.068424974222275,56,,
2018,10,15,15,0,19.3,80,84,9.3,64,29.0,0,214.60487221732043,0,1002.2,184.31204627799832,17.51784866231283,67,,
2018,10,15,16,0,18.2,90,72.7,9.5,36,27.0,0,144.23579295841034,0,1002.4,186.5013952973228,17.17195458432778,78,,
2018,10,15,17,0,17.1,100,64.6,9.7,7,31.0,0,81.67795042055596,0,1002.7,186.1295384411657,16.31617952736783,90,,
2018,10,15,18,0,16.2,110,39.2,10.1,0,10.0,0,13.203952522729034,0,1003.1,184.46940563218124,16.58583648298697,101,,
2018,10,15,19,0,15.6,122,42.5,10.6,0,0.0,0,0.0,0,1003.6,185.47602350157007,17.72419990171657,111,,
2018,10,15,20,0,14.9,135,60.4,11.1,0,0.0,0,0.0,0,1004.2,187.07603646658384,18.49093298772401,120,,
2018,10,15,21,0,14.8,151,80,11.2,0,0.0,0,0.0,0,1004.2,186.06832546714813,19.773397143445983,126,,
2018,10,15,22,0,15,169,66.2,11,0,0.0,0,0.0,0,1003.9,188.25570915656445,18.44258379434075,130,,
2018,10,15,23,0,15.3,-172,25.2,10.7,0,0.0,0,0.0,0,1003.6,189.3898231705304,18.17541430898375,131,,
2018,10,16,0,0,15.4,-153,59.1,10.6,0,0.0,0,0.0,0,1003.3,186.4200893440901,18.541325666920912,127,,
2018,10,16,1,0,15.3,-137,51.7,10.8,0,0.0,0,0.0,0,1003.2,183.81929292885212,19.436721787712543,121,,
2018,10,16,2,0,15.2,-123,43.5,10.9,0,0.0,0,0.0,0,1003,182.8140477729536,19.12560204574321,112,,
2018,10,16,3,0,15,-112,57.5,11.1,0,0.0,0,0.0,0,1003.1,183.6602861032173,19.22818826422908,102,,
2018,10,16,4,0,14.9,-102,68.9,11.3,3,0.0,0,0.0,0,1003.6,183.63782723480847,19.31210617170032,91,,
2018,10,16,5,0,14.8,-92,58.4,11.4,49,0.0,0,0.0,0,1004,184.0732821839412,19.55329759164036,80,,
2018,10,16,6,0,14.9,-82,72.2,11.5,81,37.0,0,42.895242358535015,0,1004.7,184.20371496773012,19.240727663904725,68,,
2018,10,16,7,0,15.3,-71,65.1,11.3,179,31.0,4,109.40209146133958,0,1005.5,184.30804579157268,19.28911871764781,57,,
2018,10,16,8,0,15.8,-57,33.5,11.2,317,16.0,140,143.25914835625866,0,1006.3,187.0225967673161,18.88852770563668,47,,
2018,10,16,9,0,16,-39,7.6,10.6,237,26.0,520,231.92208147379287,0,1007,195.37805006881,17.245364298789795,39,,
2018,10,16,10,0,16,-15,0,9.5,107,54.0,789,366.7505716109117,0,1007.4,200.1710147580715,14.831528460962554,34,,
2018,10,16,11,0,16.1,12,1.2,8.5,119,64.0,781,427.2514745482025,0,1007.9,185.3055441633027,15.796925941785103,33,,
2018,10,16,12,0,15.9,36,11.6,7.8,262,49.0,496,405.543847244172,0,1008.2,191.98846981342496,17.611659554219276,38,,
2018,10,16,13,0,15.5,55,8.1,7.4,205,22.0,478,295.2204981887496,0,1008.5,190.83553326861903,15.92578893366112,46,,
2018,10,16,14,0,15.1,69,2.8,7,113,8.0,452,171.07119283793432,0,1008.8,188.20954190662525,14.368679101959046,56,,
2018,10,16,15,0,14.4,81,0.3,6.8,70,6.0,312,118.86803192224713,0,1009.2,185.28661134799484,15.016022757304272,67,,
2018,10,16,16,0,13.5,91,0,7,48,14.0,125,118.907089719541,0,1009.7,191.08094848498652,15.802174210418055,78,,
2018,10,16,17,0,12.6,101,0.3,7.1,10,36.0,8,90.35550496209189,0,1010.2,193.2623317255748,15.606660809302271,89,,
2018,10,16,18,0,11.5,111,0,7,0,4.0,0,9.494998648933445,0,1010.7,199.8282266992169,14.977303223457842,100,,
2018,10,16,19,0,10.4,122,14,6.7,0,0.0,0,0.0,0,1011.3,208.3180492648804,14.90117373691855,110,,
2018,10,16,20,0,9.2,135,38.6,6.4,0,0.0,0,0.0,0,1011.9,204.785841023325,12.508467347958169,119,,
2018,10,16,21,0,8.7,151,0.5,6.3,0,0.0,0,0.0,0,1012.1,207.75242546671512,11.612686929850987,126,,
2018,10,16,22,0,8.8,169,0,6.4,0,0.0,0,0.0,0,1011.8,202.00671137800143,9.717015240386518,130,,
2018,10,16,23,0,8.9,-172,0,6.5,0,0.0,0,0.0,0,1011.4,201.53866108908903,11.6853737784025,130,,
2018,10,17,0,0,8.9,-153,0,6.5,0,0.0,0,0.0,0,1011.2,212.1046285526036,11.56375056798206,127,,
2018,10,17,1,0,8.9,-137,0,6.3,0,0.0,0,0.0,0,1011.1,220.07319547875747,13.351085018148988,120,,
2018,10,17,2,0,8.9,-124,0,6.2,0,0.0,0,0.0,0,1011,222.9410565882644,11.815586385736978,112,,
2018,10,17,3,0,9,-112,0,6.1,0,0.0,0,0.0,0,1011.1,226.24510806315604,10.908005824477604,102,,
2018,10,17,4,0,9.4,-102,3,6,7,0.0,1,0.0,0,1011.4,238.0270479979241,8.458168520676285,91,,
2018,10,17,5,0,9.7,-92,38.9,6,86,0.0,2,0.0,0,1011.8,235.7457980895155,5.996970867406498,80,,
2018,10,17,6,0,10.5,-82,23.8,6,161,10.0,110,29.829860568403504,0,1012,250.0648881724196,3.984090585468245,68,,
2018,10,17,7,0,11.7,-71,18.6,6,217,73.0,234,147.1244650699892,0,1012.1,272.8443262097464,2.8978571349299496,57,,
2018,10,17,8,0,12.8,-57,24.8,6,325,148.0,200,295.7987563405077,0,1012.3,282.50510782928166,1.7285058490024132,47,,
2018,10,17,9,0,13.6,-39,36,6.5,368,166.0,155,415.3430108949096,0,1012.3,232.49508690324552,1.3393400708021648,39,,
2018,10,17,10,0,14,-15,43.6,7.3,382,492.0,120,662.0749831225328,0,1012.3,215.15024127938693,2.455305029823851,33,,
2018,10,17,11,0,14.3,12,58,8.1,375,663.0,0,816.6911365848393,0,1012.2,221.2634423441663,2.8688797387433054,33,,
2018,10,17,12,0,14.4,36,62.9,8.5,307,686.0,0,858.9481050687172,0,1012.4,220.2847791448672,2.833008832908323,38,,
2018,10,17,13,0,14.3,55,62.8,8.7,213,660.0,51,825.7520154861769,0,1012.6,233.6959164573649,3.337565085315794,46,,
2018,10,17,14,0,14.2,69,20.8,8.8,267,508.0,177,677.1132696953833,0,1012.9,240.838186601668,4.701662571286718,56,,
2018,10,17,15,0,13.7,81,18.8,8.5,146,300.0,147,460.33166277235256,0,1013.4,241.37332447035493,5.438759696222358,67,,
2018,10,17,16,0,13,91,20.9,7.8,82,174.0,45,272.3908633253151,0,1014.1,241.708041163082,5.492543742101622,78,,
2018,10,17,17,0,12.2,101,3.2,7.1,13,97.0,1,124.9106342602913,0,1014.9,240.370824204794,5.00839713220483,89,,
2018,10,17,18,0,11.5,111,0,6.5,0,35.0,0,22.448899819261968,0,1015.6,235.48120779793777,4.700343459596559,100,,
2018,10,17,19,0,10.8,122,0,5.8,0,0.0,0,0.0,0,1016.3,221.98273069169096,7.88768289311678,110,,
2018,10,17,20,0,10.1,135,0,5.2,0,0.0,0,0.0,0,1017,222.04512307741223,8.15119714720681,119,,
2018,10,17,21,0,9.8,151,0,5.1,0,0.0,0,0.0,0,1017.4,213.87853980510965,7.369318648795722,126,,
2018,10,17,22,0,9.8,169,0,5.5,0,0.0,0,0.0,0,1017.5,212.7690888945405,7.793488250472955,130,,
2018,10,17,23,0,9.8,-172,0,5.8,0,0.0,0,0.0,0,1017.6,217.45265046803564,8.209408996186367,130,,
2018,10,18,0,0,9.7,-153,0,5.9,0,0.0,0,0.0,0,1017.8,210.33494368167763,8.118618975691392,126,,
2018,10,18,1,0,9.6,-137,0,5.8,0,0.0,0,0.0,0,1017.9,208.9993765349533,9.102394511296,120,,
2018,10,18,2,0,9.4,-124,0,5.6,0,0.0,0,0.0,0,1018.1,213.4491302846621,8.228283657713185,111,,
2018,10,18,3,0,9.3,-112,0,5.4,0,0.0,0,0.0,0,1018.4,232.28763808079896,6.857674898517134,101,,
2018,10,18,4,0,9.3,-102,3,5.3,8,0.0,2,0.0,0,1018.7,263.3697371922939,5.309435718002835,90,,
2018,10,18,5,0,9.2,-92,40.6,5.1,89,0.0,0,0.0,0,1019,292.14744810533386,5.71250262124734,79,,
2018,10,18,6,0,9.9,-82,29.5,5,214,7.0,41,24.613716444043007,0,1019.2,297.41613534537214,6.07157254979975,68,,
2018,10,18,7,0,11.3,-71,35.3,5.1,311,14.0,54,79.92355302596219,0,1019.4,285.08902672382254,6.020056467084519,57,,
2018,10,18,8,0,12.7,-57,9.1,5.1,206,20.0,462,151.2486463347642,0,1019.6,279.28128433118366,7.138869004978472,47,,
2018,10,18,9,0,13.4,-39,0.4,5.1,100,41.0,752,262.44417168326447,0,1019.6,279.2895303042313,7.772342643120375,38,,
2018,10,18,10,0,13.4,-15,0,5,97,74.0,824,393.0403985494592,0,1019.4,280.28805560261,8.19647784897992,33,,
2018,10,18,11,0,13.5,12,0,5,99,100.0,825,474.3601061051638,0,1019.1,282.9711659598976,8.941789364720991,33,,
2018,10,18,12,0,13.5,37,0,5,96,100.0,770,486.4583023118076,0,1018.8,298.17075419212165,8.767016570662237,37,,
2018,10,18,13,0,13.4,56,0,5.2,88,85.0,662,441.9438916826757,0,1018.4,312.75378255718283,9.386217085648145,45,,
2018,10,18,14,0,13.4,70,0,5.3,78,72.0,508,369.0895934979915,0,1017.9,331.91919973908995,9.600873262826031,56,,
2018,10,18,15,0,13,81,0,5.4,66,42.0,322,247.3356210522645,0,1017.7,336.63771868314967,9.56014751344459,66,,
2018,10,18,16,0,12.1,91,0.2,5.5,46,26.0,134,145.99016285512232,0,1017.6,342.774662077903,9.344157682092048,78,,
2018,10,18,17,0,11.3,101,0.1,5.6,10,16.0,12,65.15038168380826,0,1017.4,347.21726767948496,9.213703248264151,89,,
2018,10,18,18,0,10.3,111,0,5.5,0,6.0,0,11.782881319999955,0,1017.5,351.5102060414535,8.744749196721713,100,,
2018,10,18,19,0,9,123,0,5.1,0,0.0,0,0.0,0,1017.6,348.5664128249651,8.186383429677809,110,,
2018,10,18,20,0,7.7,136,0,4.8,0,0.0,0,0.0,0,1017.7,341.64096511842484,7.341956662293554,119,,
2018,10,18,21,0,7.2,151,0,4.8,0,0.0,0,0.0,0,1017.6,342.1469671626387,5.237560891182124,125,,
2018,10,18,22,0,7.4,169,0,5.1,0,0.0,0,0.0,0,1017.2,318.76577121831826,4.113588247408171,129,,
2018,10,18,23,0,7.6,-172,0,5.4,0,0.0,0,0.0,0,1016.8,329.9377988373151,7.687697481704746,129,,
2018,10,19,0,0,7.6,-153,0,5.4,0,0.0,0,0.0,0,1016.4,331.5333711460028,7.070982447123223,126,,
2018,10,19,1,0,7.5,-137,0,5.2,0,0.0,0,0.0,0,1016,326.6589002932679,7.83785871950296,120,,
2018,10,19,2,0,7.4,-124,0,4.9,0,0.0,0,0.0,0,1015.5,326.79907945102644,7.796692890035747,111,,
2018,10,19,3,0,7.5,-113,0,4.9,0,0.0,0,0.0,0,1015.3,323.6298292786729,7.272346918803571,101,,
2018,10,19,4,0,7.9,-102,1.3,4.9,9,0.0,4,0.0,0,1015.4,323.14177631070044,7.1894532742302095,90,,
2018,10,19,5,0,8.3,-93,4.4,5,58,1.0,93,1.0,0,1015.5,323.5204810588764,7.180879566575321,79,,
2018,10,19,6,0,9.3,-83,0,5.3,81,35.0,279,46.23082353598598,0,1015.5,317.967652108056,6.03541968304637,68,,
2018,10,19,7,0,10.9,-72,0,5.9,99,170.0,461,186.40947993759272,0,1015.4,302.1431269784064,5.683685721475848,57,,
2018,10,19,8,0,12.6,-58,3.6,6.5,168,300.0,536,360.0078455574952,0,1015.3,293.1889694478892,6.299984001146922,46,,
2018,10,19,9,0,13.6,-39,2.7,6.6,164,479.0,667,561.174982919168,0,1014.9,282.83719832471894,7.60612843086431,38,,
2018,10,19,10,0,14.1,-15,0,6.5,119,727.0,802,763.4461458332468,0,1014.1,277.7729540998338,7.765688690599804,33,,
2018,10,19,11,0,14.6,12,0,6.3,112,808.0,813,884.2894321894564,0,1013.4,254.8938054482133,7.150659343022512,32,,
2018,10,19,12,0,14.9,37,0,6.4,105,768.0,761,897.8467443809349,0,1012.8,239.34788571943105,9.553022827585371,37,,
2018,10,19,13,0,15.1,56,0,6.7,93,639.0,657,811.3407822824158,0,1012.2,238.7831192696729,10.955918874050974,45,,
2018,10,19,14,0,15.2,70,0.2,7.1,84,540.0,501,690.826320939281,0,1011.7,229.74473427324736,11.338927725739646,55,,
2018,10,19,15,0,14.7,82,6.9,7.5,103,740.0,264,673.8858269335612,0,1011.3,224.6535425986293,11.905195857863776,66,,
2018,10,19,16,0,13.6,92,7,8,73,593.0,92,459.11939654195146,0,1011.1,218.70811790225724,12.526123867703667,78,,
2018,10,19,17,0,12.5,102,0.3,8.5,12,38.0,11,87.3548724236236,0,1010.8,209.77528547600548,14.437542180416695,89,,
2018,10,19,18,0,11.3,112,0,8.6,0,6.0,0,9.803134150674202,0,1010.7,204.8735852574644,16.027515463451923,100,,
2018,10,19,19,0,10.2,123,0,8.3,0,0.0,0,0.0,0,1010.6,202.94403068838463,17.194291872674487,110,,
2018,10,19,20,0,9,136,0,8,0,0.0,0,0.0,0,1010.4,200.5223824973073,17.995079487229955,118,,
2018,10,19,21,0,8.6,152,0,7.9,0,0.0,0,0.0,0,1010,201.7764795868832,17.40041647534597,125,,
2018,10,19,22,0,9,169,10.1,8,0,0.0,0,0.0,0,1009.3,207.07253039155523,15.372041745259576,129,,
2018,10,19,23,0,9.4,-172,22.8,8.1,0,0.0,0,0.0,0,1008.6,212.7843071113824,15.18918572203098,129,,
2018,10,20,0,0,9.7,-153,7.3,8.2,0,0.0,0,0.0,0,1007.9,225.4816783674201,9.38451559029422,126,,
2018,10,20,1,0,10.1,-138,15.8,8.3,0,0.0,0,0.0,0,1007.2,274.3226943378078,7.579422078766924,119,,
2018,10,20,2,0,10.4,-124,37.5,8.4,0,0.0,0,0.0,0,1006.5,17.45355043883376,12.165822251565665,111,,
2018,10,20,3,0,10.9,-113,41.4,8.6,0,0.0,0,0.0,0,1006.1,27.31972406742136,12.07788923164212,101,,
2018,10,20,4,0,11.5,-103,31.8,9.1,7,0.0,0,0.0,0,1005.9,25.06730510906698,10.326126066784152,90,,
2018,10,20,5,0,12.1,-93,75.6,9.6,35,0.0,0,1.0,0,1005.7,14.980463689395949,8.303946263705614,79,,
2018,10,20,6,0,12.9,-83,86.3,10.1,45,15.0,0,33.45333410766348,0,1005.6,17.05425584753266,9.589905310159343,67,,
2018,10,20,7,0,13.9,-72,69.6,10.6,161,59.0,0,132.06274602457816,0,1005.5,8.392751084243173,10.424134062519013,56,,
2018,10,20,8,0,15,-58,62.8,11.2,247,106.0,0,254.91322398994987,0,1005.5,2.874103846305843,9.971771789729152,46,,
2018,10,20,9,0,15.7,-40,72.3,11.9,221,424.0,0,524.4846400151456,0,1005.1,6.801351042654517,10.55499136407572,38,,
2018,10,20,10,0,16,-15,83.3,12.9,142,721.0,0,751.5990366713394,0,1004.4,14.561016592685917,10.441075520641744,32,,
2018,10,20,11,0,16.2,12,70.5,13.9,252,533.0,0,738.6648721991004,0,1003.7,21.642891417420856,10.962549924356184,32,,
2018,10,20,12,0,16.6,37,73.6,14.4,208,512.0,0,753.8867659749781,0,1002.9,24.591766007472472,11.113777846787489,37,,
2018,10,20,13,0,17,56,64,14.4,246,617.0,0,788.8212360132602,0,1002,28.70903358026294,10.713767228126583,45,,
2018,10,20,14,0,17.5,71,73.1,14.4,143,732.0,0,779.5366070899776,0,1001.1,31.653206828667635,10.205700211979911,55,,
2018,10,20,15,0,17.4,82,58.2,14.1,144,790.0,0,691.9725189030638,0,1000.5,35.58049974178374,10.708522048479717,66,,
2018,10,20,16,0,16.9,92,61.3,13.4,70,716.0,0,504.1720502022288,0,1000.1,41.56311643439693,10.804537321799891,77,,
2018,10,20,17,0,16.4,102,40.6,12.7,9,583.0,0,286.43054500747775,0,999.7,43.57108663461622,10.640466677682412,89,,
2018,10,20,18,0,16.1,112,47.6,12.3,0,351.0,0,73.1703342270608,0,999.6,45.89501036603434,9.460433738646609,99,,
2018,10,20,19,0,16.1,123,53.8,12,0,0.0,0,0.0,0,999.8,44.89078967052899,7.970157513946581,109,,
2018,10,20,20,0,16,136,63.3,11.8,0,0.0,0,0.0,0,999.9,39.64359974229512,6.955218674981168,118,,
2018,10,20,21,0,15.6,152,60.1,11.9,0,0.0,0,0.0,0,999.8,31.903938945259824,6.504297967518575,125,,
2018,10,20,22,0,15,170,54.5,12.3,0,0.0,0,0.0,0,999.5,26.47270230604204,6.028875095849973,128,,
2018,10,20,23,0,14.4,-172,32.7,12.6,0,0.0,0,0.0,0,999.2,22.66455743469612,6.163463413536256,129,,
2018,10,21,0,0,13.9,-154,42.3,12.7,0,0.0,0,0.0,0,999.1,22.750976342787624,6.302901117739355,125,,
2018,10,21,1,0,13.5,-138,45.7,12.6,0,0.0,0,0.0,0,999.3,19.94550419954953,6.229365815027385,119,,
2018,10,21,2,0,13,-125,39,12.4,0,0.0,0,0.0,0,999.4,19.94550419954953,6.229365815027385,110,,
2018,10,21,3,0,12.6,-113,41.6,12.1,0,0.0,0,0.0,0,999.9,17.816327727148177,6.128119399337115,100,,
2018,10,21,4,0,12.3,-103,41.4,11.7,8,0.0,0,0.0,0,1000.7,13.891191171454864,5.987617430998744,90,,
2018,10,21,5,0,11.9,-93,36.2,11.2,70,2.0,25,1.0000000000000002,0,1001.4,12.319445256636584,5.565659215223296,78,,
2018,10,21,6,0,12.1,-83,8,10.9,126,97.0,188,59.83672996285276,0,1002,11.774788828986573,5.618222710263375,67,,
2018,10,21,7,0,13,-72,23.9,10.6,233,271.0,162,205.5558737390364,0,1002.2,14.198554023863151,5.350963698250999,56,,
2018,10,21,8,0,13.8,-58,26.5,10.2,250,407.0,281,380.321179349124,0,1002.5,11.592175410291077,4.976507309348595,46,,
2018,10,21,9,0,14.5,-40,0,9.5,141,613.0,698,591.6277379953609,0,1002.8,7.907162702958431,4.543195461346562,37,,
2018,10,21,10,0,15,-15,0,8.4,131,591.0,781,712.0658707244177,0,1003.2,358.17275262817634,3.920206277258879,32,,
2018,10,21,11,0,15.5,13,0,7.3,118,485.0,806,735.4293470287205,0,1003.7,346.6358100654025,4.326384714371878,32,,
2018,10,21,12,0,15.7,38,0,6.6,103,581.0,768,811.1486422641588,0,1004.2,344.73562434499,4.903709391625863,36,,
2018,10,21,13,0,15.5,57,1.2,6.4,111,431.0,636,707.7331821709215,0,1004.8,354.7067301698782,5.419841203518791,45,,
2018,10,21,14,0,15.4,71,73.7,6.1,133,492.0,32,673.914829504785,0,1005.4,358.98724701224745,5.85662777902531,55,,
2018,10,21,15,0,14.8,82,94.1,6,22,413.0,1,525.5512957340547,0,1006.2,0.7880565099205228,6.106290467869051,66,,
2018,10,21,16,0,14,92,73.3,6.1,25,440.0,30,404.9202652986884,0,1007.3,3.4790473147829744,6.179601545736781,77,,
2018,10,21,17,0,13.1,102,13,6.2,14,284.0,1,204.1678331447062,0,1008.3,7.248483343744283,5.944233103351938,88,,
2018,10,21,18,0,12.2,112,0,6.1,0,157.0,0,49.0781085667225,0,1009.1,4.085616779974885,5.263375817856825,99,,
2018,10,21,19,0,11.3,123,0,5.9,0,0.0,0,0.0,0,1009.8,354.0460234896198,5.215635546747313,109,,
2018,10,21,20,0,10.5,137,0,5.6,0,0.0,0,0.0,0,1010.4,351.60671117995105,4.990955947097624,118,,
2018,10,21,21,0,10,152,0,5.5,0,0.0,0,0.0,0,1010.7,348.23171106797935,4.596619002049224,124,,
2018,10,21,22,0,10,170,0,5.8,0,0.0,0,0.0,0,1010.8,340.38597432260326,4.4685125821408,128,,
2018,10,21,23,0,9.9,-172,0,6,0,0.0,0,0.0,0,1010.9,337.49580994344467,4.465003090031869,128,,
2018,10,22,0,0,9.7,-154,0,6,0,0.0,0,0.0,0,1010.9,324.70922998317616,3.9317666425373954,125,,
2018,10,22,1,0,9.6,-138,19.2,6,0,0.0,0,0.0,0,1011,304.77622874325283,3.9828834359761154,119,,
2018,10,22,2,0,9.4,-125,42.5,5.9,0,0.0,0,0.0,0,1011.1,286.7659222264508,4.983319113890775,110,,
2018,10,22,3,0,9.3,-113,42.9,5.8,0,0.0,0,0.0,0,1011.3,274.04448557418107,6.202947887899753,100,,
2018,10,22,4,0,9.4,-103,35.9,5.8,9,0.0,0,0.0,0,1011.7,264.2582145762219,7.496595754507117,89,,
2018,10,22,5,0,9.5,-94,58.8,5.8,67,5.0,0,2.0000000000000004,0,1012,261.22227579358383,8.727215014235494,78,,
2018,10,22,6,0,10,-84,59.5,5.7,149,83.0,0,61.78705238164724,0,1012.2,259.0023082258763,10.042339021813657,67,,
2018,10,22,7,0,11,-72,50.7,5.6,275,89.0,1,154.50907217979662,0,1012.3,254.9206637884463,10.727288020881492,56,,
2018,10,22,8,0,12,-59,33.6,5.6,428,86.0,53,245.19612235870613,0,1012.3,256.6426952911986,11.268453875103216,45,,
2018,10,22,9,0,12.6,-40,45.7,5.2,402,130.0,68,373.69467367056586,0,1012.2,258.1301141257615,10.822479044915328,37,,
2018,10,22,10,0,13,-15,36.6,4.7,477,464.0,112,650.8414386612171,0,1012,257.14126407764905,11.018512796411772,32,,
2018,10,22,11,0,13.3,13,31.6,4.1,464,722.0,176,848.4352760721899,0,1011.8,259.43509912118174,10.844233436141955,31,,
2018,10,22,12,0,13.4,38,36.8,3.8,455,449.0,98,735.4636426635363,0,1011.6,257.5810290577992,11.258054724052368,36,,
2018,10,22,13,0,13.3,57,23.5,3.9,298,163.0,277,514.0500297859111,0,1011.4,261.2085858717111,13.090564754599702,44,,
2018,10,22,14,0,13.2,71,0,4,81,360.0,517,595.7825307362198,0,1011.2,264.10911382986103,12.329023674142896,55,,
2018,10,22,15,0,12.8,83,0.9,4.2,77,792.0,320,706.0243631452195,0,1011.3,262.6023515162556,12.218892089329788,66,,
2018,10,22,16,0,12.2,93,0.4,4.4,50,687.0,142,503.729696093,0,1011.6,261.6361822223232,11.807711152796116,77,,
2018,10,22,17,0,11.5,102,0.4,4.7,13,361.0,14,228.8612458918255,0,1011.9,267.8323951748572,11.276623548628132,88,,
2018,10,22,18,0,10.7,113,0,4.9,0,125.0,0,44.00219045059225,0,1012.3,291.75445764316834,8.40919989194825,99,,
2018,10,22,19,0,9.9,124,0,4.9,0,0.0,0,0.0,0,1012.7,341.9031526552131,8.28174483422303,109,,
2018,10,22,20,0,9.1,137,0,5,0,0.0,0,0.0,0,1013.1,20.078346455257982,8.520268722721127,118,,
2018,10,22,21,0,8.7,152,0,5.2,0,0.0,0,0.0,0,1013.2,29.39367864109647,6.723711328872189,124,,
2018,10,22,22,0,8.5,170,0,5.4,0,0.0,0,0.0,0,1013.1,32.115819928531494,5.733005043013261,128,,
2018,10,22,23,0,8.4,-172,0,5.6,0,0.0,0,0.0,0,1013,26.32065501446749,4.04428454378567,128,,
2018,10,23,0,0,8.2,-154,0,5.7,0,0.0,0,0.0,0,1012.9,4.953334488643407,3.6192294345094087,125,,
2018,10,23,1,0,8,-138,0,5.7,0,0.0,0,0.0,0,1013,342.4577790272963,5.311974218940793,118,,
2018,10,23,2,0,7.8,-125,0,5.6,0,0.0,0,0.0,0,1013,345.5444127128532,7.338024236677521,110,,
2018,10,23,3,0,7.9,-114,0,5.6,0,0.0,0,0.0,0,1013.2,346.0410133412553,7.772752775773276,100,,
2018,10,23,4,0,8.3,-103,1.4,5.7,11,0.0,9,0.0,0,1013.6,350.4113290984534,8.008369359449105,89,,
2018,10,23,5,0,8.7,-94,0.6,5.9,45,3.0,133,2.0,0,1013.9,352.2798449146396,8.999786907560871,78,,
2018,10,23,6,0,9.7,-84,0,5.8,63,119.0,323,68.12113076460147,0,1014.1,352.99770720712144,9.740867350931714,67,,
2018,10,23,7,0,11.1,-73,0,5.6,75,341.0,510,232.0055959804149,0,1014.1,351.8715087724519,11.050718642401636,55,,
2018,10,23,8,0,12.6,-59,3.3,5.4,133,651.0,593,469.4200793815347,0,1014.1,352.34543857155137,10.953316290976716,45,,
2018,10,23,9,0,13.4,-40,1.2,5.3,110,669.0,753,628.0281015073274,0,1013.9,355.66871863881283,11.8703268493188,37,,
2018,10,23,10,0,13.7,-16,0.1,5.2,95,708.0,841,754.2976253658452,0,1013.5,359.34076228451545,12.731555614913862,31,,
2018,10,23,11,0,14,13,0,5.1,92,719.0,846,838.2434324595685,0,1013.1,4.211705235066518,12.765185347401951,31,,
2018,10,23,12,0,14.2,38,0,5.1,82,679.0,799,849.0447162766988,0,1012.8,10.781788689060647,11.474286858104644,36,,
2018,10,23,13,0,14.1,57,0,5.2,75,733.0,689,857.9690940274568,0,1012.6,14.01194121880269,13.68100003275102,44,,
2018,10,23,14,0,14,72,0,5.4,68,780.0,532,813.4736385247317,0,1012.3,19.574778511242187,14.17754514078936,54,,
2018,10,23,15,0,13.6,83,0,5.6,59,797.0,345,704.6938214606989,0,1012.3,25.01227045804808,14.440715689705582,65,,
2018,10,23,16,0,12.8,93,0,5.8,43,734.0,154,521.0357564012779,0,1012.3,27.162128850118847,14.333122365761083,77,,
2018,10,23,17,0,11.9,103,0,6,12,572.0000000000001,18,292.3419410293051,0,1012.4,26.82040913211869,14.453789979225691,88,,
2018,10,23,18,0,11,113,0,6.1,0,358.0,0,80.77444473366185,0,1012.6,26.302124266750184,14.061499941552103,99,,
2018,10,23,19,0,9.9,124,0,5.9,0,0.0,0,0.0,0,1012.9,26.07894617931697,13.178098909597823,109,,
2018,10,23,20,0,8.8,137,0,5.8,0,0.0,0,0.0,0,1013.2,31.09113923281734,12.749753839790555,117,,
2018,10,23,21,0,8.3,152,0,5.9,0,0.0,0,0.0,0,1013.2,32.79591135364348,12.27085044980542,124,,
2018,10,23,22,0,8.3,170,0,6.2,0,0.0,0,0.0,0,1012.9,35.02999811641337,12.341323577841578,127,,
2018,10,23,23,0,8.3,-172,0,6.5,0,0.0,0,0.0,0,1012.6,36.91138591572462,11.935501175950408,128,,
2018,10,24,0,0,8.2,-154,0,6.6,0,0.0,0,0.0,0,1012.4,35.08601299695147,10.948421325388551,124,,
2018,10,24,1,0,8.2,-138,0,6.5,0,0.0,0,0.0,0,1012.4,32.66370570309488,10.27077899664433,118,,
2018,10,24,2,0,8.2,-125,0,6.5,0,0.0,0,0.0,0,1012.5,32.76654089738901,10.01116073190416,109,,
2018,10,24,3,0,8.4,-114,0,6.4,0,0.0,0,0.0,0,1012.6,33.65421060625198,9.737793645116096,100,,
2018,10,24,4,0,8.8,-104,1.5,6.4,13,0.0,8,0.0,0,1012.7,38.077472045122704,9.900196819323742,89,,
2018,10,24,5,0,9.3,-94,0.9,6.4,55,12.0,121,2.000000000000001,0,1012.8,45.3627431763108,9.134739006090154,78,,
2018,10,24,6,0,10.2,-84,20,6.3,192,246.0,107,83.18850324240898,0,1012.9,43.9439346080307,8.76712735879,66,,
2018,10,24,7,0,11.6,-73,44.3,6.1,327,487.0,0,262.1221723126182,0,1012.8,47.51451024570139,7.712403935803294,55,,
2018,10,24,8,0,12.9,-59,32.9,5.9,394,627.0,114,459.2585198005953,0,1012.8,49.69569517074018,6.830382373328675,45,,
2018,10,24,9,0,13.7,-41,10.8,5.7,295,739.0,481,650.4830576520608,0,1012.6,56.30993247402023,5.859020822628983,36,,
2018,10,24,10,0,13.9,-16,16.6,5.7,403,796.0,370,802.008759877795,0,1012.2,54.71325102494029,4.976899762904614,31,,
2018,10,24,11,0,14.1,13,3,5.6,212,836.0,682,905.210492753006,0,1011.9,47.12109639666147,4.7762432936357,31,,
2018,10,24,12,0,14.2,39,15.1,5.7,332,810.0,399,925.5079411865372,0,1011.5,44.81705328512391,4.7578032795733725,36,,
2018,10,24,13,0,14.2,58,11.4,5.9,306,818.0000000000001,346,910.5897745759872,0,1011.1,41.30861401354872,5.491470659122199,44,,
2018,10,24,14,0,14.2,72,0,6.2,145,876.0,428,869.889810294048,0,1010.7,35.89178215830964,5.400396275991619,54,,
2018,10,24,15,0,13.8,83,0,6.5,103,858.0,284,739.8257085837866,0,1010.5,38.46786331214753,5.827266190075755,65,,
2018,10,24,16,0,13.1,93,4,6.8,72,806.0,108,554.5702475191781,0,1010.3,45.2834397066224,5.862705108373109,77,,
2018,10,24,17,0,12.4,103,5.6,7.1,21,663.0,3,323.22922512991465,0,1010.2,50.89119958607205,5.449472510332458,88,,
2018,10,24,18,0,11.3,113,0,7.2,0,367.0,0,84.34927898775256,0,1010.3,58.44829670819741,5.255435491314601,98,,
2018,10,24,19,0,9.9,124,0,6.9,0,0.0,0,0.0,0,1010.5,62.82548833487073,4.33164411488414,108,,
2018,10,24,20,0,8.5,137,0,6.6,0,0.0,0,0.0,0,1010.8,72.14026888703938,3.260645524220494,117,,
2018,10,24,21,0,7.9,153,0,6.4,0,0.0,0,0.0,0,1010.7,90.0,2.228515625,123,,
2018,10,24,22,0,8.1,170,0,6.4,0,0.0,0,0.0,0,1010.3,106.35700391746708,1.8439186471652125,127,,
2018,10,24,23,0,8.4,-172,0,6.4,0,0.0,0,0.0,0,1010,114.07643930941396,1.7325121867864557,127,,
2018,10,25,0,0,8.5,-154,0,6.5,0,0.0,0,0.0,0,1009.5,102.46551593654108,1.7259910811672317,124,,
2018,10,25,1,0,8.7,-139,0,6.9,0,0.0,0,0.0,0,1008.9,139.11539736836824,1.0175359794104009,118,,
2018,10,25,2,0,8.8,-125,1.1,7.2,0,0.0,0,0.0,0,1008.3,191.01680968702388,1.2073078764429854,109,,
2018,10,25,3,0,9.3,-114,0,7.7,0,0.0,0,0.0,0,1007.9,232.0441657311079,2.0637007310370903,99,,
2018,10,25,4,0,10,-104,14,8.2,13,0.0,0,0.0,0,1007.7,237.28308817626524,2.15688416927028,89,,
2018,10,25,5,0,10.8,-94,57.8,8.7,70,4.0,0,2.0000000000000004,0,1007.5,242.0486902665088,2.220449589168895,77,,
2018,10,25,6,0,12,-84,72,9.2,96,30.0,0,47.565291004014696,0,1007.2,249.0297560084909,2.6127489970611086,66,,
2018,10,25,7,0,13.5,-73,53.3,9.8,263,256.0,3,213.42724331771248,0,1006.7,262.7868610171942,2.8154949031161127,55,,
2018,10,25,8,0,15.1,-59,38.6,10.3,366,449.0,69,408.30185105790326,0,1006.3,285.34602205754845,2.4428109362322608,45,,
2018,10,25,9,0,16.2,-41,38.3,10.6,447,210.0,53,424.8586458455189,0,1005.6,293.69004500998506,2.2312335491909647,36,,
2018,10,25,10,0,16.7,-16,60.5,10.7,341,202.0,0,534.2123722214092,0,1004.6,315.72429203380494,2.4172346513682825,30,,
2018,10,25,11,0,17.3,13,53.4,10.9,401,82.0,0,458.4248538206937,0,1003.7,344.68749467443604,4.10470210937874,30,,
2018,10,25,12,0,17.5,39,70.8,11.1,239,27.0,0,331.6631075469943,0,1002.8,357.7472467078114,5.31660894922639,35,,
2018,10,25,13,0,17.6,58,91.3,11.3,62,86.0,0,453.586869047151,0,1002.1,4.561288929746979,7.859119634859358,44,,
2018,10,25,14,0,17.6,72,74.5,11.6,130,235.0,0,543.6695897698153,0,1001.3,14.312350871329784,8.34318026551293,54,,
2018,10,25,15,0,17.2,84,56.2,11.9,151,225.0,10,440.13254070464313,0,1000.9,15.580728220628146,8.60958978693112,65,,
2018,10,25,16,0,16.5,94,50.9,12.3,81,86.0,0,230.815055908738,0,1000.6,21.66115082034662,9.370978297054677,76,,
2018,10,25,17,0,15.7,103,26.6,12.7,14,53.0,0,113.25455940131296,0,1000.4,19.69390493805406,9.273131756775893,88,,
2018,10,25,18,0,14.8,113,30.6,12.6,0,46.0,0,33.09408233927291,0,1000.3,21.119654157549466,9.426383137209775,98,,
2018,10,25,19,0,13.9,125,37.5,12.2,0,0.0,0,0.0,0,1000.4,17.73276420455153,10.741047261150548,108,,
2018,10,25,20,0,12.9,137,43.9,11.7,0,0.0,0,0.0,0,1000.5,12.461280179103824,10.627560795000123,117,,
2018,10,25,21,0,12.5,153,45.7,11.4,0,0.0,0,0.0,0,1000.3,9.325390059161634,11.57113696296241,123,,
2018,10,25,22,0,12.6,170,16.7,11.4,0,0.0,0,0.0,0,1000,5.165988101597009,11.80012910184307,127,,
2018,10,25,23,0,12.8,-172,0,11.4,0,0.0,0,0.0,0,999.6,7.1271386244162045,12.262965369556484,127,,
2018,10,26,0,0,12.7,-154,0,11.3,0,0.0,0,0.0,0,999.6,21.479834998732656,11.777196012111208,124,,
2018,10,26,1,0,12.5,-139,0,11.1,0,0.0,0,0.0,0,1000,25.52014045985584,10.25005824374887,117,,
2018,10,26,2,0,12.3,-126,0,10.9,0,0.0,0,0.0,0,1000.4,33.51019612981179,9.770748125177867,109,,
2018,10,26,3,0,12.2,-114,0,10.5,0,0.0,0,0.0,0,1001.4,41.64052515105806,9.312143565403623,99,,
2018,10,26,4,0,12.1,-104,3.6,10,17,0.0,1,0.0,0,1002.9,43.97186129149736,9.091825514276062,88,,
2018,10,26,5,0,12,-95,12.5,9.4,99,4.0,48,3.0000000000000004,0,1004.4,43.099735853329946,9.787486662678992,77,,
2018,10,26,6,0,12.4,-85,2,8.4,110,50.0,258,62.15130858504335,0,1005.8,43.54152058625931,9.285338355474437,66,,
2018,10,26,7,0,13.2,-74,0,6.8,105,174.0,474,203.6775121913132,0,1007,37.68928233986105,9.031196940573086,55,,
2018,10,26,8,0,14,-60,0,5.3,100,453.0,656,430.9459524356279,0,1008.2,35.88864295521603,9.48889153168061,44,,
2018,10,26,9,0,14.4,-41,0.8,4.4,109,474.0,769,578.2883381120209,0,1009.3,38.22550110164576,9.99986906263936,36,,
2018,10,26,10,0,14.5,-16,1.7,4.1,125,508.0,814,694.9698846998233,0,1010.2,38.98060797520213,9.969654771649274,30,,
2018,10,26,11,0,14.5,14,0,3.9,88,381.0,873,698.7234791458816,0,1011.1,40.83910031570281,9.557494907487555,30,,
2018,10,26,12,0,14.6,39,0,3.8,85,477.0,818,775.4249829857342,0,1011.9,36.71202157467553,9.409606033904458,35,,
2018,10,26,13,0,14.7,59,0,3.8,82,795.0,702,921.4882031700675,0,1012.7,31.210536466051565,9.76969007494899,43,,
2018,10,26,14,0,14.8,73,0.1,3.8,79,784.0,539,843.2943377649194,0,1013.5,31.40936192319708,11.914027042023472,54,,
2018,10,26,15,0,14.5,84,3,4,99,750.0,305,706.935792849277,0,1014.5,33.91145660776493,9.1125355074888,65,,
2018,10,26,16,0,13.7,94,0,4.3,53,679.0,154,519.8768077000602,0,1015.6,34.65877104471002,10.91809007990098,76,,
2018,10,26,17,0,12.9,104,1.8,4.6,19,358.0,14,242.44978199909423,0,1016.7,38.87889246474322,10.091163613908751,87,,
2018,10,26,18,0,12.1,114,0,4.5,0,114.0,0,47.969233552411616,0,1017.7,32.90086163089484,8.514561928004337,98,,
2018,10,26,19,0,11.2,125,0,4.1,0,0.0,0,0.0,0,1018.6,18.28085105018846,10.161787489515362,108,,
2018,10,26,20,0,10.3,138,0,3.8,0,0.0,0,0.0,0,1019.4,17.32247521790623,9.865679920975284,116,,
2018,10,26,21,0,9.7,153,0,3.8,0,0.0,0,0.0,0,1019.9,20.25327338177334,9.749526528942187,123,,
2018,10,26,22,0,9.2,170,0,4.2,0,0.0,0,0.0,0,1020.2,324.7285793585356,5.844657220644232,126,,
2018,10,26,23,0,8.8,-172,0,4.7,0,0.0,0,0.0,0,1020.4,7.844017559499832,10.07498162802732,127,,
2018,10,27,0,0,8.4,-154,0,4.7,0,0.0,0,0.0,0,1020.6,9.268093592112962,10.999302671285616,123,,
2018,10,27,1,0,8,-139,0,4.5,0,0.0,0,0.0,0,1020.9,7.361339986465282,11.387066909414068,117,,
2018,10,27,2,0,7.6,-126,0,4.2,0,0.0,0,0.0,0,1021.2,10.89872580575286,10.24733196983488,109,,
2018,10,27,3,0,7.7,-115,0,4.2,0,0.0,0,0.0,0,1021.6,9.587922039297268,11.516586123850535,99,,
2018,10,27,4,0,8.2,-104,3.5,4.5,18,0.0,8,0.0,0,1022.1,9.431351935330952,11.954810331623744,88,,
2018,10,27,5,0,8.7,-95,3.4,4.8,60,1.0,130,2.0,0,1022.6,11.906105992948936,12.221914364569214,77,,
2018,10,27,6,0,9.8,-85,0.1,4.9,71,15.0,335,41.907020313225146,0,1022.7,12.4259972159349,12.780089759395786,66,,
2018,10,27,7,0,11.6,-74,0,5,79,14.0,530,88.45384900843756,0,1022.5,16.113137201555674,13.81442050830211,54,,
2018,10,27,8,0,13.3,-60,0,5,83,26.0,696,175.94775111712894,0,1022.4,22.72106431508331,15.42798380077237,44,,
2018,10,27,9,0,14.3,-41,0,5,83,108.0,819,367.6068938225245,0,1022,22.29989324261959,14.773085684296518,35,,
2018,10,27,10,0,14.4,-16,0,4.9,83,126.0,884,443.6165468195498,0,1021.4,26.008393078197628,16.160502790829966,30,,
2018,10,27,11,0,14.5,14,0,4.8,81,104.0,888,461.6727923314389,0,1020.8,27.867934795915343,17.253082722102683,30,,
2018,10,27,12,0,14.6,40,0,4.9,78,372.0,831,698.1506191021738,0,1020.2,51.6403004781464,17.72527881377471,35,,
2018,10,27,13,0,14.6,59,0,5.3,75,711.0,716,863.3434289892436,0,1019.5,60.134932676508754,18.11740835465626,43,,
2018,10,27,14,0,14.6,73,0,5.6,71,783.0,554,831.6796426186135,0,1018.8,62.41565698490621,18.31474442284405,54,,
2018,10,27,15,0,14.2,84,0,5.9,63,766.0,363,705.9166811895562,0,1018.4,66.90865039891952,18.32619139609201,65,,
2018,10,27,16,0,13.2,94,0,6.3,48,725.0,166,533.1604137210193,0,1018.2,71.94002010999577,18.2145226319583,76,,
2018,10,27,17,0,12.3,104,0,6.6,16,645.0,22,328.2777922019023,0,1017.9,73.68033942827282,17.87117173141392,87,,
2018,10,27,18,0,11.2,114,0,6.6,0,581.0,0,125.55930700223335,0,1017.8,81.35389028946474,16.3587570602024,98,,
2018,10,27,19,0,9.9,125,0,6.3,0,0.0,0,0.0,0,1017.9,89.72243050529602,12.901274437845638,108,,
2018,10,27,20,0,8.6,138,0,6,0,0.0,0,0.0,0,1018,95.76387597894109,10.579611176595908,116,,
2018,10,27,21,0,8.1,153,0,5.9,0,0.0,0,0.0,0,1017.7,105.0531217769746,8.65489915092086,123,,
2018,10,27,22,0,8.4,170,0,6.1,0,0.0,0,0.0,0,1017,129.4952907157341,6.482243428844384,126,,
2018,10,27,23,0,8.7,-172,0,6.3,0,0.0,0,0.0,0,1016.4,133.77108256367228,4.274179934599249,126,,
2018,10,28,0,0,8.8,-154,0,6.5,0,0.0,0,0.0,0,1015.8,129.79238910861466,3.1249627015748977,123,,
2018,10,28,1,0,8.6,-139,0,6.6,0,0.0,0,0.0,0,1015.3,106.06962696106672,4.732780087178351,117,,
2018,10,28,2,0,8.5,-126,0,6.7,0,0.0,0,0.0,0,1014.8,93.83641872949454,5.247109593866142,108,,
2018,10,28,3,0,8.7,-115,0,6.9,0,0.0,0,0.0,0,1014.6,95.74204621447802,5.575828747455492,98,,
2018,10,28,4,0,9.2,-105,4.5,7.3,20,0.0,6,0.0,0,1014.9,125.67630965237822,2.955865970532124,88,,
2018,10,28,5,0,9.8,-95,21.5,7.7,110,28.0,46,4.000000000000002,0,1015.1,153.46515218307275,2.485442310167921,77,,
2018,10,28,6,0,11.1,-85,44.8,8.1,215,254.0,6,95.3163070659386,0,1015.1,130.36590878741094,3.106855934343945,65,,
2018,10,28,7,0,13,-74,29,8.5,287,474.0,150,273.6004264600226,0,1014.9,181.0974860533805,0.8922535245552683,54,,
2018,10,28,8,0,15,-60,11.3,8.9,244,698.0000000000001,447,498.07106877827664,0,1014.7,174.15025578532106,1.6504402108051184,44,,
2018,10,28,9,0,16.1,-42,5.2,9.1,178,784.0,673,686.1318532728752,0,1014.4,179.81027956917467,0.6635778565970233,35,,
2018,10,28,10,0,16.3,-16,0.2,9,93,835.0,865,827.4615931549207,0,1013.9,2.4261262824058463,0.5652038966716123,29,,
2018,10,28,11,0,16.5,14,0,9,91,862.0,870,924.449208740768,0,1013.4,54.672512946526695,1.8412433006750029,29,,
2018,10,28,12,0,16.6,40,0,9,88,845.0,812,949.7355730284108,0,1013,52.502652299030615,4.177936065784518,34,,
2018,10,28,13,0,16.6,59,0,9.2,85,880.0,697,950.2860669334584,0,1012.6,41.09145570554057,7.131849777582251,43,,
2018,10,28,14,0,16.6,73,0,9.4,79,860.0,538,868.9752786424524,0,1012.3,40.75154547063869,7.755290532920092,53,,
2018,10,28,15,0,16.1,85,0,9.6,69,764.0,352,702.724398135418,0,1012.3,43.60601231051834,8.458782340723998,64,,
2018,10,28,16,0,15.1,94,0,9.8,51,732.0,162,535.0342408358606,0,1012.6,48.837991256797125,9.243502009884471,76,,
2018,10,28,17,0,14,104,1.4,10,18,672.0,20,336.8910259463266,0,1012.9,51.53418301373193,10.484291454385955,87,,
2018,10,28,18,0,12.9,114,0,9.7,0,517.0,0,118.0145117151744,0,1013.3,55.60312712897076,10.808064168261318,98,,
2018,10,28,19,0,11.8,125,0,8.9,0,0.0,0,0.0,0,1013.7,54.33313407605914,10.900400779294245,107,,
2018,10,28,20,0,10.7,138,0,8.1,0,0.0,0,0.0,0,1014.2,56.71968788570808,10.443486860876549,116,,
2018,10,28,21,0,10,153,0,7.8,0,0.0,0,0.0,0,1014.3,59.13250832295768,10.317061282490304,122,,
2018,10,28,22,0,9.7,170,0,7.9,0,0.0,0,0.0,0,1014.2,58.28987898644078,10.189287280472772,126,,
2018,10,28,23,0,9.4,-172,0,8.1,0,0.0,0,0.0,0,1014.1,58.99563941071267,9.748499537822523,126,,
2018,10,29,0,0,9.2,-154,0,8.1,0,0.0,0,0.0,0,1014,62.37573408184198,9.078043748554355,123,,
2018,10,29,1,0,9,-139,0,8.1,0,0.0,0,0.0,0,1013.9,65.94897270203478,9.560749869290833,116,,
2018,10,29,2,0,8.8,-126,0,8,0,0.0,0,0.0,0,1013.8,70.0677043770749,9.596342550380236,108,,
2018,10,29,3,0,9.1,-115,0,8.2,0,0.0,0,0.0,0,1014,72.3710486200348,9.357670041215073,98,,
2018,10,29,4,0,9.8,-105,3.7,8.8,20,0.0,8,0.0,0,1014.3,76.32287621875838,8.020649608555582,88,,
2018,10,29,5,0,10.6,-95,4.3,9.3,65,25.0,124,4.000000000000002,0,1014.6,89.47833836033504,7.106007417683551,76,,
2018,10,29,6,0,11.9,-85,5.4,9.6,117,243.0,263,94.8341378660193,0,1014.9,109.75497247717976,5.22810124439194,65,,
2018,10,29,7,0,13.8,-74,18.5,9.8,211,485.0,285,275.9483186554371,0,1015,146.60319296252692,4.961015895914925,54,,
2018,10,29,8,0,15.8,-61,10.7,10,231,610.0,456,468.04587078596,0,1015.1,127.17602782620196,3.7194866845181926,44,,
2018,10,29,9,0,16.7,-42,5,9.9,185,722.0,658,657.709037557321,0,1015,97.32767602178076,3.2789768337735548,35,,
2018,10,29,10,0,16.6,-16,1.9,9.6,140,787.0,791,819.4780563519097,0,1014.8,96.13759883941964,2.180712742482075,29,,
2018,10,29,11,0,16.6,14,1.9,9.4,140,858.0,791,937.444833583722,0,1014.5,11.542454564260652,1.356784347008043,29,,
2018,10,29,12,0,16.5,40,2.3,9.3,141,837.0,728,959.9247203772104,0,1014.2,306.66883545245264,1.948010041213936,34,,
2018,10,29,13,0,16.4,60,0.9,9.5,111,871.0,657,959.836965774954,0,1013.9,267.6140559696112,2.0232383747876894,43,,
2018,10,29,14,0,16.3,74,0,9.6,87,897.0,525,901.7842528067524,0,1013.6,243.94249066847632,3.1307271833111545,53,,
2018,10,29,15,0,15.8,85,0,9.9,73,730.0,345,697.6430223508096,0,1013.4,232.82555439350693,3.894976897458864,64,,
2018,10,29,16,0,14.9,95,0,10.3,54,189.0,160,298.75010812426626,0,1013.4,231.06857294807003,4.310993318379568,76,,
2018,10,29,17,0,14,104,0.1,10.7,18,211.0,22,193.3656249786355,0,1013.4,233.21438036186865,5.045708583525537,87,,
2018,10,29,18,0,13.2,114,0,10.8,0,494.0,0,120.91475644579609,0,1013.5,243.1779878232564,4.528192376424649,97,,
2018,10,29,19,0,12.4,125,0,10.5,0,0.0,0,0.0,0,1013.8,243.5255713664394,4.210866286997311,107,,
2018,10,29,20,0,11.5,138,0,10.3,0,0.0,0,0.0,0,1014.1,249.70703596112867,4.331339616660327,116,,
2018,10,29,21,0,11.1,153,0,10.1,0,0.0,0,0.0,0,1014,248.24565561846936,5.629435867077074,122,,
2018,10,29,22,0,11,170,0,10.1,0,0.0,0,0.0,0,1013.7,255.09898024978256,6.402817118044146,125,,
2018,10,29,23,0,10.9,-172,0,10.1,0,0.0,0,0.0,0,1013.3,254.5769422020476,6.742819326595046,126,,
2018,10,30,0,0,10.8,-155,0,10,0,0.0,0,0.0,0,1013,273.0262697118563,5.507680823733856,122,,
2018,10,30,1,0,10.7,-139,0,9.9,0,0.0,0,0.0,0,1013,285.16951261028663,5.245266756159974,116,,
2018,10,30,2,0,10.6,-126,12.3,9.8,0,0.0,0,0.0,0,1012.9,292.5535013451939,4.669624526553943,108,,
2018,10,30,3,0,10.9,-115,2,10,0,0.0,0,0.0,0,1013,308.8991921447789,4.015408877482982,98,,
2018,10,30,4,0,11.5,-105,25.4,10.3,19,0.0,0,0.0,0,1013.3,332.7717218639659,3.914473041924952,87,,
2018,10,30,5,0,12.1,-96,56.9,10.7,82,7.0,0,4.0,0,1013.6,335.6350621412218,4.644356514970043,76,,
2018,10,30,6,0,13.3,-86,19.8,10.9,172,55.0,160,65.64460763223612,0,1013.6,348.4443614699687,5.616030604426157,65,,
2018,10,30,7,0,15,-75,3.1,11.1,138,96.0,443,169.61330058145435,0,1013.3,357.6310975102614,6.048381770475155,54,,
2018,10,30,8,0,16.8,-61,16.8,11.3,321,210.0,320,333.7568116328287,0,1013.1,353.9444821755209,6.5170772452621,43,,
2018,10,30,9,0,17.6,-42,12.8,10.9,312,418.0,464,546.2947972360819,0,1012.8,347.9815894725822,7.306890116829228,34,,
2018,10,30,10,0,17.7,-16,3,10,171,550.0,754,727.0323549236543,0,1012.5,342.6526570233977,7.6182463120342145,29,,
2018,10,30,11,0,17.7,14,0,9.2,111,698.0000000000001,844,873.0311693983514,0,1012.2,335.69576720635894,7.796713179474312,29,,
2018,10,30,12,0,17.7,41,0,8.8,103,597.0,793,851.48241536846,0,1011.9,343.47171649712294,9.302601824738554,34,,
2018,10,30,13,0,17.6,60,0,8.8,97,333.0,683,677.462183696792,0,1011.6,346.4162852261568,10.203630937238913,42,,
2018,10,30,14,0,17.6,74,0,8.9,90,113.0,528,433.3466639812178,0,1011.3,349.67454806906994,10.929438044855443,53,,
2018,10,30,15,0,17,85,0,9.2,80,51.0,341,270.9784513568594,0,1011.1,352.0811297096883,11.34130335135258,64,,
2018,10,30,16,0,16.1,95,0,9.9,59,25.0,155,151.40052705285484,0,1011.2,353.0573040583013,10.858181612045811,75,,
2018,10,30,17,0,15.1,105,2.8,10.6,23,9.0,16,56.24317878544087,0,1011.3,355.875727537678,11.266725086990858,86,,
2018,10,30,18,0,14.3,115,0,10.9,0,5.0,0,12.856234839785303,0,1011.4,359.57626852109377,10.762013055062225,97,,
2018,10,30,19,0,13.7,126,0,10.9,0,0.0,0,0.0,0,1011.6,2.404742378830406,10.997233424913432,107,,
2018,10,30,20,0,13.1,139,0,10.9,0,0.0,0,0.0,0,1011.7,9.592642150890867,10.65830771583827,115,,
2018,10,30,21,0,12.8,154,0,11,0,0.0,0,0.0,0,1011.6,19.865513193221773,10.681266176848776,122,,
2018,10,30,22,0,12.8,170,0,11.3,0,0.0,0,0.0,0,1011.1,26.031182589051127,9.925056974550158,125,,
2018,10,30,23,0,12.8,-172,0,11.5,0,0.0,0,0.0,0,1010.6,30.75852229748336,9.81869194844044,125,,
2018,10,31,0,0,12.9,-155,0,11.6,0,0.0,0,0.0,0,1010.2,47.59598546684799,9.082764905604389,122,,
2018,10,31,1,0,12.9,-140,0,11.6,0,0.0,0,0.0,0,1009.7,49.6674362301178,9.40051150566226,116,,
2018,10,31,2,0,12.9,-127,21.6,11.5,0,0.0,0,0.0,0,1009.3,56.68862910458057,8.574882690166659,107,,
2018,10,31,3,0,13.1,-115,39.1,11.6,0,0.0,0,0.0,0,1009,56.8363250409252,7.466151791106607,98,,
2018,10,31,4,0,13.5,-105,33.6,11.8,19,0.0,0,0.0,0,1008.7,58.87378191565233,6.571026526263611,87,,
2018,10,31,5,0,13.8,-96,30.2,11.9,112,38.0,14,6.000000000000003,0,1008.5,61.44382125130676,6.190592835721644,76,,
2018,10,31,6,0,14.5,-86,49.4,12.1,191,257.0,0,106.69539653180216,0,1008.1,68.77204856706055,6.101503657644617,65,,
2018,10,31,7,0,15.5,-75,45.2,12.3,305,574.0000000000001,3,312.059589720346,0,1007.5,72.82518354256075,5.364199054867758,54,,
2018,10,31,8,0,16.6,-61,60.9,12.4,282,717.0,0,523.8539134068781,0,1006.9,75.2054043736972,5.064381385233324,43,,
2018,10,31,9,0,17.3,-43,55.1,12.5,379,802.0,0,715.4719367542953,0,1006.1,72.7341905049854,4.8432459415148434,34,,
2018,10,31,10,0,17.6,-16,60.7,12.6,356,882.0,0,869.7173325976074,0,1005.3,62.76469715556033,4.68547259037719,28,,
2018,10,31,11,0,18,14,65.8,12.7,310,915.0,0,972.336748578031,0,1004.4,50.79706472313313,4.677949872558081,28,,
2018,10,31,12,0,18,41,74.3,12.8,218,935.0,0,1018.8123415717768,0,1003.6,39.09413085814509,4.989696782786116,34,,
2018,10,31,13,0,17.9,60,90.7,13.1,68,943.0,0,1005.1367195548831,0,1002.7,40.40441811985801,6.427264775683232,42,,
2018,10,31,14,0,17.7,74,89.6,13.4,59,932.0,0,926.6116627322316,0,1001.9,36.43081992251763,7.015245053510315,53,,
2018,10,31,15,0,17.3,85,89.5,13.6,39,841.0,0,757.1171259771166,0,1001.4,38.06961704906576,6.958947373515859,64,,
2018,10,31,16,0,16.7,95,67.2,13.8,64,638.0,0,511.8541062738288,0,1001.2,45.0,6.598742579119774,75,,
2018,10,31,17,0,16,105,23.6,14,19,337.0,0,243.5043087814056,0,1001,53.287036703982494,6.132444878512018,86,,
2018,10,31,18,0,15.6,115,0,14,0,487.0,0,124.05311533090116,0,1000.8,57.69463430423832,5.298690445401728,97,,
2018,10,31,19,0,15.3,126,0,13.8,0,0.0,0,1.0,0,1000.6,57.76918415715983,4.9987982259352375,107,,
2018,10,31,20,0,15,139,0,13.7,0,0.0,0,0.0,0,1000.5,60.39763360040047,3.713180225682701,115,,
2018,10,31,21,0,14.8,154,0,13.6,0,0.0,0,0.0,0,1000,74.25503483830119,3.614120740540801,121,,
2018,10,31,22,0,14.7,171,0,13.5,0,0.0,0,0.0,0,999.2,84.08887696945288,3.8522702354173486,125,,
2018,10,31,23,0,14.5,-172,0,13.4,0,0.0,0,0.0,0,998.4,95.81321019973495,3.8928220282979504,125,,
2018,11,1,0,0,14.4,-155,0,13.4,0,0.0,0,0.0,0,997.8,109.29061797819575,3.463759690308688,122,,
2018,11,1,1,0,14.3,-140,0,13.4,0,0.0,0,0.0,0,997.4,162.20335382519227,2.501797899825483,115,,
2018,11,1,2,0,14.3,-127,0,13.5,0,0.0,0,0.0,0,996.9,209.1553821188178,3.1816775119017824,107,,
2018,11,1,3,0,14.3,-116,0,13.6,0,0.0,0,0.0,0,996.7,218.7303464761884,6.070191999537979,98,,
2018,11,1,4,0,14.5,-106,27.6,13.7,14,0.0,1,0.0,0,996.8,220.25212985651964,7.2915091542987795,87,,
2018,11,1,5,0,14.6,-96,79,13.9,39,10.0,0,5.000000000000001,0,996.8,211.7631884723501,8.552649637600911,76,,
2018,11,1,6,0,14.8,-86,85.7,13.7,58,34.0,0,57.98067567616074,0,996.8,212.4978716823016,9.932516002805365,64,,
2018,11,1,7,0,15,-75,86.2,13.3,81,105.0,0,177.31349904581825,0,996.8,204.33027065661344,11.63946323869941,53,,
2018,11,1,8,0,15.1,-62,69.3,12.8,236,212.0,4,339.1479238439404,0,996.8,203.0235154274147,11.88652544619722,43,,
2018,11,1,9,0,15.3,-43,79,12.3,182,22.0,0,215.7263348537447,0,996.6,206.04908863826728,12.29428668574296,34,,
2018,11,1,10,0,15.4,-17,80,11.8,188,10.0,0,238.8928216318193,0,996.3,206.41173492269496,12.89368579014569,28,,
2018,11,1,11,0,15.5,14,89.7,11.2,97,12.0,0,282.3963995818498,0,995.9,208.59245132235776,15.002183137413454,28,,
2018,11,1,12,0,15.4,41,90.5,10.9,85,25.0,0,370.384514387826,0,995.7,203.2366908085801,16.1015190038783,33,,
2018,11,1,13,0,15.2,61,84.4,11,117,36.0,0,393.4769077903566,0,995.6,199.0360432476524,16.6022537195257,42,,
2018,11,1,14,0,14.9,75,76.2,11,136,5.0,0,171.02376084338596,0,995.5,203.89461999100573,17.64140410852569,52,,
2018,11,1,15,0,14.5,86,73.6,11,108,9.0,0,172.22199382735624,0,995.8,199.3280071467026,16.955372922382487,64,,
2018,11,1,16,0,14,96,79.2,11.1,45,6.0,0,100.25124686288778,0,996.3,200.1331600930517,15.459024909539256,75,,
2018,11,1,17,0,13.5,105,51.3,11.1,14,3.0,0,43.099996762202174,0,996.8,207.3234503266343,15.969741262362549,86,,
2018,11,1,18,0,13.1,115,38.1,11.1,0,8.0,0,22.42434334475125,0,997.3,224.6714084199892,14.810125522789924,97,,
2018,11,1,19,0,12.9,126,42.9,11,0,0.0,0,1.0,0,997.7,228.027770511895,13.740090371185907,106,,
2018,11,1,20,0,12.7,139,41.6,11,0,0.0,0,0.0,0,998.1,242.5925713171456,12.53600074726436,115,,
2018,11,1,21,0,12.6,154,27.4,11,0,0.0,0,0.0,0,998.4,273.265095967779,10.656214260925143,121,,
2018,11,1,22,0,12.7,171,42.8,11.1,0,0.0,0,0.0,0,998.5,305.257772854567,9.887751621415669,124,,
2018,11,1,23,0,12.8,-172,25.9,11.2,0,0.0,0,0.0,0,998.6,320.79339988536736,10.399907470369447,125,,
2018,11,2,0,0,12.7,-155,42.9,11,0,0.0,0,0.0,0,998.8,313.18779319250336,13.025151447177148,121,,
2018,11,2,1,0,12.4,-140,38.3,10.6,0,0.0,0,0.0,0,999.2,320.3656851594362,14.04520207288582,115,,
2018,11,2,2,0,12.1,-127,24.3,10.2,0,0.0,0,0.0,0,999.6,328.1919368948992,14.863582342358931,107,,
2018,11,2,3,0,11.9,-116,22.1,9.7,0,0.0,0,0.0,0,1000.3,327.3461708189032,15.60193722217122,97,,
2018,11,2,4,0,11.8,-106,16.8,9.1,24,0.0,1,0.0,0,1001.2,333.8640614078301,13.003951620639846,87,,
2018,11,2,5,0,11.7,-96,11.7,8.5,94,0.0,91,2.0,0,1002.1,329.1643176449671,9.590295181992158,76,,
2018,11,2,6,0,12,-87,16.3,7.8,178,2.0,172,25.30022326309064,0,1002.7,322.96358915945734,8.719909871110248,64,,
2018,11,2,7,0,12.7,-76,34.7,7.2,299,13.0,100,107.41599430889444,0,1002.8,313.7652111425802,9.49307591240694,53,,
2018,11,2,8,0,13.4,-62,17.3,6.6,232,24.0,420,204.43097802471624,0,1002.9,313.86863597073506,10.439456031163724,43,,
2018,11,2,9,0,13.8,-43,12.3,6,280,51.0,521,342.28470545331254,0,1003.1,337.7148743001524,12.861265917188026,34,,
2018,11,2,10,0,14,-17,6.3,5.4,211,94.0,707,431.444119410052,0,1003.4,337.01013786791594,13.287555449900298,28,,
2018,11,2,11,0,14.3,15,3.4,4.8,159,139.0,792,531.7782130477527,0,1003.6,343.8442547299479,13.701741521716157,28,,
2018,11,2,12,0,14.3,42,0.9,4.3,102,361.0,816,722.1255812739457,0,1003.9,352.596877029029,13.581721175315694,33,,
2018,11,2,13,0,14,61,0,3.9,79,753.0,732,917.2591288151356,0,1004.2,346.86377366701066,14.21549015195046,42,,
2018,11,2,14,0,13.8,75,0,3.5,73,820.0000000000001,574,880.9935780737374,0,1004.5,341.57244779393903,16.745094153805024,52,,
2018,11,2,15,0,13.3,86,0,3.3,64,745.0,386,724.0550476487974,0,1005.1,346.5392174181078,19.78571128405612,63,,
2018,11,2,16,0,12.5,96,0,3.2,49,523.0,189,474.9175395988634,0,1006,347.55348172475686,21.369419865570183,75,,
2018,11,2,17,0,11.7,105,0.1,3.1,20,123.0,33,165.48620992424634,0,1006.9,341.8804944693068,20.838305038091324,86,,
2018,11,2,18,0,10.9,115,0,2.9,0,15.0,0,25.721504005950493,0,1007.7,8.356551979249389,21.23695103736821,96,,
2018,11,2,19,0,10,126,0,2.7,0,0.0,0,1.0,0,1008.6,6.329670375345472,20.99517415006716,106,,
2018,11,2,20,0,9.1,139,0,2.4,0,0.0,0,0.0,0,1009.5,6.621505758226874,22.9531566108086,114,,
2018,11,2,21,0,8.7,154,0,2.7,0,0.0,0,0.0,0,1009.9,4.1348848219524825,22.838010275620388,121,,
2018,11,2,22,0,8.8,171,0,3.3,0,0.0,0,0.0,0,1010,7.483299530554973,22.406907110541027,124,,
2018,11,2,23,0,8.9,-172,0,4,0,0.0,0,0.0,0,1010,11.497379499034366,22.47964501218147,124,,
2018,11,3,0,0,8.8,-155,0,4.5,0,0.0,0,0.0,0,1010.2,9.70578056356254,21.01689044588472,121,,
2018,11,3,1,0,8.6,-140,0,4.7,0,0.0,0,0.0,0,1010.3,3.609062231497376,21.195599892534783,115,,
2018,11,3,2,0,8.4,-127,0,5,0,0.0,0,0.0,0,1010.5,0.3269739363985877,21.90392112732789,107,,
2018,11,3,3,0,8.5,-116,0,5.2,0,0.0,0,0.0,0,1010.9,2.779161017751904,23.202338528389287,97,,
2018,11,3,4,0,8.9,-106,25.8,5.4,17,0.0,1,0.0,0,1011.6,7.199895652035593,23.611225000150423,86,,
2018,11,3,5,0,9.2,-97,71.8,5.6,63,10.0,0,5.000000000000001,0,1012.3,10.99193675330048,22.84414694685156,75,,
2018,11,3,6,0,9.9,-87,65.3,5.9,146,82.0,0,81.59892676301351,0,1012.7,14.62811018861538,22.12059502609482,64,,
2018,11,3,7,0,10.9,-76,36.4,6.4,209,280.0,200,249.0326663758155,0,1012.7,14.077117810803486,21.24845914443371,53,,
2018,11,3,8,0,11.9,-62,12.3,7,259,480.0,424,454.06873825074274,0,1012.8,18.03398861787992,19.79189583260891,42,,
2018,11,3,9,0,12.6,-44,38.7,7.3,532,518.0,21,607.6677031502513,0,1012.7,15.082986723982572,18.345883955298326,33,,
2018,11,3,10,0,12.9,-17,54.7,7.5,436,531.0,0,743.9097417761566,0,1012.6,15.075871299709377,17.309625547076124,28,,
2018,11,3,11,0,13.3,15,29.9,7.8,500,537.0,177,820.9311304301187,0,1012.4,16.7944084844558,17.021667574029596,27,,
2018,11,3,12,0,13.5,42,2.1,7.9,158,461.0,728,806.024543412524,0,1012.2,15.780873196983409,17.08613502238262,33,,
2018,11,3,13,0,13.6,61,18.9,8,348,457.0,296,779.826419055828,0,1011.9,13.037325204994204,17.454559364562222,42,,
2018,11,3,14,0,13.7,75,21.4,8.1,322,321.0,171,628.9553356744739,0,1011.7,14.770710292651358,17.650417061503422,52,,
2018,11,3,15,0,13.5,86,35.6,8.2,266,278.0,14,499.6849113441075,0,1011.7,11.489292922833158,17.16101198865348,63,,
2018,11,3,16,0,13.1,96,8.8,8.3,103,143.0,100,295.3152037369286,0,1011.8,12.861180777177085,17.50633358443441,74,,
2018,11,3,17,0,12.7,106,5.9,8.4,31,76.0,15,145.34318687909072,0,1011.9,13.83863970297017,17.426489621720343,86,,
2018,11,3,18,0,12.2,116,0,8.4,0,63.0,0,52.64354675486768,0,1012.2,15.691627764058808,16.10484570341978,96,,
2018,11,3,19,0,11.7,127,0,8.2,0,0.0,0,1.0,0,1012.7,14.913838990305862,15.224271436541294,106,,
2018,11,3,20,0,11.2,139,0,8.1,0,0.0,0,0.0,0,1013.1,16.683289962352205,14.444446537764511,114,,
2018,11,3,21,0,10.9,154,0,7.7,0,0.0,0,0.0,0,1013.1,13.61855222151638,13.272072607931134,120,,
2018,11,3,22,0,10.9,171,0,7.3,0,0.0,0,0.0,0,1012.8,10.457860401780865,12.395852995571069,124,,
2018,11,3,23,0,11,-172,0,6.8,0,0.0,0,0.0,0,1012.5,7.568121951612113,12.33819122938612,124,,
2018,11,4,0,0,10.9,-155,0,6.5,0,0.0,0,0.0,0,1012.2,6.420985896419893,11.930552957714855,121,,
2018,11,4,1,0,10.7,-140,0,6.4,0,0.0,0,0.0,0,1012,357.132687207165,11.244790717556754,115,,
2018,11,4,2,0,10.5,-127,0,6.3,0,0.0,0,0.0,0,1011.8,350.4418323362919,12.044650860813771,106,,
2018,11,4,3,0,10.6,-116,0,6.4,0,0.0,0,0.0,0,1011.8,350.52272102470505,12.146500786958688,97,,
2018,11,4,4,0,11,-106,9.4,6.6,31,0.0,6,0.0,0,1011.9,350.4739299982064,12.084858232774597,86,,
2018,11,4,5,0,11.4,-97,9.9,6.8,94,0.0,106,1.0,0,1012,351.84211735188416,11.89206662004459,75,,
2018,11,4,6,0,12.1,-87,8,7,121,2.0,282,18.31418054078641,0,1011.8,344.6210221907168,12.49046167997469,64,,
2018,11,4,7,0,13.3,-76,2.4,7.2,119,6.0,495,72.07698213787046,0,1011.4,338.4529610091756,12.141720485480706,53,,
2018,11,4,8,0,14.4,-63,5.2,7.4,181,21.0,572,181.0020109923388,0,1010.9,339.33566694254046,11.15779022996638,42,,
2018,11,4,9,0,15.2,-44,14.1,7.6,363,20.0,416,233.55467028535003,0,1010.3,339.4123160304762,12.263948170428764,33,,
2018,11,4,10,0,15.5,-17,21.1,7.7,479,15.0,285,271.9561503644198,0,1009.6,342.2631997933594,13.540355660237845,27,,
2018,11,4,11,0,15.9,15,27.3,7.8,532,13.0,174,282.35917779926973,0,1009,331.48584632220883,9.864823765763536,27,,
2018,11,4,12,0,16,42,54.5,8,415,13.0,0,292.7341487261654,0,1008.3,342.6357184641693,11.30858388580788,32,,
2018,11,4,13,0,16,62,64.9,8.3,278,18.0,0,306.86978030076045,0,1007.6,341.56470867718554,12.915232982081038,41,,
2018,11,4,14,0,15.9,75,62.5,8.6,221,41.0,15,357.3048626804797,0,1007,345.72541158244104,13.180883121584966,52,,
2018,11,4,15,0,15.6,87,57.8,8.8,176,90.0,1,366.9421028793303,0,1006.6,342.7434055948149,11.870779321390774,63,,
2018,11,4,16,0,14.9,96,54.8,9,102,95.0,0,272.29981230279566,0,1006.4,345.77028522975604,11.60861701595882,74,,
2018,11,4,17,0,14.3,106,44.5,9.2,19,71.0,0,151.699934736901,0,1006.2,348.8059071002841,11.367385563648767,85,,
2018,11,4,18,0,13.8,116,45.1,9.4,0,29.0,0,42.45768029262891,0,1006,343.4884103490624,9.895876498211866,96,,
2018,11,4,19,0,13.3,127,42.3,9.6,0,5.0,0,1.029293729509406,0,1005.8,335.7231400770078,10.336954656421236,106,,
2018,11,4,20,0,12.9,139,38.6,9.8,0,0.0,0,0.0,0,1005.6,339.49562798465234,10.170468354712236,114,,
2018,11,4,21,0,12.8,154,38.1,10.1,0,0.0,0,0.0,0,1005,342.2778594384355,9.650094280004724,120,,
2018,11,4,22,0,13.1,171,37.9,10.5,0,0.0,0,0.0,0,1004.1,345.25772297323743,7.198395162946016,123,,
2018,11,4,23,0,13.3,-172,33.2,10.9,0,0.0,0,0.0,0,1003.2,334.20283086229267,5.69473277256262,124,,
2018,11,5,0,0,13.5,-155,56.3,11.3,0,0.0,0,0.0,0,1002.5,326.7607696267555,4.56091166636308,120,,
2018,11,5,1,0,13.7,-140,57.1,11.8,0,0.0,0,0.0,0,1002,295.26715836759,5.321634853676936,114,,
2018,11,5,2,0,13.9,-128,53.7,12.3,0,0.0,0,0.0,0,1001.6,287.4886114766288,7.14265716817762,106,,
2018,11,5,3,0,14,-117,44.1,12.8,0,0.0,0,0.0,0,1001.3,277.80083276318214,7.065383997455067,97,,
2018,11,5,4,0,14.1,-107,58.7,13.1,9,0.0,0,0.0,0,1001.1,268.65942782546966,8.83884503179818,86,,
2018,11,5,5,0,14.1,-97,67.6,13.4,42,1.0,7,2.0,0,1000.9,264.7040705517695,9.482617518629326,75,,
2018,11,5,6,0,14.4,-87,79.2,13.7,81,3.0,0,30.481333566955826,0,1000.6,273.5515117429907,10.861924677605217,64,,
2018,11,5,7,0,14.8,-77,77.7,13.9,127,7.0,0,83.44482306027133,0,1000.2,277.8827746837185,12.861522105961985,52,,
2018,11,5,8,0,15.3,-63,79.2,14,151,8.0,0,139.21394351358987,0,999.9,280.12679254303384,12.985503403604326,42,,
2018,11,5,9,0,15.7,-44,70.7,14.1,250,11.0,0,205.48381365171596,0,999.4,278.8029819351798,11.904141830173192,33,,
2018,11,5,10,0,16,-17,54.3,14.2,417,18.0,0,266.39131969514074,0,998.7,279.3204274791176,11.26369308699874,27,,
2018,11,5,11,0,16.4,15,71.6,14.3,262,23.0,0,322.1506781779166,0,998.1,285.58930730932343,10.910650311082463,27,,
2018,11,5,12,0,16.3,43,74.7,14.4,218,30.0,0,359.14774642604834,0,997.5,296.9024455068211,9.901105080203656,32,,
2018,11,5,13,0,16,62,71.8,14.6,214,31.0,0,344.4037376591396,0,997,293.4155191666929,9.483110874652995,41,,
2018,11,5,14,0,15.6,76,63.6,14.9,217,66.0,0,388.7742517793656,0,996.5,295.68552765907566,9.211217777300924,52,,
2018,11,5,15,0,15.3,87,51.5,14.9,196,263.0,0,492.62039979397326,0,996.3,296.93950344276726,8.303108248193027,63,,
2018,11,5,16,0,15.1,97,58.1,14.8,94,391.0,0,434.3684217891927,0,996.4,304.01584110911625,9.086612787843212,74,,
2018,11,5,17,0,14.9,106,63.2,14.6,27,332.0,0,263.8818752911873,0,996.5,317.9466459452293,9.510523896102042,85,,
2018,11,5,18,0,14.8,116,82.1,14.5,0,194.0,0,91.1637630862729,0,996.7,348.60102447890233,9.889656432276542,96,,
2018,11,5,19,0,14.9,127,83.7,14.5,0,8.0,0,1.0720204370057775,0,997.1,342.9690479036603,9.241705310331982,105,,
2018,11,5,20,0,14.9,140,86.5,14.4,0,0.0,0,0.0,0,997.4,345.67344976997543,7.829927354989615,114,,
2018,11,5,21,0,14.9,154,86.7,14.4,0,0.0,0,0.0,0,997.3,351.344490273292,8.306022716136598,120,,
2018,11,5,22,0,14.7,171,74,14.3,0,0.0,0,0.0,0,996.8,350.4901234222661,7.93076881966127,123,,
2018,11,5,23,0,14.5,-172,55.9,14.2,0,0.0,0,0.0,0,996.3,333.07178697500865,7.028142136264127,123,,
2018,11,6,0,0,14.3,-155,58.2,14.1,0,0.0,0,0.0,0,996,326.0898448362191,7.950106911870046,120,,
2018,11,6,1,0,14.2,-141,47.6,14,0,0.0,0,0.0,0,996,337.5781650427462,7.645102754885331,114,,
2018,11,6,2,0,14.1,-128,32.5,13.9,0,0.0,0,0.0,0,995.9,334.74440768864343,7.763847473845765,106,,
2018,11,6,3,0,14.1,-117,10.8,13.8,0,0.0,0,0.0,0,996.1,334.72521488710674,8.732705767135073,96,,
2018,11,6,4,0,14.3,-107,21.6,13.7,24,0.0,2,0.0,0,996.6,339.6857528327305,9.181411126828282,86,,
2018,11,6,5,0,14.5,-97,47.6,13.6,111,7.0,5,6.0,0,997.1,345.54970903324204,7.51382669438586,75,,
2018,11,6,6,0,15.2,-88,23,13.8,188,67.0,138,84.96834355242565,0,997.3,352.74986483525254,7.751674601923243,63,,
2018,11,6,7,0,16.3,-77,0,14.2,109,196.0,494,237.04353828203853,0,997.2,341.08975824346857,6.431086562983625,52,,
2018,11,6,8,0,17.4,-63,0.4,14.5,123,287.0,641,401.963250684213,0,997.1,336.7702762284107,6.076609998827813,42,,
2018,11,6,9,0,17.8,-45,2.9,14.4,172,213.0,691,482.4520165542617,0,997,336.7676302754095,5.600624255953061,32,,
2018,11,6,10,0,17.6,-17,0.8,13.8,133,155.0,816,502.2913992476009,0,996.9,322.4527569763256,4.99365949345811,27,,
2018,11,6,11,0,17.3,15,10.8,13.3,297,139.0,563,535.0949238633119,0,996.8,330.3667245651164,4.554984408560239,26,,
2018,11,6,12,0,16.9,43,26.8,12.6,476,76.0,190,457.94450561732174,0,996.9,30.75182255523185,5.331440120808668,32,,
2018,11,6,13,0,16.3,62,20.9,11.8,342,64.0,288,414.7220158769405,0,997.3,34.52638883664133,7.863266036676963,41,,
2018,11,6,14,0,15.7,76,37.4,10.9,322,260.0,89,571.4649565834964,0,997.7,19.35785844122347,7.223298217070926,51,,
2018,11,6,15,0,14.9,87,41.2,10.2,192,720.0,71,721.2936288033027,0,998.3,1.903085876419766,7.528078052315772,63,,
2018,11,6,16,0,14,97,40.8,9.4,124,770.0,19,589.2750108707514,0,999,352.6091652094082,7.773815299203194,74,,
2018,11,6,17,0,13,106,32,8.7,29,657.0,1,367.1427315342857,0,999.7,342.80135126500755,8.877675153620627,85,,
2018,11,6,18,0,12.5,116,19.5,8.4,0,416.0,0,136.08969439680135,0,1000.2,334.52009690040967,10.896234597329467,95,,
2018,11,6,19,0,12.2,127,38.1,8.4,0,10.0,0,2.1218124340869364,0,1000.4,336.0792684579197,13.979282773308409,105,,
2018,11,6,20,0,12,140,43.1,8.5,0,0.0,0,0.0,0,1000.6,336.4734263727599,16.548440027115184,113,,
2018,11,6,21,0,11.8,154,40.5,8.7,0,0.0,0,0.0,0,1000.7,344.9956537087241,16.74143354718164,119,,
2018,11,6,22,0,11.5,171,42.7,9.1,0,0.0,0,0.0,0,1000.7,6.28127986964131,15.994947358390895,123,,
2018,11,6,23,0,11.3,-172,16.7,9.5,0,0.0,0,0.0,0,1000.8,6.149354078994008,14.586370795770772,123,,
2018,11,7,0,0,11.1,-156,20.2,9.6,0,0.0,0,0.0,0,1001.1,0.2483218669726739,14.420789735655235,120,,
2018,11,7,1,0,10.9,-141,42.8,9.3,0,0.0,0,0.0,0,1001.5,355.51311224004934,14.380498224376293,114,,
2018,11,7,2,0,10.8,-128,42.9,9,0,0.0,0,0.0,0,1002,359.5349146272162,15.399433113476803,106,,
2018,11,7,3,0,10.8,-117,17.4,8.7,0,0.0,0,0.0,0,1002.7,8.447881618660858,15.463433991782498,96,,
2018,11,7,4,0,10.9,-107,26.4,8.4,33,0.0,6,0.0,0,1003.8,9.870996974050795,13.85401746722123,86,,
2018,11,7,5,0,11,-98,6.2,8.1,84,40.0,130,9.000000000000002,0,1004.8,9.64084496646666,13.061916146622668,75,,
2018,11,7,6,0,11.7,-88,8,7.8,147,217.0,247,115.211897431562,0,1005.6,7.855635380552997,12.346578232972105,63,,
2018,11,7,7,0,13,-77,17.7,7.4,247,433.0,276,296.78870311329206,0,1006.1,359.31387630864884,12.253075821730894,52,,
2018,11,7,8,0,14.3,-64,22.4,6.9,307,516.0,307,474.58523793104587,0,1006.6,359.08686555970866,13.1288645595262,41,,
2018,11,7,9,0,14.9,-45,13.9,6.6,315,592.0,477,645.7053316990534,0,1007,0.8423629859295261,12.753819744289922,32,,
2018,11,7,10,0,15,-18,25.4,6.4,471,604.0,265,756.7146548542448,0,1007.4,3.2037672501055,13.419899854002113,26,,
2018,11,7,11,0,15.1,15,3.4,6.3,157,631.0,799,844.6434355852224,0,1007.7,3.245548035932416,14.73505974651983,26,,
2018,11,7,12,0,15.1,43,0,6.2,87,601.0,845,856.516990106945,0,1008,5.964069970021512,14.43629435876361,32,,
2018,11,7,13,0,15,63,0,6.2,84,590.0,734,830.2294916270755,0,1008.2,11.33894373657273,14.94054660293829,41,,
2018,11,7,14,0,14.8,76,0,6.3,78,521.0,579,724.9847266660175,0,1008.3,16.554317986292972,14.477534492582016,51,,
2018,11,7,15,0,14.4,87,0,6.3,68,488.0,394,602.0862569614428,0,1008.7,23.00869328889724,13.966836789767214,62,,
2018,11,7,16,0,13.5,97,0,6.2,53,424.0,201,438.0212405675064,0,1009.3,29.355456766259977,13.602315659461414,74,,
2018,11,7,17,0,12.7,107,1.7,6.1,26,381.0,39,275.8140127443055,0,1009.8,34.57174974421616,13.51375007854868,85,,
2018,11,7,18,0,11.8,116,0,6,0,290.0,0,112.5009419664186,0,1010.3,36.22971074883338,13.433797541362337,95,,
2018,11,7,19,0,10.8,127,0,5.8,0,13.0,0,2.200072541403483,0,1010.7,37.78775975974224,13.024669280036123,105,,
2018,11,7,20,0,9.8,140,0,5.6,0,0.0,0,0.0,0,1011,39.75786390166565,12.576470653659698,113,,
2018,11,7,21,0,9.2,154,0,5.7,0,0.0,0,0.0,0,1011.2,40.27999290980358,12.537384705284378,119,,
2018,11,7,22,0,8.9,171,0,5.9,0,0.0,0,0.0,0,1011.1,42.25835287704001,12.332378792177757,123,,
2018,11,7,23,0,8.6,-172,0,6.1,0,0.0,0,0.0,0,1011,46.10008679498486,11.50952467705842,123,,
2018,11,8,0,0,8.3,-156,0,6.2,0,0.0,0,0.0,0,1011,46.30500249710843,11.643005706251332,120,,
2018,11,8,1,0,8.1,-141,19.2,6,0,0.0,0,0.0,0,1011.1,34.81130016505159,11.242753985502638,114,,
2018,11,8,2,0,7.8,-128,30.9,5.9,0,0.0,0,0.0,0,1011.2,31.6072552834562,11.132032127468683,105,,
2018,11,8,3,0,8.2,-117,5.8,5.9,0,0.0,0,0.0,0,1011.3,27.27868358905323,11.229578986704514,96,,
2018,11,8,4,0,9.1,-107,7,6.2,31,0.0,15,0.0,0,1011.6,24.508315327204286,10.900319982127872,85,,
2018,11,8,5,0,10.1,-98,0.5,6.4,66,59.0,161,10.000000000000004,0,1011.9,24.454200650751545,10.620996287474986,74,,
2018,11,8,6,0,11.5,-88,22.5,6.8,208,197.0,119,112.47986059775442,0,1011.9,21.90761076445881,10.443884632833973,63,,
2018,11,8,7,0,13.3,-77,29.3,7.4,290,371.0,145,279.81105265081527,0,1011.8,16.47043930687863,10.73365624143958,52,,
2018,11,8,8,0,15.1,-64,6.7,8,205,479.0,530,459.1222740865418,0,1011.6,16.321470863546608,10.530074379387472,41,,
2018,11,8,9,0,16,-45,0,8,140,546.0,757,622.4653710779353,0,1011.4,13.373988922701528,10.537976799333386,32,,
2018,11,8,10,0,16,-18,19.8,7.5,358,501.0,409,750.9902117713013,0,1011.2,11.307585280366652,10.518882351822928,26,,
2018,11,8,11,0,16.1,15,27.1,7,537,429.0,166,785.6792476389862,0,1011.1,6.999842726485724,10.769971396466689,26,,
2018,11,8,12,0,16.1,43,4.5,6.9,180,313.0,693,738.2899954305797,0,1010.8,4.355286479623089,10.69910849228558,31,,
2018,11,8,13,0,16.2,63,36.7,7.3,344,195.0,170,620.690597929984,0,1010.4,5.736010459841282,11.664115691015809,40,,
2018,11,8,14,0,16.2,77,45.7,7.6,313,66.0,38,403.24461878115926,0,1009.9,8.143220469955963,11.913333980611965,51,,
2018,11,8,15,0,15.8,88,42.2,7.9,253,18.0,4,213.7743700759488,0,1009.7,9.20062350397393,11.335781619513858,62,,
2018,11,8,16,0,15.1,97,22.6,8.3,96,8.0,79,111.49443893083932,0,1009.6,9.278831921243976,10.853439190746276,73,,
2018,11,8,17,0,14.3,107,13.8,8.7,37,6.0,12,58.33044266854153,0,1009.5,11.886020106323656,10.924163458547214,85,,
2018,11,8,18,0,13.4,117,0,8.7,0,4.0,0,18.806483428533703,0,1009.5,13.245037173836636,10.638712127088354,95,,
2018,11,8,19,0,12.3,128,0,8.3,0,1.0,0,1.0186248697636286,0,1009.7,8.683478249823793,10.349342611992345,105,,
2018,11,8,20,0,11.2,140,0,7.9,0,0.0,0,0.0,0,1009.9,5.515384124013565,9.754141881477535,113,,
2018,11,8,21,0,10.8,155,0,7.6,0,0.0,0,0.0,0,1009.7,5.0296599722217366,8.554668719127367,119,,
2018,11,8,22,0,11.2,171,0,7.3,0,0.0,0,0.0,0,1009,0.0,7.918212890625,122,,
2018,11,8,23,0,11.6,-172,0,7,0,0.0,0,0.0,0,1008.4,353.8423824031258,8.740122700409337,122,,
2018,11,9,0,0,11.9,-156,0,6.8,0,0.0,0,0.0,0,1007.8,348.16097759222583,8.02645250556585,119,,
2018,11,9,1,0,12.1,-141,0,6.9,0,0.0,0,0.0,0,1007.2,339.6597917569032,7.911534774658765,113,,
2018,11,9,2,0,12.4,-129,0,6.9,0,0.0,0,0.0,0,1006.6,341.2713247983259,9.02087070238568,105,,
2018,11,9,3,0,12.9,-117,0,7.3,0,0.0,0,0.0,0,1006.3,340.5847210364344,9.277578327626458,96,,
2018,11,9,4,0,13.7,-108,32.3,8,20,0.0,4,0.0,0,1006.2,336.6992351837076,9.006269976311156,85,,
2018,11,9,5,0,14.5,-98,34.4,8.7,104,2.0,58,5.0,0,1006.2,334.77144898490474,9.58221463363464,74,,
2018,11,9,6,0,16,-89,19,9.4,218,10.0,136,48.72925525189768,0,1006,334.76007568718995,10.457615553527308,63,,
2018,11,9,7,0,18.2,-78,0.5,10.1,118,37.0,505,153.3457223464278,0,1005.6,338.9883601121677,9.82125143814125,52,,
2018,11,9,8,0,20.4,-64,0,10.8,123,90.0,666,300.34515617607406,0,1005.3,343.07997009967346,9.952300560070936,41,,
2018,11,9,9,0,21.4,-46,2.8,11,178,158.0,700,459.00901593851233,0,1004.8,337.0406762864061,9.0276524331284,32,,
2018,11,9,10,0,21.3,-18,6.7,10.8,256,160.0,644,515.3588783371622,0,1004.2,329.9176713487534,9.270394504891028,26,,
2018,11,9,11,0,21.2,15,15.2,10.6,335,207.0,481,609.1452468455527,0,1003.6,329.5344550805401,9.86154146165801,25,,
2018,11,9,12,0,20.9,44,59.3,10.7,364,248.0,0,658.5568115930894,0,1003.1,335.8057745777405,10.370125559066926,31,,
2018,11,9,13,0,20.5,63,27,11,381,355.0,191,709.9692401017709,0,1002.7,340.99310647325166,9.211441870704911,40,,
2018,11,9,14,0,20,77,19.3,11.3,232,392.0,258,667.0833622308858,0,1002.4,340.70714829032704,9.647495192872308,51,,
2018,11,9,15,0,19.1,88,5.3,11.6,130,488.0,283,615.5556894349079,0,1002.3,346.6209332376335,9.359731479536482,62,,
2018,11,9,16,0,18,98,23.8,11.8,111,461.0,71,466.2707520186483,0,1002.6,343.53989504337267,10.146546129583976,73,,
2018,11,9,17,0,16.8,107,64.2,12,23,277.0,0,246.4349309728252,0,1002.9,339.0188709484558,10.06398686684254,84,,
2018,11,9,18,0,15.9,117,54.1,12,0,120.0,0,77.59417918822197,0,1003.3,336.5541028877957,9.42488270605648,95,,
2018,11,9,19,0,15.1,128,47.2,11.8,0,8.0,0,2.175046867528557,0,1003.8,336.67006220529777,9.942545374751656,104,,
2018,11,9,20,0,14.3,140,34.5,11.5,0,0.0,0,0.0,0,1004.3,333.9921643891176,9.834796866649771,113,,
2018,11,9,21,0,13.8,155,43.8,11.3,0,0.0,0,0.0,0,1004.5,334.5776881310561,9.805164735889573,119,,
2018,11,9,22,0,13.4,171,49.5,11,0,0.0,0,0.0,0,1004.7,332.1813517066413,9.776621107157755,122,,
2018,11,9,23,0,13.1,-172,58.3,10.7,0,0.0,0,0.0,0,1004.8,334.9730425237953,9.404482044841082,122,,
2018,11,10,0,0,12.8,-156,58.4,10.2,0,0.0,0,0.0,0,1005,352.7478146379517,7.749494909162871,119,,
2018,11,10,1,0,12.6,-141,68.4,9.5,0,0.0,0,0.0,0,1005.3,2.713683479822123,7.007858637697211,113,,
2018,11,10,2,0,12.3,-129,61.3,8.9,0,0.0,0,0.0,0,1005.6,7.567390912037865,7.903059010137786,105,,
2018,11,10,3,0,12.1,-118,69.1,8.3,0,0.0,0,0.0,0,1006.3,2.78484352254236,7.71834368929796,96,,
2018,11,10,4,0,12,-108,66.6,7.7,18,0.0,0,0.0,0,1007.2,5.453608538975686,7.89143364794584,85,,
2018,11,10,5,0,12,-98,81.3,7.2,52,16.0,0,10.000000000000002,0,1008.1,9.309940174986025,7.726779730262796,74,,
2018,11,10,6,0,12.2,-89,69.7,6.8,126,132.0,13,105.2062336238489,0,1008.8,9.434387914757906,7.24447342269396,63,,
2018,11,10,7,0,12.9,-78,63.9,6.6,237,240.0,0,252.1946676422276,0,1009.3,12.582962494076924,7.172266465351103,52,,
2018,11,10,8,0,13.5,-65,42.5,6.4,466,391.0,8,439.9603390183748,0,1009.8,11.725112015165053,6.766184301362179,41,,
2018,11,10,9,0,14,-46,42.7,5.9,517,584.0,26,652.1908998814981,0,1010.1,5.056227870530222,5.919764170218378,32,,
2018,11,10,10,0,14.3,-18,24.9,5.2,499,638.0,261,796.1240809629727,0,1010.2,0.5672664098579503,6.312809398358231,25,,
2018,11,10,11,0,14.6,15,17,4.5,388,654.0,456,880.9334250299869,0,1010.3,0.8818850363385309,6.709779157578821,25,,
2018,11,10,12,0,14.8,44,6.3,4.1,211,674.0,691,921.0766178501352,0,1010.4,359.4854472819909,6.959509162483238,31,,
2018,11,10,13,0,14.7,63,3.6,4,149,486.0,666,796.9579084702773,0,1010.5,2.9863324579013693,6.780937090919019,40,,
2018,11,10,14,0,14.6,77,0.4,3.8,86,358.0,594,653.8730128298937,0,1010.6,1.0050860052541566,7.126096406869612,51,,
2018,11,10,15,0,14.2,88,0,3.9,69,185.0,417,438.2185972876868,0,1010.9,1.4441255309358212,7.43986306997649,62,,
2018,11,10,16,0,13.4,98,0,4,54,89.0,219,255.49266681877265,0,1011.4,2.669377245950443,8.051949987668587,73,,
2018,11,10,17,0,12.5,107,3.6,4.2,32,27.0,42,102.6515606703889,0,1011.9,5.260065457736118,8.180935623271896,84,,
2018,11,10,18,0,11.7,117,0,4.3,0,7.0,0,22.457890970782625,0,1012.4,8.508703316270328,8.025837183746004,95,,
2018,11,10,19,0,10.8,128,0,4.5,0,0.0,0,1.0,0,1012.8,10.645663344960326,8.458076761297452,104,,
2018,11,10,20,0,9.9,140,0,4.6,0,0.0,0,0.0,0,1013.2,13.37787258092186,8.373953173818057,112,,
2018,11,10,21,0,9.5,155,0,4.8,0,0.0,0,0.0,0,1013.4,22.111062666056966,8.027904425947114,118,,
2018,11,10,22,0,9.7,171,0,5.1,0,0.0,0,0.0,0,1013.4,25.27772223555297,7.464760964022894,122,,
2018,11,10,23,0,9.9,-172,0,5.3,0,0.0,0,0.0,0,1013.4,31.576819342957265,7.556293435204602,122,,
2018,11,11,0,0,9.9,-156,0,5.8,0,0.0,0,0.0,0,1013.5,34.3019899941757,6.986898904956244,119,,
2018,11,11,1,0,9.9,-142,27.4,6.4,0,0.0,0,0.0,0,1013.6,29.415598833095544,6.744500074134479,113,,
2018,11,11,2,0,9.9,-129,59.2,6.9,0,0.0,0,0.0,0,1013.7,30.963756532073543,6.559820881700963,105,,
2018,11,11,3,0,10.1,-118,59.7,7.5,0,0.0,0,0.0,0,1014,30.754261372450912,5.988966577260848,95,,
2018,11,11,4,0,10.6,-108,61.7,8.1,18,0.0,0,0.0,0,1014.5,32.07400087529402,5.531867903339703,85,,
2018,11,11,5,0,11.1,-99,69.4,8.7,72,15.0,0,11.000000000000002,0,1015,32.08218715606603,4.942244555867304,74,,
2018,11,11,6,0,11.9,-89,66.8,9.2,147,100.0,0,99.85851024550875,0,1015.2,35.911384282695906,4.93872818580199,63,,
2018,11,11,7,0,13,-78,37.7,9.8,382,211.0,12,246.18975112544936,0,1015.3,54.39415806098856,4.508714403869122,51,,
2018,11,11,8,0,14.2,-65,51.1,10.4,386,370.0,0,437.4725927149906,0,1015.4,61.762554461832735,3.830898230180489,41,,
2018,11,11,9,0,14.7,-46,35.1,10.4,544,538.0,45,639.4779692273164,0,1015.4,58.98942363809198,2.869336416940232,31,,
2018,11,11,10,0,14.7,-18,52.4,9.9,460,652.0,1,792.754356496499,0,1015.2,46.09275430627241,3.1229899331461013,25,,
2018,11,11,11,0,14.6,16,45.9,9.4,520,716.0,4,901.286749110784,0,1015,36.01348091338872,4.14558028482413,25,,
2018,11,11,12,0,14.6,44,56.6,9.1,275,781.0,123,965.5637683944084,0,1014.8,30.033280435995152,4.620352394569055,31,,
2018,11,11,13,0,14.6,64,59.5,8.9,320,872.0,0,997.2129825969434,0,1014.6,33.823735292692106,4.789042094748806,40,,
2018,11,11,14,0,14.5,77,77.7,8.8,140,860.0,0,920.6771122045182,0,1014.4,33.61328852849056,5.00246312149272,50,,
2018,11,11,15,0,14.4,88,73.4,8.7,113,836.0,0,788.5455700742393,0,1014.3,35.986104330403634,5.457534018684429,62,,
2018,11,11,16,0,14.1,98,81.3,8.5,41,789.0,0,609.7842596067121,0,1014.3,43.94068732577347,5.612065517413213,73,,
2018,11,11,17,0,13.8,107,60.8,8.4,19,689.0,0,391.8966222187305,0,1014.4,50.50223110634556,5.370686957473498,84,,
2018,11,11,18,0,13.5,117,42.3,8.4,0,498.0,0,165.36478476247868,0,1014.4,56.385163437389,5.002259804746494,94,,
2018,11,11,19,0,13.3,128,49,8.4,0,31.0,0,4.881639262311261,0,1014.4,70.82180595196724,4.939930390106916,104,,
2018,11,11,20,0,13.1,140,54.1,8.4,0,0.0,0,0.0,0,1014.4,89.79815359969803,4.851104321551983,112,,
2018,11,11,21,0,12.9,155,56.7,8.3,0,0.0,0,0.0,0,1014.1,97.12107280293014,4.399659822058429,118,,
2018,11,11,22,0,12.6,171,59.7,8.1,0,0.0,0,0.0,0,1013.3,112.27417179304604,3.2527259710191183,121,,
2018,11,11,23,0,12.3,-172,75.1,7.9,0,0.0,0,0.0,0,1012.5,169.42623332573532,3.014816225138269,122,,
2018,11,12,0,0,12.1,-156,66.4,8,0,0.0,0,0.0,0,1011.8,213.87560616561785,4.976618576332722,118,,
2018,11,12,1,0,12,-142,79.9,8.4,0,0.0,0,0.0,0,1011.2,228.5293054450434,7.17634654634825,113,,
2018,11,12,2,0,12,-129,77.2,8.9,0,0.0,0,0.0,0,1010.6,225.58647715952355,8.635234351509435,105,,
2018,11,12,3,0,12,-118,70.1,9.3,0,0.0,0,0.0,0,1010.2,220.34702257728603,8.884862071159736,95,,
2018,11,12,4,0,12.1,-108,72.8,9.8,19,0.0,0,0.0,0,1010,215.15799994310808,9.734960158809765,85,,
2018,11,12,5,0,12.3,-99,37.8,10.2,133,9.0,5,9.0217967888999,0,1009.8,208.9489036065072,10.334489676292312,74,,
2018,11,12,6,0,12.7,-89,54.7,10.7,187,32.0,2,68.80048860702965,0,1009.3,202.7315139722148,11.545732557796976,62,,
2018,11,12,7,0,13.3,-79,58.7,11.3,251,32.0,0,133.78386239037533,0,1008.7,199.39890844343225,13.05589358490186,51,,
2018,11,12,8,0,13.9,-65,52,11.9,369,36.0,0,208.5839994745725,0,1008,204.71802806027443,12.709937163545794,40,,
2018,11,12,9,0,14.3,-47,41.9,12.3,397,82.0,123,356.0882497384251,0,1007.4,204.8836499418552,12.380023172823677,31,,
2018,11,12,10,0,14.5,-19,54.2,12.6,438,40.0,0,367.5758059760123,0,1006.8,197.53130483540903,11.626444954951443,25,,
2018,11,12,11,0,14.7,16,51.7,13,465,124.0,0,560.4245679185285,0,1006.2,195.52054783430503,11.767992295697049,25,,
2018,11,12,12,0,14.8,44,47,13.1,480,88.0,2,520.9062925915949,0,1005.6,193.4106160231821,13.161362119181357,30,,
2018,11,12,13,0,14.9,64,37,13.1,479,40.0,26,391.961835266415,0,1005.1,198.29763286779323,13.175448449933729,39,,
2018,11,12,14,0,14.9,78,42.4,13,315,40.0,53,347.2357025645482,0,1004.5,196.0302063696148,13.18555545481698,50,,
2018,11,12,15,0,14.8,89,46.9,12.9,224,66.0,27,331.49347765238025,0,1004.3,196.45229596032124,12.12613260249104,61,,
2018,11,12,16,0,14.6,98,66.5,12.6,63,116.0,16,294.4430148887171,0,1004.3,194.26961038006007,15.279278986921716,73,,
2018,11,12,17,0,14.3,108,19.3,12.3,46,144.0,7,202.6774357834121,0,1004.3,197.046059101334,15.4800986265705,84,,
2018,11,12,18,0,14,117,2.9,11.9,0,89.0,0,76.12322586030027,0,1004.3,196.4073814611396,16.149848202753756,94,,
2018,11,12,19,0,13.7,128,3.7,11.4,0,7.0,0,3.222146179664014,0,1004.4,201.21332639769292,19.130256979056792,104,,
2018,11,12,20,0,13.4,141,0,10.9,0,0.0,0,0.0,0,1004.6,198.537523373064,17.50851566344434,112,,
2018,11,12,21,0,13.2,155,0,10.8,0,0.0,0,0.0,0,1004.4,199.0026836302156,16.829763816155427,118,,
2018,11,12,22,0,13,171,0,10.9,0,0.0,0,0.0,0,1004.1,196.0815950197307,17.01367641707723,121,,
2018,11,12,23,0,12.8,-172,0,11,0,0.0,0,0.0,0,1003.8,193.34542116898723,17.09568165146159,121,,
2018,11,13,0,0,12.6,-156,0,11.1,0,0.0,0,0.0,0,1003.7,194.51691577082923,17.927838719279706,118,,
2018,11,13,1,0,12.4,-142,0,11,0,0.0,0,0.0,0,1003.7,196.28902294915625,17.513049090243285,112,,
2018,11,13,2,0,12.3,-129,0,10.9,0,0.0,0,0.0,0,1003.7,198.2135491599739,17.122518013251117,104,,
2018,11,13,3,0,12.3,-118,0,10.8,0,0.0,0,0.0,0,1004,200.34101981032336,16.164507797545884,95,,
2018,11,13,4,0,12.5,-109,7.6,10.6,39,0.0,18,0.0,0,1004.5,205.50028174048035,13.090682514835644,85,,
2018,11,13,5,0,12.7,-99,0.7,10.4,62,1.0,186,4.004858606005794,0,1005,209.2459330399657,11.305062167187804,74,,
2018,11,13,6,0,13.4,-90,3.5,10.1,106,5.0,337,38.91922076551132,0,1005.4,205.3383495636864,10.541742463398515,62,,
2018,11,13,7,0,14.7,-79,0.2,9.7,88,44.0,567,164.30476822698222,0,1005.5,206.27552646994133,10.63062998888454,51,,
2018,11,13,8,0,16,-66,0,9.2,89,289.0,734,422.8190149946246,0,1005.7,194.7418497469045,13.299611062264235,40,,
2018,11,13,9,0,16.5,-47,0.9,8.5,109,382.0,827,592.6784555571103,0,1005.7,197.9208612540956,11.09134786952809,31,,
2018,11,13,10,0,16.4,-19,1.3,7.4,117,415.0,882,705.72501459616,0,1005.6,202.072071838355,10.412791862152512,25,,
2018,11,13,11,0,16.3,16,0,6.4,86,399.0,934,764.0295966786898,0,1005.4,210.05140347642856,11.015114319238837,24,,
2018,11,13,12,0,16.1,45,0,5.9,80,400.0,886,786.4910182220233,0,1005.2,216.0336964544824,10.084179406623138,30,,
2018,11,13,13,0,15.8,64,0,5.9,73,391.0,780,757.2961336179035,0,1005.1,233.8417134739559,8.594315194704233,39,,
2018,11,13,14,0,15.6,78,0,5.9,66,250.0,625,596.2639653980375,0,1004.9,269.67241648817776,5.252283110772832,50,,
2018,11,13,15,0,15.1,89,0,6.1,60,205.0,435,467.012081166548,0,1005,289.8541930723833,3.578424366250712,61,,
2018,11,13,16,0,14.3,98,0,6.5,49,120.0,233,293.05766949101434,0,1005.5,341.8890818062762,2.4299589539032174,72,,
2018,11,13,17,0,13.5,108,2.5,7,31,40.0,53,126.14126480816252,0,1006,359.4142582630828,4.752445607784636,83,,
2018,11,13,18,0,12.8,117,0,7.3,0,23.0,0,44.01732733401536,0,1006.4,39.30957356624839,6.344471378370383,94,,
2018,11,13,19,0,12.2,128,0,7.5,0,3.0,0,3.10510743238905,0,1006.9,32.633947985519285,8.589087567042135,103,,
2018,11,13,20,0,11.5,141,0,7.7,0,0.0,0,0.0,0,1007.4,51.50971782709837,10.914862705132611,111,,
2018,11,13,21,0,11.1,155,0,7.8,0,0.0,0,0.0,0,1007.5,31.59993757321007,7.75308486085501,117,,
2018,11,13,22,0,11,171,0,7.9,0,0.0,0,0.0,0,1007.2,36.92462641802115,7.97446652858363,121,,
2018,11,13,23,0,10.9,-173,0,8.1,0,0.0,0,0.0,0,1006.9,46.47870100860905,9.680193997879494,121,,
2018,11,14,0,0,10.8,-156,0,8.2,0,0.0,0,0.0,0,1006.8,53.35886540800931,10.126008445652026,118,,
2018,11,14,1,0,10.9,-142,1.9,8.2,0,0.0,0,0.0,0,1006.7,37.52536976255897,7.695620771710689,112,,
2018,11,14,2,0,10.9,-130,21.1,8.3,0,0.0,0,0.0,0,1006.6,38.75077716370947,7.588658894611084,104,,
2018,11,14,3,0,11,-119,31.3,8.4,0,0.0,0,0.0,0,1006.6,33.72752341569014,6.9397803416517645,95,,
2018,11,14,4,0,11.4,-109,14.4,8.6,44,0.0,8,0.0,0,1006.9,29.821795637189155,6.699698619505016,84,,
2018,11,14,5,0,11.7,-99,48.4,8.8,110,16.0,15,13.11578936387063,0,1007.1,34.90533740289766,6.477879817056556,73,,
2018,11,14,6,0,12.6,-90,29.9,9.1,217,35.0,107,77.52122542898334,0,1007.2,35.003192388633806,6.462071910750246,62,,
2018,11,14,7,0,14,-79,27.4,9.4,237,41.0,229,157.28394655686833,0,1007.3,27.54882141153365,5.945891147881348,51,,
2018,11,14,8,0,15.4,-66,25.7,9.7,346,86.0,261,294.13464511431926,0,1007.3,22.71441235316724,5.8269310104033325,40,,
2018,11,14,9,0,16.1,-47,6.2,9.5,200,78.0,677,372.59499533830905,0,1007.3,17.335724130954816,5.106983715978177,31,,
2018,11,14,10,0,16.1,-19,26.1,9,414,196.0,326,552.3154334155934,0,1007.1,7.666099683506957,4.540582353164547,24,,
2018,11,14,11,0,16.2,16,27.8,8.4,379,279.0,346,670.4318832713418,0,1007,8.427045794909361,6.675343391429483,24,,
2018,11,14,12,0,16.1,45,2.9,8.1,147,261.0,774,674.9053900166053,0,1006.9,5.281240628445119,7.469207621963657,30,,
2018,11,14,13,0,16,65,31.8,8.1,284,225.0,295,623.1604719394965,0,1006.9,2.185800806775603,8.193461570056943,39,,
2018,11,14,14,0,15.9,78,7.2,8,157,201.0,469,541.8720380885793,0,1006.9,9.08608465317161,9.62071896069691,50,,
2018,11,14,15,0,15.5,89,2.4,8,91,200.0,383,450.8791656609056,0,1007.2,44.83841177238378,6.672138347386618,61,,
2018,11,14,16,0,14.8,99,0,8.2,52,183.0,227,330.8025942617319,0,1007.8,59.30622457104533,8.405868698888558,72,,
2018,11,14,17,0,14.1,108,1.7,8.3,30,236.0,57,239.93605482108708,0,1008.4,59.08667186545381,6.850316011490493,83,,
2018,11,14,18,0,13.4,118,0,8,1,228.0,0,114.48050264371302,0,1008.9,39.5359958107224,7.427815459192755,94,,
2018,11,14,19,0,12.8,128,0,7.3,0,11.0,0,4.421722413994296,0,1009.4,30.331721967646388,8.787031832605331,103,,
2018,11,14,20,0,12.1,141,0,6.6,0,0.0,0,0.0,0,1009.9,31.875362751589023,8.758255034537417,111,,
2018,11,14,21,0,11.8,155,0,6.5,0,0.0,0,0.0,0,1010.2,40.60129464500449,8.067101400131277,117,,
2018,11,14,22,0,11.8,171,0,6.8,0,0.0,0,0.0,0,1010.3,46.1729234954289,9.386495996341168,121,,
2018,11,14,23,0,11.8,-173,0,7.2,0,0.0,0,0.0,0,1010.4,45.50258166672103,10.076659292642576,121,,
2018,11,15,0,0,11.6,-157,0,7.5,0,0.0,0,0.0,0,1010.6,48.63925724183747,10.658651313494882,118,,
2018,11,15,1,0,11.4,-142,0,7.6,0,0.0,0,0.0,0,1010.9,49.64648752612368,11.456667494047318,112,,
2018,11,15,2,0,11.1,-130,0,7.8,0,0.0,0,0.0,0,1011.2,51.5814819602324,11.43498715693124,104,,
2018,11,15,3,0,11.1,-119,0,8.1,0,0.0,0,0.0,0,1011.6,51.970614696142206,10.687149223348996,95,,
2018,11,15,4,0,11.5,-109,5.2,8.4,38,0.0,24,0.0,0,1012,53.149031825579925,10.493311119557958,84,,
2018,11,15,5,0,11.8,-100,25.2,8.8,125,60.0,54,17.573061280415352,0,1012.5,56.40738094639278,9.753989115811027,73,,
2018,11,15,6,0,12.8,-90,49.3,9.2,227,292.0,0,142.0986324531885,0,1012.8,65.8790168805574,9.176226076116476,62,,
2018,11,15,7,0,14.2,-80,70.2,9.6,187,531.0,0,340.0686588136292,0,1012.7,73.36492964959729,8.372122547837035,51,,
2018,11,15,8,0,15.7,-66,77.4,10,184,651.0,0,540.031605515765,0,1012.7,74.07694332234564,8.429130305983191,40,,
2018,11,15,9,0,16.5,-48,45.6,10,298,728.0,216,720.8173872140094,0,1012.6,71.01289096552938,8.836490418178293,30,,
2018,11,15,10,0,16.6,-19,14.5,9.6,385,788.0,465,860.8356956495085,0,1012.3,66.86828979625398,9.062842849297068,24,,
2018,11,15,11,0,16.7,16,4.8,9.2,216,819.0000000000001,733,957.5537406209866,0,1012,63.29433608466314,10.099021801577786,24,,
2018,11,15,12,0,16.7,45,2,9.1,145,855.0,779,1010.6483034609698,0,1011.8,62.89152607836064,10.55639707441396,30,,
2018,11,15,13,0,16.6,65,3.6,9.1,153,883.0,649,1007.949776485714,0,1011.5,58.29097118882504,11.60770139272612,39,,
2018,11,15,14,0,16.5,78,3.5,9.1,144,893.0,502,943.6892089970931,0,1011.3,59.08250626496721,11.87481545003738,50,,
2018,11,15,15,0,16.1,89,6.8,9.2,138,877.0,311,817.36407217664,0,1011.2,61.63705025954988,11.790362903827258,61,,
2018,11,15,16,0,15.3,99,0,9.4,64,843.0,211,641.6239368495203,0,1011.2,61.74899932151152,11.919864840045246,72,,
2018,11,15,17,0,14.5,108,4.2,9.5,38,751.0,46,422.5106704888996,0,1011.2,65.607873046144,11.39182999337313,83,,
2018,11,15,18,0,13.5,118,0,9.5,1,565.0000000000001,0,189.9271258390565,0,1011.3,71.65091073639098,10.973717993609096,93,,
2018,11,15,19,0,12.5,129,0,9.4,0,55.0,0,7.290177881421926,0,1011.4,75.23875025321763,11.029799763175326,103,,
2018,11,15,20,0,11.4,141,0,9.4,0,0.0,0,0.0,0,1011.5,84.24557750096915,10.57501833781102,111,,
2018,11,15,21,0,10.6,155,0,9.2,0,0.0,0,0.0,0,1011.3,83.30297304283613,9.441620252564752,117,,
2018,11,15,22,0,10.1,171,0,8.9,0,0.0,0,0.0,0,1010.9,84.43695426051363,9.4240245897439,120,,
2018,11,15,23,0,9.6,-173,0,8.5,0,0.0,0,0.0,0,1010.5,91.58233700538938,9.13312135799061,120,,
2018,11,16,0,0,9.3,-157,0,8.3,0,0.0,0,0.0,0,1010.2,95.7977699143031,8.110825719414024,117,,
2018,11,16,1,0,9.1,-142,0,8.1,0,0.0,0,0.0,0,1010,118.48742110362711,3.547714814570274,112,,
2018,11,16,2,0,8.9,-130,0,7.9,0,0.0,0,0.0,0,1009.9,300.0177162800103,0.4133528620326314,104,,
2018,11,16,3,0,9.3,-119,0,8.1,0,0.0,0,0.0,0,1009.9,324.1796901325232,1.8526057591796528,95,,
2018,11,16,4,0,10.3,-109,0,8.6,30,0.0,39,0.0,0,1010,338.4257532069054,2.778651545243737,84,,
2018,11,16,5,0,11.4,-100,0,9.2,68,6.0,187,8.070776255309463,0,1010.1,345.718267318707,2.708714356885461,73,,
2018,11,16,6,0,12.9,-90,0,9.6,89,14.0,374,52.6734806384014,0,1010.1,351.9828141286868,2.102334742135178,62,,
2018,11,16,7,0,14.8,-80,0.1,9.8,104,62.0,555,169.36820033528497,0,1010,7.436153459676291,2.414594585457213,51,,
2018,11,16,8,0,16.6,-67,0.3,9.9,115,122.0,707,309.3159087552362,0,1009.8,21.791217969914555,2.803609763153238,40,,
2018,11,16,9,0,17.6,-48,0,10,110,202.0,836,466.0707153680482,0,1009.4,30.18930480751993,2.9397358704499976,30,,
2018,11,16,10,0,17.7,-20,0,9.8,111,326.0,898,622.6990474440338,0,1008.8,28.504063826487027,4.66926446911757,24,,
2018,11,16,11,0,17.7,16,0,9.6,110,431.0,902,745.7155148010953,0,1008.1,33.627065594634075,5.603748363236804,24,,
2018,11,16,12,0,17.7,45,0,9.7,106,495.0,849,805.5704295686492,0,1007.6,36.83049585572246,6.532276935243448,29,,
2018,11,16,13,0,17.7,65,0,10,99,615.0,744,852.58716910063,0,1007,41.54019357212621,7.068586785905344,39,,
2018,11,16,14,0,17.6,79,0,10.3,88,768.0,596,869.610769203464,0,1006.5,45.84519560382387,10.017975672678046,49,,
2018,11,16,15,0,17.1,89,0,10.7,75,801.0,418,773.9990196795009,0,1006.1,53.45891240017056,8.712643470841671,61,,
2018,11,16,16,0,16.2,99,0,11.2,58,745.0,227,596.6667479482103,0,1006,56.774153984688894,10.112437947204288,72,,
2018,11,16,17,0,15.2,108,8.2,11.8,45,718.0,39,411.110055100981,0,1005.8,61.66012931336155,10.48769175259836,83,,
2018,11,16,18,0,14.2,118,0,11.7,1,551.0,1,187.55954481284837,0,1005.8,67.97656793180727,10.83374503190915,93,,
2018,11,16,19,0,13.2,129,0,11.1,0,56.0,0,8.51642770456446,0,1006,75.7275411585527,10.901168954029854,103,,
2018,11,16,20,0,12.1,141,25.7,10.5,0,0.0,0,0.0,0,1006.2,82.36570417981488,10.513600637785238,111,,
2018,11,16,21,0,11.5,155,42.2,10.3,0,0.0,0,0.0,0,1006,86.14747206772859,9.9453251127656,117,,
2018,11,16,22,0,11.4,171,36.9,10.4,0,0.0,0,0.0,0,1005.4,84.8110589244967,9.461626504998518,120,,
2018,11,16,23,0,11.2,-173,38.2,10.5,0,0.0,0,0.0,0,1004.7,83.99123873209203,8.976809724834547,120,,
2018,11,17,0,0,11.3,-157,52.9,10.6,0,0.0,0,0.0,0,1004.1,83.94061076083227,8.515839600265062,117,,
2018,11,17,1,0,11.5,-143,37,10.8,0,0.0,0,0.0,0,1003.6,81.9602286308654,7.183150401703216,111,,
2018,11,17,2,0,11.7,-130,41.6,11,0,0.0,0,0.0,0,1003.1,79.88541273413881,7.266496708578289,104,,
2018,11,17,3,0,12.2,-119,51.1,11.2,0,0.0,0,0.0,0,1002.8,79.82818121250926,7.45828945441809,94,,
2018,11,17,4,0,13,-109,45.4,11.5,38,0.0,1,0.0,0,1002.7,83.48459733346266,7.582173443914743,84,,
2018,11,17,5,0,13.7,-100,64.1,11.9,84,102.0,0,20.424655211029584,0,1002.6,89.10169041873525,7.038706885869515,73,,
2018,11,17,6,0,15,-91,39.7,12.1,231,443.0,48,162.55512038943942,0,1002.2,93.41073316674677,6.549442821020115,62,,
2018,11,17,7,0,16.8,-80,34.7,12.3,326,645.0,91,364.3365637464634,0,1001.7,92.38007629208374,5.855393061234584,51,,
2018,11,17,8,0,18.5,-67,3.8,12.5,199,746.0,571,564.8894503132711,0,1001.2,87.63519471613677,5.123992681365553,40,,
2018,11,17,9,0,19.5,-48,1.4,12.4,174,805.0,733,743.4285836274387,0,1000.7,76.18422185538594,5.324454310041761,30,,
2018,11,17,10,0,19.7,-20,10.4,12,299,858.0,586,884.8413702147103,0,1000.3,66.49527689916079,6.521848953443645,24,,
2018,11,17,11,0,19.8,16,9.7,11.6,303,870.0,596,971.927083057307,0,1000,59.08931583628305,7.819895017686301,23,,
2018,11,17,12,0,19.7,46,0.4,11.2,121,896.0,820,1020.5055892086608,0,999.7,55.99721162043176,8.82075830824715,29,,
2018,11,17,13,0,19.4,65,1.1,10.7,124,903.0,702,1008.3162738243282,0,999.4,52.79165953604945,9.365690736918596,38,,
2018,11,17,14,0,19,79,0.4,10.3,100,880.0,578,927.398010434171,0,999.2,52.40477393645818,9.862802012669942,49,,
2018,11,17,15,0,18.3,90,34.4,10.1,218,873.0,111,808.5061342920867,0,999.1,53.419934319752656,10.096711211557023,60,,
2018,11,17,16,0,17.3,99,21.6,10,127,807.0,84,622.9485705773668,0,999.3,56.38746712354697,9.857380908679133,72,,
2018,11,17,17,0,16.2,108,3.9,10,40,709.0,50,407.4702353570582,0,999.5,62.71702178611088,10.221314467172812,83,,
2018,11,17,18,0,15.2,118,0,10,1,527.0,1,183.7804617668613,0,999.9,71.50874252376684,10.369589032285417,93,,
2018,11,17,19,0,14.3,129,0,10,0,62.0,0,8.989959728223472,0,1000.3,76.2785310580839,10.875068371108409,102,,
2018,11,17,20,0,13.3,141,0,10.1,0,0.0,0,0.0,0,1000.8,81.80492481915371,10.778275391814365,110,,
2018,11,17,21,0,12.8,155,0,10.3,0,0.0,0,0.0,0,1000.9,87.89675431355079,10.557161014515644,116,,
2018,11,17,22,0,12.7,171,0,10.6,0,0.0,0,0.0,0,1000.8,94.08835346574028,9.468430293385854,120,,
2018,11,17,23,0,12.6,-173,0,10.9,0,0.0,0,0.0,0,1000.7,93.10579029772634,8.687809482386092,120,,
2018,11,18,0,0,12.5,-157,0,11.1,0,0.0,0,0.0,0,1000.6,93.70480346219192,7.987395146477192,117,,
2018,11,18,1,0,12.5,-143,19.7,11.1,0,0.0,0,0.0,0,1000.7,92.71336650075818,7.71006008516888,111,,
2018,11,18,2,0,12.5,-130,43,11.2,0,0.0,0,0.0,0,1000.7,105.8155742568124,6.630648872281455,104,,
2018,11,18,3,0,12.5,-119,43,11,0,0.0,0,0.0,0,1001,147.35957463791328,4.672196578118483,94,,
2018,11,18,4,0,12.6,-110,42.3,10.8,36,0.0,3,0.0,0,1001.4,184.96541070709344,6.436753942720066,84,,
2018,11,18,5,0,12.7,-100,59.4,10.5,103,108.0,6,20.734506845663123,0,1001.9,193.0259740564981,7.623411826160669,73,,
2018,11,18,6,0,13.3,-91,45.7,10.4,215,409.0,38,157.83046831848185,0,1002.2,196.26789799391307,8.072978588400005,62,,
2018,11,18,7,0,14.5,-81,48.4,10.7,311,658.0,24,366.45013081373526,0,1002.3,192.61980526738293,8.436730611124998,50,,
2018,11,18,8,0,15.6,-67,36.6,10.9,369,782.0,154,576.0691828638155,0,1002.4,204.01567688693328,8.144487753187066,40,,
2018,11,18,9,0,16.3,-49,45.4,10.9,479,852.0,37,759.8118748219833,0,1002.4,213.877585187293,6.951665763748221,30,,
2018,11,18,10,0,16.4,-20,37.3,10.5,497,900.0,136,906.6696601017916,0,1002.4,220.534258167484,6.088277158927938,24,,
2018,11,18,11,0,16.5,16,44.2,10.2,506,927.0,59,1004.4995335672623,0,1002.3,220.09433730151963,7.114045715312231,23,,
2018,11,18,12,0,16.7,46,29.9,10,485,943.0,186,1048.5934208194803,0,1002,216.73477664652896,8.323314161122624,29,,
2018,11,18,13,0,16.9,66,15,10,332,947.0,384,1034.9395044531852,0,1001.5,213.4153857410128,9.463191172705596,38,,
2018,11,18,14,0,17,79,2.5,10,159,940.0,503,961.7501653187832,0,1001,206.1686797780266,10.590131600244868,49,,
2018,11,18,15,0,16.8,90,1,10.2,121,919.0,358,833.2442434697455,0,1000.8,202.6640811023053,11.315958898443542,60,,
2018,11,18,16,0,16.1,99,37.8,10.4,135,875.0,45,654.0670371762471,0,1000.9,200.43227534702592,12.076954383922828,71,,
2018,11,18,17,0,15.4,109,21.5,10.7,59,788.0,0,436.5684244847297,0,1001,199.43268115827,12.55636221368908,82,,
2018,11,18,18,0,14.7,118,37.2,10.8,2,606.0,0,202.96681880442563,0,1001,199.48093342773583,13.470104107419036,93,,
2018,11,18,19,0,13.9,129,42.5,10.9,0,77.0,0,9.965766912074264,0,1000.8,199.98181600665808,13.890904377636964,102,,
2018,11,18,20,0,13.2,141,47.2,10.9,0,0.0,0,0.0,0,1000.6,203.034050359184,14.47829295776683,110,,
2018,11,18,21,0,13.2,155,42.2,10.9,0,0.0,0,0.0,0,1000.2,205.40091745278903,15.095810384291577,116,,
2018,11,18,22,0,14,171,42.4,10.8,0,0.0,0,0.0,0,999.7,207.07788269405629,15.455582877422618,120,,
2018,11,18,23,0,14.8,-173,42.7,10.7,0,0.0,0,0.0,0,999.2,208.20549771705143,15.236728212590004,120,,
2018,11,19,0,0,15.2,-157,42.2,11.3,0,0.0,0,0.0,0,998.9,208.4122122496826,15.266367278311147,117,,
2018,11,19,1,0,15.1,-143,50.9,12.6,0,0.0,0,0.0,0,999,205.62224491764405,16.024775696090718,111,,
2018,11,19,2,0,15,-131,69,13.9,0,0.0,0,0.0,0,999,205.33494973410063,16.239364756723457,103,,
2018,11,19,3,0,15,-120,79.7,14.5,0,0.0,0,0.0,0,999.2,203.7683966121537,16.310950519882898,94,,
2018,11,19,4,0,15.2,-110,67.9,14.6,25,0.0,0,0.0,0,999.6,199.2867475829792,16.810645048985656,84,,
2018,11,19,5,0,15.3,-101,65.1,14.6,80,119.0,0,22.150487480438365,0,999.9,196.5868468799005,17.403896104138664,73,,
2018,11,19,6,0,15.9,-91,69.4,14.2,130,439.0,0,163.54257288709067,0,1000.2,197.07964121042025,17.906928996582252,62,,
2018,11,19,7,0,16.8,-81,69,13.5,196,670.0,0,371.1589722790705,0,1000.5,198.6544266084776,17.998016090801404,50,,
2018,11,19,8,0,17.7,-68,55.1,12.8,357,718.0,0,553.6269247212058,0,1000.8,199.1533253356505,18.183830961161384,39,,
2018,11,19,9,0,18.1,-49,63.1,11.9,337,743.0,0,712.8476450851874,0,1001.2,199.7203559565381,18.35741058229127,30,,
2018,11,19,10,0,18,-21,46.6,11,520,780.0,0,871.8263067836554,0,1001.5,200.79025309381737,18.21693811354716,23,,
2018,11,19,11,0,18,16,48.5,10,503,832.0000000000001,0,979.1292342642256,0,1001.8,199.87324195913945,18.285748775916108,23,,
2018,11,19,12,0,17.7,46,52,9.5,407,789.0,34,989.6257319601378,0,1002,198.89820176939267,18.486495053625333,29,,
2018,11,19,13,0,17.3,66,63.7,9.3,299,749.0,0,948.9978466358712,0,1002,197.4698954011375,18.839687137162407,38,,
2018,11,19,14,0,16.8,79,62.3,9.1,166,744.0,86,877.9080500962381,0,1002,198.6154657357252,18.50088301207348,49,,
2018,11,19,15,0,16.4,90,82.9,9.1,83,708.0,0,746.0334082729958,0,1002.2,198.1384747305297,18.098337183294504,60,,
2018,11,19,16,0,15.9,99,81.8,9.3,50,510.0,0,509.5200141172067,0,1002.5,197.7140497152866,17.837939518884806,71,,
2018,11,19,17,0,15.5,109,63.7,9.4,30,441.0,0,328.71188405838984,0,1002.9,195.68908978964416,17.7595639084692,82,,
2018,11,19,18,0,15,118,57.6,9.5,1,399.0,0,164.73579734517529,0,1003.3,193.88096555687773,17.763135190367365,93,,
2018,11,19,19,0,14.5,129,64.9,9.6,0,36.0,0,8.971656344312818,0,1003.7,195.63514565464016,18.05935589442288,102,,
2018,11,19,20,0,14,141,57.5,9.6,0,0.0,0,0.0,0,1004.1,195.5343068646654,18.87378033272069,110,,
2018,11,19,21,0,13.6,155,58.8,9.7,0,0.0,0,0.0,0,1003.9,197.67784004601967,19.45634577795289,116,,
2018,11,19,22,0,13.4,171,52.6,9.7,0,0.0,0,0.0,0,1003.1,194.5482892035052,19.53934601643263,119,,
2018,11,19,23,0,13.2,-173,42.4,9.7,0,0.0,0,0.0,0,1002.2,191.4586575937153,19.55230828875424,119,,
2018,11,20,0,0,13,-157,42,9.9,0,0.0,0,0.0,0,1001.7,190.5662672189392,20.617918701909023,117,,
2018,11,20,1,0,12.8,-143,42.9,10.2,0,0.0,0,0.0,0,1001.6,190.5196580150312,20.9328878589426,111,,
2018,11,20,2,0,12.6,-131,43.8,10.5,0,0.0,0,0.0,0,1001.4,189.42899350924915,20.906730318467748,103,,
2018,11,20,3,0,12.6,-120,44.5,10.9,0,0.0,0,0.0,0,1001.3,188.1782902427649,21.593626234525203,94,,
2018,11,20,4,0,12.7,-110,58.6,11.3,20,0.0,0,0.0,0,1001.2,186.3499543862255,21.36103245793099,84,,
2018,11,20,5,0,12.9,-101,78.1,11.6,53,13.0,0,14.259961042079688,0,1001.2,185.630610650784,21.752904292476057,73,,
2018,11,20,6,0,13.4,-91,39.9,11.9,209,16.0,70,59.18367481787886,0,1001.1,186.4082541040937,22.28744867086785,61,,
2018,11,20,7,0,14.2,-81,27.2,12.2,324,76.0,143,188.1784343345961,0,1001,188.7333544164867,22.00439392177877,50,,
2018,11,20,8,0,15.1,-68,66.9,12.5,270,56.0,0,252.2476888785092,0,1000.8,188.6543722035454,21.515729387261416,39,,
2018,11,20,9,0,15.6,-50,30.3,12.2,497,41.0,151,296.07030532009657,0,1000.6,189.24740998262052,20.790958910103665,30,,
2018,11,20,10,0,15.9,-21,35,11.4,518,26.0,130,333.49373828505884,0,1000.3,192.81431512877748,19.31179056592911,23,,
2018,11,20,11,0,16.2,16,55.5,10.6,405,19.0,43,327.1553721108891,0,1000,191.91296926765605,18.0468919514498,23,,
2018,11,20,12,0,16.3,46,66.4,10.1,318,22.0,2,351.5157791599035,0,999.7,191.5541360225769,16.2103236530317,28,,
2018,11,20,13,0,16.2,66,66.6,9.8,276,18.0,0,311.4436587528746,0,999.6,197.85187246791824,14.52067094280597,38,,
2018,11,20,14,0,16,80,26.3,9.4,357,12.0,142,235.16672685976224,0,999.4,199.35767078875105,11.050489794655531,49,,
2018,11,20,15,0,15.5,90,17.3,9.3,197,7.0,211,158.16702542839934,0,999.6,192.2033338506184,12.381336169879344,60,,
2018,11,20,16,0,14.6,100,39.5,9.2,127,4.0,60,85.3750399898024,0,1000.2,180.12374667021126,14.24295314126548,71,,
2018,11,20,17,0,13.7,109,32.6,9.2,57,2.0,1,38.847949605540016,0,1000.9,200.9313605698125,11.485737648394023,82,,
2018,11,20,18,0,13,119,0,9.2,2,1.0,0,11.24057424494068,0,1001.5,203.69873393999737,14.05458739087604,92,,
2018,11,20,19,0,12.5,129,19.3,9.3,0,0.0,0,1.0,0,1002,211.3294229239472,10.674036427076896,102,,
2018,11,20,20,0,11.9,141,42.4,9.4,0,0.0,0,0.0,0,1002.5,228.12970667462423,5.878133328851197,110,,
2018,11,20,21,0,11.6,155,30.7,9.5,0,0.0,0,0.0,0,1002.9,228.39477005575543,3.8161997822226033,116,,
2018,11,20,22,0,11.5,171,4.7,9.6,0,0.0,0,0.0,0,1003.1,281.30111129253214,2.487936214556989,119,,
2018,11,20,23,0,11.4,-173,21.2,9.7,0,0.0,0,0.0,0,1003.4,5.888630162480013,8.740457621019566,119,,
2018,11,21,0,0,11.2,-157,35.2,9.5,0,0.0,0,0.0,0,1003.8,23.625358011061508,7.372567038174689,116,,
2018,11,21,1,0,11,-143,40.1,9.2,0,0.0,0,0.0,0,1004.4,17.665323599717908,7.414573290065028,111,,
2018,11,21,2,0,10.8,-131,42.9,8.9,0,0.0,0,0.0,0,1005,44.98850221168243,8.602672321674486,103,,
2018,11,21,3,0,10.6,-120,40.7,8.4,0,0.0,0,0.0,0,1005.7,43.51565417172253,10.829652887634964,94,,
2018,11,21,4,0,10.4,-110,37.1,7.7,41,0.0,3,0.0,0,1006.7,42.12972164735203,12.359317709480155,84,,
2018,11,21,5,0,10.3,-101,63.3,7,98,57.0,0,24.24455359759559,0,1007.6,40.29711559610013,12.046006664938828,73,,
2018,11,21,6,0,10.9,-92,62.2,6.6,184,268.0,0,156.79187721945752,0,1008.3,39.0938588862295,11.59623457204967,61,,
2018,11,21,7,0,12.2,-81,42.8,6.5,360,512.0,26,362.336583479885,0,1008.7,46.0230301886678,9.901073174156426,50,,
2018,11,21,8,0,13.6,-68,23,6.5,339,652.0,307,572.6694053855058,0,1009.1,49.93208742826488,8.73860865641665,39,,
2018,11,21,9,0,14.5,-50,29.3,6.4,382,726.0,295,757.6346713449105,0,1009.3,46.06934379456533,7.927502144031601,29,,
2018,11,21,10,0,14.9,-21,27,6.3,432,824.0000000000001,315,907.1644462973272,0,1009.3,40.50284838533224,7.890857051043315,23,,
2018,11,21,11,0,15.3,16,27.5,6.2,540,861.0,204,1009.486722628498,0,1009.3,36.58432293543564,7.445404980816634,22,,
2018,11,21,12,0,15.4,46,32.6,6.3,512,872.0,141,1050.3889890617493,0,1009.3,36.55963472449338,6.925101533551692,28,,
2018,11,21,13,0,15.1,66,47.4,6.7,360,831.0000000000001,80,1009.4896858586123,0,1009.2,40.9260459289153,7.250974655407998,38,,
2018,11,21,14,0,14.9,80,35.1,7.1,275,684.0,167,861.793434035786,0,1009.1,37.67103372178525,7.501270381306715,48,,
2018,11,21,15,0,14.6,90,49.4,7.4,230,521.0,32,665.7181729487315,0,1009.1,35.198033565551384,7.698589730852927,60,,
2018,11,21,16,0,14.1,100,63.6,7.6,110,416.0,0,477.0525530573988,0,1009.4,39.783931193123294,7.779835220010152,71,,
2018,11,21,17,0,13.6,109,48.2,7.8,40,208.0,1,243.77672194945723,0,1009.6,57.49601104443752,8.374300343909335,82,,
2018,11,21,18,0,13.1,119,0,7.8,2,69.0,1,77.81465917141014,0,1009.9,72.36871841660894,9.968254343105318,92,,
2018,11,21,19,0,12.6,129,19.3,7.7,0,6.0,0,5.367474624844324,0,1010.2,87.73828093438442,11.030321298253083,102,,
2018,11,21,20,0,12.1,141,42.8,7.5,0,0.0,0,0.0,0,1010.6,99.42484158784248,11.596231829859388,110,,
2018,11,21,21,0,11.9,155,42.8,7.5,0,0.0,0,0.0,0,1010.4,107.4014405622504,11.509675674695478,115,,
2018,11,21,22,0,11.9,171,22.9,7.7,0,0.0,0,0.0,0,1009.8,113.54076536504608,9.093196747195464,119,,
2018,11,21,23,0,11.9,-173,0,7.8,0,0.0,0,0.0,0,1009.2,128.55313163962091,4.423393076542559,119,,
2018,11,22,0,0,11.9,-158,0,7.9,0,0.0,0,0.0,0,1008.7,170.85114701420616,2.1788409650397536,116,,
2018,11,22,1,0,11.9,-143,0,7.9,0,0.0,0,0.0,0,1008.2,291.36659533624345,4.922564291749723,111,,
2018,11,22,2,0,11.9,-131,0,7.9,0,0.0,0,0.0,0,1007.8,303.2626914018852,3.68562218165116,103,,
2018,11,22,3,0,12.1,-120,0,7.9,1,0.0,0,0.0,0,1007.5,130.58137953301082,0.990407292844979,94,,
2018,11,22,4,0,12.5,-111,41.8,8,35,0.0,1,0.0,0,1007.5,141.9570642255394,3.3821052798714093,83,,
2018,11,22,5,0,12.8,-101,75.3,8.1,64,2.0,0,6.047161010989544,0,1007.4,147.3152159088977,5.515145742975546,73,,
2018,11,22,6,0,13.4,-92,71.5,8.3,136,2.0,0,25.404688596054907,0,1007.3,162.9896834984138,4.117638029461265,61,,
2018,11,22,7,0,14.2,-82,60.6,8.5,261,4.0,0,64.54726252784894,0,1007,179.4825967601471,4.27165854630509,50,,
2018,11,22,8,0,15,-69,41.1,8.6,451,24.0,40,197.4526478187704,0,1006.8,182.8557679213337,4.630750850337399,39,,
2018,11,22,9,0,15.5,-50,63.5,8.7,341,20.0,1,239.22724870682407,0,1006.4,192.52880770915152,3.4573291714848327,29,,
2018,11,22,10,0,15.6,-22,38.7,8.6,487,12.0,131,277.9477673264627,0,1005.8,169.9956239333494,1.7988366076075784,23,,
2018,11,22,11,0,15.6,16,38.3,8.5,549,12.0,74,302.86423000097375,0,1005.2,133.96563790864911,0.8415527697884929,22,,
2018,11,22,12,0,15.6,47,35.7,8.5,411,9.0,204,273.41748107919767,0,1004.7,49.79620320171352,3.3551411851860857,28,,
2018,11,22,13,0,15.3,66,54.9,8.7,379,7.0,0,237.41704103453483,0,1004.2,59.214672791201394,6.063651619496274,37,,
2018,11,22,14,0,15,80,38.7,8.9,368,7.0,52,211.95675060341043,0,1003.7,78.09217355356918,7.667188969128633,48,,
2018,11,22,15,0,14.7,91,51.8,9.1,230,14.0,16,225.39512496121117,0,1003.4,89.50874243596269,9.56749034453982,59,,
2018,11,22,16,0,14.2,100,58.7,9.3,119,8.0,0,133.7902031655215,0,1003.3,85.57004098411244,14.005464360214145,71,,
2018,11,22,17,0,13.8,109,59.3,9.5,40,3.0,0,56.28886976591292,0,1003.3,84.17926325470216,16.213232983686577,82,,
2018,11,22,18,0,13.3,119,42.2,9.5,2,3.0,0,22.740342822340686,0,1003.2,81.06323074138322,17.826761715157264,92,,
2018,11,22,19,0,13,129,42.5,9.5,0,1.0,0,3.06445295604139,0,1003.2,77.26415673838414,19.46423358485289,101,,
2018,11,22,20,0,12.6,141,42.7,9.5,0,0.0,0,0.0,0,1003.2,76.60805160891744,20.05208345900366,109,,
2018,11,22,21,0,12.4,155,42.8,9.6,0,0.0,0,0.0,0,1002.9,74.11324090403383,21.233888532106143,115,,
2018,11,22,22,0,12.3,171,40.6,9.7,0,0.0,0,0.0,0,1002.4,72.00946736948504,21.44985889402852,119,,
2018,11,22,23,0,12.3,-173,39.5,9.8,0,0.0,0,0.0,0,1002,68.19348479388475,21.36761265668208,119,,
2018,11,23,0,0,12.2,-158,35.4,9.8,0,0.0,0,0.0,0,1001.7,69.05592602607703,20.28218719627009,116,,
2018,11,23,1,0,12.1,-144,17.8,9.7,0,0.0,0,0.0,0,1001.5,63.81491046503595,21.38701926521038,110,,
2018,11,23,2,0,12,-131,0,9.5,0,0.0,0,0.0,0,1001.4,63.41681329622713,21.04153174193404,103,,
2018,11,23,3,0,12,-120,0,9.4,1,0.0,0,0.0,0,1001.5,59.36188646458055,21.58496962485298,94,,
2018,11,23,4,0,12.1,-111,32.7,9.4,34,0.0,4,0.0,0,1001.8,59.76488131782139,21.34844322603768,83,,
2018,11,23,5,0,12.3,-102,32.9,9.4,156,2.0,28,8.050466909827529,0,1002.2,61.60616329318475,21.16061831979105,72,,
2018,11,23,6,0,12.9,-92,30.2,9.5,155,4.0,182,44.81545801890147,0,1002.4,63.113574381166586,20.730903595050624,61,,
2018,11,23,7,0,14,-82,20.3,9.8,231,9.0,300,110.49294305203728,0,1002.4,61.12690222139173,19.544546476517475,50,,
2018,11,23,8,0,15.1,-69,28.1,10.1,302,21.0,297,218.79463397339524,0,1002.5,61.41448230033876,19.15693178566038,39,,
2018,11,23,9,0,15.6,-51,42.8,10.1,423,32.0,120,324.7967352782336,0,1002.5,64.58074621590703,18.100156611745035,29,,
2018,11,23,10,0,15.4,-22,40,9.8,436,58.0,171,395.1409388180838,0,1002.5,69.21088600912879,17.013454512502896,22,,
2018,11,23,11,0,15.3,16,34.6,9.6,443,61.0,222,438.2949739427281,0,1002.4,69.79643869454617,17.54796037348842,22,,
2018,11,23,12,0,15.1,47,50.9,9.4,406,83.0,68,492.7349603639885,0,1002.4,71.38842821604271,17.881931328218293,28,,
2018,11,23,13,0,15,67,65,9.3,246,130.0,51,539.3721102177124,0,1002.3,68.28709875623923,18.577353736582467,37,,
2018,11,23,14,0,14.9,80,49.5,9.3,322,215.0,34,567.3478200042496,0,1002.2,69.571140276486,18.97411403353028,48,,
2018,11,23,15,0,14.7,91,54.6,9.4,232,357.0,0,569.8389084410522,0,1002.3,70.65051573265447,18.60329460593467,59,,
2018,11,23,16,0,14.2,100,59.5,9.6,118,588.0,0,554.5318945839679,0,1002.6,73.54856447027873,18.301762093525745,71,,
2018,11,23,17,0,13.7,109,42.5,9.9,55,661.0,0,416.8228758620691,0,1002.8,77.70927584870145,18.09216167547932,81,,
2018,11,23,18,0,13.4,119,0.7,10.1,3,478.0,1,192.42508175145863,0,1003.1,79.46086963150361,17.980822761692124,92,,
2018,11,23,19,0,13.3,129,0,10.3,0,77.0,0,14.207926259240654,0,1003.3,79.64642041880916,17.84302096038346,101,,
2018,11,23,20,0,13.1,142,0,10.4,0,0.0,0,0.0,0,1003.4,80.4815741349426,17.502439931666444,109,,
2018,11,23,21,0,13,155,0,10.5,0,0.0,0,0.0,0,1003.4,83.0989419534942,16.96617959859147,115,,
2018,11,23,22,0,12.9,171,0,10.5,0,0.0,0,0.0,0,1003.1,85.48437265777278,16.121821136369842,118,,
2018,11,23,23,0,12.9,-173,0,10.4,0,0.0,0,0.0,0,1002.9,83.31161789999567,16.264254307960382,119,,
2018,11,24,0,0,12.8,-158,0,10.4,0,0.0,0,0.0,0,1002.7,83.94718670753895,15.593769297081392,116,,
2018,11,24,1,0,12.8,-144,15.1,10.3,0,0.0,0,0.0,0,1002.6,84.54843790651324,15.765645992162998,110,,
2018,11,24,2,0,12.7,-131,33,10.2,0,0.0,0,0.0,0,1002.4,79.82973989097877,15.329489290454724,103,,
2018,11,24,3,0,12.8,-121,44.6,10.2,1,0.0,0,0.0,0,1002.4,82.11219528997395,15.169647701531764,93,,
2018,11,24,4,0,13.1,-111,43.2,10.2,41,0.0,0,0.0,0,1002.5,84.56376807800757,14.717317794966618,83,,
2018,11,24,5,0,13.3,-102,52.8,10.1,119,60.0,0,24.60747343068872,0,1002.6,86.64578851829623,14.21649288246058,72,,
2018,11,24,6,0,13.8,-92,44.4,10.2,217,266.0,41,152.60357751632608,0,1002.6,84.36002309493097,14.408372952232291,61,,
2018,11,24,7,0,14.7,-82,30.4,10.3,325,506.0,128,349.98113723304016,0,1002.5,88.13728639755891,14.721402119665786,50,,
2018,11,24,8,0,15.5,-69,32.2,10.4,354,638.0,209,551.9873788637416,0,1002.4,88.72601173915433,13.9455859352467,39,,
2018,11,24,9,0,15.8,-51,45.3,10.4,398,637.0,121,698.4025525350727,0,1002.1,87.00183099719573,12.271435730379483,29,,
2018,11,24,10,0,15.6,-22,53.3,10.2,385,587.0,85,776.7834572198785,0,1001.8,81.13598613785945,11.857682643857435,22,,
2018,11,24,11,0,15.4,16,73.6,10.1,268,531.0,0,818.9004635273288,0,1001.4,77.29378994470022,12.734715708755914,22,,
2018,11,24,12,0,15.2,47,60.6,10,377,510.0,0,833.2796087498589,0,1001,72.82179174366206,13.2847617723672,28,,
2018,11,24,13,0,15,67,62.5,10,284,527.0,33,822.6981071340879,0,1000.5,67.47735525657572,13.94548281611025,37,,
2018,11,24,14,0,14.8,80,65.6,10,239,718.0,0,863.5751861555754,0,1000,66.3107099108401,14.384961336025563,48,,
2018,11,24,15,0,14.5,91,63.7,10.1,178,664.0,0,725.8453368914963,0,999.7,68.46401558070079,14.611106651615303,59,,
2018,11,24,16,0,14,100,59.4,10.1,122,560.0,0,536.0648672431457,0,999.5,73.018610687327,14.298466649076314,70,,
2018,11,24,17,0,13.6,109,46,10.1,57,284.0,0,273.5881270296865,0,999.3,74.1361770272294,13.826649236865048,81,,
2018,11,24,18,0,13.3,119,42.6,10.1,2,261.0,0,139.00131153075455,0,999.3,74.02492868302113,13.661878157125392,92,,
2018,11,24,19,0,13,130,24.7,10,0,45.0,0,12.185567251834584,0,999.3,74.71220274423365,13.140027140330965,101,,
2018,11,24,20,0,12.7,142,0.1,9.8,0,0.0,0,0.0,0,999.4,75.41218390365151,12.781674944615084,109,,
2018,11,24,21,0,12.6,155,0.7,9.8,0,0.0,0,0.0,0,999,77.91201864877502,12.111814735503216,115,,
2018,11,24,22,0,12.6,171,20.4,9.8,0,0.0,0,0.0,0,998.3,77.53035623366378,11.078473850993444,118,,
2018,11,24,23,0,12.7,-173,42.8,9.7,0,0.0,0,0.0,0,997.5,80.53130190393921,10.09901861448562,118,,
2018,11,25,0,0,12.7,-158,39.1,9.9,0,0.0,0,0.0,0,996.7,87.47818590472167,8.644846779864848,116,,
2018,11,25,1,0,12.6,-144,65.7,10.2,0,0.0,0,0.0,0,995.9,77.26044920344913,7.415459841863503,110,,
2018,11,25,2,0,12.5,-132,95.4,10.6,0,0.0,0,0.0,0,995.1,102.74752841352654,6.0212145957436505,102,,
2018,11,25,3,0,12.6,-121,78.6,10.8,0,0.0,0,0.0,0,994.4,152.40477144462272,5.860253280936862,93,,
2018,11,25,4,0,12.8,-111,84.7,11,8,0.0,0,0.0,0,993.8,183.1978767230408,7.094298967470386,83,,
2018,11,25,5,0,13,-102,95.5,11.2,11,65.0,0,24.83639446527316,0,993.2,189.1504723390049,5.589688499528649,72,,
2018,11,25,6,0,13.5,-93,91.1,11.5,39,306.0,0,157.21369861506696,0,992.4,193.1381889691417,4.250165445249023,61,,
2018,11,25,7,0,14.4,-82,87.8,11.8,77,530.0,0,351.8982601035234,0,991.3,214.21702239078243,1.7522685639863045,50,,
2018,11,25,8,0,15.3,-70,82.9,12.1,135,680.0,0,559.2536045159261,0,990.2,143.19972052100434,0.4018557653970654,39,,
2018,11,25,9,0,16,-52,74.8,12,231,779.0,0,749.3716814983733,0,989.1,13.830916082706835,1.1070496002377794,29,,
2018,11,25,10,0,16.5,-23,82.5,11.6,170,841.0,0,897.5972228131689,0,988,5.474489883580816,3.047837423275288,22,,
2018,11,25,11,0,17,16,79.7,11.2,199,877.0,0,997.7805191760802,0,986.9,5.835971611238392,4.8957355962967135,21,,
2018,11,25,12,0,17.2,47,76.9,10.9,217,872.0,0,1029.7976187726604,0,985.8,13.342366295024704,6.346597140647466,27,,
2018,11,25,13,0,17.1,67,83,10.8,139,672.0,0,902.027289017088,0,984.7,18.33551806574724,6.1838216589004125,37,,
2018,11,25,14,0,17,80,88.3,10.6,79,608.0,0,801.6346814834436,0,983.6,30.11080730391558,6.699738373914893,48,,
2018,11,25,15,0,16.6,91,90.8,10.8,42,559.0,0,670.5976131511774,0,982.8,43.84631639374544,8.539838366497627,59,,
2018,11,25,16,0,15.9,100,81.5,11.4,46,620.0,0,563.7831603841696,0,982.2,50.6199748260006,9.503405666377654,70,,
2018,11,25,17,0,15.2,109,78.5,12,17,589.0,0,389.9235529795242,0,981.7,57.20813038259303,10.74267760389871,81,,
2018,11,25,18,0,14.2,119,41.3,11.9,2,414.0,0,178.93546110726757,0,981.7,70.03773816350457,12.21199643649903,91,,
2018,11,25,19,0,12.9,130,23.7,11.2,0,76.0,0,14.617553465900665,0,982.4,79.25851874883864,11.18673529755254,101,,
2018,11,25,20,0,11.6,142,63.6,10.4,0,0.0,0,0.0,0,983,72.28976880489762,11.713330963951329,109,,
2018,11,25,21,0,10.8,155,59.5,9.8,0,0.0,0,0.0,0,983.4,76.51765468431677,12.354380424294916,115,,
2018,11,25,22,0,10.5,171,63.7,9.4,0,0.0,0,0.0,0,983.5,78.28936440730644,11.549732099972484,118,,
2018,11,25,23,0,10.2,-174,59,8.9,0,0.0,0,0.0,0,983.6,76.32454489826586,11.86719076471742,118,,
2018,11,26,0,0,9.7,-158,59,8.3,0,0.0,0,0.0,0,984,89.90587802704113,10.254652508419191,115,,
2018,11,26,1,0,9,-144,59.1,7.5,0,0.0,0,0.0,0,984.5,87.97549389726771,7.906057939722175,110,,
2018,11,26,2,0,8.2,-132,60.1,6.7,0,0.0,0,0.0,0,985,97.39899114648269,6.5671328631063055,102,,
2018,11,26,3,0,7.8,-121,62.5,6.2,0,0.0,0,0.0,0,986,86.45552594674757,5.915612787313696,93,,
2018,11,26,4,0,7.7,-111,42.6,6,33,0.0,27,0.0,0,987.4,93.49035829557369,5.602188612716036,83,,
2018,11,26,5,0,7.7,-102,25.6,5.8,80,46.0,120,23.362295646396035,0,988.7,98.34707153827026,4.932623066253875,72,,
2018,11,26,6,0,8.1,-93,5.6,5.6,132,213.0,316,140.256513850771,0,989.9,103.17086853559272,3.955866176131911,61,,
2018,11,26,7,0,8.9,-83,27.5,5.3,143,389.0,331,314.23715838965234,0,991,94.12089405920204,5.282945405946247,50,,
2018,11,26,8,0,9.8,-70,44.4,5,221,566.0000000000001,244,518.4766291808571,0,992.1,102.8513519567246,3.673814707624564,39,,
2018,11,26,9,0,10.1,-52,27.4,4.6,258,608.0,433,674.7159790085673,0,993.1,54.50438527700817,3.3246379547629767,29,,
2018,11,26,10,0,9.8,-23,9.8,4.3,268,455.0,655,730.8679188691476,0,994,52.91833308264063,3.751881095834254,22,,
2018,11,26,11,0,9.5,15,46,3.9,412,411.0,146,773.7893274065332,0,994.9,43.48698797992279,3.4063832405698693,21,,
2018,11,26,12,0,9.4,47,24.2,3.5,218,271.0,514,702.7728031355667,0,995.8,36.28886222466304,4.20832185775149,27,,
2018,11,26,13,0,9.4,67,10.6,3,240,260.0,522,670.8680573205959,0,996.6,44.530822095448286,5.77651029588483,37,,
2018,11,26,14,0,9.4,81,22.3,2.4,316,320.0,223,651.5653941827782,0,997.4,50.28322060768414,6.353837796335813,47,,
2018,11,26,15,0,9.4,91,11.4,2,213,286.0,249,532.7516513653788,0,998.2,54.17864972831296,6.724026338118631,59,,
2018,11,26,16,0,9.3,100,32.1,1.7,146,208.0,71,368.5654184465253,0,999,56.066131485306585,7.049536809179461,70,,
2018,11,26,17,0,9.3,110,14.1,1.3,60,144.0,44,215.4467317931678,0,999.8,58.97946580335736,8.112356001835268,81,,
2018,11,26,18,0,9.2,119,1.5,1.6,5,93.0,1,92.07336570407531,0,1000.3,57.46538387824154,9.015982308406151,91,,
2018,11,26,19,0,9,130,0,2.4,0,21.0,0,9.617148997972578,0,1000.6,61.230886313379926,8.866105111897397,101,,
2018,11,26,20,0,8.8,142,0,3.3,0,0.0,0,0.0,0,1001,69.72543386733321,8.172090961527491,108,,
2018,11,26,21,0,8.8,155,0,4,0,0.0,0,0.0,0,1001,74.33285171917169,7.789401644838912,114,,
2018,11,26,22,0,9,170,0,4.4,0,0.0,0,0.0,0,1000.8,72.24365990136852,7.30733490566549,118,,
2018,11,26,23,0,9.2,-174,0,4.9,0,0.0,0,0.0,0,1000.6,70.4311424335624,7.342307164105371,118,,
2018,11,27,0,0,9.3,-158,0,5.2,0,0.0,0,0.0,0,1000.6,73.13985122052281,7.1860873036489314,115,,
2018,11,27,1,0,9.3,-144,0,5.3,0,0.0,0,0.0,0,1000.7,78.846598449353,7.220605529175127,110,,
2018,11,27,2,0,9.3,-132,0,5.4,0,0.0,0,0.0,0,1000.8,86.61502610939647,7.409655793885436,102,,
2018,11,27,3,0,9.4,-121,0,5.4,1,0.0,0,0.0,0,1001.1,90.6731644820922,7.356220601978401,93,,
2018,11,27,4,0,9.8,-112,0.2,5.4,43,0.0,35,0.0,0,1001.6,93.54133554777115,6.806209376505532,83,,
2018,11,27,5,0,10.1,-102,16.7,5.4,117,43.0,108,25.327788787580197,0,1002.2,102.37002169155096,5.866916294661706,72,,
2018,11,27,6,0,10.7,-93,12,5.5,146,188.0,264,141.26678946773924,0,1002.5,113.2262258260642,4.253674951855918,61,,
2018,11,27,7,0,11.7,-83,14.7,5.5,244,361.0,319,316.5966888199871,0,1002.6,103.83022083077242,1.5973347944403946,50,,
2018,11,27,8,0,12.7,-70,32.5,5.5,379,468.0,180,497.5094697262394,0,1002.7,67.88496332342726,0.8696438821812859,39,,
2018,11,27,9,0,13.2,-52,25.3,5.6,503,494.0,206,643.5512028990518,0,1002.8,21.295746521073,1.6489717241596176,29,,
2018,11,27,10,0,13.2,-23,24.9,5.7,415,536.0,347,771.7117050976065,0,1003,36.90031647937349,2.943066821022509,22,,
2018,11,27,11,0,13.3,15,22.6,5.8,421,574.0000000000001,369,863.5321547983069,0,1003.2,48.26343488193612,4.600374240008756,21,,
2018,11,27,12,0,13.3,47,36,6,468,384.0,149,781.4217167388892,0,1003.3,56.49944842822822,5.465844663259391,27,,
2018,11,27,13,0,13.3,67,64.6,6.4,298,371.0,0,750.7759924746405,0,1003.3,61.86469618142746,7.060350061314264,36,,
2018,11,27,14,0,13.3,81,45,6.7,296,261.0,88,611.3792482553316,0,1003.3,64.49309320378461,7.910675201347142,47,,
2018,11,27,15,0,13.2,91,18.9,7.1,173,219.0,239,487.88404761059854,0,1003.5,69.18748478561656,6.990049655516912,59,,
2018,11,27,16,0,12.9,101,45.5,7.6,159,235.0,0,386.54814845275575,0,1003.8,71.48706166177249,5.331561839921612,70,,
2018,11,27,17,0,12.7,110,49.6,8,46,202.0,7,247.5410502786352,0,1004.2,77.08769037889147,3.477585417029605,81,,
2018,11,27,18,0,12.4,119,1.1,8.2,5,154.0,1,115.31544816973194,0,1004.5,101.22491249397711,1.774671033140357,91,,
2018,11,27,19,0,12,130,10.5,8.3,0,30.0,0,11.401891442643812,0,1004.8,201.0665804189261,3.3511788119702186,100,,
2018,11,27,20,0,11.7,142,17.3,8.3,0,0.0,0,0.0,0,1005.1,221.1395164878205,3.4025581809093004,108,,
2018,11,27,21,0,11.6,155,39.4,8.4,0,0.0,0,0.0,0,1005.2,222.61184727374425,2.2372015301130856,114,,
2018,11,27,22,0,11.6,170,21,8.4,0,0.0,0,0.0,0,1005.1,206.37574314310635,1.2557206143953314,117,,
2018,11,27,23,0,11.6,-174,0,8.5,0,0.0,0,0.0,0,1005,218.19366964282412,3.125980776420787,118,,
2018,11,28,0,0,11.6,-158,0,8.5,0,0.0,0,0.0,0,1005.1,230.107622448014,4.126443321416554,115,,
2018,11,28,1,0,11.6,-144,0,8.5,0,0.0,0,0.0,0,1005.3,215.1995763822643,3.5446213692064923,110,,
2018,11,28,2,0,11.6,-132,0,8.5,0,0.0,0,0.0,0,1005.5,223.85721753979004,3.583548254768385,102,,
2018,11,28,3,0,11.7,-121,0,8.5,1,0.0,0,0.0,0,1005.9,230.35553364664665,3.1683626412182115,93,,
2018,11,28,4,0,11.9,-112,9.3,8.5,49,0.0,25,0.0,0,1006.4,226.0048964767963,1.8308871342609856,83,,
2018,11,28,5,0,12.1,-103,0,8.5,76,21.0,192,20.67288908745447,0,1006.9,166.5528383136517,1.2209732367170074,72,,
2018,11,28,6,0,12.8,-93,19,8.8,185,77.0,191,109.1582632632168,0,1007.1,136.06196670042436,1.909481764210629,61,,
2018,11,28,7,0,13.8,-83,42,9.2,325,187.0,67,258.4934287714956,0,1007.2,124.63999470896287,2.85494512304821,50,,
2018,11,28,8,0,14.9,-71,36.1,9.7,374,366.0,151,460.09870405502255,0,1007.2,111.99507791813102,2.400815064886947,39,,
2018,11,28,9,0,15.5,-53,48.2,9.8,489,522.0,6,656.9114625458872,0,1007.1,66.52513896182683,3.0117160287491,29,,
2018,11,28,10,0,15.7,-24,42.1,9.5,583,525.0,7,765.895233228639,0,1006.8,52.243684659822975,4.652314564751879,22,,
2018,11,28,11,0,15.8,15,18.2,9.2,409,546.0,430,847.4853352953975,0,1006.5,56.933766534269125,6.25645733088672,21,,
2018,11,28,12,0,15.8,47,15.1,9.2,351,420.0,476,802.7376469394607,0,1006.2,54.616526495563846,6.970314265141695,27,,
2018,11,28,13,0,15.7,67,10.7,9.3,260,360.0,514,742.0852563997494,0,1005.9,55.06623313039637,9.521255906714076,36,,
2018,11,28,14,0,15.6,81,3.7,9.5,143,437.0,541,726.4003821273529,0,1005.5,57.18700470660895,10.828891974694937,47,,
2018,11,28,15,0,15.2,91,10.4,9.6,173,435.0,298,623.3719494550045,0,1005.4,57.70503842868527,11.76154612829757,58,,
2018,11,28,16,0,14.7,101,20.6,9.7,149,471.0,111,510.8019322282205,0,1005.4,59.805452126976434,12.250775648395178,70,,
2018,11,28,17,0,14.1,110,21.7,9.8,67,450.0,30,351.65945705274333,0,1005.4,63.50835720009303,12.271415745471767,81,,
2018,11,28,18,0,13.5,119,0.6,9.8,6,308.0,2,161.5234825402691,0,1005.5,66.48455965606695,11.63442153255349,91,,
2018,11,28,19,0,12.9,130,5.5,9.9,0,69.0,0,16.732611432857624,0,1005.7,71.25274991436766,11.727931792174392,100,,
2018,11,28,20,0,12.3,142,26.2,10,0,0.0,0,0.0,0,1005.8,77.361426577114,10.6571519895042,108,,
2018,11,28,21,0,12,155,42.8,9.9,0,0.0,0,0.0,0,1005.7,81.06023917554484,9.514505467695894,114,,
2018,11,28,22,0,11.9,170,30,9.7,0,0.0,0,0.0,0,1005.3,80.57284205576832,8.894043079327005,117,,
2018,11,28,23,0,11.9,-174,43,9.5,0,0.0,0,0.0,0,1004.9,77.38388167605865,8.584466146895506,118,,
2018,11,29,0,0,11.8,-159,42.4,9.4,0,0.0,0,0.0,0,1004.6,72.78753393463103,8.659555351529532,115,,
2018,11,29,1,0,11.7,-145,33.8,9.4,0,0.0,0,0.0,0,1004.3,70.67606364628944,8.434399017294135,110,,
2018,11,29,2,0,11.6,-132,3.9,9.4,0,0.0,0,0.0,0,1004,70.65331641918982,8.170612018790534,102,,
2018,11,29,3,0,11.7,-122,20.7,9.5,1,0.0,0,0.0,0,1003.9,72.6090697696078,7.665086345354238,93,,
2018,11,29,4,0,11.9,-112,16.2,9.6,49,0.0,23,0.0,0,1004.1,72.70150169343503,7.769644857720044,83,,
2018,11,29,5,0,12.2,-103,43.4,9.6,155,21.0,8,21.695203220272766,0,1004.2,73.66242207167227,7.9908764268139665,72,,
2018,11,29,6,0,12.9,-94,26.7,9.7,239,64.0,110,103.48623428719569,0,1004.3,81.81091224859153,7.74720825010962,61,,
2018,11,29,7,0,14.1,-84,58.4,9.8,281,111.0,0,220.69969779152692,0,1004.2,75.33545111685237,7.2357061862732115,50,,
2018,11,29,8,0,15.2,-71,46.1,9.9,453,132.0,1,337.76532358729986,0,1004,65.53241201207743,7.69065364644754,39,,
2018,11,29,9,0,15.8,-53,69.5,9.7,293,209.0,0,495.8192587623133,0,1003.9,57.84353643381644,8.685672492321334,29,,
2018,11,29,10,0,15.8,-24,58.1,9,418,242.0,13,621.9935004004167,0,1003.7,54.364397892792,9.432022507252018,21,,
2018,11,29,11,0,15.8,15,44.2,8.4,443,266.0,136,697.5641476941843,0,1003.5,51.38073576624674,10.50699662228308,21,,
2018,11,29,12,0,15.7,47,33.6,8.1,389,361.0,267,783.4994577282337,0,1003.3,50.104068389920656,11.000494775156804,27,,
2018,11,29,13,0,15.6,68,42.6,8.1,417,399.0,86,784.6760739170704,0,1003,48.34185131814388,10.904119862864276,36,,
2018,11,29,14,0,15.5,81,21.9,8.1,290,398.0,280,718.4456926917749,0,1002.8,45.96337293155318,10.606547277979177,47,,
2018,11,29,15,0,15.2,92,3.8,8.3,105,331.0,415,576.5100149219458,0,1002.7,46.78262601180546,10.433147922189727,58,,
2018,11,29,16,0,14.6,101,0.9,8.5,63,263.0,266,413.8658821099379,0,1002.8,48.46400876441311,10.49146128489562,69,,
2018,11,29,17,0,14,110,1.8,8.7,39,155.0,94,230.519510636666,0,1002.8,52.86301000246783,10.348794084706862,80,,
2018,11,29,18,0,13.2,119,0,8.7,5,83.0,5,94.206276015946,0,1002.9,54.34040249413903,9.896397314898929,91,,
2018,11,29,19,0,12.1,130,0,8.6,0,24.0,0,12.065414607265527,0,1003,58.159984049059176,8.607756917832551,100,,
2018,11,29,20,0,11,142,0,8.5,0,0.0,0,0.0,0,1003.2,56.53230904294719,8.042739435069993,108,,
2018,11,29,21,0,10.4,155,0,8.5,0,0.0,0,0.0,0,1002.9,54.53181012424159,6.856543932119777,114,,
2018,11,29,22,0,10.1,170,0,8.5,0,0.0,0,0.0,0,1002.4,48.95126281274338,6.215596693500948,117,,
2018,11,29,23,0,9.9,-174,0,8.5,0,0.0,0,0.0,0,1001.8,45.763005750085085,5.6133304400004285,117,,
2018,11,30,0,0,9.7,-159,0,8.4,0,0.0,0,0.0,0,1001.3,39.579404716237605,6.0817991786970405,115,,
2018,11,30,1,0,9.5,-145,0,8.2,0,0.0,0,0.0,0,1001,27.950375006081742,3.8206658463219,109,,
2018,11,30,2,0,9.3,-133,0,7.9,0,0.0,0,0.0,0,1000.6,9.817629074811578,3.171444276400445,102,,
2018,11,30,3,0,9.7,-122,0,8,1,0.0,1,0.0,0,1000.3,354.0014837639852,3.978571371250685,93,,
2018,11,30,4,0,10.5,-112,2.3,8.5,33,0.0,62,0.0,0,1000.1,352.9834982552771,4.093153582508236,83,,
2018,11,30,5,0,11.4,-103,0.9,8.9,58,14.0,230,19.47692223510171,0,999.9,349.01253160709115,3.607138465112497,72,,
2018,11,30,6,0,12.7,-94,2,9.2,84,39.0,406,92.24813968823834,0,999.6,348.69006752597977,3.824264635194589,61,,
2018,11,30,7,0,14.5,-84,8.2,9.4,185,75.0,451,203.5701828084793,0,999.1,352.3883783632815,4.246647024035626,49,,
2018,11,30,8,0,16.2,-71,19.6,9.6,376,153.0,313,363.7316498605317,0,998.6,349.8095975087808,4.362022676013667,38,,
2018,11,30,9,0,17.2,-53,27.4,9.6,452,272.0,253,549.1030905691142,0,997.8,345.6935677351712,5.311447134590301,28,,
2018,11,30,10,0,17.3,-24,37.4,9.4,497,370.0,146,692.028209781257,0,996.8,343.0062805244104,5.773832527036636,21,,
2018,11,30,11,0,17.4,15,16,9.2,408,389.0,455,767.9957485648697,0,995.8,334.52310894729607,6.393162901949952,20,,
2018,11,30,12,0,17.6,48,44.4,9.4,465,433.0,74,817.8129078780594,0,994.7,342.5972958686437,8.776744840770979,26,,
2018,11,30,13,0,17.6,68,81.9,9.8,151,542.0,0,859.8315305311296,0,993.6,347.00762251686467,8.895949343223432,36,,
2018,11,30,14,0,17.7,81,51.2,10.2,300,511.0,29,776.7557967041805,0,992.4,348.0469349363129,8.646460499287832,47,,
2018,11,30,15,0,17.6,92,59.2,10.5,141,446.0,54,636.3997277572885,0,991.4,355.11157226208934,10.268062682434334,58,,
2018,11,30,16,0,17.2,101,71.7,10.6,77,134.0,0,321.774246972874,0,990.5,351.02869930959884,10.420693672291144,69,,
2018,11,30,17,0,16.8,110,61.6,10.8,43,29.0,0,123.0813278202154,0,989.6,348.3867816232144,11.48760609749,80,,
2018,11,30,18,0,16.2,119,7.2,11.3,5,6.0,0,30.62216859495911,0,989.5,345.16417698340086,11.876638603092088,90,,
2018,11,30,19,0,15.3,130,27,11.9,0,1.0,0,2.088993490588741,0,990,349.8558528862434,13.484722119722504,100,,
2018,11,30,20,0,14.4,142,56.6,12.6,0,0.0,0,0.0,0,990.6,19.193136343877995,9.066710349081731,108,,
2018,11,30,21,0,13.7,155,62,12.7,0,0.0,0,0.0,0,991,34.90292095345808,8.154267581727183,114,,
2018,11,30,22,0,13.2,170,36.8,12.2,0,0.0,0,0.0,0,991.3,39.51482841798856,8.02050722169334,117,,
2018,11,30,23,0,12.6,-174,0,11.7,0,0.0,0,0.0,0,991.5,36.179412836772485,7.305413296794714,117,,
2018,12,1,0,0,12.1,-159,0,11.2,0,0.0,0,0.0,0,991.8,26.840509533213208,5.813843930653798,115,,
2018,12,1,1,0,11.5,-145,0,10.5,0,0.0,0,0.0,0,992.2,11.888658039627956,4.8541219597369,109,,
2018,12,1,2,0,11,-133,0,9.8,0,0.0,0,0.0,0,992.6,4.291307126683023,3.885894112829844,102,,
2018,12,1,3,0,10.8,-122,0,9.2,1,0.0,0,0.0,0,993.2,348.1863221843024,2.8536575146332925,93,,
2018,12,1,4,0,10.8,-112,0,8.7,35,0.0,59,0.0,0,993.9,322.70502635198187,3.9555287799051,83,,
2018,12,1,5,0,10.8,-103,0,8.2,59,113.0,228,34.946488298943365,0,994.6,310.1642842426741,4.718295258595573,72,,
2018,12,1,6,0,11.6,-94,0.1,7.8,69,307.0,427,169.13097111460615,0,995,302.7888122476588,5.850332551046336,61,,
2018,12,1,7,0,13,-84,1.6,7.4,92,473.0,590,352.7158241154216,0,995.2,286.386543563373,6.058598713285576,49,,
2018,12,1,8,0,14.4,-72,2.8,7.1,130,692.0000000000001,697,582.5389958050052,0,995.5,283.3109118284262,7.600927096996788,38,,
2018,12,1,9,0,14.8,-54,13.6,7.3,352,742.0,479,754.5058820428412,0,995.7,282.97699022460324,8.446432012979537,28,,
2018,12,1,10,0,14.1,-25,60.7,8.1,387,817.0000000000001,14,907.7418683436956,0,996,285.9483362222267,8.495194205533462,21,,
2018,12,1,11,0,13.4,15,66.4,8.9,342,802.0,0,983.3995005037548,0,996.2,283.2632741435181,8.905764067928905,20,,
2018,12,1,12,0,13.1,48,52.5,8.7,456,710.0,0,966.9638129156272,0,996.5,269.1044712045094,9.23184051200422,26,,
2018,12,1,13,0,13.2,68,39.1,7.4,353,839.0,159,1020.3621092909246,0,996.9,241.1221130825677,11.463290734197136,36,,
2018,12,1,14,0,13.3,81,32.9,6.2,397,721.0,83,889.3999861190077,0,997.3,238.1931901072412,13.067295508352844,47,,
2018,12,1,15,0,13,92,51.7,5.6,260,327.0,0,564.7244694140109,0,997.9,232.2608354776533,13.495254287338009,58,,
2018,12,1,16,0,12.4,101,49.6,5.6,145,44.0,8,219.27746940813944,0,998.6,219.312998487358,12.59900073543298,69,,
2018,12,1,17,0,11.7,110,35.1,5.7,65,29.0,5,122.1547016528253,0,999.4,195.351157720118,13.208820667462277,80,,
2018,12,1,18,0,11,120,0,5.7,7,65.0,1,84.75379610329128,0,1000.2,190.3260075434881,9.814723182113188,90,,
2018,12,1,19,0,10.3,130,0,5.6,0,2.0,0,3.183765342038529,0,1001.3,214.8261104335444,7.3906389522622415,100,,
2018,12,1,20,0,9.5,142,0,5.6,0,0.0,0,0.0,0,1002.3,211.14296749493948,8.179006834228781,107,,
2018,12,1,21,0,9.2,155,0,5.5,0,0.0,0,0.0,0,1002.9,221.8782847182992,6.920269734777392,113,,
2018,12,1,22,0,9.4,170,0,5.3,0,0.0,0,0.0,0,1003.1,243.01559754777065,8.801477911779877,117,,
2018,12,1,23,0,9.6,-174,0,5.1,0,0.0,0,0.0,0,1003.3,307.45071959354726,10.02854262564439,117,,
2018,12,2,0,0,9.7,-159,0,5,0,0.0,0,0.0,0,1003.7,13.96723747629511,13.225247479414582,115,,
2018,12,2,1,0,9.6,-145,0,4.9,0,0.0,0,0.0,0,1004.1,30.283090449358724,14.091009922484858,109,,
2018,12,2,2,0,9.6,-133,0,4.9,0,0.0,0,0.0,0,1004.5,48.34804942386006,14.638064165587918,102,,
2018,12,2,3,0,9.6,-122,0,4.9,1,0.0,0,0.0,0,1005.1,41.19526306260048,12.68285128033076,93,,
2018,12,2,4,0,9.9,-112,9.1,4.9,48,0.0,30,0.0,0,1005.9,25.958254706177968,13.18600690895506,83,,
2018,12,2,5,0,10.1,-103,2.5,4.9,71,104.0,205,34.71081237431532,0,1006.7,27.185957756329746,12.90651679051897,72,,
2018,12,2,6,0,10.8,-94,1.9,4.8,101,379.0,379,180.6169095860281,0,1007.3,20.993762944120363,12.855556403121785,61,,
2018,12,2,7,0,11.8,-84,14,4.4,219,414.0,379,335.5831576986569,0,1007.7,17.93219597761515,14.280132602659007,49,,
2018,12,2,8,0,12.9,-72,19.1,4.1,190,454.0,494,496.6644116518168,0,1008.2,11.635952114153838,14.25436897394452,38,,
2018,12,2,9,0,13.4,-54,12.3,3.8,241,483.0,604,642.7726584437335,0,1008.6,7.374303192982211,14.288839767079972,28,,
2018,12,2,10,0,13.3,-25,14.1,3.7,283,406.0,603,737.439813568821,0,1009.1,6.797907984836229,14.437926851708449,21,,
2018,12,2,11,0,13.2,15,10.9,3.6,249,451.0,673,831.1186648658227,0,1009.5,2.984053083828257,15.607588695388364,20,,
2018,12,2,12,0,13.2,48,43.5,3.8,405,465.0,151,864.8196015076826,0,1009.9,0.0,16.42041015625,26,,
2018,12,2,13,0,13.3,68,43.3,4.3,402,449.0,87,833.5969051473576,0,1010.2,357.19220569729487,17.02507757100598,36,,
2018,12,2,14,0,13.4,81,58.1,4.9,226,258.0,72,641.8172042302422,0,1010.6,354.715050610992,17.642136665293297,46,,
2018,12,2,15,0,13.4,92,49.2,5.5,254,141.0,13,449.5085144681116,0,1011,352.6138012020501,18.15528839670472,58,,
2018,12,2,16,0,13.3,101,65.2,6.2,109,59.0,0,258.7057421641025,0,1011.6,352.1486709936636,18.301196637726875,69,,
2018,12,2,17,0,13.2,110,61.7,6.9,50,17.0,0,108.75373457297746,0,1012.1,351.22708495231666,18.723694840771508,80,,
2018,12,2,18,0,12.9,120,42.2,7.4,5,6.0,0,32.65519195253413,0,1012.7,350.01863784661464,18.87454882455163,90,,
2018,12,2,19,0,12.6,130,31.6,7.8,0,2.0,0,4.189448567795083,0,1013.2,343.4004674591094,19.76588374937268,99,,
2018,12,2,20,0,12.2,142,42,8.2,0,0.0,0,0.0,0,1013.8,342.1782206013041,19.745370227149447,107,,
2018,12,2,21,0,12.1,155,42.7,8.5,0,0.0,0,0.0,0,1014,340.96959951736835,20.258586030219902,113,,
2018,12,2,22,0,12.3,170,22.9,8.6,0,0.0,0,0.0,0,1013.8,344.7680572797497,21.9685279392724,117,,
2018,12,2,23,0,12.5,-174,0,8.7,0,0.0,0,0.0,0,1013.7,4.3369985470486085,19.037913342946112,117,,
2018,12,3,0,0,12.6,-159,0,8.8,0,0.0,0,0.0,0,1013.7,14.627076807153683,17.07740552526227,114,,
2018,12,3,1,0,12.6,-145,0,8.9,0,0.0,0,0.0,0,1013.9,8.051445714690317,16.372817449135194,109,,
2018,12,3,2,0,12.6,-133,0,9,0,0.0,0,0.0,0,1014.1,7.4865706382692,15.994500572970049,102,,
2018,12,3,3,0,12.7,-122,0,9,1,0.0,0,0.0,0,1014.5,3.979255647322418,15.310836522578818,93,,
2018,12,3,4,0,12.9,-113,5.8,9.1,51,0.0,27,0.0,0,1015.2,355.08859535848194,15.330214121829265,83,,
2018,12,3,5,0,13.1,-104,8.6,9.1,94,6.0,152,16.218005158686392,0,1015.9,347.53515276399963,16.794802522773107,72,,
2018,12,3,6,0,13.7,-94,4,9.2,134,16.0,322,71.4105717607633,0,1016.3,348.6100500549826,20.36468868927561,61,,
2018,12,3,7,0,14.8,-85,34.5,9.5,350,23.0,87,144.09444976506296,0,1016.5,347.75247160251445,20.918232232437028,49,,
2018,12,3,8,0,15.8,-72,25.6,9.7,392,86.0,238,318.8259879669946,0,1016.6,350.7327834386208,21.34574285589544,38,,
2018,12,3,9,0,16.3,-54,43.4,9.7,473,59.0,69,367.3720492269459,0,1016.6,356.9200505963041,22.10150495045013,28,,
2018,12,3,10,0,16.5,-25,36.6,9.6,551,138.0,103,534.4204398575387,0,1016.4,357.0935177411967,22.995645433491006,21,,
2018,12,3,11,0,16.6,15,41.7,9.5,593,186.0,15,635.060337856398,0,1016.2,1.6257613484849005,21.349658547581143,20,,
2018,12,3,12,0,16.6,48,33.9,9.5,491,282.0,168,731.9492336788761,0,1016.1,356.5293117826989,20.64822247869889,26,,
2018,12,3,13,0,16.5,68,48.7,9.5,422,316.0,32,734.2464256770161,0,1016,7.177126388254408,22.374530856579256,35,,
2018,12,3,14,0,16.4,81,28.4,9.6,341,247.0,185,620.6331166776642,0,1016,19.58220573908648,19.77329463296716,46,,
2018,12,3,15,0,16,92,38.7,9.7,287,251.0,54,528.8348904765326,0,1016,21.218503902659847,20.097845517408192,58,,
2018,12,3,16,0,15.4,101,32.7,9.9,184,257.0,43,415.4408814727751,0,1016.1,26.621600613224984,19.580453228865395,69,,
2018,12,3,17,0,14.8,110,8.8,10.1,60,261.0,73,288.68255880540266,0,1016.2,29.221017480100784,18.69638318934524,80,,
2018,12,3,18,0,13.9,120,0.5,10.1,7,199.0,6,140.43143231167886,0,1016.2,32.14189292686984,18.60637985487868,90,,
2018,12,3,19,0,12.6,130,0,9.7,0,48.0,0,16.68077834372143,0,1016.3,32.391787478821016,18.361620094518933,99,,
2018,12,3,20,0,11.4,142,0,9.4,0,0.0,0,0.0,0,1016.4,34.53836274514799,18.01090631946424,107,,
2018,12,3,21,0,10.8,155,0,9.3,0,0.0,0,0.0,0,1016.2,35.787578234777186,17.211029629107944,113,,
2018,12,3,22,0,10.9,170,0,9.3,0,0.0,0,0.0,0,1015.9,36.57907953790232,16.296206013452696,116,,
2018,12,3,23,0,10.9,-174,0,9.4,0,0.0,0,0.0,0,1015.5,38.04713472074121,15.58585814835849,117,,
2018,12,4,0,0,10.9,-159,0,9.4,0,0.0,0,0.0,0,1015.3,37.63732824341798,14.604190867436158,114,,
2018,12,4,1,0,10.7,-145,0,9.4,0,0.0,0,0.0,0,1015.3,36.55045924954561,14.240602182198836,109,,
2018,12,4,2,0,10.6,-133,0,9.4,0,0.0,0,0.0,0,1015.2,38.43387353290319,13.14039319953178,102,,
2018,12,4,3,0,10.9,-122,0,9.4,1,0.0,1,0.0,0,1015.3,36.42059716793506,12.247984005026524,93,,
2018,12,4,4,0,11.5,-113,0,9.4,31,0.0,67,0.0,0,1015.5,40.17273687311683,11.916864667205644,83,,
2018,12,4,5,0,12.2,-104,0,9.4,56,24.0,233,24.885225232685205,0,1015.6,38.72409359645144,11.724058617132313,72,,
2018,12,4,6,0,13.5,-95,0,9.7,70,49.0,425,100.46184728447872,0,1015.6,38.49028217290163,10.914862705132611,61,,
2018,12,4,7,0,15.4,-85,0,10.3,81,93.0,608,218.79043111236692,0,1015.4,37.55805647840327,10.1190404012665,49,,
2018,12,4,8,0,17.4,-72,0,10.8,92,178.0,761,382.0786232931428,0,1015.1,38.77574916297021,9.51537109061297,38,,
2018,12,4,9,0,18.3,-55,0,11,101,267.0,870,548.7880296928093,0,1014.8,42.13985924167025,9.161332480712137,28,,
2018,12,4,10,0,18.3,-26,0,10.8,106,381.0,930,695.7576043290005,0,1014.4,37.9027347720542,7.869198440790049,21,,
2018,12,4,11,0,18.3,14,0,10.6,107,430.0,934,788.346711545877,0,1014.1,31.820877525921787,7.112167183173928,20,,
2018,12,4,12,0,18.3,48,0.7,10.6,121,495.0,861,850.9429240261775,0,1013.5,18.37290345828524,6.345172520577456,26,,
2018,12,4,13,0,18.4,68,0.5,10.9,113,484.0,763,824.1930295276054,0,1012.8,6.234480095541244,7.48174862582271,35,,
2018,12,4,14,0,18.6,82,1.2,11.1,120,519.0,596,780.7238319297477,0,1012.1,8.253896807121635,8.421461165952797,46,,
2018,12,4,15,0,18.3,92,11.2,11.4,181,506.0,296,669.6247707894752,0,1011.6,20.24368814541407,9.392691640312696,57,,
2018,12,4,16,0,17.5,101,28.1,11.7,153,563.0,87,562.6623614294898,0,1011.5,30.033280435995152,9.24070478913811,69,,
2018,12,4,17,0,16.8,110,18,12,83,505.0,28,382.7871248179921,0,1011.3,37.02496027000712,9.237533829437378,80,,
2018,12,4,18,0,15.8,120,41.2,12,8,233.0,1,149.51668234578358,0,1011.3,40.47026864476868,9.147937897837313,90,,
2018,12,4,19,0,14.6,130,17.5,11.6,0,44.0,0,16.411282275134614,0,1011.5,43.2642954110716,8.754463147446565,99,,
2018,12,4,20,0,13.4,142,0,11.3,0,0.0,0,0.0,0,1011.7,53.53203915342044,8.832834526964435,107,,
2018,12,4,21,0,12.7,155,0,11.1,0,0.0,0,0.0,0,1011.6,62.66333514418602,8.302155217171022,113,,
2018,12,4,22,0,12.4,170,0,11,0,0.0,0,0.0,0,1011.3,64.00198101892391,8.461988227109805,116,,
2018,12,4,23,0,12.2,-175,0,11,0,0.0,0,0.0,0,1011,59.2327838325337,7.128286841669542,117,,
2018,12,5,0,0,11.9,-159,0,10.9,0,0.0,0,0.0,0,1010.8,64.4884499243795,5.564251490026345,114,,
2018,12,5,1,0,11.6,-146,0,10.7,0,0.0,0,0.0,0,1010.5,70.63446368611278,5.343070193322085,109,,
2018,12,5,2,0,11.4,-133,0,10.5,0,0.0,0,0.0,0,1010.2,77.23834619186812,4.059508895134134,102,,
2018,12,5,3,0,11.7,-123,0,10.6,2,0.0,0,0.0,0,1010.3,78.23692714965375,3.17233515441178,93,,
2018,12,5,4,0,12.5,-113,51.9,10.8,33,0.0,1,0.0,0,1010.7,71.31680291731851,3.1895606261694427,83,,
2018,12,5,5,0,13.4,-104,25.9,11.1,133,112.0,70,37.18111160501756,0,1011.1,63.862871817916414,3.596260993113338,72,,
2018,12,5,6,0,14.7,-95,12.8,11.2,166,332.0,253,174.96468199111678,0,1011.3,63.221362897895176,2.8703320070121974,61,,
2018,12,5,7,0,16.6,-85,0,11.3,113,315.0,550,307.6406677507725,0,1011.3,92.7509543384138,2.1059425401266445,49,,
2018,12,5,8,0,18.4,-73,0.1,11.4,127,154.0,698,356.4540946162084,0,1011.4,96.89004367600756,2.244726584273613,38,,
2018,12,5,9,0,19.6,-55,3.3,11.2,192,136.0,722,439.6979657779643,0,1011.2,100.25888378591492,1.5243699570213067,28,,
2018,12,5,10,0,20.1,-26,0.9,10.8,157,153.0,847,533.0337427889373,0,1010.9,18.13653600292713,0.7411688791437441,21,,
2018,12,5,11,0,20.7,14,0.4,10.4,150,229.0,867,653.5716047504778,0,1010.6,294.32666721545354,0.7995021000823208,20,,
2018,12,5,12,0,20.9,48,0,10.3,137,323.0,835,743.2175414853265,0,1010.5,244.35422393071605,2.7493636088515774,25,,
2018,12,5,13,0,20.7,68,0,10.5,128,393.0,739,767.7602665572057,0,1010.4,230.98740552714884,4.074626284119793,35,,
2018,12,5,14,0,20.5,82,0,10.7,117,526.0,598,783.53984264395,0,1010.3,226.92044075875427,6.042631434548788,46,,
2018,12,5,15,0,20,92,27.8,11,251,607.0,138,723.0511672901598,0,1010.3,226.633713481588,7.102784797553679,57,,
2018,12,5,16,0,19.3,101,28.2,11.4,186,645.0,46,601.3664586591959,0,1010.4,218.04173340645508,7.938672035523991,68,,
2018,12,5,17,0,18.5,110,16.2,11.7,72,588.0,44,415.43978270713626,0,1010.5,211.2444754251745,8.870552573920639,79,,
2018,12,5,18,0,17.6,120,67.5,12,6,462.0,0,213.1047359287556,0,1010.9,211.7550493568212,9.459199785185712,90,,
2018,12,5,19,0,16.6,130,52,12.1,0,151.0,0,29.54437955248996,0,1011.4,209.0417383788061,10.34907957996952,99,,
2018,12,5,20,0,15.5,142,42.9,12.3,0,0.0,0,0.0,0,1011.9,210.4847927251797,11.054215332839094,107,,
2018,12,5,21,0,14.9,155,49.1,12.4,0,0.0,0,0.0,0,1012.1,210.25232116806444,10.763705809208666,113,,
2018,12,5,22,0,14.5,170,42.3,12.5,0,0.0,0,0.0,0,1011.9,206.93898612930795,11.693967429708112,116,,
2018,12,5,23,0,14.2,-175,42.1,12.7,0,0.0,0,0.0,0,1011.8,205.7418572926419,12.7293228003525,117,,
2018,12,6,0,0,14,-160,43.1,12.6,0,0.0,0,0.0,0,1011.7,204.2605506752036,13.104042560048326,114,,
2018,12,6,1,0,13.9,-146,52,12.5,0,0.0,0,0.0,0,1011.7,206.16261841074527,13.819415672017769,109,,
2018,12,6,2,0,13.8,-134,52.6,12.3,0,0.0,0,0.0,0,1011.7,207.46591470107043,13.930525589236993,101,,
2018,12,6,3,0,13.8,-123,45.1,12.2,1,0.0,0,0.0,0,1011.9,206.7703430303908,14.078256437088168,93,,
2018,12,6,4,0,14,-113,68,12,21,0.0,0,0.0,0,1012.4,202.63409629524003,14.365704319344715,83,,
2018,12,6,5,0,14.1,-104,70.8,11.9,80,41.0,0,28.544678691354253,0,1012.9,198.5552153061848,15.484617693295409,72,,
2018,12,6,6,0,14.7,-95,63.7,11.9,162,131.0,0,132.01921344962625,0,1013.2,197.0679763052671,16.009803929224343,61,,
2018,12,6,7,0,15.5,-85,64,11.9,241,295.0,0,301.7248268288569,0,1013.3,194.7294948464213,16.75193494502448,49,,
2018,12,6,8,0,16.3,-73,62.3,11.9,302,529.0,0,524.3788040381535,0,1013.4,195.16479189470004,17.154492475820593,38,,
2018,12,6,9,0,16.9,-56,58.3,12,384,607.0,0,696.0394446409432,0,1013.2,196.0337331026673,17.074615805535842,28,,
2018,12,6,10,0,17.2,-27,73.6,12,260,528.0,0,772.9063985695786,0,1012.7,195.82688996475017,16.992067963629136,21,,
2018,12,6,11,0,17.5,14,59.7,12,401,466.0,0,810.6247513711826,0,1012.2,197.16874624502097,17.042630884955827,19,,
2018,12,6,12,0,17.8,48,55.6,12.1,420,657.0,0,941.2802863285845,0,1011.7,198.829690101016,16.495344390216804,25,,
2018,12,6,13,0,18,68,27.1,12.2,372,880.0,235,1047.1007194794397,0,1011.3,199.04055180044583,16.201092852859055,35,,
2018,12,6,14,0,18.2,82,34.3,12.3,390,847.0,67,962.5034347963448,0,1010.8,198.79772174822548,15.88821597860813,46,,
2018,12,6,15,0,18,92,41.3,12.4,232,771.0,61,810.2801370288182,0,1010.6,200.0252688403261,14.824486025686348,57,,
2018,12,6,16,0,17.5,101,35.8,12.6,197,722.0,12,639.2300171790702,0,1010.6,199.7478497522674,14.660805043176405,68,,
2018,12,6,17,0,17,110,50.9,12.8,68,484.0,0,378.3783365998811,0,1010.7,195.8232249057785,14.579300968948516,79,,
2018,12,6,18,0,16.3,120,37.3,13,7,54.0,0,82.46103137550827,0,1010.9,195.8877389020016,14.69641404837361,89,,
2018,12,6,19,0,15.5,130,40.7,13.1,0,6.0,0,6.633442578791062,0,1011.3,196.5399751242774,14.519753173987644,99,,
2018,12,6,20,0,14.7,142,41.9,13.2,0,0.0,0,0.0,0,1011.7,195.4829450870721,15.02423399084942,107,,
2018,12,6,21,0,14.3,155,48.5,12.9,0,0.0,0,0.0,0,1011.7,198.65192218500235,16.126264820099458,113,,
2018,12,6,22,0,14.2,170,37.8,12.4,0,0.0,0,0.0,0,1011.3,201.06230552710372,16.28292797396531,116,,
2018,12,6,23,0,14.2,-175,41,11.8,0,0.0,0,0.0,0,1011,201.10576120809907,16.37771345362809,116,,
2018,12,7,0,0,14.1,-160,44.1,11.4,0,0.0,0,0.0,0,1010.7,202.2290148292943,16.52924952274298,114,,
2018,12,7,1,0,14,-146,25.2,11.2,0,0.0,0,0.0,0,1010.6,203.63965019714533,16.06220832329812,109,,
2018,12,7,2,0,13.9,-134,3.5,10.9,0,0.0,0,0.0,0,1010.4,206.4228531153396,15.39758094212916,101,,
2018,12,7,3,0,14,-123,1.3,10.8,2,0.0,0,0.0,0,1010.6,207.45223206998023,14.758835267894664,93,,
2018,12,7,4,0,14.3,-113,32,10.8,51,0.0,1,0.0,0,1010.9,208.4622264226109,14.181365541733063,83,,
2018,12,7,5,0,14.6,-104,25.7,10.8,154,26.0,36,25.985808255388392,0,1011.3,211.08237354989976,13.044764696417396,72,,
2018,12,7,6,0,15.2,-95,31.5,10.9,293,59.0,21,104.62139041143408,0,1011.5,216.3226546125911,11.998642988764,61,,
2018,12,7,7,0,16.2,-85,22.7,11,361,171.0,144,256.64332242131496,0,1011.4,216.26646497546625,10.77940641756379,49,,
2018,12,7,8,0,17.1,-73,22,11.2,390,367.0,248,465.3380062030564,0,1011.4,225.95211057740696,9.537245581297013,38,,
2018,12,7,9,0,17.8,-56,9.2,11.1,310,506.0,538,654.4399551805577,0,1011.1,244.39163875835595,8.684098339306798,28,,
2018,12,7,10,0,18.1,-27,0.3,10.8,168,273.0,830,678.501295936372,0,1010.4,268.766079241891,7.970109909554979,21,,
2018,12,7,11,0,18.5,14,0,10.6,164,208.0,847,690.4847551766327,0,1009.7,278.0836862303289,8.012475396950213,19,,
2018,12,7,12,0,18.6,48,0.3,10.4,162,233.0,798,731.1782291837532,0,1009,288.8687990514983,8.36066565844287,25,,
2018,12,7,13,0,18.4,68,6.9,10.3,250,116.0,551,583.4758243127275,0,1008.1,237.55538645002883,6.579478022769935,35,,
2018,12,7,14,0,18.3,82,11,10.3,240,100.0,391,504.438353974636,0,1007.2,251.25726868362,6.122523468863577,46,,
2018,12,7,15,0,17.9,92,43,10.3,257,26.0,46,276.05006102802975,0,1006.7,242.08768754315395,6.816978614189656,57,,
2018,12,7,16,0,17.1,101,27.9,10.5,139,11.0,97,151.95760556170876,0,1006.5,229.47150285922504,7.37802479024369,68,,
2018,12,7,17,0,16.4,110,49.8,10.6,68,7.0,0,83.27556320892278,0,1006.3,233.9714602608964,5.290511801872433,79,,
2018,12,7,18,0,15.7,120,15.1,10.7,10,6.0,0,36.73281642657571,0,1006.2,209.19215602939883,6.80554173272431,89,,
2018,12,7,19,0,15,130,34,10.7,0,3.0,0,6.3244412423312895,0,1006.2,188.65362806587532,6.918852208493032,99,,
2018,12,7,20,0,14.4,142,46.6,10.8,0,0.0,0,0.0,0,1006.3,212.31891046472376,6.833802025895065,106,,
2018,12,7,21,0,14.2,155,50.4,11.2,0,0.0,0,0.0,0,1005.7,124.06265043573592,2.9051953627409777,112,,
2018,12,7,22,0,14.7,170,39.9,11.8,0,0.0,0,0.0,0,1004.6,114.02835597028763,4.16165780204885,116,,
2018,12,7,23,0,15.1,-175,49.8,12.4,0,0.0,0,0.0,0,1003.5,142.7624513897283,3.774345280858273,116,,
2018,12,8,0,0,15.4,-160,49.1,12.9,0,0.0,0,0.0,0,1002.4,171.54256296537756,3.414573552620181,114,,
2018,12,8,1,0,15.6,-146,57.3,13.3,0,0.0,0,0.0,0,1001.2,216.0201088004445,1.1325464396607678,109,,
2018,12,8,2,0,15.8,-134,71.5,13.8,0,0.0,0,0.0,0,1000.1,208.96623930252247,0.9225329621171412,101,,
2018,12,8,3,0,16.1,-123,72.5,14.2,0,0.0,0,0.0,0,999.2,23.7308177439441,3.537379936431845,93,,
2018,12,8,4,0,16.6,-113,73.1,14.6,15,0.0,0,0.0,0,998.5,54.152691590717325,8.155986449123509,83,,
2018,12,8,5,0,17.1,-104,94.3,15.1,12,4.0,0,15.152213574910617,0,997.9,66.50478117613278,11.4987315146937,72,,
2018,12,8,6,0,17.7,-95,87.5,15.4,51,5.0,0,47.06926939400655,0,997.5,72.52432812619895,10.735491726464415,61,,
2018,12,8,7,0,18.4,-86,93,15.6,44,9.0,0,108.5584038219606,0,997.3,71.58550117335892,8.652257811246548,49,,
2018,12,8,8,0,19.1,-73,78.5,15.8,95,21.0,76,214.91642117013836,0,997,79.17827848495517,11.749726964436402,38,,
2018,12,8,9,0,19.7,-56,66.8,15.9,149,91.0,148,431.3467129080211,0,996.8,74.52806286102589,8.697004707101147,28,,
2018,12,8,10,0,20.1,-27,68.7,15.8,307,261.0,3,611.4554611911517,0,996.5,64.35022864055423,8.919751991974623,21,,
2018,12,8,11,0,20.5,14,6.7,15.8,255,371.0,686,741.8454248444385,0,996.2,59.33318433075226,12.061880226717228,19,,
2018,12,8,12,0,20.6,48,3,15.4,191,338.0,752,743.0330316614021,0,996,63.3102542124459,12.642439470336706,25,,
2018,12,8,13,0,20.4,68,15.5,14.7,325,248.0,410,656.1343200988827,0,995.9,65.96995901355103,10.975116349387775,35,,
2018,12,8,14,0,20.2,82,0.8,14,116,344.0,609,666.2210263819079,0,995.8,56.5963833170868,11.336217523188228,46,,
2018,12,8,15,0,19.6,92,19.7,13.5,228,725.0,214,780.2649865121525,0,996,55.96921735485142,12.423012229156956,57,,
2018,12,8,16,0,18.8,101,13,13.2,156,768.0,134,657.2695139848213,0,996.3,59.5430068347697,13.103573867092996,68,,
2018,12,8,17,0,17.9,110,27.5,12.9,64,698.0000000000001,49,457.1795964156036,0,996.7,63.41540760642903,13.445451326778429,79,,
2018,12,8,18,0,17,120,4.5,12.7,12,520.0,1,230.44324679255507,0,997.1,68.45222800363683,13.149725315448748,89,,
2018,12,8,19,0,16.1,130,0,12.7,0,175.0,0,34.36567731128385,0,997.7,71.17408204877103,14.199312411790393,98,,
2018,12,8,20,0,15.2,142,0,12.7,0,0.0,0,0.0,0,998.3,74.93897701744021,14.266171416715736,106,,
2018,12,8,21,0,14.7,155,0,12.8,0,0.0,0,0.0,0,998.5,76.68075950347526,14.285377342175927,112,,
2018,12,8,22,0,14.7,170,0,12.9,0,0.0,0,0.0,0,998.2,77.00143187982962,13.797897594741496,116,,
2018,12,8,23,0,14.6,-175,0,13,0,0.0,0,0.0,0,997.9,77.98647859225753,13.10888140798329,116,,
2018,12,9,0,0,14.6,-160,0,13.1,0,0.0,0,0.0,0,997.8,79.29631354981211,13.344735908714396,114,,
2018,12,9,1,0,14.6,-146,0,13.2,0,0.0,0,0.0,0,997.9,80.68581128188339,12.35725814882104,109,,
2018,12,9,2,0,14.6,-134,0,13.2,0,0.0,0,0.0,0,998,84.33143275942649,12.022413761708531,101,,
2018,12,9,3,0,14.5,-123,0,13.3,2,0.0,0,0.0,0,998.3,89.17942443227366,11.592253290203857,93,,
2018,12,9,4,0,14.5,-114,52.7,13.3,30,0.0,2,0.0,0,998.7,87.21802737861174,11.941563870703416,83,,
2018,12,9,5,0,14.5,-105,62.1,13.3,97,222.0,0,43.455639062249126,0,999.2,85.7096187327291,12.211711029231864,72,,
2018,12,9,6,0,15,-96,42.6,13.1,207,534.0,75,205.1071404662279,0,999.6,93.7236261585478,11.285298741049449,61,,
2018,12,9,7,0,16,-86,19,12.7,295,703.0000000000001,253,409.7467615321581,0,1000.1,95.5947167916471,9.861674398839126,49,,
2018,12,9,8,0,16.9,-74,22.1,12.3,320,788.0,339,610.9023960356117,0,1000.5,102.02671306089496,7.624132552599251,38,,
2018,12,9,9,0,17.2,-56,14.2,11.8,354,819.0000000000001,473,778.9251367711021,0,1000.9,101.09747412128183,5.668494323087301,28,,
2018,12,9,10,0,16.9,-28,13.7,11,347,839.0,546,908.1790483771956,0,1001.4,137.5203791992506,4.4321639053393405,20,,
2018,12,9,11,0,16.6,13,18.8,10.3,457,832.0000000000001,395,986.2819715316052,0,1001.8,195.4612614380168,6.564466313556292,19,,
2018,12,9,12,0,16.3,48,4.1,9.7,210,799.0,749,1003.2847474650656,0,1002.2,195.1024536097786,7.907639701747707,25,,
2018,12,9,13,0,15.9,68,9.3,9.4,276,781.0,533,977.6975069883264,0,1002.5,192.72518533359727,9.549497965154496,34,,
2018,12,9,14,0,15.5,82,6.8,9,213,758.0,480,902.6615218267234,0,1002.9,198.0846892487057,8.726767818456889,45,,
2018,12,9,15,0,14.9,92,5.9,8.9,169,683.0,354,755.8898998655541,0,1003.3,207.806087301415,7.193681273144519,57,,
2018,12,9,16,0,14.3,101,4.1,8.9,113,582.0,222,569.3727296841198,0,1003.9,228.15238883224828,3.35900630258376,68,,
2018,12,9,17,0,13.6,110,11.6,8.9,69,380.0,62,334.4959191189438,0,1004.4,243.9243338288581,2.582163116273471,79,,
2018,12,9,18,0,13.1,120,1.6,8.7,11,185.0,5,136.3190843003606,0,1004.8,302.0578744766335,0.9604164509693712,89,,
2018,12,9,19,0,12.7,130,0.3,8.4,0,28.0,0,14.16718437917466,0,1005.1,76.454555983781,3.808825402673065,98,,
2018,12,9,20,0,12.3,142,42.7,8.2,0,0.0,0,0.0,0,1005.4,89.06752797477623,6.210783432303191,106,,
2018,12,9,21,0,12.1,155,42.3,8.1,0,0.0,0,0.0,0,1005.5,93.50639184707104,6.873952148518731,112,,
2018,12,9,22,0,11.9,170,29.1,8.2,0,0.0,0,0.0,0,1005.3,90.94698607025134,6.676937358071879,116,,
2018,12,9,23,0,11.8,-175,42.5,8.3,0,0.0,0,0.0,0,1005.1,87.86604733647465,6.523811347893714,116,,
2018,12,10,0,0,11.8,-160,47.4,8.3,0,0.0,0,0.0,0,1004.9,78.84720412378022,6.948359512979159,114,,
2018,12,10,1,0,11.9,-146,63.2,8.2,0,0.0,0,0.0,0,1004.8,74.6126318228047,6.976141495085543,109,,
2018,12,10,2,0,12,-134,66.3,8.1,0,0.0,0,0.0,0,1004.6,65.68703775962996,7.087848721020579,101,,
2018,12,10,3,0,12.3,-123,40,8.1,1,0.0,0,0.0,0,1004.5,55.899559087698776,8.253340774425189,92,,
2018,12,10,4,0,12.6,-114,48.2,8.2,52,0.0,1,0.0,0,1004.5,57.16477986160345,8.800276977612583,83,,
2018,12,10,5,0,13,-105,1.6,8.2,69,243.0,212,44.23918162924457,0,1004.5,58.13531644358602,8.68364992865727,72,,
2018,12,10,6,0,13.8,-96,29.1,8.5,223,562.0,128,207.9376810771276,0,1004.5,56.27590548830682,8.893283925741942,61,,
2018,12,10,7,0,15,-86,58.8,8.9,276,730.0,8,415.1344682701914,0,1004.3,47.50083948485451,8.450862285531944,49,,
2018,12,10,8,0,16.1,-74,32.6,9.3,398,806.0,179,614.7913802578511,0,1004.2,46.21438521937347,8.341106903401373,38,,
2018,12,10,9,0,16.7,-57,54.7,9.3,433,831.0000000000001,7,781.2810504841958,0,1003.8,44.05763138336829,8.0613480639545,28,,
2018,12,10,10,0,16.7,-28,61.7,8.9,385,849.0,14,906.4354009591068,0,1003.2,41.98721249581666,8.40851502942107,20,,
2018,12,10,11,0,16.7,13,62.4,8.4,373,848.0,21,988.0472920518272,0,1002.6,44.622669847054624,9.017533343300808,19,,
2018,12,10,12,0,16.6,48,51.9,8.5,388,857.0,92,1028.7832926002638,0,1002.1,42.06773813352737,9.206168023007962,25,,
2018,12,10,13,0,16.4,68,53.6,8.9,326,871.0,93,1022.7173083502518,0,1001.7,35.19297971119431,8.821697987892978,34,,
2018,12,10,14,0,16.2,82,76.1,9.3,175,868.0,0,958.1405757627052,0,1001.2,35.47338525323323,9.079894220102572,45,,
2018,12,10,15,0,15.8,92,55,9.7,238,861.0,8,845.0555119285765,0,1000.8,61.0819804895433,10.424848369712343,57,,
2018,12,10,16,0,15.3,101,11.7,10,148,823.0000000000001,161,678.2796036497857,0,1000.4,56.9470293937614,10.961423508302612,68,,
2018,12,10,17,0,14.8,110,7.2,10.4,64,741.0,86,471.6010876387191,0,1000,57.93084183378318,10.671618080118416,79,,
2018,12,10,18,0,14.2,120,0,10.6,10,565.0000000000001,9,242.20625972456875,0,999.7,62.01138269365424,10.428994973725652,89,,
2018,12,10,19,0,13.6,130,0,10.6,0,221.0,0,40.52626177883271,0,999.5,70.52248415520938,11.116906645732962,98,,
2018,12,10,20,0,12.9,142,5.3,10.7,0,0.0,0,0.0,0,999.4,73.0333920569343,10.849418326686418,106,,
2018,12,10,21,0,12.6,155,34.1,10.8,0,0.0,0,0.0,0,998.8,74.10660415503276,10.420057286935156,112,,
2018,12,10,22,0,12.7,169,22.9,11.1,0,0.0,0,0.0,0,997.9,77.44488602418426,10.439329209765402,115,,
2018,12,10,23,0,12.8,-175,0,11.4,0,0.0,0,0.0,0,997,76.78686209877145,10.29651027606575,116,,
2018,12,11,0,0,12.7,-160,0,11.4,0,0.0,0,0.0,0,996.3,71.07640472599928,11.170905037768028,114,,
2018,12,11,1,0,12.5,-146,0,11.1,0,0.0,0,0.0,0,995.8,78.57280311281909,10.714589999396674,109,,
2018,12,11,2,0,12.3,-134,0,10.8,0,0.0,0,0.0,0,995.3,84.9238241791337,11.277139747077298,101,,
2018,12,11,3,0,12.2,-124,0,10.7,2,0.0,1,0.0,0,995,91.32399830778428,11.11551645926782,92,,
2018,12,11,4,0,12.2,-114,43,10.7,36,0.0,6,0.0,0,994.9,99.1286512541974,10.51031465767594,83,,
2018,12,11,5,0,12.2,-105,52.4,10.7,64,248.0,50,43.38740881108494,0,994.8,101.62337264070568,8.953630353236582,72,,
2018,12,11,6,0,12.4,-96,72.6,10.5,131,562.0,1,206.7284789909755,0,994.8,109.60814473989336,8.054224639232675,61,,
2018,12,11,7,0,12.7,-86,13.4,9.9,286,682.0,282,399.8646874047668,0,994.8,138.49446170154738,5.9534593423185695,49,,
2018,12,11,8,0,13.1,-74,11.1,9.4,275,749.0,472,589.1290575454257,0,994.7,183.272843239188,6.606967446951841,38,,
2018,12,11,9,0,13,-57,16.9,8.7,329,853.0,474,785.7407586129101,0,994.9,192.07491091160804,9.550165239996655,28,,
2018,12,11,10,0,12.7,-28,15,7.9,345,887.0,538,933.060619350581,0,995.3,192.676216225284,10.72503813812393,20,,
2018,12,11,11,0,12.3,13,21.4,7,271,907.0,554,1028.175783164217,0,995.7,198.0668742836996,10.611837674311248,19,,
2018,12,11,12,0,11.9,48,28.9,6.7,446,916.0,262,1070.2420516140228,0,996.1,202.9744941337429,9.712550823343811,25,,
2018,12,11,13,0,11.5,68,41.1,6.8,345,915.0,178,1056.673375208598,0,996.6,206.76564179182805,9.293605303199106,34,,
2018,12,11,14,0,11.1,82,38.8,6.9,210,902.0,239,986.0221966222348,0,997.1,211.33558232969656,8.445520153192346,45,,
2018,12,11,15,0,10.7,92,48.3,7,222,872.0,78,857.9009158062606,0,997.8,209.7013320502224,7.729068041289604,56,,
2018,12,11,16,0,10.3,102,5.8,6.9,107,813.0,220,680.3820144530645,0,998.7,198.5910972733436,8.15864489827081,68,,
2018,12,11,17,0,9.8,110,23.7,6.8,78,709.0,39,464.8974559820054,0,999.6,192.94406737584896,8.918771802024152,78,,
2018,12,11,18,0,9.5,120,0.6,6.3,13,508.0,5,230.4888023927088,0,1000.3,190.7280525919626,9.504749196429406,89,,
2018,12,11,19,0,9.2,130,0,5.5,0,181.0,0,36.326938307597146,0,1001,191.33172487765265,10.826032785963614,98,,
2018,12,11,20,0,8.9,142,0,4.7,0,0.0,0,0.0,0,1001.6,197.91568953540465,11.330158814009918,106,,
2018,12,11,21,0,8.9,155,0,4.5,0,0.0,0,0.0,0,1002,203.29800490647165,11.510327690379,112,,
2018,12,11,22,0,9.1,169,0,4.9,0,0.0,0,0.0,0,1002.1,207.51255337717888,12.201668365425684,115,,
2018,12,11,23,0,9.3,-175,0,5.3,0,0.0,0,0.0,0,1002.1,210.57021787267257,13.124515154375556,116,,
2018,12,12,0,0,9.3,-160,0,5.4,0,0.0,0,0.0,0,1002.3,200.67720399132853,13.59391959292852,114,,
2018,12,12,1,0,9.3,-147,0,5.3,0,0.0,0,0.0,0,1002.5,207.4260104136528,14.445341608442128,108,,
2018,12,12,2,0,9.3,-134,0,5.3,0,0.0,0,0.0,0,1002.8,203.3791816818632,15.398512663481196,101,,
2018,12,12,3,0,9.4,-124,0,5.2,2,0.0,0,0.0,0,1003.2,200.208427931819,16.06042120428694,92,,
2018,12,12,4,0,9.7,-114,7.4,5.2,45,0.0,31,0.0,0,1003.9,200.27687734544543,16.667160091447347,83,,
2018,12,12,5,0,9.9,-105,6.4,5.2,106,97.0,144,36.64549674499783,0,1004.6,201.740900449198,17.729381105184775,72,,
2018,12,12,6,0,10.6,-96,29.1,5,135,210.0,222,149.63922739574406,0,1005.1,201.01279576925265,18.4887739817464,61,,
2018,12,12,7,0,11.7,-86,16.8,4.8,282,296.0,277,296.5244507398394,0,1005.4,199.81091462525023,18.454771922858843,49,,
2018,12,12,8,0,12.8,-74,26.9,4.6,399,308.0,217,430.2359758440671,0,1005.7,198.6220284616041,18.608512821611697,38,,
2018,12,12,9,0,13.3,-57,24.9,4.3,406,337.0,315,561.5314539397054,0,1006,198.00998962038884,19.288339750423773,28,,
2018,12,12,10,0,13.4,-29,24.2,4.1,454,334.0,330,688.3375619568286,0,1006.2,200.1196398664984,19.335695523375925,20,,
2018,12,12,11,0,13.4,13,17.6,3.9,381,448.0,482,820.5561929080324,0,1006.4,199.841564605382,19.41139477643566,19,,
2018,12,12,12,0,13.4,48,24.3,3.9,468,568.0000000000001,288,913.4463279768164,0,1006.6,197.35655162942408,19.152851937492144,24,,
2018,12,12,13,0,13.4,68,49.9,4,414,700.0000000000001,34,967.4133910406972,0,1006.7,196.6211913075324,18.88222046769576,34,,
2018,12,12,14,0,13.4,82,16.7,4.2,297,755.0,321,930.6125912616756,0,1006.7,196.2734883877861,18.82833058415158,45,,
2018,12,12,15,0,13.3,92,34.8,4.4,250,754.0,124,819.2684805089006,0,1006.9,194.0745409772664,18.868932408742808,56,,
2018,12,12,16,0,13,102,52.7,4.7,158,693.0000000000001,5,642.8072704109087,0,1007.1,192.06079745043607,18.26823537495173,67,,
2018,12,12,17,0,12.7,110,38.1,5,85,540.0,9,413.45464614945087,0,1007.3,190.59159978409457,18.62196276689342,78,,
2018,12,12,18,0,12.1,120,57.7,5.2,10,350.0,0,196.14465903764693,0,1007.5,188.916809882079,18.99568692618305,89,,
2018,12,12,19,0,11.2,130,49.1,5.4,0,106.0,0,28.72920419110817,0,1007.8,190.4685275076243,18.956649345671536,98,,
2018,12,12,20,0,10.4,142,43.9,5.6,0,0.0,0,0.0,0,1008,189.1722482960537,19.391502405091675,106,,
2018,12,12,21,0,10,155,63.7,5.7,0,0.0,0,0.0,0,1008,188.9219401992305,19.124956132489427,112,,
2018,12,12,22,0,10.2,169,44.8,5.8,0,0.0,0,0.0,0,1007.7,185.85095712497392,19.475482150219555,115,,
2018,12,12,23,0,10.4,-175,41.6,5.8,0,0.0,0,0.0,0,1007.4,186.5449870410087,18.87226443961948,116,,
2018,12,13,0,0,10.6,-160,32.4,5.8,0,0.0,0,0.0,0,1007.2,183.5761483681587,18.76407682971152,113,,
2018,12,13,1,0,10.8,-147,45.2,5.9,0,0.0,0,0.0,0,1007.1,180.67354687947628,19.81313659445493,108,,
2018,12,13,2,0,10.9,-135,41,5.9,0,0.0,0,0.0,0,1006.9,178.9890815023001,19.89884918499932,101,,
2018,12,13,3,0,11.2,-124,43.8,6.1,1,0.0,0,0.0,0,1006.9,180.41497743281377,20.56230689453772,92,,
2018,12,13,4,0,11.7,-114,47.5,6.4,48,0.0,0,0.0,0,1007.1,179.72256997265606,20.874268142068964,83,,
2018,12,13,5,0,12.3,-105,43.9,6.7,153,2.0,0,10.07442389590845,0,1007.2,181.00533860547085,20.39889206337808,72,,
2018,12,13,6,0,13.1,-96,46.9,6.8,205,5.0,52,41.05998140926676,0,1007.2,180.71454160518232,20.418824161339984,61,,
2018,12,13,7,0,14.3,-86,41.1,6.8,349,7.0,57,87.75105255062803,0,1006.9,179.54552283177634,17.913405336885805,49,,
2018,12,13,8,0,15.4,-75,47,6.8,413,7.0,36,124.9554336159582,0,1006.7,179.4887438945209,18.33178448709114,38,,
2018,12,13,9,0,16,-58,57.5,6.8,378,5.0,38,131.58093677074154,0,1006.4,176.49535140403125,18.36760227022247,28,,
2018,12,13,10,0,16.1,-29,22.1,6.7,443,3.0,366,152.50807098542646,0,1006.1,175.21387174076074,17.97772579084743,20,,
2018,12,13,11,0,16.1,12,33.7,6.6,582,7.0,113,239.41470805057705,0,1005.8,174.1205501139716,17.903750819412828,19,,
2018,12,13,12,0,16.1,48,29.5,6.8,540,20.0,159,367.0359285555808,0,1005.5,173.8027279229517,17.76912410166495,24,,
2018,12,13,13,0,16.2,68,23.5,7.1,442,54.0,241,477.7514129782511,0,1005.1,171.775547532592,16.16552564213245,34,,
2018,12,13,14,0,16.2,82,22.6,7.4,376,145.0,197,569.7943450394669,0,1004.7,169.9139871099777,15.82562450002321,45,,
2018,12,13,15,0,15.8,92,39.2,7.8,305,136.0,37,471.1194154530901,0,1004.6,174.07733661834698,16.145755067040856,56,,
2018,12,13,16,0,15.2,102,44.3,8.2,186,44.0,13,254.31807380377523,0,1004.7,169.69780237335374,17.0041178105849,67,,
2018,12,13,17,0,14.6,110,51.1,8.6,70,10.0,2,99.80603761939513,0,1004.8,168.31618893881716,17.08171516019583,78,,
2018,12,13,18,0,13.6,120,3.8,8.8,15,5.0,4,36.512798855242806,0,1004.9,167.67865357782648,17.764157607875603,88,,
2018,12,13,19,0,12.3,130,0,8.6,0,1.0,0,4.122277059832067,0,1005.2,167.67323029162844,18.44375827418122,98,,
2018,12,13,20,0,11,142,0,8.5,0,0.0,0,0.0,0,1005.5,162.9655646234437,17.995539432084122,106,,
2018,12,13,21,0,10.3,155,0,8.4,0,0.0,0,0.0,0,1005.5,159.42467181410257,17.490194552156318,112,,
2018,12,13,22,0,10.2,169,0,8.2,0,0.0,0,0.0,0,1005.2,153.2588056770494,16.443475248230065,115,,
2018,12,13,23,0,10.1,-176,0,8,0,0.0,0,0.0,0,1004.9,153.4539455824239,16.135939083134378,116,,
2018,12,14,0,0,9.9,-161,0,7.7,0,0.0,0,0.0,0,1004.7,152.7077967336188,14.909485161989393,113,,
2018,12,14,1,0,9.7,-147,0.1,7.4,0,0.0,0,0.0,0,1004.7,161.76868142142212,15.597168377650958,108,,
2018,12,14,2,0,9.4,-135,1.6,7.1,0,0.0,0,0.0,0,1004.7,162.96726312304258,14.664204031292268,101,,
2018,12,14,3,0,9.8,-124,6.1,7.3,2,0.0,0,0.0,0,1005,171.3000535851561,15.302782365617803,93,,
2018,12,14,4,0,10.8,-114,7.8,8.1,45,0.0,40,0.0,0,1005.5,175.78511455771888,14.748629136552523,83,,
2018,12,14,5,0,11.8,-105,23.3,8.8,155,5.0,50,17.183708641667465,0,1005.9,171.24794167408936,14.249662667180075,72,,
2018,12,14,6,0,13.2,-96,24.7,9.2,272,36.0,88,101.60774996258296,0,1006.2,166.8163324884706,13.9757678262852,61,,
2018,12,14,7,0,15,-87,24.2,9.3,355,36.0,157,180.12143429832634,0,1006.3,168.0767858766286,14.927275220733932,50,,
2018,12,14,8,0,16.8,-75,2,9.4,148,75.0,673,322.3257665730084,0,1006.5,168.88973156063787,15.031224756358435,38,,
2018,12,14,9,0,17.8,-58,1.6,9.4,141,98.0,805,445.1283246080208,0,1006.4,166.22091911275822,14.26125024189507,28,,
2018,12,14,10,0,18.1,-29,10.6,9.4,323,94.0,599,509.550879694822,0,1006.3,166.05804084225178,12.809995871743483,20,,
2018,12,14,11,0,18.4,12,3.8,9.3,184,76.0,821,526.638941104877,0,1006.1,168.8422159362094,13.05412203136516,19,,
2018,12,14,12,0,18.6,47,0,9.5,92,76.0,909,539.3563356866414,0,1006,169.61044417997357,12.15559762513358,24,,
2018,12,14,13,0,18.6,68,0,10,84,68.0,816,501.9524931552721,0,1005.8,173.15708910202557,12.122240816867274,34,,
2018,12,14,14,0,18.7,82,0,10.4,78,77.0,674,468.9415536242215,0,1005.7,169.11112501019568,12.151149505919372,45,,
2018,12,14,15,0,18.4,92,0,10.8,71,61.0,499,365.6816266540652,0,1005.7,169.96341587440045,11.104754107946324,56,,
2018,12,14,16,0,17.7,102,0,11.2,60,52.0,309,264.5545831011706,0,1005.9,172.8879007695665,11.417191692041945,67,,
2018,12,14,17,0,17,110,2.1,11.6,47,43.0,122,166.74896457206063,0,1006,177.58169149682897,13.278916073094312,78,,
2018,12,14,18,0,16.1,120,2.1,11.6,13,49.0,9,91.92756757721384,0,1006.3,177.7484373867709,16.952541077573485,88,,
2018,12,14,19,0,15,130,0,11.3,0,33.0,0,19.10511373868617,0,1006.6,175.56633242539488,16.44765712669362,98,,
2018,12,14,20,0,13.9,141,0,10.9,0,0.0,0,0.0,0,1007,174.2614007182632,16.251612042282872,106,,
2018,12,14,21,0,13.2,155,0,10.9,0,0.0,0,0.0,0,1007.1,172.36445495070188,15.684233399455218,112,,
2018,12,14,22,0,12.9,169,0,11.1,0,0.0,0,0.0,0,1006.9,171.71084793466264,15.62194104959986,115,,
2018,12,14,23,0,12.7,-176,0,11.3,0,0.0,0,0.0,0,1006.8,170.35479535923537,15.680395884874589,116,,
2018,12,15,0,0,12.4,-161,0,11.3,0,0.0,0,0.0,0,1006.7,170.53015014037612,17.107649354699433,113,,
2018,12,15,1,0,12.2,-147,14.5,11.1,0,0.0,0,0.0,0,1006.7,174.63040864216032,17.38831563698436,108,,
2018,12,15,2,0,11.9,-135,40.5,11,0,0.0,0,0.0,0,1006.7,175.29166150033143,17.53941220824824,101,,
2018,12,15,3,0,12.3,-124,14,11.2,1,0.0,0,0.0,0,1006.9,174.05840752358426,17.32328642494303,93,,
2018,12,15,4,0,13.3,-114,16.9,11.7,51,0.0,29,0.0,0,1007.3,173.99441332010758,17.34470468763191,83,,
2018,12,15,5,0,14.2,-105,70.8,12.2,79,8.0,2,20.289381004164916,0,1007.7,174.79161099196858,17.23645047498294,72,,
2018,12,15,6,0,15.7,-96,40.7,12.6,155,10.0,119,63.10558912613395,0,1007.9,174.02495983421932,17.82707309210681,61,,
2018,12,15,7,0,17.6,-87,75.4,12.6,171,14.0,0,126.47999588525822,0,1008,175.14902844701555,18.503045053797376,50,,
2018,12,15,8,0,19.4,-75,48.8,12.7,375,20.0,62,209.2709388324357,0,1008.2,173.5967389590728,18.320590490904,38,,
2018,12,15,9,0,20.3,-58,2.7,12.5,146,23.0,798,283.44350026045595,0,1008.2,171.41185446995576,18.28633807526756,28,,
2018,12,15,10,0,20.2,-30,0,11.9,101,23.0,937,329.2098918451099,0,1008.2,169.31802437065176,18.10400467995129,20,,
2018,12,15,11,0,20,12,0,11.3,103,37.0,947,420.8981288170375,0,1008.1,168.96280510424208,18.50761657907432,18,,
2018,12,15,12,0,19.9,47,0,11.1,103,68.0,900,518.7545043726856,0,1007.9,169.9828583744993,18.573420940477472,24,,
2018,12,15,13,0,20,68,0,11.3,100,63.0,801,487.28756079963966,0,1007.6,172.7435265728094,19.46769044206359,34,,
2018,12,15,14,0,20,82,0,11.4,94,28.0,658,340.73334392040147,0,1007.2,174.33121275156918,19.17728204967836,45,,
2018,12,15,15,0,19.6,92,0,11.8,87,9.0,481,185.04698663615665,0,1007.2,178.35811236902282,18.882019873868227,56,,
2018,12,15,16,0,18.9,102,0,12.4,73,7.0,293,120.52843985919344,0,1007.5,180.77401767847448,18.66918398088013,67,,
2018,12,15,17,0,18.1,110,3.3,13,57,6.0,108,75.90645579739595,0,1007.7,179.75492606167393,18.607347951329576,78,,
2018,12,15,18,0,17.2,120,2.7,13.3,15,5.0,6,36.53332603407701,0,1008.1,180.6806251965795,17.983446579474364,88,,
2018,12,15,19,0,16.1,130,0,13.2,0,4.0,0,7.505784477004778,0,1008.6,180.3910677747412,16.16785706810766,98,,
2018,12,15,20,0,15,141,0,13.1,0,0.0,0,0.0,0,1009,182.785171876134,13.84716756628255,105,,
2018,12,15,21,0,14.2,155,0,12.9,0,0.0,0,0.0,0,1009.2,187.75949317892807,12.54923271031658,111,,
2018,12,15,22,0,13.7,169,0,12.6,0,0.0,0,0.0,0,1009.2,191.0921905367441,11.76743612243321,115,,
2018,12,15,23,0,13.1,-176,0,12.2,0,0.0,0,0.0,0,1009.1,199.3099556518413,9.6156497596717,116,,
2018,12,16,0,0,12.8,-161,0,12,0,0.0,0,0.0,0,1009.1,191.08707636745177,7.410526385034421,113,,
2018,12,16,1,0,12.7,-147,0,12,0,0.0,0,0.0,0,1009.1,193.0951337868964,8.115083754113744,108,,
2018,12,16,2,0,12.5,-135,0,11.9,0,0.0,0,0.0,0,1009.2,190.6830394599032,7.7545207589658895,101,,
2018,12,16,3,0,13.1,-124,0,12.2,2,0.0,1,0.0,0,1009.4,182.32097986225813,9.259793693276256,93,,
2018,12,16,4,0,14.2,-115,40.9,12.9,44,0.0,2,0.0,0,1009.7,176.20628263788888,8.50153932938085,83,,
2018,12,16,5,0,15.3,-106,43.4,13.6,155,57.0,6,37.0238197105317,0,1010.1,182.9918642047301,7.273586091389104,72,,
2018,12,16,6,0,16.8,-97,46.4,14.1,249,187.0,13,160.21291629671708,0,1010.3,194.3179939197105,6.345793977311897,61,,
2018,12,16,7,0,18.4,-87,25.1,14.4,336,300.0,169,324.15215155625924,0,1010.3,208.8834436711974,5.921692636545477,50,,
2018,12,16,8,0,20.1,-75,10.8,14.6,280,396.0,467,503.8185621384598,0,1010.3,219.8307255316407,5.3400386671477245,38,,
2018,12,16,9,0,21,-58,14.6,14.4,373,432.0,448,655.5375008612956,0,1010.2,231.92706489053128,4.7908509603662575,28,,
2018,12,16,10,0,21,-30,13.9,13.6,356,543.0,533,790.2526709193147,0,1009.9,239.14338447274343,5.239424919883526,20,,
2018,12,16,11,0,21.1,12,0.5,12.8,133,496.0,907,838.3254016639517,0,1009.6,270.6614583446248,5.625374866286311,18,,
2018,12,16,12,0,21.1,47,0,12.5,123,448.0,876,838.6939434466665,0,1009.4,319.1876541403825,6.678548155763,24,,
2018,12,16,13,0,21.1,68,0,12.5,121,366.0,775,767.6345770617052,0,1009.1,6.436656637492661,5.941014228643559,34,,
2018,12,16,14,0,21,82,0,12.5,113,248.0,635,623.2983195117472,0,1008.9,16.683019686305556,7.18449249785432,44,,
2018,12,16,15,0,20.6,92,0,12.9,94,215.0,474,507.62159799500233,0,1008.8,14.263135590484351,6.175469662685774,56,,
2018,12,16,16,0,19.8,101,0,13.5,77,304.0,290,451.14708926464505,0,1008.9,12.154669771631234,6.962975311834332,67,,
2018,12,16,17,0,19,110,1.8,14.1,56,350.0,112,339.17983404817664,0,1009,27.70046592656865,7.482579603252896,78,,
2018,12,16,18,0,18.2,120,2.6,14.5,16,232.0,6,162.6001214073026,0,1009.1,38.62260564216757,7.575077230544497,88,,
2018,12,16,19,0,17.4,130,0,14.7,0,67.0,0,24.60424717129421,0,1009,30.191589804426144,6.63009427000721,97,,
2018,12,16,20,0,16.5,141,0,14.8,0,0.0,0,0.0,0,1009,35.937308966695696,6.897007350057928,105,,
2018,12,16,21,0,16,154,0,14.9,0,0.0,0,0.0,0,1008.8,27.95760434721604,7.448917776907892,111,,
2018,12,16,22,0,15.8,169,0,14.8,0,0.0,0,0.0,0,1008.3,29.42090655282675,8.108173626826167,115,,
2018,12,16,23,0,15.6,-176,0,14.7,0,0.0,0,0.0,0,1007.8,27.061822944002643,7.555748061302014,116,,
2018,12,17,0,0,15.6,-161,0,14.7,0,0.0,0,0.0,0,1007.4,22.579572564026307,6.836540152006715,113,,
2018,12,17,1,0,15.5,-147,0,14.8,0,0.0,0,0.0,0,1007.1,13.236064566867014,7.1910298843155385,108,,
2018,12,17,2,0,15.5,-135,0,14.8,0,0.0,0,0.0,0,1006.8,8.82928861114442,7.062202379825523,101,,
2018,12,17,3,0,15.8,-124,0,14.9,2,0.0,1,0.0,0,1006.7,18.58182522739304,7.980994316940521,93,,
2018,12,17,4,0,16.3,-115,54.2,15,29,0.0,2,0.0,0,1006.8,30.32360686254998,7.675040716504376,83,,
2018,12,17,5,0,16.8,-106,59.7,15.2,113,23.0,0,25.799060629329837,0,1006.9,30.626982442336043,7.771624456247107,72,,
2018,12,17,6,0,18,-97,42.7,15.2,271,100.0,3,125.87348198612654,0,1006.9,42.3557674376529,8.288500052163805,61,,
2018,12,17,7,0,19.8,-87,13.6,15.2,252,214.0,329,279.35294324859734,0,1006.8,52.18901733095902,7.91688820420204,50,,
2018,12,17,8,0,21.7,-75,14.7,15.2,305,264.0,404,426.2949138177796,0,1006.6,65.31374990695355,10.32039428609225,39,,
2018,12,17,9,0,22.6,-59,0.3,15.1,114,271.0,839,547.3349705704616,0,1006.3,64.58706399028142,12.22867609591097,28,,
2018,12,17,10,0,22.5,-30,0.2,15,117,312.0,907,658.2606480158527,0,1005.8,64.34685225866133,14.91443155390594,20,,
2018,12,17,11,0,22.4,11,0,14.8,115,487.0,924,824.9660283502095,0,1005.4,66.47277167052272,15.3920855802144,18,,
2018,12,17,12,0,22.3,47,0.3,14.8,118,566.0000000000001,874,896.1525363488938,0,1004.9,67.2198695608032,15.75770512451143,24,,
2018,12,17,13,0,22.3,68,2.1,14.8,147,591.0,730,892.8012317175215,0,1004.5,64.13890560362074,15.800628744363106,33,,
2018,12,17,14,0,22.3,82,11.4,14.9,263,641.0,397,858.3865988302636,0,1004.1,62.368084805830165,16.07321472554996,44,,
2018,12,17,15,0,21.9,92,9.3,15.1,191,562.0,322,711.467379426592,0,1003.9,64.20876213098597,15.16657526146764,56,,
2018,12,17,16,0,21.1,101,3.9,15.5,103,563.0,249,577.9780269876763,0,1004,64.34451208044953,14.663924489415972,67,,
2018,12,17,17,0,20.3,110,2.7,15.8,58,492.0,110,394.0906491322672,0,1004.1,60.83530268350461,14.61171381379763,78,,
2018,12,17,18,0,19.4,120,3.3,16,17,282.0,7,177.56401791780868,0,1004.1,64.37528495351762,14.057676744881462,88,,
2018,12,17,19,0,18.4,130,0,15.9,0,59.0,0,22.68900620127017,0,1004.1,66.96330023035722,13.410492361397443,97,,
2018,12,17,20,0,17.4,141,0,15.9,0,0.0,0,0.0,0,1004.2,71.9708312903781,11.969552005759535,105,,
2018,12,17,21,0,16.7,154,0,15.7,0,0.0,0,0.0,0,1003.9,75.1500412866684,11.603622104712915,111,,
2018,12,17,22,0,16.3,169,0.2,15.5,0,0.0,0,0.0,0,1003.4,74.4012361048367,11.685016911440956,115,,
2018,12,17,23,0,15.8,-176,33.7,15.2,0,0.0,0,0.0,0,1002.9,78.39432806889579,12.105400971539574,116,,
2018,12,18,0,0,15.5,-161,35.2,14.9,0,0.0,0,0.0,0,1002.6,75.70237346236547,12.733015961472027,113,,
2018,12,18,1,0,15.2,-147,26.7,14.8,0,0.0,0,0.0,0,1002.5,80.65228826874636,12.299806165524735,108,,
2018,12,18,2,0,15,-135,34,14.6,0,0.0,0,0.0,0,1002.3,84.3891640475124,11.064485366383751,101,,
2018,12,18,3,0,15.2,-124,42.2,14.6,1,0.0,0,0.0,0,1002.5,91.13999192840772,10.614649797081125,93,,
2018,12,18,4,0,15.9,-115,24.6,14.8,46,0.0,19,0.0,0,1002.9,95.74343302865871,9.197293508134605,83,,
2018,12,18,5,0,16.5,-106,29,15,124,62.0,71,34.10070565095829,0,1003.4,90.03244284590681,8.192139985163013,72,,
2018,12,18,6,0,17.9,-97,19.9,15.3,215,121.0,163,131.12930444813298,0,1003.5,89.56837192106997,8.004865813181997,61,,
2018,12,18,7,0,19.8,-87,21.9,15.5,241,252.0,281,288.87859207874413,0,1003.2,89.48465848561449,6.43312154402344,50,,
2018,12,18,8,0,21.7,-76,0.3,15.8,117,314.0,708,443.05919237384535,0,1002.9,94.34383967688592,5.299157525751698,39,,
2018,12,18,9,0,22.9,-59,0,15.6,118,313.0,831,563.0293441160597,0,1002.6,105.05834436414337,4.302020650534765,28,,
2018,12,18,10,0,23.4,-31,0,15,120,165.0,901,582.5376112762688,0,1002.3,129.3449103603483,3.351417387197268,20,,
2018,12,18,11,0,23.8,11,0,14.4,118,172.0,919,645.4581240681,0,1002,173.38626730543183,5.178504941189338,18,,
2018,12,18,12,0,23.9,47,0.2,14.2,118,154.0,873,644.707449140006,0,1001.6,185.27352350277863,8.630279587148593,24,,
2018,12,18,13,0,23.8,68,0.2,14.4,114,139.0,780,605.0215108321148,0,1001.3,186.98631448365435,10.294943418500168,33,,
2018,12,18,14,0,23.7,82,2.2,14.6,136,135.0,597,543.6108625208657,0,1001,187.64725196507948,10.349123829460815,44,,
2018,12,18,15,0,23.2,92,0.1,15,91,75.0,478,384.0044157996274,0,1000.8,188.9417087966021,10.066923584854262,56,,
2018,12,18,16,0,22.4,101,0,15.6,74,70.0,296,287.6076406189371,0,1000.7,188.1832954909876,9.371792918650668,67,,
2018,12,18,17,0,21.5,110,6.3,16.2,61,46.0,106,168.52578370918891,0,1000.6,191.34047791890404,8.801478893736896,78,,
2018,12,18,18,0,20.3,120,4.5,16.3,18,18.0,5,62.62197819950443,0,1000.8,195.29910082445232,8.535644217013735,88,,
2018,12,18,19,0,18.8,130,0,16,0,6.0,0,9.792876615374194,0,1001.1,200.8058701079265,8.51942493804407,97,,
2018,12,18,20,0,17.2,141,0,15.8,0,0.0,0,0.0,0,1001.5,210.3405364611144,8.141430692285537,105,,
2018,12,18,21,0,16.3,154,0,15.5,0,0.0,0,0.0,0,1001.6,210.75494808413453,8.248985994041078,111,,
2018,12,18,22,0,16,169,0,15.3,0,0.0,0,0.0,0,1001.3,210.53017331503892,8.592634985287736,115,,
2018,12,18,23,0,15.8,-176,0,15.1,0,0.0,0,0.0,0,1001,209.8848855563304,9.257330982546426,116,,
2018,12,19,0,0,15.6,-161,0,15,0,0.0,0,0.0,0,1000.7,207.3422347651591,9.812306034697995,113,,
2018,12,19,1,0,15.6,-147,0,15,0,0.0,0,0.0,0,1000.1,211.90822564852743,11.323878398621677,108,,
2018,12,19,2,0,15.6,-135,0,15,0,0.0,0,0.0,0,999.6,211.86272152554352,11.734233608994058,101,,
2018,12,19,3,0,16,-124,0,15,1,0.0,0,0.0,0,999.3,208.56012044195103,11.820439012131562,93,,
2018,12,19,4,0,16.8,-115,6.2,15.1,44,0.0,37,0.0,0,999.1,206.7409567008885,12.233686008759582,83,,
2018,12,19,5,0,17.6,-106,0,15.3,72,4.0,191,14.1317151161034,0,998.9,201.64844301752967,12.718906591421517,72,,
2018,12,19,6,0,19,-97,0,15.5,93,12.0,370,65.4783845641433,0,998.6,199.434194428664,13.28551667062992,61,,
2018,12,19,7,0,20.9,-87,0.1,15.9,111,64.0,543,204.7827481582222,0,998.1,200.39027788688088,13.343146667866698,50,,
2018,12,19,8,0,22.8,-76,0.1,16.3,123,259.0,695,440.9361292932664,0,997.7,200.7612246782776,13.820259270961763,39,,
2018,12,19,9,0,23.9,-59,0,16.3,133,261.0,806,562.7354486403516,0,997.1,197.79940534640565,13.572533943399428,28,,
2018,12,19,10,0,24.4,-31,0,15.9,138,192.0,873,622.916381975199,0,996.4,197.1396356708776,13.654245094110554,20,,
2018,12,19,11,0,24.8,11,0.1,15.4,139,123.0,886,607.5594888357413,0,995.6,196.50274966799452,13.869177002369565,18,,
2018,12,19,12,0,25.2,47,0.2,15.2,131,46.0,851,473.823296073959,0,994.9,196.9212449298888,13.18101397104509,24,,
2018,12,19,13,0,25.6,68,0,15.2,123,31.0,762,402.233760519861,0,994.2,197.14026947852213,12.519670216091129,33,,
2018,12,19,14,0,26,82,0,15.1,116,26.0,623,342.0570731690068,0,993.6,197.44359038632325,11.338570699740757,44,,
2018,12,19,15,0,25.9,92,0,15.2,107,19.0,450,254.9696212465719,0,993.2,189.74386962510133,10.97769831418116,55,,
2018,12,19,16,0,25.2,101,4.4,15.5,113,15.0,231,178.79459175732092,0,993,191.13366173574883,10.816363567737858,67,,
2018,12,19,17,0,24.5,110,27.8,15.7,81,19.0,43,128.33531178024694,0,992.8,191.49929807175133,11.212867203890498,78,,
2018,12,19,18,0,23.6,120,38.2,15.8,12,15.0,0,62.711259284091774,0,993,194.11252870563808,11.65196414371376,88,,
2018,12,19,19,0,22.7,130,22.7,15.9,0,9.0,0,12.205025908631049,0,993.5,192.1106432412388,12.17676436194399,97,,
2018,12,19,20,0,21.8,141,40,15.9,0,0.0,0,0.0,0,994,190.9567926749796,11.683687455220186,105,,
2018,12,19,21,0,21.5,154,38.4,15.3,0,0.0,0,0.0,0,993.9,193.6432239837788,11.524147650609464,111,,
2018,12,19,22,0,21.8,169,45.4,13.9,0,0.0,0,0.0,0,993.1,199.782958615392,10.616564164659962,115,,
2018,12,19,23,0,22.1,-176,59.8,12.6,0,0.0,0,0.0,0,992.4,207.88860980381668,9.90750736235336,116,,
2018,12,20,0,0,22.3,-161,61.6,12,0,0.0,0,0.0,0,991.8,212.19607155458013,9.089894467135691,113,,
2018,12,20,1,0,22.4,-148,59.5,12,0,0.0,0,0.0,0,991.3,207.6932443170014,8.450983608292018,108,,
2018,12,20,2,0,22.5,-135,55.4,12.1,0,0.0,0,0.0,0,990.9,211.41379006072845,7.692174920554746,101,,
2018,12,20,3,0,22.4,-125,67.4,12.6,0,0.0,0,0.0,0,990.7,216.35131328466773,6.727375163079281,93,,
2018,12,20,4,0,22.1,-115,75.6,13.4,16,0.0,0,0.0,0,990.6,224.7559206480122,5.632909305708881,83,,
2018,12,20,5,0,21.8,-106,81.2,14.3,49,4.0,0,15.127530714665715,0,990.5,56.73577060966409,5.074644809423296,72,,
2018,12,20,6,0,22.1,-97,73,15,116,9.0,0,60.84762478794177,0,990.3,92.58920654318156,12.12737109655408,61,,
2018,12,20,7,0,23.1,-87,27,15.5,334,19.0,135,143.33345089962776,0,990.2,88.84994111322163,11.263743601928322,50,,
2018,12,20,8,0,24.1,-76,29.1,16,482,32.0,83,248.8696693145665,0,990.1,85.5734487201396,11.558403423530445,39,,
2018,12,20,9,0,23.8,-59,57.6,16.2,346,97.0,40,441.93237437706506,0,990.4,88.53427316012227,12.131166527022168,28,,
2018,12,20,10,0,22.2,-31,27.9,16.1,436,385.0,268,705.3890164107486,0,991.1,78.42030051016013,12.335295795180706,20,,
2018,12,20,11,0,20.6,10,85.8,16,140,567.0000000000001,0,872.6533737835942,0,991.8,72.48208617915748,14.032628747790168,18,,
2018,12,20,12,0,19.2,47,92,15.6,76,700.0000000000001,0,974.8691165067644,0,992.4,70.94325664249277,16.006885079085052,24,,
2018,12,20,13,0,18.1,68,92.5,15,65,809.0,0,1019.2147114410362,0,993,70.681518677903,15.856430601580817,33,,
2018,12,20,14,0,17,82,86.5,14.5,100,827.0000000000001,0,966.0206132943404,0,993.6,70.85600495709525,16.1272296713178,44,,
2018,12,20,15,0,16.4,92,44.3,13.8,246,810.0,61,847.0705198290219,0,994.1,72.38042978728618,16.16175550182894,55,,
2018,12,20,16,0,16.2,101,18.8,13,176,758.0,131,675.0000836789216,0,994.6,72.7158317542465,16.675885655676563,67,,
2018,12,20,17,0,16,110,45.8,12.3,90,660.0,19,464.3215187133524,0,995.1,74.15213535233272,16.312160702169272,77,,
2018,12,20,18,0,15.7,119,43.3,11.8,14,463.0,0,232.19897718839192,0,995.7,79.77382063965138,15.586216448436398,88,,
2018,12,20,19,0,15.3,130,42,11.6,0,197.0,0,44.704821865792994,0,996.6,84.73386243588533,14.252295955357631,97,,
2018,12,20,20,0,14.9,141,42.8,11.3,0,0.0,0,0.0,0,997.5,89.60082545862258,14.192483106686764,105,,
2018,12,20,21,0,14.7,154,42.6,11.4,0,0.0,0,0.0,0,998.2,92.04477308461968,14.143283077814582,111,,
2018,12,20,22,0,14.6,168,23.2,11.7,0,0.0,0,0.0,0,998.8,96.27625499980354,13.1916147881478,115,,
2018,12,20,23,0,14.5,-176,0,12,0,0.0,0,0.0,0,999.4,97.51911310829117,12.617774248209502,115,,
2018,12,21,0,0,14.2,-161,0,11.9,0,0.0,0,0.0,0,1000.2,100.14801049156632,11.990064148440974,113,,
2018,12,21,1,0,13.8,-148,0,11.4,0,0.0,0,0.0,0,1001.3,101.18624187359272,11.20033540404437,108,,
2018,12,21,2,0,13.4,-135,0,10.9,0,0.0,0,0.0,0,1002.4,99.85830835158424,10.627628879133583,101,,
2018,12,21,3,0,13.1,-125,0,10.4,1,0.0,0,0.0,0,1003.7,101.86676614020678,10.16873793856252,93,,
2018,12,21,4,0,12.7,-115,9.9,9.8,49,0.0,29,0.0,0,1005.3,98.95395265207787,10.748167414043891,83,,
2018,12,21,5,0,12.3,-106,33.5,9.2,125,9.0,47,18.276712796378924,0,1006.8,97.45827740111588,11.110108720181366,72,,
2018,12,21,6,0,12.8,-97,54.4,8.4,219,19.0,2,70.87524772785031,0,1008.1,101.1327290737796,10.805878359138744,61,,
2018,12,21,7,0,14,-88,63.3,7.4,257,37.0,0,160.23132622420613,0,1009.1,96.44507466658716,9.48499476436175,50,,
2018,12,21,8,0,15.2,-76,25.6,6.4,382,47.0,264,251.18764711151468,0,1010.1,95.10224670590094,9.163506939008297,39,,
2018,12,21,9,0,15.8,-60,11.7,5.8,297,38.0,576,301.9645670954168,0,1010.8,93.81738398281816,7.873181004329205,28,,
2018,12,21,10,0,15.9,-32,1.1,5.5,113,48.0,940,382.9075094940975,0,1011.3,81.48508022238696,7.289579064483425,20,,
2018,12,21,11,0,16,10,0,5.3,89,100.0,992,525.4299125550557,0,1011.8,70.70775655236577,9.313780424559583,18,,
2018,12,21,12,0,16.1,46,0,5.2,86,162.0,952,620.3236934811589,0,1012.2,63.89986062000287,12.01609464503887,24,,
2018,12,21,13,0,16.1,68,0,5.1,80,189.0,858,627.3672574380361,0,1012.5,61.09390528799287,12.661711755264468,33,,
2018,12,21,14,0,16.2,82,0,5,75,198.0,715,579.8804258406363,0,1012.8,61.46548921296841,12.641251417654283,44,,
2018,12,21,15,0,15.9,92,0,5.1,70,212.0,534,504.4859243323024,0,1013.2,61.448505189403534,12.287524423545864,55,,
2018,12,21,16,0,15.4,101,0,5.2,61,223.0,337,403.21643916433374,0,1013.7,61.05242400715662,12.262789963532152,66,,
2018,12,21,17,0,14.8,110,2,5.4,49,335.0,140,334.6330450076099,0,1014.2,59.06046896113276,11.586078668661637,77,,
2018,12,21,18,0,14,119,3.1,5.4,18,253.0,12,171.295186039369,0,1014.7,55.95097686511599,10.862234320974665,88,,
2018,12,21,19,0,12.8,130,0,5.4,0,118.0,0,33.18269611119911,0,1015.2,60.459374236820906,11.66282158170096,97,,
2018,12,21,20,0,11.7,141,0,5.4,0,0.0,0,0.0,0,1015.7,75.83130355932656,12.678915269408808,105,,
2018,12,21,21,0,11.2,154,0,5.7,0,0.0,0,0.0,0,1016,86.31559794238314,13.282090770811775,111,,
2018,12,21,22,0,11.3,168,0,6.2,0,0.0,0,0.0,0,1015.9,85.55532731748218,12.626595861303295,115,,
2018,12,21,23,0,11.5,-177,0,6.6,0,0.0,0,0.0,0,1015.9,84.55295375100059,11.851368127384436,115,,
2018,12,22,0,0,11.5,-162,0,7.1,0,0.0,0,0.0,0,1015.8,80.95796160110518,11.671157043722568,113,,
2018,12,22,1,0,11.3,-148,0,7.4,0,0.0,0,0.0,0,1015.7,77.41004264975709,10.420982871697962,108,,
2018,12,22,2,0,11.1,-136,0,7.8,0,0.0,0,0.0,0,1015.6,78.49329955300914,10.038179303813225,101,,
2018,12,22,3,0,11.6,-125,0,8.3,1,0.0,0,0.0,0,1015.7,81.64343329350282,9.47782535110755,93,,
2018,12,22,4,0,12.7,-115,55.5,9.1,20,0.0,3,0.0,0,1016,82.59025655436267,8.573794920576042,83,,
2018,12,22,5,0,13.7,-106,70.8,9.8,85,205.0,0,45.05167823367676,0,1016.3,82.39106764599029,7.568841600375678,72,,
2018,12,22,6,0,15,-97,49.5,10.1,218,473.0,31,199.80136462582325,0,1016.3,82.00401783171463,6.755374190726499,61,,
2018,12,22,7,0,16.6,-88,12.2,9.9,246,669.0,344,405.3675391422293,0,1016.2,75.73252958433727,6.602576928382084,50,,
2018,12,22,8,0,18.2,-76,5.7,9.7,207,760.0,585,607.461827431082,0,1016.2,72.61890850505705,8.231575133376719,39,,
2018,12,22,9,0,19,-60,2.6,9.6,171,813.0,767,785.9972795685775,0,1015.9,71.04065141230535,7.887109502112491,28,,
2018,12,22,10,0,18.9,-32,6.2,9.6,255,882.0,717,930.5718319500224,0,1015.6,60.81785729536307,8.543637522059619,20,,
2018,12,22,11,0,18.8,10,2.8,9.5,188,889.0,834,1020.3841620092024,0,1015.2,53.5840722498919,8.596949536587328,18,,
2018,12,22,12,0,18.7,46,2.9,9.6,178,869.0,803,1047.7365815392886,0,1014.8,51.428355412486496,8.821273389836357,23,,
2018,12,22,13,0,18.7,68,7.5,9.8,254,812.0,586,1002.5567231850614,0,1014.4,48.93572966476597,8.815603321918282,33,,
2018,12,22,14,0,18.6,82,9.6,10.1,231,760.0,460,913.6049823455168,0,1013.9,46.29484262795131,8.502816971145357,44,,
2018,12,22,15,0,18.3,92,15.7,10.4,265,602.0,218,725.199926993251,0,1013.7,44.47583971022476,8.001206612489453,55,,
2018,12,22,16,0,17.7,101,5.1,10.8,130,723.0,221,648.973209608219,0,1013.6,41.82016988013578,7.967217989988726,66,,
2018,12,22,17,0,17.2,110,10.3,11.2,90,682.0,67,467.1883805487545,0,1013.5,37.205728737564016,8.372214127976985,77,,
2018,12,22,18,0,16.6,119,5.2,11.5,21,477.0,2,234.1179117622913,0,1013.6,35.62161880696891,8.407415153274929,88,,
2018,12,22,19,0,16,129,0,11.6,0,200.0,0,44.72842781781726,0,1013.7,34.581136511098066,8.224871955327098,97,,
2018,12,22,20,0,15.4,141,0,11.8,0,0.0,0,0.0,0,1013.8,33.124763962080465,8.160150819213287,105,,
2018,12,22,21,0,14.9,154,0,11.8,0,0.0,0,0.0,0,1013.6,32.984473753248665,7.576985637313614,111,,
2018,12,22,22,0,14.6,168,0,11.6,0,0.0,0,0.0,0,1013.1,29.7448812969422,6.550584420492571,115,,
2018,12,22,23,0,14.4,-177,0,11.4,0,0.0,0,0.0,0,1012.7,20.229080381250355,5.728337329023845,115,,
2018,12,23,0,0,14.2,-162,0,11.2,0,0.0,0,0.0,0,1012.3,4.3987053549955135,5.704302104552317,113,,
2018,12,23,1,0,14,-148,1.6,11.2,0,0.0,0,0.0,0,1011.9,1.1345713702325495,7.397934764631159,109,,
2018,12,23,2,0,13.8,-136,9.9,11.2,0,0.0,0,0.0,0,1011.6,357.1612121589946,7.571791812378362,102,,
2018,12,23,3,0,14,-125,10.5,11.1,1,0.0,0,0.0,0,1011.5,352.34229030628615,7.504425777499568,93,,
2018,12,23,4,0,14.5,-115,18.8,11.2,50,0.0,22,0.0,0,1011.8,351.5173916952436,7.626643148416685,83,,
2018,12,23,5,0,15,-106,0,11.2,59,115.0,217,38.24397251542593,0,1012.1,355.4868893663392,7.942840825627813,72,,
2018,12,23,6,0,16,-97,10,11.1,158,236.0,273,154.44348861848263,0,1012.2,353.69412975618604,7.966412014279698,61,,
2018,12,23,7,0,17.6,-88,6.4,11,148,324.0,492,304.6745469820258,0,1012.1,348.80764085645706,8.049827793157132,50,,
2018,12,23,8,0,19.1,-76,3.6,10.8,145,453.0,675,488.1836169850386,0,1012,344.8213310615461,7.31778806233442,39,,
2018,12,23,9,0,19.9,-60,0,10.4,91,493.0,886,635.7058031435274,0,1011.8,335.4121792271514,6.75939541838759,29,,
2018,12,23,10,0,20,-32,0,9.7,94,615.0,958,797.2665869320668,0,1011.4,332.74156505894723,7.641841491247622,20,,
2018,12,23,11,0,20,9,0,9,95,617.0,974,873.4996951753764,0,1011,332.56303789078896,8.545433191314492,18,,
2018,12,23,12,0,20,46,0,8.8,94,742.0,931,972.6605330889277,0,1010.6,335.68190275022624,8.802769642469991,23,,
2018,12,23,13,0,20,68,0,9.2,92,787.0,834,985.1519429115976,0,1010.3,341.4006553613567,9.013995312542669,33,,
2018,12,23,14,0,20,82,0,9.7,87,804.0,690,934.2195013380208,0,1010,342.53937350673084,8.540233706245838,44,,
2018,12,23,15,0,19.6,92,0,10.2,80,744.0,514,797.2333685882766,0,1009.9,344.4396192313524,8.15459264892685,55,,
2018,12,23,16,0,19,101,0,10.9,68,624.0,322,600.6906819755069,0,1010.1,348.5179309573234,8.271244904025236,66,,
2018,12,23,17,0,18.3,110,2,11.6,53,548.0,133,413.4990759535898,0,1010.2,349.9930976711319,8.272580719297789,77,,
2018,12,23,18,0,17.3,119,3.5,12,19,350.0,10,197.1268520095348,0,1010.4,351.0982221315026,8.078012022929158,87,,
2018,12,23,19,0,15.9,129,0,12.1,0,139.0,0,36.46801888685973,0,1010.7,354.66037558202777,7.3877715435242575,97,,
2018,12,23,20,0,14.5,141,0,12.2,0,0.0,0,0.0,0,1011,357.94261850552266,6.9637175081050025,105,,
2018,12,23,21,0,13.8,154,0,12.2,0,0.0,0,0.0,0,1011,350.1174185149515,6.429634330409159,111,,
2018,12,23,22,0,13.8,168,0,12.2,0,0.0,0,0.0,0,1010.8,341.9988423746445,6.199971278954708,115,,
2018,12,23,23,0,13.7,-177,0,12.2,0,0.0,0,0.0,0,1010.6,328.5365562332982,6.106854711632997,115,,
2018,12,24,0,0,13.7,-162,0,12.3,0,0.0,0,0.0,0,1010.3,323.17256725615493,6.324611112075915,113,,
2018,12,24,1,0,13.9,-148,0,12.5,0,0.0,0,0.0,0,1009.9,319.48990377337225,5.839467085616784,109,,
2018,12,24,2,0,14.1,-136,0,12.6,0,0.0,0,0.0,0,1009.5,310.76309921092474,5.776220164681151,102,,
2018,12,24,3,0,14.6,-125,0,12.8,1,0.0,0,0.0,0,1009.3,300.03632064014096,6.161692899966801,93,,
2018,12,24,4,0,15.4,-115,21.2,13.1,53,0.0,9,0.0,0,1009.4,298.9042014118572,6.63960118647955,83,,
2018,12,24,5,0,16.2,-106,27.9,13.4,119,272.0,89,44.29300270767932,0,1009.4,299.33002581158445,6.595453417442242,73,,
2018,12,24,6,0,17.4,-97,8.6,13.6,137,563.0,306,204.2834157997941,0,1009.3,294.5069545223207,6.229415110882527,62,,
2018,12,24,7,0,19.1,-88,0,13.7,84,770.0,595,419.7052303922106,0,1009.1,286.9734240907128,5.360708293278809,50,,
2018,12,24,8,0,20.7,-76,1.4,13.9,112,856.0,725,626.4029118196189,0,1008.9,272.20915531535144,5.98516124410935,39,,
2018,12,24,9,0,21.5,-60,0,13.6,92,906.0,885,808.7138223538532,0,1008.5,259.7374982626987,7.475303942583486,29,,
2018,12,24,10,0,21.4,-33,0,13.1,94,939.0,958,953.216756897569,0,1008,258.1562078374316,9.5220527956582,20,,
2018,12,24,11,0,21.3,9,0,12.5,94,950.0,975,1047.0790043778684,0,1007.5,258.22348395203534,9.848411270849883,18,,
2018,12,24,12,0,21.3,46,0,12.2,93,950.0,934,1087.575790551131,0,1006.9,266.31853423602047,8.80601352363313,23,,
2018,12,24,13,0,21.2,68,0,12.2,90,942.0,840,1072.7089905655264,0,1006.4,267.97397119874694,9.274352368393316,33,,
2018,12,24,14,0,21.2,81,0,12.3,85,920.0,698,998.939648948264,0,1005.8,278.6817477465068,8.33772091794476,44,,
2018,12,24,15,0,20.8,92,0,12.5,78,883.0,522,871.111705516772,0,1005.4,296.0923367438461,7.556485527223615,55,,
2018,12,24,16,0,20,101,0,12.8,66,822.0000000000001,330,693.9518909144783,0,1005.2,323.8650257829718,7.130176391325673,66,,
2018,12,24,17,0,19.3,110,0.6,13.2,50,720.0,143,480.9749745714269,0,1004.9,340.23657479969927,7.692362495832357,77,,
2018,12,24,18,0,18.6,119,3.6,13.2,19,529.0,12,248.20123317346017,0,1004.6,347.80396956731204,7.6596915625931485,87,,
2018,12,24,19,0,17.9,129,0,13,0,250.0,0,51.346598320367015,0,1004.3,358.0563267231112,8.23471828664413,97,,
2018,12,24,20,0,17.3,141,0,12.8,0,0.0,0,0.0,0,1004,7.02289726360209,7.781526449570452,105,,
2018,12,24,21,0,17,154,0,12.7,0,0.0,0,0.0,0,1003.5,11.883862439139476,9.464323217646692,111,,
2018,12,24,22,0,17.1,168,0,12.8,0,0.0,0,0.0,0,1002.9,37.79412358365295,7.495213395784199,115,,
2018,12,24,23,0,17.2,-177,0,13,0,0.0,0,0.0,0,1002.3,33.94517500194047,7.588742261149683,115,,
2018,12,25,0,0,17.3,-162,0,13.1,0,0.0,0,0.0,0,1001.7,37.40758791449019,8.788131115200942,113,,
2018,12,25,1,0,17.5,-148,0,13.4,0,0.0,0,0.0,0,1001,44.93209794656411,8.740094545407315,109,,
2018,12,25,2,0,17.6,-136,0,13.6,0,0.0,0,0.0,0,1000.4,50.94791247862747,8.398082470154149,102,,
2018,12,25,3,0,18.1,-125,0,13.8,1,0.0,0,0.0,0,1000,59.13762109041011,8.566233753671552,93,,
2018,12,25,4,0,18.8,-115,10.2,14,51,0.0,16,0.0,0,999.8,59.245719071536655,7.902051097148055,83,,
2018,12,25,5,0,19.5,-106,4.1,14.2,93,139.0,150,38.52158103742837,0,999.7,57.4638252374632,7.710081541870846,73,,
2018,12,25,6,0,20.7,-97,0,14,103,367.0,354,174.5777574207379,0,999.5,64.02560603756865,8.134129486306447,62,,
2018,12,25,7,0,22.4,-88,0,13.3,113,495.0,543,348.3511229283748,0,999.2,69.08184539544777,8.052454586197072,50,,
2018,12,25,8,0,24.1,-76,0.1,12.7,118,710.0,707,573.5841602607778,0,999,71.72437468943576,7.635123493573584,39,,
2018,12,25,9,0,24.8,-60,0.8,12.3,135,520.0,811,640.4964062109249,0,998.5,65.63923011754054,7.570783389851739,29,,
2018,12,25,10,0,24.5,-33,5.2,12.3,218,427.0,759,703.4669699785085,0,997.8,60.88570716651196,8.513126013615498,20,,
2018,12,25,11,0,24.3,9,14.3,12.3,359,595.0,539,862.6958553985479,0,997.1,56.22272087844942,8.496700519511414,18,,
2018,12,25,12,0,24.1,46,5.7,12.5,236,810.0,712,1011.0821545167408,0,996.3,51.74337619272853,9.68266981363543,23,,
2018,12,25,13,0,24.1,68,5.5,12.7,222,894.0,634,1047.5166064171613,0,995.5,53.93540359071852,11.106858766601988,33,,
2018,12,25,14,0,24.1,81,1.2,13,141,852.0,608,962.8586606565692,0,994.7,56.09812760787025,11.7961946733355,44,,
2018,12,25,15,0,23.7,92,0.7,13.2,123,827.0000000000001,447,843.408987640089,0,994,58.93416794233372,12.54998156519596,55,,
2018,12,25,16,0,22.9,101,20.1,13.3,184,816.0000000000001,120,693.8852344446863,0,993.4,61.17063151814665,12.438341126682095,66,,
2018,12,25,17,0,22.2,110,42.2,13.4,92,706.0,10,476.8740540314628,0,992.9,65.34803849348378,12.33330830633786,77,,
2018,12,25,18,0,21.5,119,23.9,13.5,13,529.0,0,248.8886018559494,0,992.4,67.72194087373157,11.978353171162077,87,,
2018,12,25,19,0,20.9,129,0,13.5,0,253.0,0,52.08451871985358,0,992.1,69.57349690679945,12.474057898658309,97,,
2018,12,25,20,0,20.4,141,0,13.5,0,0.0,0,0.0,0,991.7,74.27644583479224,12.83603178513227,105,,
2018,12,25,21,0,19.9,154,0,13.6,0,0.0,0,0.0,0,991.4,78.21275882631397,12.133048033776968,111,,
2018,12,25,22,0,19.5,168,0,13.6,0,0.0,0,0.0,0,990.9,79.00737718033281,11.144173422175514,115,,
2018,12,25,23,0,19,-177,0,13.6,0,0.0,0,0.0,0,990.5,79.69056301693615,10.356903520705634,116,,
2018,12,26,0,0,18.3,-162,0,13.7,0,0.0,0,0.0,0,990.3,82.52092468300589,9.438206033633511,113,,
2018,12,26,1,0,17.3,-148,20.1,13.8,0,0.0,0,0.0,0,990.2,85.79354939020857,8.816963803531019,109,,
2018,12,26,2,0,16.3,-136,42.4,13.9,0,0.0,0,0.0,0,990.2,84.90931534243441,9.643752624798145,102,,
2018,12,26,3,0,15.4,-125,23,13.7,1,0.0,0,0.0,0,990.6,84.22030423262413,9.93011884555306,93,,
2018,12,26,4,0,14.5,-115,78.2,13.3,6,0.0,0,0.0,0,991.5,85.86974914424758,10.114892485726507,83,,
2018,12,26,5,0,13.6,-106,100,12.9,7,322.0,0,44.65683391299928,0,992.4,91.55666632723104,9.993678434329224,73,,
2018,12,26,6,0,13.1,-97,96.6,12.4,23,672.0,0,217.7114419515601,0,993.1,94.31528757847668,10.314641446960696,62,,
2018,12,26,7,0,13,-88,82.5,11.7,119,562.0,0,366.741748023648,0,993.6,96.0578650505788,8.72155428125554,50,,
2018,12,26,8,0,12.8,-76,65.1,11,295,287.0,1,415.8355185057818,0,994,96.3825187089958,6.204226004566766,39,,
2018,12,26,9,0,13.1,-60,31.6,10.3,397,368.0,256,573.8732856865008,0,994.6,87.04362312944045,3.962060246298865,29,,
2018,12,26,10,0,13.7,-33,11.3,9.6,274,924.0,644,949.92782725501,0,995.3,54.21195480200714,3.6955806401011446,20,,
2018,12,26,11,0,14.3,8,15.1,9,384,849.0,515,997.8019932578028,0,996,45.67229511735991,4.943527707143129,18,,
2018,12,26,12,0,14.6,45,24.8,8.5,347,765.0,422,990.0333585957046,0,996.8,45.11667380654865,6.697330188634699,23,,
2018,12,26,13,0,14.7,67,21.3,8.1,273,823.0000000000001,454,1010.541112215451,0,997.7,47.78126210519139,4.486332170536939,33,,
2018,12,26,14,0,14.7,81,6.2,7.8,185,928.0,548,1009.9943703275208,0,998.6,43.60221959878754,5.633326037484961,44,,
2018,12,26,15,0,14.4,92,14.5,7.4,167,849.0,341,857.5414875564115,0,999.6,52.24325787656596,6.391488275769813,55,,
2018,12,26,16,0,13.8,101,13.9,7,154,520.0,193,553.9413571525866,0,1000.8,59.61645633371921,5.180770628441628,66,,
2018,12,26,17,0,13.2,110,53.5,6.6,98,95.0,1,199.59454482656523,0,1001.9,53.05527183014465,3.663870312300846,77,,
2018,12,26,18,0,12.6,119,22.1,6.2,15,41.0,3,79.29461092434249,0,1003.1,56.548084350689976,4.1866954841971005,87,,
2018,12,26,19,0,11.8,129,19.3,5.8,0,31.0,0,17.457071466824722,0,1004.2,65.27910333812582,4.610784470317468,97,,
2018,12,26,20,0,11.1,141,31.9,5.3,0,0.0,0,0.0,0,1005.3,76.18703149623406,5.196673130466111,105,,
2018,12,26,21,0,10.8,153,37.4,5.3,0,0.0,0,0.0,0,1006.1,90.54486337991813,5.031965809008483,111,,
2018,12,26,22,0,10.8,168,23.3,5.8,0,0.0,0,0.0,0,1006.6,108.94936890312717,3.92976704662952,115,,
2018,12,26,23,0,10.9,-177,0,6.3,0,0.0,0,0.0,0,1007.1,139.05345969806814,3.28722342861634,116,,
2018,12,27,0,0,10.9,-162,0,6.4,0,0.0,0,0.0,0,1007.6,171.4286120436044,3.711868265778226,114,,
2018,12,27,1,0,10.9,-148,0,6.3,0,0.0,0,0.0,0,1008,201.70489674228884,5.140585589040398,109,,
2018,12,27,2,0,10.8,-136,0,6.2,0,0.0,0,0.0,0,1008.3,210.8794091893012,6.626861567136007,102,,
2018,12,27,3,0,11,-125,0,6.2,1,0.0,0,0.0,0,1009,213.46471575625355,4.768819932437351,93,,
2018,12,27,4,0,11.5,-115,2.4,6.4,34,0.0,48,0.0,0,1009.9,207.96187644989143,4.716360466080711,83,,
2018,12,27,5,0,12,-106,0,6.5,56,293.0,214,43.489063745354976,0,1010.7,221.21287001178388,6.202281774481998,73,,
2018,12,27,6,0,12.8,-98,0,6.6,68,533.0,409,199.4863945925953,0,1011.4,219.40010115514565,3.4497987944215662,62,,
2018,12,27,7,0,14,-88,17.1,6.5,210,721.0,347,406.3541356515618,0,1011.9,207.8750260842303,4.642146134168149,50,,
2018,12,27,8,0,15.2,-77,8.3,6.4,206,797.0,570,606.0030068274598,0,1012.4,212.8051535402048,5.576918869624081,39,,
2018,12,27,9,0,15.9,-60,19.8,6.2,271,762.0,511,747.9734027274407,0,1012.8,209.63680463450115,6.9030782225696,29,,
2018,12,27,10,0,15.9,-33,21.8,5.9,427,465.0,392,741.9427800914304,0,1013.1,210.1837203779456,9.31889756518884,21,,
2018,12,27,11,0,16,8,60.9,5.6,409,509.0,8,836.5545707047216,0,1013.3,211.45687290931903,8.499082912029648,18,,
2018,12,27,12,0,16.1,45,28.7,5.5,481,792.0,250,1018.4755028239784,0,1013.5,211.38133943138288,10.834928601746617,23,,
2018,12,27,13,0,16.1,67,9.5,5.6,255,736.0,586,975.3977210849108,0,1013.6,207.9218144587372,12.740752349246996,33,,
2018,12,27,14,0,16.1,81,9,5.7,212,747.0,498,920.0152681055948,0,1013.7,210.80334236444224,11.57502750966076,43,,
2018,12,27,15,0,15.9,92,0,5.8,76,529.0,525,698.6856274618303,0,1013.9,215.7648916213541,9.861941437321285,55,,
2018,12,27,16,0,15.6,101,1,6,74,175.0,320,369.9180447820276,0,1014.3,217.67903961281803,9.36680316534284,66,,
2018,12,27,17,0,15.2,110,1.8,6.2,57,26.0,134,128.05448353525446,0,1014.7,215.9571759040536,9.43498617127764,77,,
2018,12,27,18,0,14.4,119,4.6,6.3,21,12.0,9,48.90472534525972,0,1015.1,222.6281767284688,6.182122533252753,87,,
2018,12,27,19,0,13.2,129,41,6.5,0,3.0,0,5.434503841855589,0,1015.5,244.81615679589007,9.176986884708308,97,,
2018,12,27,20,0,12,140,45.7,6.6,0,0.0,0,0.0,0,1015.8,241.58030795613985,7.917841266194847,105,,
2018,12,27,21,0,11.5,153,45,7,0,0.0,0,0.0,0,1016,33.89005852681362,6.207709921722187,111,,
2018,12,27,22,0,11.7,168,29.3,7.4,0,0.0,0,0.0,0,1015.9,205.38062553016223,6.972278766404907,115,,
2018,12,27,23,0,11.9,-177,0,7.9,0,0.0,0,0.0,0,1015.8,237.5358091485516,10.726275085243843,116,,
2018,12,28,0,0,11.8,-162,0,8.2,0,0.0,0,0.0,0,1015.8,257.1005242077638,12.926566495817534,114,,
2018,12,28,1,0,11.6,-148,0,8.3,0,0.0,0,0.0,0,1015.7,252.08977082152308,10.023589816166334,109,,
2018,12,28,2,0,11.5,-136,0,8.3,0,0.0,0,0.0,0,1015.6,268.52469301985514,7.605060035448536,102,,
2018,12,28,3,0,11.7,-125,0,8.5,1,0.0,0,0.0,0,1015.7,329.4009319715361,12.084070262415658,93,,
2018,12,28,4,0,12.3,-115,0.6,8.8,31,0.0,51,0.0,0,1016,31.462897535848185,7.002691964681606,84,,
2018,12,28,5,0,12.9,-106,0,9.2,57,116.0,210,37.37127811973883,0,1016.3,63.65983068660705,5.953030928421675,73,,
2018,12,28,6,0,14,-98,0,9.2,72,438.0,400,189.20063071713648,0,1016.4,57.52522430911853,5.3890899905252665,62,,
2018,12,28,7,0,15.5,-88,0,9,83,631.0,587,389.4311807970307,0,1016.4,86.18526995993346,2.84027730158828,51,,
2018,12,28,8,0,16.9,-77,0,8.8,92,737.0,748,592.8513808584527,0,1016.3,13.227796002557568,0.755393661033691,39,,
2018,12,28,9,0,17.9,-61,0,8.7,100,766.0,868,760.6722476888598,0,1016.2,46.98086175664696,4.140326298430049,29,,
2018,12,28,10,0,18.2,-34,0,8.7,108,815.0000000000001,936,918.0143411209464,0,1016,57.83426622073887,5.8163212039179095,21,,
2018,12,28,11,0,18.6,8,8.1,8.7,285,843.0,690,1018.096713049748,0,1015.8,59.663716559636896,6.0025592154076834,18,,
2018,12,28,12,0,18.7,45,0.9,8.9,138,853.0,870,1063.19828569408,0,1015.6,57.556699723067936,6.731260783329423,23,,
2018,12,28,13,0,18.7,67,3.1,9.2,172,772.0,720,1006.42994530689,0,1015.3,54.97494580477627,8.117537640536312,33,,
2018,12,28,14,0,18.7,81,0,9.5,108,131.0,667,521.8474620605414,0,1015,48.268647292965966,6.591339072825265,43,,
2018,12,28,15,0,18.3,92,3.7,9.9,137,137.0,434,447.0415700185596,0,1014.9,30.656118189081383,6.215029159264203,55,,
2018,12,28,16,0,17.7,101,10.2,10.3,154,401.0,194,511.9779263426631,0,1014.8,29.700946309760862,5.726160896655586,66,,
2018,12,28,17,0,17,110,19.8,10.8,105,26.0,47,133.08114735012632,0,1014.8,29.16885423957018,4.578403093399974,77,,
2018,12,28,18,0,16.1,119,9.5,10.9,23,7.0,3,40.28510920843095,0,1014.8,41.97584644068485,4.116481380244003,87,,
2018,12,28,19,0,14.9,129,0,10.7,0,3.0,0,6.437398140823813,0,1014.8,48.29979817084126,4.408773159748244,97,,
2018,12,28,20,0,13.6,140,0,10.6,0,0.0,0,0.0,0,1014.7,55.789912598721855,3.625878918085846,105,,
2018,12,28,21,0,12.9,153,0,10.5,0,0.0,0,0.0,0,1014.6,38.9531641501672,4.639443378738556,111,,
2018,12,28,22,0,12.5,168,0,10.6,0,0.0,0,0.0,0,1014.2,56.74005940206473,3.887547650919125,115,,
2018,12,28,23,0,12.1,-177,0,10.6,0,0.0,0,0.0,0,1013.9,129.84701623746184,1.2532050528130092,116,,
2018,12,29,0,0,11.9,-162,0,10.6,0,0.0,0,0.0,0,1013.7,302.535525087764,3.552102467363269,114,,
2018,12,29,1,0,11.8,-148,0,10.6,0,0.0,0,0.0,0,1013.5,308.6780880843128,8.365591343956991,109,,
2018,12,29,2,0,11.6,-136,0,10.5,0,0.0,0,0.0,0,1013.4,301.7034530057986,7.611930797856945,102,,
2018,12,29,3,0,11.9,-125,0,10.5,1,0.0,0,0.0,0,1013.4,304.7151123759288,9.04247793097383,93,,
2018,12,29,4,0,12.6,-116,0.6,10.6,31,0.0,49,0.0,0,1013.6,332.3111229967397,10.315301855527236,84,,
2018,12,29,5,0,13.3,-106,0,10.7,58,4.0,207,12.07466935255616,0,1013.7,3.955907738047074,13.868736507242454,73,,
2018,12,29,6,0,14.5,-98,0,10.7,71,38.0,400,91.22921903949836,0,1013.7,10.40395496411736,14.202000845222411,62,,
2018,12,29,7,0,16.2,-88,0,10.7,80,318.0,590,312.03437740710933,0,1013.4,11.262126576786445,13.772279535995189,51,,
2018,12,29,8,0,17.9,-77,0,10.7,86,450.0,755,500.1827174304255,0,1013.2,18.166820087248823,12.505184824438318,40,,
2018,12,29,9,0,18.9,-61,0,10.7,90,736.0,879,755.5496197659146,0,1012.9,28.01677648820265,10.64908878856358,29,,
2018,12,29,10,0,19.2,-34,0,10.8,94,874.0,953,918.6382667759734,0,1012.5,38.8249040220872,11.23422470841134,21,,
2018,12,29,11,0,19.4,7,0.2,10.9,99,905.0,965,1021.7904720433576,0,1012.2,45.42757250683343,11.84436838755026,18,,
2018,12,29,12,0,19.6,44,0,11,90,818.0000000000001,938,1013.580262132406,0,1011.8,52.6630902833856,11.268294236439251,23,,
2018,12,29,13,0,19.7,67,0,11.2,85,762.0,848,969.9640560307236,0,1011.5,48.905886464179616,9.731857151747397,32,,
2018,12,29,14,0,19.8,81,0,11.4,79,654.0,710,850.5594953350683,0,1011.2,51.167014762271776,9.334970850360108,43,,
2018,12,29,15,0,19.5,91,0,11.7,73,630.0,534,737.8218995044183,0,1010.9,51.49677769607035,10.170587326324156,55,,
2018,12,29,16,0,18.9,101,0,12.1,62,626.0,343,602.7376747546856,0,1010.7,51.59217973665204,9.120277492422677,66,,
2018,12,29,17,0,18.3,110,0.5,12.4,45,492.0,157,393.0025910737948,0,1010.5,57.03410006167553,8.689891187652742,77,,
2018,12,29,18,0,17.3,119,4.7,12.5,20,280.0,14,177.67437296602216,0,1010.3,59.54980487660163,8.917489121213608,87,,
2018,12,29,19,0,15.9,129,0,12.3,0,124.0,0,34.1870010128962,0,1010.1,61.856005077517125,8.388549157200915,97,,
2018,12,29,20,0,14.5,140,0,12.1,0,0.0,0,0.0,0,1009.9,63.74051160741476,7.063149148089462,105,,
2018,12,29,21,0,13.6,153,0,11.9,0,0.0,0,0.0,0,1009.7,75.28492834940221,6.39732610158338,111,,
2018,12,29,22,0,13.3,167,0,11.8,0,0.0,0,0.0,0,1009.4,81.33586456689193,6.638253252927309,115,,
2018,12,29,23,0,12.9,-177,0,11.7,0,0.0,0,0.0,0,1009.1,79.31393479210345,6.97421892537266,116,,
2018,12,30,0,0,12.6,-162,0,11.6,0,0.0,0,0.0,0,1008.8,78.67894506306283,6.906103426038127,114,,
2018,12,30,1,0,12.4,-149,0,11.4,0,0.0,0,0.0,0,1008.5,73.65294566729654,5.927106418687572,109,,
2018,12,30,2,0,12.2,-136,0,11.2,0,0.0,0,0.0,0,1008.2,69.79877466080518,6.459875095572711,102,,
2018,12,30,3,0,12.6,-125,0,11.5,1,0.0,0,0.0,0,1008,73.64625682897463,7.034608983809124,94,,
2018,12,30,4,0,13.7,-116,9.4,12.2,42,0.0,31,0.0,0,1008,78.48448070647424,6.164866125520382,84,,
2018,12,30,5,0,14.7,-107,10.4,13,106,257.0,130,40.32430532538129,0,1008.1,72.89478042605731,7.019738034539109,73,,
2018,12,30,6,0,16.1,-98,11.1,13.4,135,473.0,293,187.00501802665053,0,1008.1,70.87644717924104,6.815833671590182,62,,
2018,12,30,7,0,18,-88,0.2,13.5,80,779.0,592,415.5915835670342,0,1008.1,67.47448242855563,7.128033251675734,51,,
2018,12,30,8,0,19.8,-77,0.1,13.6,85,878.0,760,627.783515492566,0,1008,60.35664201989698,6.784704576567193,40,,
2018,12,30,9,0,20.8,-61,0.1,13.3,89,929.0,886,813.038223004239,0,1007.8,56.77135301204106,7.37391920575555,29,,
2018,12,30,10,0,20.9,-34,0.8,12.5,108,969.0,939,959.6789629554536,0,1007.4,52.28453103744408,7.560393619388348,21,,
2018,12,30,11,0,21.1,7,0.1,11.7,91,982.0,984,1057.9676562415343,0,1007,46.72714614841186,7.841295507990095,18,,
2018,12,30,12,0,21.3,44,0,11.5,87,981.0,950,1099.0833523250592,0,1006.6,44.09395225303996,8.38447593403566,23,,
2018,12,30,13,0,21.4,67,0,11.6,86,958.0,854,1077.085206336104,0,1006.1,43.382252448877125,8.371399920583437,32,,
2018,12,30,14,0,21.5,81,0,11.8,83,929.0,711,1000.1959961575944,0,1005.6,47.38594403038883,8.492643875731515,43,,
2018,12,30,15,0,21.2,91,0,12.3,76,905.0,534,881.377630297685,0,1005.3,52.4299658423152,9.462425209465414,55,,
2018,12,30,16,0,20.4,101,0,13,67,843.0,339,703.4945375020693,0,1005,57.40157301712384,10.708700162019747,66,,
2018,12,30,17,0,19.6,109,2.1,13.7,57,728.0,140,484.5977309263094,0,1004.7,60.45700072458385,11.447574662725057,77,,
2018,12,30,18,0,18.4,119,4.5,13.8,22,488.0,12,237.2032182341519,0,1004.6,64.93358491430479,11.501450618183664,87,,
2018,12,30,19,0,17,129,0,13.2,0,216.0,0,47.84774037052407,0,1004.9,71.66865320623293,11.656208480576929,96,,
2018,12,30,20,0,15.6,140,0,12.7,0,0.0,0,0.0,0,1005.1,77.21359484343157,10.448807904018793,105,,
2018,12,30,21,0,15,153,0,12.3,0,0.0,0,0.0,0,1004.9,79.38308897172999,9.3937211510221,111,,
2018,12,30,22,0,15,167,0,12.1,0,0.0,0,0.0,0,1004.4,77.85238579716992,8.613272516847365,115,,
2018,12,30,23,0,15,-178,0,11.8,0,0.0,0,0.0,0,1003.9,76.3493196983174,8.922445800079004,116,,
2018,12,31,0,0,15.1,-163,0,11.7,0,0.0,0,0.0,0,1003.3,78.09381675957758,8.797165996284976,114,,
2018,12,31,1,0,15.1,-149,0,11.7,0,0.0,0,0.0,0,1002.8,72.46158138076532,8.304234364044309,109,,
2018,12,31,2,0,15.2,-136,0,11.7,0,0.0,0,0.0,0,1002.3,78.90859304156675,8.134856862155297,102,,
2018,12,31,3,0,15.7,-125,0,12.1,1,0.0,0,0.0,0,1002.1,81.82718693691209,7.642314158598757,94,,
2018,12,31,4,0,16.6,-116,18.9,12.7,42,0.0,9,0.0,0,1002.2,82.0625642622532,7.259244832921678,84,,
2018,12,31,5,0,17.6,-107,4.3,13.4,73,268.0,172,38.99902583086017,0,1002.4,82.77173243411636,6.973634133033643,73,,
2018,12,31,6,0,19.3,-98,0,14.1,91,589.0,367,198.5697168123292,0,1002.4,81.36067615212266,7.505571997623174,62,,
2018,12,31,7,0,21.7,-88,0,14.7,103,697.0000000000001,553,390.8820683999703,0,1002.3,81.40795106324646,6.162421821616775,51,,
2018,12,31,8,0,24.1,-77,0,15.2,109,857.0,721,614.7745692375531,0,1002.2,74.2764618091714,5.84594979930352,40,,
2018,12,31,9,0,25.4,-61,0,15.1,100,922.0,863,804.6795569570833,0,1002,63.34720650328376,4.91946450197719,29,,
2018,12,31,10,0,25.4,-34,0,14.3,101,934.0,940,947.7227595875052,0,1001.8,45.29071276147755,6.362489228342527,21,,
2018,12,31,11,0,25.4,7,0,13.5,102,945.0,957,1043.5221228342052,0,1001.5,42.14475149295379,6.487679478288683,18,,
2018,12,31,12,0,25.4,44,0.9,13,122,943.0,888,1084.5113597480054,0,1001.3,36.22600254022359,6.943260709380783,23,,
2018,12,31,13,0,25.4,66,1.9,12.9,135,913.0,772,1057.4644103094763,0,1001.2,31.830091117784605,8.213443399122482,32,,
2018,12,31,14,0,25.4,81,3.9,12.8,154,861.0,594,967.6932291305076,0,1001.1,33.76395198098959,8.243994756048433,43,,
2018,12,31,15,0,24.8,91,0,13.1,92,831.0000000000001,505,846.8070598873614,0,1001.2,37.54317411940963,8.958968144849734,54,,
2018,12,31,16,0,23.7,100,2.5,13.8,101,737.0,281,657.5286027874877,0,1001.5,40.64302499415368,9.307674924491078,66,,
2018,12,31,17,0,22.6,109,0.8,14.5,63,654.0,125,458.75042137053,0,1001.9,42.72740693626832,9.303458263128926,77,,
2018,12,31,18,0,21.4,119,18.2,14.7,19,445.0,13,226.43761951242428,0,1002.2,43.319419713865045,9.565420418501642,87,,
2018,12,31,19,0,20.2,129,43.9,14.4,0,168.0,0,40.88412623334486,0,1002.6,40.28837668295751,8.795533157511013,96,,
2018,12,31,20,0,18.9,140,40.8,14.1,0,0.0,0,0.0,0,1002.9,37.26495959505161,8.221728644523756,105,,
2018,12,31,21,0,18.1,153,45.2,14,0,0.0,0,0.0,0,1003.1,33.94358701975182,7.83521697210741,111,,
2018,12,31,22,0,17.6,167,23,14,0,0.0,0,0.0,0,1003,25.78759496870612,6.89597844828786,115,,
2018,12,31,23,0,17.2,-178,0,14.1,0,0.0,0,0.0,0,1002.9,15.97259789777138,7.346108175651183,116,,
