country,source,state,timezone,lat,lon,elevation,Temperature Units,Azimuth Units,Cloud Opacity Units,Dew Point Units,DHI Units,DNI Units,EBH Units,GHI Units,Snow Depth Units,Pressure Units,Wind Direction Units,Wind Speed Units,Zenith Units
Australia,BOM,Tas,10.0,-40.9,145.04,0,deg C,degree,%,deg C,W/m2,W/m2,W/m2,W/m2,cm,mbar,degree,m/s,degree
Year,Month,Day,Hour,Minute,Temperature,Azimuth,Cloud Opacity,Dew Point,DHI,DNI,EBH,GHI,Snow Depth,Pressure,Wind Direction,Wind Speed,Zenith,,
2018,1,1,0,0,13,-163,48.4,9.3,0,0.0,0,0.0,0,1001.6,21.93213944065212,6.934487663993835,114,,
2018,1,1,1,0,13.1,-149,69.2,9.6,0,0.0,0,0.0,0,1001.2,15.17043520087924,7.011932352791875,109,,
2018,1,1,2,0,13.2,-136,80.9,10,0,0.0,0,0.0,0,1000.7,15.249676604006083,7.213973541735807,102,,
2018,1,1,3,0,13.4,-125,79.4,10.5,0,0.0,0,0.0,0,1000.8,13.931192123780932,7.621647457340785,94,,
2018,1,1,4,0,13.6,-116,86.8,11.1,6,0.0,0,0.0,0,1001.2,11.895290624472691,7.38614975519565,84,,
2018,1,1,5,0,13.8,-107,88.2,11.8,29,57.0,0,34.97969894616504,0,1001.7,7.633411594595316,7.05766042799297,73,,
2018,1,1,6,0,14.2,-98,82.3,12.5,78,93.0,0,127.50889607633866,0,1002.3,4.274068800820714,6.473079982924051,62,,
2018,1,1,7,0,14.8,-88,90.4,13.2,52,209.0,0,286.10553986581795,0,1003,5.006984278172297,7.418445011416166,51,,
2018,1,1,8,0,15.4,-76,88.5,13.9,95,301.0,0,457.2648932812999,0,1003.7,0.6177203187361897,7.880584950260227,40,,
2018,1,1,9,0,15.9,-60,80.8,13.5,179,517.0,0,685.1291118390751,0,1004,356.198318801578,8.483756199114046,30,,
2018,1,1,10,0,16.4,-33,59.9,12.3,405,430.0,7,729.9610170660087,0,1004.1,11.038530845904972,10.56285884913482,21,,
2018,1,1,11,0,16.9,6,25.9,10.9,426,356.0,353,755.7874776000979,0,1004.2,7.431005753188003,10.495620066634162,19,,
2018,1,1,12,0,17.1,42,5.9,9.7,228,314.0,734,751.7694313300669,0,1004.4,8.172404694283614,10.428412270182935,23,,
2018,1,1,13,0,17.2,65,7.9,8.6,236,475.0,628,834.8339924521747,0,1004.7,11.262392650382084,10.675549102280252,32,,
2018,1,1,14,0,17.2,80,4.1,7.6,155,526.0,606,802.4405625619377,0,1005,12.989118741868538,10.488338241564382,43,,
2018,1,1,15,0,16.9,91,0,7,74,577.0,544,727.8064939262143,0,1005.3,13.387843889366875,10.72128221779415,54,,
2018,1,1,16,0,16.3,100,0.2,6.8,65,494.0,349,552.5609706773324,0,1005.7,10.72447589097493,11.419429389377706,66,,
2018,1,1,17,0,15.6,109,12.4,6.7,75,436.0,117,378.4651143711064,0,1006.1,13.74080581725326,10.714106298999404,77,,
2018,1,1,18,0,14.7,118,6.9,6.7,30,271.0,10,178.61366894556477,0,1006.5,23.60022902321685,9.53504960978384,87,,
2018,1,1,19,0,13.5,129,0.6,6.8,0,79.0,0,26.5717880459978,0,1006.9,25.77647827695756,8.686876844107733,96,,
2018,1,1,20,0,12.3,140,32.9,6.8,0,0.0,0,0.0,0,1007.3,29.38253410137054,7.07236216220322,104,,
2018,1,1,21,0,11.6,153,18.4,7,0,0.0,0,0.0,0,1007.4,30.48827198600685,5.8980210163538205,111,,
2018,1,1,22,0,11.3,167,0.6,7.3,0,0.0,0,0.0,0,1007.2,30.09593527913045,5.6837198040279455,115,,
2018,1,1,23,0,11,-178,33.5,7.6,0,0.0,0,0.0,0,1007,27.02755874459996,5.5455855899142605,116,,
2018,1,2,0,0,10.9,-163,49.4,7.9,0,0.0,0,0.0,0,1006.8,25.50929507522943,5.706435932961606,114,,
2018,1,2,1,0,11,-149,41.5,8.2,0,0.0,0,0.0,0,1006.7,24.37504120319636,5.997217273138333,109,,
2018,1,2,2,0,11.1,-136,13.7,8.5,0,0.0,0,0.0,0,1006.6,19.711591868486494,5.603239125091058,102,,
2018,1,2,3,0,11.8,-126,0.7,9.1,1,0.0,0,0.0,0,1006.6,15.334879259995148,5.322051460086849,94,,
2018,1,2,4,0,12.9,-116,34.1,10,36,0.0,0,0.0,0,1006.8,15.22154936206698,5.189631989152838,84,,
2018,1,2,5,0,14.1,-107,62.1,10.9,84,11.0,0,18.166279271981796,0,1007.1,14.36095713153594,5.150944899475193,74,,
2018,1,2,6,0,15.5,-98,66.4,11.7,147,40.0,0,91.43847528679088,0,1007,13.430685853614932,5.328087602411397,62,,
2018,1,2,7,0,17.1,-88,49.3,12.4,326,77.0,3,201.23784459262785,0,1006.8,13.094607674649067,4.435400781950929,51,,
2018,1,2,8,0,18.7,-76,27.8,13.1,431,255.0,148,416.80580895652486,0,1006.5,8.30628063880016,7.354739407740538,40,,
2018,1,2,9,0,19.5,-60,23.1,13.4,492,133.0,211,442.417547365837,0,1006.1,7.933747549874454,8.150523843049045,30,,
2018,1,2,10,0,19.8,-33,47.7,13.3,440,66.0,72,456.0856711992088,0,1005.5,5.88480473259142,8.972332630956064,22,,
2018,1,2,11,0,19.9,6,51.5,13.2,487,52.0,0,467.0978178890357,0,1005,3.711440103089842,9.655259612443835,19,,
2018,1,2,12,0,20.1,42,40.8,13.2,574,28.0,1,396.5361487990269,0,1004.4,7.8964011351059185,10.335549532528354,23,,
2018,1,2,13,0,20.1,65,33.4,13.4,545,24.0,44,363.622089518908,0,1003.7,6.338392833371131,11.163209152442704,32,,
2018,1,2,14,0,20.2,80,33.2,13.6,474,27.0,27,340.0482163823922,0,1003.1,9.206859152082416,11.999559615418937,43,,
2018,1,2,15,0,20,91,28.2,13.7,355,12.0,52,209.54623021218583,0,1002.5,12.542708163762256,12.006513320541348,54,,
2018,1,2,16,0,19.6,100,38.5,13.8,210,10.0,29,147.63611581131082,0,1001.9,18.034615190555314,13.137901325520335,66,,
2018,1,2,17,0,19.2,109,21.9,13.8,102,31.0,21,150.62300211646098,0,1001.3,21.31290400433602,12.628830066737844,77,,
2018,1,2,18,0,19.1,118,37.1,13.8,25,7.0,12,45.2929674889965,0,1000.9,23.6656807685136,11.958290841307338,87,,
2018,1,2,19,0,19.2,128,20.2,14,0,2.0,0,5.293850961131113,0,1000.6,24.46769884151462,11.945308001700154,96,,
2018,1,2,20,0,19.4,140,45,14.1,0,0.0,0,0.0,0,1000.4,27.70390403616011,10.970255139864742,104,,
2018,1,2,21,0,19.5,153,57.1,14.1,0,0.0,0,0.0,0,999.9,26.62816453263372,11.200436355933306,111,,
2018,1,2,22,0,19.7,167,18.1,14.1,0,0.0,0,0.0,0,999.2,36.59970100378371,12.48710174049571,115,,
2018,1,2,23,0,19.8,-178,0,14.1,0,0.0,0,0.0,0,998.5,46.00836135993609,9.534988545619443,116,,
2018,1,3,0,0,20,-163,0.6,13.9,0,0.0,0,0.0,0,998.1,42.25089955730181,7.886169463590054,114,,
2018,1,3,1,0,20.3,-149,29.8,13.5,0,0.0,0,0.0,0,997.8,40.05553379182504,7.1364672428072335,109,,
2018,1,3,2,0,20.5,-137,16.7,13.1,0,0.0,0,0.0,0,997.5,42.74995476183517,6.666030110327526,102,,
2018,1,3,3,0,20.6,-126,1,13.1,0,0.0,0,0.0,0,997.8,41.5353691511782,6.318886311887934,94,,
2018,1,3,4,0,20.6,-116,50,13.5,17,0.0,0,0.0,0,998.4,42.59024039408712,6.224453290042284,84,,
2018,1,3,5,0,20.5,-107,48.1,13.8,138,73.0,2,35.948229171716946,0,999,46.35522614519033,6.277328595639864,74,,
2018,1,3,6,0,21.7,-98,23,14,250,118.0,88,135.66320389093144,0,999.3,44.21752800923116,6.219528877900899,63,,
2018,1,3,7,0,23.6,-88,7.5,14.1,203,130.0,383,249.38022369982684,0,999.4,43.871869161858285,4.498146980288125,51,,
2018,1,3,8,0,25.6,-76,1,14.2,162,311.0,625,462.4324552361743,0,999.4,34.42663123826213,5.867834312047774,40,,
2018,1,3,9,0,26.3,-60,23.7,14,440,319.0,252,595.1037121905159,0,999.1,29.589038984450383,6.546338885623302,30,,
2018,1,3,10,0,26,-33,21.3,13.6,496,221.0,286,612.7947751017437,0,998.6,28.10412987646822,8.321218525444653,22,,
2018,1,3,11,0,25.5,6,4.6,13.1,291,239.0,671,687.2244680814172,0,998,25.920383959834908,8.1610728689934,19,,
2018,1,3,12,0,25.2,42,0.1,13,202,326.0,767,773.7494154368376,0,997.5,24.27094409607588,9.080167087669706,23,,
2018,1,3,13,0,24.9,65,4.1,13.1,248,371.0,591,783.5995607869327,0,996.9,17.450269489068432,9.528617823746306,32,,
2018,1,3,14,0,24.7,80,55.5,13.3,171,545.0,181,824.4439277317358,0,996.3,17.31519215519279,9.39065435281187,43,,
2018,1,3,15,0,23.9,91,93.3,13.5,50,488.0,0,689.3584896553546,0,996.1,19.508768622886123,9.866479532632836,54,,
2018,1,3,16,0,22.8,100,97.8,13.9,10,152.0,0,362.9389257922011,0,996.3,25.21655825790816,9.840332555195902,66,,
2018,1,3,17,0,21.6,109,85.7,14.2,14,72.0,0,192.3234950273541,0,996.5,27.09367223895225,10.165588947470264,77,,
2018,1,3,18,0,20.6,118,57.3,14.3,6,46.0,0,88.09048473372775,0,997.1,28.589828543143483,10.28119518242226,87,,
2018,1,3,19,0,19.7,128,69.2,14.1,0,27.0,0,16.976362991933733,0,998.1,29.500949151360143,9.275041761201477,96,,
2018,1,3,20,0,18.8,140,83,13.8,0,0.0,0,0.0,0,999,31.019002749722745,7.946425807226811,104,,
2018,1,3,21,0,18.1,153,82.6,13.5,0,0.0,0,0.0,0,999.5,31.651537365207048,6.784271081473834,111,,
2018,1,3,22,0,17.6,167,62.2,13,0,0.0,0,0.0,0,999.7,27.44341105219246,6.417221002558621,115,,
2018,1,3,23,0,17,-178,50.8,12.6,0,0.0,0,0.0,0,999.8,21.865162442692792,5.867133073008271,116,,
2018,1,4,0,0,16.4,-163,51,12.5,0,0.0,0,0.0,0,1000.1,11.693256444324447,5.71105264946821,114,,
2018,1,4,1,0,15.7,-149,56.5,12.6,0,0.0,0,0.0,0,1000.6,4.003736937244867,5.4407684379569865,109,,
2018,1,4,2,0,15.1,-137,53.6,12.8,0,0.0,0,0.0,0,1001.2,353.6330858357149,5.838501398955525,103,,
2018,1,4,3,0,14.7,-126,50.9,12.6,0,0.0,0,0.0,0,1002.1,348.3091859702113,5.884523793799204,94,,
2018,1,4,4,0,14.5,-116,62.8,12.2,23,0.0,3,0.0,0,1003.4,348.4443936977231,6.264426371205724,84,,
2018,1,4,5,0,14.3,-107,25,11.8,51,11.0,175,18.1189259069038,0,1004.7,350.79247757388225,6.389949996107856,74,,
2018,1,4,6,0,14.9,-98,1.9,11.1,84,16.0,372,67.89829607841949,0,1005.5,357.815029088336,6.557257679211618,63,,
2018,1,4,7,0,16.1,-88,1,10.3,79,72.0,584,202.0742118306795,0,1006.1,2.848151071351652,7.546920128602495,51,,
2018,1,4,8,0,17.4,-76,0,9.5,70,163.0,775,371.4118434661869,0,1006.6,7.77471122412004,8.778202115076995,40,,
2018,1,4,9,0,17.9,-60,0,8.9,71,85.0,907,396.7617595067543,0,1007.1,9.631028630322362,9.473612984389886,30,,
2018,1,4,10,0,17.9,-34,0,8.4,72,28.0,987,320.8655977058958,0,1007.5,11.02649354908334,9.920696305676175,22,,
2018,1,4,11,0,17.9,5,0,8,72,69.0,1008,471.3511355577561,0,1008,14.13036502531412,9.912472792103433,19,,
2018,1,4,12,0,18,41,0,7.6,72,236.0,971,691.3512747804305,0,1008.2,17.750411981533432,10.397579123293864,23,,
2018,1,4,13,0,18.1,65,0,7.4,70,415.0,880,797.9288674967829,0,1008.4,17.815378281820472,10.973729628050725,32,,
2018,1,4,14,0,18.2,80,0,7.1,66,375.0,741,712.018125086819,0,1008.5,18.40458275729901,10.63400937028296,43,,
2018,1,4,15,0,18,90,0,7.2,60,361.0,565,607.3739468016045,0,1008.7,24.10787259085197,10.66803555378623,54,,
2018,1,4,16,0,17.4,100,0,7.6,53,367.0,368,487.8562450054642,0,1009,26.4546490721778,10.482679934991822,66,,
2018,1,4,17,0,16.9,109,0,8,40,290.0,175,315.43102849315983,0,1009.3,26.68076302509303,9.893529146203097,77,,
2018,1,4,18,0,15.8,118,0,8.4,12,142.0,39,133.63963443439772,0,1009.7,29.57190687680145,9.589206579604395,87,,
2018,1,4,19,0,14.5,128,0,8.8,0,45.0,0,19.6383508803767,0,1010.2,34.79570491234523,8.481680264729729,96,,
2018,1,4,20,0,13,140,0,9.2,0,0.0,0,0.0,0,1010.7,38.65640252734698,7.055919898651632,104,,
2018,1,4,21,0,12.5,152,1,9.5,0,0.0,0,0.0,0,1010.9,38.845360467159765,6.381233893251781,111,,
2018,1,4,22,0,12.7,167,51.6,9.6,0,0.0,0,0.0,0,1010.8,37.487906869890026,6.342263470382908,115,,
2018,1,4,23,0,12.9,-178,61.9,9.8,0,0.0,0,0.0,0,1010.7,38.74941262543285,6.802145841310328,116,,
2018,1,5,0,0,12.9,-163,51.9,9.9,0,0.0,0,0.0,0,1010.6,40.32692611538198,7.509661396230942,114,,
2018,1,5,1,0,12.7,-149,52,10,0,0.0,0,0.0,0,1010.6,38.966532307824025,7.450006980380686,109,,
2018,1,5,2,0,12.5,-137,52,10.2,0,0.0,0,0.0,0,1010.6,44.52356296203146,6.809590864677056,103,,
2018,1,5,3,0,12.6,-126,51.6,10.3,1,0.0,0,0.0,0,1010.8,43.86017078910663,5.866556349533532,94,,
2018,1,5,4,0,13,-116,53.8,10.5,37,0.0,0,0.0,0,1011.2,42.549298539624886,5.086982631385988,84,,
2018,1,5,5,0,13.4,-107,59.7,10.7,99,67.0,0,31.575318931875103,0,1011.6,48.98933770552867,4.369756151342217,74,,
2018,1,5,6,0,14.4,-98,71.9,10.8,122,180.0,2,142.1542992275332,0,1011.9,48.53313814986308,3.7565668226356346,63,,
2018,1,5,7,0,15.8,-88,44.8,10.8,295,541.0,92,364.63170030722944,0,1012.2,47.534016462316,3.439978702903404,52,,
2018,1,5,8,0,17.3,-76,25.4,10.9,435,691.0000000000001,184,575.0765378949063,0,1012.5,55.61965527615513,4.316574162458002,40,,
2018,1,5,9,0,18.1,-60,35.2,10.9,541,532.0,75,663.7975644564265,0,1012.4,61.25681805485698,4.205710937964398,30,,
2018,1,5,10,0,18.4,-34,57.6,10.8,435,684.0,0,843.5546589559818,0,1012.2,59.77959659118147,3.353171658080212,22,,
2018,1,5,11,0,18.7,5,55.7,10.8,469,782.0,0,972.7799692428124,0,1011.9,35.40736610213071,2.1962232770689,19,,
2018,1,5,12,0,18.9,41,57.7,10.8,434,845.0,0,1044.0982197671892,0,1011.8,1.6007181736932807,3.041470091272457,23,,
2018,1,5,13,0,19.1,64,56.7,10.9,396,825.0000000000001,2,1021.842983289112,0,1011.6,352.4236826010483,5.044033797929082,32,,
2018,1,5,14,0,19.2,79,35.5,11,394,794.0,101,943.1763738481428,0,1011.5,344.6825161440581,5.508167444790828,43,,
2018,1,5,15,0,19,90,13.3,11.2,235,742.0,279,809.7933333653373,0,1011.5,339.08436933630657,6.064656768672219,54,,
2018,1,5,16,0,18.4,100,2.4,11.4,96,463.0,294,532.7885126318529,0,1011.7,331.8645762102494,5.386492220269688,66,,
2018,1,5,17,0,17.9,109,0,11.7,50,43.0,153,154.7275272394947,0,1011.9,318.5191330032395,4.778355744692631,76,,
2018,1,5,18,0,16.9,118,0,11.8,15,21.0,32,61.903705300163246,0,1012.3,315.8323832292383,4.991015659394077,87,,
2018,1,5,19,0,15.6,128,0,11.7,0,22.0,0,14.2485863593113,0,1012.7,294.52045008658865,3.041919071794494,96,,
2018,1,5,20,0,14.2,139,0,11.7,0,0.0,0,0.0,0,1013.2,257.30420332205983,3.2981672782566465,105,,
2018,1,5,21,0,13.5,152,0,11.6,0,0.0,0,0.0,0,1013.3,233.4563585645114,5.265075592673916,111,,
2018,1,5,22,0,13.2,167,0,11.6,0,0.0,0,0.0,0,1013.2,222.7292249776505,7.494035129038213,115,,
2018,1,5,23,0,13,-178,0,11.5,0,0.0,0,0.0,0,1013,215.85028429876348,9.326769747918254,116,,
2018,1,6,0,0,12.8,-163,0,11.5,0,0.0,0,0.0,0,1012.9,213.66149198174847,10.725649659392031,114,,
2018,1,6,1,0,12.6,-149,0,11.4,0,0.0,0,0.0,0,1012.7,210.0177559080714,11.88375855240615,110,,
2018,1,6,2,0,12.5,-137,0,11.3,0,0.0,0,0.0,0,1012.5,208.2684425364893,11.581136780240474,103,,
2018,1,6,3,0,12.9,-126,0.1,11.7,1,0.0,1,0.0,0,1012.6,203.9578196901709,11.254552052699788,94,,
2018,1,6,4,0,13.8,-116,3.7,12.4,36,0.0,37,0.0,0,1012.9,199.65042714659305,12.742074861853093,85,,
2018,1,6,5,0,14.8,-107,2,13.1,65,42.0,176,26.265456388943853,0,1013.2,201.3945569501344,13.535246472519011,74,,
2018,1,6,6,0,16.2,-98,0.2,13.4,84,103.0,361,118.1344858970887,0,1013.5,203.25311865406604,12.968471609137984,63,,
2018,1,6,7,0,17.9,-88,8.2,13.4,205,216.0,379,268.18285928480856,0,1013.7,201.43449455405823,13.203227407295302,52,,
2018,1,6,8,0,19.6,-76,29.4,13.4,429,186.0,138,371.93729325058536,0,1014,206.11548237122324,12.551409727306758,41,,
2018,1,6,9,0,20.5,-60,14,13.1,255,268.0,570,532.2712194538677,0,1013.9,209.7686259203293,12.421946495378222,30,,
2018,1,6,10,0,20.6,-34,0,12.6,106,597.0,920,807.7230132231957,0,1013.6,211.8258555327305,12.36399397400188,22,,
2018,1,6,11,0,20.7,5,0,12.1,106,530.0,943,850.7324194965761,0,1013.4,216.13201512344213,10.722520040122916,19,,
2018,1,6,12,0,20.7,41,0,11.9,103,116.0,910,565.6093218736817,0,1013,217.224101085132,10.583942478714372,24,,
2018,1,6,13,0,20.8,64,0,12.1,98,200.0,821,640.2416212243522,0,1012.7,214.97769959770383,8.482310769347984,32,,
2018,1,6,14,0,20.8,79,0,12.3,93,264.0,684,636.0994000292048,0,1012.3,224.96922497240035,6.7494525908213765,43,,
2018,1,6,15,0,20.4,90,0,12.7,85,235.0,513,524.1348982219693,0,1012.1,240.59240840317585,5.504136718949601,54,,
2018,1,6,16,0,19.8,100,0,13.1,73,67.0,325,269.5553581309723,0,1012.2,338.02375241953763,4.709638337364765,66,,
2018,1,6,17,0,19,109,0,13.5,52,12.0,147,96.06674230080084,0,1012.2,23.11586320760847,7.393399776215936,76,,
2018,1,6,18,0,18.2,118,0,13.8,16,6.0,31,35.973712539843994,0,1012.2,4.906697882259493,3.50797284106036,87,,
2018,1,6,19,0,17.3,128,0,13.9,0,2.0,0,5.29540809254026,0,1012.3,8.63663851680002,11.720304068198844,96,,
2018,1,6,20,0,16.5,139,0,14,0,0.0,0,0.0,0,1012.4,30.625711672571697,12.376501247590104,105,,
2018,1,6,21,0,16,152,0,13.8,0,0.0,0,0.0,0,1012.1,41.72240830073344,10.326563753210804,111,,
2018,1,6,22,0,15.9,166,0,13.4,0,0.0,0,0.0,0,1011.5,40.64657167198118,9.851961253337429,115,,
2018,1,6,23,0,15.9,-178,0,13,0,0.0,0,0.0,0,1010.9,41.02980626185138,9.524604481772997,116,,
2018,1,7,0,0,15.9,-163,0,12.9,0,0.0,0,0.0,0,1010.4,43.16343147305906,9.819776221467164,114,,
2018,1,7,1,0,15.9,-149,0,13,0,0.0,0,0.0,0,1009.9,47.85132744282339,9.987818838909831,110,,
2018,1,7,2,0,15.9,-137,0,13,0,0.0,0,0.0,0,1009.5,44.206655689684965,9.064299848658331,103,,
2018,1,7,3,0,16.2,-126,0.6,13.4,1,0.0,0,0.0,0,1009.3,44.945384672445584,9.236413891967423,94,,
2018,1,7,4,0,16.5,-116,32.9,13.9,35,0.0,0,0.0,0,1009.3,48.31084153980271,9.79551903072925,85,,
2018,1,7,5,0,16.9,-107,53.5,14.4,105,230.0,0,37.92390807068088,0,1009.4,51.80008125680104,9.495868879485766,74,,
2018,1,7,6,0,17.8,-98,73.6,14.7,100,574.0000000000001,0,198.5484821738121,0,1009,52.26560596759424,7.618201136514121,63,,
2018,1,7,7,0,19.2,-88,79.8,15,130,745.0,0,409.3552224604763,0,1008.4,50.32681448314577,7.616682996426307,52,,
2018,1,7,8,0,20.6,-76,72.1,15.2,226,827.0000000000001,0,617.0411352253107,0,1007.8,53.33074257984652,7.125190171832564,41,,
2018,1,7,9,0,21.5,-60,57.4,15.3,389,872.0,11,799.8834317214377,0,1007,52.84377394231393,6.8004755414847295,30,,
2018,1,7,10,0,22,-34,18.3,15.4,248,940.0,580,944.3112076340398,0,1006.1,48.88016362084852,6.530848732627103,22,,
2018,1,7,11,0,22.3,4,0,15.6,128,949.0,898,1039.280375616795,0,1005.2,49.95544894005224,6.834903172307337,19,,
2018,1,7,12,0,22.6,40,0,15.8,128,947.0,860,1081.0554037383056,0,1004.4,54.26188619363427,7.139283436098964,24,,
2018,1,7,13,0,22.7,64,0,16,126,934.0,769,1064.6488272692525,0,1003.8,46.34221456506919,7.546844798278401,32,,
2018,1,7,14,0,22.8,79,0.9,16.3,131,910.0,618,991.2159573765892,0,1003.2,42.61897478809345,7.450561278436869,43,,
2018,1,7,15,0,22.5,90,0.5,16.5,111,868.0,466,861.233935861214,0,1002.7,39.88932412530187,7.441776488698062,54,,
2018,1,7,16,0,21.9,99,2.8,16.8,101,796.0,275,680.470033584983,0,1002.3,36.29850394052556,7.677334895642726,66,,
2018,1,7,17,0,21.2,108,7.7,17,81,657.0,98,455.2745506537313,0,1001.9,39.16681378419872,7.394026640830105,76,,
2018,1,7,18,0,20.4,118,3.5,17.1,25,368.0,15,200.0939523576949,0,1001.7,49.19633851166299,7.077612178321762,87,,
2018,1,7,19,0,19.7,128,0,17.1,0,107.0,0,28.797596248413956,0,1001.6,45.02881211640528,6.865980092078399,96,,
2018,1,7,20,0,18.9,139,0,17,0,0.0,0,0.0,0,1001.6,44.26627723311793,7.306793741530225,105,,
2018,1,7,21,0,18.6,152,0,16.9,0,0.0,0,0.0,0,1001.2,45.95705510976717,8.041008723888165,111,,
2018,1,7,22,0,18.6,166,0,16.6,0,0.0,0,0.0,0,1000.4,45.58424234674612,7.2799875450158735,115,,
2018,1,7,23,0,18.7,-178,0,16.3,0,0.0,0,0.0,0,999.6,49.99632752371616,6.961484294612533,116,,
2018,1,8,0,0,19,-163,0.9,16.3,0,0.0,0,0.0,0,998.9,55.69823515293109,6.951415278221324,114,,
2018,1,8,1,0,19.4,-149,44.8,16.5,0,0.0,0,0.0,0,998.2,56.86326809733612,7.102619902361707,110,,
2018,1,8,2,0,19.9,-137,55.3,16.7,0,0.0,0,0.0,0,997.5,53.59917471970601,6.656131264249917,103,,
2018,1,8,3,0,20.3,-126,53.8,17,0,0.0,0,0.0,0,997.3,49.34315370559818,5.790181699151754,95,,
2018,1,8,4,0,20.6,-116,80.4,17.2,4,0.0,0,0.0,0,997.5,34.41559345285873,5.8608449490795165,85,,
2018,1,8,5,0,20.9,-107,94.4,17.5,11,123.0,0,31.206853899572984,0,997.7,37.29349538716417,6.234691874737878,74,,
2018,1,8,6,0,20.6,-97,96.8,17.7,14,242.0,0,144.3181832087246,0,997.7,26.8433116187436,6.65456437093052,63,,
2018,1,8,7,0,19.9,-88,97.7,17.7,18,361.0,0,301.1796220470053,0,997.7,21.400597289969767,6.707592171445552,52,,
2018,1,8,8,0,19,-76,95,17.8,41,521.0,0,496.7664100044898,0,997.7,20.681280403013886,6.915616726083887,41,,
2018,1,8,9,0,18.6,-60,96.4,17.8,37,713.0,0,713.4574345657154,0,997.5,18.06514062992335,6.99753432189467,30,,
2018,1,8,10,0,18.5,-34,97.3,17.8,30,835.0,0,903.7002412258532,0,997.2,14.731079575246724,8.041926315955036,22,,
2018,1,8,11,0,18.5,4,97.4,17.8,30,877.0,0,1012.3848987908024,0,996.9,15.206743654455124,8.90177805544,20,,
2018,1,8,12,0,18.3,40,95.2,17.6,48,875.0,0,1051.3274011626588,0,996.7,16.85017405769105,8.779527926348399,24,,
2018,1,8,13,0,17.9,64,91.8,17.3,70,834.0,0,1019.139741377474,0,996.8,8.957674027727478,8.316519206557935,32,,
2018,1,8,14,0,17.6,79,88.8,17,81,749.0,0,910.6902866942672,0,996.8,10.55084195588961,8.778547505782669,43,,
2018,1,8,15,0,17.3,90,93.3,16.7,41,781.0,0,823.9240723352411,0,997.1,15.965235540613094,8.71632644508743,54,,
2018,1,8,16,0,17,99,83.8,16.3,51,727.0,0,654.631515164105,0,997.6,21.20562812827376,8.763561913769834,65,,
2018,1,8,17,0,16.6,108,76.7,16,42,596.0,0,435.48054630742587,0,998.1,24.741229349796697,8.470122817279496,76,,
2018,1,8,18,0,16.2,117,80,15.3,10,374.0,0,204.07201518750236,0,998.4,27.23516950758716,8.01916684801377,87,,
2018,1,8,19,0,15.6,128,78,14.5,0,130.0,0,33.171533939335404,0,998.7,26.28395651238032,7.299626944428875,96,,
2018,1,8,20,0,14.9,139,89.8,13.7,0,0.0,0,0.0,0,998.9,29.301654978596275,6.533428367301465,105,,
2018,1,8,21,0,14.5,152,90.2,13.2,0,0.0,0,0.0,0,999,35.505705956076724,5.798078931218571,111,,
2018,1,8,22,0,14.3,166,63.6,13.1,0,0.0,0,0.0,0,999.1,37.87866772561216,4.662197193713798,115,,
2018,1,8,23,0,14.1,-179,18.4,13,0,0.0,0,0.0,0,999.1,32.45397004036323,4.85895561052118,116,,
2018,1,9,0,0,13.7,-163,0,12.6,0,0.0,0,0.0,0,999.2,27.749927058298223,6.050905860519099,115,,
2018,1,9,1,0,13.3,-149,0,12,0,0.0,0,0.0,0,999.4,20.35809193907721,5.698474864246239,110,,
2018,1,9,2,0,12.9,-137,0,11.4,0,0.0,0,0.0,0,999.7,7.740942809345768,4.473382216260845,103,,
2018,1,9,3,0,12.8,-126,0,10.9,1,0.0,1,0.0,0,1000.1,344.4758890032457,3.52103276035937,95,,
2018,1,9,4,0,12.9,-116,0.9,10.6,26,0.0,47,0.0,0,1000.7,336.1359238903667,4.603793537618661,85,,
2018,1,9,5,0,13.1,-106,0.5,10.2,52,50.0,187,25.000000000000004,0,1001.2,333.7958170840717,5.87667353108561,75,,
2018,1,9,6,0,13.7,-97,0,9.6,66,117.0,378,118.6543165331782,0,1001.5,338.1847498392625,7.319325228855679,63,,
2018,1,9,7,0,14.7,-88,0,8.9,74,133.0,569,225.51095443857204,0,1001.6,7.699880050773174,10.373562730486343,52,,
2018,1,9,8,0,15.7,-76,0,8.1,80,27.0,738,194.1762397789398,0,1001.6,37.06920170024182,7.046624663446426,41,,
2018,1,9,9,0,16.6,-60,0,7.8,84,59.0,866,332.2176414558181,0,1001.5,28.1893126993482,5.8318423159452735,31,,
2018,1,9,10,0,17.3,-34,0,7.7,86,565.0000000000001,947,765.9527205764034,0,1001.5,27.44248781344617,9.77499060484003,22,,
2018,1,9,11,0,18,4,0,7.6,85,676.0,973,897.832778315556,0,1001.4,30.305420455621288,11.449626190422038,20,,
2018,1,9,12,0,18.4,40,0,7.7,82,603.0,941,892.2218879064098,0,1001.2,38.61362492129956,12.062177451174584,24,,
2018,1,9,13,0,18.6,63,0,7.8,79,606.0,852,880.4228606286279,0,1001.1,40.1612286010826,13.098118824786924,32,,
2018,1,9,14,0,18.7,78,0,7.9,76,676.0,713,860.509561992392,0,1000.9,43.81604651577811,12.8332061229734,43,,
2018,1,9,15,0,18.4,90,2.4,8.2,92,537.0,506,685.5665331466585,0,1001,46.928724860643,12.761737549075832,54,,
2018,1,9,16,0,17.8,99,32.9,8.7,145,448.0,152,513.0287143201003,0,1001.3,51.08918999683653,12.681042239807752,65,,
2018,1,9,17,0,17.1,108,54.9,9.2,96,514.0,0,398.0043484347028,0,1001.6,57.96087509154239,11.908855688763868,76,,
2018,1,9,18,0,16.3,117,20.9,9.4,20,371.0,0,200.0518859125152,0,1002,62.92710581916958,11.222051875739666,87,,
2018,1,9,19,0,15.4,127,0,9.3,0,141.0,0,33.75520998330736,0,1002.5,71.9026174361477,9.657698738651357,96,,
2018,1,9,20,0,14.5,139,0,9.2,0,0.0,0,0.0,0,1002.9,68.58758948460525,7.7660160580269375,105,,
2018,1,9,21,0,14.1,152,0,9.4,0,0.0,0,0.0,0,1003.1,76.55623082826901,7.140734786477216,111,,
2018,1,9,22,0,14.2,166,0,9.9,0,0.0,0,0.0,0,1003,83.14480771332535,7.246876347892474,115,,
2018,1,9,23,0,14.3,-179,0,10.4,0,0.0,0,0.0,0,1002.9,72.35249493588105,9.02199022320594,116,,
2018,1,10,0,0,14.3,-163,0,10.7,0,0.0,0,0.0,0,1002.9,72.13571951590643,8.72819574110931,115,,
2018,1,10,1,0,14.2,-149,0,11,0,0.0,0,0.0,0,1003,77.17738826218488,9.125022159836917,110,,
2018,1,10,2,0,14.1,-137,0,11.2,0,0.0,0,0.0,0,1003.1,84.28924049844835,8.366474812250118,103,,
2018,1,10,3,0,14.2,-126,0.9,11.5,0,0.0,0,0.0,0,1003.5,91.59849630777468,7.973073444730548,95,,
2018,1,10,4,0,14.6,-116,45.4,11.7,21,0.0,0,0.0,0,1004.1,95.41477224950864,7.523562869000879,85,,
2018,1,10,5,0,14.9,-106,59.9,12,98,287.0,0,33.000000000000014,0,1004.8,108.16896627928828,6.485981661748002,75,,
2018,1,10,6,0,15.6,-97,62.7,12.1,153,601.0,0,190.2727517127004,0,1005.1,128.5058672090375,5.39262778077273,64,,
2018,1,10,7,0,16.6,-88,67,12.2,207,742.0,0,392.5228377584948,0,1005.1,153.9734299639034,4.159073587583827,52,,
2018,1,10,8,0,17.5,-76,63.8,12.3,291,816.0000000000001,0,594.4953303831406,0,1005.2,186.23915099327672,7.154927935353992,41,,
2018,1,10,9,0,18.2,-60,60.8,12.2,366,767.0,0,735.2523672575591,0,1005.1,201.55358256401425,9.370312501144982,31,,
2018,1,10,10,0,18.6,-34,53.9,12.1,468,462.0,1,735.8677333678856,0,1005.1,214.7533560798589,10.275369510364284,23,,
2018,1,10,11,0,19,4,38.3,11.9,565,399.0,77,772.6498451117216,0,1005,223.25033888964447,10.132095017395384,20,,
2018,1,10,12,0,19.2,39,22.9,11.8,489,368.0,284,780.4251563078062,0,1004.9,228.2766077497518,9.773913523594908,24,,
2018,1,10,13,0,19.4,63,6.7,11.6,225,421.0,623,796.3255003594031,0,1004.9,229.9955936059333,9.827202300286412,32,,
2018,1,10,14,0,19.6,78,5.3,11.4,179,320.0,556,671.6227510742796,0,1004.8,233.90953270068712,9.51924017021705,43,,
2018,1,10,15,0,19.3,89,26.4,11.5,286,183.0,162,479.6750379459796,0,1005,234.11421600797468,8.926853858390162,54,,
2018,1,10,16,0,18.7,99,13.3,11.8,169,89.0,153,294.19941217590554,0,1005.3,227.5748587724448,8.219610716710546,66,,
2018,1,10,17,0,18.1,108,0,12.2,61,44.0,132,155.25342601388232,0,1005.6,216.4714132989656,7.856244690528356,76,,
2018,1,10,18,0,17.2,117,0,12.3,18,49.0,26,86.11083576655706,0,1006.2,215.10701124474184,7.902763838263138,87,,
2018,1,10,19,0,16.2,127,0,12.2,0,33.0,0,16.845081542120386,0,1007.1,211.55457351758,7.739285114613219,96,,
2018,1,10,20,0,15.2,139,0,12.1,0,0.0,0,0.0,0,1007.9,199.0069306973688,8.228662677413404,105,,
2018,1,10,21,0,14.6,152,0,12,0,0.0,0,0.0,0,1008.2,192.64782728368743,9.305891841455017,111,,
2018,1,10,22,0,14.2,166,0,11.8,0,0.0,0,0.0,0,1008.2,194.72327866594856,9.757904968556597,115,,
2018,1,10,23,0,13.8,-179,0,11.7,0,0.0,0,0.0,0,1008.1,199.201262044946,9.524742813092422,117,,
2018,1,11,0,0,13.5,-164,0,11.5,0,0.0,0,0.0,0,1008.1,200.31505009536008,9.97287405443355,115,,
2018,1,11,1,0,13.2,-149,0,11.3,0,0.0,0,0.0,0,1008.2,202.82917796308573,11.823659126843152,110,,
2018,1,11,2,0,12.9,-137,0,11.1,0,0.0,0,0.0,0,1008.3,201.30877291198652,12.032559697589406,104,,
2018,1,11,3,0,13.1,-126,0,11.1,1,0.0,1,0.0,0,1008.6,198.9304160479156,12.44560289253674,95,,
2018,1,11,4,0,13.5,-116,0,11.3,28,0.0,39,0.0,0,1009.2,199.50455319921423,12.399277142443768,85,,
2018,1,11,5,0,14,-106,0,11.5,64,128.0,161,27.000000000000007,0,1009.7,196.35469508415252,12.482624396715282,75,,
2018,1,11,6,0,15.2,-97,0,11.8,90,197.0,335,137.97689545431064,0,1010,193.9093051981561,12.615021740009778,64,,
2018,1,11,7,0,17,-88,0.1,12.2,110,545.0,511,354.6859798828883,0,1010.2,196.3115328368596,13.975113029654125,53,,
2018,1,11,8,0,18.8,-76,5.8,12.7,212,719.0,533,573.0552715310298,0,1010.2,198.7827856910404,14.713740727476226,41,,
2018,1,11,9,0,19.7,-60,3.3,12.8,161,824.0000000000001,741,772.2631508197911,0,1010,200.66089559321605,15.021267716885474,31,,
2018,1,11,10,0,20,-34,0,12.6,102,837.0,911,917.0708506394736,0,1009.6,202.90433044186176,15.005612376408475,23,,
2018,1,11,11,0,20.2,3,0,12.3,101,855.0,937,1015.2321444324274,0,1009.1,204.6030275358849,14.62807127908688,20,,
2018,1,11,12,0,20.4,39,0,12.3,98,855.0,905,1056.0203594591253,0,1008.8,206.837129534612,14.370283451861852,24,,
2018,1,11,13,0,20.5,63,0,12.4,95,824.0000000000001,818,1028.189137175834,0,1008.4,209.8825360268149,14.356183786036077,32,,
2018,1,11,14,0,20.6,78,0,12.6,90,783.0,683,944.105420563724,0,1008.1,209.54816523101204,13.662131042681423,43,,
2018,1,11,15,0,20.2,89,0,12.8,83,717.0,512,801.5830432003979,0,1008,210.6773414212384,13.284104724827603,54,,
2018,1,11,16,0,19.6,99,0,13.2,72,420.0,324,516.2998144700476,0,1008.1,210.08818855555,13.519150577312129,66,,
2018,1,11,17,0,18.8,108,0,13.5,52,220.0,145,282.2282135273524,0,1008.2,209.36668458465016,13.56571644996271,77,,
2018,1,11,18,0,17.9,117,0,13.7,16,65.0,30,96.35276397840896,0,1008.6,207.6419180870528,13.088877738749725,87,,
2018,1,11,19,0,16.7,127,0,13.6,0,10.0,0,9.463345499418958,0,1009.3,202.89208406958625,12.146884392081343,97,,
2018,1,11,20,0,15.6,138,0,13.6,0,0.0,0,0.0,0,1009.9,201.17234399159668,12.528299388590003,105,,
2018,1,11,21,0,14.9,151,0,13.4,0,0.0,0,0.0,0,1010.1,196.9155144543692,13.480705929009677,111,,
2018,1,11,22,0,14.7,166,0,13.1,0,0.0,0,0.0,0,1009.9,194.46126614786948,14.61566047501026,115,,
2018,1,11,23,0,14.4,-179,0,12.8,0,0.0,0,0.0,0,1009.7,193.8379398992352,15.07247143039283,117,,
2018,1,12,0,0,14.3,-164,0,12.6,0,0.0,0,0.0,0,1009.4,193.66878656651247,15.594248190358076,115,,
2018,1,12,1,0,14.2,-149,0,12.6,0,0.0,0,0.0,0,1009.1,194.3693622184109,15.76567421670118,111,,
2018,1,12,2,0,14.1,-137,0,12.5,0,0.0,0,0.0,0,1008.8,191.8527567535837,16.39472318531941,104,,
2018,1,12,3,0,14.3,-126,0.1,12.5,1,0.0,1,0.0,0,1008.9,191.3532347458288,16.788474832849772,95,,
2018,1,12,4,0,14.7,-116,2.7,12.5,30,0.0,35,0.0,0,1009.1,191.9470521565539,16.569103166261897,86,,
2018,1,12,5,0,15.1,-106,5.6,12.5,77,5.0,136,9.0,0,1009.4,188.2870935058517,17.41450335294147,75,,
2018,1,12,6,0,16.2,-97,41.8,12.7,157,9.0,67,49.43466720989617,0,1009.4,192.7654309161317,15.805711248243131,64,,
2018,1,12,7,0,17.6,-88,44.5,13,340,13.0,22,103.44137744806872,0,1009.2,192.2242385764725,16.494097638342375,53,,
2018,1,12,8,0,19.1,-76,38.3,13.4,481,7.0,12,117.62446731809158,0,1008.9,195.01661534081327,16.61499745401942,42,,
2018,1,12,9,0,19.8,-60,43.4,13.4,524,4.0,6,116.70148295255837,0,1008.5,196.33693111877903,16.41547370302086,31,,
2018,1,12,10,0,20,-34,26.6,13.2,449,6.0,305,214.8214314209249,0,1008,200.83390440475523,15.80879877710166,23,,
2018,1,12,11,0,20.1,3,17.3,13,422,10.0,443,289.936104263276,0,1007.6,208.1449323278,13.175317861877524,20,,
2018,1,12,12,0,20.1,38,6.5,12.9,211,11.0,734,302.33263715627083,0,1006.9,220.12175889928903,11.289173600861208,24,,
2018,1,12,13,0,20.2,62,0,13,84,4.0,839,190.75041541074916,0,1006.3,287.0824999363423,10.777984967847022,32,,
2018,1,12,14,0,20.2,78,0,13,80,2.0,703,116.7770771280352,0,1005.6,336.1767072966013,9.958626874816394,43,,
2018,1,12,15,0,19.9,89,0,13.1,73,4.0,531,138.18189484751892,0,1005.1,344.69121425206566,7.726807454452754,54,,
2018,1,12,16,0,19.3,98,0,13.3,64,12.0,339,173.97705518818768,0,1004.9,352.1111199466273,8.65194937192541,66,,
2018,1,12,17,0,18.7,108,0,13.4,47,8.0,154,98.042508409848,0,1004.7,14.722986080978842,8.961731098157562,77,,
2018,1,12,18,0,18,117,0,13.4,15,8.0,32,49.62491612913205,0,1004.6,23.21117107141231,8.905916726418656,87,,
2018,1,12,19,0,17.2,127,0,13.3,0,5.0,0,8.72870655780564,0,1004.5,21.367394042118747,8.947544099395827,97,,
2018,1,12,20,0,16.4,138,0,13.2,0,0.0,0,0.0,0,1004.4,19.76369419332229,8.110304005648217,105,,
2018,1,12,21,0,16.1,151,0,13.1,0,0.0,0,0.0,0,1004,19.67329806608825,7.537647252834903,111,,
2018,1,12,22,0,16.1,166,0,13,0,0.0,0,0.0,0,1003.4,14.276316896030266,7.065866128113042,116,,
2018,1,12,23,0,16.1,-179,0,13,0,0.0,0,0.0,0,1002.6,14.875452974128564,6.456367961695883,117,,
2018,1,13,0,0,16.1,-164,0.8,13,0,0.0,0,0.0,0,1001.9,18.434948822922024,5.5656395635141225,115,,
2018,1,13,1,0,16.2,-149,40.3,13.2,0,0.0,0,0.0,0,1001.1,11.68194545749776,4.962905763665312,111,,
2018,1,13,2,0,16.2,-137,61.2,13.3,0,0.0,0,0.0,0,1000.3,2.520478680802853,5.285142316327614,104,,
2018,1,13,3,0,16.3,-125,79,13.5,0,0.0,0,0.0,0,999.6,352.78079315832747,5.470859758231423,95,,
2018,1,13,4,0,16.6,-116,88.6,13.7,7,0.0,0,0.0,0,999,358.50233429917466,9.378447906339902,86,,
2018,1,13,5,0,16.8,-106,92,13.9,14,9.0,0,16.0,0,998.4,350.0940733132259,7.527258927441941,75,,
2018,1,13,6,0,17.1,-97,95.2,14.3,18,3.0,0,36.46933736178305,0,997.9,352.2237423368437,5.339137808536835,64,,
2018,1,13,7,0,17.4,-87,97,14.8,22,4.0,0,78.35546735678011,0,997.6,8.845742791534292,6.568111826768842,53,,
2018,1,13,8,0,17.7,-76,85.8,15.3,116,8.0,0,153.12223183426073,0,997.2,9.222330797286418,9.639741198619287,42,,
2018,1,13,9,0,17.8,-60,88.2,15.7,100,41.0,0,349.60121943784054,0,996.5,10.87744357697636,11.829979938806886,31,,
2018,1,13,10,0,17.8,-34,94.4,16,54,132.0,0,509.8329358695933,0,995.5,16.877596111155015,12.425330731002516,23,,
2018,1,13,11,0,17.7,3,95,16.3,50,132.0,0,561.766669393968,0,994.4,27.727794990381422,12.014679160920252,20,,
2018,1,13,12,0,17.7,38,92.8,16.6,69,127.0,0,574.1565245003941,0,993.4,36.10628066933958,11.925619679670666,24,,
2018,1,13,13,0,17.7,62,92,16.7,70,121.0,0,548.3549163235087,0,992.5,41.88423537689573,11.9041036288166,33,,
2018,1,13,14,0,17.7,77,90.6,16.9,69,120.0,0,495.5588737437488,0,991.6,48.60182984737696,11.76127339878404,43,,
2018,1,13,15,0,17.7,89,85.6,17,79,169.0,0,466.3688655055557,0,990.8,58.546299685867325,12.226462232769682,54,,
2018,1,13,16,0,17.8,98,75.4,17.1,87,180.0,0,370.59672893025856,0,990.1,59.613731583078334,11.827010856875823,66,,
2018,1,13,17,0,17.9,107,59.9,17.1,68,155.0,0,242.26741984770587,0,989.3,65.91220107182869,12.569648713295605,77,,
2018,1,13,18,0,17.9,117,72.4,17.1,20,90.0,0,106.48609924633747,0,988.8,68.27361787359155,11.771262967306194,87,,
2018,1,13,19,0,17.9,127,83,17.2,0,25.0,0,13.626014258220922,0,988.5,73.0303034694137,11.50330380997968,97,,
2018,1,13,20,0,17.8,138,83,17.2,0,0.0,0,0.0,0,988.2,70.56977693292544,10.280574698141042,105,,
2018,1,13,21,0,17.7,151,82.6,17.1,0,0.0,0,0.0,0,987.8,70.72437398021816,9.155841128232945,112,,
2018,1,13,22,0,17.4,166,62.3,16.9,0,0.0,0,0.0,0,987.2,73.85198261460891,8.458727152508725,116,,
2018,1,13,23,0,17.1,-179,51,16.7,0,0.0,0,0.0,0,986.7,67.91955483246664,7.707898686157395,117,,
2018,1,14,0,0,17,-164,50.4,16.5,0,0.0,0,0.0,0,986.2,68.64878106965733,7.44323077324725,115,,
2018,1,14,1,0,16.9,-149,18.1,16.4,0,0.0,0,0.0,0,985.8,71.00863583091189,6.845001737658473,111,,
2018,1,14,2,0,16.8,-137,0,16.2,0,0.0,0,0.0,0,985.4,69.55045238920741,7.871030745715583,104,,
2018,1,14,3,0,16.8,-125,0.3,16.1,1,0.0,0,0.0,0,985.4,69.15942581573097,8.608116764127535,96,,
2018,1,14,4,0,16.9,-115,13.8,16.1,41,0.0,7,0.0,0,985.8,70.12174835034887,9.756359450284124,86,,
2018,1,14,5,0,16.9,-106,10.6,16,77,490.0,122,26.00000000000003,0,986.1,76.07416175137217,8.849961380955115,75,,
2018,1,14,6,0,17.5,-97,1.8,16,79,638.0,327,190.8922385437009,0,986.4,76.7968159193058,6.414430754076457,64,,
2018,1,14,7,0,18.5,-87,7.1,15.9,173,771.0,387,399.0920685817442,0,986.5,73.01697198369254,4.433321536945959,53,,
2018,1,14,8,0,19.5,-76,19.7,15.8,350,827.0000000000001,271,602.0348952523323,0,986.6,57.04697019424498,5.86932473298553,42,,
2018,1,14,9,0,19.8,-60,51.2,15.6,358,789.0,77,753.4142234955574,0,986.7,57.39145293803136,8.591867587524156,31,,
2018,1,14,10,0,19.8,-34,86.6,15.1,143,641.0,0,808.7489399978122,0,986.9,57.96572268663789,9.596216891103566,23,,
2018,1,14,11,0,19.6,3,67.5,14.7,342,719.0,0,928.4079154855716,0,987,58.012392582083976,9.759434075837856,20,,
2018,1,14,12,0,19.4,38,44.1,14.5,555,627.0,0,916.563920427098,0,987.3,54.80609275989707,9.621254607144134,24,,
2018,1,14,13,0,19,62,47.7,14.5,476,475.0,0,817.5889245427879,0,987.9,44.7636367628412,9.834150523171482,33,,
2018,1,14,14,0,18.7,77,41.2,14.6,431,336.0,14,672.1592985188948,0,988.5,42.4762865465832,10.036633155275457,43,,
2018,1,14,15,0,18.2,88,35.4,14.5,369,163.0,15,454.5224749978758,0,989.1,36.90829233674612,10.274025744288217,54,,
2018,1,14,16,0,17.6,98,52.2,14.3,197,283.0,4,430.915870569638,0,989.8,35.46547161450587,11.034906689007794,66,,
2018,1,14,17,0,17,107,51.3,14.1,88,183.0,0,254.32253673413493,0,990.4,35.08226453345105,10.70477037800021,77,,
2018,1,14,18,0,16.7,116,46.3,13.9,25,86.0,0,102.1245760465454,0,991.2,33.113039275031895,10.804810391580205,87,,
2018,1,14,19,0,16.7,127,16.9,13.7,0,12.0,0,8.73078503949584,0,992.1,32.17643848974484,10.497260650291764,97,,
2018,1,14,20,0,16.6,138,0,13.5,0,0.0,0,0.0,0,993,32.17687859093559,8.905393663028413,105,,
2018,1,14,21,0,16.2,151,0,13.3,0,0.0,0,0.0,0,993.5,29.255541289206576,8.215359924178363,112,,
2018,1,14,22,0,15.6,165,0,13,0,0.0,0,0.0,0,993.7,21.644435140713995,7.496072002814683,116,,
2018,1,14,23,0,15,-179,0,12.7,0,0.0,0,0.0,0,993.8,22.852288663693344,8.374881106571806,117,,
2018,1,15,0,0,14.6,-164,0,12.5,0,0.0,0,0.0,0,994,29.16453522305528,8.305363079450546,116,,
2018,1,15,1,0,14.5,-149,0,12.5,0,0.0,0,0.0,0,994.1,32.76743705113353,8.401899183244613,111,,
2018,1,15,2,0,14.5,-137,0,12.4,0,0.0,0,0.0,0,994.2,36.28718660193289,8.997389139852872,104,,
2018,1,15,3,0,14.4,-125,0.1,12.4,1,0.0,0,0.0,0,994.4,40.63239967111588,9.609236866648224,96,,
2018,1,15,4,0,14.5,-115,5.2,12.3,33,0.0,24,0.0,0,994.9,45.43689094546119,9.25981178103218,86,,
2018,1,15,5,0,14.5,-106,14.7,12.2,117,84.0,66,23.000000000000004,0,995.3,45.839295056014464,8.332358885456305,75,,
2018,1,15,6,0,15.1,-97,22.7,12.2,234,167.0,89,125.113502596369,0,995.5,53.523087871235816,8.59976283137292,64,,
2018,1,15,7,0,16,-87,22.4,12.2,319,646.0,164,366.2379555444333,0,995.6,61.969146511642975,9.09136843875484,53,,
2018,1,15,8,0,17,-76,26.9,12.2,438,803.0,141,587.6596446500037,0,995.7,69.24075401739384,10.643381960358322,42,,
2018,1,15,9,0,17.3,-60,26.6,11.8,494,894.0,194,788.8642400312624,0,995.7,75.74120379703663,12.180164655694488,32,,
2018,1,15,10,0,17.3,-34,26.3,11.2,525,940.0,227,938.157014661451,0,995.7,80.96151002872887,12.333071029565104,24,,
2018,1,15,11,0,17.2,2,49.9,10.6,443,953.0,82,1038.3816387096876,0,995.8,86.08337433825483,11.895212902462376,20,,
2018,1,15,12,0,17,37,36.4,10.2,436,951.0,205,1081.059932264313,0,995.9,90.64914434734952,11.033178817335983,24,,
2018,1,15,13,0,16.8,61,13.9,10.1,322,939.0,473,1066.0410925847664,0,996,83.21638525972674,10.921428035491305,33,,
2018,1,15,14,0,16.6,77,45.7,10,238,915.0,209,993.332943154786,0,996.1,85.53702847400564,10.667354986525131,43,,
2018,1,15,15,0,16.2,88,23.9,9.9,133,873.0,298,863.2284203472278,0,996.4,85.5107528919317,10.605045612247007,54,,
2018,1,15,16,0,15.6,98,0.1,9.8,67,799.0,337,680.1493370025959,0,996.7,86.0566245422853,11.161434435525868,66,,
2018,1,15,17,0,15.1,107,7.1,9.8,64,676.0,128,458.6660567593453,0,997,86.6814379675597,11.404133182219098,77,,
2018,1,15,18,0,14.5,116,4,9.7,24,441.0,18,215.9132686809517,0,997.3,85.20415330290189,11.362290025413898,87,,
2018,1,15,19,0,13.9,126,0,9.7,0,129.0,0,29.487727776135547,0,997.5,79.18711872014086,12.08716501562734,97,,
2018,1,15,20,0,13.3,138,0,9.7,0,0.0,0,0.0,0,997.6,80.59160850665194,12.06735659703964,105,,
2018,1,15,21,0,13.1,151,0,9.8,0,0.0,0,0.0,0,997.4,87.33685547652613,11.302245832701892,112,,
2018,1,15,22,0,13,165,0,9.9,0,0.0,0,0.0,0,996.9,110.53227596995634,10.056309961101087,116,,
2018,1,15,23,0,13,-179,0,10,0,0.0,0,0.0,0,996.5,173.0497809643424,9.15172260568372,117,,
2018,1,16,0,0,13.2,-164,1,10,0,0.0,0,0.0,0,996.1,215.52442161777452,11.285386914688242,116,,
2018,1,16,1,0,13.4,-149,53.8,9.9,0,0.0,0,0.0,0,995.8,221.85208229828945,11.072155639511298,111,,
2018,1,16,2,0,13.7,-137,83.1,9.8,0,0.0,0,0.0,0,995.4,220.707114507104,9.778464240543858,104,,
2018,1,16,3,0,14,-125,81.3,9.8,1,0.0,0,0.0,0,995.2,222.1186648361832,9.602275055284306,96,,
2018,1,16,4,0,14.3,-115,33.1,10,31,0.0,22,0.0,0,994.9,223.67277564953457,9.39101925750633,86,,
2018,1,16,5,0,14.7,-106,25.8,10.2,129,31.0,12,17.000000000000004,0,994.6,225.57305695671303,9.199926280291258,76,,
2018,1,16,6,0,15.3,-97,59.7,10.5,148,39.0,0,76.74392226204363,0,994,220.92220236731464,8.652197291940828,65,,
2018,1,16,7,0,16,-87,63.1,10.7,229,59.0,0,165.48681584009776,0,993.2,207.02538158015275,9.05079908702609,53,,
2018,1,16,8,0,16.8,-76,52.6,11,367,159.0,0,334.700187256813,0,992.3,212.19475762873972,7.633993227325555,42,,
2018,1,16,9,0,17,-60,60.1,11.5,354,545.0,0,638.2289771715559,0,991.6,219.08554049548,6.280867460568188,32,,
2018,1,16,10,0,16.7,-34,74.9,12.2,244,880.0,0,897.5874569266513,0,991.2,229.8657969780976,5.395424080453583,24,,
2018,1,16,11,0,16.3,2,88.4,12.8,116,918.0,0,1007.8283226555288,0,990.7,237.0582570727425,4.712780549225827,21,,
2018,1,16,12,0,16.1,37,79.7,13.2,193,922.0,0,1052.7837290065168,0,990.5,241.9376276781046,3.986213297407316,24,,
2018,1,16,13,0,16,61,73.6,13.3,230,907.0,0,1036.2558970891578,0,990.4,253.44185477094587,4.387002672499831,33,,
2018,1,16,14,0,15.9,77,74.4,13.4,186,870.0,0,956.7864108036634,0,990.3,261.8564527251632,3.972676542487216,43,,
2018,1,16,15,0,15.7,88,76.7,13.1,132,813.0,0,821.0832187206032,0,990.3,273.43378987696593,3.5014033314157653,54,,
2018,1,16,16,0,15.5,98,73.9,12.5,89,731.0,0,640.6038436201598,0,990.6,286.3523440935578,4.07474159696899,66,,
2018,1,16,17,0,15.3,107,52.5,11.8,60,594.0,0,420.9589099085479,0,990.8,307.1404446813491,4.38447270763715,77,,
2018,1,16,18,0,14.9,116,15.7,11.3,18,290.0,0,168.4051218067386,0,991,337.78727515055067,4.344911378893923,87,,
2018,1,16,19,0,14.3,126,33.1,10.9,0,71.0,0,20.10268910484274,0,991.2,334.7470641655852,4.195911329214358,97,,
2018,1,16,20,0,13.7,138,54.3,10.5,0,0.0,0,0.0,0,991.5,19.35040705584084,4.112180680339535,105,,
2018,1,16,21,0,13.3,151,55,10.4,0,0.0,0,0.0,0,991.6,46.25272464799889,4.848361988321711,112,,
2018,1,16,22,0,13.2,165,22.3,10.5,0,0.0,0,0.0,0,991.6,65.64118748660809,5.085255859918482,116,,
2018,1,16,23,0,13,-179,4.6,10.6,0,0.0,0,0.0,0,991.6,76.08964842037335,2.96437751612274,118,,
2018,1,17,0,0,12.9,-164,28.8,10.5,0,0.0,0,0.0,0,991.8,62.57424119893517,1.264700280971621,116,,
2018,1,17,1,0,12.7,-149,15.3,10.2,0,0.0,0,0.0,0,992.1,121.0622551026612,2.6790831749119537,111,,
2018,1,17,2,0,12.6,-137,0,10,0,0.0,0,0.0,0,992.4,160.0478053753277,2.0877116798389537,105,,
2018,1,17,3,0,12.6,-125,0.5,9.7,1,0.0,0,0.0,0,992.9,190.33859701608128,2.0759405400180566,96,,
2018,1,17,4,0,12.7,-115,24.9,9.5,30,0.0,1,0.0,0,993.6,186.9615726865568,2.5158622345512627,86,,
2018,1,17,5,0,12.9,-106,25.5,9.4,122,402.0,32,23.000000000000025,0,994.3,177.32132157405476,2.5701911688925634,76,,
2018,1,17,6,0,13.4,-97,6.5,9.1,139,613.0,237,174.35612144224507,0,994.6,197.2358802456076,3.4679930436670654,65,,
2018,1,17,7,0,14.3,-87,0.1,8.7,140,788.0,453,383.948793701504,0,994.8,237.95145016919693,2.713605694494396,53,,
2018,1,17,8,0,15.2,-75,7.5,8.4,267,774.0,443,561.7928844908422,0,994.9,256.1459434085502,2.327726112347217,42,,
2018,1,17,9,0,15.4,-59,13.8,8.3,386,820.0000000000001,397,738.6148372332535,0,995.1,260.6295362751562,2.3031942411493174,32,,
2018,1,17,10,0,15.3,-34,22.8,8.5,524,914.0,243,919.8703670996404,0,995.3,265.2988151323508,3.050301214884504,24,,
2018,1,17,11,0,15,2,30.8,8.6,612,928.0,95,1019.21900712016,0,995.6,272.07881395197523,4.065175393274979,21,,
2018,1,17,12,0,15,37,54,8.7,437,924.0,22,1060.4724850829498,0,995.8,274.59287008909246,4.680067457717546,24,,
2018,1,17,13,0,15,61,54.5,8.8,403,875.0,0,1024.4826772237902,0,996,275.0498981064368,4.51263334573922,33,,
2018,1,17,14,0,15,76,60.1,8.8,309,452.0,0,729.0897869622911,0,996.2,275.1935630943264,4.388132338045714,43,,
2018,1,17,15,0,14.9,88,77.1,8.8,140,137.0,0,416.6092686331576,0,996.5,276.3884002154028,5.255043479619783,54,,
2018,1,17,16,0,14.7,97,77.1,8.7,83,114.0,0,302.49800061161886,0,996.8,278.0828647073165,5.653576134583438,66,,
2018,1,17,17,0,14.5,107,67.5,8.7,54,164.0,0,235.41921266871867,0,997.2,279.34025570205347,5.143139267791676,77,,
2018,1,17,18,0,14.1,116,23.1,8.4,14,318.0,0,178.2331592223862,0,997.6,281.5579321514483,4.391539135727377,87,,
2018,1,17,19,0,13.8,126,0,8,0,103.0,0,24.539396301925816,0,998,279.66095194529447,4.156357283390725,97,,
2018,1,17,20,0,13.4,137,0,7.7,0,0.0,0,0.0,0,998.5,281.42747752306127,3.10401359389772,105,,
2018,1,17,21,0,13.1,150,0,7.6,0,0.0,0,0.0,0,998.8,274.9158538262232,2.9458947048961552,112,,
2018,1,17,22,0,12.8,165,0,7.7,0,0.0,0,0.0,0,999.1,246.4405094496801,3.0027325027358747,116,,
2018,1,17,23,0,12.6,-179,0,7.8,0,0.0,0,0.0,0,999.4,232.05522135356395,4.130805012951714,118,,
2018,1,18,0,0,12.4,-164,0,7.6,0,0.0,0,0.0,0,999.8,232.15076651265667,5.907894248770105,116,,
2018,1,18,1,0,12.2,-149,0,7.3,0,0.0,0,0.0,0,1000.2,222.93549200914907,7.116255836350409,112,,
2018,1,18,2,0,12,-137,0,6.9,0,0.0,0,0.0,0,1000.6,212.8615339765277,8.297738861830691,105,,
2018,1,18,3,0,11.9,-125,0.4,6.7,1,0.0,0,0.0,0,1001.3,204.12977761173929,9.576792790797514,96,,
2018,1,18,4,0,11.8,-115,21.2,6.6,34,0.0,1,0.0,0,1002.2,204.65161209067057,9.577742184678929,87,,
2018,1,18,5,0,11.8,-106,19.3,6.5,103,373.0,72,23.00000000000002,0,1003,202.4506085857031,9.911082157220182,76,,
2018,1,18,6,0,12.3,-97,7.1,6.4,133,617.0,252,173.96830817342385,0,1003.5,197.6350678805763,9.45687290643663,65,,
2018,1,18,7,0,13.2,-87,1.8,6.2,111,786.0,494,384.9551668727695,0,1003.7,200.04308990603133,9.04539150797251,54,,
2018,1,18,8,0,14.1,-75,9,6.1,238,869.0,476,595.42797149168,0,1003.9,209.0951072589591,8.889283469543651,43,,
2018,1,18,9,0,14.6,-59,43.2,5.9,353,909.0,160,779.594641717227,0,1004.1,211.21936839642703,9.009794627568214,32,,
2018,1,18,10,0,14.6,-34,22.4,5.7,232,934.0,560,921.8961612833892,0,1004.3,216.4934667601524,8.234748035645735,24,,
2018,1,18,11,0,14.6,2,13.3,5.5,368,931.0,531,1012.3491369680072,0,1004.4,219.10305885762844,8.260375059262742,21,,
2018,1,18,12,0,14.5,36,27.6,5.4,547,919.0,182,1049.58747671218,0,1004.6,221.6993951615013,7.831907595754686,25,,
2018,1,18,13,0,14.5,60,12.7,5.4,309,899.0,482,1030.9217537311345,0,1004.8,220.981083748116,8.32552475979382,33,,
2018,1,18,14,0,14.4,76,2.5,5.4,156,867.0,600,953.67167536224,0,1005,229.0905634344235,8.547798009264723,43,,
2018,1,18,15,0,14,87,7.7,5.6,187,815.0000000000001,365,821.4798098910626,0,1005.3,229.01761704972424,8.24936563769466,54,,
2018,1,18,16,0,13.5,97,3.8,5.7,128,734.0,243,639.5458753328445,0,1005.7,226.9007835174384,7.244925597594005,66,,
2018,1,18,17,0,13,106,1.4,5.9,67,598.0,119,421.0276387388858,0,1006.2,223.4942999366544,6.596186400181543,77,,
2018,1,18,18,0,12.5,116,0.8,5.8,20,359.0,20,187.18203340778425,0,1006.7,217.199893736412,6.578820053675661,87,,
2018,1,18,19,0,12.1,126,0,5.7,0,80.0,0,20.193541100631144,0,1007.1,206.30672875528413,7.192394484998006,97,,
2018,1,18,20,0,11.7,137,0,5.5,0,0.0,0,0.0,0,1007.6,198.50352284354668,9.224423040139175,106,,
2018,1,18,21,0,11.4,150,0,5.5,0,0.0,0,0.0,0,1007.8,196.2204616806113,10.02401608338116,112,,
2018,1,18,22,0,11.1,165,0,5.7,0,0.0,0,0.0,0,1007.9,206.6325078091904,10.479283064214108,116,,
2018,1,18,23,0,10.8,-180,0,5.9,0,0.0,0,0.0,0,1007.9,209.43394775841372,10.250610339206176,118,,
2018,1,19,0,0,10.6,-164,0,6,0,0.0,0,0.0,0,1007.9,214.8574768250349,9.837610434260087,116,,
2018,1,19,1,0,10.5,-149,0,5.9,0,0.0,0,0.0,0,1008,234.04929090952203,8.03545786319808,112,,
2018,1,19,2,0,10.4,-137,0,5.8,0,0.0,0,0.0,0,1008,243.8526622968052,7.817601853589454,105,,
2018,1,19,3,0,10.5,-125,0,5.7,0,0.0,1,0.0,0,1008.2,253.5496612927089,7.530676230263389,97,,
2018,1,19,4,0,10.7,-115,0,5.7,22,0.0,33,0.0,0,1008.6,276.2226075749893,6.043173088066251,87,,
2018,1,19,5,0,11,-106,0,5.6,51,309.0,159,22.000000000000018,0,1009,305.8306232842337,5.556431626611402,76,,
2018,1,19,6,0,11.9,-97,0,5.6,68,568.0000000000001,348,165.23091300151214,0,1009.2,335.9537907876329,5.343884616963169,65,,
2018,1,19,7,0,13.2,-87,0,5.5,77,713.0,543,363.1290283580324,0,1009.2,11.093855235028514,6.106791528098714,54,,
2018,1,19,8,0,14.6,-75,0,5.4,82,636.0,717,513.6844617793295,0,1009.2,33.21345331503892,6.430668479089516,43,,
2018,1,19,9,0,15.4,-59,0,5.2,86,470.0,851,592.9383530734983,0,1009,44.04479971477235,5.509155023243528,32,,
2018,1,19,10,0,15.7,-34,0,5,88,288.0,934,627.5648563598935,0,1008.6,43.919075813339305,7.028124305246742,24,,
2018,1,19,11,0,16,1,0,4.8,89,353.0,960,734.589232468326,0,1008.1,59.03624346792651,6.559820881700963,21,,
2018,1,19,12,0,16.2,36,0,4.9,89,448.0,928,818.9595863388564,0,1007.6,45.790103617074976,6.1594580797140255,25,,
2018,1,19,13,0,16.4,60,0,5.3,87,505.0,839,836.1245212935098,0,1007,69.93065412900813,5.099703346301221,33,,
2018,1,19,14,0,16.6,76,0,5.6,83,467.0,702,753.5201834020409,0,1006.5,43.5670862834026,7.559394991100381,43,,
2018,1,19,15,0,16.3,87,0,6.1,76,200.0,529,486.2307559105996,0,1006.2,58.38015192026484,8.907289303823267,55,,
2018,1,19,16,0,15.8,97,0,6.6,65,87.0,337,285.4776620495681,0,1006,62.93753263840495,8.753313145765553,66,,
2018,1,19,17,0,15.2,106,0,7,47,49.0,152,156.53843396258185,0,1005.9,63.22644744677564,7.680857013429842,77,,
2018,1,19,18,0,14.4,116,0,7.4,14,25.0,31,62.06293770874234,0,1005.9,68.19391699511431,6.669618032748112,87,,
2018,1,19,19,0,13.5,126,0,7.6,0,10.0,0,8.385718499395953,0,1005.9,69.07654810628412,7.686812521270173,97,,
2018,1,19,20,0,12.6,137,0,7.8,0,0.0,0,0.0,0,1005.9,73.0613699048817,7.902907516877916,106,,
2018,1,19,21,0,12.3,150,0,8,0,0.0,0,0.0,0,1005.4,68.08729773225502,7.37537394804034,112,,
2018,1,19,22,0,12.4,165,0,8,0,0.0,0,0.0,0,1004.6,66.92300000919033,7.05449887062592,117,,
2018,1,19,23,0,12.6,-180,0,8.1,0,0.0,0,0.0,0,1003.6,73.63784561367243,6.860362422839491,118,,
2018,1,20,0,0,12.9,-164,0.6,8.5,0,0.0,0,0.0,0,1002.7,76.58260444373775,7.20922352185655,117,,
2018,1,20,1,0,13.3,-149,33.5,9.2,0,0.0,0,0.0,0,1001.9,98.85214326515194,6.512632222398403,112,,
2018,1,20,2,0,13.7,-136,52,9.8,0,0.0,0,0.0,0,1001,134.9263280243281,5.638905027859189,105,,
2018,1,20,3,0,14.2,-125,51.2,10.5,1,0.0,0,0.0,0,1000.4,188.01779326904744,6.129743685380982,97,,
2018,1,20,4,0,14.8,-115,38.4,11.3,33,0.0,0,0.0,0,1000.1,191.611221290545,5.66350626351795,87,,
2018,1,20,5,0,15.4,-106,32.2,12,128,207.0,0,23.00000000000001,0,999.7,175.8531219995184,3.31874723452293,76,,
2018,1,20,6,0,16.3,-96,62,12.6,126,419.0,0,154.34283945172433,0,999.4,111.0098532503199,2.7959881127593222,65,,
2018,1,20,7,0,17.3,-87,70.7,12.9,177,580.0,0,342.6216902333059,0,999,81.25842458000687,4.869059641960691,54,,
2018,1,20,8,0,18.4,-75,66.8,13.3,250,670.0,0,538.8271955492746,0,998.7,108.07513016811696,4.536367492846582,43,,
2018,1,20,9,0,19.2,-59,59.3,13.5,363,762.0,0,730.6599140744063,0,998.2,99.79732114929698,3.569638244935617,33,,
2018,1,20,10,0,19.7,-34,62.4,13.6,363,805.0,0,875.4174727443677,0,997.7,91.8013245972122,2.143637437895906,24,,
2018,1,20,11,0,20.2,1,62.2,13.8,374,681.0,3,902.9383352648464,0,997.1,151.0679244097803,1.5967444917086009,21,,
2018,1,20,12,0,20.4,35,35.1,13.9,453,658.0,170,926.4741352985023,0,996.7,235.27259138894223,1.64568167200962,25,,
2018,1,20,13,0,20.4,60,45.6,14,392,666.0,95,918.221613544073,0,996.4,282.4899844261872,3.2827686973238603,33,,
2018,1,20,14,0,20.4,75,56.3,14.1,321,609.0,0,827.3408573551832,0,996.1,259.69713558448024,4.418658120955037,43,,
2018,1,20,15,0,20,87,70.4,14.2,177,381.0,0,601.0776079226109,0,996.1,241.1673032194305,5.008325142888096,55,,
2018,1,20,16,0,19.5,97,72.7,14.4,94,87.0,0,282.39659816387893,0,996.3,255.5637872431891,4.512598944342707,66,,
2018,1,20,17,0,19,106,71.6,14.5,50,26.0,0,120.99359531284205,0,996.6,294.83922094389163,4.451882065094356,77,,
2018,1,20,18,0,18.5,115,59.4,14.7,10,10.0,0,42.21304589749524,0,997,331.6725577992615,2.982106729880887,88,,
2018,1,20,19,0,18.2,125,50.4,15,0,3.0,0,4.4113518562744005,0,997.6,209.6820397761981,1.767011520028679,97,,
2018,1,20,20,0,17.9,137,64.5,15.2,0,0.0,0,0.0,0,998.2,204.9869183593084,2.0298269128530584,106,,
2018,1,20,21,0,17.6,150,78,15.3,0,0.0,0,0.0,0,998.4,188.51272029688363,3.9862997828760536,112,,
2018,1,20,22,0,17.4,165,29.3,15.3,0,0.0,0,0.0,0,998.4,189.4311333580666,6.193580245762561,117,,
2018,1,20,23,0,17.1,-180,0,15.2,0,0.0,0,0.0,0,998.3,179.3514559271348,6.1903379704014325,118,,
2018,1,21,0,0,17.1,-164,0,15.3,0,0.0,0,0.0,0,998.4,176.92680668748017,6.0612070828596245,117,,
2018,1,21,1,0,17.1,-149,0,15.4,0,0.0,0,0.0,0,998.5,187.74884987251912,5.598731657067563,112,,
2018,1,21,2,0,17.2,-136,0,15.5,0,0.0,0,0.0,0,998.6,194.1282175923372,4.905964363190317,105,,
2018,1,21,3,0,17.4,-125,0.8,15.6,0,0.0,0,0.0,0,999,180.34854524426623,5.337745248578488,97,,
2018,1,21,4,0,17.6,-115,39.2,15.8,15,0.0,0,0.0,0,999.5,172.61019645985675,6.899838893847812,87,,
2018,1,21,5,0,17.8,-105,62.4,15.9,60,67.0,4,19.000000000000004,0,1000.1,176.45343650290613,7.35661828392103,77,,
2018,1,21,6,0,18.9,-96,22.9,16.2,111,257.0,199,131.71143925516856,0,1000.4,171.56377760910812,7.0891574033489295,65,,
2018,1,21,7,0,20.5,-86,0,16.6,137,359.0,426,288.1690238471633,0,1000.6,170.950936318736,5.308748356670918,54,,
2018,1,21,8,0,22.2,-75,0,17,139,497.0,604,478.50745473393897,0,1000.8,184.8792737830067,5.143639883389971,43,,
2018,1,21,9,0,22.9,-59,0,16.7,128,552.0,758,642.3352220619192,0,1000.8,189.35138299483,5.493168060979447,33,,
2018,1,21,10,0,22.8,-34,1.5,16,153,268.0,808,611.6484273816702,0,1000.7,202.58708158978104,5.415640910544029,25,,
2018,1,21,11,0,22.6,1,0.8,15.1,137,328.0,860,716.3787686841363,0,1000.5,207.7977023200892,6.288431119323657,22,,
2018,1,21,12,0,22.6,35,0,14.7,117,261.0,860,694.1615685398228,0,1000.5,207.2981951778928,6.988502908329012,25,,
2018,1,21,13,0,22.7,59,0,14.6,111,168.0,779,594.9925038820938,0,1000.5,199.4275284976541,7.072874572377702,33,,
2018,1,21,14,0,22.7,75,0.2,14.5,105,76.0,648,425.97555718762567,0,1000.5,192.6045480116086,6.770847203656197,44,,
2018,1,21,15,0,22.3,87,12.3,14.8,200,49.0,317,308.67215374455685,0,1000.6,209.1606681660478,5.725972357262172,55,,
2018,1,21,16,0,21.6,97,18.7,15.3,198,197.0,112,374.7660596718048,0,1000.9,217.8616724042812,6.175143846581574,66,,
2018,1,21,17,0,20.7,106,6.7,15.8,88,61.0,77,167.41618634985693,0,1001.1,230.26788813435,5.120010232253952,77,,
2018,1,21,18,0,19.9,115,0,16,16,141.0,26,120.11832021442756,0,1001.5,231.84516292716424,3.945523398021912,88,,
2018,1,21,19,0,19.1,125,0,16,0,34.0,0,12.608902827373878,0,1001.9,229.14165771165943,4.627613875493942,97,,
2018,1,21,20,0,18.2,137,0,15.9,0,0.0,0,0.0,0,1002.4,217.8786761032109,3.3225852817012624,106,,
2018,1,21,21,0,17.5,150,0,15.8,0,0.0,0,0.0,0,1002.5,212.81539075485847,2.9985202080161923,113,,
2018,1,21,22,0,17,165,0,15.6,0,0.0,0,0.0,0,1002.3,194.4711408637306,3.611907153338788,117,,
2018,1,21,23,0,16.4,-180,0,15.4,0,0.0,0,0.0,0,1002.2,201.5000931551253,2.646557852650552,119,,
2018,1,22,0,0,15.9,-164,0,15.1,0,0.0,0,0.0,0,1001.9,173.18196469922668,1.6842741509645789,117,,
2018,1,22,1,0,15.5,-149,0,14.8,0,0.0,0,0.0,0,1001.5,49.80139569383027,2.219222676607336,113,,
2018,1,22,2,0,15.1,-136,0,14.5,0,0.0,0,0.0,0,1001.2,55.45139945248542,3.235662968666817,106,,
2018,1,22,3,0,15.2,-125,0.2,14.5,1,0.0,0,0.0,0,1001.1,53.70790644476699,4.599843272358775,97,,
2018,1,22,4,0,15.7,-115,13.3,14.8,33,0.0,2,0.0,0,1001.1,49.14018479269805,5.411161853965012,87,,
2018,1,22,5,0,16.3,-105,58.6,15.2,52,119.0,2,21.000000000000007,0,1001.2,41.24458814441323,6.370562303785284,77,,
2018,1,22,6,0,17.2,-96,46.6,15.5,189,226.0,40,125.89214687681552,0,1001.1,40.23765971437973,6.942947229528229,66,,
2018,1,22,7,0,18.5,-86,62.7,15.7,170,454.0,22,310.7036136296994,0,1000.8,40.310594830977664,6.638920105134081,54,,
2018,1,22,8,0,19.9,-75,55.8,16,347,718.0,0,548.6600679933263,0,1000.5,36.06840436171757,7.218675026772633,43,,
2018,1,22,9,0,20.3,-59,66.5,15.7,284,822.0000000000001,0,749.0426911721817,0,1000.3,38.62194239953647,7.8462462423612465,33,,
2018,1,22,10,0,20.2,-34,87.7,15,117,920.0,0,904.1621890570906,0,1000,33.08041650258008,8.285693811713724,25,,
2018,1,22,11,0,20,1,89.7,14.3,102,947.0,0,1010.8972896697078,0,999.7,29.118824344532243,8.779827399767724,22,,
2018,1,22,12,0,19.8,35,92.1,13.9,76,942.0,0,1053.5776644986336,0,999.3,31.674204076405942,9.012616906882664,25,,
2018,1,22,13,0,19.6,59,93.5,13.7,56,921.0,0,1034.98167162788,0,998.9,35.637803567043136,10.052910212699716,33,,
2018,1,22,14,0,19.4,75,92.2,13.6,57,884.0,0,955.0198210590062,0,998.6,42.04316707480473,10.833190704592775,44,,
2018,1,22,15,0,19,86,88.9,13.7,61,833.0,0,823.5259137441868,0,998.2,46.18547543639528,11.439935312892686,55,,
2018,1,22,16,0,18.3,96,85.3,14,52,731.0,0,630.7072311243614,0,997.9,46.00492805990916,10.984977591686636,66,,
2018,1,22,17,0,17.6,106,78.1,14.3,33,582.0,0,407.4875420983716,0,997.6,44.75076249723105,10.159577097623645,77,,
2018,1,22,18,0,17.1,115,27,14.4,9,353.0,0,179.4545429570952,0,997.3,44.54921638627542,9.21580627123422,88,,
2018,1,22,19,0,16.7,125,0,14.5,0,59.0,0,14.899411288047869,0,996.9,39.72295062677642,8.64934410987761,97,,
2018,1,22,20,0,16.4,137,0,14.5,0,0.0,0,0.0,0,996.6,40.45601409362968,8.010167016718148,106,,
2018,1,22,21,0,16.2,150,0,14.5,0,0.0,0,0.0,0,996.1,43.4498139071672,8.168208340852992,113,,
2018,1,22,22,0,16.2,164,0,14.5,0,0.0,0,0.0,0,995.6,44.70610143082104,7.942626168915226,117,,
2018,1,22,23,0,16.2,-180,0,14.4,0,0.0,0,0.0,0,995.1,40.56116801007983,7.789108199709608,119,,
2018,1,23,0,0,16.2,-164,0,14.5,0,0.0,0,0.0,0,994.7,34.84251165053121,7.036338118046966,117,,
2018,1,23,1,0,16.1,-149,0,14.5,0,0.0,0,0.0,0,994.2,28.544201779983155,7.413581330067896,113,,
2018,1,23,2,0,16.1,-136,0,14.6,0,0.0,0,0.0,0,993.7,30.46927655288175,7.602368228783956,106,,
2018,1,23,3,0,16.2,-125,0.3,14.6,1,0.0,0,0.0,0,993.6,30.77810516314588,7.533458231650861,97,,
2018,1,23,4,0,16.3,-115,15.2,14.6,29,0.0,2,0.0,0,993.8,31.26641990698573,7.625010521678232,88,,
2018,1,23,5,0,16.5,-105,12.1,14.5,75,106.0,89,18.000000000000007,0,994,28.75837648279179,7.622846283595986,77,,
2018,1,23,6,0,17,-96,52.1,14.3,97,339.0,50,131.1975719006659,0,994.2,28.7814022666874,8.006702014869948,66,,
2018,1,23,7,0,17.6,-86,82,14,102,618.0,2,330.9494208966431,0,994.5,28.898434995899947,6.342240426424677,55,,
2018,1,23,8,0,18.3,-74,48.5,13.6,330,595.0,85,489.5570693882911,0,994.8,25.149440318814243,7.606044349774075,43,,
2018,1,23,9,0,18.5,-58,34,13.1,527,764.0,67,702.3067582925624,0,995,20.620220573025165,8.291181780584653,33,,
2018,1,23,10,0,18.5,-34,13.6,12.5,269,819.0000000000001,597,855.218257030725,0,995.3,20.820319986962147,8.679310599040294,25,,
2018,1,23,11,0,18.5,1,11.5,11.9,311,837.0,597,951.838854080024,0,995.6,20.479608005462467,9.060181554660456,22,,
2018,1,23,12,0,18.3,34,27,11.2,518,856.0,212,1004.573232512884,0,995.9,22.929799380778093,9.259225011660677,25,,
2018,1,23,13,0,18,59,15.7,10.5,350,891.0,409,1016.9595350387852,0,996.3,22.75751885356589,8.840845827491219,33,,
2018,1,23,14,0,17.6,74,12.6,9.8,285,529.0,390,755.9377865786969,0,996.7,26.87432717228137,9.32469216955954,44,,
2018,1,23,15,0,17.1,86,19,9.2,290,544.0,189,668.1201910719539,0,997.1,30.27239601684181,8.64376437736965,55,,
2018,1,23,16,0,16.4,96,7.4,8.7,148,721.0,201,625.2676328697979,0,997.6,32.01112039188217,9.045591329183637,66,,
2018,1,23,17,0,15.7,105,0,8.2,57,603.0,129,414.1358143311966,0,998.1,39.64218708851598,8.82439015810089,77,,
2018,1,23,18,0,14.7,115,0,7.8,16,330.0,25,171.62476239956686,0,998.4,45.02463325408212,8.432283671663738,88,,
2018,1,23,19,0,13.5,125,0,7.6,0,35.0,0,10.62402175338316,0,998.6,45.11580992478849,7.857602050293329,98,,
2018,1,23,20,0,12.3,136,0,7.4,0,0.0,0,0.0,0,998.8,50.88102073721336,6.779783248488996,106,,
2018,1,23,21,0,11.6,149,0,7.5,0,0.0,0,0.0,0,998.7,54.89786925514926,6.025865918769809,113,,
2018,1,23,22,0,11.4,164,0,7.7,0,0.0,0,0.0,0,998.3,55.132657777147415,6.139833768192617,117,,
2018,1,23,23,0,11.2,-180,0,7.9,0,0.0,0,0.0,0,998,43.163590995765446,5.295489988169347,119,,
2018,1,24,0,0,11,-164,0,8,0,0.0,0,0.0,0,997.6,36.47861823455679,5.941691284565622,117,,
2018,1,24,1,0,11,-149,0,8,0,0.0,0,0.0,0,997.2,44.20392384265921,6.622687336492215,113,,
2018,1,24,2,0,10.9,-136,0,8,0,0.0,0,0.0,0,996.9,38.77274328427029,7.137871597457574,106,,
2018,1,24,3,0,11.2,-125,0,8.2,0,0.0,0,0.0,0,996.8,37.96443064598941,7.46146884643916,98,,
2018,1,24,4,0,11.8,-115,0,8.4,21,0.0,24,0.0,0,996.8,38.35017920720367,6.152443851685958,88,,
2018,1,24,5,0,12.4,-105,0.9,8.7,52,214.0,134,19.00000000000001,0,996.9,42.05498180327902,6.505134901778136,77,,
2018,1,24,6,0,13.4,-96,47.3,8.9,103,434.0,68,139.54879196871394,0,996.8,40.813673897433205,7.508355798821776,66,,
2018,1,24,7,0,14.8,-86,68.3,9.2,192,724.0,0,351.4038979384708,0,996.6,41.3487909121377,5.801212014795416,55,,
2018,1,24,8,0,16.3,-74,50.1,9.5,389,850.0,6,568.6437263094144,0,996.3,37.14379742987154,5.730143599591536,44,,
2018,1,24,9,0,17,-58,23.2,9.5,387,883.0,318,748.3729660446248,0,995.9,33.66116606271942,5.637940468042849,33,,
2018,1,24,10,0,17.2,-34,35.1,9.4,459,907.0,182,890.0135004560276,0,995.3,30.21759029717657,6.298459561232908,25,,
2018,1,24,11,0,17.4,0,31.3,9.2,499,911.0,207,983.91105421342,0,994.7,31.217121995711977,7.925062275741128,22,,
2018,1,24,12,0,17.5,34,46.6,9.3,422,901.0,116,1022.7285454206992,0,994.3,34.5850499954131,8.557389289932178,25,,
2018,1,24,13,0,17.5,58,73.1,9.4,250,895.0,0,1012.3993274308664,0,993.9,38.61140459992959,8.484973840673176,34,,
2018,1,24,14,0,17.6,74,79.2,9.6,158,861.0,1,935.6275361899684,0,993.5,40.53624966808212,8.723909529743995,44,,
2018,1,24,15,0,17.4,86,46.9,9.8,246,811.0,46,805.2392417892142,0,993.3,43.32604043856429,9.083189561053103,55,,
2018,1,24,16,0,17,96,52,10.1,178,728.0,26,623.9254379213139,0,993.3,47.0348502588767,9.261930353071472,66,,
2018,1,24,17,0,16.6,105,55.7,10.3,75,603.0,0,410.2799928904973,0,993.3,51.8609873136038,9.14462604823914,77,,
2018,1,24,18,0,16.1,114,18.2,10.8,20,353.0,0,175.3426222060882,0,993.2,57.14721308369019,9.258292891516774,88,,
2018,1,24,19,0,15.6,125,0,11.3,0,55.0,0,14.16299656123294,0,993.1,56.69190160562903,8.836600284694617,98,,
2018,1,24,20,0,15.1,136,0,11.8,0,0.0,0,0.0,0,993,55.63604237950574,8.083120561204892,106,,
2018,1,24,21,0,14.8,149,0,12.1,0,0.0,0,0.0,0,992.6,63.66841000827117,7.958306241779917,113,,
2018,1,24,22,0,14.6,164,0,12.2,0,0.0,0,0.0,0,992.1,73.7684147345546,7.996221700668648,118,,
2018,1,24,23,0,14.4,-180,0,12.3,0,0.0,0,0.0,0,991.5,71.70645928136878,7.319892154704314,119,,
2018,1,25,0,0,14.1,-164,0,12.2,0,0.0,0,0.0,0,991.2,70.0959699990388,8.085535103925583,118,,
2018,1,25,1,0,13.7,-149,0,12,0,0.0,0,0.0,0,991,74.25276436850572,8.678248195989442,113,,
2018,1,25,2,0,13.2,-136,0,11.8,0,0.0,0,0.0,0,990.8,84.34876963681586,7.948544024201152,106,,
2018,1,25,3,0,12.9,-125,0.4,11.5,0,0.0,0,0.0,0,991.1,98.07990908381691,6.73951051418187,98,,
2018,1,25,4,0,12.6,-114,21.1,11,26,0.0,1,0.0,0,991.7,141.77331526433727,4.5697382378684805,88,,
2018,1,25,5,0,12.4,-105,19.2,10.5,92,265.0,63,18.000000000000018,0,992.3,170.03667299457618,5.462260821319746,77,,
2018,1,25,6,0,12.6,-96,10.6,10,160,625.0,181,152.533490881117,0,992.8,175.004989707866,7.2651397625080785,66,,
2018,1,25,7,0,13.2,-86,18.8,9.3,294,801.0,173,361.38587072436985,0,993.2,178.6818234301411,6.739088108572185,55,,
2018,1,25,8,0,13.8,-74,8.7,8.7,210,879.0,495,571.1760273699085,0,993.6,199.8786882514001,8.469501813899504,44,,
2018,1,25,9,0,13.9,-58,7.6,8.5,266,918.0,563,756.6660677529353,0,994,212.33866259320547,8.613249583629432,34,,
2018,1,25,10,0,13.7,-34,14.3,8.6,388,913.0,457,901.6505311161964,0,994.4,219.10664160072264,8.91773198498943,26,,
2018,1,25,11,0,13.4,0,55.4,8.7,292,915.0,160,995.6413952422488,0,994.8,230.83206872624373,8.977141545064853,22,,
2018,1,25,12,0,13.2,34,47,8.5,446,906.0,69,1035.8329412452445,0,995.2,234.8456520869441,7.567845244633938,26,,
2018,1,25,13,0,13,58,25.2,8.2,498,885.0,172,1016.8520620377388,0,995.6,239.36498613631213,6.947146882551085,34,,
2018,1,25,14,0,12.9,74,11.9,7.9,294,850.0,371,938.8233631019098,0,996,245.16745558059645,6.399302590637937,44,,
2018,1,25,15,0,12.7,86,16.8,7.6,257,789.0,237,800.9105995701804,0,996.6,248.90956679506056,5.085796207744804,55,,
2018,1,25,16,0,12.5,96,8.3,7.4,155,675.0,185,604.2749109057794,0,997.3,255.09433411805645,4.198907714679965,66,,
2018,1,25,17,0,12.2,105,1.8,7.2,62,554.0,116,394.2013859209104,0,998,263.25430468844377,3.874232316113594,77,,
2018,1,25,18,0,11.9,114,1,6.9,19,328.0,19,168.88988823240993,0,998.7,282.51227315365264,3.8539847674704735,88,,
2018,1,25,19,0,11.4,124,0,6.5,0,47.0,0,12.027898550335928,0,999.6,320.628033773635,4.291640280052967,98,,
2018,1,25,20,0,10.9,136,0,6.2,0,0.0,0,0.0,0,1000.5,34.76030375256761,5.608244380864279,107,,
2018,1,25,21,0,10.8,149,0,6.2,0,0.0,0,0.0,0,1001,58.482145553746136,7.135110240584528,113,,
2018,1,25,22,0,11,164,0,6.5,0,0.0,0,0.0,0,1001.2,70.17468887366249,6.611848093431173,118,,
2018,1,25,23,0,11.2,180,0,6.8,0,0.0,0,0.0,0,1001.4,82.377772484881,6.33355014099489,119,,
2018,1,26,0,0,11.3,-164,0.6,7,0,0.0,0,0.0,0,1001.7,92.1435970646379,5.476244265551809,118,,
2018,1,26,1,0,11.3,-149,33.6,7.1,0,0.0,0,0.0,0,1002.2,92.62766393719149,3.8715023283224137,113,,
2018,1,26,2,0,11.3,-136,51.9,7.2,0,0.0,0,0.0,0,1002.7,91.40061601395024,3.3760086600951897,107,,
2018,1,26,3,0,11.4,-125,51.2,7.3,0,0.0,0,0.0,0,1003.4,84.21809995312015,4.2943078712854055,98,,
2018,1,26,4,0,11.6,-114,19.9,7.4,22,0.0,17,0.0,0,1004.2,82.22902098031562,4.660229064423708,88,,
2018,1,26,5,0,11.9,-105,0.9,7.5,52,29.0,130,13.000000000000002,0,1005.1,79.40492196618379,5.384276197991526,78,,
2018,1,26,6,0,12.7,-96,0,7.4,72,37.0,315,65.2253449778431,0,1005.7,93.58940852433692,4.671762165250732,66,,
2018,1,26,7,0,14,-86,0.1,7.3,83,76.0,508,165.75238961893623,0,1006.1,114.39518950394633,3.3710404410628283,55,,
2018,1,26,8,0,15.2,-74,5,7.2,169,320.0,561,394.485515524873,0,1006.4,117.6912491893312,0.67772065514301,44,,
2018,1,26,9,0,15.9,-58,30.6,6.9,415,760.0,209,699.8602506922564,0,1006.6,200.66305363960893,0.6731877919469952,34,,
2018,1,26,10,0,16.1,-34,19.9,6.4,323,749.0,486,832.4781124884049,0,1006.6,243.03183435835624,1.4277123320374303,26,,
2018,1,26,11,0,16.2,0,46.3,5.9,283,340.0,272,703.7215580357117,0,1006.6,243.60361797645984,1.9286169874269727,23,,
2018,1,26,12,0,16.2,33,64,5.7,357,290.0,3,696.7219049660639,0,1006.6,252.66189085763853,2.726419964319213,26,,
2018,1,26,13,0,16.3,57,36.4,5.7,404,406.0,168,757.11460227049,0,1006.6,244.240725800404,3.975091268583263,34,,
2018,1,26,14,0,16.3,74,8.1,5.7,202,345.0,504,659.8193646547361,0,1006.6,252.70440684329577,4.969834887028068,44,,
2018,1,26,15,0,15.9,85,0,5.9,73,143.0,525,420.9722019372908,0,1006.8,265.52874797364166,5.3238198347095,55,,
2018,1,26,16,0,15.4,95,0,6.1,61,200.0,333,363.4547912952455,0,1007,273.8363781676917,5.006335440869777,66,,
2018,1,26,17,0,14.7,105,0,6.4,43,413.0,147,341.0015381573734,0,1007.3,279.2856309634165,4.151816628014345,78,,
2018,1,26,18,0,13.8,114,0,6.6,13,253.0,29,147.89968223823638,0,1007.7,279.6429607290788,3.119020702180224,88,,
2018,1,26,19,0,12.7,124,0.6,6.7,0,33.0,0,10.163485439716446,0,1008,278.77445731920074,3.721039475984831,98,,
2018,1,26,20,0,11.6,136,32.9,6.9,0,0.0,0,0.0,0,1008.4,271.3674071856857,3.253367879780543,107,,
2018,1,26,21,0,11.1,149,50.4,7.2,0,0.0,0,0.0,0,1008.5,245.01399059479783,3.775999617068425,114,,
2018,1,26,22,0,11.1,164,18.1,7.5,0,0.0,0,0.0,0,1008.3,227.6655154314144,4.751526148217039,118,,
2018,1,26,23,0,11.1,180,0,7.9,0,0.0,0,0.0,0,1008.2,203.17038766712352,6.512620338309264,120,,
2018,1,27,0,0,11.1,-164,0,8.1,0,0.0,0,0.0,0,1008.1,192.6882816011129,6.954750685360882,118,,
2018,1,27,1,0,10.9,-149,0,8.1,0,0.0,0,0.0,0,1008.1,184.9778339350426,7.63622310034853,114,,
2018,1,27,2,0,10.7,-136,0,8.2,0,0.0,0,0.0,0,1008.1,184.19718028704025,8.129223800388667,107,,
2018,1,27,3,0,10.8,-124,0,8.2,0,0.0,0,0.0,0,1008.3,183.6585591964164,7.640571239102877,98,,
2018,1,27,4,0,11.2,-114,0,8.3,17,0.0,24,0.0,0,1008.6,186.43146142574497,7.142362128713937,88,,
2018,1,27,5,0,11.6,-105,1.4,8.5,50,97.0,131,17.000000000000007,0,1008.9,187.8775182548752,7.205446684198757,78,,
2018,1,27,6,0,12.7,-95,0.8,8.4,66,287.0,321,121.77568999568352,0,1009,189.28732630049583,8.05554781443856,67,,
2018,1,27,7,0,14.2,-85,0,8.1,74,445.0,520,292.77166101291,0,1009,192.7956361101335,9.052443047602187,55,,
2018,1,27,8,0,15.7,-74,1.4,7.8,104,534.0,659,473.5529325554184,0,1008.9,196.7106287469388,8.12052436583054,44,,
2018,1,27,9,0,16.5,-58,15.3,7.3,335,677.0,435,673.8039299879619,0,1008.7,198.4855462646751,7.955648269283642,34,,
2018,1,27,10,0,16.7,-34,16.1,6.7,377,780.0,467,828.7063501867656,0,1008.5,198.9088202817968,7.645237569872514,26,,
2018,1,27,11,0,16.8,0,14.8,6.1,375,807.0,506,929.2803371435596,0,1008.3,204.1343226194214,8.199378565902277,23,,
2018,1,27,12,0,17,33,11.8,6,316,828.0000000000001,568,981.0721890529114,0,1008.1,206.34118767926145,8.299500421776719,26,,
2018,1,27,13,0,17.1,57,15.2,6.1,334,824.0000000000001,445,970.9742334843788,0,1008,207.9699166913539,8.11844993444987,34,,
2018,1,27,14,0,17.1,73,29.4,6.3,407,800.0,146,900.6748152170495,0,1007.9,211.38701478345072,7.714004142560581,44,,
2018,1,27,15,0,17,85,12.8,6.7,196,739.0,307,764.5577085642768,0,1008,212.852354271879,8.359653967364839,55,,
2018,1,27,16,0,16.6,95,0,7.2,57,645.0,335,581.7125911959866,0,1008.2,209.41644827181432,8.087918283119988,66,,
2018,1,27,17,0,16.1,104,0,7.7,41,497.0,147,365.43934403058574,0,1008.5,205.0793797071168,7.803312258751688,78,,
2018,1,27,18,0,15.5,114,0,8,12,250.0,29,141.48046918855016,0,1008.9,202.99295975819985,7.44950814927706,88,,
2018,1,27,19,0,14.8,124,0,8.2,0,26.0,0,8.223382287378765,0,1009.2,194.5942098749673,8.166069057958566,98,,
2018,1,27,20,0,14,136,0,8.4,0,0.0,0,0.0,0,1009.5,190.09076355895948,7.948141638961934,107,,
2018,1,27,21,0,13.7,149,0,8.5,0,0.0,0,0.0,0,1009.7,193.23564684835983,9.204462339580427,114,,
2018,1,27,22,0,13.6,164,0,8.6,0,0.0,0,0.0,0,1009.8,199.19121132852945,9.932084635334004,118,,
2018,1,27,23,0,13.6,180,0,8.7,0,0.0,0,0.0,0,1009.9,198.312130785612,10.264687310973486,120,,
2018,1,28,0,0,13.5,-164,0,8.7,0,0.0,0,0.0,0,1010,196.6611324915809,9.984101857372828,118,,
2018,1,28,1,0,13.3,-149,0,8.8,0,0.0,0,0.0,0,1010.1,193.92614293939585,10.076201410577488,114,,
2018,1,28,2,0,13.2,-136,0,8.9,0,0.0,0,0.0,0,1010.3,191.65453473850607,11.4716128718128,107,,
2018,1,28,3,0,13.1,-124,0,9.1,0,0.0,0,0.0,0,1010.7,192.4261651867397,11.455863763091198,98,,
2018,1,28,4,0,13.2,-114,0,9.3,18,0.0,19,0.0,0,1011.3,193.0550335135165,11.089104254543066,89,,
2018,1,28,5,0,13.4,-104,1.7,9.5,56,196.0,116,16.00000000000001,0,1012,191.38924760923427,11.62142429939558,78,,
2018,1,28,6,0,14.3,-95,17.2,9.6,189,537.0,114,137.57175173148698,0,1012.4,192.94192907542745,11.084052220611635,67,,
2018,1,28,7,0,15.7,-85,9.5,9.6,151,709.0,387,336.61855002983805,0,1012.6,194.01699961542568,10.930446475700675,56,,
2018,1,28,8,0,17.3,-73,14.8,9.6,291,795.0,349,539.6022286617032,0,1012.8,196.29955354196383,10.991838529642008,44,,
2018,1,28,9,0,18.1,-57,48.3,9.1,366,839.0,91,721.1436672826393,0,1012.7,201.7622738362029,11.017910856792575,34,,
2018,1,28,10,0,18.3,-33,29.8,8.3,335,826.0000000000001,372,861.319332233587,0,1012.5,204.50755974541747,10.90240096074138,26,,
2018,1,28,11,0,18.6,0,4.2,7.4,189,832.0000000000001,794,955.2657035278464,0,1012.2,205.54597473456545,10.000343152953436,23,,
2018,1,28,12,0,18.8,33,5.8,7,220,826.0000000000001,718,994.7327718339992,0,1012,211.1577143486048,9.1032104571987,26,,
2018,1,28,13,0,19.1,57,3.3,6.9,167,717.0,707,926.3620449178496,0,1011.8,219.1907169849337,9.13503210345026,34,,
2018,1,28,14,0,19.3,73,0.5,6.9,99,407.0,664,693.8131749354536,0,1011.6,227.0192673059608,8.426985115701747,44,,
2018,1,28,15,0,19.1,85,25.1,7.3,237,321.0,219,548.3720177753383,0,1011.5,228.86997935155844,7.4381291099353,55,,
2018,1,28,16,0,18.6,95,45.2,7.8,212,327.0,1,434.2459067403888,0,1011.6,228.189264429376,7.211366584881496,67,,
2018,1,28,17,0,18,104,19.9,8.5,85,354.0,37,312.75505638006564,0,1011.7,226.78527876095924,7.203694352096042,78,,
2018,1,28,18,0,17.1,114,1.3,8.6,17,194.0,21,126.72972698177983,0,1011.9,218.9461988486205,7.628054960523943,88,,
2018,1,28,19,0,16,124,0,8.3,0,22.0,0,7.677049142725881,0,1012.2,203.99092885751887,9.3887306498812,98,,
2018,1,28,20,0,15,135,0,8,0,0.0,0,0.0,0,1012.6,199.74121908182403,11.057334677309658,107,,
2018,1,28,21,0,14.2,149,0,7.9,0,0.0,0,0.0,0,1012.7,203.689972849098,10.944742388039645,114,,
2018,1,28,22,0,13.8,164,0,7.9,0,0.0,0,0.0,0,1012.8,199.95222087502688,10.718289651800006,119,,
2018,1,28,23,0,13.4,180,0,7.9,0,0.0,0,0.0,0,1012.9,197.43946748484888,10.518399695820897,120,,
2018,1,29,0,0,12.9,-164,0,7.7,0,0.0,0,0.0,0,1012.9,197.03848517824733,11.125782269395495,119,,
2018,1,29,1,0,12.5,-149,0,7.5,0,0.0,0,0.0,0,1012.9,195.83446880383323,11.865278724618925,114,,
2018,1,29,2,0,12.1,-136,0,7.3,0,0.0,0,0.0,0,1013,196.25252744876852,11.442373149594593,107,,
2018,1,29,3,0,12,-124,0,7.3,0,0.0,0,0.0,0,1013.1,204.3355775439028,9.688481844091308,99,,
2018,1,29,4,0,12.1,-114,0.8,7.4,16,0.0,20,0.0,0,1013.4,209.52044761073967,9.624727127616373,89,,
2018,1,29,5,0,12.3,-104,0.9,7.5,44,40.0,133,13.000000000000002,0,1013.7,207.00396214118567,9.32144515005265,78,,
2018,1,29,6,0,13.4,-95,0.2,7.5,61,132.0,318,94.68579654476456,0,1013.7,200.62332477877845,8.857672125699448,67,,
2018,1,29,7,0,15.1,-85,0.1,7.5,73,206.0,510,224.64223440549137,0,1013.7,197.0545947494776,8.140440611114748,56,,
2018,1,29,8,0,16.9,-73,7,7.5,192,310.0,515,389.9204059252449,0,1013.6,188.7172165988875,6.135820003673611,45,,
2018,1,29,9,0,17.8,-57,13,7.2,311,213.0,476,458.03375904317033,0,1013.3,219.1538020621861,4.65232848478002,35,,
2018,1,29,10,0,18.1,-33,16.8,6.6,395,151.0,431,529.9665225857481,0,1012.8,241.9586100264908,4.339499720028726,27,,
2018,1,29,11,0,18.3,0,6.6,6,211,119.0,747,549.7694041826135,0,1012.3,307.3878899279782,2.0955934522502826,23,,
2018,1,29,12,0,18.5,32,0.5,5.9,97,43.0,895,424.3136082520526,0,1011.9,43.24913466693448,7.746401293521946,26,,
2018,1,29,13,0,18.6,56,23.6,6.2,372,52.0,329,433.6581099711668,0,1011.4,48.09654487394869,7.299243420103237,34,,
2018,1,29,14,0,18.8,73,29.9,6.5,436,54.0,97,394.987458055486,0,1010.9,56.032230829292814,8.56396199365585,44,,
2018,1,29,15,0,18.6,85,25.7,6.9,324,32.0,110,277.906524133756,0,1010.6,60.950704985046286,9.468732981776691,55,,
2018,1,29,16,0,18.2,95,19.9,7.2,202,14.0,99,154.0626530687706,0,1010.4,59.05327530400018,10.56386949193321,67,,
2018,1,29,17,0,17.7,104,40.7,7.5,85,10.0,37,84.86102256228415,0,1010.2,65.39919259789929,11.152172575002728,78,,
2018,1,29,18,0,17,113,19.6,7.5,17,5.0,0,29.528734082372583,0,1010.2,69.17201388822201,11.47496218914044,89,,
2018,1,29,19,0,16.2,124,0,7.2,0,0.0,0,1.0,0,1010.3,68.65877690577474,11.616624545301937,98,,
2018,1,29,20,0,15.3,135,0,6.9,0,0.0,0,0.0,0,1010.4,68.00108294130268,11.178916709980852,107,,
2018,1,29,21,0,14.7,148,0,6.8,0,0.0,0,0.0,0,1010.4,65.87524187195777,10.398192854940364,114,,
2018,1,29,22,0,14.2,164,0,6.8,0,0.0,0,0.0,0,1010.2,65.3366320645224,10.742427448713949,119,,
2018,1,29,23,0,13.7,180,0,6.8,0,0.0,0,0.0,0,1010,66.90524357766532,11.268040288346178,120,,
2018,1,30,0,0,13.3,-164,0,6.7,0,0.0,0,0.0,0,1009.8,65.67203841647273,11.487601419962086,119,,
2018,1,30,1,0,13,-149,0,6.6,0,0.0,0,0.0,0,1009.5,69.61049541264856,11.609982216666976,114,,
2018,1,30,2,0,12.6,-136,0.6,6.4,0,0.0,0,0.0,0,1009.2,69.30202601975714,12.215950047502956,108,,
2018,1,30,3,0,12.5,-124,31,6.5,0,0.0,0,0.0,0,1009.1,66.82216651179726,11.50341881333,99,,
2018,1,30,4,0,12.6,-114,44.9,6.6,19,0.0,1,0.0,0,1009.1,68.56065849604829,11.299442387321957,89,,
2018,1,30,5,0,12.8,-104,27.2,6.8,89,24.0,46,12.000000000000002,0,1009.1,68.50620107901841,11.053610840253295,78,,
2018,1,30,6,0,13.6,-95,17,7.2,169,92.0,138,91.2119245293559,0,1008.9,63.357367865699416,9.918084238949268,67,,
2018,1,30,7,0,15,-85,5.9,7.6,119,499.0,423,308.81125156206366,0,1008.5,68.6676131700682,8.102500004172509,56,,
2018,1,30,8,0,16.5,-73,0,8,82,704.0,664,535.2497944676036,0,1008.2,63.67099688240455,11.10433356796044,45,,
2018,1,30,9,0,17.3,-57,0.2,7.9,92,756.0,790,719.2262387295157,0,1007.6,61.350322986170966,11.528948386184403,35,,
2018,1,30,10,0,17.8,-33,9,7.5,265,859.0,618,857.636848503842,0,1006.9,63.01124536696591,11.353923769927963,27,,
2018,1,30,11,0,18.3,0,19,7,434,863.0,378,951.4494232732902,0,1006.2,57.454528532896575,11.901411685436283,24,,
2018,1,30,12,0,18.6,32,16.6,6.9,394,859.0,416,991.7060836017772,0,1005.5,56.42940362885088,11.917751499072624,27,,
2018,1,30,13,0,18.9,56,11.7,7.2,301,830.0000000000001,481,968.2215260033691,0,1004.8,55.81078754916581,12.5062148713739,34,,
2018,1,30,14,0,19.1,72,7.3,7.6,206,790.0,485,889.0574222946707,0,1004.1,56.66266098302316,13.055812606862435,45,,
2018,1,30,15,0,18.9,84,14.6,8,215,740.0,280,759.684321158533,0,1003.7,56.33651279265098,13.282267834425587,56,,
2018,1,30,16,0,18.4,94,54.2,8.6,137,682.0,59,593.2336915479309,0,1003.4,57.93607900833672,13.044838628776024,67,,
2018,1,30,17,0,17.9,104,60.8,9.2,57,564.0,0,385.0316055519186,0,1003.1,54.49621302921719,13.146656647889388,78,,
2018,1,30,18,0,17.1,113,19.4,9.4,17,327.0,0,158.24681740103864,0,1003,53.87348061587852,13.018039039871216,89,,
2018,1,30,19,0,16.2,123,0,9.5,0,30.0,0,7.503896486587722,0,1003.1,58.5726296362684,12.082546231788951,99,,
2018,1,30,20,0,15.3,135,0,9.6,0,0.0,0,0.0,0,1003.2,58.177846276169646,10.762785951069867,107,,
2018,1,30,21,0,14.8,148,0,9.5,0,0.0,0,0.0,0,1003.1,55.45962726150589,10.08836650187564,114,,
2018,1,30,22,0,14.6,163,0,9.3,0,0.0,0,0.0,0,1002.9,49.09631190703203,9.949598939399,119,,
2018,1,30,23,0,14.4,180,0,9.2,0,0.0,0,0.0,0,1002.6,45.36555469470352,9.98446119447375,121,,
2018,1,31,0,0,14.1,-164,0,9,0,0.0,0,0.0,0,1002.4,43.366035214449255,10.165167960263048,119,,
2018,1,31,1,0,13.8,-149,0,8.8,0,0.0,0,0.0,0,1002.2,36.22296066627331,10.716210445365316,115,,
2018,1,31,2,0,13.4,-136,0,8.6,0,0.0,0,0.0,0,1002,35.27867144910431,12.65693155973125,108,,
2018,1,31,3,0,13.3,-124,0.1,8.5,0,0.0,0,0.0,0,1002,41.713591575990506,12.334577121823044,99,,
2018,1,31,4,0,13.3,-114,7.3,8.5,21,0.0,7,0.0,0,1002.2,43.59483873359659,11.96779039086799,89,,
2018,1,31,5,0,13.3,-104,4.1,8.5,49,50.0,114,12.000000000000004,0,1002.4,48.549122224136966,11.994273381445042,79,,
2018,1,31,6,0,14.2,-95,0,8.7,69,401.0,294,119.72057674940456,0,1002.3,52.05712075914931,13.136629631200725,67,,
2018,1,31,7,0,15.8,-85,0,9.2,82,690.0000000000001,483,323.16150648455823,0,1002.1,60.47721654276012,12.06955458597869,56,,
2018,1,31,8,0,17.5,-73,0,9.7,91,808.0,653,534.4247559947842,0,1001.8,63.29275878141056,13.550635507767016,45,,
2018,1,31,9,0,18.4,-57,0,9.9,98,883.0,786,729.978581629304,0,1001.6,72.70559106558483,12.345751378019855,35,,
2018,1,31,10,0,18.9,-33,0,9.9,105,932.0,867,884.2508722734057,0,1001.3,85.21747214577874,11.99415225606285,27,,
2018,1,31,11,0,19.4,-1,0,9.9,111,954.0,892,990.7641970724188,0,1001,86.44139054907816,11.076288630624058,24,,
2018,1,31,12,0,19.5,32,1.8,9.9,145,958.0,811,1040.1367641641832,0,1000.8,86.93130681967796,10.507498654922047,27,,
2018,1,31,13,0,19.5,56,20.5,10,374,938.0,337,1023.2862176474072,0,1000.6,85.42662609221492,10.1899149817279,35,,
2018,1,31,14,0,19.4,72,12.7,10.2,267,908.0,375,948.9121458390232,0,1000.5,84.06541747465496,10.880824538014044,45,,
2018,1,31,15,0,19,84,0.9,10.3,108,852.0,455,813.1206380653321,0,1000.5,84.7701317175136,10.970719752911176,56,,
2018,1,31,16,0,18.2,94,0,10.4,78,762.0,291,625.4115022493503,0,1000.6,86.64377263547294,10.67578131978956,67,,
2018,1,31,17,0,17.4,103,0,10.6,51,613.0,118,399.4645936446423,0,1000.7,88.19428132411883,10.475172461248516,78,,
2018,1,31,18,0,16.8,113,0,10.6,14,336.0,21,158.19192474644643,0,1001.1,88.6589828613682,9.722633619270638,89,,
2018,1,31,19,0,16.2,123,0,10.7,0,27.0,0,7.083484554838546,0,1001.6,81.88229022703587,9.737461369257876,99,,
2018,1,31,20,0,15.7,135,0,10.7,0,0.0,0,0.0,0,1002.1,82.00297399563277,9.721984876884214,108,,
2018,1,31,21,0,15.3,148,0,10.7,0,0.0,0,0.0,0,1002.3,86.97815964554883,10.151566798975608,115,,
2018,1,31,22,0,15,163,0,10.6,0,0.0,0,0.0,0,1002.2,90.68010798539262,9.893275097228845,119,,
2018,1,31,23,0,14.7,180,0,10.5,0,0.0,0,0.0,0,1002,93.18223486168785,9.679965334669614,121,,
2018,2,1,0,0,14.4,-164,0,10.3,0,0.0,0,0.0,0,1002.1,95.31295022052676,10.151032795061385,119,,
2018,2,1,1,0,14,-149,0,9.9,0,0.0,0,0.0,0,1002.2,97.07848884795352,9.434455674247603,115,,
2018,2,1,2,0,13.7,-135,0,9.5,0,0.0,0,0.0,0,1002.3,97.61080036913496,9.382704903321562,108,,
2018,2,1,3,0,13.4,-124,0,9.2,0,0.0,0,0.0,0,1002.6,96.897486539586,9.493758852529512,99,,
2018,2,1,4,0,13.2,-113,0.7,8.9,16,0.0,14,0.0,0,1003,97.71015328495804,9.29891110731539,89,,
2018,2,1,5,0,13,-104,0.4,8.6,44,218.0,120,13.000000000000014,0,1003.5,99.74955639141768,8.710767325205921,79,,
2018,2,1,6,0,13.8,-94,0,8.7,65,670.0,302,133.29233937863273,0,1003.8,99.77638743935525,8.05446728794759,68,,
2018,2,1,7,0,15.3,-84,0,9.2,76,811.0,496,340.65049983442407,0,1004,98.50657755626492,6.405427763670872,56,,
2018,2,1,8,0,16.8,-72,0.3,9.7,87,877.0,662,548.7904936185303,0,1004.3,91.6285236138042,6.597635548063947,45,,
2018,2,1,9,0,17.7,-56,14.3,9.7,317,901.0,442,729.8020992359923,0,1004.4,78.96660989097899,7.628556442249211,35,,
2018,2,1,10,0,18.1,-33,17.9,9.2,405,895.0,404,869.8013976684167,0,1004.3,74.41646570548028,7.295782236126913,27,,
2018,2,1,11,0,18.4,-1,5.6,8.7,197,885.0,763,958.507254149325,0,1004.3,76.43836159820233,7.462963528190923,24,,
2018,2,1,12,0,18.7,31,0,8.6,92,824.0000000000001,895,969.4770120750728,0,1004.3,76.69924956262173,7.606629179763392,27,,
2018,2,1,13,0,19,55,0,8.7,91,777.0,807,935.8337709999496,0,1004.3,73.92994375290908,8.354030380104511,35,,
2018,2,1,14,0,19.2,72,0,9,87,682.0,672,825.784442404409,0,1004.3,70.08788061515634,9.293128202657028,45,,
2018,2,1,15,0,19.1,84,0,9.3,79,681.0,499,725.3420098152046,0,1004.5,72.90522649914095,10.341917402881707,56,,
2018,2,1,16,0,18.6,94,0,9.7,67,448.0,308,478.42532434906127,0,1004.7,78.05834082809082,10.765447941778818,67,,
2018,2,1,17,0,18.1,103,0,10,46,354.0,125,298.84911458404804,0,1005,79.19600494408593,10.7632980184846,78,,
2018,2,1,18,0,17.3,113,0,10.1,13,266.0,23,138.4609503915159,0,1005.5,80.4992260240424,10.466068940814734,89,,
2018,2,1,19,0,16.5,123,0,10,0,16.0,0,4.784181119875078,0,1006.1,77.74644448490841,9.800672099485183,99,,
2018,2,1,20,0,15.6,135,0,9.9,0,0.0,0,0.0,0,1006.6,78.68949895189087,9.649813991690928,108,,
2018,2,1,21,0,15.1,148,0,10,0,0.0,0,0.0,0,1007,80.69696555568629,9.109810143182017,115,,
2018,2,1,22,0,14.8,163,0,10.3,0,0.0,0,0.0,0,1007.1,82.10945768685372,8.86888146037551,120,,
2018,2,1,23,0,14.6,180,0,10.5,0,0.0,0,0.0,0,1007.3,84.57533798621591,9.098120206252618,121,,
2018,2,2,0,0,14.3,-164,0,10.6,0,0.0,0,0.0,0,1007.5,88.65843451398973,9.08256776927211,120,,
2018,2,2,1,0,13.9,-149,0,10.5,0,0.0,0,0.0,0,1007.8,90.77672894357704,9.040869806629662,115,,
2018,2,2,2,0,13.6,-135,0,10.3,0,0.0,0,0.0,0,1008.1,95.60598167289936,8.342390160350508,108,,
2018,2,2,3,0,13.4,-124,0.2,10.2,0,0.0,0,0.0,0,1008.5,96.39153258189803,7.612256285958264,100,,
2018,2,2,4,0,13.4,-113,9.8,10,20,0.0,1,0.0,0,1009.1,97.09811271360576,7.545376528185656,90,,
2018,2,2,5,0,13.4,-104,54.5,9.9,44,151.0,1,13.000000000000009,0,1009.7,103.70768642091832,7.310769226785708,79,,
2018,2,2,6,0,14.2,-94,69.8,9.8,111,568.0000000000001,3,125.76358718102756,0,1010.2,106.23589928416908,7.090391262971595,68,,
2018,2,2,7,0,15.4,-84,35.1,9.7,232,745.0,154,327.6789529363783,0,1010.5,106.17976049545354,6.46860989128636,57,,
2018,2,2,8,0,16.7,-72,39.1,9.7,342,830.0000000000001,96,536.5298036315372,0,1010.9,111.60787731581962,4.65737082925249,46,,
2018,2,2,9,0,17.5,-56,18.5,9.5,197,874.0,538,721.4690154897776,0,1011,131.86288920508355,2.87693257269475,35,,
2018,2,2,10,0,17.9,-33,0,9.1,95,883.0,880,866.4607758251357,0,1011,159.6722951610309,1.9143923261196527,28,,
2018,2,2,11,0,18.1,-1,0,8.8,93,885.0,915,961.5044012080024,0,1010.9,201.60755040762385,1.5275070415340768,24,,
2018,2,2,12,0,18.3,31,0,8.7,89,792.0,892,955.763727476383,0,1010.9,220.2321139773963,2.12885967518667,27,,
2018,2,2,13,0,18.3,55,0,8.9,84,665.0,811,877.4969779321515,0,1010.9,274.17948633766844,2.5693327941063355,35,,
2018,2,2,14,0,18.4,71,0,9,79,509.0,677,733.1939071626025,0,1010.9,275.6506572773381,3.8085457979753743,45,,
2018,2,2,15,0,18,83,0,9.1,73,307.0,503,521.6721473351492,0,1011.1,266.0949262426242,6.0942273857729,56,,
2018,2,2,16,0,17.3,93,0.9,9.3,68,337.0,302,423.5024345945775,0,1011.3,280.2207408170854,5.0577990522609495,67,,
2018,2,2,17,0,16.6,103,0.5,9.5,46,352.0,122,298.081733693086,0,1011.6,280.9375364717847,3.860160346184392,78,,
2018,2,2,18,0,15.9,112,0,9.5,13,130.0,23,96.50396579481254,0,1011.9,292.1980693837472,2.540859114967664,89,,
2018,2,2,19,0,15.1,123,0,9.4,0,8.0,0,3.869778011920953,0,1012.2,250.90128276154752,4.378457971200617,99,,
2018,2,2,20,0,14.2,134,0,9.3,0,0.0,0,0.0,0,1012.5,238.40381019965088,3.645362530237045,108,,
2018,2,2,21,0,13.8,148,0,9.3,0,0.0,0,0.0,0,1012.6,219.27860163886783,1.36629507093436,115,,
2018,2,2,22,0,13.7,163,0.6,9.5,0,0.0,0,0.0,0,1012.6,95.80868249300158,0.9649154080487788,120,,
2018,2,2,23,0,13.6,180,32.9,9.6,0,0.0,0,0.0,0,1012.5,86.43548099509405,2.289341021053127,122,,
2018,2,3,0,0,13.4,-164,51,9.8,0,0.0,0,0.0,0,1012.3,111.26255548851664,1.923410019728623,120,,
2018,2,3,1,0,13.1,-149,51.6,9.8,0,0.0,0,0.0,0,1012.1,154.31631959055517,2.895985154533404,116,,
2018,2,3,2,0,12.8,-135,51.8,9.9,0,0.0,0,0.0,0,1011.9,206.7849955075022,2.901123046875,109,,
2018,2,3,3,0,12.8,-123,50.8,10.1,0,0.0,0,0.0,0,1011.9,220.16658600072705,3.755531276867211,100,,
2018,2,3,4,0,13,-113,18.2,10.3,14,0.0,11,0.0,0,1012.1,213.22298753332728,4.070058335113491,90,,
2018,2,3,5,0,13.3,-103,3.8,10.4,58,131.0,88,12.000000000000009,0,1012.3,212.6934549314322,3.822944779600186,79,,
2018,2,3,6,0,14.3,-94,40.7,10.6,132,551.0,53,123.25307367576968,0,1012.2,213.82664098737663,3.749721683664617,68,,
2018,2,3,7,0,15.8,-84,21.8,10.7,110,732.0,358,324.5946868258011,0,1011.9,210.79874985774867,3.2566443528498,57,,
2018,2,3,8,0,17.3,-72,0,10.8,83,821.0000000000001,661,532.8475793598537,0,1011.7,218.09589162573675,2.382527831536456,46,,
2018,2,3,9,0,18.1,-56,0,10.8,86,861.0,801,716.9471979491449,0,1011.2,234.2433956961515,2.6739422569688216,36,,
2018,2,3,10,0,18.3,-33,0.1,10.8,89,851.0,886,842.0392714547565,0,1010.7,251.96571443287013,2.8263547636487534,28,,
2018,2,3,11,0,18.3,-1,6.4,10.7,220,816.0000000000001,723,915.641795248968,0,1010.2,274.666858371439,3.072687138320464,25,,
2018,2,3,12,0,18,31,10.4,10.6,295,855.0,581,979.0366907003024,0,1009.9,272.1758189411714,3.2924127980518905,28,,
2018,2,3,13,0,17.5,55,10.6,10.5,278,867.0,517,979.36034015294,0,1009.7,258.36123000926136,3.295293718033973,35,,
2018,2,3,14,0,16.9,71,3.8,10.5,153,760.0,565,862.247932201466,0,1009.5,319.2693697292727,3.988543555052616,45,,
2018,2,3,15,0,16.2,83,0.9,10.3,85,707.0,480,732.5833995069418,0,1009.4,357.7994031403811,4.298091646824716,56,,
2018,2,3,16,0,15.4,93,46.4,10,81,607.0,148,547.8294263039882,0,1009.5,14.051427593164137,4.468671677976774,67,,
2018,2,3,17,0,14.5,103,56.1,9.7,58,510.0,0,354.3078860117312,0,1009.5,26.588881564275937,4.987698544109352,79,,
2018,2,3,18,0,14.1,112,50.6,9.4,16,277.0,0,136.31168697183233,0,1009.5,38.55046529615771,6.153623456318308,89,,
2018,2,3,19,0,13.9,123,72,9.1,0,15.0,0,4.587557654674268,0,1009.5,38.38708648713839,6.248088849646049,99,,
2018,2,3,20,0,13.8,134,82.3,8.8,0,0.0,0,0.0,0,1009.5,54.87378995322575,6.421967837551332,108,,
2018,2,3,21,0,13.7,148,81.7,8.7,0,0.0,0,0.0,0,1009.5,72.4097649434475,6.535569400804395,115,,
2018,2,3,22,0,13.5,163,73.5,8.8,0,0.0,0,0.0,0,1009.5,83.76152335143217,6.2570234603728565,120,,
2018,2,3,23,0,13.3,179,69.2,8.9,0,0.0,0,0.0,0,1009.5,86.34464336300903,5.686617698982212,122,,
2018,2,4,0,0,13.1,-164,69.3,8.6,0,0.0,0,0.0,0,1009.6,85.33430621953192,4.886309099598724,120,,
2018,2,4,1,0,12.8,-149,72.6,8,0,0.0,0,0.0,0,1009.7,85.92836194896091,5.917523408254426,116,,
2018,2,4,2,0,12.5,-135,58.5,7.4,0,0.0,0,0.0,0,1009.8,91.66589881708973,5.844999745803776,109,,
2018,2,4,3,0,12.2,-123,50,6.8,0,0.0,0,0.0,0,1010.1,88.242142751698,6.120311898919768,100,,
2018,2,4,4,0,12,-113,18.2,6.3,12,0.0,14,0.0,0,1010.7,86.11830905978559,6.798065721415244,90,,
2018,2,4,5,0,11.9,-103,0.7,5.7,39,153.0,119,11.000000000000009,0,1011.3,88.55054676589327,6.72725017811683,79,,
2018,2,4,6,0,12.5,-94,0.4,5.4,56,625.0,308,122.33405115800068,0,1011.7,87.5218401185142,6.826452622213674,68,,
2018,2,4,7,0,13.7,-84,0,5.1,63,797.0,510,329.58842505296536,0,1011.9,79.9298443233991,6.477227028506054,57,,
2018,2,4,8,0,15,-72,0,4.9,68,879.0,689,542.5046989078584,0,1012.1,74.68251614405813,5.508167444790828,46,,
2018,2,4,9,0,15.8,-56,0,4.7,71,919.0,829,731.306517592447,0,1012.1,70.68007005707739,5.478434853459838,36,,
2018,2,4,10,0,16.2,-32,0.1,4.5,75,947.0,915,881.1449678680133,0,1012,65.89776549883885,5.203664574124662,28,,
2018,2,4,11,0,16.6,-1,5.3,4.4,187,953.0,780,981.1980018083058,0,1011.9,58.94307968090561,5.252988509674839,25,,
2018,2,4,12,0,16.9,30,3,4.5,139,947.0,822,1025.1497256739867,0,1011.8,51.48083678733616,5.591769587123428,28,,
2018,2,4,13,0,17.1,54,0,4.7,76,928.0,825,1008.7459007423016,0,1011.8,44.778029367145,7.307975804084766,35,,
2018,2,4,14,0,17.3,71,0,4.9,75,895.0,682,932.6034877254727,0,1011.8,45.53229344790299,8.17627499871514,45,,
2018,2,4,15,0,17.1,83,0.3,5.3,74,843.0,499,799.3415244739954,0,1012,49.907438145132176,8.637096160413435,56,,
2018,2,4,16,0,16.6,93,16.9,5.8,137,760.0,181,614.5980910344483,0,1012.3,56.32758203743112,8.792594396688068,68,,
2018,2,4,17,0,16.1,102,44.6,6.3,88,613.0,15,389.7196175517123,0,1012.6,61.83650004181988,9.221691321854754,79,,
2018,2,4,18,0,15.2,112,19.9,6.7,15,333.0,0,148.8380628384457,0,1013.1,66.09095508721333,9.141887349397935,90,,
2018,2,4,19,0,14.1,122,0,7.1,0,17.0,0,3.748576471973939,0,1013.7,70.22080027119978,9.471373858609242,100,,
2018,2,4,20,0,13,134,0,7.4,0,0.0,0,0.0,0,1014.2,76.35002547038414,9.60879769180549,108,,
2018,2,4,21,0,12.4,147,0,7.8,0,0.0,0,0.0,0,1014.5,76.29778641845314,9.984098935079134,116,,
2018,2,4,22,0,12.1,163,0,8.1,0,0.0,0,0.0,0,1014.5,76.98520599767028,9.9248725057768,120,,
2018,2,4,23,0,11.9,179,0,8.4,0,0.0,0,0.0,0,1014.4,80.51880255644801,9.015735675125836,122,,
2018,2,5,0,0,11.7,-164,0,8.5,0,0.0,0,0.0,0,1014.4,95.64501383030064,7.85302521854375,121,,
2018,2,5,1,0,11.4,-148,0,8.6,0,0.0,0,0.0,0,1014.4,97.08200098941654,7.54265244945329,116,,
2018,2,5,2,0,11.2,-135,0,8.6,0,0.0,0,0.0,0,1014.4,107.07643769853308,6.376066913335589,109,,
2018,2,5,3,0,11.3,-123,0,8.7,0,0.0,0,0.0,0,1014.7,125.67222864356204,4.809986362180192,100,,
2018,2,5,4,0,11.5,-113,0,8.7,12,0.0,11,0.0,0,1015.3,126.70003912148049,4.199969628201524,90,,
2018,2,5,5,0,11.8,-103,0.9,8.7,43,141.0,103,10.000000000000009,0,1015.8,134.87430710384285,4.878979476977807,80,,
2018,2,5,6,0,13.1,-94,0.5,8.5,65,603.0,278,116.33658490644086,0,1016.2,141.02524946280846,5.035917332603227,68,,
2018,2,5,7,0,15,-83,0,8.3,76,778.0,469,320.7953889459411,0,1016.6,130.72291302902445,4.291536017469322,57,,
2018,2,5,8,0,17.1,-71,0,8.1,85,878.0,641,537.2858821589314,0,1016.9,125.25356171540466,3.0276695125415545,46,,
2018,2,5,9,0,18.1,-55,0,7.8,92,898.0,776,716.7716044032308,0,1016.8,146.59092001594468,2.374838773374716,36,,
2018,2,5,10,0,18.5,-32,0,7.5,98,852.0,861,840.3867485906278,0,1016.6,128.4523075822545,1.379188076536909,28,,
2018,2,5,11,0,18.7,-1,0,7.2,102,827.0000000000001,891,920.1029304860414,0,1016.4,87.56937268063001,0.9383442256480492,25,,
2018,2,5,12,0,19,30,0,7.4,104,776.0,861,936.180679391026,0,1016.1,29.136905553341307,1.0730395971939473,28,,
2018,2,5,13,0,19.3,54,0,7.8,102,747.0,776,911.3494885711576,0,1015.8,315.0504986468157,3.917400710667968,36,,
2018,2,5,14,0,19.6,70,0,8.3,96,693.0000000000001,643,824.6397608057565,0,1015.5,337.7024731752137,5.047330475558778,45,,
2018,2,5,15,0,19.4,82,0,8.9,86,724.0,474,739.4902562982368,0,1015.5,20.7578305601848,5.127782763975471,56,,
2018,2,5,16,0,18.9,93,0,9.6,70,610.0,288,546.9002404546413,0,1015.6,47.07451598717063,7.859284356809868,68,,
2018,2,5,17,0,18.4,102,0,10.4,45,481.0,114,340.09031861851673,0,1015.7,58.30470049675921,7.765633350882079,79,,
2018,2,5,18,0,17.4,112,0,10.6,12,248.0,20,125.41607771660723,0,1015.9,60.03665016578668,7.338209878872326,90,,
2018,2,5,19,0,16.1,122,0,10.6,0,10.0,0,2.9978451208140804,0,1016.2,78.16681875896393,6.1814112567985,100,,
2018,2,5,20,0,14.8,134,0,10.6,0,0.0,0,0.0,0,1016.4,95.3275034342912,5.624393668874462,109,,
2018,2,5,21,0,13.9,147,0,10.6,0,0.0,0,0.0,0,1016.5,135.5055973554355,4.4018075137453865,116,,
2018,2,5,22,0,13.3,163,0,10.7,0,0.0,0,0.0,0,1016.5,187.64666842778595,6.85835126393208,121,,
2018,2,5,23,0,12.8,179,0,10.8,0,0.0,0,0.0,0,1016.5,188.9450908656617,8.794459934628298,122,,
2018,2,6,0,0,12.4,-164,0,10.7,0,0.0,0,0.0,0,1016.5,189.939584993561,9.632124050936223,121,,
2018,2,6,1,0,12.3,-148,0,10.6,0,0.0,0,0.0,0,1016.6,193.84745660844172,9.578432800051864,116,,
2018,2,6,2,0,12.2,-135,0,10.5,0,0.0,0,0.0,0,1016.7,198.41631547264623,9.970594050215244,109,,
2018,2,6,3,0,12.5,-123,0,10.8,0,0.0,0,0.0,0,1016.9,203.8573010485741,9.586708404707034,101,,
2018,2,6,4,0,13.2,-112,0,11.3,11,0.0,10,0.0,0,1017.3,203.9504892763388,9.705554396960682,91,,
2018,2,6,5,0,14,-103,0.8,11.9,43,71.0,101,10.000000000000004,0,1017.6,202.66444020491005,9.679878229905343,80,,
2018,2,6,6,0,15.6,-93,0.5,12.3,65,383.0,278,102.67266250346933,0,1017.8,204.1901987697858,9.767603135224718,69,,
2018,2,6,7,0,17.7,-83,0,12.5,77,578.0,471,284.63635785810413,0,1017.9,209.48136288326464,9.382345770821791,57,,
2018,2,6,8,0,20,-71,0,12.7,85,820.0000000000001,646,520.641353238577,0,1018,213.4845135144713,10.626111729746192,46,,
2018,2,6,9,0,21,-55,0,12.6,91,869.0,783,708.4437293720647,0,1017.7,214.1356972699491,9.698541025303989,36,,
2018,2,6,10,0,21.3,-32,0,12.3,95,884.0,871,851.071889010225,0,1017.1,215.7189810670529,9.964510267203686,29,,
2018,2,6,11,0,21.4,-1,0,11.9,96,887.0,902,946.8128685174938,0,1016.5,217.2852695966144,10.325271330517248,26,,
2018,2,6,12,0,21.5,30,0,11.8,97,879.0,873,987.8399266211792,0,1015.9,217.350557464186,10.412866410681165,28,,
2018,2,6,13,0,21.6,53,0,12,94,858.0,788,968.6503778942129,0,1015.3,216.46082370374663,10.52526826233488,36,,
2018,2,6,14,0,21.7,70,0,12.2,88,829.0000000000001,654,895.2951123820933,0,1014.7,216.19326282179907,9.919246370434443,46,,
2018,2,6,15,0,21.2,82,0,12.5,79,780.0,484,764.4998469951372,0,1014.3,215.31554484116057,9.553124515956458,57,,
2018,2,6,16,0,20.4,92,0,12.8,65,692.0000000000001,294,581.0697494808906,0,1014,215.0231028968728,9.62257634958437,68,,
2018,2,6,17,0,19.6,102,0,13.2,43,538.0,116,358.4414437223778,0,1013.7,212.29776478807423,9.792686044441544,79,,
2018,2,6,18,0,18.6,112,0,13.2,12,260.0,20,126.10884178466512,0,1013.6,207.5706542730695,9.54952471995908,90,,
2018,2,6,19,0,17.4,122,0,12.9,0,8.0,0,2.7729599251206416,0,1013.6,204.78361565753005,8.415198476998398,100,,
2018,2,6,20,0,16.3,134,0,12.5,0,0.0,0,0.0,0,1013.6,201.6931398912536,8.373034068570089,109,,
2018,2,6,21,0,15.9,147,0,12.5,0,0.0,0,0.0,0,1013.3,200.644693984126,8.920226273793975,116,,
2018,2,6,22,0,15.9,163,0,12.7,0,0.0,0,0.0,0,1012.8,197.7092610076197,9.180142797988392,121,,
2018,2,6,23,0,16,179,0,13,0,0.0,0,0.0,0,1012.3,198.8563358695899,9.55271477035292,123,,
2018,2,7,0,0,16.1,-164,0,13.2,0,0.0,0,0.0,0,1011.7,200.56563086163936,9.564627828281951,121,,
2018,2,7,1,0,16.1,-148,0,13.5,0,0.0,0,0.0,0,1011.1,201.49210365564625,10.228806811112818,117,,
2018,2,7,2,0,16.1,-135,0,13.8,0,0.0,0,0.0,0,1010.5,198.51823103928407,10.941523144447222,110,,
2018,2,7,3,0,16.4,-123,0,14.1,0,0.0,0,0.0,0,1010.1,195.8777772603887,11.39469717831482,101,,
2018,2,7,4,0,16.9,-112,0.7,14.4,12,0.0,4,0.0,0,1009.9,196.3019398457916,11.489514766856274,91,,
2018,2,7,5,0,17.4,-103,34.1,14.7,64,41.0,2,8.000000000000002,0,1009.7,196.1013616533972,11.69128516300509,80,,
2018,2,7,6,0,18.6,-93,38,15.1,195,242.0,14,89.23531539402937,0,1009.5,193.04622526741383,12.148786381559969,69,,
2018,2,7,7,0,20.2,-83,37.5,15.5,307,706.0,11,303.766653615666,0,1009.3,191.41979045711645,11.212204133896464,58,,
2018,2,7,8,0,22,-71,28.4,15.8,374,830.0000000000001,129,519.4564144777064,0,1009,193.6385592284604,12.574792126573657,47,,
2018,2,7,9,0,23,-55,25.6,15.8,482,875.0,130,706.5663537082286,0,1008.6,194.1399186624982,13.416754044323277,37,,
2018,2,7,10,0,23.5,-32,24.4,15.6,524,855.0,164,854.1049601582375,0,1008.1,197.31180767674408,13.95491876851546,29,,
2018,2,7,11,0,24,-1,15.3,15.3,418,857.0,380,950.333774512085,0,1007.5,200.91966047018275,14.129116918434452,26,,
2018,2,7,12,0,24.3,30,53.7,15.2,260,845.0,173,988.3488170334524,0,1006.9,201.4096879413372,13.772922590630778,29,,
2018,2,7,13,0,24.4,53,85.9,15.2,122,819.0000000000001,0,965.660378521815,0,1006.4,201.32470134507105,13.295539161291344,36,,
2018,2,7,14,0,24.5,70,88.9,15.3,71,776.0,5,882.2269572377965,0,1005.8,200.8670313342845,12.871858345441424,46,,
2018,2,7,15,0,24,82,32.5,15.5,92,707.0,228,740.1686351546168,0,1005.5,202.11576083313537,12.510550321436227,57,,
2018,2,7,16,0,23,92,40.5,15.9,101,584.0,128,540.5204145754544,0,1005.5,200.888630765352,12.094989035464613,68,,
2018,2,7,17,0,21.9,102,46.6,16.2,66,362.0,0,297.18138866373806,0,1005.5,199.3804067019544,12.310085139692909,79,,
2018,2,7,18,0,20.6,111,13.5,16.3,17,51.0,0,60.38219320366886,0,1005.6,196.10435909107045,12.329029983161648,90,,
2018,2,7,19,0,19.1,122,0,16.1,0,2.0,0,1.1867312193487816,0,1005.8,195.50217516820624,11.093773624233828,100,,
2018,2,7,20,0,17.7,133,0,16,0,0.0,0,0.0,0,1006,193.30347308767043,11.00553954505098,109,,
2018,2,7,21,0,16.9,147,0,15.7,0,0.0,0,0.0,0,1006.1,192.2561627909898,12.354080525023422,116,,
2018,2,7,22,0,16.5,162,0,15.3,0,0.0,0,0.0,0,1006,191.89205123375584,12.314344425311573,121,,
2018,2,7,23,0,16.2,179,0,14.8,0,0.0,0,0.0,0,1005.9,191.40098505822056,12.29260934620096,123,,
2018,2,8,0,0,15.9,-164,0,14.4,0,0.0,0,0.0,0,1005.9,189.15805913768835,11.843596872633196,121,,
2018,2,8,1,0,15.7,-148,0,13.9,0,0.0,0,0.0,0,1006,189.12310624060947,11.999449958215456,117,,
2018,2,8,2,0,15.4,-134,0,13.4,0,0.0,0,0.0,0,1006.1,185.95072166988365,11.117524756478431,110,,
2018,2,8,3,0,15.4,-123,0,13.1,0,0.0,0,0.0,0,1006.4,180.0283446001974,9.870118395279809,101,,
2018,2,8,4,0,15.4,-112,0,12.9,11,0.0,6,0.0,0,1006.9,177.1343770438034,9.551983504499956,91,,
2018,2,8,5,0,15.5,-102,1,12.7,48,12.0,84,7.000000000000001,0,1007.5,170.81427988316068,8.08117134309682,80,,
2018,2,8,6,0,16.1,-93,0.5,12.6,76,25.0,250,46.68938246006084,0,1008,174.82020602924274,6.23052171068792,69,,
2018,2,8,7,0,17.1,-83,0,12.6,87,29.0,445,110.40642148652007,0,1008.5,157.7486274812502,5.010845818913495,58,,
2018,2,8,8,0,18.1,-70,0,12.6,90,38.0,625,193.70164357226724,0,1009.1,134.08139258303845,5.954721797342858,47,,
2018,2,8,9,0,18.6,-54,0,12.4,91,21.0,770,211.71999291784317,0,1009.5,123.05801180387392,3.400589535596102,37,,
2018,2,8,10,0,18.6,-32,0,11.9,89,51.0,869,361.8651268144087,0,1009.9,130.84305396980358,0.9978572120290042,29,,
2018,2,8,11,0,18.6,-1,0,11.4,86,49.0,910,398.1770855172822,0,1010.2,14.085542870244012,1.3763428113307228,26,,
2018,2,8,12,0,18.4,29,0,10.7,82,110.0,890,526.196220551835,0,1010.7,24.46437477320092,6.803179463215403,29,,
2018,2,8,13,0,18.2,53,0,9.9,78,175.0,809,581.7817081510125,0,1011.2,36.03308811572617,9.358029305415853,36,,
2018,2,8,14,0,17.9,69,0,9.1,74,97.0,676,441.4230138142312,0,1011.7,41.95574368870962,8.854783202004688,46,,
2018,2,8,15,0,17.4,82,0,8.5,68,66.0,500,323.9824071698684,0,1012.2,43.30959351066565,8.99483930460661,57,,
2018,2,8,16,0,16.7,92,0,8.2,58,317.0,303,417.1117610732919,0,1012.8,48.99492105015918,8.70253818800563,68,,
2018,2,8,17,0,16,101,0,7.9,39,55.0,118,143.3946802183328,0,1013.3,52.26897419157683,8.411496879009036,79,,
2018,2,8,18,0,15.3,111,0,7.8,11,8.0,19,28.231026731479727,0,1013.9,58.97042763460473,8.201163215387346,90,,
2018,2,8,19,0,14.6,121,0,7.8,0,0.0,0,1.0,0,1014.5,59.67776609563549,8.462620677820059,100,,
2018,2,8,20,0,13.9,133,0,7.8,0,0.0,0,0.0,0,1015.1,64.15604569913614,8.17234017559805,109,,
2018,2,8,21,0,13.6,147,0,7.9,0,0.0,0,0.0,0,1015.4,70.4729085284132,8.092917277974024,117,,
2018,2,8,22,0,13.6,162,0,8.2,0,0.0,0,0.0,0,1015.6,72.157961996307,8.012819167161487,122,,
2018,2,8,23,0,13.6,179,0,8.4,0,0.0,0,0.0,0,1015.8,71.21141180890913,8.080483614286345,123,,
2018,2,9,0,0,13.6,-164,0,8.8,0,0.0,0,0.0,0,1016,71.45627487788363,7.523161668167573,122,,
2018,2,9,1,0,13.5,-148,0,9.3,0,0.0,0,0.0,0,1016.1,69.0841080651067,7.052096798394184,117,,
2018,2,9,2,0,13.4,-134,0,9.9,0,0.0,0,0.0,0,1016.2,72.666602381946,7.686465511653837,110,,
2018,2,9,3,0,13.5,-122,0.6,10.4,0,0.0,0,0.0,0,1016.6,74.5373256294285,7.483264004429378,101,,
2018,2,9,4,0,13.7,-112,33.8,10.9,6,0.0,0,0.0,0,1017.2,74.96509281543871,7.209187519494717,91,,
2018,2,9,5,0,14,-102,63.5,11.5,36,59.0,0,9.000000000000004,0,1017.8,70.52173919847309,7.348032254743985,80,,
2018,2,9,6,0,14.7,-93,73.9,12,77,437.0,0,103.9376407985574,0,1018.2,75.37282055283663,7.653069193532583,69,,
2018,2,9,7,0,15.9,-82,66.7,12.4,176,669.0,0,303.5213427272455,0,1018.5,80.73259458864499,7.373834942265228,58,,
2018,2,9,8,0,17.1,-70,63.5,12.7,251,772.0,0,514.8235167496763,0,1018.8,96.69855853403044,6.086470652819202,47,,
2018,2,9,9,0,17.7,-54,57.8,12.9,356,822.0000000000001,1,703.4672075365531,0,1018.9,99.81719223840878,5.028714696279958,37,,
2018,2,9,10,0,17.8,-31,39.1,12.9,504,912.0,66,855.627795166495,0,1018.8,119.0376348856414,3.5229033003872523,30,,
2018,2,9,11,0,18,-1,21.7,12.8,465,918.0,290,955.0932532874352,0,1018.7,138.64292359319143,1.4454461113284005,26,,
2018,2,9,12,0,18.1,29,6.1,12.7,225,909.0,654,996.2329882247508,0,1018.5,281.5654663730063,0.9340028066184536,29,,
2018,2,9,13,0,18.4,52,7.6,12.4,231,886.0,558,977.6273063186198,0,1018.4,320.33442838505187,2.545803394599436,36,,
2018,2,9,14,0,18.6,69,23.2,12.1,358,845.0,196,895.9453282490189,0,1018.2,332.82854808407143,2.2283316025576245,46,,
2018,2,9,15,0,18.4,81,21.2,11.9,288,780.0,127,756.7045441053349,0,1018.1,329.18361282086056,2.4743442167528986,57,,
2018,2,9,16,0,18,92,6.2,11.8,130,680.0,175,567.1119002216386,0,1018,286.1864725783216,1.4266711031801698,68,,
2018,2,9,17,0,17.6,101,13.5,11.7,62,517.0,66,343.17888245932284,0,1017.9,277.13510452196647,0.6879446152528527,80,,
2018,2,9,18,0,17.1,111,7.5,11.6,20,238.0,0,114.60677653843103,0,1018,8.594162512009177,1.2874046994094923,90,,
2018,2,9,19,0,16.4,121,0,11.4,0,4.0,0,1.3463794628369783,0,1018.2,33.590488216460415,1.753212789557586,101,,
2018,2,9,20,0,15.7,133,0,11.1,0,0.0,0,0.0,0,1018.4,46.99192444794687,4.574271556051025,110,,
2018,2,9,21,0,15.4,147,0,11,0,0.0,0,0.0,0,1018.2,77.74958119830438,4.512667555353207,117,,
2018,2,9,22,0,15.3,162,0,11,0,0.0,0,0.0,0,1017.8,117.7107692725702,2.795753094156104,122,,
2018,2,9,23,0,15.2,179,0,11,0,0.0,0,0.0,0,1017.3,189.87639216652445,2.9435251413304853,124,,
2018,2,10,0,0,15.2,-164,0,11,0,0.0,0,0.0,0,1017,211.1098242139521,6.914354708256549,122,,
2018,2,10,1,0,15.2,-148,0,11,0,0.0,0,0.0,0,1016.7,199.74881714638795,9.033781406347469,118,,
2018,2,10,2,0,15.1,-134,0,11,0,0.0,0,0.0,0,1016.4,203.06673756285736,7.912387591583503,110,,
2018,2,10,3,0,15.3,-122,0,11.1,0,0.0,0,0.0,0,1016.3,206.51789667143944,8.225195413372578,102,,
2018,2,10,4,0,15.5,-112,0.4,11.3,10,0.0,2,0.0,0,1016.4,208.86650881837,8.689569477203476,91,,
2018,2,10,5,0,15.8,-102,20,11.5,83,57.0,3,7.000000000000004,0,1016.5,210.92002496572053,9.38046452844734,81,,
2018,2,10,6,0,16.6,-92,19.3,11.8,160,370.0,99,91.30665171006532,0,1016.5,214.86050911021303,10.090579748539543,70,,
2018,2,10,7,0,17.8,-82,26.1,12.1,307,484.0,61,255.22513265471488,0,1016.4,214.4251978744125,9.631666590217048,58,,
2018,2,10,8,0,19.1,-70,32.2,12.5,434,663.0,35,462.1241689688009,0,1016.3,221.06215400048853,9.781200204667648,47,,
2018,2,10,9,0,19.9,-54,31.2,12.8,512,825.0000000000001,58,677.818742390398,0,1016,223.2692647304678,10.128539090870678,37,,
2018,2,10,10,0,20.4,-31,28.8,13,539,817.0000000000001,115,829.0980566643864,0,1015.5,224.8603112572337,10.19645484575442,30,,
2018,2,10,11,0,20.9,-1,51.8,13.2,405,824.0000000000001,52,926.1996979391192,0,1015,224.5360919703826,10.490245329730945,27,,
2018,2,10,12,0,21.2,29,61.6,13.5,354,798.0,0,956.4201637258368,0,1014.6,229.9053607957039,9.343310138466286,29,,
2018,2,10,13,0,21.4,52,61.9,13.7,320,482.0,0,777.466494764076,0,1014.2,237.6700728023333,8.680605783995373,37,,
2018,2,10,14,0,21.6,69,65,13.9,246,42.0,0,328.4794559581975,0,1013.9,250.6283409182588,6.956319186713992,46,,
2018,2,10,15,0,21.3,81,70.3,14.3,158,141.0,0,400.0470526391001,0,1013.7,299.8448445416676,7.133582755675558,57,,
2018,2,10,16,0,20.7,91,67.3,14.6,100,101.0,0,268.55933952722904,0,1013.5,356.91865412720495,7.721123951937098,69,,
2018,2,10,17,0,20,101,53.3,15,52,30.0,0,109.6711709453244,0,1013.4,19.18611775917788,10.664879582441094,80,,
2018,2,10,18,0,19.4,111,17,15.2,12,38.0,0,50.34915239551072,0,1013.3,12.865915864886745,6.17505142947259,91,,
2018,2,10,19,0,18.7,121,0,15.3,0,0.0,0,0.0,0,1013.2,358.7097034791089,9.107289738098403,101,,
2018,2,10,20,0,18.1,133,0,15.5,0,0.0,0,0.0,0,1013.2,3.817418735454567,9.460932623738325,110,,
2018,2,10,21,0,17.6,146,0,15.7,0,0.0,0,0.0,0,1012.8,17.190572913312963,9.143578474426782,117,,
2018,2,10,22,0,17.4,162,0,15.9,0,0.0,0,0.0,0,1012.1,47.94791774465813,9.039830883209168,122,,
2018,2,10,23,0,17.1,179,0,16.1,0,0.0,0,0.0,0,1011.4,51.924819898540704,9.41297130671243,124,,
2018,2,11,0,0,17,-164,0.6,16.3,0,0.0,0,0.0,0,1010.8,50.60358903151501,10.264812100535362,122,,
2018,2,11,1,0,17,-148,32.8,16.4,0,0.0,0,0.0,0,1010.2,44.6295856932781,10.120504667628838,118,,
2018,2,11,2,0,17,-134,18.4,16.6,0,0.0,0,0.0,0,1009.7,44.78259031379838,9.827059616783776,111,,
2018,2,11,3,0,17.1,-122,0,16.8,0,0.0,0,0.0,0,1009.4,42.60455029055686,8.966996094541486,102,,
2018,2,11,4,0,17.4,-111,0.8,16.9,8,0.0,1,0.0,0,1009.2,51.49553967903455,10.392265827008236,92,,
2018,2,11,5,0,17.7,-102,42.2,17.1,42,18.0,1,6.000000000000001,0,1008.9,56.18769993243308,10.759799873434648,81,,
2018,2,11,6,0,18.5,-92,71,17.3,84,213.0,0,83.06661077532976,0,1008.8,59.965460554238064,9.91933225955039,70,,
2018,2,11,7,0,19.7,-82,66.7,17.4,174,534.0,0,270.77162672484,0,1008.7,61.08901722742144,10.869543419406636,58,,
2018,2,11,8,0,20.9,-70,57.9,17.5,291,642.0,0,466.9458891246194,0,1008.6,63.20167329038139,11.28994401704172,48,,
2018,2,11,9,0,21.5,-54,54.8,17.2,372,779.0,0,674.8922071019176,0,1008.5,61.44543618899331,11.56410130418386,38,,
2018,2,11,10,0,21.5,-31,55.4,16.6,405,927.0,1,861.5751996563488,0,1008.4,61.70826301087647,11.135062569227031,30,,
2018,2,11,11,0,21.5,-1,40.4,15.9,518,938.0,44,964.9350688772586,0,1008.3,58.37997169749445,10.900756485306074,27,,
2018,2,11,12,0,21.2,28,59.6,15.4,348,929.0,25,1007.3420286145538,0,1008.3,56.653536105734986,10.737826512915625,30,,
2018,2,11,13,0,20.5,52,65.2,14.9,281,905.0,0,988.0652224681124,0,1008.5,51.99268146409656,11.51432932237689,37,,
2018,2,11,14,0,19.9,68,73.6,14.4,186,869.0,1,908.8292118387797,0,1008.6,50.76636370266152,11.47084415556294,47,,
2018,2,11,15,0,19.1,81,44.2,14,213,813.0,43,772.2470992321923,0,1009.1,51.90853458492046,11.05109557442694,58,,
2018,2,11,16,0,18.2,91,58.3,13.7,131,720.0,24,582.8704664821828,0,1009.7,52.949848392086096,11.00410719076307,69,,
2018,2,11,17,0,17.3,101,70.2,13.4,32,557.0,0,354.0756781873864,0,1010.3,53.38289614820792,10.524662985808686,80,,
2018,2,11,18,0,16.5,110,23.7,12.9,8,258.0,0,115.38695728866938,0,1010.8,52.731816495893725,9.644324812257606,91,,
2018,2,11,19,0,15.8,121,0,12.3,0,2.0,0,1.1589782938256732,0,1011.3,47.54883856817213,10.015400358826016,101,,
2018,2,11,20,0,15.2,133,0,11.6,0,0.0,0,0.0,0,1011.7,46.84501398383827,9.335161903118491,110,,
2018,2,11,21,0,14.7,146,0,11.1,0,0.0,0,0.0,0,1012.2,47.77934521162723,8.605025883939915,117,,
2018,2,11,22,0,14.3,162,0,10.6,0,0.0,0,0.0,0,1012.6,48.12020958979804,7.665760614320676,122,,
2018,2,11,23,0,14,179,0,10.2,0,0.0,0,0.0,0,1013.1,53.40704611137045,6.20256269101923,124,,
2018,2,12,0,0,13.7,-164,0,9.6,0,0.0,0,0.0,0,1013.5,52.60924095328164,5.05973055522648,123,,
2018,2,12,1,0,13.4,-148,0,8.9,0,0.0,0,0.0,0,1014,34.70626126092236,6.292083417487729,118,,
2018,2,12,2,0,13.1,-134,0,8.1,0,0.0,0,0.0,0,1014.5,33.053094830814246,5.798505677110478,111,,
2018,2,12,3,0,12.9,-122,0,7.6,0,0.0,0,0.0,0,1015.2,29.50944474991195,6.374548886737558,102,,
2018,2,12,4,0,12.8,-111,0,7.2,6,0.0,6,0.0,0,1015.9,24.97255281768276,5.755621577367594,92,,
2018,2,12,5,0,12.7,-101,0.8,6.7,32,24.0,102,6.000000000000002,0,1016.6,27.931387561951965,6.799667332905659,81,,
2018,2,12,6,0,13.7,-92,1.7,6.6,61,195.0,271,75.33897797142018,0,1017,25.60607853133621,6.686757991304363,70,,
2018,2,12,7,0,15.4,-81,24.2,6.6,263,262.0,135,206.2401423161918,0,1017.2,18.585730732130173,5.984723840411646,59,,
2018,2,12,8,0,17.2,-69,48.5,6.6,359,254.0,10,330.34696221763073,0,1017.3,22.073741258853147,7.497035271067167,48,,
2018,2,12,9,0,18.2,-53,36.5,7.1,422,124.0,139,357.6262158955077,0,1017.2,27.01647626918645,8.079138159164675,38,,
2018,2,12,10,0,18.7,-31,49.9,8,396,70.0,78,387.1942157571712,0,1017,21.424364457268155,8.336024279442142,30,,
2018,2,12,11,0,19.1,-1,80.2,8.8,194,51.0,0,392.3234201073069,0,1016.8,19.073108876039555,9.004325784106674,27,,
2018,2,12,12,0,19.3,28,64.3,9.4,332,47.0,0,396.4814127252903,0,1016.7,15.017311310595062,9.735063853007912,30,,
2018,2,12,13,0,19.4,51,49,9.7,435,77.0,0,446.2116868314091,0,1016.6,9.70919915552031,9.90183971258366,37,,
2018,2,12,14,0,19.5,68,45.4,10,386,206.0,0,540.9326523706808,0,1016.5,27.984909884670746,9.019757204789911,47,,
2018,2,12,15,0,19.2,80,39,10.4,320,381.0,0,562.4446289339917,0,1016.5,45.11281095971498,8.066488159354957,58,,
2018,2,12,16,0,18.5,91,48.8,10.7,175,481.0,0,483.08684185654727,0,1016.7,46.63231314081412,8.74519082809957,69,,
2018,2,12,17,0,17.8,100,38.7,11.1,66,333.0,0,275.6244060236743,0,1016.9,48.09166811946557,8.488659474161626,80,,
2018,2,12,18,0,17.1,110,10.5,11.2,15,159.0,0,90.20580706201918,0,1017.2,45.186512001779306,8.697321382965356,91,,
2018,2,12,19,0,16.4,121,0,11.2,0,0.0,0,0.0,0,1017.5,41.84119051286848,8.82220066427519,101,,
2018,2,12,20,0,15.6,132,0,11.1,0,0.0,0,0.0,0,1017.8,44.56228873175604,7.389446967115769,110,,
2018,2,12,21,0,15.2,146,0,10.9,0,0.0,0,0.0,0,1017.7,43.83023916057465,6.494444343520484,118,,
2018,2,12,22,0,14.9,162,0,10.5,0,0.0,0,0.0,0,1017.4,38.93868010400729,6.125965494820588,123,,
2018,2,12,23,0,14.7,179,0,10.1,0,0.0,0,0.0,0,1017,35.95630905366892,5.803227945789948,125,,
2018,2,13,0,0,14.6,-163,0,9.8,0,0.0,0,0.0,0,1016.6,38.26005646419173,4.759945909469277,123,,
2018,2,13,1,0,14.5,-147,0,9.7,0,0.0,0,0.0,0,1016.3,60.48687528030706,4.237322833428318,118,,
2018,2,13,2,0,14.4,-134,0,9.6,0,0.0,0,0.0,0,1016,62.96388569959521,4.355894086793707,111,,
2018,2,13,3,0,14.5,-121,0,9.7,0,0.0,0,0.0,0,1016.1,72.36214284467212,3.4574544787634007,102,,
2018,2,13,4,0,14.6,-111,0.8,9.9,6,0.0,0,0.0,0,1016.4,102.1129798965096,3.3240065994432446,92,,
2018,2,13,5,0,14.9,-101,42.9,10.1,38,21.0,0,6.000000000000001,0,1016.7,114.3349239329321,3.100416091712461,81,,
2018,2,13,6,0,15.6,-92,43.5,10.4,177,147.0,1,72.26173986681297,0,1016.8,98.19799693604529,1.6316638538477923,70,,
2018,2,13,7,0,16.8,-81,25.7,10.7,307,247.0,54,209.74933803975284,0,1016.7,95.81068465539788,0.417182610872459,59,,
2018,2,13,8,0,18.1,-69,34.9,11.1,392,521.0,30,429.53431310372287,0,1016.5,350.27606015134154,2.056895197720207,48,,
2018,2,13,9,0,18.8,-53,43.6,11.4,447,700.0000000000001,0,644.502370445079,0,1016.2,7.518702276367492,2.0449256058944,38,,
2018,2,13,10,0,19.1,-30,38.1,11.8,545,838.0,0,826.4756689069095,0,1015.6,345.8117968500046,2.4781827830905456,31,,
2018,2,13,11,0,19.3,-1,43.2,12.1,516,799.0,0,902.8901261923742,0,1015,324.8000694373353,4.414961090445654,28,,
2018,2,13,12,0,19.5,28,53.6,12.4,412,673.0,0,881.1878911002607,0,1014.5,315.4990095886901,6.89800540179945,30,,
2018,2,13,13,0,19.7,51,47.1,12.7,419,639.0,1,852.3635225862635,0,1014.1,311.4671804735019,7.429763296163878,37,,
2018,2,13,14,0,19.8,68,32.6,12.9,415,711.0,28,828.9169864328545,0,1013.8,327.7730337641565,7.467865129349145,47,,
2018,2,13,15,0,19.6,80,35.5,13.1,308,680.0,15,707.7053781821244,0,1013.6,325.8997824680941,6.394383675207048,58,,
2018,2,13,16,0,19,90,48.7,13.2,159,581.0,0,520.6413593281229,0,1013.6,310.84375199857004,5.707080462254665,69,,
2018,2,13,17,0,18.4,100,56.7,13.2,51,135.0,0,184.209411028372,0,1013.7,294.30846677300326,5.878604513643696,80,,
2018,2,13,18,0,17.8,110,32.2,13.5,7,48.0,0,51.56918538511172,0,1013.8,276.8400080388451,5.624996354843654,91,,
2018,2,13,19,0,17.1,120,59.4,13.9,0,0.0,0,0.0,0,1013.9,251.89217634400129,6.233787762321191,102,,
2018,2,13,20,0,16.5,132,83.1,14.3,0,0.0,0,0.0,0,1014,249.3308159542108,7.727359634180996,111,,
2018,2,13,21,0,16.3,146,83.1,14.3,0,0.0,0,0.0,0,1013.8,246.35693968457173,8.83937520240579,118,,
2018,2,13,22,0,16.4,162,83.1,14,0,0.0,0,0.0,0,1013.4,242.98397073781967,9.51592135476838,123,,
2018,2,13,23,0,16.5,179,83.1,13.6,0,0.0,0,0.0,0,1012.9,241.00990957421632,10.171973118111053,125,,
2018,2,14,0,0,16.6,-163,83.2,13.6,0,0.0,0,0.0,0,1012.5,239.20917539485785,10.529081333553297,123,,
2018,2,14,1,0,16.6,-147,89.6,13.7,0,0.0,0,0.0,0,1012.2,236.95435626468984,11.95660394642203,119,,
2018,2,14,2,0,16.5,-133,93.2,13.9,0,0.0,0,0.0,0,1012,230.53017914809453,12.034360458773357,112,,
2018,2,14,3,0,16.4,-121,94.7,14.2,0,0.0,0,0.0,0,1011.9,226.4776709791807,12.404906839165442,103,,
2018,2,14,4,0,16.3,-111,96.9,14.4,0,0.0,0,0.0,0,1011.9,233.89450082957663,12.531974638347368,92,,
2018,2,14,5,0,16.2,-101,86.5,14.7,18,21.0,0,6.000000000000001,0,1012,259.6633410610808,11.562656886093189,82,,
2018,2,14,6,0,16.5,-91,84.7,15,38,19.0,0,36.87002492200066,0,1011.8,285.8561833079686,12.29801082818449,70,,
2018,2,14,7,0,17.2,-81,89.5,15.5,47,17.0,0,84.98348044225736,0,1011.2,340.09800569042545,18.99193505041322,59,,
2018,2,14,8,0,17.9,-69,91.8,16,52,109.0,0,259.7805910300386,0,1010.7,344.4397368283551,15.181669933310925,48,,
2018,2,14,9,0,18.5,-53,94.1,16.1,46,615.0,0,603.4075959902976,0,1010.1,6.6344449407626485,17.74406749351266,38,,
2018,2,14,10,0,18.9,-30,92.1,16,71,85.0,0,424.6764730495014,0,1009.4,17.23742315189594,19.85951931868728,31,,
2018,2,14,11,0,19.3,-1,80.9,15.9,178,26.0,0,330.43388218292733,0,1008.8,14.404716448374131,19.887918030381265,28,,
2018,2,14,12,0,19.5,28,71.3,15.9,258,228.0,0,649.0035345889594,0,1008.4,12.504563908831244,19.963800406394448,31,,
2018,2,14,13,0,19.7,51,75.8,15.9,201,261.0,0,655.8015540347646,0,1008.2,12.1665244166241,20.106640612786567,38,,
2018,2,14,14,0,19.9,67,85.7,16,100,370.0,0,665.547762969604,0,1008.1,13.667687774257104,19.690143374443664,47,,
2018,2,14,15,0,19.8,80,70.6,16.1,136,493.0,0,630.1717953248171,0,1008,12.554549582079517,19.39139227843762,58,,
2018,2,14,16,0,19.4,90,55.5,16.3,134,409.0,0,454.3545198360996,0,1008,11.908115934528666,19.21602354791824,69,,
2018,2,14,17,0,19.1,100,19.8,16.5,57,256.0,20,245.30046883996644,0,1008,12.13163767509235,18.56974100558332,81,,
2018,2,14,18,0,18.8,110,33.6,16.6,10,73.0,11,62.8473344050872,0,1008.2,11.811331482166736,16.92849667052915,92,,
2018,2,14,19,0,18.5,120,52,16.7,0,0.0,0,0.0,0,1008.6,5.912685925038943,14.001980303028796,102,,
2018,2,14,20,0,18.2,132,51.4,16.8,0,0.0,0,0.0,0,1009,6.214974529052313,13.32342288934804,111,,
2018,2,14,21,0,18,146,50.8,16.8,0,0.0,0,0.0,0,1008.9,8.680621987251527,11.926659082866,118,,
2018,2,14,22,0,17.9,162,18.3,16.7,0,0.0,0,0.0,0,1008.5,1.5951029863658732,12.840180676075173,123,,
2018,2,14,23,0,17.7,179,0,16.7,0,0.0,0,0.0,0,1008.1,359.6436443159292,12.875249026954917,125,,
2018,2,15,0,0,17.6,-163,0,16.6,0,0.0,0,0.0,0,1007.8,1.2102025558210698,12.900338507062587,124,,
2018,2,15,1,0,17.6,-147,0,16.4,0,0.0,0,0.0,0,1007.5,351.2369596287996,12.602185171864324,119,,
2018,2,15,2,0,17.5,-133,0,16.3,0,0.0,0,0.0,0,1007.3,349.3720874277932,12.903976942241618,112,,
2018,2,15,3,0,17.6,-121,0.5,16.3,0,0.0,0,0.0,0,1007.3,352.0983789538552,13.056581936164378,103,,
2018,2,15,4,0,17.7,-110,25.9,16.4,4,0.0,0,0.0,0,1007.4,353.6411993690906,12.617665265843131,93,,
2018,2,15,5,0,17.9,-101,48.1,16.5,52,1.0,0,2.0,0,1007.6,352.5020034173111,12.797167282120194,82,,
2018,2,15,6,0,18.6,-91,59.9,16.6,112,4.0,0,19.1687860179009,0,1007.6,353.60961097504907,12.555551685531457,71,,
2018,2,15,7,0,19.7,-81,54,16.8,231,5.0,0,51.15393830142119,0,1007.5,356.3459133725504,12.748573971455162,59,,
2018,2,15,8,0,20.8,-68,68.3,17,198,5.0,0,84.08354106171274,0,1007.4,357.3630250234275,13.584697506667428,48,,
2018,2,15,9,0,21.3,-52,77,17.1,186,9.0,0,156.26113682157686,0,1007.2,352.4381116510613,11.739792834051118,39,,
2018,2,15,10,0,21.3,-30,80.7,17,171,8.0,0,206.78151081827647,0,1006.9,346.99073017304386,11.305302485232671,31,,
2018,2,15,11,0,21.2,-1,78.8,16.9,197,9.0,0,241.3941430676817,0,1006.5,343.8653959462917,12.531436359893837,28,,
2018,2,15,12,0,21,28,54.7,16.9,404,21.0,0,343.3632604388646,0,1006.1,352.5626557294352,14.832303623112754,31,,
2018,2,15,13,0,20.8,50,49.7,16.9,412,7.0,0,219.1436848762786,0,1005.5,355.13099195682736,13.99067294061664,38,,
2018,2,15,14,0,20.6,67,52.3,16.8,321,3.0,0,138.49305850561356,0,1004.9,356.947935281745,13.664401600350356,48,,
2018,2,15,15,0,20.2,79,50,16.8,245,3.0,0,113.21298584876514,0,1004.4,12.920170272878806,14.379181040299132,58,,
2018,2,15,16,0,19.7,90,64.4,16.8,113,6.0,0,105.62378212120274,0,1004,20.27766570538057,14.45598100848196,70,,
2018,2,15,17,0,19.2,100,46.9,16.7,38,4.0,0,54.75630695906573,0,1003.5,24.974662230440003,15.027732891679522,81,,
2018,2,15,18,0,18.9,109,11.9,16.7,10,9.0,0,28.289786519146983,0,1003.2,27.853682790491007,14.564875275984386,92,,
2018,2,15,19,0,18.8,120,18.1,16.8,0,0.0,0,0.0,0,1002.9,23.29591202235332,13.097835572537122,102,,
2018,2,15,20,0,18.8,132,29.2,16.9,0,0.0,0,0.0,0,1002.6,27.43140961736117,12.42732028490133,111,,
2018,2,15,21,0,18.8,146,41.9,17,0,0.0,0,0.0,0,1002.4,27.45609382102504,11.072059027843329,119,,
2018,2,15,22,0,18.8,162,43.9,17.2,0,0.0,0,0.0,0,1002.4,25.286059851055825,11.167399770540111,124,,
2018,2,15,23,0,18.7,179,40.6,17.3,0,0.0,0,0.0,0,1002.4,24.44847285296328,11.017968146378172,126,,
2018,2,16,0,0,18.4,-163,39.5,17.3,0,0.0,0,0.0,0,1002.3,22.21502114134512,11.128545530986628,124,,
2018,2,16,1,0,18,-147,14.6,17,0,0.0,0,0.0,0,1002.1,20.690509454867254,10.94597768566165,119,,
2018,2,16,2,0,17.5,-133,27.8,16.8,0,0.0,0,0.0,0,1002,19.848693240866737,10.536077759652208,112,,
2018,2,16,3,0,17.1,-121,15.5,16.3,0,0.0,0,0.0,0,1002.2,19.148492641723635,10.334485543844766,103,,
2018,2,16,4,0,17,-110,0.4,15.6,4,0.0,0,0.0,0,1002.7,16.62523532770308,10.31906684386733,93,,
2018,2,16,5,0,16.8,-100,20.1,14.9,71,1.0,4,2.0,0,1003.2,15.17905996588729,11.58154421935434,82,,
2018,2,16,6,0,17.2,-91,11.2,14.5,90,28.0,187,48.081341331589805,0,1003.8,18.04225020097465,11.534709571692623,71,,
2018,2,16,7,0,18,-80,0.1,14.3,91,35.0,405,125.9536802367936,0,1004.2,16.842457486472995,12.545716157368329,60,,
2018,2,16,8,0,18.8,-68,3.4,14,145,96.0,507,277.6863090409027,0,1004.7,17.709973716611955,13.930191614995826,49,,
2018,2,16,9,0,19.1,-52,40.5,13.5,277,45.0,197,305.1659767985478,0,1005,18.96059956617819,15.088698600196087,39,,
2018,2,16,10,0,19,-30,30.1,12.9,336,155.0,313,497.5598686873388,0,1005.2,20.096833699519777,14.99554995052376,32,,
2018,2,16,11,0,18.8,-1,13.8,12.2,349,151.0,471,552.6268097530998,0,1005.3,23.869192685519863,15.878042059135376,29,,
2018,2,16,12,0,18.6,27,28,11.9,479,141.0,188,563.8984105233459,0,1005.4,25.54348148862124,15.67735020884554,31,,
2018,2,16,13,0,18.5,50,38.4,12,497,71.0,18,448.1114264813643,0,1005.6,22.709900900192903,14.699706400725702,38,,
2018,2,16,14,0,18.4,67,16.8,12,258,207.0,308,549.4069736045145,0,1005.7,21.24644810235219,14.280713922718856,48,,
2018,2,16,15,0,18,79,1.4,12.1,99,400.0,409,574.8120559300944,0,1006.1,20.84825612567096,13.95102327458049,59,,
2018,2,16,16,0,17.6,90,3.8,12.1,84,218.0,222,350.9349291232886,0,1006.6,20.083572716431377,13.54897355673446,70,,
2018,2,16,17,0,17.1,99,4.1,12.1,51,101.0,63,166.98421917976208,0,1007.1,20.58978501452907,12.276635506689487,81,,
2018,2,16,18,0,16.5,109,1.7,12.1,11,16.0,7,32.00917852645206,0,1007.5,20.77360501594785,11.355673421689003,92,,
2018,2,16,19,0,16,120,30.2,12,0,0.0,0,0.0,0,1007.9,18.864239072287543,9.819935250452426,102,,
2018,2,16,20,0,15.5,132,16.9,11.9,0,0.0,0,0.0,0,1008.2,14.604436306034756,8.556492563658955,112,,
2018,2,16,21,0,15.2,145,0,11.9,0,0.0,0,0.0,0,1008.4,8.770163215007813,9.083747006031707,119,,
2018,2,16,22,0,15,162,0,11.9,0,0.0,0,0.0,0,1008.4,7.804490500591726,7.898109776369846,124,,
2018,2,16,23,0,14.8,179,0,12,0,0.0,0,0.0,0,1008.4,0.3670326645545287,7.012595055525777,126,,
2018,2,17,0,0,14.7,-163,0,12,0,0.0,0,0.0,0,1008.4,355.315792377483,6.887996600468392,124,,
2018,2,17,1,0,14.7,-147,0,12,0,0.0,0,0.0,0,1008.3,355.8818102960112,7.832723823804845,120,,
2018,2,17,2,0,14.7,-133,0,11.9,0,0.0,0,0.0,0,1008.2,353.9347741261436,7.735930719836859,112,,
2018,2,17,3,0,14.7,-121,0,12,0,0.0,0,0.0,0,1008.3,349.9805531105298,7.702432601328014,103,,
2018,2,17,4,0,14.8,-110,0.2,12,3,0.0,1,0.0,0,1008.5,347.45813845351046,7.322435891407051,93,,
2018,2,17,5,0,15,-100,9.6,12.1,62,1.0,26,2.0,0,1008.8,342.7478998787582,7.966066731491168,82,,
2018,2,17,6,0,15.8,-90,22.8,12.4,179,12.0,37,31.420743355200663,0,1008.9,338.2594430182806,7.896907254429814,71,,
2018,2,17,7,0,17.1,-80,19.4,12.8,237,20.0,160,94.47407734045844,0,1008.9,330.7184661995011,7.477940132511831,60,,
2018,2,17,8,0,18.4,-68,52.7,13.3,209,20.0,83,157.20156289437057,0,1008.9,338.2986217305896,9.14052240036986,49,,
2018,2,17,9,0,19.2,-52,58,13.4,348,76.0,0,331.9539008133572,0,1008.8,338.0916599380011,9.668188403167852,39,,
2018,2,17,10,0,19.5,-29,59.5,13.3,362,80.0,0,426.3409735592269,0,1008.5,340.4186688380053,11.136750787523658,32,,
2018,2,17,11,0,19.8,-1,50.3,13.2,464,121.0,0,534.7151177553711,0,1008.2,342.8757684837626,11.478844238583156,29,,
2018,2,17,12,0,19.9,27,40.5,13.2,533,85.0,4,503.84336407435967,0,1008,342.95008141437364,11.450775157830288,32,,
2018,2,17,13,0,19.9,50,24.2,13.2,404,164.0,209,582.9890601310958,0,1007.7,344.6495323387454,11.18137036392565,39,,
2018,2,17,14,0,19.9,66,5.5,13.3,189,59.0,446,391.6758130816742,0,1007.4,347.381062475117,11.649063482420864,48,,
2018,2,17,15,0,19.6,79,0,13.4,98,29.0,402,254.208244738804,0,1007.4,347.644176475545,11.788179793026485,59,,
2018,2,17,16,0,19,89,0.5,13.5,78,29.0,222,185.3185260485041,0,1007.7,353.710271319704,12.550644865224028,70,,
2018,2,17,17,0,18.4,99,24.2,13.6,44,14.0,56,86.04538211221332,0,1008.1,356.7338325853755,12.375326674898693,81,,
2018,2,17,18,0,17.8,109,46.8,13.7,11,3.0,0,16.739944306771886,0,1008.6,359.3397676665018,12.373380082964616,92,,
2018,2,17,19,0,17.2,119,51.9,13.7,0,0.0,0,0.0,0,1009.1,0.0,10.39990234375,103,,
2018,2,17,20,0,16.6,131,51.1,13.7,0,0.0,0,0.0,0,1009.6,1.6026046775571672,9.11367228323522,112,,
2018,2,17,21,0,16.1,145,18.3,13.4,0,0.0,0,0.0,0,1009.9,6.302241554518162,8.222297548276225,119,,
2018,2,17,22,0,15.6,161,0,13,0,0.0,0,0.0,0,1009.9,9.675458213716864,7.973526461862042,124,,
2018,2,17,23,0,15.2,179,0,12.5,0,0.0,0,0.0,0,1009.8,10.391694974988924,7.678434787846177,126,,
2018,2,18,0,0,14.9,-163,0,12.1,0,0.0,0,0.0,0,1009.8,15.823453675386872,6.160950478277195,125,,
2018,2,18,1,0,14.6,-147,0,11.9,0,0.0,0,0.0,0,1009.8,358.7426476354423,6.263959411168655,120,,
2018,2,18,2,0,14.4,-132,0,11.7,0,0.0,0,0.0,0,1009.9,2.8246606904924647,6.440442199926245,113,,
2018,2,18,3,0,14.4,-120,0,11.6,0,0.0,0,0.0,0,1010.1,8.022238197129695,6.180600688414737,104,,
2018,2,18,4,0,14.4,-110,0,11.5,2,0.0,1,0.0,0,1010.5,16.643644165533658,6.144893463381418,93,,
2018,2,18,5,0,14.4,-100,2.4,11.5,39,1.0,62,2.0,0,1011,21.89596552307927,6.455687275132916,82,,
2018,2,18,6,0,15.3,-90,1.4,11.7,67,4.0,225,19.126108428764308,0,1011.4,33.094050477050416,7.394664753123346,71,,
2018,2,18,7,0,16.8,-80,0,12.2,80,5.0,418,54.10077794732612,0,1011.8,47.31284737120524,5.475561161981915,60,,
2018,2,18,8,0,18.3,-67,0,12.6,90,8.0,591,115.25396445227116,0,1012.3,37.066378928466406,3.815989234341824,49,,
2018,2,18,9,0,19.3,-51,0,12.8,93,64.0,733,324.8124576636694,0,1012.4,41.04205917327761,3.8416258362250426,40,,
2018,2,18,10,0,20,-29,0,12.6,95,121.0,824,471.3639811950211,0,1012.2,46.84761026599461,4.112196037398995,32,,
2018,2,18,11,0,20.5,-1,0,12.4,96,31.0,856,354.19964287300775,0,1012,44.58059866683078,4.363083120302725,29,,
2018,2,18,12,0,20.9,27,0,12.4,96,220.0,828,644.479824228916,0,1011.7,44.80192237215499,4.644041306663122,32,,
2018,2,18,13,0,21,49,0.1,12.5,95,17.0,739,286.77124052107683,0,1011.4,47.14004283941648,5.487530189248638,39,,
2018,2,18,14,0,21.1,66,4.2,12.6,143,9.0,523,200.39711967389096,0,1011.1,52.53093256267164,5.827271754419345,48,,
2018,2,18,15,0,20.7,79,5.6,12.9,142,6.0,340,141.36817219355618,0,1011.1,59.72067051974148,5.454010637391155,59,,
2018,2,18,16,0,20,89,2.2,13.3,84,4.0,215,84.37471825949203,0,1011.3,65.62353138332526,4.391486792647793,70,,
2018,2,18,17,0,19.3,99,17.3,13.8,44,3.0,62,40.284165968830735,0,1011.5,65.07152586453873,4.893394782765846,82,,
2018,2,18,18,0,18.6,109,10.4,14.1,12,1.0,0,10.242641807821732,0,1011.9,73.11613644304373,5.225231417409043,93,,
2018,2,18,19,0,17.9,119,36.2,14.3,0,0.0,0,0.0,0,1012.5,77.77469609825903,7.543629475620794,103,,
2018,2,18,20,0,17.2,131,52.7,14.4,0,0.0,0,0.0,0,1013.1,85.89524631645327,8.905412099139191,112,,
2018,2,18,21,0,16.8,145,54,14.6,0,0.0,0,0.0,0,1013.3,88.36507328251531,9.1988131164405,120,,
2018,2,18,22,0,16.6,161,20.4,14.8,0,0.0,0,0.0,0,1013.1,89.39343866594129,8.74048001929817,125,,
2018,2,18,23,0,16.5,179,14.8,14.9,0,0.0,0,0.0,0,1012.9,85.27531620107243,8.438586475922168,127,,
2018,2,19,0,0,16.5,-163,21.7,15,0,0.0,0,0.0,0,1012.7,80.15187399577587,9.048370583599208,125,,
2018,2,19,1,0,16.6,-146,7.6,15.1,0,0.0,0,0.0,0,1012.4,84.99306308837254,9.854988080375078,120,,
2018,2,19,2,0,16.7,-132,0,15.2,0,0.0,0,0.0,0,1012.1,94.22140111358829,9.37284013981614,113,,
2018,2,19,3,0,16.9,-120,0.1,15.3,0,0.0,0,0.0,0,1012,105.60906923650424,7.535476835954727,104,,
2018,2,19,4,0,17,-109,3.4,15.3,1,0.0,0,0.0,0,1012.1,114.9455467156069,6.289378988701997,94,,
2018,2,19,5,0,17.1,-100,39.5,15.2,38,1.0,0,2.0,0,1012.1,121.11862781182263,6.056610220519422,83,,
2018,2,19,6,0,17.5,-90,66,15.3,86,37.0,0,46.03665532672818,0,1012,139.40478870508002,5.9857924503286455,71,,
2018,2,19,7,0,18.1,-79,81,15.6,80,150.0,0,179.4905176371984,0,1011.8,149.48172759397448,6.079800240072576,60,,
2018,2,19,8,0,18.8,-67,83,15.8,111,438.0,0,404.68978215387887,0,1011.5,166.51039916892034,5.412000084402996,49,,
2018,2,19,9,0,19.2,-51,86.1,15.9,106,600.0000000000001,0,610.2165020633606,0,1011,179.39414806731725,7.573177287686335,40,,
2018,2,19,10,0,19.5,-29,77,16,202,833.0,0,787.021536292886,0,1010.3,184.2001682555216,7.986782435152352,33,,
2018,2,19,11,0,19.7,-1,76.3,16.1,213,869.0,0,897.8147239540289,0,1009.6,189.88035266664843,6.92051461243973,30,,
2018,2,19,12,0,19.8,27,76.9,16.3,200,851.0,0,933.2732072660448,0,1009,195.1951917983534,5.875585329035276,32,,
2018,2,19,13,0,19.7,49,74.4,16.6,201,868.0,0,935.5533550445788,0,1008.4,200.02558332554645,4.614179228259811,39,,
2018,2,19,14,0,19.6,66,78,16.9,145,839.0,0,860.9049706858319,0,1007.9,202.97031833380308,4.369147234635859,49,,
2018,2,19,15,0,19.4,78,74.6,17.2,117,784.0,0,726.1339128716127,0,1007.6,212.51048680694777,4.1773199845182525,59,,
2018,2,19,16,0,19.1,89,75.8,17.3,69,683.0,0,536.0295411462262,0,1007.5,220.46631459499665,4.518664442600483,71,,
2018,2,19,17,0,18.8,99,28.3,17.4,32,502.0,7,306.9562869775999,0,1007.4,233.33047764335137,4.747099342092631,82,,
2018,2,19,18,0,18.6,108,0,17.5,10,186.0,4,78.37153034740842,0,1007.4,239.5784339357189,4.902499861340324,93,,
2018,2,19,19,0,18.3,119,0,17.5,0,0.0,0,0.0,0,1007.3,234.67928268776,4.804246246420988,103,,
2018,2,19,20,0,18.1,131,0,17.4,0,0.0,0,0.0,0,1007.2,215.5077931978715,7.889827079842216,112,,
2018,2,19,21,0,17.9,145,0,17.4,0,0.0,0,0.0,0,1007,214.1665631297537,8.907471435847963,120,,
2018,2,19,22,0,17.8,161,0,17.3,0,0.0,0,0.0,0,1006.5,211.10113841135964,9.045320275152294,125,,
2018,2,19,23,0,17.7,179,0,17.2,0,0.0,0,0.0,0,1006,213.5572172272547,10.221082800241383,127,,
2018,2,20,0,0,17.5,-163,0,17.1,0,0.0,0,0.0,0,1005.7,205.24413221302623,10.33462507143192,125,,
2018,2,20,1,0,17.4,-146,0,17,0,0.0,0,0.0,0,1005.4,190.4796977006448,8.865657755105815,121,,
2018,2,20,2,0,17.2,-132,0,16.9,0,0.0,0,0.0,0,1005.2,179.17410601252436,9.535902776253325,113,,
2018,2,20,3,0,17.2,-120,0,16.9,0,0.0,0,0.0,0,1005.3,180.60368010706,9.500527329616329,104,,
2018,2,20,4,0,17.3,-109,1,16.9,0,0.0,0,0.0,0,1005.7,177.5810416501365,11.07725353875485,94,,
2018,2,20,5,0,17.4,-99,53.1,17,18,29.0,0,3.0000000000000018,0,1006.1,177.5330365846022,11.27021078510468,83,,
2018,2,20,6,0,18,-90,67.1,17.1,104,597.0,0,67.64846918642867,0,1006.4,178.58066122890182,11.09837583621141,72,,
2018,2,20,7,0,19.1,-79,62,17.1,181,783.0,2,268.8163262633525,0,1006.6,180.3292132447557,10.452565122587174,60,,
2018,2,20,8,0,20.2,-67,40.3,17.2,328,869.0,87,483.6394483168059,0,1006.8,189.60123175122948,9.66814180777976,50,,
2018,2,20,9,0,20.8,-51,11,16.9,231,908.0,500,673.5059987619102,0,1006.8,197.0188988103577,10.403333936972592,40,,
2018,2,20,10,0,21.2,-29,8.9,16.3,255,891.0,570,822.5042057671425,0,1006.6,199.87112383870863,10.245261341390194,33,,
2018,2,20,11,0,21.6,-1,4.8,15.7,177,897.0,721,923.7822928904058,0,1006.4,198.5375236579805,10.953572970166372,30,,
2018,2,20,12,0,21.7,27,12.5,15.4,284,888.0,520,965.50278989041,0,1006.2,198.5287290504104,11.0845855280992,33,,
2018,2,20,13,0,21.7,49,30,15.2,444,863.0,141,944.5359024012153,0,1006.1,201.2384407252976,11.166105912253723,39,,
2018,2,20,14,0,21.7,65,31.5,15,397,823.0000000000001,73,862.1266923726473,0,1006,203.28981711082312,10.48974953999272,49,,
2018,2,20,15,0,21.2,78,30.3,15,295,759.0,61,721.4024300555442,0,1006,207.2098885664644,10.62308750050136,60,,
2018,2,20,16,0,20.5,89,32.8,15,191,654.0,16,527.5150890161838,0,1006.2,206.3061194141657,10.67864383489791,71,,
2018,2,20,17,0,19.8,98,26.9,15.1,76,470.0,1,297.5390115910593,0,1006.3,206.7004608995813,10.810458051115022,82,,
2018,2,20,18,0,19,108,21.7,15,12,165.0,0,73.67509103135055,0,1006.6,206.172259473046,9.969952992048183,93,,
2018,2,20,19,0,18.2,119,19.7,14.8,0,0.0,0,0.0,0,1006.9,199.4530203095664,8.903263397721084,103,,
2018,2,20,20,0,17.4,131,18.8,14.5,0,0.0,0,0.0,0,1007.2,192.6112496877584,9.514708955641412,113,,
2018,2,20,21,0,16.9,145,16.7,14.6,0,0.0,0,0.0,0,1007.3,198.44923348468365,9.28996295591017,120,,
2018,2,20,22,0,16.7,161,11.1,15,0,0.0,0,0.0,0,1007.2,202.7258643556468,10.638427160091242,125,,
2018,2,20,23,0,16.5,179,8.7,15.3,0,0.0,0,0.0,0,1007.1,205.40930600291475,11.140134035503491,127,,
2018,2,21,0,0,16.5,-163,10.2,15.6,0,0.0,0,0.0,0,1007,209.1927048236019,11.117129349171115,126,,
2018,2,21,1,0,16.6,-146,15.7,15.8,0,0.0,0,0.0,0,1006.9,209.9387713098301,11.436213363653822,121,,
2018,2,21,2,0,16.7,-132,19.3,15.9,0,0.0,0,0.0,0,1006.7,209.07901222489755,11.52247241359346,113,,
2018,2,21,3,0,16.9,-120,19,16,0,0.0,0,0.0,0,1006.7,206.4381664412263,11.684684847865372,104,,
2018,2,21,4,0,17,-109,22,15.9,1,0.0,0,0.0,0,1006.9,203.57698638315028,11.756541911571787,94,,
2018,2,21,5,0,17.1,-99,27.7,15.9,67,2.0,1,1.0000000000000002,0,1007,203.07522246408527,11.940449959321308,83,,
2018,2,21,6,0,17.8,-89,26.8,15.9,172,40.0,33,37.84350427668998,0,1007,200.54194624091423,11.26381060820938,72,,
2018,2,21,7,0,19.1,-79,22.1,16,257,41.0,115,105.58902545120236,0,1006.8,201.0201021822681,11.653148560667685,61,,
2018,2,21,8,0,20.3,-66,28.5,16.1,383,59.0,79,199.4039851461627,0,1006.6,202.7140832783145,11.854451875266928,50,,
2018,2,21,9,0,21.1,-50,39.2,16.2,468,121.0,14,345.4411822909935,0,1006.2,205.50923844935303,12.01664742682306,40,,
2018,2,21,10,0,21.5,-28,44.7,16.3,489,383.0,0,592.8354059979764,0,1005.7,206.65793738768903,12.459435184047324,33,,
2018,2,21,11,0,21.8,-1,43.5,16.4,518,351.0,0,645.1436313341517,0,1005.1,204.1522159938796,12.134767005241264,30,,
2018,2,21,12,0,22.1,26,42.4,16.6,510,265.0,1,617.0285703686965,0,1004.6,203.6106873760154,12.127789935894786,33,,
2018,2,21,13,0,22.3,49,35.1,16.7,472,453.0,44,717.3769366287354,0,1004.2,207.60175925478308,11.93030555488082,40,,
2018,2,21,14,0,22.4,65,24.2,16.9,364,511.0,134,690.0025340107211,0,1003.7,208.24208459299052,10.576720853102788,49,,
2018,2,21,15,0,22.2,78,20.3,17,257,620.0,129,644.9701272517843,0,1003.5,206.72737074921776,9.827601872214307,60,,
2018,2,21,16,0,21.5,88,17,17.1,158,636.0,77,513.5736042990676,0,1003.3,202.1820719848009,8.93918823423143,71,,
2018,2,21,17,0,20.9,98,11.9,17.3,61,439.0,25,281.75441949995354,0,1003.2,195.16326337620643,8.534689105276307,82,,
2018,2,21,18,0,20.5,108,14,17.4,10,49.0,1,39.277714173038376,0,1003.1,193.81718348945472,7.944994598450454,93,,
2018,2,21,19,0,20.3,118,18.6,17.6,0,0.0,0,0.0,0,1003.2,191.55389287726413,6.690752205670624,104,,
2018,2,21,20,0,20.1,131,20.3,17.7,0,0.0,0,0.0,0,1003.3,186.63757052073885,7.158086757572745,113,,
2018,2,21,21,0,20,145,20.4,17.7,0,0.0,0,0.0,0,1003.1,188.4572652838677,6.9355254800048085,121,,
2018,2,21,22,0,20,161,20.9,17.6,0,0.0,0,0.0,0,1002.8,182.1578703395492,6.574730679214167,126,,
2018,2,21,23,0,20,179,21.2,17.5,0,0.0,0,0.0,0,1002.5,180.71040687715623,6.65554088074758,128,,
2018,2,22,0,0,20,-163,21.2,17.4,0,0.0,0,0.0,0,1002.3,187.44724505067072,7.387511761005676,126,,
2018,2,22,1,0,20.1,-146,23.1,17.4,0,0.0,0,0.0,0,1002.1,186.63821021452927,8.283069641001976,121,,
2018,2,22,2,0,20.2,-132,29.5,17.3,0,0.0,0,0.0,0,1001.9,188.79798608183063,9.15261374127032,114,,
2018,2,22,3,0,20.3,-119,32.5,17.4,0,0.0,0,0.0,0,1001.9,186.2894243970095,9.310923462108333,105,,
2018,2,22,4,0,20.4,-109,34.5,17.4,1,0.0,0,0.0,0,1002.1,185.82703711285453,8.988828891879542,94,,
2018,2,22,5,0,20.5,-99,45.3,17.5,42,9.0,0,2.0000000000000004,0,1002.4,182.95248709675604,8.010388919119197,83,,
2018,2,22,6,0,21.2,-89,51.6,17.6,125,247.0,0,57.3653797603112,0,1002.8,181.94645852588147,8.244503144312379,72,,
2018,2,22,7,0,22.4,-78,47.1,17.9,244,487.0,0,223.2859166258406,0,1003.2,177.5068338824899,9.08086141291814,61,,
2018,2,22,8,0,23.7,-66,41.1,18.2,374,697.0000000000001,0,437.1288972980439,0,1003.7,187.1030741822108,7.986341566455601,50,,
2018,2,22,9,0,24.4,-50,37,18,482,807.0,7,637.8555911382764,0,1003.7,193.45465501027653,8.079410535542861,41,,
2018,2,22,10,0,24.6,-28,36.3,17.6,545,811.0,6,789.8300632575722,0,1003.5,196.69227658605016,8.26859448244145,34,,
2018,2,22,11,0,24.8,-1,36.9,17.2,564,819.0000000000001,1,887.7902951458175,0,1003.2,200.63403194551128,8.754205867979751,31,,
2018,2,22,12,0,24.9,26,38.9,16.9,530,812.0,0,929.0981046950571,0,1002.9,204.0699381695894,9.041281837339817,33,,
2018,2,22,13,0,24.9,48,38.2,16.9,480,789.0,0,907.6292192425304,0,1002.6,205.65565963459497,8.949984896902842,40,,
2018,2,22,14,0,24.9,65,36.3,16.8,409,736.0,0,817.234114785742,0,1002.3,205.09264278034377,8.40047548983363,49,,
2018,2,22,15,0,24.4,77,36,16.9,302,614.0,0,649.4554739551758,0,1002.2,205.7085485783957,8.304732289377405,60,,
2018,2,22,16,0,23.6,88,28,17.1,177,398.0,17,413.3757566791377,0,1002.3,207.8809476197248,8.420012007912026,71,,
2018,2,22,17,0,22.7,98,21.3,17.3,64,303.0,9,234.9030729679824,0,1002.4,204.50926879032832,8.135658085147623,83,,
2018,2,22,18,0,22,108,22.6,17.4,9,92.0,0,51.77797040003114,0,1002.5,204.3936821210396,7.760404405434841,94,,
2018,2,22,19,0,21.6,118,26.3,17.3,0,0.0,0,0.0,0,1002.6,199.2021446425261,7.547603568061142,104,,
2018,2,22,20,0,21.2,130,28.4,17.3,0,0.0,0,0.0,0,1002.7,192.6766592205732,8.794451476276905,113,,
2018,2,22,21,0,21.1,145,28.4,17.2,0,0.0,0,0.0,0,1002.5,192.7035181110696,9.674317194873598,121,,
2018,2,22,22,0,21.2,161,20.9,16.9,0,0.0,0,0.0,0,1001.9,193.01702598219703,10.19959726146262,126,,
2018,2,22,23,0,21.4,179,17.8,16.7,0,0.0,0,0.0,0,1001.4,194.9545617486252,10.355872288471,128,,
2018,2,23,0,0,21.5,-162,25.5,16.6,0,0.0,0,0.0,0,1000.9,198.80065304762232,11.007204828214304,126,,
2018,2,23,1,0,21.4,-146,33.2,16.7,0,0.0,0,0.0,0,1000.4,194.86238753494737,11.774031061551248,121,,
2018,2,23,2,0,21.3,-131,32.5,16.7,0,0.0,0,0.0,0,999.9,195.95187232702256,11.570548398371098,114,,
2018,2,23,3,0,21.1,-119,29.1,16.9,0,0.0,0,0.0,0,999.9,194.12236877941496,11.66001992968644,105,,
2018,2,23,4,0,20.6,-108,29.1,17.1,1,0.0,0,0.0,0,1000.2,193.03300842995247,11.606599624885416,95,,
2018,2,23,5,0,20.1,-98,38.7,17.4,46,0.0,0,0.0,0,1000.5,193.0439198597621,11.41965750369834,84,,
2018,2,23,6,0,19.7,-89,35.9,17.4,164,3.0,1,11.042895498152912,0,1001.1,193.1671724658176,11.04025292642828,72,,
2018,2,23,7,0,19.2,-78,25.3,17.3,267,5.0,69,43.01180189700342,0,1001.9,190.27563066537363,11.519725843191436,61,,
2018,2,23,8,0,18.7,-66,26.3,17.2,375,10.0,79,102.89907090755364,0,1002.7,189.389569924976,11.063266062209212,50,,
2018,2,23,9,0,18.7,-50,30.4,16.3,473,13.0,59,163.26889657180345,0,1003.2,195.02237631095747,10.995905862019493,41,,
2018,2,23,10,0,19.1,-28,30,14.8,518,13.0,84,244.0769054777383,0,1003.5,209.2411078743796,10.752494988226326,34,,
2018,2,23,11,0,19.5,-1,23.6,13.1,473,6.0,215,204.78542199881304,0,1003.8,224.7522325919361,9.381509545895574,31,,
2018,2,23,12,0,19.6,26,17.9,11.7,389,4.0,337,173.4014928785571,0,1004,228.7147266311614,7.748533763929845,34,,
2018,2,23,13,0,19.3,48,22.4,10.4,389,5.0,240,182.2650367540577,0,1004.3,214.555584121554,7.118403865748649,40,,
2018,2,23,14,0,19,64,26.1,9.1,361,5.0,140,168.02638178389913,0,1004.6,207.61799057432984,5.840530145935226,50,,
2018,2,23,15,0,18.2,77,26,8.3,274,5.0,97,130.55212825870154,0,1005.1,211.853495578632,5.1446567134866354,60,,
2018,2,23,16,0,17.3,88,20,7.9,158,3.0,76,73.72478374927685,0,1005.9,213.9116419240014,6.811176180174359,72,,
2018,2,23,17,0,16.2,97,9.8,7.6,54,7.0,34,63.856492168608135,0,1006.7,200.50359974992097,7.1799459026936585,83,,
2018,2,23,18,0,15.3,107,6.2,7.4,8,6.0,4,18.328800816034818,0,1007.5,196.9587649022969,6.050713382978176,94,,
2018,2,23,19,0,14.5,118,6.5,7.3,0,0.0,0,0.0,0,1008.3,200.6808665309168,5.44328349662485,104,,
2018,2,23,20,0,13.7,130,10.3,7.2,0,0.0,0,0.0,0,1009,195.82983810252009,7.881413739263373,114,,
2018,2,23,21,0,13.3,144,8.3,7.2,0,0.0,0,0.0,0,1009.4,194.35118458869263,9.016469129186614,121,,
2018,2,23,22,0,13.2,161,2.1,7.3,0,0.0,0,0.0,0,1009.5,198.62937730140325,10.033263770854534,126,,
2018,2,23,23,0,13.2,179,0,7.5,0,0.0,0,0.0,0,1009.6,201.63004547449563,10.12560949728072,128,,
2018,2,24,0,0,13.1,-162,0,7.4,0,0.0,0,0.0,0,1009.7,204.3032052221664,10.709042376608682,127,,
2018,2,24,1,0,13,-146,1,7.2,0,0.0,0,0.0,0,1009.8,198.2594645951836,8.066316396291317,122,,
2018,2,24,2,0,12.9,-131,3.5,7,0,0.0,0,0.0,0,1009.9,205.13667858806767,7.809666787444002,114,,
2018,2,24,3,0,12.8,-119,2.6,6.9,0,0.0,0,0.0,0,1010.2,186.84761031774408,5.053626773151822,105,,
2018,2,24,4,0,12.8,-108,0.6,6.9,1,0.0,1,0.0,0,1010.7,187.51166408512813,6.349657066163767,95,,
2018,2,24,5,0,12.9,-98,1.4,6.9,30,0.0,62,0.0,0,1011.1,203.86767134529745,6.530920727656833,84,,
2018,2,24,6,0,13.7,-88,1.5,6.8,59,3.0,216,14.032898698884043,0,1011.5,211.08081459854805,3.975794345131775,73,,
2018,2,24,7,0,15.1,-78,0.4,6.7,65,4.0,418,47.79516855314193,0,1011.9,216.28634318978584,3.979210292450525,61,,
2018,2,24,8,0,16.6,-65,0,6.6,67,9.0,604,123.47853810664216,0,1012.3,258.2476727254941,1.215420012854694,51,,
2018,2,24,9,0,17.3,-49,0,6.4,72,30.0,745,260.67614854979666,0,1012.4,35.64757502851285,4.971639117118645,41,,
2018,2,24,10,0,17.5,-28,0.1,6.1,76,147.0,831,437.1681268723567,0,1012.3,59.81649072868999,10.078904859547038,34,,
2018,2,24,11,0,17.7,-1,5.5,5.8,184,167.0,703,509.660924485667,0,1012.2,56.83351250221602,9.025292147322254,32,,
2018,2,24,12,0,17.8,26,11.8,5.8,290,411.0,511,701.1679893308687,0,1012,51.45649254270825,11.570951581945303,34,,
2018,2,24,13,0,17.9,48,8.4,6,225,524.0,520,748.2123219702621,0,1011.9,49.40636666176681,13.070563335029725,41,,
2018,2,24,14,0,18,64,6.7,6.3,177,621.0,448,738.8816772493806,0,1011.8,48.86792324645501,13.758117676728949,50,,
2018,2,24,15,0,17.7,77,16.4,6.7,211,610.0,199,630.0754782531658,0,1011.7,49.99615565925694,13.883800967291146,61,,
2018,2,24,16,0,17.2,87,27.4,7.2,171,543.0,34,463.0244247140575,0,1011.8,50.74217991641564,14.893939234835656,72,,
2018,2,24,17,0,16.7,97,14.4,7.7,63,376.0,3,250.84599258472628,0,1011.9,53.3691040012028,15.205552212203314,83,,
2018,2,24,18,0,16.2,107,14.1,8.3,7,86.0,2,45.6635044963671,0,1012.1,55.61186167197019,14.111233570877664,94,,
2018,2,24,19,0,15.7,118,39.2,9,0,0.0,0,0.0,0,1012.3,57.18270827671307,12.975951146486851,105,,
2018,2,24,20,0,15.2,130,50.4,9.7,0,0.0,0,0.0,0,1012.6,58.32182318494915,12.72010434693446,114,,
2018,2,24,21,0,14.8,144,49,10.3,0,0.0,0,0.0,0,1012.5,56.473123423163486,12.433609286822008,122,,
2018,2,24,22,0,14.5,161,17.4,10.8,0,0.0,0,0.0,0,1012.1,60.25823249935496,11.701326652245632,127,,
2018,2,24,23,0,14.3,179,0,11.4,0,0.0,0,0.0,0,1011.7,63.84571416153653,11.224192353867611,129,,
2018,2,25,0,0,14.1,-162,0,11.6,0,0.0,0,0.0,0,1011.4,64.94092555077623,11.279225072590892,127,,
2018,2,25,1,0,14.1,-145,0,11.7,0,0.0,0,0.0,0,1011.1,70.33013311716485,10.850692134636526,122,,
2018,2,25,2,0,14,-131,0,11.7,0,0.0,0,0.0,0,1010.9,73.2672000216383,10.141829373588577,115,,
2018,2,25,3,0,14.1,-119,0,11.8,0,0.0,0,0.0,0,1010.9,77.88930565595359,9.746956646776948,105,,
2018,2,25,4,0,14.4,-108,0.5,12,1,0.0,0,0.0,0,1010.9,81.93306827020689,9.958403536550444,95,,
2018,2,25,5,0,14.7,-98,24.4,12.1,52,12.0,0,1.0000000000000009,0,1011,81.2638956116923,9.19925561075459,84,,
2018,2,25,6,0,15.5,-88,44.1,12.1,139,200.0,0,48.53618183066346,0,1011,90.15435428881722,8.337432598545032,73,,
2018,2,25,7,0,16.8,-77,47.3,12.1,242,395.0,0,200.1125362385505,0,1010.8,97.33693191048292,6.402519354003408,62,,
2018,2,25,8,0,18,-65,47,12,340,777.0,0,446.660863000013,0,1010.6,84.67759741437419,8.946041513912949,51,,
2018,2,25,9,0,18.6,-49,47,11.6,414,894.0,0,659.0028389657768,0,1010.1,89.45627798942678,10.805418178761876,41,,
2018,2,25,10,0,18.7,-27,47.1,11.1,462,952.0,0,816.5810113905925,0,1009.5,92.58258837047224,10.20787781490566,35,,
2018,2,25,11,0,18.7,-1,49.7,10.6,454,952.0,2,917.16555696083,0,1008.8,100.54500965648288,8.783347809159537,32,,
2018,2,25,12,0,18.8,26,33.8,10.4,449,939.0,129,958.348740409014,0,1008,106.89862513185682,7.190358468412418,34,,
2018,2,25,13,0,18.8,47,9.1,10.4,238,912.0,475,936.7479030798957,0,1007,112.77108889997294,5.606934343201925,41,,
2018,2,25,14,0,18.8,64,24.2,10.4,274,871.0,232,855.1792281157448,0,1006,148.2142618331245,2.653016141403822,50,,
2018,2,25,15,0,18.5,76,13.5,10.6,182,806.0,210,713.5087387491625,0,1005.4,227.37606579576607,3.876710706381671,61,,
2018,2,25,16,0,18,87,0,10.8,65,694.0000000000001,207,517.4239958540966,0,1004.9,230.8279204546737,5.343521921967937,72,,
2018,2,25,17,0,17.4,97,0.6,11,31,500.0,56,284.7746736159876,0,1004.6,228.57941510084711,5.607717199995859,83,,
2018,2,25,18,0,16.8,107,30.9,11.2,6,166.0,3,61.275287377557255,0,1004.2,239.62381963561444,5.650706572786143,94,,
2018,2,25,19,0,16.2,118,50.5,11.4,0,0.0,0,0.0,0,1003.9,271.09014811366035,4.863429117061335,105,,
2018,2,25,20,0,15.6,130,51.8,11.6,0,0.0,0,0.0,0,1003.5,308.60335483751805,4.411491502759494,114,,
2018,2,25,21,0,15.4,144,51.9,11.8,0,0.0,0,0.0,0,1002.9,338.4553574223464,3.641904786084516,122,,
2018,2,25,22,0,15.5,161,52,12,0,0.0,0,0.0,0,1002.1,13.19788412582392,1.7846871725946098,127,,
2018,2,25,23,0,15.7,179,52,12.2,0,0.0,0,0.0,0,1001.3,93.795614160615,0.4536317425308479,129,,
2018,2,26,0,0,15.8,-162,52.4,12.6,0,0.0,0,0.0,0,1000.7,189.5534776151873,1.0091124438191366,127,,
2018,2,26,1,0,15.9,-145,71.7,12.9,0,0.0,0,0.0,0,1000.3,213.6220587759967,3.5939072698927785,122,,
2018,2,26,2,0,15.9,-131,82.2,13.2,0,0.0,0,0.0,0,999.9,222.3211791819003,7.073445897721989,115,,
2018,2,26,3,0,15.9,-118,90.8,13.6,0,0.0,0,0.0,0,999.7,221.04859278715432,7.876309149779895,106,,
2018,2,26,4,0,15.9,-107,55.1,13.9,0,0.0,0,0.0,0,999.8,215.5436628462204,7.607408994142256,95,,
2018,2,26,5,0,15.9,-98,56.5,14.3,22,0.0,0,1.0,0,999.8,177.647881516879,7.79880700799962,84,,
2018,2,26,6,0,16.4,-88,68.3,14.4,79,210.0,0,44.933809835115255,0,999.9,171.28444459904756,7.852886001101453,73,,
2018,2,26,7,0,17.2,-77,68.7,14.5,139,557.0,0,214.74863467936692,0,999.9,171.61385850762008,8.862090665056245,62,,
2018,2,26,8,0,18,-65,69.3,14.5,194,814.0,0,445.04679596508623,0,1000,172.26339847905388,7.520851847624951,51,,
2018,2,26,9,0,18.4,-48,57.7,14.7,334,866.0,1,634.6580625570864,0,999.9,186.9937099960442,7.4128209271360355,42,,
2018,2,26,10,0,18.6,-27,40.4,14.9,481,894.0,41,793.5370088480327,0,999.7,200.58452356150332,7.416112043684766,35,,
2018,2,26,11,0,18.7,-1,59.3,15.1,345,901.0,23,893.8627614971539,0,999.4,204.47334547029288,7.995995357413086,32,,
2018,2,26,12,0,18.7,26,61,15,333,890.0,7,935.0156963249198,0,999.3,204.7006230697905,7.735343737574799,35,,
2018,2,26,13,0,18.7,47,22.6,14.8,240,869.0,362,916.329537345533,0,999.2,208.13354780887343,8.08541072659142,41,,
2018,2,26,14,0,18.7,63,19.9,14.5,273,828.0000000000001,259,833.8205411838061,0,999.1,212.28671402805028,7.6475007220926035,51,,
2018,2,26,15,0,18.4,76,20.5,14.2,239,721.0,133,671.9622021292332,0,999.3,211.3749807537878,7.519711598797328,61,,
2018,2,26,16,0,17.9,87,5.8,13.7,97,611.0,153,481.8508777919413,0,999.7,208.29290294819776,7.600627818182758,72,,
2018,2,26,17,0,17.4,97,0,13.3,27,411.0,60,254.4202087453395,0,1000.2,206.26240944650536,7.627412887177065,84,,
2018,2,26,18,0,16.6,107,0,12.6,5,119.0,3,49.74268347813227,0,1000.6,205.79751730843145,7.180737178974455,95,,
2018,2,26,19,0,15.7,117,0,11.7,0,0.0,0,0.0,0,1000.9,213.7568597172732,7.144478377975123,105,,
2018,2,26,20,0,14.7,129,0,10.8,0,0.0,0,0.0,0,1001.2,208.73198254162816,8.102587525607973,115,,
2018,2,26,21,0,14.3,144,0,10.6,0,0.0,0,0.0,0,1001.3,208.57110105127583,7.856929519933904,122,,
2018,2,26,22,0,14.3,161,0,10.8,0,0.0,0,0.0,0,1001.1,210.38813133032687,7.393402456787986,128,,
2018,2,26,23,0,14.3,179,0,11.1,0,0.0,0,0.0,0,1000.9,208.4036571876872,7.347104000609893,129,,
2018,2,27,0,0,14.3,-162,0,11.1,0,0.0,0,0.0,0,1000.8,209.34417479960712,8.417428238723986,128,,
2018,2,27,1,0,14.1,-145,0,11,0,0.0,0,0.0,0,1000.7,216.31562644313496,8.020492477523094,123,,
2018,2,27,2,0,13.9,-130,0,10.8,0,0.0,0,0.0,0,1000.7,217.759232727862,9.761722782984432,115,,
2018,2,27,3,0,13.8,-118,0,10.6,0,0.0,0,0.0,0,1000.8,217.66303380467687,10.285995272422452,106,,
2018,2,27,4,0,13.8,-107,0,10.4,1,0.0,1,0.0,0,1001.1,215.9231430864837,10.567507107233457,95,,
2018,2,27,5,0,13.8,-97,0.9,10.2,30,0.0,53,0.0,0,1001.3,217.7340419554596,10.70673529443108,84,,
2018,2,27,6,0,14.5,-87,0.5,9.9,59,105.0,204,39.13311708097925,0,1001.4,216.904163888032,10.695412068986776,73,,
2018,2,27,7,0,15.7,-77,0.1,9.4,73,289.0,394,173.35384872958235,0,1001.5,214.453587844544,11.763437749188109,62,,
2018,2,27,8,0,17,-64,3.8,8.9,136,571.0000000000001,490,383.82612748969376,0,1001.5,214.68446984257125,12.586791754820991,51,,
2018,2,27,9,0,17.5,-48,9.9,8.5,245,223.0,470,389.7402538445842,0,1001.4,217.5602834671132,13.652504767476623,42,,
2018,2,27,10,0,17.4,-27,15.6,8.1,333,138.0,413,423.5605743057529,0,1001.3,221.922560727108,13.17124961463484,35,,
2018,2,27,11,0,17.2,-1,62.6,7.8,199,622.0,141,765.9833278929316,0,1001.2,222.6604490524381,13.295920462140051,33,,
2018,2,27,12,0,17,25,87.8,7.6,107,784.0,0,884.255026816003,0,1001,221.90079044827908,12.488099882916668,35,,
2018,2,27,13,0,16.7,47,88.9,7.5,87,701.0000000000001,0,831.2639405163266,0,1000.8,221.33191131367715,12.628460744969637,42,,
2018,2,27,14,0,16.4,63,79.3,7.4,127,632.0,0,734.74319221113,0,1000.6,220.22076360123788,12.009399428331603,51,,
2018,2,27,15,0,16,76,54.7,7.4,194,599.0,2,614.3164579611487,0,1000.6,219.1550845673405,11.52571870886027,61,,
2018,2,27,16,0,15.5,87,16.6,7.5,109,559.0,93,459.2411303183067,0,1000.7,218.36611637141823,10.681571565433757,73,,
2018,2,27,17,0,15.1,96,33.5,7.6,24,389.0,52,246.00117157688467,0,1000.8,212.54839817684075,10.157932461985364,84,,
2018,2,27,18,0,14.3,106,51.9,7.6,4,98.0,0,43.92140196712525,0,1000.9,206.628576333644,11.127829700805805,95,,
2018,2,27,19,0,13.3,117,50.2,7.5,0,0.0,0,0.0,0,1001,197.1993192353028,11.041356160938216,105,,
2018,2,27,20,0,12.3,129,50.2,7.4,0,0.0,0,0.0,0,1001.1,191.6235534736809,11.71260834799517,115,,
2018,2,27,21,0,12.1,144,50.8,7.6,0,0.0,0,0.0,0,1000.7,190.36431459413672,11.950108358159252,123,,
2018,2,27,22,0,12.5,161,39.4,8.1,0,0.0,0,0.0,0,1000.2,188.2864802747348,12.194944313840267,128,,
2018,2,27,23,0,13,179,11.9,8.7,0,0.0,0,0.0,0,999.5,185.75159711285696,12.322042313537146,130,,
2018,2,28,0,0,13.1,-162,0,9,0,0.0,0,0.0,0,999,188.0709184268547,12.801850552171691,128,,
2018,2,28,1,0,12.8,-145,0,9.2,0,0.0,0,0.0,0,998.5,191.5280161772052,13.510086428572643,123,,
2018,2,28,2,0,12.5,-130,0,9.3,0,0.0,0,0.0,0,998,193.75261059358715,13.83938497309973,115,,
2018,2,28,3,0,12.5,-118,0,9.7,0,0.0,0,0.0,0,997.6,196.60235431292,14.43681991098285,106,,
2018,2,28,4,0,12.8,-107,1.2,10.4,0,0.0,0,0.0,0,997.2,196.91183042951528,14.3949934534533,96,,
2018,2,28,5,0,13,-97,60.7,11.1,5,0.0,0,0.0,0,996.9,196.60235431292,14.43681991098285,85,,
2018,2,28,6,0,13.8,-87,75.2,11.8,71,171.0,0,42.00000000000001,0,996.5,197.45832608611897,14.240965070382844,73,,
2018,2,28,7,0,15,-76,66.3,12.6,140,322.0,0,179.40939078756895,0,996.1,200.14562468537235,14.089532462188082,62,,
2018,2,28,8,0,16.2,-64,86.6,13.4,70,182.0,0,264.84611856164435,0,995.8,208.29084808902425,11.952881497664164,52,,
2018,2,28,9,0,16.9,-48,95.5,14.2,35,310.0,0,436.19395729979465,0,995.2,215.27424545535345,10.536898383007085,42,,
2018,2,28,10,0,17.2,-26,95.4,15,37,387.0,0,589.891907258203,0,994.4,201.06036061012932,11.339743361125636,36,,
2018,2,28,11,0,17.4,-1,97,15.8,29,421.0,0,679.8746513690543,0,993.5,263.17211938623484,7.684382186334018,33,,
2018,2,28,12,0,17.7,25,92.1,16.3,65,135.0,0,505.5361423409484,0,992.9,357.87700103311647,8.435721884676527,35,,
2018,2,28,13,0,18.1,47,88.5,16.6,84,69.0,0,399.6543294169392,0,992.5,1.628463361834406,6.597879590081979,42,,
2018,2,28,14,0,18.4,63,85.3,16.9,86,26.0,0,256.46020779739365,0,992.1,355.1484502587647,9.606929762571705,51,,
2018,2,28,15,0,18.4,76,86.9,16.9,58,27.0,0,208.6568072801847,0,992,2.77555383813592,9.498691848359012,62,,
2018,2,28,16,0,18,86,93.7,16.7,18,275.0,0,337.4340069327528,0,992.2,26.678060457578624,11.3479578762708,73,,
2018,2,28,17,0,17.6,96,65.7,16.5,7,351.0,0,233.5729486146024,0,992.3,31.7141219675612,10.838333695539898,84,,
2018,2,28,18,0,17.1,106,49.9,16.1,3,86.0,0,40.077680250127486,0,992.8,32.32072518058976,11.750445971243366,95,,
2018,2,28,19,0,16.5,117,51,15.4,0,0.0,0,0.0,0,993.4,31.38692732898903,9.268922309148422,106,,
2018,2,28,20,0,15.8,129,51.5,14.7,0,0.0,0,0.0,0,994.1,21.58823748717458,9.845683937228106,115,,
2018,2,28,21,0,15.2,144,51.9,14.2,0,0.0,0,0.0,0,994.5,21.066975506650067,10.327748847263631,123,,
2018,2,28,22,0,14.7,161,51.5,13.7,0,0.0,0,0.0,0,994.9,35.58401467387267,11.47539962839361,128,,
2018,2,28,23,0,14.1,180,26.1,13.3,0,0.0,0,0.0,0,995.2,47.23761013049415,12.725195378637892,130,,
2018,3,1,0,0,13.7,-162,4.3,12.8,0,0.0,0,0.0,0,995.6,48.4294758455693,12.738304388498433,128,,
2018,3,1,1,0,13.3,-144,0,12.4,0,0.0,0,0.0,0,996.1,49.21115652231276,12.78193835477762,123,,
2018,3,1,2,0,13,-130,0,12,0,0.0,0,0.0,0,996.6,51.62463843974518,12.242213998362985,116,,
2018,3,1,3,0,12.8,-117,0,11.7,0,0.0,0,0.0,0,997.3,52.87530151663452,12.38518106328988,106,,
2018,3,1,4,0,12.7,-107,0,11.6,1,0.0,1,0.0,0,998.2,55.71483271736565,11.67628346981017,96,,
2018,3,1,5,0,12.7,-97,1,11.4,27,0.0,51,0.0,0,999,53.32137700511828,11.116028739389815,85,,
2018,3,1,6,0,13.4,-87,0.5,11.2,52,224.0,202,37.000000000000014,0,999.8,53.83868533074349,10.549927864460864,74,,
2018,3,1,7,0,14.5,-76,0.1,11,64,274.0,394,173.57390366080557,0,1000.6,58.91515150872999,9.747053416369065,62,,
2018,3,1,8,0,15.8,-63,5.2,10.8,142,592.0,465,394.6396043005958,0,1001.4,61.28656069277582,9.637479748191286,52,,
2018,3,1,9,0,16.2,-47,27.9,10.4,382,479.0,178,511.2678369425085,0,1002.1,60.58416139326226,10.271765560545482,43,,
2018,3,1,10,0,16.1,-26,14.8,9.9,240,524.0,519,631.5494406272303,0,1002.8,60.238046826706125,10.16306623462634,36,,
2018,3,1,11,0,15.8,-1,0.7,9.4,92,723.0,819,803.3268922107391,0,1003.5,61.75338673353855,10.131523694477991,33,,
2018,3,1,12,0,15.6,25,0.5,9.1,86,640.0,799,802.2581193839901,0,1004.1,62.83202087333342,9.680592178297951,36,,
2018,3,1,13,0,15.5,46,15.8,9,274,696.0000000000001,404,819.0042700848038,0,1004.6,57.495432543281936,10.286432815069425,42,,
2018,3,1,14,0,15.3,63,11.5,8.9,215,668.0,359,744.0871884599591,0,1005.2,56.90242915522697,10.653697947198518,51,,
2018,3,1,15,0,14.9,75,1.6,8.8,82,619.0,383,615.1906407674785,0,1005.9,61.85564873488573,10.430830240689302,62,,
2018,3,1,16,0,14.3,86,3.8,8.7,65,555.0,197,449.2348153764682,0,1006.6,69.42745912584678,10.02427749800902,73,,
2018,3,1,17,0,13.6,96,2.1,8.6,31,384.0,45,236.56607088924204,0,1007.3,71.19748223421914,8.989746720312606,84,,
2018,3,1,18,0,12.8,106,0,8,4,105.0,2,41.350902310663415,0,1007.8,72.42904401915712,8.074222119925377,95,,
2018,3,1,19,0,11.8,117,0,7.2,0,0.0,0,0.0,0,1008.2,70.96844606082419,7.666622826893174,106,,
2018,3,1,20,0,10.9,129,0,6.3,0,0.0,0,0.0,0,1008.5,66.13273252209399,7.457822079335663,116,,
2018,3,1,21,0,10.5,143,0,6.1,0,0.0,0,0.0,0,1008.6,63.77893248221472,8.747572596222309,123,,
2018,3,1,22,0,10.7,161,0,6.4,0,0.0,0,0.0,0,1008.8,66.91658522897586,8.468031796480153,129,,
2018,3,1,23,0,10.8,180,0,6.8,0,0.0,0,0.0,0,1008.9,70.47086548667977,8.368900362391848,131,,
2018,3,2,0,0,10.7,-161,0,6.9,0,0.0,0,0.0,0,1009,88.04614006107954,9.172813474741975,129,,
2018,3,2,1,0,10.4,-144,0,6.8,0,0.0,0,0.0,0,1009.2,105.11177511708354,7.488955491764125,124,,
2018,3,2,2,0,10.1,-129,0,6.7,0,0.0,0,0.0,0,1009.3,130.6629095360072,6.4762464798235015,116,,
2018,3,2,3,0,9.9,-117,0,6.6,0,0.0,0,0.0,0,1009.5,157.19787654355594,5.638136999212414,107,,
2018,3,2,4,0,9.8,-106,0,6.5,0,0.0,1,0.0,0,1009.6,163.28634704152444,5.207291982179792,96,,
2018,3,2,5,0,9.7,-96,1,6.4,26,0.0,55,0.0,0,1009.7,159.274147152762,4.8111094967809045,85,,
2018,3,2,6,0,10.8,-86,1.2,6.5,53,72.0,202,27.000000000000004,0,1009.7,170.45665765684657,6.499867240760424,74,,
2018,3,2,7,0,12.6,-76,35.6,6.8,177,278.0,97,165.30400513963895,0,1009.4,181.3465483844917,7.126968128693485,63,,
2018,3,2,8,0,14.5,-63,52,7.1,313,497.0,2,357.8307471599245,0,1009.1,182.85329574910787,5.674515359199114,52,,
2018,3,2,9,0,15.5,-47,35.4,7.3,411,427.0,108,475.7785045651297,0,1008.6,195.59683818868385,6.1464959439343625,43,,
2018,3,2,10,0,15.8,-26,10,7.5,220,711.0,579,702.0221143527217,0,1007.9,203.22375911587585,6.713939630290988,36,,
2018,3,2,11,0,16.1,0,13,7.6,298,806.0,497,835.1029527406903,0,1007.2,213.6376573063945,6.810247836427607,34,,
2018,3,2,12,0,16.1,25,17.8,7.9,362,827.0000000000001,362,888.5400747183063,0,1006.7,216.79876698156383,7.236919639391085,36,,
2018,3,2,13,0,16,46,60.3,8.2,191,795.0,139,862.4007447747468,0,1006.2,220.8830924039438,7.387058679917993,43,,
2018,3,2,14,0,15.9,62,83,8.5,107,747.0,0,777.0136536186322,0,1005.8,225.69973493252684,6.954886224119119,52,,
2018,3,2,15,0,15.5,75,76.4,8.7,102,683.0,0,639.3110763644165,0,1005.6,226.8502611302248,6.736909181526006,62,,
2018,3,2,16,0,15.1,86,63.6,8.9,82,577.0,0,452.7961965161017,0,1005.6,231.903082276631,6.722049204733945,73,,
2018,3,2,17,0,14.6,96,42,9.1,30,386.0,0,232.54312023801103,0,1005.6,230.73177364954336,6.319598144599743,85,,
2018,3,2,18,0,14.2,106,28.8,9.3,3,106.0,0,40.03434088620654,0,1005.8,229.8028368860841,5.616498923508833,96,,
2018,3,2,19,0,13.7,116,43.6,9.4,0,0.0,0,0.0,0,1006.1,241.4723139150817,5.030719427008567,106,,
2018,3,2,20,0,13.3,129,53.3,9.5,0,0.0,0,0.0,0,1006.4,237.59231676813656,4.86513754106264,116,,
2018,3,2,21,0,13.1,143,53.1,9.6,0,0.0,0,0.0,0,1006.4,228.45968712604204,5.183618127209305,124,,
2018,3,2,22,0,13.2,160,63.6,9.6,0,0.0,0,0.0,0,1006.2,228.6387144475453,4.539918126206152,129,,
2018,3,2,23,0,13.3,180,69.2,9.6,0,0.0,0,0.0,0,1005.9,233.8928035115871,4.174393283137426,131,,
2018,3,3,0,0,13.3,-161,68.9,9.7,0,0.0,0,0.0,0,1005.7,225.50314577694505,5.229270085481084,129,,
2018,3,3,1,0,13.3,-144,65.6,9.8,0,0.0,0,0.0,0,1005.5,216.6241034620957,6.61300030385883,124,,
2018,3,3,2,0,13.3,-129,67.2,10,0,0.0,0,0.0,0,1005.3,218.60176129828096,7.677530476675158,116,,
2018,3,3,3,0,13.3,-117,68.3,10.1,0,0.0,0,0.0,0,1005.5,218.28398409518857,8.510013575834435,107,,
2018,3,3,4,0,13.3,-106,25.1,10.3,1,0.0,0,0.0,0,1005.9,222.60989920504568,8.519278276370304,96,,
2018,3,3,5,0,13.4,-96,30.7,10.5,36,0.0,3,0.0,0,1006.3,223.88014626704808,8.320797228237387,85,,
2018,3,3,6,0,14.1,-86,17.3,10.4,65,225.0,157,33.000000000000014,0,1006.6,227.8195796611712,8.373539256342296,74,,
2018,3,3,7,0,15.3,-75,6.4,10.2,140,322.0,270,168.9569739961596,0,1006.8,221.55187486083807,8.378397227655729,63,,
2018,3,3,8,0,16.6,-63,25.1,9.9,331,472.0,129,346.04346488068575,0,1006.9,223.836776098525,8.529334307344522,52,,
2018,3,3,9,0,17.1,-47,43.1,9.5,416,374.0,20,448.102950993224,0,1006.8,227.8324005359785,8.692011587943627,43,,
2018,3,3,10,0,17.1,-26,27.6,9.2,379,259.0,254,494.97362911506127,0,1006.5,230.41177276455144,8.603039911738259,37,,
2018,3,3,11,0,17,0,21.2,8.8,421,306.0,289,586.8747392656132,0,1006.2,231.08191899616384,8.492339609252529,34,,
2018,3,3,12,0,16.9,25,16.7,8.4,343,545.0,383,746.4905079290816,0,1005.9,235.12138662500104,8.892283896629392,36,,
2018,3,3,13,0,16.8,46,41.6,8,294,696.0000000000001,174,810.7781188952342,0,1005.6,238.43097090522724,9.908783164586628,43,,
2018,3,3,14,0,16.7,62,25.6,7.7,209,679.0,247,741.3216226975475,0,1005.3,245.0598684411661,9.37953488341567,52,,
2018,3,3,15,0,16.2,75,32.6,7.5,186,373.0,138,485.0860853835054,0,1005.1,266.49340274700785,8.458218607022681,63,,
2018,3,3,16,0,15.6,85,47.3,7.4,131,284.0,0,322.67556728411523,0,1005.1,311.5148738802237,6.4805619944186965,74,,
2018,3,3,17,0,15,95,17.2,7.3,37,176.0,1,157.53647336452173,0,1005.1,19.43769895376932,12.290604389754376,85,,
2018,3,3,18,0,14.4,105,0,7.3,3,88.0,1,34.20390525332768,0,1005.1,22.645659603641832,11.596699642766549,96,,
2018,3,3,19,0,14,116,0,7.3,0,0.0,0,0.0,0,1005,21.682233315175893,10.745372846488577,107,,
2018,3,3,20,0,13.6,128,0,7.3,0,0.0,0,0.0,0,1005,19.30600391602303,9.92842938356097,116,,
2018,3,3,21,0,13.6,143,0,7.5,0,0.0,0,0.0,0,1004.6,23.62395886229757,9.607657690037096,124,,
2018,3,3,22,0,13.7,160,0,7.8,0,0.0,0,0.0,0,1004,32.531527810105274,10.45544629060724,129,,
2018,3,3,23,0,13.9,180,0,8.1,0,0.0,0,0.0,0,1003.4,35.15125342023282,10.356123507480582,131,,
2018,3,4,0,0,14.1,-161,0.6,8.3,0,0.0,0,0.0,0,1002.8,35.966574686703325,10.335317678169096,130,,
2018,3,4,1,0,14.3,-144,33,8.5,0,0.0,0,0.0,0,1002.2,33.80290155666876,9.868089581812026,124,,
2018,3,4,2,0,14.6,-129,51.1,8.6,0,0.0,0,0.0,0,1001.6,36.81390340914663,10.242436531816246,117,,
2018,3,4,3,0,14.9,-116,51.1,8.8,0,0.0,0,0.0,0,1001.3,37.93303138202873,10.187154032677604,107,,
2018,3,4,4,0,15.1,-106,51.7,9.1,1,0.0,0,0.0,0,1001.2,39.37232711695788,10.041460592416232,97,,
2018,3,4,5,0,15.3,-96,53.7,9.5,29,0.0,0,0.0,0,1001.2,41.44873437379232,10.189404929692197,85,,
2018,3,4,6,0,15.8,-86,60.2,10.1,85,590.0,0,30.00000000000004,0,1001,40.56591873323544,9.306906287453431,74,,
2018,3,4,7,0,16.3,-75,67.2,10.8,135,691.0000000000001,0,213.6136354969193,0,1000.6,43.083397023282544,8.403320461452733,63,,
2018,3,4,8,0,16.9,-62,65.8,11.6,208,806.0,0,425.2691731265027,0,1000.3,40.902346207440246,7.02549789809199,53,,
2018,3,4,9,0,17.2,-46,67.8,11.9,239,860.0,0,616.8719584474757,0,999.8,41.08345465992352,8.41135793730322,43,,
2018,3,4,10,0,17.2,-25,58.1,11.8,357,845.0,0,766.6785300493724,0,999.2,38.16299922348844,8.302114269257984,37,,
2018,3,4,11,0,17.1,0,51.8,11.8,421,820.0000000000001,0,851.1884726565308,0,998.6,34.8688408758631,7.879805237939826,34,,
2018,3,4,12,0,17,25,51.3,11.8,410,725.0,0,848.9615828680602,0,998,32.41230661835118,7.779586893853522,37,,
2018,3,4,13,0,16.8,46,50.1,11.8,375,443.0,0,692.5053835850957,0,997.3,31.801396201277555,8.904349171091022,43,,
2018,3,4,14,0,16.6,62,59.3,11.9,250,265.0,2,526.3384301260178,0,996.6,32.061973015294086,8.882377680970487,52,,
2018,3,4,15,0,16.3,74,28.5,12,161,97.0,117,310.4000230775348,0,996,34.71408859943028,9.157604553486006,63,,
2018,3,4,16,0,15.8,85,30.9,12.1,105,48.0,65,172.75612021090848,0,995.6,38.22576632976472,9.50266063286956,74,,
2018,3,4,17,0,15.3,95,15.8,12.3,33,22.0,0,71.08762466605945,0,995.1,38.96068039856044,9.359306889255915,85,,
2018,3,4,18,0,14.7,105,0,12.1,2,8.0,0,10.433733387366017,0,994.6,40.31230707114412,9.193101181122865,96,,
2018,3,4,19,0,14.1,116,0,11.7,0,0.0,0,0.0,0,993.9,39.44223036595258,7.921409676031868,107,,
2018,3,4,20,0,13.4,128,0,11.3,0,0.0,0,0.0,0,993.2,39.26967524504903,7.930881222477483,117,,
2018,3,4,21,0,12.7,143,0,10.8,0,0.0,0,0.0,0,993.1,41.97709245497583,8.013749020210032,124,,
2018,3,4,22,0,12,160,0,10.1,0,0.0,0,0.0,0,993.3,45.80894293442287,7.88685658803487,130,,
2018,3,4,23,0,11.2,180,0,9.5,0,0.0,0,0.0,0,993.6,47.5787858167393,8.368251376720973,132,,
2018,3,5,0,0,10.6,-161,0.6,8.9,0,0.0,0,0.0,0,994.3,49.49379828746805,7.467083944659069,130,,
2018,3,5,1,0,10.1,-143,33.6,8.4,0,0.0,0,0.0,0,995.4,41.40918117405204,6.943312250720502,125,,
2018,3,5,2,0,9.7,-129,52,8,0,0.0,0,0.0,0,996.5,39.44649035566749,7.361983843166475,117,,
2018,3,5,3,0,9.5,-116,50.9,7.7,0,0.0,0,0.0,0,997.7,39.75757463897856,7.313828001315417,107,,
2018,3,5,4,0,9.5,-105,18.1,7.5,1,0.0,0,0.0,0,999,41.73028919805233,7.624340142167954,97,,
2018,3,5,5,0,9.5,-95,0.2,7.3,34,0.0,25,0.0,0,1000.4,47.111676092225366,7.383714933594653,86,,
2018,3,5,6,0,10.2,-85,12,6.9,128,117.0,63,31.000000000000007,0,1001.4,51.5921991689566,6.744323909156998,74,,
2018,3,5,7,0,11.2,-75,6.7,6.4,114,99.0,303,121.49720228680192,0,1002.2,68.31366388509548,5.033777360351563,63,,
2018,3,5,8,0,12.4,-62,0.9,5.8,99,228.0,519,279.0313432272413,0,1002.9,71.27493303511926,4.360694740178411,53,,
2018,3,5,9,0,12.9,-46,5.8,5.3,187,250.0,535,404.36537999625193,0,1003.2,62.22495442712875,5.289349191803947,44,,
2018,3,5,10,0,13.1,-25,7.9,4.8,233,364.0,559,553.9778056194648,0,1003.1,60.15196754555393,7.67002849927305,37,,
2018,3,5,11,0,13.2,0,7.3,4.4,222,253.0,605,558.2245151785078,0,1002.9,60.65292293043257,8.635854004038203,35,,
2018,3,5,12,0,13.4,25,7.3,4.3,203,94.0,592,432.6614459091817,0,1002.4,61.4544074237283,8.38141796817061,37,,
2018,3,5,13,0,13.6,45,47.6,4.4,200,98.0,214,422.0324979776005,0,1001.7,59.79126817576128,7.914953337951733,44,,
2018,3,5,14,0,13.8,61,27.4,4.6,158,133.0,254,413.007577727388,0,1000.9,52.62683102918044,7.899328168387179,53,,
2018,3,5,15,0,13.7,74,44.6,5.1,117,310.0,142,451.6619132423165,0,1000.3,56.27580697808031,8.299175001128031,63,,
2018,3,5,16,0,13.5,85,50.5,5.9,92,294.0,0,325.40793171912105,0,999.9,59.418125112440805,8.889024375878028,74,,
2018,3,5,17,0,13.2,95,78.5,6.6,30,290.0,0,194.21652681467617,0,999.4,66.32486933936218,8.560571498604796,86,,
2018,3,5,18,0,13.2,105,95.6,7.3,0,119.0,0,35.73572693353614,0,998.7,68.6431521032988,7.771193938713476,97,,
2018,3,5,19,0,13.4,116,96.3,8,0,0.0,0,0.0,0,997.7,63.04015602006547,8.271464212476348,107,,
2018,3,5,20,0,13.7,128,98.1,8.6,0,0.0,0,0.0,0,996.8,71.77928875021996,8.651314085579857,117,,
2018,3,5,21,0,13.7,143,97.7,9.4,0,0.0,0,0.0,0,995.9,79.82124421097313,9.13870530143767,125,,
2018,3,5,22,0,13.6,160,79.4,10.2,0,0.0,0,0.0,0,995.1,82.3945598997052,9.33209463858842,130,,
2018,3,5,23,0,13.4,180,68.6,11.1,0,0.0,0,0.0,0,994.2,85.43212471577914,8.948344610473804,132,,
2018,3,6,0,0,13.4,-161,67.5,11.6,0,0.0,0,0.0,0,993.7,87.35731225294569,9.054551433761986,130,,
2018,3,6,1,0,13.4,-143,49.1,11.8,0,0.0,0,0.0,0,993.4,90.39066148413428,8.772664855604939,125,,
2018,3,6,2,0,13.4,-128,14.1,12,0,0.0,0,0.0,0,993.1,99.50516206253502,8.159385710511616,117,,
2018,3,6,3,0,13.4,-116,0,12,0,0.0,0,0.0,0,993.3,106.70686392197696,7.209349923489152,108,,
2018,3,6,4,0,13.3,-105,0.3,11.8,1,0.0,0,0.0,0,993.7,119.14962502436458,5.747999859279612,97,,
2018,3,6,5,0,13.2,-95,13.5,11.5,37,0.0,0,0.0,0,994.2,141.0461881341107,4.748110903736203,86,,
2018,3,6,6,0,13.6,-85,30.9,11.1,122,409.0,4,30.000000000000025,0,994.6,158.7666953136902,4.631821222380448,75,,
2018,3,6,7,0,14.3,-74,15.6,10.6,161,627.0,187,201.24586521562375,0,995.1,167.68321811287012,3.656674955402696,64,,
2018,3,6,8,0,15.1,-62,35.8,10,244,755.0,113,409.68312564290346,0,995.6,156.87910122174105,2.884256161672844,53,,
2018,3,6,9,0,15.4,-46,19.5,9,168,816.0000000000001,452,599.938191631644,0,996.1,158.91217267721186,2.355240211344191,44,,
2018,3,6,10,0,15.2,-25,0,7.8,93,885.0,754,754.2150975405582,0,996.6,188.67987011124129,1.540099748130586,38,,
2018,3,6,11,0,14.9,0,0,6.5,87,891.0,795,853.270245242636,0,997.1,243.9050457304988,2.182423395689241,35,,
2018,3,6,12,0,14.9,25,0,5.9,83,882.0,768,894.9977759451912,0,997.4,260.34043374519973,3.590951111594846,38,,
2018,3,6,13,0,14.9,45,0,5.8,79,857.0,681,873.4902117259912,0,997.7,265.7352687960023,4.740665499489682,44,,
2018,3,6,14,0,15,61,0,5.8,74,814.0,542,789.9200012132164,0,998,273.9165336316531,4.90403094799364,53,,
2018,3,6,15,0,14.7,74,0,5.9,67,743.0,367,647.4417954412206,0,998.3,293.05556589930814,4.3663371832984215,63,,
2018,3,6,16,0,14.2,85,0,6.2,52,636.0,180,457.3975499348534,0,998.7,306.6054788743468,4.02055062731484,75,,
2018,3,6,17,0,13.6,95,0,6.4,18,422.0,41,228.05799849623745,0,999.1,318.3934228044801,3.791464510269006,86,,
2018,3,6,18,0,13.1,105,0.6,6.9,1,141.0,0,36.86243335532009,0,999.4,331.1997422276419,4.187952728849984,97,,
2018,3,6,19,0,12.7,115,30.9,7.5,0,0.0,0,0.0,0,999.7,322.8641506158173,4.3024389275489305,108,,
2018,3,6,20,0,12.3,128,47.9,8.1,0,0.0,0,0.0,0,1000,358.70613886658657,3.10308610213718,117,,
2018,3,6,21,0,12.3,143,49.1,8.9,0,0.0,0,0.0,0,999.8,44.12976480322965,1.8527436975401013,125,,
2018,3,6,22,0,12.7,160,51.2,9.8,0,0.0,0,0.0,0,999.4,86.31746472772704,1.322799619868362,131,,
2018,3,6,23,0,13.2,180,51.5,10.8,0,0.0,0,0.0,0,998.9,171.36205887075948,0.4323948273646668,132,,
2018,3,7,0,0,13.6,-160,56.3,11.5,0,0.0,0,0.0,0,998.4,256.4729801553133,1.0260206920719703,131,,
2018,3,7,1,0,13.9,-143,74.4,12,0,0.0,0,0.0,0,997.9,242.2676414943589,2.0901965262447946,125,,
2018,3,7,2,0,14.1,-128,83,12.6,0,0.0,0,0.0,0,997.4,234.7005188318008,3.2836552205981344,117,,
2018,3,7,3,0,14.3,-115,82.6,12.9,0,0.0,0,0.0,0,997.2,222.1489698551508,3.908080534225255,108,,
2018,3,7,4,0,14.4,-105,63.8,13.1,0,0.0,0,0.0,0,997.2,210.43437524153435,4.3232384650018565,97,,
2018,3,7,5,0,14.5,-95,60.5,13.2,21,0.0,0,0.0,0,997.3,197.4543367822652,4.53369945880789,86,,
2018,3,7,6,0,14.8,-85,68.1,13.4,66,360.0,0,28.00000000000002,0,997.4,190.17759041885185,5.09283207304602,75,,
2018,3,7,7,0,15.3,-74,72.8,13.7,109,459.0,0,173.21407715170787,0,997.5,189.59260113597736,5.101358716320834,64,,
2018,3,7,8,0,15.9,-61,75.1,13.9,145,636.0,0,368.5745927192737,0,997.6,187.18882603836653,5.19341265710969,53,,
2018,3,7,9,0,16.1,-45,81.8,13.8,129,704.0,0,546.0140325510508,0,997.7,193.39348211825185,4.607993128907608,44,,
2018,3,7,10,0,16.2,-25,67.6,13.6,267,860.0,0,737.6360781684889,0,997.8,204.5164625814412,5.47640752096917,38,,
2018,3,7,11,0,16.3,0,61.2,13.3,326,881.0,0,842.4543716840695,0,997.8,209.8689398989576,5.817987625421337,36,,
2018,3,7,12,0,16.3,24,66.9,13.1,270,882.0,0,888.6407650595519,0,997.8,211.7661215770378,6.054669588124022,38,,
2018,3,7,13,0,16.4,45,65.6,13,248,861.0,1,869.2929063356025,0,997.9,214.9283527453992,6.479696474972873,44,,
2018,3,7,14,0,16.4,61,41.6,13,293,819.0000000000001,39,786.2686805181169,0,997.9,215.8592327740709,6.043127633627912,53,,
2018,3,7,15,0,16.3,74,35.9,13,248,752.0,22,645.0700470493393,0,998.2,217.11996392256447,5.828766452578747,64,,
2018,3,7,16,0,16,84,40,13,131,640.0,0,453.49749065482376,0,998.6,219.3249264401479,5.846577215435642,75,,
2018,3,7,17,0,15.7,94,59.1,13.1,32,426.0,0,225.39784849780943,0,999,218.05121207513736,5.743408203125,86,,
2018,3,7,18,0,15.3,104,70,13,0,132.0,0,33.67190609063138,0,999.5,216.5483775564189,5.629776140246257,97,,
2018,3,7,19,0,14.8,115,78.3,12.8,0,0.0,0,0.0,0,1000.1,214.5177613976768,6.004619657762066,108,,
2018,3,7,20,0,14.3,128,83,12.6,0,0.0,0,0.0,0,1000.7,208.8510275850949,5.072202509508316,118,,
2018,3,7,21,0,14.1,142,82.6,12.6,0,0.0,0,0.0,0,1000.9,197.00980168795093,3.563605755977968,126,,
2018,3,7,22,0,14.1,160,60.3,12.8,0,0.0,0,0.0,0,1000.8,173.63458967291376,3.675245661536868,131,,
2018,3,7,23,0,14.1,180,47.7,12.9,0,0.0,0,0.0,0,1000.7,171.5905934410373,4.377139658189527,133,,
2018,3,8,0,0,14.1,-160,47.1,12.9,0,0.0,0,0.0,0,1000.5,180.2916227067983,4.892641498817664,131,,
2018,3,8,1,0,14,-143,16.9,12.8,0,0.0,0,0.0,0,1000.4,187.60000743287503,5.85908619486816,126,,
2018,3,8,2,0,14,-128,0,12.7,0,0.0,0,0.0,0,1000.2,182.9292020651744,5.479815949260739,118,,
2018,3,8,3,0,14,-115,0,12.7,0,0.0,0,0.0,0,1000.2,177.2309966683804,5.018310457794255,108,,
2018,3,8,4,0,14,-104,0.7,12.7,1,0.0,0,0.0,0,1000.4,171.70377318209808,5.025243953457713,97,,
2018,3,8,5,0,14,-94,34.4,12.7,28,0.0,0,0.0,0,1000.6,176.60091049987523,5.311834972494248,86,,
2018,3,8,6,0,14.5,-84,65.3,12.9,68,478.0,0,25.00000000000003,0,1000.8,179.376505512726,5.9678826475817335,75,,
2018,3,8,7,0,15.3,-74,71,13.2,122,696.0000000000001,0,194.5395320152994,0,1001,183.7345204896385,4.760352479291883,64,,
2018,3,8,8,0,16.2,-61,71.3,13.5,172,818.0000000000001,0,406.1033610233106,0,1001.1,183.6847856006375,4.98026631261761,54,,
2018,3,8,9,0,16.7,-45,72.6,13.5,203,875.0,0,597.5989277037639,0,1001,191.50392615516165,4.638345550302163,45,,
2018,3,8,10,0,16.9,-24,69.5,13.2,255,896.0,0,749.1127553339023,0,1000.6,199.9208463968705,5.451434996653579,38,,
2018,3,8,11,0,17.1,0,58.1,12.8,361,901.0,0,849.2613634558286,0,1000.1,207.12019598967865,5.758363699959468,36,,
2018,3,8,12,0,17.2,24,43.3,12.6,463,878.0,7,884.0258559990926,0,999.7,212.01208836091115,5.970665833940436,38,,
2018,3,8,13,0,17.3,45,26.5,12.6,385,841.0,156,855.7062228439946,0,999.4,212.87171660129144,5.831379536562707,45,,
2018,3,8,14,0,17.3,61,28.3,12.6,325,804.0,109,775.442791813184,0,999.1,213.86903998794108,6.199712285357074,54,,
2018,3,8,15,0,17.1,73,12.5,12.6,156,735.0,197,633.505910666551,0,999,213.98089348418395,6.02973381315319,64,,
2018,3,8,16,0,16.7,84,30.2,12.6,71,617.0,104,440.54103192686097,0,999.1,218.3168244462157,6.242029371872683,75,,
2018,3,8,17,0,16.3,94,16.9,12.7,28,407.0,0,216.67077700558187,0,999.2,220.0731024351408,6.400038224344546,86,,
2018,3,8,18,0,16,104,1.1,12.8,0,120.0,0,30.09012262600921,0,999.3,219.5159913767381,6.215807275990662,98,,
2018,3,8,19,0,15.9,115,54.8,13,0,0.0,0,0.0,0,999.5,210.79045110384573,6.935047631220488,108,,
2018,3,8,20,0,15.7,127,84.3,13.1,0,0.0,0,0.0,0,999.6,203.91003734611232,6.877832869444487,118,,
2018,3,8,21,0,15.5,142,83.6,13.3,0,0.0,0,0.0,0,999.5,194.39996473942944,6.473392055682514,126,,
2018,3,8,22,0,15.3,160,64.9,13.5,0,0.0,0,0.0,0,999.2,192.7965240774481,6.727142012174717,131,,
2018,3,8,23,0,15.1,-180,52.8,13.6,0,0.0,0,0.0,0,998.9,195.001581500211,7.050343596594152,133,,
2018,3,9,0,0,15,-160,51.2,13.8,0,0.0,0,0.0,0,998.8,202.4369006160616,7.251314015354983,131,,
2018,3,9,1,0,14.9,-142,18.4,13.9,0,0.0,0,0.0,0,998.7,206.22998692146265,7.262759429086446,126,,
2018,3,9,2,0,14.9,-127,0,14,0,0.0,0,0.0,0,998.6,204.12715765172885,6.727613311636933,118,,
2018,3,9,3,0,14.7,-115,0,14,0,0.0,0,0.0,0,998.8,189.8488888209945,7.61466400209863,108,,
2018,3,9,4,0,14.5,-104,0,13.8,0,0.0,1,0.0,0,999.2,186.521433064334,8.27596222463466,98,,
2018,3,9,5,0,14.4,-94,0,13.6,20,0.0,40,0.0,0,999.6,183.5484953247655,8.117858730463094,87,,
2018,3,9,6,0,14.7,-84,0.2,13.7,46,304.0,174,25.000000000000018,0,1000.1,183.5684918372449,8.233248541291745,75,,
2018,3,9,7,0,15.5,-73,12.2,13.9,162,537.0,199,174.83420294309855,0,1000.6,184.73693070124293,8.26308696771255,64,,
2018,3,9,8,0,16.4,-60,32.4,14.1,335,793.0,64,396.6859507375482,0,1001.1,186.6577143670009,7.180747700015683,54,,
2018,3,9,9,0,16.8,-44,46.2,13.9,397,862.0,0,590.858181510337,0,1001.4,203.12998415876515,7.389133754555254,45,,
2018,3,9,10,0,16.9,-24,54.7,13.4,376,883.0,0,743.4289287094764,0,1001.5,214.2735551403715,9.109351081227851,39,,
2018,3,9,11,0,17,0,63.9,12.9,311,890.0,0,843.6647364837003,0,1001.6,218.6969739326381,9.40478134412665,36,,
2018,3,9,12,0,16.9,24,66.3,12.4,279,881.0,0,885.0030054073899,0,1001.8,220.35467729624705,9.080657500689938,39,,
2018,3,9,13,0,16.6,45,65.4,12,256,860.0,0,865.460015284377,0,1002,218.81158271887853,8.348348061398246,45,,
2018,3,9,14,0,16.4,60,64.3,11.6,213,821.0000000000001,0,783.6999348418277,0,1002.3,218.65303506953327,7.740857796369748,54,,
2018,3,9,15,0,15.9,73,52.5,11,189,758.0,0,643.1311689976999,0,1002.8,216.80713598771536,7.444145091098972,64,,
2018,3,9,16,0,15.2,84,40.1,10.4,123,635.0,0,445.8081221930578,0,1003.5,216.53106090053785,6.795236012828072,75,,
2018,3,9,17,0,14.5,94,13.3,9.7,32,415.0,0,216.37659267928476,0,1004.2,215.99667113369145,6.699410861182958,87,,
2018,3,9,18,0,13.7,104,0,9.2,0,105.0,0,26.16469247422746,0,1004.8,211.6034703034308,6.363973922918531,98,,
2018,3,9,19,0,12.9,115,0,8.7,0,0.0,0,0.0,0,1005.5,198.10570104274663,6.596654085212681,109,,
2018,3,9,20,0,12.2,127,0,8.2,0,0.0,0,0.0,0,1006.2,193.55810531924743,7.187855110518143,118,,
2018,3,9,21,0,12,142,0,8.1,0,0.0,0,0.0,0,1006.6,192.06601052786056,7.510906022769494,126,,
2018,3,9,22,0,12.3,160,0,8.3,0,0.0,0,0.0,0,1006.8,189.6046616838137,7.431812407705044,132,,
2018,3,9,23,0,12.7,-180,0,8.6,0,0.0,0,0.0,0,1006.9,189.86458725247493,7.368956829724199,134,,
2018,3,10,0,0,12.8,-160,0,8.6,0,0.0,0,0.0,0,1007,195.041390189618,7.84115880743191,132,,
2018,3,10,1,0,12.8,-142,0,8.4,0,0.0,0,0.0,0,1007.1,199.08996039421945,8.637612495435063,126,,
2018,3,10,2,0,12.8,-127,0,8.2,0,0.0,0,0.0,0,1007.2,205.21311302334584,9.190526723222757,118,,
2018,3,10,3,0,12.8,-115,0,8.2,0,0.0,0,0.0,0,1007.4,209.44729124948145,9.071918683763244,109,,
2018,3,10,4,0,12.8,-104,0.4,8.2,1,0.0,0,0.0,0,1007.8,206.57960063829728,9.029216580340252,98,,
2018,3,10,5,0,12.8,-94,22,8.3,38,0.0,0,0.0,0,1008.2,201.94913462112223,9.336934085150592,87,,
2018,3,10,6,0,13.5,-84,47.2,8.4,105,98.0,1,22.000000000000007,0,1008.5,200.5579245707657,9.582658208341684,75,,
2018,3,10,7,0,14.7,-73,34.8,8.5,210,185.0,76,126.53536016000352,0,1008.7,200.078183564208,9.86726049847757,64,,
2018,3,10,8,0,16,-60,31.7,8.5,343,517.0,59,331.648684771074,0,1008.8,204.02471368768107,9.35831924686804,54,,
2018,3,10,9,0,16.6,-44,64.7,8.4,239,713.0,9,540.1218611431054,0,1008.7,211.8640064304352,10.750134761098696,45,,
2018,3,10,10,0,16.8,-24,71.9,8.2,236,818.0000000000001,0,705.1747434850377,0,1008.5,218.0343165140256,11.064784921248531,39,,
2018,3,10,11,0,16.9,0,68,7.9,275,908.0,0,839.7307139440096,0,1008.2,221.74398642907096,10.896434687412096,37,,
2018,3,10,12,0,16.9,24,69.5,7.8,252,904.0,0,883.8424264174892,0,1007.9,222.92681173330035,10.560515812721802,39,,
2018,3,10,13,0,17,44,76.8,7.9,173,871.0,0,858.6418643707299,0,1007.6,217.70169092960887,10.534508537774617,45,,
2018,3,10,14,0,17,60,70.3,8.1,169,824.0000000000001,0,773.326689197822,0,1007.3,220.53668658684947,9.816188899410756,54,,
2018,3,10,15,0,16.6,73,54.8,8.2,179,757.0,0,631.9693099005896,0,1007.2,221.5618074159805,9.522339554945017,65,,
2018,3,10,16,0,16.1,84,33.5,8.5,120,641.0,10,439.7697380192808,0,1007.2,221.78311721478167,8.884599034627477,76,,
2018,3,10,17,0,15.4,94,8.9,8.7,33,409.0,6,208.25051551707188,0,1007.3,219.98990750145384,8.239165850518699,87,,
2018,3,10,18,0,14.4,104,0,8.7,0,87.0,0,21.94378084337449,0,1007.4,216.70664578461967,7.745929879798731,98,,
2018,3,10,19,0,13.2,114,0,8.7,0,0.0,0,0.0,0,1007.4,205.03438265041595,8.117596025806513,109,,
2018,3,10,20,0,12,127,0,8.6,0,0.0,0,0.0,0,1007.5,196.08522978980227,8.697940950112319,119,,
2018,3,10,21,0,11.5,142,0,8.6,0,0.0,0,0.0,0,1007.3,204.1210945274076,8.551894912239327,127,,
2018,3,10,22,0,11.6,160,0,8.8,0,0.0,0,0.0,0,1006.8,209.02234714364613,8.97151947127564,132,,
2018,3,10,23,0,11.8,-180,0,8.9,0,0.0,0,0.0,0,1006.3,213.7860591826665,8.244947446860365,134,,
2018,3,11,0,0,11.9,-160,0.6,8.9,0,0.0,0,0.0,0,1005.9,219.0937668199698,7.370003935561818,132,,
2018,3,11,1,0,11.9,-142,33.6,8.9,0,0.0,0,0.0,0,1005.5,222.12372509923807,6.48157601672314,127,,
2018,3,11,2,0,11.9,-127,52,8.9,0,0.0,0,0.0,0,1005.2,242.7641357655495,1.5294311971125745,119,,
2018,3,11,3,0,12,-114,52,9,0,0.0,0,0.0,0,1005,340.0270476531522,1.4123391667513332,109,,
2018,3,11,4,0,12.2,-103,50.7,9.2,0,0.0,1,0.0,0,1004.9,19.5352776622226,3.087650277654303,98,,
2018,3,11,5,0,12.4,-93,19.6,9.4,26,0.0,26,0.0,0,1004.9,46.06311087844245,6.662037406449903,87,,
2018,3,11,6,0,13.3,-83,33.1,9.6,100,313.0,19,22.000000000000018,0,1004.9,59.05280239436263,10.141194102771417,76,,
2018,3,11,7,0,14.8,-72,20.9,9.9,128,549.0,216,167.7658923332632,0,1004.8,63.15442574005334,10.302741181430106,65,,
2018,3,11,8,0,16.3,-60,24.9,10.3,306,751.0,123,376.0387495257794,0,1004.8,60.61789749762494,10.82788007494984,54,,
2018,3,11,9,0,17,-44,49.3,10.4,361,869.0,3,581.2504186627837,0,1004.6,61.82748948436324,11.517006864930895,46,,
2018,3,11,10,0,17.2,-23,40.2,10.2,432,892.0,61,743.7840573827808,0,1004.4,60.021846138608055,11.097173224427058,39,,
2018,3,11,11,0,17.3,0,46.2,10.1,420,905.0,34,847.0554824754064,0,1004.1,60.166944458841954,12.573763570993414,37,,
2018,3,11,12,0,17.2,24,66.9,10.3,271,895.0,0,889.1056329158145,0,1003.9,62.57191910969772,12.852188665562624,40,,
2018,3,11,13,0,17.1,44,72.5,10.8,196,868.0,0,865.5980065152308,0,1003.7,59.709170365268,12.559662401167095,46,,
2018,3,11,14,0,17,60,66.9,11.3,186,823.0000000000001,0,779.9192395102071,0,1003.6,56.48364054091024,12.30618062481716,55,,
2018,3,11,15,0,16.6,73,49,11.7,188,752.0,1,635.2068695393708,0,1003.7,54.81296930889374,12.581403091890186,65,,
2018,3,11,16,0,16.1,83,20.6,12.2,113,627.0,28,436.5748105364509,0,1003.9,55.35155995306207,12.651060387304511,76,,
2018,3,11,17,0,15.6,93,3.4,12.6,25,398.0,16,205.5028630964809,0,1004.1,55.78340134743559,12.386276891665515,87,,
2018,3,11,18,0,15,103,0,12.7,0,77.0,0,20.05535009319435,0,1004.4,54.90130640230126,11.93514572515646,99,,
2018,3,11,19,0,14.5,114,0,12.6,0,0.0,0,0.0,0,1004.7,52.7779592039754,11.456222232487352,109,,
2018,3,11,20,0,13.9,127,0,12.5,0,0.0,0,0.0,0,1005,54.33596346748385,10.668329448601408,119,,
2018,3,11,21,0,13.6,142,0,12.4,0,0.0,0,0.0,0,1005.2,54.722122747830326,10.415055430095848,127,,
2018,3,11,22,0,13.6,160,0,12.4,0,0.0,0,0.0,0,1005.2,51.53921013994756,10.647561231062255,132,,
2018,3,11,23,0,13.6,-180,0,12.4,0,0.0,0,0.0,0,1005.1,49.69504621574731,10.10673243138482,134,,
2018,3,12,0,0,13.5,-159,0,12.1,0,0.0,0,0.0,0,1005.2,45.02098746408444,9.42578926829105,132,,
2018,3,12,1,0,13.3,-141,0,11.6,0,0.0,0,0.0,0,1005.5,40.100334729330086,9.831149340949114,127,,
2018,3,12,2,0,13,-126,0,11,0,0.0,0,0.0,0,1005.7,38.47046400115278,9.576294890610862,119,,
2018,3,12,3,0,12.9,-114,0,10.5,0,0.0,0,0.0,0,1006.1,36.90427161567965,9.929396318177591,109,,
2018,3,12,4,0,12.8,-103,0.8,10,0,0.0,0,0.0,0,1006.7,36.51643236302471,9.885783820105598,98,,
2018,3,12,5,0,12.8,-93,42.2,9.5,19,0.0,0,0.0,0,1007.2,36.14505787267399,9.761376816468871,87,,
2018,3,12,6,0,13.2,-83,50.3,8.9,111,10.0,5,11.0,0,1007.6,35.065170755928136,9.477797016640675,76,,
2018,3,12,7,0,13.9,-72,15.1,8.3,108,16.0,257,54.26802749737475,0,1007.9,34.33004137703978,9.614816331502723,65,,
2018,3,12,8,0,14.7,-59,3.1,7.7,126,21.0,440,113.94527017402442,0,1008.2,36.582633488927286,11.170599383107806,55,,
2018,3,12,9,0,15.1,-43,27.8,7.3,348,108.0,168,287.07881078975333,0,1008.3,38.26826722760256,11.823003494123116,46,,
2018,3,12,10,0,15.2,-23,57.2,7.1,346,88.0,1,365.2822620511479,0,1008.4,38.63036420333577,12.093745411519604,40,,
2018,3,12,11,0,15.2,0,44.5,6.9,418,49.0,54,347.145394119465,0,1008.5,38.92983896237206,11.852141640883431,38,,
2018,3,12,12,0,15.1,24,13.4,6.8,266,110.0,440,458.7090553054094,0,1008.7,39.50415741151727,12.163390570416423,40,,
2018,3,12,13,0,15,44,23.4,6.7,319,141.0,244,474.09452893233527,0,1008.9,37.6701900703257,11.77766255062696,46,,
2018,3,12,14,0,14.8,60,27.2,6.7,331,109.0,86,388.2885502806546,0,1009.2,38.62044481752076,11.932082384866996,55,,
2018,3,12,15,0,14.5,72,14.8,6.8,184,118.0,149,318.2630748888053,0,1009.6,40.87004747761671,12.493472860410256,65,,
2018,3,12,16,0,14,83,30,6.9,94,43.0,59,157.42903353884972,0,1010.2,44.660257724709766,12.227845170377291,76,,
2018,3,12,17,0,13.5,93,14.9,7.1,26,22.0,0,63.21118824517747,0,1010.8,48.18723972793049,11.699514980737128,88,,
2018,3,12,18,0,12.9,103,0.6,7,0,3.0,0,4.415028876877037,0,1011.3,49.26523460030921,10.742350212945595,99,,
2018,3,12,19,0,12.2,114,31.6,6.8,0,0.0,0,0.0,0,1011.8,53.85655488391416,9.312223100705872,110,,
2018,3,12,20,0,11.6,127,50.8,6.7,0,0.0,0,0.0,0,1012.3,53.45371553004043,8.766106621197835,119,,
2018,3,12,21,0,11.3,142,51.3,6.9,0,0.0,0,0.0,0,1012.6,52.95727639471443,8.46615179611805,127,,
2018,3,12,22,0,11.4,160,18.4,7.4,0,0.0,0,0.0,0,1012.7,51.674168717561486,8.699781275471636,133,,
2018,3,12,23,0,11.5,-180,0,8,0,0.0,0,0.0,0,1012.8,50.32001566775864,9.169913337224168,135,,
2018,3,13,0,0,11.5,-159,0,8.1,0,0.0,0,0.0,0,1013,47.0461571581842,8.959348625860123,133,,
2018,3,13,1,0,11.4,-141,0,8,0,0.0,0,0.0,0,1013.1,47.24143476632452,8.907452699534062,127,,
2018,3,13,2,0,11.3,-126,0,7.9,0,0.0,0,0.0,0,1013.2,47.67637363187964,7.800839580075211,119,,
2018,3,13,3,0,11.2,-114,0,7.8,0,0.0,0,0.0,0,1013.5,46.54754121842655,6.935663362479287,109,,
2018,3,13,4,0,11.1,-103,0,7.7,0,0.0,1,0.0,0,1013.9,47.714631331444025,7.089554260060523,99,,
2018,3,13,5,0,11,-93,0,7.6,20,0.0,34,0.0,0,1014.3,43.3715314903946,6.967712346472782,87,,
2018,3,13,6,0,11.7,-83,0,7.4,45,43.0,164,19.000000000000004,0,1014.5,40.54253976832888,6.688198324980959,76,,
2018,3,13,7,0,12.9,-72,0,7,61,74.0,346,101.22799461051444,0,1014.7,33.34416308765168,6.763240389564434,65,,
2018,3,13,8,0,14.2,-59,0,6.6,71,96.0,517,205.40885337758172,0,1014.8,37.79308078992312,7.849163391094238,55,,
2018,3,13,9,0,14.9,-43,0,6.6,76,159.0,654,343.0431749062974,0,1014.6,41.340280352940624,9.693111843105369,46,,
2018,3,13,10,0,15.3,-23,0,6.7,77,323.0,742,507.3827300395596,0,1014.1,42.95370435347365,10.346308164240648,40,,
2018,3,13,11,0,15.6,1,0,6.9,75,525.0,774,675.2391237273566,0,1013.7,42.58118364804784,10.84794111911476,38,,
2018,3,13,12,0,15.8,24,0,7.2,71,612.0,745,750.9235425297128,0,1013.3,43.00121300016127,11.403856339841642,40,,
2018,3,13,13,0,15.8,44,0,7.4,69,632.0,654,746.2338862715479,0,1012.8,40.7960600326611,10.851590452439714,47,,
2018,3,13,14,0,15.9,59,0,7.7,68,664.0,510,699.0760410704288,0,1012.4,41.168140831318,10.5808824976706,55,,
2018,3,13,15,0,15.5,72,0,7.9,63,611.0,331,566.7838586187713,0,1012.2,44.15392513010767,10.89608761738078,66,,
2018,3,13,16,0,14.8,83,0,8.1,48,507.0,148,385.1258313728645,0,1012.1,46.91807434637883,10.56314699459929,77,,
2018,3,13,17,0,14.1,93,0,8.2,15,289.0,30,168.23188699079088,0,1012,50.31716543669074,10.05410656143658,88,,
2018,3,13,18,0,13.1,103,0,8.2,0,40.0,0,12.32331562982461,0,1011.9,51.96250934418828,9.376507402667224,99,,
2018,3,13,19,0,11.8,114,0,8.1,0,0.0,0,0.0,0,1011.6,51.314581352184405,8.615408792505198,110,,
2018,3,13,20,0,10.6,126,0,8,0,0.0,0,0.0,0,1011.4,53.004670042705015,7.806415190983744,120,,
2018,3,13,21,0,10.1,142,0.6,7.8,0,0.0,0,0.0,0,1010.9,52.3674197713728,8.037186658633685,128,,
2018,3,13,22,0,10,160,33.5,7.7,0,0.0,0,0.0,0,1010.1,54.92299961038663,8.104504697527792,133,,
2018,3,13,23,0,10.1,-180,50.8,7.6,0,0.0,0,0.0,0,1009.3,60.87073391146032,7.970479096954486,135,,
2018,3,14,0,0,10.3,-159,18.8,7.8,0,0.0,0,0.0,0,1008.5,57.27279609965643,7.019316422152913,133,,
2018,3,14,1,0,10.6,-141,33.7,8.1,0,0.0,0,0.0,0,1007.7,55.00729203145062,8.330984608743709,128,,
2018,3,14,2,0,10.9,-126,52.1,8.5,0,0.0,0,0.0,0,1006.9,60.8099332182004,8.083985503095947,119,,
2018,3,14,3,0,11.2,-113,52,8.8,0,0.0,0,0.0,0,1006.3,63.07726453092903,7.730416693374825,110,,
2018,3,14,4,0,11.6,-102,51.5,9.1,0,0.0,0,0.0,0,1005.9,60.01262724625093,8.128102869152547,99,,
2018,3,14,5,0,11.9,-92,57.3,9.4,19,0.0,0,0.0,0,1005.5,65.63301234182569,8.483210474959547,88,,
2018,3,14,6,0,12.9,-82,61.9,9.7,75,18.0,0,14.000000000000002,0,1004.9,62.28345929353452,8.56255034271811,76,,
2018,3,14,7,0,14.3,-71,74.5,10,93,20.0,0,59.69373322198144,0,1004.1,64.37373390089175,8.589815862245207,65,,
2018,3,14,8,0,15.8,-59,73.1,10.3,160,16.0,0,104.17788993045424,0,1003.3,67.56264221958804,8.855438555450183,55,,
2018,3,14,9,0,16.6,-43,58.8,10.4,298,61.0,0,242.1039618578011,0,1002.5,71.47643635594471,8.136621178872062,46,,
2018,3,14,10,0,16.8,-23,58.9,10.5,325,585.0,0,611.7914734979106,0,1001.6,65.94126829067432,7.2606277179737555,40,,
2018,3,14,11,0,17.1,1,72.7,10.5,222,772.0,0,776.4685663675194,0,1000.7,57.76484117572892,7.072540775099278,38,,
2018,3,14,12,0,16.6,24,88.6,10.9,90,715.0,0,790.751316549337,0,1000,54.24384297381408,6.601784322047834,41,,
2018,3,14,13,0,15.7,43,91,11.7,60,749.0,0,795.6546945676006,0,999.5,47.86712601851832,8.26585321886527,47,,
2018,3,14,14,0,14.7,59,91.6,12.6,46,727.0,0,721.852047320238,0,999,48.01602108279684,9.003222948075805,56,,
2018,3,14,15,0,14.1,72,88.3,12.8,38,690.0000000000001,0,595.4571199726399,0,999,47.87495696923037,9.44458116045962,66,,
2018,3,14,16,0,13.7,83,65.5,12.6,46,556.0,0,397.49303586629327,0,999.6,49.49459449712128,9.272174729946586,77,,
2018,3,14,17,0,13.3,93,19.6,12.3,17,211.0,0,139.96831136374905,0,1000.1,47.6766916926922,9.197243752638853,88,,
2018,3,14,18,0,12.7,103,0,11.2,0,13.0,0,6.661384136846065,0,1000.9,48.97035990251664,9.623936414784849,99,,
2018,3,14,19,0,11.9,113,0,9.6,0,0.0,0,0.0,0,1001.9,50.63927471406953,8.293920148844776,110,,
2018,3,14,20,0,11.1,126,0,7.9,0,0.0,0,0.0,0,1002.9,51.23126028067247,7.801305291955273,120,,
2018,3,14,21,0,10.6,141,0,7.3,0,0.0,0,0.0,0,1003.6,45.650417730258255,6.995559816843216,128,,
2018,3,14,22,0,10.5,160,0,7.4,0,0.0,0,0.0,0,1004.2,40.538402327964434,7.092560420513458,134,,
2018,3,14,23,0,10.3,-179,0,7.7,0,0.0,0,0.0,0,1004.8,39.60317415829133,6.973020763112192,136,,
2018,3,15,0,0,10.1,-159,0,7.5,0,0.0,0,0.0,0,1005.4,34.9248350978163,6.8909332353501656,133,,
2018,3,15,1,0,9.8,-140,0,7.1,0,0.0,0,0.0,0,1006,29.07210575762042,6.132783639439022,128,,
2018,3,15,2,0,9.6,-125,0,6.6,0,0.0,0,0.0,0,1006.7,29.742451502006645,7.140627591823383,120,,
2018,3,15,3,0,9.4,-113,0,6.2,0,0.0,0,0.0,0,1007.4,31.92677281903377,7.5259402737942835,110,,
2018,3,15,4,0,9.3,-102,0,5.8,0,0.0,1,0.0,0,1008.3,27.102965179994044,7.501203142460628,99,,
2018,3,15,5,0,9.2,-92,0,5.4,20,0.0,30,0.0,0,1009.1,31.112777276051474,8.065192065172086,88,,
2018,3,15,6,0,9.9,-82,0,4.9,47,2.0,158,5.0,0,1009.6,30.35888919478492,8.245664284499117,77,,
2018,3,15,7,0,11.1,-71,0,4.4,62,7.0,344,36.91814505455563,0,1010,29.0740723478919,7.537140786134421,66,,
2018,3,15,8,0,12.5,-58,0,3.8,69,124.0,521,202.68682045125092,0,1010.3,27.18542258564935,7.956304525411779,55,,
2018,3,15,9,0,13.3,-42,0,3.5,72,445.0,662,439.9930861719628,0,1010.3,27.68201358172172,7.678989790057322,47,,
2018,3,15,10,0,13.8,-22,0,3.4,73,573.0000000000001,750,595.0494859884723,0,1010.1,37.61983342502231,7.789534421530687,41,,
2018,3,15,11,0,14.3,1,0,3.3,73,703.0000000000001,780,733.3358162338054,0,1010,35.38018175322685,7.309892564498085,39,,
2018,3,15,12,0,14.6,24,0,3.4,72,707.0,747,773.5711718094856,0,1009.9,36.27672564670672,7.786940738104416,41,,
2018,3,15,13,0,14.8,43,0,3.6,70,687.0,653,751.3203948014377,0,1009.8,34.86168254530276,8.537274734546807,47,,
2018,3,15,14,0,14.9,59,0,3.8,66,633.0,510,663.5325258439082,0,1009.7,51.144928021782334,7.842744135858297,56,,
2018,3,15,15,0,14.5,72,0,4.2,58,630.0,333,557.6905147110739,0,1009.8,58.69759261240847,7.905653437245806,66,,
2018,3,15,16,0,13.8,82,0,4.6,42,527.0,149,378.650536254445,0,1010,56.30993247402023,7.51743356749572,77,,
2018,3,15,17,0,12.9,92,0,5.1,13,317.0,30,166.9467358186246,0,1010.2,60.075892389026535,7.938140723132766,89,,
2018,3,15,18,0,11.9,102,0,5.4,0,40.0,0,10.89974824008647,0,1010.4,68.92402683255091,7.598386381315824,100,,
2018,3,15,19,0,10.7,113,0,5.6,0,0.0,0,0.0,0,1010.5,64.6870674106815,7.005107463880952,111,,
2018,3,15,20,0,9.5,126,0,5.7,0,0.0,0,0.0,0,1010.7,76.1543951433415,6.655792310139422,120,,
2018,3,15,21,0,9.2,141,0,5.8,0,0.0,0,0.0,0,1010.5,85.19907429086925,6.5429755139671775,129,,
2018,3,15,22,0,9.6,160,0,5.7,0,0.0,0,0.0,0,1010.1,87.32069678464529,6.737345560317297,134,,
2018,3,15,23,0,10.1,-179,0,5.7,0,0.0,0,0.0,0,1009.7,87.74392168475833,6.735201154337262,136,,
2018,3,16,0,0,10.3,-158,0.6,5.6,0,0.0,0,0.0,0,1009.4,89.05557081633151,6.828320192737643,134,,
2018,3,16,1,0,10.1,-140,33.6,5.4,0,0.0,0,0.0,0,1009.3,86.46092160666052,6.885690098371943,128,,
2018,3,16,2,0,9.9,-125,51.5,5.2,0,0.0,0,0.0,0,1009.1,95.32997665937688,6.297247352665873,120,,
2018,3,16,3,0,9.8,-112,26.3,5.3,0,0.0,0,0.0,0,1009.1,130.96380007669086,5.148096892416877,110,,
2018,3,16,4,0,9.8,-102,9.6,5.5,1,0.0,0,0.0,0,1009.2,161.72644325306305,6.139444378446565,99,,
2018,3,16,5,0,9.8,-92,12.7,5.7,30,0.0,9,0.0,0,1009.3,175.00619926318768,7.151903610812325,88,,
2018,3,16,6,0,11.1,-82,30.9,6.3,119,192.0,5,18.00000000000001,0,1009.2,174.2592813602064,8.54750668564206,77,,
2018,3,16,7,0,13.2,-71,40.1,7.2,234,440.0,0,143.1647247301218,0,1009.1,181.2869548043214,9.23963539570473,66,,
2018,3,16,8,0,15.4,-58,44.3,8.1,315,382.0,0,278.8977911609357,0,1009,192.97126928465048,8.442479705695787,56,,
2018,3,16,9,0,16.4,-42,57.5,8.5,296,274.0,0,365.2244721486314,0,1008.7,219.48178715749967,8.103682304133699,47,,
2018,3,16,10,0,16.6,-22,55.5,8.6,355,50.0,1,300.2284790129568,0,1008.1,217.8076322633665,8.47027504129295,41,,
2018,3,16,11,0,16.7,1,40,8.7,464,23.0,29,264.6051910525824,0,1007.6,205.5829430857164,7.879694137555318,39,,
2018,3,16,12,0,16.7,24,42.1,8.8,440,12.0,16,215.26059647037084,0,1006.9,217.73680612393585,7.564733065215284,41,,
2018,3,16,13,0,16.6,43,54.7,9,315,11.0,0,197.47447285123425,0,1006.3,223.9664368148148,8.919697403928506,48,,
2018,3,16,14,0,16.5,59,54.3,9.2,246,20.0,0,216.362226862219,0,1005.6,233.9926895359487,9.431928240414916,56,,
2018,3,16,15,0,16.3,71,45.7,9.4,194,29.0,0,194.9334501361737,0,1005.2,237.933198385928,8.956599049178662,67,,
2018,3,16,16,0,15.9,82,62.8,9.6,78,23.0,0,119.99584436888657,0,1004.9,237.9750875948412,8.731344860929642,78,,
2018,3,16,17,0,15.4,92,51.8,9.8,9,26.0,0,60.97816584200322,0,1004.7,231.38437922663607,7.66307816712253,89,,
2018,3,16,18,0,15.1,102,43.5,10.1,0,3.0,0,3.351512659181385,0,1004.5,229.6151325049919,7.732466128830428,100,,
2018,3,16,19,0,14.9,113,37.3,10.4,0,0.0,0,0.0,0,1004.3,226.8948001057706,7.163372942603606,111,,
2018,3,16,20,0,14.7,126,44.8,10.7,0,0.0,0,0.0,0,1004.2,223.21104604338527,6.458950156832648,121,,
2018,3,16,21,0,14.6,141,52.2,10.8,0,0.0,0,0.0,0,1003.8,224.33742928989847,6.717963602929351,129,,
2018,3,16,22,0,14.8,160,62.9,10.7,0,0.0,0,0.0,0,1003.3,217.64037610127136,7.425720222619696,134,,
2018,3,16,23,0,14.9,-179,68.9,10.7,0,0.0,0,0.0,0,1002.8,220.06192045780736,7.496640605370948,136,,
2018,3,17,0,0,15.1,-158,69.5,10.9,0,0.0,0,0.0,0,1002.2,225.7256484473596,7.674346809208055,134,,
2018,3,17,1,0,15.1,-140,80.8,11.2,0,0.0,0,0.0,0,1001.6,244.0213240437587,7.75611187675871,128,,
2018,3,17,2,0,15.2,-125,87,11.6,0,0.0,0,0.0,0,1001,243.59355742406763,7.257203896816141,120,,
2018,3,17,3,0,15.3,-112,89.6,12,0,0.0,0,0.0,0,1000.5,250.93106929697385,8.072871881586362,110,,
2018,3,17,4,0,15.3,-101,90.9,12.5,0,0.0,0,0.0,0,1000.1,263.8327972347526,7.840296634808698,99,,
2018,3,17,5,0,15.3,-91,86.2,13,5,0.0,0,0.0,0,999.7,278.1313429790505,7.972732539842239,88,,
2018,3,17,6,0,15.4,-81,87.8,13.5,16,117.0,0,18.000000000000007,0,999.2,291.0561784644461,7.800906776789795,77,,
2018,3,17,7,0,15.6,-70,92.9,14,22,400.0,0,145.65494321283848,0,998.7,293.5386358813068,7.599910391887887,66,,
2018,3,17,8,0,15.9,-58,92.8,14.5,37,577.0,0,337.5503515966114,0,998.1,302.5227474949933,6.700722661829104,56,,
2018,3,17,9,0,16.2,-42,79.3,14.8,137,688.0,0,527.9968304732248,0,997.4,305.9868966586819,5.335692214354787,47,,
2018,3,17,10,0,16.5,-22,82.9,14.9,121,748.0,0,678.3250488951026,0,996.5,312.623173355659,6.006771046984602,41,,
2018,3,17,11,0,16.9,1,93.7,15.1,47,751.0,0,771.1854710922927,0,995.6,316.1150267484832,7.638234117410703,39,,
2018,3,17,12,0,17.1,24,92.3,15,56,731.0,0,802.0279075299622,0,994.7,298.37383047254235,6.586143481380923,42,,
2018,3,17,13,0,17.4,43,90.1,14.9,63,697.0000000000001,0,772.8485839336026,0,993.7,280.4805998424059,7.118765529384538,48,,
2018,3,17,14,0,17.6,58,82.2,14.8,84,393.0,0,558.3581638642178,0,992.8,273.531161151529,9.580689430759264,57,,
2018,3,17,15,0,17.8,71,65,14.6,105,93.0,0,276.0490251624027,0,992.2,261.5382890405114,9.73586334068034,67,,
2018,3,17,16,0,18,82,50.8,14.5,67,17.0,0,101.039573643761,0,991.8,242.83441936970416,9.073387869910528,78,,
2018,3,17,17,0,18.2,92,61.6,14.3,16,8.0,0,36.4123284998365,0,991.5,223.69158710276704,9.601616116677446,89,,
2018,3,17,18,0,18.2,102,69.4,14.3,0,0.0,0,1.0,0,991.4,218.3033004311685,11.612178648782043,100,,
2018,3,17,19,0,17.9,113,76.5,14.5,0,0.0,0,0.0,0,991.5,224.51052841298355,15.09545070038846,111,,
2018,3,17,20,0,17.6,125,80.7,14.6,0,0.0,0,0.0,0,991.7,221.88287253493144,14.78791237140857,121,,
2018,3,17,21,0,17.4,141,80.4,14.7,0,0.0,0,0.0,0,991.6,237.0917287888696,14.600022807821984,129,,
2018,3,17,22,0,17.2,160,29,14.7,0,0.0,0,0.0,0,991.2,259.4863073440141,16.234965852443636,135,,
2018,3,17,23,0,17.1,-179,0,14.7,0,0.0,0,0.0,0,990.9,294.45032604959783,11.08383720401073,137,,
2018,3,18,0,0,16.9,-158,0.6,14.7,0,0.0,0,0.0,0,990.6,305.2086950184824,9.292528518056226,135,,
2018,3,18,1,0,16.7,-140,33.6,14.8,0,0.0,0,0.0,0,990.3,306.17673566036905,10.98239548212062,129,,
2018,3,18,2,0,16.5,-124,52,14.8,0,0.0,0,0.0,0,990.1,305.4415231059447,11.347471338758224,120,,
2018,3,18,3,0,16.4,-112,51.4,14.9,0,0.0,0,0.0,0,990.1,302.51328890635955,14.14438487485226,110,,
2018,3,18,4,0,16.3,-101,51.3,15,0,0.0,0,0.0,0,990.5,294.4461255191088,13.332718751819838,100,,
2018,3,18,5,0,16.3,-91,56.9,15.1,15,0.0,0,0.0,0,990.8,305.98509175778787,16.053476673140878,88,,
2018,3,18,6,0,16.5,-81,74.6,15.5,36,2.0,0,4.0,0,991.2,301.445098694997,15.325672807050704,77,,
2018,3,18,7,0,17,-70,76.7,16.1,90,13.0,0,49.56824714935857,0,991.5,306.988562915157,15.536556759159229,66,,
2018,3,18,8,0,17.5,-57,69.9,16.8,164,13.0,0,97.02132296808932,0,991.8,350.2357088587175,14.903641450507932,56,,
2018,3,18,9,0,17.7,-41,82.2,16.8,114,115.0,0,294.070129395064,0,992.1,341.8352154981717,12.934909399936975,48,,
2018,3,18,10,0,17.6,-22,80.1,16.5,154,501.0,0,579.075168871773,0,992.3,351.86899504754547,15.341972918262258,42,,
2018,3,18,11,0,17.4,1,65.6,16.2,271,140.0,0,445.9482748639667,0,992.5,351.8722518701077,19.3266991834906,40,,
2018,3,18,12,0,17.3,23,74.7,15.9,194,85.0,0,400.87249947463954,0,992.8,353.6807849608899,19.146606332853,42,,
2018,3,18,13,0,17.2,43,79.4,15.6,135,157.0,0,461.5396842150467,0,993,359.7876069394343,16.860223264451882,48,,
2018,3,18,14,0,17.1,58,53,15.3,234,19.0,0,204.4635237773035,0,993.3,5.740079991457094,14.821877718142462,57,,
2018,3,18,15,0,16.9,71,49,15,186,313.0,0,415.43764960076845,0,993.8,7.196603496412649,13.330110542900714,67,,
2018,3,18,16,0,16.6,82,51.7,14.9,76,443.0,0,345.19906486263824,0,994.4,359.2393497653045,14.12380322306644,78,,
2018,3,18,17,0,16.4,92,18.1,14.7,17,224.0,0,135.3494712971312,0,995,350.59347934715726,14.423930880232856,90,,
2018,3,18,18,0,15.9,102,0,14.5,0,6.0,0,3.638912378762889,0,995.5,345.97638568132106,13.969069408972212,101,,
2018,3,18,19,0,15.4,113,0,14.3,0,0.0,0,0.0,0,996,343.2236684827643,15.625233568353144,112,,
2018,3,18,20,0,14.8,125,0,14,0,0.0,0,0.0,0,996.5,337.0867685767692,16.14951307408613,121,,
2018,3,18,21,0,14.6,141,0,13.9,0,0.0,0,0.0,0,996.5,338.5954192547371,17.22859743343417,130,,
2018,3,18,22,0,14.7,160,0,13.9,0,0.0,0,0.0,0,996.2,336.2122975305135,16.983057437737493,135,,
2018,3,18,23,0,14.8,-179,0,13.9,0,0.0,0,0.0,0,995.9,333.409469249262,17.67738563295598,137,,
2018,3,19,0,0,15,-158,0.4,13.9,0,0.0,0,0.0,0,995.5,331.5612820885024,18.50003325614002,135,,
2018,3,19,1,0,15.3,-139,21.8,14,0,0.0,0,0.0,0,995,327.6059188143297,19.56170692298757,129,,
2018,3,19,2,0,15.6,-124,41,14.2,0,0.0,0,0.0,0,994.5,328.8570845893965,19.73708820191263,121,,
2018,3,19,3,0,15.9,-111,44.3,14.3,0,0.0,0,0.0,0,994.2,330.3474263899668,18.908901797873256,111,,
2018,3,19,4,0,16.3,-101,16.7,14.3,0,0.0,0,0.0,0,994,333.4723784210395,18.886043799252587,100,,
2018,3,19,5,0,16.7,-91,45.4,14.4,10,0.0,0,0.0,0,993.8,336.0516920277317,19.129484252423275,89,,
2018,3,19,6,0,17.2,-80,69.6,14.8,50,22.0,0,12.000000000000002,0,993.6,334.84764392240214,18.228402677239423,77,,
2018,3,19,7,0,17.7,-70,88.7,15.3,33,54.0,0,80.3254626057554,0,993.5,329.6130096144212,17.461165697624907,67,,
2018,3,19,8,0,18.2,-57,93.8,15.9,40,32.0,0,132.78391083926172,0,993.3,333.3832182551623,17.29284838368947,56,,
2018,3,19,9,0,18.5,-41,95.8,16.3,33,45.0,0,218.38274972005615,0,993,337.3010219673478,18.60618134871309,48,,
2018,3,19,10,0,18.6,-21,93.1,16.4,56,52.0,0,297.87876196019346,0,992.8,339.6861522100236,17.311814762835482,42,,
2018,3,19,11,0,18.6,1,95.7,16.5,41,23.0,0,258.32641509873685,0,992.5,357.9681131789713,18.756910601902405,40,,
2018,3,19,12,0,18.3,23,99,16.3,21,16.0,0,234.14231860323704,0,992.6,8.581585244070084,15.379704701511786,43,,
2018,3,19,13,0,17.8,43,97.9,15.8,20,8.0,0,173.0546853618945,0,993,8.967637252843872,14.86678206612114,49,,
2018,3,19,14,0,17.3,58,85.9,15.2,65,5.0,0,121.51897006557604,0,993.4,19.54250993230886,14.962005409791988,57,,
2018,3,19,15,0,16.7,71,62.5,14.1,112,8.0,0,115.82709448582312,0,994.1,18.733990846171537,14.096955683364614,68,,
2018,3,19,16,0,16.2,81,27.2,12.7,82,26.0,9,120.0246939741932,0,994.9,18.309800155439632,14.809855561067218,79,,
2018,3,19,17,0,15.6,91,4.6,11.2,21,41.0,5,66.9244812832721,0,995.8,20.913580896844,14.497582819903226,90,,
2018,3,19,18,0,15,101,0,10.1,0,4.0,0,3.404518917226352,0,996.7,18.98489790777643,13.094872369664976,101,,
2018,3,19,19,0,14.2,112,0,9.1,0,0.0,0,0.0,0,997.6,21.12640895315519,12.811011199981117,112,,
2018,3,19,20,0,13.5,125,0,8.2,0,0.0,0,0.0,0,998.5,17.673815617091236,12.326944971600184,122,,
2018,3,19,21,0,13.3,141,0,7.9,0,0.0,0,0.0,0,999,19.757468582266085,12.129052625377945,130,,
2018,3,19,22,0,13.5,160,0,8,0,0.0,0,0.0,0,999.2,24.224168414931853,12.125283277289634,136,,
2018,3,19,23,0,13.7,-179,0,8.1,0,0.0,0,0.0,0,999.4,27.707601607436004,12.22699714107469,138,,
2018,3,20,0,0,13.7,-157,0,8.2,0,0.0,0,0.0,0,999.7,22.040092900536138,11.818776647980505,135,,
2018,3,20,1,0,13.5,-139,0,8.4,0,0.0,0,0.0,0,999.9,24.20936606882765,10.827220543192665,129,,
2018,3,20,2,0,13.3,-124,0,8.6,0,0.0,0,0.0,0,1000.1,24.19129031441952,10.987342802535464,121,,
2018,3,20,3,0,13.2,-111,0,8.6,0,0.0,0,0.0,0,1000.8,24.05303200613639,11.200055594391443,111,,
2018,3,20,4,0,13,-100,0,8.6,0,0.0,0,0.0,0,1001.8,30.991435760967136,10.487081087518806,100,,
2018,3,20,5,0,12.9,-90,0.6,8.6,22,0.0,9,0.0,0,1002.8,35.47759398894124,10.419580155465429,89,,
2018,3,20,6,0,13.1,-80,0.8,8.5,68,105.0,93,15.000000000000009,0,1003.8,38.1610783594399,9.382753472059134,78,,
2018,3,20,7,0,13.7,-69,25.5,8.4,192,381.0,56,134.30014406380872,0,1004.8,38.55404097299942,9.273976764248593,67,,
2018,3,20,8,0,14.4,-56,14.5,8.4,157,558.0,325,322.6031047912396,0,1005.8,40.66837063354137,8.731192102697673,57,,
2018,3,20,9,0,14.7,-41,11.4,8,243,676.0,364,511.7057285821904,0,1006.6,48.07562164107924,10.772309402591,48,,
2018,3,20,10,0,14.8,-21,26,7.4,402,831.0000000000001,176,667.2165759660099,0,1007.3,54.689822376941606,11.479204246450252,43,,
2018,3,20,11,0,14.9,1,62.6,6.8,254,846.0,48,767.0568306099343,0,1008,60.002996018648616,10.6459837484216,41,,
2018,3,20,12,0,14.8,23,32.8,6.5,151,862.0,362,817.4204836858602,0,1008.6,63.22755987727328,10.467006689076808,43,,
2018,3,20,13,0,14.6,42,50.8,6.4,153,851.0,203,802.1511139459341,0,1009.1,68.49892630776208,9.842396164695932,49,,
2018,3,20,14,0,14.4,58,59.9,6.4,205,819.0000000000001,0,723.434967305748,0,1009.6,74.42643634857961,9.31184054926419,58,,
2018,3,20,15,0,14,70,41.8,6.5,198,756.0,1,585.3237957270876,0,1010.4,78.85759236712693,9.055710824405317,68,,
2018,3,20,16,0,13.5,81,15.4,6.8,89,625.0,31,388.76826225874805,0,1011.3,92.8559733136068,9.23143671540401,79,,
2018,3,20,17,0,12.9,91,1.2,7,14,362.0,17,159.33568708920302,0,1012.2,92.54504709051622,8.95634413893979,90,,
2018,3,20,18,0,12.2,101,0,7,0,21.0,0,5.011176594751657,0,1013.2,97.35882353811246,8.33353198808081,101,,
2018,3,20,19,0,11.4,112,0,6.7,0,0.0,0,0.0,0,1014.2,100.49385592108688,8.565628176455098,112,,
2018,3,20,20,0,10.6,125,0,6.4,0,0.0,0,0.0,0,1015.3,100.59565755974336,9.095017937951331,122,,
2018,3,20,21,0,10.3,140,0,6.5,0,0.0,0,0.0,0,1015.9,102.02985109569909,9.332388630311574,130,,
2018,3,20,22,0,10.2,160,0,6.8,0,0.0,0,0.0,0,1016.1,110.12218750710672,8.80762740964769,136,,
2018,3,20,23,0,10.1,-179,0,7.2,0,0.0,0,0.0,0,1016.4,129.43358328038698,7.891345552083188,138,,
2018,3,21,0,0,9.9,-157,0,7.2,0,0.0,0,0.0,0,1016.6,149.206781720604,7.779061224086104,136,,
2018,3,21,1,0,9.6,-139,0,7,0,0.0,0,0.0,0,1016.8,154.58593056604002,7.957552893220432,130,,
2018,3,21,2,0,9.4,-123,0,6.8,0,0.0,0,0.0,0,1017.1,158.31735037987232,8.748916831411842,121,,
2018,3,21,3,0,9.2,-111,0,6.5,0,0.0,0,0.0,0,1017.5,163.50329237005235,9.605355267127774,111,,
2018,3,21,4,0,9.1,-100,0,6.3,0,0.0,0,0.0,0,1017.9,166.7910318535064,11.09354921078643,100,,
2018,3,21,5,0,9.1,-90,0,6.1,15,0.0,23,0.0,0,1018.4,169.9601582741733,11.90223238085082,89,,
2018,3,21,6,0,10,-80,0,6.2,38,172.0,144,12.00000000000001,0,1018.7,170.5869146679247,11.816582940412092,78,,
2018,3,21,7,0,11.8,-69,0,6.4,54,598.0,323,136.879100948849,0,1018.9,172.61630951694465,12.120279359151333,67,,
2018,3,21,8,0,13.6,-56,0,6.7,63,751.0,493,336.21782282732534,0,1019.1,172.40767106468195,11.18299962743066,57,,
2018,3,21,9,0,14.6,-40,0,6.7,70,828.0000000000001,626,525.279211235274,0,1019.1,178.17880056259082,11.64601947292185,49,,
2018,3,21,10,0,15.1,-21,0,6.5,74,821.0000000000001,709,670.9135739723984,0,1018.9,186.0281501926129,12.544463280971597,43,,
2018,3,21,11,0,15.4,1,0,6.3,76,772.0,734,741.6408014500222,0,1018.7,190.4134377430383,13.042457655095216,41,,
2018,3,21,12,0,15.6,23,0,6.3,76,780.0,699,786.1298848479657,0,1018.4,189.19755358595927,13.184650574322514,43,,
2018,3,21,13,0,15.7,42,0,6.4,73,729.0,608,748.9972017303779,0,1018.1,189.66521629331527,13.6691229878814,50,,
2018,3,21,14,0,15.7,58,0,6.5,67,673.0,468,659.1007993215208,0,1017.7,189.6710207102559,13.288952781587616,58,,
2018,3,21,15,0,15.5,70,0,6.8,57,613.0,296,525.6343134442673,0,1017.6,190.6559220265457,13.884452186316691,68,,
2018,3,21,16,0,14.9,81,0,7.2,38,502.0,120,345.8756028927064,0,1017.7,190.92456642544792,14.088074162941798,79,,
2018,3,21,17,0,14.3,91,0,7.6,11,259.0,21,131.5344484407599,0,1017.8,190.2277418336388,13.40316518447128,90,,
2018,3,21,18,0,13.4,101,0,7.8,0,11.0,0,3.994521081460392,0,1017.8,190.55964169035565,12.428249851431303,102,,
2018,3,21,19,0,12.3,112,0,7.9,0,0.0,0,0.0,0,1017.5,193.18620362876533,12.84401828132978,113,,
2018,3,21,20,0,11.2,125,0,8,0,0.0,0,0.0,0,1017.3,194.97099061308307,14.003144330481936,122,,
2018,3,21,21,0,10.9,140,0,8.2,0,0.0,0,0.0,0,1016.9,193.57075145495247,14.78811484886154,131,,
2018,3,21,22,0,11.3,160,0,8.4,0,0.0,0,0.0,0,1016.4,192.15539193398337,14.48515574913709,136,,
2018,3,21,23,0,11.7,-179,0,8.7,0,0.0,0,0.0,0,1015.9,190.75230245509783,14.458935073960175,138,,
2018,3,22,0,0,12.1,-157,0.1,9.1,0,0.0,0,0.0,0,1015.4,190.3093291840293,13.676110606625468,136,,
2018,3,22,1,0,12.6,-138,5.3,9.6,0,0.0,0,0.0,0,1014.8,191.4302584052412,15.617361736613756,130,,
2018,3,22,2,0,13,-123,56,10,0,0.0,0,0.0,0,1014.3,189.4892753764768,14.845719861278477,121,,
2018,3,22,3,0,13.2,-110,82.5,10.5,0,0.0,0,0.0,0,1013.9,188.1354153774421,14.521135253403632,111,,
2018,3,22,4,0,13.1,-100,59.8,10.9,0,0.0,0,0.0,0,1013.7,191.38088860003185,13.493097300025072,100,,
2018,3,22,5,0,13.1,-90,51.5,11.3,15,0.0,0,0.0,0,1013.4,189.7235004546319,13.040113846692911,89,,
2018,3,22,6,0,14,-79,44.5,11.8,97,11.0,0,8.0,0,1013,184.3192033576365,12.347567740499969,78,,
2018,3,22,7,0,15.6,-68,60,12.5,126,54.0,0,69.76122089341837,0,1012.5,187.85264907847548,13.668209785719316,67,,
2018,3,22,8,0,17.3,-56,72,13.2,148,141.0,0,191.58876512165688,0,1012,192.1442145496557,13.630223561260078,57,,
2018,3,22,9,0,18.1,-40,71.4,13.3,192,273.0,0,349.6674479467255,0,1011.3,199.39741238694089,14.399891070526772,49,,
2018,3,22,10,0,18.4,-20,76,13.1,180,208.0,0,409.074355272528,0,1010.6,207.88346371026225,17.538669663343754,43,,
2018,3,22,11,0,18.7,1,67.3,12.8,255,525.0,0,632.1579986038547,0,1009.9,210.17495253076467,17.472613617102848,41,,
2018,3,22,12,0,18.8,23,43.5,12.8,407,419.0,9,611.4697398545729,0,1009.1,210.06242604866733,17.282337501136613,44,,
2018,3,22,13,0,18.8,42,28.8,12.9,395,423.0,66,597.2560278790855,0,1008.3,207.08009665759045,17.781935366879072,50,,
2018,3,22,14,0,18.8,57,44.4,13.1,255,361.0,37,504.77862622183113,0,1007.4,206.11090954212364,17.631971706817367,59,,
2018,3,22,15,0,18.4,70,19.8,13.3,120,294.0,117,377.8915808143996,0,1006.8,205.42399699983275,17.347488174019386,69,,
2018,3,22,16,0,17.6,81,0,13.5,52,298.0,87,266.0967320336077,0,1006.4,205.1055646909302,17.16400532111748,80,,
2018,3,22,17,0,16.9,91,0,13.7,14,192.0,12,110.73048447881968,0,1006.1,203.64472679551565,16.85517907805411,91,,
2018,3,22,18,0,16.4,101,0,13.7,0,6.0,0,2.510334886787962,0,1005.5,202.7519395497833,15.552719355730074,102,,
2018,3,22,19,0,16.2,112,0,13.5,0,0.0,0,0.0,0,1004.8,201.95486272318823,16.14866130140418,113,,
2018,3,22,20,0,16,124,0,13.3,0,0.0,0,0.0,0,1004.1,203.6059891140252,16.438019029958802,123,,
2018,3,22,21,0,16.2,140,0,13.2,0,0.0,0,0.0,0,1003.2,205.11331210128947,16.635003264117,131,,
2018,3,22,22,0,16.7,159,0,13.1,0,0.0,0,0.0,0,1002,207.3108453648921,16.57516620633206,137,,
2018,3,22,23,0,17.3,-178,0,13.1,0,0.0,0,0.0,0,1000.8,207.1944543713301,16.18124281233668,139,,
2018,3,23,0,0,17.7,-157,1,13.1,0,0.0,0,0.0,0,999.8,207.3809481494311,15.856508802167133,136,,
2018,3,23,1,0,17.9,-138,53.5,13.3,0,0.0,0,0.0,0,998.9,204.88900305264403,15.290197183162114,130,,
2018,3,23,2,0,18.2,-123,82.3,13.4,0,0.0,0,0.0,0,998,204.46120968865569,14.894522454083855,122,,
2018,3,23,3,0,18,-110,77.9,13.7,0,0.0,0,0.0,0,997.7,202.49457141579492,14.427806432163726,112,,
2018,3,23,4,0,17.4,-99,28.2,14,0,0.0,0,0.0,0,997.6,200.36891220957023,14.24314920648919,101,,
2018,3,23,5,0,16.8,-89,44.6,14.4,8,0.0,0,0.0,0,997.7,200.2513362671825,14.14177660388883,89,,
2018,3,23,6,0,16.4,-79,73.5,14.6,36,83.0,0,11.000000000000004,0,997.4,199.8299514294644,14.061325541301924,78,,
2018,3,23,7,0,16.3,-68,75.5,14.7,80,387.0,0,118.94588061950634,0,996.8,199.48878131132963,14.230340320930148,67,,
2018,3,23,8,0,16.2,-55,79.3,14.8,102,532.0,0,291.9962422981514,0,996.2,201.5784698351543,13.853493927514169,58,,
2018,3,23,9,0,16.8,-40,78.9,14.9,137,625.0,0,465.63917494901153,0,995.6,204.0499218848229,15.41587797437182,49,,
2018,3,23,10,0,17.8,-20,82.8,15,124,657.0,0,611.4660372278395,0,995.1,207.3389145639774,15.400030002471878,44,,
2018,3,23,11,0,18.9,2,80.8,15.1,145,694.0000000000001,0,712.1164713383466,0,994.6,208.39712051334385,15.00275402615571,42,,
2018,3,23,12,0,18.8,23,70.4,15,212,683.0,0,745.3101253404138,0,994.7,208.21421569532703,14.647836059430269,44,,
2018,3,23,13,0,17.8,42,62.5,14.7,230,704.0,4,740.7032515002005,0,995.2,209.80481621770377,14.561098338275608,50,,
2018,3,23,14,0,16.7,57,21.9,14.3,136,663.0,230,656.6147725591122,0,995.8,210.18097804615417,13.650484561528724,59,,
2018,3,23,15,0,15.6,70,0.9,13.5,77,574.0000000000001,241,508.58498707395,0,996.8,207.9156426177201,13.14175133068088,69,,
2018,3,23,16,0,14.6,80,2.1,12.3,50,377.0,83,297.37064906215727,0,998.2,207.47978981251865,12.878029904272465,80,,
2018,3,23,17,0,13.6,90,0.9,11.1,13,83.0,11,76.34417611500484,0,999.7,207.03406103185307,12.711402331236712,91,,
2018,3,23,18,0,12.8,100,0,9.9,0,2.0,0,1.1594178943808644,0,1000.9,203.43039227318425,12.083784953534726,102,,
2018,3,23,19,0,12.3,111,0,8.7,0,0.0,0,0.0,0,1001.9,199.8971106198728,12.979910081704777,113,,
2018,3,23,20,0,11.8,124,0,7.6,0,0.0,0,0.0,0,1002.9,196.6309802594545,13.11095811744281,123,,
2018,3,23,21,0,11.5,140,0,7.2,0,0.0,0,0.0,0,1003.6,196.7551733030569,13.511109628702558,132,,
2018,3,23,22,0,11.4,159,0,7.2,0,0.0,0,0.0,0,1004.2,195.8498084462575,13.950299266284995,137,,
2018,3,23,23,0,11.3,-178,0,7.4,0,0.0,0,0.0,0,1004.8,197.06513153520984,13.622223151129845,139,,
2018,3,24,0,0,11.1,-156,0,7.2,0,0.0,0,0.0,0,1005.3,196.6519299971868,13.592485645294328,137,,
2018,3,24,1,0,10.8,-137,0,6.7,0,0.0,0,0.0,0,1005.8,198.802642798897,13.69056629864042,131,,
2018,3,24,2,0,10.5,-122,0,6.3,0,0.0,0,0.0,0,1006.3,200.71158675481544,12.957268536487728,122,,
2018,3,24,3,0,10.3,-110,0,5.9,0,0.0,0,0.0,0,1006.8,194.99055464705063,12.158903141322078,112,,
2018,3,24,4,0,10,-99,0,5.5,0,0.0,0,0.0,0,1007.3,191.36385563644805,10.276662400154352,101,,
2018,3,24,5,0,9.9,-89,0.7,5.2,14,0.0,18,0.0,0,1007.9,202.2284950450016,8.39936587148324,90,,
2018,3,24,6,0,10.3,-79,1,4.9,40,1.0,131,2.0,0,1008.3,213.59883860142804,7.824857901846015,78,,
2018,3,24,7,0,11.1,-68,29.8,4.6,165,6.0,73,29.598535956252757,0,1008.5,215.18099707574984,6.925127496647403,68,,
2018,3,24,8,0,12,-55,21.3,4.4,183,5.0,262,53.4386532580217,0,1008.7,203.6355787749691,8.137452757679212,58,,
2018,3,24,9,0,12.8,-39,2.7,4.4,104,10.0,564,114.56446837275152,0,1008.7,213.4605958767443,7.98004115261973,50,,
2018,3,24,10,0,13.3,-20,1,4.7,76,8.0,687,145.74703952726634,0,1008.5,232.0925702014615,6.843944342131348,44,,
2018,3,24,11,0,13.8,2,49.1,5.1,141,15.0,263,213.3354616797929,0,1008.3,257.90803209065297,7.0055321095080405,42,,
2018,3,24,12,0,14.1,23,27.5,5.2,105,134.0,438,444.734410632626,0,1008.2,282.00013561541505,8.032965395262027,45,,
2018,3,24,13,0,14.3,42,0,5.2,61,136.0,607,427.75268555583176,0,1008,294.05051422838585,8.809724857762204,51,,
2018,3,24,14,0,14.4,57,0.4,5.2,57,343.0,464,507.96652966656336,0,1007.9,326.67334451887126,9.19174048792424,59,,
2018,3,24,15,0,14.1,69,21.6,5.2,128,512.0,152,485.786975770948,0,1008,335.4326474202842,8.021309846289496,69,,
2018,3,24,16,0,13.7,80,24.4,5.3,91,417.0,11,312.7912906585641,0,1008.3,350.27987026701345,6.663283634621445,80,,
2018,3,24,17,0,13.2,90,7,5.4,17,216.0,4,115.97269586126376,0,1008.6,357.6376117191921,4.5487878714942855,91,,
2018,3,24,18,0,12.6,100,0,5.5,0,5.0,0,2.3718766821495665,0,1008.8,3.033822384166569,3.6349773560544114,103,,
2018,3,24,19,0,11.9,111,0,5.7,0,0.0,0,0.0,0,1008.9,33.86553383996454,4.311541250328171,114,,
2018,3,24,20,0,11.2,124,0,5.8,0,0.0,0,0.0,0,1009.1,45.023110590676765,4.27992986944711,124,,
2018,3,24,21,0,10.9,140,0,6,0,0.0,0,0.0,0,1008.9,67.8831191913111,3.7052584590672457,132,,
2018,3,24,22,0,10.8,159,0,6.2,0,0.0,0,0.0,0,1008.6,49.19014918987017,2.2988902094129777,138,,
2018,3,24,23,0,10.8,-178,0,6.4,0,0.0,0,0.0,0,1008.2,39.08759463825123,2.058035584843705,139,,
2018,3,25,0,0,10.9,-156,0,6.5,0,0.0,0,0.0,0,1008,68.24782806190876,2.637772424468241,137,,
2018,3,25,1,0,11.1,-137,0,6.6,0,0.0,0,0.0,0,1007.8,115.59838964642148,1.7991552728477995,131,,
2018,3,25,2,0,11.4,-122,0,6.6,0,0.0,0,0.0,0,1007.7,160.4642983550434,2.676540517633228,122,,
2018,3,25,3,0,11.5,-109,0,6.7,0,0.0,0,0.0,0,1007.6,174.32995588581764,3.466913527554353,112,,
2018,3,25,4,0,11.7,-98,0.3,6.9,0,0.0,0,0.0,0,1007.5,192.0646422934566,7.331865120795659,101,,
2018,3,25,5,0,11.9,-88,14.6,7.1,21,0.0,0,0.0,0,1007.5,214.10665692741725,6.500429322662986,90,,
2018,3,25,6,0,12.4,-78,51,7.4,60,0.0,0,2.0,0,1007.4,191.1646077384949,5.965186378416308,79,,
2018,3,25,7,0,13.3,-67,74.6,7.5,84,2.0,0,16.192598971103997,0,1007.3,211.4560700201267,5.404037844368322,68,,
2018,3,25,8,0,14.2,-55,74.3,7.7,139,22.0,0,110.25039529819476,0,1007.2,236.54535294479967,1.7138836895183558,58,,
2018,3,25,9,0,14.7,-39,71.1,7.7,193,113.0,0,278.1501377560151,0,1006.8,292.9469842126496,4.693961718796501,50,,
2018,3,25,10,0,15,-20,63.2,7.4,279,122.0,0,361.9040018263252,0,1006.2,318.97823000661566,10.348936633180248,44,,
2018,3,25,11,0,15.2,2,65.9,7.2,265,282.0,0,526.108808740516,0,1005.7,333.9578575569366,14.463856895463206,43,,
2018,3,25,12,0,15.2,23,65.9,7.1,252,699.0000000000001,0,753.8879615087662,0,1005.2,359.6067644539322,18.213075439497224,45,,
2018,3,25,13,0,15.1,42,65.1,7.1,226,690.0000000000001,0,734.8071644692336,0,1004.8,346.47304075501586,16.587581407509653,51,,
2018,3,25,14,0,15,57,53.9,7.2,222,607.0,1,631.2346252437167,0,1004.4,337.7630275161313,15.821736252379983,60,,
2018,3,25,15,0,14.7,69,31.4,7.2,178,232.0,31,349.8185434385299,0,1004.3,321.17349431269264,16.735294272269137,70,,
2018,3,25,16,0,14.4,80,22.8,7.2,84,18.0,18,94.7504849451149,0,1004.3,316.3105291529997,17.556930099954354,80,,
2018,3,25,17,0,14.1,90,8.3,7.3,18,1.0,0,11.258307819340596,0,1004.3,336.03224334366456,14.290030574385474,92,,
2018,3,25,18,0,13.7,100,0,7.4,0,0.0,0,1.0,0,1004.2,342.7743610544192,16.073756407604368,103,,
2018,3,25,19,0,13.2,111,0,7.6,0,0.0,0,0.0,0,1003.9,340.3925739716977,16.06172691332761,114,,
2018,3,25,20,0,12.8,124,0,7.9,0,0.0,0,0.0,0,1003.6,345.4094077773426,16.732484578940984,124,,
2018,3,25,21,0,12.6,140,0,8.4,0,0.0,0,0.0,0,1003.3,349.7331840631549,15.33067322566321,132,,
2018,3,25,22,0,12.6,159,0,9.1,0,0.0,0,0.0,0,1002.9,345.4557658621926,14.205471975887058,138,,
2018,3,25,23,0,12.6,-178,0,9.8,0,0.0,0,0.0,0,1002.5,348.9731980042279,14.495151169440309,140,,
2018,3,26,0,0,12.4,-156,0.9,10.1,0,0.0,0,0.0,0,1002.1,349.23770338442654,14.632627016552837,137,,
2018,3,26,1,0,11.9,-137,45.1,10,0,0.0,0,0.0,0,1001.7,339.9735163079496,14.629711013884238,131,,
2018,3,26,2,0,11.4,-121,69.9,10,0,0.0,0,0.0,0,1001.4,345.82366933074644,14.82148161335316,122,,
2018,3,26,3,0,11.1,-109,68.5,9.7,0,0.0,0,0.0,0,1001.2,18.998987171939973,11.803140214441102,112,,
2018,3,26,4,0,10.9,-98,24.6,9.4,0,0.0,0,0.0,0,1001.2,20.762647042978244,12.29871569844559,101,,
2018,3,26,5,0,10.8,-88,7.5,9,19,0.0,2,0.0,0,1001.3,14.421699251441057,13.7922756979216,90,,
2018,3,26,6,0,11,-78,50.5,8.9,49,3.0,1,5.0,0,1001.5,13.591327258216497,15.777015429502216,79,,
2018,3,26,7,0,11.5,-67,47.3,9,190,11.0,4,40.021351623160406,0,1001.9,20.464278694568293,18.12637087800662,68,,
2018,3,26,8,0,12,-54,63.1,9,168,6.0,2,61.68288710923553,0,1002.2,27.81036376779332,18.4172998122806,58,,
2018,3,26,9,0,12.3,-39,63.9,9.1,238,16.0,2,145.1816140552596,0,1002.2,32.64646933781751,17.7077053588895,50,,
2018,3,26,10,0,12.5,-19,34.4,9.3,366,64.0,117,290.4625824525489,0,1001.8,35.09249248741099,18.23777865568895,45,,
2018,3,26,11,0,12.7,2,20.4,9.4,365,145.0,236,421.6738124132587,0,1001.4,37.6687325282457,18.10674030402514,43,,
2018,3,26,12,0,12.7,23,62.2,9.8,184,436.0,96,620.3106573318705,0,1001.1,41.43249251087951,18.663146983734425,45,,
2018,3,26,13,0,12.7,41,82.8,10.5,104,416.0,0,592.1456704360392,0,1000.7,42.35721647960981,17.866543416706023,51,,
2018,3,26,14,0,12.6,56,74.7,11.2,115,236.0,0,432.9207015085096,0,1000.3,43.021395700686014,17.460203273961977,60,,
2018,3,26,15,0,12.2,69,63.6,11.2,101,163.0,0,301.4629562178129,0,1000.3,44.61459796618345,17.34936785741868,70,,
2018,3,26,16,0,11.7,80,52.8,10.6,49,172.0,0,205.13449795876585,0,1000.7,46.40291846109943,16.393874678099476,81,,
2018,3,26,17,0,11.1,90,17.8,9.9,9,38.0,0,51.60819096102387,0,1001,45.875560934787416,14.686610109682372,92,,
2018,3,26,18,0,10.7,100,0,9.3,0,1.0,0,1.06376441434235,0,1001.5,44.79971340076082,11.65490348749774,103,,
2018,3,26,19,0,10.3,111,0,8.7,0,0.0,0,0.0,0,1002,42.719296395720335,9.816984102703348,114,,
2018,3,26,20,0,9.9,123,0,8,0,0.0,0,0.0,0,1002.5,39.59820971026812,8.844449224564272,124,,
2018,3,26,21,0,10,139,0,8,0,0.0,0,0.0,0,1002.9,34.024512534504936,8.421808783955615,133,,
2018,3,26,22,0,10.3,159,0,8.5,0,0.0,0,0.0,0,1003.3,36.45148128787713,8.705603227875008,138,,
2018,3,26,23,0,10.6,-178,0,9,0,0.0,0,0.0,0,1003.6,34.490697479435255,7.840645620319714,140,,
2018,3,27,0,0,10.8,-156,0.8,9.3,0,0.0,0,0.0,0,1004,40.257186404956144,7.0988277125685135,138,,
2018,3,27,1,0,10.9,-136,42.9,9.5,0,0.0,0,0.0,0,1004.4,33.56704131542244,6.180872233334701,131,,
2018,3,27,2,0,10.9,-121,35.2,9.6,0,0.0,0,0.0,0,1004.8,31.634224513300182,6.51575942323919,123,,
2018,3,27,3,0,11.1,-109,51.2,9.9,0,0.0,0,0.0,0,1005.3,32.88946476768615,6.261099024974599,112,,
2018,3,27,4,0,11.3,-98,53,10.1,0,0.0,0,0.0,0,1006,27.78350154898743,7.830192083612811,102,,
2018,3,27,5,0,11.5,-88,36.9,10.4,14,0.0,0,0.0,0,1006.7,35.07358746652375,7.291571497069041,90,,
2018,3,27,6,0,11.7,-78,57.1,10.3,46,13.0,0,6.000000000000001,0,1007.1,35.10363546305126,5.934362486012037,79,,
2018,3,27,7,0,12.1,-67,75.7,10.1,75,90.0,0,76.04675728227683,0,1007.4,34.09713706195936,4.374603996065765,68,,
2018,3,27,8,0,12.5,-54,71,9.8,148,56.0,0,143.50348277497488,0,1007.6,39.19556601737486,2.2549335247696134,59,,
2018,3,27,9,0,12.9,-38,71.6,9.8,177,200.0,0,316.0063392212601,0,1007.9,54.37945076159474,0.8241216954946553,50,,
2018,3,27,10,0,13.3,-19,78,10,156,290.0,0,454.57933573860186,0,1008.4,277.40030926712984,1.0083994967188898,45,,
2018,3,27,11,0,13.8,2,49.8,10.3,347,313.0,26,531.6537616663475,0,1008.8,301.589639824859,2.667766066262512,43,,
2018,3,27,12,0,13.9,23,26.3,10.3,403,274.0,117,533.1599789524911,0,1009.2,304.5334372895266,4.0482873992596415,46,,
2018,3,27,13,0,13.9,41,21.2,10.2,326,56.0,157,315.26864034418713,0,1009.6,298.1629487535746,4.729900196788726,52,,
2018,3,27,14,0,13.8,56,10.7,10,191,19.0,228,187.6178043221093,0,1009.9,287.50432486104364,5.552011953423464,60,,
2018,3,27,15,0,13.5,69,17.7,9.8,142,13.0,113,124.30602905207422,0,1010.4,282.31256592124697,6.553321964394567,70,,
2018,3,27,16,0,13.2,79,10.8,9.7,72,8.0,24,64.35845622406539,0,1010.9,272.3127420084417,5.75957429968452,81,,
2018,3,27,17,0,12.8,89,31.1,9.5,10,9.0,8,27.226478274036158,0,1011.4,263.29995609967267,5.50758441966842,92,,
2018,3,27,18,0,12.5,99,46.8,9.3,0,0.0,0,0.0,0,1012,272.45085263777105,5.149730143837812,104,,
2018,3,27,19,0,12.3,110,16.9,8.9,0,0.0,0,0.0,0,1012.5,246.88369710599483,5.691864042387795,115,,
2018,3,27,20,0,12.1,123,0,8.6,0,0.0,0,0.0,0,1013,234.6053088631691,5.731684872301714,125,,
2018,3,27,21,0,12,139,0,8.6,0,0.0,0,0.0,0,1013.2,246.6203423227882,7.547144195936589,133,,
2018,3,27,22,0,11.9,159,0,8.7,0,0.0,0,0.0,0,1013.2,225.88973915544327,8.871668989712845,139,,
2018,3,27,23,0,11.9,-178,0,8.9,0,0.0,0,0.0,0,1013.1,221.44511949579007,9.691820796171202,141,,
2018,3,28,0,0,11.9,-155,0,8.9,0,0.0,0,0.0,0,1013,227.68972322890323,11.26431551450825,138,,
2018,3,28,1,0,11.9,-136,0,8.8,0,0.0,0,0.0,0,1012.8,229.38174390507268,10.644792860823504,132,,
2018,3,28,2,0,11.8,-121,0,8.7,0,0.0,0,0.0,0,1012.5,227.40143684718944,10.844001349358669,123,,
2018,3,28,3,0,11.8,-108,0,8.6,0,0.0,0,0.0,0,1012.6,228.29945449395555,11.026079170885245,113,,
2018,3,28,4,0,11.7,-97,0,8.5,0,0.0,0,0.0,0,1012.9,233.63395463571183,11.105165719625402,102,,
2018,3,28,5,0,11.6,-87,0.2,8.5,13,0.0,11,0.0,0,1013.2,239.04143514486708,11.089879013387062,90,,
2018,3,28,6,0,12.1,-77,12,8.5,82,17.0,43,6.000000000000001,0,1013.5,258.9633742517449,11.021220167374274,79,,
2018,3,28,7,0,13,-66,27.9,8.7,203,347.0,34,104.83326682116694,0,1013.7,258.9365127417651,11.554583927538916,69,,
2018,3,28,8,0,13.9,-54,39.6,8.8,298,562.0,7,288.54366940277754,0,1014,276.8451084124927,11.182246314556307,59,,
2018,3,28,9,0,14.4,-38,48.3,8.7,328,573.0000000000001,5,443.8071187394887,0,1013.8,305.64892044054204,10.758546254296464,51,,
2018,3,28,10,0,14.6,-19,26.5,8.4,276,349.0,268,474.4580452930769,0,1013.4,330.4290867878052,11.489194198801924,45,,
2018,3,28,11,0,14.7,2,49.9,8.1,229,251.0,150,489.6437109734256,0,1013,338.1103286371195,11.12455123092666,44,,
2018,3,28,12,0,14.7,23,64.9,8,252,181.0,0,463.0703762954412,0,1012.5,344.10736280358816,10.124544277649337,46,,
2018,3,28,13,0,14.8,41,55.6,8,275,158.0,0,425.84880108646223,0,1012.1,350.04255049936324,9.990581610080971,52,,
2018,3,28,14,0,14.8,56,43.6,8,265,130.0,1,349.67163681852696,0,1011.7,356.9348728391211,10.099653640440556,61,,
2018,3,28,15,0,14.6,68,24.2,8.1,165,174.0,55,301.8711455421625,0,1011.5,7.5489348775171266,10.63735979315031,71,,
2018,3,28,16,0,14.2,79,15.4,8.1,63,253.0,37,233.8443125942111,0,1011.4,22.6201921156877,9.8666616588147,81,,
2018,3,28,17,0,13.8,89,5.5,8.2,13,149.0,3,85.04737523946497,0,1011.3,25.82593525166351,9.28504034474738,93,,
2018,3,28,18,0,13.3,99,0,8.4,0,1.0,0,1.0532638978946842,0,1011.3,26.884859503002986,8.215603320331489,104,,
2018,3,28,19,0,12.6,110,0,8.6,0,0.0,0,0.0,0,1011.3,27.18073305548654,8.006742962379874,115,,
2018,3,28,20,0,11.9,123,0,8.8,0,0.0,0,0.0,0,1011.2,27.40264641432208,6.811672987304579,125,,
2018,3,28,21,0,12,139,0,8.9,0,0.0,0,0.0,0,1011,19.102758512373384,5.43167346888176,133,,
2018,3,28,22,0,12.6,159,0,9,0,0.0,0,0.0,0,1010.6,3.298117250504845,5.51670563677808,139,,
2018,3,28,23,0,13.2,-178,0,9,0,0.0,0,0.0,0,1010.1,0.5479405406688898,6.535455107482115,141,,
2018,3,29,0,0,13.6,-155,0.6,9.1,0,0.0,0,0.0,0,1009.8,357.795747631114,6.499926713383614,138,,
2018,3,29,1,0,13.8,-136,33.6,9.3,0,0.0,0,0.0,0,1009.5,350.5756112797525,6.244192787217427,132,,
2018,3,29,2,0,13.9,-120,52,9.5,0,0.0,0,0.0,0,1009.2,352.4896105051208,6.253599699037714,123,,
2018,3,29,3,0,14,-108,51.3,9.7,0,0.0,0,0.0,0,1009.1,351.7334435940253,6.712319925581581,113,,
2018,3,29,4,0,14.1,-97,18.4,9.9,0,0.0,0,0.0,0,1009.2,356.75731771491024,6.715830820798454,102,,
2018,3,29,5,0,14.2,-87,0.8,10.1,12,0.0,8,0.0,0,1009.3,349.52305416294473,6.310282175976118,91,,
2018,3,29,6,0,14.6,-77,40,10.4,58,3.0,5,4.0,0,1009.5,334.1406047364042,6.081627162869691,79,,
2018,3,29,7,0,15.4,-66,66.9,10.7,107,33.0,0,53.72415099585923,0,1009.8,328.29841107808284,6.593947177126381,69,,
2018,3,29,8,0,16.1,-53,80.3,11,93,43.0,0,128.59134108224293,0,1010.1,329.1351129440456,6.963748937835092,59,,
2018,3,29,9,0,16.4,-38,85,11.4,95,164.0,0,292.72604348981525,0,1010.1,333.902208164312,6.171993061336813,51,,
2018,3,29,10,0,16.3,-19,69.1,11.9,224,187.0,0,390.1810163635871,0,1009.9,337.9906950053217,7.671634495494575,46,,
2018,3,29,11,0,16.2,2,76.6,12.3,172,231.0,0,475.2021738211905,0,1009.6,341.0633156772059,8.66656348315278,44,,
2018,3,29,12,0,16.1,23,80.5,12.6,135,155.0,0,440.670926554575,0,1009.5,342.4019082364299,9.58351101123187,47,,
2018,3,29,13,0,16,41,77.6,12.9,135,98.0,0,366.51726632844816,0,1009.5,344.99996137267675,10.55724086695931,53,,
2018,3,29,14,0,15.9,56,58.4,13.2,182,131.0,0,348.6622753493315,0,1009.5,347.2061417911474,10.544251815101669,61,,
2018,3,29,15,0,15.7,68,54.2,13.4,136,168.0,0,295.6427760250357,0,1009.7,348.60506171325324,10.552984457461095,71,,
2018,3,29,16,0,15.3,79,40,13.4,54,128.0,0,176.35138919455247,0,1010.2,347.5702216744809,10.081270212081067,82,,
2018,3,29,17,0,15,89,43.5,13.4,12,23.0,0,38.438898077234455,0,1010.6,344.8265462764743,10.200584834409891,93,,
2018,3,29,18,0,14.8,99,51.2,13.4,0,0.0,0,0.0,0,1011,343.9800530756609,8.479439784126068,104,,
2018,3,29,19,0,14.6,110,51.6,13.5,0,0.0,0,0.0,0,1011.3,338.1156910357452,8.30343739457073,115,,
2018,3,29,20,0,14.5,123,51.8,13.5,0,0.0,0,0.0,0,1011.7,339.08558858210165,8.607121724850119,125,,
2018,3,29,21,0,14.5,139,51.9,13.4,0,0.0,0,0.0,0,1011.8,339.23316413220374,8.48928388211776,134,,
2018,3,29,22,0,14.6,159,52,13.3,0,0.0,0,0.0,0,1011.6,337.6989058214813,9.414377224675064,140,,
2018,3,29,23,0,14.7,-178,52,13.2,0,0.0,0,0.0,0,1011.4,340.8977141980843,9.7706801430271,141,,
2018,3,30,0,0,14.7,-155,52,13.2,0,0.0,0,0.0,0,1011.3,340.34954987132136,9.76109646587893,139,,
2018,3,30,1,0,14.6,-135,52,13.1,0,0.0,0,0.0,0,1011.3,340.3251881210424,10.625455425823976,132,,
2018,3,30,2,0,14.6,-120,52,13.1,0,0.0,0,0.0,0,1011.3,343.6295246464736,10.599892678032392,123,,
2018,3,30,3,0,14.5,-107,51.8,13.1,0,0.0,0,0.0,0,1011.4,347.6654380971887,10.47444884209047,113,,
2018,3,30,4,0,14.5,-97,48.6,13.1,0,0.0,0,0.0,0,1011.7,352.16876935704653,11.338411238724335,102,,
2018,3,30,5,0,14.5,-87,42.6,13,12,0.0,0,0.0,0,1011.9,354.83713876051024,11.112711927047284,91,,
2018,3,30,6,0,14.9,-77,57.7,13.1,50,10.0,0,5.000000000000001,0,1012.2,352.07580556463114,10.46245126120405,80,,
2018,3,30,7,0,15.7,-66,63.5,13.2,122,80.0,0,69.33077682920917,0,1012.6,354.0208515158914,11.231265556927552,69,,
2018,3,30,8,0,16.5,-53,71.4,13.3,136,114.0,0,171.3145848148204,0,1012.9,356.3070671721319,11.644295747327655,59,,
2018,3,30,9,0,16.8,-37,82.4,13.3,107,426.0,1,390.6695826441246,0,1013,3.6624680586869545,13.42267712160218,51,,
2018,3,30,10,0,16.8,-19,50,13.1,297,641.0,66,572.7672267589944,0,1013,28.15130886210204,12.558347131849798,46,,
2018,3,30,11,0,16.7,2,58,12.8,271,701.0000000000001,37,680.8857601438951,0,1013,30.41568047605142,12.60174492540181,45,,
2018,3,30,12,0,16.7,23,59.8,12.7,278,704.0,0,719.3954936691799,0,1013,28.253298288025007,12.337248357469427,47,,
2018,3,30,13,0,16.6,41,71.1,12.5,183,690.0000000000001,0,698.0812661007456,0,1013.2,21.499493222958336,13.20649487755382,53,,
2018,3,30,14,0,16.5,56,65.5,12.4,147,611.0,2,597.4111976701795,0,1013.4,22.23298513460417,13.72289396884204,61,,
2018,3,30,15,0,16.2,68,20.3,12.3,94,427.0,111,413.20507770489326,0,1013.8,22.241242223230813,13.612921175032644,71,,
2018,3,30,16,0,15.7,79,0,12.3,31,159.0,76,185.1695397563023,0,1014.2,21.946297222386647,13.786653538431503,82,,
2018,3,30,17,0,15.1,89,0,12.2,7,15.0,8,29.465367175100344,0,1014.7,24.79098564019597,12.639951890770131,93,,
2018,3,30,18,0,14.4,99,0,11.9,0,0.0,0,0.0,0,1015,26.57670080422656,10.739786677404176,105,,
2018,3,30,19,0,13.6,110,0,11.3,0,0.0,0,0.0,0,1015.3,25.745979956171027,10.158333080584862,116,,
2018,3,30,20,0,12.8,123,0,10.7,0,0.0,0,0.0,0,1015.5,31.273328569953605,9.833887485000323,126,,
2018,3,30,21,0,12.5,139,0,10.5,0,0.0,0,0.0,0,1015.6,34.88579968413973,9.332059650210264,134,,
2018,3,30,22,0,12.6,159,0,10.6,0,0.0,0,0.0,0,1015.6,33.49972411839485,8.80516936736084,140,,
2018,3,30,23,0,12.8,-177,0,10.8,0,0.0,0,0.0,0,1015.5,36.83025242083068,7.974074174540778,142,,
2018,3,31,0,0,12.9,-154,0,10.8,0,0.0,0,0.0,0,1015.5,37.58125704960321,6.599434413662334,139,,
2018,3,31,1,0,12.9,-135,0,10.8,0,0.0,0,0.0,0,1015.5,33.00292619416183,5.544556769981097,133,,
2018,3,31,2,0,12.9,-120,0,10.7,0,0.0,0,0.0,0,1015.5,27.728123279199167,4.733512655099626,124,,
2018,3,31,3,0,12.9,-107,0,10.7,0,0.0,0,0.0,0,1015.6,27.71496923560568,4.51562674235274,113,,
2018,3,31,4,0,12.9,-96,0,10.8,0,0.0,0,0.0,0,1015.9,35.6481278543514,4.667027826326787,102,,
2018,3,31,5,0,12.9,-86,0.6,10.8,11,0.0,8,0.0,0,1016.1,44.24977408454549,3.915835902021147,91,,
2018,3,31,6,0,13.6,-76,29.8,10.8,77,2.0,4,2.0,0,1016.2,45.71220366937917,2.999911306977499,80,,
2018,3,31,7,0,14.8,-65,55.7,10.8,138,12.0,0,34.90876168125871,0,1016.3,37.08358311406141,1.9114879030717484,69,,
2018,3,31,8,0,16,-52,67.9,10.8,156,51.0,0,129.3753988078552,0,1016.4,243.8906770069337,0.5902620057884868,60,,
2018,3,31,9,0,16.6,-37,77.4,10.8,141,249.0,0,319.97742355754974,0,1016.1,239.6511448188588,2.0482615804895445,52,,
2018,3,31,10,0,16.8,-18,81.3,10.8,134,376.0,0,486.4182279099732,0,1015.6,290.50986223350424,2.268815943912929,46,,
2018,3,31,11,0,16.9,2,74.3,10.8,190,348.0,0,543.2583662879508,0,1015.1,298.83285716941555,3.333128986452824,45,,
2018,3,31,12,0,16.9,23,66.8,10.9,232,350.0,0,569.6486452045297,0,1014.6,301.53798918882103,4.745925762201937,47,,
2018,3,31,13,0,16.9,41,69.2,11.1,188,145.0,0,417.43504157712647,0,1014.1,295.148592619272,5.158944922670615,53,,
2018,3,31,14,0,16.9,55,52.3,11.2,208,129.0,1,350.03160574669823,0,1013.7,303.4275964850149,5.868155860482507,62,,
2018,3,31,15,0,16.4,68,28.7,11.4,165,11.0,29,114.94925103388886,0,1013.4,312.439426317551,6.920708693676335,72,,
2018,3,31,16,0,15.6,78,28.8,11.7,62,4.0,16,47.59266871185167,0,1013.4,323.0193099919969,6.9693489672612765,82,,
2018,3,31,17,0,14.7,88,44.4,11.9,9,2.0,0,10.45116645888075,0,1013.3,324.5460583579471,6.757922926866022,94,,
2018,3,31,18,0,13.9,98,18.4,11.9,0,0.0,0,0.0,0,1013.3,321.8239511844829,6.010692630318719,105,,
2018,3,31,19,0,13.3,109,0,11.7,0,0.0,0,0.0,0,1013.3,307.40802385207326,5.391302237608077,116,,
2018,3,31,20,0,12.7,122,0.6,11.5,0,0.0,0,0.0,0,1013.2,308.33171478306446,5.966004149476429,126,,
2018,3,31,21,0,12.5,139,33.6,11.4,0,0.0,0,0.0,0,1012.9,309.8493938567576,6.457361876324549,135,,
2018,3,31,22,0,12.6,159,51.5,11.3,0,0.0,0,0.0,0,1012.3,306.8081068055306,6.972513820358208,140,,
2018,3,31,23,0,12.7,-177,51.2,11.2,0,0.0,0,0.0,0,1011.6,318.30819754053016,7.137860002808474,142,,
2018,4,1,0,0,13,-154,51.2,11.3,0,0.0,0,0.0,0,1010.9,332.7152833543836,6.936834427979298,139,,
2018,4,1,1,0,13.3,-135,51.2,11.5,0,0.0,0,0.0,0,1010,330.5073652000495,7.683081469696838,133,,
2018,4,1,2,0,13.6,-119,51.2,11.7,0,0.0,0,0.0,0,1009.2,339.9582889977665,7.076216829953655,124,,
2018,4,1,3,0,14,-107,51.6,12,0,0.0,0,0.0,0,1008.6,339.302265351752,6.748031404204238,114,,
2018,4,1,4,0,14.6,-96,51.3,12.3,0,0.0,0,0.0,0,1008.2,333.2818953829111,7.111878882676196,103,,
2018,4,1,5,0,15.1,-86,48.4,12.7,9,0.0,0,0.0,0,1007.8,331.21791829785167,7.513156608443335,91,,
2018,4,1,6,0,16,-76,33.6,13.1,86,2.0,7,3.0,0,1007.3,332.2520903915972,7.415215490024048,80,,
2018,4,1,7,0,17.3,-65,71.5,13.6,55,16.0,4,41.15737999187447,0,1006.6,327.6348041294721,7.500072832548634,69,,
2018,4,1,8,0,18.6,-52,73.5,14.1,140,31.0,0,116.01673674490898,0,1005.9,322.31512008105227,7.5248823194712,60,,
2018,4,1,9,0,19.4,-37,47,14.1,317,40.0,3,194.02997221942388,0,1005.1,324.9526489690759,8.367269923412355,52,,
2018,4,1,10,0,20,-18,24.8,13.5,375,68.0,130,283.13500578653424,0,1004.1,324.9711782273331,9.372807135022882,47,,
2018,4,1,11,0,20.4,2,31.3,12.9,402,142.0,73,402.9224007896247,0,1003.2,326.497308325711,10.580326324588162,45,,
2018,4,1,12,0,20.6,23,51.2,12.6,320,208.0,1,471.6068589845316,0,1002.3,328.10120647874464,11.643356724689276,48,,
2018,4,1,13,0,20.5,40,37,12.5,313,173.0,27,426.16945226690245,0,1001.5,327.9601650278172,11.319102454951318,54,,
2018,4,1,14,0,20.4,55,57.2,12.5,178,88.0,15,300.1886742843993,0,1000.8,332.4238322427519,11.081398637617069,62,,
2018,4,1,15,0,20,67,60.2,12.4,83,58.0,0,200.0605843013134,0,1000.5,331.6307069932184,10.975603950975144,72,,
2018,4,1,16,0,19.5,78,31.3,12.3,43,65.0,0,131.52896029081532,0,1000.6,329.1749780642365,11.153176888847266,83,,
2018,4,1,17,0,19,88,13.8,12.3,7,24.0,0,34.28366332990374,0,1000.7,325.9987473668938,10.85906654029597,94,,
2018,4,1,18,0,18.2,98,27.8,12.6,0,0.0,0,0.0,0,1000.7,335.3360917314271,9.70548820895913,105,,
2018,4,1,19,0,17.2,109,57.4,13.1,0,0.0,0,0.0,0,1000.6,334.9081336902791,8.960881656249892,116,,
2018,4,1,20,0,16.2,122,68.9,13.7,0,0.0,0,0.0,0,1000.5,35.14440177263083,6.640462222628708,126,,
2018,4,1,21,0,15.3,138,68.3,13.7,0,0.0,0,0.0,0,1000.7,35.281975604893546,6.734568639569014,135,,
2018,4,1,22,0,14.4,159,24.5,13.2,0,0.0,0,0.0,0,1001.1,31.56406476606196,6.877613112879438,141,,
2018,4,1,23,0,13.6,-177,0,12.7,0,0.0,0,0.0,0,1001.4,17.410296205111536,6.717671658232495,143,,
2018,4,2,0,0,12.8,-154,0,11.9,0,0.0,0,0.0,0,1002.1,13.23870950759448,8.406011957393105,140,,
2018,4,2,1,0,12,-134,0,11,0,0.0,0,0.0,0,1003,11.62714662466908,8.509827857657832,133,,
2018,4,2,2,0,11.2,-119,0,10.1,0,0.0,0,0.0,0,1004,16.73672799382348,11.259442144612452,124,,
2018,4,2,3,0,10.7,-106,0,9.3,0,0.0,0,0.0,0,1005.3,7.814450623210121,10.31576725036297,114,,
2018,4,2,4,0,10.4,-96,0,8.7,0,0.0,0,0.0,0,1006.9,7.73777049339094,10.41736342134378,103,,
2018,4,2,5,0,10,-86,0.8,8,10,0.0,3,0.0,0,1008.5,7.380396366633761,10.78195358965952,91,,
2018,4,2,6,0,10.4,-76,40.1,7.5,53,7.0,2,4.0,0,1009.6,6.422097651449008,10.863335025987574,80,,
2018,4,2,7,0,11.3,-65,64.4,6.9,111,143.0,0,73.86047101316467,0,1010.2,3.577553489471427,10.736009678759704,70,,
2018,4,2,8,0,12.2,-52,72,6.4,134,181.0,0,188.14468693283325,0,1010.9,2.969490598518973,10.95245041722157,60,,
2018,4,2,9,0,12.8,-36,53.7,6.2,291,402.0,8,372.588022992948,0,1011.4,8.611750743823961,13.65665487784767,52,,
2018,4,2,10,0,13.2,-18,14.9,6.2,189,558.0,421,530.6169236869782,0,1011.8,13.641744305666634,15.22189901033253,47,,
2018,4,2,11,0,13.5,3,0,6.2,79,609.0,657,629.826002338852,0,1012.1,21.344326535032167,15.076846705986046,46,,
2018,4,2,12,0,13.6,23,0,6,75,623.0,625,669.195620289059,0,1012.5,25.67944760121713,13.817340634808922,48,,
2018,4,2,13,0,13.4,40,0,5.7,69,549.0,535,619.6314627191502,0,1012.9,26.14564878264628,12.827709207522007,54,,
2018,4,2,14,0,13.2,55,0,5.4,61,145.0,398,340.8355248877544,0,1013.2,20.355933914016987,12.591258256864649,62,,
2018,4,2,15,0,12.8,67,0,5.1,49,101.0,231,232.551100714908,0,1013.8,17.32278452897765,12.955040289681111,72,,
2018,4,2,16,0,12.2,78,0,4.7,26,156.0,71,174.42544975734805,0,1014.5,19.12494011315817,12.674657788914446,83,,
2018,4,2,17,0,11.6,88,0,4.3,6,121.0,6,64.98296250248032,0,1015.2,18.983925233815626,11.804654228017132,94,,
2018,4,2,18,0,10.8,98,0,3.9,0,0.0,0,0.0,0,1015.8,15.52024491195607,9.296507695098803,106,,
2018,4,2,19,0,9.8,109,0,3.4,0,0.0,0,0.0,0,1016.2,13.095242658086365,8.418886132049439,117,,
2018,4,2,20,0,8.9,122,0,3,0,0.0,0,0.0,0,1016.7,15.78335110958676,8.786349221083263,127,,
2018,4,2,21,0,8.5,138,0,2.9,0,0.0,0,0.0,0,1016.8,18.45653225006356,8.607788341278503,135,,
2018,4,2,22,0,8.7,159,0,3.1,0,0.0,0,0.0,0,1016.8,13.908740336106971,8.195367749285221,141,,
2018,4,2,23,0,8.9,-177,0,3.4,0,0.0,0,0.0,0,1016.8,14.51137664201974,8.540022734096963,143,,
2018,4,3,0,0,9,-153,0,3.6,0,0.0,0,0.0,0,1016.7,13.283586917833873,8.127361841978283,140,,
2018,4,3,1,0,8.9,-134,0,3.7,0,0.0,0,0.0,0,1016.6,10.667005561556834,7.603809342197457,133,,
2018,4,3,2,0,8.8,-118,0,3.7,0,0.0,0,0.0,0,1016.5,18.14202465695837,7.731777278956991,124,,
2018,4,3,3,0,8.8,-106,0,3.9,0,0.0,0,0.0,0,1016.7,16.816989390434344,7.396394155398831,114,,
2018,4,3,4,0,8.9,-95,0,4.1,0,0.0,0,0.0,0,1017.2,15.000609956818153,7.8525517879516284,103,,
2018,4,3,5,0,9,-85,0,4.4,8,0.0,7,0.0,0,1017.7,17.8103475839838,8.909412893203331,92,,
2018,4,3,6,0,9.8,-75,0,4.8,36,2.0,95,2.0,0,1018,23.703874673802147,8.64431299071101,81,,
2018,4,3,7,0,11,-64,0,5.3,61,40.0,248,49.623415000001046,0,1018.3,19.11259287967408,7.559267866645735,70,,
2018,4,3,8,0,12.4,-51,0,5.8,75,80.0,403,142.10232556231708,0,1018.5,16.18757745940792,7.981471255946495,60,,
2018,4,3,9,0,13.1,-36,0.2,6,86,231.0,523,303.549557370328,0,1018.3,19.634972234938573,9.433546694051772,53,,
2018,4,3,10,0,13.5,-18,11.5,6,235,300.0,373,426.7500064644539,0,1017.8,19.53270277509728,9.361241636905406,48,,
2018,4,3,11,0,13.8,3,12.9,5.9,264,263.0,356,468.7723748525036,0,1017.3,19.656060617052844,9.676404718079448,46,,
2018,4,3,12,0,14,23,3.6,6.1,142,289.0,506,505.5913201839381,0,1016.8,19.21673071438425,9.319318467345376,49,,
2018,4,3,13,0,14.3,40,0,6.3,86,294.0,491,489.30624386070144,0,1016.5,14.155633843026637,9.292166307655132,54,,
2018,4,3,14,0,14.5,55,0,6.6,78,247.0,357,405.1605603003651,0,1016.1,15.536521519100347,9.351722508768948,63,,
2018,4,3,15,0,14.3,67,0,6.9,62,161.0,197,271.5070158124788,0,1016.1,19.367045335760903,10.056617086312222,73,,
2018,4,3,16,0,13.9,78,0,7.1,30,44.0,56,107.80526502735972,0,1016.3,23.38086662660362,9.562817639953204,83,,
2018,4,3,17,0,13.5,88,0,7.3,6,13.0,3,23.721336188247907,0,1016.5,21.079051726916703,8.292436439798443,95,,
2018,4,3,18,0,12.6,98,0,7.2,0,0.0,0,0.0,0,1016.6,20.07360201267369,7.910473212025878,106,,
2018,4,3,19,0,11.4,109,0,7,0,0.0,0,0.0,0,1016.6,20.781199272466267,8.420369755091402,117,,
2018,4,3,20,0,10.2,122,0,6.8,0,0.0,0,0.0,0,1016.7,20.898315974246884,7.337690755291399,127,,
2018,4,3,21,0,9.7,138,0,6.7,0,0.0,0,0.0,0,1016.4,19.96787847338163,7.298625878933009,136,,
2018,4,3,22,0,9.9,159,0,6.7,0,0.0,0,0.0,0,1016,22.94789922776277,6.93109691956475,142,,
2018,4,3,23,0,10.1,-177,0,6.7,0,0.0,0,0.0,0,1015.6,30.44879535372712,7.1136684532297645,143,,
2018,4,4,0,0,10.2,-153,0,6.7,0,0.0,0,0.0,0,1015.2,33.097691102590886,7.165034769989429,140,,
2018,4,4,1,0,10.4,-133,0,6.8,0,0.0,0,0.0,0,1014.8,33.7024978272392,6.866446462668206,134,,
2018,4,4,2,0,10.5,-118,0,7,0,0.0,0,0.0,0,1014.4,29.638537374919224,6.819772133061923,125,,
2018,4,4,3,0,10.8,-106,0,7.2,0,0.0,0,0.0,0,1014.2,23.40591570454285,7.344328467940965,114,,
2018,4,4,4,0,11,-95,0,7.5,0,0.0,0,0.0,0,1014,29.6052630992819,7.145493907114669,103,,
2018,4,4,5,0,11.4,-85,0.5,7.8,9,0.0,3,0.0,0,1013.9,32.83211711909473,6.575207459690528,92,,
2018,4,4,6,0,12.1,-75,28.1,8.4,72,8.0,2,3.0000000000000004,0,1013.7,32.94172542650256,6.210978074810961,81,,
2018,4,4,7,0,13.3,-64,39.9,9.2,180,179.0,4,71.1392345710205,0,1013.2,36.95424425665704,5.505962997387012,70,,
2018,4,4,8,0,14.5,-51,17.7,10,173,438.0,221,236.45600536807476,0,1012.8,34.60698106719218,5.026869371347716,61,,
2018,4,4,9,0,15.3,-36,49.7,10.4,157,592.0,124,414.1224694603013,0,1012.1,28.40440235215204,4.908558351084598,53,,
2018,4,4,10,0,15.9,-17,82.6,10.6,115,690.0000000000001,0,560.3454015031527,0,1011.3,19.505888294369583,5.749926359285572,48,,
2018,4,4,11,0,16.5,3,82.3,10.7,121,704.0,0,650.313083924967,0,1010.4,18.097446030989715,5.504743871040177,46,,
2018,4,4,12,0,16.7,23,74,10.9,167,712.0,0,690.3627483994446,0,1009.6,19.498878621323627,5.617331050688569,49,,
2018,4,4,13,0,16.7,40,76.1,11.2,134,685.0,0,663.6246865811694,0,1008.9,16.117260358014562,6.529082819390744,55,,
2018,4,4,14,0,16.6,55,65.7,11.6,133,637.0,0,577.8547293066149,0,1008.2,22.40555039317121,7.214819102098034,63,,
2018,4,4,15,0,16.3,67,44.3,11.9,124,570.0000000000001,0,444.1535962243163,0,1007.8,26.34280132829753,7.233865349204061,73,,
2018,4,4,16,0,15.9,77,13.2,12.1,50,420.0,3,260.14734759996594,0,1007.7,27.916926676538367,6.770575850554946,84,,
2018,4,4,17,0,15.4,87,0,12.3,6,107.0,2,55.82266151769012,0,1007.6,29.67848992513518,6.690127988312331,95,,
2018,4,4,18,0,15,97,0,12.5,0,0.0,0,0.0,0,1007.5,34.02601294799672,5.785787719221861,106,,
2018,4,4,19,0,14.8,108,0,12.7,0,0.0,0,0.0,0,1007.2,39.21366506283454,6.224249880571491,117,,
2018,4,4,20,0,14.6,121,0,12.8,0,0.0,0,0.0,0,1006.9,42.46524232910781,5.835715441583618,127,,
2018,4,4,21,0,14.5,138,0,12.9,0,0.0,0,0.0,0,1006.4,41.43727672951013,5.575616208264001,136,,
2018,4,4,22,0,14.6,159,0,13,0,0.0,0,0.0,0,1005.6,40.56007864993023,4.932785922472178,142,,
2018,4,4,23,0,14.7,-177,0,13.1,0,0.0,0,0.0,0,1004.8,27.61302782308445,4.530979207596295,144,,
2018,4,5,0,0,14.6,-153,0,13.1,0,0.0,0,0.0,0,1004.1,23.79345752473665,4.461741981185365,141,,
2018,4,5,1,0,14.4,-133,0,13.1,0,0.0,0,0.0,0,1003.4,28.708903503482475,4.751585626718375,134,,
2018,4,5,2,0,14.2,-118,0,13.1,0,0.0,0,0.0,0,1002.8,19.97108564038996,4.77207570856133,125,,
2018,4,5,3,0,13.9,-105,0,12.9,0,0.0,0,0.0,0,1002.3,19.26927441055329,5.370959964819965,114,,
2018,4,5,4,0,13.6,-95,0,12.6,0,0.0,0,0.0,0,1002.1,25.04801279504392,5.621182868468441,103,,
2018,4,5,5,0,13.2,-85,1.2,12.3,7,0.0,3,0.0,0,1001.9,24.82770112297925,4.721278245935843,92,,
2018,4,5,6,0,13.7,-75,63,12.4,8,3.0,5,2.0,0,1001.6,17.93522583712604,5.089870221529533,81,,
2018,4,5,7,0,14.7,-64,35.7,12.8,51,65.0,185,51.82787646961504,0,1001.3,10.2055668389919,4.8392601615782125,70,,
2018,4,5,8,0,15.8,-51,27,13.2,223,157.0,104,164.30078081275252,0,1001,357.40350785507627,5.022734739705243,61,,
2018,4,5,9,0,16.2,-35,40.7,13.1,356,365.0,0,337.70328558659395,0,1000.4,3.7249308358643134,5.772203868549288,53,,
2018,4,5,10,0,16,-17,44.3,12.5,379,330.0,0,434.5669476610583,0,999.7,11.918748607605608,7.565693208717089,48,,
2018,4,5,11,0,15.8,3,64.6,12,250,579.0,0,607.593912809554,0,999,12.265842228478109,8.343039439516557,47,,
2018,4,5,12,0,15.5,23,86.2,11.7,94,479.0,0,595.2784275216976,0,998.4,14.948244657075977,8.567519397836081,49,,
2018,4,5,13,0,15.1,40,85.2,11.6,80,344.0,0,511.1186912326304,0,997.9,18.93452161303378,8.420733602742668,55,,
2018,4,5,14,0,14.8,54,55.2,11.5,176,159.0,0,344.2344781896271,0,997.4,20.489809211276054,9.170248589266167,63,,
2018,4,5,15,0,14.3,67,49,11.4,133,60.0,0,189.85497610731923,0,997.2,20.03644527873797,9.500039931890988,73,,
2018,4,5,16,0,13.7,77,19.4,11.3,38,39.0,5,100.47506267104762,0,997.2,19.783836602640577,8.996069265010108,84,,
2018,4,5,17,0,13,87,0,11.3,4,21.0,3,27.17033517420512,0,997.2,21.34460481309389,8.489801887710186,95,,
2018,4,5,18,0,12.5,97,0.2,10.9,0,0.0,0,0.0,0,997.2,25.624441746956904,7.156491058987136,106,,
2018,4,5,19,0,12,108,7.7,10.3,0,0.0,0,0.0,0,997.2,17.78134612034455,6.524320668267362,117,,
2018,4,5,20,0,11.6,121,7.1,9.7,0,0.0,0,0.0,0,997.1,15.311478955693588,6.83514599386761,128,,
2018,4,5,21,0,11.5,138,9.1,9.6,0,0.0,0,0.0,0,996.8,13.565745391462826,6.799812620400213,136,,
2018,4,5,22,0,11.6,159,4.3,9.8,0,0.0,0,0.0,0,996.4,17.91665596162329,6.290148059674664,142,,
2018,4,5,23,0,11.7,-176,0,10.1,0,0.0,0,0.0,0,995.9,33.89406668506001,6.047705975194929,144,,
2018,4,6,0,0,11.7,-153,0.6,10.1,0,0.0,0,0.0,0,995.6,28.480750175732624,5.284572346328077,141,,
2018,4,6,1,0,11.5,-133,33.6,9.9,0,0.0,0,0.0,0,995.4,23.630866277178825,5.91892773503367,134,,
2018,4,6,2,0,11.4,-117,52,9.7,0,0.0,0,0.0,0,995.3,28.222353790414388,5.413592737908874,125,,
2018,4,6,3,0,11.3,-105,50.8,9.5,0,0.0,0,0.0,0,995.4,38.95573973397427,5.507066852066481,115,,
2018,4,6,4,0,11.1,-94,18.1,9.3,0,0.0,0,0.0,0,995.6,54.76571077828919,6.764084021590677,103,,
2018,4,6,5,0,10.9,-84,0,9.1,6,0.0,5,0.0,0,995.9,59.911688560617904,6.9112450845376285,92,,
2018,4,6,6,0,11.5,-74,0.9,9,35,6.0,87,2.0000000000000004,0,996.1,65.02534258046967,6.282517499812049,81,,
2018,4,6,7,0,12.7,-63,0.5,8.9,55,65.0,246,52.61183426858732,0,996.3,66.38937043036731,6.878281941371708,71,,
2018,4,6,8,0,13.9,-50,0,8.9,65,48.0,405,118.53399138968236,0,996.5,66.42278250377382,6.219111072658635,61,,
2018,4,6,9,0,14.5,-35,0.4,8.7,76,301.0,521,322.27454181370723,0,996.6,64.4659623266362,5.904044294491264,54,,
2018,4,6,10,0,14.8,-17,19.3,8.3,282,182.0,262,351.27055349111816,0,996.6,63.76357272541316,6.605571373808372,49,,
2018,4,6,11,0,15,3,16.1,8,271,78.0,315,311.3059548923803,0,996.5,63.104750251650216,6.593016163275457,47,,
2018,4,6,12,0,15.1,22,6.2,7.8,168,250.0,449,465.1046082724547,0,996.7,60.772558477935775,6.666048672960491,50,,
2018,4,6,13,0,15.3,40,2.1,7.7,107,465.0,443,558.4458040049246,0,996.9,57.22010286895028,6.547534335855859,56,,
2018,4,6,14,0,15.4,54,14.8,7.7,159,423.0,205,477.1492122121539,0,997.2,53.168989186716544,6.331007317526599,64,,
2018,4,6,15,0,15.3,66,20.4,7.8,140,347.0,51,348.6009040526036,0,997.7,52.0369861144244,6.9822765543293865,74,,
2018,4,6,16,0,14.9,77,17.8,8.1,46,228.0,14,190.3984592694888,0,998.3,54.80576983086996,7.45235678274445,84,,
2018,4,6,17,0,14.6,87,6.2,8.4,5,159.0,0,62.72641157140389,0,998.9,53.87776684058929,7.285581229651834,96,,
2018,4,6,18,0,14.1,97,0.6,8.5,0,0.0,0,0.0,0,999.5,58.79041399555695,5.591717617207374,107,,
2018,4,6,19,0,13.6,108,33.6,8.6,0,0.0,0,0.0,0,1000.1,61.58102993576125,5.946598851201415,118,,
2018,4,6,20,0,13,121,53.7,8.7,0,0.0,0,0.0,0,1000.7,72.58876912330027,5.3971925671860514,128,,
2018,4,6,21,0,12.8,138,19.7,8.9,0,0.0,0,0.0,0,1001.1,73.78812252391936,5.2563788229252655,137,,
2018,4,6,22,0,12.8,159,0,9.3,0,0.0,0,0.0,0,1001.4,71.9031521703169,5.102504135085304,143,,
2018,4,6,23,0,12.9,-176,0,9.7,0,0.0,0,0.0,0,1001.7,60.35749342349766,3.457352617919351,144,,
2018,4,7,0,0,12.9,-152,0,10,0,0.0,0,0.0,0,1002,42.90012959602154,3.863369746877255,141,,
2018,4,7,1,0,12.7,-132,0,10.1,0,0.0,0,0.0,0,1002.5,38.54693255395341,3.193408846690687,135,,
2018,4,7,2,0,12.5,-117,0,10.2,0,0.0,0,0.0,0,1002.9,33.43402935855772,3.3941869703797445,125,,
2018,4,7,3,0,12.4,-105,0,10.2,0,0.0,0,0.0,0,1003.4,24.273870138965435,2.6272965784571194,115,,
2018,4,7,4,0,12.3,-94,0,10.3,0,0.0,0,0.0,0,1003.9,26.066789765734256,2.184616204343768,104,,
2018,4,7,5,0,12.2,-84,0,10.2,6,0.0,3,0.0,0,1004.4,25.1237650628986,1.68424399933405,92,,
2018,4,7,6,0,12.5,-74,1.1,10.2,42,10.0,72,2.0000000000000004,0,1004.7,354.59709376271127,1.2756871671728065,81,,
2018,4,7,7,0,13.2,-63,0.6,10.1,70,161.0,219,62.41393467759436,0,1004.9,332.39503464716137,1.7265768956753689,71,,
2018,4,7,8,0,13.9,-50,0,10,80,320.0,380,201.7214722991449,0,1005.1,311.41422074687847,2.743683800735088,61,,
2018,4,7,9,0,14.4,-35,0,9.6,79,534.0,516,382.83051194278113,0,1005.3,319.2902598277556,3.119943284992554,54,,
2018,4,7,10,0,14.7,-17,0.2,9.1,78,670.0,597,547.9493901224312,0,1005.4,333.6659624531542,3.059987818640729,49,,
2018,4,7,11,0,15,3,8,8.6,182,688.0,461,638.817160660558,0,1005.5,345.23749010777914,5.974814569516783,48,,
2018,4,7,12,0,15,22,18.8,8.1,285,643.0,254,655.8789968548593,0,1005.7,353.31473512873384,7.516193332715439,50,,
2018,4,7,13,0,14.8,40,29.2,7.6,309,486.0,94,568.0845417053009,0,1005.9,354.9370849884427,7.790404855499832,56,,
2018,4,7,14,0,14.5,54,11.9,7.2,143,392.0,217,463.1263081682654,0,1006.2,2.3127744738519027,7.743856798625512,64,,
2018,4,7,15,0,14.1,66,0,6.8,41,235.0,207,297.3531224034398,0,1006.6,0.7471240951493883,8.238249216609805,74,,
2018,4,7,16,0,13.6,77,0,6.5,18,36.0,57,92.9753181911974,0,1007.2,0.169551813450937,7.590121124272368,85,,
2018,4,7,17,0,13.1,87,0,6.1,3,16.0,2,22.006944519655384,0,1007.8,358.6469813406307,6.989497586921534,96,,
2018,4,7,18,0,12.5,97,0,5.9,0,0.0,0,0.0,0,1008.3,0.8630545522377702,5.64053247962374,107,,
2018,4,7,19,0,11.8,108,0,5.7,0,0.0,0,0.0,0,1008.8,357.871212863443,4.4430077180986425,118,,
2018,4,7,20,0,11.2,121,0,5.5,0,0.0,0,0.0,0,1009.3,3.430605914459932,3.508729029077389,128,,
2018,4,7,21,0,11,137,0,5.5,0,0.0,0,0.0,0,1009.6,0.7334890332310238,3.127697695758472,137,,
2018,4,7,22,0,11.1,159,0,5.7,0,0.0,0,0.0,0,1009.7,328.81830668092283,3.071128105955406,143,,
2018,4,7,23,0,11.3,-176,0,6,0,0.0,0,0.0,0,1009.8,300.63230389054144,4.053145466372685,145,,
2018,4,8,0,0,11.4,-152,0,6.1,0,0.0,0,0.0,0,1010.1,293.09094511808723,5.699016993653101,142,,
2018,4,8,1,0,11.3,-132,0,6.1,0,0.0,0,0.0,0,1010.6,302.2598469937149,5.634684438137094,135,,
2018,4,8,2,0,11.2,-116,0,6.1,0,0.0,0,0.0,0,1011.1,300.654248203472,6.099970440128496,126,,
2018,4,8,3,0,11.1,-104,0,6.2,0,0.0,0,0.0,0,1011.7,290.0360075182587,5.399288226389768,115,,
2018,4,8,4,0,11.1,-94,0,6.2,0,0.0,0,0.0,0,1012.3,266.5213512173078,5.725637499118234,104,,
2018,4,8,5,0,11.1,-84,0,6.2,5,0.0,4,0.0,0,1013,260.8725416373704,5.988423688554416,93,,
2018,4,8,6,0,11.6,-74,0.9,6.5,35,1.0,83,1.0,0,1013.5,253.0339831468576,5.183098344622768,82,,
2018,4,8,7,0,12.6,-63,0.5,7,56,16.0,239,30.783570077875986,0,1013.9,242.6971916717942,6.071406031514651,71,,
2018,4,8,8,0,13.6,-50,0,7.5,68,27.0,396,93.29016500679388,0,1014.2,238.92295951379447,6.649435190365286,62,,
2018,4,8,9,0,14.2,-35,0,7.5,87,35.0,504,160.94319072184834,0,1014.4,224.21231342669904,7.195525991480483,54,,
2018,4,8,10,0,14.4,-17,0.8,7.1,125,32.0,532,218.00913166918016,0,1014.4,228.22800993296025,8.256176200871847,49,,
2018,4,8,11,0,14.6,3,0.9,6.7,146,29.0,525,244.07125414958065,0,1014.4,229.0497066280508,9.086117536839009,48,,
2018,4,8,12,0,14.8,22,0.3,6.5,143,29.0,488,253.3400956920576,0,1014.5,234.9607358994653,9.096097512077714,50,,
2018,4,8,13,0,14.9,39,0,6.3,142,12.0,387,173.91744349606822,0,1014.6,236.53737817503605,8.750478084309858,56,,
2018,4,8,14,0,15,54,0,6.2,127,8.0,253,122.8182931232398,0,1014.7,239.27511850746453,7.843406901511704,64,,
2018,4,8,15,0,14.6,66,0,6.2,88,21.0,121,135.4650098903639,0,1015,246.62435978321932,6.193391119551709,74,,
2018,4,8,16,0,14,77,0.6,6.4,30,4.0,27,38.42034498319911,0,1015.4,257.89079262229563,5.814432397202568,85,,
2018,4,8,17,0,13.3,86,33.1,6.6,3,1.0,0,6.182648309735853,0,1015.8,304.91742033598496,6.006319120844959,96,,
2018,4,8,18,0,12.6,96,26.2,6.6,0,0.0,0,0.0,0,1016.2,334.4512995800192,7.257226010740983,107,,
2018,4,8,19,0,12,107,4.3,6.7,0,0.0,0,0.0,0,1016.6,356.3515734558898,8.76287689922113,118,,
2018,4,8,20,0,11.4,120,0,6.7,0,0.0,0,0.0,0,1016.9,6.464243164500658,9.326875513505325,129,,
2018,4,8,21,0,11.1,137,0,7,0,0.0,0,0.0,0,1017.1,5.655314758805446,10.02143329911421,138,,
2018,4,8,22,0,11.1,159,0,7.4,0,0.0,0,0.0,0,1017.1,10.11774988988725,9.6629659790797,143,,
2018,4,8,23,0,11.2,-176,0,7.8,0,0.0,0,0.0,0,1017.1,11.876486972355565,9.76668754290334,145,,
2018,4,9,0,0,11,-152,0,7.9,0,0.0,0,0.0,0,1017.1,16.48081094718907,9.807992622796268,142,,
2018,4,9,1,0,10.7,-132,0,7.9,0,0.0,0,0.0,0,1017.1,17.528361438232025,9.802820987018563,135,,
2018,4,9,2,0,10.4,-116,0,7.9,0,0.0,0,0.0,0,1017.1,22.38755649760856,9.944605479314388,126,,
2018,4,9,3,0,10.1,-104,0,7.9,0,0.0,0,0.0,0,1017.3,25.827109392322825,9.893237683375462,115,,
2018,4,9,4,0,9.8,-93,0,7.8,0,0.0,0,0.0,0,1017.7,29.25241669485928,8.702284702162682,104,,
2018,4,9,5,0,9.6,-83,0.4,7.8,5,0.0,1,0.0,0,1018.2,26.33981762901766,8.27679095868447,93,,
2018,4,9,6,0,10.4,-73,18.7,7.8,76,2.0,1,1.0000000000000002,0,1018.3,26.087729723465657,6.697190483163441,82,,
2018,4,9,7,0,11.9,-62,24,7.8,168,87.0,45,53.9764340611697,0,1018.2,16.931610815182466,6.8154484029398965,71,,
2018,4,9,8,0,13.6,-50,29.3,7.8,276,215.0,33,183.3018030721405,0,1018.1,19.330741336652977,5.80738034943293,62,,
2018,4,9,9,0,14.5,-34,12.2,7.7,174,428.0,340,361.82306257756113,0,1017.9,30.108039309959736,4.505313074588574,54,,
2018,4,9,10,0,15,-16,0,7.4,96,514.0,558,483.0422187362847,0,1017.5,31.11508924556801,3.550903989644997,50,,
2018,4,9,11,0,15.5,3,0,7.2,97,591.0,577,588.6195710205743,0,1017.1,33.34070734647702,2.84289135388604,48,,
2018,4,9,12,0,15.6,22,0,7.1,91,385.0,545,527.9209695905497,0,1016.8,45.0,1.6793786053180504,51,,
2018,4,9,13,0,15.6,39,0,7.3,84,166.0,456,382.69513235774485,0,1016.7,55.007979801441365,0.7629097259833564,57,,
2018,4,9,14,0,15.6,54,0,7.4,74,131.0,324,306.2217973459743,0,1016.6,226.13381824439665,0.811363635987218,65,,
2018,4,9,15,0,15.2,66,0,7.6,55,77.0,172,192.96479483824612,0,1016.6,242.4266928528448,3.288555414249433,75,,
2018,4,9,16,0,14.5,76,0,7.9,20,30.0,43,82.49301955215189,0,1016.8,255.6481092113536,4.557263812025412,85,,
2018,4,9,17,0,13.8,86,0,8.2,2,19.0,1,19.370469448593816,0,1017,227.2772609217936,4.679128221771156,96,,
2018,4,9,18,0,13,96,0,8.3,0,0.0,0,0.0,0,1017.2,230.2352711414192,5.174523041578666,108,,
2018,4,9,19,0,12.2,107,0,8.4,0,0.0,0,0.0,0,1017.3,232.90432240003844,8.240054211542349,119,,
2018,4,9,20,0,11.3,120,0,8.5,0,0.0,0,0.0,0,1017.4,217.7961928983929,10.728403957194836,129,,
2018,4,9,21,0,11.1,137,0,8.6,0,0.0,0,0.0,0,1017.4,217.82201632042035,13.596310825957104,138,,
2018,4,9,22,0,11.4,159,0,8.9,0,0.0,0,0.0,0,1017.3,215.2700505916356,14.685705109758583,144,,
2018,4,9,23,0,11.8,-176,0,9.1,0,0.0,0,0.0,0,1017.2,213.1539907978595,14.966523255708609,146,,
2018,4,10,0,0,11.8,-151,0,9.2,0,0.0,0,0.0,0,1017.2,209.07091581223648,14.576331297089403,142,,
2018,4,10,1,0,11.6,-131,0,9.2,0,0.0,0,0.0,0,1017.1,206.68183834480328,14.837564703568074,135,,
2018,4,10,2,0,11.4,-116,0,9.2,0,0.0,0,0.0,0,1017.1,205.2020522743016,14.43130734392208,126,,
2018,4,10,3,0,11.3,-103,0,9.1,0,0.0,0,0.0,0,1017.3,207.06621931949093,14.82914816378348,115,,
2018,4,10,4,0,11.3,-93,0,9.1,0,0.0,0,0.0,0,1017.5,205.9469940082008,14.615869272020651,104,,
2018,4,10,5,0,11.4,-83,0.6,9.1,4,0.0,1,0.0,0,1017.8,205.21976049227104,14.621232721319014,93,,
2018,4,10,6,0,12,-73,29,9.2,58,2.0,0,1.0000000000000002,0,1018,204.05329183161052,14.671696144858233,82,,
2018,4,10,7,0,13,-62,53.2,9.4,123,112.0,0,51.75563797406318,0,1017.9,202.19857900371767,15.212513086255353,72,,
2018,4,10,8,0,14.1,-49,53.9,9.5,206,330.0,0,194.4662462100428,0,1017.9,200.8414341731772,15.437593069838464,62,,
2018,4,10,9,0,14.7,-34,48.8,9.4,294,549.0,0,376.3921426857047,0,1017.7,202.1763509634266,15.968871601410653,55,,
2018,4,10,10,0,15,-16,70.8,9,185,682.0,0,525.7535724002561,0,1017.5,204.96917858844105,16.70110560236623,50,,
2018,4,10,11,0,15.2,3,83.3,8.6,112,699.0000000000001,0,614.2837190156657,0,1017.2,203.9130236887492,17.084147566681757,49,,
2018,4,10,12,0,15.2,22,76.4,8.5,146,712.0,1,656.04174831417,0,1016.8,202.8150103682451,17.21451165606276,51,,
2018,4,10,13,0,15.2,39,44.5,8.5,249,689.0,35,630.7081110136694,0,1016.4,205.27642991270773,16.856551005427313,57,,
2018,4,10,14,0,15.1,53,10.3,8.6,155,642.0,185,547.0295303517888,0,1016,204.9029938933921,16.84933180495828,65,,
2018,4,10,15,0,14.6,65,0.6,8.7,60,495.0,158,385.45067113925234,0,1015.8,203.9757525083449,16.383587489173074,75,,
2018,4,10,16,0,13.9,76,32.9,8.8,20,362.0,36,216.6985636216604,0,1015.8,204.26169797687416,15.441454232312864,86,,
2018,4,10,17,0,13.2,86,18.6,8.9,1,182.0,0,53.33511230382952,0,1015.8,204.8042073618968,14.48658182971984,97,,
2018,4,10,18,0,12.6,96,7.7,9,0,0.0,0,0.0,0,1015.7,200.4186744738282,13.83692650730818,108,,
2018,4,10,19,0,12.1,107,4.3,9.1,0,0.0,0,0.0,0,1015.5,197.68788588289544,13.1571507904401,119,,
2018,4,10,20,0,11.5,120,0,9.2,0,0.0,0,0.0,0,1015.3,195.09314356748,12.55821057056922,129,,
2018,4,10,21,0,11.4,137,0,9.2,0,0.0,0,0.0,0,1015.1,195.9751113060521,12.026965292377715,138,,
2018,4,10,22,0,11.5,159,0,9.3,0,0.0,0,0.0,0,1014.8,194.38704177457515,10.21285972802104,144,,
2018,4,10,23,0,11.6,-176,0,9.3,0,0.0,0,0.0,0,1014.5,196.36189750909017,9.3096435697653,146,,
2018,4,11,0,0,11.6,-151,0,9.4,0,0.0,0,0.0,0,1014.1,198.3002415363406,8.439274626002687,143,,
2018,4,11,1,0,11.5,-131,0,9.4,0,0.0,0,0.0,0,1013.6,199.3192595268063,7.163381205104889,136,,
2018,4,11,2,0,11.5,-115,0,9.5,0,0.0,0,0.0,0,1013.1,200.1950161260894,5.532504273571117,126,,
2018,4,11,3,0,11.4,-103,0,9.5,0,0.0,0,0.0,0,1012.9,227.12750718495263,2.855254513574561,116,,
2018,4,11,4,0,11.4,-93,0,9.4,0,0.0,0,0.0,0,1012.8,233.0989615651076,1.706933845866137,104,,
2018,4,11,5,0,11.3,-83,0.4,9.3,4,0.0,1,0.0,0,1012.7,340.68564262100733,2.932632237921987,93,,
2018,4,11,6,0,11.8,-73,23,9.3,70,2.0,0,1.0000000000000002,0,1012.5,40.363160094023726,6.58161359871208,82,,
2018,4,11,7,0,12.6,-62,47.1,9.3,142,107.0,0,47.19862847910187,0,1012.4,58.45484551709853,6.98164144356018,72,,
2018,4,11,8,0,13.5,-49,46.3,9.3,245,281.0,0,176.38300140584727,0,1012.3,55.87642028494173,6.604655973216164,63,,
2018,4,11,9,0,13.9,-34,58.4,9,233,372.0,0,314.80795892865126,0,1011.9,52.03179609725197,7.277899601624904,55,,
2018,4,11,10,0,13.8,-16,72.1,8.4,182,255.0,0,388.3132609941872,0,1011.5,72.40458288556772,6.955286954311899,50,,
2018,4,11,11,0,13.7,3,75.3,7.8,167,89.0,0,328.2571382064704,0,1011,60.62219577655048,7.562609904255154,49,,
2018,4,11,12,0,13.5,22,76.5,7.4,150,22.0,0,219.35699533240083,0,1010.6,66.05068898199869,8.622212775078848,52,,
2018,4,11,13,0,13.3,39,64.2,7.3,187,48.0,0,267.9504707733918,0,1010.5,83.10009687675057,11.44544192556691,57,,
2018,4,11,14,0,13.1,53,44.5,7.2,212,34.0,0,203.95082620504465,0,1010.3,88.99753059882278,11.721764812495678,66,,
2018,4,11,15,0,12.9,65,46.3,7.1,124,128.0,0,234.7632904675146,0,1010.3,95.87348484651312,10.211075986873087,75,,
2018,4,11,16,0,12.7,76,35.4,7.1,28,74.0,0,117.10081081352882,0,1010.5,104.34719500458004,8.848476515045187,86,,
2018,4,11,17,0,12.5,86,38.7,7.1,1,42.0,0,26.013335449725783,0,1010.6,106.102249773986,7.166150278701437,97,,
2018,4,11,18,0,12.4,96,39.4,7.1,0,0.0,0,0.0,0,1010.7,97.75742578617906,6.59280534277999,108,,
2018,4,11,19,0,12.2,107,45.5,7.3,0,0.0,0,0.0,0,1010.8,101.29119244083188,6.587462808587265,119,,
2018,4,11,20,0,12.1,120,45.5,7.5,0,0.0,0,0.0,0,1010.8,121.90294747780912,5.297824043167294,130,,
2018,4,11,21,0,12,137,43.1,7.6,0,0.0,0,0.0,0,1010.9,173.0205612124605,10.678740746169137,139,,
2018,4,11,22,0,12,159,15.7,7.7,0,0.0,0,0.0,0,1011.1,190.13138114619025,14.879724878137829,145,,
2018,4,11,23,0,12,-175,0,7.8,0,0.0,0,0.0,0,1011.2,198.83847060633468,16.816075554585655,146,,
2018,4,12,0,0,11.8,-151,0,7.8,0,0.0,0,0.0,0,1011.4,203.17286052363897,15.704776692234422,143,,
2018,4,12,1,0,11.6,-130,0,7.6,0,0.0,0,0.0,0,1011.5,194.7664591200247,15.890038480408986,136,,
2018,4,12,2,0,11.3,-115,0,7.5,0,0.0,0,0.0,0,1011.6,193.9126824572845,16.584181692198296,126,,
2018,4,12,3,0,11,-103,0,7.2,0,0.0,0,0.0,0,1011.9,196.1617597151053,18.977791684742986,116,,
2018,4,12,4,0,10.6,-92,0,6.8,0,0.0,0,0.0,0,1012.4,195.20551187569723,20.37871623229429,105,,
2018,4,12,5,0,10.3,-82,0,6.4,2,0.0,2,0.0,0,1012.9,196.77170293663457,21.06118104976272,93,,
2018,4,12,6,0,10.5,-72,0,5.9,26,1.0,84,1.0,0,1013.3,196.72372583189352,20.4682772181415,82,,
2018,4,12,7,0,11.3,-61,0,5.5,47,41.0,241,39.47777258428386,0,1013.7,196.9630525056399,21.61036617242875,72,,
2018,4,12,8,0,12.1,-49,0,5.1,54,41.0,403,106.9526087111313,0,1014.1,200.95078870133105,18.33209047891156,63,,
2018,4,12,9,0,12.5,-33,0,4.6,59,10.0,530,100.82647262812893,0,1014.1,202.27713506038285,17.6475137432508,55,,
2018,4,12,10,0,12.6,-16,0,3.9,62,19.0,605,169.77835222299834,0,1013.9,206.73519027929524,18.49448186503375,51,,
2018,4,12,11,0,12.7,3,0,3.3,64,533.0,621,564.5290620723763,0,1013.7,236.3094398317022,15.750316631828014,49,,
2018,4,12,12,0,12.8,22,0,3.2,64,131.0,578,377.8644647140889,0,1013.5,302.87047629349,13.174123237307516,52,,
2018,4,12,13,0,12.9,39,0,3.5,61,271.0,481,451.3896986012543,0,1013.4,304.82018865301615,15.09217591893958,58,,
2018,4,12,14,0,13.1,53,0,3.9,56,88.0,340,271.1846129693572,0,1013.3,319.01627708333314,15.651409813417116,66,,
2018,4,12,15,0,12.8,65,0,4.2,44,34.0,175,146.2279092840572,0,1013.4,346.11501688895714,14.511686517569274,76,,
2018,4,12,16,0,12.3,76,0,4.4,14,23.0,41,73.68100436452508,0,1013.8,349.23075030805853,13.04493721145617,86,,
2018,4,12,17,0,11.7,85,0,4.6,0,6.0,0,9.97101176542816,0,1014.1,0.7618490588116629,14.468808351156008,97,,
2018,4,12,18,0,11.1,95,0,4.7,0,0.0,0,0.0,0,1014.4,10.878572930683164,14.055068807640453,109,,
2018,4,12,19,0,10.4,106,0,4.7,0,0.0,0,0.0,0,1014.6,11.717068911763477,13.59081782364074,120,,
2018,4,12,20,0,9.7,119,0,4.7,0,0.0,0,0.0,0,1014.8,17.64765366515877,13.243365140330312,130,,
2018,4,12,21,0,9.5,136,0,4.9,0,0.0,0,0.0,0,1014.9,20.126872861524305,12.394336548630609,139,,
2018,4,12,22,0,9.5,159,0,5.2,0,0.0,0,0.0,0,1014.8,20.64127086834162,11.276366946996005,145,,
2018,4,12,23,0,9.6,-175,0,5.4,0,0.0,0,0.0,0,1014.7,23.895666135975603,10.584767871725104,147,,
2018,4,13,0,0,9.5,-150,0,5.6,0,0.0,0,0.0,0,1014.6,27.189005663508222,9.755425010687578,143,,
2018,4,13,1,0,9.2,-130,0,5.7,0,0.0,0,0.0,0,1014.3,20.358060078003973,8.012965949193628,136,,
2018,4,13,2,0,8.9,-115,0,5.8,0,0.0,0,0.0,0,1014.1,20.221594847258928,7.406464831137721,127,,
2018,4,13,3,0,8.7,-102,0,5.9,0,0.0,0,0.0,0,1014.1,19.751513023239568,6.569096224740791,116,,
2018,4,13,4,0,8.4,-92,0,5.9,0,0.0,0,0.0,0,1014.3,24.736504443419,6.094095591991292,105,,
2018,4,13,5,0,8.2,-82,0,6,2,0.0,2,0.0,0,1014.6,29.333842826756666,4.81207194839788,94,,
2018,4,13,6,0,9,-72,0,6.2,27,0.0,78,0.0,0,1014.8,19.59257620185383,3.794658445598736,83,,
2018,4,13,7,0,10.8,-61,0,6.4,50,42.0,228,37.38070684251558,0,1014.9,335.8581038529114,1.9316460558252777,72,,
2018,4,13,8,0,12.6,-48,0,6.7,60,50.0,383,110.73571205112822,0,1015.1,297.2120274615476,2.088585704868735,63,,
2018,4,13,9,0,13.7,-33,0,7,65,62.0,506,189.4803377506641,0,1014.9,276.48769313691827,2.32494721096366,56,,
2018,4,13,10,0,14.2,-16,0,7.2,68,155.0,580,328.11576038940944,0,1014.4,299.72922383166616,5.4297600062078,51,,
2018,4,13,11,0,14.7,3,0,7.4,70,139.0,597,366.4847609401658,0,1013.8,300.6992509413119,6.375954916437173,50,,
2018,4,13,12,0,14.9,22,0,7.7,69,130.0,557,374.5968750122172,0,1013.4,297.9983197978076,6.800844392696993,52,,
2018,4,13,13,0,15,39,0,7.9,66,87.0,462,314.23063923755035,0,1013,282.6539818906439,8.01198755982286,58,,
2018,4,13,14,0,15,53,0,8.1,59,85.0,325,266.00349240803246,0,1012.7,276.4866246051898,9.25160925308472,66,,
2018,4,13,15,0,14.4,65,0,8.4,45,48.0,166,163.65978101610858,0,1012.5,279.1960285663772,8.385362057873316,76,,
2018,4,13,16,0,13.4,75,0,8.6,14,40.0,39,89.14973022057666,0,1012.5,273.8852504523869,8.96812070572761,86,,
2018,4,13,17,0,12.4,85,0,8.8,0,20.0,0,17.134534827418214,0,1012.6,272.2937096783272,7.9362902357674,98,,
2018,4,13,18,0,11.6,95,0,8.8,0,0.0,0,0.0,0,1012.7,254.0000453243884,7.219615492191471,109,,
2018,4,13,19,0,11,106,0,8.6,0,0.0,0,0.0,0,1012.8,233.0320039037212,8.983411604602816,120,,
2018,4,13,20,0,10.5,119,0,8.4,0,0.0,0,0.0,0,1013,227.63022153160404,12.82809843183733,130,,
2018,4,13,21,0,10.4,136,0,8.4,0,0.0,0,0.0,0,1012.9,226.3792676500827,15.132947937886614,139,,
2018,4,13,22,0,10.7,159,0,8.6,0,0.0,0,0.0,0,1012.6,231.2655871902625,15.841736887584386,145,,
2018,4,13,23,0,11.1,-175,0,8.8,0,0.0,0,0.0,0,1012.3,278.0932517013153,14.708997998695413,147,,
2018,4,14,0,0,11.3,-150,0.3,9,0,0.0,0,0.0,0,1011.9,313.0148677568416,13.570404010699145,144,,
2018,4,14,1,0,11.5,-130,16.8,9,0,0.0,0,0.0,0,1011.4,323.84638679196354,12.920638563789035,136,,
2018,4,14,2,0,11.6,-114,40.7,9,0,0.0,0,0.0,0,1011,345.56772655619403,8.044132487518429,127,,
2018,4,14,3,0,11.8,-102,49.9,9.1,0,0.0,0,0.0,0,1010.9,342.7059860669563,11.59703421795652,116,,
2018,4,14,4,0,11.9,-92,61.6,9.3,0,0.0,0,0.0,0,1011,338.60277338895605,11.580949425952772,105,,
2018,4,14,5,0,12.1,-82,63.7,9.4,1,0.0,0,0.0,0,1011.2,333.7276372675247,10.301987833031069,94,,
2018,4,14,6,0,12.6,-72,68.5,9.7,25,0.0,0,0.0,0,1011.3,316.3157363173329,10.630811184814718,83,,
2018,4,14,7,0,13.3,-61,80.3,10.2,44,65.0,0,40.93268048875391,0,1011.5,298.2372215719685,12.227589602488196,72,,
2018,4,14,8,0,14,-48,87.5,10.7,49,24.0,0,86.06587225081921,0,1011.7,286.7887950705152,14.273429684775165,63,,
2018,4,14,9,0,14.6,-33,90.3,10.9,51,13.0,0,110.87220582885588,0,1011.5,286.1641594851068,17.197426506126114,56,,
2018,4,14,10,0,15.2,-15,83.8,10.8,98,7.0,0,123.543394406451,0,1011.1,280.3819728969471,18.78508434412777,51,,
2018,4,14,11,0,15.7,4,85,10.7,92,5.0,0,119.9805057846538,0,1010.6,297.15648099564095,19.94912567475497,50,,
2018,4,14,12,0,16,22,84.8,10.8,87,43.0,0,278.4464825653611,0,1010.1,315.67700507351583,13.485516047905886,53,,
2018,4,14,13,0,16.1,39,83.6,11.1,79,71.0,0,304.72043087107073,0,1009.8,327.94057154368926,16.15941090532783,58,,
2018,4,14,14,0,16.1,53,78.3,11.4,69,3.0,0,72.71418894140915,0,1009.4,325.43007984216075,15.887750170514105,66,,
2018,4,14,15,0,15.9,65,32.8,11.7,72,2.0,21,39.9337801366981,0,1009.2,352.4167883788476,13.260996888505176,76,,
2018,4,14,16,0,15.4,75,3.2,12,27,32.0,12,84.35399047289455,0,1009.1,25.42064445293136,13.098240858365504,87,,
2018,4,14,17,0,15,85,0,12.2,0,17.0,0,16.578237108207187,0,1009.1,20.443442064389217,14.844880852036434,98,,
2018,4,14,18,0,14.8,95,0,12.4,0,0.0,0,0.0,0,1009.1,20.653220321362824,13.764755925208448,109,,
2018,4,14,19,0,14.7,106,0.3,12.6,0,0.0,0,0.0,0,1009.1,12.775411741953064,15.793568073518616,120,,
2018,4,14,20,0,14.7,119,15.3,12.7,0,0.0,0,0.0,0,1009.1,11.584599609791384,14.702080120940217,131,,
2018,4,14,21,0,14.7,136,23.4,12.9,0,0.0,0,0.0,0,1008.8,11.212096796328352,14.104151000526477,140,,
2018,4,14,22,0,14.8,158,8.4,13.1,0,0.0,0,0.0,0,1008.3,8.333564115547233,13.43704705916574,146,,
2018,4,14,23,0,14.9,-175,0,13.2,0,0.0,0,0.0,0,1007.9,0.4668787503773615,13.183054857331015,147,,
2018,4,15,0,0,15.1,-150,0,13.4,0,0.0,0,0.0,0,1007.4,358.9753996359145,12.724690804912608,144,,
2018,4,15,1,0,15.2,-129,0,13.5,0,0.0,0,0.0,0,1007.1,9.628479857232378,11.030632439420142,137,,
2018,4,15,2,0,15.4,-114,0,13.7,0,0.0,0,0.0,0,1006.8,15.031278306623392,12.984304969589564,127,,
2018,4,15,3,0,15.5,-102,0,13.7,0,0.0,0,0.0,0,1006.7,23.19229789760704,14.594440819606293,116,,
2018,4,15,4,0,15.5,-91,0,13.8,0,0.0,0,0.0,0,1006.9,22.140426462924893,12.55043187443191,105,,
2018,4,15,5,0,15.5,-81,0.8,13.8,1,0.0,0,0.0,0,1007.1,12.138459696889186,11.96002549096169,94,,
2018,4,15,6,0,15.9,-71,42.5,14.1,30,0.0,0,0.0,0,1007.4,15.00643295634734,15.747236860947014,83,,
2018,4,15,7,0,16.6,-60,41.8,14.5,145,9.0,12,22.23961426814764,0,1007.7,22.663188856107013,16.168611893876903,73,,
2018,4,15,8,0,17.4,-48,49.6,14.9,185,48.0,7,110.95751431568,0,1008,26.057406250266524,15.280761562724676,64,,
2018,4,15,9,0,17.8,-33,74.8,14.9,128,121.0,0,235.87382117887864,0,1007.9,25.715205688056813,14.398673500118113,56,,
2018,4,15,10,0,18,-15,65.9,14.5,207,224.0,2,353.4426654207168,0,1007.5,23.712798184092264,15.32403936969088,52,,
2018,4,15,11,0,18.2,4,34,14,303,364.0,108,477.3408891425049,0,1007,22.23528414518114,16.66160204428818,51,,
2018,4,15,12,0,18.1,22,32.5,13.8,331,302.0,65,470.3273777278311,0,1006.8,20.36199084288052,17.092991766771814,53,,
2018,4,15,13,0,17.8,39,14.1,13.8,175,288.0,238,443.97335145832017,0,1006.7,20.780971626908013,16.763158885258353,59,,
2018,4,15,14,0,17.5,53,0.5,13.8,73,168.0,281,319.13833737629415,0,1006.6,17.783207510726015,16.60851369043846,67,,
2018,4,15,15,0,17,64,25.1,13.8,74,142.0,83,226.565348026044,0,1006.8,19.90476584398499,16.734850555273507,76,,
2018,4,15,16,0,16.3,75,45.2,13.8,28,46.0,0,88.64713647391517,0,1007.1,17.228924286768972,15.361912410073916,87,,
2018,4,15,17,0,15.7,85,61,13.8,0,5.0,0,8.733202804791691,0,1007.6,17.652334870602942,13.429969900023645,98,,
2018,4,15,18,0,15.3,95,68.7,13.9,0,0.0,0,0.0,0,1007.9,16.59234903068335,11.556395349676782,109,,
2018,4,15,19,0,15.2,106,68.4,14,0,0.0,0,0.0,0,1008.2,14.32139665996317,12.421163481001892,121,,
2018,4,15,20,0,15.1,119,68.8,14.1,0,0.0,0,0.0,0,1008.4,10.615717193696923,11.12820502522636,131,,
2018,4,15,21,0,15,136,68.8,14,0,0.0,0,0.0,0,1008.5,1.4172899977146471,11.9238138509629,140,,
2018,4,15,22,0,14.7,158,24.8,13.7,0,0.0,0,0.0,0,1008.6,355.61813541595785,12.040320984789062,146,,
2018,4,15,23,0,14.5,-175,0,13.4,0,0.0,0,0.0,0,1008.6,345.2296493241367,13.767691349987771,148,,
2018,4,16,0,0,14.2,-149,0,13,0,0.0,0,0.0,0,1008.8,344.9550832376677,15.361766023693592,144,,
2018,4,16,1,0,13.8,-129,0,12.6,0,0.0,0,0.0,0,1009.1,345.1000999957765,17.296661709897904,137,,
2018,4,16,2,0,13.5,-113,0,12.2,0,0.0,0,0.0,0,1009.4,347.1817066934454,18.254989284955247,127,,
2018,4,16,3,0,13.2,-101,0,11.8,0,0.0,0,0.0,0,1010,348.92841649825857,18.369480163583653,117,,
2018,4,16,4,0,12.8,-91,0,11.3,0,0.0,0,0.0,0,1010.9,354.3574368573105,18.43429158792153,105,,
2018,4,16,5,0,12.4,-81,0.2,10.8,1,0.0,0,0.0,0,1011.7,1.1304928737952196,18.116075056367503,94,,
2018,4,16,6,0,12.5,-71,11.7,10,55,0.0,22,0.0,0,1012.4,14.154833025544804,17.02193981268267,83,,
2018,4,16,7,0,12.9,-60,29.8,9.1,164,6.0,12,16.141279912049914,0,1012.8,19.707073002167988,18.66033893932585,73,,
2018,4,16,8,0,13.4,-47,38.8,8.2,259,43.0,0,98.7644919220151,0,1013.1,27.02266902958433,17.07425563147617,64,,
2018,4,16,9,0,13.6,-32,37.5,7.7,334,169.0,13,244.0119902413439,0,1013.3,28.96488272472357,16.127372591177405,57,,
2018,4,16,10,0,13.6,-15,32.3,7.6,363,539.0,64,455.290736841694,0,1013.4,35.09660380333361,18.079654572845666,52,,
2018,4,16,11,0,13.5,4,35.3,7.5,383,695.0000000000001,36,588.0313322098502,0,1013.4,38.33949405194795,17.664306328502377,51,,
2018,4,16,12,0,13.6,22,45.3,7.4,331,690.0000000000001,2,620.8630650558334,0,1013.4,39.81905808825815,17.794563565348593,53,,
2018,4,16,13,0,13.6,38,67.5,7.4,172,667.0,0,595.5158631447657,0,1013.4,37.53903589619199,17.60227460305413,59,,
2018,4,16,14,0,13.7,52,66.9,7.4,114,637.0,0,518.499602938459,0,1013.3,39.67069279420423,17.12954396851727,67,,
2018,4,16,15,0,13.6,64,61.1,7.4,74,538.0,0,376.6477565619901,0,1013.5,37.62705442171693,16.309920198326015,77,,
2018,4,16,16,0,13.5,75,44.2,7.4,18,369.0,0,198.6103255657601,0,1013.8,36.92717071317151,15.533503854344984,87,,
2018,4,16,17,0,13.4,85,12.5,7.4,0,124.0,0,33.56682200458638,0,1014.1,37.79634263387743,14.47738081898657,98,,
2018,4,16,18,0,13.2,94,0,7.6,0,0.0,0,0.0,0,1014.3,41.08583418423939,12.713209677141782,110,,
2018,4,16,19,0,13,105,0,7.8,0,0.0,0,0.0,0,1014.5,37.10391665076156,12.134134415867765,121,,
2018,4,16,20,0,12.8,118,0,8,0,0.0,0,0.0,0,1014.7,37.590519641884384,12.679811468828715,131,,
2018,4,16,21,0,12.7,136,0,8.3,0,0.0,0,0.0,0,1014.6,39.271414965107965,13.566309538896622,140,,
2018,4,16,22,0,12.7,158,0,8.7,0,0.0,0,0.0,0,1014.3,38.071631158971456,13.55698577349159,146,,
2018,4,16,23,0,12.8,-175,0,9.1,0,0.0,0,0.0,0,1014,35.47390166627673,13.181939812793392,148,,
2018,4,17,0,0,12.8,-149,0,9.3,0,0.0,0,0.0,0,1013.6,35.93188270552656,13.257880193282372,145,,
2018,4,17,1,0,12.8,-128,0,9.4,0,0.0,0,0.0,0,1013.3,37.36150691572038,14.056425615844487,137,,
2018,4,17,2,0,12.8,-113,0,9.5,0,0.0,0,0.0,0,1012.9,41.55445490749605,13.175899712046702,128,,
2018,4,17,3,0,12.8,-101,0,9.6,0,0.0,0,0.0,0,1012.8,45.28920120089998,13.304514771268172,117,,
2018,4,17,4,0,12.8,-91,0,9.6,0,0.0,0,0.0,0,1013,48.37538265280404,13.150381652838036,106,,
2018,4,17,5,0,12.8,-81,0.3,9.7,1,0.0,0,0.0,0,1013.2,47.39449137246498,12.86293152334594,94,,
2018,4,17,6,0,13.2,-71,14.7,9.8,58,0.0,13,0.0,0,1013.2,51.01990484168573,12.018208668678575,83,,
2018,4,17,7,0,14,-60,12,9.9,96,43.0,136,29.881673309636003,0,1013.1,49.98612201726303,10.618472467155703,73,,
2018,4,17,8,0,14.8,-47,16,10,194,85.0,150,112.01784987233084,0,1012.9,53.72468000378439,8.121433384900248,64,,
2018,4,17,9,0,15.1,-32,30.2,9.7,327,203.0,46,242.69231027842227,0,1012.3,52.54324690957742,8.685953664721733,57,,
2018,4,17,10,0,15.2,-15,39.4,9.1,370,402.0,2,408.4035686876937,0,1011.4,52.71527161463951,9.12479970659929,52,,
2018,4,17,11,0,15.2,4,35.1,8.5,377,411.0,35,477.4492059466686,0,1010.5,52.72900791502025,9.437291787231723,51,,
2018,4,17,12,0,15.1,22,35.4,8.3,367,440.0,20,515.5820808720856,0,1009.6,49.83065047877256,9.635063193083807,54,,
2018,4,17,13,0,15,38,41.9,8.4,293,417.0,0,487.47014118304105,0,1008.7,47.13746777313122,10.33101619933611,59,,
2018,4,17,14,0,14.8,52,57,8.6,161,320.0,0,383.9748459979648,0,1007.9,49.01209843941524,10.3332695375801,67,,
2018,4,17,15,0,14.4,64,62.7,8.7,68,161.0,0,223.6902312292992,0,1007.4,51.69654255440872,10.12758391870286,77,,
2018,4,17,16,0,13.8,75,22.3,8.9,16,74.0,0,97.8096046786248,0,1007.1,53.2562431701644,10.180053967827476,88,,
2018,4,17,17,0,13.2,84,0,9.1,0,30.0,0,16.102366040243233,0,1006.9,57.037639749123,8.780910831566906,99,,
2018,4,17,18,0,12.8,94,0,9.1,0,0.0,0,0.0,0,1006.5,57.93810697869009,7.714205608775122,110,,
2018,4,17,19,0,12.7,105,0,9.2,0,0.0,0,0.0,0,1005.9,55.4587991662836,7.010770175706338,121,,
2018,4,17,20,0,12.7,118,0,9.2,0,0.0,0,0.0,0,1005.4,55.166123638184274,5.637641138648753,132,,
2018,4,17,21,0,12.6,135,0,9.3,0,0.0,0,0.0,0,1004.6,57.31783042195099,5.227530989844668,141,,
2018,4,17,22,0,12.6,158,0,9.4,0,0.0,0,0.0,0,1003.8,75.0928779879464,4.636009496291146,147,,
2018,4,17,23,0,12.6,-174,0,9.5,0,0.0,0,0.0,0,1002.9,85.94456213216398,4.4912261000458376,148,,
2018,4,18,0,0,12.7,-149,0,9.5,0,0.0,0,0.0,0,1002.1,82.61693950962359,3.6173934383554487,145,,
2018,4,18,1,0,12.7,-128,0,9.5,0,0.0,0,0.0,0,1001.3,67.94709132195004,4.534119966513366,137,,
2018,4,18,2,0,12.8,-113,0,9.5,0,0.0,0,0.0,0,1000.6,81.67884654228152,3.903644738208837,128,,
2018,4,18,3,0,12.9,-101,0,9.4,0,0.0,0,0.0,0,1000.3,92.86523550455657,3.702137916125353,117,,
2018,4,18,4,0,12.9,-90,0,9.3,0,0.0,0,0.0,0,1000.2,97.50342473931327,3.810214538003223,106,,
2018,4,18,5,0,12.9,-80,0.1,9.2,1,0.0,1,0.0,0,1000.2,95.23051155346764,3.650209262153178,94,,
2018,4,18,6,0,13.4,-70,6.6,9.3,47,0.0,28,0.0,0,1000.1,96.32487201913244,3.428338222079824,84,,
2018,4,18,7,0,14.4,-59,13.2,9.5,124,175.0,85,40.06214261200949,0,1000,84.052006359139,2.820114107630264,73,,
2018,4,18,8,0,15.4,-47,28,9.7,240,299.0,43,163.78414656776656,0,999.9,90.1713353405562,2.61256050925018,64,,
2018,4,18,9,0,15.7,-32,61.1,10.1,193,228.0,3,252.87553099868256,0,999.5,111.45255849382136,1.9285289823437703,57,,
2018,4,18,10,0,15.5,-15,71.1,10.7,174,234.0,0,344.503580966638,0,998.9,109.8919570471794,1.1538014647803991,53,,
2018,4,18,11,0,15.2,4,83.1,11.2,103,239.0,0,402.1695923110844,0,998.3,52.55135115006516,1.1021558367575284,52,,
2018,4,18,12,0,14.6,22,84.5,11.5,85,356.0,0,481.4799150611794,0,998,0.0,1.397705078125,54,,
2018,4,18,13,0,13.9,38,85.7,11.7,68,471.0,0,514.369854101165,0,998.1,32.37643640229737,1.358668351935732,60,,
2018,4,18,14,0,13.2,52,84.2,11.8,48,393.0,0,418.5997825658295,0,998.3,351.45552960792503,1.4131456637991209,68,,
2018,4,18,15,0,12.5,64,54.3,11.2,58,242.0,0,264.03448520525774,0,998.8,327.01796695621255,2.4110173151002834,77,,
2018,4,18,16,0,11.9,74,14,10.3,23,86.0,0,103.0761248844167,0,999.8,310.5297960441292,2.631343080591332,88,,
2018,4,18,17,0,11.3,84,0,9.3,0,15.0,0,11.978138518509784,0,1000.7,312.0133630095248,3.021737816111995,99,,
2018,4,18,18,0,10.8,94,0,8.5,0,0.0,0,0.0,0,1001.6,306.63137164704824,4.093394846470827,110,,
2018,4,18,19,0,10.4,105,0,7.9,0,0.0,0,0.0,0,1002.4,328.9174783266271,3.534863075197114,121,,
2018,4,18,20,0,10,118,0,7.3,0,0.0,0,0.0,0,1003.2,327.15008758117744,2.359760897069197,132,,
2018,4,18,21,0,9.8,135,0,7.2,0,0.0,0,0.0,0,1004,319.9399985861614,2.175147972883116,141,,
2018,4,18,22,0,9.7,158,0,7.3,0,0.0,0,0.0,0,1004.6,317.3432152550483,1.6382806285880624,147,,
2018,4,18,23,0,9.6,-174,0,7.5,0,0.0,0,0.0,0,1005.3,331.15238011494347,1.1815333294035832,149,,
2018,4,19,0,0,9.4,-148,0,7.3,0,0.0,0,0.0,0,1006.1,197.9474357220769,0.3810929584690459,145,,
2018,4,19,1,0,9.2,-128,0,6.9,0,0.0,0,0.0,0,1007.1,108.7932856246556,2.049189823832162,138,,
2018,4,19,2,0,8.9,-112,0,6.5,0,0.0,0,0.0,0,1008,126.28793919826091,2.403688442118453,128,,
2018,4,19,3,0,8.6,-100,0,6,0,0.0,0,0.0,0,1009.3,132.6544866229416,2.6785811317358923,117,,
2018,4,19,4,0,8.4,-90,0,5.5,0,0.0,0,0.0,0,1010.8,129.1741705112147,3.134468126292238,106,,
2018,4,19,5,0,8.2,-80,0,5,1,0.0,1,0.0,0,1012.4,124.40252745513538,2.739111694137892,95,,
2018,4,19,6,0,8.6,-70,0,4.3,27,0.0,62,0.0,0,1013.8,108.2467665723142,3.3614050209696766,84,,
2018,4,19,7,0,9.5,-59,0,3.6,51,16.0,201,21.232488869413388,0,1015,88.84012067911624,4.43840941660569,74,,
2018,4,19,8,0,10.4,-47,0,2.8,60,36.0,357,86.94812081817742,0,1016.3,90.24350625852486,5.28495983878136,65,,
2018,4,19,9,0,11,-32,0,2.3,61,65.0,484,174.08776073697717,0,1017.2,91.09520089214344,4.713263378744896,57,,
2018,4,19,10,0,11.3,-15,0,2.1,59,97.0,564,260.0574768263548,0,1017.9,94.26230794592112,3.4294067824058763,53,,
2018,4,19,11,0,11.5,4,0.3,1.9,61,137.0,579,334.5885332281499,0,1018.5,89.24103729877396,3.022726128057132,52,,
2018,4,19,12,0,11.6,22,14.4,1.7,199,133.0,317,345.74381073634606,0,1019.1,76.68569357069146,3.0828630415209624,55,,
2018,4,19,13,0,11.5,38,8,1.6,135,93.0,318,293.28715712368074,0,1019.8,64.36834611655456,4.530822523276183,60,,
2018,4,19,14,0,11.5,52,0,1.4,50,67.0,304,222.59174020829207,0,1020.5,56.79466220814771,4.834298541716461,68,,
2018,4,19,15,0,11.1,64,0,1.6,39,117.0,144,197.64273343600823,0,1021.3,59.40335598074751,5.280054081148555,78,,
2018,4,19,16,0,10.6,74,0,1.9,12,199.0,31,142.34738499674734,0,1022.1,63.84454723135934,5.620448072090595,88,,
2018,4,19,17,0,10,84,0,2.2,0,96.0,0,26.197899304358156,0,1023,63.39899253052681,5.393423227686602,99,,
2018,4,19,18,0,9.4,94,0,2.4,0,0.0,0,0.0,0,1023.8,63.18193690231829,5.835124320452187,111,,
2018,4,19,19,0,8.6,105,0,2.6,0,0.0,0,0.0,0,1024.6,75.67787269792643,6.811806774741006,122,,
2018,4,19,20,0,7.8,118,0,2.8,0,0.0,0,0.0,0,1025.3,82.23923349639767,7.0166614081286784,132,,
2018,4,19,21,0,7.6,135,0,3.1,0,0.0,0,0.0,0,1025.7,94.2578338724665,7.036999941146219,141,,
2018,4,19,22,0,7.6,158,0,3.6,0,0.0,0,0.0,0,1025.8,121.588779551821,5.922454770375619,147,,
2018,4,19,23,0,7.7,-174,0,4,0,0.0,0,0.0,0,1025.9,159.20341582309902,4.893797518814913,149,,
2018,4,20,0,0,7.7,-148,0,4.2,0,0.0,0,0.0,0,1025.9,175.76147848059577,5.344695805064353,145,,
2018,4,20,1,0,7.5,-127,0,4.2,0,0.0,0,0.0,0,1025.8,173.52240856660478,4.609504956498581,138,,
2018,4,20,2,0,7.4,-112,0,4.1,0,0.0,0,0.0,0,1025.8,181.9185501135828,6.198543081497415,128,,
2018,4,20,3,0,7.2,-100,0,4,0,0.0,0,0.0,0,1026.1,183.13557325265296,7.310994103235615,117,,
2018,4,20,4,0,7.1,-90,0,3.8,0,0.0,0,0.0,0,1026.5,185.68844644570083,7.918878718491427,106,,
2018,4,20,5,0,7.1,-80,0,3.6,1,0.0,1,0.0,0,1027,187.2431147548292,8.109635894635893,95,,
2018,4,20,6,0,7.9,-70,0,3.9,27,0.0,57,0.0,0,1027.3,186.8433873721796,7.238828445889575,84,,
2018,4,20,7,0,9.4,-59,0,4.4,54,60.0,186,29.696242918665725,0,1027.6,190.0158433611901,7.316337169640852,74,,
2018,4,20,8,0,11,-46,2.6,4.9,91,263.0,295,154.81563817274147,0,1027.9,192.10524696695583,6.9851556508096335,65,,
2018,4,20,9,0,11.9,-32,19,5.1,238,572.0000000000001,178,343.9416295825196,0,1027.8,183.47274816876663,4.868803757063487,58,,
2018,4,20,10,0,12.3,-14,25.3,5,313,725.0,132,493.6769366350327,0,1027.4,180.1599782658245,3.5849749118799625,53,,
2018,4,20,11,0,12.7,4,9.3,4.9,160,766.0,395,590.9868535945297,0,1026.9,200.20938815053069,3.9294084028933054,52,,
2018,4,20,12,0,12.9,22,30.2,4.9,207,765.0,197,626.5892878483091,0,1026.6,207.99130693501647,4.176015221060129,55,,
2018,4,20,13,0,13.1,38,16.9,5.1,141,755.0,239,607.2808288687247,0,1026.3,221.34596882631564,3.716413132326571,60,,
2018,4,20,14,0,13.2,52,0,5.2,56,698.0000000000001,277,519.7411712565145,0,1026,224.32441659925112,2.708635138543956,68,,
2018,4,20,15,0,13,63,0,5.5,41,595.0,127,375.6560022146199,0,1026,223.91106704328536,2.516242301027105,78,,
2018,4,20,16,0,12.6,74,0,5.8,13,406.0,26,192.07663190488677,0,1026.1,224.53412388283132,2.3991669406097915,88,,
2018,4,20,17,0,12.2,84,0,6.1,0,112.0,0,25.69812072206048,0,1026.2,237.5930209127484,2.9906597669567625,100,,
2018,4,20,18,0,11.5,93,0,6.3,0,0.0,0,0.0,0,1026.1,233.7821036027088,4.561281655563188,111,,
2018,4,20,19,0,10.6,104,0,6.3,0,0.0,0,0.0,0,1026.1,220.73141487626984,5.10720015969079,122,,
2018,4,20,20,0,9.8,117,0,6.4,0,0.0,0,0.0,0,1026,212.8488635373548,6.567729791600635,133,,
2018,4,20,21,0,9.4,135,0,6.6,0,0.0,0,0.0,0,1025.8,214.144257115206,6.748161577721104,142,,
2018,4,20,22,0,9.4,158,0,6.8,0,0.0,0,0.0,0,1025.6,214.89924830078,7.065604565610697,148,,
2018,4,20,23,0,9.5,-174,0,7.1,0,0.0,0,0.0,0,1025.3,214.69107096988364,7.151117279049366,149,,
2018,4,21,0,0,9.4,-148,0,7.3,0,0.0,0,0.0,0,1025.1,215.7106420874944,7.906549926768321,146,,
2018,4,21,1,0,9.3,-127,0,7.3,0,0.0,0,0.0,0,1025,210.35042811406683,8.366604058932554,138,,
2018,4,21,2,0,9.2,-112,0,7.3,0,0.0,0,0.0,0,1024.8,207.4678976459899,8.585252205155115,128,,
2018,4,21,3,0,9.2,-100,0,7.5,0,0.0,0,0.0,0,1024.9,204.26620865582385,8.473524883620891,117,,
2018,4,21,4,0,9.3,-89,0,7.6,0,0.0,0,0.0,0,1025.1,202.7735733441948,8.67348373543702,106,,
2018,4,21,5,0,9.4,-79,0,7.8,1,0.0,1,0.0,0,1025.4,203.8605638202336,8.862429312678316,95,,
2018,4,21,6,0,10.2,-70,1.2,8.1,27,0.0,54,0.0,0,1025.4,206.9044034941764,9.254077231879442,84,,
2018,4,21,7,0,11.5,-59,0.7,8.4,50,157.0,185,31.36916217955112,0,1025.2,209.19962903031976,9.04991861644002,74,,
2018,4,21,8,0,12.9,-46,0,8.7,68,353.0,322,158.5987831966236,0,1024.9,205.79871685960592,9.518552445724222,65,,
2018,4,21,9,0,13.8,-31,0,8.8,114,467.0,385,303.23804156521953,0,1024.4,213.6189589313835,8.511255403103222,58,,
2018,4,21,10,0,14.4,-14,0,8.7,183,556.0,358,440.07191510065314,0,1023.8,220.081093767852,9.237111191316457,54,,
2018,4,21,11,0,14.9,4,0.2,8.5,221,688.0,314,562.5278137664807,0,1023.1,224.08924133318635,9.112228970493623,53,,
2018,4,21,12,0,15.2,22,8.7,8.5,275,697.0000000000001,177,599.8551931935901,0,1022.6,226.43777236145337,8.31820150827014,55,,
2018,4,21,13,0,15.3,38,4.9,8.5,235,673.0,122,573.7919309694703,0,1022.3,220.27015592349133,8.384878257778698,61,,
2018,4,21,14,0,15.3,51,0,8.6,157,557.0,80,463.68570799221465,0,1022,216.6681563768473,8.209572374594414,69,,
2018,4,21,15,0,15,63,0,8.8,84,295.0,23,267.27575259556664,0,1021.9,217.68948160082968,7.294886941072908,78,,
2018,4,21,16,0,14.6,74,0,9,20,104.0,3,100.99417932043384,0,1022,210.839187540172,7.934340501479654,89,,
2018,4,21,17,0,14.1,83,0,9.3,0,21.0,0,11.46976677944155,0,1022.1,210.1269909360592,6.370578962586533,100,,
2018,4,21,18,0,13.3,93,0,9.2,0,0.0,0,0.0,0,1022,206.08529929380228,6.532866670301359,111,,
2018,4,21,19,0,12.5,104,0,9,0,0.0,0,0.0,0,1021.9,203.94808796514025,7.2981974120229856,122,,
2018,4,21,20,0,11.6,117,0,8.7,0,0.0,0,0.0,0,1021.7,201.0094367211023,8.80010675587706,133,,
2018,4,21,21,0,11.1,134,0,8.5,0,0.0,0,0.0,0,1021.4,198.8868112404353,9.6230885632717,142,,
2018,4,21,22,0,10.8,158,0,8.3,0,0.0,0,0.0,0,1020.9,198.9644877419936,9.915661709149754,148,,
2018,4,21,23,0,10.6,-174,0,8,0,0.0,0,0.0,0,1020.4,198.0712108959572,10.203260508480124,150,,
2018,4,22,0,0,10.3,-147,0,7.8,0,0.0,0,0.0,0,1020.1,223.9194365771036,2.0688624072004806,146,,
2018,4,22,1,0,9.9,-127,0,7.6,0,0.0,0,0.0,0,1019.8,206.8355374352739,2.359034330518464,138,,
2018,4,22,2,0,9.6,-111,0,7.4,0,0.0,0,0.0,0,1019.5,179.51846257748093,3.282586633827517,129,,
2018,4,22,3,0,9.3,-99,0,7.4,0,0.0,0,0.0,0,1019.5,183.45917611353755,5.094242429041447,118,,
2018,4,22,4,0,9.2,-89,0,7.5,0,0.0,0,0.0,0,1019.5,185.98422915063367,4.964553692476144,106,,
2018,4,22,5,0,9,-79,0,7.6,1,0.0,1,0.0,0,1019.6,186.5411964235057,4.695606501763844,95,,
2018,4,22,6,0,10.2,-69,0,8.3,27,0.0,51,0.0,0,1019.5,194.66795214610627,7.137648556861866,84,,
2018,4,22,7,0,12.4,-58,0,9.4,58,113.0,170,29.66479688109683,0,1019.3,196.42956389809808,8.520515738322334,74,,
2018,4,22,8,0,14.7,-46,0,10.5,75,320.0,307,153.3237153156021,0,1019.1,193.7287678763536,7.447893113763732,65,,
2018,4,22,9,0,16,-31,0,10.7,80,475.0,425,306.17300198584906,0,1018.6,197.33361710483203,6.133527526964422,58,,
2018,4,22,10,0,16.4,-14,0,10.3,85,591.0,492,443.2907125622878,0,1018,206.20414503562765,5.338718209177592,54,,
2018,4,22,11,0,16.8,4,0,9.8,90,630.0,501,531.9778406161722,0,1017.3,217.63916390195828,5.051627180474181,53,,
2018,4,22,12,0,16.9,22,0,9.7,93,656.0,456,573.9855168475037,0,1016.7,222.1043702765665,5.812913536414734,56,,
2018,4,22,13,0,16.9,38,0,10,89,637.0,364,550.2859316765794,0,1016.3,235.2065454881753,5.147911496419046,61,,
2018,4,22,14,0,16.9,51,0,10.3,73,577.0,243,463.58231472044565,0,1015.8,236.72511201516508,4.78441480225116,69,,
2018,4,22,15,0,16.5,63,0,10.6,46,458.0,111,321.3521034948503,0,1015.6,245.72662673087484,3.746226382965498,79,,
2018,4,22,16,0,15.8,73,0,11,12,279.0,23,152.1161678151206,0,1015.6,251.31969744896,3.3173337971522425,89,,
2018,4,22,17,0,15.1,83,0,11.4,0,52.0,0,15.874634888600566,0,1015.7,257.8159489385933,3.1510566816156125,100,,
2018,4,22,18,0,14.3,93,0,11.4,0,0.0,0,0.0,0,1015.6,265.03344371320884,3.23455657080765,111,,
2018,4,22,19,0,13.4,104,0,11.2,0,0.0,0,0.0,0,1015.3,345.33313215719124,3.416252516247646,123,,
2018,4,22,20,0,12.5,117,0,10.9,0,0.0,0,0.0,0,1015.1,26.774971490584846,4.917089709438955,133,,
2018,4,22,21,0,12,134,0,10.8,0,0.0,0,0.0,0,1014.7,48.75399705289868,4.993953601377182,142,,
2018,4,22,22,0,11.9,158,0,10.8,0,0.0,0,0.0,0,1014.2,70.94569528809069,4.242455700568303,149,,
2018,4,22,23,0,11.8,-174,0,10.8,0,0.0,0,0.0,0,1013.7,69.41492507872988,3.327443666518658,150,,
2018,4,23,0,0,11.7,-147,0.6,10.8,0,0.0,0,0.0,0,1013.3,75.03413301370011,2.197084031124524,146,,
2018,4,23,1,0,11.7,-126,33.1,10.8,0,0.0,0,0.0,0,1012.8,93.30495914847636,0.5208858527088988,139,,
2018,4,23,2,0,11.6,-111,51.2,10.8,0,0.0,0,0.0,0,1012.4,83.36188787094022,0.8659124193307326,129,,
2018,4,23,3,0,11.6,-99,51.6,10.8,0,0.0,0,0.0,0,1012.2,58.1800676590712,1.5271192029493414,118,,
2018,4,23,4,0,11.7,-89,51.9,10.8,0,0.0,0,0.0,0,1012.1,37.04941639467012,0.5766141584044085,107,,
2018,4,23,5,0,11.8,-79,51.8,10.8,1,0.0,0,0.0,0,1012.1,2.65529298653297,1.3491047469207358,95,,
2018,4,23,6,0,12.4,-69,39.2,11,49,0.0,3,0.0,0,1011.9,27.476731049089267,2.8065769238765546,85,,
2018,4,23,7,0,13.4,-58,11.6,11.2,70,146.0,141,28.451669032610145,0,1011.7,68.1399492632288,3.1892828349843603,74,,
2018,4,23,8,0,14.5,-46,0,11.4,75,527.0,306,176.17592990757603,0,1011.3,105.53219098575318,2.59476023843467,66,,
2018,4,23,9,0,15.1,-31,0.5,11.3,86,676.0,412,346.6031296405599,0,1010.6,116.53614311721356,1.9476067216545645,59,,
2018,4,23,10,0,15.4,-14,28,11,248,677.0,160,473.1137936375794,0,1009.6,151.3895403340348,0.7831227553838542,54,,
2018,4,23,11,0,15.6,4,51.8,10.7,285,729.0,0,572.2220659817879,0,1008.6,230.1944289077348,0.4881406047441659,53,,
2018,4,23,12,0,15.7,22,49.3,10.5,278,464.0,0,499.5222942832056,0,1007.7,256.98379311960616,1.9424876342536948,56,,
2018,4,23,13,0,15.7,37,44.1,10.4,252,677.0,2,569.6748435462523,0,1006.9,251.2444421363218,2.2627315592424777,61,,
2018,4,23,14,0,15.8,51,18.4,10.3,126,654.0,120,495.31408287533714,0,1006.1,252.0078013461428,2.557691948064952,69,,
2018,4,23,15,0,15.5,63,35.5,10.4,53,543.0,67,350.96588882920105,0,1005.5,235.70261173761543,3.3985421701733065,79,,
2018,4,23,16,0,15.1,73,71.5,10.6,16,401.0,0,183.79449924529604,0,1005.2,227.41834112484315,3.813071911549653,89,,
2018,4,23,17,0,14.6,83,79.7,10.8,0,81.0,0,18.780757571289094,0,1004.8,222.1835042363187,5.863674331084099,100,,
2018,4,23,18,0,14.1,93,80.9,10.9,0,0.0,0,0.0,0,1004.3,213.7896093257212,7.210368595846643,112,,
2018,4,23,19,0,13.6,104,85.9,10.9,0,0.0,0,0.0,0,1003.6,211.564397626704,7.440960395652481,123,,
2018,4,23,20,0,13.1,117,92.7,10.9,0,0.0,0,0.0,0,1003,205.03148774369484,8.396014200176072,133,,
2018,4,23,21,0,12.8,134,92.2,11,0,0.0,0,0.0,0,1002.1,197.8544804838754,9.434355167596776,143,,
2018,4,23,22,0,12.7,158,95.3,11,0,0.0,0,0.0,0,1001.1,196.46851592261888,10.185428645763556,149,,
2018,4,23,23,0,12.5,-173,97.7,11,0,0.0,0,0.0,0,1000.2,195.7505979498076,11.392608828268626,150,,
2018,4,24,0,0,12.4,-147,97.7,11.2,0,0.0,0,0.0,0,999.3,195.73230286700849,11.451443089411583,147,,
2018,4,24,1,0,12.3,-126,88.6,11.3,0,0.0,0,0.0,0,998.4,196.7780115367169,11.838940501959565,139,,
2018,4,24,2,0,12.2,-110,92.7,11.5,0,0.0,0,0.0,0,997.6,196.79933221886435,12.101414629708188,129,,
2018,4,24,3,0,12.2,-99,99.3,11.6,0,0.0,0,0.0,0,997,196.6636709441992,12.3537633239279,118,,
2018,4,24,4,0,12.2,-88,98.7,11.6,0,0.0,0,0.0,0,996.5,196.2272290418244,12.149044980870713,107,,
2018,4,24,5,0,12.3,-79,96.6,11.6,1,0.0,0,0.0,0,996.1,192.9127863320356,11.198227124309248,96,,
2018,4,24,6,0,12.6,-69,62.7,11.9,40,0.0,0,0.0,0,995.8,195.6355325755865,11.074857426278925,85,,
2018,4,24,7,0,13,-58,53.2,12.3,96,12.0,0,14.00425012633632,0,995.5,197.3369272795954,11.518410771446376,75,,
2018,4,24,8,0,13.5,-45,58.4,12.8,154,14.0,0,53.45215822546175,0,995.2,197.20115440479665,11.201197970558638,66,,
2018,4,24,9,0,13.6,-31,67.2,13,157,21.0,0,108.05155859301162,0,994.8,199.1153850640979,9.985657634940836,59,,
2018,4,24,10,0,13.6,-14,68.5,13,177,51.0,0,204.6773248076836,0,994.2,206.48739790610324,9.10325072843691,55,,
2018,4,24,11,0,13.5,4,74.9,12.9,144,69.0,0,261.0504732331732,0,993.6,209.6032457044483,9.175206818835193,54,,
2018,4,24,12,0,13.5,22,86.2,12.9,75,153.0,0,347.47546446177205,0,993.3,221.62375059836413,7.595072882222857,56,,
2018,4,24,13,0,13.5,37,91.8,12.8,37,285.0,0,404.63527956072966,0,993.1,250.1935816706771,6.980318807518898,62,,
2018,4,24,14,0,13.4,51,91,12.8,25,221.0,0,317.28451171532146,0,993,276.0873017403926,6.19999793287212,70,,
2018,4,24,15,0,13.3,63,58,12.6,42,180.0,0,218.03327870330745,0,993.1,331.0277028962977,7.824408115146552,79,,
2018,4,24,16,0,13.1,73,64.6,12.4,19,98.0,0,95.85829071013634,0,993.3,356.89254123959364,8.39491205430101,90,,
2018,4,24,17,0,12.9,83,77.6,12.2,0,25.0,0,10.597556525545109,0,993.6,10.276365904683018,8.785957635717029,101,,
2018,4,24,18,0,12.7,92,75.8,12,0,0.0,0,0.0,0,994,12.413068126795622,8.560217260707477,112,,
2018,4,24,19,0,12.5,103,71.9,11.8,0,0.0,0,0.0,0,994.5,359.38787294256633,7.495544954201891,123,,
2018,4,24,20,0,12.2,116,70,11.6,0,0.0,0,0.0,0,995,358.522124445427,7.269996427301633,134,,
2018,4,24,21,0,12.1,134,69.1,11.4,0,0.0,0,0.0,0,995.3,356.032174421312,6.971789052340298,143,,
2018,4,24,22,0,12,158,24.8,11.2,0,0.0,0,0.0,0,995.5,358.2382483638849,7.401203581031925,149,,
2018,4,24,23,0,12,-173,0,11,0,0.0,0,0.0,0,995.7,6.406104759382629,7.124563638810241,151,,
2018,4,25,0,0,11.8,-146,0,10.8,0,0.0,0,0.0,0,995.9,3.611003663476936,6.946408231483406,147,,
2018,4,25,1,0,11.7,-125,0,10.6,0,0.0,0,0.0,0,996.1,3.258465919074922,7.301844079147182,139,,
2018,4,25,2,0,11.5,-110,0,10.3,0,0.0,0,0.0,0,996.3,7.13260461950091,6.402081952610565,129,,
2018,4,25,3,0,11.4,-98,0,10.1,0,0.0,0,0.0,0,996.8,5.451969745593431,6.210713244534212,118,,
2018,4,25,4,0,11.3,-88,0,10,0,0.0,0,0.0,0,997.4,7.031603681474451,6.166496772831461,107,,
2018,4,25,5,0,11.1,-78,0,9.8,1,0.0,1,0.0,0,998,11.064870754065566,6.212906823951112,96,,
2018,4,25,6,0,11.6,-68,2.5,9.8,29,0.0,42,0.0,0,998.5,6.260131336232291,4.997328002559462,85,,
2018,4,25,7,0,12.4,-58,1.8,10,54,21.0,162,18.0,0,999,350.6828891685836,4.355061964531457,75,,
2018,4,25,8,0,13.3,-45,21.1,10.1,189,55.0,94,90.43905726154198,0,999.5,356.66087410398035,3.9065345660508526,66,,
2018,4,25,9,0,13.8,-30,32.5,10,297,77.0,36,171.55938676287622,0,999.8,345.02387580485095,2.660433728146692,59,,
2018,4,25,10,0,14,-14,42.9,9.6,306,135.0,15,266.1172132649362,0,999.8,327.00835034898523,2.5664239125101225,55,,
2018,4,25,11,0,14.1,4,59.6,9.2,235,267.0,0,385.0682230867201,0,999.8,319.7414864843402,3.7446330845573614,54,,
2018,4,25,12,0,14,22,76.7,9,128,394.0,0,464.1829831422733,0,1000,311.5498795685411,4.8738178935168674,57,,
2018,4,25,13,0,13.9,37,63,8.9,153,409.0,3,451.7705667578906,0,1000.4,312.6914895932656,6.493008819849336,62,,
2018,4,25,14,0,13.8,51,18.7,8.8,102,289.0,129,341.3744197635874,0,1000.8,325.2565984406766,7.53624458818341,70,,
2018,4,25,15,0,13.5,62,0.7,8.6,40,245.0,105,238.9608180794695,0,1001.4,332.81173451095634,7.709213048550539,79,,
2018,4,25,16,0,13,73,0.4,8.3,12,85.0,19,86.8987743719642,0,1002,338.27168947736027,7.320147016806429,90,,
2018,4,25,17,0,12.6,82,0,8.1,0,7.0,0,5.696286479657175,0,1002.7,337.2338452365804,6.6345618898623,101,,
2018,4,25,18,0,12.2,92,0,7.7,0,0.0,0,0.0,0,1003.2,340.5766777497226,6.592739411962553,112,,
2018,4,25,19,0,11.8,103,0,7.2,0,0.0,0,0.0,0,1003.4,339.9127997820645,6.383413858461891,123,,
2018,4,25,20,0,11.5,116,0,6.8,0,0.0,0,0.0,0,1003.7,331.7935095725333,6.944814490366668,134,,
2018,4,25,21,0,11.3,134,0,6.7,0,0.0,0,0.0,0,1003.8,324.5697524586453,7.719526568433463,143,,
2018,4,25,22,0,11.2,158,0,6.8,0,0.0,0,0.0,0,1003.8,326.623581360604,8.361729673506616,149,,
2018,4,25,23,0,11.1,-173,0,7,0,0.0,0,0.0,0,1003.8,326.41572103909755,8.65494936939264,151,,
2018,4,26,0,0,11,-146,0,7,0,0.0,0,0.0,0,1004,337.7726937934148,9.728011529679195,147,,
2018,4,26,1,0,10.7,-125,0,6.8,0,0.0,0,0.0,0,1004.3,336.27640623952465,9.768057100710624,139,,
2018,4,26,2,0,10.5,-110,0,6.6,0,0.0,0,0.0,0,1004.6,341.47895146648307,10.99448597403394,129,,
2018,4,26,3,0,10.3,-98,0,6.3,0,0.0,0,0.0,0,1005,4.86645965683698,11.43379549839638,118,,
2018,4,26,4,0,10.1,-88,0,6,0,0.0,0,0.0,0,1005.4,22.73769395846955,10.620552806821022,107,,
2018,4,26,5,0,9.9,-78,0.2,5.7,1,0.0,0,0.0,0,1005.9,18.15692947974708,10.421510627130424,96,,
2018,4,26,6,0,10.2,-68,12.5,5.6,44,0.0,15,0.0,0,1006.1,19.99262503799298,10.295489659408355,85,,
2018,4,26,7,0,10.9,-57,7.3,5.5,61,110.0,151,21.000000000000007,0,1006.3,17.266527370511312,10.309578397906131,75,,
2018,4,26,8,0,11.7,-45,16.3,5.5,170,139.0,138,113.3656483985658,0,1006.4,17.125511215921733,11.104918746397642,66,,
2018,4,26,9,0,12.2,-30,22.9,5.6,246,201.0,140,220.94924658932723,0,1006.2,22.796224553833724,11.330075457802288,60,,
2018,4,26,10,0,12.4,-14,47.7,5.9,232,558.0,61,421.4539945409196,0,1006,23.02593873041224,12.968268155717892,55,,
2018,4,26,11,0,12.6,4,45.1,6.2,303,663.0,17,531.8165964513416,0,1005.7,24.210078205631817,12.924317238683816,54,,
2018,4,26,12,0,12.6,21,12.8,6.5,169,666.0,297,564.7472623184694,0,1005.6,22.881670467982246,12.930066624640885,57,,
2018,4,26,13,0,12.4,37,3.5,6.7,90,601.0,340,522.6349292018666,0,1005.8,21.88872860191969,13.713725455946008,62,,
2018,4,26,14,0,12.3,51,30.3,7,124,517.0,101,427.7700491673449,0,1006,24.79299021205196,13.628735662318258,70,,
2018,4,26,15,0,12,62,19.8,7.2,76,433.0,21,300.3915595723546,0,1006.3,27.48563307478122,13.42829513433147,80,,
2018,4,26,16,0,11.7,73,2.2,7.3,15,288.0,12,144.2591823110957,0,1006.8,30.62062400386032,12.535573895927426,90,,
2018,4,26,17,0,11.3,82,0,7.4,0,42.0,0,10.994547814296084,0,1007.3,31.53495219380227,10.142911929391786,101,,
2018,4,26,18,0,10.9,92,0,7.3,0,0.0,0,0.0,0,1007.6,33.64800400815324,9.592212606628042,112,,
2018,4,26,19,0,10.3,103,0,7.2,0,0.0,0,0.0,0,1007.9,33.959594771797924,8.852481999663114,124,,
2018,4,26,20,0,9.8,116,0,7,0,0.0,0,0.0,0,1008.2,37.07954701552245,8.31358104502587,134,,
2018,4,26,21,0,9.6,133,0,7,0,0.0,0,0.0,0,1008.3,39.34676742350541,8.20165654435748,143,,
2018,4,26,22,0,9.6,158,0,7,0,0.0,0,0.0,0,1008.4,38.92836200961534,7.671014593788063,150,,
2018,4,26,23,0,9.7,-173,0,7,0,0.0,0,0.0,0,1008.5,40.48133168899983,7.651767313706647,151,,
2018,4,27,0,0,9.8,-146,0,7,0,0.0,0,0.0,0,1008.6,39.34140822861809,7.173176487366204,147,,
2018,4,27,1,0,9.9,-125,0,6.9,0,0.0,0,0.0,0,1008.8,35.53127459804563,7.618534262515341,140,,
2018,4,27,2,0,10,-109,0,6.8,0,0.0,0,0.0,0,1009,35.9059971908369,7.549554645274621,130,,
2018,4,27,3,0,10.1,-98,0,6.7,0,0.0,0,0.0,0,1009.3,35.39418097036946,7.320445553151583,119,,
2018,4,27,4,0,10.1,-87,0,6.5,0,0.0,0,0.0,0,1009.7,40.983736374926025,7.29579969075578,107,,
2018,4,27,5,0,10.2,-78,0,6.3,0,0.0,1,0.0,0,1010.1,44.32990447777547,7.262497136350189,96,,
2018,4,27,6,0,10.7,-68,0,6.4,25,0.0,43,0.0,0,1010.5,48.43401590257963,7.170605058784457,85,,
2018,4,27,7,0,11.4,-57,0.1,6.7,52,7.0,161,9.0,0,1010.8,55.53899773126966,6.07929795526295,75,,
2018,4,27,8,0,12.2,-45,2.8,7,88,26.0,268,64.2793973967065,0,1011.1,58.354381041658485,4.760302094291834,67,,
2018,4,27,9,0,12.6,-30,15.1,6.9,201,101.0,211,173.75296655778385,0,1011.3,53.25440661083047,3.2634354145584377,60,,
2018,4,27,10,0,12.7,-14,40.1,6.6,275,193.0,58,292.2191407336236,0,1011.4,46.443664196871794,2.521594647183582,56,,
2018,4,27,11,0,12.7,4,46,6.3,306,455.0,6,456.959004682946,0,1011.4,46.81950553304853,4.17569263674687,55,,
2018,4,27,12,0,12.6,21,15.7,6.2,156,418.0,289,466.4693608394592,0,1011.6,42.10571193656284,4.694195663740242,57,,
2018,4,27,13,0,12.5,37,0.9,6.2,71,425.0,364,451.02850292185127,0,1011.8,39.44331160326345,5.18628499727906,63,,
2018,4,27,14,0,12.4,50,2.2,6.2,69,450.0,224,401.3459574663582,0,1012.1,39.22431711345877,5.866866711254773,71,,
2018,4,27,15,0,12.1,62,1.9,6.2,45,281.0,90,246.16186431767835,0,1012.6,40.41146886933416,5.722843310322623,80,,
2018,4,27,16,0,11.7,72,0.5,6.2,12,106.0,16,91.58548640881855,0,1013.1,42.46182911642518,5.991599167212348,90,,
2018,4,27,17,0,11.3,82,0,6.2,0,8.0,0,5.726565471240224,0,1013.7,46.32316799568804,5.741594566820823,101,,
2018,4,27,18,0,10.9,92,0,6.1,0,0.0,0,0.0,0,1014.2,54.03194983212416,5.010142113293742,113,,
2018,4,27,19,0,10.4,102,0,5.9,0,0.0,0,0.0,0,1014.7,67.39658795732151,4.774188898761345,124,,
2018,4,27,20,0,10,116,0,5.8,0,0.0,0,0.0,0,1015.2,78.26102170946956,3.932344096088989,134,,
2018,4,27,21,0,9.9,133,0,6,0,0.0,0,0.0,0,1015.5,77.24183223709889,3.6449216611054895,144,,
2018,4,27,22,0,10,157,0,6.4,0,0.0,0,0.0,0,1015.7,78.45157160049769,3.646326577563022,150,,
2018,4,27,23,0,10.1,-173,0,6.8,0,0.0,0,0.0,0,1015.8,80.42137662956304,3.4405455622567342,152,,
2018,4,28,0,0,10.1,-145,0,6.9,0,0.0,0,0.0,0,1016,78.54773573699754,3.083859132490953,148,,
2018,4,28,1,0,10,-124,0,6.9,0,0.0,0,0.0,0,1016.1,82.10457770067524,5.605629124490507,140,,
2018,4,28,2,0,9.9,-109,0,6.8,0,0.0,0,0.0,0,1016.2,77.99155671153528,5.467047780648181,130,,
2018,4,28,3,0,9.9,-97,0,6.7,0,0.0,0,0.0,0,1016.5,72.85702849981192,3.8589443398939833,119,,
2018,4,28,4,0,9.9,-87,0,6.6,0,0.0,0,0.0,0,1017,79.25754956228167,2.2672730995597363,107,,
2018,4,28,5,0,10,-77,0,6.6,0,0.0,1,0.0,0,1017.4,80.81416888365504,1.0812489956095888,96,,
2018,4,28,6,0,10.5,-68,0.6,6.6,22,0.0,46,0.0,0,1017.8,74.21561387995717,0.3222083763366878,86,,
2018,4,28,7,0,11.4,-57,2.1,6.7,52,24.0,155,14.000000000000002,0,1018.3,59.61817504946964,0.770904129660646,76,,
2018,4,28,8,0,12.4,-44,31.7,6.9,158,40.0,78,74.444096988567,0,1018.8,66.948699083527,0.5486934401575917,67,,
2018,4,28,9,0,13,-30,21,6.8,148,81.0,247,163.95927006298177,0,1018.9,59.07089467598678,0.2769267210863255,60,,
2018,4,28,10,0,13.2,-13,45.7,6.7,157,82.0,138,230.72246954668455,0,1018.8,100.96754812800656,0.3285099677688524,56,,
2018,4,28,11,0,13.5,4,56.1,6.5,250,95.0,1,281.7355980556631,0,1018.6,34.85370585685644,1.0936457993054145,55,,
2018,4,28,12,0,13.5,21,33.8,6.5,274,162.0,75,345.8560229901127,0,1018.5,8.236335080070603,3.053960767382806,58,,
2018,4,28,13,0,13.4,37,9.1,6.6,129,110.0,261,288.87722530736414,0,1018.4,7.563495897067185,3.32384061175525,63,,
2018,4,28,14,0,13.3,50,1.5,6.7,54,20.0,241,136.05583613623162,0,1018.3,14.341847695172362,4.884651704395554,71,,
2018,4,28,15,0,12.9,62,3.5,6.8,39,7.0,94,62.78675918505241,0,1018.4,23.59096637764469,5.734372302686176,80,,
2018,4,28,16,0,12.4,72,33.5,6.9,11,14.0,16,41.5805806260136,0,1018.8,35.03753815197257,6.570938103247167,91,,
2018,4,28,17,0,11.9,82,18.2,7.1,0,5.0,0,4.433043618412842,0,1019.2,37.7082705735595,6.49068506990864,102,,
2018,4,28,18,0,11.3,92,7.7,7,0,0.0,0,0.0,0,1019.5,40.95366277021043,5.812903482522761,113,,
2018,4,28,19,0,10.7,102,12.5,6.9,0,0.0,0,0.0,0,1019.8,44.82627459433383,4.099373732978263,124,,
2018,4,28,20,0,10.1,115,37.2,6.7,0,0.0,0,0.0,0,1020.1,40.65961914971433,3.667932625979639,135,,
2018,4,28,21,0,10,133,50.9,6.9,0,0.0,0,0.0,0,1020.2,40.397839502170086,6.256730127727459,144,,
2018,4,28,22,0,10.3,157,43.3,7.2,0,0.0,0,0.0,0,1020.4,46.68220305275787,6.562901112241729,150,,
2018,4,28,23,0,10.6,-173,39,7.5,0,0.0,0,0.0,0,1020.5,51.94860980398983,5.508104638542823,152,,
2018,4,29,0,0,10.7,-145,38.5,7.7,0,0.0,0,0.0,0,1020.5,49.31668504906656,5.660481972072559,148,,
2018,4,29,1,0,10.7,-124,13.8,7.8,0,0.0,0,0.0,0,1020.5,52.98484830687812,4.949918250410713,140,,
2018,4,29,2,0,10.6,-109,0,7.8,0,0.0,0,0.0,0,1020.4,44.55292912234916,4.978038269599722,130,,
2018,4,29,3,0,10.5,-97,0,7.9,0,0.0,0,0.0,0,1020.7,31.80085883027636,5.0095829326193,119,,
2018,4,29,4,0,10.4,-87,0,7.9,0,0.0,0,0.0,0,1021.1,45.557698366951286,5.444945625413748,108,,
2018,4,29,5,0,10.3,-77,0,8,0,0.0,1,0.0,0,1021.5,65.29910394638677,6.461048360516951,96,,
2018,4,29,6,0,10.8,-67,1.5,8.1,25,0.0,40,0.0,0,1021.9,70.23794391686761,5.833558288278433,86,,
2018,4,29,7,0,11.8,-56,2.2,8.4,56,45.0,147,16.000000000000004,0,1022.2,75.24633280071197,6.341655000040131,76,,
2018,4,29,8,0,12.8,-44,0.8,8.7,65,138.0,293,110.75295300221548,0,1022.5,80.42362767544523,6.432163257835826,67,,
2018,4,29,9,0,13.5,-30,0,8.5,68,548.0,413,307.552279218,0,1022.5,78.47795983058683,4.66904198347593,60,,
2018,4,29,10,0,13.9,-13,0,8,72,702.0000000000001,480,451.5332240391468,0,1022.2,64.38603168208482,6.268623305321214,56,,
2018,4,29,11,0,14.3,4,0,7.5,73,724.0,493,538.556470576169,0,1021.9,64.09596446546038,6.397676490176838,55,,
2018,4,29,12,0,14.5,21,0,7.3,71,633.0,452,537.0045257675671,0,1021.6,58.213473889875786,6.449782200765921,58,,
2018,4,29,13,0,14.5,37,1.6,7.3,79,587.0,343,502.5209044733697,0,1021.4,53.36414135478253,6.598492548480563,63,,
2018,4,29,14,0,14.5,50,2.3,7.3,69,479.0,215,399.63730887499736,0,1021.1,52.650233838124734,8.418654638258653,71,,
2018,4,29,15,0,14,62,2.8,7.5,41,304.0,87,244.6435942033144,0,1021.2,49.475730082621,7.406465873308464,80,,
2018,4,29,16,0,13.2,72,1.1,7.8,11,56.0,14,65.07485540171027,0,1021.5,51.25344574176887,8.26028985547111,91,,
2018,4,29,17,0,12.3,82,0,8.1,0,8.0,0,4.659794703587019,0,1021.8,46.36116401229401,7.071164179977918,102,,
2018,4,29,18,0,11.4,91,0,8,0,0.0,0,0.0,0,1022.1,52.41126945781576,7.496048923694349,113,,
2018,4,29,19,0,10.4,102,0,7.6,0,0.0,0,0.0,0,1022.4,52.03642611487948,7.20126306296569,124,,
2018,4,29,20,0,9.4,115,0,7.2,0,0.0,0,0.0,0,1022.6,49.58270034022638,7.322526419882684,135,,
2018,4,29,21,0,9,133,0,6.9,0,0.0,0,0.0,0,1022.6,50.73511923747583,8.065932367550872,144,,
2018,4,29,22,0,9.2,157,0,6.7,0,0.0,0,0.0,0,1022.6,51.91013650237289,7.639280462247286,151,,
2018,4,29,23,0,9.4,-173,0,6.6,0,0.0,0,0.0,0,1022.5,49.51798855430525,7.135708783892345,152,,
2018,4,30,0,0,9.5,-145,0,6.5,0,0.0,0,0.0,0,1022.4,42.53606249460603,6.541433786288467,148,,
2018,4,30,1,0,9.5,-124,0,6.5,0,0.0,0,0.0,0,1022.3,31.71738636327177,7.655838239068293,140,,
2018,4,30,2,0,9.5,-108,0,6.5,0,0.0,0,0.0,0,1022.1,33.22217280729575,8.75611809665897,130,,
2018,4,30,3,0,9.6,-97,0,6.5,0,0.0,0,0.0,0,1022.2,33.45584518381304,8.629817702101843,119,,
2018,4,30,4,0,9.6,-87,0,6.6,0,0.0,0,0.0,0,1022.3,36.55687702330982,7.874043289229566,108,,
2018,4,30,5,0,9.7,-77,0,6.6,0,0.0,1,0.0,0,1022.4,33.771281184869,7.834403305246037,97,,
2018,4,30,6,0,10.5,-67,0.7,7.1,23,0.0,40,0.0,0,1022.6,35.30900442679939,7.751020625804929,86,,
2018,4,30,7,0,11.9,-56,1.3,7.9,53,16.0,149,10.000000000000002,0,1022.9,30.57724776502721,8.850884959592877,76,,
2018,4,30,8,0,13.2,-44,0.5,8.8,65,230.0,290,118.4605881069588,0,1023.2,32.91499449574894,8.359457610960996,67,,
2018,4,30,9,0,14,-30,2.9,8.9,95,463.0,367,273.8901140081888,0,1023,33.25048666576288,7.413713183680625,61,,
2018,4,30,10,0,14.3,-13,18.5,8.5,235,372.0,208,352.5862643262882,0,1022.6,27.386103226668183,7.261306307747215,57,,
2018,4,30,11,0,14.6,4,9.6,8,155,64.0,352,235.6332274611548,0,1022.2,19.61517334152262,7.3278323808496575,56,,
2018,4,30,12,0,14.6,21,0,7.9,72,252.0,446,381.2052756053066,0,1021.9,8.344561105269236,6.890575975343169,58,,
2018,4,30,13,0,14.6,37,0.8,8,75,262.0,344,367.0010293567018,0,1021.6,3.056880672881846,7.453232262597289,64,,
2018,4,30,14,0,14.5,50,1.9,8.2,68,259.0,212,311.8576919515067,0,1021.3,7.977574284291677,8.106034316588422,71,,
2018,4,30,15,0,14.1,61,2.4,8.4,43,70.0,80,140.23569055370655,0,1021.2,8.961849569716094,8.569704411510171,81,,
2018,4,30,16,0,13.4,72,0.9,8.6,11,22.0,13,45.43375938492342,0,1021.3,17.483114427207965,9.095196615430115,91,,
2018,4,30,17,0,12.6,81,0,8.7,0,4.0,0,3.3136775890131904,0,1021.4,24.14074533659664,8.166883198550138,102,,
2018,4,30,18,0,12.1,91,0,8.9,0,0.0,0,0.0,0,1021.5,25.885502558747305,7.530444881727091,113,,
2018,4,30,19,0,11.6,102,0,9.1,0,0.0,0,0.0,0,1021.5,24.230752472934,6.999197935236713,125,,
2018,4,30,20,0,11.2,115,0,9.3,0,0.0,0,0.0,0,1021.4,23.10469647680509,6.944471881229454,135,,
2018,4,30,21,0,11.1,132,0,9.5,0,0.0,0,0.0,0,1021.2,16.27195812691599,6.807607565109508,145,,
2018,4,30,22,0,11.3,157,0,9.6,0,0.0,0,0.0,0,1020.9,16.88304280294551,6.567995486131876,151,,
2018,4,30,23,0,11.5,-172,0,9.7,0,0.0,0,0.0,0,1020.6,20.812680026120347,6.838831980853092,153,,
2018,5,1,0,0,11.6,-144,0,9.8,0,0.0,0,0.0,0,1020.2,26.09879383508008,6.467014434666507,148,,
2018,5,1,1,0,11.5,-123,0,9.8,0,0.0,0,0.0,0,1019.7,18.79624914483736,5.889009982851856,140,,
2018,5,1,2,0,11.4,-108,0,9.9,0,0.0,0,0.0,0,1019.2,13.683059500191971,5.907654776860166,130,,
2018,5,1,3,0,11.4,-96,0,9.9,0,0.0,0,0.0,0,1019,9.446817706448314,6.229501698222527,119,,
2018,5,1,4,0,11.3,-86,0,9.9,0,0.0,0,0.0,0,1018.9,13.821711890205163,5.661493831781755,108,,
2018,5,1,5,0,11.2,-77,0,10,0,0.0,1,0.0,0,1018.8,5.884530649931719,5.217434500313755,97,,
2018,5,1,6,0,12,-67,1,10.5,24,0.0,36,0.0,0,1018.7,359.40446142341267,4.815201515078825,86,,
2018,5,1,7,0,13.3,-56,16.4,11.4,111,127.0,46,17.000000000000007,0,1018.5,350.80052011097735,4.330851119804205,76,,
2018,5,1,8,0,14.8,-44,9.1,12.3,103,260.0,223,123.1931413175001,0,1018.3,345.90050041742336,4.987911596021857,68,,
2018,5,1,9,0,15.6,-29,6.6,12.4,142,433.0,292,269.8816417490631,0,1017.8,347.88641087013,3.942772234453863,61,,
2018,5,1,10,0,16,-13,16.2,11.9,236,705.0,213,445.19834062422393,0,1017,339.0497667832185,3.509603005167329,57,,
2018,5,1,11,0,16.3,4,33.7,11.3,300,685.0,66,518.0877653404775,0,1016.1,327.7672407044536,3.5996734894927664,56,,
2018,5,1,12,0,16.4,21,30.4,11.2,284,498.0,67,477.8425214086067,0,1015.5,326.066840951834,3.7664699002299726,58,,
2018,5,1,13,0,16.3,36,11.2,11.5,159,492.0,203,457.09214111239953,0,1015,297.847355789057,4.195861894093008,64,,
2018,5,1,14,0,16.2,50,4.3,11.7,83,627.0,182,447.71224840487577,0,1014.5,300.3791260113683,4.201934078492903,72,,
2018,5,1,15,0,15.8,61,4.7,11.9,48,459.0,67,290.55936180886886,0,1014.2,303.25724935069013,5.055553992880182,81,,
2018,5,1,16,0,15.2,71,2.4,11.9,12,219.0,10,114.1539892039957,0,1014,299.4622720076581,4.665894626151936,91,,
2018,5,1,17,0,14.6,81,32.9,12,0,21.0,0,6.563371356376044,0,1013.9,277.4278876579745,3.5975723588173207,102,,
2018,5,1,18,0,14.3,91,51,12,0,0.0,0,0.0,0,1013.5,259.12263243134674,4.01451018922876,114,,
2018,5,1,19,0,14.2,101,51,11.9,0,0.0,0,0.0,0,1012.9,249.9423869447529,5.357406905456167,125,,
2018,5,1,20,0,14.1,114,51,11.8,0,0.0,0,0.0,0,1012.4,236.64110392353524,6.255784714628731,135,,
2018,5,1,21,0,14.2,132,51.5,11.9,0,0.0,0,0.0,0,1011.7,231.0455845828592,7.133529142413682,145,,
2018,5,1,22,0,14.6,157,51.9,12,0,0.0,0,0.0,0,1010.9,226.2293447883114,8.23962149066666,151,,
2018,5,1,23,0,15,-172,51.9,12.1,0,0.0,0,0.0,0,1010.1,224.94061167594063,8.494090245234098,153,,
2018,5,2,0,0,15.2,-144,51.9,12.1,0,0.0,0,0.0,0,1009.5,221.0224866679632,8.767940008148123,149,,
2018,5,2,1,0,15.4,-123,51.3,12.1,0,0.0,0,0.0,0,1008.9,214.42743344875385,8.671158824593638,141,,
2018,5,2,2,0,15.6,-108,50.9,12,0,0.0,0,0.0,0,1008.4,213.18601473993417,8.58213729688699,130,,
2018,5,2,3,0,15.7,-96,49,12.1,0,0.0,0,0.0,0,1008.1,214.8705864076481,8.653656615806257,119,,
2018,5,2,4,0,15.6,-86,40.2,12.2,0,0.0,0,0.0,0,1008,222.4349428317792,8.250998411308814,108,,
2018,5,2,5,0,15.5,-76,55.2,12.3,0,0.0,0,0.0,0,1007.9,229.598619048583,7.521166691476415,97,,
2018,5,2,6,0,15.4,-67,72.9,12.5,12,0.0,0,0.0,0,1007.7,240.1696019462899,7.080768121179855,86,,
2018,5,2,7,0,15.3,-56,76.1,12.9,41,15.0,0,10.000000000000002,0,1007.5,239.761194851113,6.452983318925641,76,,
2018,5,2,8,0,15.2,-43,83.4,13.3,47,31.0,0,61.567247126368834,0,1007.2,235.2875681310537,6.553913393561271,68,,
2018,5,2,9,0,15.1,-29,92.2,13.5,31,62.0,0,139.93953610167006,0,1006.7,225.9622534639979,6.537861785578912,61,,
2018,5,2,10,0,14.9,-13,97.5,13.6,18,41.0,0,185.7023318809955,0,1005.9,222.17580895546303,6.527431873249454,57,,
2018,5,2,11,0,14.7,4,98.3,13.7,15,35.0,0,207.09873135308763,0,1005.1,223.5914122634157,7.907622395393431,56,,
2018,5,2,12,0,14.6,21,97.9,13.6,14,44.0,0,231.44569433465088,0,1004.5,238.0654052182984,6.639949795672483,59,,
2018,5,2,13,0,14.5,36,97.4,13.3,12,34.0,0,198.5145492534599,0,1004.1,251.47424970077665,6.333055718092953,64,,
2018,5,2,14,0,14.5,50,68.1,13.1,66,15.0,0,121.27119802405036,0,1003.7,252.24155637798452,6.113828421288447,72,,
2018,5,2,15,0,14.3,61,64.1,12.8,44,26.0,0,103.88793779057134,0,1003.7,253.97108849099112,6.671987956964706,81,,
2018,5,2,16,0,14.1,71,25.7,12.5,5,16.0,0,41.81611282365167,0,1003.9,260.2929317240869,6.107462044471853,91,,
2018,5,2,17,0,13.8,81,0,12.2,0,2.0,0,3.1411113796082977,0,1004.2,272.7468227330669,5.741459957405732,102,,
2018,5,2,18,0,13.4,91,0,11.9,0,0.0,0,0.0,0,1004.5,266.73741699636787,6.057180784680595,114,,
2018,5,2,19,0,13,101,0,11.7,0,0.0,0,0.0,0,1004.9,247.5390214244285,6.955104867465447,125,,
2018,5,2,20,0,12.5,114,0,11.4,0,0.0,0,0.0,0,1005.2,252.1001561315064,6.538927307007494,136,,
2018,5,2,21,0,12.3,132,0,11.2,0,0.0,0,0.0,0,1005.4,252.8011548458488,6.28085258042714,145,,
2018,5,2,22,0,12.4,157,0,11.1,0,0.0,0,0.0,0,1005.5,245.73706595696632,7.105141123075495,152,,
2018,5,2,23,0,12.5,-172,0,10.9,0,0.0,0,0.0,0,1005.5,234.71197500458453,8.122284864715581,153,,
2018,5,3,0,0,12.5,-144,0,10.8,0,0.0,0,0.0,0,1005.6,230.7280923347652,8.380214750826038,149,,
2018,5,3,1,0,12.5,-122,0,10.7,0,0.0,0,0.0,0,1005.8,233.73480975001723,8.545202482139215,141,,
2018,5,3,2,0,12.5,-107,0,10.7,0,0.0,0,0.0,0,1006,239.6212993916192,8.803704089237709,131,,
2018,5,3,3,0,12.5,-96,0,10.6,0,0.0,0,0.0,0,1006.3,242.39656616502387,8.308225898867502,120,,
2018,5,3,4,0,12.5,-86,0,10.5,0,0.0,0,0.0,0,1006.8,244.32893894634265,8.257424106324205,108,,
2018,5,3,5,0,12.5,-76,0,10.4,0,0.0,1,0.0,0,1007.2,242.90528342031888,8.31485961465237,97,,
2018,5,3,6,0,12.9,-66,0,10.6,20,0.0,38,0.0,0,1007.6,231.659182809581,8.156545147725906,86,,
2018,5,3,7,0,13.6,-56,0.7,11,43,12.0,146,11.0,0,1007.9,230.44333521877016,8.274867815794387,77,,
2018,5,3,8,0,14.3,-43,35.5,11.4,131,22.0,71,61.16670053461206,0,1008.2,220.92145219915577,8.27438963183341,68,,
2018,5,3,9,0,14.7,-29,64.4,11.4,159,23.0,0,111.94098499338354,0,1008.3,214.9537595103574,8.805705068390612,61,,
2018,5,3,10,0,14.8,-13,76.8,11,121,9.0,0,112.85033963635388,0,1008.1,225.3980685085669,8.423509248128287,57,,
2018,5,3,11,0,14.8,4,68.7,10.6,168,7.0,0,118.59067090158666,0,1007.9,241.82195979674668,8.808881561246324,57,,
2018,5,3,12,0,14.8,21,43.9,10.5,260,16.0,16,171.82058271619977,0,1007.8,266.5311908766188,8.756032298293173,59,,
2018,5,3,13,0,14.7,36,37.3,10.5,247,8.0,9,124.32139672134232,0,1007.8,277.2757718336377,7.699446463350404,64,,
2018,5,3,14,0,14.6,49,45.2,10.6,150,6.0,0,91.8822676487998,0,1007.8,294.3604375818932,7.873336767728327,72,,
2018,5,3,15,0,14.2,61,24.2,10.6,62,4.0,10,49.504065043126346,0,1008,278.8928035115871,5.903483595692099,81,,
2018,5,3,16,0,13.6,71,3.7,10.7,13,5.0,6,26.17187510908398,0,1008.2,260.9555073596732,7.457715254396777,92,,
2018,5,3,17,0,13,81,0,10.8,0,0.0,0,1.0,0,1008.5,266.14617630785943,10.112710912365204,103,,
2018,5,3,18,0,12.4,90,0,10.6,0,0.0,0,0.0,0,1008.6,286.63505586298027,9.03818171041846,114,,
2018,5,3,19,0,11.6,101,0,10.3,0,0.0,0,0.0,0,1008.6,236.24148762646928,6.801921212122528,125,,
2018,5,3,20,0,10.9,114,0,9.9,0,0.0,0,0.0,0,1008.5,257.845973206175,13.79680217278723,136,,
2018,5,3,21,0,10.7,132,0,9.7,0,0.0,0,0.0,0,1008.4,284.98473050541025,15.481531184218255,145,,
2018,5,3,22,0,10.9,157,0,9.7,0,0.0,0,0.0,0,1008.1,331.13631973062337,6.04880165732348,152,,
2018,5,3,23,0,11.1,-172,0,9.6,0,0.0,0,0.0,0,1007.8,297.09023760178167,5.121990017766136,153,,
2018,5,4,0,0,11.2,-143,0.6,9.6,0,0.0,0,0.0,0,1007.4,284.7397563860408,5.2372931701317285,149,,
2018,5,4,1,0,11.2,-122,33.6,9.6,0,0.0,0,0.0,0,1007,292.04258603471294,6.408359371048903,141,,
2018,5,4,2,0,11.2,-107,52,9.6,0,0.0,0,0.0,0,1006.5,277.9666552937282,6.656774518117165,131,,
2018,5,4,3,0,11.3,-95,51.4,9.6,0,0.0,0,0.0,0,1006.2,279.3011042768433,6.761256210400464,120,,
2018,5,4,4,0,11.4,-85,18.4,9.4,0,0.0,0,0.0,0,1005.9,291.91342314907115,7.235150305973433,108,,
2018,5,4,5,0,11.5,-76,0.6,9.3,1,0.0,0,0.0,0,1005.7,310.8006740308467,6.879268725504778,97,,
2018,5,4,6,0,12,-66,31.5,9.5,28,0.0,0,0.0,0,1005.4,321.0119795404787,6.616141550748934,87,,
2018,5,4,7,0,12.9,-55,45.5,10,102,7.0,0,9.0,0,1005,317.5213924663583,8.36632284759947,77,,
2018,5,4,8,0,13.8,-43,47.9,10.5,169,10.0,0,47.40575398544952,0,1004.7,330.05013889983337,9.4293346986929,68,,
2018,5,4,9,0,14.3,-29,57.1,10.7,185,6.0,2,67.78868311113075,0,1003.9,336.6293494675322,9.6929332694072,62,,
2018,5,4,10,0,14.6,-13,35.4,10.7,237,31.0,95,159.14084169783834,0,1002.9,344.6068293514693,11.339647949084178,58,,
2018,5,4,11,0,14.9,4,34.3,10.6,288,107.0,53,274.44557961134166,0,1001.9,5.6666502113383785,14.38033223147719,57,,
2018,5,4,12,0,15,21,53.5,10.7,224,110.0,0,290.1737593849872,0,1000.9,20.068643551567504,16.30494181055847,59,,
2018,5,4,13,0,15,36,59.2,10.9,156,79.0,0,244.3326897547049,0,1000.1,17.93869817958847,17.613836950155594,65,,
2018,5,4,14,0,14.9,49,60.7,11.1,99,88.0,0,210.89421039295613,0,999.2,15.860746316449536,17.727647638038338,72,,
2018,5,4,15,0,14.8,61,42.4,11.3,49,70.0,0,137.0256973025754,0,998.5,14.924667070167231,17.753953805656238,82,,
2018,5,4,16,0,14.6,71,11.3,11.4,12,25.0,0,45.757944557903166,0,997.9,12.359325231988976,14.83377066201513,92,,
2018,5,4,17,0,14.5,80,0,11.5,0,2.0,0,2.126060551960621,0,997.2,5.88918844371625,13.669802788778336,103,,
2018,5,4,18,0,14.6,90,0,11.6,0,0.0,0,0.0,0,996.4,3.202562329444504,12.800019512496917,114,,
2018,5,4,19,0,14.9,101,0,11.8,0,0.0,0,0.0,0,995.4,357.79720268641404,10.798018354942576,125,,
2018,5,4,20,0,15.2,114,0,11.9,0,0.0,0,0.0,0,994.4,2.877787040445924,10.853775625390838,136,,
2018,5,4,21,0,15.5,131,0,11.8,0,0.0,0,0.0,0,993.4,353.5374952054653,10.94970438843422,146,,
2018,5,4,22,0,15.6,157,0,11.4,0,0.0,0,0.0,0,992.4,0.7914597689236302,12.301466602022874,152,,
2018,5,4,23,0,15.8,-172,0,11,0,0.0,0,0.0,0,991.4,16.897088753136586,14.55334049734534,154,,
2018,5,5,0,0,15.8,-143,1.2,10.8,0,0.0,0,0.0,0,990.1,17.34091891235562,14.326200726251862,149,,
2018,5,5,1,0,15.7,-122,63.7,10.7,0,0.0,0,0.0,0,988.7,17.55793936542841,13.533060998840602,141,,
2018,5,5,2,0,15.6,-107,98.2,10.5,0,0.0,0,0.0,0,987.2,19.48586014328453,12.800808063440584,131,,
2018,5,5,3,0,15.1,-95,96,10.7,0,0.0,0,0.0,0,986.3,19.58131955832158,12.367861232370954,120,,
2018,5,5,4,0,14.3,-85,56.1,11.2,0,0.0,0,0.0,0,985.6,18.115192792339258,12.32604925523508,109,,
2018,5,5,5,0,13.5,-76,13.3,11.7,0,0.0,0,0.0,0,985,18.11848189801537,11.447758719812814,98,,
2018,5,5,6,0,12.9,-66,48,11.5,11,0.0,0,0.0,0,984.4,12.703720996295772,10.686655326279697,87,,
2018,5,5,7,0,12.4,-55,76.6,11,35,47.0,2,13.000000000000004,0,983.9,5.151893255829634,10.301626848470868,77,,
2018,5,5,8,0,12,-43,31.2,10.4,113,87.0,104,85.93947699742665,0,983.3,356.2124778499428,10.407741545701768,69,,
2018,5,5,9,0,11.7,-29,53.2,10,106,225.0,62,211.25658120532944,0,982.7,353.09253921186365,11.61974006782724,62,,
2018,5,5,10,0,11.5,-13,32.1,9.6,144,399.0,186,340.58554121315456,0,982.1,357.023203805245,14.442094891168797,58,,
2018,5,5,11,0,11.3,4,55,9.3,118,406.0,104,404.93304329480407,0,981.4,357.1338224100686,14.998987610746411,57,,
2018,5,5,12,0,11.3,21,67,9.1,151,575.0000000000001,0,493.1268439433487,0,980.7,355.529966378995,15.23653153439096,60,,
2018,5,5,13,0,11.3,36,82.1,9,76,542.0,0,463.124210316565,0,980,354.2862171255406,16.145401566382606,65,,
2018,5,5,14,0,11.4,49,90.6,8.9,14,333.0,0,324.1181491708487,0,979.3,352.14059885647043,16.32571718267537,73,,
2018,5,5,15,0,11.4,61,53.9,9.1,16,386.0,0,254.9110750851203,0,979.7,350.5537929186712,16.267954730051787,82,,
2018,5,5,16,0,11.4,71,45.9,9.4,6,156.0,0,89.30854999793476,0,981,351.50548296854646,15.265114501413738,92,,
2018,5,5,17,0,11.4,80,57.3,9.8,0,6.0,0,3.3563914396455745,0,982.4,353.61909683566904,15.025701152925407,103,,
2018,5,5,18,0,11.2,90,55,9.6,0,0.0,0,0.0,0,983.9,357.2542172356317,14.351437604980584,114,,
2018,5,5,19,0,11,100,51.4,9.1,0,0.0,0,0.0,0,985.5,358.2824370445337,14.596645878631236,126,,
2018,5,5,20,0,10.8,113,51.6,8.4,0,0.0,0,0.0,0,987.2,359.23200873866745,13.988805469702587,136,,
2018,5,5,21,0,10.6,131,52,8.2,0,0.0,0,0.0,0,988.4,2.029109865398027,14.121403415603291,146,,
2018,5,5,22,0,10.4,157,52,8.3,0,0.0,0,0.0,0,989.4,0.9839476793128484,13.534710597948894,153,,
2018,5,5,23,0,10.3,-172,52,8.4,0,0.0,0,0.0,0,990.3,1.4990861957110724,13.662390901665695,154,,
2018,5,6,0,0,10.1,-143,51,8.4,0,0.0,0,0.0,0,990.9,1.9784873872761184,13.973418001990764,150,,
2018,5,6,1,0,10,-121,26,8.2,0,0.0,0,0.0,0,991.3,4.453837192214564,13.232586398632709,141,,
2018,5,6,2,0,9.8,-106,12.2,7.9,0,0.0,0,0.0,0,991.8,7.192987265563772,12.558798251704337,131,,
2018,5,6,3,0,9.9,-95,12.1,7.8,0,0.0,0,0.0,0,992.1,4.993621960480482,11.087248844927602,120,,
2018,5,6,4,0,10.1,-85,4.3,7.6,0,0.0,0,0.0,0,992.3,356.8397875364505,12.063511151344716,109,,
2018,5,6,5,0,10.3,-75,0.8,7.4,0,0.0,0,0.0,0,992.6,8.407060375156675,11.764108610778496,98,,
2018,5,6,6,0,10.6,-66,42.2,7.6,13,0.0,1,0.0,0,992.8,8.60506733965724,9.94199363607016,87,,
2018,5,6,7,0,11,-55,27.3,8.1,78,25.0,45,10.000000000000002,0,992.9,3.276756149229243,9.230178428084566,77,,
2018,5,6,8,0,11.5,-43,54.1,8.7,80,59.0,25,70.90141690746418,0,993,3.919804930007558,9.214181605373486,69,,
2018,5,6,9,0,11.5,-29,77.5,8.6,98,94.0,0,152.34113724836095,0,993.3,354.38395869389217,8.302547204154244,62,,
2018,5,6,10,0,11.2,-13,67.6,8.2,167,63.0,0,198.21837668431328,0,993.6,344.0940342200732,11.110446722644603,58,,
2018,5,6,11,0,10.9,4,54.4,7.8,237,144.0,0,299.10469471678533,0,994,350.79301989561554,14.202752575329818,57,,
2018,5,6,12,0,10.5,21,39.7,7.3,282,182.0,0,336.0386470633257,0,994.5,359.4141786784516,12.225736693747711,60,,
2018,5,6,13,0,10,36,43.2,7,216,128.0,0,283.505846966646,0,995,1.8894036889842027,11.373859400731916,65,,
2018,5,6,14,0,9.6,49,46.9,6.6,127,24.0,0,135.22352895789146,0,995.5,358.64319954649875,10.558135998986115,73,,
2018,5,6,15,0,9.3,60,38.2,6.3,57,13.0,0,73.72636872651958,0,996,354.3013810616622,10.92655804040906,82,,
2018,5,6,16,0,9.2,70,12.2,6.1,11,117.0,0,80.02474425076974,0,996.6,357.8158691897159,9.8396679482802,92,,
2018,5,6,17,0,9.1,80,0,5.9,0,7.0,0,3.390993164642129,0,997.2,353.2896028341008,8.750128639501737,103,,
2018,5,6,18,0,9,90,0,5.5,0,0.0,0,0.0,0,997.6,351.79212106283626,8.037408449117283,115,,
2018,5,6,19,0,8.8,100,0,5.1,0,0.0,0,0.0,0,997.9,345.15742439968284,7.75888847349806,126,,
2018,5,6,20,0,8.7,113,0,4.7,0,0.0,0,0.0,0,998.2,342.6175646224588,7.48974716810237,137,,
2018,5,6,21,0,8.7,131,0,4.8,0,0.0,0,0.0,0,998.4,335.888599159345,7.258262271310607,146,,
2018,5,6,22,0,8.8,156,0,5.2,0,0.0,0,0.0,0,998.5,329.823271913502,7.276103583099513,153,,
2018,5,6,23,0,8.9,-172,0,5.6,0,0.0,0,0.0,0,998.7,319.8082467697247,7.550283748145198,154,,
2018,5,7,0,0,8.9,-142,0,5.7,0,0.0,0,0.0,0,998.8,310.8346036522262,7.543639142881944,150,,
2018,5,7,1,0,8.9,-121,0,5.7,0,0.0,0,0.0,0,998.9,304.17213682895635,7.508761299350874,142,,
2018,5,7,2,0,8.9,-106,0,5.6,0,0.0,0,0.0,0,999.1,295.2344639329673,8.374083433242168,131,,
2018,5,7,3,0,8.8,-95,0,5.5,0,0.0,0,0.0,0,999.4,288.536577666669,9.445080450597844,120,,
2018,5,7,4,0,8.7,-85,0,5.5,0,0.0,0,0.0,0,999.9,284.7476608426934,10.076841151353296,109,,
2018,5,7,5,0,8.6,-75,0.8,5.5,0,0.0,0,0.0,0,1000.4,292.2718941726032,9.855105876857072,98,,
2018,5,7,6,0,8.7,-65,38.2,5.5,15,0.0,1,0.0,0,1000.8,290.81762969631995,10.158025879753914,87,,
2018,5,7,7,0,9.1,-55,24,5.5,74,16.0,55,10.000000000000002,0,1001.1,280.3678305227695,10.90559835864557,77,,
2018,5,7,8,0,9.4,-43,31.8,5.6,154,8.0,31,38.04510189029492,0,1001.5,286.78175245273906,11.204731784765492,69,,
2018,5,7,9,0,9.5,-28,44.8,5.6,227,5.0,5,57.436419831049406,0,1001.7,289.3312656081817,12.091632889350564,62,,
2018,5,7,10,0,9.6,-13,16.5,5.6,158,8.0,257,94.29882003842934,0,1001.7,290.3139186504065,13.070492514620732,59,,
2018,5,7,11,0,9.6,4,41.8,5.6,151,11.0,143,129.46410402875495,0,1001.8,289.33548682315944,14.33879372106961,58,,
2018,5,7,12,0,9.5,21,66.7,5.7,153,18.0,0,161.6222602090963,0,1001.9,291.708810327357,14.923423528959283,60,,
2018,5,7,13,0,9.4,36,69.7,5.7,109,13.0,0,131.80217005520876,0,1002.2,287.7493108859238,15.851974559032564,66,,
2018,5,7,14,0,9.2,49,63.6,5.8,77,8.0,0,89.7082776035022,0,1002.4,288.87478310144706,16.483780787818084,73,,
2018,5,7,15,0,9.2,60,73.7,6,28,10.0,0,66.59561989781636,0,1002.7,291.79886326022245,17.342657066825602,82,,
2018,5,7,16,0,9.2,70,67.1,6.2,2,15.0,0,35.27914665486414,0,1003,300.92283098223857,17.937014799168402,93,,
2018,5,7,17,0,9.2,80,64,6.4,0,1.0,0,2.052404431298498,0,1003.3,309.04357330406674,17.851907874508036,103,,
2018,5,7,18,0,9.3,89,78.2,6.7,0,0.0,0,0.0,0,1003.5,322.655092771486,18.446630027730244,115,,
2018,5,7,19,0,9.6,100,63.8,7.1,0,0.0,0,0.0,0,1003.4,333.903248205001,17.379458049331962,126,,
2018,5,7,20,0,9.8,113,52,7.4,0,0.0,0,0.0,0,1003.4,17.784942585306737,14.78135668613249,137,,
2018,5,7,21,0,10.1,130,51.4,7.8,0,0.0,0,0.0,0,1003.2,34.27718487557144,12.84606026664425,146,,
2018,5,7,22,0,10.5,156,18.4,8.1,0,0.0,0,0.0,0,1003,39.65476525802876,12.030663240665165,153,,
2018,5,7,23,0,10.9,-172,0,8.5,0,0.0,0,0.0,0,1002.8,42.88879643643656,11.47168650959384,155,,
2018,5,8,0,0,11.2,-142,0.6,8.7,0,0.0,0,0.0,0,1002.6,43.46867054015559,10.258438341118229,150,,
2018,5,8,1,0,11.4,-121,33.5,8.8,0,0.0,0,0.0,0,1002.4,38.23843404805365,8.81364685401295,142,,
2018,5,8,2,0,11.6,-106,49.3,9,0,0.0,0,0.0,0,1002.1,38.944622341847605,8.797808318148816,131,,
2018,5,8,3,0,11.7,-94,48.4,9.1,0,0.0,0,0.0,0,1002,37.95046598752134,9.492020041162077,120,,
2018,5,8,4,0,11.8,-84,51.4,9.1,0,0.0,0,0.0,0,1001.9,30.00538479135878,8.458584068055327,109,,
2018,5,8,5,0,11.9,-75,44.5,9.1,0,0.0,0,0.0,0,1001.8,25.48975039870652,7.743749085734931,98,,
2018,5,8,6,0,12.1,-65,35.1,9.3,26,0.0,1,0.0,0,1001.7,26.39622910588133,7.225762750859914,87,,
2018,5,8,7,0,12.4,-55,15.5,9.6,77,87.0,61,12.000000000000004,0,1001.5,21.58910779594129,6.509128712222068,78,,
2018,5,8,8,0,12.8,-42,32.6,9.9,152,315.0,34,117.125693591352,0,1001.4,23.768025469099825,5.886736312262873,69,,
2018,5,8,9,0,12.9,-28,60.3,10.2,157,486.0,6,265.8966080848144,0,1001,17.89052230014653,5.338205824422001,63,,
2018,5,8,10,0,12.9,-12,25,10.4,100,633.0,279,399.6305991996804,0,1000.5,4.426054173688442,3.5305484648769303,59,,
2018,5,8,11,0,12.9,4,31.9,10.7,190,670.0,156,487.1708858147738,0,999.9,350.60222030205017,5.878953258034977,58,,
2018,5,8,12,0,12.8,21,42.9,10.8,261,678.0,1,521.6923455764504,0,999.4,344.1692206649818,6.873239920469626,60,,
2018,5,8,13,0,12.7,36,29.1,10.8,222,621.0,32,483.398123200228,0,999,337.10987122005554,7.449151381381519,66,,
2018,5,8,14,0,12.5,49,10.5,10.8,116,538.0,87,391.2062556490844,0,998.6,342.39350773349025,8.206952991139708,73,,
2018,5,8,15,0,12.3,60,22.8,10.8,41,340.0,39,232.91502970150535,0,998.4,342.22837930783174,8.54265958124533,83,,
2018,5,8,16,0,12.1,70,39.5,10.8,9,114.0,0,72.49477086173923,0,998.2,341.17873089265214,7.957987773260075,93,,
2018,5,8,17,0,11.9,80,48,10.7,0,4.0,0,2.196178724464282,0,998.1,340.50519069550853,7.012098934311803,104,,
2018,5,8,18,0,11.9,89,51.3,10.6,0,0.0,0,0.0,0,997.9,342.1086671436059,6.932926423102078,115,,
2018,5,8,19,0,12.1,100,52.1,10.4,0,0.0,0,0.0,0,997.7,336.631655644677,7.216980725580457,126,,
2018,5,8,20,0,12.3,112,52.2,10.2,0,0.0,0,0.0,0,997.5,323.7002349781814,7.875878198036609,137,,
2018,5,8,21,0,12.3,130,52,10.3,0,0.0,0,0.0,0,997.3,309.9197644123569,7.324436784677839,147,,
2018,5,8,22,0,12.2,156,52,10.5,0,0.0,0,0.0,0,997.2,310.6868384519282,7.662113062312911,153,,
2018,5,8,23,0,12.1,-171,52,10.8,0,0.0,0,0.0,0,997.2,309.09369043462976,8.056067110860795,155,,
2018,5,9,0,0,12,-142,52,10.8,0,0.0,0,0.0,0,997.1,306.2334848343465,8.941567209110747,150,,
2018,5,9,1,0,11.9,-120,52,10.7,0,0.0,0,0.0,0,997,303.8903140833523,8.989692043444256,142,,
2018,5,9,2,0,11.8,-106,52,10.6,0,0.0,0,0.0,0,996.9,303.9456001928476,9.200652851000132,132,,
2018,5,9,3,0,11.7,-94,52,10.5,0,0.0,0,0.0,0,996.9,304.21430704743153,8.954733795568192,121,,
2018,5,9,4,0,11.6,-84,52,10.5,0,0.0,0,0.0,0,996.9,304.62182754257867,9.302276609676182,109,,
2018,5,9,5,0,11.6,-75,51.5,10.5,1,0.0,0,0.0,0,996.8,306.39914072558264,9.53840788985969,98,,
2018,5,9,6,0,11.9,-65,26.3,10.5,29,0.0,7,0.0,0,996.8,307.2230357765878,10.005854112012033,88,,
2018,5,9,7,0,12.4,-54,10.2,10.7,79,2.0,63,4.0,0,996.6,304.5788892546425,10.10519641793858,78,,
2018,5,9,8,0,12.9,-42,7.9,10.9,111,9.0,164,34.11744082190568,0,996.5,306.9630779696225,10.17813845988746,69,,
2018,5,9,9,0,13.2,-28,51,11.2,112,12.0,73,72.36271897472245,0,996,308.8547883282534,10.700023577677516,63,,
2018,5,9,10,0,13.2,-12,73.9,11.6,122,22.0,4,145.90662435302193,0,995.3,320.57674595805986,12.353426986195402,59,,
2018,5,9,11,0,13.1,4,32.3,11.9,150,17.0,184,157.31122996175236,0,994.5,326.4681437475572,13.070173202383444,58,,
2018,5,9,12,0,13,21,55.2,12,110,5.0,103,96.63262504968442,0,993.8,327.9439441209296,13.51873069096922,61,,
2018,5,9,13,0,12.9,35,74.5,11.9,88,4.0,0,81.06055500345398,0,993.2,329.4910185556323,14.221683446926486,66,,
2018,5,9,14,0,12.7,48,41.9,11.7,110,3.0,8,57.36655480419903,0,992.5,54.46697795567559,9.080938622163382,74,,
2018,5,9,15,0,12.6,60,46.9,11.5,52,2.0,4,30.703559515673312,0,992,41.78795342190182,7.101732178560978,83,,
2018,5,9,16,0,12.5,70,75.8,11.4,5,2.0,0,14.422409892723124,0,991.6,29.7975180919247,5.6695041377773,93,,
2018,5,9,17,0,12.4,79,85,11.3,0,0.0,0,1.0,0,991.2,15.54872093261639,4.868099935371344,104,,
2018,5,9,18,0,12.4,89,84.1,11.1,0,0.0,0,0.0,0,990.7,4.95083201067024,3.3325015112980063,115,,
2018,5,9,19,0,12.4,99,93.6,11,0,0.0,0,0.0,0,990.1,341.9242354889106,4.310386499170585,126,,
2018,5,9,20,0,12.4,112,99.6,10.8,0,0.0,0,0.0,0,989.5,2.490393090624593,5.062398515084398,137,,
2018,5,9,21,0,12.4,130,99.2,10.9,0,0.0,0,0.0,0,988.8,6.850715392568532,4.756617002827164,147,,
2018,5,9,22,0,12.2,156,98.3,11,0,0.0,0,0.0,0,988,11.020842240543118,5.048426823558988,154,,
2018,5,9,23,0,12,-171,98,11.2,0,0.0,0,0.0,0,987.1,0.1936751367489932,5.200225021922175,155,,
2018,5,10,0,0,11.8,-142,98,11.1,0,0.0,0,0.0,0,986.6,358.3881140264946,5.242308750256896,151,,
2018,5,10,1,0,11.5,-120,97.9,10.8,0,0.0,0,0.0,0,986.3,342.7267585987207,3.594741551814375,142,,
2018,5,10,2,0,11.3,-105,91.2,10.4,0,0.0,0,0.0,0,986,335.1846615276305,4.544896445799516,132,,
2018,5,10,3,0,10.9,-94,86.1,9.9,0,0.0,0,0.0,0,986,333.72292646818045,5.104915959640688,121,,
2018,5,10,4,0,10.5,-84,63.5,9.3,0,0.0,0,0.0,0,986.3,321.81353655292065,2.875319608255229,109,,
2018,5,10,5,0,10.2,-75,50.7,8.7,0,0.0,0,0.0,0,986.6,318.65716948102147,1.358630184586611,98,,
2018,5,10,6,0,10.2,-65,41.3,8.4,24,0.0,0,0.0,0,986.8,141.35704778323134,1.036824533891112,88,,
2018,5,10,7,0,10.6,-54,33,8.4,100,7.0,0,7.0,0,987,113.56287933822917,1.3008447580041516,78,,
2018,5,10,8,0,10.9,-42,58.3,8.4,107,49.0,0,70.92753242753129,0,987.2,132.7467024536101,2.924255584476654,70,,
2018,5,10,9,0,11,-28,59.2,8.5,172,100.0,2,164.67517693527313,0,987.3,137.30230506185893,3.785973813917544,63,,
2018,5,10,10,0,10.9,-12,31.7,8.6,248,191.0,85,267.6209165527529,0,987.2,151.77809487539952,4.75800101371841,59,,
2018,5,10,11,0,10.8,4,25,8.7,283,173.0,89,306.9135284055608,0,987.1,154.8244011185891,3.966911558430848,59,,
2018,5,10,12,0,10.6,21,30.7,8.6,281,76.0,35,250.7166876191094,0,987.2,148.1094188653143,5.011294958760289,61,,
2018,5,10,13,0,10.4,35,13.4,8.5,152,57.0,156,213.13744561246955,0,987.5,132.37948837124395,4.82929307579083,66,,
2018,5,10,14,0,10.2,48,23.8,8.4,102,27.0,84,137.1936802797109,0,987.9,112.25364031803451,3.3142391263880246,74,,
2018,5,10,15,0,10,60,29.5,8.3,56,20.0,0,81.9601113911243,0,988.3,76.3643349043491,4.751351120426461,83,,
2018,5,10,16,0,9.9,70,40.3,8.2,8,13.0,0,30.699147188883085,0,988.9,79.701117454057,6.713139040770416,93,,
2018,5,10,17,0,9.7,79,50.7,8,0,0.0,0,1.0,0,989.5,108.99027552504344,9.279975999547284,104,,
2018,5,10,18,0,9.6,89,52.4,8,0,0.0,0,0.0,0,989.5,93.85868568350622,7.654804128243866,115,,
2018,5,10,19,0,9.5,99,72,8,0,0.0,0,0.0,0,989.1,73.07919803380588,9.276602898179332,127,,
2018,5,10,20,0,9.5,112,83,8,0,0.0,0,0.0,0,988.6,75.06041167011125,10.696522838580629,137,,
2018,5,10,21,0,9.7,130,82.6,8.4,0,0.0,0,0.0,0,987.9,80.84621591097311,12.901855149980303,147,,
2018,5,10,22,0,10.2,156,63.7,9,0,0.0,0,0.0,0,987,83.07924884011157,15.331680915863355,154,,
2018,5,10,23,0,10.6,-171,51.9,9.6,0,0.0,0,0.0,0,986.1,81.2885109728594,17.329807514548634,155,,
2018,5,11,0,0,10.8,-141,26.2,9.7,0,0.0,0,0.0,0,986.2,80.98286257186749,16.860716814978318,151,,
2018,5,11,1,0,10.7,-120,4.3,9.4,0,0.0,0,0.0,0,987,85.01907261770174,18.19860702570629,142,,
2018,5,11,2,0,10.5,-105,0,9,0,0.0,0,0.0,0,987.9,86.59649174176491,16.761986756343546,132,,
2018,5,11,3,0,10.3,-94,0,8.7,0,0.0,0,0.0,0,988.9,91.66267172534492,16.029209626170573,121,,
2018,5,11,4,0,10.1,-84,0,8.4,0,0.0,0,0.0,0,990,92.7978773089702,14.289494780628376,110,,
2018,5,11,5,0,9.8,-74,0,8.2,0,0.0,0,0.0,0,991.1,92.66704165428234,12.786310982356891,99,,
2018,5,11,6,0,9.9,-65,2.6,8,26,0.0,5,0.0,0,992.3,89.94468683562917,12.897466947661446,88,,
2018,5,11,7,0,10.4,-54,3.8,7.8,75,8.0,58,7.000000000000001,0,993.6,83.88926904476665,14.46721211122421,78,,
2018,5,11,8,0,10.9,-42,3.1,7.6,108,21.0,167,51.474104367864825,0,994.9,81.40633533004785,15.175256794197468,70,,
2018,5,11,9,0,11.1,-28,3,7.3,108,10.0,290,71.733151325361,0,995.7,83.36133905330348,15.982160636727563,63,,
2018,5,11,10,0,11.2,-12,20.7,7.1,231,26.0,150,132.33529214491517,0,996.2,87.81972461816468,16.762134569069193,60,,
2018,5,11,11,0,11.3,4,21.7,6.8,254,65.0,134,213.28154865494164,0,996.6,85.72987515275645,16.42058200264729,59,,
2018,5,11,12,0,11.4,20,11.7,6.5,179,239.0,220,338.9718307070166,0,997,83.79131378322637,15.928387628627542,61,,
2018,5,11,13,0,11.5,35,18.6,6.3,176,449.0,120,408.7754472529344,0,997.3,83.89147161087402,16.023351781607445,67,,
2018,5,11,14,0,11.6,48,21.1,6.1,137,385.0,40,327.399729988095,0,997.6,85.91152252309223,16.02564628624952,74,,
2018,5,11,15,0,11.7,59,13.9,6.1,55,193.0,14,176.4521019345229,0,997.8,85.61502808631258,15.467639528739303,83,,
2018,5,11,16,0,11.7,70,3.9,6.3,9,98.0,1,64.00502905571679,0,998,82.91935219903246,14.664325825557926,93,,
2018,5,11,17,0,11.8,79,0,6.5,0,4.0,0,1.1581170357676132,0,998.1,82.6857926738171,14.865837787615249,104,,
2018,5,11,18,0,11.8,88,0.7,7.3,0,0.0,0,0.0,0,997.9,82.10912167451409,15.314933894827686,115,,
2018,5,11,19,0,11.8,99,33.9,8.3,0,0.0,0,0.0,0,997.3,81.05119222146311,16.730998206995974,127,,
2018,5,11,20,0,11.8,112,53.9,9.4,0,0.0,0,0.0,0,996.7,80.8331776403183,17.121001535559405,138,,
2018,5,11,21,0,12,129,53,10.1,0,0.0,0,0.0,0,995.8,83.35312290095146,16.19872516278408,147,,
2018,5,11,22,0,12.2,156,52,10.4,0,0.0,0,0.0,0,994.7,82.84779387295077,15.059562713282729,154,,
2018,5,11,23,0,12.5,-171,51.6,10.6,0,0.0,0,0.0,0,993.6,82.72385798506963,13.50130050187775,156,,
2018,5,12,0,0,12.5,-141,50.5,10.7,0,0.0,0,0.0,0,992.5,84.86036435002768,12.111195089086,151,,
2018,5,12,1,0,12.2,-119,19.1,10.7,0,0.0,0,0.0,0,991.5,78.00732470267167,12.63315084991581,143,,
2018,5,12,2,0,12,-105,1.5,10.6,0,0.0,0,0.0,0,990.5,81.67467734615514,12.362701354204686,132,,
2018,5,12,3,0,11.6,-93,1,10.1,0,0.0,0,0.0,0,990,84.88613326621976,13.267655359900049,121,,
2018,5,12,4,0,11.1,-83,24.2,9.3,0,0.0,0,0.0,0,989.7,85.50686283044797,14.51947586750986,110,,
2018,5,12,5,0,10.7,-74,38.8,8.4,0,0.0,0,0.0,0,989.5,86.6341526283345,14.732933817392391,99,,
2018,5,12,6,0,10.5,-64,30.8,7.8,19,0.0,0,0.0,0,989.4,86.89363166187911,15.54774737378592,88,,
2018,5,12,7,0,10.5,-54,12.8,7.4,83,58.0,13,9.000000000000004,0,989.5,86.00910971574899,14.22443382975105,78,,
2018,5,12,8,0,10.6,-42,37.4,6.9,115,203.0,7,91.28305177422143,0,989.6,85.60978560075648,13.519649274741282,70,,
2018,5,12,9,0,10.5,-28,82.8,6.9,52,290.0,0,204.27630052057816,0,989.6,85.80423704688303,11.889286464687782,64,,
2018,5,12,10,0,10.3,-12,56.7,7.1,172,386.0,0,314.0500799216464,0,989.7,86.09765019778939,11.278590948299705,60,,
2018,5,12,11,0,10.1,4,42.5,7.4,221,247.0,1,318.9458702923156,0,989.7,85.20876473450619,11.703493782212275,59,,
2018,5,12,12,0,9.9,20,20.6,7.4,202,310.0,75,364.61736812044194,0,990.2,86.8512901551382,12.516454252471602,62,,
2018,5,12,13,0,9.7,35,60.7,7.4,85,305.0,42,344.56010916239245,0,991,83.78129861110023,12.486069937795934,67,,
2018,5,12,14,0,9.5,48,60.9,7.3,48,261.0,0,273.8947472074388,0,991.9,82.87903379004479,12.423217300250254,74,,
2018,5,12,15,0,9.2,59,42.1,7.1,31,211.0,0,177.88745257594115,0,993.1,81.88209639964066,11.189516218809567,83,,
2018,5,12,16,0,8.7,69,47,6.8,4,107.0,0,63.47757143465854,0,994.4,74.30983673381553,9.77157736380794,94,,
2018,5,12,17,0,8.3,79,30,6.6,0,3.0,0,1.109647043448318,0,995.8,70.1216064322416,10.043495811303336,104,,
2018,5,12,18,0,7.9,88,18.5,6.1,0,0.0,0,0.0,0,996.9,72.91755631227852,10.545304606755918,116,,
2018,5,12,19,0,7.5,99,59.3,5.6,0,0.0,0,0.0,0,997.8,70.17102824289242,11.47529968003372,127,,
2018,5,12,20,0,7.1,111,82.1,5,0,0.0,0,0.0,0,998.7,72.70836584316879,11.127935857967794,138,,
2018,5,12,21,0,7,129,80.8,4.8,0,0.0,0,0.0,0,999.6,74.8322058885687,10.902254963277173,147,,
2018,5,12,22,0,6.9,155,29,4.9,0,0.0,0,0.0,0,1000.5,77.88610477836158,10.2097692193412,154,,
2018,5,12,23,0,6.9,-171,0,5.1,0,0.0,0,0.0,0,1001.3,79.36706902150371,9.579524673822778,156,,
2018,5,13,0,0,6.8,-141,0,4.9,0,0.0,0,0.0,0,1002.2,85.15047232408705,8.548179289833747,151,,
2018,5,13,1,0,6.6,-119,0,4.5,0,0.0,0,0.0,0,1003,78.0993889837041,10.607880252493093,143,,
2018,5,13,2,0,6.4,-104,0,4.1,0,0.0,0,0.0,0,1003.8,83.55442505354699,10.378100609800953,132,,
2018,5,13,3,0,6.4,-93,0,3.8,0,0.0,0,0.0,0,1004.8,94.08164738883836,10.04305098450628,121,,
2018,5,13,4,0,6.4,-83,0,3.5,0,0.0,0,0.0,0,1005.9,100.81910129313452,9.043315767093512,110,,
2018,5,13,5,0,6.4,-74,0,3.2,0,0.0,0,0.0,0,1007,105.56176574982248,8.013739934934877,99,,
2018,5,13,6,0,6.9,-64,2.4,3,21,0.0,15,0.0,0,1007.9,104.02046637699463,6.666117960482176,88,,
2018,5,13,7,0,7.8,-54,2.6,2.8,51,47.0,100,8.000000000000004,0,1008.6,96.83229687199304,7.901079368040343,79,,
2018,5,13,8,0,8.7,-42,3,2.7,80,203.0,207,87.65732027904203,0,1009.2,95.45476730074644,7.257964954889729,70,,
2018,5,13,9,0,9.3,-28,30.3,3.2,182,525.0,93,246.94515987955987,0,1009.3,107.63835519558518,4.942308547074975,64,,
2018,5,13,10,0,9.6,-12,16.5,4.2,140,656.0,258,381.0768260263481,0,1009.1,129.64417495714486,3.2403211990138137,60,,
2018,5,13,11,0,9.9,4,9,5.3,163,708.0,275,472.4704124204428,0,1008.9,162.07024532647142,2.3466309452273166,59,,
2018,5,13,12,0,10.2,20,38.7,5.8,196,726.0,76,511.0892901773778,0,1008.8,207.56662361273376,1.717711134708388,62,,
2018,5,13,13,0,10.4,35,21.7,5.9,140,712.0,113,489.80600996108814,0,1009,279.23640735402176,0.5293239009474802,67,,
2018,5,13,14,0,10.6,48,3.9,6,88,663.0,113,409.9642906819602,0,1009.2,309.4862693876072,0.919904251091796,74,,
2018,5,13,15,0,10.7,59,10.1,5.8,41,553.0,28,275.45462821023045,0,1009.7,306.2538377374448,1.1625672023586422,84,,
2018,5,13,16,0,10.7,69,5,5.5,8,330.0,0,108.14330492529297,0,1010.3,317.0148313496461,1.7087469143061762,94,,
2018,5,13,17,0,10.7,79,0,5.1,0,6.0,0,1.2019969594728508,0,1010.9,321.0275302955213,2.711004877489909,105,,
2018,5,13,18,0,10.7,88,0.6,5,0,0.0,0,0.0,0,1011.4,333.9513166629231,3.598162927061576,116,,
2018,5,13,19,0,10.8,98,33.6,5,0,0.0,0,0.0,0,1011.7,7.896205013670624,2.528860035292245,127,,
2018,5,13,20,0,10.9,111,52,5.1,0,0.0,0,0.0,0,1012,356.132257996098,1.0749580752159522,138,,
2018,5,13,21,0,10.9,129,51.4,5.3,0,0.0,0,0.0,0,1012.3,317.4916640802551,0.8140460124332217,148,,
2018,5,13,22,0,10.8,155,18.4,5.6,0,0.0,0,0.0,0,1012.4,345.07926038035106,1.097047820428608,155,,
2018,5,13,23,0,10.7,-171,0,5.8,0,0.0,0,0.0,0,1012.5,351.8674111736192,0.7955987096789461,156,,
2018,5,14,0,0,10.7,-140,0,6.1,0,0.0,0,0.0,0,1012.6,11.47236997076169,0.4897656270445658,152,,
2018,5,14,1,0,10.9,-119,0,6.3,0,0.0,0,0.0,0,1012.7,338.27547462071686,0.608134645736428,143,,
2018,5,14,2,0,11,-104,0,6.5,0,0.0,0,0.0,0,1012.9,345.03328043599515,0.5615298063497516,132,,
2018,5,14,3,0,11.1,-93,0,6.8,0,0.0,0,0.0,0,1013.2,7.460075567510898,0.6731785393606312,121,,
2018,5,14,4,0,11.3,-83,0,7.1,0,0.0,0,0.0,0,1013.7,22.67282495877805,0.7720668863094553,110,,
2018,5,14,5,0,11.5,-74,0,7.4,0,0.0,0,0.0,0,1014.2,24.07839056924184,0.2818483768924619,99,,
2018,5,14,6,0,12,-64,1.2,7.8,20,0.0,12,0.0,0,1014.7,210.83088158588603,0.5416288240369496,88,,
2018,5,14,7,0,12.7,-53,24.8,8.3,88,22.0,9,6.000000000000002,0,1015.3,210.7186215857412,1.233076064022872,79,,
2018,5,14,8,0,13.4,-41,15.8,8.9,103,110.0,147,70.94253423209543,0,1015.9,216.006879867302,1.254585676230113,71,,
2018,5,14,9,0,13.7,-28,2.6,8.9,94,172.0,294,162.27839676665772,0,1016.4,259.1670244961002,1.1963690283381871,64,,
2018,5,14,10,0,13.6,-12,1.6,8.5,93,176.0,363,239.0872901980937,0,1016.9,309.4279424333546,1.7121553484910432,60,,
2018,5,14,11,0,13.4,4,0.5,8.1,84,149.0,389,269.05983696436425,0,1017.3,336.66514638591843,2.480211139427968,60,,
2018,5,14,12,0,13.2,20,1.5,8.1,87,192.0,343,306.431365632691,0,1017.8,342.6372945796721,3.8451258980288143,62,,
2018,5,14,13,0,13,35,2.7,8.4,85,217.0,252,301.6432995313091,0,1018.3,347.27633368663146,5.107852067207753,67,,
2018,5,14,14,0,12.8,48,2.3,8.7,64,340.0,148,301.5035320420292,0,1018.9,349.8701879365161,4.975012425546129,75,,
2018,5,14,15,0,12.5,59,0.7,8.8,30,345.0,46,218.1349035166317,0,1019.5,353.67023941860333,4.738849803906984,84,,
2018,5,14,16,0,12.1,69,0,8.7,6,46.0,4,42.93187261570468,0,1020.1,355.70492088743134,4.472521704103487,94,,
2018,5,14,17,0,11.7,78,0,8.7,0,0.0,0,0.0,0,1020.8,9.205020753885492,5.219559932150884,105,,
2018,5,14,18,0,11.5,88,0,8.5,0,0.0,0,0.0,0,1021.3,13.550296178526708,4.7265356204947375,116,,
2018,5,14,19,0,11.3,98,0,8.3,0,0.0,0,0.0,0,1021.7,14.744183408256674,5.736500156564842,127,,
2018,5,14,20,0,11.1,111,0,8.1,0,0.0,0,0.0,0,1022.1,18.66909952546416,5.818608601672385,138,,
2018,5,14,21,0,11,129,0,8,0,0.0,0,0.0,0,1022.3,25.20029562904864,6.294111312677689,148,,
2018,5,14,22,0,11,155,0,8,0,0.0,0,0.0,0,1022.4,26.67890905838425,6.208594752467992,155,,
2018,5,14,23,0,11,-171,0,8,0,0.0,0,0.0,0,1022.4,24.891974532047183,6.622807432327632,156,,
2018,5,15,0,0,10.9,-140,0,7.9,0,0.0,0,0.0,0,1022.6,21.72568035064245,5.6595872023013465,152,,
2018,5,15,1,0,10.8,-119,0,7.7,0,0.0,0,0.0,0,1022.8,8.712513474053594,4.456453076907687,143,,
2018,5,15,2,0,10.6,-104,0,7.5,0,0.0,0,0.0,0,1023.1,358.6219363496532,4.781412221612452,133,,
2018,5,15,3,0,10.5,-93,0,7.3,0,0.0,0,0.0,0,1023.5,6.5182738381273,6.497077179295477,121,,
2018,5,15,4,0,10.3,-83,0,7.1,0,0.0,0,0.0,0,1024,357.0303867806076,7.577802800673325,110,,
2018,5,15,5,0,10.2,-73,0,7,0,0.0,0,0.0,0,1024.5,59.91159614869309,11.025723250771806,99,,
2018,5,15,6,0,10.5,-64,0,7,16,0.0,20,0.0,0,1024.9,69.00812464779915,11.17946745564644,89,,
2018,5,15,7,0,11.1,-53,1.2,7.3,45,47.0,103,7.000000000000003,0,1025.2,71.99249324812803,11.135294790763712,79,,
2018,5,15,8,0,11.7,-41,1.9,7.7,67,280.0,220,93.55799208694091,0,1025.5,70.62000738888264,11.07503698377268,71,,
2018,5,15,9,0,12,-27,1.9,7.6,78,380.0,320,215.79037000871332,0,1025.5,69.60356685975819,10.903585294244618,64,,
2018,5,15,10,0,12,-12,2.5,7.3,89,559.0,373,350.3258794160082,0,1025.2,71.87744677004241,10.46416010942826,61,,
2018,5,15,11,0,12,4,2.6,7,91,693.0000000000001,384,462.3755080558645,0,1025,70.61663153130564,11.502044630731188,60,,
2018,5,15,12,0,11.9,20,2.2,6.9,84,734.0,353,507.8147249102109,0,1024.9,70.32233172457433,11.523020624928554,62,,
2018,5,15,13,0,11.8,35,2.5,7,75,691.0000000000001,270,476.2836098132892,0,1024.9,71.88997650009946,12.007429296748803,67,,
2018,5,15,14,0,11.8,48,3,7.1,58,592.0,159,380.4914613967798,0,1024.9,70.15035084915974,11.426438918789282,75,,
2018,5,15,15,0,11.5,59,31.1,7.1,27,401.0,42,228.47650611321745,0,1025.1,63.20326253558801,11.340385707896548,84,,
2018,5,15,16,0,11,69,17,7.2,5,198.0,0,78.82348163781725,0,1025.4,59.72216753069199,10.635893535789345,94,,
2018,5,15,17,0,10.6,78,0,7.2,0,2.0,0,1.0563914536328085,0,1025.7,67.46546752657997,10.718254825843026,105,,
2018,5,15,18,0,10.1,88,0,7.1,0,0.0,0,0.0,0,1025.9,70.53502006417636,10.638042996530157,116,,
2018,5,15,19,0,9.6,98,0,6.8,0,0.0,0,0.0,0,1026,72.05271207699258,9.21602618824364,127,,
2018,5,15,20,0,9.1,111,0,6.6,0,0.0,0,0.0,0,1026,68.64875641623132,8.095678037229533,138,,
2018,5,15,21,0,9.1,128,0,6.7,0,0.0,0,0.0,0,1025.9,73.71032066236177,7.897100654309595,148,,
2018,5,15,22,0,9.4,155,0,7.2,0,0.0,0,0.0,0,1025.8,74.40556708641179,6.761345132943779,155,,
2018,5,15,23,0,9.8,-171,0,7.7,0,0.0,0,0.0,0,1025.7,117.33943398488594,3.1183331136399284,157,,
2018,5,16,0,0,10,-140,0,7.9,0,0.0,0,0.0,0,1025.7,149.32690992432288,2.822645115665422,152,,
2018,5,16,1,0,9.9,-118,0,7.8,0,0.0,0,0.0,0,1025.8,104.22008491820748,4.74273276925643,143,,
2018,5,16,2,0,9.8,-104,0,7.6,0,0.0,0,0.0,0,1025.9,104.88397819869893,4.710538483481015,133,,
2018,5,16,3,0,9.7,-92,0,7.5,0,0.0,0,0.0,0,1026,106.29781698169472,4.328985307760194,122,,
2018,5,16,4,0,9.5,-83,0,7.3,0,0.0,0,0.0,0,1026,106.29815369397828,2.5654986096008314,110,,
2018,5,16,5,0,9.4,-73,0,7.1,0,0.0,0,0.0,0,1025.9,88.28714857201533,1.1680023545754228,99,,
2018,5,16,6,0,9.7,-64,0.8,7,15,0.0,20,0.0,0,1026,94.55758345390824,1.2289837307764924,89,,
2018,5,16,7,0,10.2,-53,1.5,7,41,32.0,109,6.000000000000002,0,1026.1,7.3997184036592785,2.91170040868945,79,,
2018,5,16,8,0,10.7,-41,3,6.9,72,106.0,214,67.8756901283443,0,1026.2,23.76719660020791,3.96359137688976,71,,
2018,5,16,9,0,11.2,-27,14.9,7,171,138.0,173,148.43121933185148,0,1026,34.54330642354017,3.769562471092472,65,,
2018,5,16,10,0,11.6,-12,34.1,7,259,312.0,52,290.5637557645198,0,1025.6,30.07380613059865,4.879254379863115,61,,
2018,5,16,11,0,12,4,16.5,7,156,379.0,251,371.52365268735525,0,1025.2,29.370473878995085,6.529435640412977,60,,
2018,5,16,12,0,12.1,20,2.4,7,80,431.0,357,412.62206785134265,0,1024.7,30.654540435001707,10.473624714312502,62,,
2018,5,16,13,0,12.1,35,2.4,7,69,298.0,278,341.69994361630984,0,1024.4,25.19995965456104,10.234007341027214,68,,
2018,5,16,14,0,12,47,2.1,7,52,164.0,167,230.49254479288768,0,1024,23.7047305196474,10.64014719984046,75,,
2018,5,16,15,0,11.6,59,0.7,7,24,62.0,53,111.27980862733637,0,1023.8,23.373298439773748,10.681456106171703,84,,
2018,5,16,16,0,11,69,0,7,5,21.0,5,30.947469415086918,0,1023.8,25.009684777873986,10.667725469831682,94,,
2018,5,16,17,0,10.3,78,0,6.9,0,0.0,0,0.0,0,1023.7,23.38651784454703,9.900769871943217,105,,
2018,5,16,18,0,9.5,87,0,6.6,0,0.0,0,0.0,0,1023.8,22.84456546498643,8.892590169816769,116,,
2018,5,16,19,0,8.6,98,0,6.1,0,0.0,0,0.0,0,1023.8,21.32141084069053,8.539565075937562,128,,
2018,5,16,20,0,7.7,110,0,5.6,0,0.0,0,0.0,0,1023.9,19.41890521225816,8.51956451353552,138,,
2018,5,16,21,0,7.7,128,0,5.7,0,0.0,0,0.0,0,1023.7,20.05983561713913,8.753440197680058,148,,
2018,5,16,22,0,8.2,155,0,6.2,0,0.0,0,0.0,0,1023.5,19.67462103418416,8.732199973006795,155,,
2018,5,16,23,0,8.9,-171,0,6.7,0,0.0,0,0.0,0,1023.2,18.744336691202648,9.078941968311376,157,,
2018,5,17,0,0,9.3,-140,0,7.1,0,0.0,0,0.0,0,1023,14.652328918989554,8.568705808941546,152,,
2018,5,17,1,0,9.7,-118,0,7.4,0,0.0,0,0.0,0,1022.8,14.422150316541604,9.274947948900982,143,,
2018,5,17,2,0,10,-103,0,7.6,0,0.0,0,0.0,0,1022.7,12.499653340637336,9.99196329528906,133,,
2018,5,17,3,0,10.3,-92,0,7.9,0,0.0,0,0.0,0,1022.6,10.71472819858792,9.95108467939844,122,,
2018,5,17,4,0,10.5,-82,0,8.1,0,0.0,0,0.0,0,1022.7,14.765679737864616,10.623281777518828,111,,
2018,5,17,5,0,10.7,-73,0.1,8.3,0,0.0,0,0.0,0,1022.8,22.21126348913066,9.132763032803714,99,,
2018,5,17,6,0,11.1,-63,4.6,8.5,19,0.0,10,0.0,0,1022.8,14.404430358273544,9.426457753509224,89,,
2018,5,17,7,0,11.7,-53,35.8,8.6,71,0.0,5,1.0,0,1022.9,9.41596405398684,10.268478095784332,79,,
2018,5,17,8,0,12.2,-41,70,8.7,76,3.0,0,17.299038124258214,0,1023,9.18547216954198,10.383145435354244,71,,
2018,5,17,9,0,12.7,-27,68,8.8,130,4.0,0,45.01427117327062,0,1022.8,10.60213671207157,9.810050515876958,65,,
2018,5,17,10,0,13.1,-12,62.2,9,173,3.0,0,61.13000680807405,0,1022.5,10.870796303692371,10.114115318538769,61,,
2018,5,17,11,0,13.5,4,76.1,9.2,113,13.0,0,131.97580362410267,0,1022.1,5.776126686034331,9.812516112223232,60,,
2018,5,17,12,0,13.6,20,74,9.3,110,26.0,0,177.9168523363545,0,1021.7,7.472502046445413,10.610373428961196,63,,
2018,5,17,13,0,13.5,35,51.9,9.3,156,18.0,1,144.73861724911296,0,1021.4,1.8624264632746872,11.68879186660894,68,,
2018,5,17,14,0,13.3,47,16.8,9.3,96,13.0,67,103.54432562211164,0,1021.1,1.021953281690969,12.059535440512994,75,,
2018,5,17,15,0,12.8,58,0.8,9.3,28,7.0,42,52.2673752511936,0,1021,9.1270142946247,12.16673681840965,84,,
2018,5,17,16,0,12,68,0,9.2,5,5.0,2,16.925066827309543,0,1021.1,18.57576306761433,11.24603830093966,94,,
2018,5,17,17,0,11.2,78,0,9.2,0,0.0,0,0.0,0,1021.2,24.27769295589337,10.841339296839442,105,,
2018,5,17,18,0,10.4,87,0,8.7,0,0.0,0,0.0,0,1021.3,26.64460865826265,10.457995196812275,116,,
2018,5,17,19,0,9.7,97,0,8,0,0.0,0,0.0,0,1021.4,25.080485505494835,10.232353756323445,128,,
2018,5,17,20,0,9,110,0,7.2,0,0.0,0,0.0,0,1021.4,25.153074203378765,10.257582595817132,139,,
2018,5,17,21,0,8.6,128,0,6.8,0,0.0,0,0.0,0,1021.5,28.2210909802356,10.060939744859336,148,,
2018,5,17,22,0,8.5,155,0,6.7,0,0.0,0,0.0,0,1021.4,30.24882609924134,9.657428490534206,155,,
2018,5,17,23,0,8.4,-171,0,6.6,0,0.0,0,0.0,0,1021.3,31.362348516872828,9.184440421241025,157,,
2018,5,18,0,0,8.4,-139,0,6.5,0,0.0,0,0.0,0,1021.1,32.0884780042482,9.082633476389551,152,,
2018,5,18,1,0,8.5,-118,0,6.6,0,0.0,0,0.0,0,1020.9,32.44827661313036,8.801635490777134,144,,
2018,5,18,2,0,8.5,-103,0,6.6,0,0.0,0,0.0,0,1020.6,33.51730223349284,9.004913373050725,133,,
2018,5,18,3,0,8.6,-92,0,6.7,0,0.0,0,0.0,0,1020.3,34.44259468260572,9.233724303322752,122,,
2018,5,18,4,0,8.8,-82,0,6.8,0,0.0,0,0.0,0,1020.2,34.0860085132112,9.318468044065536,111,,
2018,5,18,5,0,8.9,-73,0,6.9,0,0.0,0,0.0,0,1020,35.07736693133296,9.304992882163694,100,,
2018,5,18,6,0,9.7,-63,1.9,7.4,17,0.0,13,0.0,0,1019.8,37.90583109495293,9.147442386494763,89,,
2018,5,18,7,0,10.8,-53,27.3,8.4,84,1.0,7,2.0,0,1019.5,34.59891615790565,8.567715476515245,80,,
2018,5,18,8,0,12.1,-41,37.4,9.3,176,5.0,4,28.48400477451706,0,1019.2,37.091781398652415,8.763005162641203,71,,
2018,5,18,9,0,12.9,-27,14.1,9.7,133,22.0,215,95.50957813658285,0,1018.7,39.15822567054386,7.93782416004667,65,,
2018,5,18,10,0,13.5,-12,5.4,9.7,119,110.0,318,207.07197374728028,0,1017.9,37.35114559793931,8.632872879024303,61,,
2018,5,18,11,0,14,4,39,9.7,179,76.0,111,219.6784398783325,0,1017,35.723012639346564,7.67712390989004,61,,
2018,5,18,12,0,14.2,20,62.4,9.8,164,71.0,0,225.030888230633,0,1016.2,50.010723506755085,8.823180530630326,63,,
2018,5,18,13,0,14.1,34,60.3,10.1,131,36.0,1,168.3559913581495,0,1015.5,36.962497126448,10.544105567431512,68,,
2018,5,18,14,0,13.9,47,21.9,10.4,79,23.0,67,115.73420056276716,0,1014.7,37.57788388550085,11.289875574102062,75,,
2018,5,18,15,0,13.5,58,0.7,10.4,27,27.0,42,81.66208139165488,0,1014.1,39.73255681061005,11.55343099575309,84,,
2018,5,18,16,0,12.8,68,0,10.3,5,43.0,3,39.83222102112165,0,1013.6,42.72670554526144,11.0501620488993,95,,
2018,5,18,17,0,12,78,0,10.1,0,0.0,0,0.0,0,1013.1,45.47112639456134,9.6786786339538,105,,
2018,5,18,18,0,11.6,87,0.6,10,0,0.0,0,0.0,0,1012.6,49.57480875040176,8.44330060216147,117,,
2018,5,18,19,0,11.4,97,33.6,9.8,0,0.0,0,0.0,0,1011.9,48.264664423439456,8.28483370486282,128,,
2018,5,18,20,0,11.3,110,51.4,9.7,0,0.0,0,0.0,0,1011.2,50.21777631017494,8.591662968456856,139,,
2018,5,18,21,0,11.5,127,51,9.6,0,0.0,0,0.0,0,1010.4,55.53100558687419,8.821171224603738,149,,
2018,5,18,22,0,11.9,154,51,9.6,0,0.0,0,0.0,0,1009.4,55.361199010666496,8.383405950609687,156,,
2018,5,18,23,0,12.3,-171,51,9.6,0,0.0,0,0.0,0,1008.3,56.15199569572656,8.10629162391676,157,,
2018,5,19,0,0,12.6,-139,51.4,9.5,0,0.0,0,0.0,0,1007.3,56.32074125027833,7.537612004657801,153,,
2018,5,19,1,0,12.8,-117,71.7,9.6,0,0.0,0,0.0,0,1006.2,44.86488743983551,7.467109803336143,144,,
2018,5,19,2,0,13,-103,82.8,9.6,0,0.0,0,0.0,0,1005.1,43.57540834519023,7.971571157385617,133,,
2018,5,19,3,0,13.2,-92,81.9,9.5,0,0.0,0,0.0,0,1004.2,45.36642939150255,8.017090665284128,122,,
2018,5,19,4,0,13.3,-82,82.2,9.5,0,0.0,0,0.0,0,1003.4,43.06232348265456,7.740132579764579,111,,
2018,5,19,5,0,13.5,-73,70.7,9.5,0,0.0,0,0.0,0,1002.5,37.09658923537057,7.68858556913638,100,,
2018,5,19,6,0,13.5,-63,68.1,9.8,8,0.0,0,0.0,0,1001.9,35.01295952064743,7.716601184631677,89,,
2018,5,19,7,0,13.4,-53,60.5,10.3,55,9.0,0,4.000000000000001,0,1001.5,31.53612380763616,7.934257073895154,80,,
2018,5,19,8,0,13.4,-41,70.9,10.8,67,115.0,0,69.80617712923748,0,1001,24.77411947892961,7.654410678477926,72,,
2018,5,19,9,0,13.2,-27,81.4,11.2,66,255.0,0,185.07570539172363,0,1000.3,20.502616758927616,7.844560573687575,65,,
2018,5,19,10,0,12.9,-12,85.5,11.4,61,325.0,0,284.2992517874681,0,999.3,20.01198249122666,9.394890110196435,62,,
2018,5,19,11,0,12.6,4,86.3,11.6,60,412.0,0,371.6273209190842,0,998.3,20.181621305471594,11.311942666376885,61,,
2018,5,19,12,0,12.4,20,80.1,11.7,79,226.0,0,317.75293552655114,0,997.5,20.549832157360413,12.12141677175237,63,,
2018,5,19,13,0,12.4,34,82.4,11.8,58,194.0,0,283.89185381058513,0,996.7,14.448302679937116,12.794795658034651,68,,
2018,5,19,14,0,12.4,47,62.8,11.9,61,225.0,0,249.5118450079554,0,996,16.403607759425086,13.07492376500401,76,,
2018,5,19,15,0,12.4,58,45.6,11.9,33,132.0,0,139.9517462674791,0,995.9,16.024634633657968,13.457994607623167,85,,
2018,5,19,16,0,12.4,68,15.6,11.8,4,34.0,0,34.09856900746281,0,996.1,15.571722609454184,12.376899404892258,95,,
2018,5,19,17,0,12.3,77,0,11.7,0,0.0,0,0.0,0,996.4,13.918270169622076,11.474339741886904,105,,
2018,5,19,18,0,12.3,87,2,11.4,0,0.0,0,0.0,0,996.8,13.055893297588057,11.309938259280871,117,,
2018,5,19,19,0,12.2,97,1.1,11.1,0,0.0,0,0.0,0,997.3,5.403088797600162,12.05380050451594,128,,
2018,5,19,20,0,12.1,109,0,10.8,0,0.0,0,0.0,0,997.8,9.514214463925214,12.674340308156165,139,,
2018,5,19,21,0,12.1,127,0,10.8,0,0.0,0,0.0,0,997.9,12.466338064583454,12.993856154297664,149,,
2018,5,19,22,0,12.1,154,0,11,0,0.0,0,0.0,0,997.9,14.268337336830824,13.155829998298326,156,,
2018,5,19,23,0,12.1,-170,0,11.2,0,0.0,0,0.0,0,997.8,16.508389181603206,13.689298348321287,157,,
2018,5,20,0,0,12.1,-139,1.2,11.3,0,0.0,0,0.0,0,997.7,18.58253734388171,13.846900125152308,153,,
2018,5,20,1,0,12.1,-117,60.1,11.3,0,0.0,0,0.0,0,997.6,18.355178975528982,14.75046461796014,144,,
2018,5,20,2,0,12.1,-103,95.6,11.3,0,0.0,0,0.0,0,997.5,21.71498694298606,15.088307420226638,133,,
2018,5,20,3,0,12.2,-91,91.5,11.4,0,0.0,0,0.0,0,997.5,24.95324074080395,14.470945426528008,122,,
2018,5,20,4,0,12.3,-82,76.6,11.6,0,0.0,0,0.0,0,997.6,27.54483533561978,13.925926580112131,111,,
2018,5,20,5,0,12.4,-73,65.2,11.7,0,0.0,0,0.0,0,997.8,28.143159752102235,13.435916126410335,100,,
2018,5,20,6,0,12.4,-63,53.6,11.8,12,0.0,0,0.0,0,998.2,28.80816357851228,13.281152803401952,89,,
2018,5,20,7,0,12.5,-53,43.3,11.7,71,2.0,0,2.0,0,998.8,27.342838072404334,12.8450356951411,80,,
2018,5,20,8,0,12.5,-41,65.8,11.6,75,12.0,0,33.094136003170846,0,999.4,24.63566718435993,12.258374689362189,72,,
2018,5,20,9,0,12.6,-27,79.7,11.7,74,27.0,0,89.59682686890532,0,999.8,22.00394204081704,13.00492058760154,66,,
2018,5,20,10,0,12.7,-12,78.4,11.9,93,15.0,0,116.50470604179895,0,1000,21.816504781863102,13.938212776347305,62,,
2018,5,20,11,0,12.8,4,86.8,12.2,59,14.0,0,137.2962182526319,0,1000.3,23.990732607191944,14.935258044700968,61,,
2018,5,20,12,0,12.7,20,88.5,12.1,45,10.0,0,125.86797120807002,0,1000.7,22.892620351353912,13.843024193916268,63,,
2018,5,20,13,0,12.3,34,82.4,11.8,54,11.0,0,121.23181727548256,0,1001.4,23.65035918922553,15.193581884137451,68,,
2018,5,20,14,0,12,47,91.7,11.4,23,3.0,0,58.25090311485865,0,1002.1,23.44912012359692,15.058837560122212,76,,
2018,5,20,15,0,11.6,58,73.7,10.8,5,3.0,0,37.94472200856474,0,1002.9,23.85255860388133,13.37210386106695,85,,
2018,5,20,16,0,11.2,68,21.6,10.1,2,7.0,0,19.2368258447507,0,1003.9,22.15936950591293,12.241850463083823,95,,
2018,5,20,17,0,10.7,77,0,9.3,0,0.0,0,0.0,0,1005,15.230512977491742,11.866750265860134,106,,
2018,5,20,18,0,10.1,87,0,8.4,0,0.0,0,0.0,0,1005.9,16.449441478510266,12.572197478214722,117,,
2018,5,20,19,0,9.4,97,0,7.3,0,0.0,0,0.0,0,1006.8,13.447251106444185,12.793364356527055,128,,
2018,5,20,20,0,8.8,109,0,6.2,0,0.0,0,0.0,0,1007.7,18.512354584412208,12.857959314802171,139,,
2018,5,20,21,0,8.6,127,0,5.7,0,0.0,0,0.0,0,1008.3,20.228070103675748,12.479659630660873,149,,
2018,5,20,22,0,8.7,154,0,5.5,0,0.0,0,0.0,0,1008.7,21.223677251822323,12.202653756121563,156,,
2018,5,20,23,0,9,-170,0,5.4,0,0.0,0,0.0,0,1009.2,32.813304257665266,13.01429465594395,158,,
2018,5,21,0,0,9.1,-139,0,5.3,0,0.0,0,0.0,0,1009.6,34.96194376711895,13.297459953701065,153,,
2018,5,21,1,0,9.1,-117,0,5.2,0,0.0,0,0.0,0,1010,41.56326549475239,11.3233691788659,144,,
2018,5,21,2,0,9.1,-102,0,5.1,0,0.0,0,0.0,0,1010.4,33.95953442466657,11.474810090602404,134,,
2018,5,21,3,0,9.2,-91,0,5.1,0,0.0,0,0.0,0,1010.9,31.188148151227267,11.610409270842696,122,,
2018,5,21,4,0,9.2,-82,0,5.2,0,0.0,0,0.0,0,1011.5,28.4259419637794,11.223271919674342,111,,
2018,5,21,5,0,9.3,-72,0,5.4,0,0.0,0,0.0,0,1012.1,25.780117819509485,11.030484062166364,100,,
2018,5,21,6,0,9.6,-63,0,5.6,13,0.0,15,0.0,0,1012.8,25.157381993715035,10.79119282986925,90,,
2018,5,21,7,0,10.1,-52,1.5,6,40,0.0,92,1.0,0,1013.6,24.802853745217703,10.43496930685405,80,,
2018,5,21,8,0,10.6,-41,1.9,6.4,61,1.0,207,14.088435942996542,0,1014.3,22.16144212189033,11.154090490687878,72,,
2018,5,21,9,0,11.1,-27,2,6.6,74,3.0,303,43.72405140609349,0,1014.7,20.911355687077105,10.962017169289073,66,,
2018,5,21,10,0,11.5,-12,2.3,6.5,84,5.0,356,72.81934877290074,0,1014.8,17.716461829320508,10.786716330387012,62,,
2018,5,21,11,0,11.8,4,2.7,6.4,90,5.0,360,91.23274880009852,0,1014.9,16.519271973510342,12.626134927650316,61,,
2018,5,21,12,0,12,20,11.1,6.4,145,7.0,231,108.38529798952996,0,1015.2,15.62049453384094,13.797178316940352,64,,
2018,5,21,13,0,12,34,25.7,6.5,181,8.0,68,105.7799976535621,0,1015.5,16.745810495325543,13.839588861705051,69,,
2018,5,21,14,0,11.9,47,16.2,6.6,107,39.0,53,146.1449359822683,0,1015.9,20.131826598717907,15.645852763430147,76,,
2018,5,21,15,0,11.7,58,2.8,6.5,30,14.0,30,66.36929200915945,0,1016.4,23.88399663241524,15.1090145797899,85,,
2018,5,21,16,0,11.3,68,0,6.4,4,4.0,2,14.696419156336678,0,1017,16.07908207134585,14.559555169354224,95,,
2018,5,21,17,0,10.9,77,0,6.3,0,0.0,0,0.0,0,1017.5,18.68267086633375,14.820998936563464,106,,
2018,5,21,18,0,10.5,86,0,6.2,0,0.0,0,0.0,0,1017.9,23.133108570614127,15.53949815571902,117,,
2018,5,21,19,0,10.1,96,0,6,0,0.0,0,0.0,0,1018.3,22.64818453058922,15.958122442095354,128,,
2018,5,21,20,0,9.7,109,0,5.9,0,0.0,0,0.0,0,1018.6,21.384979934212023,16.80442120329098,139,,
2018,5,21,21,0,9.5,127,0,5.9,0,0.0,0,0.0,0,1018.7,22.00702407626824,17.686370781549375,149,,
2018,5,21,22,0,9.4,154,0,6,0,0.0,0,0.0,0,1018.7,26.11502707121167,17.23725296435474,156,,
2018,5,21,23,0,9.2,-170,0,6.1,0,0.0,0,0.0,0,1018.7,31.406817057067656,18.014296114595687,158,,
2018,5,22,0,0,9.1,-138,0,6.1,0,0.0,0,0.0,0,1018.7,34.825087153136735,17.532697554951707,153,,
2018,5,22,1,0,8.9,-117,0,5.9,0,0.0,0,0.0,0,1018.8,34.2970886081427,17.800022762865343,144,,
2018,5,22,2,0,8.7,-102,0,5.7,0,0.0,0,0.0,0,1018.9,35.99542262412342,17.99316010225374,134,,
2018,5,22,3,0,8.5,-91,0,5.5,0,0.0,0,0.0,0,1019.1,37.73031357775056,17.113306553588355,122,,
2018,5,22,4,0,8.4,-81,0,5.4,0,0.0,0,0.0,0,1019.4,36.76766382690704,16.555934558396448,111,,
2018,5,22,5,0,8.3,-72,0,5.2,0,0.0,0,0.0,0,1019.7,39.36022516949282,16.315848613376414,100,,
2018,5,22,6,0,8.6,-63,0.5,5,13,0.0,13,0.0,0,1020,39.69854020025946,15.612430510202126,90,,
2018,5,22,7,0,9.1,-52,1.3,4.8,39,1.0,93,2.0,0,1020.3,39.7186381346483,15.018999627555344,80,,
2018,5,22,8,0,9.7,-40,2,4.5,64,6.0,202,28.514451378742585,0,1020.6,40.67653898097143,14.820637045339687,72,,
2018,5,22,9,0,10.2,-27,17.1,4.5,175,13.0,136,75.09956186469968,0,1020.5,42.94509819314567,14.688989776781897,66,,
2018,5,22,10,0,10.5,-12,11.8,4.6,155,17.0,240,110.13396079041382,0,1020.2,44.4057408332136,15.512989400418014,62,,
2018,5,22,11,0,10.9,4,3,4.8,99,27.0,346,153.97288697026926,0,1019.9,45.77418552687135,15.434152541379223,61,,
2018,5,22,12,0,11,20,2.3,5,87,69.0,323,218.15516028874868,0,1019.7,45.0607674275887,14.974928009038477,64,,
2018,5,22,13,0,10.9,34,2.3,5.2,74,283.0,249,322.8587255163376,0,1019.5,46.90369882606012,14.25980088674096,69,,
2018,5,22,14,0,10.8,47,1.9,5.3,54,315.0,143,281.48676420614265,0,1019.4,47.05368410404168,13.565621438736658,76,,
2018,5,22,15,0,10.5,58,0.6,5.4,23,213.0,40,165.89628732614426,0,1019.5,48.62876861019424,12.626005371117534,85,,
2018,5,22,16,0,10.1,68,0,5.5,4,98.0,2,50.81843352309179,0,1019.8,48.5957700567821,11.079158624440735,95,,
2018,5,22,17,0,9.7,77,0,5.5,0,0.0,0,0.0,0,1020.1,47.06132501298276,9.13822503820668,106,,
2018,5,22,18,0,9.2,86,0,5.4,0,0.0,0,0.0,0,1020.4,42.11988323016806,8.338545061611523,117,,
2018,5,22,19,0,8.8,96,0,5.3,0,0.0,0,0.0,0,1020.6,38.84349853282902,8.027662392485155,128,,
2018,5,22,20,0,8.3,109,0,5.1,0,0.0,0,0.0,0,1020.8,31.99870011040309,8.4308909104316,139,,
2018,5,22,21,0,8.2,126,0,5.2,0,0.0,0,0.0,0,1020.8,30.83379636954737,8.30664912801236,149,,
2018,5,22,22,0,8.3,154,0,5.4,0,0.0,0,0.0,0,1020.7,30.558525536731736,8.329487633655257,156,,
2018,5,22,23,0,8.5,-170,0,5.7,0,0.0,0,0.0,0,1020.6,26.76209512204548,7.778243395562152,158,,
2018,5,23,0,0,8.5,-138,0,5.8,0,0.0,0,0.0,0,1020.6,20.552078126599497,8.666588366060017,153,,
2018,5,23,1,0,8.6,-116,0,5.8,0,0.0,0,0.0,0,1020.5,16.506760548595878,9.731135020498597,144,,
2018,5,23,2,0,8.6,-102,0,5.8,0,0.0,0,0.0,0,1020.5,17.962342629496845,10.052462968262391,134,,
2018,5,23,3,0,8.6,-91,0,5.9,0,0.0,0,0.0,0,1020.6,21.59901447841031,10.24159702254584,123,,
2018,5,23,4,0,8.6,-81,0,5.9,0,0.0,0,0.0,0,1020.8,24.234029644838188,10.555157530262765,111,,
2018,5,23,5,0,8.7,-72,0,5.9,0,0.0,0,0.0,0,1021.1,27.40882948578445,11.00269121064134,100,,
2018,5,23,6,0,9,-63,0,6,12,0.0,12,0.0,0,1021.3,29.90312850625611,11.117533666994223,90,,
2018,5,23,7,0,9.5,-52,1,6.1,39,1.0,89,1.0,0,1021.5,31.7538098238316,11.28686064000354,80,,
2018,5,23,8,0,10.1,-40,1.4,6.2,61,7.0,204,25.58168055153391,0,1021.6,32.12463939574707,10.742387526990662,72,,
2018,5,23,9,0,10.5,-27,1.5,6.2,78,8.0,294,55.88448439703125,0,1021.5,30.08189077765104,10.38933030000048,66,,
2018,5,23,10,0,10.9,-12,1.3,6.2,84,8.0,353,82.86269165193553,0,1021.2,29.426106845729866,11.805497455391624,62,,
2018,5,23,11,0,11.3,4,1.5,6.1,87,8.0,362,98.52322490080417,0,1020.8,28.04904333621613,12.951374016134787,62,,
2018,5,23,12,0,11.4,20,1.4,6.1,80,9.0,331,107.29736993299043,0,1020.6,27.49858170650577,13.73125810809584,64,,
2018,5,23,13,0,11.2,34,2,6.2,73,9.0,247,102.1986665506938,0,1020.5,31.69698265008435,13.774608027875129,69,,
2018,5,23,14,0,11,46,2.7,6.2,57,28.0,136,123.43122807417568,0,1020.4,32.7438913389056,13.19136675195313,76,,
2018,5,23,15,0,10.7,57,33.6,6.2,21,24.0,34,75.36195965867311,0,1020.4,31.93532371459133,12.973622911799064,85,,
2018,5,23,16,0,10.2,67,18.4,6.2,2,7.0,0,17.184580858784088,0,1020.5,33.869058600271444,11.986309054606451,95,,
2018,5,23,17,0,9.8,77,0,6.2,0,0.0,0,0.0,0,1020.6,32.47979944548342,10.47027059870301,106,,
2018,5,23,18,0,9,86,0,6,0,0.0,0,0.0,0,1020.7,32.54782676820344,9.911683166059976,117,,
2018,5,23,19,0,8.1,96,0,5.6,0,0.0,0,0.0,0,1020.8,33.10290265084677,9.35624952462806,128,,
2018,5,23,20,0,7.2,108,0,5.2,0,0.0,0,0.0,0,1020.9,40.2002592689999,9.465888595059289,139,,
2018,5,23,21,0,6.9,126,0,5.1,0,0.0,0,0.0,0,1020.8,45.7355336201602,9.642202378111472,149,,
2018,5,23,22,0,7.1,153,0,5.4,0,0.0,0,0.0,0,1020.6,46.69444373667608,9.206944697883218,157,,
2018,5,23,23,0,7.4,-170,0,5.6,0,0.0,0,0.0,0,1020.5,43.4602029953752,9.013514587418683,158,,
2018,5,24,0,0,7.4,-138,0.6,5.7,0,0.0,0,0.0,0,1020.4,45.823707697587565,8.850279985325498,153,,
2018,5,24,1,0,7.4,-116,33.6,5.7,0,0.0,0,0.0,0,1020.2,41.72195226096324,8.658616696115384,145,,
2018,5,24,2,0,7.3,-102,51.4,5.6,0,0.0,0,0.0,0,1020.1,39.10415227602459,8.569454059710502,134,,
2018,5,24,3,0,7.3,-91,51.6,5.5,0,0.0,0,0.0,0,1020.3,39.03515598139967,9.050456081141988,123,,
2018,5,24,4,0,7.3,-81,51.4,5.5,0,0.0,0,0.0,0,1020.5,42.02537987817868,9.234869264390856,112,,
2018,5,24,5,0,7.3,-72,51,5.5,0,0.0,0,0.0,0,1020.8,46.09637798729773,8.959074167550494,101,,
2018,5,24,6,0,7.5,-62,49.1,5.5,12,0.0,2,0.0,0,1021.1,51.50941642470025,8.029676962402222,90,,
2018,5,24,7,0,7.9,-52,18.8,5.5,40,10.0,80,4.000000000000001,0,1021.3,47.50563593225553,7.9608361010322195,81,,
2018,5,24,8,0,8.2,-40,2.3,5.5,66,137.0,193,68.02895417034576,0,1021.5,54.21590655109435,7.516291047559418,73,,
2018,5,24,9,0,9,-27,3.1,5.8,92,321.0,268,192.7128030354424,0,1021.3,59.999789991951616,6.700152776349879,66,,
2018,5,24,10,0,10.1,-12,22.4,6.2,217,607.0,118,333.43469700656783,0,1020.9,60.66605346007293,6.945487853712628,63,,
2018,5,24,11,0,11.2,4,46.4,6.6,233,685.0,8,427.64636756721046,0,1020.4,60.976220389683135,8.991746568516298,62,,
2018,5,24,12,0,11.6,19,64.1,6.9,149,685.0,0,459.0622842433696,0,1020.1,61.761352683155,9.30494204668654,64,,
2018,5,24,13,0,11.5,34,72.6,7.1,88,681.0,0,441.7527103793156,0,1019.9,56.34588034566718,9.821079955540055,69,,
2018,5,24,14,0,11.4,46,63.1,7.3,65,626.0,0,362.8687762464256,0,1019.7,60.25804221155903,10.089056789945417,76,,
2018,5,24,15,0,11,57,53.5,7.4,25,506.0,0,233.93608646269695,0,1019.7,61.79278629133768,10.107837571888302,85,,
2018,5,24,16,0,10.4,67,18.6,7.2,2,269.0,0,76.90496651905403,0,1019.8,64.18895420050484,9.43357353445221,95,,
2018,5,24,17,0,9.8,76,0,7.1,0,0.0,0,0.0,0,1019.9,66.30354982465747,8.62195844855303,106,,
2018,5,24,18,0,9.3,86,0,7,0,0.0,0,0.0,0,1020,69.18298287774996,8.695053017884034,117,,
2018,5,24,19,0,9,96,0,6.9,0,0.0,0,0.0,0,1020.2,73.31625945338806,9.160523715914508,128,,
2018,5,24,20,0,8.6,108,0,6.8,0,0.0,0,0.0,0,1020.3,77.65285334164918,9.855397251760351,140,,
2018,5,24,21,0,8.5,126,0,6.6,0,0.0,0,0.0,0,1020.2,83.4086436059859,9.25625131376516,150,,
2018,5,24,22,0,8.6,153,0,6.5,0,0.0,0,0.0,0,1020,84.7290278214229,8.355400270642425,157,,
2018,5,24,23,0,8.7,-170,0,6.3,0,0.0,0,0.0,0,1019.8,86.02785432719355,8.299967108799212,158,,
2018,5,25,0,0,8.9,-138,0.6,6.3,0,0.0,0,0.0,0,1019.6,87.6388664420441,7.769047042618326,154,,
2018,5,25,1,0,9,-116,33.4,6.3,0,0.0,0,0.0,0,1019.4,95.80809084203132,7.609130373710059,145,,
2018,5,25,2,0,9.1,-102,50.9,6.3,0,0.0,0,0.0,0,1019.2,112.5428055297237,5.725027713958426,134,,
2018,5,25,3,0,9.3,-91,31.4,6.4,0,0.0,0,0.0,0,1019.2,135.99222819535095,3.778305239042226,123,,
2018,5,25,4,0,9.3,-81,7.4,6.4,0,0.0,0,0.0,0,1019.3,152.13183055483853,3.048632090667008,112,,
2018,5,25,5,0,9.4,-72,0,6.5,0,0.0,0,0.0,0,1019.4,166.07781566377946,3.033951410964424,101,,
2018,5,25,6,0,9.9,-62,0.5,6.8,13,0.0,6,0.0,0,1019.6,161.8602621317258,2.9069252665308785,90,,
2018,5,25,7,0,10.6,-52,27.4,7.4,68,21.0,4,3.0000000000000013,0,1019.8,168.67965957341255,3.4265262311345803,81,,
2018,5,25,8,0,11.4,-40,30.3,8,147,285.0,33,72.21905431012256,0,1020.1,162.88257123944177,3.8479404247702265,73,,
2018,5,25,9,0,12,-27,9.9,8.3,124,496.0,202,206.0791465227475,0,1019.9,159.48101852811396,4.1080422579129605,66,,
2018,5,25,10,0,12.6,-12,30.3,8.4,185,596.0,103,330.8306692305562,0,1019.4,163.02935692647063,3.682831937263608,63,,
2018,5,25,11,0,13.2,4,52.1,8.5,209,646.0,0,415.7209024699516,0,1018.9,169.6926952234519,3.562619675751,62,,
2018,5,25,12,0,13.4,19,39,8.7,218,669.0,23,453.5572511034975,0,1018.5,177.40247042800638,2.650428327546667,64,,
2018,5,25,13,0,13.3,34,24.4,9.1,182,659.0,51,433.728109953025,0,1018.2,218.51918942070176,1.6778435277458936,69,,
2018,5,25,14,0,13.2,46,8.7,9.5,86,598.0,78,353.9457778921296,0,1018,229.80556988939327,1.390963930981466,77,,
2018,5,25,15,0,12.8,57,0.5,9.7,22,467.0,33,222.93720242750396,0,1018,236.2841158133253,0.4508293800509731,85,,
2018,5,25,16,0,12.1,67,0,9.7,3,220.0,1,68.24249461350095,0,1018.3,58.77911718517703,0.4385065353106637,95,,
2018,5,25,17,0,11.4,76,0,9.8,0,0.0,0,0.0,0,1018.5,47.302711140762256,1.8948015629735555,106,,
2018,5,25,18,0,10.9,86,0,9.6,0,0.0,0,0.0,0,1018.7,54.88977927231838,3.9943641357560633,117,,
2018,5,25,19,0,10.4,96,0,9.1,0,0.0,0,0.0,0,1018.9,65.54240182884803,4.836584716526979,129,,
2018,5,25,20,0,9.9,108,0,8.7,0,0.0,0,0.0,0,1019,74.8928822261231,4.451448312287715,140,,
2018,5,25,21,0,9.9,125,0,8.7,0,0.0,0,0.0,0,1019,85.34325278623163,4.249133989513071,150,,
2018,5,25,22,0,10.2,153,0,9,0,0.0,0,0.0,0,1018.8,89.62144987853026,3.030095431096565,157,,
2018,5,25,23,0,10.5,-170,0,9.4,0,0.0,0,0.0,0,1018.5,87.51677454923117,2.3046544218114167,159,,
2018,5,26,0,0,10.6,-138,0,9.5,0,0.0,0,0.0,0,1018.4,87.42727800351554,1.724149960319714,154,,
2018,5,26,1,0,10.6,-116,0,9.5,0,0.0,0,0.0,0,1018.3,218.2178889280032,2.2146753990603854,145,,
2018,5,26,2,0,10.5,-101,0,9.4,0,0.0,0,0.0,0,1018.2,235.17660735002852,1.821278851764273,134,,
2018,5,26,3,0,10.4,-90,0,9.3,0,0.0,0,0.0,0,1018.1,266.30024777511346,1.668516422026299,123,,
2018,5,26,4,0,10.3,-81,0,9.2,0,0.0,0,0.0,0,1018.1,310.87699998611123,0.886003819427266,112,,
2018,5,26,5,0,10.2,-72,0,9,0,0.0,0,0.0,0,1018,258.083327035116,0.4114551865984507,101,,
2018,5,26,6,0,10.6,-62,0,9.3,11,0.0,10,0.0,0,1018.1,85.37553901375355,0.9932236255050436,90,,
2018,5,26,7,0,11.5,-52,0.8,9.8,37,11.0,82,3.000000000000001,0,1018.3,144.9611522915456,1.7375082804805022,81,,
2018,5,26,8,0,12.3,-40,8.3,10.3,97,66.0,133,47.981284105158295,0,1018.5,178.93261459537973,2.2804250009227505,73,,
2018,5,26,9,0,12.8,-27,18.6,10.4,178,188.0,116,146.73361680880453,0,1018.3,192.5903121260415,2.935580275619043,67,,
2018,5,26,10,0,13,-12,33.3,10.2,246,457.0,37,296.62159123156323,0,1017.8,192.59028611845343,3.578480748644868,63,,
2018,5,26,11,0,13.2,4,34.7,10,265,527.0,23,380.52818358273225,0,1017.2,221.14268280420967,3.651702147242829,62,,
2018,5,26,12,0,13.2,19,47.8,9.9,197,598.0,16,430.409099974131,0,1016.7,247.5082013004644,4.469887968703331,64,,
2018,5,26,13,0,13.1,33,22,10,99,615.0,132,419.8028550165009,0,1016.2,243.3475781662088,5.155190838778766,69,,
2018,5,26,14,0,13,46,22.7,10.1,81,551.0,74,339.6169875927848,0,1015.7,248.57267516591085,5.193958536269736,77,,
2018,5,26,15,0,12.6,57,12.4,9.9,37,399.0,2,205.48565929167188,0,1015.4,243.64106594377188,4.977467117852388,86,,
2018,5,26,16,0,12,67,0,9.7,2,184.0,1,60.92636343881635,0,1015.1,238.58540961866345,4.959376772980592,96,,
2018,5,26,17,0,11.4,76,0,9.4,0,0.0,0,0.0,0,1014.8,233.34028126080807,5.204527204891569,106,,
2018,5,26,18,0,10.8,85,0,9.1,0,0.0,0,0.0,0,1014.5,236.2054508123498,4.975720494540728,117,,
2018,5,26,19,0,10.2,95,0,8.8,0,0.0,0,0.0,0,1014.2,224.37267343366764,5.644762978202517,129,,
2018,5,26,20,0,9.6,108,0,8.6,0,0.0,0,0.0,0,1013.9,219.2574338553065,6.802926997508703,140,,
2018,5,26,21,0,9.6,125,0,8.6,0,0.0,0,0.0,0,1013.5,215.9039510413252,7.716037922436245,150,,
2018,5,26,22,0,10,153,0,8.9,0,0.0,0,0.0,0,1013,212.309825016255,8.37710345598745,157,,
2018,5,26,23,0,10.6,-170,0,9.3,0,0.0,0,0.0,0,1012.5,207.194620095433,9.26102496717766,159,,
2018,5,27,0,0,11,-138,1,9.5,0,0.0,0,0.0,0,1011.9,206.74189352965385,9.445030167164443,154,,
2018,5,27,1,0,11.3,-116,53.6,9.6,0,0.0,0,0.0,0,1011.2,200.3392444268908,10.134304304461548,145,,
2018,5,27,2,0,11.6,-101,82.8,9.8,0,0.0,0,0.0,0,1010.6,197.6284395941291,10.673590113157886,134,,
2018,5,27,3,0,11.7,-90,82.4,9.9,0,0.0,0,0.0,0,1010,197.4056928857088,10.99848704608044,123,,
2018,5,27,4,0,11.8,-81,62.8,10.1,0,0.0,0,0.0,0,1009.5,198.2988117239112,11.274987680572242,112,,
2018,5,27,5,0,11.8,-72,50.9,10.2,0,0.0,0,0.0,0,1009,197.7924155029866,11.64178946642369,101,,
2018,5,27,6,0,12.1,-62,34.1,10.5,10,0.0,0,0.0,0,1008.6,196.4431183794256,12.12581374446255,91,,
2018,5,27,7,0,12.5,-52,53.8,10.9,33,4.0,0,2.0000000000000004,0,1008.5,194.4476054120088,12.074215415379024,81,,
2018,5,27,8,0,12.9,-40,84.9,11.4,27,27.0,0,36.97210802356506,0,1008.4,195.56191710395524,12.160639446007048,73,,
2018,5,27,9,0,13.1,-27,82.5,11.6,59,66.0,4,106.82863925028347,0,1008,196.94634617460548,12.264990784108605,67,,
2018,5,27,10,0,13.2,-12,28.2,11.7,88,211.0,212,230.1259035440284,0,1007.4,199.1797005791596,11.612083224423262,63,,
2018,5,27,11,0,13.2,4,32,11.8,168,515.0,118,380.9406625427683,0,1006.7,201.5842928194029,11.485311926685853,62,,
2018,5,27,12,0,13.3,19,42.6,11.8,219,494.0,1,400.3149849162175,0,1006.3,205.8309180120684,11.785198496084384,65,,
2018,5,27,13,0,13.4,33,27.3,11.8,178,395.0,35,347.97482939325727,0,1005.9,206.32994102463667,12.000077749040184,70,,
2018,5,27,14,0,13.5,46,11.2,11.8,93,330.0,60,271.3286315660273,0,1005.5,204.8504539039386,11.921461770631751,77,,
2018,5,27,15,0,13.5,57,2.1,11.8,25,107.0,24,117.80387305826292,0,1005.4,205.3748866940071,11.795728870319156,86,,
2018,5,27,16,0,13.4,67,0,11.8,2,22.0,1,23.534241564251317,0,1005.5,201.35180302647663,11.947750217051013,96,,
2018,5,27,17,0,13.3,76,0,11.8,0,0.0,0,0.0,0,1005.5,199.8321837938337,11.996674874184912,106,,
2018,5,27,18,0,13.2,85,0.6,11.7,0,0.0,0,0.0,0,1005.5,198.99529297099485,11.628334431144962,117,,
2018,5,27,19,0,13.1,95,33.4,11.6,0,0.0,0,0.0,0,1005.4,199.2732109562052,11.293072156719688,129,,
2018,5,27,20,0,13,107,48.3,11.4,0,0.0,0,0.0,0,1005.3,200.6819034588825,11.226147587594378,140,,
2018,5,27,21,0,12.9,125,49.3,11.4,0,0.0,0,0.0,0,1005.1,200.8952892796385,11.418427008229886,150,,
2018,5,27,22,0,12.8,153,21.4,11.4,0,0.0,0,0.0,0,1004.9,203.032763672952,10.887996813457097,157,,
2018,5,27,23,0,12.8,-170,4.5,11.5,0,0.0,0,0.0,0,1004.6,205.4923564855516,10.09541066802024,159,,
2018,5,28,0,0,12.7,-137,1.6,11.5,0,0.0,0,0.0,0,1004.3,204.35810116012192,9.668229733422065,154,,
2018,5,28,1,0,12.7,-115,0,11.4,0,0.0,0,0.0,0,1004.1,213.7123899541468,9.211396035258344,145,,
2018,5,28,2,0,12.6,-101,0,11.4,0,0.0,0,0.0,0,1003.8,215.77524734646664,8.843410795466616,134,,
2018,5,28,3,0,12.6,-90,0,11.4,0,0.0,0,0.0,0,1003.5,219.4379209152881,8.827224280395221,123,,
2018,5,28,4,0,12.6,-81,0,11.4,0,0.0,0,0.0,0,1003.3,219.20137088406707,9.536214395497357,112,,
2018,5,28,5,0,12.7,-71,0,11.5,0,0.0,0,0.0,0,1003.1,221.00024536600023,9.602821565520925,101,,
2018,5,28,6,0,12.9,-62,0.7,11.6,10,0.0,6,0.0,0,1002.8,220.0533732409201,10.046362702166007,91,,
2018,5,28,7,0,13.3,-52,38.6,11.7,46,1.0,3,1.0,0,1002.5,215.1422020182528,10.263015142421631,81,,
2018,5,28,8,0,13.7,-40,79.3,11.8,41,11.0,0,27.777310742555013,0,1002.3,218.859768176862,10.411698369930573,73,,
2018,5,28,9,0,13.8,-27,95.5,11.9,18,31.0,0,85.88539481555848,0,1001.7,225.8051097638218,9.95157692097071,67,,
2018,5,28,10,0,13.6,-12,94.2,12,27,40.0,0,148.75708855010205,0,1000.9,230.530457815176,9.796458967096742,63,,
2018,5,28,11,0,13.4,4,77.5,12,94,19.0,0,141.1008435222595,0,1000.1,232.49936094025583,9.57641034234914,63,,
2018,5,28,12,0,13.1,19,45.6,11.8,196,4.0,4,78.85450321137998,0,999.6,248.84624939362703,10.030909253212595,65,,
2018,5,28,13,0,12.7,33,65.4,11.4,108,2.0,2,53.90628598532108,0,999.4,250.5712431532407,10.25122818043404,70,,
2018,5,28,14,0,12.3,46,73.3,10.9,36,2.0,0,40.79127111418671,0,999.2,255.38214577264105,9.549088747428083,77,,
2018,5,28,15,0,11.8,57,46.9,10.4,15,6.0,0,42.77061424559838,0,999.3,251.22674220399747,8.708150381846485,86,,
2018,5,28,16,0,11.3,67,12.8,9.7,1,9.0,0,17.428759932806837,0,999.7,231.9313154698896,9.316931806091624,96,,
2018,5,28,17,0,10.8,76,0,9,0,0.0,0,0.0,0,1000.1,235.3328680059764,9.629430002201646,106,,
2018,5,28,18,0,10.4,85,0,8.3,0,0.0,0,0.0,0,1000.6,236.640541930673,9.610855512621264,118,,
2018,5,28,19,0,10.1,95,0,7.6,0,0.0,0,0.0,0,1001,227.7646470343417,11.216969154784472,129,,
2018,5,28,20,0,9.8,107,0,6.9,0,0.0,0,0.0,0,1001.5,228.4943258903007,12.03767097347763,140,,
2018,5,28,21,0,9.6,125,0,6.6,0,0.0,0,0.0,0,1001.8,229.5933081188348,11.920995882351187,150,,
2018,5,28,22,0,9.5,152,0,6.7,0,0.0,0,0.0,0,1002,234.9279251003388,12.181826542519207,157,,
2018,5,28,23,0,9.3,-170,0,6.8,0,0.0,0,0.0,0,1002.2,234.99552218200728,11.86654264796249,159,,
2018,5,29,0,0,9.1,-137,0,6.7,0,0.0,0,0.0,0,1002.5,231.0837785239718,11.12692003343967,154,,
2018,5,29,1,0,8.9,-115,0,6.6,0,0.0,0,0.0,0,1002.9,230.4678962238264,10.223436188089204,145,,
2018,5,29,2,0,8.7,-101,0,6.4,0,0.0,0,0.0,0,1003.3,230.66710581951708,10.026010235163314,135,,
2018,5,29,3,0,8.6,-90,0,6.2,0,0.0,0,0.0,0,1003.9,243.47182165478,10.858033900158995,123,,
2018,5,29,4,0,8.6,-80,0,5.8,0,0.0,0,0.0,0,1004.6,252.61990390541808,11.13841664387904,112,,
2018,5,29,5,0,8.6,-71,0,5.5,0,0.0,0,0.0,0,1005.3,278.089297075995,12.653244021857644,101,,
2018,5,29,6,0,9,-62,0,5.4,11,0.0,3,0.0,0,1005.8,286.26299556667215,14.435019548374491,91,,
2018,5,29,7,0,9.7,-52,0,5.4,44,1.0,57,2.0,0,1006.3,279.6574450905291,14.14280993194324,81,,
2018,5,29,8,0,10.5,-40,1.4,5.5,76,5.0,153,21.34173079789571,0,1006.8,281.1445450553747,13.568362827830482,73,,
2018,5,29,9,0,10.9,-27,2.6,5.4,89,70.0,249,120.37253051349052,0,1006.9,285.9277395667116,13.820633062393872,67,,
2018,5,29,10,0,11.2,-12,20.5,5.3,197,165.0,130,215.32436749554543,0,1006.8,293.22831967936094,13.406818166666298,63,,
2018,5,29,11,0,11.5,4,52.2,5.1,186,73.0,19,201.9367733642532,0,1006.7,293.12346158214854,15.157699374083588,63,,
2018,5,29,12,0,11.6,19,25.7,5.2,108,9.0,172,102.15004715457071,0,1006.6,293.8574046643369,16.516209717417553,65,,
2018,5,29,13,0,11.6,33,43.3,5.4,88,28.0,96,144.62096565290642,0,1006.7,297.75155069748047,15.565300480757283,70,,
2018,5,29,14,0,11.6,46,50.4,5.7,78,93.0,0,171.58663924646748,0,1006.8,329.3803586591251,13.517606523823211,77,,
2018,5,29,15,0,11.6,57,15.1,6,29,103.0,1,117.18652805656384,0,1006.9,8.672086727386954,15.519961873706952,86,,
2018,5,29,16,0,11.5,66,0,6.2,2,45.0,0,31.0629656408802,0,1007.1,13.28833572445609,14.824654322722395,96,,
2018,5,29,17,0,11.5,76,0,6.4,0,0.0,0,0.0,0,1007.2,24.06915198290244,14.301036700103532,107,,
2018,5,29,18,0,11.3,85,0,6.7,0,0.0,0,0.0,0,1007.3,21.26782822842347,13.212324749768689,118,,
2018,5,29,19,0,11,95,0,7,0,0.0,0,0.0,0,1007.2,14.253387160568591,11.4836350857869,129,,
2018,5,29,20,0,10.8,107,0,7.3,0,0.0,0,0.0,0,1007.1,14.966901255219682,10.30971620150593,140,,
2018,5,29,21,0,10.8,124,0.6,7.7,0,0.0,0,0.0,0,1006.9,14.39245932371017,10.048014067511865,150,,
2018,5,29,22,0,10.9,152,30.9,8.3,0,0.0,0,0.0,0,1006.5,13.514994529806188,10.056052105712675,158,,
2018,5,29,23,0,11.1,-170,47.8,8.8,0,0.0,0,0.0,0,1006.1,14.894489565192371,11.175537909398866,159,,
2018,5,30,0,0,11.2,-137,48.1,9.1,0,0.0,0,0.0,0,1005.7,18.82210923832207,10.065861504780582,154,,
2018,5,30,1,0,11.1,-115,61.5,9.3,0,0.0,0,0.0,0,1005.2,16.96887514477345,9.39664648911686,145,,
2018,5,30,2,0,11,-101,69,9.4,0,0.0,0,0.0,0,1004.8,13.51978490902735,8.618713828212195,135,,
2018,5,30,3,0,11,-90,68.8,9.4,0,0.0,0,0.0,0,1004.3,19.48759091237952,7.913283137425663,124,,
2018,5,30,4,0,11,-80,58,9.5,0,0.0,0,0.0,0,1003.9,10.792771804064389,7.4901603446395555,112,,
2018,5,30,5,0,11.1,-71,52,9.5,0,0.0,0,0.0,0,1003.5,2.0999707838738573,9.141148847257384,101,,
2018,5,30,6,0,11.4,-62,52.4,9.6,6,0.0,0,0.0,0,1002.9,357.7446621521663,8.511720350106918,91,,
2018,5,30,7,0,11.8,-51,73,9.7,17,2.0,0,2.0,0,1002.2,0.6535356806778054,7.898218870674493,82,,
2018,5,30,8,0,12.3,-40,64.4,9.8,87,24.0,0,36.58609114814975,0,1001.5,3.197854737139721,7.619530740904324,73,,
2018,5,30,9,0,12.4,-26,50.8,10,162,30.0,0,87.51516390873901,0,1000.7,355.3172347756497,7.655681701899877,67,,
2018,5,30,10,0,12.3,-12,46.5,10.3,211,47.0,0,149.9267796593834,0,1000,341.771607446306,8.351987801152397,64,,
2018,5,30,11,0,12.1,4,41.6,10.6,238,14.0,0,118.89828659387932,0,999.2,333.74889999893253,10.620499684428395,63,,
2018,5,30,12,0,11.8,19,69.8,10.4,118,17.0,1,133.79785947356245,0,998.9,330.1962315722193,12.227390565953792,65,,
2018,5,30,13,0,11.3,33,44.9,10,112,7.0,34,86.13915616580383,0,999.1,325.61059223485654,11.866538669812495,70,,
2018,5,30,14,0,10.9,46,15.4,9.5,99,3.0,44,44.17382161868985,0,999.2,323.3743842291292,11.10898768612293,77,,
2018,5,30,15,0,10.5,56,4.3,9.1,28,3.0,15,27.873435453446,0,999.5,344.9508604738889,13.586071961380782,86,,
2018,5,30,16,0,10.3,66,0,8.7,2,1.0,0,4.155258546761268,0,999.8,351.6671533416253,12.196632533750671,96,,
2018,5,30,17,0,10.1,76,0,8.4,0,0.0,0,0.0,0,1000.1,27.04039094725715,11.71301013248829,107,,
2018,5,30,18,0,10.2,85,0,8.1,0,0.0,0,0.0,0,1000,39.79771015119411,11.619659553311404,118,,
2018,5,30,19,0,10.4,95,0,7.8,0,0.0,0,0.0,0,999.5,42.81008715121351,10.45869735480666,129,,
2018,5,30,20,0,10.7,107,0,7.6,0,0.0,0,0.0,0,999,52.24300683300606,9.701211568660185,140,,
2018,5,30,21,0,10.8,124,0,7.6,0,0.0,0,0.0,0,998.5,60.83244763946146,9.310466531543325,150,,
2018,5,30,22,0,10.9,152,0,7.8,0,0.0,0,0.0,0,998,63.94796316747863,8.999333333781923,158,,
2018,5,30,23,0,10.9,-170,0,8,0,0.0,0,0.0,0,997.5,60.80767495258965,9.046477370014625,159,,
2018,5,31,0,0,10.9,-137,0,8,0,0.0,0,0.0,0,997.1,57.66573319912084,8.908709514387299,155,,
2018,5,31,1,0,10.9,-115,0,7.9,0,0.0,0,0.0,0,996.8,67.35620868345654,7.240497926988997,146,,
2018,5,31,2,0,10.8,-100,0,7.7,0,0.0,0,0.0,0,996.6,72.48694999223721,6.281130457447519,135,,
2018,5,31,3,0,10.7,-90,0,7.6,0,0.0,0,0.0,0,996.4,71.83142942385479,6.991133391984916,124,,
2018,5,31,4,0,10.5,-80,0,7.6,0,0.0,0,0.0,0,996.4,68.27182994963101,7.731705549784015,112,,
2018,5,31,5,0,10.3,-71,0,7.7,0,0.0,0,0.0,0,996.4,60.751660466793055,7.019975502760712,101,,
2018,5,31,6,0,10.2,-62,0.8,7.6,9,0.0,1,0.0,0,996.3,70.93639734763133,6.276603393953266,91,,
2018,5,31,7,0,10.2,-51,39.3,7.5,34,7.0,1,2.0000000000000004,0,996.3,79.20015482903909,6.2709853247877,82,,
2018,5,31,8,0,10.2,-40,65.5,7.4,64,188.0,0,64.0111239358371,0,996.2,79.40851274340218,5.52156292994739,74,,
2018,5,31,9,0,9.8,-26,71.7,7,86,367.0,0,187.83335358865645,0,996.3,73.98833136317847,4.522874583003587,67,,
2018,5,31,10,0,9.1,-12,71.7,6.4,110,596.0,0,315.5256005971144,0,996.5,63.935896802347145,4.870294164207585,64,,
2018,5,31,11,0,8.3,4,71.9,5.8,116,643.0,0,398.3565289737753,0,996.6,58.92556656309648,5.700621930918177,63,,
2018,5,31,12,0,7.8,19,58.5,5.3,156,653.0,0,431.01022708521697,0,997.1,64.67277551653535,9.16324770232844,65,,
2018,5,31,13,0,7.4,33,37.1,4.7,174,632.0,10,409.0302593856762,0,997.6,63.43554218034535,10.542929494868805,70,,
2018,5,31,14,0,7.1,45,37.3,4.1,108,580.0,6,333.7613650822446,0,998.2,65.96247046388191,10.59909764634912,77,,
2018,5,31,15,0,6.8,56,15.1,3.7,29,453.0,1,208.0615022896374,0,999.1,67.0878143512607,10.126333716936092,86,,
2018,5,31,16,0,6.4,66,0,3.3,2,212.0,0,59.57643417180213,0,1000.2,69.20997579461545,8.578593270839047,96,,
2018,5,31,17,0,6.1,75,0,2.9,0,0.0,0,0.0,0,1001.3,73.6223234113732,6.587357595341361,107,,
2018,5,31,18,0,5.8,84,0,2.5,0,0.0,0,0.0,0,1002.2,90.06098537293832,4.587404942372202,118,,
2018,5,31,19,0,5.5,94,0,2,0,0.0,0,0.0,0,1002.9,86.13060782537036,4.222026576858441,129,,
2018,5,31,20,0,5.2,107,0,1.5,0,0.0,0,0.0,0,1003.7,104.92032052970671,3.57285190983283,140,,
2018,5,31,21,0,5.2,124,0,1.1,0,0.0,0,0.0,0,1004.3,132.33462804815997,2.810233421422027,150,,
2018,5,31,22,0,5.5,152,0,0.8,0,0.0,0,0.0,0,1004.9,148.0360461916091,2.720023591345972,158,,
2018,5,31,23,0,5.7,-170,0,0.5,0,0.0,0,0.0,0,1005.5,152.17862600033345,2.903218944741843,160,,
2018,6,1,0,0,5.8,-137,0,0.5,0,0.0,0,0.0,0,1006,154.06012404006503,3.372208721414746,155,,
2018,6,1,1,0,5.8,-115,0,0.8,0,0.0,0,0.0,0,1006.5,147.66801495879156,3.1598077117384444,146,,
2018,6,1,2,0,5.7,-100,0,1,0,0.0,0,0.0,0,1007,136.89119681630848,3.321724023913923,135,,
2018,6,1,3,0,5.7,-89,0,1.1,0,0.0,0,0.0,0,1007.6,133.8139214295827,3.5027935085620694,124,,
2018,6,1,4,0,5.9,-80,0,1,0,0.0,0,0.0,0,1008.4,158.51749304179316,3.5839392718977368,112,,
2018,6,1,5,0,6,-71,0,0.8,0,0.0,0,0.0,0,1009.2,168.71669075969146,3.194308927789762,102,,
2018,6,1,6,0,6.3,-62,0,1,9,0.0,3,0.0,0,1009.9,171.22562121016506,3.015269085530734,91,,
2018,6,1,7,0,6.8,-51,0.4,1.5,43,11.0,55,2.000000000000001,0,1010.8,180.18629776646688,2.3276490230567184,82,,
2018,6,1,8,0,7.3,-40,21.1,2,140,272.0,32,61.79683367727636,0,1011.6,181.98625443992324,1.873684357962329,74,,
2018,6,1,9,0,7.6,-26,23.6,2.3,187,495.0,79,192.19101654572407,0,1012,167.2150428931825,1.220193057497336,68,,
2018,6,1,10,0,7.9,-12,6.9,2.5,119,574.0000000000001,264,311.7822687791757,0,1012.2,115.48829805801728,0.6507364447695396,64,,
2018,6,1,11,0,8.1,4,8.9,2.6,146,621.0,238,393.7037749468794,0,1012.3,123.79077142042104,0.8090293190267905,63,,
2018,6,1,12,0,8.2,19,6.2,2.7,115,627.0,245,424.7442345024008,0,1012.4,86.0002949148269,1.218054573015672,65,,
2018,6,1,13,0,8.2,33,2,2.6,70,593.0,224,397.3799616397947,0,1012.7,61.52579638992563,2.752939906918332,70,,
2018,6,1,14,0,8.2,45,2.1,2.5,55,490.0,115,307.78436996450773,0,1012.9,55.39487581067323,3.3410863516734164,77,,
2018,6,1,15,0,8.2,56,0.8,2.3,20,350.0,26,181.6582060083545,0,1013.3,53.33502625675777,3.7679928501409576,86,,
2018,6,1,16,0,8,66,0,2,1,149.0,0,48.67279215779015,0,1013.9,53.301831822343615,3.698063485718828,96,,
2018,6,1,17,0,7.9,75,0,1.8,0,0.0,0,0.0,0,1014.4,58.56337435388588,3.475183800769538,107,,
2018,6,1,18,0,7.5,84,0,1.8,0,0.0,0,0.0,0,1014.9,53.58297769139659,4.299597200390476,118,,
2018,6,1,19,0,6.8,94,0,1.9,0,0.0,0,0.0,0,1015.4,67.74547916405982,4.924435297788928,129,,
2018,6,1,20,0,6.1,106,0,2.1,0,0.0,0,0.0,0,1015.8,75.88898382212017,5.127122212846027,140,,
2018,6,1,21,0,6,124,0,2.1,0,0.0,0,0.0,0,1016.1,74.6164833769289,5.522824233135521,150,,
2018,6,1,22,0,6.5,151,0,2.2,0,0.0,0,0.0,0,1016.4,71.21137801783152,6.403734262131745,158,,
2018,6,1,23,0,7,-170,0,2.2,0,0.0,0,0.0,0,1016.6,76.98326382559935,7.015221870921432,160,,
2018,6,2,0,0,7.2,-137,0,2.2,0,0.0,0,0.0,0,1016.7,95.02486286626872,6.221420026398375,155,,
2018,6,2,1,0,7.2,-115,0,2.3,0,0.0,0,0.0,0,1016.8,106.72675645322028,2.9706648925086663,146,,
2018,6,2,2,0,7.2,-100,0,2.4,0,0.0,0,0.0,0,1016.8,127.96983694162265,1.9789291055220144,135,,
2018,6,2,3,0,7.2,-89,0,2.5,0,0.0,0,0.0,0,1017,154.56248399905417,1.3038975728490794,124,,
2018,6,2,4,0,7.2,-80,0,2.7,0,0.0,0,0.0,0,1017.2,152.4516882685166,0.7189667830905198,113,,
2018,6,2,5,0,7.3,-71,0,2.8,0,0.0,0,0.0,0,1017.5,168.16154441385424,0.4879171005407804,102,,
2018,6,2,6,0,7.4,-62,0,3.3,8,0.0,5,0.0,0,1017.8,101.54209580368337,0.2245107683092784,91,,
2018,6,2,7,0,7.7,-51,1.1,3.9,35,3.0,69,2.0,0,1018.2,218.82578629360657,0.13161965041778,82,,
2018,6,2,8,0,8,-40,1.8,4.7,58,47.0,177,38.80500051856258,0,1018.6,134.02817472942513,0.4173151770964778,74,,
2018,6,2,9,0,8.5,-26,1.8,4.7,67,91.0,276,110.1355425306742,0,1018.6,165.67788748341127,0.4747149189205644,68,,
2018,6,2,10,0,9.1,-12,2.1,4.4,75,105.0,331,182.8451429182568,0,1018.3,187.40030926712987,0.5041997483594449,64,,
2018,6,2,11,0,9.8,4,2.3,3.9,79,128.0,340,235.038895483568,0,1018,196.3577740577592,0.3727544467233523,63,,
2018,6,2,12,0,10,19,2.2,3.8,75,116.0,306,239.43184012617664,0,1017.6,225.85146694515555,0.2439580616242296,66,,
2018,6,2,13,0,10,33,2,3.8,65,79.0,230,197.92949840638292,0,1017.3,273.376125943283,1.3597818401611457,70,,
2018,6,2,14,0,9.9,45,4.8,3.9,53,39.0,117,126.03404470059824,0,1016.9,275.9733382135918,1.9706607810273675,78,,
2018,6,2,15,0,9.6,56,34.8,3.9,19,19.0,26,62.43348984954296,0,1016.8,290.32313682966293,1.799522506110996,86,,
2018,6,2,16,0,9.2,66,18.4,3.8,1,9.0,0,15.356933448693397,0,1016.9,292.0418017474898,1.772100406686764,96,,
2018,6,2,17,0,8.8,75,0,3.8,0,0.0,0,0.0,0,1017,277.9241414432493,2.2667614421477857,107,,
2018,6,2,18,0,8,84,0.5,3.6,0,0.0,0,0.0,0,1016.9,289.7547625235913,2.4703355478059685,118,,
2018,6,2,19,0,7,94,25.2,3.5,0,0.0,0,0.0,0,1016.7,6.776797339149425,1.9282669985771328,129,,
2018,6,2,20,0,6,106,14.7,3.3,0,0.0,0,0.0,0,1016.5,47.109152740327886,1.7777756553958437,140,,
2018,6,2,21,0,5.7,123,30.3,3.3,0,0.0,0,0.0,0,1016.3,99.39900938911762,0.9806951436228764,150,,
2018,6,2,22,0,5.9,151,16.9,3.5,0,0.0,0,0.0,0,1016,211.59683330350464,1.288411525156393,158,,
2018,6,2,23,0,6.2,-170,0.6,3.7,0,0.0,0,0.0,0,1015.7,248.66372869493043,1.7312036508077902,160,,
2018,6,3,0,0,6.2,-137,33.6,3.8,0,0.0,0,0.0,0,1015.6,266.33766850407704,1.4103508812322003,155,,
2018,6,3,1,0,6.2,-114,51.9,3.8,0,0.0,0,0.0,0,1015.5,198.8989826272686,0.4861698122760819,146,,
2018,6,3,2,0,6,-100,51.9,3.8,0,0.0,0,0.0,0,1015.4,251.17286466092185,0.1240698059390682,135,,
2018,6,3,3,0,5.9,-89,52,3.7,0,0.0,0,0.0,0,1015.4,296.0283981065353,0.2447990389315744,124,,
2018,6,3,4,0,5.7,-80,51.5,3.5,0,0.0,0,0.0,0,1015.4,301.48392092995493,0.378183363516608,113,,
2018,6,3,5,0,5.6,-71,51.1,3.3,0,0.0,0,0.0,0,1015.4,254.2474124637925,0.4883101798070423,102,,
2018,6,3,6,0,5.9,-61,50.9,3.5,6,0.0,1,0.0,0,1015.4,263.70367638602374,0.3873462402706875,91,,
2018,6,3,7,0,6.7,-51,18.4,4.1,27,2.0,75,1.0000000000000002,0,1015.3,345.06858282186244,0.8148675682851331,82,,
2018,6,3,8,0,7.5,-40,1.2,4.7,51,22.0,185,33.26882266869553,0,1015.2,1.001297900085035,0.7125111445174411,74,,
2018,6,3,9,0,8.3,-26,1.9,4.8,63,24.0,279,77.9950511789765,0,1014.9,33.4325601384009,1.50661670130754,68,,
2018,6,3,10,0,9.1,-12,0.7,4.5,58,32.0,353,120.54985768503002,0,1014.5,53.40547584550791,1.5848815860498622,64,,
2018,6,3,11,0,9.9,4,3.1,4.1,80,69.0,335,185.4438548310669,0,1014,75.9911423881158,1.486596703543845,63,,
2018,6,3,12,0,10.2,19,3.9,4.2,84,138.0,290,243.09383763081064,0,1013.6,64.88516511385546,1.2424638548722706,66,,
2018,6,3,13,0,10.2,33,6.3,4.6,83,226.0,201,269.4949046679911,0,1013.5,39.765578697983074,2.1496197031484576,71,,
2018,6,3,14,0,10.1,45,4.5,5,56,301.0,112,249.51302737644497,0,1013.3,27.443751904989654,2.847827712602021,78,,
2018,6,3,15,0,9.9,56,0.9,5,16,240.0,32,153.26895479579895,0,1013.1,25.601131206832235,2.985485888732568,86,,
2018,6,3,16,0,9.5,66,0,4.7,1,62.0,0,32.26739990197992,0,1013,29.152316766700267,2.822637650940342,96,,
2018,6,3,17,0,9.1,75,0,4.3,0,0.0,0,0.0,0,1012.9,22.824720236787016,2.810132895513933,107,,
2018,6,3,18,0,8.3,84,0,3.8,0,0.0,0,0.0,0,1012.7,18.616749922219924,2.5061331024876123,118,,
2018,6,3,19,0,7.1,94,0,3.2,0,0.0,0,0.0,0,1012.6,24.45502963859758,1.6725074783865062,129,,
2018,6,3,20,0,6,106,0,2.6,0,0.0,0,0.0,0,1012.6,32.411106851213106,0.6249382465372205,140,,
2018,6,3,21,0,5.6,123,0,2.3,0,0.0,0,0.0,0,1012.3,356.74564775548674,0.3956575840071167,151,,
2018,6,3,22,0,5.9,151,0,2.3,0,0.0,0,0.0,0,1011.9,331.17022552585667,1.130053323525657,158,,
2018,6,3,23,0,6.3,-170,0,2.3,0,0.0,0,0.0,0,1011.5,318.7427685809557,1.679335038221104,160,,
2018,6,4,0,0,6.3,-136,0.1,2.2,0,0.0,0,0.0,0,1011.1,309.1384162435076,1.766472284026706,155,,
2018,6,4,1,0,6.1,-114,2.8,2.2,0,0.0,0,0.0,0,1010.6,341.0651569760976,1.3715820529784286,146,,
2018,6,4,2,0,5.8,-100,9.7,2.1,0,0.0,0,0.0,0,1010.1,330.7083941447334,1.2210656932260502,135,,
2018,6,4,3,0,5.8,-89,36.5,2.2,0,0.0,0,0.0,0,1009.7,329.10017744133745,1.5384219816743658,124,,
2018,6,4,4,0,5.9,-80,18.1,2.5,0,0.0,0,0.0,0,1009.2,335.11083626999243,1.567992760170795,113,,
2018,6,4,5,0,6.1,-71,0.1,2.7,0,0.0,0,0.0,0,1008.8,342.52268619902446,1.5567281739086465,102,,
2018,6,4,6,0,6.5,-61,5.6,3.3,9,0.0,1,0.0,0,1008.4,349.4773883942957,1.5052951492915645,92,,
2018,6,4,7,0,7.1,-51,32.3,4,55,3.0,1,1.0000000000000002,0,1007.9,26.414102127331542,2.983872745851371,82,,
2018,6,4,8,0,7.7,-40,73.7,4.7,47,110.0,0,50.130645467774734,0,1007.4,32.44887558450415,3.17286848848618,74,,
2018,6,4,9,0,8.4,-26,86,5.2,47,220.0,0,147.33056289589814,0,1006.8,39.19938933385652,4.635813431064788,68,,
2018,6,4,10,0,9.1,-12,90.7,5.5,35,460.0,0,276.6916786519109,0,1006.1,43.25314186254343,5.855687244860912,64,,
2018,6,4,11,0,9.8,4,91.9,5.7,33,492.0,0,347.81042732110194,0,1005.4,71.76225740119258,6.190874585931532,64,,
2018,6,4,12,0,9.9,19,76.2,5.9,84,520.0,0,381.9645912551925,0,1004.8,77.53633278938162,6.475108246837412,66,,
2018,6,4,13,0,9.6,33,48.6,6,137,562.0,0,379.40403613905664,0,1004.5,68.3456344087383,7.066057305184336,71,,
2018,6,4,14,0,9.3,45,30.2,6.1,109,542.0,0,317.1215803883962,0,1004.1,66.75549270845562,7.240289042173586,78,,
2018,6,4,15,0,8.9,56,40.1,6.1,31,431.0,0,196.98917887258307,0,1004,73.74873240822996,7.450273528134136,86,,
2018,6,4,16,0,8.6,66,17.4,6.2,0,272.0,0,61.33151486285888,0,1004.1,76.99435947469033,6.942994875669339,96,,
2018,6,4,17,0,8.2,75,0,6.2,0,0.0,0,0.0,0,1004.2,78.25053749701152,6.728379503708593,107,,
2018,6,4,18,0,8.1,84,0.7,6.3,0,0.0,0,0.0,0,1004.7,80.52436426113502,6.909212801688811,118,,
2018,6,4,19,0,8.1,94,35.4,6.5,0,0.0,0,0.0,0,1005.5,81.200252704744,7.958671307169498,129,,
2018,6,4,20,0,8.1,106,52.4,6.7,0,0.0,0,0.0,0,1006.2,84.50736887746916,7.861045026716703,140,,
2018,6,4,21,0,8,123,50.4,6.6,0,0.0,0,0.0,0,1006.7,91.42968918912806,7.40733523405421,151,,
2018,6,4,22,0,7.8,151,18.1,6.2,0,0.0,0,0.0,0,1006.9,96.43235580029769,7.54235357682951,158,,
2018,6,4,23,0,7.6,-171,0,5.7,0,0.0,0,0.0,0,1007.2,94.11604248694374,7.173531808401477,160,,
2018,6,5,0,0,7.4,-136,0,5.5,0,0.0,0,0.0,0,1007.4,93.2413598800946,6.986274239127263,155,,
2018,6,5,1,0,7.4,-114,0,5.3,0,0.0,0,0.0,0,1007.5,99.36798545055764,6.557425330700779,146,,
2018,6,5,2,0,7.4,-100,0,5.1,0,0.0,0,0.0,0,1007.6,101.56184785830771,6.348794561583851,135,,
2018,6,5,3,0,7.4,-89,0,5,0,0.0,0,0.0,0,1008,101.07488117221055,6.442488404212852,124,,
2018,6,5,4,0,7.4,-80,0,4.9,0,0.0,0,0.0,0,1008.6,105.01906287628844,6.569383054257807,113,,
2018,6,5,5,0,7.5,-71,0,4.9,0,0.0,0,0.0,0,1009.1,109.38893886841096,6.408360742957632,102,,
2018,6,5,6,0,7.8,-61,0.3,5.1,8,0.0,2,0.0,0,1009.8,111.68386331870336,5.480336133966094,92,,
2018,6,5,7,0,8.4,-51,16.8,5.6,65,7.0,6,1.0000000000000004,0,1010.5,126.0667093256775,4.496926218182537,82,,
2018,6,5,8,0,9,-39,58.3,6.1,75,182.0,3,52.8025897532756,0,1011.2,185.17695558227248,3.406473913620026,74,,
2018,6,5,9,0,9.7,-26,78.3,6.5,71,507.0,0,188.4507713087248,0,1011.4,200.296393985992,4.432693221941732,68,,
2018,6,5,10,0,10.5,-12,79.5,6.8,81,607.0,0,311.6286781136405,0,1011.3,190.7575537338385,5.651816395568906,65,,
2018,6,5,11,0,11.2,3,82.1,7.1,73,616.0,0,384.46953827586174,0,1011.2,184.5114823902504,4.100106153335116,64,,
2018,6,5,12,0,11.6,19,86.2,7.3,51,591.0,0,405.6806520293293,0,1011.2,192.27152104534028,4.139753840230159,66,,
2018,6,5,13,0,11.6,32,90.9,7.6,26,537.0,0,372.53020091034807,0,1011.2,201.8003805135236,5.048818686382392,71,,
2018,6,5,14,0,11.5,45,64.9,7.8,42,330.0,0,251.60642536053865,0,1011.3,199.49566870241904,5.550918357277937,78,,
2018,6,5,15,0,11.3,56,18.5,8,22,87.0,0,97.50997524078758,0,1011.5,196.0126108905405,6.117478993414452,86,,
2018,6,5,16,0,10.9,66,34.5,8.1,1,41.0,0,22.034396775698184,0,1011.8,187.97295042714345,6.470258546082411,96,,
2018,6,5,17,0,10.5,75,19.3,8.3,0,0.0,0,0.0,0,1012.1,184.32068215611,7.067693783869956,107,,
2018,6,5,18,0,10.4,84,0.6,8.5,0,0.0,0,0.0,0,1012.4,183.6195787122755,7.32442511509406,118,,
2018,6,5,19,0,10.5,94,33.6,8.8,0,0.0,0,0.0,0,1012.8,190.5757447069009,8.336434107309152,129,,
2018,6,5,20,0,10.7,106,52,9.1,0,0.0,0,0.0,0,1013.1,194.46805094228048,8.37547379548448,140,,
2018,6,5,21,0,10.9,123,52.7,9.5,0,0.0,0,0.0,0,1013.2,194.7253368385516,8.320651385072708,151,,
2018,6,5,22,0,11.3,151,72.2,10.1,0,0.0,0,0.0,0,1013.2,196.70541938893612,8.46186679093881,158,,
2018,6,5,23,0,11.7,-171,81.6,10.6,0,0.0,0,0.0,0,1013.1,201.3296459036534,8.749194615628241,160,,
2018,6,6,0,0,11.9,-136,82.2,11.1,0,0.0,0,0.0,0,1012.9,201.55334361160132,9.3298727791117,155,,
2018,6,6,1,0,12.2,-114,83,11.4,0,0.0,0,0.0,0,1012.8,186.74671029231945,10.17249322292883,146,,
2018,6,6,2,0,12.4,-100,83,11.8,0,0.0,0,0.0,0,1012.6,186.54285870683896,10.48798705528422,136,,
2018,6,6,3,0,12.6,-89,82.2,12,0,0.0,0,0.0,0,1012.6,197.3995395476424,10.450347314657224,124,,
2018,6,6,4,0,12.7,-80,74.6,12.2,0,0.0,0,0.0,0,1012.8,201.0241754678757,10.1668031327021,113,,
2018,6,6,5,0,12.8,-71,78.8,12.4,0,0.0,0,0.0,0,1013,199.0710806996068,9.686693640958737,102,,
2018,6,6,6,0,13.1,-61,77,12.6,2,0.0,0,0.0,0,1013.2,201.0909229764688,9.73987088654418,92,,
2018,6,6,7,0,13.5,-51,72.5,12.9,25,3.0,0,1.0000000000000002,0,1013.5,192.64126702713568,10.806637188807304,82,,
2018,6,6,8,0,13.8,-39,73.5,13.2,56,63.0,0,40.27957912964791,0,1013.8,189.41379731637693,11.753006621466753,74,,
2018,6,6,9,0,13.9,-26,83.9,13.3,48,120.0,0,117.25432638875463,0,1013.7,194.3842819355016,11.19065571876364,68,,
2018,6,6,10,0,13.7,-12,95,13.2,22,145.0,0,185.93080152920865,0,1013.4,204.4488461546743,10.413771399903096,65,,
2018,6,6,11,0,13.6,3,92.2,13.1,33,211.0,0,255.7438513860662,0,1013.1,210.7877802242801,11.751058089522632,64,,
2018,6,6,12,0,13.5,18,88.9,13,39,268.0,0,295.1019700463775,0,1012.9,215.5264923923696,12.502411080524574,66,,
2018,6,6,13,0,13.5,32,86.1,13,36,481.0,0,354.3043788011619,0,1012.8,205.8007532680324,11.901242304417725,71,,
2018,6,6,14,0,13.5,45,55.9,12.9,55,463.0,0,293.57507741895733,0,1012.7,204.6889097918494,11.749039798421109,78,,
2018,6,6,15,0,13.5,56,67.5,12.8,24,368.0,0,182.2287925538312,0,1012.7,205.2630274526272,12.002966613439613,87,,
2018,6,6,16,0,13.4,65,63.1,12.7,0,193.0,0,49.21316508818782,0,1012.7,209.52108966370696,10.776508228397091,96,,
2018,6,6,17,0,13.3,75,51.3,12.5,0,0.0,0,0.0,0,1012.8,213.4465101498577,10.11497362872112,107,,
2018,6,6,18,0,13.2,84,51.3,12.3,0,0.0,0,0.0,0,1012.8,217.258369320432,10.18324187285021,118,,
2018,6,6,19,0,13.2,93,44,12,0,0.0,0,0.0,0,1012.8,213.47017836522696,10.797909290993966,129,,
2018,6,6,20,0,13.2,105,39.8,11.8,0,0.0,0,0.0,0,1012.7,213.30854825691824,11.22656289288461,140,,
2018,6,6,21,0,13.2,122,39.3,11.7,0,0.0,0,0.0,0,1012.4,214.4925881087829,11.43836021575861,151,,
2018,6,6,22,0,13.1,150,14.1,11.8,0,0.0,0,0.0,0,1011.8,219.46340578342523,11.505144057202967,158,,
2018,6,6,23,0,13.1,-171,0,11.9,0,0.0,0,0.0,0,1011.2,224.5597248256528,11.255518050068275,160,,
2018,6,7,0,0,13,-136,0,11.8,0,0.0,0,0.0,0,1010.6,229.7918787990168,11.02510396958112,156,,
2018,6,7,1,0,12.9,-114,0,11.5,0,0.0,0,0.0,0,1010,228.99734482965312,11.48822193980026,146,,
2018,6,7,2,0,12.8,-100,0,11.3,0,0.0,0,0.0,0,1009.3,234.15292603202545,11.368168783928295,136,,
2018,6,7,3,0,12.7,-89,0,11,0,0.0,0,0.0,0,1008.8,241.42676393808023,10.976795020304856,124,,
2018,6,7,4,0,12.7,-80,0,10.7,0,0.0,0,0.0,0,1008.3,248.0313930191283,10.95276207533495,113,,
2018,6,7,5,0,12.7,-71,0,10.5,0,0.0,0,0.0,0,1007.9,251.57270234609348,11.562849838531822,102,,
2018,6,7,6,0,13.1,-61,0.3,10.4,7,0.0,1,0.0,0,1007.5,258.1937191288692,12.0600626810463,92,,
2018,6,7,7,0,13.7,-51,14.8,10.5,63,3.0,7,1.0000000000000002,0,1007.2,255.84373605969853,12.40931274217845,83,,
2018,6,7,8,0,14.4,-39,9.5,10.6,84,54.0,114,38.7174800832021,0,1006.9,260.5811667763297,13.061093911782482,75,,
2018,6,7,9,0,14.7,-26,2.8,10.5,92,49.0,216,88.81337388096165,0,1006.3,262.3943483792641,13.183363588937812,68,,
2018,6,7,10,0,14.8,-12,27.3,10.4,183,11.0,90,88.54008755635726,0,1005.5,261.8523175570694,13.953344294244063,65,,
2018,6,7,11,0,14.9,3,18.2,10.3,161,7.0,160,89.83221856799324,0,1004.6,262.879627309516,14.945337673391387,64,,
2018,6,7,12,0,14.9,18,42.4,10.3,122,15.0,89,125.64140547914954,0,1003.9,265.48027630561995,15.292428437062878,66,,
2018,6,7,13,0,14.8,32,81.2,10.2,56,10.0,0,99.33650097870029,0,1003.2,267.74329230181,15.171678759860514,71,,
2018,6,7,14,0,14.6,45,77.3,10.2,26,12.0,0,84.53482847255842,0,1002.6,265.9316983740362,14.907437021348606,78,,
2018,6,7,15,0,14.4,56,43,10.4,11,52.0,0,89.5290611008689,0,1002.1,264.78717690613496,14.389592188533308,87,,
2018,6,7,16,0,14.1,65,42.9,10.8,0,28.0,0,21.067915599839328,0,1001.8,267.300283292495,14.010423105325838,96,,
2018,6,7,17,0,13.8,74,61.2,11.1,0,0.0,0,0.0,0,1001.5,274.4963714654168,13.45645398367611,107,,
2018,6,7,18,0,13.4,83,48.8,11.1,0,0.0,0,0.0,0,1001.3,275.5987475728712,13.83847693774048,118,,
2018,6,7,19,0,12.8,93,67,10.7,0,0.0,0,0.0,0,1001.3,274.81457621106665,14.596424788872197,129,,
2018,6,7,20,0,12.3,105,83,10.3,0,0.0,0,0.0,0,1001.2,280.67700498902457,14.923404493386272,141,,
2018,6,7,21,0,12.1,122,82.8,10.3,0,0.0,0,0.0,0,1001.1,272.977211313596,15.065255876555913,151,,
2018,6,7,22,0,12.1,150,74,10.4,0,0.0,0,0.0,0,1001,270.4511000237733,14.29536493591772,159,,
2018,6,7,23,0,12.1,-171,69.2,10.6,0,0.0,0,0.0,0,1000.8,275.0152076580057,15.64485680554535,161,,
2018,6,8,0,0,12,-136,72.8,10.7,0,0.0,0,0.0,0,1000.7,280.43935786534666,15.384539467046563,156,,
2018,6,8,1,0,12,-114,71.2,10.6,0,0.0,0,0.0,0,1000.5,277.5335409159729,15.370220241907663,146,,
2018,6,8,2,0,11.9,-100,69.3,10.6,0,0.0,0,0.0,0,1000.4,296.95262502013384,17.528968487482135,136,,
2018,6,8,3,0,11.9,-89,80.8,10.5,0,0.0,0,0.0,0,1000.1,316.2735231845021,13.36772375184943,124,,
2018,6,8,4,0,11.9,-79,86.9,10.5,0,0.0,0,0.0,0,999.7,302.3584114692272,14.07877814908462,113,,
2018,6,8,5,0,11.9,-70,83.7,10.4,0,0.0,0,0.0,0,999.2,315.42658694441667,14.97878741561061,102,,
2018,6,8,6,0,12,-61,78.6,10.5,2,0.0,0,0.0,0,998.8,318.8538571492156,14.388737959675693,92,,
2018,6,8,7,0,12.4,-51,78.7,10.5,16,0.0,0,0.0,0,998.4,318.96890602511104,13.972282261758426,83,,
2018,6,8,8,0,12.7,-39,82.8,10.6,32,5.0,0,18.243311302025223,0,997.9,322.76669580192333,13.395288970510112,75,,
2018,6,8,9,0,12.9,-26,83.9,10.7,47,2.0,0,28.397014012172367,0,997.2,324.7664144287952,13.871183755507962,69,,
2018,6,8,10,0,13,-12,87.4,10.8,43,6.0,0,60.92048198024645,0,996.2,328.43173307699664,12.846067876104772,65,,
2018,6,8,11,0,13.1,3,91.1,10.9,32,84.0,0,192.8462848553307,0,995.2,332.94711620687303,11.9388302416377,64,,
2018,6,8,12,0,13.1,18,94.2,11,19,216.0,0,276.30161817607154,0,994.4,338.7655169660792,11.120231466358549,66,,
2018,6,8,13,0,13.1,32,86.1,11.1,29,285.0,0,288.19404814134475,0,993.7,330.2412219434471,12.360261526033783,71,,
2018,6,8,14,0,13.1,45,65.3,11.2,37,311.0,0,247.15289967285787,0,993.1,343.67520806069984,10.326481170380204,78,,
2018,6,8,15,0,13.1,55,51.1,11.3,14,181.0,0,132.3903655658611,0,992.6,346.60643332172884,10.911769710762352,87,,
2018,6,8,16,0,13,65,49.9,11.4,0,101.0,0,34.59263295751191,0,992.3,348.68958173798285,11.294297579867855,96,,
2018,6,8,17,0,12.9,74,51,11.6,0,0.0,0,0.0,0,992,355.08041645024707,10.72701787572406,107,,
2018,6,8,18,0,12.2,83,50.5,10.8,0,0.0,0,0.0,0,992,0.3609756967906605,9.92036289797713,118,,
2018,6,8,19,0,11.2,93,25.1,9.4,0,0.0,0,0.0,0,992.3,357.97215454269417,9.466133262839316,129,,
2018,6,8,20,0,10.1,105,22.4,7.9,0,0.0,0,0.0,0,992.6,2.8382657752944738,9.28898278243089,141,,
2018,6,8,21,0,9.3,122,17.2,6.6,0,0.0,0,0.0,0,993.4,6.30826814272433,9.145462663318089,151,,
2018,6,8,22,0,8.8,150,3.8,5.5,0,0.0,0,0.0,0,994.6,11.058786296666938,9.175507932370486,159,,
2018,6,8,23,0,8.2,-171,0,4.5,0,0.0,0,0.0,0,995.9,13.837549384524891,8.759342825562053,161,,
2018,6,9,0,0,8.1,-136,0,4,0,0.0,0,0.0,0,997.2,17.343881079502864,8.22657882022235,156,,
2018,6,9,1,0,8.3,-114,0,3.8,0,0.0,0,0.0,0,998.3,16.3649999334491,7.816682996526089,147,,
2018,6,9,2,0,8.4,-99,0,3.8,0,0.0,0,0.0,0,999.5,24.90235562772807,7.510804230261763,136,,
2018,6,9,3,0,8.5,-89,0,3.7,0,0.0,0,0.0,0,1000.6,31.511888338774668,7.571657311320867,125,,
2018,6,9,4,0,8.6,-79,0,3.7,0,0.0,0,0.0,0,1001.7,37.71392655082235,7.053792683406158,113,,
2018,6,9,5,0,8.6,-70,0,3.7,0,0.0,0,0.0,0,1002.7,35.588577197755285,7.09230075433956,102,,
2018,6,9,6,0,8.8,-61,0,3.9,5,0.0,1,0.0,0,1003.7,36.915982703701445,6.738381085969246,92,,
2018,6,9,7,0,9,-51,1.5,4.3,45,1.0,29,1.0,0,1004.8,31.32547266957863,6.453139690724201,83,,
2018,6,9,8,0,9.2,-39,36.9,4.6,93,50.0,16,37.35367930054818,0,1005.8,41.13115212720709,6.654822312848258,75,,
2018,6,9,9,0,9.3,-26,47.4,4.9,172,119.0,0,118.4219359469142,0,1006.5,46.384508937699366,6.508974431825905,69,,
2018,6,9,10,0,9.3,-12,48.8,5.1,196,346.0,3,239.1748915787015,0,1006.9,51.1440736429978,5.335675804233231,65,,
2018,6,9,11,0,9.2,3,23.5,5.3,148,569.0000000000001,163,360.3727219354905,0,1007.3,48.54956215547651,3.825646621924693,64,,
2018,6,9,12,0,9.2,18,33.4,5.3,159,610.0,93,400.2558287672055,0,1007.8,40.718775270345134,4.571834897525776,66,,
2018,6,9,13,0,9,32,22,5.1,119,602.0,95,383.4462745114325,0,1008.5,44.305104083710944,4.953564452884346,71,,
2018,6,9,14,0,8.9,44,25.8,4.9,79,550.0,53,310.5784995123862,0,1009.2,48.86759190937511,4.819336240511404,78,,
2018,6,9,15,0,8.7,55,13.1,4.7,28,420.0,0,188.54890728338037,0,1010.1,48.81612874092531,5.125458859626962,87,,
2018,6,9,16,0,8.5,65,0,4.5,0,229.0,0,51.92523023814833,0,1011.2,50.77445478881339,5.147465117671212,96,,
2018,6,9,17,0,8.3,74,0,4.3,0,0.0,0,0.0,0,1012.4,53.57293345654142,5.300548939122635,107,,
2018,6,9,18,0,8.1,83,0,4.1,0,0.0,0,0.0,0,1013.3,64.47825594530951,5.210858580350554,118,,
2018,6,9,19,0,7.9,93,0,3.8,0,0.0,0,0.0,0,1014.1,74.41622046801285,4.718375690089974,129,,
2018,6,9,20,0,7.7,105,0,3.5,0,0.0,0,0.0,0,1014.9,92.8824820037213,4.175204430788916,141,,
2018,6,9,21,0,7.7,122,0,3.4,0,0.0,0,0.0,0,1015.6,105.88695866731376,3.945630595159287,151,,
2018,6,9,22,0,7.9,150,0,3.4,0,0.0,0,0.0,0,1016.2,108.7316412283534,3.682605088891079,159,,
2018,6,9,23,0,8,-171,0,3.4,0,0.0,0,0.0,0,1016.7,109.07440775504227,3.756287905903256,161,,
2018,6,10,0,0,8.1,-136,0,3.3,0,0.0,0,0.0,0,1017.3,109.98069110596448,3.958224848046999,156,,
2018,6,10,1,0,8.1,-114,0,3.1,0,0.0,0,0.0,0,1018,103.06991276070318,3.2722686009816444,147,,
2018,6,10,2,0,8.1,-99,0,2.9,0,0.0,0,0.0,0,1018.7,102.57596770443212,2.92766182614272,136,,
2018,6,10,3,0,8.1,-89,0,2.7,0,0.0,0,0.0,0,1019.5,108.44943249015888,2.7486956819386377,125,,
2018,6,10,4,0,8.1,-79,0,2.5,0,0.0,0,0.0,0,1020.3,140.05180650034777,2.7878116399248207,113,,
2018,6,10,5,0,8.1,-70,0,2.4,0,0.0,0,0.0,0,1021.2,190.1259525203584,3.839592002773312,103,,
2018,6,10,6,0,8.3,-61,0.9,2.7,5,0.0,1,0.0,0,1021.9,206.96860266624924,4.619538413857851,92,,
2018,6,10,7,0,8.7,-51,45.5,3.3,27,6.0,0,1.0000000000000004,0,1022.6,204.3400286023721,4.288666427196069,83,,
2018,6,10,8,0,9.1,-39,68.7,4,67,240.0,0,50.93408355949772,0,1023.3,200.6446141911762,5.268229494143552,75,,
2018,6,10,9,0,9.5,-26,54.5,4.3,149,391.0,1,163.331861222869,0,1023.6,196.76093474664057,6.276665475849107,69,,
2018,6,10,10,0,9.9,-12,33.4,4.3,216,607.0,42,299.334013656554,0,1023.6,191.8318198324108,6.07137730610866,65,,
2018,6,10,11,0,10.4,3,20,4.3,205,652.0,114,381.7229737938819,0,1023.5,192.2930871164347,4.7437785840084254,64,,
2018,6,10,12,0,10.6,18,14,4.5,161,652.0,150,411.8488778902401,0,1023.7,202.2273193020915,4.744928067700192,66,,
2018,6,10,13,0,10.5,32,31.2,4.7,142,616.0,56,385.7524094201844,0,1024,215.84266926812305,4.521234427149212,71,,
2018,6,10,14,0,10.5,44,38.8,5,96,555.0,0,310.9041753158195,0,1024.3,222.2189189271037,4.810400963327123,78,,
2018,6,10,15,0,10.4,55,57.5,5.1,26,422.0,0,187.76640515689223,0,1024.6,219.9891979879565,5.383953444173332,87,,
2018,6,10,16,0,10.3,65,69,5.2,0,253.0,0,54.22268886954754,0,1025,212.3675801688367,6.005592848903803,97,,
2018,6,10,17,0,10.2,74,69,5.3,0,0.0,0,0.0,0,1025.4,207.72406872235456,7.238458169091507,107,,
2018,6,10,18,0,9.9,83,68.8,5.3,0,0.0,0,0.0,0,1025.6,207.66364754447383,7.813043575449998,118,,
2018,6,10,19,0,9.4,93,57.9,5.4,0,0.0,0,0.0,0,1025.6,210.46775648058588,7.375929761728272,129,,
2018,6,10,20,0,9,105,44.2,5.5,0,0.0,0,0.0,0,1025.5,211.465539353823,8.165839780252217,141,,
2018,6,10,21,0,8.9,122,44.4,5.5,0,0.0,0,0.0,0,1025.6,210.79376574892288,9.35646972716769,151,,
2018,6,10,22,0,9,149,16.9,5.4,0,0.0,0,0.0,0,1025.6,214.3853272085772,9.99983020876744,159,,
2018,6,10,23,0,9.2,-171,0,5.3,0,0.0,0,0.0,0,1025.7,220.2952225724121,10.410003546476904,161,,
2018,6,11,0,0,9.3,-136,0,5.4,0,0.0,0,0.0,0,1025.7,225.144312115833,10.555190418157554,156,,
2018,6,11,1,0,9.3,-114,0,5.5,0,0.0,0,0.0,0,1025.8,225.98892198151609,10.862681471402942,147,,
2018,6,11,2,0,9.3,-99,0,5.7,0,0.0,0,0.0,0,1025.9,225.1356339896525,11.23053062355578,136,,
2018,6,11,3,0,9.3,-89,0,5.8,0,0.0,0,0.0,0,1026,224.7708112114235,11.47987376122066,125,,
2018,6,11,4,0,9.3,-79,0,6,0,0.0,0,0.0,0,1026.2,223.17179671841296,11.634168772543674,114,,
2018,6,11,5,0,9.2,-70,0,6.1,0,0.0,0,0.0,0,1026.4,221.0328790688152,11.805170340922746,103,,
2018,6,11,6,0,9.3,-61,0.3,6.2,5,0.0,1,0.0,0,1026.5,220.884836507722,11.997020870692186,92,,
2018,6,11,7,0,9.5,-51,15.7,6.3,60,4.0,10,1.0000000000000002,0,1026.6,223.53868565300647,11.853245235369345,83,,
2018,6,11,8,0,9.6,-39,40.3,6.5,118,229.0,6,49.103120326700136,0,1026.7,225.9076825936739,11.83482037298748,75,,
2018,6,11,9,0,9.9,-26,34.7,6.5,181,454.0,40,170.94238068921044,0,1026.4,229.2514644900909,11.685260384726792,69,,
2018,6,11,10,0,10.4,-12,12.7,6.6,140,477.0,210,279.4399493196486,0,1025.9,233.0783911693485,12.226909276657524,65,,
2018,6,11,11,0,10.8,3,3.3,6.6,86,517.0,314,356.0267571938337,0,1025.4,236.5385902348244,13.353064513387526,64,,
2018,6,11,12,0,10.9,18,23.8,6.6,171,390.0,119,340.49884278304137,0,1025.1,233.9736007194279,13.725071289228254,66,,
2018,6,11,13,0,10.8,32,24.3,6.6,162,240.0,53,268.8921256107415,0,1024.8,229.3239266526178,14.912922445438603,71,,
2018,6,11,14,0,10.7,44,29,6.5,95,123.0,30,172.96659544433024,0,1024.5,229.19854491314305,14.970729173412415,78,,
2018,6,11,15,0,10.5,55,46,6.5,28,73.0,0,92.1480304173799,0,1024.5,230.57688808056565,13.514881356128177,87,,
2018,6,11,16,0,10.3,65,52,6.5,0,79.0,0,30.27047607280189,0,1024.7,230.34395732727745,12.888037416091992,97,,
2018,6,11,17,0,10.1,74,52,6.5,0,0.0,0,0.0,0,1024.9,223.5998241793966,13.52935582397712,107,,
2018,6,11,18,0,9.6,83,51.4,6.3,0,0.0,0,0.0,0,1025,220.58169452646845,14.088537755837548,118,,
2018,6,11,19,0,8.9,93,18.4,5.9,0,0.0,0,0.0,0,1025,220.8370157742543,13.954529933960348,129,,
2018,6,11,20,0,8.2,105,0,5.5,0,0.0,0,0.0,0,1025,218.1271161627405,14.403076616745189,141,,
2018,6,11,21,0,8.1,121,0,5.6,0,0.0,0,0.0,0,1024.9,217.13146413587884,14.760163573780806,151,,
2018,6,11,22,0,8.4,149,0,6,0,0.0,0,0.0,0,1024.8,216.41139954406785,15.01049037516399,159,,
2018,6,11,23,0,8.8,-171,0,6.6,0,0.0,0,0.0,0,1024.6,218.868508677887,14.895438253947692,161,,
2018,6,12,0,0,9,-136,0,6.8,0,0.0,0,0.0,0,1024.5,219.6639462087444,15.036283245152983,156,,
2018,6,12,1,0,8.9,-114,0,6.8,0,0.0,0,0.0,0,1024.4,219.6697919909551,14.404158179698396,147,,
2018,6,12,2,0,8.9,-99,0,6.7,0,0.0,0,0.0,0,1024.3,222.76967238985296,13.942257255303602,136,,
2018,6,12,3,0,8.8,-89,0,6.7,0,0.0,0,0.0,0,1024.3,223.51046510601336,13.939858491489248,125,,
2018,6,12,4,0,8.8,-79,0,6.7,0,0.0,0,0.0,0,1024.3,222.4012881556453,14.114355771199843,114,,
2018,6,12,5,0,8.7,-70,0,6.7,0,0.0,0,0.0,0,1024.3,218.6497624304159,13.265237874469516,103,,
2018,6,12,6,0,8.8,-61,0,6.7,4,0.0,2,0.0,0,1024.4,220.72569732179568,12.40351540865802,92,,
2018,6,12,7,0,9.1,-51,2.1,6.6,33,0.0,55,0.0,0,1024.6,209.732286962992,12.949668719958982,83,,
2018,6,12,8,0,9.4,-39,1.2,6.5,50,1.0,168,7.042753610143736,0,1024.7,217.1619944703272,12.250061533734446,75,,
2018,6,12,9,0,9.9,-26,0.8,6.5,61,4.0,265,30.76909860480674,0,1024.5,223.94031938152213,11.752308550254927,69,,
2018,6,12,10,0,10.5,-12,1.7,6.6,72,5.0,317,62.57004400970472,0,1024,227.1678308700186,11.54639565449784,65,,
2018,6,12,11,0,11.1,3,1.8,6.7,74,13.0,330,112.16394288450076,0,1023.5,229.11445804711224,11.801776491717767,64,,
2018,6,12,12,0,11.3,18,1.8,6.9,70,9.0,297,103.9243442966354,0,1023,234.0940645450013,12.068065360062816,66,,
2018,6,12,13,0,11.2,32,1.9,7,62,8.0,221,92.421977822826,0,1022.7,248.22532698054792,10.978376685259084,71,,
2018,6,12,14,0,11,44,3.2,7.2,47,7.0,116,69.61049242218817,0,1022.3,247.0282516268203,11.222492295158666,78,,
2018,6,12,15,0,10.5,55,26.3,7.1,15,8.0,27,44.20324513660405,0,1022.2,239.7620274763449,10.524476547317656,87,,
2018,6,12,16,0,9.8,65,14.1,6.7,0,7.0,0,10.995768437615435,0,1022.2,234.1058867934813,9.785794116642782,97,,
2018,6,12,17,0,9.1,74,0.2,6.3,0,0.0,0,0.0,0,1022.2,226.7797308967719,8.71028136446547,107,,
2018,6,12,18,0,8.4,83,7.7,5.9,0,0.0,0,0.0,0,1022.2,221.9099299767904,8.09913709674224,118,,
2018,6,12,19,0,7.6,93,4.5,5.5,0,0.0,0,0.0,0,1022.1,221.819807837512,7.577331835738087,129,,
2018,6,12,20,0,6.9,104,11.1,5.1,0,0.0,0,0.0,0,1022,228.5694226056132,5.088230096837223,141,,
2018,6,12,21,0,6.8,121,50.1,5.1,0,0.0,0,0.0,0,1021.7,284.3133185718402,3.0366454821973727,151,,
2018,6,12,22,0,7.2,149,57.4,5.3,0,0.0,0,0.0,0,1021.2,345.8239146475799,5.41011192771852,159,,
2018,6,12,23,0,7.6,-171,19.1,5.6,0,0.0,0,0.0,0,1020.7,359.7686665380313,7.437560622184589,161,,
2018,6,13,0,0,7.7,-136,32.9,5.7,0,0.0,0,0.0,0,1020.4,3.109789571750639,7.511060669033714,156,,
2018,6,13,1,0,7.7,-114,18.5,5.7,0,0.0,0,0.0,0,1020,5.33155864616225,8.662721941252942,147,,
2018,6,13,2,0,7.7,-99,2.7,5.7,0,0.0,0,0.0,0,1019.7,11.5582145558447,12.353038499385995,136,,
2018,6,13,3,0,7.7,-89,4.2,5.7,0,0.0,0,0.0,0,1019.5,12.004725235727108,12.500928739377732,125,,
2018,6,13,4,0,7.8,-79,4.3,5.7,0,0.0,0,0.0,0,1019.3,14.214617084936208,11.259782800057538,114,,
2018,6,13,5,0,7.9,-70,9.2,5.8,0,0.0,0,0.0,0,1019.2,12.793857345286996,10.126407292958156,103,,
2018,6,13,6,0,8.2,-61,4.4,6.1,4,0.0,2,0.0,0,1019.2,12.009893588954526,8.265887283317452,92,,
2018,6,13,7,0,8.7,-51,4.9,6.8,41,0.0,39,0.0,0,1019.3,0.33556045753852,7.670297561509736,83,,
2018,6,13,8,0,9.3,-39,19.9,7.4,125,13.0,39,26.539043730593885,0,1019.4,351.15099716360675,8.41782280602918,75,,
2018,6,13,9,0,10,-26,27.6,7.8,194,9.0,37,54.7183704547809,0,1019.1,346.94670329295786,7.593678607526584,69,,
2018,6,13,10,0,10.9,-12,35,8.1,234,17.0,15,98.31630961920136,0,1018.5,340.0909222899189,6.086156182528725,65,,
2018,6,13,11,0,11.8,3,64.1,8.3,144,18.0,0,122.12887619404609,0,1017.9,342.7151282703836,4.223448813956374,64,,
2018,6,13,12,0,12.2,18,60.4,8.7,138,14.0,0,116.0900602020774,0,1017.4,321.10722301290764,7.211085664130017,66,,
2018,6,13,13,0,12.2,32,40.1,9.1,160,12.0,0,100.12259940746394,0,1017.1,295.40735909872615,9.678537967088134,71,,
2018,6,13,14,0,12.2,44,27.1,9.5,107,40.0,3,122.88992652740902,0,1016.7,294.61034640157857,8.056825792438891,78,,
2018,6,13,15,0,11.9,55,8.3,9.5,29,117.0,2,113.16483453911786,0,1016.6,288.1908691938838,9.786473473007137,87,,
2018,6,13,16,0,11.4,65,0,9.3,0,13.0,0,12.845186555078486,0,1016.6,280.6975829225203,10.398244249825208,97,,
2018,6,13,17,0,10.8,74,0,9.1,0,0.0,0,0.0,0,1016.7,295.7037710511973,13.212418198580403,107,,
2018,6,13,18,0,10.2,83,0,8.8,0,0.0,0,0.0,0,1016.9,314.434723432844,7.874196768471782,118,,
2018,6,13,19,0,9.6,92,0,8.5,0,0.0,0,0.0,0,1017.2,324.8165906455169,8.161103518201676,129,,
2018,6,13,20,0,9,104,0,8.2,0,0.0,0,0.0,0,1017.5,328.55177448329965,8.457661284133176,141,,
2018,6,13,21,0,8.8,121,0.6,8,0,0.0,0,0.0,0,1017.5,328.21783341100763,9.811214013477766,151,,
2018,6,13,22,0,8.9,149,33.1,7.9,0,0.0,0,0.0,0,1017.4,322.58119502986744,10.157985682728256,159,,
2018,6,13,23,0,9.1,-171,26.3,7.8,0,0.0,0,0.0,0,1017.3,321.2152074431608,10.452419049041454,161,,
2018,6,14,0,0,9.3,-136,12.9,8,0,0.0,0,0.0,0,1017.1,320.8861723681547,9.344372390507887,156,,
2018,6,14,1,0,9.6,-114,48.9,8.2,0,0.0,0,0.0,0,1016.9,328.03421558291546,10.072518393418555,147,,
2018,6,14,2,0,9.9,-99,69,8.6,0,0.0,0,0.0,0,1016.8,328.7721861532684,9.475690548400028,136,,
2018,6,14,3,0,10.2,-88,68.5,8.8,0,0.0,0,0.0,0,1016.8,336.1163801931256,9.706406196717912,125,,
2018,6,14,4,0,10.4,-79,68.5,9.1,0,0.0,0,0.0,0,1016.9,333.9459407604993,9.904166056574534,114,,
2018,6,14,5,0,10.6,-70,67.6,9.3,0,0.0,0,0.0,0,1017,335.9477172134696,9.949041256409084,103,,
2018,6,14,6,0,10.9,-61,65.5,9.7,2,0.0,0,0.0,0,1017.3,334.89372457555817,9.757026152006576,93,,
2018,6,14,7,0,11.1,-51,67.4,10,23,0.0,0,0.0,0,1017.6,333.88570338650527,8.979379163884348,83,,
2018,6,14,8,0,11.3,-39,73,10.4,49,26.0,0,31.046576303727395,0,1017.9,329.6646267934302,9.196955392287194,75,,
2018,6,14,9,0,11.6,-26,84,10.8,44,34.0,0,83.44887630064797,0,1017.8,326.471579046166,9.12029070698819,69,,
2018,6,14,10,0,12,-12,80.8,11.2,70,49.0,0,142.26518813538272,0,1017.6,322.34994835475777,8.721462774563932,65,,
2018,6,14,11,0,12.3,3,82.7,11.6,65,36.0,0,157.21899060583706,0,1017.3,319.08129829142234,10.607087657020152,65,,
2018,6,14,12,0,12.5,18,87.5,11.8,42,5.0,0,80.17037576715317,0,1017.1,313.6968581401777,10.961263753721624,67,,
2018,6,14,13,0,12.4,32,84.9,11.8,37,6.0,0,79.55675415298944,0,1017,303.5011637263012,9.611628015526025,71,,
2018,6,14,14,0,12.3,44,75,11.8,33,15.0,0,89.5751137020185,0,1017,302.6417977394575,10.489191509506432,78,,
2018,6,14,15,0,12.1,55,80.2,11.6,11,24.0,0,65.58854230855482,0,1017.1,302.1873794879021,10.705359744923054,87,,
2018,6,14,16,0,11.7,65,84,11.3,0,8.0,0,11.133745639443635,0,1017.4,298.2618628979656,10.084743160150822,97,,
2018,6,14,17,0,11.4,74,83,11,0,0.0,0,0.0,0,1017.7,290.33185932684347,10.749837322445826,107,,
2018,6,14,18,0,11,83,83,10.7,0,0.0,0,0.0,0,1018,285.7476482892562,11.358706453319025,118,,
2018,6,14,19,0,10.6,92,83,10.4,0,0.0,0,0.0,0,1018.2,286.60016317074667,14.212213061580703,129,,
2018,6,14,20,0,10.2,104,83,10,0,0.0,0,0.0,0,1018.3,289.0720408649196,14.78934898038538,141,,
2018,6,14,21,0,10.1,121,82.9,9.9,0,0.0,0,0.0,0,1018.4,289.4876193484955,15.115937664795933,151,,
2018,6,14,22,0,10.1,149,75.3,9.8,0,0.0,0,0.0,0,1018.3,291.8144579442253,13.536719012077429,159,,
2018,6,14,23,0,10.1,-171,71.1,9.7,0,0.0,0,0.0,0,1018.2,300.5461967821958,13.78858444638739,161,,
2018,6,15,0,0,10.1,-136,74.1,9.6,0,0.0,0,0.0,0,1018.3,295.48781239574515,13.961296567904954,156,,
2018,6,15,1,0,10.2,-113,80.4,9.5,0,0.0,0,0.0,0,1018.5,303.9775794274062,14.856767367452562,147,,
2018,6,15,2,0,10.2,-99,83,9.4,0,0.0,0,0.0,0,1018.7,344.7906744310834,15.485260823584126,136,,
2018,6,15,3,0,10.2,-88,83,9.3,0,0.0,0,0.0,0,1018.9,2.860579358106748,16.83347569321246,125,,
2018,6,15,4,0,10.2,-79,83,9.3,0,0.0,0,0.0,0,1019.2,3.5016792597933204,13.382651308584316,114,,
2018,6,15,5,0,10.2,-70,83.6,9.3,0,0.0,0,0.0,0,1019.5,352.15623192819606,11.613786952623345,103,,
2018,6,15,6,0,10.3,-61,89.9,9.5,1,0.0,0,0.0,0,1019.7,341.57041277095294,9.900337885860838,93,,
2018,6,15,7,0,10.5,-51,69.3,9.9,33,0.0,0,0.0,0,1019.8,345.5599885521741,8.77223872676513,83,,
2018,6,15,8,0,10.8,-39,64.3,10.3,65,8.0,0,21.312946172033808,0,1019.8,358.7151556197124,8.917281085456208,75,,
2018,6,15,9,0,11.1,-26,84.3,10.5,42,6.0,0,44.13102330183936,0,1019.5,4.597320314647675,9.70137895854993,69,,
2018,6,15,10,0,11.4,-12,88.3,10.5,43,2.0,0,44.62088134247124,0,1019.1,11.945412633359922,11.71636147635199,65,,
2018,6,15,11,0,11.8,3,82.6,10.5,66,3.0,0,58.18199062691211,0,1018.5,14.82301890562684,12.410574010554162,65,,
2018,6,15,12,0,11.9,18,72.9,10.5,92,14.0,0,123.06551776335114,0,1018.1,16.50015185543316,11.918297872184292,67,,
2018,6,15,13,0,12,32,70.9,10.4,77,9.0,0,96.82927170076528,0,1017.8,15.734945605844189,12.316523414971602,71,,
2018,6,15,14,0,12,44,43.3,10.4,73,2.0,0,36.742411526199305,0,1017.5,14.98203485259694,12.300707136350653,78,,
2018,6,15,15,0,11.9,55,66.2,10.2,28,1.0,0,16.274233947133474,0,1017.3,6.97562824193551,12.578212595569465,87,,
2018,6,15,16,0,11.8,65,81.1,10.1,0,4.0,0,9.566378251672944,0,1017.3,6.065841215671128,10.692434011335552,97,,
2018,6,15,17,0,11.7,74,80.6,9.9,0,0.0,0,0.0,0,1017.3,17.739026148890616,10.100346517874112,107,,
2018,6,15,18,0,11.6,83,73.6,9.9,0,0.0,0,0.0,0,1017.1,7.547648503529217,9.421717938178436,118,,
2018,6,15,19,0,11.4,92,70.2,10,0,0.0,0,0.0,0,1016.7,353.9824648497993,9.872023200178242,129,,
2018,6,15,20,0,11.2,104,70.2,10.1,0,0.0,0,0.0,0,1016.4,353.2016571280988,9.99040926037225,141,,
2018,6,15,21,0,11.3,121,69.9,10.1,0,0.0,0,0.0,0,1015.9,358.8148289754621,9.667107144890092,151,,
2018,6,15,22,0,11.5,149,84.6,10.2,0,0.0,0,0.0,0,1015.3,7.44954605699138,9.40949979197018,159,,
2018,6,15,23,0,11.6,-172,92.8,10.2,0,0.0,0,0.0,0,1014.8,4.928289626150729,9.369600346371778,161,,
2018,6,16,0,0,11.7,-136,93,10.2,0,0.0,0,0.0,0,1014.2,9.44121987926087,10.897614664715874,156,,
2018,6,16,1,0,11.7,-113,96.4,10.3,0,0.0,0,0.0,0,1013.7,10.062616420687334,11.760992875975449,147,,
2018,6,16,2,0,11.7,-99,98.4,10.3,0,0.0,0,0.0,0,1013.2,11.839770867606717,12.45242273367985,136,,
2018,6,16,3,0,11.6,-88,98.3,10.4,0,0.0,0,0.0,0,1012.6,17.18568405133857,12.471880880615869,125,,
2018,6,16,4,0,11.5,-79,98.1,10.5,0,0.0,0,0.0,0,1012.1,21.50670983665873,12.110796691131087,114,,
2018,6,16,5,0,11.4,-70,97.5,10.7,0,0.0,0,0.0,0,1011.6,26.19441318154219,11.949893379932863,103,,
2018,6,16,6,0,11.3,-61,87.8,10.7,1,0.0,0,0.0,0,1011,32.514379550401486,11.725317643057886,93,,
2018,6,16,7,0,11.2,-51,68.7,10.8,29,0.0,0,0.0,0,1010.4,30.18205342456445,10.08468691683631,83,,
2018,6,16,8,0,11.1,-39,78,10.8,35,8.0,0,21.30449186335229,0,1009.7,27.137558395951203,10.293305077749242,75,,
2018,6,16,9,0,11.1,-26,80.2,10.9,62,35.0,0,87.559843030715,0,1008.8,28.493098160108616,11.89042838857668,69,,
2018,6,16,10,0,11.3,-12,86,11.1,49,124.0,0,181.37100299104915,0,1007.6,32.60080463636649,12.217394058427024,66,,
2018,6,16,11,0,11.4,3,80.2,11.3,75,117.0,0,217.995514377106,0,1006.5,35.37690535058374,12.764245326404229,65,,
2018,6,16,12,0,11.5,18,87.3,11.3,46,56.0,0,183.2218525977964,0,1005.5,36.66717735740349,12.613701998538303,67,,
2018,6,16,13,0,11.5,32,94.5,11.3,14,21.0,0,122.92353794716264,0,1004.7,31.819868620279067,13.195852348798551,71,,
2018,6,16,14,0,11.4,44,62.2,11.3,43,5.0,0,52.85421346552207,0,1004,31.78322470819984,16.004975508281152,78,,
2018,6,16,15,0,11.4,55,56.4,11.2,22,2.0,0,20.54809381630374,0,1003.6,27.025057812564683,15.163278758938995,87,,
2018,6,16,16,0,11.2,65,55.5,11,0,2.0,0,5.2831320982446135,0,1003.4,25.735015407565243,14.584012716226717,97,,
2018,6,16,17,0,11.1,74,51.5,10.9,0,0.0,0,0.0,0,1003.3,27.059508101739425,13.980312769686654,107,,
2018,6,16,18,0,11,83,51.3,10.7,0,0.0,0,0.0,0,1003.3,28.480544713009408,13.31084136749062,118,,
2018,6,16,19,0,10.8,92,51,10.5,0,0.0,0,0.0,0,1003.5,34.93477810829222,12.512213769529437,129,,
2018,6,16,20,0,10.7,104,51,10.3,0,0.0,0,0.0,0,1003.6,52.80295678462443,12.459871073085669,141,,
2018,6,16,21,0,10.4,121,50.5,10,0,0.0,0,0.0,0,1003.6,60.88648860632418,12.27022094634115,151,,
2018,6,16,22,0,10.1,148,26.3,9.6,0,0.0,0,0.0,0,1003.5,56.07160821457177,12.16030898643127,159,,
2018,6,16,23,0,9.8,-172,36.7,9.2,0,0.0,0,0.0,0,1003.3,56.26893771227344,13.53314440859426,161,,
2018,6,17,0,0,9.7,-136,26.3,9,0,0.0,0,0.0,0,1003.2,59.7200817342449,14.408037833948493,156,,
2018,6,17,1,0,9.6,-113,37.2,8.9,0,0.0,0,0.0,0,1003.2,61.99797163842118,14.44607020609262,147,,
2018,6,17,2,0,9.6,-99,51,8.9,0,0.0,0,0.0,0,1003.2,69.13150002104089,13.875039987678296,136,,
2018,6,17,3,0,9.7,-88,50.4,9,0,0.0,0,0.0,0,1003.4,81.30818611910098,12.52371152695803,125,,
2018,6,17,4,0,9.8,-79,18.1,9,0,0.0,0,0.0,0,1003.7,82.70641889180507,12.269195969842478,114,,
2018,6,17,5,0,9.9,-70,0,9.1,0,0.0,0,0.0,0,1004,79.89044166063752,13.14649648953442,103,,
2018,6,17,6,0,10.1,-61,0,9.2,3,0.0,2,0.0,0,1004.4,82.50926748971142,14.17098456616766,93,,
2018,6,17,7,0,10.5,-51,1.9,9.4,30,1.0,50,1.0,0,1004.8,82.53018483228038,14.210440823608517,83,,
2018,6,17,8,0,10.9,-39,1.9,9.6,54,43.0,147,35.5945744602904,0,1005.3,81.67865898549991,14.492420651187537,75,,
2018,6,17,9,0,11.2,-27,1.5,9.6,68,115.0,238,117.43994666371891,0,1005.5,80.92888945292259,14.09621724399848,69,,
2018,6,17,10,0,11.4,-12,2,9.4,79,280.0,290,217.3923022472376,0,1005.5,83.20288356036622,13.68874108118194,66,,
2018,6,17,11,0,11.5,3,3.3,9.1,82,504.0,298,335.746475129338,0,1005.5,83.60919910134317,14.19317968046643,65,,
2018,6,17,12,0,11.6,18,50.5,8.9,79,503.0,107,361.2562821317741,0,1005.7,83.53688080435813,13.835489803245933,67,,
2018,6,17,13,0,11.6,32,45.8,8.6,123,466.0,16,334.81379673832095,0,1006.1,79.76244199269166,13.46188095249204,71,,
2018,6,17,14,0,11.6,44,36.7,8.4,96,396.0,9,260.7516612976351,0,1006.6,77.37168278364766,14.08837281394459,78,,
2018,6,17,15,0,11.5,55,46.9,8,24,279.0,0,150.4351854577641,0,1007.2,80.51373224879939,14.789648859538316,87,,
2018,6,17,16,0,11.2,64,18.1,7.5,0,126.0,0,34.845663713222216,0,1008,81.00680746816272,14.25012914908594,97,,
2018,6,17,17,0,11,74,0,7,0,0.0,0,0.0,0,1008.9,80.14139675071027,13.973927061216797,107,,
2018,6,17,18,0,10.6,83,0,6.4,0,0.0,0,0.0,0,1009.5,80.8226238008616,13.04194579064426,118,,
2018,6,17,19,0,10.1,92,0,5.6,0,0.0,0,0.0,0,1010,78.01565598949685,11.715303285444485,129,,
2018,6,17,20,0,9.7,104,0,4.9,0,0.0,0,0.0,0,1010.4,81.87377227185374,11.74290991240458,141,,
2018,6,17,21,0,9.4,120,0,4.5,0,0.0,0,0.0,0,1010.9,81.96094330123356,11.298531016512875,151,,
2018,6,17,22,0,9.3,148,0,4.4,0,0.0,0,0.0,0,1011.3,83.55453533510126,9.978109145756717,159,,
2018,6,17,23,0,9.3,-172,0,4.2,0,0.0,0,0.0,0,1011.7,83.45261791009847,10.020432388204714,161,,
2018,6,18,0,0,9,-136,0,3.9,0,0.0,0,0.0,0,1012.1,84.00222787130565,9.906769122171085,156,,
2018,6,18,1,0,8.7,-113,0,3.5,0,0.0,0,0.0,0,1012.4,85.03599432998851,10.45915149088613,147,,
2018,6,18,2,0,8.3,-99,0,3,0,0.0,0,0.0,0,1012.8,85.43349971034445,11.6495291072407,136,,
2018,6,18,3,0,8,-88,0,2.6,0,0.0,0,0.0,0,1013.3,87.29309836032598,12.546470136749283,125,,
2018,6,18,4,0,7.6,-79,0,2.4,0,0.0,0,0.0,0,1013.9,90.8915239038414,12.693919472194656,114,,
2018,6,18,5,0,7.3,-70,0,2.1,0,0.0,0,0.0,0,1014.6,93.49304248326388,11.816875215162078,103,,
2018,6,18,6,0,7.3,-61,0.1,2,3,0.0,2,0.0,0,1014.9,95.38496444704263,10.33565416762271,93,,
2018,6,18,7,0,7.6,-51,3.7,2,32,4.0,50,1.0000000000000002,0,1015,87.2194171626578,10.825245266507888,83,,
2018,6,18,8,0,7.9,-39,4.9,2,61,264.0,145,47.552515738876565,0,1015.1,93.35093265816404,10.262419207321123,75,,
2018,6,18,9,0,8.1,-27,2.4,2,64,499.0,253,173.58218384424018,0,1015,99.4544195070917,9.60285158249142,69,,
2018,6,18,10,0,8.3,-12,1.2,2,62,474.0,325,263.86994815969786,0,1014.8,105.69932564739634,9.128122909033724,66,,
2018,6,18,11,0,8.4,3,0.4,2,57,552.0,350,348.2115932471627,0,1014.5,115.64273690666784,7.284869759579494,65,,
2018,6,18,12,0,8.5,18,1,1.9,59,655.0,311,407.5771587893914,0,1014.3,123.00734047018346,5.819077328695369,67,,
2018,6,18,13,0,8.4,31,0.6,1.9,51,659.0,236,395.52340130241936,0,1014.2,118.9133934127434,7.119907433090259,71,,
2018,6,18,14,0,8.3,44,1.9,1.9,42,513.0,123,295.03193300403734,0,1014,114.20003300568612,6.720479343439039,78,,
2018,6,18,15,0,7.9,55,1,1.8,15,391.0,27,178.12486221913946,0,1014.1,112.55751445083617,5.936602072831105,87,,
2018,6,18,16,0,7.2,64,0,1.6,0,247.0,0,52.02279224125665,0,1014.4,95.9152829078771,5.773171683297508,97,,
2018,6,18,17,0,6.5,73,0,1.5,0,0.0,0,0.0,0,1014.7,96.86808076913292,7.0026427329748575,107,,
2018,6,18,18,0,6,82,0,1.5,0,0.0,0,0.0,0,1014.9,100.144770831784,6.557600649360486,118,,
2018,6,18,19,0,5.6,92,0,1.6,0,0.0,0,0.0,0,1014.9,97.32846470363496,7.89702882665962,129,,
2018,6,18,20,0,5.2,104,0,1.8,0,0.0,0,0.0,0,1014.9,106.13587176306127,8.059950617705203,141,,
2018,6,18,21,0,5.1,120,0,2,0,0.0,0,0.0,0,1014.8,121.29828361891708,7.32900976927912,151,,
2018,6,18,22,0,5,148,0,2.2,0,0.0,0,0.0,0,1014.7,137.80012569477913,6.297247352665873,159,,
2018,6,18,23,0,5,-172,0,2.4,0,0.0,0,0.0,0,1014.6,158.02696073475636,6.507889159851279,161,,
2018,6,19,0,0,4.9,-136,0,2.5,0,0.0,0,0.0,0,1014.5,185.63307510828264,8.27752178769368,157,,
2018,6,19,1,0,4.7,-113,0,2.3,0,0.0,0,0.0,0,1014.5,196.1518996164796,8.932418302225926,147,,
2018,6,19,2,0,4.5,-99,0,2.2,0,0.0,0,0.0,0,1014.5,203.7205695226948,8.92382214037335,137,,
2018,6,19,3,0,4.4,-88,0,2.1,0,0.0,0,0.0,0,1014.6,220.69723578376332,6.594541574485207,125,,
2018,6,19,4,0,4.3,-79,0,2,0,0.0,0,0.0,0,1014.7,224.55562103683664,5.230779483331206,114,,
2018,6,19,5,0,4.3,-70,0,1.9,0,0.0,0,0.0,0,1014.9,202.3961210307712,5.997022138165107,103,,
2018,6,19,6,0,4.7,-61,0,2,2,0.0,2,0.0,0,1015.1,185.294230131864,8.641601441795373,93,,
2018,6,19,7,0,5.4,-51,2.4,2.3,28,2.0,54,1.0000000000000002,0,1015.2,192.07177808099613,7.482855927362636,84,,
2018,6,19,8,0,6.1,-39,2.2,2.6,49,89.0,161,37.14739492391336,0,1015.3,188.74249699984227,8.124423538445686,76,,
2018,6,19,9,0,6.9,-27,1.6,2.7,59,173.0,258,119.9579983257428,0,1015.2,189.0535386025705,7.594615749567535,69,,
2018,6,19,10,0,7.7,-12,2.1,2.6,68,287.0,313,222.1204846621621,0,1015,187.9500616093472,7.284858566624866,66,,
2018,6,19,11,0,8.5,3,17.1,2.5,164,588.0,172,362.9816438342439,0,1014.7,191.20943976105875,7.561734613984647,65,,
2018,6,19,12,0,8.9,18,10.4,2.6,121,616.0,206,399.5063806717685,0,1014.6,202.3370597570868,8.248842219550998,67,,
2018,6,19,13,0,8.9,31,1.9,2.9,60,603.0,219,381.6358916258162,0,1014.4,209.5929498643534,9.421343334500436,71,,
2018,6,19,14,0,8.8,44,9.5,3.2,60,466.0,92,284.5996054269576,0,1014.3,212.74085835131083,7.909151901721955,78,,
2018,6,19,15,0,8.6,55,5,3.5,23,232.0,14,139.5895150738553,0,1014.4,217.2104770011578,7.590124328264707,87,,
2018,6,19,16,0,8.2,64,0,3.8,0,66.0,0,25.37508879304008,0,1014.8,221.53258962071453,7.307141753598692,97,,
2018,6,19,17,0,7.8,73,0,4.1,0,0.0,0,0.0,0,1015.2,209.0346851903259,8.4579653886965,107,,
2018,6,19,18,0,7.3,82,0,4.2,0,0.0,0,0.0,0,1015.6,208.91839766010293,8.628367405891627,118,,
2018,6,19,19,0,6.7,92,0,4.2,0,0.0,0,0.0,0,1015.9,202.5355183765961,9.210628219601858,129,,
2018,6,19,20,0,6.1,104,0,4.2,0,0.0,0,0.0,0,1016.2,215.66537922971693,8.849855953730716,141,,
2018,6,19,21,0,5.9,120,0,4.3,0,0.0,0,0.0,0,1016.3,219.0897903909552,10.506908576402935,151,,
2018,6,19,22,0,6.2,148,0,4.5,0,0.0,0,0.0,0,1016.3,219.93028866173688,10.641152795929973,159,,
2018,6,19,23,0,6.4,-172,0,4.8,0,0.0,0,0.0,0,1016.2,216.863044988226,11.839453209678751,161,,
2018,6,20,0,0,6.4,-136,0,4.8,0,0.0,0,0.0,0,1016.2,219.814988877841,12.361248219220188,157,,
2018,6,20,1,0,6.3,-114,0,4.6,0,0.0,0,0.0,0,1016.2,226.8461838545108,12.072829959888258,147,,
2018,6,20,2,0,6.1,-99,0,4.5,0,0.0,0,0.0,0,1016.1,231.47156586558205,11.606913299176917,137,,
2018,6,20,3,0,6,-88,0,4.3,0,0.0,0,0.0,0,1016.2,237.66427218723663,11.095613889867536,125,,
2018,6,20,4,0,6,-79,0,4.2,0,0.0,0,0.0,0,1016.4,241.84625897425235,10.84571403119545,114,,
2018,6,20,5,0,5.9,-70,0,4,0,0.0,0,0.0,0,1016.6,245.8155366912015,10.551052823008872,103,,
2018,6,20,6,0,6.2,-61,0.1,4.1,2,0.0,1,0.0,0,1016.8,249.1931095608472,10.521117001980368,93,,
2018,6,20,7,0,6.7,-51,7.2,4.2,38,0.0,37,0.0,0,1017,250.26944732310736,10.448378370484816,84,,
2018,6,20,8,0,7.2,-39,45,4.4,80,23.0,20,25.796360368891754,0,1017.2,254.00459192524937,10.14268644331242,76,,
2018,6,20,9,0,7.8,-27,63.5,4.4,117,34.0,0,73.25646849687857,0,1017.1,255.16850797714363,9.52233529851546,69,,
2018,6,20,10,0,8.4,-12,54.6,4.2,177,29.0,0,115.8866776621824,0,1016.8,253.03330198691708,9.072369380887324,66,,
2018,6,20,11,0,9,3,49.4,4,204,37.0,0,152.4546935137638,0,1016.5,257.38054821960696,9.440458844416964,65,,
2018,6,20,12,0,9.4,18,55.8,3.9,161,31.0,2,151.3524857720537,0,1016.2,267.10578056174006,9.90252367868171,67,,
2018,6,20,13,0,9.5,31,23.2,3.9,88,25.0,116,129.59561342478867,0,1015.9,265.8748614162602,9.557230454265316,71,,
2018,6,20,14,0,9.6,44,20.1,4,74,20.0,65,95.40886440373724,0,1015.7,274.0479298597457,9.493654070301092,78,,
2018,6,20,15,0,9.5,55,43.2,4,30,13.0,0,50.56601894462429,0,1015.7,276.8638448119499,8.410375203331306,87,,
2018,6,20,16,0,9.3,64,43.4,3.9,0,15.0,0,15.135910335561489,0,1016,275.33705356082294,7.929395416593092,97,,
2018,6,20,17,0,9.1,73,43.5,3.9,0,0.0,0,0.0,0,1016.2,285.3468465437412,7.396310845035017,107,,
2018,6,20,18,0,8.5,82,16.6,3.8,0,0.0,0,0.0,0,1016.4,294.12859758049,6.831751669937093,118,,
2018,6,20,19,0,7.7,92,0,3.8,0,0.0,0,0.0,0,1016.6,305.24738924203086,7.377420727224073,129,,
2018,6,20,20,0,6.8,104,0,3.7,0,0.0,0,0.0,0,1016.7,302.32487616108307,6.283871748818374,141,,
2018,6,20,21,0,6.6,120,0,3.8,0,0.0,0,0.0,0,1016.8,285.3056651825271,5.995109298360344,151,,
2018,6,20,22,0,6.9,148,0,4,0,0.0,0,0.0,0,1016.9,282.68681734479753,5.886141186119721,159,,
2018,6,20,23,0,7.2,-172,0,4.2,0,0.0,0,0.0,0,1016.9,281.4268114271485,6.032163743489748,161,,
2018,6,21,0,0,7.2,-136,0,4.2,0,0.0,0,0.0,0,1016.9,285.2834367068701,5.8054139002361245,157,,
2018,6,21,1,0,6.9,-114,0,4.1,0,0.0,0,0.0,0,1017,291.1354111689973,7.488616012548746,147,,
2018,6,21,2,0,6.6,-99,0,4.1,0,0.0,0,0.0,0,1017.1,301.65880440769587,7.645271062748403,137,,
2018,6,21,3,0,6.5,-88,0,3.9,0,0.0,0,0.0,0,1017.1,323.3450932224994,6.29823769811064,125,,
2018,6,21,4,0,6.5,-79,0,3.6,0,0.0,0,0.0,0,1017.2,3.3150813163206863,3.37332059437686,114,,
2018,6,21,5,0,6.5,-70,0,3.3,0,0.0,0,0.0,0,1017.2,33.30184114782884,3.077938994001379,103,,
2018,6,21,6,0,6.8,-61,0,3.5,2,0.0,1,0.0,0,1017.4,56.21044408656997,3.2366588563968883,93,,
2018,6,21,7,0,7.4,-51,1.9,3.9,27,0.0,54,0.0,0,1017.7,69.46266148108549,4.025889928836203,84,,
2018,6,21,8,0,8,-40,1.8,4.4,48,25.0,159,29.84913754884296,0,1018,70.97394342916658,4.048563932493272,76,,
2018,6,21,9,0,8.8,-27,1.3,4.6,59,116.0,256,117.27355409754978,0,1018,69.92565306920267,3.313873168342766,69,,
2018,6,21,10,0,9.5,-12,1.5,4.8,66,337.0,314,236.09998801913056,0,1017.7,57.747662006018174,2.323606291785762,66,,
2018,6,21,11,0,10.3,3,1.7,4.9,70,507.0,326,340.889483180965,0,1017.3,40.92732304097439,2.0150602421854247,65,,
2018,6,21,12,0,10.6,17,2.3,5.1,70,390.0,290,329.91107107403616,0,1016.9,27.66716034738425,2.0889481809232486,67,,
2018,6,21,13,0,10.5,31,14.4,5.5,110,428.0,138,327.39335501524,0,1016.6,25.680693004708587,5.439927014402987,71,,
2018,6,21,14,0,10.4,44,10.5,5.8,74,431.0,70,275.7310721167179,0,1016.2,24.58812970557642,5.966034960760702,78,,
2018,6,21,15,0,10.1,55,44.6,5.9,15,362.0,27,174.41438025865858,0,1016.1,27.2846824388796,6.05915214085463,87,,
2018,6,21,16,0,9.7,64,57.5,5.8,0,213.0,0,48.42357187268131,0,1016.1,29.388654674619545,5.104388407996364,96,,
2018,6,21,17,0,9.3,73,52,5.6,0,0.0,0,0.0,0,1016.1,29.30317721375974,3.9791319364593263,107,,
2018,6,21,18,0,8.6,82,51.4,5.3,0,0.0,0,0.0,0,1016.1,23.762076045858976,3.337896571368908,118,,
2018,6,21,19,0,7.8,92,18.4,4.9,0,0.0,0,0.0,0,1016,15.245793854654949,4.078598206934181,129,,
2018,6,21,20,0,6.9,103,0,4.5,0,0.0,0,0.0,0,1015.9,10.19719491772804,3.939919424758013,140,,
2018,6,21,21,0,6.9,120,0.6,4.5,0,0.0,0,0.0,0,1015.7,4.959771118666481,4.193436080451383,151,,
2018,6,21,22,0,7.6,148,30.9,4.8,0,0.0,0,0.0,0,1015.4,1.981998551495508,4.913095545887295,159,,
2018,6,21,23,0,8.4,-172,47.8,5.1,0,0.0,0,0.0,0,1015,358.5600322807814,4.974227093796992,161,,
2018,6,22,0,0,8.8,-137,47.9,5.3,0,0.0,0,0.0,0,1014.6,354.3689826332992,4.687659705938216,157,,
2018,6,22,1,0,8.9,-114,50.4,5.4,0,0.0,0,0.0,0,1014.1,347.1336735896016,4.895372816165347,147,,
2018,6,22,2,0,8.9,-99,51.9,5.5,0,0.0,0,0.0,0,1013.6,348.0004356108072,5.326595551132829,137,,
2018,6,22,3,0,8.9,-88,51.6,5.6,0,0.0,0,0.0,0,1013.3,349.6211568249845,5.10625327984484,125,,
2018,6,22,4,0,8.9,-79,62.7,5.6,0,0.0,0,0.0,0,1013,351.12170576132803,5.296122005132362,114,,
2018,6,22,5,0,8.8,-70,69,5.7,0,0.0,0,0.0,0,1012.8,346.0322765090766,5.198887476982489,103,,
2018,6,22,6,0,9,-61,68.8,5.9,1,0.0,0,0.0,0,1012.7,330.8896676499724,5.534268999296221,93,,
2018,6,22,7,0,9.4,-51,59.7,6.1,36,0.0,0,0.0,0,1012.7,327.1928533641505,5.9015000735681,84,,
2018,6,22,8,0,9.8,-40,41.7,6.3,122,4.0,0,12.13355204444545,0,1012.8,320.5802532409043,7.362318778438824,76,,
2018,6,22,9,0,10,-27,48.8,6.4,150,4.0,0,31.731463460661512,0,1012.3,324.4034451506264,8.147470949073776,70,,
2018,6,22,10,0,10.2,-12,54.6,6.4,166,3.0,0,45.91659960141106,0,1011.5,325.76374518175163,8.509671837388593,66,,
2018,6,22,11,0,10.3,3,43.9,6.5,213,7.0,0,82.73047052760238,0,1010.7,331.91785591549615,9.798569762344464,65,,
2018,6,22,12,0,10.3,17,47,6.6,185,10.0,0,100.30464652606116,0,1010.1,334.1815708509933,9.35089906013848,67,,
2018,6,22,13,0,10.3,31,59.1,6.7,111,12.0,0,100.08698213980212,0,1009.6,333.6990842372357,9.947223527670568,71,,
2018,6,22,14,0,10.3,44,60.8,6.8,59,13.0,0,81.82134431659162,0,1009.1,333.2774668829226,10.129491710403554,78,,
2018,6,22,15,0,10.3,54,80.3,7,16,69.0,0,91.97781687129496,0,1008.8,332.021600291733,9.698729184316782,87,,
2018,6,22,16,0,10.3,64,85.8,7.4,0,22.0,0,16.154029777129132,0,1008.8,333.2887430682768,9.199244181279951,96,,
2018,6,22,17,0,10.3,73,93.5,7.8,0,0.0,0,0.0,0,1008.7,332.995165164627,9.01845446966198,107,,
2018,6,22,18,0,10.3,82,96.2,8.1,0,0.0,0,0.0,0,1008.8,333.0529496679175,8.859633621935199,118,,
2018,6,22,19,0,10.3,92,94.8,8.4,0,0.0,0,0.0,0,1009,332.5270290984447,9.515729436943325,129,,
2018,6,22,20,0,10.3,103,93.7,8.7,0,0.0,0,0.0,0,1009.2,344.0691466639529,10.96634328690518,140,,
2018,6,22,21,0,10.4,120,94.7,8.7,0,0.0,0,0.0,0,1009.2,350.4316618293577,10.693939639159606,151,,
2018,6,22,22,0,10.5,147,67.8,8.6,0,0.0,0,0.0,0,1009,351.2757646589215,10.185474759044984,159,,
2018,6,22,23,0,10.6,-173,51.9,8.5,0,0.0,0,0.0,0,1008.7,351.3495877309772,9.74093566658566,161,,
2018,6,23,0,0,10.6,-137,51.3,8.5,0,0.0,0,0.0,0,1008.6,343.13516784137107,9.143233701349342,157,,
2018,6,23,1,0,10.6,-114,18.4,8.4,0,0.0,0,0.0,0,1008.6,344.8534249848417,9.347429632236771,148,,
2018,6,23,2,0,10.6,-99,0,8.4,0,0.0,0,0.0,0,1008.6,17.54252738127525,9.19009452308386,137,,
2018,6,23,3,0,10.6,-89,0,8.3,0,0.0,0,0.0,0,1008.5,19.66925384247321,8.110699955153764,126,,
2018,6,23,4,0,10.5,-79,0,8.1,0,0.0,0,0.0,0,1008.4,23.34338593611648,8.435599702959808,114,,
2018,6,23,5,0,10.4,-70,0,7.9,0,0.0,0,0.0,0,1008.3,32.613044488957485,10.11192884128939,103,,
2018,6,23,6,0,10.8,-61,0,8.1,2,0.0,1,0.0,0,1008.3,39.99749053926576,10.237318687207416,93,,
2018,6,23,7,0,11.5,-51,3.2,8.6,34,1.0,37,1.0,0,1008.3,43.99530839573822,9.678112985728529,84,,
2018,6,23,8,0,12.2,-40,45.1,9.1,68,118.0,21,43.881315815036665,0,1008.4,43.53431214006889,9.61088880694983,76,,
2018,6,23,9,0,12.6,-27,76.2,9.2,69,225.0,0,141.0476660113499,0,1008.2,44.45601412984138,10.25523687539198,70,,
2018,6,23,10,0,12.7,-13,90.6,9,33,345.0,0,236.3054867351552,0,1007.6,43.614144043364206,10.307162782166222,66,,
2018,6,23,11,0,12.8,2,96.4,8.8,14,548.0,0,350.6792671539695,0,1007,38.40343757817283,11.401446935468725,65,,
2018,6,23,12,0,12.8,17,94.3,8.7,19,496.0,0,362.5258912643777,0,1006.6,42.09631331534644,12.45578875465291,67,,
2018,6,23,13,0,12.7,31,88.8,8.7,28,434.0,0,328.06855283330066,0,1006.4,38.81366750663221,12.452233422597931,71,,
2018,6,23,14,0,12.7,44,83.6,8.6,22,392.0,0,262.52743372208977,0,1006.1,41.33696407492465,12.702600777989618,78,,
2018,6,23,15,0,12.6,54,29.6,8.6,7,293.0,0,156.73756176795104,0,1006,42.51938391589493,13.557355417000826,87,,
2018,6,23,16,0,12.4,64,0,8.6,0,83.0,0,27.9509344373996,0,1006,45.01536739033878,12.87293465724136,96,,
2018,6,23,17,0,12.3,73,0,8.7,0,0.0,0,0.0,0,1006.1,47.16018713228834,11.912407964669116,107,,
2018,6,23,18,0,12.2,82,0,8.8,0,0.0,0,0.0,0,1006.1,47.94899391568981,11.066651362792506,118,,
2018,6,23,19,0,12.4,92,0,9.1,0,0.0,0,0.0,0,1006.1,45.66984573543812,10.883041141186707,129,,
2018,6,23,20,0,12.5,103,0,9.4,0,0.0,0,0.0,0,1006.2,43.18357776364024,10.4297141456978,140,,
2018,6,23,21,0,12.6,120,0,9.6,0,0.0,0,0.0,0,1006.1,40.10073088441186,9.563100175784813,151,,
2018,6,23,22,0,12.7,147,0,9.7,0,0.0,0,0.0,0,1005.8,44.2761751734846,9.66151377652584,159,,
2018,6,23,23,0,12.7,-173,0,9.8,0,0.0,0,0.0,0,1005.6,42.06468108287481,9.287610392087707,161,,
2018,6,24,0,0,12.6,-137,0,9.8,0,0.0,0,0.0,0,1005.4,41.67829326384992,9.73371986952268,157,,
2018,6,24,1,0,12.5,-114,0,9.8,0,0.0,0,0.0,0,1005.2,38.28730470070167,9.905423430727184,148,,
2018,6,24,2,0,12.4,-99,0,9.8,0,0.0,0,0.0,0,1005,40.205041227870026,10.150639193120757,137,,
2018,6,24,3,0,12.2,-89,0,9.8,0,0.0,0,0.0,0,1004.9,39.01471994903597,10.408708130275954,126,,
2018,6,24,4,0,12.1,-79,0,9.9,0,0.0,0,0.0,0,1004.9,39.21225345748854,10.16694220608576,114,,
2018,6,24,5,0,11.9,-70,0,9.9,0,0.0,0,0.0,0,1004.9,41.07627035778512,9.816334591720498,103,,
2018,6,24,6,0,12,-61,0.1,10,2,0.0,1,0.0,0,1005.1,41.05843212167383,9.309875390446056,93,,
2018,6,24,7,0,12.1,-51,5.5,10.2,39,0.0,28,0.0,0,1005.5,39.217553383738846,9.177282847914148,84,,
2018,6,24,8,0,12.3,-40,43.8,10.4,77,21.0,15,24.682072234202995,0,1005.8,39.858021280372895,9.15135855425512,76,,
2018,6,24,9,0,12.3,-27,68.9,10.6,91,35.0,0,74.37343234642918,0,1006,39.96361404045905,8.839298452296582,70,,
2018,6,24,10,0,12.2,-13,49.7,10.7,186,72.0,0,152.9625585832199,0,1005.9,36.83654737049926,9.311427358642728,66,,
2018,6,24,11,0,12,2,57.9,10.7,160,89.0,0,198.70023383129032,0,1005.9,40.16479441118662,10.6746282251465,65,,
2018,6,24,12,0,11.8,17,84.6,10.7,56,38.0,0,161.36411267587658,0,1006.1,39.13024411288626,10.648275333549496,67,,
2018,6,24,13,0,11.5,31,61.1,10.4,93,19.0,0,118.06424196112016,0,1006.5,37.55786784265962,10.577276159175211,71,,
2018,6,24,14,0,11.2,43,36.8,10.2,94,40.0,0,120.8687084738976,0,1006.9,40.03120273713506,10.898567472387022,78,,
2018,6,24,15,0,11,54,42,9.9,26,24.0,0,63.62799999689447,0,1007.5,43.17523237678188,10.219388157344568,87,,
2018,6,24,16,0,10.7,64,17.6,9.6,0,11.0,0,12.591692209630558,0,1008.3,42.67202086897731,9.796231374938284,96,,
2018,6,24,17,0,10.4,73,33.6,9.3,0,0.0,0,0.0,0,1009,42.39632693587316,9.299180730629653,107,,
2018,6,24,18,0,10.2,82,52,8.9,0,0.0,0,0.0,0,1009.6,43.198540541171496,8.319694578480629,118,,
2018,6,24,19,0,10,92,52,8.5,0,0.0,0,0.0,0,1010,49.13382771199264,6.621666433948206,129,,
2018,6,24,20,0,9.9,103,52,8.1,0,0.0,0,0.0,0,1010.4,46.64381350130952,5.855548254978572,140,,
2018,6,24,21,0,9.9,120,52,7.9,0,0.0,0,0.0,0,1010.8,44.482340900765394,5.483926678670647,151,,
2018,6,24,22,0,10,147,52,8,0,0.0,0,0.0,0,1011,44.76004155141016,5.070117476464155,159,,
2018,6,24,23,0,10.1,-173,52,8.1,0,0.0,0,0.0,0,1011.3,37.291594841845495,4.889487899116578,161,,
2018,6,25,0,0,10.1,-137,51.4,8.1,0,0.0,0,0.0,0,1011.5,36.91647396023228,4.865333638811446,157,,
2018,6,25,1,0,10,-114,18.4,7.9,0,0.0,0,0.0,0,1011.8,28.59533068939919,5.239160001753656,148,,
2018,6,25,2,0,10,-99,0,7.7,0,0.0,0,0.0,0,1012,30.93731258229081,5.805998129252711,137,,
2018,6,25,3,0,9.9,-89,0,7.5,0,0.0,0,0.0,0,1012.3,30.846643959188786,5.899463165235458,126,,
2018,6,25,4,0,9.9,-79,0,7.4,0,0.0,0,0.0,0,1012.6,33.472494858647906,5.670414886433218,114,,
2018,6,25,5,0,9.9,-70,0,7.2,0,0.0,0,0.0,0,1013,38.26256290507587,5.966850442848805,103,,
2018,6,25,6,0,10.1,-61,0,7.2,2,0.0,1,0.0,0,1013.4,38.083091875638445,5.447217173068512,93,,
2018,6,25,7,0,10.4,-51,2.2,7.3,33,0.0,39,0.0,0,1013.8,34.95251934542307,5.280006984720523,84,,
2018,6,25,8,0,10.7,-40,1.3,7.4,55,12.0,141,23.385800297996543,0,1014.2,37.42032560253495,5.763840189757411,76,,
2018,6,25,9,0,11.1,-27,1.3,7.6,67,18.0,235,65.27345486643992,0,1014.4,39.31399371430496,6.084538976088837,70,,
2018,6,25,10,0,11.6,-13,20.2,7.9,176,27.0,119,107.2333922782446,0,1014.5,40.103317941860894,5.840792483831281,66,,
2018,6,25,11,0,12,2,12.2,8.2,135,57.0,207,167.22779046863465,0,1014.6,44.15945513824164,6.025211938715578,65,,
2018,6,25,12,0,12.2,17,1.9,8.6,76,123.0,273,224.9983616172739,0,1014.7,42.62857756205153,6.408464458407199,67,,
2018,6,25,13,0,12.1,31,1.6,9.1,66,135.0,204,217.3551483156997,0,1014.7,40.70415948872847,6.489917270973647,71,,
2018,6,25,14,0,12,43,0.5,9.5,46,143.0,113,180.2381601211449,0,1014.8,41.778670396561154,6.795579080797538,78,,
2018,6,25,15,0,11.9,54,0,9.8,14,117.0,28,108.39443503205683,0,1015.1,41.93900211043263,6.620963909485225,87,,
2018,6,25,16,0,11.7,64,0,10,1,43.0,0,21.25651814701208,0,1015.7,43.73877755934012,6.588254337805434,96,,
2018,6,25,17,0,11.5,73,0,10.2,0,0.0,0,0.0,0,1016.2,44.53749777136687,6.565638223241666,107,,
2018,6,25,18,0,11.4,82,0.6,10.3,0,0.0,0,0.0,0,1016.7,48.40567856442249,6.605401709344394,118,,
2018,6,25,19,0,11.4,92,33.6,10.2,0,0.0,0,0.0,0,1017,55.75641555218834,5.824623861365845,129,,
2018,6,25,20,0,11.4,103,52,10.2,0,0.0,0,0.0,0,1017.4,60.507897296343,5.388114040325113,140,,
2018,6,25,21,0,11.5,120,51.9,10.3,0,0.0,0,0.0,0,1017.6,62.767713500516834,4.987927148688086,151,,
2018,6,25,22,0,11.7,147,49.3,10.5,0,0.0,0,0.0,0,1017.7,62.37545603882416,4.652974230934947,159,,
2018,6,25,23,0,11.8,-173,47.8,10.6,0,0.0,0,0.0,0,1017.8,65.17044484589428,4.542459008310605,161,,
2018,6,26,0,0,11.9,-137,47.2,10.7,0,0.0,0,0.0,0,1017.9,71.6255103133592,4.536203360445247,157,,
2018,6,26,1,0,11.8,-114,16.9,10.6,0,0.0,0,0.0,0,1018,82.62269155632589,4.146876283830848,148,,
2018,6,26,2,0,11.7,-99,0,10.6,0,0.0,0,0.0,0,1018.1,83.35763708811209,3.6091875630380574,137,,
2018,6,26,3,0,11.6,-89,0,10.5,0,0.0,0,0.0,0,1018.2,76.3802716779893,2.834591590824087,126,,
2018,6,26,4,0,11.5,-79,0,10.5,0,0.0,0,0.0,0,1018.4,72.26728242849651,2.897685423802116,114,,
2018,6,26,5,0,11.4,-70,0,10.4,0,0.0,0,0.0,0,1018.6,65.12900248234246,3.179925530074504,103,,
2018,6,26,6,0,11.6,-61,0.6,10.6,2,0.0,0,0.0,0,1018.8,64.55172236607416,2.873805886530364,93,,
2018,6,26,7,0,12.1,-51,29.3,10.8,42,1.0,0,1.0,0,1019.2,86.16444613669609,2.989117045485623,84,,
2018,6,26,8,0,12.7,-40,58.5,11.1,77,70.0,0,37.2333046784679,0,1019.5,84.51136107057494,2.9787448882372463,76,,
2018,6,26,9,0,12.9,-27,65.4,11.2,107,139.0,0,119.25857111000178,0,1019.5,84.94015840585394,2.6629651290187604,70,,
2018,6,26,10,0,13,-13,70.5,11.2,110,272.0,0,219.9459884895703,0,1019.2,96.03887619060106,2.353146105363889,66,,
2018,6,26,11,0,13,2,76,11.2,91,494.0,3,337.7285731837321,0,1018.8,91.26790883849073,1.577778882132996,65,,
2018,6,26,12,0,12.9,17,29.4,11,80,443.0,165,348.0371109688725,0,1018.5,59.79398217860893,2.076922305289014,67,,
2018,6,26,13,0,12.7,31,17.1,10.6,123,390.0,114,315.8974923458559,0,1018.4,30.64852528445516,2.4961460925898864,71,,
2018,6,26,14,0,12.5,43,29.6,10.2,104,318.0,12,241.60576709299107,0,1018.2,26.03641624129847,3.041312916752022,78,,
2018,6,26,15,0,12.3,54,11.6,9.9,29,123.0,0,109.1546972539908,0,1018.2,28.60277858018856,3.48820087130938,87,,
2018,6,26,16,0,12,64,0,9.6,1,48.0,0,25.02669615559782,0,1018.4,40.75748967197882,3.5843707383121344,96,,
2018,6,26,17,0,11.8,73,0,9.3,0,0.0,0,0.0,0,1018.5,55.50181934645804,3.831211581823197,107,,
2018,6,26,18,0,11.7,82,0.6,9.2,0,0.0,0,0.0,0,1018.5,58.459992048021945,3.584443098849772,118,,
2018,6,26,19,0,11.7,92,33.6,9.3,0,0.0,0,0.0,0,1018.3,63.35318479663118,3.9019862670896295,129,,
2018,6,26,20,0,11.8,103,52,9.3,0,0.0,0,0.0,0,1018.1,88.89055518410333,4.135785084831855,140,,
2018,6,26,21,0,11.9,120,52,9.5,0,0.0,0,0.0,0,1017.9,105.07560695159408,4.305656545575806,151,,
2018,6,26,22,0,11.9,147,54.6,9.9,0,0.0,0,0.0,0,1017.7,104.3683735585912,4.402604793468963,159,,
2018,6,26,23,0,12,-173,56,10.2,0,0.0,0,0.0,0,1017.4,106.63604580523896,4.409674950176918,161,,
2018,6,27,0,0,11.9,-137,56.3,10.4,0,0.0,0,0.0,0,1017.3,109.53350095620247,3.9100998865842223,157,,
2018,6,27,1,0,11.8,-114,73.4,10.4,0,0.0,0,0.0,0,1017.1,78.61847766796677,1.4944769786147687,148,,
2018,6,27,2,0,11.7,-99,83,10.3,0,0.0,0,0.0,0,1017,69.8657155521517,1.517804201388906,137,,
2018,6,27,3,0,11.6,-89,82.6,10.3,0,0.0,0,0.0,0,1017,74.37034396857308,1.3266428362600662,126,,
2018,6,27,4,0,11.5,-79,62.3,10.3,0,0.0,0,0.0,0,1017.3,98.05536981922704,1.6411934730574789,114,,
2018,6,27,5,0,11.4,-70,18.4,10.3,0,0.0,0,0.0,0,1017.5,149.75610629212656,1.84626769458347,104,,
2018,6,27,6,0,11.5,-61,0,10.3,1,0.0,1,0.0,0,1017.7,185.35754693529145,2.2748303554498746,93,,
2018,6,27,7,0,11.8,-51,2.2,10.3,31,0.0,44,0.0,0,1017.9,136.99030463585984,1.7297953378199726,84,,
2018,6,27,8,0,12.1,-40,1.8,10.3,53,11.0,146,19.34917622312704,0,1018.1,151.2889778241074,2.420100885132678,76,,
2018,6,27,9,0,12.1,-27,26.5,10.1,151,92.0,69,102.71382116962118,0,1018,166.6041903387204,2.934828872841988,70,,
2018,6,27,10,0,12.1,-13,48.6,9.9,191,194.0,2,198.18165671949924,0,1017.6,177.33453970379014,3.1709111069219675,66,,
2018,6,27,11,0,12,2,30.1,9.6,187,344.0,88,296.30553912113527,0,1017.2,180.6009640448765,2.630271636402547,65,,
2018,6,27,12,0,11.9,17,31.5,9.4,199,332.0,50,313.32322144758206,0,1017,172.3467240490172,1.5765436388745726,67,,
2018,6,27,13,0,12,31,31,9.4,172,311.0,16,290.4887993218931,0,1016.8,119.64267860335468,1.5618226681322993,71,,
2018,6,27,14,0,12,43,13.4,9.3,90,224.0,44,211.7210838151046,0,1016.7,112.98871680208066,2.240431041116865,78,,
2018,6,27,15,0,11.9,54,2.2,9.2,21,90.0,20,98.07225609111504,0,1016.9,112.93210043758978,1.764449276686638,87,,
2018,6,27,16,0,11.6,64,0,9,1,32.0,0,21.71569450422037,0,1017.3,134.80742690402826,0.9759026396159762,96,,
2018,6,27,17,0,11.4,73,0,8.7,0,0.0,0,0.0,0,1017.8,209.49613128451372,0.5231250570609405,107,,
2018,6,27,18,0,11.1,82,0,8.4,0,0.0,0,0.0,0,1018,238.78496175133347,2.262622356267625,118,,
2018,6,27,19,0,10.9,92,0,8,0,0.0,0,0.0,0,1018.1,228.085334692326,2.264435817776737,129,,
2018,6,27,20,0,10.7,103,0,7.5,0,0.0,0,0.0,0,1018.2,224.03945903313,2.111086356041587,140,,
2018,6,27,21,0,10.7,120,0,7.4,0,0.0,0,0.0,0,1018.2,201.7412320221691,2.287735186404971,151,,
2018,6,27,22,0,10.8,147,0,7.4,0,0.0,0,0.0,0,1018.3,194.4398668529469,2.757016334482536,159,,
2018,6,27,23,0,10.9,-173,0,7.4,0,0.0,0,0.0,0,1018.3,190.46640904837045,3.0279188532777863,161,,
2018,6,28,0,0,11,-137,0,7.4,0,0.0,0,0.0,0,1018.4,188.67366377527907,3.82869976166418,157,,
2018,6,28,1,0,11.1,-114,0,7.4,0,0.0,0,0.0,0,1018.6,194.66563323641213,4.641201574297415,148,,
2018,6,28,2,0,11.2,-100,0,7.3,0,0.0,0,0.0,0,1018.8,202.10707697218012,5.294251245054931,137,,
2018,6,28,3,0,11.2,-89,0,7.4,0,0.0,0,0.0,0,1019,197.2388028536036,6.242844147215052,126,,
2018,6,28,4,0,11.3,-79,0,7.5,0,0.0,0,0.0,0,1019.3,193.34955518178967,7.243074496536953,114,,
2018,6,28,5,0,11.4,-71,0,7.6,0,0.0,0,0.0,0,1019.6,192.81336022695973,7.022283346800249,104,,
2018,6,28,6,0,11.6,-61,0.1,7.9,1,0.0,1,0.0,0,1019.8,191.76917913916844,6.409650825692025,93,,
2018,6,28,7,0,11.8,-51,4.4,8.2,37,0.0,33,0.0,0,1020,187.90459273518107,6.289742820383882,84,,
2018,6,28,8,0,12.1,-40,17.7,8.5,115,14.0,42,22.443345665429888,0,1020.2,191.03788721101972,7.12944770742472,76,,
2018,6,28,9,0,12.3,-27,29.2,8.7,192,26.0,21,69.72487930625681,0,1020.2,192.15207483958488,6.971398444754132,70,,
2018,6,28,10,0,12.4,-13,30.8,8.9,230,55.0,27,133.79016007175792,0,1019.9,188.7926109278248,6.754426149619549,66,,
2018,6,28,11,0,12.6,2,47.8,9,191,171.0,13,233.82922121235373,0,1019.7,186.97692166896857,5.41263831867091,65,,
2018,6,28,12,0,12.6,17,50.4,9.1,175,322.0,1,309.1893401851139,0,1019.6,203.3681828237368,5.111933134872204,67,,
2018,6,28,13,0,12.5,31,27.1,9.2,145,397.0,50,320.417731412412,0,1019.5,216.58709629896225,7.033679428010942,71,,
2018,6,28,14,0,12.4,43,25.2,9.2,95,394.0,28,267.60666897547867,0,1019.4,219.06523961812363,7.11264231293068,78,,
2018,6,28,15,0,12.3,54,10.9,9.2,30,219.0,0,140.22689823469597,0,1019.5,213.7432422480801,6.566415368050548,86,,
2018,6,28,16,0,12.1,64,0,9.2,1,46.0,0,24.827645161157907,0,1019.8,207.5292568915981,6.5012400434638185,96,,
2018,6,28,17,0,12,73,0,9.2,0,0.0,0,0.0,0,1020.1,199.9018256604106,7.072278018277911,107,,
2018,6,28,18,0,11.8,82,0,9.1,0,0.0,0,0.0,0,1020.3,201.91526257452577,7.5289271717863455,118,,
2018,6,28,19,0,11.6,92,0,9,0,0.0,0,0.0,0,1020.5,198.8499029597292,7.536779269432873,129,,
2018,6,28,20,0,11.4,103,0,8.9,0,0.0,0,0.0,0,1020.6,196.3507662450686,8.001084213249662,140,,
2018,6,28,21,0,11.3,120,0,8.9,0,0.0,0,0.0,0,1020.6,196.43781747101784,7.89775279064684,151,,
2018,6,28,22,0,11.3,147,0,8.9,0,0.0,0,0.0,0,1020.4,198.6430805254545,8.054982713678424,159,,
2018,6,28,23,0,11.2,-173,0,8.8,0,0.0,0,0.0,0,1020.2,208.2437062669332,7.290330116302687,161,,
2018,6,29,0,0,11.2,-137,0,8.8,0,0.0,0,0.0,0,1020,217.3754328602102,6.181588272427465,157,,
2018,6,29,1,0,11.2,-114,0,8.8,0,0.0,0,0.0,0,1020,216.58353016734463,6.799547818695786,148,,
2018,6,29,2,0,11.2,-100,0,8.7,0,0.0,0,0.0,0,1020,213.4132088446094,6.460044024128496,137,,
2018,6,29,3,0,11.1,-89,0,8.7,0,0.0,0,0.0,0,1020.1,222.32534638941576,6.211386903062838,126,,
2018,6,29,4,0,11.1,-80,0,8.7,0,0.0,0,0.0,0,1020.3,231.8001021727283,6.241622942243794,114,,
2018,6,29,5,0,11,-71,0,8.6,0,0.0,0,0.0,0,1020.6,240.7050770520393,6.100207878111821,104,,
2018,6,29,6,0,11.2,-61,0.4,8.7,2,0.0,0,0.0,0,1020.7,262.36097439809475,5.99830192637279,93,,
2018,6,29,7,0,11.5,-51,22.2,8.8,51,1.0,0,1.0,0,1020.9,279.8227986173023,6.213650131451336,84,,
2018,6,29,8,0,11.8,-40,51.9,8.9,89,23.0,1,26.72859021290641,0,1021,274.56345997950893,5.971322733456284,76,,
2018,6,29,9,0,12,-27,39.1,8.7,162,19.0,37,62.455708520256735,0,1020.8,278.596888428594,6.25534046890067,70,,
2018,6,29,10,0,12.1,-13,25.6,8.4,213,17.0,70,99.19512232795728,0,1020.3,265.9796575002308,5.954594348187872,66,,
2018,6,29,11,0,12.3,2,25.2,8,220,29.0,78,143.34805024490393,0,1019.9,272.79188041749194,5.804252639027901,65,,
2018,6,29,12,0,12.2,17,11.8,7.9,131,28.0,191,149.1223339813796,0,1019.6,280.8926426189323,6.311219085433294,67,,
2018,6,29,13,0,12.1,31,36.3,8,101,20.0,92,122.55170536201392,0,1019.4,282.53185905256646,6.464061590632171,71,,
2018,6,29,14,0,11.9,43,33.4,8.1,90,40.0,12,124.02469406799274,0,1019.2,288.20794785115095,8.14539943248402,78,,
2018,6,29,15,0,11.7,54,7.8,8.1,29,44.0,7,81.34913423544705,0,1019.2,288.0959173594794,7.332659694949879,86,,
2018,6,29,16,0,11.4,64,0,8.1,1,13.0,0,15.944450860612232,0,1019.2,279.55342315019936,6.462180764118099,96,,
2018,6,29,17,0,11.1,73,0,8.1,0,0.0,0,0.0,0,1019.3,280.709031410483,7.172279151216892,107,,
2018,6,29,18,0,10.6,82,0,7.9,0,0.0,0,0.0,0,1019.2,279.15409010431074,7.229525998737398,118,,
2018,6,29,19,0,10.1,92,0,7.6,0,0.0,0,0.0,0,1019.1,275.2040245833298,8.050763129704873,129,,
2018,6,29,20,0,9.5,103,0,7.3,0,0.0,0,0.0,0,1018.9,278.6505286479686,8.362711303048478,140,,
2018,6,29,21,0,9.4,120,0,7.3,0,0.0,0,0.0,0,1018.7,295.83827674513753,8.530281099207931,151,,
2018,6,29,22,0,9.5,147,0,7.6,0,0.0,0,0.0,0,1018.4,290.4680504848018,8.80047025101413,159,,
2018,6,29,23,0,9.7,-174,0,8,0,0.0,0,0.0,0,1018.1,284.06545345528684,8.827149170137922,161,,
2018,6,30,0,0,9.8,-138,0,8.1,0,0.0,0,0.0,0,1017.9,285.1304484035145,10.765784197379062,157,,
2018,6,30,1,0,9.8,-114,0,8.1,0,0.0,0,0.0,0,1017.7,294.1283409154054,10.721639352186296,148,,
2018,6,30,2,0,9.8,-100,0,8.1,0,0.0,0,0.0,0,1017.6,297.64461565112026,11.28290020082244,137,,
2018,6,30,3,0,9.8,-89,0,8.1,0,0.0,0,0.0,0,1017.5,294.017511319263,10.712377967495495,126,,
2018,6,30,4,0,9.6,-80,0,8.1,0,0.0,0,0.0,0,1017.4,296.2962236307627,9.983039736822173,114,,
2018,6,30,5,0,9.5,-71,0,8.1,0,0.0,0,0.0,0,1017.4,294.9242246033339,9.711880065029932,104,,
2018,6,30,6,0,9.5,-61,0.5,8,2,0.0,0,0.0,0,1017.5,301.3124525835809,9.404752951205868,93,,
2018,6,30,7,0,9.5,-51,27.1,7.6,46,0.0,0,0.0,0,1017.6,311.6676811404721,8.574183745084662,84,,
2018,6,30,8,0,9.6,-40,55.2,7.3,86,5.0,0,16.15887457970945,0,1017.7,317.90949644443106,7.489172510827005,76,,
2018,6,30,9,0,10,-27,46.5,7.2,174,7.0,0,46.27492657115136,0,1017.5,335.9684675835289,5.513016383752362,70,,
2018,6,30,10,0,10.5,-13,42.5,7.3,220,16.0,0,89.89631682325474,0,1016.9,57.76806025166917,12.205934779857534,66,,
2018,6,30,11,0,11.1,2,46.9,7.4,214,81.0,0,189.74525976256427,0,1016.3,60.51076214041058,10.43149768964973,65,,
2018,6,30,12,0,11.3,17,58.3,7.4,153,155.0,2,247.2269868347772,0,1016,54.92633991807179,12.899795721806052,66,,
2018,6,30,13,0,11.3,31,28.2,7.5,100,189.0,94,247.9920633553567,0,1015.8,47.89772003272071,13.427338222139188,71,,
2018,6,30,14,0,11.2,43,5.5,7.5,61,103.0,98,163.79981787877438,0,1015.6,44.412371583760034,14.139426586308431,78,,
2018,6,30,15,0,10.8,54,1.5,7.5,19,100.0,26,105.18412631038616,0,1015.6,38.93781324247743,13.12309710922653,86,,
2018,6,30,16,0,10.3,64,0,7.5,1,21.0,0,19.166849328908416,0,1015.8,40.08002490225414,11.811600201764554,96,,
2018,6,30,17,0,9.8,73,0,7.5,0,0.0,0,0.0,0,1016,41.49248339617367,10.516679495530584,107,,
2018,6,30,18,0,9.3,82,0,7.4,0,0.0,0,0.0,0,1016.1,36.72039956494598,9.60008150726725,118,,
2018,6,30,19,0,8.7,92,0,7.1,0,0.0,0,0.0,0,1016.2,33.73494455603259,8.904389926686095,129,,
2018,6,30,20,0,8.1,103,0,6.9,0,0.0,0,0.0,0,1016.3,31.990354558041247,8.583550511007614,140,,
2018,6,30,21,0,8,120,0,6.9,0,0.0,0,0.0,0,1016.2,30.34605536850239,7.763651165244833,150,,
2018,6,30,22,0,8.3,147,0,7.1,0,0.0,0,0.0,0,1015.9,19.729308097280693,7.27988281839506,159,,
2018,6,30,23,0,8.6,-174,0,7.3,0,0.0,0,0.0,0,1015.7,12.666479479881048,7.582233931334776,161,,
2018,7,1,0,0,8.9,-138,0,7.4,0,0.0,0,0.0,0,1015.4,12.756965977318828,8.638280629822733,157,,
2018,7,1,1,0,9.1,-114,0,7.5,0,0.0,0,0.0,0,1014.9,5.420506226137604,9.130919358979526,148,,
2018,7,1,2,0,9.2,-100,0,7.6,0,0.0,0,0.0,0,1014.5,1.5060625515973811,8.843142758202724,137,,
2018,7,1,3,0,9.4,-89,0,7.6,0,0.0,0,0.0,0,1014.1,2.3699586732687976,8.3423407075242,126,,
2018,7,1,4,0,9.5,-80,0,7.6,0,0.0,0,0.0,0,1013.8,9.481714735780884,8.30090510376925,114,,
2018,7,1,5,0,9.6,-71,0,7.5,0,0.0,0,0.0,0,1013.5,15.617148839212971,8.265344788068813,104,,
2018,7,1,6,0,9.9,-61,0,7.4,1,0.0,1,0.0,0,1013.3,23.02867260904452,7.285679742653753,93,,
2018,7,1,7,0,10.2,-51,0.2,7.2,26,0.0,51,0.0,0,1013,32.434438842297425,6.013223956611896,84,,
2018,7,1,8,0,10.6,-40,9,7,88,23.0,92,27.735070034290107,0,1012.7,35.9677226048741,4.7757385064784375,76,,
2018,7,1,9,0,10.9,-27,21.6,7.1,168,48.0,74,88.75930733585344,0,1012,25.382251526309403,3.5226668384128064,69,,
2018,7,1,10,0,11.1,-13,42.6,7.5,192,84.0,22,155.75011256799368,0,1011,4.121370376322545,3.930329666603696,66,,
2018,7,1,11,0,11.3,2,34.8,7.8,207,125.0,52,216.07852481122444,0,1009.9,8.909817490539126,5.939590934200858,65,,
2018,7,1,12,0,11.4,17,64.3,8,108,186.0,29,259.83757496271096,0,1008.9,7.417784059301198,6.507093689823094,66,,
2018,7,1,13,0,11.5,31,61.2,7.9,99,311.0,0,295.5983277880735,0,1008,12.992499457337487,7.427701670644633,71,,
2018,7,1,14,0,11.5,43,52,7.9,80,126.0,0,174.6122431653675,0,1007,9.45095930276483,6.880996811008809,78,,
2018,7,1,15,0,11.6,54,52.2,7.9,20,84.0,0,97.78132136304193,0,1006.1,10.414789634296824,6.941759163853514,86,,
2018,7,1,16,0,11.7,64,18.3,8,1,45.0,0,25.84510035212617,0,1005.3,11.551175357528509,5.356038498013291,96,,
2018,7,1,17,0,11.9,73,0,8.2,0,0.0,0,0.0,0,1004.5,8.859407291537082,5.080635442086,106,,
2018,7,1,18,0,11.6,82,0,8.3,0,0.0,0,0.0,0,1003.8,13.665299879486838,5.258976539663215,118,,
2018,7,1,19,0,11,92,0,8.4,0,0.0,0,0.0,0,1003.2,25.46757376473721,5.546531569903866,129,,
2018,7,1,20,0,10.4,103,0,8.6,0,0.0,0,0.0,0,1002.6,25.349885299761866,4.484281113602074,140,,
2018,7,1,21,0,9.9,120,0,8.1,0,0.0,0,0.0,0,1002.4,13.397192205155022,3.312806888975356,150,,
2018,7,1,22,0,9.4,147,0,7.3,0,0.0,0,0.0,0,1002.6,355.08776697279546,3.1818528452910995,159,,
2018,7,1,23,0,9,-174,0,6.4,0,0.0,0,0.0,0,1002.8,347.316424600113,3.313524204836928,161,,
2018,7,2,0,0,8.6,-138,0,5.7,0,0.0,0,0.0,0,1003.1,343.7046224063652,3.2611334269821706,157,,
2018,7,2,1,0,8.2,-115,0,5.3,0,0.0,0,0.0,0,1003.3,326.14087612067044,4.016041485454855,148,,
2018,7,2,2,0,7.9,-100,0,4.8,0,0.0,0,0.0,0,1003.6,306.7472995124021,4.358554899675372,137,,
2018,7,2,3,0,7.5,-89,0,4.7,0,0.0,0,0.0,0,1004,291.5790138210173,5.220907285089935,126,,
2018,7,2,4,0,7.1,-80,0,4.7,0,0.0,0,0.0,0,1004.6,287.2494484868833,6.112317267028765,114,,
2018,7,2,5,0,6.7,-71,0,4.7,0,0.0,0,0.0,0,1005.1,292.6708819096644,6.369593871178561,104,,
2018,7,2,6,0,6.6,-62,0,4.6,1,0.0,0,0.0,0,1005.9,294.17926487962603,6.604308889965532,93,,
2018,7,2,7,0,6.9,-51,1.7,4.3,41,0.0,20,0.0,0,1006.7,291.49020069781506,6.810894085648807,84,,
2018,7,2,8,0,7.2,-40,1.7,4,75,15.0,109,23.483489134225795,0,1007.5,293.8735658487664,7.091616490369979,76,,
2018,7,2,9,0,7.6,-27,0.5,3.6,74,40.0,234,82.3175821451222,0,1008.2,288.576509797718,6.780774715133961,69,,
2018,7,2,10,0,8.1,-13,0.9,2.9,78,73.0,303,149.42437065562385,0,1008.8,276.3717873760973,7.186974319639566,66,,
2018,7,2,11,0,8.7,2,1.4,2.3,80,164.0,321,235.52518213054935,0,1009.4,278.1411148801669,8.263205803404736,64,,
2018,7,2,12,0,8.8,17,6.1,1.9,104,278.0,249,299.09801348304086,0,1010,276.28307456259427,8.978982630714894,66,,
2018,7,2,13,0,8.7,31,17.4,1.8,135,389.0,111,323.5524531240661,0,1010.8,285.67045974486365,9.357829690771894,71,,
2018,7,2,14,0,8.5,43,8,1.8,77,412.0,76,278.209528627417,0,1011.6,283.6773286174708,9.272965487492558,78,,
2018,7,2,15,0,8.2,54,0,1.7,17,226.0,32,145.2902150588898,0,1012.4,282.3506122219143,9.374422850327427,86,,
2018,7,2,16,0,7.8,64,0,1.5,1,28.0,0,21.29813112891926,0,1013.2,279.3001625247307,8.679024950040391,96,,
2018,7,2,17,0,7.4,73,0,1.4,0,0.0,0,0.0,0,1014,276.1181155233706,8.93836142983562,106,,
2018,7,2,18,0,7,82,0,1.4,0,0.0,0,0.0,0,1014.7,271.8703502457821,9.499934237026674,117,,
2018,7,2,19,0,6.6,92,0,1.6,0,0.0,0,0.0,0,1015.3,271.7927771843504,9.754774844016726,129,,
2018,7,2,20,0,6.3,103,0,1.8,0,0.0,0,0.0,0,1015.8,267.99364349610016,10.278762342502883,140,,
2018,7,2,21,0,6.4,120,0,1.8,0,0.0,0,0.0,0,1016.1,268.220609492769,10.29988854033152,150,,
2018,7,2,22,0,6.9,147,0,1.7,0,0.0,0,0.0,0,1016.1,271.04528268441834,9.876643575230862,159,,
2018,7,2,23,0,7.4,-174,0,1.5,0,0.0,0,0.0,0,1016.1,272.0725484143904,10.30166085241261,161,,
2018,7,3,0,0,7.7,-138,0,1.5,0,0.0,0,0.0,0,1016,278.1243480326414,10.313470101243864,157,,
2018,7,3,1,0,7.8,-115,0,1.6,0,0.0,0,0.0,0,1015.9,287.22374370548425,10.42757798767284,148,,
2018,7,3,2,0,7.8,-100,0,1.7,0,0.0,0,0.0,0,1015.7,279.1444612654517,10.635164652362706,137,,
2018,7,3,3,0,7.9,-89,0,1.8,0,0.0,0,0.0,0,1015.6,292.51560324384184,10.733172067485588,126,,
2018,7,3,4,0,7.9,-80,0,1.8,0,0.0,0,0.0,0,1015.6,286.90679294680297,10.754874280432414,114,,
2018,7,3,5,0,7.9,-71,0,1.9,0,0.0,0,0.0,0,1015.6,293.09081272450663,10.957983599123454,104,,
2018,7,3,6,0,8,-62,0.3,2.3,2,0.0,0,0.0,0,1015.6,297.4083963666823,10.644858510997429,93,,
2018,7,3,7,0,8.2,-52,18.6,2.9,55,0.0,1,0.0,0,1015.6,295.17023739408035,10.051854781614528,84,,
2018,7,3,8,0,8.4,-40,54,3.6,80,4.0,3,13.130379512229254,0,1015.7,295.87593975610866,10.666859424173122,76,,
2018,7,3,9,0,8.9,-27,31.1,3.8,110,5.0,120,36.91747395840784,0,1015.3,294.2510921064005,10.408496150328192,69,,
2018,7,3,10,0,9.5,-13,17.6,3.5,180,8.0,134,75.4633804943445,0,1014.7,296.7639635860326,10.692902200758908,65,,
2018,7,3,11,0,10.1,2,15.7,3.3,172,15.0,168,115.91556067811048,0,1014,301.4675254251116,10.900420888268531,64,,
2018,7,3,12,0,10.4,17,36.7,3.2,163,15.0,76,121.55054825681968,0,1013.4,309.8644530231932,11.315108944182564,66,,
2018,7,3,13,0,10.3,31,19.5,3.4,101,24.0,121,133.36744798551393,0,1012.8,317.25177504790565,11.34024646607672,71,,
2018,7,3,14,0,10.2,43,3,3.5,52,12.0,116,82.56623179431108,0,1012.2,314.93545625486445,10.880577972558529,78,,
2018,7,3,15,0,10.2,54,34.8,3.7,18,9.0,27,47.57325227423025,0,1011.9,316.35244304528254,10.188732227740037,86,,
2018,7,3,16,0,10.1,64,65.7,3.8,1,6.0,0,11.929849703335773,0,1011.8,307.1913910757046,9.198094017778605,96,,
2018,7,3,17,0,10.1,73,71.1,4,0,0.0,0,0.0,0,1011.6,309.2127127510529,9.00870200510527,106,,
2018,7,3,18,0,10,82,69.5,4.3,0,0.0,0,0.0,0,1011.3,305.2945415631791,8.27309766797315,117,,
2018,7,3,19,0,9.9,92,84.3,4.8,0,0.0,0,0.0,0,1010.7,304.4288016261291,7.862066172198074,129,,
2018,7,3,20,0,9.9,103,92.9,5.4,0,0.0,0,0.0,0,1010,308.1412088764332,9.221264011459803,140,,
2018,7,3,21,0,10,120,92.5,5.9,0,0.0,0,0.0,0,1009.4,301.0586997393245,6.721112470236052,150,,
2018,7,3,22,0,10.4,147,65.9,6.3,0,0.0,0,0.0,0,1008.8,275.9902616141602,6.44510465344618,158,,
2018,7,3,23,0,10.7,-174,51,6.8,0,0.0,0,0.0,0,1008.1,267.41357770713705,7.752770859157777,161,,
2018,7,4,0,0,10.9,-138,51,7.4,0,0.0,0,0.0,0,1007.6,267.8949857531975,9.04614355329059,157,,
2018,7,4,1,0,11,-115,51.1,8,0,0.0,0,0.0,0,1007.2,257.42952543427566,10.268609308450335,148,,
2018,7,4,2,0,11,-100,48.8,8.6,0,0.0,0,0.0,0,1006.8,263.54686685167326,9.875067227774554,137,,
2018,7,4,3,0,11,-89,48.3,9.1,0,0.0,0,0.0,0,1006.6,258.5553031475735,10.544623025728088,126,,
2018,7,4,4,0,11,-80,51,9.4,0,0.0,0,0.0,0,1006.6,258.95851268191984,11.016427702098673,114,,
2018,7,4,5,0,11,-71,59,9.8,0,0.0,0,0.0,0,1006.6,260.32354798781824,11.942369406618758,104,,
2018,7,4,6,0,11.2,-62,56.1,10.1,1,0.0,0,0.0,0,1006.6,268.689686996166,11.252942537556802,93,,
2018,7,4,7,0,11.4,-52,59.5,10.4,27,0.0,0,1.0,0,1006.7,266.91151267181993,12.062442374215316,84,,
2018,7,4,8,0,11.7,-40,73.2,10.6,49,42.0,0,36.3879840109111,0,1006.7,267.41523070466394,12.137348621575503,76,,
2018,7,4,9,0,11.8,-27,59.1,10.7,132,60.0,0,100.0491067250338,0,1006.7,273.48048580210616,11.288399206296718,69,,
2018,7,4,10,0,11.7,-13,56.3,10.5,161,202.0,0,209.37099138962756,0,1006.6,279.73196610311663,11.581707792606164,65,,
2018,7,4,11,0,11.6,2,73.2,10.3,104,262.0,0,278.5951636761127,0,1006.5,295.68602828966243,12.447563360565916,64,,
2018,7,4,12,0,11.5,17,68.2,10,112,275.0,0,302.42433983389185,0,1006.5,299.0729065356094,12.47125419767274,66,,
2018,7,4,13,0,11.2,31,64.3,9.8,100,115.0,0,212.83277015145035,0,1006.6,297.17023866511977,12.187359505846173,71,,
2018,7,4,14,0,11,43,39.6,9.5,82,39.0,5,120.89736537692168,0,1006.8,299.70195610271725,11.115435212203938,78,,
2018,7,4,15,0,10.7,54,67.9,9.1,30,8.0,3,41.29960376638426,0,1007,312.478945388854,10.965589421177324,86,,
2018,7,4,16,0,10.5,64,92.8,8.7,0,2.0,0,7.3130453144224274,0,1007.4,308.20418250969885,10.457376485091055,96,,
2018,7,4,17,0,10.3,73,93,8.3,0,0.0,0,0.0,0,1007.7,305.6637220791528,10.449825233613383,106,,
2018,7,4,18,0,10.1,82,93.1,8.1,0,0.0,0,0.0,0,1007.8,303.05862854335794,10.678694976808668,117,,
2018,7,4,19,0,9.9,92,96.2,7.9,0,0.0,0,0.0,0,1007.6,305.7740335720121,11.67518232078652,129,,
2018,7,4,20,0,9.8,103,95.4,7.8,0,0.0,0,0.0,0,1007.3,305.4819465166786,11.758528011514128,140,,
2018,7,4,21,0,9.8,120,93.9,8,0,0.0,0,0.0,0,1007,302.71918189483694,11.57689818293188,150,,
2018,7,4,22,0,9.8,147,96.5,8.5,0,0.0,0,0.0,0,1006.7,303.9138341895275,11.408344298620554,158,,
2018,7,4,23,0,9.9,-174,98,9,0,0.0,0,0.0,0,1006.4,305.0886880740154,11.368579144842872,161,,
2018,7,5,0,0,9.9,-138,98.5,9.3,0,0.0,0,0.0,0,1006.1,309.0662742006445,11.38888451213029,157,,
2018,7,5,1,0,9.9,-115,98.4,9.4,0,0.0,0,0.0,0,1005.8,320.7977556792053,11.043230472643724,148,,
2018,7,5,2,0,10,-100,98.1,9.5,0,0.0,0,0.0,0,1005.5,319.7828463740107,10.008578542891794,137,,
2018,7,5,3,0,10,-89,98,9.6,0,0.0,0,0.0,0,1005.4,321.76504673081246,8.854563663034728,126,,
2018,7,5,4,0,10.1,-80,98,9.6,0,0.0,0,0.0,0,1005.3,321.8316646202488,7.921076882992764,114,,
2018,7,5,5,0,10.2,-71,98,9.7,0,0.0,0,0.0,0,1005.3,318.53279015720506,6.886315916573047,104,,
2018,7,5,6,0,10.5,-62,95.8,9.9,0,0.0,0,0.0,0,1005.3,300.3358263124518,5.5932162685537445,93,,
2018,7,5,7,0,11,-52,80.9,10.2,20,0.0,0,1.0,0,1005.3,286.73009529466106,5.254903280391648,84,,
2018,7,5,8,0,11.5,-40,88.9,10.5,17,22.0,0,28.73899225294571,0,1005.2,275.0467127475188,5.76992681305648,76,,
2018,7,5,9,0,11.8,-28,83.6,10.8,56,45.0,0,88.32099120555874,0,1005,267.2894840027427,8.719716449210042,69,,
2018,7,5,10,0,12,-13,78.9,11,78,4.0,0,58.23886984602432,0,1004.5,259.69095448873264,8.044909668700388,65,,
2018,7,5,11,0,12.1,2,84.4,11.2,61,10.0,0,106.96538078202929,0,1004,269.0877239233958,10.043753573637195,64,,
2018,7,5,12,0,12.1,17,87.5,11.2,45,2.0,0,54.87842824338139,0,1003.7,285.24533226267647,11.533313122127074,66,,
2018,7,5,13,0,12.1,31,88,11.1,33,4.0,0,70.73911807135097,0,1003.4,277.3482053700924,10.82892618339173,71,,
2018,7,5,14,0,12,43,81.8,11.1,27,3.0,0,46.150624100305805,0,1003.1,277.88197528313304,12.08659839857463,77,,
2018,7,5,15,0,12,54,89.8,11,10,2.0,0,26.5781384955167,0,1003,278.587574177816,12.80863943786942,86,,
2018,7,5,16,0,12,64,93.6,11,0,1.0,0,6.1581463585911465,0,1003,268.45588799244166,13.544957574138614,96,,
2018,7,5,17,0,12,73,95.9,10.9,0,0.0,0,0.0,0,1003.1,268.2994027336658,14.9890237782874,106,,
2018,7,5,18,0,12,82,95.6,10.9,0,0.0,0,0.0,0,1003.2,260.7566367519792,16.699262140228832,117,,
2018,7,5,19,0,11.9,92,87,10.8,0,0.0,0,0.0,0,1003.4,262.9564168385939,16.55486854861075,128,,
2018,7,5,20,0,11.8,103,83,10.8,0,0.0,0,0.0,0,1003.5,274.7428891159413,17.296776935812858,140,,
2018,7,5,21,0,11.6,120,82.7,10.7,0,0.0,0,0.0,0,1003.5,281.096656265579,15.782622349432668,150,,
2018,7,5,22,0,11.5,146,67.1,10.6,0,0.0,0,0.0,0,1003.3,289.9066047295841,16.04358292586651,158,,
2018,7,5,23,0,11.3,-174,58.6,10.5,0,0.0,0,0.0,0,1003.1,300.1199398464594,16.376206273500326,161,,
2018,7,6,0,0,11.2,-139,74.3,10.4,0,0.0,0,0.0,0,1003,310.82821656841816,15.79275122489646,157,,
2018,7,6,1,0,11.2,-115,83.1,10.5,0,0.0,0,0.0,0,1002.8,318.5981991740383,15.6048923371655,148,,
2018,7,6,2,0,11.2,-100,83.1,10.5,0,0.0,0,0.0,0,1002.7,335.8897013672853,13.500529766726114,137,,
2018,7,6,3,0,11.1,-90,82.6,10.5,0,0.0,0,0.0,0,1002.6,343.438266804436,14.225421600010582,126,,
2018,7,6,4,0,10.9,-80,64.3,10.4,0,0.0,0,0.0,0,1002.7,347.3834423839148,13.780502309865922,114,,
2018,7,6,5,0,10.8,-71,67.6,10.4,0,0.0,0,0.0,0,1002.7,347.4892413224938,13.029598115375869,103,,
2018,7,6,6,0,10.8,-62,79.3,10.3,1,0.0,1,0.0,0,1003,346.44808397782515,12.482800087162788,93,,
2018,7,6,7,0,10.9,-52,34.6,10.3,37,0.0,30,0.0,0,1003.4,344.0454253868114,12.76946878169975,84,,
2018,7,6,8,0,10.9,-40,54.9,10.2,50,3.0,17,15.102676999304173,0,1003.8,347.66024322165754,13.394654819366869,76,,
2018,7,6,9,0,10.7,-28,70.4,9.8,94,13.0,0,65.41504299669425,0,1003.9,355.5878795716104,14.395199225777214,69,,
2018,7,6,10,0,10.4,-13,49.1,9.1,193,48.0,0,139.91710895788452,0,1003.9,357.7713102564572,12.85738196983212,65,,
2018,7,6,11,0,9.9,2,47.7,8.4,205,92.0,0,206.595795984708,0,1003.9,355.6544381595068,15.968513787495214,64,,
2018,7,6,12,0,9.7,17,37.2,8.1,207,38.0,19,166.74374559322254,0,1004,356.28325710685465,17.083538919661702,66,,
2018,7,6,13,0,9.7,31,30.9,8,185,37.0,13,154.14418444287278,0,1004.2,349.8885018845209,17.471564214647966,71,,
2018,7,6,14,0,9.6,43,37,8,108,110.0,1,176.371014583052,0,1004.5,351.36700350747424,17.103942203636404,77,,
2018,7,6,15,0,9.5,54,52.8,7.6,29,31.0,0,74.01392676600724,0,1005,352.55207745697174,15.775676082868271,86,,
2018,7,6,16,0,9.3,64,24.4,6.9,1,6.0,0,12.959067468864916,0,1005.7,352.5490884378258,15.46062257512489,96,,
2018,7,6,17,0,9.1,73,4.2,6.3,0,0.0,0,0.0,0,1006.5,350.6744680028739,14.441103469031267,106,,
2018,7,6,18,0,8.5,82,9.7,5.5,0,0.0,0,0.0,0,1007.3,345.1918110879856,14.046610016068495,117,,
2018,7,6,19,0,7.8,92,37.2,4.6,0,0.0,0,0.0,0,1008.1,335.0368447135969,13.162242152286863,128,,
2018,7,6,20,0,7,104,51,3.7,0,0.0,0,0.0,0,1008.9,328.73617443136186,13.647011215634285,140,,
2018,7,6,21,0,6.8,120,50.4,3.3,0,0.0,0,0.0,0,1009.4,323.0071252163343,13.922590663338662,150,,
2018,7,6,22,0,7,146,18.1,3.3,0,0.0,0,0.0,0,1009.8,314.4803538542031,13.819188815723315,158,,
2018,7,6,23,0,7.3,-175,0,3.2,0,0.0,0,0.0,0,1010.2,305.9296294713988,14.85668800881446,161,,
2018,7,7,0,0,7.3,-139,0,3,0,0.0,0,0.0,0,1010.6,313.67178436723543,16.310306131155087,156,,
2018,7,7,1,0,7,-115,0,2.5,0,0.0,0,0.0,0,1011.1,315.5008352869876,15.997175749723592,148,,
2018,7,7,2,0,6.7,-101,0,2,0,0.0,0,0.0,0,1011.6,331.33727467768193,13.285775039829858,137,,
2018,7,7,3,0,6.4,-90,0,1.8,0,0.0,0,0.0,0,1012.1,331.3030911181698,12.500498201455631,126,,
2018,7,7,4,0,6.1,-80,0,1.6,0,0.0,0,0.0,0,1012.7,328.09318650862326,11.432414951687974,114,,
2018,7,7,5,0,5.8,-71,0,1.5,0,0.0,0,0.0,0,1013.3,339.0167060388063,10.150944312802997,103,,
2018,7,7,6,0,5.9,-62,0,1.7,2,0.0,2,0.0,0,1013.8,1.3111155449459488,9.400166144069471,93,,
2018,7,7,7,0,6.2,-52,1.7,2.2,25,0.0,59,1.0,0,1014.4,13.906688506106548,8.903555295085384,84,,
2018,7,7,8,0,6.6,-41,1.8,2.6,46,5.0,169,17.17476680524344,0,1014.9,32.08031412452283,10.388816231493642,75,,
2018,7,7,9,0,7.3,-28,1.5,2.9,57,4.0,268,33.74694772580974,0,1015,44.43539215935528,14.365530315698717,69,,
2018,7,7,10,0,8.1,-13,1.7,3,66,80.0,328,157.95472971507832,0,1015,49.12283441896125,15.73500223623732,65,,
2018,7,7,11,0,8.9,2,1.7,3.1,67,104.0,347,208.5093121263155,0,1014.9,46.90981863723857,18.30120228514109,64,,
2018,7,7,12,0,9.2,17,0.6,3.2,55,73.0,330,198.2760943380206,0,1015,47.55219648550286,18.298656673322395,66,,
2018,7,7,13,0,9.2,31,0,3.4,46,59.0,260,172.84062839159253,0,1015.1,47.21246469975444,17.261024780550024,70,,
2018,7,7,14,0,9.1,43,2.1,3.6,42,61.0,140,140.60282285921997,0,1015.3,42.71677236527125,17.3503201661265,77,,
2018,7,7,15,0,8.6,54,1.1,3.6,19,128.0,36,119.44727722293636,0,1015.6,40.179798316287645,16.832082265412275,86,,
2018,7,7,16,0,7.9,64,0,3.4,2,76.0,1,35.28280583463879,0,1016,32.20451709062979,17.520452613375774,95,,
2018,7,7,17,0,7.1,73,0,3.3,0,0.0,0,0.0,0,1016.4,30.3784648813006,15.735355617494498,106,,
2018,7,7,18,0,6.4,82,0,3.1,0,0.0,0,0.0,0,1016.8,22.78498244138683,14.41491112007159,117,,
2018,7,7,19,0,5.6,92,0,2.7,0,0.0,0,0.0,0,1017,15.15943996539238,15.028076078668848,128,,
2018,7,7,20,0,4.9,104,0,2.4,0,0.0,0,0.0,0,1017.2,10.57537014914834,16.182586861422525,139,,
2018,7,7,21,0,4.9,120,0,2.3,0,0.0,0,0.0,0,1017.3,9.207740524168685,16.4673139499783,150,,
2018,7,7,22,0,5.4,147,0,2.3,0,0.0,0,0.0,0,1017.3,14.62778772869143,18.21541993606068,158,,
2018,7,7,23,0,5.9,-175,0,2.3,0,0.0,0,0.0,0,1017.3,24.59229361861037,18.027846367174394,161,,
2018,7,8,0,0,6.3,-139,0,2.3,0,0.0,0,0.0,0,1017.3,35.27663291651737,16.600851642424033,156,,
2018,7,8,1,0,6.4,-116,0,2.4,0,0.0,0,0.0,0,1017.3,33.799316686513066,15.944815705039666,148,,
2018,7,8,2,0,6.6,-101,0,2.4,0,0.0,0,0.0,0,1017.3,32.89790139261089,15.902699838773074,137,,
2018,7,8,3,0,6.8,-90,0,2.5,0,0.0,0,0.0,0,1017.3,33.38350955946731,16.338294351335648,126,,
2018,7,8,4,0,7,-80,0,2.7,0,0.0,0,0.0,0,1017.4,31.49483393838352,16.92603802568732,114,,
2018,7,8,5,0,7.2,-71,0,2.9,0,0.0,0,0.0,0,1017.5,32.62708995139184,16.516210269572717,103,,
2018,7,8,6,0,7.5,-62,0.7,3.3,2,0.0,0,0.0,0,1017.7,30.823539231832967,16.681176371535184,93,,
2018,7,8,7,0,8,-52,34,3.9,40,1.0,0,1.0,0,1018,32.55276510912023,16.624170228858727,84,,
2018,7,8,8,0,8.4,-41,70.8,4.5,54,26.0,0,30.93013382745864,0,1018.3,34.76536632340702,17.589842994345982,75,,
2018,7,8,9,0,9,-28,59.1,4.9,137,53.0,4,93.95362404601,0,1018.2,39.53189165640941,17.623558557018335,69,,
2018,7,8,10,0,9.7,-13,17.7,5.2,115,142.0,216,184.47445095940813,0,1017.8,43.25618746065061,19.288295803229133,65,,
2018,7,8,11,0,10.3,2,1.6,5.4,77,348.0,331,304.40197040465523,0,1017.4,45.12252422747122,20.5857277629671,64,,
2018,7,8,12,0,10.6,17,2,5.7,79,257.0,294,292.0446517314127,0,1017.1,45.12628056106411,21.618254113775528,66,,
2018,7,8,13,0,10.5,31,5.5,6,89,366.0,194,317.9378327808626,0,1016.9,44.736759501231234,21.94367470474385,70,,
2018,7,8,14,0,10.5,43,4.7,6.3,66,280.0,103,238.85323913898625,0,1016.7,47.636553197875344,22.1720023954682,77,,
2018,7,8,15,0,10.2,54,1.2,6.4,23,139.0,29,121.92478878667116,0,1016.7,48.84723291429788,21.787452649225376,86,,
2018,7,8,16,0,9.7,64,0,6.5,3,62.0,1,32.13444561366062,0,1016.8,50.17159578017328,19.688203832367343,95,,
2018,7,8,17,0,9.3,73,0,6.5,0,0.0,0,0.0,0,1016.9,52.67441936468924,18.49223523119692,106,,
2018,7,8,18,0,8.9,82,0,6.5,0,0.0,0,0.0,0,1017.1,53.45582548573981,16.90330048813986,117,,
2018,7,8,19,0,8.6,92,0,6.4,0,0.0,0,0.0,0,1017.2,51.53806873970137,15.47833811179818,128,,
2018,7,8,20,0,8.3,104,0,6.3,0,0.0,0,0.0,0,1017.3,51.76755773471484,14.44597916124669,139,,
2018,7,8,21,0,8.4,120,0,6.5,0,0.0,0,0.0,0,1017.3,51.85239948990869,13.79337095432066,150,,
2018,7,8,22,0,8.7,147,0,6.7,0,0.0,0,0.0,0,1017.2,51.87083756571235,13.017694730014638,158,,
2018,7,8,23,0,9,-175,0,7,0,0.0,0,0.0,0,1017,51.910058404352014,11.7115906119104,161,,
2018,7,9,0,0,9.2,-139,0,7.2,0,0.0,0,0.0,0,1016.8,52.26324474058458,11.396177327940167,156,,
2018,7,9,1,0,9.3,-116,0,7.4,0,0.0,0,0.0,0,1016.7,48.73743604532035,10.765705603863916,148,,
2018,7,9,2,0,9.4,-101,0,7.5,0,0.0,0,0.0,0,1016.6,50.70466107222831,10.618448217682886,137,,
2018,7,9,3,0,9.5,-90,0,7.6,0,0.0,0,0.0,0,1016.5,54.788545965597166,10.293276553102904,126,,
2018,7,9,4,0,9.5,-80,0,7.7,0,0.0,0,0.0,0,1016.4,52.38881131783319,10.171261433438724,114,,
2018,7,9,5,0,9.6,-71,0,7.8,0,0.0,0,0.0,0,1016.3,48.87185732403054,10.862897071231524,103,,
2018,7,9,6,0,9.8,-62,0.6,8.1,2,0.0,0,0.0,0,1016.3,50.7182349521762,10.432190729695003,93,,
2018,7,9,7,0,10.2,-52,33.2,8.4,40,1.0,0,1.0,0,1016.3,45.58863152738434,11.174637718323424,84,,
2018,7,9,8,0,10.6,-41,51.5,8.8,102,49.0,0,36.79777900520824,0,1016.4,49.1351604159309,11.180192926632538,75,,
2018,7,9,9,0,10.9,-28,48.2,9.1,168,57.0,0,92.77154604703728,0,1016,48.93276584848803,10.87614377079846,69,,
2018,7,9,10,0,11.1,-13,44.3,9.2,218,75.0,0,161.59286707872178,0,1015.3,51.04621217855606,10.589376252822788,65,,
2018,7,9,11,0,11.2,2,45.1,9.3,225,94.0,0,209.80087437604712,0,1014.6,55.4732694971816,12.107730987684027,64,,
2018,7,9,12,0,11.2,17,42.3,9.4,217,109.0,0,233.55620092662724,0,1014,61.25462825563847,11.493827433115262,66,,
2018,7,9,13,0,11.1,31,51.6,9.3,148,87.0,0,203.41576359778256,0,1013.4,60.96470162773164,11.260134714897756,70,,
2018,7,9,14,0,11,43,41.5,9.2,98,47.0,0,134.36195539995097,0,1012.9,59.81286881091916,10.620154594267817,77,,
2018,7,9,15,0,10.9,54,44.1,9.1,36,18.0,0,62.33463585078146,0,1012.5,57.68496149820942,10.22325434554944,86,,
2018,7,9,16,0,10.8,64,50.9,9,2,7.0,0,14.157603787686018,0,1012.4,58.57324246840386,9.445668345548592,95,,
2018,7,9,17,0,10.7,74,51.8,8.9,0,0.0,0,0.0,0,1012.2,60.05527368215456,8.53428362961938,106,,
2018,7,9,18,0,10.6,83,53.6,8.8,0,0.0,0,0.0,0,1011.9,63.67912072880301,7.583592961044954,117,,
2018,7,9,19,0,10.5,92,61.5,8.8,0,0.0,0,0.0,0,1011.6,43.57756368527413,9.110259842469697,128,,
2018,7,9,20,0,10.5,104,65.7,8.8,0,0.0,0,0.0,0,1011.2,45.932883895079215,7.81460026166549,139,,
2018,7,9,21,0,10.5,120,66.8,8.8,0,0.0,0,0.0,0,1010.7,46.8129054987744,7.093953570835324,150,,
2018,7,9,22,0,10.5,147,57,8.8,0,0.0,0,0.0,0,1010,42.69302920957705,7.200682141024564,158,,
2018,7,9,23,0,10.6,-175,51.2,8.8,0,0.0,0,0.0,0,1009.3,46.00145508779099,7.072148071087454,161,,
2018,7,10,0,0,10.6,-139,51.1,8.7,0,0.0,0,0.0,0,1008.7,50.87270577822403,5.804015869058463,156,,
2018,7,10,1,0,10.6,-116,51,8.6,0,0.0,0,0.0,0,1008.1,38.69405557787343,5.230678106880043,147,,
2018,7,10,2,0,10.6,-101,51.5,8.4,0,0.0,0,0.0,0,1007.6,34.70436876061456,4.896172475904716,137,,
2018,7,10,3,0,10.5,-90,50.9,8.3,0,0.0,0,0.0,0,1007,24.86374464348012,6.4393952042830005,126,,
2018,7,10,4,0,10.3,-81,18.2,8.1,0,0.0,0,0.0,0,1006.5,27.580322277589573,6.938359147218616,114,,
2018,7,10,5,0,10.2,-72,0,8,0,0.0,0,0.0,0,1006,29.86184213306484,6.200720063818796,103,,
2018,7,10,6,0,10.3,-62,0.5,8,3,0.0,0,0.0,0,1005.6,28.07446926340066,5.811207494286923,93,,
2018,7,10,7,0,10.5,-52,24.2,8.1,48,1.0,0,1.0,0,1005.2,21.83623415663385,5.370431671951304,83,,
2018,7,10,8,0,10.9,-41,54.9,8.2,82,16.0,0,28.60318269881839,0,1004.9,9.79998496115769,4.597110595993394,75,,
2018,7,10,9,0,11,-28,69.3,8.5,94,19.0,0,70.61470569089774,0,1004.2,356.44389842722006,4.95950047262747,69,,
2018,7,10,10,0,11.1,-14,65.8,9,132,18.0,0,106.68885276795989,0,1003.2,343.71718114139435,4.948486713565806,65,,
2018,7,10,11,0,11.1,2,54.5,9.5,183,16.0,0,124.46075423986044,0,1002.3,357.0498628321646,7.627784861443807,64,,
2018,7,10,12,0,11.1,17,69.8,9.6,115,23.0,0,149.28757954636305,0,1001.4,5.422645464707216,9.07307551354776,66,,
2018,7,10,13,0,11,31,60.4,9.3,107,37.0,1,161.40929980878894,0,1000.6,5.936949448470728,9.063751778803,70,,
2018,7,10,14,0,10.9,43,21.8,9.1,86,18.0,40,101.06833375650334,0,999.8,6.1786033928219695,8.919241498170305,77,,
2018,7,10,15,0,10.8,55,4.7,8.9,28,15.0,23,61.47589018177313,0,999.3,4.167428769484047,8.600376542852544,85,,
2018,7,10,16,0,10.8,64,1.3,8.7,3,3.0,0,10.502062017664503,0,998.9,1.33549432114512,8.044909905788023,95,,
2018,7,10,17,0,10.7,74,0,8.6,0,0.0,0,0.0,0,998.6,356.2586703249506,7.393197722780751,106,,
2018,7,10,18,0,10.7,83,1.2,8.6,0,0.0,0,0.0,0,998.2,356.5729212950697,6.7346999981693285,117,,
2018,7,10,19,0,10.7,92,63.3,8.7,0,0.0,0,0.0,0,997.8,346.49767461222444,7.345607445562077,128,,
2018,7,10,20,0,10.7,104,98,8.8,0,0.0,0,0.0,0,997.4,344.9908333902066,7.741650051705469,139,,
2018,7,10,21,0,10.7,120,97.8,9,0,0.0,0,0.0,0,997,346.5790019029401,7.389295143825865,150,,
2018,7,10,22,0,10.6,147,88.3,9.1,0,0.0,0,0.0,0,996.4,339.72466988781986,7.062872218560636,158,,
2018,7,10,23,0,10.6,-175,83,9.3,0,0.0,0,0.0,0,995.9,335.4982989721744,6.956519993240524,160,,
2018,7,11,0,0,10.5,-140,83.7,9.2,0,0.0,0,0.0,0,995.5,325.7046181447542,6.300451171894375,156,,
2018,7,11,1,0,10.4,-116,83.4,9.1,0,0.0,0,0.0,0,995.2,319.42428453264006,5.7535831285585886,147,,
2018,7,11,2,0,10.4,-101,83,8.9,0,0.0,0,0.0,0,994.9,315.6030911943805,5.559969599738476,137,,
2018,7,11,3,0,10.4,-90,83,8.8,0,0.0,0,0.0,0,994.5,308.6105054707772,5.893197734803445,126,,
2018,7,11,4,0,10.3,-81,82.9,8.7,0,0.0,0,0.0,0,994.2,296.565051177078,6.546067167529292,114,,
2018,7,11,5,0,10.3,-72,76.4,8.6,0,0.0,0,0.0,0,993.9,293.79914679169207,7.1996168915495815,103,,
2018,7,11,6,0,10.4,-62,65.9,8.7,1,0.0,0,0.0,0,993.8,298.7006387558337,6.486919023522636,93,,
2018,7,11,7,0,10.5,-52,65.4,8.8,26,0.0,0,0.0,0,994,284.141461816987,4.707603103280468,83,,
2018,7,11,8,0,10.7,-41,70.5,9,58,5.0,0,19.194017668181424,0,994.1,275.43264431282086,4.2265042073571735,75,,
2018,7,11,9,0,10.6,-28,74.6,9.1,77,27.0,0,83.17383686294791,0,994,249.79231551579463,4.464762242224855,69,,
2018,7,11,10,0,10.5,-14,47.9,9,194,96.0,5,169.492226013501,0,993.6,237.821652467206,4.740639561207687,65,,
2018,7,11,11,0,10.4,2,64.7,9,135,137.0,3,230.5617461216658,0,993.2,237.51169188194945,5.892073971654344,64,,
2018,7,11,12,0,10.1,17,62.6,8.8,131,98.0,0,220.0217471529924,0,993,233.35817988624305,5.82646217863384,65,,
2018,7,11,13,0,9.7,31,60,8.3,116,79.0,0,192.1962339750093,0,993,220.60851741946828,6.091821463175394,70,,
2018,7,11,14,0,9.3,44,59.8,7.9,66,95.0,0,166.50374075556545,0,993,222.13972575835984,5.562966659344501,77,,
2018,7,11,15,0,8.8,55,75.4,7.4,21,125.0,0,121.56169809063108,0,993.3,218.52855669798765,5.991963726774263,85,,
2018,7,11,16,0,8.2,64,56.7,6.8,1,45.0,0,30.6231605225794,0,993.7,210.6952949182346,5.093513647107432,95,,
2018,7,11,17,0,7.6,74,64.1,6.1,0,0.0,0,0.0,0,994.2,201.9494239744277,4.808509782542991,106,,
2018,7,11,18,0,7.3,83,76.5,5.8,0,0.0,0,0.0,0,994.6,192.7538706876341,5.413346440025531,117,,
2018,7,11,19,0,7,92,82.5,5.7,0,0.0,0,0.0,0,994.9,188.92466548563212,5.397870620576295,128,,
2018,7,11,20,0,6.8,104,86.5,5.7,0,0.0,0,0.0,0,995.2,186.87031131104547,5.24518277914385,139,,
2018,7,11,21,0,6.9,120,90.5,5.7,0,0.0,0,0.0,0,995.4,186.6678466272552,4.865429458167948,149,,
2018,7,11,22,0,7.2,147,86.8,5.9,0,0.0,0,0.0,0,995.5,198.89223460861328,4.362707887576678,158,,
2018,7,11,23,0,7.5,-175,83.3,6.1,0,0.0,0,0.0,0,995.6,201.74127119112487,4.535257514131921,160,,
2018,7,12,0,0,7.7,-140,83.5,6.4,0,0.0,0,0.0,0,995.7,199.72141508894708,4.607926803935535,156,,
2018,7,12,1,0,7.9,-116,89.5,6.7,0,0.0,0,0.0,0,995.9,191.72759843661177,5.300591152664678,147,,
2018,7,12,2,0,8.1,-101,92.8,7,0,0.0,0,0.0,0,996.1,183.8979828715664,5.810805576239385,137,,
2018,7,12,3,0,8.2,-90,92.6,7.2,0,0.0,0,0.0,0,996.4,181.8109920694904,6.01032628124202,126,,
2018,7,12,4,0,8.3,-81,78.2,7.4,0,0.0,0,0.0,0,996.7,185.6701846904228,5.717918502309556,114,,
2018,7,12,5,0,8.3,-72,80.1,7.6,0,0.0,0,0.0,0,997,188.4705107275106,5.108211589029396,103,,
2018,7,12,6,0,8.6,-63,91.2,7.8,1,0.0,1,0.0,0,997.1,180.50369759703585,5.387659362816851,93,,
2018,7,12,7,0,8.9,-52,40.9,7.9,43,4.0,29,2.0000000000000004,0,997,168.55155542130296,5.050436157096846,83,,
2018,7,12,8,0,9.3,-41,4.5,8,65,106.0,134,48.24038761442249,0,997,171.17679618041234,5.231833595391845,75,,
2018,7,12,9,0,9.8,-28,32.4,8.1,134,205.0,67,143.5859165912746,0,996.9,180.89334107981892,4.650711772649017,69,,
2018,7,12,10,0,10.3,-14,49.8,8.3,191,598.0,2,306.9479645152686,0,996.8,175.28383446776434,4.379819300094306,65,,
2018,7,12,11,0,10.9,2,27.9,8.5,192,620.0,104,385.60368336100095,0,996.7,171.56268461403522,3.219660898591345,63,,
2018,7,12,12,0,11.2,17,13.4,8.6,159,621.0,171,417.2045544793692,0,996.8,176.50572556246811,2.339309962655525,65,,
2018,7,12,13,0,11.5,31,14.3,8.6,133,599.0,128,398.1371958512645,0,997,180.0,1.25,70,,
2018,7,12,14,0,11.7,44,19.6,8.7,101,525.0,52,319.3995888204247,0,997.3,149.96671956400485,0.7941230678165563,77,,
2018,7,12,15,0,11.6,55,16.9,8.6,39,376.0,9,191.8039347293916,0,997.6,84.15924919775023,1.005218509102082,85,,
2018,7,12,16,0,11.3,65,5.1,8.5,4,131.0,0,48.469033383388734,0,998,57.18074226476233,1.9603657287833764,95,,
2018,7,12,17,0,10.9,74,0,8.4,0,0.0,0,0.0,0,998.3,50.96490983550126,4.168014804975333,105,,
2018,7,12,18,0,10.7,83,0,8.2,0,0.0,0,0.0,0,998.6,63.72193313788296,6.713856485254254,117,,
2018,7,12,19,0,10.6,93,0,8,0,0.0,0,0.0,0,998.7,73.98018777727714,6.377546367536521,128,,
2018,7,12,20,0,10.6,104,0,7.8,0,0.0,0,0.0,0,998.8,78.3843799174171,6.084570538984253,139,,
2018,7,12,21,0,10.6,120,0,7.9,0,0.0,0,0.0,0,998.8,82.28338115929256,5.86561730068801,149,,
2018,7,12,22,0,10.7,147,0,8.1,0,0.0,0,0.0,0,998.7,74.40392490793039,5.951552155741833,157,,
2018,7,12,23,0,10.8,-175,0,8.3,0,0.0,0,0.0,0,998.5,66.72322024316702,6.060682299542633,160,,
2018,7,13,0,0,10.7,-140,0,8.3,0,0.0,0,0.0,0,998.5,67.26040275848209,5.814503380888542,156,,
2018,7,13,1,0,10.6,-117,0,8.2,0,0.0,0,0.0,0,998.4,59.92256786249527,6.479955007873742,147,,
2018,7,13,2,0,10.4,-102,0,8.1,0,0.0,0,0.0,0,998.4,61.240748980269416,5.897367569850256,137,,
2018,7,13,3,0,10.2,-90,0,7.8,0,0.0,0,0.0,0,998.5,65.36128792685628,5.456774979337624,125,,
2018,7,13,4,0,9.9,-81,0,7.5,0,0.0,0,0.0,0,998.8,68.70876993964248,5.12205767489057,114,,
2018,7,13,5,0,9.7,-72,0,7.2,0,0.0,0,0.0,0,999.1,63.97650397293938,5.08269600182097,103,,
2018,7,13,6,0,9.7,-63,0,6.7,3,0.0,2,0.0,0,999.1,55.541232815016485,4.966408597745486,93,,
2018,7,13,7,0,10,-53,0,6,25,5.0,63,2.0000000000000004,0,999,50.83119229892577,6.210516060020259,83,,
2018,7,13,8,0,10.3,-41,0,5.3,46,98.0,173,45.047368480428005,0,998.8,50.94881708110819,7.0276019529752265,75,,
2018,7,13,9,0,10.5,-28,2.2,5.1,74,106.0,247,112.63636803169815,0,998.3,54.18488057810765,6.9336455910047565,69,,
2018,7,13,10,0,10.7,-14,28.2,5.3,184,151.0,96,191.48574632501047,0,997.5,56.068377743731446,5.782015466275505,65,,
2018,7,13,11,0,10.9,2,36.3,5.5,250,348.0,14,309.46830313878934,0,996.8,53.332627821775134,4.378982434388459,63,,
2018,7,13,12,0,10.9,17,63.1,5.9,139,498.0,8,383.7562170088184,0,996.4,48.193970242852856,5.044245043524371,65,,
2018,7,13,13,0,10.6,31,91.9,6.4,32,502.0,0,370.8255684325642,0,996.3,44.22416840897978,7.713453634061532,70,,
2018,7,13,14,0,10.3,44,80.8,6.9,27,320.0,0,258.7472274361408,0,996.2,46.53566776701467,7.788049756387597,77,,
2018,7,13,15,0,10,55,25.6,7,20,173.0,2,137.7512811345456,0,996.5,50.805626313230846,7.425592495336862,85,,
2018,7,13,16,0,9.5,65,0,6.6,4,90.0,1,41.63300165785627,0,997.1,54.67526203648964,6.857522814341055,95,,
2018,7,13,17,0,9.1,74,0,6.2,0,0.0,0,0.0,0,997.7,59.44298573168021,6.358085051605771,105,,
2018,7,13,18,0,8.7,83,0,5.6,0,0.0,0,0.0,0,998.1,60.03669410662667,5.846330062941131,116,,
2018,7,13,19,0,8.3,93,0.1,4.7,0,0.0,0,0.0,0,998.5,67.48906616561658,5.758855810582337,128,,
2018,7,13,20,0,8,104,5.6,3.8,0,0.0,0,0.0,0,998.8,72.9959188273981,5.129260414835852,139,,
2018,7,13,21,0,7.8,121,35.1,3.5,0,0.0,0,0.0,0,998.9,82.96687932108563,4.26696993686303,149,,
2018,7,13,22,0,7.7,147,18.1,3.6,0,0.0,0,0.0,0,999.1,104.54602650735,3.55385601673193,157,,
2018,7,13,23,0,7.7,-176,0,3.8,0,0.0,0,0.0,0,999.2,123.70131571568822,3.104208530980056,160,,
2018,7,14,0,0,7.5,-140,0,3.7,0,0.0,0,0.0,0,999.3,138.06738595139893,2.742241274749288,156,,
2018,7,14,1,0,7.2,-117,0,3.3,0,0.0,0,0.0,0,999.4,109.3525043835116,1.9236310209199523,147,,
2018,7,14,2,0,7,-102,0,3,0,0.0,0,0.0,0,999.5,69.96676711922674,1.7881237048958092,137,,
2018,7,14,3,0,6.7,-91,0,2.8,0,0.0,0,0.0,0,999.5,37.61941288561746,2.0641902875363707,125,,
2018,7,14,4,0,6.5,-81,0,2.7,0,0.0,0,0.0,0,999.6,13.398183207617706,2.621394735641735,114,,
2018,7,14,5,0,6.3,-72,0,2.7,0,0.0,0,0.0,0,999.6,7.6623011747013265,3.0193913514964428,103,,
2018,7,14,6,0,6.5,-63,0.5,2.8,4,0.0,0,0.0,0,999.4,13.85603613978924,2.296816624009882,93,,
2018,7,14,7,0,6.8,-53,27.3,3,49,5.0,0,2.0000000000000004,0,999.2,19.037791184343348,2.245372304737121,83,,
2018,7,14,8,0,7.2,-41,45.6,3.2,115,100.0,0,47.2691945887139,0,999,11.152235435742057,1.9135759630557885,75,,
2018,7,14,9,0,7.5,-28,47.2,3.2,172,166.0,0,132.59663609166014,0,998.5,15.20926374725127,1.3912594237441125,68,,
2018,7,14,10,0,7.7,-14,57.5,3.2,167,222.0,0,224.70306848380875,0,998,62.82784817944088,0.5255273123556942,64,,
2018,7,14,11,0,7.8,2,72.6,3.1,114,292.0,0,300.14586828462336,0,997.4,162.95798712921635,1.168751381041991,63,,
2018,7,14,12,0,7.8,17,64.7,3.4,133,378.0,0,352.1912606053912,0,997,193.146464000474,1.0218992831176787,65,,
2018,7,14,13,0,7.7,31,60.8,4,119,398.0,0,344.9563926251478,0,996.8,248.60047058234457,2.507855471424093,70,,
2018,7,14,14,0,7.5,44,45.3,4.6,92,236.0,0,235.76588446205864,0,996.5,251.7252982991975,3.643736332496411,76,,
2018,7,14,15,0,7.4,55,62.5,4.9,34,58.0,0,94.82016975924547,0,996.5,247.524421437846,4.623662497462579,85,,
2018,7,14,16,0,7.3,65,71.7,5,1,22.0,0,24.870776565542272,0,996.8,243.80689779905867,5.482958580847543,95,,
2018,7,14,17,0,7.2,74,69.3,5,0,0.0,0,0.0,0,997,231.66678281675104,6.227568053413903,105,,
2018,7,14,18,0,7,83,66.1,5,0,0.0,0,0.0,0,997.6,222.3843023688807,7.009490208863105,116,,
2018,7,14,19,0,6.7,93,65.7,4.8,0,0.0,0,0.0,0,998.5,226.61944253071127,6.133010180743687,128,,
2018,7,14,20,0,6.5,104,67.7,4.7,0,0.0,0,0.0,0,999.3,223.9702238415993,6.099608500416767,139,,
2018,7,14,21,0,6.4,121,67,4.8,0,0.0,0,0.0,0,1000.1,240.7731284769892,5.047626604737959,149,,
2018,7,14,22,0,6.4,147,57,5.1,0,0.0,0,0.0,0,1000.8,263.8915146763543,5.166787177521131,157,,
2018,7,14,23,0,6.4,-176,51.3,5.3,0,0.0,0,0.0,0,1001.5,272.8032336634068,5.371417786967291,160,,
2018,7,15,0,0,6.4,-141,50.4,5.3,0,0.0,0,0.0,0,1002.2,271.5728084565982,5.657160611906615,156,,
2018,7,15,1,0,6.3,-117,18.1,5,0,0.0,0,0.0,0,1003,270.4074130729657,6.695237621124574,147,,
2018,7,15,2,0,6.1,-102,0,4.7,0,0.0,0,0.0,0,1003.7,271.0640353448198,6.218601598837949,137,,
2018,7,15,3,0,6,-91,0,4.4,0,0.0,0,0.0,0,1004.6,291.1491404190283,6.666559147464455,125,,
2018,7,15,4,0,5.9,-81,0,4.1,0,0.0,0,0.0,0,1005.5,282.6406801361753,6.238616208212735,114,,
2018,7,15,5,0,5.8,-72,0,3.8,0,0.0,0,0.0,0,1006.4,281.70995603169547,6.837370738598188,103,,
2018,7,15,6,0,6.1,-63,0,3.7,3,0.0,2,0.0,0,1007.4,275.7501035890392,6.939948779591843,93,,
2018,7,15,7,0,6.5,-53,1.1,3.7,29,0.0,59,0.0,0,1008.5,288.4581565977195,8.38652162715548,83,,
2018,7,15,8,0,7,-41,1.6,3.8,53,2.0,166,11.088361526844253,0,1009.5,288.62381175279813,8.455201269474786,75,,
2018,7,15,9,0,7.5,-28,1.5,3.8,64,15.0,268,64.97224010500919,0,1010.2,301.590067833936,8.147213855861876,68,,
2018,7,15,10,0,8.1,-14,1.4,3.8,70,70.0,335,165.74844233657694,0,1010.4,332.1272662215475,5.631051570008551,64,,
2018,7,15,11,0,8.7,2,1.3,3.8,70,65.0,357,195.88560771691564,0,1010.7,358.6707514565832,7.1144633476189325,63,,
2018,7,15,12,0,9,17,1.2,3.7,67,57.0,330,199.0965442239601,0,1011,359.5412134479661,7.805426011833791,65,,
2018,7,15,13,0,9.1,31,1.4,3.6,61,31.0,255,153.0907470321362,0,1011.3,356.8747404957665,9.17111060224402,69,,
2018,7,15,14,0,9.2,44,1.4,3.6,48,15.0,149,96.05956703154888,0,1011.6,358.850556333132,9.346851539008446,76,,
2018,7,15,15,0,8.9,55,0.5,3.4,22,23.0,44,72.1217079781641,0,1012.2,0.4163816879780597,8.600324758230746,85,,
2018,7,15,16,0,8.3,65,0,3.2,4,10.0,3,18.78251203172415,0,1012.9,4.829807256031074,7.68990302326085,95,,
2018,7,15,17,0,7.6,74,0,3,0,0.0,0,0.0,0,1013.6,6.355363637527091,6.210776009049621,105,,
2018,7,15,18,0,7,83,0.6,2.9,0,0.0,0,0.0,0,1014.2,3.709644783017097,5.52427008800149,116,,
2018,7,15,19,0,6.4,93,33.5,3,0,0.0,0,0.0,0,1014.7,349.25495598405206,4.934169370245368,128,,
2018,7,15,20,0,5.8,105,51.8,3,0,0.0,0,0.0,0,1015.2,346.51575770925155,5.113617794889395,139,,
2018,7,15,21,0,5.5,121,51.8,3.1,0,0.0,0,0.0,0,1015.6,341.9644171008844,4.530211763811191,149,,
2018,7,15,22,0,5.3,147,51.8,3.1,0,0.0,0,0.0,0,1015.8,322.4771369873652,3.804739260468308,157,,
2018,7,15,23,0,5.1,-176,51.8,3.1,0,0.0,0,0.0,0,1016.1,309.9649885235782,5.336495282354694,160,,
2018,7,16,0,0,4.8,-141,51.7,3,0,0.0,0,0.0,0,1016.2,314.9509621999974,6.051151360360097,156,,
2018,7,16,1,0,4.6,-117,71.7,2.9,0,0.0,0,0.0,0,1016.2,301.04334260309963,6.932887236368784,147,,
2018,7,16,2,0,4.3,-102,82.2,2.7,0,0.0,0,0.0,0,1016.2,304.04804495922497,6.242530421838661,136,,
2018,7,16,3,0,4.1,-91,41.7,2.6,0,0.0,0,0.0,0,1016.3,296.91994804982835,7.068425085727316,125,,
2018,7,16,4,0,4,-81,6.9,2.5,0,0.0,0,0.0,0,1016.4,294.7978155308675,8.875777710835923,114,,
2018,7,16,5,0,4,-72,0,2.4,0,0.0,0,0.0,0,1016.5,294.2835305171777,8.334868547567774,103,,
2018,7,16,6,0,4.4,-63,0,2.6,4,0.0,2,0.0,0,1016.6,293.8797081419715,6.725634237254194,93,,
2018,7,16,7,0,5.3,-53,0,3,29,4.0,62,2.0000000000000004,0,1016.6,290.2360438567619,10.191568279038384,83,,
2018,7,16,8,0,6.2,-41,0.9,3.4,57,15.0,164,29.68649598701344,0,1016.5,281.2365423236546,9.494499333175064,75,,
2018,7,16,9,0,7.1,-28,1.4,3.4,73,5.0,261,42.00017240304162,0,1016.2,294.3882426629731,9.620943208446748,68,,
2018,7,16,10,0,7.9,-14,1.6,3.1,82,25.0,322,118.17674442713216,0,1015.7,303.9319080881597,9.898019798395632,64,,
2018,7,16,11,0,8.7,1,1.8,2.7,87,67.0,338,195.86460561779248,0,1015.1,294.3587173436638,12.807599198055684,63,,
2018,7,16,12,0,9,17,1.7,2.6,83,42.0,312,178.3296437064917,0,1014.6,294.60952675469537,11.851402178530549,65,,
2018,7,16,13,0,9,31,1.5,2.8,70,15.0,246,115.85523924938174,0,1014.2,295.70604225997425,10.501746736285924,69,,
2018,7,16,14,0,9,44,2,2.9,52,10.0,146,80.06471103552373,0,1013.7,305.8972671131241,11.730401078625077,76,,
2018,7,16,15,0,8.7,55,33.4,3,22,3.0,38,29.936314827760928,0,1013.5,317.4949335037665,11.817952285384935,85,,
2018,7,16,16,0,8.1,65,18.4,3,3,7.0,0,17.26433446447587,0,1013.4,310.1657892351021,11.53514425430165,94,,
2018,7,16,17,0,7.5,74,0,3,0,0.0,0,0.0,0,1013.3,346.9613187593084,11.635183675522738,105,,
2018,7,16,18,0,7.1,83,0,3.2,0,0.0,0,0.0,0,1013.2,347.475509542561,10.89450607488383,116,,
2018,7,16,19,0,6.7,93,0,3.4,0,0.0,0,0.0,0,1012.9,342.25928473662134,10.641042519106868,127,,
2018,7,16,20,0,6.3,105,0,3.7,0,0.0,0,0.0,0,1012.6,327.4926287525793,9.81544986351216,139,,
2018,7,16,21,0,6.4,121,0,4,0,0.0,0,0.0,0,1012.3,316.4850376918068,11.117705688945652,149,,
2018,7,16,22,0,6.7,147,0,4.3,0,0.0,0,0.0,0,1012,311.40456161044506,12.175809449599807,157,,
2018,7,16,23,0,7.1,-176,0,4.6,0,0.0,0,0.0,0,1011.6,306.0462113985422,12.72030857387417,160,,
2018,7,17,0,0,7.4,-141,0.9,4.7,0,0.0,0,0.0,0,1011.2,304.8410702925429,13.368927301191508,156,,
2018,7,17,1,0,7.5,-118,44.6,4.8,0,0.0,0,0.0,0,1010.8,305.34911918686083,14.065501221300954,147,,
2018,7,17,2,0,7.7,-102,71.8,4.8,0,0.0,0,0.0,0,1010.4,305.92866319960166,14.294506892041603,136,,
2018,7,17,3,0,7.8,-91,54.8,4.8,0,0.0,0,0.0,0,1010.2,304.6737607784433,13.895215768068809,125,,
2018,7,17,4,0,7.9,-82,16,4.9,0,0.0,0,0.0,0,1010,301.60353803080886,13.17656871660254,114,,
2018,7,17,5,0,8,-73,0,5,0,0.0,0,0.0,0,1009.9,298.5386315455981,13.5374425082866,103,,
2018,7,17,6,0,8.2,-63,0,5.2,4,0.0,2,0.0,0,1010,294.599448491124,13.885221052353948,92,,
2018,7,17,7,0,8.4,-53,0,5.5,31,8.0,57,3.0000000000000004,0,1010.2,289.8680128902481,14.734445422055837,83,,
2018,7,17,8,0,8.7,-42,0,5.8,57,226.0,162,63.72349152474484,0,1010.5,282.53512864082256,14.882086219988464,75,,
2018,7,17,9,0,8.8,-29,0,5.6,65,418.0,271,190.44446496581344,0,1010.7,276.9226313452953,16.014207529748777,68,,
2018,7,17,10,0,8.8,-14,0,5.1,69,516.0,343,307.8992889592949,0,1011,274.2037815295865,17.188822222048806,64,,
2018,7,17,11,0,8.8,1,0,4.4,73,561.0,362,390.6394569277692,0,1011.3,272.6228465579833,17.97390755482519,63,,
2018,7,17,12,0,8.5,17,1,3.7,82,390.0,317,363.4599554354661,0,1011.7,278.3336884613529,18.64684808427707,65,,
2018,7,17,13,0,8,31,1.4,3,79,188.0,236,267.40058946542746,0,1012.3,283.82571297594177,19.77282662806417,69,,
2018,7,17,14,0,7.5,44,1.2,2.2,62,19.0,134,100.77192880562323,0,1012.9,288.4701965644004,19.45194869717144,76,,
2018,7,17,15,0,7,55,0.4,1.5,28,16.0,37,62.03422991789061,0,1013.7,318.692764510516,17.323312565822764,85,,
2018,7,17,16,0,6.6,65,0,0.9,5,1.0,2,4.183047183815889,0,1014.7,0.2939396968872643,12.182777507086405,94,,
2018,7,17,17,0,6.1,74,0,0.2,0,0.0,0,0.0,0,1015.6,4.993547705446588,8.271384217647833,105,,
2018,7,17,18,0,5.8,83,0,-0.2,0,0.0,0,0.0,0,1016.4,19.258007562774367,9.292697144075335,116,,
2018,7,17,19,0,5.5,93,0,-0.5,0,0.0,0,0.0,0,1017,12.432158357389484,11.287125980373563,127,,
2018,7,17,20,0,5.2,105,0,-0.7,0,0.0,0,0.0,0,1017.6,17.164434890854068,10.233364203820177,138,,
2018,7,17,21,0,5.2,121,0,-0.6,0,0.0,0,0.0,0,1018.1,12.847085461085555,11.974814880329925,149,,
2018,7,17,22,0,5.4,147,0,-0.2,0,0.0,0,0.0,0,1018.6,5.495456732238324,11.199178796064242,157,,
2018,7,17,23,0,5.6,-176,0,0.2,0,0.0,0,0.0,0,1019.1,7.794037890418906,11.761238714207252,159,,
2018,7,18,0,0,5.6,-141,0,0.4,0,0.0,0,0.0,0,1019.4,6.920930543498855,12.012579825946847,155,,
2018,7,18,1,0,5.5,-118,0,0.4,0,0.0,0,0.0,0,1019.7,0.0,12.49267578125,147,,
2018,7,18,2,0,5.3,-103,0,0.3,0,0.0,0,0.0,0,1020,358.0744738953732,12.352189561439957,136,,
2018,7,18,3,0,5,-91,0,0.4,0,0.0,0,0.0,0,1020.2,4.2933665766632885,11.753196575714655,125,,
2018,7,18,4,0,4.8,-82,0,0.5,0,0.0,0,0.0,0,1020.5,358.65053189560865,10.615493046926144,114,,
2018,7,18,5,0,4.5,-73,0,0.6,0,0.0,0,0.0,0,1020.8,349.4553772999094,10.055056848981792,103,,
2018,7,18,6,0,4.9,-63,0,1.1,4,0.0,3,0.0,0,1021.1,340.71347318151334,10.31652624543619,92,,
2018,7,18,7,0,5.7,-53,0,1.8,26,4.0,70,2.0000000000000004,0,1021.5,333.16176194147585,10.327519631354448,83,,
2018,7,18,8,0,6.6,-42,0.9,2.5,50,27.0,180,36.32918224028119,0,1021.9,324.5203234246246,10.84977571512709,74,,
2018,7,18,9,0,7.3,-29,0.5,2.7,56,39.0,291,92.96013880718678,0,1022.1,318.8390437842337,12.226754232737497,68,,
2018,7,18,10,0,8,-14,0,2.5,56,122.0,365,201.44961427820948,0,1022.1,311.4028584019177,14.08512224619313,64,,
2018,7,18,11,0,8.6,1,1.1,2.2,67,59.0,371,196.82196731740387,0,1022,311.97482225579444,14.76917881458122,63,,
2018,7,18,12,0,8.9,17,1.4,2.3,68,34.0,337,175.82011651638993,0,1022,313.164246146845,15.170012710395598,64,,
2018,7,18,13,0,8.9,31,1.3,2.6,61,20.0,264,137.2444778998559,0,1021.9,309.66538175933835,16.97884767111777,69,,
2018,7,18,14,0,8.8,44,1.4,2.9,49,16.0,155,102.587250349423,0,1021.8,311.8873121848188,17.609909965086224,76,,
2018,7,18,15,0,8.5,55,0.5,2.9,25,9.0,46,52.85517204148898,0,1021.8,311.8449870787776,17.377040321291684,84,,
2018,7,18,16,0,7.8,65,0,2.8,5,3.0,3,12.556601483690596,0,1022,312.5542746259086,17.233817585207834,94,,
2018,7,18,17,0,7.2,74,0,2.7,0,0.0,0,0.0,0,1022.3,312.4607494647958,17.238498229098983,105,,
2018,7,18,18,0,6.4,84,0,2.4,0,0.0,0,0.0,0,1022.4,311.8671520293983,16.688042737228667,116,,
2018,7,18,19,0,5.5,93,0,2,0,0.0,0,0.0,0,1022.5,307.28786518952523,17.690949231741055,127,,
2018,7,18,20,0,4.6,105,0,1.6,0,0.0,0,0.0,0,1022.6,306.3572446217388,16.573710295110818,138,,
2018,7,18,21,0,4.4,121,0,1.4,0,0.0,0,0.0,0,1022.5,305.90154963435657,16.96843899218805,149,,
2018,7,18,22,0,4.8,147,0,1.3,0,0.0,0,0.0,0,1022.5,305.21942450879783,17.61746520100558,157,,
2018,7,18,23,0,5.3,-176,0,1.2,0,0.0,0,0.0,0,1022.4,303.2699716009682,18.1379380449942,159,,
2018,7,19,0,0,5.5,-142,0,1.3,0,0.0,0,0.0,0,1022.2,304.8668811789433,18.60804942396067,155,,
2018,7,19,1,0,5.5,-118,0,1.4,0,0.0,0,0.0,0,1022,302.8064964446362,19.05708443681117,147,,
2018,7,19,2,0,5.4,-103,0,1.6,0,0.0,0,0.0,0,1021.8,306.72256015553086,19.671598244645047,136,,
2018,7,19,3,0,5.6,-92,0,1.8,0,0.0,0,0.0,0,1021.7,332.403607472103,14.970760401586965,125,,
2018,7,19,4,0,6,-82,0,2.1,0,0.0,0,0.0,0,1021.6,328.38162568945785,9.608986116309351,114,,
2018,7,19,5,0,6.4,-73,0,2.5,0,0.0,0,0.0,0,1021.6,309.51395168563425,9.26156889280589,103,,
2018,7,19,6,0,6.9,-63,0.8,2.7,5,0.0,2,0.0,0,1021.8,308.3865635860509,11.83266097943583,92,,
2018,7,19,7,0,7.4,-53,40,3,38,0.0,1,1.0,0,1022.1,319.9524586799867,10.362514716254116,83,,
2018,7,19,8,0,7.9,-42,73.3,3.3,56,5.0,0,20.25553100021863,0,1022.5,325.0394022281789,11.378485061911952,74,,
2018,7,19,9,0,8.3,-29,79.4,3.5,72,11.0,0,63.269207160827584,0,1022.5,334.1593947962515,11.597363348474657,68,,
2018,7,19,10,0,8.6,-14,72.4,3.8,117,19.0,0,118.34495495047275,0,1022.1,331.2103034849539,9.847321924922316,64,,
2018,7,19,11,0,8.9,1,69.6,4.2,135,18.0,0,138.6187883494086,0,1021.8,341.58105334940683,8.845730940492258,62,,
2018,7,19,12,0,9,17,71.4,4.3,117,18.0,0,147.4234158545912,0,1021.5,342.92560087794726,8.821427770609624,64,,
2018,7,19,13,0,9,31,63.7,4.4,116,15.0,0,127.97430159427016,0,1021.2,346.7487323019912,9.837116537412266,69,,
2018,7,19,14,0,8.9,44,46.8,4.5,103,12.0,0,94.97318930960716,0,1020.9,343.5195653821285,9.57068593444937,76,,
2018,7,19,15,0,8.6,55,14.5,4.4,43,5.0,6,42.59954739137684,0,1020.8,335.45350206398774,9.652635907236734,84,,
2018,7,19,16,0,8.2,65,0,4.2,5,3.0,3,12.56423347709078,0,1020.9,333.0417237357529,10.086236150029784,94,,
2018,7,19,17,0,7.8,75,0,3.9,0,0.0,0,0.0,0,1021.1,329.9081894460415,9.957240432092382,105,,
2018,7,19,18,0,7.4,84,1,3.9,0,0.0,0,0.0,0,1021.2,328.59528031365073,9.3410458973726,116,,
2018,7,19,19,0,7,93,52.9,3.9,0,0.0,0,0.0,0,1021.4,341.0627768840027,9.467509729845252,127,,
2018,7,19,20,0,6.6,105,81.9,4,0,0.0,0,0.0,0,1021.5,341.9502145948082,10.118050253472603,138,,
2018,7,19,21,0,6.6,122,80.8,4.1,0,0.0,0,0.0,0,1021.5,350.58964764523546,9.203938886990798,148,,
2018,7,19,22,0,6.9,147,29,4.2,0,0.0,0,0.0,0,1021.5,353.49657693600426,8.630733298291366,156,,
2018,7,19,23,0,7.3,-176,0,4.3,0,0.0,0,0.0,0,1021.4,359.10890077705074,7.723590337038661,159,,
2018,7,20,0,0,7.5,-142,0,4.3,0,0.0,0,0.0,0,1021.2,1.1593373562657805,7.541582866241759,155,,
2018,7,20,1,0,7.6,-118,0,4.3,0,0.0,0,0.0,0,1021.1,350.8510589072919,7.0446983071375335,147,,
2018,7,20,2,0,7.6,-103,0,4.3,0,0.0,0,0.0,0,1020.9,351.0886075226502,8.5863106484242,136,,
2018,7,20,3,0,7.7,-92,0,4.3,0,0.0,0,0.0,0,1020.8,352.4105376107887,9.634448061878537,125,,
2018,7,20,4,0,7.7,-82,0,4.2,0,0.0,0,0.0,0,1020.8,354.9077955902615,10.815391796037074,114,,
2018,7,20,5,0,7.7,-73,0,4.2,0,0.0,0,0.0,0,1020.8,351.72816264482447,10.42609351309739,103,,
2018,7,20,6,0,8,-64,0.8,4.2,5,0.0,2,0.0,0,1021,350.69702376603453,9.943528179353583,92,,
2018,7,20,7,0,8.6,-53,40.8,4.2,37,0.0,1,1.0,0,1021.4,348.9045699787745,11.510316663051606,83,,
2018,7,20,8,0,9.1,-42,74,4.2,54,2.0,0,14.106161634190284,0,1021.7,341.87174651244595,11.682683375482869,74,,
2018,7,20,9,0,9.6,-29,82.3,4.4,60,2.0,0,31.41715194450577,0,1021.5,343.5412872733461,13.112490807721867,68,,
2018,7,20,10,0,9.9,-14,84.6,4.6,64,2.0,0,38.67286731746206,0,1020.9,351.0704604760564,11.274340640325024,64,,
2018,7,20,11,0,10.2,1,82.6,4.8,76,3.0,0,57.277745586274975,0,1020.2,26.14297912353652,10.167615827956348,62,,
2018,7,20,12,0,10.2,17,74,4.8,105,19.0,0,140.94380400661444,0,1019.6,42.6256442258794,12.330229694384151,64,,
2018,7,20,13,0,10.2,31,74.6,4.9,85,61.0,0,194.53365526687287,0,1019.1,41.39026418638497,11.932968522845416,69,,
2018,7,20,14,0,10.1,44,65.9,4.8,64,133.0,0,204.4922934223872,0,1018.5,41.55456231333636,13.914550995430986,76,,
2018,7,20,15,0,9.9,55,22.2,4.8,32,114.0,5,131.78122927672655,0,1018.2,45.01438002668158,13.756818103975052,84,,
2018,7,20,16,0,9.8,65,33.5,4.7,6,60.0,3,42.44066981690885,0,1018.1,49.34631733067238,10.426145044856582,94,,
2018,7,20,17,0,9.6,75,52,4.6,0,0.0,0,0.0,0,1018,48.60305109775794,12.770946577118718,105,,
2018,7,20,18,0,9.3,84,52,4.4,0,0.0,0,0.0,0,1017.8,47.03590223829872,13.183537382782422,116,,
2018,7,20,19,0,8.9,94,52,4.3,0,0.0,0,0.0,0,1017.7,45.73122309773271,12.18805388390214,127,,
2018,7,20,20,0,8.5,105,52,4.1,0,0.0,0,0.0,0,1017.5,42.99617132494734,11.631907046749795,138,,
2018,7,20,21,0,8.6,122,51.4,4.2,0,0.0,0,0.0,0,1017.2,42.16017810581116,11.132822279005609,148,,
2018,7,20,22,0,9.2,148,18.4,4.5,0,0.0,0,0.0,0,1016.8,44.23740831096205,10.091321399104894,156,,
2018,7,20,23,0,9.8,-176,0,4.8,0,0.0,0,0.0,0,1016.4,47.2092136859016,9.538875556132467,159,,
2018,7,21,0,0,10.1,-142,0.9,5.1,0,0.0,0,0.0,0,1016,48.517707799426034,8.556126934166825,155,,
2018,7,21,1,0,10.2,-119,44.6,5.4,0,0.0,0,0.0,0,1015.5,41.28783985717814,8.767114366557095,147,,
2018,7,21,2,0,10.2,-103,69,5.7,0,0.0,0,0.0,0,1015.1,39.878200816317246,9.05002030033132,136,,
2018,7,21,3,0,10.2,-92,68.8,5.9,0,0.0,0,0.0,0,1014.7,36.09707295675099,8.74986820802891,125,,
2018,7,21,4,0,10.3,-82,58,6.1,0,0.0,0,0.0,0,1014.4,32.86446081507228,9.384494583074256,114,,
2018,7,21,5,0,10.3,-73,51.9,6.3,0,0.0,0,0.0,0,1014.1,33.45305619809949,9.052077732735595,103,,
2018,7,21,6,0,10.6,-64,51,6.4,5,0.0,0,0.0,0,1013.9,40.835085031549454,8.300386630383208,92,,
2018,7,21,7,0,11.1,-54,35.2,6.5,66,3.0,2,2.0,0,1013.8,27.99782119655481,8.584795892435318,82,,
2018,7,21,8,0,11.6,-42,49.1,6.5,102,39.0,3,45.15096006858748,0,1013.7,29.08319526037513,8.933791725090074,74,,
2018,7,21,9,0,11.9,-29,31.4,6.5,146,68.0,103,116.34519183604615,0,1013.1,28.69231334318846,8.524223511675041,68,,
2018,7,21,10,0,12,-14,37.7,6.4,199,91.0,58,179.85075475776458,0,1012.2,32.31978555648766,7.135476946518119,63,,
2018,7,21,11,0,12,1,55.7,6.3,196,323.0,0,324.456423819396,0,1011.1,29.487548147607583,7.719998532836162,62,,
2018,7,21,12,0,12.1,17,56.9,6.4,177,254.0,0,318.2875668418104,0,1010.1,31.936249776013256,7.571019666177624,64,,
2018,7,21,13,0,12.1,31,64.5,6.6,120,404.0,0,361.1452596245789,0,1009.1,23.06628521632979,6.871903298611594,68,,
2018,7,21,14,0,12.2,44,73.5,6.8,57,220.0,0,241.4242432677013,0,1008.1,14.39059774980501,5.964737751936387,75,,
2018,7,21,15,0,12.3,55,76.5,6.9,17,54.0,0,99.57367447605785,0,1007.4,6.753814783926828,5.314466948177554,84,,
2018,7,21,16,0,12.4,65,76.7,7,2,16.0,0,25.09331941926864,0,1007,4.877710222124051,4.674399271276049,94,,
2018,7,21,17,0,12.5,75,60.9,7,0,0.0,0,0.0,0,1006.6,5.427900299486907,2.880347058276269,104,,
2018,7,21,18,0,12.6,84,55.3,7,0,0.0,0,0.0,0,1006.2,6.021294596343751,1.1916328589883411,116,,
2018,7,21,19,0,12.7,94,53.2,7,0,0.0,0,0.0,0,1005.9,335.1909382079293,0.6912346750943968,127,,
2018,7,21,20,0,12.7,106,51,7.1,0,0.0,0,0.0,0,1005.6,261.8602101877447,1.4294398567554225,138,,
2018,7,21,21,0,12.8,122,51,7.2,0,0.0,0,0.0,0,1005.1,257.9602791423188,2.875757376797923,148,,
2018,7,21,22,0,13,148,51.6,7.3,0,0.0,0,0.0,0,1004.4,295.98168326992203,4.246565609203112,156,,
2018,7,21,23,0,13.2,-176,52,7.4,0,0.0,0,0.0,0,1003.8,297.1980908235413,4.65453730197121,159,,
2018,7,22,0,0,13,-142,51.9,7.6,0,0.0,0,0.0,0,1003.5,280.04833484989564,3.9556963025406935,155,,
2018,7,22,1,0,12.6,-119,78.2,7.9,0,0.0,0,0.0,0,1003.5,262.1062446109852,4.076222154849161,146,,
2018,7,22,2,0,12.1,-103,93.1,8.2,0,0.0,0,0.0,0,1003.5,262.4366483814576,3.190353948454859,136,,
2018,7,22,3,0,11.6,-92,96.1,8.4,0,0.0,0,0.0,0,1003.3,255.0913201004182,2.4966418242162924,125,,
2018,7,22,4,0,11.3,-82,35.3,8.6,0,0.0,0,0.0,0,1003.1,258.815264140236,2.782835230019648,114,,
2018,7,22,5,0,10.9,-73,0.6,8.8,0,0.0,0,0.0,0,1002.8,258.63454628107223,3.8045877760834506,102,,
2018,7,22,6,0,10.8,-64,28.7,8.8,4,0.0,0,0.0,0,1002.8,248.72207763767275,4.649468552819558,92,,
2018,7,22,7,0,10.9,-54,58.4,8.8,28,2.0,0,2.0,0,1003,239.5280968383244,5.131078371994722,82,,
2018,7,22,8,0,11,-42,78,8.8,40,21.0,0,35.20376478842333,0,1003.3,241.28574266072772,5.5927939690195885,74,,
2018,7,22,9,0,10.9,-29,74.8,8.8,87,29.0,0,86.18973272343854,0,1003.7,248.1334183020965,5.261084191928629,67,,
2018,7,22,10,0,10.7,-14,46.4,8.8,220,54.0,6,152.4518477793049,0,1004.2,253.2820353081366,4.795211634067634,63,,
2018,7,22,11,0,10.5,1,30.1,8.8,269,66.0,38,195.47848261186385,0,1004.8,271.31550413729224,5.136363538636953,62,,
2018,7,22,12,0,10.4,17,11.6,8.5,154,164.0,206,276.1469655965086,0,1005.4,287.3321991107647,6.193837975301609,64,,
2018,7,22,13,0,10.4,31,3.7,8.1,95,373.0,221,350.66293399294506,0,1006,288.258438140477,7.668559715751832,68,,
2018,7,22,14,0,10.5,44,2.5,7.6,74,402.0,124,308.06832494079003,0,1006.7,277.68628032567307,7.515030399205188,75,,
2018,7,22,15,0,10.5,56,0.5,7.2,33,269.0,37,184.31166418610184,0,1007.3,273.9582727569616,7.317504091681981,84,,
2018,7,22,16,0,10.4,66,0.6,6.9,7,50.0,2,40.802013667305545,0,1008,268.00719864591144,7.041856543578642,94,,
2018,7,22,17,0,10.3,75,32.9,6.5,0,0.0,0,0.0,0,1008.6,268.2478024648957,7.68108176364521,104,,
2018,7,22,18,0,10.1,84,19.1,6.2,0,0.0,0,0.0,0,1009.3,270.72027477463257,8.370534453619,115,,
2018,7,22,19,0,9.9,94,33.6,5.9,0,0.0,0,0.0,0,1010.1,260.83136497373494,8.926548804204694,127,,
2018,7,22,20,0,9.7,106,52,5.6,0,0.0,0,0.0,0,1010.8,264.16523150519845,9.908757142215608,138,,
2018,7,22,21,0,9.8,122,51.4,5.7,0,0.0,0,0.0,0,1011.4,271.2766338139782,11.9004148767582,148,,
2018,7,22,22,0,10.1,148,18.4,6.2,0,0.0,0,0.0,0,1011.7,273.52319516657144,12.085341268084044,156,,
2018,7,22,23,0,10.5,-176,0,6.7,0,0.0,0,0.0,0,1012.1,270.0480236816159,11.942387007449694,159,,
2018,7,23,0,0,10.7,-143,0,7,0,0.0,0,0.0,0,1012.3,264.1403287490565,12.193595283911089,155,,
2018,7,23,1,0,10.7,-119,0,7.1,0,0.0,0,0.0,0,1012.5,259.2553193084349,12.618695564020346,146,,
2018,7,23,2,0,10.7,-104,0,7.1,0,0.0,0,0.0,0,1012.7,256.9902775454983,12.215903026103476,136,,
2018,7,23,3,0,10.6,-92,0.6,7.2,0,0.0,0,0.0,0,1012.9,256.77331114086974,12.74031330969003,125,,
2018,7,23,4,0,10.4,-83,32.9,7.3,0,0.0,0,0.0,0,1013.1,257.010168202867,12.489529289285636,113,,
2018,7,23,5,0,10.3,-73,19.1,7.4,0,0.0,0,0.0,0,1013.4,259.07025169254325,12.735907061103704,102,,
2018,7,23,6,0,10.5,-64,32.9,7.7,5,0.0,0,0.0,0,1013.7,262.9232961706723,12.641221288189929,92,,
2018,7,23,7,0,11,-54,50.5,8,48,1.0,3,1.0,0,1014.2,258.13135235793766,12.34896105371148,82,,
2018,7,23,8,0,11.5,-42,18.9,8.4,71,23.0,135,37.37053793465233,0,1014.6,252.9015818265692,12.405741606704408,74,,
2018,7,23,9,0,11.8,-29,1.7,8.4,85,117.0,257,134.2739062989341,0,1014.6,248.1003229475092,12.68805159699242,67,,
2018,7,23,10,0,11.9,-14,11.9,8,170,101.0,200,199.7922183478917,0,1014.3,250.60567897036904,12.933876546050984,63,,
2018,7,23,11,0,11.9,1,7.6,7.6,138,50.0,273,195.7208718424419,0,1014,255.3993209894025,13.229728669021076,62,,
2018,7,23,12,0,11.8,17,1.7,7.6,90,27.0,318,169.94713190489165,0,1013.6,257.8384837754281,12.863641990424652,64,,
2018,7,23,13,0,11.7,31,1.8,7.7,79,14.0,249,126.67345012114458,0,1013.1,243.2043900061425,13.647877153795452,68,,
2018,7,23,14,0,11.5,44,1.8,7.9,61,12.0,148,96.11283664158766,0,1012.7,240.47519503574327,13.11858687169906,75,,
2018,7,23,15,0,11.1,56,0.6,8,30,8.0,47,53.64971164000265,0,1012.4,237.06087697323449,12.234248563812269,84,,
2018,7,23,16,0,10.6,66,0,8.1,6,2.0,4,11.39759958129826,0,1012.2,239.27148924502205,12.808322360324231,94,,
2018,7,23,17,0,10.1,75,0,8.2,0,0.0,0,0.0,0,1011.9,233.89836573068783,14.056683556047368,104,,
2018,7,23,18,0,9.7,84,0,8.2,0,0.0,0,0.0,0,1011.6,232.635304486165,13.82449010715795,115,,
2018,7,23,19,0,9.3,94,0,8.1,0,0.0,0,0.0,0,1011.1,237.41649840464464,14.873438314395164,127,,
2018,7,23,20,0,9,106,0,8,0,0.0,0,0.0,0,1010.6,257.2109467365001,17.606715166462536,138,,
2018,7,23,21,0,9.2,122,0,8,0,0.0,0,0.0,0,1009.9,258.2031251383387,17.645152292391582,148,,
2018,7,23,22,0,9.7,148,0,8.2,0,0.0,0,0.0,0,1009,260.0386815346592,18.42522559946577,156,,
2018,7,23,23,0,10.2,-176,0,8.4,0,0.0,0,0.0,0,1008,274.77295732018854,17.458001045609407,158,,
2018,7,24,0,0,10.5,-143,0,8.6,0,0.0,0,0.0,0,1007.1,287.56560190601454,16.50187065798308,155,,
2018,7,24,1,0,10.6,-119,0,8.7,0,0.0,0,0.0,0,1006.1,305.02767085080967,16.16851311905685,146,,
2018,7,24,2,0,10.7,-104,0,8.8,0,0.0,0,0.0,0,1005.2,338.35948760616907,13.415815708716243,136,,
2018,7,24,3,0,10.7,-92,0,8.9,0,0.0,0,0.0,0,1004.2,344.03461421741457,10.861579336476062,125,,
2018,7,24,4,0,10.5,-83,0,8.8,0,0.0,0,0.0,0,1003.2,350.7594598964305,11.1777699636759,113,,
2018,7,24,5,0,10.4,-74,0,8.7,0,0.0,0,0.0,0,1002.2,347.58481655909674,10.8026654991833,102,,
2018,7,24,6,0,10.5,-64,0.7,8.9,8,0.0,1,0.0,0,1001.4,343.41063514243274,11.120603434691258,92,,
2018,7,24,7,0,10.8,-54,38.9,9.2,38,1.0,1,2.0,0,1000.6,337.26547011727695,10.829160808656074,82,,
2018,7,24,8,0,11.1,-42,73,9.5,52,7.0,0,26.43366413914752,0,999.9,332.682385353634,10.88976060017426,74,,
2018,7,24,9,0,11.3,-29,81.8,9.7,60,9.0,0,63.96820644416392,0,999,320.1087618004825,9.0943797211369,67,,
2018,7,24,10,0,11.2,-14,68.2,9.9,134,15.0,0,111.21021641962363,0,998,302.73623625272336,9.98598725400971,63,,
2018,7,24,11,0,11.2,1,60.6,10,173,8.0,0,106.49945744586344,0,997,290.1597784044345,15.030717312896815,62,,
2018,7,24,12,0,11.2,17,71.3,10,120,6.0,0,98.8957449925283,0,996.3,281.5713210732763,16.477469935238542,63,,
2018,7,24,13,0,11.1,32,91,9.9,39,4.0,0,74.91919380526534,0,995.9,300.7665963891658,17.643021403047754,68,,
2018,7,24,14,0,11.1,44,68.8,9.8,54,2.0,0,38.85830211398966,0,995.5,320.6265744970534,14.443571054843163,75,,
2018,7,24,15,0,10.8,56,55.1,9.5,36,39.0,0,99.03341875253916,0,995.3,347.88634342343266,14.319083654828006,84,,
2018,7,24,16,0,10.2,66,42.5,9.1,4,21.0,0,33.23380015702547,0,995.4,358.2436451271946,13.541518088283713,93,,
2018,7,24,17,0,9.7,75,43.3,8.7,0,0.0,0,0.0,0,995.4,356.9020859248404,14.293593185308533,104,,
2018,7,24,18,0,9.3,84,52,8.2,0,0.0,0,0.0,0,995.4,350.23038322065344,13.156121849106436,115,,
2018,7,24,19,0,8.9,94,73,7.6,0,0.0,0,0.0,0,995.3,345.8286815403896,14.919357528829709,126,,
2018,7,24,20,0,8.5,106,89,7.1,0,0.0,0,0.0,0,995.2,10.20483102755344,14.7737498399144,138,,
2018,7,24,21,0,8.5,123,92.7,6.9,0,0.0,0,0.0,0,995.1,20.353693641100733,12.751221027997644,148,,
2018,7,24,22,0,8.7,148,93.7,7.1,0,0.0,0,0.0,0,994.8,14.047954562341658,11.298098364683243,156,,
2018,7,24,23,0,8.9,-177,93.4,7.3,0,0.0,0,0.0,0,994.6,7.644543616386272,11.688846492721924,158,,
2018,7,25,0,0,9,-143,92.9,7.4,0,0.0,0,0.0,0,994.2,5.483477035921453,10.804570862863889,154,,
2018,7,25,1,0,9,-120,92.9,7.6,0,0.0,0,0.0,0,993.7,6.288314743641251,10.362396104657616,146,,
2018,7,25,2,0,9,-104,92.7,7.7,0,0.0,0,0.0,0,993.3,2.5544163924596432,10.435418046958944,136,,
2018,7,25,3,0,8.9,-93,79.1,7.6,0,0.0,0,0.0,0,993.1,358.37502364247524,11.639934923851998,124,,
2018,7,25,4,0,8.8,-83,59,7.5,0,0.0,0,0.0,0,993.2,1.7997268461950284,12.818823396071805,113,,
2018,7,25,5,0,8.7,-74,50.9,7.3,0,0.0,0,0.0,0,993.4,11.629249463819631,11.855921593050631,102,,
2018,7,25,6,0,8.8,-64,50,7.2,5,0.0,1,0.0,0,993.9,9.933469142323986,12.636953799200493,92,,
2018,7,25,7,0,9,-54,19.6,7.3,43,1.0,45,2.0,0,994.7,9.930321545488084,11.916073033523263,82,,
2018,7,25,8,0,9.2,-42,45.9,7.3,74,11.0,29,32.70853293833715,0,995.6,12.73237897534608,11.41071473099682,73,,
2018,7,25,9,0,9.5,-29,26.9,7.2,91,44.0,184,110.74415825274012,0,996.1,15.563696979404485,10.687029872838258,67,,
2018,7,25,10,0,9.8,-14,19.8,6.9,214,90.0,124,186.52796986976992,0,996.3,13.746752830453543,11.520174745196304,63,,
2018,7,25,11,0,10.1,1,25.8,6.6,269,114.0,60,240.2209828490448,0,996.5,16.125677011414666,12.619058221129654,61,,
2018,7,25,12,0,10.2,17,14,6.3,195,193.0,154,300.76065861868585,0,996.3,12.53984233958397,11.824802151147884,63,,
2018,7,25,13,0,10.3,32,37.4,5.8,141,146.0,72,259.5173958931036,0,996,8.107409233909493,12.72730157906185,68,,
2018,7,25,14,0,10.3,45,64.7,5.4,77,102.0,0,191.09438015667604,0,995.6,13.878678438820032,12.100832590214294,75,,
2018,7,25,15,0,10.3,56,62.1,5.5,24,116.0,0,137.1178985172642,0,995,14.082303244524269,10.459352209353,83,,
2018,7,25,16,0,10.2,66,70.1,5.8,4,33.0,0,37.74744143969991,0,994.2,15.652312231426665,10.063369127021211,93,,
2018,7,25,17,0,10.2,75,80.9,6.2,0,0.0,0,0.0,0,993.4,19.181004876982115,8.917668708903653,104,,
2018,7,25,18,0,10,85,82.5,6.7,0,0.0,0,0.0,0,992.7,19.018771797440365,8.607308120616402,115,,
2018,7,25,19,0,9.8,95,82.7,7.3,0,0.0,0,0.0,0,991.9,10.951335786294068,8.935429133072033,126,,
2018,7,25,20,0,9.6,107,83,7.9,0,0.0,0,0.0,0,991.2,5.433232834961586,8.686732724838345,137,,
2018,7,25,21,0,9.2,123,82,7.7,0,0.0,0,0.0,0,990.8,3.811349618301847,8.877299756289652,148,,
2018,7,25,22,0,8.6,148,29.4,6.9,0,0.0,0,0.0,0,990.6,3.313546183174992,9.127808889722465,155,,
2018,7,25,23,0,8.1,-177,0,6,0,0.0,0,0.0,0,990.5,5.813340723990166,8.737562911444291,158,,
2018,7,26,0,0,7.7,-143,0,5.5,0,0.0,0,0.0,0,990.5,7.2236529769652975,8.847814084428364,154,,
2018,7,26,1,0,7.6,-120,0,5.2,0,0.0,0,0.0,0,990.5,4.7033576750025645,9.268760607321722,146,,
2018,7,26,2,0,7.5,-104,0,4.9,0,0.0,0,0.0,0,990.5,8.694959216497637,9.575133069510612,135,,
2018,7,26,3,0,7.3,-93,0,4.8,0,0.0,0,0.0,0,990.7,10.393268889317651,9.409511906727843,124,,
2018,7,26,4,0,7.1,-83,0,4.8,0,0.0,0,0.0,0,991.1,9.381230698937143,9.018072133354456,113,,
2018,7,26,5,0,6.9,-74,0,4.9,0,0.0,0,0.0,0,991.4,7.5566766091720865,8.935266475759747,102,,
2018,7,26,6,0,7,-64,1.1,4.6,8,0.0,1,0.0,0,991.8,7.4311217620270895,8.428456136091611,91,,
2018,7,26,7,0,7.2,-54,54.8,4.2,16,2.0,0,3.0,0,992.3,6.5199516140232845,7.948871250664541,82,,
2018,7,26,8,0,7.5,-43,79.4,3.7,45,25.0,0,41.67421120238092,0,992.8,4.255232932957256,8.25542281119896,73,,
2018,7,26,9,0,7.6,-29,85,3.5,45,54.0,0,111.11333474425597,0,993.1,6.527169785016099,8.137709056934655,67,,
2018,7,26,10,0,7.6,-15,75.9,3.4,97,61.0,1,168.5552836268284,0,993.2,8.212798893213687,7.63099522661323,62,,
2018,7,26,11,0,7.6,1,39.5,3.3,222,147.0,37,265.2274746502412,0,993.4,9.342946104594889,9.51637805032306,61,,
2018,7,26,12,0,7.6,17,56.5,3.7,162,156.0,21,286.2947583801596,0,993.8,4.194767308374537,9.705932263309323,63,,
2018,7,26,13,0,7.5,32,75.7,4.4,80,149.0,0,266.4535507657861,0,994.5,2.363439021505826,10.609122328073926,68,,
2018,7,26,14,0,7.4,45,75.8,5.1,46,101.0,0,194.98633808882403,0,995.3,2.2385534782689547,10.750635885128128,75,,
2018,7,26,15,0,7.2,56,68.7,5.4,17,44.0,0,99.97369927888488,0,996.4,3.398593273470226,9.86745170426806,83,,
2018,7,26,16,0,7.1,66,56.5,5.4,3,19.0,0,30.940094420551517,0,997.8,7.626992456224229,8.343836423162008,93,,
2018,7,26,17,0,6.9,76,52,5.3,0,0.0,0,0.0,0,999.3,7.797492329346653,7.113379296051813,104,,
2018,7,26,18,0,6.8,85,52,4.9,0,0.0,0,0.0,0,1000.6,4.7800202972849775,6.808837536087528,115,,
2018,7,26,19,0,6.6,95,52,4.2,0,0.0,0,0.0,0,1001.9,358.0005248912242,6.521548791540388,126,,
2018,7,26,20,0,6.3,107,51.5,3.5,0,0.0,0,0.0,0,1003.1,351.2239816524051,6.554274353901687,137,,
2018,7,26,21,0,6.3,123,26.2,3.3,0,0.0,0,0.0,0,1004.1,344.94076354065555,6.513735563547333,147,,
2018,7,26,22,0,6.3,149,4.3,3.5,0,0.0,0,0.0,0,1005,342.8391560371382,6.583117984517009,155,,
2018,7,26,23,0,6.3,-177,0,3.6,0,0.0,0,0.0,0,1005.8,344.6462927447945,6.222067786563272,158,,
2018,7,27,0,0,6.4,-143,0,3.6,0,0.0,0,0.0,0,1006.6,344.58583495743,6.047612423744765,154,,
2018,7,27,1,0,6.4,-120,0,3.3,0,0.0,0,0.0,0,1007.3,334.44814640853133,5.952277976825622,146,,
2018,7,27,2,0,6.4,-105,0,3.1,0,0.0,0,0.0,0,1008,329.6960233593068,5.930450837630015,135,,
2018,7,27,3,0,6.6,-93,0,3,0,0.0,0,0.0,0,1008.7,326.22429498288744,7.293787570585294,124,,
2018,7,27,4,0,6.9,-83,0,3.1,0,0.0,0,0.0,0,1009.4,322.495699735128,8.17169231918111,113,,
2018,7,27,5,0,7.2,-74,0,3.3,0,0.0,0,0.0,0,1010.1,325.88479602668485,8.687675738443925,102,,
2018,7,27,6,0,7.7,-65,0.4,3.7,10,0.0,2,0.0,0,1010.7,330.6710207010188,9.136143833059725,91,,
2018,7,27,7,0,8.4,-54,18.2,4.5,72,1.0,2,2.0,0,1011.3,324.58568626483816,9.055558792205016,82,,
2018,7,27,8,0,9.1,-43,20.2,5.2,134,16.0,59,37.11393091260637,0,1011.8,324.9292186951303,9.093642915835874,73,,
2018,7,27,9,0,9.6,-29,6.8,5.9,114,33.0,222,98.50015010657418,0,1012.1,329.8325509157413,9.357457883252392,66,,
2018,7,27,10,0,10,-15,11.9,6.5,168,32.0,210,137.40832239936782,0,1012.2,337.8994066278861,10.93083127671876,62,,
2018,7,27,11,0,10.3,1,59.3,7.1,121,75.0,62,216.5249127999689,0,1012.3,339.90858435439907,12.931986099097053,61,,
2018,7,27,12,0,10.4,17,31.3,7.5,88,136.0,192,273.96772091923424,0,1012.4,340.8134407396913,14.225219891546445,63,,
2018,7,27,13,0,10.3,32,3.2,7.6,94,76.0,236,215.2100148649044,0,1012.6,339.02720642992523,13.997388498230425,67,,
2018,7,27,14,0,10.2,45,17.3,7.7,107,53.0,80,157.25537187571217,0,1012.8,359.6019018288866,14.75792458786006,74,,
2018,7,27,15,0,10.1,56,9,7.8,55,32.0,12,89.99048718541927,0,1013.2,34.27221160443355,8.310639614210858,83,,
2018,7,27,16,0,10,66,0,7.9,8,26.0,4,35.468431890841714,0,1013.6,33.24065965721013,9.107669212587188,93,,
2018,7,27,17,0,9.8,76,0,7.9,0,0.0,0,0.0,0,1014.1,38.72892255049885,8.787144457595906,104,,
2018,7,27,18,0,9.6,85,0,7.8,0,0.0,0,0.0,0,1014.6,32.00439474196628,9.000303289813308,115,,
2018,7,27,19,0,9.3,95,0,7.7,0,0.0,0,0.0,0,1015.2,24.784001865202583,8.599695943846758,126,,
2018,7,27,20,0,9,107,0.6,7.5,0,0.0,0,0.0,0,1015.8,27.30424216768444,9.444897726968314,137,,
2018,7,27,21,0,9,124,33.5,7.6,0,0.0,0,0.0,0,1016.2,25.40616831032748,9.171938442680164,147,,
2018,7,27,22,0,9.2,149,49.3,7.7,0,0.0,0,0.0,0,1016.4,25.995300160073043,9.223144582950065,155,,
2018,7,27,23,0,9.4,-177,47.9,7.9,0,0.0,0,0.0,0,1016.6,25.897517873904462,8.837435611371587,158,,
2018,7,28,0,0,9.5,-144,49.9,8,0,0.0,0,0.0,0,1016.9,25.094138639938706,7.668921020422705,154,,
2018,7,28,1,0,9.6,-120,19,7.8,0,0.0,0,0.0,0,1017.3,17.38847004260151,7.921838621097379,146,,
2018,7,28,2,0,9.6,-105,30.3,7.7,0,0.0,0,0.0,0,1017.6,15.772320024505234,7.182789702064991,135,,
2018,7,28,3,0,9.6,-93,17.4,7.6,0,0.0,0,0.0,0,1018,18.30490199896019,6.598801083837632,124,,
2018,7,28,4,0,9.6,-84,25.2,7.6,0,0.0,0,0.0,0,1018.4,18.094961016272062,5.867842296121016,113,,
2018,7,28,5,0,9.5,-74,14.1,7.6,0,0.0,0,0.0,0,1018.8,13.184442809210736,4.899157049939953,102,,
2018,7,28,6,0,9.7,-65,0,7.6,10,0.0,4,0.0,0,1019.3,356.550368414116,3.822110905388586,91,,
2018,7,28,7,0,9.9,-55,1.5,7.7,43,14.0,59,5.000000000000001,0,1019.9,345.4442690354389,5.609991958819795,81,,
2018,7,28,8,0,10.2,-43,37.6,7.9,100,114.0,32,67.24998531029507,0,1020.4,339.20471461756534,5.091448585763883,73,,
2018,7,28,9,0,10.4,-30,47.2,8.2,191,239.0,2,178.0479045878138,0,1020.6,332.7727291219415,4.458895080447615,66,,
2018,7,28,10,0,10.7,-15,27.1,8.7,224,321.0,93,283.47776852267435,0,1020.4,323.13145469034134,4.1375000011524765,62,,
2018,7,28,11,0,10.9,1,50.7,9.2,168,420.0,54,376.14990636557366,0,1020.2,320.6139501850226,3.778252043690252,61,,
2018,7,28,12,0,11,17,33.5,9.3,168,303.0,104,357.23562063873675,0,1020.1,328.71656700616404,4.660220002652002,62,,
2018,7,28,13,0,10.9,32,13.3,9.3,160,113.0,133,245.71058437805857,0,1020.1,322.3685782006591,5.294022284241797,67,,
2018,7,28,14,0,10.8,45,18.6,9.2,124,103.0,56,197.53762703965623,0,1020.1,322.5992747444053,6.350858496844813,74,,
2018,7,28,15,0,10.6,56,29.9,9.1,55,89.0,8,129.85145470776186,0,1020.3,340.58266813588733,6.083569248297576,83,,
2018,7,28,16,0,10.4,66,12.5,8.9,8,31.0,0,39.612888090226775,0,1020.6,334.2718499940085,4.514980600173858,93,,
2018,7,28,17,0,10.2,76,0.5,8.7,0,0.0,0,0.0,0,1020.9,301.0323495551077,2.7979076333277675,103,,
2018,7,28,18,0,9.9,85,25.2,8.5,0,0.0,0,0.0,0,1021.1,261.4803213410287,3.493630198709078,115,,
2018,7,28,19,0,9.5,95,14.1,8.1,0,0.0,0,0.0,0,1021.3,234.4890666687352,4.803304141246225,126,,
2018,7,28,20,0,9.1,107,0,7.8,0,0.0,0,0.0,0,1021.4,216.9431391064236,6.684575774007367,137,,
2018,7,28,21,0,9,124,0,7.7,0,0.0,0,0.0,0,1021.4,215.0041145668192,8.432888766599982,147,,
2018,7,28,22,0,9.1,149,0,7.8,0,0.0,0,0.0,0,1021.2,218.03947311422132,9.55438310851028,155,,
2018,7,28,23,0,9.3,-177,0,7.9,0,0.0,0,0.0,0,1021,214.6720970251719,9.861257953662353,157,,
2018,7,29,0,0,9.3,-144,0.9,8,0,0.0,0,0.0,0,1020.8,206.67241392408187,10.080229608956726,154,,
2018,7,29,1,0,9.2,-121,44.6,7.9,0,0.0,0,0.0,0,1020.6,200.5306080730413,11.13471177882203,145,,
2018,7,29,2,0,9.2,-105,68.3,7.8,0,0.0,0,0.0,0,1020.4,203.2783044738549,12.05080700196122,135,,
2018,7,29,3,0,9.2,-94,67.5,7.7,0,0.0,0,0.0,0,1020.3,215.8307152603104,11.71423137014399,124,,
2018,7,29,4,0,9.2,-84,73.7,7.6,0,0.0,0,0.0,0,1020.3,227.45409741931377,10.736428945788674,113,,
2018,7,29,5,0,9.3,-74,72,7.6,0,0.0,0,0.0,0,1020.3,230.7822312341061,10.82603164078264,102,,
2018,7,29,6,0,9.5,-65,68.2,7.6,5,0.0,1,0.0,0,1020.3,239.8521783581565,12.792973020130638,91,,
2018,7,29,7,0,9.8,-55,26.3,7.7,45,0.0,52,1.0,0,1020.2,248.49713051279565,13.190532389923249,81,,
2018,7,29,8,0,10.2,-43,35.7,7.8,108,3.0,29,18.225632244279247,0,1020.2,279.38987917519205,12.031077497657575,73,,
2018,7,29,9,0,10.4,-30,54.7,8,159,10.0,0,64.33466046610839,0,1019.7,294.6331653818427,8.278265984048579,66,,
2018,7,29,10,0,10.7,-15,57.7,8.3,178,41.0,0,164.88567352848136,0,1019,327.7313158140948,9.032773113841229,62,,
2018,7,29,11,0,10.9,1,63.5,8.5,162,22.0,0,160.98353402769257,0,1018.2,332.28607121612487,9.638429772023558,60,,
2018,7,29,12,0,10.9,17,78.1,8.6,91,12.0,0,135.99183235910846,0,1017.4,347.4744026030479,11.342719554075227,62,,
2018,7,29,13,0,10.8,32,76.9,8.5,72,1.0,0,47.49648928058373,0,1016.6,350.00023954807904,14.886549723217886,67,,
2018,7,29,14,0,10.6,45,68.5,8.3,64,1.0,0,31.445503245463552,0,1015.8,342.1865661378981,12.903793916388263,74,,
2018,7,29,15,0,10.5,56,54.2,8.1,31,1.0,0,24.34988801325772,0,1015.3,345.03130705465657,13.899380615983178,83,,
2018,7,29,16,0,10.4,67,17.1,7.8,7,1.0,0,11.216355672578125,0,1015.1,342.3894104544186,11.601571691233271,93,,
2018,7,29,17,0,10.3,76,0,7.5,0,0.0,0,0.0,0,1014.9,338.0682643727744,9.885854200214494,103,,
2018,7,29,18,0,10.1,85,0.9,7.3,0,0.0,0,0.0,0,1014.7,13.111131203521325,9.0255623202409,114,,
2018,7,29,19,0,9.9,95,44.5,7,0,0.0,0,0.0,0,1014.5,34.863119590725546,14.384456876198117,126,,
2018,7,29,20,0,9.7,108,69.4,6.8,0,0.0,0,0.0,0,1014.2,39.89318287015942,18.153000033528485,137,,
2018,7,29,21,0,9.8,124,68.8,6.7,0,0.0,0,0.0,0,1013.6,38.81682843966047,20.368398825704524,147,,
2018,7,29,22,0,10,149,24.7,6.8,0,0.0,0,0.0,0,1012.8,37.00956652517516,20.03057709187046,155,,
2018,7,29,23,0,10.2,-177,0,6.9,0,0.0,0,0.0,0,1012,38.392728616374654,18.68218420965725,157,,
2018,7,30,0,0,10.3,-144,0,6.9,0,0.0,0,0.0,0,1011.1,38.38673619547211,17.376206006246264,154,,
2018,7,30,1,0,10.2,-121,0,6.7,0,0.0,0,0.0,0,1010.2,32.69730787122063,16.53528349800631,145,,
2018,7,30,2,0,10.1,-105,0,6.6,0,0.0,0,0.0,0,1009.2,31.552147361605137,15.909342410867762,135,,
2018,7,30,3,0,10.1,-94,0,6.4,0,0.0,0,0.0,0,1008.3,32.543908746826844,14.694843814074355,124,,
2018,7,30,4,0,10,-84,0,6.2,0,0.0,0,0.0,0,1007.5,32.64278135801459,14.455632189237145,113,,
2018,7,30,5,0,10,-75,0,5.9,0,0.0,0,0.0,0,1006.6,32.287307007641346,13.343143630265144,101,,
2018,7,30,6,0,10.1,-65,0.8,6,11,0.0,4,0.0,0,1006,28.420344407047992,12.049639009968612,91,,
2018,7,30,7,0,10.4,-55,43.5,6.2,39,5.0,2,5.0,0,1005.4,26.084127481483392,10.666463672424978,81,,
2018,7,30,8,0,10.6,-43,61.3,6.4,93,26.0,3,50.03182201628782,0,1004.9,17.967114279552106,9.58767225615572,73,,
2018,7,30,9,0,10.6,-30,38.2,6.6,163,33.0,55,108.8109846009925,0,1003.8,13.722073608356084,9.18978693129819,66,,
2018,7,30,10,0,10.3,-15,69.1,6.7,129,51.0,0,173.69011683667162,0,1002.3,7.451999221551432,8.22991133632271,61,,
2018,7,30,11,0,10,1,85.5,6.8,64,28.0,0,171.80489012294004,0,1000.8,358.07977113929763,11.191343116249309,60,,
2018,7,30,12,0,9.8,17,89,7,47,14.0,0,141.0403850695458,0,999.3,353.4784689085219,10.102971509008816,62,,
2018,7,30,13,0,9.7,32,91.8,7.2,26,11.0,0,120.50032208421332,0,998,344.3732288659647,11.071848491536835,67,,
2018,7,30,14,0,9.7,45,86.5,7.5,25,9.0,0,93.04054734865493,0,996.7,339.1790734053205,10.915460899729275,74,,
2018,7,30,15,0,9.4,57,70.4,7.6,18,6.0,0,53.1190690209585,0,996.1,334.55767912439615,10.498105437359367,82,,
2018,7,30,16,0,9.1,67,52.5,7.7,0,1.0,0,10.219432646720296,0,996.4,327.33013088153706,10.249155573835932,92,,
2018,7,30,17,0,8.7,76,32.9,7.7,0,0.0,0,0.0,0,996.6,318.71086381779924,10.543945484915694,103,,
2018,7,30,18,0,8.2,86,33.8,7.1,0,0.0,0,0.0,0,997.5,311.94139408294643,9.871261543927996,114,,
2018,7,30,19,0,7.7,96,18.2,5.8,0,0.0,0,0.0,0,999.1,300.7875851133587,12.269115347433742,126,,
2018,7,30,20,0,7.1,107,0,4.5,0,0.0,0,0.0,0,1000.7,298.0320619965301,14.065088519171423,137,,
2018,7,30,21,0,6.8,124,0,3.9,0,0.0,0,0.0,0,1002,298.8615317402751,15.460392956350768,147,,
2018,7,30,22,0,6.6,148,0,4,0,0.0,0,0.0,0,1003,297.5161355211188,16.510199300696957,155,,
2018,7,30,23,0,6.4,-177,0,4.1,0,0.0,0,0.0,0,1004,295.3489708449449,17.37831521995965,158,,
2018,7,31,0,0,6.4,-144,0,4,0,0.0,0,0.0,0,1004.8,292.16752114188057,16.737131429592672,154,,
2018,7,31,1,0,6.4,-121,0,3.8,0,0.0,0,0.0,0,1005.2,297.1225991829645,18.51340124401486,145,,
2018,7,31,2,0,6.4,-105,0,3.6,0,0.0,0,0.0,0,1005.6,303.8583724704024,19.68578006709592,135,,
2018,7,31,3,0,6.4,-94,0,3.4,0,0.0,0,0.0,0,1006,334.60573286581456,19.86737534482584,124,,
2018,7,31,4,0,6.5,-84,0,3.2,0,0.0,0,0.0,0,1006.3,344.36669109487144,17.66370377140476,112,,
2018,7,31,5,0,6.5,-75,0,2.9,0,0.0,0,0.0,0,1006.7,351.6744810442969,15.417607005756093,101,,
2018,7,31,6,0,7,-65,0.1,3,6,0.0,3,0.0,0,1006.9,3.145932383071795,14.169057904647383,91,,
2018,7,31,7,0,7.8,-55,11.9,3.3,53,2.0,52,3.0,0,1007.2,5.950347403250021,13.143570063053623,81,,
2018,7,31,8,0,8.6,-43,21.3,3.7,136,38.0,63,56.08474057001663,0,1007.4,4.003220784114717,12.60350485185996,72,,
2018,7,31,9,0,9.1,-30,28.5,3.7,162,118.0,118,156.32191871312406,0,1007.2,355.26564551220355,11.14569426149731,65,,
2018,7,31,10,0,9.3,-15,47.1,3.6,175,191.0,67,252.6634032916915,0,1006.6,344.81451356508654,10.994238731880396,61,,
2018,7,31,11,0,9.5,1,24.9,3.4,255,185.0,109,299.2695957194789,0,1006,333.95747496852795,12.499026100843318,60,,
2018,7,31,12,0,9.7,18,38.6,3.4,181,42.0,96,202.27389089961255,0,1005.4,321.2727662171312,12.603643097787812,62,,
2018,7,31,13,0,9.7,32,29.8,3.4,155,11.0,96,117.5399537805506,0,1004.7,312.0326801720894,12.325639138082822,66,,
2018,7,31,14,0,9.7,46,37.9,3.5,97,15.0,41,108.78675504212194,0,1004,307.5700640576922,15.064113055713037,73,,
2018,7,31,15,0,9.6,57,45.8,3.6,49,6.0,0,49.13908467419007,0,1003.4,319.49908973194243,14.17718982399609,82,,
2018,7,31,16,0,9.5,67,61.9,3.6,1,1.0,0,6.222548131395438,0,1002.9,323.0816287789926,13.909282321574036,92,,
2018,7,31,17,0,9.3,76,52.6,3.7,0,0.0,0,0.0,0,1002.3,345.0793660459333,13.787625550781806,103,,
2018,7,31,18,0,9.2,86,51.8,3.9,0,0.0,0,0.0,0,1001.6,352.33447889689126,12.050559117574496,114,,
2018,7,31,19,0,9.2,96,69.6,4.3,0,0.0,0,0.0,0,1000.9,351.63375541032553,12.490588042238182,125,,
2018,7,31,20,0,9.1,108,92.6,4.7,0,0.0,0,0.0,0,1000.1,354.7521514173574,11.616563514724,137,,
2018,7,31,21,0,9,124,93,5.2,0,0.0,0,0.0,0,999.1,354.6496134786907,10.483419545351836,147,,
2018,7,31,22,0,8.8,149,84,5.8,0,0.0,0,0.0,0,997.7,354.94855088993404,8.972593384498843,155,,
2018,7,31,23,0,8.7,-177,72.8,6.4,0,0.0,0,0.0,0,996.4,27.11845654673732,8.319914830693477,157,,
2018,8,1,0,0,8.7,-144,72.8,7,0,0.0,0,0.0,0,995.1,38.04787580377939,11.495593553627732,153,,
2018,8,1,1,0,9,-121,72.5,7.7,0,0.0,0,0.0,0,994,47.78533821840085,13.677337052412328,145,,
2018,8,1,2,0,9.4,-106,73.1,8.4,0,0.0,0,0.0,0,992.8,43.67035139867744,12.342302148143771,135,,
2018,8,1,3,0,8.9,-94,73.5,7.9,0,0.0,0,0.0,0,992.8,41.72776858059928,11.4897104572147,124,,
2018,8,1,4,0,7.8,-84,39.6,6.3,0,0.0,0,0.0,0,994,43.877022342131625,10.737621280153988,112,,
2018,8,1,5,0,6.6,-75,0,4.6,0,0.0,0,0.0,0,995.2,43.20981338383029,10.074110574130406,101,,
2018,8,1,6,0,6.5,-66,3.9,3.7,7,0.0,1,0.0,0,996.2,42.7144378731615,9.397875003994365,90,,
2018,8,1,7,0,7.3,-55,6.3,3.3,54,12.0,55,6.000000000000001,0,997.2,37.1099537485984,9.078595308474696,81,,
2018,8,1,8,0,8.1,-44,23.6,3,79,84.0,114,69.08125759991827,0,998.1,35.879620876423644,8.241269958190728,72,,
2018,8,1,9,0,8.5,-30,17.4,2.5,105,139.0,221,162.83596917119044,0,998.8,35.75143679697817,7.226816344055711,65,,
2018,8,1,10,0,8.5,-15,27.2,2,113,290.0,228,280.3270543986871,0,999.2,35.846816766837776,5.912368310022281,61,,
2018,8,1,11,0,8.5,1,19,1.5,182,268.0,217,327.5109543816976,0,999.6,38.46589110324271,7.37898561304729,59,,
2018,8,1,12,0,8.6,18,13.8,1.1,170,260.0,227,344.65905092572183,0,999.8,39.00510024065301,7.193617638729932,61,,
2018,8,1,13,0,8.7,33,14.6,0.8,127,207.0,194,304.0102421840544,0,1000.1,30.52852145788279,8.085998007875066,66,,
2018,8,1,14,0,8.9,46,23.5,0.5,100,169.0,81,239.0645290884785,0,1000.3,29.152363677516973,8.04691115065667,73,,
2018,8,1,15,0,8.9,57,15.6,0.3,56,133.0,24,154.8658994464772,0,1000.7,31.203627064300235,7.850860355543138,82,,
2018,8,1,16,0,8.8,67,0,0.2,3,53.0,1,51.96211939938034,0,1001.2,31.495308505188746,6.828458105730671,92,,
2018,8,1,17,0,8.7,77,0,0.2,0,1.0,0,1.0642579919100823,0,1001.7,33.400957184889535,5.354292848290103,103,,
2018,8,1,18,0,8.5,86,0,0.5,0,0.0,0,0.0,0,1001.9,39.62637771568342,3.907988519986529,114,,
2018,8,1,19,0,8.2,96,0,1.2,0,0.0,0,0.0,0,1001.9,37.15625017873833,3.4976511038613904,125,,
2018,8,1,20,0,8,108,0,1.9,0,0.0,0,0.0,0,1001.8,40.85163555361589,2.3697336560090263,136,,
2018,8,1,21,0,8,124,0,2.4,0,0.0,0,0.0,0,1001.6,41.52663758877952,0.6411300622119552,147,,
2018,8,1,22,0,8.4,149,0,2.7,0,0.0,0,0.0,0,1001.1,232.45988393493903,1.1980311822749672,154,,
2018,8,1,23,0,8.7,-177,0,2.9,0,0.0,0,0.0,0,1000.6,231.9484588048524,2.981005029190387,157,,
2018,8,2,0,0,8.9,-144,0,3.2,0,0.0,0,0.0,0,1000.1,232.1991905678045,4.796629188029767,153,,
2018,8,2,1,0,8.9,-121,0,3.4,0,0.0,0,0.0,0,999.4,237.4685851335645,4.45367976965979,145,,
2018,8,2,2,0,9,-106,0,3.6,0,0.0,0,0.0,0,998.7,236.02822595743424,4.9165909877168295,135,,
2018,8,2,3,0,9,-94,0,3.8,0,0.0,0,0.0,0,998,239.86477126323007,5.133812637086307,123,,
2018,8,2,4,0,9.1,-84,0,3.9,0,0.0,0,0.0,0,997.3,244.8816706345898,5.323495061421551,112,,
2018,8,2,5,0,9.2,-75,0,4,0,0.0,0,0.0,0,996.6,242.92019847591504,5.699801341367829,101,,
2018,8,2,6,0,9.3,-66,2.4,4.4,8,0.0,1,0.0,0,995.9,246.9977661400908,6.697565009188573,90,,
2018,8,2,7,0,9.6,-55,33.9,5.1,62,6.0,6,5.0,0,995.1,249.64042475022225,6.933128560539094,80,,
2018,8,2,8,0,9.8,-44,38.9,5.8,107,28.0,39,48.450453045806505,0,994.4,242.9504259479033,7.514352389348176,72,,
2018,8,2,9,0,9.7,-30,72.2,6.4,100,102.0,0,144.18576912011764,0,993.7,237.8305513723771,8.423006455918399,65,,
2018,8,2,10,0,9.3,-15,55.3,6.9,187,271.0,11,272.2211282669798,0,992.9,244.6412299372448,9.350976481038202,61,,
2018,8,2,11,0,8.9,1,82.4,7.3,82,240.0,0,313.40277535429766,0,992.2,245.4379880072668,11.835900619499736,59,,
2018,8,2,12,0,8.4,18,66.9,6.9,149,232.0,0,328.24813402829386,0,991.9,245.5439010000873,12.487857874667132,61,,
2018,8,2,13,0,7.8,33,34.6,5.8,157,304.0,80,345.3496383856468,0,992,239.2970727948617,12.78448110185344,66,,
2018,8,2,14,0,7.1,46,8.2,4.7,89,438.0,143,345.307476156236,0,992.2,240.6727605387986,13.709442546235485,73,,
2018,8,2,15,0,6.8,57,52.3,4,33,354.0,5,231.61379589137997,0,992.3,237.5358125654463,13.32472477435426,82,,
2018,8,2,16,0,6.7,67,0,3.6,3,106.0,1,69.26208622444952,0,992.4,231.50795710529653,12.539937508733844,92,,
2018,8,2,17,0,6.7,77,0,3.2,0,4.0,0,1.2683745049913913,0,992.5,228.40958171537247,11.79949682797494,103,,
2018,8,2,18,0,6.6,86,0,3.3,0,0.0,0,0.0,0,992.4,229.4940891251929,11.86636670145136,114,,
2018,8,2,19,0,6.5,96,0,3.8,0,0.0,0,0.0,0,992.1,229.4765288517181,11.346596195259483,125,,
2018,8,2,20,0,6.4,108,0,4.4,0,0.0,0,0.0,0,991.9,218.70831143869484,11.485257435326906,136,,
2018,8,2,21,0,6.3,125,0,4.6,0,0.0,0,0.0,0,991.7,216.1914739783105,11.913774615702517,146,,
2018,8,2,22,0,6.2,149,0,4.4,0,0.0,0,0.0,0,991.6,215.4686359426716,12.671172107247514,154,,
2018,8,2,23,0,6,-177,0,4.3,0,0.0,0,0.0,0,991.5,218.26164328681065,12.926664938394577,157,,
2018,8,3,0,0,5.6,-144,0,3.9,0,0.0,0,0.0,0,991.8,219.44319312924452,12.76130594800832,153,,
2018,8,3,1,0,4.9,-121,19.7,3.1,0,0.0,0,0.0,0,992.6,210.9234355420119,13.446229312721588,145,,
2018,8,3,2,0,4.1,-106,43,2.4,0,0.0,0,0.0,0,993.3,210.8147112434018,13.9870214100012,134,,
2018,8,3,3,0,3.7,-95,45,2,0,0.0,0,0.0,0,994.3,212.3032301041473,13.809660926167092,123,,
2018,8,3,4,0,3.6,-85,23.6,1.8,0,0.0,0,0.0,0,995.7,215.553967744918,13.775459270990446,112,,
2018,8,3,5,0,3.5,-75,0,1.6,0,0.0,0,0.0,0,997.1,218.84625623604933,13.603355734296942,101,,
2018,8,3,6,0,3.7,-66,0.5,1.4,7,0.0,1,0.0,0,998.4,219.4560270690961,13.721738956761325,90,,
2018,8,3,7,0,4.2,-56,45.6,1.2,49,22.0,11,7.000000000000002,0,999.4,211.9468470710309,13.602476476015523,80,,
2018,8,3,8,0,4.8,-44,43.4,1,81,111.0,57,72.08135781715248,0,1000.5,218.6551984764952,12.79542006208549,72,,
2018,8,3,9,0,5.2,-30,42.7,0.8,136,169.0,99,166.33454374183862,0,1001.5,224.03996748117856,12.446550306509458,65,,
2018,8,3,10,0,5.6,-15,30.6,0.7,190,88.0,145,211.52258782874688,0,1002.3,246.4239946074216,12.200767321083104,60,,
2018,8,3,11,0,6,1,10.5,0.6,113,17.0,342,150.02689646974298,0,1003.1,238.03100041769392,10.718092052963632,59,,
2018,8,3,12,0,6.3,18,3.3,0.2,95,11.0,366,134.69623598145097,0,1003.9,237.278044916462,9.94289003102594,61,,
2018,8,3,13,0,6.6,33,16.5,-0.4,114,14.0,213,138.20717424877336,0,1004.7,231.20171519448948,10.980046492484249,66,,
2018,8,3,14,0,6.9,46,0,-1,52,30.0,208,146.8977204781265,0,1005.5,250.95424980115072,12.065516025631055,73,,
2018,8,3,15,0,6.9,57,0,-1.5,38,3.0,65,42.10033330057742,0,1006.4,260.7297434222872,10.692135129201342,82,,
2018,8,3,16,0,6.6,68,0,-1.8,3,1.0,1,9.232108122319111,0,1007.3,269.01167529312625,8.973747127318358,92,,
2018,8,3,17,0,6.4,77,0,-2,0,0.0,0,0.0,0,1008.2,281.56742340184945,9.7378198519708,103,,
2018,8,3,18,0,6,86,0,-1.9,0,0.0,0,0.0,0,1009,291.72317496408,12.583591038810262,114,,
2018,8,3,19,0,5.6,97,0,-1.5,0,0.0,0,0.0,0,1009.7,256.62836453446255,11.026461053451603,125,,
2018,8,3,20,0,5.1,109,0,-1.1,0,0.0,0,0.0,0,1010.4,247.94983535852745,9.502422855132297,136,,
2018,8,3,21,0,5,125,0,-0.9,0,0.0,0,0.0,0,1010.7,284.41674980212764,7.792753842863472,146,,
2018,8,3,22,0,5.3,149,0,-0.9,0,0.0,0,0.0,0,1010.5,302.33962825515675,5.846831447657269,154,,
2018,8,3,23,0,5.6,-177,0,-1,0,0.0,0,0.0,0,1010.2,317.87554189590946,5.1136279706211765,157,,
2018,8,4,0,0,5.9,-144,0,-0.8,0,0.0,0,0.0,0,1009.9,11.695251249561808,6.906067945057174,153,,
2018,8,4,1,0,6.1,-122,0,-0.6,0,0.0,0,0.0,0,1009.6,11.09934317179318,8.28510083328843,145,,
2018,8,4,2,0,6.3,-106,0,-0.4,0,0.0,0,0.0,0,1009.2,4.160420728874897,7.820657579580798,134,,
2018,8,4,3,0,6.6,-95,0,-0.1,0,0.0,0,0.0,0,1008.8,22.00764061885735,10.68086064612854,123,,
2018,8,4,4,0,6.8,-85,0,0.3,0,0.0,0,0.0,0,1008.6,26.748426570091,10.848369925199355,112,,
2018,8,4,5,0,7,-76,0,0.6,0,0.0,0,0.0,0,1008.3,24.052775436998274,9.973408737511676,101,,
2018,8,4,6,0,7.4,-66,0.6,1.3,8,0.0,3,0.0,0,1007.9,20.064584937014047,8.008526505063392,90,,
2018,8,4,7,0,7.8,-56,26.5,2.3,77,47.0,14,11.000000000000004,0,1007.6,0.0,6.330078125,80,,
2018,8,4,8,0,8.3,-44,29.1,3.3,140,50.0,49,65.71101777043648,0,1007.2,341.5488659290585,8.19906984642,71,,
2018,8,4,9,0,8.7,-30,16.7,4.1,125,7.0,202,63.779188562366514,0,1006.5,327.45872095039863,6.15358790820918,64,,
2018,8,4,10,0,9,-15,48.4,4.5,164,4.0,75,73.53902538630945,0,1005.4,301.25912933249043,6.123870453515175,60,,
2018,8,4,11,0,9.3,1,61.1,5,190,9.0,1,125.2846106227671,0,1004.3,303.91169349059646,9.73298925697665,59,,
2018,8,4,12,0,9.4,18,41.2,5.5,220,4.0,49,95.08696992690454,0,1003.2,296.11116357648257,10.571321229247031,61,,
2018,8,4,13,0,9.3,33,37.6,6,115,2.0,115,68.03726544250442,0,1002.1,286.53102612895054,11.15874770064366,65,,
2018,8,4,14,0,9.2,46,45.7,6.5,119,5.0,15,81.33477436591761,0,1001,284.58278300832853,9.671429625380508,73,,
2018,8,4,15,0,9.1,58,55.8,6.8,38,3.0,0,44.1108339406975,0,1000.1,291.7996101330341,10.10520845069855,82,,
2018,8,4,16,0,8.9,68,50.4,6.9,2,1.0,0,11.23536027529573,0,999.2,300.5969340747805,10.418040772722962,92,,
2018,8,4,17,0,8.8,77,40.2,7.1,0,0.0,0,0.0,0,998.4,306.51284848227215,9.857076159257996,102,,
2018,8,4,18,0,8.7,87,41.1,7,0,0.0,0,0.0,0,997.5,303.0863639207789,9.401986017462448,114,,
2018,8,4,19,0,8.5,97,40.7,6.7,0,0.0,0,0.0,0,996.6,296.1349212644812,8.944523955658793,125,,
2018,8,4,20,0,8.3,109,41.9,6.4,0,0.0,0,0.0,0,995.7,289.4528220967245,8.009716648639479,136,,
2018,8,4,21,0,7.9,125,42.1,6.1,0,0.0,0,0.0,0,995.3,289.0184298566025,8.324262893681437,146,,
2018,8,4,22,0,7.4,150,37.5,5.8,0,0.0,0,0.0,0,995.1,294.55374168196886,9.933147778927472,154,,
2018,8,4,23,0,7,-177,32.1,5.4,0,0.0,0,0.0,0,995,292.39651329622893,11.056405371376975,156,,
2018,8,5,0,0,6.4,-145,28.5,4.9,0,0.0,0,0.0,0,995.1,293.4788131837054,9.2616702415969,153,,
2018,8,5,1,0,5.8,-122,5.3,4.2,0,0.0,0,0.0,0,995.3,276.4580138860165,8.823567687692556,144,,
2018,8,5,2,0,5.2,-107,0,3.5,0,0.0,0,0.0,0,995.6,272.2907231839522,9.882897623170493,134,,
2018,8,5,3,0,4.8,-95,0,3.1,0,0.0,0,0.0,0,996.1,277.7031302729986,10.744419892437936,123,,
2018,8,5,4,0,4.7,-85,0,2.8,0,0.0,0,0.0,0,996.7,278.85558470492174,11.643681323370547,112,,
2018,8,5,5,0,4.6,-76,0,2.6,0,0.0,0,0.0,0,997.4,280.029298536648,12.087048006729477,100,,
2018,8,5,6,0,4.8,-66,0,2.5,9,0.0,2,0.0,0,998,276.37846949810006,12.308615446903884,90,,
2018,8,5,7,0,5.4,-56,15.5,2.3,59,3.0,34,5.0,0,998.4,273.27085623621406,11.916873910353392,80,,
2018,8,5,8,0,6,-44,13.3,2.2,122,7.0,103,36.68394969904238,0,998.8,271.65162027241456,13.358088633304355,71,,
2018,8,5,9,0,6.3,-30,17.1,2.1,141,21.0,188,104.4163638254958,0,998.9,269.501079166185,13.20557878479225,64,,
2018,8,5,10,0,6.3,-15,31.2,2,217,38.0,111,161.76876274246234,0,998.8,269.4127406510691,13.41061652593989,60,,
2018,8,5,11,0,6.3,1,25,1.9,221,42.0,155,198.16149061691425,0,998.7,268.60463591153683,14.266681765703575,58,,
2018,8,5,12,0,6.4,18,30.1,1.9,189,119.0,138,286.55915087835217,0,998.6,269.1913603414299,14.51389665035586,60,,
2018,8,5,13,0,6.4,33,37.3,2.1,117,244.0,124,341.4949665036006,0,998.7,268.35940559798485,12.927662569276828,65,,
2018,8,5,14,0,6.4,46,39.8,2.2,132,264.0,22,299.26393812698103,0,998.8,262.91916700485854,12.95869627160155,72,,
2018,8,5,15,0,6.5,58,44.5,2.2,49,144.0,1,171.82931444409596,0,999.1,260.8012845708976,13.792362088517743,81,,
2018,8,5,16,0,6.5,68,0.7,2.1,5,46.0,1,55.97755228628672,0,999.5,260.5437776950178,15.0799146153489,91,,
2018,8,5,17,0,6.5,78,0,2,0,2.0,0,2.1515768438657688,0,1000,256.4197015382564,16.161816256074978,102,,
2018,8,5,18,0,6.6,87,0,1.9,0,0.0,0,0.0,0,1000.4,259.2538274919252,16.545035486030507,113,,
2018,8,5,19,0,6.5,97,0,1.9,0,0.0,0,0.0,0,1000.8,243.0212634681897,14.713776321115366,125,,
2018,8,5,20,0,6.5,109,0,1.9,0,0.0,0,0.0,0,1001.2,240.7023535950852,15.009750298695131,136,,
2018,8,5,21,0,6.6,126,0,1.8,0,0.0,0,0.0,0,1001.6,244.28072578445887,15.525658969285317,146,,
2018,8,5,22,0,6.6,150,0,1.7,0,0.0,0,0.0,0,1002.1,242.1515362871669,16.076754321587952,153,,
2018,8,5,23,0,6.7,-177,0,1.6,0,0.0,0,0.0,0,1002.5,243.31294640425827,15.2800872473479,156,,
2018,8,6,0,0,6.8,-145,0,1.5,0,0.0,0,0.0,0,1002.8,248.8643652325233,13.991247662067176,152,,
2018,8,6,1,0,6.9,-122,0,1.4,0,0.0,0,0.0,0,1003.1,259.2146178645481,13.880203203650046,144,,
2018,8,6,2,0,7,-107,0,1.3,0,0.0,0,0.0,0,1003.4,285.4262842858544,12.74403535879807,134,,
2018,8,6,3,0,7.1,-95,0,1.4,0,0.0,0,0.0,0,1003.8,273.82074459144553,10.881607251818444,123,,
2018,8,6,4,0,7.3,-85,0,1.6,0,0.0,0,0.0,0,1004.2,290.6152805774077,10.254021533136356,111,,
2018,8,6,5,0,7.5,-76,0,1.8,0,0.0,0,0.0,0,1004.7,327.494250220142,7.88551002373269,100,,
2018,8,6,6,0,7.8,-66,0,2.5,9,0.0,6,0.0,0,1005.2,15.132787061568932,5.736520682802422,90,,
2018,8,6,7,0,8.3,-56,0,3.8,43,0.0,93,2.0,0,1005.9,40.51360425716433,4.429363938612897,80,,
2018,8,6,8,0,8.8,-44,6.1,5,94,2.0,172,17.202564268265245,0,1006.6,48.15047862749958,4.953608859282541,71,,
2018,8,6,9,0,9.2,-31,24.5,5.5,203,4.0,108,50.04702356825822,0,1007,43.9696597426323,5.894660488200852,64,,
2018,8,6,10,0,9.7,-15,36.6,5.4,203,18.0,104,134.06720939324205,0,1007.1,40.18207595131531,5.598952330356899,60,,
2018,8,6,11,0,10.1,2,13.4,5.3,163,52.0,280,223.17171104913564,0,1007.2,28.585183827655896,6.625193435616049,58,,
2018,8,6,12,0,10.3,18,30.3,5.4,212,16.0,120,161.4757066470025,0,1007.3,17.73358034547482,6.91885000309956,60,,
2018,8,6,13,0,10.4,33,20.1,5.6,156,5.0,160,90.6322949041312,0,1007.5,347.48777930011886,7.500651589540304,65,,
2018,8,6,14,0,10.4,46,5.4,5.8,78,6.0,173,84.84688627005674,0,1007.6,338.54544887650536,7.983096388022884,72,,
2018,8,6,15,0,10.3,58,15.2,6,57,5.0,41,54.88693016812898,0,1008,336.91127549765736,6.285986457271838,81,,
2018,8,6,16,0,10,68,2.2,6.1,5,5.0,1,24.209765276958212,0,1008.5,341.205161945636,4.019244637016111,91,,
2018,8,6,17,0,9.7,78,0,6.2,0,0.0,0,1.0,0,1009,345.59937548830726,3.035309462442197,102,,
2018,8,6,18,0,9.2,87,0,6.1,0,0.0,0,0.0,0,1009.4,18.13627337369332,2.2807928698565765,113,,
2018,8,6,19,0,8.6,97,0,5.8,0,0.0,0,0.0,0,1009.8,13.866960543292294,5.35102479558385,125,,
2018,8,6,20,0,8,109,0,5.5,0,0.0,0,0.0,0,1010.2,14.56429222142708,5.865987423861198,136,,
2018,8,6,21,0,7.8,126,0,5.4,0,0.0,0,0.0,0,1010.5,10.295308123701943,5.902651790757877,146,,
2018,8,6,22,0,8.1,150,0,5.6,0,0.0,0,0.0,0,1010.8,8.11222364002299,7.192084239555744,153,,
2018,8,6,23,0,8.3,-177,0,5.8,0,0.0,0,0.0,0,1011,11.485403109276206,8.035915474265314,156,,
2018,8,7,0,0,8.3,-145,0,5.8,0,0.0,0,0.0,0,1011.2,8.413118000531654,8.954021485534659,152,,
2018,8,7,1,0,8.2,-123,0,5.7,0,0.0,0,0.0,0,1011.4,3.898761688063644,9.339240303153174,144,,
2018,8,7,2,0,8.1,-107,0,5.5,0,0.0,0,0.0,0,1011.5,359.0806400595309,9.96637088165024,134,,
2018,8,7,3,0,8,-95,0,5.3,0,0.0,0,0.0,0,1011.8,358.6768792319211,10.615379176691958,123,,
2018,8,7,4,0,7.8,-86,0,5.1,0,0.0,0,0.0,0,1012.3,356.3089026807845,9.359502931589804,111,,
2018,8,7,5,0,7.7,-76,0,4.9,0,0.0,0,0.0,0,1012.7,0.6215101857126797,10.375854577637725,100,,
2018,8,7,6,0,7.9,-67,0,4.9,9,0.0,8,0.0,0,1013,6.361499731821652,8.84449820167359,89,,
2018,8,7,7,0,8.4,-56,0.7,5.2,46,4.0,95,6.0,0,1013.2,17.986189070730006,11.010483701255858,79,,
2018,8,7,8,0,8.9,-44,4.6,5.4,85,13.0,194,45.36427475020573,0,1013.4,31.09871005592145,11.83896202496872,71,,
2018,8,7,9,0,9.2,-31,10.1,5.4,141,48.0,237,133.75214273304906,0,1013.5,32.70820487931138,10.88637097600178,64,,
2018,8,7,10,0,9.5,-15,0.1,5,69,165.0,427,249.4501978402684,0,1013.4,31.00893142280819,12.160785900152767,59,,
2018,8,7,11,0,9.7,2,1.1,4.7,82,441.0,432,412.2845792978178,0,1013.3,31.55793104414016,13.513651173401122,58,,
2018,8,7,12,0,9.8,18,0,4.5,73,431.0,412,435.07385423301696,0,1013.3,25.09626271684084,13.085406239671483,60,,
2018,8,7,13,0,9.7,33,0,4.5,69,327.0,329,377.4560620131229,0,1013.3,11.87469105217258,12.173102350019526,65,,
2018,8,7,14,0,9.6,47,0,4.5,60,302.0,208,314.4483862681766,0,1013.3,0.5918727175389904,12.100743294971046,72,,
2018,8,7,15,0,9.3,58,1.4,4.5,41,142.0,72,171.1006345235014,0,1013.5,358.8947357730367,10.884837688520308,81,,
2018,8,7,16,0,8.8,68,0,4.5,5,27.0,3,45.62284736190135,0,1013.9,348.4328752382752,11.44509098242214,91,,
2018,8,7,17,0,8.3,78,0,4.5,0,1.0,0,1.0817257879831634,0,1014.2,339.8470579913141,11.392563167034435,102,,
2018,8,7,18,0,7.6,87,0,4.3,0,0.0,0,0.0,0,1014.5,330.8685724608455,10.558214054485186,113,,
2018,8,7,19,0,6.7,98,0,4,0,0.0,0,0.0,0,1014.7,323.23601165471933,11.490742287181162,124,,
2018,8,7,20,0,5.8,110,0,3.8,0,0.0,0,0.0,0,1014.9,317.39214459332464,11.820848824687314,135,,
2018,8,7,21,0,5.7,126,0,3.9,0,0.0,0,0.0,0,1015,303.57677710715546,11.540589935927084,145,,
2018,8,7,22,0,6.4,150,0,4.3,0,0.0,0,0.0,0,1014.9,295.8238017404284,14.60062759574115,153,,
2018,8,7,23,0,7.2,-177,0,4.7,0,0.0,0,0.0,0,1014.8,300.9866193109008,17.41816139841833,156,,
2018,8,8,0,0,7.5,-145,0,4.8,0,0.0,0,0.0,0,1014.7,309.2506931207172,19.092456981437643,152,,
2018,8,8,1,0,7.4,-123,0,4.7,0,0.0,0,0.0,0,1014.5,310.9919306436379,18.51136147548142,144,,
2018,8,8,2,0,7.3,-107,0,4.5,0,0.0,0,0.0,0,1014.4,325.0975043840753,18.5735463707622,133,,
2018,8,8,3,0,7.2,-96,0,4.4,0,0.0,0,0.0,0,1014.5,338.259762932978,16.17830753750289,122,,
2018,8,8,4,0,7.1,-86,0,4.4,0,0.0,0,0.0,0,1014.7,337.8513858924862,16.45152175279459,111,,
2018,8,8,5,0,7,-76,0,4.3,0,0.0,0,0.0,0,1014.9,334.22677343123564,15.374653897615584,100,,
2018,8,8,6,0,7,-67,5,4.2,13,0.0,3,0.0,0,1015.1,333.416063523239,16.893669180512674,89,,
2018,8,8,7,0,7,-56,49.7,3.9,70,2.0,0,3.0,0,1015.3,341.16689993926303,16.820696881726445,79,,
2018,8,8,8,0,7,-45,61.4,3.6,116,45.0,0,63.891138164140976,0,1015.4,348.1706241868482,14.048353106814083,70,,
2018,8,8,9,0,7.4,-31,39.5,3.5,188,29.0,72,104.82013591245584,0,1015.3,357.2874586726163,13.577957698814144,63,,
2018,8,8,10,0,8.1,-15,25.3,3.5,228,92.0,143,212.87224021775592,0,1014.9,10.36526200966108,11.866255969113656,59,,
2018,8,8,11,0,8.9,2,50.6,3.4,258,261.0,0,347.5008450423134,0,1014.5,21.60944807348949,12.151416219581568,58,,
2018,8,8,12,0,9.2,18,53,3.5,230,293.0,1,383.6200119158247,0,1014.1,27.278171402859414,13.658869428841276,60,,
2018,8,8,13,0,9.2,34,65.3,3.6,135,397.0,7,411.1891365918336,0,1013.7,28.83895647323459,14.1443319888698,65,,
2018,8,8,14,0,9.2,47,57.7,3.7,113,434.0,0,370.2615687752566,0,1013.3,30.01318106114581,14.47909427620152,72,,
2018,8,8,15,0,9,58,21.9,4,66,301.0,19,234.77244540051248,0,1013.1,29.526402121805177,13.762444285644651,81,,
2018,8,8,16,0,8.6,69,11.2,4.3,5,27.0,3,47.71365227974992,0,1013.2,29.86533273887472,12.661442812218745,91,,
2018,8,8,17,0,8.1,78,9.1,4.6,0,3.0,0,2.2541986972192296,0,1013.2,31.054791781073504,11.3840703537604,102,,
2018,8,8,18,0,7.6,88,60.3,4.6,0,0.0,0,0.0,0,1013.2,28.15919316017073,10.647717270314873,113,,
2018,8,8,19,0,6.8,98,46.4,4.5,0,0.0,0,0.0,0,1013.3,23.90013932541456,10.341862082703566,124,,
2018,8,8,20,0,6.1,110,59.1,4.4,0,0.0,0,0.0,0,1013.3,22.64379721748577,10.07125238097306,135,,
2018,8,8,21,0,6,127,59,4.3,0,0.0,0,0.0,0,1013.1,16.742908370792804,8.591769749762712,145,,
2018,8,8,22,0,6.4,151,51.7,4.4,0,0.0,0,0.0,0,1012.8,10.466873584558186,8.903276536052934,153,,
2018,8,8,23,0,6.9,-177,42.9,4.4,0,0.0,0,0.0,0,1012.4,5.005150013584853,8.196292673121757,155,,
2018,8,9,0,0,7.2,-146,42.3,4.6,0,0.0,0,0.0,0,1012,358.33547509351416,7.833383526201618,152,,
2018,8,9,1,0,7.3,-123,42.8,4.8,0,0.0,0,0.0,0,1011.6,348.1315608821171,8.836610402490274,143,,
2018,8,9,2,0,7.5,-108,41.2,5,0,0.0,0,0.0,0,1011.2,343.6788603122286,8.85183117787862,133,,
2018,8,9,3,0,7.6,-96,39.8,5.3,0,0.0,0,0.0,0,1010.8,337.62641753029834,9.05704355731787,122,,
2018,8,9,4,0,7.8,-86,42.5,5.6,0,0.0,0,0.0,0,1010.5,331.99696915802167,8.636366065323866,111,,
2018,8,9,5,0,7.9,-77,36.5,5.8,0,0.0,0,0.0,0,1010.1,332.1886475143262,9.141107693178329,100,,
2018,8,9,6,0,8.2,-67,42.5,6.2,8,0.0,0,0.0,0,1009.9,332.91172321079495,9.553037951755718,89,,
2018,8,9,7,0,8.6,-57,84.3,6.5,20,3.0,0,5.0,0,1010,331.17883020760576,8.800311845163254,79,,
2018,8,9,8,0,8.9,-45,89.4,6.9,31,9.0,0,37.01271543479984,0,1010.1,329.81183408061014,8.77532644140127,70,,
2018,8,9,9,0,9.4,-31,85.7,7.3,61,5.0,0,54.368629427178135,0,1009.6,323.40298919287045,8.734767038353667,63,,
2018,8,9,10,0,9.8,-15,54.6,7.7,223,3.0,0,66.21491884033163,0,1008.7,319.09259844437065,10.80038864498306,59,,
2018,8,9,11,0,10.3,2,45.7,8.1,269,4.0,9,92.9862785188913,0,1007.7,316.7142244890505,11.409101795967992,57,,
2018,8,9,12,0,10.5,18,31.1,8.2,243,3.0,89,88.62643323805139,0,1006.9,310.7303238427824,11.065096733585746,59,,
2018,8,9,13,0,10.5,34,12.7,8.1,132,1.0,211,50.53856139235964,0,1006.3,305.38247352757844,11.713468378679332,64,,
2018,8,9,14,0,10.5,47,45.5,8,111,2.0,44,49.97213992191094,0,1005.7,302.6557604528085,11.36975320916422,72,,
2018,8,9,15,0,10.4,59,45.3,7.9,61,2.0,1,37.77658292773303,0,1005.3,301.7141219675612,10.838333695539898,81,,
2018,8,9,16,0,10.1,69,4,7.7,6,3.0,1,20.75612885430285,0,1005.3,291.08322614141343,9.819956470308531,91,,
2018,8,9,17,0,9.8,78,0,7.5,0,0.0,0,1.0,0,1005.2,287.47665489811305,10.24795411789336,102,,
2018,8,9,18,0,9.5,88,0,7.3,0,0.0,0,0.0,0,1005.1,284.2265890699796,10.997180157346495,113,,
2018,8,9,19,0,9.2,98,0,7.2,0,0.0,0,0.0,0,1005,279.33569016503367,10.38758501598763,124,,
2018,8,9,20,0,9,110,0,7,0,0.0,0,0.0,0,1004.9,272.6363644160653,11.1993536460371,135,,
2018,8,9,21,0,8.9,127,0,7,0,0.0,0,0.0,0,1004.5,275.5616571824851,12.177197442228492,145,,
2018,8,9,22,0,9.1,151,0,7.2,0,0.0,0,0.0,0,1004,273.0206906644245,11.721364139173234,152,,
2018,8,9,23,0,9.3,-177,0,7.3,0,0.0,0,0.0,0,1003.4,268.8792674743173,12.269925361043311,155,,
2018,8,10,0,0,9.3,-146,0,7.4,0,0.0,0,0.0,0,1002.9,269.4848899542768,12.790555968146087,151,,
2018,8,10,1,0,9.3,-123,0,7.3,0,0.0,0,0.0,0,1002.3,264.3766569290906,12.475074600520331,143,,
2018,8,10,2,0,9.3,-108,0,7.2,0,0.0,0,0.0,0,1001.8,259.5680536820794,12.964291095591784,133,,
2018,8,10,3,0,9.2,-96,0,7.2,0,0.0,0,0.0,0,1001.2,258.3495862634257,13.592534138028157,122,,
2018,8,10,4,0,9.2,-86,22,7.1,0,0.0,0,0.0,0,1000.7,259.1767123233427,14.617451588433235,111,,
2018,8,10,5,0,9.2,-77,37.3,7,0,0.0,0,0.0,0,1000.2,259.93089570070606,15.470707904327082,99,,
2018,8,10,6,0,9.2,-67,25.3,7,11,0.0,0,0.0,0,999.8,262.2546237514375,16.490288334601996,89,,
2018,8,10,7,0,9.4,-57,73.9,7.3,31,6.0,0,8.0,0,999.6,260.9199198833136,17.393005211634325,79,,
2018,8,10,8,0,9.6,-45,79.8,7.6,56,19.0,0,58.212333573178576,0,999.4,263.53348078516456,18.623367726083025,70,,
2018,8,10,9,0,9.7,-31,80.1,7.6,78,59.0,0,151.3941707927354,0,998.8,276.0720479400711,18.838109938955096,63,,
2018,8,10,10,0,9.8,-15,78.5,7.6,101,191.0,0,281.16275766680104,0,997.9,282.6232025264487,20.477394439319003,58,,
2018,8,10,11,0,9.9,2,94.6,7.5,27,499.0,0,455.9287789536876,0,997,289.1772074963835,19.780023517221004,57,,
2018,8,10,12,0,9.9,18,92.2,7.5,37,406.0,0,449.8336959441723,0,996.2,294.37919610517105,18.4666753675154,59,,
2018,8,10,13,0,9.9,34,81.6,7.6,71,86.0,0,260.6708727187195,0,995.5,298.3870448518526,17.479209880146477,64,,
2018,8,10,14,0,9.9,47,62.8,7.7,62,11.0,23,108.390062071836,0,994.8,346.43043362921145,12.424204772219818,71,,
2018,8,10,15,0,9.9,59,41.2,7.7,64,6.0,4,59.35191050844051,0,994.4,10.690060231121263,8.665527013588559,80,,
2018,8,10,16,0,9.8,69,2.7,7.8,6,4.0,1,23.021826633296783,0,994.3,24.042508797888445,8.25338916088593,91,,
2018,8,10,17,0,9.7,79,0,7.9,0,0.0,0,1.0,0,994.2,32.020358105348805,7.327157959238501,101,,
2018,8,10,18,0,9.5,88,0,7.9,0,0.0,0,0.0,0,994.2,51.373299754160826,4.156983253504461,113,,
2018,8,10,19,0,9.2,98,0,7.8,0,0.0,0,0.0,0,994.2,118.02773136490003,2.0959048214115685,124,,
2018,8,10,20,0,8.9,111,5.3,7.7,0,0.0,0,0.0,0,994.3,148.7973087344235,3.4839721327043827,135,,
2018,8,10,21,0,8.8,127,0,7.7,0,0.0,0,0.0,0,994.3,181.4364529967565,3.691101360344689,145,,
2018,8,10,22,0,8.8,151,18.1,7.6,0,0.0,0,0.0,0,994.3,183.82846681367903,4.267090723762461,152,,
2018,8,10,23,0,8.8,-177,39.5,7.6,0,0.0,0,0.0,0,994.2,188.32673664592087,2.7968171396077843,155,,
2018,8,11,0,0,8.8,-146,37.9,7.5,0,0.0,0,0.0,0,994.3,221.17731184955187,1.9860785823624287,151,,
2018,8,11,1,0,8.6,-124,38.8,7.4,0,0.0,0,0.0,0,994.5,273.96490083134734,1.1228045127408317,143,,
2018,8,11,2,0,8.5,-108,42.9,7.2,0,0.0,0,0.0,0,994.7,303.6487638058495,1.033224181337454,133,,
2018,8,11,3,0,8.4,-96,41.8,7.1,0,0.0,0,0.0,0,995,297.2278081376083,2.218201179862265,122,,
2018,8,11,4,0,8.4,-86,23,7,0,0.0,0,0.0,0,995.4,282.2744018142279,2.469038258394802,110,,
2018,8,11,5,0,8.3,-77,0,6.9,0,0.0,0,0.0,0,995.8,283.2403009096925,3.657276148135252,99,,
2018,8,11,6,0,8.6,-67,0,6.8,14,0.0,4,0.0,0,996.1,300.26645235173555,4.524154533782887,88,,
2018,8,11,7,0,9.3,-57,31.1,6.8,75,1.0,17,3.0,0,996.3,310.8807625430832,4.820987227590116,78,,
2018,8,11,8,0,9.9,-45,37.5,6.9,158,2.0,17,17.240868758115706,0,996.5,346.6737279051405,6.9959963904102125,70,,
2018,8,11,9,0,10.2,-31,40.4,7.2,242,2.0,5,37.564164663260925,0,996.4,350.9449686026929,5.956804239919244,63,,
2018,8,11,10,0,10.1,-15,41.2,7.7,264,5.0,26,83.06775912601734,0,996.1,0.6643292984228992,5.390499058233571,58,,
2018,8,11,11,0,10.1,2,33.6,8.2,320,11.0,18,137.55728237328873,0,995.8,17.129609759729306,4.897165337082098,57,,
2018,8,11,12,0,10,19,31.5,8.4,256,12.0,70,151.6081877836274,0,995.4,17.109251526956086,5.676248220096083,59,,
2018,8,11,13,0,10.1,34,44.3,8.3,170,7.0,43,115.82794369899304,0,995,13.838510256258871,6.125304477286068,64,,
2018,8,11,14,0,10.1,47,9.6,8.1,115,10.0,126,109.93974739829967,0,994.7,10.539709590658164,7.298181033012871,71,,
2018,8,11,15,0,10.1,59,39.8,8,66,5.0,1,57.978527166460026,0,994.5,9.390090519625062,8.1821473111135,80,,
2018,8,11,16,0,10.1,69,54.3,7.8,5,4.0,0,26.03556729807308,0,994.4,9.484558278457314,7.34280746985797,90,,
2018,8,11,17,0,10.1,79,54.6,7.7,0,0.0,0,1.0,0,994.3,20.207226679837845,6.542852823169904,101,,
2018,8,11,18,0,10.1,88,57.4,7.5,0,0.0,0,0.0,0,994.4,37.62956194368627,6.51863935894213,113,,
2018,8,11,19,0,10,99,66,7.4,0,0.0,0,0.0,0,994.5,44.71741441149516,6.825493368719142,124,,
2018,8,11,20,0,10,111,64.9,7.2,0,0.0,0,0.0,0,994.6,47.86658624738004,7.915309965850221,135,,
2018,8,11,21,0,10.1,128,62.2,7.1,0,0.0,0,0.0,0,994.3,53.62544872635078,7.86191490494978,145,,
2018,8,11,22,0,10.1,152,55.5,7.1,0,0.0,0,0.0,0,993.8,50.97422842356264,8.440837839204912,152,,
2018,8,11,23,0,10.2,-177,57.9,7,0,0.0,0,0.0,0,993.3,54.17496763398873,8.935372469508046,154,,
2018,8,12,0,0,10.2,-146,52.7,6.9,0,0.0,0,0.0,0,992.8,56.88754065641814,7.294488651428661,151,,
2018,8,12,1,0,10,-124,59.5,6.8,0,0.0,0,0.0,0,992.4,36.34134743987789,6.505257263997277,143,,
2018,8,12,2,0,9.9,-108,59.9,6.6,0,0.0,0,0.0,0,991.9,31.17337615477709,9.475946423662526,133,,
2018,8,12,3,0,9.7,-97,58.7,6.6,0,0.0,0,0.0,0,991.7,25.220268709715185,9.09985284424317,122,,
2018,8,12,4,0,9.5,-87,56.4,6.7,0,0.0,0,0.0,0,991.8,21.61138906443608,8.83073234201815,110,,
2018,8,12,5,0,9.3,-77,58.1,6.7,0,0.0,0,0.0,0,991.8,16.77425826493129,8.948387493688552,99,,
2018,8,12,6,0,9.6,-68,52.5,7.1,13,0.0,0,0.0,0,992,9.80202821533851,8.164102483040036,88,,
2018,8,12,7,0,10.4,-57,9.8,7.7,66,20.0,72,12.000000000000002,0,992.5,4.941382743101769,8.097723416364085,78,,
2018,8,12,8,0,11.1,-45,0.8,8.3,85,43.0,212,75.35391212727768,0,993,358.90971886800355,8.404109419944664,69,,
2018,8,12,9,0,11.5,-31,0,8.6,83,123.0,345,186.2234036374821,0,993.2,354.8443693421663,9.04170712265656,62,,
2018,8,12,10,0,11.4,-15,3.6,8.6,115,34.0,373,174.20992980272476,0,993.3,347.4309635598688,10.258546429633098,58,,
2018,8,12,11,0,11.3,2,4.8,8.6,134,13.0,370,146.62495725546083,0,993.4,348.5459462577427,11.040185913027084,57,,
2018,8,12,12,0,11.1,19,12.7,8.6,188,15.0,246,162.32536177067828,0,993.5,338.4011223386631,12.761284605078906,59,,
2018,8,12,13,0,10.8,34,57.7,8.7,162,10.0,13,130.5105311895053,0,993.8,342.1297866243658,15.642376432953489,64,,
2018,8,12,14,0,10.6,48,22,8.7,99,4.0,126,72.99190237208988,0,994,354.24993136253374,16.219304393194072,71,,
2018,8,12,15,0,10.2,59,15.4,8.6,70,9.0,35,71.59505991551688,0,994.5,1.2241428658842324,14.856173825339502,80,,
2018,8,12,16,0,9.8,70,4.1,8.2,6,20.0,5,49.24694602674739,0,995.4,12.909736652964398,14.032178210883284,90,,
2018,8,12,17,0,9.3,79,23.3,7.8,0,2.0,0,3.1939778471474387,0,996.2,17.93850548941134,13.312175451271576,101,,
2018,8,12,18,0,9,89,15.1,7.4,0,0.0,0,0.0,0,996.9,19.39700491927136,14.497952310489357,112,,
2018,8,12,19,0,8.7,99,37.3,7.1,0,0.0,0,0.0,0,997.4,19.930224591204023,13.875975711985443,124,,
2018,8,12,20,0,8.5,111,28.2,6.7,0,0.0,0,0.0,0,997.9,27.77367351033456,12.355823479190494,135,,
2018,8,12,21,0,8.3,128,43,6.6,0,0.0,0,0.0,0,998.3,25.965408406289725,12.487835195699317,144,,
2018,8,12,22,0,8.3,152,23.3,6.7,0,0.0,0,0.0,0,998.6,25.347838162327665,13.20921127844182,152,,
2018,8,12,23,0,8.4,-177,0,6.8,0,0.0,0,0.0,0,999,26.68207534752236,13.15035630684401,154,,
2018,8,13,0,0,8.2,-146,0,6.6,0,0.0,0,0.0,0,999.4,26.75856145575858,13.254346694621065,150,,
2018,8,13,1,0,7.8,-124,0,5.9,0,0.0,0,0.0,0,1000.1,25.51421482501973,12.496240665660874,142,,
2018,8,13,2,0,7.5,-109,0,5.2,0,0.0,0,0.0,0,1000.7,27.963456402540373,12.459854246308062,132,,
2018,8,13,3,0,7.3,-97,0,4.6,0,0.0,0,0.0,0,1001.5,27.198008832418,13.056136342526786,121,,
2018,8,13,4,0,7.1,-87,0,4.2,0,0.0,0,0.0,0,1002.4,31.603853938518967,12.308052523234982,110,,
2018,8,13,5,0,6.9,-77,0,3.8,0,0.0,0,0.0,0,1003.3,28.11521536706005,11.034469980151412,99,,
2018,8,13,6,0,7.3,-68,0,3.7,14,0.0,11,0.0,0,1004.1,27.353532691725547,9.021117485995015,88,,
2018,8,13,7,0,8,-57,2.2,3.9,58,8.0,100,9.0,0,1004.7,13.44581374768694,8.762893703420872,78,,
2018,8,13,8,0,8.8,-45,8.3,4,114,31.0,172,67.98853851109394,0,1005.3,17.616246052657857,10.730759157431631,69,,
2018,8,13,9,0,9.3,-31,42.6,4.1,243,163.0,14,202.3883253287761,0,1005.7,15.483299804526382,12.145872420558335,62,,
2018,8,13,10,0,9.5,-15,9.4,3.9,138,215.0,334,298.81363837630994,0,1005.8,13.843899338873996,12.84078232619382,58,,
2018,8,13,11,0,9.6,2,45.6,3.8,215,204.0,80,347.87052155473896,0,1006,13.374447629509746,13.282849801144325,56,,
2018,8,13,12,0,9.6,19,53,3.8,191,47.0,46,235.29235787716524,0,1006.1,11.432964491528251,15.474537184947833,58,,
2018,8,13,13,0,9.6,34,32,3.9,194,25.0,84,179.88237004800786,0,1006.3,8.17681657902574,15.41451863282476,63,,
2018,8,13,14,0,9.5,48,34,4,111,19.0,75,135.53812539362923,0,1006.5,9.020742836060776,16.51925750058195,71,,
2018,8,13,15,0,9.4,60,28.5,4.1,70,11.0,17,78.4354281460422,0,1006.8,6.700400833991807,16.454919137611135,80,,
2018,8,13,16,0,9.1,70,0.1,4.2,7,5.0,4,27.32911014016092,0,1007.4,3.859204949355842,15.525194336493389,90,,
2018,8,13,17,0,8.9,79,0,4.3,0,1.0,0,3.10010483971472,0,1008,1.7052236809400938,15.457040443060984,101,,
2018,8,13,18,0,8.6,89,0,4.5,0,0.0,0,0.0,0,1008.3,5.7594283002984525,15.618882896831844,112,,
2018,8,13,19,0,8.4,99,15.9,4.9,0,0.0,0,0.0,0,1008.6,4.198373155887225,15.980382456111728,124,,
2018,8,13,20,0,8.3,112,39.5,5.2,0,0.0,0,0.0,0,1008.8,5.107735417619495,15.499290974997354,134,,
2018,8,13,21,0,8.4,128,39.5,5.5,0,0.0,0,0.0,0,1009,4.4969223438686186,15.718554851996643,144,,
2018,8,13,22,0,8.7,152,21.4,5.8,0,0.0,0,0.0,0,1009,3.9384411144150135,16.12328147786817,151,,
2018,8,13,23,0,9.1,-177,0,6.1,0,0.0,0,0.0,0,1009,3.8822643251792215,15.433119691033628,154,,
2018,8,14,0,0,9.4,-146,0,6.4,0,0.0,0,0.0,0,1009.1,5.306036371105847,14.921605677945353,150,,
2018,8,14,1,0,9.5,-124,0,6.7,0,0.0,0,0.0,0,1009.2,6.501925993384475,14.594112747062429,142,,
2018,8,14,2,0,9.7,-109,0,7,0,0.0,0,0.0,0,1009.3,8.300532780277763,14.044832469372874,132,,
2018,8,14,3,0,9.8,-97,0,7.2,0,0.0,0,0.0,0,1009.4,8.109067027550907,12.88394907928102,121,,
2018,8,14,4,0,9.9,-87,0,7.4,0,0.0,0,0.0,0,1009.7,7.145972085134474,12.41922088674862,110,,
2018,8,14,5,0,10.1,-78,0,7.6,0,0.0,0,0.0,0,1009.9,4.372366743732698,11.7718090634769,99,,
2018,8,14,6,0,10.4,-68,6.4,7.9,17,0.0,5,0.0,0,1010.3,357.0375679085328,11.753255456546798,88,,
2018,8,14,7,0,10.9,-57,31.9,8.3,83,7.0,29,9.0,0,1010.9,351.2185703636874,11.790800665449932,78,,
2018,8,14,8,0,11.4,-45,13.4,8.7,135,22.0,141,60.923612064763454,0,1011.5,345.9582591463525,11.725614592014482,69,,
2018,8,14,9,0,11.7,-31,23,8.8,224,32.0,116,125.44482409838496,0,1011.8,340.86518009481256,13.064593811235753,62,,
2018,8,14,10,0,11.8,-15,48.7,8.6,204,46.0,64,189.63737613067897,0,1011.8,341.51724555180505,15.26749112213124,57,,
2018,8,14,11,0,11.9,2,59.6,8.3,218,119.0,0,295.7113444938823,0,1011.9,338.74204864185816,16.341924877264976,56,,
2018,8,14,12,0,11.8,19,36.6,8.3,250,114.0,70,307.27816662805185,0,1012,336.62495078482846,15.249089723919957,58,,
2018,8,14,13,0,11.5,35,17.2,8.3,191,91.0,158,270.9210774350323,0,1012.2,326.2015845016631,14.287076644182031,63,,
2018,8,14,14,0,11.3,48,22.8,8.4,98,16.0,123,127.09705775760165,0,1012.4,324.63046280726104,15.966948713694723,71,,
2018,8,14,15,0,11,60,33.6,8.4,70,25.0,17,105.17532373792169,0,1012.9,322.1372011771209,15.807793465263789,80,,
2018,8,14,16,0,10.7,70,0.6,8.5,8,39.0,5,63.50322130728591,0,1013.7,317.5432109775042,15.02130688909764,90,,
2018,8,14,17,0,10.4,80,0,8.5,0,7.0,0,5.722678069558357,0,1014.4,314.9466400937953,13.161065199032176,101,,
2018,8,14,18,0,9.9,89,0,8.2,0,0.0,0,0.0,0,1015.2,311.16640225387346,12.26733615140406,112,,
2018,8,14,19,0,9.2,100,0.2,7.6,0,0.0,0,0.0,0,1015.9,300.57880477397066,12.968575242025578,123,,
2018,8,14,20,0,8.6,112,40.4,7,0,0.0,0,0.0,0,1016.7,299.223164654497,14.153991687506476,134,,
2018,8,14,21,0,8.3,129,16.1,6.7,0,0.0,0,0.0,0,1017.2,303.5131283511162,16.137844086161806,144,,
2018,8,14,22,0,8.5,153,6.6,6.7,0,0.0,0,0.0,0,1017.7,304.4152497216396,17.494568024303955,151,,
2018,8,14,23,0,8.7,-177,0,6.7,0,0.0,0,0.0,0,1018.1,304.5101042108332,18.22463472834917,154,,
2018,8,15,0,0,8.6,-147,0,6.5,0,0.0,0,0.0,0,1018.4,305.5563914225356,18.50837900688408,150,,
2018,8,15,1,0,8.4,-125,0,6,0,0.0,0,0.0,0,1018.7,308.3581015324264,19.868811261615704,142,,
2018,8,15,2,0,8.1,-109,0,5.6,0,0.0,0,0.0,0,1018.9,312.9898538372547,21.665024483937827,132,,
2018,8,15,3,0,7.9,-97,0,5.3,0,0.0,0,0.0,0,1019.3,317.0569735394602,22.7111047555534,121,,
2018,8,15,4,0,7.5,-87,0,5.1,0,0.0,0,0.0,0,1019.9,345.0179696445313,19.13811157228583,110,,
2018,8,15,5,0,7.2,-78,0,5,0,0.0,0,0.0,0,1020.4,349.1276171346826,18.48960803195933,98,,
2018,8,15,6,0,7.4,-68,0,5,14,0.0,18,0.0,0,1020.9,345.5030708717361,20.19322384007436,88,,
2018,8,15,7,0,8,-58,0,5.1,45,18.0,134,13.000000000000002,0,1021.3,341.8877253747475,21.35837437337633,77,,
2018,8,15,8,0,8.6,-45,0.6,5.2,64,26.0,269,65.56705845055824,0,1021.6,339.4174956810427,22.151811087817794,69,,
2018,8,15,9,0,9.1,-31,31.6,5.3,266,21.0,50,108.29247592449244,0,1021.6,344.2397254426308,23.820545431858005,61,,
2018,8,15,10,0,9.5,-15,6.6,5.4,135,16.0,369,134.90349645714088,0,1021.3,348.0528601647094,23.98486825268044,57,,
2018,8,15,11,0,9.8,2,4.7,5.4,124,19.0,411,165.93974634456637,0,1020.9,353.7125266420207,24.37906382014252,56,,
2018,8,15,12,0,10,19,0,5.4,78,23.0,445,186.07129685394284,0,1020.5,356.66295468124525,21.47415595172256,58,,
2018,8,15,13,0,10,35,0.1,5.5,73,26.0,361,182.66097582942416,0,1020.1,1.6286590350341044,19.17278441220796,63,,
2018,8,15,14,0,10.1,48,34.1,5.5,161,34.0,42,167.34518602990642,0,1019.7,0.3623982100667149,19.762846488315983,70,,
2018,8,15,15,0,9.9,60,39,5.6,86,36.0,0,120.78974993582771,0,1019.5,3.4661555136992206,15.506393413810729,79,,
2018,8,15,16,0,9.5,70,4.4,5.8,11,17.0,2,47.63795815617918,0,1019.5,354.0613071252117,17.348231918723428,90,,
2018,8,15,17,0,9,80,0,5.9,0,1.0,0,2.106392734000214,0,1019.5,3.1580438193554983,15.563918989286003,101,,
2018,8,15,18,0,8.7,90,0,6.1,0,0.0,0,0.0,0,1019.3,356.06895975589225,13.674995635152255,112,,
2018,8,15,19,0,8.4,100,19.7,6.2,0,0.0,0,0.0,0,1018.9,350.20781755638285,15.463072727177153,123,,
2018,8,15,20,0,8.2,112,43,6.3,0,0.0,0,0.0,0,1018.4,356.9380673323002,16.38105193443733,134,,
2018,8,15,21,0,8.2,129,43,6.6,0,0.0,0,0.0,0,1017.9,4.682399032140438,14.884883213917712,144,,
2018,8,15,22,0,8.6,153,50.3,7,0,0.0,0,0.0,0,1017.2,8.122020468627284,13.217786988334913,151,,
2018,8,15,23,0,9,-176,59,7.5,0,0.0,0,0.0,0,1016.5,15.539335290759825,12.73833241433423,153,,
2018,8,16,0,0,9.2,-147,59,7.9,0,0.0,0,0.0,0,1015.8,17.34151769569621,11.80950537824369,150,,
2018,8,16,1,0,9.2,-125,65,8.1,0,0.0,0,0.0,0,1015.1,18.673289187518776,12.360628867416136,142,,
2018,8,16,2,0,9.3,-109,73.3,8.3,0,0.0,0,0.0,0,1014.4,23.36104504548325,12.142880469588306,132,,
2018,8,16,3,0,9.4,-98,73.2,8.4,0,0.0,0,0.0,0,1013.7,26.32758441998993,11.854646770507385,121,,
2018,8,16,4,0,9.6,-88,73.3,8.5,0,0.0,0,0.0,0,1013.1,24.30848212701937,11.502177996258276,109,,
2018,8,16,5,0,9.8,-78,73.1,8.5,0,0.0,0,0.0,0,1012.5,21.2542297445898,11.668691433318754,98,,
2018,8,16,6,0,10.1,-68,51.8,8.7,15,0.0,0,0.0,0,1012,23.25042053769181,11.836241110756966,87,,
2018,8,16,7,0,10.6,-58,25.4,9,95,97.0,33,19.000000000000007,0,1011.5,25.95064277703773,12.625556980726142,77,,
2018,8,16,8,0,11.2,-46,43,9.3,156,252.0,29,127.67564060807034,0,1011,28.408361173894264,12.616729305202968,68,,
2018,8,16,9,0,11.4,-32,44,9.5,184,360.0,64,261.51086382907727,0,1010.1,28.79060881338632,13.267772923026032,61,,
2018,8,16,10,0,11.3,-15,50.2,9.5,243,464.0,17,379.3476469281313,0,1008.8,25.911880787207,14.519772164042308,57,,
2018,8,16,11,0,11.3,2,77.7,9.6,122,378.0,0,415.4912798385178,0,1007.6,25.01190725056813,14.066738161823238,55,,
2018,8,16,12,0,11.2,19,79.8,9.6,101,329.0,0,418.4613591871357,0,1006.4,23.10240990868056,13.883398772457925,57,,
2018,8,16,13,0,11,35,94.2,9.7,24,327.0,0,401.8102969096456,0,1005.3,21.805421795834945,13.595292516864014,63,,
2018,8,16,14,0,10.9,49,79.1,9.8,59,313.0,0,341.964685439268,0,1004.2,22.73786369792191,13.550678526598144,70,,
2018,8,16,15,0,10.8,60,60.1,9.9,44,146.0,0,189.5403185491084,0,1003.2,23.80455116500957,12.976500502408982,79,,
2018,8,16,16,0,10.8,71,59.3,10,3,61.0,0,73.85706216564964,0,1002.3,20.68687217570607,11.28784227211358,90,,
2018,8,16,17,0,10.7,80,41.9,10.1,0,8.0,0,5.8765043243975175,0,1001.4,20.98305072223912,9.976520406803,101,,
2018,8,16,18,0,10.5,90,42.5,9.7,0,0.0,0,0.0,0,1000.6,20.162036845993555,8.863190443263912,112,,
2018,8,16,19,0,10,100,22.9,8.8,0,0.0,0,0.0,0,1000,11.368586775637256,8.09137485148522,123,,
2018,8,16,20,0,9.5,113,0,7.9,0,0.0,0,0.0,0,999.4,6.110007379158731,8.314811503469585,134,,
2018,8,16,21,0,8.8,129,0,7.1,0,0.0,0,0.0,0,999.1,6.315664361859319,7.998494695811806,144,,
2018,8,16,22,0,7.9,153,0,6.4,0,0.0,0,0.0,0,999.1,4.104543845916112,6.739943465723031,151,,
2018,8,16,23,0,7.1,-176,0,5.8,0,0.0,0,0.0,0,999,358.3831418129828,6.645223878600969,153,,
2018,8,17,0,0,6.4,-147,0,5,0,0.0,0,0.0,0,999.3,352.817042483673,6.677650761310955,149,,
2018,8,17,1,0,5.7,-125,0,4.1,0,0.0,0,0.0,0,999.7,346.48860570681063,7.608275700302471,141,,
2018,8,17,2,0,5.1,-110,0,3.2,0,0.0,0,0.0,0,1000.2,343.71032066236177,7.897100654309595,131,,
2018,8,17,3,0,4.8,-98,0,2.7,0,0.0,0,0.0,0,1000.7,337.7297799986287,7.718311532883598,120,,
2018,8,17,4,0,4.8,-88,0,2.6,0,0.0,0,0.0,0,1001.2,326.2222552291339,7.212600669125234,109,,
2018,8,17,5,0,4.8,-78,0,2.4,0,0.0,0,0.0,0,1001.8,327.10623572765,7.342428932677273,98,,
2018,8,17,6,0,5.1,-68,16.6,2.4,16,0.0,2,0.0,0,1002.3,340.5843322336871,7.483171756521527,87,,
2018,8,17,7,0,5.7,-58,12.1,2.7,90,56.0,46,17.000000000000004,0,1002.9,333.0068665514383,6.868348740614645,77,,
2018,8,17,8,0,6.3,-46,4.5,2.9,133,124.0,164,102.105972374864,0,1003.5,322.0761001964884,7.549275369953925,68,,
2018,8,17,9,0,6.6,-32,21.9,2.6,204,172.0,152,202.11603205454085,0,1003.9,320.9947276315093,7.904610218787057,61,,
2018,8,17,10,0,6.7,-15,11,1.9,162,157.0,317,283.20152232070006,0,1004,320.98052414458084,9.94308081352654,56,,
2018,8,17,11,0,6.7,2,29.6,1.2,114,48.0,283,233.5557272433901,0,1004.1,315.3738010248595,11.669409201625369,55,,
2018,8,17,12,0,6.7,19,31.2,0.8,162,52.0,199,250.02388671585388,0,1004.2,313.7543712020457,12.189941956336517,57,,
2018,8,17,13,0,6.8,35,20.9,0.7,154,89.0,197,278.96148787199434,0,1004.2,311.3906798024147,12.326484805556271,62,,
2018,8,17,14,0,6.9,49,36.9,0.7,100,65.0,107,212.695960923574,0,1004.3,312.33531529900705,12.9630822838137,70,,
2018,8,17,15,0,6.8,61,17.4,0.6,56,19.0,58,100.95172047288038,0,1004.7,310.4470840291831,13.51842846322704,79,,
2018,8,17,16,0,6.5,71,2,0.5,10,12.0,5,43.35861942721262,0,1005.3,308.43797554795464,12.900827243066642,89,,
2018,8,17,17,0,6.3,81,0,0.5,0,2.0,0,3.225499645245155,0,1005.8,300.6062827638341,12.280978042076292,100,,
2018,8,17,18,0,5.9,90,0,0.5,0,0.0,0,0.0,0,1006.4,300.0243599582087,12.621078056720032,112,,
2018,8,17,19,0,5.5,101,0,0.5,0,0.0,0,0.0,0,1006.8,313.0066812720381,12.348349885124112,123,,
2018,8,17,20,0,5.1,113,0,0.5,0,0.0,0,0.0,0,1007.3,310.29135467446804,12.575980535581015,134,,
2018,8,17,21,0,5,130,0,0.5,0,0.0,0,0.0,0,1007.6,312.17506213598693,13.051415271309956,143,,
2018,8,17,22,0,5.2,153,0,0.6,0,0.0,0,0.0,0,1007.9,334.0451147048765,10.396231129908845,150,,
2018,8,17,23,0,5.5,-176,0,0.6,0,0.0,0,0.0,0,1008.1,1.705259128630928,7.055614934308038,153,,
2018,8,18,0,0,5.6,-147,0,0.6,0,0.0,0,0.0,0,1008.3,340.4862030795412,6.51146253094324,149,,
2018,8,18,1,0,5.5,-125,0,0.5,0,0.0,0,0.0,0,1008.5,355.46705679859724,8.983176985767864,141,,
2018,8,18,2,0,5.4,-110,0,0.4,0,0.0,0,0.0,0,1008.6,0.9875402722682908,9.859130424089722,131,,
2018,8,18,3,0,5.4,-98,0,0.3,0,0.0,0,0.0,0,1009,7.892457348246921,9.63127080889118,120,,
2018,8,18,4,0,5.5,-88,0,0.3,0,0.0,0,0.0,0,1009.5,9.875340911016565,10.495598761837456,109,,
2018,8,18,5,0,5.5,-78,0,0.4,0,0.0,0,0.0,0,1010,9.495737853972514,9.153003475102697,98,,
2018,8,18,6,0,6,-69,0.3,0.8,20,0.0,16,0.0,0,1010.5,7.229609658360857,8.34392376693773,87,,
2018,8,18,7,0,6.8,-58,0.1,1.6,58,6.0,125,10.0,0,1011.1,359.2738347193287,8.090737688083555,77,,
2018,8,18,8,0,7.6,-46,0.2,2.5,78,29.0,262,72.36538028669037,0,1011.7,342.73414876830606,8.650043300564384,68,,
2018,8,18,9,0,8.2,-32,28.5,2.8,223,39.0,108,139.226171650242,0,1011.9,334.6293098118516,9.11952665210073,61,,
2018,8,18,10,0,8.4,-15,29.9,2.6,220,27.0,166,168.0286683121018,0,1011.9,334.8122561848645,10.23864658115798,56,,
2018,8,18,11,0,8.7,2,33,2.3,294,32.0,88,208.1875612253505,0,1011.8,340.89065049032547,11.157297734340318,55,,
2018,8,18,12,0,8.9,20,40.2,2.3,240,18.0,77,179.47545779529617,0,1011.7,357.1531876926467,13.036351934139253,57,,
2018,8,18,13,0,9,35,9.3,2.6,147,9.0,255,128.1930276714971,0,1011.7,3.5156227875421,12.230780591129538,62,,
2018,8,18,14,0,9.1,49,9.8,2.8,95,13.0,191,125.79323565804732,0,1011.7,2.511842155224315,10.49519136139423,70,,
2018,8,18,15,0,9,61,28.6,3,73,6.0,34,62.53428384944779,0,1011.9,8.78216290954964,11.462017869117693,79,,
2018,8,18,16,0,8.7,71,2.9,3.1,12,2.0,5,20.566878170311053,0,1012.4,17.14709777688813,8.089553116791006,89,,
2018,8,18,17,0,8.5,81,0,3.2,0,2.0,0,4.231904532571523,0,1012.8,25.711009382457974,8.401910636801874,100,,
2018,8,18,18,0,7.9,90,0,3.2,0,0.0,0,0.0,0,1013.2,32.650056910424496,10.124811076532724,111,,
2018,8,18,19,0,7,101,0,3.1,0,0.0,0,0.0,0,1013.7,31.8349067582335,10.602484222351798,123,,
2018,8,18,20,0,6.1,114,0,3,0,0.0,0,0.0,0,1014.1,32.29844972358927,10.508479242549631,134,,
2018,8,18,21,0,5.8,130,0,3.1,0,0.0,0,0.0,0,1014.3,39.32855502451753,10.911020858601368,143,,
2018,8,18,22,0,6.1,154,0,3.4,0,0.0,0,0.0,0,1014.4,45.35413068079612,12.010341410250865,150,,
2018,8,18,23,0,6.3,-176,0,3.7,0,0.0,0,0.0,0,1014.5,47.85822055696076,12.51181281772282,152,,
2018,8,19,0,0,6.4,-147,0,3.8,0,0.0,0,0.0,0,1014.5,49.34895651137424,13.846057751161135,149,,
2018,8,19,1,0,6.3,-126,0,3.8,0,0.0,0,0.0,0,1014.7,51.66124001056858,16.290216191919708,141,,
2018,8,19,2,0,6.1,-110,0,3.8,0,0.0,0,0.0,0,1014.8,53.66772494765263,18.00518716802246,131,,
2018,8,19,3,0,6,-98,0,3.7,0,0.0,0,0.0,0,1015,52.91254266928036,18.31155779110433,120,,
2018,8,19,4,0,5.8,-88,0,3.6,0,0.0,0,0.0,0,1015.2,53.39104605368499,18.0975509696482,109,,
2018,8,19,5,0,5.6,-79,0,3.5,0,0.0,0,0.0,0,1015.5,56.30548435789785,19.18834742187581,97,,
2018,8,19,6,0,6,-69,7.2,3.6,26,0.0,10,0.0,0,1015.8,62.99172628481364,19.25194213408661,87,,
2018,8,19,7,0,7.1,-58,38.2,3.9,118,124.0,5,23.000000000000007,0,1016.2,66.16332482194571,20.17313761346033,76,,
2018,8,19,8,0,8.3,-46,17.2,4.2,138,281.0,166,141.58628664124114,0,1016.5,69.53104718382372,19.38116198657834,67,,
2018,8,19,9,0,9.1,-32,26.7,4.2,218,436.0,132,292.7470229406872,0,1016.6,70.5388697996151,18.72197252565572,60,,
2018,8,19,10,0,9.6,-15,39.8,4,326,587.0,13,431.3194004423713,0,1016.3,71.41300885846744,20.016454261081087,56,,
2018,8,19,11,0,10.1,2,32,3.7,320,561.0,77,497.9798062374482,0,1016.1,70.41686326953493,19.22172183033299,54,,
2018,8,19,12,0,10.4,20,34.8,3.6,293,606.0,66,547.4742096633688,0,1015.9,68.71162718734422,17.97925740234211,57,,
2018,8,19,13,0,10.4,36,44.7,3.7,240,519.0,9,497.76301276970105,0,1015.7,65.66811316447144,17.013698200813728,62,,
2018,8,19,14,0,10.4,49,33.5,3.8,195,383.0,18,383.73916925759306,0,1015.6,65.93215212549109,16.729294100862347,69,,
2018,8,19,15,0,10.1,61,15.2,3.9,72,259.0,56,247.40276638375627,0,1015.5,67.27051955510058,16.628805221598405,79,,
2018,8,19,16,0,9.4,71,3.8,4.2,13,281.0,4,151.64886291661855,0,1015.6,68.1657564526273,15.426724356527911,89,,
2018,8,19,17,0,8.8,81,0,4.4,0,50.0,0,14.958478619274546,0,1015.7,69.0518700264945,13.775488364844986,100,,
2018,8,19,18,0,7.7,91,0,4.2,0,0.0,0,0.0,0,1015.9,69.17410191728612,12.030911827288898,111,,
2018,8,19,19,0,6.3,101,0,3.7,0,0.0,0,0.0,0,1016.2,60.955483422740485,12.121818483933405,123,,
2018,8,19,20,0,5,114,0,3.1,0,0.0,0,0.0,0,1016.5,62.59772427498609,11.021563424058971,133,,
2018,8,19,21,0,4.5,131,0,2.9,0,0.0,0,0.0,0,1016.5,62.14717582811909,9.653233282211142,143,,
2018,8,19,22,0,4.8,154,0,3,0,0.0,0,0.0,0,1016.3,57.0103612952027,8.292006193730304,150,,
2018,8,19,23,0,5.2,-176,0,3,0,0.0,0,0.0,0,1016.1,52.19871542887404,7.77402516736338,152,,
2018,8,20,0,0,5.6,-148,0,3.3,0,0.0,0,0.0,0,1015.9,42.06286566903327,6.761786858861885,148,,
2018,8,20,1,0,5.9,-126,0,3.6,0,0.0,0,0.0,0,1015.6,49.80447390980635,6.035065585446109,141,,
2018,8,20,2,0,6.2,-111,0,4,0,0.0,0,0.0,0,1015.3,51.76173952716795,5.254916522944628,131,,
2018,8,20,3,0,6.5,-99,0,4.2,0,0.0,0,0.0,0,1015.1,32.425044994162135,5.091387130469609,120,,
2018,8,20,4,0,6.7,-88,0,4.4,0,0.0,0,0.0,0,1014.9,28.28479803966445,5.402624982132237,108,,
2018,8,20,5,0,6.9,-79,0,4.6,0,0.0,0,0.0,0,1014.7,22.38026073835988,6.0536324104721055,97,,
2018,8,20,6,0,7.4,-69,20.8,4.9,22,0.0,2,0.0,0,1014.7,12.160252499086198,5.981626282737476,86,,
2018,8,20,7,0,8.3,-58,64.9,5.4,64,1.0,0,4.0,0,1014.8,2.15902750024236,6.1694186573881815,76,,
2018,8,20,8,0,9.2,-46,61.5,5.9,136,1.0,0,15.159756893797002,0,1014.9,352.0598502495835,6.206967717800447,67,,
2018,8,20,9,0,9.9,-32,67.3,6.1,151,1.0,0,27.323018581848995,0,1014.6,342.65373164637515,6.993092232249895,60,,
2018,8,20,10,0,10.4,-15,24.9,6.1,207,2.0,207,58.91023770776044,0,1014,339.1848280228677,9.173965245164837,55,,
2018,8,20,11,0,10.9,2,38.7,6.1,299,4.0,50,97.18654159187405,0,1013.3,346.1110798456557,11.122805799596325,54,,
2018,8,20,12,0,11.2,20,47.9,6.2,255,18.0,23,190.64239336871307,0,1012.7,350.7945856619051,13.033085499396623,56,,
2018,8,20,13,0,11.1,36,48.3,6.4,215,26.0,20,204.23300343794585,0,1012.2,353.811286689085,15.49042125988868,62,,
2018,8,20,14,0,11.1,50,22.7,6.6,121,6.0,111,98.18558174298155,0,1011.7,358.3863596594672,15.536434574686629,69,,
2018,8,20,15,0,10.9,61,1.6,6.6,53,3.0,95,54.290494572573785,0,1011.3,28.09553492980132,13.387883091457732,79,,
2018,8,20,16,0,10.4,72,1,6.7,11,10.0,8,45.90586566120175,0,1011.2,32.99184475558633,11.335427851824203,89,,
2018,8,20,17,0,9.9,81,0.1,6.7,0,4.0,0,6.489603737663833,0,1011.1,33.15550096872755,11.213056415926244,100,,
2018,8,20,18,0,9.6,91,0,6.7,0,0.0,0,0.0,0,1010.9,33.034853846804594,11.102449087757629,111,,
2018,8,20,19,0,9.5,102,23.7,6.6,0,0.0,0,0.0,0,1010.7,31.60478970482751,11.148650097173226,122,,
2018,8,20,20,0,9.4,114,43,6.5,0,0.0,0,0.0,0,1010.4,27.80636894122728,11.08795277811773,133,,
2018,8,20,21,0,9.6,131,49.2,6.6,0,0.0,0,0.0,0,1010.1,29.00082598843869,11.57096961896668,143,,
2018,8,20,22,0,10.2,154,56.9,6.8,0,0.0,0,0.0,0,1009.6,28.52208743270063,12.1779513317565,150,,
2018,8,20,23,0,10.7,-176,65.5,6.9,0,0.0,0,0.0,0,1009.1,33.861752620083905,11.750664075895324,152,,
2018,8,21,0,0,11.2,-148,68.1,7,0,0.0,0,0.0,0,1008.6,36.65029185378103,11.261654986288017,148,,
2018,8,21,1,0,11.6,-126,62.5,7,0,0.0,0,0.0,0,1008.2,32.24365998676672,12.825231251295552,140,,
2018,8,21,2,0,11.9,-111,74.4,7,0,0.0,0,0.0,0,1007.7,31.15064332456916,12.502715316540067,130,,
2018,8,21,3,0,12.2,-99,71.3,7,0,0.0,0,0.0,0,1007.2,29.02038287071304,11.950351480578195,119,,
2018,8,21,4,0,12.4,-89,80.7,7,0,0.0,0,0.0,0,1006.7,27.77760028001535,12.305496734166883,108,,
2018,8,21,5,0,12.5,-79,71.6,7,0,0.0,0,0.0,0,1006.3,29.363060083315588,12.205488762408466,97,,
2018,8,21,6,0,12.4,-69,60.4,7.5,10,0.0,0,0.0,0,1006.1,29.5830809319296,12.04222791622156,86,,
2018,8,21,7,0,12,-59,90.4,8.4,16,19.0,0,18.0,0,1006.4,26.57083687629222,11.893632530999426,76,,
2018,8,21,8,0,11.6,-46,92.2,9.2,26,24.0,0,76.94715848270305,0,1006.6,27.081394486904514,12.27310505835031,67,,
2018,8,21,9,0,11.7,-32,94.3,9.6,27,36.0,0,147.80310010802023,0,1006.2,29.29065648981259,13.07132796123931,60,,
2018,8,21,10,0,12.1,-15,92.8,9.3,38,65.0,0,223.89966393079757,0,1005.3,31.048850603948324,13.644871228883536,55,,
2018,8,21,11,0,12.5,2,88,9.1,66,74.0,0,270.8076582362459,0,1004.4,32.319138646918304,14.640637989099496,54,,
2018,8,21,12,0,12.6,20,91.9,9,41,110.0,0,319.55193213517083,0,1003.6,34.14087842241895,14.54413138800573,56,,
2018,8,21,13,0,12.3,36,91.9,9,34,175.0,0,350.31308232425624,0,1003,34.16504809989004,14.980263966499788,61,,
2018,8,21,14,0,12.1,50,90.2,9.1,27,100.0,0,249.5143439172265,0,1002.3,38.35416971464628,15.031557165247111,69,,
2018,8,21,15,0,11.8,62,83.3,9.3,19,53.0,0,147.00609554524334,0,1001.9,38.4794443813056,14.897967854755375,78,,
2018,8,21,16,0,11.6,72,58.3,9.6,6,35.0,0,69.29622372830676,0,1001.6,46.048848553888206,12.448960530500027,89,,
2018,8,21,17,0,11.3,82,62.2,10,0,5.0,0,6.628227766994035,0,1001.2,57.50205390388561,9.864788648784227,100,,
2018,8,21,18,0,11.3,91,66.5,10.1,0,0.0,0,0.0,0,1000.9,62.8581740664153,9.425373070135436,111,,
2018,8,21,19,0,11.4,102,68.6,10,0,0.0,0,0.0,0,1000.6,66.59904608700498,8.668041780773569,122,,
2018,8,21,20,0,11.5,115,72.9,9.9,0,0.0,0,0.0,0,1000.3,75.13469601908741,7.795825837972909,133,,
2018,8,21,21,0,11.6,131,73,9.8,0,0.0,0,0.0,0,1000,70.20296038716606,6.878971210023547,142,,
2018,8,21,22,0,11.7,155,58.8,9.9,0,0.0,0,0.0,0,999.8,69.15457433282188,7.236098354053377,149,,
2018,8,21,23,0,11.7,-176,42.5,10,0,0.0,0,0.0,0,999.6,91.15176858089497,6.47372006944336,151,,
2018,8,22,0,0,11.6,-148,30.5,10,0,0.0,0,0.0,0,999.5,118.1087577670976,5.353875728104362,148,,
2018,8,22,1,0,11.5,-126,11.6,10,0,0.0,0,0.0,0,999.6,77.03957545567624,6.531375651086314,140,,
2018,8,22,2,0,11.3,-111,44.4,10,0,0.0,0,0.0,0,999.7,89.15901766081936,6.803223068028117,130,,
2018,8,22,3,0,11.2,-99,14.6,10,0,0.0,0,0.0,0,1000,82.30744657591424,6.854163795014527,119,,
2018,8,22,4,0,11.1,-89,33.6,10,0,0.0,0,0.0,0,1000.4,86.70142386320447,6.776118934614981,108,,
2018,8,22,5,0,11.1,-79,40.2,10,0,0.0,0,0.0,0,1000.8,96.20203360602908,7.267634173461355,97,,
2018,8,22,6,0,11.3,-69,55.9,10.1,14,0.0,0,0.0,0,1001.2,99.51185549630657,6.778249841633431,86,,
2018,8,22,7,0,11.7,-59,41.2,10.4,112,44.0,5,20.000000000000004,0,1001.8,102.50155385613732,5.567052649728511,76,,
2018,8,22,8,0,12.2,-47,66.1,10.7,118,122.0,0,117.6464748464796,0,1002.4,113.8355415783193,5.023422609013487,67,,
2018,8,22,9,0,12.4,-32,49.7,10.8,233,238.0,4,247.19708190581645,0,1002.7,148.27763518866578,3.4944643539142204,59,,
2018,8,22,10,0,12.2,-16,42.6,10.9,267,355.0,47,366.0445801014863,0,1002.7,184.2634701226199,2.118166215191139,55,,
2018,8,22,11,0,12.1,2,22.8,11,322,424.0,119,456.8752451888315,0,1002.7,195.7086378290157,2.0775962673243327,53,,
2018,8,22,12,0,12,20,31,11,287,470.0,84,502.299301542118,0,1002.8,220.4149511854686,2.410080474206386,56,,
2018,8,22,13,0,11.9,36,48.8,10.8,210,486.0,21,493.1004645468705,0,1003,248.2229862285637,2.1295122596475604,61,,
2018,8,22,14,0,11.8,50,36.5,10.6,139,463.0,48,425.72920255307497,0,1003.2,255.3672327516506,1.9792358654038376,69,,
2018,8,22,15,0,11.5,62,38.2,10.4,91,367.0,6,296.7465337454995,0,1003.6,258.0220316821867,1.806919319720312,78,,
2018,8,22,16,0,11.1,72,48.9,10.2,10,168.0,0,125.02693099195614,0,1004.1,245.1395979174468,1.879216095245407,89,,
2018,8,22,17,0,10.7,82,45.8,9.9,0,26.0,0,12.351468394634946,0,1004.6,233.9392268989733,3.57184053105688,100,,
2018,8,22,18,0,10.4,92,43.6,9.7,0,0.0,0,0.0,0,1004.9,247.28886724428128,4.208914594669257,111,,
2018,8,22,19,0,10.1,102,44.2,9.4,0,0.0,0,0.0,0,1005.2,254.03407803285083,2.808279229434382,122,,
2018,8,22,20,0,9.8,115,41.1,9.1,0,0.0,0,0.0,0,1005.4,258.5525078976755,2.632445357897652,133,,
2018,8,22,21,0,9.6,132,43.9,8.9,0,0.0,0,0.0,0,1005.5,248.64257850905307,2.574242645291694,142,,
2018,8,22,22,0,9.7,155,23.2,9,0,0.0,0,0.0,0,1005.5,245.1854974270848,2.23383502170799,149,,
2018,8,22,23,0,9.8,-176,0,9.1,0,0.0,0,0.0,0,1005.4,232.4925609345194,2.4267127295744784,151,,
2018,8,23,0,0,9.7,-148,0,9,0,0.0,0,0.0,0,1005.5,226.3317656709609,3.037961637871898,147,,
2018,8,23,1,0,9.3,-127,0,8.6,0,0.0,0,0.0,0,1005.6,208.9147117656051,3.2730012389016654,140,,
2018,8,23,2,0,8.9,-111,0,8.2,0,0.0,0,0.0,0,1005.7,205.37998141702704,3.837948499248056,130,,
2018,8,23,3,0,8.6,-99,0,7.9,0,0.0,0,0.0,0,1006,206.79767526416103,4.11448633667136,119,,
2018,8,23,4,0,8.4,-89,0,7.7,0,0.0,0,0.0,0,1006.5,209.31625387489012,4.590322084865501,108,,
2018,8,23,5,0,8.2,-79,0,7.5,0,0.0,0,0.0,0,1007,209.57933967097887,4.3810244362051005,96,,
2018,8,23,6,0,8.5,-70,0,7.6,21,0.0,32,0.0,0,1007.5,209.98057362689497,4.372685337838892,85,,
2018,8,23,7,0,9.4,-59,0,8,51,38.0,161,23.000000000000004,0,1008,207.66595508188743,3.898334570617175,75,,
2018,8,23,8,0,10.3,-47,0.1,8.4,66,86.0,305,103.96917432378288,0,1008.5,204.44572902807064,3.26243615398563,66,,
2018,8,23,9,0,10.7,-32,8.3,8.6,139,140.0,320,205.27901523553183,0,1008.7,199.74402741593124,3.0042530449941256,59,,
2018,8,23,10,0,10.6,-16,19.4,8.7,192,263.0,277,337.5771287230792,0,1008.7,191.43670686501792,2.596725710216743,54,,
2018,8,23,11,0,10.6,3,5,8.7,130,321.0,442,421.1443255616,0,1008.8,215.8147184978397,2.746950192339114,53,,
2018,8,23,12,0,10.4,20,15,8.4,168,271.0,310,419.0559008720588,0,1009,234.88798881557776,3.4381415028636297,55,,
2018,8,23,13,0,10.3,37,20,7.9,176,213.0,205,369.6662679387808,0,1009.3,249.1721381426355,3.276617503943797,61,,
2018,8,23,14,0,10.1,50,6.3,7.4,101,113.0,213,256.4283847877541,0,1009.6,259.8112229824661,3.406254759618951,69,,
2018,8,23,15,0,9.7,62,0.1,6.8,45,82.0,124,169.23874705169175,0,1010.1,267.77776135717124,3.229968187881155,78,,
2018,8,23,16,0,9.1,73,0,6.2,11,43.0,13,74.95977505625876,0,1010.8,263.4704640011528,3.100187905061868,88,,
2018,8,23,17,0,8.5,82,0,5.6,0,9.0,0,8.189542240388969,0,1011.6,255.439263659199,3.053139843314097,99,,
2018,8,23,18,0,8,92,0,4.9,0,0.0,0,0.0,0,1012.2,251.0871668933262,3.424890539411052,111,,
2018,8,23,19,0,7.5,103,0,4.2,0,0.0,0,0.0,0,1012.9,248.8853583807804,2.942684589841585,122,,
2018,8,23,20,0,7,115,0,3.5,0,0.0,0,0.0,0,1013.6,258.0339988924569,2.7012746574833413,133,,
2018,8,23,21,0,6.7,132,0,3.2,0,0.0,0,0.0,0,1014,264.8885225248132,2.7786280671075776,142,,
2018,8,23,22,0,6.6,155,0,3.3,0,0.0,0,0.0,0,1014.3,268.6334281495106,2.518294393068797,149,,
2018,8,23,23,0,6.6,-176,0,3.4,0,0.0,0,0.0,0,1014.6,266.76005667287194,2.168505188154471,151,,
2018,8,24,0,0,6.4,-148,0,3.3,0,0.0,0,0.0,0,1015,270.07056126914665,1.982423378328401,147,,
2018,8,24,1,0,6.2,-127,0,3.1,0,0.0,0,0.0,0,1015.3,257.0617134942317,2.401046141967133,139,,
2018,8,24,2,0,6,-112,0,2.9,0,0.0,0,0.0,0,1015.7,256.9669885144579,1.8296006759514287,130,,
2018,8,24,3,0,5.8,-100,0,2.6,0,0.0,0,0.0,0,1016.2,254.56963892754084,1.7012135865170563,119,,
2018,8,24,4,0,5.6,-89,0,2.3,0,0.0,0,0.0,0,1016.6,256.7928998340926,1.5099068362188324,107,,
2018,8,24,5,0,5.4,-80,0,2,0,0.0,0,0.0,0,1017.1,261.10199834595284,1.5689304969873534,96,,
2018,8,24,6,0,5.7,-70,0,1.9,20,0.0,40,0.0,0,1017.4,272.20614659602484,1.3635595086865675,85,,
2018,8,24,7,0,6.7,-59,0,1.9,46,216.0,183,33.34409595628112,0,1017.5,290.5523952644244,1.345658875998856,75,,
2018,8,24,8,0,7.6,-47,0,1.9,57,467.0,335,176.56642676245656,0,1017.7,308.165910277828,0.9952252959132164,66,,
2018,8,24,9,0,8.4,-32,0,1.9,63,609.0,458,342.70483230101985,0,1017.6,293.1204091866167,0.9867225991217048,59,,
2018,8,24,10,0,9,-16,0,2,66,718.0,535,485.9599902031905,0,1017.3,265.5414845624478,0.9327542668605148,54,,
2018,8,24,11,0,9.7,3,0,2,66,746.0,557,580.3224109445209,0,1017,299.5274868867102,0.8619507077101176,53,,
2018,8,24,12,0,10,21,0,2.1,64,750.0,521,618.598319664436,0,1016.9,8.345071164859974,1.877298853190907,55,,
2018,8,24,13,0,10.2,37,0,2.1,60,730.0,431,596.8500719605482,0,1016.8,0.4141357572038942,3.1075030495466764,60,,
2018,8,24,14,0,10.3,51,0,2,52,680.0,297,514.5503148099668,0,1016.7,4.735408705420184,3.7853821174306006,68,,
2018,8,24,15,0,9.9,62,0,2.2,39,584.0,141,376.3935623855293,0,1016.9,6.615157311764051,3.797745090835268,78,,
2018,8,24,16,0,9,73,0,2.6,11,393.0,17,192.86854761001192,0,1017.2,14.20463616313259,4.512982185786746,88,,
2018,8,24,17,0,8.1,83,0,3,0,116.0,0,27.71230519312025,0,1017.6,17.271543268216874,5.0686411461389405,99,,
2018,8,24,18,0,7.2,92,0,3.2,0,0.0,0,0.0,0,1017.8,20.579625692224056,5.832141428045325,110,,
2018,8,24,19,0,6.2,103,0,3.2,0,0.0,0,0.0,0,1018,351.19880445494346,4.869841462830993,122,,
2018,8,24,20,0,5.2,116,0,3.3,0,0.0,0,0.0,0,1018.1,358.92623911342173,4.273211318033183,132,,
2018,8,24,21,0,4.8,133,0,3.4,0,0.0,0,0.0,0,1018.2,9.154592715168915,3.6767143662356734,142,,
2018,8,24,22,0,4.9,156,0,3.5,0,0.0,0,0.0,0,1018.3,10.7765433074336,2.7002090978011863,148,,
2018,8,24,23,0,5.1,-176,0,3.6,0,0.0,0,0.0,0,1018.4,346.8441573810349,1.9769342547836843,150,,
2018,8,25,0,0,5.1,-148,0,3.5,0,0.0,0,0.0,0,1018.4,314.5314272594627,2.153156909235572,147,,
2018,8,25,1,0,4.8,-127,0,3.5,0,0.0,0,0.0,0,1018.4,308.8498833649392,2.080294759868698,139,,
2018,8,25,2,0,4.6,-112,0,3.4,0,0.0,0,0.0,0,1018.5,294.6879522129906,2.633269420333056,129,,
2018,8,25,3,0,4.4,-100,0,3.3,0,0.0,0,0.0,0,1018.6,286.7683392182216,3.1801445934723214,118,,
2018,8,25,4,0,4.3,-90,0,3.2,0,0.0,0,0.0,0,1018.8,284.5097596961376,3.431972611358592,107,,
2018,8,25,5,0,4.2,-80,0,3.1,0,0.0,0,0.0,0,1019,285.7201735180938,3.1736370604298423,96,,
2018,8,25,6,0,5,-70,0,3.5,21,0.0,43,0.0,0,1019.2,282.77099702541614,2.963198017829136,85,,
2018,8,25,7,0,6.7,-59,0,4.2,45,38.0,187,24.214474989386694,0,1019.4,280.55107827429833,2.581241134739169,75,,
2018,8,25,8,0,8.4,-47,0,4.9,57,79.0,340,102.52652188937512,0,1019.6,278.2803246335773,2.725926726797835,66,,
2018,8,25,9,0,9.4,-32,0,5,63,116.0,463,194.33778386513296,0,1019.6,275.6175805901268,2.7833869953655115,58,,
2018,8,25,10,0,9.7,-16,0,4.6,66,279.0,537,349.89515107186,0,1019.3,274.00338096089723,2.290501087162649,54,,
2018,8,25,11,0,10.1,3,0,4.1,67,375.0,556,450.148589053878,0,1019.1,286.98940521563827,2.09637094968787,52,,
2018,8,25,12,0,10.3,21,0,3.9,67,509.0,517,532.9897014696393,0,1018.9,309.7361461276136,3.198923770407697,55,,
2018,8,25,13,0,10.4,37,0,3.9,63,641.0,426,572.0171374030416,0,1018.8,324.9684692615406,4.176563728466489,60,,
2018,8,25,14,0,10.5,51,0,3.8,57,600.0000000000001,292,493.2793959874278,0,1018.8,339.7828167301984,5.309806236146023,68,,
2018,8,25,15,0,10.3,63,0,3.9,43,502.0,137,355.8148390764596,0,1018.9,347.2690276181109,5.853875185768121,78,,
2018,8,25,16,0,9.7,73,0,4.1,12,301.0,17,172.8991234051116,0,1019.3,353.9478129268897,6.30761786787328,88,,
2018,8,25,17,0,9.1,83,0,4.3,0,84.0,0,24.65419294506095,0,1019.6,4.770853777886998,6.281774247530211,99,,
2018,8,25,18,0,8.2,93,0,4.4,0,0.0,0,0.0,0,1020,10.976513887490285,6.590542600757825,110,,
2018,8,25,19,0,7.1,103,0,4.3,0,0.0,0,0.0,0,1020.2,18.89329443296845,6.524104914530318,122,,
2018,8,25,20,0,5.9,116,0,4.2,0,0.0,0,0.0,0,1020.5,18.010235651654398,5.7492343247673485,132,,
2018,8,25,21,0,5.5,133,0,4.1,0,0.0,0,0.0,0,1020.7,6.27319797410081,5.764497248653987,141,,
2018,8,25,22,0,5.8,156,0,4,0,0.0,0,0.0,0,1020.7,9.352350380905818,5.9388039462145095,148,,
2018,8,25,23,0,6.1,-176,0,3.9,0,0.0,0,0.0,0,1020.7,14.022515444345911,5.4369193676906455,150,,
2018,8,26,0,0,6.2,-148,0,3.8,0,0.0,0,0.0,0,1020.6,9.727729841567452,5.207441956219031,146,,
2018,8,26,1,0,6.2,-127,0,3.8,0,0.0,0,0.0,0,1020.5,0.6449061304403472,5.55284197981806,139,,
2018,8,26,2,0,6.2,-112,0,3.8,0,0.0,0,0.0,0,1020.4,356.1782793413625,5.963211730647761,129,,
2018,8,26,3,0,6.2,-100,0,3.8,0,0.0,0,0.0,0,1020.4,349.45701164443005,6.052372052850476,118,,
2018,8,26,4,0,6.1,-90,0,3.8,0,0.0,0,0.0,0,1020.5,344.6026003611419,6.760219608328714,107,,
2018,8,26,5,0,6.1,-80,0,3.8,0,0.0,0,0.0,0,1020.6,350.7107687729176,7.386910470847829,96,,
2018,8,26,6,0,6.8,-70,0,4,23,0.0,43,0.0,0,1020.6,350.7107687729176,7.386910470847829,85,,
2018,8,26,7,0,8.3,-59,0,4.6,49,15.0,187,19.14737372666373,0,1020.4,347.00215818391075,7.802449223317399,74,,
2018,8,26,8,0,9.7,-47,0,5.1,60,29.0,338,78.47719517589859,0,1020.3,347.17263434114216,7.622857590166946,65,,
2018,8,26,9,0,10.6,-32,0,5.3,69,53.0,457,158.699505990665,0,1019.9,357.6361911855265,7.576759703043,58,,
2018,8,26,10,0,10.9,-16,1.5,5.2,91,228.0,503,342.5757900182115,0,1019.3,356.22365838266046,9.222661433204316,53,,
2018,8,26,11,0,11.2,3,18.5,5.1,270,279.0,239,423.7141119283757,0,1018.7,349.63747998511246,10.32614094754994,52,,
2018,8,26,12,0,11.4,21,31.9,5.1,334,92.0,65,317.01330025743715,0,1018.1,351.6702695797328,12.079825675133629,54,,
2018,8,26,13,0,11.4,37,10.8,5.2,165,31.0,270,213.00333563024728,0,1017.6,350.8152808234247,11.887518841721516,60,,
2018,8,26,14,0,11.4,51,12.7,5.3,140,6.0,158,96.33843048114473,0,1017.1,17.267240734074733,15.13474975577229,68,,
2018,8,26,15,0,11.1,63,1.3,5.5,52,9.0,125,81.08408624936693,0,1016.9,45.41549646098542,12.664725943430378,77,,
2018,8,26,16,0,10.5,73,15.8,5.7,19,20.0,4,62.2453361411005,0,1017,47.02689342759157,13.04198851305054,88,,
2018,8,26,17,0,9.9,83,0,6,0,46.0,0,20.53379047440533,0,1017,46.56900691004188,12.458451092949176,99,,
2018,8,26,18,0,9.6,93,0,6.3,0,0.0,0,0.0,0,1016.9,44.74768421091648,12.034915288972536,110,,
2018,8,26,19,0,9.5,104,0,6.6,0,0.0,0,0.0,0,1016.7,42.73155558658527,10.986546007496578,121,,
2018,8,26,20,0,9.4,117,0,7,0,0.0,0,0.0,0,1016.5,42.70003101793583,11.236098097660202,132,,
2018,8,26,21,0,9.3,133,0,7.1,0,0.0,0,0.0,0,1016.1,45.51117554784241,10.68125921263501,141,,
2018,8,26,22,0,9.2,156,0,7,0,0.0,0,0.0,0,1015.6,54.75453478640429,10.756764360173264,148,,
2018,8,26,23,0,9.2,-176,0,7,0,0.0,0,0.0,0,1015,59.848973563022696,10.402251457695938,150,,
2018,8,27,0,0,9.1,-149,0,7,0,0.0,0,0.0,0,1014.5,62.637755629996775,9.87208200450812,146,,
2018,8,27,1,0,8.9,-128,24.6,7.1,0,0.0,0,0.0,0,1014,63.09925790680569,9.150020556869762,139,,
2018,8,27,2,0,8.7,-112,51.8,7.2,0,0.0,0,0.0,0,1013.5,66.31080998065988,8.891816718039937,129,,
2018,8,27,3,0,8.6,-100,49.5,7.2,0,0.0,0,0.0,0,1013.3,67.65185376042473,7.587468885486789,118,,
2018,8,27,4,0,8.5,-90,50.5,7.2,0,0.0,0,0.0,0,1013.2,67.37078748122826,6.906719593118551,107,,
2018,8,27,5,0,8.5,-80,42.5,7.2,0,0.0,0,0.0,0,1013.2,72.84450946472703,6.237480212468809,95,,
2018,8,27,6,0,8.9,-70,43.1,7.5,37,0.0,0,0.0,0,1013.2,77.93146552497444,4.80617628524663,84,,
2018,8,27,7,0,9.8,-60,44.3,8,129,90.0,0,36.27159122353817,0,1013.3,130.88292295064548,2.9792284003221643,74,,
2018,8,27,8,0,10.8,-47,44.2,8.6,216,190.0,1,147.8423767464848,0,1013.3,138.61956425597714,2.212222598622312,65,,
2018,8,27,9,0,11.4,-33,38.8,8.8,305,265.0,11,272.85482421738527,0,1013.1,146.1293317182848,1.117057445932379,58,,
2018,8,27,10,0,11.7,-16,48.8,8.7,255,537.0,51,438.17521657157454,0,1012.6,317.8078295645151,0.7964513063698708,53,,
2018,8,27,11,0,12,3,55.6,8.7,247,519.0,26,502.5563943084372,0,1012.1,27.240585284314363,2.5559334705869974,52,,
2018,8,27,12,0,12.1,21,39.1,8.7,253,557.0,95,547.8606240370414,0,1011.8,58.3245312618908,3.451675317871019,54,,
2018,8,27,13,0,11.8,38,16.7,8.8,183,576.0000000000001,222,540.7269302073307,0,1011.6,78.11032602629086,4.963917097268162,60,,
2018,8,27,14,0,11.6,51,3.4,8.9,87,563.0,249,476.6653692766869,0,1011.3,93.6245829455848,5.931787252262468,68,,
2018,8,27,15,0,11.1,63,18.6,8.7,92,539.0,57,368.7266845460045,0,1011.4,94.77350200605248,6.008389215853202,77,,
2018,8,27,16,0,10.6,74,1.6,8.4,16,403.0,13,203.3090463200246,0,1011.9,92.6963158970832,7.120431845198239,88,,
2018,8,27,17,0,10,84,0,8,0,155.0,0,36.52856700890304,0,1012.3,88.97804743459199,6.7210397854963935,99,,
2018,8,27,18,0,9.6,93,0,7.5,0,0.0,0,0.0,0,1012.7,83.2620856961264,6.839720863793892,110,,
2018,8,27,19,0,9.3,104,0,6.8,0,0.0,0,0.0,0,1013.1,86.85354972206972,8.019657994312555,121,,
2018,8,27,20,0,9,117,0,6.1,0,0.0,0,0.0,0,1013.4,96.41121111806352,8.41763336504818,132,,
2018,8,27,21,0,8.7,134,0,5.8,0,0.0,0,0.0,0,1013.6,102.31084979294724,8.242013551584956,141,,
2018,8,27,22,0,8.6,157,0,5.7,0,0.0,0,0.0,0,1013.7,112.0113835190632,8.251347969934484,147,,
2018,8,27,23,0,8.4,-175,0,5.6,0,0.0,0,0.0,0,1013.7,121.16643006932463,7.149308256886051,149,,
2018,8,28,0,0,8.3,-149,0,5.4,0,0.0,0,0.0,0,1013.8,133.95814919892644,6.418193197940245,146,,
2018,8,28,1,0,8.2,-128,0,5.1,0,0.0,0,0.0,0,1013.9,148.03579557278397,4.6089734177306,138,,
2018,8,28,2,0,8.2,-113,0,4.8,0,0.0,0,0.0,0,1014,159.71503439118203,3.792849977874967,128,,
2018,8,28,3,0,8,-101,0,4.5,0,0.0,0,0.0,0,1014.2,162.78809297395446,3.5230055246063494,118,,
2018,8,28,4,0,7.9,-90,0,4.2,0,0.0,0,0.0,0,1014.7,167.13001017950558,4.197991260058305,106,,
2018,8,28,5,0,7.7,-81,0,3.9,0,0.0,0,0.0,0,1015.1,169.81120926813935,4.678763475085296,95,,
2018,8,28,6,0,8,-71,0,3.5,24,0.0,50,0.0,0,1015.5,173.89116446015555,5.214669859769407,84,,
2018,8,28,7,0,8.6,-60,0,2.8,47,318.0,200,41.89840392381547,0,1015.9,157.37352877735134,2.4431715907594524,74,,
2018,8,28,8,0,9.3,-47,0,2.1,57,597.0,358,203.7989395965269,0,1016.4,161.15733664689049,2.4302904417379207,65,,
2018,8,28,9,0,9.5,-33,0,1.4,63,733.0,483,382.1543979221462,0,1016.5,167.70153898406238,3.016740039377483,57,,
2018,8,28,10,0,9.4,-16,0,0.8,65,808.0,563,528.1350383377621,0,1016.3,178.96364178395777,3.1855796938573264,53,,
2018,8,28,11,0,9.3,3,0,0.2,65,837.0,586,626.5259764907526,0,1016.1,194.0198056156368,4.127842819422502,51,,
2018,8,28,12,0,9.2,21,0,-0.3,65,838.0,549,666.399923104523,0,1015.9,205.806845846428,2.871327750083727,54,,
2018,8,28,13,0,9,38,3.7,-0.8,92,821.0000000000001,406,646.7941386662901,0,1015.8,269.98915674132684,1.2900390856018755,59,,
2018,8,28,14,0,8.9,52,9.9,-1.2,123,781.0,206,566.2407102646657,0,1015.7,316.0778133891551,1.6795031246747918,67,,
2018,8,28,15,0,8.5,64,0.6,-1.4,49,699.0000000000001,143,426.73784837711366,0,1015.8,335.78206560309945,2.535391175093086,77,,
2018,8,28,16,0,7.8,74,1.7,-1.4,17,525.0,15,237.7602854756877,0,1016.3,359.77924355372613,4.562289723031631,87,,
2018,8,28,17,0,7.2,84,0,-1.4,0,229.0,0,48.043007992134754,0,1016.8,26.25571338255577,6.188255461417663,99,,
2018,8,28,18,0,6.6,94,0,-1.5,0,0.0,0,0.0,0,1017,32.25559064167766,6.394260095476112,110,,
2018,8,28,19,0,6,104,0,-1.6,0,0.0,0,0.0,0,1016.9,47.238854605977,7.287070591970856,121,,
2018,8,28,20,0,5.4,117,0,-1.8,0,0.0,0,0.0,0,1016.8,48.24690845436487,6.772580428056031,132,,
2018,8,28,21,0,5.3,134,0,-1.6,0,0.0,0,0.0,0,1016.6,53.77095411784052,5.854272441541948,141,,
2018,8,28,22,0,5.7,157,0,-1.3,0,0.0,0,0.0,0,1016.2,61.12225840730656,5.016350197579147,147,,
2018,8,28,23,0,6.1,-175,0,-0.9,0,0.0,0,0.0,0,1015.8,65.21232704770034,4.287605031064382,149,,
2018,8,29,0,0,6.4,-149,0,-0.3,0,0.0,0,0.0,0,1015.3,70.10355929698147,3.475003628077088,145,,
2018,8,29,1,0,6.7,-128,0,0.5,0,0.0,0,0.0,0,1014.7,89.32579787164343,2.987755673134121,138,,
2018,8,29,2,0,7,-113,0,1.3,0,0.0,0,0.0,0,1014.2,85.77534948958925,2.24364509124746,128,,
2018,8,29,3,0,7.3,-101,0,2,0,0.0,0,0.0,0,1013.8,82.70368425235478,2.1472700935415814,117,,
2018,8,29,4,0,7.5,-90,0,2.7,0,0.0,0,0.0,0,1013.7,100.91768518316012,1.741481227296053,106,,
2018,8,29,5,0,7.7,-81,0,3.5,0,0.0,0,0.0,0,1013.5,122.59300062720172,1.3828057973235883,95,,
2018,8,29,6,0,8.2,-71,44.9,4.2,26,0.0,1,0.0,0,1013.5,138.3042492312361,1.1950567882004932,84,,
2018,8,29,7,0,9,-60,79,5.1,49,334.0,0,44.70752522082219,0,1013.5,196.4670091628828,0.7846242516237403,73,,
2018,8,29,8,0,9.7,-48,84,5.9,63,604.0,0,207.2912000787857,0,1013.6,198.43872897594892,1.1701817040890998,64,,
2018,8,29,9,0,10.3,-33,68.7,6.1,167,730.0,0,381.8582768753259,0,1013.6,196.82377624313995,1.7106686907851911,57,,
2018,8,29,10,0,10.6,-16,46.4,5.8,316,778.0,7,526.2929379580305,0,1013.5,182.2425284568362,1.0232445920889384,52,,
2018,8,29,11,0,11,3,13,5.5,222,807.0,320,624.0104436605616,0,1013.4,223.47594231551983,1.0644894095019897,51,,
2018,8,29,12,0,11.1,22,7.5,5.4,154,814.0,387,665.2373090286628,0,1013.5,256.8832054354694,1.4760098507973716,53,,
2018,8,29,13,0,10.9,38,23.6,5.5,258,801.0,119,647.0246492758417,0,1013.6,332.5255683737229,1.7611253504506714,59,,
2018,8,29,14,0,10.8,52,1.2,5.6,83,765.0,263,567.4811878698049,0,1013.8,329.21326385064407,2.764590484755541,67,,
2018,8,29,15,0,10.4,64,1.3,5.5,58,684.0,123,428.525106158834,0,1014.1,325.713123022791,3.328381738923587,77,,
2018,8,29,16,0,9.9,74,10,5.2,19,504.0,8,237.88565865421344,0,1014.6,323.81670332864456,3.667255498826985,87,,
2018,8,29,17,0,9.4,84,0,5,0,228.0,0,50.651321252642354,0,1015.1,324.47529050271123,3.5109285307813365,98,,
2018,8,29,18,0,8.9,94,0,4.5,0,0.0,0,0.0,0,1015.4,321.9529574681739,3.679292110898086,110,,
2018,8,29,19,0,8.5,105,0,4,0,0.0,0,0.0,0,1015.5,291.92095408550585,3.4548656598843395,121,,
2018,8,29,20,0,8,118,0,3.4,0,0.0,0,0.0,0,1015.6,265.96179441919696,2.984949755621176,131,,
2018,8,29,21,0,7.7,135,0,3.1,0,0.0,0,0.0,0,1015.5,263.1258736025036,3.8450227894126257,140,,
2018,8,29,22,0,7.6,157,0,2.9,0,0.0,0,0.0,0,1015.4,244.17757749732127,4.826949442489836,147,,
2018,8,29,23,0,7.4,-175,0,2.7,0,0.0,0,0.0,0,1015.3,233.36203309605463,6.2000996252869545,149,,
2018,8,30,0,0,7.2,-149,0,2.6,0,0.0,0,0.0,0,1015.2,231.2119813085912,7.1394007403338735,145,,
2018,8,30,1,0,6.9,-128,0,2.4,0,0.0,0,0.0,0,1015.1,232.2227531912193,7.606862031171646,138,,
2018,8,30,2,0,6.7,-113,0,2.3,0,0.0,0,0.0,0,1015,231.3322789161683,8.558558628945171,128,,
2018,8,30,3,0,6.5,-101,0,2.2,0,0.0,0,0.0,0,1015.2,220.5686899960908,9.6791462473682,117,,
2018,8,30,4,0,6.2,-91,0,2.2,0,0.0,0,0.0,0,1015.5,226.86343197678303,9.513683803850816,106,,
2018,8,30,5,0,6,-81,0,2.2,0,0.0,0,0.0,0,1015.8,225.33546716694264,9.641573128223172,94,,
2018,8,30,6,0,6.5,-71,1.4,2.2,27,0.0,57,0.0,0,1015.9,215.25079515026653,10.6902055606223,83,,
2018,8,30,7,0,7.7,-60,0,2.2,45,85.0,218,37.35495569147634,0,1015.8,208.6676184034526,11.30860061513531,73,,
2018,8,30,8,0,8.9,-48,0,2.3,55,151.0,376,134.60415194525456,0,1015.7,213.9447738371624,10.906006567131932,64,,
2018,8,30,9,0,9.6,-33,0,2.5,61,462.0,499,321.5703926254734,0,1015.4,216.6216371571008,10.2886219726891,57,,
2018,8,30,10,0,9.9,-16,0,2.8,63,406.0,575,438.2580309940899,0,1014.9,224.327720533446,10.990777270227865,52,,
2018,8,30,11,0,10.2,3,0,3.1,64,206.0,594,412.80622348675047,0,1014.3,219.99776082731097,10.968439804212109,51,,
2018,8,30,12,0,10.5,22,0,3.3,63,100.0,553,349.9051093986822,0,1013.9,220.57240900665167,11.608164237692456,53,,
2018,8,30,13,0,10.6,38,0,3.2,61,49.0,458,266.93559768224134,0,1013.8,216.3484423972185,12.527618438497306,59,,
2018,8,30,14,0,10.8,52,0,3.2,55,14.0,319,146.0296380643514,0,1013.6,227.628277762384,11.911466186792175,67,,
2018,8,30,15,0,10.6,64,0,3.3,43,7.0,156,80.28752544077267,0,1013.5,219.6253826434973,11.15229870842224,76,,
2018,8,30,16,0,10,75,0.1,3.6,15,26.0,23,77.49756496570308,0,1013.6,220.50231297580711,10.346713819893044,87,,
2018,8,30,17,0,9.3,84,0,3.9,0,11.0,0,13.70835359092912,0,1013.6,223.7676851733727,9.768999224807134,98,,
2018,8,30,18,0,8.6,94,0,4,0,0.0,0,0.0,0,1013.6,219.6111688935245,9.27741316598722,109,,
2018,8,30,19,0,7.7,105,0,4.1,0,0.0,0,0.0,0,1013.6,232.07620718055185,9.501265472903386,121,,
2018,8,30,20,0,6.9,118,0,4.1,0,0.0,0,0.0,0,1013.5,211.45747212163909,10.170000823615425,131,,
2018,8,30,21,0,6.4,135,0,4.3,0,0.0,0,0.0,0,1013.4,207.3142981168386,12.824968228384453,140,,
2018,8,30,22,0,6.4,158,0,4.5,0,0.0,0,0.0,0,1013.1,206.77373753654723,13.21974777396947,146,,
2018,8,30,23,0,6.3,-175,0,4.7,0,0.0,0,0.0,0,1012.8,215.41248547045768,14.69034794122386,148,,
2018,8,31,0,0,6.2,-149,0,4.7,0,0.0,0,0.0,0,1012.6,210.69135814599724,16.222207705944495,145,,
2018,8,31,1,0,6,-129,0,4.7,0,0.0,0,0.0,0,1012.5,207.6387140291602,13.489199189812856,137,,
2018,8,31,2,0,5.8,-113,0,4.7,0,0.0,0,0.0,0,1012.3,215.03657973656857,13.373105113216196,128,,
2018,8,31,3,0,5.6,-101,0,4.6,0,0.0,0,0.0,0,1012.2,213.60094533085012,13.40775375113282,117,,
2018,8,31,4,0,5.3,-91,0,4.4,0,0.0,0,0.0,0,1012.3,221.0661052117045,17.417981048737055,105,,
2018,8,31,5,0,5,-81,0,4.2,1,0.0,0,0.0,0,1012.3,219.2246465955819,14.635405142249008,94,,
2018,8,31,6,0,5.7,-71,0,4.3,28,0.0,60,0.0,0,1012.2,215.5437183751583,15.344149164807469,83,,
2018,8,31,7,0,7.4,-60,0,4.8,51,3.0,215,14.097284331534173,0,1012,215.11740880012167,14.111043611714022,73,,
2018,8,31,8,0,9,-48,0,5.3,61,3.0,371,38.64354381359395,0,1011.8,240.8349246956609,13.430233609744729,64,,
2018,8,31,9,0,9.9,-33,0,5.3,67,4.0,495,69.51516224696418,0,1011.5,244.18205031548453,7.20963928670827,56,,
2018,8,31,10,0,10.2,-16,0,4.8,71,7.0,569,117.57538812355338,0,1011.1,228.06665432635464,8.357762040295968,52,,
2018,8,31,11,0,10.4,3,0,4.3,72,15.0,587,189.01826212687385,0,1010.7,210.0284906128631,11.14030889728756,50,,
2018,8,31,12,0,10.5,22,6,4.1,134,17.0,448,202.9465087154194,0,1010.3,242.568003117308,8.39953675638955,53,,
2018,8,31,13,0,10.6,39,29.2,4.2,260,6.0,110,122.81559902871292,0,1009.9,265.8940069880277,8.657230287261696,59,,
2018,8,31,14,0,10.6,53,27.8,4.3,143,9.0,123,129.20051006829402,0,1009.4,283.5101448717436,7.512822165856856,67,,
2018,8,31,15,0,10.2,65,0.2,4.5,47,4.0,155,67.89444715071525,0,1009.2,288.6192685294294,6.671699226797704,76,,
2018,8,31,16,0,9.5,75,1.6,4.7,18,2.0,20,24.660946224015024,0,1009.2,305.0973929706564,4.317495527955408,87,,
2018,8,31,17,0,8.7,85,0,5,0,1.0,0,5.158634684949726,0,1009.2,319.4681571332588,2.315665488461854,98,,
2018,8,31,18,0,7.9,95,0,4.9,0,0.0,0,0.0,0,1009.2,2.220064900576631,2.647006343028356,109,,
2018,8,31,19,0,7.1,106,0,4.5,0,0.0,0,0.0,0,1009.1,9.929952187359504,3.6243638187426086,120,,
2018,8,31,20,0,6.4,119,0,4.1,0,0.0,0,0.0,0,1009,11.491810941664596,5.671308841244525,131,,
2018,8,31,21,0,6,135,0,4,0,0.0,0,0.0,0,1008.9,22.01175289100553,8.224509204842422,140,,
2018,8,31,22,0,6.1,158,0,4.2,0,0.0,0,0.0,0,1008.6,29.828021047912955,8.639682449337688,146,,
2018,8,31,23,0,6.2,-175,0,4.3,0,0.0,0,0.0,0,1008.3,22.48968983890404,8.431249224618208,148,,
2018,9,1,0,0,6.2,-149,0,4.4,0,0.0,0,0.0,0,1008,17.269597013784733,9.103004393742776,144,,
2018,9,1,1,0,6.3,-129,0,4.4,0,0.0,0,0.0,0,1007.7,12.183603265614863,8.742069499265147,137,,
2018,9,1,2,0,6.3,-114,0,4.4,0,0.0,0,0.0,0,1007.3,42.36215187249775,12.944828199353106,127,,
2018,9,1,3,0,6.3,-102,0,4.4,0,0.0,0,0.0,0,1007.1,44.01668776310368,11.538277510878023,116,,
2018,9,1,4,0,6.3,-91,0,4.4,0,0.0,0,0.0,0,1007.2,40.10095718677212,11.34444963909086,105,,
2018,9,1,5,0,6.2,-81,0,4.4,1,0.0,0,0.0,0,1007.2,37.6703749958948,11.27863977144804,94,,
2018,9,1,6,0,6.7,-71,1.4,4.4,32,0.0,59,0.0,0,1007.2,50.76066771928572,11.026370606570971,83,,
2018,9,1,7,0,7.7,-61,0,4.4,54,86.0,217,48.20245322715033,0,1007.1,53.93976702323664,11.955783573271406,72,,
2018,9,1,8,0,8.7,-48,0.1,4.5,67,192.0,371,169.1956617688895,0,1007,52.74940593097739,11.22163442493513,63,,
2018,9,1,9,0,9.3,-33,0.6,4.6,80,229.0,486,287.954669345281,0,1006.7,46.76016745706045,11.218183774127343,56,,
2018,9,1,10,0,9.4,-16,10.3,4.7,199,438.0,382,435.0073649944924,0,1006.4,48.95328115955749,12.232048575929982,51,,
2018,9,1,11,0,9.5,4,9.4,4.8,193,380.0,411,478.3943863800732,0,1006.1,46.392879394215925,12.222437399748555,50,,
2018,9,1,12,0,9.6,22,0.7,4.8,86,358.0,533,492.2631066795191,0,1005.7,49.70751235541309,12.966046582381177,53,,
2018,9,1,13,0,9.6,39,0,4.7,73,302.0,453,446.4396851315113,0,1005.1,47.56063053809714,12.307073193533546,58,,
2018,9,1,14,0,9.6,53,0,4.6,64,279.0,317,378.411907848909,0,1004.6,47.3120414242631,13.539618272154708,66,,
2018,9,1,15,0,9.2,65,1.1,4.6,50,274.0,154,290.8554052251916,0,1004.3,46.950955346646026,13.448003190479035,76,,
2018,9,1,16,0,8.4,75,12.1,4.7,24,174.0,10,150.13614709643497,0,1004.3,45.66240286937949,12.842027850376471,87,,
2018,9,1,17,0,7.6,85,0,4.7,0,96.0,0,34.54893534325195,0,1004.3,43.9547816268211,11.91490186642468,98,,
2018,9,1,18,0,6.8,95,47.4,4.4,0,0.0,0,0.0,0,1004.5,44.30039940757342,11.579564109353816,109,,
2018,9,1,19,0,5.9,106,59.2,3.9,0,0.0,0,0.0,0,1004.8,47.22007859531175,11.591199170123236,120,,
2018,9,1,20,0,5.1,119,59.1,3.4,0,0.0,0,0.0,0,1005.2,48.391694631395694,11.324740444876335,131,,
2018,9,1,21,0,4.9,136,59.9,3.3,0,0.0,0,0.0,0,1005.2,50.46041496923334,11.090063866194052,140,,
2018,9,1,22,0,5.5,158,31.2,3.6,0,0.0,0,0.0,0,1004.9,49.26204995695957,9.825849606274009,146,,
2018,9,1,23,0,6,-175,33.5,3.9,0,0.0,0,0.0,0,1004.6,48.72530888332409,9.057710516518204,147,,
2018,9,2,0,0,6.4,-149,21.3,4.2,0,0.0,0,0.0,0,1004.2,57.24800761469652,9.574669225422502,144,,
2018,9,2,1,0,6.7,-129,42,4.4,0,0.0,0,0.0,0,1003.7,51.04426509833826,9.368072321623616,137,,
2018,9,2,2,0,7,-114,41,4.7,0,0.0,0,0.0,0,1003.2,58.98952240442998,9.447749660379992,127,,
2018,9,2,3,0,7.2,-102,36.8,4.9,0,0.0,0,0.0,0,1002.9,60.58398368078542,8.383293322934735,116,,
2018,9,2,4,0,7.3,-91,42.4,5,0,0.0,0,0.0,0,1002.7,55.33703972906915,7.309865370957508,105,,
2018,9,2,5,0,7.4,-82,32.1,5.1,1,0.0,0,0.0,0,1002.5,62.68780738272056,6.958060315385796,94,,
2018,9,2,6,0,8.1,-72,27,5.7,45,1.0,26,1.0,0,1002.5,65.94003003394869,6.702161995419509,83,,
2018,9,2,7,0,9.3,-61,36.2,6.8,151,112.0,14,48.71833866648038,0,1002.7,72.18162046926489,6.535932409296828,72,,
2018,9,2,8,0,10.6,-48,56.4,7.8,174,259.0,3,174.29059311872538,0,1002.8,82.29720013295571,7.1620376745608345,63,,
2018,9,2,9,0,11.4,-33,42.7,8.2,242,361.0,75,313.5732455223856,0,1002.6,88.29798751566312,6.312843709973994,56,,
2018,9,2,10,0,11.7,-16,21.8,8.1,321,238.0,162,353.05650110745137,0,1001.9,90.32725266115769,7.0101241102197145,51,,
2018,9,2,11,0,12,4,39.7,7.9,381,312.0,3,444.7553119930895,0,1001.3,84.44270808770375,7.563135676031646,50,,
2018,9,2,12,0,12.1,23,31.4,7.9,302,393.0,106,506.88485389548686,0,1000.7,84.15331584905368,7.1899899399160425,52,,
2018,9,2,13,0,12.1,39,52.6,8,241,420.0,0,501.9519158197474,0,1000.1,76.79404171245261,6.488982987737672,58,,
2018,9,2,14,0,12,53,39.3,8.1,199,452.0,15,458.0551463492459,0,999.5,76.21547400420798,6.91422684899815,66,,
2018,9,2,15,0,11.6,65,38.9,8.1,90,414.0,26,347.3547707781055,0,999.3,74.94614495558898,7.064964341325395,76,,
2018,9,2,16,0,10.7,76,58.5,8.1,23,313.0,2,196.7177611662039,0,999.4,71.47661942820912,7.153040441044095,87,,
2018,9,2,17,0,9.8,85,70.6,8.1,0,144.0,0,43.80381837073469,0,999.6,70.37511008060085,6.699204389818109,98,,
2018,9,2,18,0,9.2,95,56.3,8,0,0.0,0,0.0,0,999.9,72.82825159854104,6.198675082523828,109,,
2018,9,2,19,0,8.8,106,50.4,7.7,0,0.0,0,0.0,0,1000.2,73.8271893093065,6.184694694594657,120,,
2018,9,2,20,0,8.5,119,42,7.4,0,0.0,0,0.0,0,1000.5,82.27830217469398,5.507459031254394,130,,
2018,9,2,21,0,8.2,136,42,7.1,0,0.0,0,0.0,0,1000.7,84.40529199126507,5.717175694339028,139,,
2018,9,2,22,0,8,159,22.8,6.9,0,0.0,0,0.0,0,1000.5,95.70476716622515,5.256011903974329,146,,
2018,9,2,23,0,7.8,-175,0,6.7,0,0.0,0,0.0,0,1000.4,111.89759016620836,4.645200817460613,147,,
2018,9,3,0,0,7.8,-149,0,6.7,0,0.0,0,0.0,0,1000.4,117.74601167268172,3.951954091475322,144,,
2018,9,3,1,0,8,-129,0,7,0,0.0,0,0.0,0,1000.4,96.20306927280598,6.387495309824257,136,,
2018,9,3,2,0,8.2,-114,0.7,7.2,0,0.0,0,0.0,0,1000.4,98.5968704787955,6.204722633540931,127,,
2018,9,3,3,0,8.5,-102,3.5,7.4,0,0.0,0,0.0,0,1000.7,98.14556471500396,5.629302149238045,116,,
2018,9,3,4,0,8.7,-92,0,7.4,0,0.0,0,0.0,0,1001.2,95.20123005498868,5.213851091296094,105,,
2018,9,3,5,0,9,-82,0,7.5,1,0.0,1,0.0,0,1001.7,96.5092384148598,4.96191820078037,93,,
2018,9,3,6,0,9.6,-72,4.3,7.3,41,4.0,50,1.0000000000000002,0,1002.5,107.36199300786006,5.236124344203876,82,,
2018,9,3,7,0,10.6,-61,0.1,7,63,250.0,210,58.773138189427065,0,1003.4,108.00907128824736,4.674061968222448,72,,
2018,9,3,8,0,11.6,-48,0,6.6,73,579.0,370,230.3933300468028,0,1004.3,130.62800109023317,3.920001589387941,63,,
2018,9,3,9,0,12,-33,0,6.2,77,708.0,500,408.4776398721907,0,1005,144.83650162464517,3.7156614171867104,55,,
2018,9,3,10,0,11.8,-15,0,5.7,78,779.0,579,554.1506665859856,0,1005.3,138.77126508887892,2.981622055317733,50,,
2018,9,3,11,0,11.6,4,0.3,5.2,84,797.0,592,647.3487741523951,0,1005.7,123.09607035838845,3.7360307542241658,49,,
2018,9,3,12,0,11.3,23,0,4.6,80,799.0,557,686.1610886900052,0,1006.1,115.61650768250864,3.376838042293322,52,,
2018,9,3,13,0,10.9,39,0,4,79,787.0,459,667.3264915963462,0,1006.8,125.8636376686906,1.2122474967897656,58,,
2018,9,3,14,0,10.5,54,0,3.4,75,703.0000000000001,314,566.250754759327,0,1007.4,152.53901853802165,0.775075738036313,66,,
2018,9,3,15,0,9.9,65,0,2.9,62,584.0,146,413.52432921077065,0,1008.2,216.49674302705472,0.6222788223236871,76,,
2018,9,3,16,0,9.1,76,0,2.6,21,334.0,21,205.0256165976249,0,1009.2,267.0388206010954,1.9801830710201496,86,,
2018,9,3,17,0,8.2,86,0,2.2,0,112.0,0,38.887971407357455,0,1010.1,274.862413228303,3.951721786721692,98,,
2018,9,3,18,0,7.6,96,0,2,0,0.0,0,0.0,0,1010.8,287.5808650700427,3.51680333205667,109,,
2018,9,3,19,0,7.2,107,0,2,0,0.0,0,0.0,0,1011.3,253.3726126208384,1.6594774361869715,120,,
2018,9,3,20,0,6.9,120,0,2,0,0.0,0,0.0,0,1011.8,234.8530499231859,1.693832190655515,130,,
2018,9,3,21,0,6.6,137,0,2.1,0,0.0,0,0.0,0,1012.1,201.2137393321373,1.595676566641841,139,,
2018,9,3,22,0,6.6,159,0,2.3,0,0.0,0,0.0,0,1012.3,199.81402047692296,1.7033829974824255,145,,
2018,9,3,23,0,6.5,-175,0,2.5,0,0.0,0,0.0,0,1012.5,200.2597225137825,2.635461272866124,147,,
2018,9,4,0,0,6.5,-149,0,2.6,0,0.0,0,0.0,0,1012.6,192.1671920703644,2.953803221715064,143,,
2018,9,4,1,0,6.5,-129,0,2.6,0,0.0,0,0.0,0,1012.7,194.08304640163897,5.291612768149033,136,,
2018,9,4,2,0,6.6,-114,0,2.6,0,0.0,0,0.0,0,1012.8,186.6624033878536,6.4434147670801245,126,,
2018,9,4,3,0,6.6,-102,0,2.7,0,0.0,0,0.0,0,1012.8,180.01939468462686,7.212402756959359,115,,
2018,9,4,4,0,6.7,-92,0,2.9,0,0.0,0,0.0,0,1012.9,175.5298435932898,8.723802862727336,104,,
2018,9,4,5,0,6.8,-82,0,3,2,0.0,1,0.0,0,1013,170.40294679990836,8.278210272805222,93,,
2018,9,4,6,0,7.6,-72,24.1,3.5,65,1.0,7,1.0,0,1013.1,176.31913389105068,7.36235567544044,82,,
2018,9,4,7,0,9.2,-61,18.4,4.3,130,69.0,106,44.59666759255498,0,1013.1,183.4824375192008,7.861684850335161,72,,
2018,9,4,8,0,10.7,-48,34.7,5.1,214,245.0,80,172.75710293647435,0,1013,189.4817338921453,7.344974707890351,62,,
2018,9,4,9,0,11.6,-33,36.1,5.6,291,539.0,72,365.6580632276956,0,1012.8,193.5504060858379,6.508312723596872,55,,
2018,9,4,10,0,11.8,-15,52,5.7,301,610.0,6,503.3897436855136,0,1012.3,215.82223530891835,6.783116347496246,50,,
2018,9,4,11,0,11.9,4,62.4,5.9,248,648.0,0,595.8010851053632,0,1011.8,234.7680414228112,8.095446412510924,49,,
2018,9,4,12,0,11.9,23,40.6,6,290,666.0,74,635.8230799477683,0,1011.4,237.1452474299168,8.838832910370314,52,,
2018,9,4,13,0,11.6,40,31.9,6.2,241,643.0,113,610.7174728050688,0,1011.2,229.148746548744,9.432724966793405,57,,
2018,9,4,14,0,11.4,54,44.3,6.5,184,614.0,18,535.3030138041502,0,1010.9,229.1612829936072,9.183106319029694,66,,
2018,9,4,15,0,11.1,66,27.4,6.6,94,545.0,58,404.74161167416577,0,1010.9,234.2324979277035,8.738140792297626,75,,
2018,9,4,16,0,10.6,76,10.6,6.8,30,431.0,4,238.70700350656423,0,1011.2,231.16209047252545,8.941944277780228,86,,
2018,9,4,17,0,10.1,86,4.1,6.9,0,274.0,0,69.1231725905906,0,1011.4,221.1596043201032,8.949044574323032,97,,
2018,9,4,18,0,9.8,96,27.4,6.9,0,0.0,0,0.0,0,1011.6,210.4629819772373,9.408664558218318,109,,
2018,9,4,19,0,9.7,107,37.5,6.8,0,0.0,0,0.0,0,1011.8,198.6114616286061,11.57788226224526,120,,
2018,9,4,20,0,9.6,120,43,6.8,0,0.0,0,0.0,0,1011.9,206.89525382769023,10.666155873053984,130,,
2018,9,4,21,0,9.5,137,43,6.9,0,0.0,0,0.0,0,1011.9,208.9188678081472,9.719264703718048,139,,
2018,9,4,22,0,9.4,159,43,7.1,0,0.0,0,0.0,0,1011.7,208.60774862819463,9.471202586215057,145,,
2018,9,4,23,0,9.3,-175,43,7.4,0,0.0,0,0.0,0,1011.6,210.85436649634795,9.627427256434904,146,,
2018,9,5,0,0,9.2,-150,42.4,7.5,0,0.0,0,0.0,0,1011.5,214.141472800343,9.50569770319666,143,,
2018,9,5,1,0,9.1,-130,41.7,7.4,0,0.0,0,0.0,0,1011.4,208.07921914794235,9.90013219150276,136,,
2018,9,5,2,0,9.1,-115,16.1,7.3,0,0.0,0,0.0,0,1011.3,203.5179845817184,10.368592768552544,126,,
2018,9,5,3,0,9,-102,0,7.2,0,0.0,0,0.0,0,1011.5,199.6222043898931,11.070116764187656,115,,
2018,9,5,4,0,8.9,-92,26.6,7.1,0,0.0,0,0.0,0,1012,198.8011056217187,10.619092726831846,104,,
2018,9,5,5,0,8.9,-82,2.6,7,2,0.0,1,0.0,0,1012.4,195.2735546971625,11.179792343703673,93,,
2018,9,5,6,0,9.3,-72,2.8,7,47,2.0,52,1.0000000000000002,0,1012.7,195.7632681636372,11.53106846963716,82,,
2018,9,5,7,0,10.2,-61,15.2,7.1,115,60.0,116,45.43330446440304,0,1013,195.82343777509115,11.469532466982166,71,,
2018,9,5,8,0,11.1,-49,24.7,7.2,233,130.0,106,146.34696143522223,0,1013.2,199.5565995229798,11.023375591425957,62,,
2018,9,5,9,0,11.6,-33,21.4,7,226,280.0,225,294.53805872252906,0,1013.2,198.3443736078931,11.525651787554583,54,,
2018,9,5,10,0,11.5,-15,31.7,6.6,291,331.0,156,420.7718708416911,0,1012.9,213.1400372868084,10.54513890989324,50,,
2018,9,5,11,0,11.4,4,31.6,6.2,289,354.0,173,494.8586571441765,0,1012.7,223.60173509614327,9.345534753827376,49,,
2018,9,5,12,0,11.4,23,19.6,6,238,345.0,268,514.5529855769008,0,1012.5,228.14656874485075,8.89108161558204,51,,
2018,9,5,13,0,11.4,40,17.3,5.8,187,316.0,260,480.207983876619,0,1012.4,229.34915497911817,10.257726833104906,57,,
2018,9,5,14,0,11.4,54,37.5,5.7,133,470.0,98,491.6335281357522,0,1012.3,237.2834946777166,9.472778527168671,65,,
2018,9,5,15,0,11,66,2.1,5.8,64,525.0,145,411.0213082422075,0,1012.4,232.581696986026,10.248906964080502,75,,
2018,9,5,16,0,10.4,77,0,6,20,187.0,28,169.1988600403311,0,1012.7,218.05291387911967,10.11514435098484,86,,
2018,9,5,17,0,9.7,86,0,6.2,0,54.0,0,30.4674476897541,0,1013.1,215.75619633875195,10.618998192776868,97,,
2018,9,5,18,0,9.2,96,0,6.2,0,0.0,0,0.0,0,1013.3,217.98360697200167,11.11381826058649,108,,
2018,9,5,19,0,8.9,107,1.9,6,0,0.0,0,0.0,0,1013.6,209.3605188295339,12.675508601426012,120,,
2018,9,5,20,0,8.5,120,4.5,5.7,0,0.0,0,0.0,0,1013.9,212.46042269680245,11.854571340868436,130,,
2018,9,5,21,0,8.4,137,6.6,5.8,0,0.0,0,0.0,0,1013.8,212.7145825336445,11.888233112168306,139,,
2018,9,5,22,0,8.3,159,23.6,6.3,0,0.0,0,0.0,0,1013.5,219.2417736973264,12.211389663827749,145,,
2018,9,5,23,0,8.2,-174,42.3,6.8,0,0.0,0,0.0,0,1013.2,226.6014454019227,13.219221264530171,146,,
2018,9,6,0,0,8.3,-150,42.1,7.1,0,0.0,0,0.0,0,1012.8,230.2106824616465,14.3249392529809,143,,
2018,9,6,1,0,8.5,-130,49.7,7.1,0,0.0,0,0.0,0,1012.4,214.8789510436084,13.43906980704375,135,,
2018,9,6,2,0,8.7,-115,59.9,7.2,0,0.0,0,0.0,0,1012,220.826175284612,12.798810227985696,126,,
2018,9,6,3,0,8.8,-103,51.5,7.2,0,0.0,0,0.0,0,1011.7,236.93663853916496,11.923178707749102,115,,
2018,9,6,4,0,9,-92,55.4,7.1,0,0.0,0,0.0,0,1011.5,248.44680388332893,12.160347941621977,104,,
2018,9,6,5,0,9.2,-83,58.1,7,2,0.0,0,0.0,0,1011.4,272.2405393477168,14.906415408594254,92,,
2018,9,6,6,0,9.5,-73,57.3,7.2,38,0.0,0,0.0,0,1011.1,282.6010239646844,14.49664357406246,81,,
2018,9,6,7,0,10.1,-62,52.6,7.6,128,3.0,0,15.187127265594066,0,1010.8,265.28283109165505,12.798233130165375,71,,
2018,9,6,8,0,10.7,-49,60.4,8,172,6.0,0,52.47926909519213,0,1010.5,243.05339258101333,13.427842278064324,62,,
2018,9,6,9,0,11.1,-33,59.2,8.2,227,9.0,0,99.6980642308366,0,1009.8,242.6002883449601,14.270859726187624,54,,
2018,9,6,10,0,11.3,-15,61,8.1,247,10.0,0,146.4237298014359,0,1008.7,237.58220880058167,14.86688126666089,49,,
2018,9,6,11,0,11.4,4,64.7,8.1,229,28.0,0,243.69135144459963,0,1007.7,241.24796381017308,15.352814650004817,48,,
2018,9,6,12,0,11.4,23,62.9,8.1,224,86.0,0,356.8897898611557,0,1006.7,253.08678228972624,14.977925906657838,51,,
2018,9,6,13,0,11.3,40,57.4,8.2,216,13.0,0,180.62498418702987,0,1005.7,249.82317852958528,14.510334034054834,57,,
2018,9,6,14,0,11.2,55,64.2,8.3,130,12.0,0,148.24170316085633,0,1004.7,254.2129630589368,14.390217266871488,65,,
2018,9,6,15,0,11.2,66,63,8.3,63,3.0,0,57.49191590454673,0,1003.9,253.4006950009092,13.205348463017852,75,,
2018,9,6,16,0,11.2,77,69.9,8.2,13,2.0,0,25.70456165828517,0,1003.2,261.54108196499726,12.59205970353768,86,,
2018,9,6,17,0,11.1,87,85.2,8.2,0,6.0,0,15.071986175466243,0,1002.6,345.5716350827836,9.993163639017522,97,,
2018,9,6,18,0,11,97,78.6,8.1,0,0.0,0,0.0,0,1002.1,4.129879322743307,6.664766925104722,108,,
2018,9,6,19,0,10.8,108,92.3,8.2,0,0.0,0,0.0,0,1001.7,327.3023975927089,5.16025787992695,119,,
2018,9,6,20,0,10.6,121,95.7,8.2,0,0.0,0,0.0,0,1001.2,322.53157484946814,6.394440689331158,130,,
2018,9,6,21,0,10.4,138,90.8,8.3,0,0.0,0,0.0,0,1000.4,325.6478458231856,6.229011125972302,138,,
2018,9,6,22,0,10.2,160,70.6,8.5,0,0.0,0,0.0,0,999.2,330.5170658118396,5.861883465734051,144,,
2018,9,6,23,0,9.9,-174,40.4,8.7,0,0.0,0,0.0,0,998,333.9659295207598,5.678742850977407,146,,
2018,9,7,0,0,9.7,-150,38.8,8.7,0,0.0,0,0.0,0,997,332.8116748262961,5.640837060423953,142,,
2018,9,7,1,0,9.6,-130,18.5,8.7,0,0.0,0,0.0,0,996.1,352.9976884231988,5.599381664743512,135,,
2018,9,7,2,0,9.4,-115,0,8.6,0,0.0,0,0.0,0,995.2,25.45834763570025,6.2577903499520815,125,,
2018,9,7,3,0,9.4,-103,0,8.6,0,0.0,0,0.0,0,994.6,40.421615272936094,8.570807766926462,115,,
2018,9,7,4,0,9.4,-93,0,8.8,0,0.0,0,0.0,0,994.2,46.07493539792063,7.913876176393717,103,,
2018,9,7,5,0,9.4,-83,1.1,8.9,4,0.0,1,0.0,0,993.8,35.9883071335272,7.844971595868341,92,,
2018,9,7,6,0,9.6,-73,30.2,9,66,1.0,1,1.0,0,993.7,35.02391613268037,8.69460012323113,81,,
2018,9,7,7,0,10,-62,74.7,9.1,63,34.0,0,47.29781415001803,0,993.8,38.19551654158613,8.474191817568512,71,,
2018,9,7,8,0,10.4,-49,76.4,9.1,103,117.0,0,163.48232052858924,0,993.9,41.62786300872938,7.572040663735937,61,,
2018,9,7,9,0,10.6,-34,80.8,9.2,108,335.0,0,346.4652416767658,0,994.1,39.41272604227669,7.135004089196577,54,,
2018,9,7,10,0,10.7,-15,41.2,9.5,291,289.0,91,404.2788317777879,0,994.4,37.85102438444096,8.295307974096499,49,,
2018,9,7,11,0,10.7,4,46.1,9.8,297,436.0,65,531.7094144389802,0,994.7,34.3799022557813,8.239371222664662,48,,
2018,9,7,12,0,10.6,24,37.5,9.8,223,546.0,169,608.187346618294,0,995.2,31.043146982427515,7.644967095489496,51,,
2018,9,7,13,0,10.4,41,49.5,9.6,212,553.0,60,593.417991615868,0,995.9,22.363433015922624,8.883201949574625,57,,
2018,9,7,14,0,10.2,55,48.9,9.3,146,341.0,43,433.2324402234633,0,996.7,24.64616567978527,8.650616547904452,65,,
2018,9,7,15,0,10,67,24.8,9.1,125,276.0,37,312.3387267667701,0,997.6,22.041707720479508,8.280244273168,75,,
2018,9,7,16,0,9.8,77,52.9,8.8,22,186.0,0,171.19716529870203,0,998.6,21.70231567444847,8.126041965430009,86,,
2018,9,7,17,0,9.5,87,57.2,8.6,0,98.0,0,47.83657007832198,0,999.7,21.650881913022943,6.850758077969657,97,,
2018,9,7,18,0,9.4,97,48,8.4,0,0.0,0,0.0,0,1000.5,20.2094802209092,5.210683756402431,108,,
2018,9,7,19,0,9.3,108,46.3,8.3,0,0.0,0,0.0,0,1001.1,8.148326424927859,5.644632083823753,119,,
2018,9,7,20,0,9.2,121,62.9,8.2,0,0.0,0,0.0,0,1001.7,0.4136158308256199,6.2228183952705525,129,,
2018,9,7,21,0,9.1,138,61.9,8.1,0,0.0,0,0.0,0,1002.1,353.8130574110951,6.007647488514322,138,,
2018,9,7,22,0,9,160,52.9,8,0,0.0,0,0.0,0,1002.4,346.2102096727592,5.506367552040461,144,,
2018,9,7,23,0,8.9,-174,42.3,7.9,0,0.0,0,0.0,0,1002.6,337.2872729275178,5.341728770712811,145,,
2018,9,8,0,0,8.8,-150,42.2,7.8,0,0.0,0,0.0,0,1002.8,336.14574511926185,5.983810517702543,142,,
2018,9,8,1,0,8.7,-130,42.8,7.7,0,0.0,0,0.0,0,1003.1,341.6870631066007,6.380774332489225,134,,
2018,9,8,2,0,8.6,-115,35.7,7.6,0,0.0,0,0.0,0,1003.4,343.6140980493625,5.858051206457084,125,,
2018,9,8,3,0,8.6,-103,31.8,7.5,0,0.0,0,0.0,0,1003.9,337.880511561386,5.324496916167604,114,,
2018,9,8,4,0,8.5,-93,0,7.3,0,0.0,0,0.0,0,1004.6,330.632580033475,5.281493017711175,103,,
2018,9,8,5,0,8.4,-83,0.2,7.2,4,0.0,2,0.0,0,1005.4,326.9215659510885,5.588354102830018,92,,
2018,9,8,6,0,8.7,-73,32.8,7.2,71,2.0,10,2.0,0,1006,320.0886862448816,5.860354252684156,81,,
2018,9,8,7,0,9.5,-62,9.9,7.2,119,49.0,152,49.56906894294301,0,1006.5,314.05545002353256,5.990160314439799,70,,
2018,9,8,8,0,10.3,-49,0.6,7.3,89,149.0,375,165.3603600770834,0,1007.1,313.5503214378586,6.284662188166542,61,,
2018,9,8,9,0,10.7,-34,4.2,7.1,143,281.0,428,313.5103509234222,0,1007.4,313.6255784206769,5.743442330821494,53,,
2018,9,8,10,0,10.7,-15,21.1,6.6,332,459.0,199,490.8208971747873,0,1007.6,316.4657737898835,7.538436503931131,49,,
2018,9,8,11,0,10.7,5,26.6,6.1,378,422.0,130,546.9492962615432,0,1007.7,310.95607715395056,8.146832294300966,47,,
2018,9,8,12,0,10.6,24,3.7,5.8,141,339.0,484,532.4871018956335,0,1007.9,309.035412521772,8.776726969705424,50,,
2018,9,8,13,0,10.4,41,8.6,5.6,173,304.0,328,493.4641354401782,0,1008.2,306.12533679222486,9.269874492451992,56,,
2018,9,8,14,0,10.2,55,5.9,5.4,122,44.0,256,231.92591184135205,0,1008.4,300.5013032413344,9.659168536899353,65,,
2018,9,8,15,0,9.9,67,24.1,5.2,123,24.0,49,141.12333652806592,0,1008.8,303.8637647833229,10.29673742106888,75,,
2018,9,8,16,0,9.6,78,41.1,4.9,30,37.0,0,99.30187977379316,0,1009.4,298.99662423651625,9.09210348134703,85,,
2018,9,8,17,0,9.2,87,36.1,4.6,0,30.0,0,30.560417954716165,0,1009.9,290.81380858916367,8.422190163117149,97,,
2018,9,8,18,0,8.9,97,27.4,4.7,0,0.0,0,0.0,0,1010.4,280.8574767445296,8.494592843612601,108,,
2018,9,8,19,0,8.7,109,35.8,5.1,0,0.0,0,0.0,0,1010.9,272.6082366611232,9.066765869713452,119,,
2018,9,8,20,0,8.5,122,2.9,5.4,0,0.0,0,0.0,0,1011.3,262.87642397185084,9.636887185890432,129,,
2018,9,8,21,0,8.5,139,0,6,0,0.0,0,0.0,0,1011.4,273.09811646716645,9.115862373345085,138,,
2018,9,8,22,0,8.8,160,0,6.6,0,0.0,0,0.0,0,1011.3,304.68236243477094,9.129749061681151,144,,
2018,9,8,23,0,9.1,-174,0,7.3,0,0.0,0,0.0,0,1011.1,346.8236096958456,8.005939044914273,145,,
2018,9,9,0,0,9.3,-150,0,7.6,0,0.0,0,0.0,0,1011.1,355.70737895084244,8.95015597087665,141,,
2018,9,9,1,0,9.2,-130,0,7.6,0,0.0,0,0.0,0,1011.1,348.5927164471759,9.214742497449404,134,,
2018,9,9,2,0,9.2,-115,6.8,7.6,0,0.0,0,0.0,0,1011.2,344.6771593012015,9.583343021070034,125,,
2018,9,9,3,0,9.2,-103,40.5,7.3,0,0.0,0,0.0,0,1011.5,341.9440850254155,9.453070049283808,114,,
2018,9,9,4,0,9.1,-93,30.9,6.9,0,0.0,0,0.0,0,1012,344.15037278732484,10.252323776931451,103,,
2018,9,9,5,0,9.1,-83,39.8,6.4,3,0.0,0,0.0,0,1012.5,345.3761514457475,9.69417792850801,91,,
2018,9,9,6,0,9.5,-73,45.8,6.3,61,1.0,0,1.0,0,1013,342.6755453081434,9.058662266243903,80,,
2018,9,9,7,0,10.4,-62,45.1,6.4,160,8.0,1,29.625096141322203,0,1013.5,334.8259095519881,10.961273223564367,70,,
2018,9,9,8,0,11.3,-49,39.2,6.5,264,5.0,10,55.314685872006926,0,1013.9,341.40677594566387,12.576586824749752,60,,
2018,9,9,9,0,11.7,-34,48.4,6.9,303,29.0,0,166.38839774275348,0,1014.1,346.4178854937189,13.327798604602204,53,,
2018,9,9,10,0,11.7,-15,56.3,7.4,291,66.0,0,268.84766202253314,0,1014.1,350.9351025137232,14.280900112014592,48,,
2018,9,9,11,0,11.6,5,63.4,7.9,252,135.0,0,380.3675480986348,0,1014,14.838358677941072,15.50206798555612,47,,
2018,9,9,12,0,11.6,24,49.1,8.3,282,343.0,44,528.8801662536981,0,1014.1,21.46278324607414,16.25461029713514,50,,
2018,9,9,13,0,11.5,41,51.9,8.5,226,476.0,38,574.3096822401692,0,1014.3,24.314502668832915,15.65898590586524,56,,
2018,9,9,14,0,11.4,56,47.1,8.8,155,534.0,59,536.036120005958,0,1014.4,21.018191902473404,14.191786477717551,65,,
2018,9,9,15,0,11.3,67,63,9,82,467.0,4,404.7216139814056,0,1014.8,26.27553818655946,13.0511389543186,74,,
2018,9,9,16,0,11.1,78,22.7,9,30,304.0,2,221.3869590314618,0,1015.3,24.222331278771943,13.429925507039208,85,,
2018,9,9,17,0,10.8,88,0.2,9.1,0,91.0,0,50.17065910883317,0,1015.8,28.33493600883452,11.835515939488342,96,,
2018,9,9,18,0,10.6,98,0.6,9.1,0,0.0,0,0.0,0,1016.4,24.59707350705287,9.700299000433104,108,,
2018,9,9,19,0,10.4,109,19.2,9,0,0.0,0,0.0,0,1017,15.800766085070848,9.153487641589628,119,,
2018,9,9,20,0,10.2,122,35.8,9,0,0.0,0,0.0,0,1017.7,14.087723193073655,8.699133462749026,129,,
2018,9,9,21,0,10.2,139,26,9,0,0.0,0,0.0,0,1018,9.796815514062928,9.00633618381728,138,,
2018,9,9,22,0,10.2,161,27.9,9.3,0,0.0,0,0.0,0,1018.2,10.819760049566185,8.94913163594373,143,,
2018,9,9,23,0,10.3,-174,1.5,9.5,0,0.0,0,0.0,0,1018.3,10.720300179783408,8.332935114326265,145,,
2018,9,10,0,0,10.3,-150,0,9.6,0,0.0,0,0.0,0,1018.5,9.045123821224765,8.014703236575341,141,,
2018,9,10,1,0,10.2,-131,0,9.4,0,0.0,0,0.0,0,1018.7,355.3483670700567,7.923559547707513,134,,
2018,9,10,2,0,10.1,-116,0,9.3,0,0.0,0,0.0,0,1019,351.70747818829426,8.233545771907044,124,,
2018,9,10,3,0,10,-104,0,9.1,0,0.0,0,0.0,0,1019.4,355.82698426880734,7.66289353472459,114,,
2018,9,10,4,0,9.9,-93,1.1,9,0,0.0,0,0.0,0,1019.9,0.035090502418825,7.972657745226617,102,,
2018,9,10,5,0,9.8,-83,0.2,8.8,5,0.0,3,0.0,0,1020.5,3.550771724737217,7.509533167938199,91,,
2018,9,10,6,0,10.2,-73,11.1,8.7,59,1.0,54,2.0,0,1020.8,2.4734420086981004,7.35426383499129,80,,
2018,9,10,7,0,11.1,-62,40.8,8.8,154,15.0,29,36.2521425594228,0,1021,7.286663052095548,7.470487963002738,70,,
2018,9,10,8,0,12,-49,41.1,8.8,268,23.0,18,98.17406174270565,0,1021.2,5.1026276880281785,7.532291973418051,60,,
2018,9,10,9,0,12.4,-34,22.5,8.6,291,84.0,188,227.3413398684573,0,1021.2,359.28488282520334,8.215727801602965,53,,
2018,9,10,10,0,12.3,-15,31.9,8.3,347,200.0,121,373.7217764004813,0,1020.9,2.557144323785451,9.411960126457794,48,,
2018,9,10,11,0,12.1,5,61.5,7.9,272,277.0,0,472.6780838243265,0,1020.6,5.425560950481042,9.068214564879222,47,,
2018,9,10,12,0,12,25,60.1,7.7,263,307.0,0,509.6068489356373,0,1020.4,0.2737346667192355,9.402695199557488,50,,
2018,9,10,13,0,11.9,42,66.4,7.8,188,389.0,0,532.1615492434121,0,1020.1,353.399053304264,9.591169031871065,56,,
2018,9,10,14,0,11.8,56,67.6,7.8,135,393.0,0,472.8087904495727,0,1019.8,0.139919869312564,9.197537191144194,64,,
2018,9,10,15,0,11.5,68,66.8,7.8,76,94.0,0,219.21532978162097,0,1019.8,8.359564771607324,9.336750103688225,74,,
2018,9,10,16,0,11.1,78,39.2,7.8,20,45.0,1,104.50206626406298,0,1020,356.1280499233013,8.922954918195051,85,,
2018,9,10,17,0,10.6,88,0,7.8,0,60.0,0,42.52177545514536,0,1020.2,351.1577239727979,8.65288638443411,96,,
2018,9,10,18,0,10.2,98,0,7.7,0,0.0,0,0.0,0,1020.3,351.2855154607912,7.721710753073822,108,,
2018,9,10,19,0,9.7,109,18.1,7.5,0,0.0,0,0.0,0,1020.3,356.3653796356033,6.901332472426054,119,,
2018,9,10,20,0,9.3,122,39.5,7.3,0,0.0,0,0.0,0,1020.3,354.80128702112745,6.207909691734124,129,,
2018,9,10,21,0,9,139,39.5,7.3,0,0.0,0,0.0,0,1020.1,343.34043464616974,5.031255029000559,137,,
2018,9,10,22,0,9,161,23,7.5,0,0.0,0,0.0,0,1019.8,322.4064499564916,4.032352865896676,143,,
2018,9,10,23,0,9,-174,13.6,7.8,0,0.0,0,0.0,0,1019.5,303.8227430055561,4.240028077619633,144,,
2018,9,11,0,0,9,-150,3.5,7.9,0,0.0,0,0.0,0,1019,297.4989521630457,3.644139374070224,141,,
2018,9,11,1,0,9,-131,7.8,7.8,0,0.0,0,0.0,0,1018.3,276.8659910443938,4.474471590875443,133,,
2018,9,11,2,0,9,-116,0,7.7,0,0.0,0,0.0,0,1017.7,264.3954706006812,6.732132903543785,124,,
2018,9,11,3,0,9,-104,0,7.7,0,0.0,0,0.0,0,1017.3,253.39830620241463,6.894839258851458,113,,
2018,9,11,4,0,9,-93,0,7.7,0,0.0,0,0.0,0,1017.2,240.89626721295664,7.190316162705292,102,,
2018,9,11,5,0,9.1,-84,1.9,7.7,7,0.0,2,0.0,0,1017,237.35566826032624,7.757953692454623,91,,
2018,9,11,6,0,9.7,-74,41.4,8,72,8.0,14,3.0000000000000004,0,1016.9,232.28975860234573,8.206693218374438,80,,
2018,9,11,7,0,11,-63,53,8.3,143,101.0,5,67.97395161897371,0,1016.9,223.276129356358,9.164598730582654,69,,
2018,9,11,8,0,12.2,-50,53.1,8.7,233,281.0,0,212.9795560905021,0,1016.8,220.52982315823172,9.956194229233189,60,,
2018,9,11,9,0,12.9,-34,34.3,8.8,369,476.0,41,390.53045657803455,0,1016.4,228.08130906642887,10.196837952009044,52,,
2018,9,11,10,0,13.1,-15,11.1,8.5,237,704.0,384,573.5178445529943,0,1015.6,238.6982505937525,10.816908786461047,47,,
2018,9,11,11,0,13.4,5,23.8,8.2,364,750.0,180,675.0193485456309,0,1014.8,240.27649683794803,10.956452787908692,46,,
2018,9,11,12,0,13.5,25,15.7,8.1,291,760.0,272,715.986421059437,0,1014,241.8886258734656,10.685592419780546,49,,
2018,9,11,13,0,13.5,42,9.5,8.3,190,753.0,321,696.6800378369267,0,1013.3,239.26041768229044,10.872574332898225,56,,
2018,9,11,14,0,13.5,56,48.8,8.5,184,693.0000000000001,31,602.8268481544774,0,1012.6,240.20098245742355,11.05699292733338,64,,
2018,9,11,15,0,13.3,68,44.9,8.6,103,589.0,12,451.3986961848353,0,1012.2,238.99731255080377,11.153397986292967,74,,
2018,9,11,16,0,13,79,37,8.5,29,472.0,10,275.78287530437655,0,1012.1,232.8663770585241,11.276535470324124,85,,
2018,9,11,17,0,12.7,89,46.8,8.4,0,207.0,0,78.44165125204862,0,1012.1,235.8814615373983,11.762045048419363,96,,
2018,9,11,18,0,12.4,99,47.3,8.4,0,0.0,0,0.0,0,1012.1,237.725092962651,12.664190474092443,107,,
2018,9,11,19,0,12.1,110,39.3,8.5,0,0.0,0,0.0,0,1012.2,243.16622946605884,14.526631261140286,118,,
2018,9,11,20,0,11.9,123,23,8.6,0,0.0,0,0.0,0,1012.3,247.51899135612507,15.854764108349633,128,,
2018,9,11,21,0,11.9,140,8.6,8.7,0,0.0,0,0.0,0,1012.2,293.5718821368634,15.43540518945566,137,,
2018,9,11,22,0,12.3,161,0,9,0,0.0,0,0.0,0,1012.1,312.83163571651727,14.668985980199524,143,,
2018,9,11,23,0,12.7,-174,0,9.3,0,0.0,0,0.0,0,1012,340.8118162192024,18.21740528267383,144,,
2018,9,12,0,0,12.8,-150,0,9.4,0,0.0,0,0.0,0,1011.8,342.29572810337334,10.473580285142903,140,,
2018,9,12,1,0,12.8,-131,0,9.4,0,0.0,0,0.0,0,1011.7,334.46166456371805,12.606983825496052,133,,
2018,9,12,2,0,12.8,-116,0,9.5,0,0.0,0,0.0,0,1011.6,333.0369888091966,13.18875187766899,124,,
2018,9,12,3,0,12.8,-104,0,9.5,0,0.0,0,0.0,0,1011.7,329.5078229949221,12.356648750894612,113,,
2018,9,12,4,0,12.7,-94,0,9.6,0,0.0,0,0.0,0,1012,325.4825821162417,14.01190664624289,102,,
2018,9,12,5,0,12.6,-84,0.2,9.6,7,0.0,2,0.0,0,1012.4,332.32206202418524,18.07319677632369,90,,
2018,9,12,6,0,13,-74,3.4,9.9,58,1.0,69,2.0,0,1012.7,342.3500687506396,15.69921746293115,79,,
2018,9,12,7,0,14.1,-63,0,10.3,87,23.0,224,43.16792646661525,0,1013.1,336.048588516224,15.642107008270711,69,,
2018,9,12,8,0,15.1,-50,9.9,10.8,189,131.0,238,167.61079196219617,0,1013.5,336.8213102949665,16.336207443699685,59,,
2018,9,12,9,0,15.6,-34,62.7,11,189,212.0,32,296.03179325718133,0,1013.6,337.9793897725121,16.862719924346603,52,,
2018,9,12,10,0,15.6,-15,79.6,10.9,141,376.0,0,462.9071304093274,0,1013.4,346.6482346635313,16.703938313622867,47,,
2018,9,12,11,0,15.7,5,78.2,10.8,153,499.0,0,583.5575593064962,0,1013.3,352.03929321170705,15.216707505747229,46,,
2018,9,12,12,0,15.6,25,70.2,10.8,195,513.0,0,618.2059407112683,0,1013.1,354.22284168044325,15.34797315884446,49,,
2018,9,12,13,0,15.5,42,50.3,10.9,275,484.0,0,585.2786649117752,0,1012.9,353.6126756379485,15.010658300159298,55,,
2018,9,12,14,0,15.3,57,13.1,11,162,576.0000000000001,188,563.157180851153,0,1012.7,351.40482728115063,14.36889695519244,64,,
2018,9,12,15,0,14.7,68,17,11.1,121,533.0,68,438.5170949366884,0,1012.7,355.44544811003533,14.167296362888086,74,,
2018,9,12,16,0,13.7,79,3.4,11.1,30,366.0,28,248.84194151789129,0,1013,357.3157510841613,13.825227811084943,85,,
2018,9,12,17,0,12.7,89,0,11.1,0,76.0,0,50.10201040527188,0,1013.2,358.50360370072127,11.96672750421474,96,,
2018,9,12,18,0,11.9,99,0,10.9,0,0.0,0,0.0,0,1013.4,357.82372009372887,11.521005147488628,107,,
2018,9,12,19,0,11.4,110,0,10.5,0,0.0,0,0.0,0,1013.6,351.7275731231952,11.32807202820067,118,,
2018,9,12,20,0,10.8,123,0,10,0,0.0,0,0.0,0,1013.8,346.1832795173332,10.771893833986113,128,,
2018,9,12,21,0,10.5,140,0,9.7,0,0.0,0,0.0,0,1013.8,342.08674221121174,10.599010573624724,137,,
2018,9,12,22,0,10.4,162,0,9.5,0,0.0,0,0.0,0,1013.5,340.16275915857307,10.593714694299072,142,,
2018,9,12,23,0,10.4,-174,0,9.2,0,0.0,0,0.0,0,1013.2,334.8299457996362,10.61562533531604,143,,
2018,9,13,0,0,10.4,-150,0,9.2,0,0.0,0,0.0,0,1013,334.3218369226365,10.616043705693787,140,,
2018,9,13,1,0,10.5,-131,0,9.2,0,0.0,0,0.0,0,1012.8,330.25847315869123,11.379066487109611,133,,
2018,9,13,2,0,10.6,-116,0,9.2,0,0.0,0,0.0,0,1012.5,327.9035970068499,12.120066248536425,123,,
2018,9,13,3,0,10.8,-104,0,9.3,0,0.0,0,0.0,0,1012.5,328.8780556326619,12.890495762032664,113,,
2018,9,13,4,0,11,-94,0,9.3,0,0.0,0,0.0,0,1012.6,327.7244564089616,12.359930062157863,101,,
2018,9,13,5,0,11.2,-84,2.5,9.4,9,0.0,2,0.0,0,1012.7,327.66741871648355,12.616199041331884,90,,
2018,9,13,6,0,12,-74,30.6,9.8,97,1.0,0,1.0,0,1013,328.1955574043446,12.684598536940538,79,,
2018,9,13,7,0,13.6,-63,11.8,10.5,128,19.0,164,42.894156449270255,0,1013.4,326.7960143940894,12.020200783247471,68,,
2018,9,13,8,0,15.1,-50,0,11.2,98,67.0,392,142.09528222689875,0,1013.8,328.48700574473344,12.430952725852451,59,,
2018,9,13,9,0,16.1,-34,5.7,11.5,166,133.0,418,265.7174722300401,0,1013.8,325.40416503276595,12.764642509556548,51,,
2018,9,13,10,0,16.4,-15,3.4,11.3,146,26.0,525,217.06745906318736,0,1013.4,328.90975461141375,14.015730903165844,47,,
2018,9,13,11,0,16.8,5,27.9,11.2,398,16.0,112,208.6801289566752,0,1013,330.0421628160205,14.037915798051849,46,,
2018,9,13,12,0,16.8,25,34.3,11.2,358,10.0,77,180.06944639130447,0,1012.7,329.579201067397,14.24929996285165,49,,
2018,9,13,13,0,16.6,43,22.4,11.3,270,23.0,161,229.9881483618438,0,1012.3,325.3823382144361,14.350685464540486,55,,
2018,9,13,14,0,16.3,57,6.7,11.4,137,30.0,244,214.9871064815474,0,1012,326.4856607760094,14.239990226003556,64,,
2018,9,13,15,0,15.8,69,45,11.4,129,26.0,2,154.63753245447,0,1011.8,329.19858616430173,14.378179208976238,74,,
2018,9,13,16,0,14.9,79,39.3,11.4,35,24.0,0,92.0590273368377,0,1011.7,327.70258680870216,13.353584732383458,85,,
2018,9,13,17,0,14,89,40.2,11.4,0,8.0,0,21.616405201207503,0,1011.6,324.5292193661476,12.226643222627676,96,,
2018,9,13,18,0,13.5,99,49.8,11.1,0,0.0,0,0.0,0,1011.5,322.9585965667372,10.815038686190196,107,,
2018,9,13,19,0,13.2,110,39.1,10.5,0,0.0,0,0.0,0,1011.3,320.36407861616846,10.51488730349804,118,,
2018,9,13,20,0,13,124,41.3,9.9,0,0.0,0,0.0,0,1011.1,322.60353803051066,10.434913326153882,128,,
2018,9,13,21,0,13.2,141,28.1,9.6,0,0.0,0,0.0,0,1010.6,314.9686615560495,9.784349861344214,136,,
2018,9,13,22,0,13.8,162,42.3,9.5,0,0.0,0,0.0,0,1009.9,292.1011894295263,8.77753438432739,142,,
2018,9,13,23,0,14.4,-174,43.1,9.4,0,0.0,0,0.0,0,1009.3,289.42691315669754,8.869989515387608,143,,
2018,9,14,0,0,14.7,-150,30.9,9.4,0,0.0,0,0.0,0,1008.5,288.22728633716173,9.159547993000162,139,,
2018,9,14,1,0,14.8,-131,52.7,9.4,0,0.0,0,0.0,0,1007.8,279.2123908943722,9.026336818447117,132,,
2018,9,14,2,0,14.9,-117,67.3,9.5,0,0.0,0,0.0,0,1007.1,269.7541451519349,8.705158266653344,123,,
2018,9,14,3,0,14.9,-105,66,9.5,0,0.0,0,0.0,0,1006.5,274.5021402532958,8.920101971663524,112,,
2018,9,14,4,0,14.9,-94,60.6,9.3,0,0.0,0,0.0,0,1006.1,286.2196639315869,9.219494495394548,101,,
2018,9,14,5,0,14.9,-84,55.3,9.1,7,0.0,0,0.0,0,1005.6,283.8467907103934,9.526858537556244,90,,
2018,9,14,6,0,15.5,-74,9.9,9.4,81,19.0,48,5.000000000000001,0,1005.3,284.5809992445,10.13905136817936,79,,
2018,9,14,7,0,16.8,-63,0.9,10.1,99,214.0,221,94.50246765748486,0,1005.1,285.3894857145209,10.089299785794694,68,,
2018,9,14,8,0,18.1,-50,6.7,10.8,179,442.0,275,266.42022973702444,0,1004.8,288.2894422794974,9.910560734981862,59,,
2018,9,14,9,0,18.7,-34,11.4,10.9,219,591.0,337,448.58515626843314,0,1004.3,293.9689425828132,11.003838923163345,51,,
2018,9,14,10,0,18.6,-15,2.2,10.6,148,709.0,534,600.6266682389546,0,1003.5,293.7519639183117,12.028884243906308,46,,
2018,9,14,11,0,18.6,6,2.8,10.2,159,727.0,532,691.9520388735308,0,1002.7,297.6774359417412,12.266074538041584,45,,
2018,9,14,12,0,18.4,26,43.3,10.1,345,709.0,31,718.6061355290457,0,1002,298.92819666081067,12.553947749773457,48,,
2018,9,14,13,0,18,43,40.7,10.3,276,647.0,49,672.6387270664977,0,1001.5,294.3953479114934,12.43251996522578,55,,
2018,9,14,14,0,17.7,57,74.9,10.4,110,454.0,0,519.2180795146919,0,1001,296.08771793288696,11.67720025157444,63,,
2018,9,14,15,0,17,69,47.5,10.5,106,115.0,4,246.76104316610764,0,1000.8,293.0954943055024,10.974555568559772,73,,
2018,9,14,16,0,16,80,54.3,10.4,28,46.0,2,112.52717626224783,0,1000.9,292.4635380875432,9.925480153074384,84,,
2018,9,14,17,0,15.1,90,36.6,10.3,0,50.0,0,45.26951214963288,0,1001,298.6148786535808,9.600053887538865,96,,
2018,9,14,18,0,14.1,100,20.5,10.3,0,0.0,0,0.0,0,1001.3,306.11524633577704,8.801154022516991,107,,
2018,9,14,19,0,13.2,111,42.8,10.5,0,0.0,0,0.0,0,1001.8,289.5491782191356,8.659067242899962,118,,
2018,9,14,20,0,12.4,124,86.1,10.6,0,0.0,0,0.0,0,1002.2,279.4086169837964,8.349874791617099,128,,
2018,9,14,21,0,11.8,141,82.4,10.6,0,0.0,0,0.0,0,1002.2,275.0765094939118,8.19449702697701,136,,
2018,9,14,22,0,11.5,162,85.7,10.5,0,0.0,0,0.0,0,1001.8,266.25032512590883,10.35957915333637,141,,
2018,9,14,23,0,11.2,-174,84.2,10.4,0,0.0,0,0.0,0,1001.3,259.10686127916654,16.03378011580961,143,,
2018,9,15,0,0,11.1,-150,85,10.4,0,0.0,0,0.0,0,1000.9,265.36441595807224,15.62092216113193,139,,
2018,9,15,1,0,11,-132,85.5,10.3,0,0.0,0,0.0,0,1000.4,264.18448475111984,16.2108737953497,132,,
2018,9,15,2,0,10.9,-117,84,10.2,0,0.0,0,0.0,0,999.9,281.8039527363369,11.439415906728671,123,,
2018,9,15,3,0,10.7,-105,84.1,10.1,0,0.0,0,0.0,0,999.8,281.66424889290795,11.45132326211137,112,,
2018,9,15,4,0,10.5,-94,47.6,9.9,0,0.0,0,0.0,0,999.9,276.5408181805433,12.488760592055524,101,,
2018,9,15,5,0,10.3,-85,28,9.7,8,0.0,0,0.0,0,1000,286.56832522714706,14.07180503922704,90,,
2018,9,15,6,0,10.5,-74,37.3,9.6,90,1.0,11,2.0,0,1000,310.63845254802686,13.270442851603288,78,,
2018,9,15,7,0,11,-63,12.1,9.6,132,10.0,164,36.10632001072727,0,999.9,331.9527390245478,14.254352829163633,68,,
2018,9,15,8,0,11.5,-50,17.9,9.6,135,27.0,286,109.99434976948788,0,999.9,319.5995982610101,13.66998648543063,58,,
2018,9,15,9,0,11.9,-34,27.3,9.4,331,71.0,128,227.653571714074,0,1000,319.3035382496746,13.902184457876563,51,,
2018,9,15,10,0,12,-15,44.1,8.9,324,94.0,72,327.4675657821756,0,1000.3,335.8944414783978,17.69040461471849,46,,
2018,9,15,11,0,12.2,6,17,8.4,318,39.0,283,284.42630953997485,0,1000.5,341.17518145620943,22.18162150481679,45,,
2018,9,15,12,0,12.2,26,24.5,8,250,40.0,268,296.6586436225583,0,1000.8,358.5316882121912,24.200573220882664,48,,
2018,9,15,13,0,12.1,43,29.8,7.8,215,102.0,187,373.81156909711495,0,1001.3,26.39393762607409,23.9461238219574,54,,
2018,9,15,14,0,12,58,34.4,7.6,178,50.0,106,258.0583096871393,0,1001.7,27.83960913542916,20.55704020567148,63,,
2018,9,15,15,0,11.7,70,44.8,7.5,88,29.0,41,162.43318294239188,0,1002.4,29.85518017382361,19.03358318170577,73,,
2018,9,15,16,0,11.1,80,0,7.3,29,35.0,41,108.46041021151808,0,1003.2,26.6290711264449,17.88189481927926,84,,
2018,9,15,17,0,10.6,90,0,7.2,0,12.0,0,27.50475313452101,0,1004.1,25.35875176888481,14.972745288531383,95,,
2018,9,15,18,0,10,100,0,7,0,0.0,0,0.0,0,1004.9,34.46544456696313,13.730154812562365,107,,
2018,9,15,19,0,9.4,111,0,6.6,0,0.0,0,0.0,0,1005.6,30.29360633101664,13.084235649469242,118,,
2018,9,15,20,0,8.8,124,0,6.3,0,0.0,0,0.0,0,1006.3,38.63503386097142,11.8160560745182,128,,
2018,9,15,21,0,8.5,141,0,6.1,0,0.0,0,0.0,0,1006.8,44.58826480664152,11.819484543025702,136,,
2018,9,15,22,0,8.5,162,0,6,0,0.0,0,0.0,0,1007,44.41550605509645,11.084510084952507,141,,
2018,9,15,23,0,8.5,-173,0,5.9,0,0.0,0,0.0,0,1007.1,37.64870705058184,10.485978465823743,142,,
2018,9,16,0,0,8.4,-151,0,5.7,0,0.0,0,0.0,0,1007.3,38.42315267335528,11.71431404587596,139,,
2018,9,16,1,0,8.2,-132,0,5.4,0,0.0,0,0.0,0,1007.3,39.35860723514327,10.951393834112084,132,,
2018,9,16,2,0,8.1,-117,0,5.1,0,0.0,0,0.0,0,1007.4,41.23243098233314,10.95032983069778,122,,
2018,9,16,3,0,8,-105,0,4.9,0,0.0,0,0.0,0,1007.5,39.510897451202425,10.460182515962618,112,,
2018,9,16,4,0,7.8,-95,0,4.6,0,0.0,0,0.0,0,1007.7,35.1162946777456,10.226322512218603,101,,
2018,9,16,5,0,7.7,-85,0.1,4.4,10,0.0,10,0.0,0,1007.9,32.197882647023334,9.58977420261127,89,,
2018,9,16,6,0,8.1,-75,6.6,4.4,62,9.0,100,5.000000000000001,0,1008,30.29917509469385,9.306099048719892,78,,
2018,9,16,7,0,8.9,-64,6.2,4.5,106,76.0,234,76.825871414102,0,1008,28.84643839855425,8.648034493861232,67,,
2018,9,16,8,0,9.8,-50,21.2,4.6,182,157.0,244,201.3562446551567,0,1007.9,26.61635228112204,7.438422863067674,58,,
2018,9,16,9,0,10.3,-34,36.5,4.6,247,419.0,171,404.98294857999247,0,1007.8,27.17665578281276,9.737604493375038,50,,
2018,9,16,10,0,10.4,-15,32.7,4.5,283,289.0,218,452.0538854005752,0,1007.6,28.859500964859933,10.027873276035338,45,,
2018,9,16,11,0,10.6,6,55.5,4.4,302,500.0,37,613.3076400043433,0,1007.4,22.039051340198057,9.946800129662895,45,,
2018,9,16,12,0,10.6,26,73.7,4.4,187,505.0,0,644.2036877928133,0,1007.3,17.684188294105127,9.48046686701369,48,,
2018,9,16,13,0,10.4,44,66.2,4.4,206,488.0,0,615.7246069088587,0,1007.3,17.110620166414208,8.862226161976704,54,,
2018,9,16,14,0,10.3,58,68.1,4.4,139,354.0,0,485.4250862229161,0,1007.2,9.907715425725314,8.978880238592843,63,,
2018,9,16,15,0,10,70,19.9,4.4,129,166.0,72,290.9735690110965,0,1007.4,3.2354468686658606,8.859091755882178,73,,
2018,9,16,16,0,9.4,80,5.9,4.4,30,87.0,41,149.7674842147926,0,1007.8,355.02591642727583,8.650007403513877,84,,
2018,9,16,17,0,8.9,90,0,4.4,0,27.0,0,38.72584114973071,0,1008.2,350.4281596914436,7.517253754759313,95,,
2018,9,16,18,0,8.3,100,0,4.4,0,0.0,0,0.0,0,1008.4,345.82900035895955,7.678737022746622,106,,
2018,9,16,19,0,7.7,112,0,4.2,0,0.0,0,0.0,0,1008.6,343.9955313749245,8.034054637532506,117,,
2018,9,16,20,0,7.1,125,0,4,0,0.0,0,0.0,0,1008.7,341.08278511407605,7.989125911760164,127,,
2018,9,16,21,0,7,142,0,4,0,0.0,0,0.0,0,1008.7,339.52159156163805,8.182115229147698,136,,
2018,9,16,22,0,7.5,163,0,4,0,0.0,0,0.0,0,1008.6,338.54618787771085,8.57143020296365,141,,
2018,9,16,23,0,7.9,-173,0,4.1,0,0.0,0,0.0,0,1008.6,339.8664631056853,9.652585275515897,142,,
2018,9,17,0,0,8.2,-151,0,4.1,0,0.0,0,0.0,0,1008.6,340.29537535379575,9.66870627624548,138,,
2018,9,17,1,0,8.4,-132,0,4.1,0,0.0,0,0.0,0,1008.6,338.0834941121457,8.734000189421511,131,,
2018,9,17,2,0,8.6,-117,0,4.1,0,0.0,0,0.0,0,1008.7,338.8818184470693,8.52781239443707,122,,
2018,9,17,3,0,8.8,-105,0,4.2,0,0.0,0,0.0,0,1008.8,335.8203512910217,9.136817732621786,111,,
2018,9,17,4,0,8.9,-95,0,4.4,0,0.0,0,0.0,0,1009.1,335.14219727905925,9.348795934911877,100,,
2018,9,17,5,0,9.1,-85,3.9,4.5,15,0.0,4,0.0,0,1009.4,335.4994789306761,9.434731933296051,89,,
2018,9,17,6,0,9.5,-75,16.3,5,77,2.0,70,4.0,0,1009.6,326.7716148709543,9.462170785899058,78,,
2018,9,17,7,0,10.3,-64,24.8,5.7,175,4.0,94,26.48656821764066,0,1009.9,324.21558802422203,9.371701346859057,67,,
2018,9,17,8,0,11,-51,17.4,6.5,236,4.0,198,55.22870495791288,0,1010.2,322.35680164593737,9.373998299171657,58,,
2018,9,17,9,0,11.5,-35,42.1,6.8,370,7.0,6,105.29551048420431,0,1010.4,319.32532234666144,11.392247917717226,50,,
2018,9,17,10,0,11.6,-15,27.8,6.8,301,8.0,223,149.80470180622893,0,1010.5,317.78080580038693,12.17308390273609,45,,
2018,9,17,11,0,11.7,6,41.2,6.7,390,6.0,45,148.12567267232308,0,1010.6,315.8676160724653,12.734733728610088,44,,
2018,9,17,12,0,11.8,26,52.7,6.8,284,5.0,41,149.62950811763946,0,1010.8,314.1629496173965,12.939743135477164,47,,
2018,9,17,13,0,11.8,44,44.3,6.9,258,5.0,70,134.5642307811896,0,1011,314.7571788101526,13.360916428007895,54,,
2018,9,17,14,0,11.8,58,35.4,7,177,5.0,97,120.2467524931042,0,1011.3,315.8637755220438,12.791351050677925,63,,
2018,9,17,15,0,11.6,70,32.8,7.2,126,9.0,40,110.85798675187182,0,1011.7,313.2359905152248,12.405106748854278,73,,
2018,9,17,16,0,11.2,81,25.3,7.4,48,10.0,2,74.91671846913975,0,1012.2,313.21921347692444,12.799359132883648,84,,
2018,9,17,17,0,10.9,91,0,7.6,0,17.0,0,35.6619105464272,0,1012.6,307.61530622720755,10.09631340202949,95,,
2018,9,17,18,0,10.4,101,0,7.6,0,1.0,0,1.0267788156309918,0,1013.3,298.7432137010527,8.796242645464424,106,,
2018,9,17,19,0,9.9,112,0,7.4,0,0.0,0,0.0,0,1014.1,289.68752839797844,8.794097983789348,117,,
2018,9,17,20,0,9.4,125,0,7.3,0,0.0,0,0.0,0,1014.8,278.8216927651239,8.16667697420897,127,,
2018,9,17,21,0,9.2,142,0,7.4,0,0.0,0,0.0,0,1015.4,265.34083547698015,10.095861447348016,135,,
2018,9,17,22,0,9.2,163,0,7.7,0,0.0,0,0.0,0,1015.7,261.8426873679246,10.905258887872138,140,,
2018,9,17,23,0,9.2,-173,0,8,0,0.0,0,0.0,0,1015.9,267.27356728379925,10.932296834105127,141,,
2018,9,18,0,0,9.1,-151,0,8,0,0.0,0,0.0,0,1016.2,272.17743281096955,11.45065065434236,138,,
2018,9,18,1,0,8.9,-132,0,7.9,0,0.0,0,0.0,0,1016.3,273.33679519666305,12.155617874008476,131,,
2018,9,18,2,0,8.7,-117,0,7.7,0,0.0,0,0.0,0,1016.5,275.4164498643792,13.216483562144363,122,,
2018,9,18,3,0,8.6,-106,0,7.6,0,0.0,0,0.0,0,1016.8,281.3078167865193,12.966551527715042,111,,
2018,9,18,4,0,8.5,-95,0,7.4,0,0.0,0,0.0,0,1017.2,282.12354950565845,11.808282018364697,100,,
2018,9,18,5,0,8.4,-85,1.7,7.3,13,0.0,11,0.0,0,1017.7,284.0225316284077,11.876370664597273,89,,
2018,9,18,6,0,9,-75,10,7.3,79,8.0,85,6.000000000000001,0,1018.2,286.398851882185,12.123053072421843,77,,
2018,9,18,7,0,10.4,-64,3.9,7.3,86,43.0,277,72.46810524495606,0,1018.7,282.43610462370333,12.782336781099652,67,,
2018,9,18,8,0,11.7,-51,6.7,7.4,133,98.0,378,187.6462400567381,0,1019.2,290.6391260630368,13.242493934799196,57,,
2018,9,18,9,0,12.4,-35,1.5,7.2,99,247.0,566,361.62371993955577,0,1019.4,299.4612723407799,13.764814285843489,49,,
2018,9,18,10,0,12.5,-15,22.6,6.7,277,372.0,300,497.3631657742188,0,1019.2,307.31379830574895,13.87805322612644,45,,
2018,9,18,11,0,12.5,6,42.1,6.3,311,122.0,131,405.4955239686397,0,1018.9,312.55166206034085,13.364191690545487,44,,
2018,9,18,12,0,12.5,27,76,6.2,149,28.0,18,266.45632958759967,0,1018.8,316.28163943073133,14.548874544501588,47,,
2018,9,18,13,0,12.4,44,70.3,6.4,179,329.0,7,542.9640687006188,0,1018.6,352.54645940909387,10.599572174080087,54,,
2018,9,18,14,0,12.3,59,51.8,6.6,177,562.0,35,592.2170170875909,0,1018.5,351.5586012196678,10.796899602285087,62,,
2018,9,18,15,0,11.9,71,34.4,6.8,159,446.0,12,433.42374042476666,0,1018.5,354.7453367844356,11.164350077486969,73,,
2018,9,18,16,0,11.2,81,31.2,7,55,74.0,3,145.24498566547695,0,1018.6,346.65183577763656,10.655282569554796,84,,
2018,9,18,17,0,10.5,91,43,7.2,0,3.0,0,15.656233135547664,0,1018.8,325.07714967432184,9.476516148012776,95,,
2018,9,18,18,0,9.8,101,28.1,7.2,0,0.0,0,0.0,0,1019,317.7727259661747,8.696926344193262,106,,
2018,9,18,19,0,9.2,112,0,7.1,0,0.0,0,0.0,0,1019.3,326.45097053942595,6.464321786144568,117,,
2018,9,18,20,0,8.5,126,0,7,0,0.0,0,0.0,0,1019.5,316.51737952969773,5.67835301249518,127,,
2018,9,18,21,0,8.1,142,0,6.8,0,0.0,0,0.0,0,1019.4,319.25765570636383,6.787518258711281,135,,
2018,9,18,22,0,7.8,163,0,6.5,0,0.0,0,0.0,0,1019.1,330.3688043163888,7.52398119157233,140,,
2018,9,18,23,0,7.6,-173,0,6.3,0,0.0,0,0.0,0,1018.7,340.8855721477351,7.649528608727063,141,,
2018,9,19,0,0,7.5,-151,0,6.2,0,0.0,0,0.0,0,1018.3,350.48994702100345,7.323303132872484,138,,
2018,9,19,1,0,7.6,-132,0,6.3,0,0.0,0,0.0,0,1017.9,352.5758461895205,6.733942363144817,130,,
2018,9,19,2,0,7.7,-118,0,6.4,0,0.0,0,0.0,0,1017.5,354.11140157707,6.044345656927139,121,,
2018,9,19,3,0,7.9,-106,0,6.5,0,0.0,0,0.0,0,1017.3,355.8641660998315,5.0607863575295,111,,
2018,9,19,4,0,8.2,-95,0,6.7,0,0.0,0,0.0,0,1017.3,11.36223932628434,4.720195586730625,100,,
2018,9,19,5,0,8.4,-85,8,6.8,17,0.0,4,0.0,0,1017.3,24.58958884453682,4.896710932648185,88,,
2018,9,19,6,0,9.3,-75,26.9,7.2,98,4.0,35,5.0,0,1017.1,37.66218547765016,4.692977972324811,77,,
2018,9,19,7,0,10.6,-64,41.9,7.9,181,23.0,43,57.05201382089901,0,1016.9,42.591582549966006,5.973216138485498,66,,
2018,9,19,8,0,11.9,-51,13.7,8.5,195,46.0,279,144.6395468648911,0,1016.6,47.38307340687328,5.737775257048524,57,,
2018,9,19,9,0,12.6,-35,10.6,8.7,186,86.0,413,258.41907996402216,0,1016.2,41.07976837718638,5.9995862500266455,49,,
2018,9,19,10,0,12.6,-15,4.4,8.6,145,171.0,569,384.4846940480539,0,1015.5,46.06022694562415,8.023652019065919,44,,
2018,9,19,11,0,12.6,6,0.4,8.4,115,292.0,640,512.6804563199842,0,1014.9,45.85987600165697,8.834650655952116,43,,
2018,9,19,12,0,12.5,27,0,8.4,113,368.0,592,575.5677603860158,0,1014.3,45.0,9.76173341039417,47,,
2018,9,19,13,0,12.5,45,0,8.4,109,346.0,489,542.6599010290763,0,1013.8,39.00837392348751,10.009070318124248,53,,
2018,9,19,14,0,12.5,59,7.5,8.5,146,360.0,267,488.6818035076344,0,1013.3,41.41576403322807,10.151024827051002,62,,
2018,9,19,15,0,12.2,71,2.5,8.6,87,356.0,165,388.84197628714713,0,1013.1,43.17659669444163,9.72246223645418,72,,
2018,9,19,16,0,11.6,81,9.5,8.8,43,294.0,26,245.22477801290964,0,1013.2,42.741903871832506,8.97320616734618,83,,
2018,9,19,17,0,11,91,0,9,0,175.0,0,89.86431050471012,0,1013.3,39.47921075748548,7.809219777982955,95,,
2018,9,19,18,0,10.6,101,0,9,0,3.0,0,1.0982675314256762,0,1013.3,34.67569048894717,6.727344649118459,106,,
2018,9,19,19,0,10.3,113,0,9,0,0.0,0,0.0,0,1013.4,31.953629318022934,7.047901865370143,117,,
2018,9,19,20,0,10,126,0,9,0,0.0,0,0.0,0,1013.4,33.14848347679924,6.748115594406335,127,,
2018,9,19,21,0,9.9,143,0,9.1,0,0.0,0,0.0,0,1013.2,31.61869413426058,6.714214679395156,135,,
2018,9,19,22,0,10,164,0,9.3,0,0.0,0,0.0,0,1012.7,31.443320514162167,6.508172202730864,140,,
2018,9,19,23,0,10.2,-173,0,9.6,0,0.0,0,0.0,0,1012.2,29.00487184307599,5.491205580775066,141,,
2018,9,20,0,0,10.3,-151,0,9.8,0,0.0,0,0.0,0,1011.7,25.782454180886305,4.500506617585399,137,,
2018,9,20,1,0,10.5,-132,0,9.8,0,0.0,0,0.0,0,1011.2,8.623533228814722,5.368306544444408,130,,
2018,9,20,2,0,10.7,-118,0,9.9,0,0.0,0,0.0,0,1010.7,6.319607716174176,5.928604212984613,121,,
2018,9,20,3,0,10.8,-106,0,10,0,0.0,0,0.0,0,1010.4,9.589471349822643,7.053641008254634,110,,
2018,9,20,4,0,10.9,-96,0,10,0,0.0,0,0.0,0,1010.3,12.641110818649622,7.471139569467632,99,,
2018,9,20,5,0,11,-86,14.7,10.1,15,0.0,1,0.0,0,1010.2,7.533334706569121,6.407846768186888,88,,
2018,9,20,6,0,11.6,-76,72.9,10.3,47,7.0,0,6.0,0,1010.2,11.67071242874198,6.759868406116741,77,,
2018,9,20,7,0,12.7,-64,36.2,10.5,168,43.0,73,67.9439731868891,0,1010.2,1.9973132342902888,6.311451631303112,66,,
2018,9,20,8,0,13.9,-51,11.3,10.8,230,138.0,239,196.68115026869705,0,1010.2,4.093496439812441,6.829923872914402,56,,
2018,9,20,9,0,14.4,-35,22.3,10.9,305,570.0000000000001,201,457.5946331278876,0,1009.9,6.320595861705158,8.355967987825531,49,,
2018,9,20,10,0,14.2,-15,54.4,10.8,332,612.0,0,588.1177442291057,0,1009.4,5.175969683348342,9.948035578324928,44,,
2018,9,20,11,0,14.1,7,66.3,10.7,250,646.0,0,679.7884312832442,0,1008.9,2.571169898820642,9.752493918406476,43,,
2018,9,20,12,0,14.1,27,51.8,10.6,329,592.0,5,687.0006417799643,0,1008.3,356.8475089681409,9.820036369089344,46,,
2018,9,20,13,0,14.1,45,29.9,10.7,363,428.0,51,587.6758757625576,0,1007.8,355.5896974734887,11.378663597047089,53,,
2018,9,20,14,0,14.1,59,27.7,10.7,245,407.0,73,513.2161744298238,0,1007.3,1.2738867363985946,11.24521094484786,62,,
2018,9,20,15,0,13.7,71,43,10.7,145,500.0,5,453.52481863244014,0,1007,6.625783723523625,11.569706379986032,72,,
2018,9,20,16,0,12.9,82,44.6,10.7,42,274.0,0,239.2124720079796,0,1007,10.662182882009915,10.931156654133838,83,,
2018,9,20,17,0,12.1,92,38.3,10.6,0,83.0,0,65.70974884200994,0,1006.9,12.409292700842627,9.038806394016785,94,,
2018,9,20,18,0,11.4,102,9,10.4,0,2.0,0,1.0715662163834094,0,1006.9,11.412000596922836,8.036321460022256,106,,
2018,9,20,19,0,10.8,113,0,9.9,0,0.0,0,0.0,0,1007,5.233034325785468,7.840295711123652,116,,
2018,9,20,20,0,10.2,126,0,9.5,0,0.0,0,0.0,0,1007,10.053028022872525,8.29235475686675,126,,
2018,9,20,21,0,10,143,0,9,0,0.0,0,0.0,0,1006.6,7.783598949633415,7.587484282582578,134,,
2018,9,20,22,0,10.1,164,0,8.6,0,0.0,0,0.0,0,1005.7,4.891755773434795,7.652875012372173,139,,
2018,9,20,23,0,10.2,-173,0,8.2,0,0.0,0,0.0,0,1004.8,9.811379126204317,7.62916167222767,140,,
2018,9,21,0,0,10.5,-151,0,8.1,0,0.0,0,0.0,0,1004,2.44118752796129,7.336736438540198,137,,
2018,9,21,1,0,10.9,-133,0,8.2,0,0.0,0,0.0,0,1003.1,5.08556657021478,8.57379041223141,130,,
2018,9,21,2,0,11.3,-118,0,8.3,0,0.0,0,0.0,0,1002.3,6.651547030675943,7.402364685512117,120,,
2018,9,21,3,0,11.6,-106,0,8.5,0,0.0,0,0.0,0,1001.8,1.9548361377575816,7.987314422224637,110,,
2018,9,21,4,0,11.9,-96,0,8.7,0,0.0,0,0.0,0,1001.5,7.620619942477504,8.22006151664181,99,,
2018,9,21,5,0,12.3,-86,23.3,9,11,0.0,0,0.0,0,1001.2,5.186119494392756,7.468071850909908,88,,
2018,9,21,6,0,12.6,-76,76.3,9.3,40,12.0,0,7.000000000000001,0,1001.1,4.365186960528035,7.521819422967823,76,,
2018,9,21,7,0,12.8,-65,79.7,9.8,72,32.0,0,63.60061485547316,0,1001.2,359.0711567701996,7.710974170477805,66,,
2018,9,21,8,0,13.1,-51,77.2,10.2,119,92.0,0,175.29472832227134,0,1001.2,358.50651132402066,6.332229225221904,56,,
2018,9,21,9,0,12.8,-35,55.5,10.3,267,323.0,27,377.0387021022596,0,1001.4,356.889178178467,8.061928577282032,48,,
2018,9,21,10,0,12.2,-15,48.5,10.1,375,439.0,0,529.7789723299713,0,1001.8,356.70413344419075,9.087540859802193,44,,
2018,9,21,11,0,11.5,7,68.4,9.9,236,387.0,0,573.7458135437964,0,1002.2,357.6809761670096,9.26759978956096,43,,
2018,9,21,12,0,11.1,28,57,9.1,306,82.0,0,370.0460519520946,0,1002.7,355.715119737865,10.038067319355248,46,,
2018,9,21,13,0,10.9,45,33.1,7.7,331,69.0,74,332.38160403300645,0,1003.2,354.39930199601616,10.2464240308518,53,,
2018,9,21,14,0,10.8,60,42,6.4,233,277.0,27,453.33139369113735,0,1003.8,354.2491078320479,10.603416266742606,62,,
2018,9,21,15,0,10.5,72,47.3,5.6,139,529.0,8,473.4747143476112,0,1004.3,356.4493447624583,10.091881785802435,72,,
2018,9,21,16,0,10.2,82,21.9,5.5,43,474.0,16,316.3193153737518,0,1004.9,356.0891157240373,10.409249366063936,83,,
2018,9,21,17,0,9.9,92,0,5.4,1,222.0,0,106.78359895684908,0,1005.4,2.813423903005969,8.91333144230051,94,,
2018,9,21,18,0,9.4,102,0,5.4,0,2.0,0,1.0776689870446556,0,1005.8,7.864159959069809,7.929556002724544,106,,
2018,9,21,19,0,8.8,113,0,5.5,0,0.0,0,0.0,0,1006.1,1.4672827573097609,7.32246932639004,116,,
2018,9,21,20,0,8.2,127,0,5.6,0,0.0,0,0.0,0,1006.4,1.5829637744145089,7.6005568275252,126,,
2018,9,21,21,0,7.9,143,0,5.5,0,0.0,0,0.0,0,1006.7,6.41996501792346,7.668204367579246,134,,
2018,9,21,22,0,7.7,164,0,5.2,0,0.0,0,0.0,0,1007.2,355.5313454533383,6.993917001975186,139,,
2018,9,21,23,0,7.6,-173,0,4.9,0,0.0,0,0.0,0,1007.8,352.596973669422,7.139591200636563,140,,
2018,9,22,0,0,7.4,-151,0,4.5,0,0.0,0,0.0,0,1008.4,351.16024305904847,7.613133972685045,136,,
2018,9,22,1,0,7.2,-133,0,4,0,0.0,0,0.0,0,1009.1,354.32541841932533,8.03939679250586,129,,
2018,9,22,2,0,7,-118,0,3.5,0,0.0,0,0.0,0,1009.9,357.652299108516,8.177029506643875,120,,
2018,9,22,3,0,6.8,-106,0,3,0,0.0,0,0.0,0,1010.9,355.53138754255014,7.79615997521805,110,,
2018,9,22,4,0,6.5,-96,0,2.6,0,0.0,0,0.0,0,1012.1,353.9317941499968,7.519673611172688,99,,
2018,9,22,5,0,6.3,-86,2,2.2,20,0.0,13,0.0,0,1013.3,352.54941434109145,7.924572675297211,87,,
2018,9,22,6,0,6.7,-76,0.2,1.9,58,4.0,144,5.0,0,1014.2,353.7130351576939,8.242196387697463,76,,
2018,9,22,7,0,7.6,-65,0,1.6,76,37.0,326,69.52428671170662,0,1014.8,359.0736268378354,8.818779598459471,65,,
2018,9,22,8,0,8.6,-52,14.5,1.3,136,177.0,359,219.2579333644477,0,1015.3,5.555490831048473,8.211176094777157,56,,
2018,9,22,9,0,9.1,-35,22.2,1.1,243,255.0,304,357.9211501154914,0,1015.8,1.9486063351996,9.850911335975278,48,,
2018,9,22,10,0,9,-15,18.3,1,189,79.0,450,334.49320100030326,0,1016.1,2.927996718516852,11.011934492765768,43,,
2018,9,22,11,0,9,7,1.2,0.9,111,17.0,673,230.10770537844067,0,1016.4,2.3298940305810447,11.314284929381536,42,,
2018,9,22,12,0,8.9,28,1.5,0.7,110,14.0,622,220.4864380948339,0,1016.9,7.124862356138351,11.266932526685618,46,,
2018,9,22,13,0,8.9,46,3.2,0.4,122,35.0,490,287.705021221911,0,1017.5,1.8107662994248697,10.600508309268534,52,,
2018,9,22,14,0,8.8,60,0,0.2,74,24.0,402,216.0661542338196,0,1018,3.423394416736187,11.513220785815337,61,,
2018,9,22,15,0,8.5,72,0,0,60,10.0,226,120.58477253095384,0,1018.8,5.937025979696784,11.69775438776456,72,,
2018,9,22,16,0,8.1,83,0,0,33,14.0,60,86.72919785084167,0,1019.9,5.473562011175204,11.374373285090233,83,,
2018,9,22,17,0,7.6,92,0,0.1,1,10.0,0,31.320905408040357,0,1020.9,39.05778908954113,10.177047905458434,94,,
2018,9,22,18,0,7.2,103,0,0.1,0,0.0,0,1.0,0,1021.8,58.78280497010565,9.30476853714125,105,,
2018,9,22,19,0,6.7,114,0,0,0,0.0,0,0.0,0,1022.5,47.03380396343516,7.666303643325528,116,,
2018,9,22,20,0,6.3,127,0,0,0,0.0,0,0.0,0,1023.2,50.27794975226328,8.148668309688937,126,,
2018,9,22,21,0,6,144,0,0.1,0,0.0,0,0.0,0,1023.6,48.91104170040609,9.228034784616888,134,,
2018,9,22,22,0,5.8,164,0,0.2,0,0.0,0,0.0,0,1023.8,46.10952381697979,9.682065719312892,139,,
2018,9,22,23,0,5.6,-173,0,0.3,0,0.0,0,0.0,0,1024,46.89508349221581,9.673284156827346,139,,
2018,9,23,0,0,5.4,-151,0,0.3,0,0.0,0,0.0,0,1024.1,50.17209463823775,8.981400198002417,136,,
2018,9,23,1,0,5.2,-133,0,0.2,0,0.0,0,0.0,0,1024.1,43.41948954460969,9.482394648001147,129,,
2018,9,23,2,0,5,-119,0,0.1,0,0.0,0,0.0,0,1024.2,47.81252393509334,8.97152078341864,120,,
2018,9,23,3,0,5,-107,0,0.1,0,0.0,0,0.0,0,1024.4,47.4301284241642,8.965324106416015,109,,
2018,9,23,4,0,5.1,-96,0,0.2,0,0.0,0,0.0,0,1024.9,48.71403447206461,8.786681619930159,98,,
2018,9,23,5,0,5.2,-86,3,0.3,21,0.0,16,0.0,0,1025.4,49.05128134684861,8.681853170979164,87,,
2018,9,23,6,0,6,-76,0.5,0.6,54,55.0,157,13.000000000000004,0,1025.7,49.401064766994125,8.359740382970516,76,,
2018,9,23,7,0,7.6,-65,0,1,68,166.0,339,115.70285602411224,0,1026.1,43.98204869819358,8.658072864973333,65,,
2018,9,23,8,0,9.1,-52,0,1.4,77,238.0,500,252.98525002985912,0,1026.4,51.00884953430858,9.929362861254663,55,,
2018,9,23,9,0,10.1,-35,4.7,1.6,148,481.0,522,458.9700063657007,0,1026.3,54.79989620019211,11.185169579290884,48,,
2018,9,23,10,0,10.4,-15,16,1.4,251,646.0,398,600.0128807522595,0,1025.9,56.68765017312916,11.657963199865964,43,,
2018,9,23,11,0,10.8,7,11.7,1.3,270,720.0,420,710.276252179931,0,1025.5,55.762611904718085,10.7532916296964,42,,
2018,9,23,12,0,11,28,7.6,1.4,210,707.0,465,736.7712713086156,0,1025.2,63.44713916710572,10.776581372585644,45,,
2018,9,23,13,0,11,46,1.5,1.9,119,669.0,491,701.1635536781184,0,1024.9,59.42940471633096,11.60556908984288,52,,
2018,9,23,14,0,11,61,2,2.3,102,711.0,355,654.7620694975241,0,1024.6,65.1235996480491,11.452484326313373,61,,
2018,9,23,15,0,10.8,72,3.3,2.7,84,699.0000000000001,186,537.9520025194184,0,1024.6,72.67117046648963,11.06215836379984,72,,
2018,9,23,16,0,10.4,83,4.5,3,45,606.0,42,358.1018772162012,0,1024.8,78.1672046372978,10.27847434900257,83,,
2018,9,23,17,0,9.9,93,0,3.4,1,391.0,0,147.05127022299982,0,1025,85.8393761679423,10.33730178559948,94,,
2018,9,23,18,0,9.6,103,0,3.8,0,16.0,0,3.720076329604975,0,1025.2,88.77812947979658,9.834755790933714,105,,
2018,9,23,19,0,9.2,114,0,4.3,0,0.0,0,0.0,0,1025.3,84.33791418346249,8.235247516913457,116,,
2018,9,23,20,0,8.9,128,0,4.8,0,0.0,0,0.0,0,1025.4,91.42419189104976,8.447677976212908,126,,
2018,9,23,21,0,8.5,144,0,5,0,0.0,0,0.0,0,1025.3,96.82777220669776,7.739950328373039,133,,
2018,9,23,22,0,8.1,165,0,5,0,0.0,0,0.0,0,1025,93.03023487891728,5.772964463322311,138,,
2018,9,23,23,0,7.7,-173,0,5,0,0.0,0,0.0,0,1024.7,96.52859478008412,5.870588919229095,139,,
2018,9,24,0,0,7.4,-151,0,5,0,0.0,0,0.0,0,1024.4,103.71884489759992,5.35516929206599,136,,
2018,9,24,1,0,7.1,-133,0,5,0,0.0,0,0.0,0,1024.3,105.21036084523872,6.660825155457503,129,,
2018,9,24,2,0,6.8,-119,0,5,0,0.0,0,0.0,0,1024.2,103.28297774090424,7.508239658521461,119,,
2018,9,24,3,0,6.6,-107,0,5,0,0.0,0,0.0,0,1024.2,97.98154815180982,7.310811251263424,109,,
2018,9,24,4,0,6.5,-97,0,4.9,0,0.0,0,0.0,0,1024.5,103.8905756479282,6.404832324893793,98,,
2018,9,24,5,0,6.4,-87,0.3,4.9,19,0.0,22,0.0,0,1024.7,115.80954406169622,6.351072534147555,87,,
2018,9,24,6,0,7.4,-76,0,5.1,57,108.0,158,12.000000000000009,0,1024.9,120.60581488437911,6.300016277534407,75,,
2018,9,24,7,0,9.5,-65,0,5.5,77,476.0,334,147.3316582871595,0,1025.1,119.22225047980862,7.164212423937746,65,,
2018,9,24,8,0,11.6,-52,0,5.9,89,683.0,493,345.1395468521844,0,1025.3,110.06489856387653,5.756887193343242,55,,
2018,9,24,9,0,12.7,-35,0,5.8,100,781.0,611,532.0260495301321,0,1025.2,115.0486540848409,4.68286138540214,47,,
2018,9,24,10,0,12.9,-15,6.5,5.3,196,837.0,535,680.8930022688767,0,1024.7,107.61808842769472,5.030895202874055,42,,
2018,9,24,11,0,13.2,7,3,4.8,152,859.0,615,778.068193365276,0,1024.3,105.53289144150068,4.434419771792402,42,,
2018,9,24,12,0,13.3,29,0,4.6,105,873.0,635,821.7926185883881,0,1023.9,96.79828071810954,3.695907577118713,45,,
2018,9,24,13,0,13.3,47,0.1,4.8,100,875.0,530,807.002122144964,0,1023.7,66.86843217812805,3.3981974199052765,52,,
2018,9,24,14,0,13.3,61,31.3,5,231,850.0,101,724.6873928878554,0,1023.5,52.81316994714911,4.34303519315995,61,,
2018,9,24,15,0,12.8,73,33.3,5.4,176,796.0,12,582.4002792154738,0,1023.5,54.93520140691902,5.983437965278689,71,,
2018,9,24,16,0,12,83,1,5.9,39,683.0,54,387.2505650594582,0,1023.7,62.16985318145265,7.497022482791612,82,,
2018,9,24,17,0,11.1,93,0,6.5,1,395.0,0,150.30973649308794,0,1024,72.7758334102407,8.231711870847388,94,,
2018,9,24,18,0,10.4,103,0,6.7,0,19.0,0,3.914304507789379,0,1024.2,78.21317497285492,8.065076623281849,105,,
2018,9,24,19,0,9.6,115,0,6.6,0,0.0,0,0.0,0,1024.4,82.15595479299708,8.042783867525317,116,,
2018,9,24,20,0,8.9,128,0,6.6,0,0.0,0,0.0,0,1024.5,87.01906577955003,7.455155969602596,125,,
2018,9,24,21,0,8.5,145,0,6.6,0,0.0,0,0.0,0,1024.6,82.34303900570967,7.935748808214121,133,,
2018,9,24,22,0,8.4,165,0,6.9,0,0.0,0,0.0,0,1024.5,83.93010180693375,7.635335772624895,138,,
2018,9,24,23,0,8.4,-173,0,7.1,0,0.0,0,0.0,0,1024.4,78.23574057929511,7.221763221407196,139,,
2018,9,25,0,0,8.3,-151,0,7.2,0,0.0,0,0.0,0,1024.4,69.73385900902827,6.827706723528492,135,,
2018,9,25,1,0,8.3,-133,0,7,0,0.0,0,0.0,0,1024.4,85.03928396357827,7.922253135068283,128,,
2018,9,25,2,0,8.2,-119,0,6.9,0,0.0,0,0.0,0,1024.5,87.99987000812877,8.380105597461181,119,,
2018,9,25,3,0,8.2,-107,0,6.8,0,0.0,0,0.0,0,1024.7,94.50672229320104,8.333138096827062,109,,
2018,9,25,4,0,8.2,-97,0,6.8,0,0.0,0,0.0,0,1025.2,101.61028249119715,9.04243786038243,98,,
2018,9,25,5,0,8.3,-87,0.4,6.7,22,0.0,21,0.0,0,1025.6,98.85621109599674,8.832845873848099,86,,
2018,9,25,6,0,9.2,-77,0,6.9,66,59.0,150,12.000000000000004,0,1025.9,101.0168645069828,8.359128691707731,75,,
2018,9,25,7,0,11.2,-65,0,7.4,91,244.0,319,121.47341555921876,0,1026,106.57492042485592,7.694735219767426,64,,
2018,9,25,8,0,13.1,-52,0,7.9,105,528.0,476,313.4240136143723,0,1026.2,98.74808059742384,6.0982875313915015,55,,
2018,9,25,9,0,14.1,-35,0,8.1,100,677.0,613,500.7257464550057,0,1026.1,104.22655712354867,5.4727731456701925,47,,
2018,9,25,10,0,14.2,-15,0,8,104,795.0,681,669.158126849636,0,1025.6,100.222476737119,6.592192881804171,42,,
2018,9,25,11,0,14.4,8,0,7.9,105,843.0,691,775.5337638049809,0,1025.1,94.57204556006866,6.839145735891497,41,,
2018,9,25,12,0,14.4,29,0,7.9,93,861.0,653,820.5407896294797,0,1024.8,88.31549273495932,6.968099187388621,45,,
2018,9,25,13,0,14.4,47,0,8,86,856.0,552,801.4548348651082,0,1024.6,84.88576159866665,6.759331152178956,52,,
2018,9,25,14,0,14.3,61,0,8.1,77,830.0000000000001,403,719.3685718662399,0,1024.3,82.58394085644346,6.915267925464423,61,,
2018,9,25,15,0,13.7,73,0,8.4,62,745.0,230,565.2595647563571,0,1024.3,77.51354342662796,7.989011795476919,71,,
2018,9,25,16,0,12.6,84,0,8.7,34,477.0,66,320.16745103312905,0,1024.5,82.12892693118789,8.797976009925433,82,,
2018,9,25,17,0,11.5,93,0,9,1,318.0,1,135.9849474193715,0,1024.6,88.84341096189326,8.164261011511929,94,,
2018,9,25,18,0,10.8,104,0,9.1,0,24.0,0,5.230172537747476,0,1024.7,91.5678583881164,7.040233370728965,105,,
2018,9,25,19,0,10.5,115,0,8.9,0,0.0,0,0.0,0,1024.7,99.6659720501749,5.9848673446154725,115,,
2018,9,25,20,0,10.1,128,0,8.6,0,0.0,0,0.0,0,1024.7,102.6094872095768,6.7324508476021245,125,,
2018,9,25,21,0,9.6,145,0,8.3,0,0.0,0,0.0,0,1024.5,94.14487685458312,7.988423203976819,133,,
2018,9,25,22,0,8.8,165,0,7.8,0,0.0,0,0.0,0,1024.2,105.07938676600104,7.197798064580144,138,,
2018,9,25,23,0,8.1,-173,0,7.4,0,0.0,0,0.0,0,1023.8,106.7644009556368,6.292333474939561,138,,
2018,9,26,0,0,7.7,-151,0,7.2,0,0.0,0,0.0,0,1023.5,103.477412494404,6.028564181231454,135,,
2018,9,26,1,0,7.7,-134,0,7.1,0,0.0,0,0.0,0,1023.4,165.75770287390264,4.033898023543839,128,,
2018,9,26,2,0,7.7,-119,0,7.1,0,0.0,0,0.0,0,1023.2,185.8220581863774,3.6462497482456646,119,,
2018,9,26,3,0,7.8,-107,0,7.2,0,0.0,0,0.0,0,1023.2,191.1507720454752,3.8781445034744713,108,,
2018,9,26,4,0,8.1,-97,0,7.5,0,0.0,0,0.0,0,1023.4,195.1535726863315,4.542722293535193,97,,
2018,9,26,5,0,8.4,-87,21.1,7.7,26,0.0,3,0.0,0,1023.5,198.172297019197,5.338792972387286,86,,
2018,9,26,6,0,9.3,-77,36.8,8.1,133,112.0,1,14.000000000000009,0,1023.6,198.4282097286796,6.563887903497103,75,,
2018,9,26,7,0,10.8,-66,55.8,8.6,177,260.0,0,127.55772135619546,0,1023.5,197.7278044777412,7.48789572283002,64,,
2018,9,26,8,0,12.3,-52,51.9,9,280,625.0,0,340.8757020936091,0,1023.4,188.64444381271647,7.684709717114723,54,,
2018,9,26,9,0,13.2,-36,76.1,9,169,754.0,0,532.2264661516631,0,1023.1,202.5073606563461,7.804420844669189,46,,
2018,9,26,10,0,13.3,-15,74.7,8.6,200,820.0000000000001,0,682.3031423291254,0,1022.3,220.76197741946004,8.75314661736289,42,,
2018,9,26,11,0,13.5,8,78,8.1,176,864.0,0,787.875586152326,0,1021.6,236.7640459890565,8.748449406153295,41,,
2018,9,26,12,0,13.6,29,75.9,7.9,182,872.0,0,828.7907562750515,0,1021,241.72077141542724,8.405830801824791,44,,
2018,9,26,13,0,13.6,47,83.6,7.9,106,866.0,0,809.5047597410554,0,1020.4,242.96431608142456,7.749416148589277,51,,
2018,9,26,14,0,13.6,62,77.1,7.9,108,844.0,0,729.1624204501002,0,1019.8,248.2060744216576,7.635859467927506,61,,
2018,9,26,15,0,13.2,73,14.7,8.1,106,795.0,137,589.6158184937884,0,1019.5,242.8564307089096,7.309956556574655,71,,
2018,9,26,16,0,12.3,84,0,8.3,36,696.0000000000001,67,398.4674014155472,0,1019.4,233.95554018654173,7.222819848938831,82,,
2018,9,26,17,0,11.4,94,0,8.6,2,475.0,1,173.5752224151953,0,1019.3,225.7940285305044,7.536693524950832,93,,
2018,9,26,18,0,10.3,104,0,8.4,0,26.0,0,5.4146946927558375,0,1019.3,221.3406378675324,7.119073519501653,105,,
2018,9,26,19,0,9.2,115,0,7.7,0,0.0,0,0.0,0,1019.2,221.8426788536608,8.409485421223033,115,,
2018,9,26,20,0,8,129,0,7.1,0,0.0,0,0.0,0,1019.1,220.20809326553072,9.735513161362592,125,,
2018,9,26,21,0,7.7,145,0,6.9,0,0.0,0,0.0,0,1018.9,220.24120507564368,10.677071466516862,132,,
2018,9,26,22,0,8.1,165,0,7.1,0,0.0,0,0.0,0,1018.4,223.19749603144768,11.015151364039292,137,,
2018,9,26,23,0,8.5,-172,0,7.3,0,0.0,0,0.0,0,1018,224.15311806462103,11.24778272448114,138,,
2018,9,27,0,0,8.7,-151,0,7.4,0,0.0,0,0.0,0,1017.5,224.5414186534654,11.2591716785056,134,,
2018,9,27,1,0,8.7,-134,0,7.3,0,0.0,0,0.0,0,1017,220.13995671440827,11.537144599061287,127,,
2018,9,27,2,0,8.6,-119,0,7.2,0,0.0,0,0.0,0,1016.5,219.697706711355,11.440346811721334,118,,
2018,9,27,3,0,8.7,-108,2.3,7.1,0,0.0,0,0.0,0,1016.3,216.2305697637112,12.152172537431063,108,,
2018,9,27,4,0,8.9,-97,0,7.2,0,0.0,0,0.0,0,1016.3,216.08700205797768,11.124524829660707,97,,
2018,9,27,5,0,9,-87,18.6,7.3,28,0.0,5,0.0,0,1016.2,218.60137431141712,11.103556084202689,86,,
2018,9,27,6,0,9.7,-77,68.3,7.5,72,163.0,0,15.00000000000001,0,1016.1,214.75087298622475,11.495409718006858,74,,
2018,9,27,7,0,10.8,-66,61.7,7.9,167,414.0,0,151.22068043189236,0,1016,209.5830809319296,12.04222791622156,64,,
2018,9,27,8,0,12,-53,51.2,8.2,280,627.0,17,344.970402343411,0,1015.9,210.76962621926103,11.146467140335494,54,,
2018,9,27,9,0,12.6,-36,25.6,8.3,370,745.0,172,531.4364411761399,0,1015.5,217.7099919551136,11.562717500135916,46,,
2018,9,27,10,0,12.7,-15,22.6,8.1,408,748.0,207,676.454280086949,0,1014.9,227.49385955067424,10.9740013582786,41,,
2018,9,27,11,0,12.9,8,30,7.8,450,780.0,114,775.0989225398263,0,1014.3,242.67384637799125,9.246978762535326,40,,
2018,9,27,12,0,12.9,30,36.9,7.8,412,789.0,64,814.5974176812725,0,1013.7,282.03167095069136,7.929064330621483,44,,
2018,9,27,13,0,12.9,48,65.3,8,224,778.0,0,790.591617394984,0,1013.1,304.34935357931334,7.803154887492393,51,,
2018,9,27,14,0,12.8,62,74.5,8.2,123,748.0,0,705.2652440661283,0,1012.6,328.6384257702314,8.689736280845901,60,,
2018,9,27,15,0,12.4,74,72.6,8.4,81,669.0,0,553.8164643295909,0,1012.2,348.3756042756511,9.72709503860788,71,,
2018,9,27,16,0,11.6,84,51,8.6,43,315.0,1,276.35390551065194,0,1012.1,354.7183037572293,9.505446532239084,82,,
2018,9,27,17,0,10.9,94,0.1,8.8,2,66.0,0,71.41749798285147,0,1012,354.835200222531,9.2752071739204,93,,
2018,9,27,18,0,10.3,104,0,8.8,0,4.0,0,3.2303305143120915,0,1011.9,359.5945747484381,8.83274065734485,104,,
2018,9,27,19,0,9.8,116,7.7,8.5,0,0.0,0,0.0,0,1011.8,355.94395898417696,7.952535551220152,115,,
2018,9,27,20,0,9.3,129,0,8.2,0,0.0,0,0.0,0,1011.7,353.47809419932986,7.54885238110592,125,,
2018,9,27,21,0,9.1,146,18.9,8.2,0,0.0,0,0.0,0,1011.5,357.2493475819357,8.282247551629542,132,,
2018,9,27,22,0,9.2,166,4.3,8.3,0,0.0,0,0.0,0,1011,356.0615123308277,8.189506637940633,137,,
2018,9,27,23,0,9.2,-172,0,8.5,0,0.0,0,0.0,0,1010.5,353.05968772479747,8.275727705204751,138,,
2018,9,28,0,0,9.3,-151,33.9,8.5,0,0.0,0,0.0,0,1010,355.2738520979181,8.830072053208148,134,,
2018,9,28,1,0,9.3,-134,41.3,8.6,0,0.0,0,0.0,0,1009.5,350.0122833928776,9.397547174712331,127,,
2018,9,28,2,0,9.3,-120,40.3,8.6,0,0.0,0,0.0,0,1009,355.90764563525045,9.318926344417624,118,,
2018,9,28,3,0,9.4,-108,39.8,8.7,0,0.0,0,0.0,0,1008.6,1.489655025848208,8.940521583105681,108,,
2018,9,28,4,0,9.5,-97,42.2,8.7,0,0.0,0,0.0,0,1008.3,6.107391554337369,7.776805397304098,97,,
2018,9,28,5,0,9.6,-88,41.2,8.8,23,0.0,0,0.0,0,1008,13.05703826936434,9.372445515066998,85,,
2018,9,28,6,0,10.2,-77,55.2,9,84,2.0,0,6.0,0,1007.8,19.71556245615801,9.693227157905486,74,,
2018,9,28,7,0,11.3,-66,66.7,9.3,132,7.0,0,42.27630438329092,0,1007.6,24.39199858464769,8.934975050676305,63,,
2018,9,28,8,0,12.4,-53,55.5,9.6,250,20.0,0,117.3471808096719,0,1007.3,25.02815791993192,7.8771121394241,54,,
2018,9,28,9,0,13,-36,56.4,9.8,300,31.0,0,195.40670601128272,0,1006.9,29.872422131897224,8.311861906442182,46,,
2018,9,28,10,0,13,-15,57,9.9,331,39.0,0,274.6075375442752,0,1006.3,29.537094209958862,9.853043740563852,41,,
2018,9,28,11,0,13,8,63.3,10,289,110.0,0,420.4737541519772,0,1005.7,26.205582091684,8.927633431414133,40,,
2018,9,28,12,0,13,30,67.6,10.3,240,121.0,0,445.86024245233415,0,1005.3,19.684529896589765,8.549679008531816,44,,
2018,9,28,13,0,12.8,48,85.4,10.6,92,164.0,0,464.5288762703093,0,1004.9,15.155584733591525,7.974880482038156,51,,
2018,9,28,14,0,12.7,62,53.3,10.9,215,225.0,0,450.8481118923903,0,1004.5,6.512415831632154,8.816902579355483,60,,
2018,9,28,15,0,12.2,74,66.3,10.7,96,223.0,0,358.4044398214861,0,1004.4,3.614609296694198,9.278467554390176,71,,
2018,9,28,16,0,11.3,85,58.2,10.1,38,120.0,0,194.59312695336683,0,1004.5,8.73269551390024,8.529049558135277,82,,
2018,9,28,17,0,10.5,95,37.8,9.5,2,32.0,0,56.066489286887006,0,1004.7,2.264367662242421,6.327450492609444,93,,
2018,9,28,18,0,10,105,42,9,0,2.0,0,3.121540023003937,0,1004.8,8.161740894287789,4.877034985241409,104,,
2018,9,28,19,0,9.7,116,37.2,8.6,0,0.0,0,0.0,0,1005,13.022775055098862,7.000107125756851,115,,
2018,9,28,20,0,9.4,129,1.5,8.1,0,0.0,0,0.0,0,1005.2,22.98605773063531,7.631052792443379,124,,
2018,9,28,21,0,9.2,146,9.6,7.8,0,0.0,0,0.0,0,1005.1,25.21461871261107,7.834091337962642,132,,
2018,9,28,22,0,9.1,166,17.8,7.6,0,0.0,0,0.0,0,1004.7,34.136651347163934,8.001143332826556,136,,
2018,9,28,23,0,9,-172,0,7.3,0,0.0,0,0.0,0,1004.2,44.07191484260875,8.291983863539759,137,,
2018,9,29,0,0,8.9,-152,0,7.1,0,0.0,0,0.0,0,1003.8,51.14059362546948,8.427638769215283,134,,
2018,9,29,1,0,8.7,-134,0,6.8,0,0.0,0,0.0,0,1003.4,52.69122199275012,6.801664383815496,127,,
2018,9,29,2,0,8.5,-120,0,6.6,0,0.0,0,0.0,0,1003,51.72066069238326,6.993619825397688,118,,
2018,9,29,3,0,8.4,-108,0,6.5,0,0.0,0,0.0,0,1002.9,44.90668025885395,7.631446247561098,107,,
2018,9,29,4,0,8.3,-98,0,6.5,0,0.0,0,0.0,0,1003,43.3948299959639,7.321497256425342,96,,
2018,9,29,5,0,8.3,-88,12.2,6.6,38,0.0,6,0.0,0,1003.1,38.25308187833576,7.417639887281069,85,,
2018,9,29,6,0,8.9,-78,38.6,7.1,124,32.0,13,18.000000000000004,0,1003.3,34.127761075170724,7.365904946200451,74,,
2018,9,29,7,0,10,-66,31.2,8,213,96.0,92,111.02652215178958,0,1003.5,28.56092834063793,6.896907321316648,63,,
2018,9,29,8,0,11.2,-53,12.8,9,203,198.0,323,253.7932547659352,0,1003.6,23.549740552779724,5.994366643726998,53,,
2018,9,29,9,0,12,-36,51.9,8.8,273,297.0,76,407.7121887104759,0,1003.7,19.48745897623081,8.393418559179398,45,,
2018,9,29,10,0,12.4,-15,46.7,7.7,232,279.0,204,499.5555516731595,0,1003.7,19.455408285713705,9.892487903420797,40,,
2018,9,29,11,0,12.7,8,33.9,6.5,319,231.0,224,530.158463928965,0,1003.8,15.968742046248622,11.522258457707055,40,,
2018,9,29,12,0,12.9,30,23.9,5.9,249,131.0,333,465.18202939264336,0,1004,17.447774261594134,11.063978066813815,43,,
2018,9,29,13,0,12.9,48,0.5,5.9,88,150.0,567,460.50235202013147,0,1004.3,16.554626703559222,12.59992221295475,51,,
2018,9,29,14,0,12.9,63,0,5.8,73,188.0,427,432.9286299651509,0,1004.7,16.554232210857208,12.38085638293862,60,,
2018,9,29,15,0,12.6,75,0,6,60,89.0,249,267.96259103581406,0,1005.3,19.19382052074542,12.06056119972027,70,,
2018,9,29,16,0,12.1,85,0,6.4,36,64.0,76,159.7345343146158,0,1006.1,21.976160481160548,11.430653020893354,82,,
2018,9,29,17,0,11.6,95,0,6.8,2,36.0,1,61.19455286315496,0,1006.8,22.08365124137288,10.832299040363798,93,,
2018,9,29,18,0,11,105,0,7.1,0,5.0,0,4.319862391355708,0,1007.6,22.69959896140148,9.419574175101936,104,,
2018,9,29,19,0,10.5,116,0,7.1,0,0.0,0,0.0,0,1008.5,20.495810731201573,8.724913718827143,115,,
2018,9,29,20,0,9.9,130,0,7.2,0,0.0,0,0.0,0,1009.3,15.023653354056703,8.342782711009162,124,,
2018,9,29,21,0,9.6,146,0,7.2,0,0.0,0,0.0,0,1009.9,16.845449178610977,8.83415225719405,132,,
2018,9,29,22,0,9.5,166,0,7.3,0,0.0,0,0.0,0,1010.2,21.39544529267556,9.35463747540325,136,,
2018,9,29,23,0,9.5,-172,0,7.4,0,0.0,0,0.0,0,1010.5,22.497854143291818,9.630392929351798,137,,
2018,9,30,0,0,9.3,-152,0,7.3,0,0.0,0,0.0,0,1010.8,21.21608038040938,9.257323137057206,133,,
2018,9,30,1,0,9.1,-134,0,6.9,0,0.0,0,0.0,0,1011.1,15.08025863050534,7.591512106973666,126,,
2018,9,30,2,0,8.8,-120,0,6.6,0,0.0,0,0.0,0,1011.5,10.807087756304384,7.867068898766403,117,,
2018,9,30,3,0,8.6,-108,0,6.2,0,0.0,0,0.0,0,1011.9,7.665963257312114,7.608034963718232,107,,
2018,9,30,4,0,8.4,-98,0,5.8,0,0.0,0,0.0,0,1012.5,6.145132785459566,7.309579482037763,96,,
2018,9,30,5,0,8.2,-88,2.2,5.4,29,0.0,37,0.0,0,1013,6.093132063684948,7.371723388723457,85,,
2018,9,30,6,0,8.8,-78,25.6,5.1,153,7.0,41,12.029202305757462,0,1013.5,7.514899727237889,7.244843988529025,73,,
2018,9,30,7,0,10.1,-67,21.3,4.9,230,16.0,131,64.09120451679432,0,1013.8,14.391581661349337,7.332639564313582,63,,
2018,9,30,8,0,11.4,-53,52.5,4.6,295,32.0,5,150.09582670253465,0,1014.2,12.105268291675657,6.87803799523488,53,,
2018,9,30,9,0,12,-36,37.8,4.5,423,95.0,54,299.2507415936471,0,1014.2,10.208687940710377,7.8848366269970205,45,,
2018,9,30,10,0,12,-15,9.4,4.4,217,136.0,539,406.6212607373985,0,1014.1,7.559895764653959,8.246730478082135,40,,
2018,9,30,11,0,12,9,2.1,4.3,123,166.0,701,482.4726879951784,0,1013.9,6.957926952971036,8.109774280192712,39,,
2018,9,30,12,0,11.9,31,0,4.3,84,171.0,703,502.112675725641,0,1013.7,4.939319870866996,8.245708798124598,43,,
2018,9,30,13,0,11.8,49,0,4.3,78,226.0,597,522.4183854777468,0,1013.5,6.151968325396524,9.331325579373578,50,,
2018,9,30,14,0,11.7,63,0,4.4,69,101.0,446,356.7170000975525,0,1013.2,13.944301534110991,8.74526798154491,60,,
2018,9,30,15,0,11.3,75,0,4.4,56,28.0,264,180.4468288218428,0,1013.3,18.682926331626906,9.11533528777426,70,,
2018,9,30,16,0,10.4,85,0,4.5,34,12.0,86,85.24097684327106,0,1013.5,22.353610168846785,9.379908970841528,81,,
2018,9,30,17,0,9.6,95,0,4.5,2,6.0,2,29.55236315311455,0,1013.8,26.197766391084315,8.73765881998452,93,,
2018,9,30,18,0,8.7,105,0,4.3,0,1.0,0,2.067189053529812,0,1014,29.586559774132866,6.936977890919206,104,,
2018,9,30,19,0,7.7,117,8.2,3.8,0,0.0,0,0.0,0,1014.3,30.6027846924606,6.413278348245707,114,,
2018,9,30,20,0,6.7,130,43,3.4,0,0.0,0,0.0,0,1014.5,29.75090395953476,6.337823702278129,124,,
2018,9,30,21,0,6.4,147,42.9,3.4,0,0.0,0,0.0,0,1014.5,29.751386034128814,5.067921202430535,131,,
2018,9,30,22,0,6.7,166,42.8,3.9,0,0.0,0,0.0,0,1014.2,22.35609651141232,4.462881576562302,136,,
2018,9,30,23,0,7,-172,43,4.5,0,0.0,0,0.0,0,1013.9,9.182441381980029,4.699876341309013,136,,
2018,10,1,0,0,7.3,-152,43,4.8,0,0.0,0,0.0,0,1013.7,3.45516013602753,3.9820918853376286,133,,
2018,10,1,1,0,7.5,-134,51.3,4.9,0,0.0,0,0.0,0,1013.6,344.37544802946627,5.755149095900722,126,,
2018,10,1,2,0,7.7,-120,59.8,5.1,0,0.0,0,0.0,0,1013.4,344.6758918305688,5.477205606050742,117,,
2018,10,1,3,0,8.1,-109,59.7,5.3,0,0.0,0,0.0,0,1013.3,346.381807227689,4.8205830762403465,107,,
2018,10,1,4,0,8.6,-98,53.8,5.6,0,0.0,0,0.0,0,1013.3,342.48134720710215,3.6546119623422335,96,,
2018,10,1,5,0,9.1,-88,43.8,6,38,0.0,0,0.0,0,1013.3,333.35220371954546,5.367769756689948,84,,
2018,10,1,6,0,9.9,-78,34.8,6.5,141,12.0,20,15.106555622448935,0,1013.2,329.3073844521145,4.706968707543686,73,,
2018,10,1,7,0,11,-67,50.8,7.2,187,227.0,17,148.08191657693143,0,1013.2,321.14976570499465,4.818307444119029,62,,
2018,10,1,8,0,12.2,-53,83.3,7.9,100,473.0,0,343.2824391687063,0,1013.1,328.1659266559114,3.834331735741511,52,,
2018,10,1,9,0,12.7,-36,89.5,8.5,76,555.0,0,512.2183777022035,0,1012.9,335.71500756115745,4.668212226678898,44,,
2018,10,1,10,0,12.8,-15,88.4,9.1,92,751.0,0,692.0200645153976,0,1012.7,329.5909042417772,5.151270045227801,40,,
2018,10,1,11,0,12.8,9,86.6,9.7,108,753.0,0,776.0264716776608,0,1012.5,333.3235833359358,5.111739664269639,39,,
2018,10,1,12,0,12.8,31,81.6,10.1,140,686.0,0,776.9184098800087,0,1012.5,346.17662048866566,6.183990562175147,43,,
2018,10,1,13,0,12.8,49,86.2,10.3,90,590.0,0,710.0601467423282,0,1012.8,345.26230849210765,6.790795845729997,50,,
2018,10,1,14,0,12.9,64,83.9,10.5,79,218.0,0,439.444937088729,0,1013,353.3290951125691,6.800926667071465,59,,
2018,10,1,15,0,12.8,75,68.7,10.6,96,449.0,0,469.31443655028926,0,1013.5,3.931700075824722,6.708170523553444,70,,
2018,10,1,16,0,12.6,86,58.1,10.7,44,559.0,0,377.0328130699908,0,1014.3,14.51327193089702,6.912978609978764,81,,
2018,10,1,17,0,12.4,96,42.8,10.8,2,267.0,0,141.96637047941834,0,1015.1,29.31814027130082,6.867130084009322,92,,
2018,10,1,18,0,12.2,106,43,10.6,0,11.0,0,5.774607360177523,0,1015.9,42.20374051570224,5.690215007712099,104,,
2018,10,1,19,0,11.9,117,14.4,10.2,0,0.0,0,0.0,0,1016.7,54.17535475720854,5.133862090539237,114,,
2018,10,1,20,0,11.7,130,0,9.8,0,0.0,0,0.0,0,1017.5,49.17389247394237,4.103332631653127,123,,
2018,10,1,21,0,11.5,147,0,9.7,0,0.0,0,0.0,0,1017.9,76.53729146961206,5.519087021020858,131,,
2018,10,1,22,0,11.5,166,0,9.9,0,0.0,0,0.0,0,1018,55.15294147614571,5.154237325482619,135,,
2018,10,1,23,0,11.5,-172,0,10.2,0,0.0,0,0.0,0,1018.2,75.78673614935599,5.864582036923344,136,,
2018,10,2,0,0,11.4,-152,0,10.2,0,0.0,0,0.0,0,1018.2,87.32663391683616,5.893865675413001,132,,
2018,10,2,1,0,11.3,-135,0,10.1,0,0.0,0,0.0,0,1018.1,99.35088732950156,6.8307587325667845,126,,
2018,10,2,2,0,11.2,-121,0,9.9,0,0.0,0,0.0,0,1018,93.05655289559098,4.922041202948167,117,,
2018,10,2,3,0,11.1,-109,0,9.9,0,0.0,0,0.0,0,1018.2,114.05811960876872,5.034770527604275,106,,
2018,10,2,4,0,11.1,-98,0,10,0,0.0,0,0.0,0,1018.7,172.56301180483536,3.998725934076944,95,,
2018,10,2,5,0,11.1,-89,25.3,10.1,39,0.0,2,0.0,0,1019.2,199.52532507846223,6.268173332161144,84,,
2018,10,2,6,0,11.6,-78,57,10.2,102,11.0,0,14.150333287811511,0,1019.6,200.41074249339405,7.447824196586025,73,,
2018,10,2,7,0,12.5,-67,71.9,10.5,123,73.0,0,103.88975183652522,0,1019.9,198.3670039200421,7.291618307952376,62,,
2018,10,2,8,0,13.4,-54,70.9,10.7,176,112.0,0,213.5109036661914,0,1020.2,212.35243262177667,7.895524556573347,52,,
2018,10,2,9,0,13.9,-36,60.5,10.7,289,362.0,0,431.9374176041485,0,1020,223.4872874543855,7.298034771845561,44,,
2018,10,2,10,0,14,-15,45.2,10.4,415,415.0,22,557.4923131883304,0,1019.5,230.9347603818764,7.11264231293068,39,,
2018,10,2,11,0,14.1,9,44.1,10.2,449,140.0,0,446.2348806973455,0,1018.9,237.11365078663965,6.874029264408313,39,,
2018,10,2,12,0,14.2,31,40.2,10.1,426,94.0,25,407.5131208047725,0,1018.4,235.77018157365748,6.555395440482863,42,,
2018,10,2,13,0,14.3,50,24.2,10.1,380,222.0,104,507.09426390388967,0,1017.9,227.2179426948008,6.441292617748659,50,,
2018,10,2,14,0,14.4,64,22,10,297,504.0,75,605.6056459623676,0,1017.4,227.44757538220568,7.6968079329003025,59,,
2018,10,2,15,0,14.3,76,25.9,9.9,197,665.0,19,570.2699337921381,0,1017,216.48204769895983,7.328683534984782,70,,
2018,10,2,16,0,13.9,86,17.2,9.6,78,590.0,4,392.6639825803781,0,1016.7,213.8508338632579,8.832375942760493,81,,
2018,10,2,17,0,13.5,96,37.9,9.4,3,329.0,0,161.30388063259886,0,1016.3,207.4605563084532,9.731468960914643,92,,
2018,10,2,18,0,13.3,106,40.3,9.2,0,35.0,0,9.5781363882004,0,1016.1,200.25436130344025,11.005735083540772,103,,
2018,10,2,19,0,13.2,117,40.3,9.1,0,0.0,0,0.0,0,1016,199.6491973825448,12.60924828003618,114,,
2018,10,2,20,0,13.2,131,13.5,9,0,0.0,0,0.0,0,1016,195.9651278502212,13.243222500573909,123,,
2018,10,2,21,0,13.4,147,24.2,8.9,0,0.0,0,0.0,0,1015.6,197.4377955956361,12.98954029376933,131,,
2018,10,2,22,0,13.8,167,21.1,8.7,0,0.0,0,0.0,0,1014.9,191.43324544633947,12.725170455120727,135,,
2018,10,2,23,0,14.3,-172,0,8.6,0,0.0,0,0.0,0,1014.3,194.936073070844,12.38600280530837,136,,
2018,10,3,0,0,14.6,-152,0,8.5,0,0.0,0,0.0,0,1013.7,194.903044314053,11.178760887361651,132,,
2018,10,3,1,0,14.7,-135,0,8.4,0,0.0,0,0.0,0,1013.2,210.0043484284996,6.25894288653596,125,,
2018,10,3,2,0,14.9,-121,0,8.2,0,0.0,0,0.0,0,1012.7,204.1929418199647,8.998057609470557,116,,
2018,10,3,3,0,15,-109,0,8.2,0,0.0,0,0.0,0,1012.4,213.72091133536424,7.421215285042837,106,,
2018,10,3,4,0,15.1,-99,5.8,8.3,0,0.0,0,0.0,0,1012.4,199.7712821005072,6.200476328372181,95,,
2018,10,3,5,0,15.2,-89,35,8.3,36,0.0,6,0.0,0,1012.3,222.13837914734808,5.66754685664821,84,,
2018,10,3,6,0,15.9,-79,36.8,8.5,108,21.0,56,19.388887705420625,0,1012.2,259.5240727393472,4.029569682262276,72,,
2018,10,3,7,0,17.3,-67,41.4,8.9,165,145.0,89,130.3498241189711,0,1012.1,13.08563674638799,9.06548376292232,62,,
2018,10,3,8,0,18.6,-54,36.1,9.3,301,336.0,98,304.27650272353424,0,1012,67.7145221477387,13.528043637963997,52,,
2018,10,3,9,0,19.2,-36,48,9.4,324,544.0,52,504.6584880134373,0,1011.4,63.262520084406106,13.713884477089014,44,,
2018,10,3,10,0,19.1,-15,50.4,9.3,395,570.0000000000001,0,629.936634906198,0,1010.4,65.64349724461323,13.89971366457045,39,,
2018,10,3,11,0,19,9,47.2,9.1,424,585.0,0,711.4966381621266,0,1009.4,66.8561533327296,13.789714266148756,38,,
2018,10,3,12,0,18.9,32,38.5,9.1,435,735.0,28,812.6696485584645,0,1008.4,64.59480146641192,13.414679862441956,42,,
2018,10,3,13,0,18.8,50,54.9,9.2,291,831.0000000000001,0,841.4072536838028,0,1007.3,63.10708027153305,12.535615427006237,49,,
2018,10,3,14,0,18.7,64,69.2,9.3,148,819.0000000000001,0,763.4669336779203,0,1006.2,67.05618616471747,12.140387106863596,59,,
2018,10,3,15,0,18.7,76,78.7,9.1,64,764.0,0,617.7625606379654,0,1005.4,69.63493659821381,12.815962516639516,70,,
2018,10,3,16,0,18.8,86,69.6,8.4,25,648.0,0,417.56005652257335,0,1004.9,67.49594783038867,12.691526077188565,81,,
2018,10,3,17,0,18.9,96,35,7.8,3,457.0,0,196.78259578473015,0,1004.4,73.72157679279928,11.977734980514596,92,,
2018,10,3,18,0,18.5,106,40.5,7.5,0,64.0,0,13.922554566188854,0,1004.4,79.2098266666917,11.136847852201452,103,,
2018,10,3,19,0,17.7,118,50.1,7.7,0,0.0,0,0.0,0,1004.7,76.19890205407381,11.527881660178476,114,,
2018,10,3,20,0,16.9,131,57.9,7.8,0,0.0,0,0.0,0,1005,75.9241744758562,11.399650799376316,123,,
2018,10,3,21,0,16.1,147,57.9,8.1,0,0.0,0,0.0,0,1005.2,77.50290244020175,10.191416712997173,130,,
2018,10,3,22,0,15.3,167,30.2,8.6,0,0.0,0,0.0,0,1005.3,84.78838161912688,11.640651754054105,135,,
2018,10,3,23,0,14.4,-172,0,9.1,0,0.0,0,0.0,0,1005.4,84.38462342571472,9.940279781771364,135,,
2018,10,4,0,0,13.8,-152,0,9.4,0,0.0,0,0.0,0,1005.6,92.43110735332492,9.606058066193595,132,,
2018,10,4,1,0,13.2,-135,0,9.6,0,0.0,0,0.0,0,1006.1,94.8172911488669,9.375648202739624,125,,
2018,10,4,2,0,12.7,-121,0,9.8,0,0.0,0,0.0,0,1006.7,94.12440011860195,8.968294049014323,116,,
2018,10,4,3,0,12.3,-109,0,9.9,0,0.0,0,0.0,0,1007.2,97.71974184632109,7.891590040510292,106,,
2018,10,4,4,0,12.1,-99,0,9.8,0,0.0,0,0.0,0,1007.9,98.1511011536237,7.159732853951152,95,,
2018,10,4,5,0,11.8,-89,1.8,9.7,37,0.0,41,0.0,0,1008.5,105.22149120121584,7.150764895253425,83,,
2018,10,4,6,0,12.4,-79,0.4,9.6,65,2.0,211,7.046842646225751,0,1009.1,109.15272297098328,7.124330623035715,72,,
2018,10,4,7,0,13.7,-68,0,9.4,74,6.0,406,41.28769610532793,0,1009.6,114.20871532964549,7.071867060604181,61,,
2018,10,4,8,0,15,-54,0,9.3,79,10.0,575,95.98828354630022,0,1010.1,112.89427775862498,5.764132365927622,51,,
2018,10,4,9,0,15.7,-37,0,8.8,85,14.0,695,153.83217287895934,0,1010.3,111.74148632769568,4.508192023262043,43,,
2018,10,4,10,0,15.6,-15,0,7.9,92,16.0,756,213.96394770506413,0,1010.2,115.95796225885977,4.101253134549846,38,,
2018,10,4,11,0,15.6,9,0,7.1,97,26.0,756,283.95797661004616,0,1010.2,119.69093153214584,3.1195234088909025,38,,
2018,10,4,12,0,15.5,32,0,6.7,99,34.0,697,317.2312744260727,0,1010,120.5253358458267,1.7674166779525398,42,,
2018,10,4,13,0,15.4,50,0,6.9,94,56.0,588,350.84239145386044,0,1009.8,276.8421264194005,0.8586542401512912,49,,
2018,10,4,14,0,15.3,65,0,7.1,84,85.0,437,347.7581030529861,0,1009.6,321.9337440317694,2.193642249001558,59,,
2018,10,4,15,0,14.7,76,0,7.5,65,103.0,265,290.933695344665,0,1009.7,336.4761057462747,2.86266101609183,69,,
2018,10,4,16,0,13.8,87,0,7.9,40,47.0,90,151.15897724744266,0,1009.9,31.66337908974384,3.6244757782959134,81,,
2018,10,4,17,0,12.8,97,0,8.3,4,22.0,3,55.98344500130212,0,1010.1,62.89261420532512,4.625526926593385,92,,
2018,10,4,18,0,11.7,107,0,8.4,0,7.0,0,6.561256171377539,0,1010.3,72.5594790660686,7.090869780981146,103,,
2018,10,4,19,0,10.6,118,5.3,8.3,0,0.0,0,0.0,0,1010.5,69.02036930083983,8.016280372403864,113,,
2018,10,4,20,0,9.4,131,42.2,8.1,0,0.0,0,0.0,0,1010.7,78.73227034264755,8.060394492718238,123,,
2018,10,4,21,0,9.1,148,37.1,8.1,0,0.0,0,0.0,0,1010.6,83.36225418914825,7.288848620319814,130,,
2018,10,4,22,0,9.4,167,6.6,8.3,0,0.0,0,0.0,0,1010.3,87.16012658811837,6.913519791677734,134,,
2018,10,4,23,0,9.7,-172,0,8.5,0,0.0,0,0.0,0,1010,90.84877964157027,6.740729862860033,135,,
2018,10,5,0,0,9.8,-152,0,8.6,0,0.0,0,0.0,0,1009.5,94.37314294742436,6.589252280310338,131,,
2018,10,5,1,0,9.9,-135,0,8.6,0,0.0,0,0.0,0,1009,89.85341350755778,7.82497678104283,124,,
2018,10,5,2,0,9.9,-121,0,8.6,0,0.0,0,0.0,0,1008.5,90.14460139561794,7.932398309239169,116,,
2018,10,5,3,0,10.1,-109,0,8.6,0,0.0,0,0.0,0,1008.1,94.77338864262111,7.270088502412114,105,,
2018,10,5,4,0,10.6,-99,0,8.7,1,0.0,0,0.0,0,1007.9,98.8248601533727,6.648777187648265,94,,
2018,10,5,5,0,11.2,-89,35.6,8.8,43,0.0,1,0.0,0,1007.6,97.76965605377892,6.454272484532702,83,,
2018,10,5,6,0,12.4,-79,53.3,9.2,124,61.0,0,29.73011403395568,0,1007.6,92.13437880556351,6.509398858937286,72,,
2018,10,5,7,0,14.2,-68,49.2,9.8,237,372.0,0,186.79809661733705,0,1007.7,94.56670016478336,5.715655135611819,61,,
2018,10,5,8,0,16.1,-54,24.3,10.5,350,572.0000000000001,129,386.0495796294156,0,1007.8,88.22224235026886,4.997278342987101,51,,
2018,10,5,9,0,17.3,-37,6.3,10.7,236,671.0,466,570.65458228158,0,1007.6,88.59891505968454,4.193636596783726,43,,
2018,10,5,10,0,17.9,-15,0.2,10.4,164,799.0,648,724.1917082155267,0,1006.9,90.0,2.7724609375,38,,
2018,10,5,11,0,18.6,10,0.2,10.1,155,828.0000000000001,666,821.1633490618552,0,1006.3,82.21485985670381,0.7569770533763748,37,,
2018,10,5,12,0,18.9,32,1,10.1,136,836.0,632,859.949004213201,0,1005.6,291.96127948398987,1.1698489158437848,41,,
2018,10,5,13,0,18.9,51,2.3,10.4,145,830.0000000000001,503,838.9509587806122,0,1004.9,285.4312108188925,3.288469202167403,49,,
2018,10,5,14,0,18.8,65,22.1,10.7,204,805.0,184,755.2923623524007,0,1004.2,282.9752766005726,4.553771252348254,58,,
2018,10,5,15,0,18.6,77,27.1,10.6,152,742.0,76,608.6981810466011,0,1003.7,277.21426203920674,4.976899762904614,69,,
2018,10,5,16,0,18.3,87,23.6,10.3,64,616.0,32,408.3654995115048,0,1003.3,263.99831729285074,4.399112304093393,80,,
2018,10,5,17,0,17.9,97,27.4,10,4,396.0,0,185.00870569563915,0,1003,259.2793626828048,4.152557453674409,92,,
2018,10,5,18,0,17.5,107,52.4,9.7,0,52.0,0,13.33966209378173,0,1002.8,251.40295843908424,4.25720245470709,103,,
2018,10,5,19,0,17,118,46.8,9.4,0,0.0,0,0.0,0,1002.8,239.8112215769023,4.405061067651494,113,,
2018,10,5,20,0,16.5,132,36.3,9.1,0,0.0,0,0.0,0,1002.7,226.2432060469793,5.378799393090425,122,,
2018,10,5,21,0,16.3,148,33,8.8,0,0.0,0,0.0,0,1002.2,222.01002998634613,6.880697685375465,130,,
2018,10,5,22,0,16.5,167,35.8,8.6,0,0.0,0,0.0,0,1001.4,221.978800708998,7.045470429742364,134,,
2018,10,5,23,0,16.6,-172,42.8,8.3,0,0.0,0,0.0,0,1000.5,222.17373051170063,6.561148086442407,134,,
2018,10,6,0,0,16.9,-152,42.8,8,0,0.0,0,0.0,0,999.8,220.6498561962887,5.9675228295370975,131,,
2018,10,6,1,0,17.4,-135,41.4,7.8,0,0.0,0,0.0,0,999.1,207.6059309747024,5.481454707534707,124,,
2018,10,6,2,0,17.9,-121,40.7,7.6,0,0.0,0,0.0,0,998.4,194.57870713863448,6.029080569011281,115,,
2018,10,6,3,0,18.2,-110,42.3,7.3,0,0.0,0,0.0,0,998,183.6897104654956,6.718760690015229,105,,
2018,10,6,4,0,18.5,-99,43.8,7,1,0.0,0,0.0,0,997.9,178.9288938940049,6.96117729090816,94,,
2018,10,6,5,0,18.8,-89,42.3,6.7,46,0.0,0,0.0,0,997.7,177.9107954298596,8.23056867744316,83,,
2018,10,6,6,0,19.1,-79,30,7.1,166,60.0,18,28.99982790425994,0,997.8,176.25040122994608,8.485693932684773,71,,
2018,10,6,7,0,19.6,-68,25.3,8.1,250,218.0,99,152.07629465340926,0,998,172.2551429554983,7.5690448435804285,61,,
2018,10,6,8,0,20,-54,26,9.1,319,501.0,138,355.9046472602863,0,998.3,173.78044326912595,5.723876036751499,51,,
2018,10,6,9,0,19.7,-37,22.3,9.9,404,676.0,176,555.7359991682579,0,998.8,187.94379865878028,5.9144201586274265,43,,
2018,10,6,10,0,18.8,-15,29.1,10.4,507,800.0,67,726.5236705600531,0,999.6,200.07113812308245,7.167998290455829,38,,
2018,10,6,11,0,17.8,10,17.1,11,399,801.0,276,809.7414886570634,0,1000.4,204.20132403124475,8.1351599956047,37,,
2018,10,6,12,0,16.7,33,29.5,10.9,386,604.0,151,744.6105093836204,0,1001.6,206.76198292315385,8.100335115547084,41,,
2018,10,6,13,0,15.4,51,30.9,10.1,361,720.0,88,784.1122750658702,0,1003,209.3398320182732,8.035901310954381,49,,
2018,10,6,14,0,14.1,65,65.4,9.4,165,819.0000000000001,0,764.2489303033466,0,1004.4,207.612982929179,8.495203688027976,58,,
2018,10,6,15,0,13.2,77,85.2,8.7,44,783.0,0,629.1471060642803,0,1005.7,206.4285099025173,8.4759008791028,69,,
2018,10,6,16,0,12.6,87,72.8,7.9,23,718.0,0,448.000485266935,0,1006.8,205.13740224199967,7.945093296294274,80,,
2018,10,6,17,0,12,97,1.6,7.2,5,466.0,0,204.81366199853352,0,1008,202.99522515443016,7.794413057493903,91,,
2018,10,6,18,0,11.5,108,0,6.4,0,56.0,0,14.85748565297104,0,1009.3,193.37871293863893,7.239182170666738,102,,
2018,10,6,19,0,11.1,119,0,5.6,0,0.0,0,0.0,0,1010.7,183.16290183318,7.792143221083566,113,,
2018,10,6,20,0,10.6,132,0,4.8,0,0.0,0,0.0,0,1012.1,184.0180584385848,9.205243538759005,122,,
2018,10,6,21,0,10.1,148,0,4.4,0,0.0,0,0.0,0,1013.4,190.2520687735112,10.098733634213042,129,,
2018,10,6,22,0,9.5,167,0,4.6,0,0.0,0,0.0,0,1014.5,196.2680489178537,9.700908294039992,134,,
2018,10,6,23,0,8.9,-172,0,4.7,0,0.0,0,0.0,0,1015.6,200.5430014911538,9.539225212165336,134,,
2018,10,7,0,0,8.6,-152,0,4.5,0,0.0,0,0.0,0,1016.6,202.09385749574272,11.01383552896456,130,,
2018,10,7,1,0,8.7,-135,0,3.9,0,0.0,0,0.0,0,1017.5,198.8283282277272,11.97578761361711,124,,
2018,10,7,2,0,8.7,-122,0,3.4,0,0.0,0,0.0,0,1018.4,195.75792217141824,11.304741029540146,115,,
2018,10,7,3,0,8.8,-110,0,3.1,0,0.0,0,0.0,0,1019.4,196.94906806752743,10.608237409207929,105,,
2018,10,7,4,0,8.9,-100,0,3,1,0.0,0,0.0,0,1020.5,197.0910006077352,11.662485783906636,94,,
2018,10,7,5,0,9,-90,1.3,3,39,0.0,55,0.0,0,1021.7,198.6792749859028,11.677603915325282,82,,
2018,10,7,6,0,9.7,-80,0.2,3.1,67,140.0,226,36.36405432052703,0,1022.7,198.03805332257363,11.65793600493749,71,,
2018,10,7,7,0,10.9,-68,0.5,3.2,83,460.0,410,197.9441320965697,0,1023.6,196.68877729633184,11.26451434455367,60,,
2018,10,7,8,0,12.1,-55,0,3.4,81,644.0,589,397.6170189753158,0,1024.5,202.3998368162616,11.238082414604412,50,,
2018,10,7,9,0,12.7,-37,12.2,3.4,264,728.0,435,576.8034309066546,0,1025.1,206.66876069959372,12.365541682373578,42,,
2018,10,7,10,0,12.7,-15,11.6,3.3,268,755.0,498,723.6718600754822,0,1025.4,208.6116126680837,12.587112253537578,37,,
2018,10,7,11,0,12.7,10,3.2,3.3,136,786.0,708,821.4131481726598,0,1025.7,210.3250817197232,12.512009442513804,37,,
2018,10,7,12,0,12.7,33,0,3.4,82,800.0,734,862.3229177945047,0,1026,210.4642674177049,12.213750926368997,41,,
2018,10,7,13,0,12.7,51,0,3.6,79,794.0,622,839.5445603862689,0,1026.2,212.59132591812963,12.00254161562118,48,,
2018,10,7,14,0,12.7,66,0,3.9,73,757.0,464,749.1438322030589,0,1026.4,214.15944322303807,11.51400418825224,58,,
2018,10,7,15,0,12.4,77,0,4.1,61,686.0,280,599.4703200931124,0,1026.8,214.36125289996565,11.011676318684671,69,,
2018,10,7,16,0,11.7,88,0,4.2,40,502.0,100,378.9804214381435,0,1027.3,209.86193241398465,10.553845672015642,80,,
2018,10,7,17,0,11,98,0,4.3,5,355.0,4,183.06088599198063,0,1027.9,203.72676092791852,9.754693628566171,91,,
2018,10,7,18,0,10,108,0,4.2,0,51.0,0,15.591859751584195,0,1028.3,195.63005747487568,9.548145821457444,102,,
2018,10,7,19,0,8.7,119,0,4.1,0,0.0,0,0.0,0,1028.4,194.6324018091004,10.311993453560875,113,,
2018,10,7,20,0,7.5,132,0,4,0,0.0,0,0.0,0,1028.6,192.12935324851315,11.041663212445757,122,,
2018,10,7,21,0,6.9,149,0,4.1,0,0.0,0,0.0,0,1028.6,190.6641097736443,11.307847731365262,129,,
2018,10,7,22,0,6.9,168,0,4.4,0,0.0,0,0.0,0,1028.5,194.36822964330085,9.922929016958289,133,,
2018,10,7,23,0,6.9,-172,0,4.7,0,0.0,0,0.0,0,1028.3,199.546781390828,9.616725067623015,134,,
2018,10,8,0,0,6.7,-152,0,4.9,0,0.0,0,0.0,0,1028.2,199.8945086429989,10.453962834171367,130,,
2018,10,8,1,0,6.4,-136,0,4.9,0,0.0,0,0.0,0,1028.1,196.529410215508,11.581143458082709,123,,
2018,10,8,2,0,6.1,-122,0,4.9,0,0.0,0,0.0,0,1028,198.37419395720613,11.285307540222757,115,,
2018,10,8,3,0,6.2,-110,0,5,0,0.0,0,0.0,0,1028.1,198.34431436520708,10.49320082837778,104,,
2018,10,8,4,0,6.5,-100,0,5.2,1,0.0,1,0.0,0,1028.3,196.65972809907893,9.697081451357372,93,,
2018,10,8,5,0,6.8,-90,6,5.4,41,0.0,58,0.0,0,1028.5,197.5588898952001,8.427574950088324,82,,
2018,10,8,6,0,8.1,-80,0.6,5.8,64,24.0,236,26.03933788211016,0,1028.5,196.72844250874937,8.259709410116438,71,,
2018,10,8,7,0,10.2,-69,13.1,6.3,195,17.0,236,71.00287024073425,0,1028.4,196.94547831298107,8.096653318149414,60,,
2018,10,8,8,0,12.4,-55,26,6.8,338,28.0,160,147.73092155341158,0,1028.3,198.35438602551807,8.510596251645431,50,,
2018,10,8,9,0,13.6,-37,28.2,6.9,390,94.0,183,303.3903870512972,0,1027.9,198.235488675558,10.689427949223004,42,,
2018,10,8,10,0,13.8,-15,32.1,6.7,453,205.0,133,487.1859314983202,0,1027.2,200.8909559989836,10.642239555956314,37,,
2018,10,8,11,0,14.1,10,8.5,6.5,197,290.0,598,599.5302435243914,0,1026.6,211.73265286245336,10.661380710080072,36,,
2018,10,8,12,0,14.3,33,0,6.6,84,451.0,730,711.3766203796797,0,1025.9,215.2344678103103,10.516783926756442,40,,
2018,10,8,13,0,14.4,52,0,7,80,524.0,619,726.0453504896925,0,1025.2,212.5074670852784,10.085273304173608,48,,
2018,10,8,14,0,14.5,66,0,7.4,74,478.0,464,632.4103270762462,0,1024.5,213.56522465721807,10.255139019203783,58,,
2018,10,8,15,0,14.1,78,0,7.9,62,456.0,281,512.3553910227756,0,1024.1,215.20502727496364,10.485481013418864,69,,
2018,10,8,16,0,13.1,88,0,8.3,41,211.0,101,269.7776267638241,0,1024,212.623903417754,10.516951141512523,80,,
2018,10,8,17,0,12.2,98,0,8.8,5,41.0,4,77.69112119169216,0,1023.9,211.1365369720283,9.524746467690404,91,,
2018,10,8,18,0,11.2,108,0,8.7,0,5.0,0,6.466708654953904,0,1023.8,205.7550320809817,9.723500078365577,102,,
2018,10,8,19,0,10.3,119,0,8.1,0,0.0,0,0.0,0,1023.7,204.95511330657908,9.000450983934073,112,,
2018,10,8,20,0,9.3,133,0,7.5,0,0.0,0,0.0,0,1023.6,200.70623387468345,9.276714340542766,122,,
2018,10,8,21,0,8.9,149,0,7.4,0,0.0,0,0.0,0,1023.3,200.4697281525896,8.971517003117526,129,,
2018,10,8,22,0,9.1,168,0,7.8,0,0.0,0,0.0,0,1022.7,204.037447630216,8.469595617044972,133,,
2018,10,8,23,0,9.3,-172,0,8.3,0,0.0,0,0.0,0,1022.1,204.3525660369731,8.778634537099524,133,,
2018,10,9,0,0,9.2,-152,0,8.4,0,0.0,0,0.0,0,1021.7,206.3999341139669,7.387898827451781,130,,
2018,10,9,1,0,8.9,-136,0,8.3,0,0.0,0,0.0,0,1021.3,207.7406504619988,8.120885280265528,123,,
2018,10,9,2,0,8.7,-122,0,8.2,0,0.0,0,0.0,0,1021,221.5059850451997,7.36770942352156,114,,
2018,10,9,3,0,8.7,-110,0,8.3,0,0.0,0,0.0,0,1021,230.87910774388732,6.074120661198065,104,,
2018,10,9,4,0,8.9,-100,0.1,8.5,2,0.0,0,0.0,0,1021.3,244.53349514963924,3.616259940008802,93,,
2018,10,9,5,0,9.2,-90,24.7,8.7,66,0.0,6,0.0,0,1021.6,271.2310091650941,1.397783542079812,82,,
2018,10,9,6,0,10.4,-80,32.2,9,131,5.0,49,16.24147624217038,0,1021.7,6.8253909991044,1.661924645527713,71,,
2018,10,9,7,0,12.4,-69,30.6,9.4,239,8.0,95,58.92453633678841,0,1021.6,21.46172283480155,4.68757493277103,60,,
2018,10,9,8,0,14.4,-55,42.7,9.8,358,12.0,4,118.0864263134775,0,1021.5,38.31779398368769,6.943183641315704,50,,
2018,10,9,9,0,15.6,-37,20.2,10.1,286,30.0,319,225.49840647198076,0,1021.1,49.890246843967645,8.148962046050928,41,,
2018,10,9,10,0,16,-15,15.1,10.1,260,93.0,434,358.81905448074053,0,1020.5,61.05472773457791,9.556298860059515,36,,
2018,10,9,11,0,16.3,10,35.6,10.2,471,273.0,62,556.3137476829385,0,1019.8,71.93174437197877,12.220029215180736,36,,
2018,10,9,12,0,16.5,34,19.9,10.3,274,684.0,348,799.3211342005986,0,1019.3,75.47718383530099,12.711077803650417,40,,
2018,10,9,13,0,16.5,52,0,10.5,115,787.0,557,832.7116164497636,0,1018.8,78.44072845808398,13.41191385353576,48,,
2018,10,9,14,0,16.5,67,0,10.7,108,808.0,406,772.7207561801259,0,1018.3,78.65879822973204,14.212580564366178,58,,
2018,10,9,15,0,16,78,0,10.9,88,776.0,236,638.6698276424096,0,1018.1,83.01596685182108,15.235605645969258,68,,
2018,10,9,16,0,14.9,88,6.4,11.1,66,714.0,54,458.2005303523952,0,1018.2,84.37362392628557,14.84152045119906,80,,
2018,10,9,17,0,13.8,98,0.2,11.4,6,588.0,2,246.59868397889852,0,1018.3,90.76542654245829,14.401187404380313,91,,
2018,10,9,18,0,12.9,109,0,11.2,0,162.0,0,28.658335885382566,0,1018.4,97.14416481310808,12.141626395285504,102,,
2018,10,9,19,0,12.3,120,0,10.6,0,0.0,0,0.0,0,1018.6,97.87626349859238,11.34703454105354,112,,
2018,10,9,20,0,11.6,133,0,9.9,0,0.0,0,0.0,0,1018.8,103.0526936151066,11.987206439141993,121,,
2018,10,9,21,0,11.1,149,0,9.6,0,0.0,0,0.0,0,1018.7,103.29656881290184,12.489849081650927,128,,
2018,10,9,22,0,10.9,168,0,9.5,0,0.0,0,0.0,0,1018.4,107.61130114425669,10.940248648090416,132,,
2018,10,9,23,0,10.6,-172,13.9,9.5,0,0.0,0,0.0,0,1018,108.5352649252264,9.877346176585268,133,,
2018,10,10,0,0,10.5,-152,0,9.5,0,0.0,0,0.0,0,1017.7,107.13087902881648,8.402825650734702,129,,
2018,10,10,1,0,10.6,-136,0.2,9.7,0,0.0,0,0.0,0,1017.3,107.10299082617894,7.854931786925133,123,,
2018,10,10,2,0,10.7,-122,38.2,9.8,0,0.0,0,0.0,0,1017,109.83696692361929,6.689416949320523,114,,
2018,10,10,3,0,10.9,-111,29.9,10,0,0.0,0,0.0,0,1016.8,116.35818989202863,6.19945152629297,104,,
2018,10,10,4,0,11.3,-100,8.5,10.3,2,0.0,0,0.0,0,1016.7,126.63041824830292,5.841115474976352,93,,
2018,10,10,5,0,11.6,-90,30.3,10.5,51,0.0,2,0.0,0,1016.6,135.78175831249564,5.5672577752092405,82,,
2018,10,10,6,0,12.6,-80,54.9,10.9,103,216.0,28,47.50753464095631,0,1016.4,146.0531719578001,5.439596961155445,70,,
2018,10,10,7,0,14,-69,0,11.3,146,533.0,312,221.91713622615876,0,1016.2,151.4091670845196,5.0623768567779095,59,,
2018,10,10,8,0,15.5,-55,1.6,11.8,189,703.0000000000001,425,428.39126985778233,0,1016.1,164.18597064983692,4.2563106933053065,49,,
2018,10,10,9,0,16.5,-38,21.1,12,394,801.0,195,619.892859167195,0,1015.6,181.5539789992849,4.609361247672562,41,,
2018,10,10,10,0,17.2,-15,3.4,12,256,868.0,526,771.0671714173607,0,1014.9,193.71540369442,3.690436349839039,36,,
2018,10,10,11,0,17.9,11,8,11.9,335,898.0,410,871.8865968521285,0,1014.2,210.54628701095783,3.074369598914372,36,,
2018,10,10,12,0,18.2,34,14.5,12.1,363,911.0,297,914.0638862102384,0,1013.4,220.43199838325185,3.531040565221518,40,,
2018,10,10,13,0,18.1,53,14.4,12.4,294,909.0,270,894.7308423708914,0,1012.7,232.2532973883736,3.471646731792969,48,,
2018,10,10,14,0,18.1,67,4,12.6,185,891.0,290,813.5339918946797,0,1011.9,234.27692564411404,3.639938101412497,57,,
2018,10,10,15,0,17.6,79,8.9,12.9,155,850.0,128,672.2096381844998,0,1011.4,233.09541968314204,3.226563091139474,68,,
2018,10,10,16,0,16.6,89,26.3,13,79,769.0,16,479.3681558273146,0,1011.1,255.26440292332867,2.9495500290095986,79,,
2018,10,10,17,0,15.7,99,1.6,13.2,7,597.0,1,250.15287444663505,0,1010.8,306.1041055151023,2.265094892375102,91,,
2018,10,10,18,0,14.8,109,0,13,0,168.0,0,30.796682577614067,0,1010.6,338.4514488819297,2.260010438152278,102,,
2018,10,10,19,0,14.1,120,0,12.5,0,0.0,0,0.0,0,1010.5,31.67386870277704,4.432423239644113,112,,
2018,10,10,20,0,13.3,133,0,12,0,0.0,0,0.0,0,1010.3,46.19533208624125,5.254898584523304,121,,
2018,10,10,21,0,12.7,149,0,11.6,0,0.0,0,0.0,0,1009.9,57.93461127946728,4.991464434153389,128,,
2018,10,10,22,0,12.2,168,0,11.2,0,0.0,0,0.0,0,1009.3,71.37463205942146,4.2975868675790565,132,,
2018,10,10,23,0,11.8,-172,0,10.8,0,0.0,0,0.0,0,1008.7,84.32106513441818,4.396578326380156,132,,
2018,10,11,0,0,11.3,-153,0,10.4,0,0.0,0,0.0,0,1008.1,93.89841733958934,3.971591983199176,129,,
2018,10,11,1,0,10.9,-136,0,10,0,0.0,0,0.0,0,1007.6,207.8460458810721,3.350353600928001,122,,
2018,10,11,2,0,10.5,-122,0,9.7,0,0.0,0,0.0,0,1007.1,220.2594894261088,1.7755671414458956,114,,
2018,10,11,3,0,10.5,-111,0,9.6,0,0.0,0,0.0,0,1006.9,185.08399795432817,1.410578719915006,103,,
2018,10,11,4,0,10.8,-101,0,9.7,3,0.0,1,0.0,0,1007,156.51921383252613,1.9135836566712747,93,,
2018,10,11,5,0,11,-91,6.6,9.7,52,0.0,53,0.0,0,1007.1,157.65309070992384,2.0380715048424727,81,,
2018,10,11,6,0,11.6,-81,37.9,9.8,145,163.0,36,46.493130639409536,0,1007.2,158.95712436866586,1.6848704195144986,70,,
2018,10,11,7,0,12.5,-69,51.5,9.8,248,444.0,0,208.27923525092515,0,1007.3,165.28922944843134,3.908137925732271,59,,
2018,10,11,8,0,13.4,-56,45.3,9.9,366,661.0,9,416.55507636707887,0,1007.4,151.48432915242677,3.1210578658579844,49,,
2018,10,11,9,0,14,-38,14.9,9.6,299,766.0,392,605.795578383518,0,1007.3,175.3428632956127,1.7560418769268176,41,,
2018,10,11,10,0,14.4,-15,15.1,9,306,815.0000000000001,442,754.8058158229644,0,1007,172.87670486533443,1.0080244743331606,36,,
2018,10,11,11,0,14.7,11,0,8.4,97,843.0,791,852.6528118055106,0,1006.7,178.12945018795926,0.6881108171489522,35,,
2018,10,11,12,0,14.7,34,0,8,90,870.0,743,900.5174520680993,0,1006.4,320.58260575653105,0.1614877202352354,40,,
2018,10,11,13,0,14.4,53,1,7.9,99,869.0,611,881.5968376755638,0,1006,275.1192483374981,1.398155162589943,47,,
2018,10,11,14,0,14,67,0.1,7.7,79,851.0,475,800.9689193394347,0,1005.7,289.35206155741207,3.704415784482256,57,,
2018,10,11,15,0,13.3,79,24.5,7.6,188,807.0,86,659.125014660217,0,1005.6,306.94458353553296,5.99341329497994,68,,
2018,10,11,16,0,12.4,89,42.4,7.6,85,729.0,0,469.93197399569897,0,1005.9,317.2283852963249,3.4053539619956754,79,,
2018,10,11,17,0,11.5,99,38.8,7.5,8,527.0,0,236.45978002783312,0,1006.1,310.89371481295507,2.8640913292265804,90,,
2018,10,11,18,0,10.9,109,44.2,7.5,0,158.0,0,31.32347064857413,0,1006.3,298.71726451050057,3.5120560226316884,101,,
2018,10,11,19,0,10.5,120,42.5,7.4,0,0.0,0,0.0,0,1006.4,273.1505699864737,3.5004078763628845,112,,
2018,10,11,20,0,10,134,45.8,7.4,0,0.0,0,0.0,0,1006.5,241.89790712229487,2.584745864366019,121,,
2018,10,11,21,0,9.8,150,45,7.3,0,0.0,0,0.0,0,1006.5,217.9436089438047,3.4682359228580584,128,,
2018,10,11,22,0,9.6,168,22.1,7.2,0,0.0,0,0.0,0,1006.4,208.1455180889355,6.444685841931808,132,,
2018,10,11,23,0,9.5,-172,0,7.1,0,0.0,0,0.0,0,1006.4,201.0734927599453,7.815158391703168,132,,
2018,10,12,0,0,9.4,-153,0,7,0,0.0,0,0.0,0,1006.2,199.0296499050766,8.457309388835437,129,,
2018,10,12,1,0,9.4,-136,0,6.8,0,0.0,0,0.0,0,1006,190.5438518728036,9.386020670954617,122,,
2018,10,12,2,0,9.3,-123,0,6.6,0,0.0,0,0.0,0,1005.9,202.37360512232408,9.438019116126464,113,,
2018,10,12,3,0,9.5,-111,0,6.6,0,0.0,0,0.0,0,1006,205.15282234784155,9.710847505872124,103,,
2018,10,12,4,0,9.7,-101,0,6.7,3,0.0,1,0.0,0,1006.4,205.30587547328548,10.5332445582037,92,,
2018,10,12,5,0,9.9,-91,2.6,6.9,48,0.0,66,0.0,0,1006.8,203.1591098378445,10.653679470561482,81,,
2018,10,12,6,0,10.7,-81,23.8,7,149,96.0,91,44.06551145784954,0,1007.2,203.89788098946607,10.59589754690938,70,,
2018,10,12,7,0,12,-70,24,7,214,213.0,186,167.4400204852812,0,1007.5,203.4245307935403,10.999018877338886,59,,
2018,10,12,8,0,13.3,-56,25.4,7,236,416.0,272,353.3139428951514,0,1007.8,205.1458548880624,12.325847567669843,49,,
2018,10,12,9,0,14,-38,10.9,6.8,219,682.0,508,582.0872539038132,0,1008.1,207.6745260739361,13.51622389420183,40,,
2018,10,12,10,0,14.2,-15,7.8,6.4,220,677.0,592,697.8002018495868,0,1008.2,210.6698968788658,13.698629657576337,35,,
2018,10,12,11,0,14.5,11,4.3,5.9,170,740.0,679,804.5011986499301,0,1008.3,210.89464973379427,13.12182853619643,35,,
2018,10,12,12,0,14.4,35,9,5.6,199,759.0,554,846.3895859791039,0,1008.5,210.41474593203688,12.523488697273374,39,,
2018,10,12,13,0,14.2,53,0,5.6,81,829.0000000000001,635,864.1435113290546,0,1008.7,208.53527191722463,12.487108843159566,47,,
2018,10,12,14,0,14,68,0,5.6,74,827.0000000000001,479,791.9848119739044,0,1009,209.8938022437113,11.592411452393904,57,,
2018,10,12,15,0,13.5,79,1.4,5.5,70,800.0,285,659.3460678801733,0,1009.5,210.9492787089226,11.598932023254802,68,,
2018,10,12,16,0,12.8,89,11.4,5.5,73,688.0,64,457.7508000981471,0,1010.2,207.63951662495936,11.51111393826058,79,,
2018,10,12,17,0,12.1,99,0.5,5.5,8,551.0,5,246.34316212069285,0,1011,205.3608025114455,11.008406076881576,90,,
2018,10,12,18,0,11.4,109,0,5.4,0,165.0,0,33.59803077599487,0,1011.8,200.2349269521485,10.018462357940148,101,,
2018,10,12,19,0,10.8,121,0,5.3,0,0.0,0,0.0,0,1012.7,195.07466209452213,10.938933428430742,111,,
2018,10,12,20,0,10.1,134,0,5.3,0,0.0,0,0.0,0,1013.5,196.68999784452816,11.447333785581318,120,,
2018,10,12,21,0,9.7,150,0,5.5,0,0.0,0,0.0,0,1014,198.20359965328765,11.739897108017036,127,,
2018,10,12,22,0,9.6,168,0,5.9,0,0.0,0,0.0,0,1014.2,203.606831249093,11.936397544024048,131,,
2018,10,12,23,0,9.4,-172,0,6.4,0,0.0,0,0.0,0,1014.4,204.8814874577249,12.14486436702961,132,,
2018,10,13,0,0,9.2,-153,0,6.8,0,0.0,0,0.0,0,1014.7,201.36030769661096,12.189881986980907,128,,
2018,10,13,1,0,9,-136,27.1,7.1,0,0.0,0,0.0,0,1015,195.6736418526744,13.094572904033605,122,,
2018,10,13,2,0,8.7,-123,59.1,7.3,0,0.0,0,0.0,0,1015.2,193.66653704169943,13.553914235509747,113,,
2018,10,13,3,0,8.8,-111,59,7.6,0,0.0,0,0.0,0,1015.6,191.2286860262476,13.236032992367392,103,,
2018,10,13,4,0,9.2,-101,50.6,7.9,3,0.0,0,0.0,0,1016.1,188.4576616349644,13.274489466050932,92,,
2018,10,13,5,0,9.6,-91,61,8.2,41,0.0,0,0.0,0,1016.6,187.4672898255386,13.580259118094055,81,,
2018,10,13,6,0,10.5,-81,41.3,8.7,166,138.0,20,49.39739700386089,0,1016.9,188.08572579882045,14.042185043940886,69,,
2018,10,13,7,0,11.8,-70,39.2,9.3,230,411.0,69,211.060880907927,0,1017.2,189.7187392834568,14.394327062351666,58,,
2018,10,13,8,0,13.2,-56,48.8,10,348,609.0,0,412.7449812254296,0,1017.5,196.0436544058593,15.35056862368136,48,,
2018,10,13,9,0,14,-38,41.6,9.9,443,715.0,24,597.9427897846311,0,1017.4,200.8781179531164,16.337870700092104,40,,
2018,10,13,10,0,14.1,-15,3.3,9.2,187,785.0,650,748.8701163476884,0,1017.1,206.284465738494,16.676921600861693,35,,
2018,10,13,11,0,14.3,11,0,8.4,128,826.0000000000001,745,850.5617668966402,0,1016.8,210.6240682470265,16.504558563884434,34,,
2018,10,13,12,0,14.4,35,0,8.1,115,844.0,703,894.1674514269882,0,1016.5,212.7259992162258,15.667081327945064,39,,
2018,10,13,13,0,14.4,54,0,8.2,104,845.0,602,876.0402202781971,0,1016.2,210.0383024829677,15.297232410358514,47,,
2018,10,13,14,0,14.4,68,0,8.4,92,843.0,454,803.6412534979672,0,1015.9,209.65971316918817,15.09549204920259,57,,
2018,10,13,15,0,14,80,0,8.6,75,808.0,278,666.9694807614037,0,1015.9,209.45364410318007,15.018753323294677,68,,
2018,10,13,16,0,13.4,90,0,8.9,49,735.0,104,479.50048533324224,0,1016.1,209.45364410318007,15.018753323294677,79,,
2018,10,13,17,0,12.8,100,0,9.2,8,583.0,6,257.7940494262332,0,1016.4,208.65022707355843,13.671449850828962,90,,
2018,10,13,18,0,12,110,0,9.2,0,207.0,0,38.77101886041648,0,1016.6,205.21007208887283,12.812933112011487,101,,
2018,10,13,19,0,11,121,0,8.8,0,0.0,0,0.0,0,1016.9,203.2916974714046,13.138354369492712,111,,
2018,10,13,20,0,10.1,134,0,8.3,0,0.0,0,0.0,0,1017.2,202.6766974657508,13.915853450432492,120,,
2018,10,13,21,0,9.6,150,0,8.1,0,0.0,0,0.0,0,1017.1,201.1696292473924,14.731713245700297,127,,
2018,10,13,22,0,9.6,169,0,8.1,0,0.0,0,0.0,0,1016.8,199.05557422080932,15.459704374510144,131,,
2018,10,13,23,0,9.6,-172,0,8.1,0,0.0,0,0.0,0,1016.5,199.28297456225724,15.216190469513029,131,,
2018,10,14,0,0,9.6,-153,0,8.2,0,0.0,0,0.0,0,1016.1,197.0254317212409,15.300681019645369,128,,
2018,10,14,1,0,9.6,-137,0,8.3,0,0.0,0,0.0,0,1015.6,196.2567701213653,15.47646487155645,121,,
2018,10,14,2,0,9.6,-123,0,8.3,0,0.0,0,0.0,0,1015.2,196.042497745228,14.999151245582029,113,,
2018,10,14,3,0,9.7,-112,0,8.5,0,0.0,0,0.0,0,1015,192.02064162550823,15.1855174603438,102,,
2018,10,14,4,0,10.1,-101,0.1,8.8,4,0.0,2,0.0,0,1014.9,191.01122874695287,14.685400664673066,92,,
2018,10,14,5,0,10.5,-91,52.7,9.2,50,0.0,1,0.0,0,1014.9,189.51466719552567,14.322023515307896,80,,
2018,10,14,6,0,11.5,-81,64.1,9.6,115,125.0,0,50.122367447335925,0,1014.9,188.5688461281848,14.09483296870831,69,,
2018,10,14,7,0,13,-70,60.2,10.1,207,374.0,0,207.2342869205784,0,1014.8,189.97152685786503,15.115791437708683,58,,
2018,10,14,8,0,14.6,-56,61.9,10.6,263,537.0,0,395.3314079828393,0,1014.7,191.95778933070977,14.829357907940574,48,,
2018,10,14,9,0,15.6,-38,59.3,10.9,331,611.0,0,562.0645046884522,0,1014.3,193.57179255256665,14.499855291532391,40,,
2018,10,14,10,0,16.1,-15,45.1,11,458,628.0,22,710.6578938608833,0,1013.6,195.72904619061595,14.165442679860517,34,,
2018,10,14,11,0,16.5,11,23,11.1,441,678.0,237,811.0754952711649,0,1012.9,199.26174653330472,13.156398529972147,34,,
2018,10,14,12,0,16.7,35,27.4,11.2,462,666.0,137,835.8331083583108,0,1012.2,202.73655304165985,11.65574833094632,39,,
2018,10,14,13,0,16.8,54,29.3,11.3,410,603.0,94,782.7511447998193,0,1011.5,202.10429850019764,12.03205637520819,47,,
2018,10,14,14,0,16.8,68,23.8,11.4,302,529.0,118,674.2097475107573,0,1010.9,204.2634358895756,11.723047104408067,56,,
2018,10,14,15,0,16.4,80,63.9,11.5,128,355.0,3,477.19196163356406,0,1010.6,202.6632961319123,11.470931781118168,67,,
2018,10,14,16,0,15.4,90,50,11.8,72,208.0,0,280.4202020144386,0,1010.5,201.8960649454594,12.019663993789257,79,,
2018,10,14,17,0,14.5,100,3.3,12,11,33.0,2,78.05841354067219,0,1010.3,197.79130337027613,11.896581426114077,90,,
2018,10,14,18,0,13.7,110,0,11.9,0,4.0,0,7.453453677813082,0,1010.3,195.5151552566454,12.290394562288192,101,,
2018,10,14,19,0,13,121,0,11.5,0,0.0,0,0.0,0,1010.3,190.5662841938717,13.524246773396843,111,,
2018,10,14,20,0,12.4,135,0,11.1,0,0.0,0,0.0,0,1010.4,189.8922923327953,14.071761504123694,120,,
2018,10,14,21,0,12.2,150,0,11,0,0.0,0,0.0,0,1009.9,189.07584388656304,14.929341033237035,127,,
2018,10,14,22,0,12.4,169,0,11.1,0,0.0,0,0.0,0,1009,188.35417884907253,15.19369336011365,131,,
2018,10,14,23,0,12.7,-172,0,11.2,0,0.0,0,0.0,0,1008.1,188.3290520640247,15.084149415198596,131,,
2018,10,15,0,0,13,-153,0,11.4,0,0.0,0,0.0,0,1007.3,188.35114075966243,15.044533784098208,127,,
2018,10,15,1,0,13.3,-137,5,11.6,0,0.0,0,0.0,0,1006.6,189.53222943076813,15.42810990392894,121,,
2018,10,15,2,0,13.7,-123,34.2,11.8,0,0.0,0,0.0,0,1005.9,188.0816401050122,14.776879731127387,112,,
2018,10,15,3,0,14.1,-112,28.8,12,0,0.0,0,0.0,0,1005.5,186.7815559739336,14.755825965182074,102,,
2018,10,15,4,0,14.6,-102,26.6,12,5,0.0,0,0.0,0,1005.5,186.7704997216725,14.589289573756304,91,,
2018,10,15,5,0,15.1,-92,16.9,12.1,69,0.0,40,0.0,0,1005.4,186.03671172010544,14.191243308045667,80,,
2018,10,15,6,0,16.2,-82,6.8,11.9,121,3.0,184,16.233468520222676,0,1005.3,186.1723684919701,13.880515115101918,69,,
2018,10,15,7,0,17.9,-70,2.1,11.6,117,14.0,398,78.78158487162662,0,1005.1,188.95934717350656,14.512020852395825,58,,
2018,10,15,8,0,19.6,-57,0,11.2,110,52.0,579,203.5088522368333,0,1004.9,188.82477031067737,13.623924462275612,48,,
2018,10,15,9,0,20.6,-39,2.4,10.7,152,119.0,640,354.5846927993809,0,1004.5,191.1089673838009,13.11836366679782,39,,
2018,10,15,10,0,20.8,-15,0.6,10,133,136.0,738,457.6565549888178,0,1003.9,189.44408796668225,12.737831652912266,34,,
2018,10,15,11,0,21.1,12,23.2,9.3,302,241.0,373,594.7225164419696,0,1003.4,192.9519883261516,12.469842850923138,34,,
2018,10,15,12,0,21,36,24.3,9,258,414.0,354,720.8433246663194,0,1002.9,195.300174821909,12.33489555080015,38,,
2018,10,15,13,0,20.6,54,5.9,9.1,183,329.0,480,646.4942807670841,0,1002.6,195.12315076886264,12.782790524881516,46,,
2018,10,15,14,0,20.1,69,38.1,9.2,252,123.0,92,423.5209579846871,0,1002.2,192.98043115726875,12.342990323121562,56,,
2018,10,15,15,0,19.3,80,84,9.3,64,30.0,0,213.12536866542413,0,1002.2,191.56095336984487,12.873979555819286,67,,
2018,10,15,16,0,18.2,90,72.7,9.5,36,11.0,0,100.34570149060602,0,1002.4,190.84692193867883,13.16539576086634,78,,
2018,10,15,17,0,17.1,100,64.6,9.7,7,31.0,0,79.54998894779409,0,1002.7,191.5985710469076,12.745364395958171,90,,
2018,10,15,18,0,16.2,110,39.2,10.1,0,13.0,0,14.51748986998015,0,1003.1,186.1862903224128,12.968094223171995,101,,
2018,10,15,19,0,15.6,122,42.5,10.6,0,0.0,0,0.0,0,1003.6,184.6608061290944,14.244613788151996,111,,
2018,10,15,20,0,14.9,135,60.4,11.1,0,0.0,0,0.0,0,1004.2,187.1401447246161,15.023980288090687,120,,
2018,10,15,21,0,14.8,151,80,11.2,0,0.0,0,0.0,0,1004.2,186.0482606128029,15.350585791891604,126,,
2018,10,15,22,0,15,169,66.2,11,0,0.0,0,0.0,0,1003.9,186.20129327773543,15.714511650685942,130,,
2018,10,15,23,0,15.3,-172,25.2,10.7,0,0.0,0,0.0,0,1003.6,188.3855782814772,15.068567680259044,131,,
2018,10,16,0,0,15.4,-153,59.1,10.6,0,0.0,0,0.0,0,1003.3,187.8986837140041,14.207299809700949,127,,
2018,10,16,1,0,15.3,-137,51.7,10.8,0,0.0,0,0.0,0,1003.2,185.17598786748457,14.215682210197055,121,,
2018,10,16,2,0,15.2,-123,43.5,10.9,0,0.0,0,0.0,0,1003,182.1985486959447,14.338191226852672,112,,
2018,10,16,3,0,15,-112,57.5,11.1,0,0.0,0,0.0,0,1003.1,181.73434699414244,14.04403127542252,102,,
2018,10,16,4,0,14.9,-102,68.9,11.3,3,0.0,0,0.0,0,1003.6,182.9154646508794,13.612834407527544,91,,
2018,10,16,5,0,14.8,-92,58.4,11.4,49,0.0,0,0.0,0,1004,183.88995871062787,14.150275420147082,80,,
2018,10,16,6,0,14.9,-82,72.2,11.5,81,47.0,0,46.88339392459866,0,1004.7,185.5968362165909,13.740552973086734,68,,
2018,10,16,7,0,15.3,-71,65.1,11.3,179,131.0,4,168.00280368739618,0,1005.5,186.0755651824446,12.661449214514093,57,,
2018,10,16,8,0,15.8,-57,33.5,11.2,317,46.0,140,204.0024689373029,0,1006.3,188.577809545498,13.291251117265336,47,,
2018,10,16,9,0,16,-39,7.6,10.6,237,39.0,520,263.9527307967349,0,1007,193.5411583773982,12.492531381040516,39,,
2018,10,16,10,0,16,-15,0,9.5,107,86.0,789,414.3576273726571,0,1007.4,197.2106355426886,12.285196058636378,34,,
2018,10,16,11,0,16.1,12,1.2,8.5,119,242.0,781,610.428550509213,0,1007.9,186.69873997644328,12.666549937229036,33,,
2018,10,16,12,0,15.9,36,11.6,7.8,262,190.0,496,586.75705742892,0,1008.2,189.84563234166825,13.186891993748496,38,,
2018,10,16,13,0,15.5,55,8.1,7.4,205,95.0,478,459.4198246870504,0,1008.5,192.131811527828,11.205579813284668,46,,
2018,10,16,14,0,15.1,69,2.8,7,113,15.0,452,220.33087410845383,0,1008.8,188.84432257459284,9.675098026996382,56,,
2018,10,16,15,0,14.4,81,0.3,6.8,70,6.0,312,120.84394010283556,0,1009.2,185.3327404883209,9.898065889724828,67,,
2018,10,16,16,0,13.5,91,0,7,48,14.0,125,114.84800121302656,0,1009.7,193.1131901082692,9.982974654185483,78,,
2018,10,16,17,0,12.6,101,0.3,7.1,10,90.0,8,123.01923683530796,0,1010.2,194.5241446889086,9.67945271931574,89,,
2018,10,16,18,0,11.5,111,0,7,0,9.0,0,12.0809390588823,0,1010.7,195.37645494594292,11.587384211425688,100,,
2018,10,16,19,0,10.4,122,14,6.7,0,0.0,0,0.0,0,1011.3,203.2457605157431,9.773645049650252,110,,
2018,10,16,20,0,9.2,135,38.6,6.4,0,0.0,0,0.0,0,1011.9,200.39019368526365,11.164646381675416,119,,
2018,10,16,21,0,8.7,151,0.5,6.3,0,0.0,0,0.0,0,1012.1,193.42057780390525,9.715249541258814,126,,
2018,10,16,22,0,8.8,169,0,6.4,0,0.0,0,0.0,0,1011.8,185.45603033290485,10.306704716341292,130,,
2018,10,16,23,0,8.9,-172,0,6.5,0,0.0,0,0.0,0,1011.4,197.20626457324772,9.515965162814965,130,,
2018,10,17,0,0,8.9,-153,0,6.5,0,0.0,0,0.0,0,1011.2,201.04648171260592,10.859450319426893,127,,
2018,10,17,1,0,8.9,-137,0,6.3,0,0.0,0,0.0,0,1011.1,213.75316949364125,9.345268470597937,120,,
2018,10,17,2,0,8.9,-124,0,6.2,0,0.0,0,0.0,0,1011,200.56433100030287,8.29883463215814,112,,
2018,10,17,3,0,9,-112,0,6.1,0,0.0,0,0.0,0,1011.1,200.71005331018063,8.48322785773468,102,,
2018,10,17,4,0,9.4,-102,3,6,7,0.0,1,0.0,0,1011.4,212.8677130761073,8.98284315235736,91,,
2018,10,17,5,0,9.7,-92,38.9,6,86,0.0,2,0.0,0,1011.8,210.9458395773735,8.167494907435945,80,,
2018,10,17,6,0,10.5,-82,23.8,6,161,4.0,110,20.34952798877698,0,1012,206.8855511086979,6.987712570430561,68,,
2018,10,17,7,0,11.7,-71,18.6,6,217,36.0,234,119.06141674287866,0,1012.1,211.7173395634622,6.4242997800979085,57,,
2018,10,17,8,0,12.8,-57,24.8,6,325,74.0,200,243.1131870455647,0,1012.3,215.46506908496136,5.218121159522759,47,,
2018,10,17,9,0,13.6,-39,36,6.5,368,67.0,155,321.4274541512372,0,1012.3,215.40810535703667,5.20814025584607,39,,
2018,10,17,10,0,14,-15,43.6,7.3,382,237.0,120,532.5214611322817,0,1012.3,215.77419663810377,5.589498603876248,33,,
2018,10,17,11,0,14.3,12,58,8.1,375,456.0,0,718.6699522114388,0,1012.2,214.5759244038884,6.017713154606018,33,,
2018,10,17,12,0,14.4,36,62.9,8.5,307,526.0,0,779.8409255990807,0,1012.4,218.7150655186748,6.167455713486521,38,,
2018,10,17,13,0,14.3,55,62.8,8.7,213,622.0,51,806.4678881780235,0,1012.6,220.7219372634692,6.514521887363091,46,,
2018,10,17,14,0,14.2,69,20.8,8.8,267,556.0,177,700.7509333520061,0,1012.9,227.50182385317572,6.442435182986237,56,,
2018,10,17,15,0,13.7,81,18.8,8.5,146,357.0,147,489.8282939493944,0,1013.4,234.47564609261576,6.346281176181125,67,,
2018,10,17,16,0,13,91,20.9,7.8,82,194.0,45,282.5061472256572,0,1014.1,231.9877578018292,5.711535551639271,78,,
2018,10,17,17,0,12.2,101,3.2,7.1,13,127.0,1,137.95196786670988,0,1014.9,233.1054282776035,5.4424321452858,89,,
2018,10,17,18,0,11.5,111,0,6.5,0,59.0,0,27.28568432733627,0,1015.6,222.6079900923072,4.616098549840372,100,,
2018,10,17,19,0,10.8,122,0,5.8,0,0.0,0,0.0,0,1016.3,212.6211285921184,7.24838698053568,110,,
2018,10,17,20,0,10.1,135,0,5.2,0,0.0,0,0.0,0,1017,212.41052657540888,6.950043640582886,119,,
2018,10,17,21,0,9.8,151,0,5.1,0,0.0,0,0.0,0,1017.4,215.4020041729441,6.244383162011196,126,,
2018,10,17,22,0,9.8,169,0,5.5,0,0.0,0,0.0,0,1017.5,214.86703322282324,6.078811317470325,130,,
2018,10,17,23,0,9.8,-172,0,5.8,0,0.0,0,0.0,0,1017.6,210.70051454662672,6.169617855821056,130,,
2018,10,18,0,0,9.7,-153,0,5.9,0,0.0,0,0.0,0,1017.8,207.8780285205523,6.046723129770445,126,,
2018,10,18,1,0,9.6,-137,0,5.8,0,0.0,0,0.0,0,1017.9,200.4786312363746,7.317421487817768,120,,
2018,10,18,2,0,9.4,-124,0,5.6,0,0.0,0,0.0,0,1018.1,202.4147959450553,6.936680547757477,111,,
2018,10,18,3,0,9.3,-112,0,5.4,0,0.0,0,0.0,0,1018.4,205.492352524344,7.173488892454441,101,,
2018,10,18,4,0,9.3,-102,3,5.3,8,0.0,2,0.0,0,1018.7,203.80775416726905,7.691894969069619,90,,
2018,10,18,5,0,9.2,-92,40.6,5.1,89,0.0,0,0.0,0,1019,205.5227115064216,7.496435514434656,79,,
2018,10,18,6,0,9.9,-82,29.5,5,214,5.0,41,21.46044407572941,0,1019.2,219.76837577907804,6.452297388536769,68,,
2018,10,18,7,0,11.3,-71,35.3,5.1,311,10.0,54,71.84070701795522,0,1019.4,273.9187108021509,5.380010027583608,57,,
2018,10,18,8,0,12.7,-57,9.1,5.1,206,13.0,462,129.04931903535015,0,1019.6,285.35756755709224,5.125401643971322,47,,
2018,10,18,9,0,13.4,-39,0.4,5.1,100,20.0,752,206.4479370513592,0,1019.6,277.2073992450347,6.6551244796013584,38,,
2018,10,18,10,0,13.4,-15,0,5,97,25.0,824,288.6102142574121,0,1019.4,279.520446524314,8.071127482029803,33,,
2018,10,18,11,0,13.5,12,0,5,99,36.0,825,358.6286985143279,0,1019.1,283.74032034094205,8.346273776345168,33,,
2018,10,18,12,0,13.5,37,0,5,96,37.0,770,370.55616742746713,0,1018.8,286.19368830066963,7.638003193968989,37,,
2018,10,18,13,0,13.4,56,0,5.2,88,34.0,662,339.28578777308803,0,1018.4,290.7941557599296,8.11345611075277,45,,
2018,10,18,14,0,13.4,70,0,5.3,78,32.0,508,290.3732023882687,0,1017.9,313.7106929974431,7.695359813719009,56,,
2018,10,18,15,0,13,81,0,5.4,66,25.0,322,210.1718154415276,0,1017.7,333.7047359092851,8.092515803466913,66,,
2018,10,18,16,0,12.1,91,0.2,5.5,46,23.0,134,141.39519753699636,0,1017.6,334.95460144608165,7.381838977549159,78,,
2018,10,18,17,0,11.3,101,0.1,5.6,10,19.0,12,71.0389013944408,0,1017.4,342.06309562528054,7.362996277493074,89,,
2018,10,18,18,0,10.3,111,0,5.5,0,6.0,0,11.76125094124748,0,1017.5,346.99268854834287,7.020217178448134,100,,
2018,10,18,19,0,9,123,0,5.1,0,0.0,0,0.0,0,1017.6,349.6113003015233,7.251440829945645,110,,
2018,10,18,20,0,7.7,136,0,4.8,0,0.0,0,0.0,0,1017.7,350.5642675015238,6.8324322809087015,119,,
2018,10,18,21,0,7.2,151,0,4.8,0,0.0,0,0.0,0,1017.6,344.0810947053488,5.0772775793921685,125,,
2018,10,18,22,0,7.4,169,0,5.1,0,0.0,0,0.0,0,1017.2,333.22856053976346,4.6678221867109615,129,,
2018,10,18,23,0,7.6,-172,0,5.4,0,0.0,0,0.0,0,1016.8,326.969203259412,3.5544605559960107,129,,
2018,10,19,0,0,7.6,-153,0,5.4,0,0.0,0,0.0,0,1016.4,301.95713085262184,3.2265508434463794,126,,
2018,10,19,1,0,7.5,-137,0,5.2,0,0.0,0,0.0,0,1016,314.98137328429954,4.248165183338186,120,,
2018,10,19,2,0,7.4,-124,0,4.9,0,0.0,0,0.0,0,1015.5,321.8204366554157,5.909112009806072,111,,
2018,10,19,3,0,7.5,-113,0,4.9,0,0.0,0,0.0,0,1015.3,321.30504800988484,6.278331296729897,101,,
2018,10,19,4,0,7.9,-102,1.3,4.9,9,0.0,4,0.0,0,1015.4,320.2818132101445,5.492869810912335,90,,
2018,10,19,5,0,8.3,-93,4.4,5,58,1.0,93,1.0,0,1015.5,319.04481844468614,5.389230531200344,79,,
2018,10,19,6,0,9.3,-83,0,5.3,81,38.0,279,49.67620617445875,0,1015.5,315.432318512992,5.147904624626415,68,,
2018,10,19,7,0,10.9,-72,0,5.9,99,135.0,461,179.95953734677468,0,1015.4,304.64805331409855,4.564320090187033,57,,
2018,10,19,8,0,12.6,-58,3.6,6.5,168,158.0,536,306.1973278380965,0,1015.3,292.2607848569749,4.303138142540059,46,,
2018,10,19,9,0,13.6,-39,2.7,6.6,164,206.0,667,444.0386100121866,0,1014.9,278.1684786240455,5.154837212494386,38,,
2018,10,19,10,0,14.1,-15,0,6.5,119,529.0,802,680.7716434017262,0,1014.1,274.89009885201074,7.12848645372101,33,,
2018,10,19,11,0,14.6,12,0,6.3,112,704.0,813,837.8721720633434,0,1013.4,276.5495274672536,7.32023550540652,32,,
2018,10,19,12,0,14.9,37,0,6.4,105,782.0,761,907.528908217218,0,1012.8,254.66037067830405,7.476306783354952,37,,
2018,10,19,13,0,15.1,56,0,6.7,93,640.0,657,813.4620145819431,0,1012.2,248.6104598833952,9.93949097655951,45,,
2018,10,19,14,0,15.2,70,0.2,7.1,84,520.0,501,681.6672948197995,0,1011.7,244.45743776261963,9.079794436409136,55,,
2018,10,19,15,0,14.7,82,6.9,7.5,103,717.0,264,663.0101192256864,0,1011.3,230.58503028333843,9.28063880629087,66,,
2018,10,19,16,0,13.6,92,7,8,73,638.0,92,475.09013129535657,0,1011.1,222.8287077912468,9.568693910081794,78,,
2018,10,19,17,0,12.5,102,0.3,8.5,12,112.0,11,131.9618818598913,0,1010.8,208.9939968618435,10.289589074055923,89,,
2018,10,19,18,0,11.3,112,0,8.6,0,7.0,0,10.91189631625574,0,1010.7,202.591106429385,11.486592492607896,100,,
2018,10,19,19,0,10.2,123,0,8.3,0,0.0,0,0.0,0,1010.6,200.29031881504537,13.012538092774582,110,,
2018,10,19,20,0,9,136,0,8,0,0.0,0,0.0,0,1010.4,198.57376459141915,14.30772711993008,118,,
2018,10,19,21,0,8.6,152,0,7.9,0,0.0,0,0.0,0,1010,198.30033702987944,14.45881334693443,125,,
2018,10,19,22,0,9,169,10.1,8,0,0.0,0,0.0,0,1009.3,202.1129266714333,12.69107666949657,129,,
2018,10,19,23,0,9.4,-172,22.8,8.1,0,0.0,0,0.0,0,1008.6,204.5693151294944,12.716287859638433,129,,
2018,10,20,0,0,9.7,-153,7.3,8.2,0,0.0,0,0.0,0,1007.9,207.570166371045,11.278265468455146,126,,
2018,10,20,1,0,10.1,-138,15.8,8.3,0,0.0,0,0.0,0,1007.2,225.1832749548761,8.257274776191387,119,,
2018,10,20,2,0,10.4,-124,37.5,8.4,0,0.0,0,0.0,0,1006.5,275.8350573576674,4.920514242591786,111,,
2018,10,20,3,0,10.9,-113,41.4,8.6,0,0.0,0,0.0,0,1006.1,18.21464471091156,10.501294547273597,101,,
2018,10,20,4,0,11.5,-103,31.8,9.1,7,0.0,0,0.0,0,1005.9,32.38316146812258,9.396324614659562,90,,
2018,10,20,5,0,12.1,-93,75.6,9.6,35,0.0,0,1.0,0,1005.7,21.96999053137677,7.1032401181721765,79,,
2018,10,20,6,0,12.9,-83,86.3,10.1,45,4.0,0,19.40535597389382,0,1005.6,17.178497029214782,6.74601289648785,67,,
2018,10,20,7,0,13.9,-72,69.6,10.6,161,17.0,0,88.98163070293316,0,1005.5,16.119234481370313,7.239699647275526,56,,
2018,10,20,8,0,15,-58,62.8,11.2,247,22.0,0,156.4236127162736,0,1005.5,10.179710811871644,7.228783912493391,46,,
2018,10,20,9,0,15.7,-40,72.3,11.9,221,329.0,0,489.3790442398952,0,1005.1,9.648847397278132,9.456283070190654,38,,
2018,10,20,10,0,16,-15,83.3,12.9,142,675.0,0,732.4797241474989,0,1004.4,14.191128969644636,9.615956854463418,32,,
2018,10,20,11,0,16.2,12,70.5,13.9,252,553.0,0,748.9688178232585,0,1003.7,20.43889215879813,10.21563328158888,32,,
2018,10,20,12,0,16.6,37,73.6,14.4,208,536.0,0,766.651338798395,0,1002.9,23.33689179978137,10.42539568831653,37,,
2018,10,20,13,0,17,56,64,14.4,246,648.0,0,804.1615272009818,0,1002,27.568643818717987,10.72811183311928,45,,
2018,10,20,14,0,17.5,71,73.1,14.4,143,776.0,0,799.8062186193421,0,1001.1,31.43103772263408,10.360265915018912,55,,
2018,10,20,15,0,17.4,82,58.2,14.1,144,809.0,0,697.270539908161,0,1000.5,33.697696452238006,10.679400832954864,66,,
2018,10,20,16,0,16.9,92,61.3,13.4,70,721.0,0,502.719343672748,0,1000.1,40.36064160228403,10.535122535773262,77,,
2018,10,20,17,0,16.4,102,40.6,12.7,9,583.0,0,283.0880147040406,0,999.7,43.27297143407708,9.737844892718316,89,,
2018,10,20,18,0,16.1,112,47.6,12.3,0,338.0,0,69.18145611893505,0,999.6,43.81550378428972,8.384528738994574,99,,
2018,10,20,19,0,16.1,123,53.8,12,0,0.0,0,0.0,0,999.8,43.99694684299453,7.169359073356847,109,,
2018,10,20,20,0,16,136,63.3,11.8,0,0.0,0,0.0,0,999.9,45.09189975422959,6.565432760591708,118,,
2018,10,20,21,0,15.6,152,60.1,11.9,0,0.0,0,0.0,0,999.8,50.545660189795456,5.853952390905633,125,,
2018,10,20,22,0,15,170,54.5,12.3,0,0.0,0,0.0,0,999.5,50.52210638079788,5.143315576398874,128,,
2018,10,20,23,0,14.4,-172,32.7,12.6,0,0.0,0,0.0,0,999.2,40.90678436529117,5.100692260031351,129,,
2018,10,21,0,0,13.9,-154,42.3,12.7,0,0.0,0,0.0,0,999.1,35.85452913158423,5.450269875275272,125,,
2018,10,21,1,0,13.5,-138,45.7,12.6,0,0.0,0,0.0,0,999.3,30.691855391493,5.064373399700584,119,,
2018,10,21,2,0,13,-125,39,12.4,0,0.0,0,0.0,0,999.4,30.627397817003214,4.750039978862969,110,,
2018,10,21,3,0,12.6,-113,41.6,12.1,0,0.0,0,0.0,0,999.9,35.532018726003685,4.310159359008265,100,,
2018,10,21,4,0,12.3,-103,41.4,11.7,8,0.0,0,0.0,0,1000.7,39.37201559365758,4.110364098687245,90,,
2018,10,21,5,0,11.9,-93,36.2,11.2,70,2.0,25,1.0000000000000002,0,1001.4,33.6603112162619,4.172169421375894,78,,
2018,10,21,6,0,12.1,-83,8,10.9,126,62.0,188,54.564299974392966,0,1002,28.92334400864155,4.181757049151402,67,,
2018,10,21,7,0,13,-72,23.9,10.6,233,184.0,162,184.7238982680552,0,1002.2,27.233928074769835,3.151891446665423,56,,
2018,10,21,8,0,13.8,-58,26.5,10.2,250,311.0,281,350.6338320115409,0,1002.5,22.38750936778331,2.579423253869968,46,,
2018,10,21,9,0,14.5,-40,0,9.5,141,669.0,698,616.2708977613353,0,1002.8,11.448358203952978,2.833972607515224,37,,
2018,10,21,10,0,15,-15,0,8.4,131,574.0000000000001,781,702.6118877375291,0,1003.2,1.107612141924335,3.2332701431487,32,,
2018,10,21,11,0,15.5,13,0,7.3,118,361.0,806,664.8339233282187,0,1003.7,357.4255873615875,4.174379097287845,32,,
2018,10,21,12,0,15.7,38,0,6.6,103,597.0,768,814.9818646359653,0,1004.2,351.1312881236589,5.675521398320648,36,,
2018,10,21,13,0,15.5,57,1.2,6.4,111,350.0,636,654.448279013497,0,1004.8,354.492273834332,7.162952266348206,45,,
2018,10,21,14,0,15.4,71,73.7,6.1,133,506.0,32,675.0261528610747,0,1005.4,1.1544379138127852,7.319112579622604,55,,
2018,10,21,15,0,14.8,82,94.1,6,22,396.0,1,511.7821313591406,0,1006.2,3.8969154614335935,7.357097949742124,66,,
2018,10,21,16,0,14,92,73.3,6.1,25,458.0,30,407.1962493021574,0,1007.3,4.930650587318041,7.533003136074731,77,,
2018,10,21,17,0,13.1,102,13,6.2,14,293.0,1,202.98115164887463,0,1008.3,8.910749007726338,7.0044599357840855,88,,
2018,10,21,18,0,12.2,112,0,6.1,0,124.0,0,41.998015239426536,0,1009.1,16.118662464494832,6.320995850276988,99,,
2018,10,21,19,0,11.3,123,0,5.9,0,0.0,0,0.0,0,1009.8,18.12441899099992,5.384597958350541,109,,
2018,10,21,20,0,10.5,137,0,5.6,0,0.0,0,0.0,0,1010.4,11.48852457759068,4.393195136510732,118,,
2018,10,21,21,0,10,152,0,5.5,0,0.0,0,0.0,0,1010.7,5.180652572459735,4.596413313905653,124,,
2018,10,21,22,0,10,170,0,5.8,0,0.0,0,0.0,0,1010.8,1.9169149924283035,4.262395069083682,128,,
2018,10,21,23,0,9.9,-172,0,6,0,0.0,0,0.0,0,1010.9,358.20312767421,4.142173535105082,128,,
2018,10,22,0,0,9.7,-154,0,6,0,0.0,0,0.0,0,1010.9,356.98309837599913,3.752759720673137,125,,
2018,10,22,1,0,9.6,-138,19.2,6,0,0.0,0,0.0,0,1011,337.8834905117309,2.6956606653880284,119,,
2018,10,22,2,0,9.4,-125,42.5,5.9,0,0.0,0,0.0,0,1011.1,298.9377254742176,3.0223747179493583,110,,
2018,10,22,3,0,9.3,-113,42.9,5.8,0,0.0,0,0.0,0,1011.3,279.2630237691632,4.177027859719785,100,,
2018,10,22,4,0,9.4,-103,35.9,5.8,9,0.0,0,0.0,0,1011.7,265.9770655262396,5.310447969739723,89,,
2018,10,22,5,0,9.5,-94,58.8,5.8,67,6.0,0,2.0000000000000004,0,1012,254.94983049490392,6.267471864155572,78,,
2018,10,22,6,0,10,-84,59.5,5.7,149,107.0,0,67.80741887607874,0,1012.2,248.5480354131813,7.47800330426882,67,,
2018,10,22,7,0,11,-72,50.7,5.6,275,110.0,1,165.18847660318949,0,1012.3,247.5360826719064,7.58296078030554,56,,
2018,10,22,8,0,12,-59,33.6,5.6,428,103.0,53,258.642590015494,0,1012.3,250.75256280955065,9.032468881820048,45,,
2018,10,22,9,0,12.6,-40,45.7,5.2,402,98.0,68,342.5206298192234,0,1012.2,257.8050104019678,9.172061226171085,37,,
2018,10,22,10,0,13,-15,36.6,4.7,477,328.0,112,582.9350871632082,0,1012,258.2329754714177,9.476742386584752,32,,
2018,10,22,11,0,13.3,13,31.6,4.1,464,787.0,176,879.4373314448397,0,1011.8,261.9236713379721,9.307400686603588,31,,
2018,10,22,12,0,13.4,38,36.8,3.8,455,671.0,98,851.9188725706265,0,1011.6,259.0661128404008,8.87099882383299,36,,
2018,10,22,13,0,13.3,57,23.5,3.9,298,184.0,277,532.3516419857772,0,1011.4,254.6249430950181,9.881227949770526,44,,
2018,10,22,14,0,13.2,71,0,4,81,168.0,517,458.99473221093655,0,1011.2,258.34415322650506,8.83477155580063,55,,
2018,10,22,15,0,12.8,83,0.9,4.2,77,782.0,320,697.349598965402,0,1011.3,251.3564854453845,8.250310462109606,66,,
2018,10,22,16,0,12.2,93,0.4,4.4,50,693.0000000000001,142,502.9650547289039,0,1011.6,244.7176676633992,7.545235536727474,77,,
2018,10,22,17,0,11.5,102,0.4,4.7,13,434.0,14,248.57648637191627,0,1011.9,232.5112197150796,7.694003525375419,88,,
2018,10,22,18,0,10.7,113,0,4.9,0,137.0,0,44.24764630562896,0,1012.3,236.73795490817184,7.1425737397136375,99,,
2018,10,22,19,0,9.9,124,0,4.9,0,0.0,0,0.0,0,1012.7,241.931354077685,6.640940961613829,109,,
2018,10,22,20,0,9.1,137,0,5,0,0.0,0,0.0,0,1013.1,273.7723926731507,4.21910252687672,118,,
2018,10,22,21,0,8.7,152,0,5.2,0,0.0,0,0.0,0,1013.2,340.0675171337079,2.6912485306235703,124,,
2018,10,22,22,0,8.5,170,0,5.4,0,0.0,0,0.0,0,1013.1,20.36270436559392,2.7012770515757283,128,,
2018,10,22,23,0,8.4,-172,0,5.6,0,0.0,0,0.0,0,1013,25.775830933469194,4.542007233015102,128,,
2018,10,23,0,0,8.2,-154,0,5.7,0,0.0,0,0.0,0,1012.9,22.90672636481611,5.311439767393482,125,,
2018,10,23,1,0,8,-138,0,5.7,0,0.0,0,0.0,0,1013,351.02178627839163,5.206367833886549,118,,
2018,10,23,2,0,7.8,-125,0,5.6,0,0.0,0,0.0,0,1013,347.3660745373723,6.264221762014434,110,,
2018,10,23,3,0,7.9,-114,0,5.6,0,0.0,0,0.0,0,1013.2,340.8682798408497,6.17091234642957,100,,
2018,10,23,4,0,8.3,-103,1.4,5.7,11,0.0,9,0.0,0,1013.6,345.5974442443053,5.779287304085519,89,,
2018,10,23,5,0,8.7,-94,0.6,5.9,45,3.0,133,2.0,0,1013.9,348.9689558055382,6.767618991128418,78,,
2018,10,23,6,0,9.7,-84,0,5.8,63,89.0,323,65.21345341426881,0,1014.1,355.4649253056762,6.891694277885259,67,,
2018,10,23,7,0,11.1,-73,0,5.6,75,292.0,510,223.3339132219052,0,1014.1,342.02634070203845,6.683847949814019,55,,
2018,10,23,8,0,12.6,-59,3.3,5.4,133,655.0,593,473.28605409633815,0,1014.1,355.12995365084754,8.36271046201162,45,,
2018,10,23,9,0,13.4,-40,1.2,5.3,110,686.0,753,636.1835999024354,0,1013.9,356.2805329365212,10.326928062161809,37,,
2018,10,23,10,0,13.7,-16,0.1,5.2,95,696.0000000000001,841,749.631820923526,0,1013.5,356.6482258830668,11.07411925256022,31,,
2018,10,23,11,0,14,13,0,5.1,92,667.0,846,812.2017041588778,0,1013.1,2.0158244287449065,12.437628666293689,31,,
2018,10,23,12,0,14.2,38,0,5.1,82,640.0,799,827.0499102671552,0,1012.8,9.96560823263684,11.455310631202998,36,,
2018,10,23,13,0,14.1,57,0,5.2,75,726.0,689,851.1230174022656,0,1012.6,12.25900761549417,12.574320617054584,44,,
2018,10,23,14,0,14,72,0,5.4,68,776.0,532,807.7331320418389,0,1012.3,16.427939626741136,13.13637465140612,54,,
2018,10,23,15,0,13.6,83,0,5.6,59,808.0,345,705.8878664441324,0,1012.3,22.82821720868884,13.603098504872966,65,,
2018,10,23,16,0,12.8,93,0,5.8,43,735.0,154,516.5580746552764,0,1012.3,26.924640459712407,13.360878479441,77,,
2018,10,23,17,0,11.9,103,0,6,12,563.0,18,286.07461043228585,0,1012.4,26.52121538063301,13.129151216881436,88,,
2018,10,23,18,0,11,113,0,6.1,0,316.0,0,72.47595023265853,0,1012.6,26.805730872565448,11.436474939177844,99,,
2018,10,23,19,0,9.9,124,0,5.9,0,0.0,0,0.0,0,1012.9,26.577623622871727,9.951485386515388,109,,
2018,10,23,20,0,8.8,137,0,5.8,0,0.0,0,0.0,0,1013.2,30.462228244883192,9.408874997727327,117,,
2018,10,23,21,0,8.3,152,0,5.9,0,0.0,0,0.0,0,1013.2,31.745558845737094,8.828351438200826,124,,
2018,10,23,22,0,8.3,170,0,6.2,0,0.0,0,0.0,0,1012.9,32.896130053680395,8.717931582551708,127,,
2018,10,23,23,0,8.3,-172,0,6.5,0,0.0,0,0.0,0,1012.6,31.85065429772368,8.423364942744456,128,,
2018,10,24,0,0,8.2,-154,0,6.6,0,0.0,0,0.0,0,1012.4,34.62958108959947,8.081616578634929,124,,
2018,10,24,1,0,8.2,-138,0,6.5,0,0.0,0,0.0,0,1012.4,36.29429533551684,7.5094121445504305,118,,
2018,10,24,2,0,8.2,-125,0,6.5,0,0.0,0,0.0,0,1012.5,33.62176452460443,7.043248450828698,109,,
2018,10,24,3,0,8.4,-114,0,6.4,0,0.0,0,0.0,0,1012.6,35.152664351009776,6.812532219241886,100,,
2018,10,24,4,0,8.8,-104,1.5,6.4,13,0.0,8,0.0,0,1012.7,37.31637121302151,6.610796412578802,89,,
2018,10,24,5,0,9.3,-94,0.9,6.4,55,15.0,121,3.000000000000001,0,1012.8,43.65435730306882,6.167651336793984,78,,
2018,10,24,6,0,10.2,-84,20,6.3,192,266.0,107,88.68000933672906,0,1012.9,48.31007783786163,5.480416355439991,66,,
2018,10,24,7,0,11.6,-73,44.3,6.1,327,519.0,0,271.933936622626,0,1012.8,45.52469539682045,3.864562752592633,55,,
2018,10,24,8,0,12.9,-59,32.9,5.9,394,642.0,114,466.4637625022356,0,1012.8,55.97908251905227,2.4038989235881334,45,,
2018,10,24,9,0,13.7,-41,10.8,5.7,295,746.0,481,655.3862429383117,0,1012.6,64.37767082395862,3.862216544321046,36,,
2018,10,24,10,0,13.9,-16,16.6,5.7,403,820.0000000000001,370,815.9408113148011,0,1012.2,63.99464675900765,3.666103550990074,31,,
2018,10,24,11,0,14.1,13,3,5.6,212,864.0,682,920.4003791914686,0,1011.9,59.84865830732628,3.4490760782355947,31,,
2018,10,24,12,0,14.2,39,15.1,5.7,332,855.0,399,949.4292619886222,0,1011.5,51.38416393951246,3.577051259813316,36,,
2018,10,24,13,0,14.2,58,11.4,5.9,306,749.0,346,872.802893682777,0,1011.1,36.99905625698,4.851965452896745,44,,
2018,10,24,14,0,14.2,72,0,6.2,145,887.0,428,873.5246393533762,0,1010.7,36.3183233646152,5.45767476814228,54,,
2018,10,24,15,0,13.8,83,0,6.5,103,864.0,284,739.5086938305184,0,1010.5,43.01808769537462,5.470920676904256,65,,
2018,10,24,16,0,13.1,93,4,6.8,72,804.0,108,550.2775933430454,0,1010.3,43.89057643008459,6.678197437977046,77,,
2018,10,24,17,0,12.4,103,5.6,7.1,21,683.0,3,325.3689420011631,0,1010.2,38.057983964728976,5.953232971974431,88,,
2018,10,24,18,0,11.3,113,0,7.2,0,344.0,0,79.68233873492662,0,1010.3,39.68051901956397,5.986644907001501,98,,
2018,10,24,19,0,9.9,124,0,6.9,0,0.0,0,0.0,0,1010.5,42.84292280860944,6.430320384140361,108,,
2018,10,24,20,0,8.5,137,0,6.6,0,0.0,0,0.0,0,1010.8,57.56189869723863,5.900650619743754,117,,
2018,10,24,21,0,7.9,153,0,6.4,0,0.0,0,0.0,0,1010.7,75.23649100972546,5.53275673489934,123,,
2018,10,24,22,0,8.1,170,0,6.4,0,0.0,0,0.0,0,1010.3,90.32094162343536,4.925126094946664,127,,
2018,10,24,23,0,8.4,-172,0,6.4,0,0.0,0,0.0,0,1010,93.60190186133993,4.538995430429499,127,,
2018,10,25,0,0,8.5,-154,0,6.5,0,0.0,0,0.0,0,1009.5,87.81929321680661,4.273114179971612,124,,
2018,10,25,1,0,8.7,-139,0,6.9,0,0.0,0,0.0,0,1008.9,176.91170662708294,3.339811349455068,118,,
2018,10,25,2,0,8.8,-125,1.1,7.2,0,0.0,0,0.0,0,1008.3,224.55453821696813,3.8413839190991736,109,,
2018,10,25,3,0,9.3,-114,0,7.7,0,0.0,0,0.0,0,1007.9,260.8055819221682,4.583795700448784,99,,
2018,10,25,4,0,10,-104,14,8.2,13,0.0,0,0.0,0,1007.7,275.0203750315465,3.97276046451196,89,,
2018,10,25,5,0,10.8,-94,57.8,8.7,70,5.0,0,3.0000000000000004,0,1007.5,285.399961790931,2.7019939923032585,77,,
2018,10,25,6,0,12,-84,72,9.2,96,22.0,0,43.71407182864382,0,1007.2,293.0056761601152,1.6566631593545569,66,,
2018,10,25,7,0,13.5,-73,53.3,9.8,263,104.0,3,164.67176669796143,0,1006.7,237.896374588792,2.3846623103876325,55,,
2018,10,25,8,0,15.1,-59,38.6,10.3,366,366.0,69,383.66630850592696,0,1006.3,227.13335906364307,0.4776626770166149,45,,
2018,10,25,9,0,16.2,-41,38.3,10.6,447,252.0,53,451.50597618181786,0,1005.6,269.15114718085823,1.1700502812348827,36,,
2018,10,25,10,0,16.7,-16,60.5,10.7,341,143.0,0,480.97930811513385,0,1004.6,313.98489861202074,2.4946001864691727,30,,
2018,10,25,11,0,17.3,13,53.4,10.9,401,124.0,0,509.92406647261424,0,1003.7,339.3819186540736,4.855953177042525,30,,
2018,10,25,12,0,17.5,39,70.8,11.1,239,28.0,0,329.49462442381594,0,1002.8,348.70018580714344,5.422496309327505,35,,
2018,10,25,13,0,17.6,58,91.3,11.3,62,138.0,0,513.7255821376889,0,1002.1,352.1826284542779,7.976718348102418,44,,
2018,10,25,14,0,17.6,72,74.5,11.6,130,513.0,0,703.4173436956606,0,1001.3,7.656700509913833,8.31165410161973,54,,
2018,10,25,15,0,17.2,84,56.2,11.9,151,371.0,10,519.7785531830953,0,1000.9,14.063500114840052,8.837392837246988,65,,
2018,10,25,16,0,16.5,94,50.9,12.3,81,161.0,0,281.2492770110728,0,1000.6,20.74831801137992,9.477185941914843,76,,
2018,10,25,17,0,15.7,103,26.6,12.7,14,73.0,0,123.8577085349183,0,1000.4,21.019378669308708,9.360397489989252,88,,
2018,10,25,18,0,14.8,113,30.6,12.6,0,72.0,0,38.85445787891055,0,1000.3,20.23654614390404,8.275732145449158,98,,
2018,10,25,19,0,13.9,125,37.5,12.2,0,0.0,0,0.0,0,1000.4,19.161986983768657,7.593320269258038,108,,
2018,10,25,20,0,12.9,137,43.9,11.7,0,0.0,0,0.0,0,1000.5,14.449198714264924,7.394035056706428,117,,
2018,10,25,21,0,12.5,153,45.7,11.4,0,0.0,0,0.0,0,1000.3,11.74453437710872,8.14288425396228,123,,
2018,10,25,22,0,12.6,170,16.7,11.4,0,0.0,0,0.0,0,1000,2.030370109818705,7.834997031309275,127,,
2018,10,25,23,0,12.8,-172,0,11.4,0,0.0,0,0.0,0,999.6,4.425315824937172,8.74873836481678,127,,
2018,10,26,0,0,12.7,-154,0,11.3,0,0.0,0,0.0,0,999.6,19.508114321692343,9.163488492037738,124,,
2018,10,26,1,0,12.5,-139,0,11.1,0,0.0,0,0.0,0,1000,31.062660796087982,7.955770925525678,117,,
2018,10,26,2,0,12.3,-126,0,10.9,0,0.0,0,0.0,0,1000.4,37.393595635395,6.891401147705376,109,,
2018,10,26,3,0,12.2,-114,0,10.5,0,0.0,0,0.0,0,1001.4,40.57328932405994,6.826266352227545,99,,
2018,10,26,4,0,12.1,-104,3.6,10,17,0.0,1,0.0,0,1002.9,44.78422028342163,6.60086099181633,88,,
2018,10,26,5,0,12,-95,12.5,9.4,99,4.0,48,3.0000000000000004,0,1004.4,45.4498201685542,6.970637305396003,77,,
2018,10,26,6,0,12.4,-85,2,8.4,110,47.0,258,61.99546133773184,0,1005.8,44.21640088385448,6.854363268107133,66,,
2018,10,26,7,0,13.2,-74,0,6.8,105,185.0,474,207.8554264523964,0,1007,42.76775200048695,6.218316015119557,55,,
2018,10,26,8,0,14,-60,0,5.3,100,475.0,656,438.2394472742061,0,1008.2,39.2785233249441,8.1387822926636,44,,
2018,10,26,9,0,14.4,-41,0.8,4.4,109,580.0,769,619.331813169192,0,1009.3,38.28992557908544,9.727547990135966,36,,
2018,10,26,10,0,14.5,-16,1.7,4.1,125,636.0,814,752.1925275779292,0,1010.2,38.66003234146132,9.748849684764073,30,,
2018,10,26,11,0,14.5,14,0,3.9,88,533.0,873,777.6234810140622,0,1011.1,39.39240974807831,9.497826384036976,30,,
2018,10,26,12,0,14.6,39,0,3.8,85,339.0,818,692.5438839004078,0,1011.9,35.667194856807384,9.265664324106073,35,,
2018,10,26,13,0,14.7,59,0,3.8,82,826.0000000000001,702,934.9868418234872,0,1012.7,31.66155909462356,9.578169413427837,43,,
2018,10,26,14,0,14.8,73,0.1,3.8,79,813.0,539,854.4667499914069,0,1013.5,32.47706541151962,11.690935767151894,54,,
2018,10,26,15,0,14.5,84,3,4,99,773.0,305,713.5037261934538,0,1014.5,40.138702302843456,8.865547203230895,65,,
2018,10,26,16,0,13.7,94,0,4.3,53,696.0000000000001,154,521.9973684402921,0,1015.6,38.2233947834531,10.246950795043688,76,,
2018,10,26,17,0,12.9,104,1.8,4.6,19,496.0,14,282.4938423199105,0,1016.7,36.49380832143544,9.752309702904176,87,,
2018,10,26,18,0,12.1,114,0,4.5,0,153.0,0,53.58987843521612,0,1017.7,30.460611461940232,7.619252407228926,98,,
2018,10,26,19,0,11.2,125,0,4.1,0,0.0,0,0.0,0,1018.6,22.42621304146155,8.76809770723294,108,,
2018,10,26,20,0,10.3,138,0,3.8,0,0.0,0,0.0,0,1019.4,24.33913617055248,7.4550725803449565,116,,
2018,10,26,21,0,9.7,153,0,3.8,0,0.0,0,0.0,0,1019.9,26.54543157522648,6.695866645306006,123,,
2018,10,26,22,0,9.2,170,0,4.2,0,0.0,0,0.0,0,1020.2,8.760562968035174,4.13565113097997,126,,
2018,10,26,23,0,8.8,-172,0,4.7,0,0.0,0,0.0,0,1020.4,13.413913519407572,6.929016773229726,127,,
2018,10,27,0,0,8.4,-154,0,4.7,0,0.0,0,0.0,0,1020.6,12.923868961021242,7.869265273435563,123,,
2018,10,27,1,0,8,-139,0,4.5,0,0.0,0,0.0,0,1020.9,12.164235820913404,8.35257428983701,117,,
2018,10,27,2,0,7.6,-126,0,4.2,0,0.0,0,0.0,0,1021.2,11.91087860560151,7.619119162530502,109,,
2018,10,27,3,0,7.7,-115,0,4.2,0,0.0,0,0.0,0,1021.6,14.611858165577758,7.898024071835445,99,,
2018,10,27,4,0,8.2,-104,3.5,4.5,18,0.0,8,0.0,0,1022.1,9.729597106321364,9.1719658536814,88,,
2018,10,27,5,0,8.7,-95,3.4,4.8,60,1.0,130,1.0,0,1022.6,9.417312038631906,9.503075155286144,77,,
2018,10,27,6,0,9.8,-85,0.1,4.9,71,12.0,335,38.58020827889926,0,1022.7,12.655265486432596,9.562387780547052,66,,
2018,10,27,7,0,11.6,-74,0,5,79,13.0,530,87.18652975282545,0,1022.5,15.50129873601503,11.028613904826468,54,,
2018,10,27,8,0,13.3,-60,0,5,83,18.0,696,155.01773269320358,0,1022.4,24.709307808827987,13.193060299344554,44,,
2018,10,27,9,0,14.3,-41,0,5,83,129.0,819,387.58247029495294,0,1022,21.698770588515742,11.413753259896689,35,,
2018,10,27,10,0,14.4,-16,0,4.9,83,93.0,884,404.11858096469314,0,1021.4,20.97391575237896,12.886270131942709,30,,
2018,10,27,11,0,14.5,14,0,4.8,81,90.0,888,440.69526265744,0,1020.8,27.573907302451914,15.105954507929336,30,,
2018,10,27,12,0,14.6,40,0,4.9,78,491.0,831,764.3522867836613,0,1020.2,50.63259592399635,15.217922011925976,35,,
2018,10,27,13,0,14.6,59,0,5.3,75,745.0,716,878.7322414975373,0,1019.5,56.16242611035744,16.701460718827445,43,,
2018,10,27,14,0,14.6,73,0,5.6,71,777.0,554,825.3675118286409,0,1018.8,57.8452585279789,16.459757868969128,54,,
2018,10,27,15,0,14.2,84,0,5.9,63,763.0,363,700.9906854742264,0,1018.4,64.13034402744177,16.3010224873664,65,,
2018,10,27,16,0,13.2,94,0,6.3,48,732.0,166,531.9321014896775,0,1018.2,66.50245433009195,15.857423117278504,76,,
2018,10,27,17,0,12.3,104,0,6.6,16,667.0,22,330.4171363524865,0,1017.9,71.35648325004013,15.46121598966813,87,,
2018,10,27,18,0,11.2,114,0,6.6,0,584.0,0,123.04363475940583,0,1017.8,80.18911018815368,13.834896384496735,98,,
2018,10,27,19,0,9.9,125,0,6.3,0,0.0,0,0.0,0,1017.9,87.18104345432494,10.980816958079089,108,,
2018,10,27,20,0,8.6,138,0,6,0,0.0,0,0.0,0,1018,82.91265061284741,8.429397539131429,116,,
2018,10,27,21,0,8.1,153,0,5.9,0,0.0,0,0.0,0,1017.7,88.46322459524526,9.130725569943104,123,,
2018,10,27,22,0,8.4,170,0,6.1,0,0.0,0,0.0,0,1017,92.79217933391816,6.515303354534541,126,,
2018,10,27,23,0,8.7,-172,0,6.3,0,0.0,0,0.0,0,1016.4,88.91051270183334,4.468337093297383,126,,
2018,10,28,0,0,8.8,-154,0,6.5,0,0.0,0,0.0,0,1015.8,109.16680934641994,2.024841248800453,123,,
2018,10,28,1,0,8.6,-139,0,6.6,0,0.0,0,0.0,0,1015.3,137.08998226611357,4.894653343145314,117,,
2018,10,28,2,0,8.5,-126,0,6.7,0,0.0,0,0.0,0,1014.8,119.3815682384202,6.079338310564735,108,,
2018,10,28,3,0,8.7,-115,0,6.9,0,0.0,0,0.0,0,1014.6,101.71867716737069,4.899484939168981,98,,
2018,10,28,4,0,9.2,-105,4.5,7.3,20,0.0,6,0.0,0,1014.9,89.36389680339067,5.387783208160844,88,,
2018,10,28,5,0,9.8,-95,21.5,7.7,110,35.0,46,5.000000000000002,0,1015.1,93.55726801784384,5.079855814656002,77,,
2018,10,28,6,0,11.1,-85,44.8,8.1,215,275.0,6,100.32518889752522,0,1015.1,100.51791494159124,3.834446362777247,65,,
2018,10,28,7,0,13,-74,29,8.5,287,449.0,150,271.31124691987344,0,1014.9,89.13456045090959,4.137923204899991,54,,
2018,10,28,8,0,15,-60,11.3,8.9,244,694.0000000000001,447,500.1505619970831,0,1014.7,74.32156559507746,3.469163208484109,44,,
2018,10,28,9,0,16.1,-42,5.2,9.1,178,801.0,673,694.841506444317,0,1014.4,65.39851796949984,5.2545696591297215,35,,
2018,10,28,10,0,16.3,-16,0.2,9,93,850.0,865,833.7637496804933,0,1013.9,61.96917908247332,5.766531281200436,29,,
2018,10,28,11,0,16.5,14,0,9,91,879.0,870,931.6073272551552,0,1013.4,56.52297286671268,5.026192723773014,29,,
2018,10,28,12,0,16.6,40,0,9,88,867.0,812,957.8557053541048,0,1013,51.63788280643496,5.1075915102386,34,,
2018,10,28,13,0,16.6,59,0,9.2,85,897.0,697,955.7098944020112,0,1012.6,41.97284393775283,5.861317310113536,43,,
2018,10,28,14,0,16.6,73,0,9.4,79,903.0,538,887.1622305156321,0,1012.3,39.235605306965965,7.481962707180079,53,,
2018,10,28,15,0,16.1,85,0,9.6,69,806.0,352,717.2553871461894,0,1012.3,42.30124540045858,9.048780362525797,64,,
2018,10,28,16,0,15.1,94,0,9.8,51,768.0,162,544.0725145954041,0,1012.6,45.34031676051808,10.143604989816314,76,,
2018,10,28,17,0,14,104,1.4,10,18,697.0000000000001,20,340.0613706622854,0,1012.9,48.86707916267835,10.302918997461807,87,,
2018,10,28,18,0,12.9,114,0,9.7,0,479.0,0,109.13603731887012,0,1013.3,50.38726492215062,9.622107297144275,98,,
2018,10,28,19,0,11.8,125,0,8.9,0,0.0,0,0.0,0,1013.7,47.5654015455076,9.0405543620267,107,,
2018,10,28,20,0,10.7,138,0,8.1,0,0.0,0,0.0,0,1014.2,53.19068751161086,8.958354617618442,116,,
2018,10,28,21,0,10,153,0,7.8,0,0.0,0,0.0,0,1014.3,58.08221614412821,8.497098893964877,122,,
2018,10,28,22,0,9.7,170,0,7.9,0,0.0,0,0.0,0,1014.2,60.76298740497407,7.314369753272039,126,,
2018,10,28,23,0,9.4,-172,0,8.1,0,0.0,0,0.0,0,1014.1,58.8106463278142,6.975809268081284,126,,
2018,10,29,0,0,9.2,-154,0,8.1,0,0.0,0,0.0,0,1014,63.33945440027179,6.74741000359619,123,,
2018,10,29,1,0,9,-139,0,8.1,0,0.0,0,0.0,0,1013.9,68.56332233031708,7.442335760580766,116,,
2018,10,29,2,0,8.8,-126,0,8,0,0.0,0,0.0,0,1013.8,72.47829258789557,7.091474638698758,108,,
2018,10,29,3,0,9.1,-115,0,8.2,0,0.0,0,0.0,0,1014,75.70796563965814,7.706030465995479,98,,
2018,10,29,4,0,9.8,-105,3.7,8.8,20,0.0,8,0.0,0,1014.3,80.97019904432136,7.199082653230891,88,,
2018,10,29,5,0,10.6,-95,4.3,9.3,65,35.0,124,5.000000000000002,0,1014.6,92.5163728001911,7.634803524006218,76,,
2018,10,29,6,0,11.9,-85,5.4,9.6,117,310.0,263,104.30482043808465,0,1014.9,94.84980615653296,6.713979176090152,65,,
2018,10,29,7,0,13.8,-74,18.5,9.8,211,575.0000000000001,285,298.51693849658216,0,1015,91.1422412178049,5.400975587146947,54,,
2018,10,29,8,0,15.8,-61,10.7,10,231,738.0,456,511.9105635246998,0,1015.1,97.91856844515212,5.7701066181589775,44,,
2018,10,29,9,0,16.7,-42,5,9.9,185,831.0000000000001,658,703.2846836773936,0,1015,117.96396416471804,4.579626780966096,35,,
2018,10,29,10,0,16.6,-16,1.9,9.6,140,857.0,791,854.784821720014,0,1014.8,150.2374797350895,3.1476237947026826,29,,
2018,10,29,11,0,16.6,14,1.9,9.4,140,889.0,791,954.6763222351044,0,1014.5,213.59609913297032,3.880942932673088,29,,
2018,10,29,12,0,16.5,40,2.3,9.3,141,777.0,728,928.4736859212742,0,1014.2,227.1773374154909,6.56135716251035,34,,
2018,10,29,13,0,16.4,60,0.9,9.5,111,816.0000000000001,657,929.1278379344958,0,1013.9,231.28963352892129,6.567841308925522,43,,
2018,10,29,14,0,16.3,74,0,9.6,87,901.0,525,902.0340016206924,0,1013.6,237.9318194413744,6.516817052460446,53,,
2018,10,29,15,0,15.8,85,0,9.9,73,843.0,345,749.6677078194325,0,1013.4,235.3210386625892,5.900797996865923,64,,
2018,10,29,16,0,14.9,95,0,10.3,54,106.0,160,241.08725818360145,0,1013.4,228.237607356932,5.697712877756611,76,,
2018,10,29,17,0,14,104,0.1,10.7,18,59.0,22,115.8482141666006,0,1013.4,228.28600573330712,5.89096343588567,87,,
2018,10,29,18,0,13.2,114,0,10.8,0,256.0,0,80.10200034653707,0,1013.5,229.51877324071853,5.206236496045756,97,,
2018,10,29,19,0,12.4,125,0,10.5,0,0.0,0,0.0,0,1013.8,226.924552437171,5.263802244026329,107,,
2018,10,29,20,0,11.5,138,0,10.3,0,0.0,0,0.0,0,1014.1,229.8068900977381,5.887830582426897,116,,
2018,10,29,21,0,11.1,153,0,10.1,0,0.0,0,0.0,0,1014,237.58518983060003,6.888195292830056,122,,
2018,10,29,22,0,11,170,0,10.1,0,0.0,0,0.0,0,1013.7,252.7273696921877,6.827940931828975,125,,
2018,10,29,23,0,10.9,-172,0,10.1,0,0.0,0,0.0,0,1013.3,252.08098868322256,6.678961057367809,126,,
2018,10,30,0,0,10.8,-155,0,10,0,0.0,0,0.0,0,1013,259.81662771254616,5.613329356922492,122,,
2018,10,30,1,0,10.7,-139,0,9.9,0,0.0,0,0.0,0,1013,258.9330315860136,5.351969348450488,116,,
2018,10,30,2,0,10.6,-126,12.3,9.8,0,0.0,0,0.0,0,1012.9,272.84405209461164,3.882223203522976,108,,
2018,10,30,3,0,10.9,-115,2,10,0,0.0,0,0.0,0,1013,291.94443410069186,3.813929368023703,98,,
2018,10,30,4,0,11.5,-105,25.4,10.3,19,0.0,0,0.0,0,1013.3,324.6896961888427,4.705795961745799,87,,
2018,10,30,5,0,12.1,-96,56.9,10.7,82,8.0,0,4.000000000000001,0,1013.6,331.68977260485406,4.001011005427473,76,,
2018,10,30,6,0,13.3,-86,19.8,10.9,172,55.0,160,66.89674595701642,0,1013.6,344.2155850486484,3.676220501752512,65,,
2018,10,30,7,0,15,-75,3.1,11.1,138,113.0,443,180.6564413013887,0,1013.3,14.647051227278894,4.271380339072008,54,,
2018,10,30,8,0,16.8,-61,16.8,11.3,321,239.0,320,351.2226506646479,0,1013.1,0.0,5.322509765625,43,,
2018,10,30,9,0,17.6,-42,12.8,10.9,312,447.0,464,562.4026779069358,0,1012.8,353.48324512973926,6.255506535922522,34,,
2018,10,30,10,0,17.7,-16,3,10,171,542.0,754,727.1822353468496,0,1012.5,346.7109878180853,7.06942514573265,29,,
2018,10,30,11,0,17.7,14,0,9.2,111,635.0,844,845.5238446658982,0,1012.2,341.617788298288,7.800622750297169,29,,
2018,10,30,12,0,17.7,41,0,8.8,103,522.0,793,813.9192971139498,0,1011.9,347.14312365056696,8.426345236856458,34,,
2018,10,30,13,0,17.6,60,0,8.8,97,249.0,683,620.8254018948245,0,1011.6,348.4922873715633,9.0852202725252,42,,
2018,10,30,14,0,17.6,74,0,8.9,90,47.0,528,329.42549011501364,0,1011.3,354.4321162083525,10.075122903613758,53,,
2018,10,30,15,0,17,85,0,9.2,80,23.0,341,205.68878210770225,0,1011.1,356.9986887162068,10.314196432625524,64,,
2018,10,30,16,0,16.1,95,0,9.9,59,11.0,155,108.8530766544364,0,1011.2,357.61122657579966,10.496670265960825,75,,
2018,10,30,17,0,15.1,105,2.8,10.6,23,6.0,16,45.13930469590879,0,1011.3,1.1132772447191996,9.90177143557314,86,,
2018,10,30,18,0,14.3,115,0,10.9,0,5.0,0,12.839419945907524,0,1011.4,6.295024740545159,9.78138918670976,97,,
2018,10,30,19,0,13.7,126,0,10.9,0,0.0,0,0.0,0,1011.6,7.704656688633236,9.099727674879167,107,,
2018,10,30,20,0,13.1,139,0,10.9,0,0.0,0,0.0,0,1011.7,13.4778601829604,9.010602682688894,115,,
2018,10,30,21,0,12.8,154,0,11,0,0.0,0,0.0,0,1011.6,18.107431871011386,8.711460679427333,122,,
2018,10,30,22,0,12.8,170,0,11.3,0,0.0,0,0.0,0,1011.1,21.62686601611057,8.363673422329866,125,,
2018,10,30,23,0,12.8,-172,0,11.5,0,0.0,0,0.0,0,1010.6,29.18034493369192,8.255190892406697,125,,
2018,10,31,0,0,12.9,-155,0,11.6,0,0.0,0,0.0,0,1010.2,43.17792716301187,7.617506398103466,122,,
2018,10,31,1,0,12.9,-140,0,11.6,0,0.0,0,0.0,0,1009.7,45.082603581309854,7.304303249921648,116,,
2018,10,31,2,0,12.9,-127,21.6,11.5,0,0.0,0,0.0,0,1009.3,51.18429095829771,7.286623437322935,107,,
2018,10,31,3,0,13.1,-115,39.1,11.6,0,0.0,0,0.0,0,1009,54.61696533793196,6.761260887083632,98,,
2018,10,31,4,0,13.5,-105,33.6,11.8,19,0.0,0,0.0,0,1008.7,57.388542993600026,6.294917713510698,87,,
2018,10,31,5,0,13.8,-96,30.2,11.9,112,46.0,14,7.000000000000003,0,1008.5,61.1815467757927,6.000752724677934,76,,
2018,10,31,6,0,14.5,-86,49.4,12.1,191,282.0,0,112.56085247002196,0,1008.1,67.87815825651376,6.30680375347471,65,,
2018,10,31,7,0,15.5,-75,45.2,12.3,305,582.0,3,318.01965461556017,0,1007.5,78.4968288835583,4.500306761405343,54,,
2018,10,31,8,0,16.6,-61,60.9,12.4,282,723.0,0,531.1192286554535,0,1006.9,70.96459714793627,5.120067368460915,43,,
2018,10,31,9,0,17.3,-43,55.1,12.5,379,805.0,0,721.0470175850296,0,1006.1,68.15172031038855,5.098644409283402,34,,
2018,10,31,10,0,17.6,-16,60.7,12.6,356,890.0,0,873.7102143514088,0,1005.3,65.86319663295018,4.432442805593042,28,,
2018,10,31,11,0,18,14,65.8,12.7,310,921.0,0,975.1567729500146,0,1004.4,61.78419334977804,3.881101296443368,28,,
2018,10,31,12,0,18,41,74.3,12.8,218,938.0,0,1018.079885920454,0,1003.6,49.415329692121645,3.6506389372222734,34,,
2018,10,31,13,0,17.9,60,90.7,13.1,68,945.0,0,1003.547296996909,0,1002.7,43.320864796980175,3.982638470576622,42,,
2018,10,31,14,0,17.7,74,89.6,13.4,59,937.0,0,924.603917186177,0,1001.9,34.81137199154654,4.567400664954687,53,,
2018,10,31,15,0,17.3,85,89.5,13.6,39,887.0,0,775.5016944688663,0,1001.4,29.94480578548422,5.554191733554366,64,,
2018,10,31,16,0,16.7,95,67.2,13.8,64,744.0,0,551.0801846077034,0,1001.2,26.7618502923641,6.4846353869265,75,,
2018,10,31,17,0,16,105,23.6,14,19,445.0,0,276.08107816719854,0,1001,26.519231481280315,7.099518098729793,86,,
2018,10,31,18,0,15.6,115,0,14,0,567.0000000000001,0,134.12916189586855,0,1000.8,32.41765587880934,6.272394461756876,97,,
2018,10,31,19,0,15.3,126,0,13.8,0,0.0,0,1.0,0,1000.6,36.99316834572528,6.331948248609266,107,,
2018,10,31,20,0,15,139,0,13.7,0,0.0,0,0.0,0,1000.5,48.45744959680741,5.745168962882416,115,,
2018,10,31,21,0,14.8,154,0,13.6,0,0.0,0,0.0,0,1000,64.90358729204314,5.929930127875659,121,,
2018,10,31,22,0,14.7,171,0,13.5,0,0.0,0,0.0,0,999.2,84.74342099857267,6.113111558210452,125,,
2018,10,31,23,0,14.5,-172,0,13.4,0,0.0,0,0.0,0,998.4,107.62601693335311,5.102074549215576,125,,
2018,11,1,0,0,14.4,-155,0,13.4,0,0.0,0,0.0,0,997.8,144.3222520691818,3.2621807296599354,122,,
2018,11,1,1,0,14.3,-140,0,13.4,0,0.0,0,0.0,0,997.4,203.8952660199016,6.190517277480808,115,,
2018,11,1,2,0,14.3,-127,0,13.5,0,0.0,0,0.0,0,996.9,200.99402876835148,8.268615715222444,107,,
2018,11,1,3,0,14.3,-116,0,13.6,0,0.0,0,0.0,0,996.7,208.07149976350016,8.335291246641587,98,,
2018,11,1,4,0,14.5,-106,27.6,13.7,14,0.0,1,0.0,0,996.8,214.78859265271203,8.066845159158467,87,,
2018,11,1,5,0,14.6,-96,79,13.9,39,9.0,0,5.000000000000001,0,996.8,210.14996173608097,8.69061276360576,76,,
2018,11,1,6,0,14.8,-86,85.7,13.7,58,26.0,0,54.92850518766164,0,996.8,201.21656537395228,10.051147792283697,64,,
2018,11,1,7,0,15,-75,86.2,13.3,81,78.0,0,163.54149375677386,0,996.8,199.0842516367944,10.123798781829803,53,,
2018,11,1,8,0,15.1,-62,69.3,12.8,236,213.0,4,340.31176728939505,0,996.8,200.99940788952927,9.383203382394,43,,
2018,11,1,9,0,15.3,-43,79,12.3,182,28.0,0,235.79775021653705,0,996.6,208.13001510357927,10.39842838026144,34,,
2018,11,1,10,0,15.4,-17,80,11.8,188,11.0,0,245.6909119083652,0,996.3,210.8887539666073,10.810951811142408,28,,
2018,11,1,11,0,15.5,14,89.7,11.2,97,13.0,0,292.2578461196517,0,995.9,214.7254269110805,11.3094830810619,28,,
2018,11,1,12,0,15.4,41,90.5,10.9,85,26.0,0,375.241220163602,0,995.7,210.0159559533146,11.719445256271891,33,,
2018,11,1,13,0,15.2,61,84.4,11,117,42.0,0,410.6201351606609,0,995.6,207.0687139534081,12.333679789862051,42,,
2018,11,1,14,0,14.9,75,76.2,11,136,5.0,0,163.00775102295557,0,995.5,206.68242298349227,11.992140704632144,52,,
2018,11,1,15,0,14.5,86,73.6,11,108,7.0,0,147.8134971435276,0,995.8,201.9052297326488,11.934390589306068,64,,
2018,11,1,16,0,14,96,79.2,11.1,45,7.0,0,104.76595140324316,0,996.3,204.6925679826426,10.849740547602716,75,,
2018,11,1,17,0,13.5,105,51.3,11.1,14,3.0,0,38.08871451477699,0,996.8,206.29147782563973,11.98220729247122,86,,
2018,11,1,18,0,13.1,115,38.1,11.1,0,4.0,0,15.69887549504522,0,997.3,214.2459236289569,10.839441311900709,97,,
2018,11,1,19,0,12.9,126,42.9,11,0,0.0,0,0.0,0,997.7,222.70434603588413,12.226912435575608,106,,
2018,11,1,20,0,12.7,139,41.6,11,0,0.0,0,0.0,0,998.1,225.3006767056337,12.10591765239519,115,,
2018,11,1,21,0,12.6,154,27.4,11,0,0.0,0,0.0,0,998.4,224.7626224199388,11.08385581324292,121,,
2018,11,1,22,0,12.7,171,42.8,11.1,0,0.0,0,0.0,0,998.5,250.20311962463904,7.912716124959227,124,,
2018,11,1,23,0,12.8,-172,25.9,11.2,0,0.0,0,0.0,0,998.6,305.7572942699238,6.1307457035023045,125,,
2018,11,2,0,0,12.7,-155,42.9,11,0,0.0,0,0.0,0,998.8,306.1067050848427,7.661568351507179,121,,
2018,11,2,1,0,12.4,-140,38.3,10.6,0,0.0,0,0.0,0,999.2,309.0827481793322,7.939074611673349,115,,
2018,11,2,2,0,12.1,-127,24.3,10.2,0,0.0,0,0.0,0,999.6,324.2101404622014,8.04083283248809,107,,
2018,11,2,3,0,11.9,-116,22.1,9.7,0,0.0,0,0.0,0,1000.3,313.28887107941944,7.631386450907434,97,,
2018,11,2,4,0,11.8,-106,16.8,9.1,24,0.0,1,0.0,0,1001.2,308.0489873280169,3.4478003500519736,87,,
2018,11,2,5,0,11.7,-96,11.7,8.5,94,0.0,91,2.0,0,1002.1,305.2560847852068,4.3136738893310245,76,,
2018,11,2,6,0,12,-87,16.3,7.8,178,2.0,172,22.30945564415684,0,1002.7,285.97234749659856,4.633974498901288,64,,
2018,11,2,7,0,12.7,-76,34.7,7.2,299,14.0,100,111.81120834672512,0,1002.8,291.95556144726527,5.897707099407304,53,,
2018,11,2,8,0,13.4,-62,17.3,6.6,232,26.0,420,212.54638471809136,0,1002.9,286.1172748561514,6.349668194519791,43,,
2018,11,2,9,0,13.8,-43,12.3,6,280,45.0,521,332.34036545704333,0,1003.1,337.6256816012709,7.848423185037373,34,,
2018,11,2,10,0,14,-17,6.3,5.4,211,56.0,707,378.39528586034766,0,1003.4,334.7169100074173,8.24756501127385,28,,
2018,11,2,11,0,14.3,15,3.4,4.8,159,84.0,792,468.9577658411374,0,1003.6,347.66696384941287,11.997076403593413,28,,
2018,11,2,12,0,14.3,42,0.9,4.3,102,279.0,816,677.0912012193137,0,1003.9,354.10544868932305,12.998906355485254,33,,
2018,11,2,13,0,14,61,0,3.9,79,661.0,732,874.9823162035142,0,1004.2,352.33927422935176,13.596448547156506,42,,
2018,11,2,14,0,13.8,75,0,3.5,73,824.0000000000001,574,886.6004885706551,0,1004.5,345.4162328494993,15.478695571767986,52,,
2018,11,2,15,0,13.3,86,0,3.3,64,730.0,386,718.9655777543296,0,1005.1,349.5651512686305,18.88235431568225,63,,
2018,11,2,16,0,12.5,96,0,3.2,49,342.0,189,395.9928271872353,0,1006,351.1344665147429,19.64485820984395,75,,
2018,11,2,17,0,11.7,105,0.1,3.1,20,34.0,33,102.44625737683393,0,1006.9,344.0606771319028,19.29962883731976,86,,
2018,11,2,18,0,10.9,115,0,2.9,0,4.0,0,13.712514903072512,0,1007.7,2.3063505907269928,18.32759057360961,96,,
2018,11,2,19,0,10,126,0,2.7,0,0.0,0,0.0,0,1008.6,5.888686220128136,16.10770389462176,106,,
2018,11,2,20,0,9.1,139,0,2.4,0,0.0,0,0.0,0,1009.5,5.843506066628095,16.23180647569237,114,,
2018,11,2,21,0,8.7,154,0,2.7,0,0.0,0,0.0,0,1009.9,6.363050278249659,16.962159735219185,121,,
2018,11,2,22,0,8.8,171,0,3.3,0,0.0,0,0.0,0,1010,8.402998206928032,16.86858958415036,124,,
2018,11,2,23,0,8.9,-172,0,4,0,0.0,0,0.0,0,1010,11.614972190043432,17.1233454447967,124,,
2018,11,3,0,0,8.8,-155,0,4.5,0,0.0,0,0.0,0,1010.2,10.334986318188896,15.732793039008104,121,,
2018,11,3,1,0,8.6,-140,0,4.7,0,0.0,0,0.0,0,1010.3,5.8061801884386455,15.100171940342491,115,,
2018,11,3,2,0,8.4,-127,0,5,0,0.0,0,0.0,0,1010.5,1.383239737949168,16.465003079585816,107,,
2018,11,3,3,0,8.5,-116,0,5.2,0,0.0,0,0.0,0,1010.9,2.0068108057920995,17.345843779847648,97,,
2018,11,3,4,0,8.9,-106,25.8,5.4,17,0.0,1,0.0,0,1011.6,6.054589156449708,18.038119273681303,86,,
2018,11,3,5,0,9.2,-97,71.8,5.6,63,4.0,0,5.0,0,1012.3,9.560546484066949,17.746487365629704,75,,
2018,11,3,6,0,9.9,-87,65.3,5.9,146,21.0,0,56.32370483223384,0,1012.7,11.536506816097358,17.35052439209103,64,,
2018,11,3,7,0,10.9,-76,36.4,6.4,209,128.0,200,202.40946306358677,0,1012.7,14.325023166193432,17.904342258479492,53,,
2018,11,3,8,0,11.9,-62,12.3,7,259,451.0,424,453.3439730702188,0,1012.8,19.535861672827423,18.22676160550745,42,,
2018,11,3,9,0,12.6,-44,38.7,7.3,532,441.0,21,584.5690447490292,0,1012.7,17.448457460902148,17.12539169288201,33,,
2018,11,3,10,0,12.9,-17,54.7,7.5,436,477.0,0,718.3985384384894,0,1012.6,15.993534705928369,15.606526457614573,28,,
2018,11,3,11,0,13.3,15,29.9,7.8,500,540.0,177,821.35739799873,0,1012.4,16.173043749464284,16.703525186924335,27,,
2018,11,3,12,0,13.5,42,2.1,7.9,158,516.0,728,833.7893203097386,0,1012.2,17.361760251278042,16.50464201060235,33,,
2018,11,3,13,0,13.6,61,18.9,8,348,472.0,296,784.876156190703,0,1011.9,15.911704835029752,17.508478171593612,42,,
2018,11,3,14,0,13.7,75,21.4,8.1,322,355.0,171,646.3667250481153,0,1011.7,17.10652861774173,17.59327669506447,52,,
2018,11,3,15,0,13.5,86,35.6,8.2,266,319.0,14,520.0857570257215,0,1011.7,15.453604051330728,16.99175209101422,63,,
2018,11,3,16,0,13.1,96,8.8,8.3,103,155.0,100,301.29188675047243,0,1011.8,15.6445249830806,16.78947517984844,74,,
2018,11,3,17,0,12.7,106,5.9,8.4,31,85.0,15,149.38343312628547,0,1011.9,16.525815706656203,15.25796668487009,86,,
2018,11,3,18,0,12.2,116,0,8.4,0,38.0,0,41.89822714006636,0,1012.2,18.221712781304007,14.023285340570148,96,,
2018,11,3,19,0,11.7,127,0,8.2,0,0.0,0,1.0,0,1012.7,17.665290712883632,12.184669581665691,106,,
2018,11,3,20,0,11.2,139,0,8.1,0,0.0,0,0.0,0,1013.1,16.92802917724549,11.273373191898576,114,,
2018,11,3,21,0,10.9,154,0,7.7,0,0.0,0,0.0,0,1013.1,13.800921884499076,10.783985136530005,120,,
2018,11,3,22,0,10.9,171,0,7.3,0,0.0,0,0.0,0,1012.8,13.59093263224014,9.447154509951858,124,,
2018,11,3,23,0,11,-172,0,6.8,0,0.0,0,0.0,0,1012.5,14.309600244828346,8.638120653926816,124,,
2018,11,4,0,0,10.9,-155,0,6.5,0,0.0,0,0.0,0,1012.2,7.993832817614702,8.89897091533586,121,,
2018,11,4,1,0,10.7,-140,0,6.4,0,0.0,0,0.0,0,1012,2.8366446289497844,8.13496785547908,115,,
2018,11,4,2,0,10.5,-127,0,6.3,0,0.0,0,0.0,0,1011.8,356.558953483766,8.623212936720517,106,,
2018,11,4,3,0,10.6,-116,0,6.4,0,0.0,0,0.0,0,1011.8,353.4773748551664,9.000889022283916,97,,
2018,11,4,4,0,11,-106,9.4,6.6,31,0.0,6,0.0,0,1011.9,352.34557970945883,8.7833423225989,86,,
2018,11,4,5,0,11.4,-97,9.9,6.8,94,0.0,106,1.0,0,1012,357.154000200509,8.004990570806207,75,,
2018,11,4,6,0,12.1,-87,8,7,121,1.0,282,15.16172624296605,0,1011.8,349.5147636781473,8.489413906037187,64,,
2018,11,4,7,0,13.3,-76,2.4,7.2,119,7.0,495,75.4510360375054,0,1011.4,342.9078493316228,9.722118618768867,53,,
2018,11,4,8,0,14.4,-63,5.2,7.4,181,43.0,572,229.66028953243185,0,1010.9,343.18013525000475,9.874846086026915,42,,
2018,11,4,9,0,15.2,-44,14.1,7.6,363,25.0,416,252.9934650839769,0,1010.3,345.4306128956716,11.26986781895338,33,,
2018,11,4,10,0,15.5,-17,21.1,7.7,479,14.0,285,272.1708544300795,0,1009.6,345.8756528500589,11.013119947063096,27,,
2018,11,4,11,0,15.9,15,27.3,7.8,532,15.0,174,299.1017560015888,0,1009,344.6623891793215,10.009071005934006,27,,
2018,11,4,12,0,16,42,54.5,8,415,13.0,0,289.71547218401633,0,1008.3,344.2379692453827,10.206284228148943,32,,
2018,11,4,13,0,16,62,64.9,8.3,278,17.0,0,302.9474038091721,0,1007.6,351.0974181910796,12.115932635735096,41,,
2018,11,4,14,0,15.9,75,62.5,8.6,221,29.0,15,319.4659395488165,0,1007,351.23384955713186,12.450369500131016,52,,
2018,11,4,15,0,15.6,87,57.8,8.8,176,74.0,1,345.4838245683546,0,1006.6,350.1983119005997,11.513027713477044,63,,
2018,11,4,16,0,14.9,96,54.8,9,102,62.0,0,236.8956897149939,0,1006.4,352.1972652994809,10.883234636125524,74,,
2018,11,4,17,0,14.3,106,44.5,9.2,19,25.0,0,105.30889331175337,0,1006.2,354.27332877220346,10.648112999497942,85,,
2018,11,4,18,0,13.8,116,45.1,9.4,0,14.0,0,30.589001711820742,0,1006,353.96662316356355,9.133109330182334,96,,
2018,11,4,19,0,13.3,127,42.3,9.6,0,0.0,0,1.0,0,1005.8,347.8118433931114,7.803331977198288,106,,
2018,11,4,20,0,12.9,139,38.6,9.8,0,0.0,0,0.0,0,1005.6,338.2769656989217,7.457062079244504,114,,
2018,11,4,21,0,12.8,154,38.1,10.1,0,0.0,0,0.0,0,1005,342.59421349977714,7.045001882717999,120,,
2018,11,4,22,0,13.1,171,37.9,10.5,0,0.0,0,0.0,0,1004.1,340.21253927065004,6.9636604001278135,123,,
2018,11,4,23,0,13.3,-172,33.2,10.9,0,0.0,0,0.0,0,1003.2,340.3457356184079,4.273902797996726,124,,
2018,11,5,0,0,13.5,-155,56.3,11.3,0,0.0,0,0.0,0,1002.5,325.0212135382251,3.6369418066601433,120,,
2018,11,5,1,0,13.7,-140,57.1,11.8,0,0.0,0,0.0,0,1002,303.5959489438972,4.6579440894569295,114,,
2018,11,5,2,0,13.9,-128,53.7,12.3,0,0.0,0,0.0,0,1001.6,292.35716430682805,4.968445402681709,106,,
2018,11,5,3,0,14,-117,44.1,12.8,0,0.0,0,0.0,0,1001.3,279.7414809552534,5.156875341237628,97,,
2018,11,5,4,0,14.1,-107,58.7,13.1,9,0.0,0,0.0,0,1001.1,268.72922287918465,6.759230787914248,86,,
2018,11,5,5,0,14.1,-97,67.6,13.4,42,1.0,7,3.0,0,1000.9,253.7138953914203,6.891524141603004,75,,
2018,11,5,6,0,14.4,-87,79.2,13.7,81,4.0,0,33.66035996373335,0,1000.6,265.74123296558867,7.505587455515207,64,,
2018,11,5,7,0,14.8,-77,77.7,13.9,127,7.0,0,87.47277727073443,0,1000.2,273.98457223288136,9.212209185043523,52,,
2018,11,5,8,0,15.3,-63,79.2,14,151,10.0,0,154.29831456533205,0,999.9,284.58645181208675,9.847424106063336,42,,
2018,11,5,9,0,15.7,-44,70.7,14.1,250,11.0,0,204.50600110797367,0,999.4,284.4510949292374,9.216654555540998,33,,
2018,11,5,10,0,16,-17,54.3,14.2,417,18.0,0,273.40671314392245,0,998.7,280.3264040117446,8.99580692590993,27,,
2018,11,5,11,0,16.4,15,71.6,14.3,262,22.0,0,326.2675859107628,0,998.1,286.00526607716074,8.504722860901612,27,,
2018,11,5,12,0,16.3,43,74.7,14.4,218,25.0,0,347.5876317869196,0,997.5,299.9926162450714,7.556862617598004,32,,
2018,11,5,13,0,16,62,71.8,14.6,214,19.0,0,294.75067583095625,0,997,293.82484327633244,7.130051048017151,41,,
2018,11,5,14,0,15.6,76,63.6,14.9,217,27.0,0,294.9142114793545,0,996.5,301.8694538779399,7.112176200756821,52,,
2018,11,5,15,0,15.3,87,51.5,14.9,196,94.0,0,356.6467329712059,0,996.3,308.24727020295023,6.735930650354069,63,,
2018,11,5,16,0,15.1,97,58.1,14.8,94,166.0,0,316.2290414748852,0,996.4,301.7167940282688,5.877809385458775,74,,
2018,11,5,17,0,14.9,106,63.2,14.6,27,148.0,0,189.5714191641724,0,996.5,311.5779377188135,6.810969316373663,85,,
2018,11,5,18,0,14.8,116,82.1,14.5,0,90.0,0,63.94854087846535,0,996.7,333.00431122489096,7.858996437162472,96,,
2018,11,5,19,0,14.9,127,83.7,14.5,0,6.0,0,1.0407116893323365,0,997.1,332.4027804597812,7.382405862256473,105,,
2018,11,5,20,0,14.9,140,86.5,14.4,0,0.0,0,0.0,0,997.4,341.31133726424724,6.241699371540814,114,,
2018,11,5,21,0,14.9,154,86.7,14.4,0,0.0,0,0.0,0,997.3,352.20417355154285,6.616325691607459,120,,
2018,11,5,22,0,14.7,171,74,14.3,0,0.0,0,0.0,0,996.8,356.5796578362481,6.662013468950926,123,,
2018,11,5,23,0,14.5,-172,55.9,14.2,0,0.0,0,0.0,0,996.3,345.6399751445268,5.040037081606631,123,,
2018,11,6,0,0,14.3,-155,58.2,14.1,0,0.0,0,0.0,0,996,333.5741533228544,5.527515211916885,120,,
2018,11,6,1,0,14.2,-141,47.6,14,0,0.0,0,0.0,0,996,341.191854717323,6.412472345430109,114,,
2018,11,6,2,0,14.1,-128,32.5,13.9,0,0.0,0,0.0,0,995.9,342.0995368662962,6.116138904286831,106,,
2018,11,6,3,0,14.1,-117,10.8,13.8,0,0.0,0,0.0,0,996.1,337.5330543878973,5.959925824430222,96,,
2018,11,6,4,0,14.3,-107,21.6,13.7,24,0.0,2,0.0,0,996.6,337.49303655041604,6.55704773612548,86,,
2018,11,6,5,0,14.5,-97,47.6,13.6,111,6.0,5,6.0,0,997.1,344.52577535765613,6.108895095162072,75,,
2018,11,6,6,0,15.2,-88,23,13.8,188,48.0,138,80.08134570783932,0,997.3,346.9011038458496,5.338866701853499,63,,
2018,11,6,7,0,16.3,-77,0,14.2,109,132.0,494,217.0270434366392,0,997.2,338.76130755585825,4.782338959594325,52,,
2018,11,6,8,0,17.4,-63,0.4,14.5,123,255.0,641,395.8098543930439,0,997.1,335.59130187254027,4.991014035229065,42,,
2018,11,6,9,0,17.8,-45,2.9,14.4,172,290.0,691,534.6216983300209,0,997,335.2245120882371,5.625450206330075,32,,
2018,11,6,10,0,17.6,-17,0.8,13.8,133,206.0,816,548.3662845887815,0,996.9,329.7206705197415,5.454010637391155,27,,
2018,11,6,11,0,17.3,15,10.8,13.3,297,140.0,563,538.9310826551142,0,996.8,331.3555875288509,5.392387212671156,26,,
2018,11,6,12,0,16.9,43,26.8,12.6,476,90.0,190,483.51858246849633,0,996.9,338.5465146440817,5.823397112174853,32,,
2018,11,6,13,0,16.3,62,20.9,11.8,342,40.0,288,356.35691693583897,0,997.3,15.300845572449989,6.868462801093124,41,,
2018,11,6,14,0,15.7,76,37.4,10.9,322,157.0,89,486.8087433655908,0,997.7,18.8059506243838,8.918489364953878,51,,
2018,11,6,15,0,14.9,87,41.2,10.2,192,703.0000000000001,71,710.7926532201373,0,998.3,9.828820759524206,7.322567396032864,63,,
2018,11,6,16,0,14,97,40.8,9.4,124,780.0,19,589.8892527826158,0,999,359.1902740753054,7.255851525858231,74,,
2018,11,6,17,0,13,106,32,8.7,29,680.0,1,371.4458381497292,0,999.7,351.9712710525473,8.215537139463402,85,,
2018,11,6,18,0,12.5,116,19.5,8.4,0,382.0,0,127.22813843005557,0,1000.2,339.51591149067536,9.35129786079498,95,,
2018,11,6,19,0,12.2,127,38.1,8.4,0,8.0,0,1.0795973295261976,0,1000.4,334.164058701177,8.966288564437667,105,,
2018,11,6,20,0,12,140,43.1,8.5,0,0.0,0,0.0,0,1000.6,337.0417819326016,10.453250929867927,113,,
2018,11,6,21,0,11.8,154,40.5,8.7,0,0.0,0,0.0,0,1000.7,340.41623582408425,11.590656870419933,119,,
2018,11,6,22,0,11.5,171,42.7,9.1,0,0.0,0,0.0,0,1000.7,0.0249177071848407,11.227540124257908,123,,
2018,11,6,23,0,11.3,-172,16.7,9.5,0,0.0,0,0.0,0,1000.8,11.094831040793906,10.445220881240754,123,,
2018,11,7,0,0,11.1,-156,20.2,9.6,0,0.0,0,0.0,0,1001.1,5.72458377977199,9.849167973697712,120,,
2018,11,7,1,0,10.9,-141,42.8,9.3,0,0.0,0,0.0,0,1001.5,357.6011163219724,9.495870574249338,114,,
2018,11,7,2,0,10.8,-128,42.9,9,0,0.0,0,0.0,0,1002,353.88888556146384,9.393468039260036,106,,
2018,11,7,3,0,10.8,-117,17.4,8.7,0,0.0,0,0.0,0,1002.7,1.0966760110444511,10.319517239259245,96,,
2018,11,7,4,0,10.9,-107,26.4,8.4,33,0.0,6,0.0,0,1003.8,9.317982094811782,9.989477683427843,86,,
2018,11,7,5,0,11,-98,6.2,8.1,84,30.0,130,9.000000000000002,0,1004.8,11.090726378694455,10.149515193133288,75,,
2018,11,7,6,0,11.7,-88,8,7.8,147,157.0,247,107.93160619783936,0,1005.6,10.598957124373044,9.133366188645148,63,,
2018,11,7,7,0,13,-77,17.7,7.4,247,372.0,276,285.6156120606996,0,1006.1,2.2591632019564827,9.067106049832644,52,,
2018,11,7,8,0,14.3,-64,22.4,6.9,307,514.0,307,478.11916210096894,0,1006.6,358.3141542340821,10.622273544102637,41,,
2018,11,7,9,0,14.9,-45,13.9,6.6,315,493.0,477,608.8656093903828,0,1007,3.247486431113032,11.032853752894331,32,,
2018,11,7,10,0,15,-18,25.4,6.4,471,525.0,265,725.6491994084461,0,1007.4,4.714508414547936,11.67965358359219,26,,
2018,11,7,11,0,15.1,15,3.4,6.3,157,526.0,799,795.0324831256759,0,1007.7,2.9219111745395594,12.70157144578808,26,,
2018,11,7,12,0,15.1,43,0,6.2,87,458.0,845,781.84598592601,0,1008,4.944935496048686,13.77637332259834,32,,
2018,11,7,13,0,15,63,0,6.2,84,473.0,734,767.1652292121404,0,1008.2,10.935731158070382,13.533355311241218,41,,
2018,11,7,14,0,14.8,76,0,6.3,78,431.0,579,675.8956944643737,0,1008.3,16.528289994609793,13.119752988598025,51,,
2018,11,7,15,0,14.4,87,0,6.3,68,413.0,394,562.5763441615134,0,1008.7,22.08286725376064,12.874382305142266,62,,
2018,11,7,16,0,13.5,97,0,6.2,53,354.0,201,404.5596018258703,0,1009.3,28.28007681910981,12.553261966162282,74,,
2018,11,7,17,0,12.7,107,1.7,6.1,26,309.0,39,248.94469428662745,0,1009.8,34.903590204175714,11.455720003816248,85,,
2018,11,7,18,0,11.8,116,0,6,0,242.0,0,100.20612607250716,0,1010.3,34.973899879543524,10.245159704323596,95,,
2018,11,7,19,0,10.8,127,0,5.8,0,10.0,0,2.1314677794616825,0,1010.7,36.815871837155214,10.046000559767888,105,,
2018,11,7,20,0,9.8,140,0,5.6,0,0.0,0,0.0,0,1011,39.20663536186987,9.03690910570893,113,,
2018,11,7,21,0,9.2,154,0,5.7,0,0.0,0,0.0,0,1011.2,40.25643668394946,9.041227844608796,119,,
2018,11,7,22,0,8.9,171,0,5.9,0,0.0,0,0.0,0,1011.1,40.10627976420585,8.910157925723937,123,,
2018,11,7,23,0,8.6,-172,0,6.1,0,0.0,0,0.0,0,1011,42.49003861890151,8.841965906521615,123,,
2018,11,8,0,0,8.3,-156,0,6.2,0,0.0,0,0.0,0,1011,41.05445038481975,8.427397511491908,120,,
2018,11,8,1,0,8.1,-141,19.2,6,0,0.0,0,0.0,0,1011.1,35.68690041574115,8.91386284299515,114,,
2018,11,8,2,0,7.8,-128,30.9,5.9,0,0.0,0,0.0,0,1011.2,33.88864725410696,8.420429346290017,105,,
2018,11,8,3,0,8.2,-117,5.8,5.9,0,0.0,0,0.0,0,1011.3,28.637547132131544,7.913083003623933,96,,
2018,11,8,4,0,9.1,-107,7,6.2,31,0.0,15,0.0,0,1011.6,25.81527418985513,7.601098280686213,85,,
2018,11,8,5,0,10.1,-98,0.5,6.4,66,32.0,161,12.000000000000002,0,1011.9,28.159185491794688,7.194013865658492,74,,
2018,11,8,6,0,11.5,-88,22.5,6.8,208,154.0,119,107.89165828089068,0,1011.9,23.10090753650832,6.900746517467557,63,,
2018,11,8,7,0,13.3,-77,29.3,7.4,290,336.0,145,275.6325923701437,0,1011.8,15.349942536904392,6.81842882377247,52,,
2018,11,8,8,0,15.1,-64,6.7,8,205,427.0,530,446.64989397786735,0,1011.6,14.619613840624766,9.340000497483071,41,,
2018,11,8,9,0,16,-45,0,8,140,561.0,757,633.9322086393006,0,1011.4,12.157238269740503,9.710198964325713,32,,
2018,11,8,10,0,16,-18,19.8,7.5,358,510.0,409,755.7047860228265,0,1011.2,6.776932390182935,9.91424053263754,26,,
2018,11,8,11,0,16.1,15,27.1,7,537,489.0,166,817.50910553927,0,1011.1,8.648058362780944,10.125126311020582,26,,
2018,11,8,12,0,16.1,43,4.5,6.9,180,399.0,693,791.1304395727738,0,1010.8,5.165111475475555,9.719398210134877,31,,
2018,11,8,13,0,16.2,63,36.7,7.3,344,257.0,170,670.3186133057106,0,1010.4,5.008149116535378,10.537788794871435,40,,
2018,11,8,14,0,16.2,77,45.7,7.6,313,117.0,38,475.8022167333039,0,1009.9,6.308033059650938,10.807867218073191,51,,
2018,11,8,15,0,15.8,88,42.2,7.9,253,29.0,4,249.47799404506043,0,1009.7,11.76027014354952,10.03311534722152,62,,
2018,11,8,16,0,15.1,97,22.6,8.3,96,8.0,79,107.46452297268604,0,1009.6,12.668790247911945,9.711533163741818,73,,
2018,11,8,17,0,14.3,107,13.8,8.7,37,4.0,12,44.539143010100965,0,1009.5,14.672054929482158,9.060589832385803,85,,
2018,11,8,18,0,13.4,117,0,8.7,0,3.0,0,14.595278112184037,0,1009.5,17.548420719481953,8.23325279449989,95,,
2018,11,8,19,0,12.3,128,0,8.3,0,0.0,0,1.0,0,1009.7,12.920132529902332,7.009993725092279,105,,
2018,11,8,20,0,11.2,140,0,7.9,0,0.0,0,0.0,0,1009.9,7.872911462612251,6.461046146461832,113,,
2018,11,8,21,0,10.8,155,0,7.6,0,0.0,0,0.0,0,1009.7,6.73112190604968,5.950931104766674,119,,
2018,11,8,22,0,11.2,171,0,7.3,0,0.0,0,0.0,0,1009,6.011979405727004,5.41724592253829,122,,
2018,11,8,23,0,11.6,-172,0,7,0,0.0,0,0.0,0,1008.4,357.268488911896,5.245950596064108,122,,
2018,11,9,0,0,11.9,-156,0,6.8,0,0.0,0,0.0,0,1007.8,349.9441114981534,5.598455192374003,119,,
2018,11,9,1,0,12.1,-141,0,6.9,0,0.0,0,0.0,0,1007.2,336.97114105145374,4.588308004375641,113,,
2018,11,9,2,0,12.4,-129,0,6.9,0,0.0,0,0.0,0,1006.6,337.1374605337898,6.389405267056616,105,,
2018,11,9,3,0,12.9,-117,0,7.3,0,0.0,0,0.0,0,1006.3,336.040061544119,6.125492197813179,96,,
2018,11,9,4,0,13.7,-108,32.3,8,20,0.0,4,0.0,0,1006.2,332.85548654677467,6.175269938758008,85,,
2018,11,9,5,0,14.5,-98,34.4,8.7,104,1.0,58,4.0,0,1006.2,329.1948778373417,6.033917805535444,74,,
2018,11,9,6,0,16,-89,19,9.4,218,9.0,136,47.59846112135213,0,1006,329.9809115986963,6.346435847413558,63,,
2018,11,9,7,0,18.2,-78,0.5,10.1,118,24.0,505,133.75339015315365,0,1005.6,329.59232056223954,5.319344459108068,52,,
2018,11,9,8,0,20.4,-64,0,10.8,123,65.0,666,275.119401243214,0,1005.3,335.3741951050458,6.149651898247555,41,,
2018,11,9,9,0,21.4,-46,2.8,11,178,140.0,700,445.8794114379421,0,1004.8,342.8645355074656,7.288623862034546,32,,
2018,11,9,10,0,21.3,-18,6.7,10.8,256,124.0,644,488.3660356139248,0,1004.2,336.64355869598535,6.993216092625021,26,,
2018,11,9,11,0,21.2,15,15.2,10.6,335,80.0,481,471.7603783246439,0,1003.6,327.9257208035097,7.3818968230268815,25,,
2018,11,9,12,0,20.9,44,59.3,10.7,364,98.0,0,511.394072683247,0,1003.1,331.77592901056204,8.685218240376514,31,,
2018,11,9,13,0,20.5,63,27,11,381,310.0,191,687.0760114408682,0,1002.7,345.0033053086664,9.110340129441528,40,,
2018,11,9,14,0,20,77,19.3,11.3,232,312.0,258,622.1974627199568,0,1002.4,345.4237546765059,8.940345474588238,51,,
2018,11,9,15,0,19.1,88,5.3,11.6,130,314.0,283,522.5237722127777,0,1002.3,349.27277177195504,9.401851325775874,62,,
2018,11,9,16,0,18,98,23.8,11.8,111,370.0,71,425.51770116303214,0,1002.6,349.49096946703537,8.909455431946746,73,,
2018,11,9,17,0,16.8,107,64.2,12,23,198.0,0,214.7961638878812,0,1002.9,346.4439851579708,9.332501791982736,84,,
2018,11,9,18,0,15.9,117,54.1,12,0,53.0,0,54.69402517523771,0,1003.3,341.5528168298026,7.592786331411128,95,,
2018,11,9,19,0,15.1,128,47.2,11.8,0,5.0,0,2.0981025773436,0,1003.8,338.74597968228056,6.800178032185394,104,,
2018,11,9,20,0,14.3,140,34.5,11.5,0,0.0,0,0.0,0,1004.3,336.3502499200929,6.880336987440194,113,,
2018,11,9,21,0,13.8,155,43.8,11.3,0,0.0,0,0.0,0,1004.5,332.4420733666286,6.641180042183427,119,,
2018,11,9,22,0,13.4,171,49.5,11,0,0.0,0,0.0,0,1004.7,331.4979976282288,7.009732807260104,122,,
2018,11,9,23,0,13.1,-172,58.3,10.7,0,0.0,0,0.0,0,1004.8,326.32236105940297,6.555240144040692,122,,
2018,11,10,0,0,12.8,-156,58.4,10.2,0,0.0,0,0.0,0,1005,330.38649823494404,5.863563688364137,119,,
2018,11,10,1,0,12.6,-141,68.4,9.5,0,0.0,0,0.0,0,1005.3,344.9398269160101,5.185678380530749,113,,
2018,11,10,2,0,12.3,-129,61.3,8.9,0,0.0,0,0.0,0,1005.6,6.193488110621047,6.465226259469056,105,,
2018,11,10,3,0,12.1,-118,69.1,8.3,0,0.0,0,0.0,0,1006.3,12.918410973409948,6.273783416522242,96,,
2018,11,10,4,0,12,-108,66.6,7.7,18,0.0,0,0.0,0,1007.2,10.46862125606276,6.21849987830542,85,,
2018,11,10,5,0,12,-98,81.3,7.2,52,11.0,0,10.017803679014294,0,1008.1,12.07444175125994,6.107531188825872,74,,
2018,11,10,6,0,12.2,-89,69.7,6.8,126,77.0,13,93.89807756283008,0,1008.8,12.167130064474634,5.575186770351252,63,,
2018,11,10,7,0,12.9,-78,63.9,6.6,237,163.0,0,229.87794225397752,0,1009.3,14.807362779721473,4.59775733026382,52,,
2018,11,10,8,0,13.5,-65,42.5,6.4,466,324.0,8,421.8286316474959,0,1009.8,9.120723860975886,5.6616710218142,41,,
2018,11,10,9,0,14,-46,42.7,5.9,517,644.0,26,685.05522219411,0,1010.1,5.6211571726744864,5.74270283469104,32,,
2018,11,10,10,0,14.3,-18,24.9,5.2,499,664.0,261,800.8119303109258,0,1010.2,1.5994084108078823,6.717705086472501,25,,
2018,11,10,11,0,14.6,15,17,4.5,388,661.0,456,874.9825402320195,0,1010.3,0.0,7.402587890625,25,,
2018,11,10,12,0,14.8,44,6.3,4.1,211,729.0,691,938.4591035284046,0,1010.4,357.3254345810552,8.036341975159415,31,,
2018,11,10,13,0,14.7,63,3.6,4,149,703.0000000000001,666,904.5611546889525,0,1010.5,358.6824962509587,8.154743746088247,40,,
2018,11,10,14,0,14.6,77,0.4,3.8,86,599.0,594,779.2366967649466,0,1010.6,358.4488299542664,8.405668164080787,51,,
2018,11,10,15,0,14.2,88,0,3.9,69,484.0,417,610.213419049711,0,1010.9,359.31289586827955,8.550663671473698,62,,
2018,11,10,16,0,13.4,98,0,4,54,193.0,219,326.7811134076196,0,1011.4,2.567837491894977,8.8714568661375,73,,
2018,11,10,17,0,12.5,107,3.6,4.2,32,70.0,42,142.36429175151406,0,1011.9,6.622936690461074,8.670409293501507,84,,
2018,11,10,18,0,11.7,117,0,4.3,0,8.0,0,23.640878005346448,0,1012.4,8.022965705381864,7.773596132279649,95,,
2018,11,10,19,0,10.8,128,0,4.5,0,0.0,0,1.0,0,1012.8,11.624807313726649,6.847984728249116,104,,
2018,11,10,20,0,9.9,140,0,4.6,0,0.0,0,0.0,0,1013.2,17.780555734015877,6.786832568335213,112,,
2018,11,10,21,0,9.5,155,0,4.8,0,0.0,0,0.0,0,1013.4,25.51529274404725,6.65680417364226,118,,
2018,11,10,22,0,9.7,171,0,5.1,0,0.0,0,0.0,0,1013.4,27.122878255368448,5.97739781046253,122,,
2018,11,10,23,0,9.9,-172,0,5.3,0,0.0,0,0.0,0,1013.4,34.02629092645111,6.138711126325218,122,,
2018,11,11,0,0,9.9,-156,0,5.8,0,0.0,0,0.0,0,1013.5,30.881197829105872,5.927760960929364,119,,
2018,11,11,1,0,9.9,-142,27.4,6.4,0,0.0,0,0.0,0,1013.6,32.1448939366926,5.7604948133947405,113,,
2018,11,11,2,0,9.9,-129,59.2,6.9,0,0.0,0,0.0,0,1013.7,37.9792556867327,5.553482332684574,105,,
2018,11,11,3,0,10.1,-118,59.7,7.5,0,0.0,0,0.0,0,1014,41.19719530512623,4.903921024044402,95,,
2018,11,11,4,0,10.6,-108,61.7,8.1,18,0.0,0,0.0,0,1014.5,38.519336773398095,4.447839055809904,85,,
2018,11,11,5,0,11.1,-99,69.4,8.7,72,25.0,0,13.105509908106812,0,1015,41.01321845851896,4.221090670564563,74,,
2018,11,11,6,0,11.9,-89,66.8,9.2,147,155.0,0,114.40887704674763,0,1015.2,42.00047675849373,3.919316099123031,63,,
2018,11,11,7,0,13,-78,37.7,9.8,382,340.0,12,284.75756751290766,0,1015.3,55.01655451078295,2.6728841760810846,51,,
2018,11,11,8,0,14.2,-65,51.1,10.4,386,496.0,0,480.3044412789978,0,1015.4,59.64596121244779,3.3837715886092834,41,,
2018,11,11,9,0,14.7,-46,35.1,10.4,544,704.0,45,703.1857386359168,0,1015.4,58.48558291338679,3.03218142956548,31,,
2018,11,11,10,0,14.7,-18,52.4,9.9,460,778.0,1,850.8602923495404,0,1015.2,49.5012633233506,3.017965090732395,25,,
2018,11,11,11,0,14.6,16,45.9,9.4,520,829.0000000000001,4,956.5210120918553,0,1015,38.35971338522569,3.057478856210907,25,,
2018,11,11,12,0,14.6,44,56.6,9.1,275,864.0,123,1008.5782203720536,0,1014.8,24.43833368953756,2.4714219325548963,31,,
2018,11,11,13,0,14.6,64,59.5,8.9,320,898.0,0,1007.5004118402176,0,1014.6,20.891484100024684,3.631309542931039,40,,
2018,11,11,14,0,14.5,77,77.7,8.8,140,885.0,0,928.7321283962116,0,1014.4,18.86234825992966,4.005380059650398,50,,
2018,11,11,15,0,14.4,88,73.4,8.7,113,859.0,0,795.041452493986,0,1014.3,18.405116219803176,4.893115795690592,62,,
2018,11,11,16,0,14.1,98,81.3,8.5,41,807.0,0,612.074522877562,0,1014.3,22.25220414492981,6.661119712433058,73,,
2018,11,11,17,0,13.8,107,60.8,8.4,19,707.0,0,393.53135110329646,0,1014.4,27.69736602026103,5.878687573798427,84,,
2018,11,11,18,0,13.5,117,42.3,8.4,0,511.0,0,164.508855803033,0,1014.4,25.7659443083594,5.135594651837168,94,,
2018,11,11,19,0,13.3,128,49,8.4,0,30.0,0,4.785112681045579,0,1014.4,33.99378841805992,5.352200797224786,104,,
2018,11,11,20,0,13.1,140,54.1,8.4,0,0.0,0,0.0,0,1014.4,63.43494882292202,5.265896413809319,112,,
2018,11,11,21,0,12.9,155,56.7,8.3,0,0.0,0,0.0,0,1014.1,90.24250159315358,4.730022834658194,118,,
2018,11,11,22,0,12.6,171,59.7,8.1,0,0.0,0,0.0,0,1013.3,110.17688414871418,3.2255314803023465,121,,
2018,11,11,23,0,12.3,-172,75.1,7.9,0,0.0,0,0.0,0,1012.5,172.4285369806944,2.751528845976031,122,,
2018,11,12,0,0,12.1,-156,66.4,8,0,0.0,0,0.0,0,1011.8,204.45837867937064,7.143212936685176,118,,
2018,11,12,1,0,12,-142,79.9,8.4,0,0.0,0,0.0,0,1011.2,212.41388958822208,9.11784388215048,113,,
2018,11,12,2,0,12,-129,77.2,8.9,0,0.0,0,0.0,0,1010.6,209.5079586404069,9.278489167829315,105,,
2018,11,12,3,0,12,-118,70.1,9.3,0,0.0,0,0.0,0,1010.2,210.7564296846857,8.736059463159963,95,,
2018,11,12,4,0,12.1,-108,72.8,9.8,19,0.0,0,0.0,0,1010,208.731778473292,9.376898922929438,85,,
2018,11,12,5,0,12.3,-99,37.8,10.2,133,9.0,5,10.060938987893524,0,1009.8,201.47685780238675,9.580237850992503,74,,
2018,11,12,6,0,12.7,-89,54.7,10.7,187,36.0,2,72.69496825447052,0,1009.3,197.6105996736339,10.056249975817332,62,,
2018,11,12,7,0,13.3,-79,58.7,11.3,251,39.0,0,143.5197571117881,0,1008.7,194.2959817861688,10.580074015238589,51,,
2018,11,12,8,0,13.9,-65,52,11.9,369,30.0,0,195.4148361283828,0,1008,202.8376364089032,10.90490148399678,40,,
2018,11,12,9,0,14.3,-47,41.9,12.3,397,77.0,123,347.76909352087944,0,1007.4,206.24497331091223,10.045866837057355,31,,
2018,11,12,10,0,14.5,-19,54.2,12.6,438,38.0,0,361.9832089897514,0,1006.8,203.87146018429144,10.921851536039323,25,,
2018,11,12,11,0,14.7,16,51.7,13,465,115.0,0,547.3859837644477,0,1006.2,204.84106367032345,10.818600364214404,25,,
2018,11,12,12,0,14.8,44,47,13.1,480,133.0,2,583.1059839920164,0,1005.6,204.99393571800687,9.828090858703408,30,,
2018,11,12,13,0,14.9,64,37,13.1,479,45.0,26,405.3558873740308,0,1005.1,208.4239278246908,10.168432898521408,39,,
2018,11,12,14,0,14.9,78,42.4,13,315,47.0,53,362.9114522791078,0,1004.5,207.2789072492328,9.333141881960309,50,,
2018,11,12,15,0,14.8,89,46.9,12.9,224,82.0,27,352.7223553467847,0,1004.3,204.49342005848624,8.659395582820972,61,,
2018,11,12,16,0,14.6,98,66.5,12.6,63,151.0,16,318.9374187713107,0,1004.3,202.11445079951795,9.310157894189755,73,,
2018,11,12,17,0,14.3,108,19.3,12.3,46,145.0,7,201.5636058273522,0,1004.3,197.9310365754527,11.051954784898118,84,,
2018,11,12,18,0,14,117,2.9,11.9,0,101.0,0,78.38578309129969,0,1004.3,199.4108162585249,10.117822275168509,94,,
2018,11,12,19,0,13.7,128,3.7,11.4,0,8.0,0,3.2357071417773247,0,1004.4,200.30623776274408,12.41956676653969,104,,
2018,11,12,20,0,13.4,141,0,10.9,0,0.0,0,0.0,0,1004.6,190.6033301660165,13.79065597879927,112,,
2018,11,12,21,0,13.2,155,0,10.8,0,0.0,0,0.0,0,1004.4,195.63044855956144,12.878854105285289,118,,
2018,11,12,22,0,13,171,0,10.9,0,0.0,0,0.0,0,1004.1,193.71693223447383,13.695540981704363,121,,
2018,11,12,23,0,12.8,-172,0,11,0,0.0,0,0.0,0,1003.8,192.30869130184817,13.9787978596462,121,,
2018,11,13,0,0,12.6,-156,0,11.1,0,0.0,0,0.0,0,1003.7,190.8618884538628,13.611287708526262,118,,
2018,11,13,1,0,12.4,-142,0,11,0,0.0,0,0.0,0,1003.7,192.946061709272,13.646934775921917,112,,
2018,11,13,2,0,12.3,-129,0,10.9,0,0.0,0,0.0,0,1003.7,193.61821959484973,13.70789097035488,104,,
2018,11,13,3,0,12.3,-118,0,10.8,0,0.0,0,0.0,0,1004,197.4609707837643,13.389424647476153,95,,
2018,11,13,4,0,12.5,-109,7.6,10.6,39,0.0,18,0.0,0,1004.5,199.9823677879953,11.32432720057391,85,,
2018,11,13,5,0,12.7,-99,0.7,10.4,62,1.0,186,4.009264182025554,0,1005,204.2318928581595,9.995692758988245,74,,
2018,11,13,6,0,13.4,-90,3.5,10.1,106,4.0,337,33.754232702261014,0,1005.4,202.6530888241156,9.4245809114053,62,,
2018,11,13,7,0,14.7,-79,0.2,9.7,88,19.0,567,125.11792009567584,0,1005.5,202.48992611185992,8.49626583933564,51,,
2018,11,13,8,0,16,-66,0,9.2,89,280.0,734,420.7922778110958,0,1005.7,200.83179563315127,8.597166155755732,40,,
2018,11,13,9,0,16.5,-47,0.9,8.5,109,428.0,827,615.6963549411842,0,1005.7,192.42371485456823,11.015515206513523,31,,
2018,11,13,10,0,16.4,-19,1.3,7.4,117,424.0,882,706.4806437386701,0,1005.6,202.9917965715317,6.208533002748934,25,,
2018,11,13,11,0,16.3,16,0,6.4,86,403.0,934,761.5214239690147,0,1005.4,219.2306762302255,6.719961301154299,24,,
2018,11,13,12,0,16.1,45,0,5.9,80,366.0,886,759.6999165517958,0,1005.2,218.225980432032,8.318931500799994,30,,
2018,11,13,13,0,15.8,64,0,5.9,73,418.0,780,767.6913006051876,0,1005.1,210.0762781200744,8.031292558995155,39,,
2018,11,13,14,0,15.6,78,0,5.9,66,261.0,625,597.6522791144258,0,1004.9,260.37062037249075,4.528898286573915,50,,
2018,11,13,15,0,15.1,89,0,6.1,60,164.0,435,428.8434002990128,0,1005,263.6420031499796,4.424675482633868,61,,
2018,11,13,16,0,14.3,98,0,6.5,49,152.0,233,312.91915914852154,0,1005.5,297.80641873775005,3.81007095250823,72,,
2018,11,13,17,0,13.5,108,2.5,7,31,57.0,53,140.80011361071826,0,1006,276.73012687815225,2.174898978879863,83,,
2018,11,13,18,0,12.8,117,0,7.3,0,24.0,0,43.16080171987146,0,1006.4,342.4539107882998,5.7133235617371945,94,,
2018,11,13,19,0,12.2,128,0,7.5,0,3.0,0,2.0982894132057104,0,1006.9,18.566876142323903,6.202975393840551,103,,
2018,11,13,20,0,11.5,141,0,7.7,0,0.0,0,0.0,0,1007.4,43.07912774505803,7.591507835764529,111,,
2018,11,13,21,0,11.1,155,0,7.8,0,0.0,0,0.0,0,1007.5,52.67711854139412,8.535374175547808,117,,
2018,11,13,22,0,11,171,0,7.9,0,0.0,0,0.0,0,1007.2,25.447896332830453,6.423256208106567,121,,
2018,11,13,23,0,10.9,-173,0,8.1,0,0.0,0,0.0,0,1006.9,40.875167258394015,7.888896507319576,121,,
2018,11,14,0,0,10.8,-156,0,8.2,0,0.0,0,0.0,0,1006.8,54.73274400838426,9.975923800056782,118,,
2018,11,14,1,0,10.9,-142,1.9,8.2,0,0.0,0,0.0,0,1006.7,41.90487203528966,7.235438839198998,112,,
2018,11,14,2,0,10.9,-130,21.1,8.3,0,0.0,0,0.0,0,1006.6,40.01655911443203,7.223879741982864,104,,
2018,11,14,3,0,11,-119,31.3,8.4,0,0.0,0,0.0,0,1006.6,42.23098192253229,6.918251105070827,95,,
2018,11,14,4,0,11.4,-109,14.4,8.6,44,0.0,8,0.0,0,1006.9,38.63809549196793,6.238028887264465,84,,
2018,11,14,5,0,11.7,-99,48.4,8.8,110,31.0,15,16.362521157019714,0,1007.1,31.396193121132683,6.0801664714233725,73,,
2018,11,14,6,0,12.6,-90,29.9,9.1,217,57.0,107,91.88942344296656,0,1007.2,33.67140264118376,6.44358254075408,62,,
2018,11,14,7,0,14,-79,27.4,9.4,237,66.0,229,181.872251566611,0,1007.3,39.3231845519486,5.361359253951068,51,,
2018,11,14,8,0,15.4,-66,25.7,9.7,346,223.0,261,385.9307944450249,0,1007.3,33.43728623344083,5.371746769828711,40,,
2018,11,14,9,0,16.1,-47,6.2,9.5,200,142.0,677,439.69281451218825,0,1007.3,36.84534002884118,4.89863326245813,31,,
2018,11,14,10,0,16.1,-19,26.1,9,414,276.0,326,602.0209396132038,0,1007.1,29.67894358080184,5.47312713383416,24,,
2018,11,14,11,0,16.2,16,27.8,8.4,379,400.0,346,737.5379289876325,0,1007,20.24468321113568,7.109097385226158,24,,
2018,11,14,12,0,16.1,45,2.9,8.1,147,451.0,774,788.7065027911339,0,1006.9,16.716765878558476,8.334913056766261,30,,
2018,11,14,13,0,16,65,31.8,8.1,284,389.0,295,728.381420103797,0,1006.9,13.282009776333156,8.803100581705706,39,,
2018,11,14,14,0,15.9,78,7.2,8,157,423.0,469,684.0343496192623,0,1006.9,13.544323521620017,9.607275462096409,50,,
2018,11,14,15,0,15.5,89,2.4,8,91,459.0,383,600.9214295252043,0,1007.2,24.344644820314443,7.938542579153946,61,,
2018,11,14,16,0,14.8,99,0,8.2,52,349.0,227,416.51117183780025,0,1007.8,33.285415825997575,8.053645987009984,72,,
2018,11,14,17,0,14.1,108,1.7,8.3,30,356.0,57,281.46673334288766,0,1008.4,42.70201144615385,7.715325835412399,83,,
2018,11,14,18,0,13.4,118,0,8,1,385.0,0,147.04939280197542,0,1008.9,40.1755934817653,7.502473681523533,94,,
2018,11,14,19,0,12.8,128,0,7.3,0,19.0,0,4.685253417062638,0,1009.4,36.35663761887787,8.105354510501893,103,,
2018,11,14,20,0,12.1,141,0,6.6,0,0.0,0,0.0,0,1009.9,34.82979434900142,8.469723962189416,111,,
2018,11,14,21,0,11.8,155,0,6.5,0,0.0,0,0.0,0,1010.2,43.09411985385816,7.55257744104483,117,,
2018,11,14,22,0,11.8,171,0,6.8,0,0.0,0,0.0,0,1010.3,47.39085779976534,7.3744168535925345,121,,
2018,11,14,23,0,11.8,-173,0,7.2,0,0.0,0,0.0,0,1010.4,43.09560403876833,8.24417742892909,121,,
2018,11,15,0,0,11.6,-157,0,7.5,0,0.0,0,0.0,0,1010.6,45.79627301484777,7.999918013390999,118,,
2018,11,15,1,0,11.4,-142,0,7.6,0,0.0,0,0.0,0,1010.9,47.7917153732559,8.056526503245951,112,,
2018,11,15,2,0,11.1,-130,0,7.8,0,0.0,0,0.0,0,1011.2,51.762780721501485,8.240334618015877,104,,
2018,11,15,3,0,11.1,-119,0,8.1,0,0.0,0,0.0,0,1011.6,54.48171570152829,8.133219966153709,95,,
2018,11,15,4,0,11.5,-109,5.2,8.4,38,0.0,24,0.0,0,1012,57.631089230998384,7.541715817177155,84,,
2018,11,15,5,0,11.8,-100,25.2,8.8,125,41.0,54,17.57629072741079,0,1012.5,59.15417481372128,7.22142044231396,73,,
2018,11,15,6,0,12.8,-90,49.3,9.2,227,212.0,0,130.00575758027324,0,1012.8,65.58465245001679,6.677200304951835,62,,
2018,11,15,7,0,14.2,-80,70.2,9.6,187,550.0,0,345.4365792423947,0,1012.7,71.28226282419251,5.912820965400113,51,,
2018,11,15,8,0,15.7,-66,77.4,10,184,674.0,0,546.8325592892579,0,1012.7,70.42370911593298,6.66271845064011,40,,
2018,11,15,9,0,16.5,-48,45.6,10,298,750.0,216,726.8580539176489,0,1012.6,67.10278433119402,6.746698636236356,30,,
2018,11,15,10,0,16.6,-19,14.5,9.6,385,778.0,465,859.4136850252186,0,1012.3,66.02546705461202,7.075520223524629,24,,
2018,11,15,11,0,16.7,16,4.8,9.2,216,805.0,733,952.885130803344,0,1012,71.14897405660702,6.963602401498973,24,,
2018,11,15,12,0,16.7,45,2,9.1,145,840.0,779,1003.7288073896202,0,1011.8,76.44812960201358,6.668073156128276,30,,
2018,11,15,13,0,16.6,65,3.6,9.1,153,869.0,649,1000.375888777166,0,1011.5,65.95053946665394,7.054780032204789,39,,
2018,11,15,14,0,16.5,78,3.5,9.1,144,884.0,502,937.5607734313847,0,1011.3,60.50627868482832,7.571248633391036,50,,
2018,11,15,15,0,16.1,89,6.8,9.2,138,861.0,311,806.795263615435,0,1011.2,57.77382900378569,8.354377350723029,61,,
2018,11,15,16,0,15.3,99,0,9.4,64,835.0,211,635.965108547769,0,1011.2,54.77113185431068,9.062310529240944,72,,
2018,11,15,17,0,14.5,108,4.2,9.5,38,735.0,46,414.3902092420522,0,1011.2,53.38064666104509,9.145204622749196,83,,
2018,11,15,18,0,13.5,118,0,9.5,1,541.0,0,181.86907997444035,0,1011.3,56.18663313323839,8.464140598330463,93,,
2018,11,15,19,0,12.5,129,0,9.4,0,48.0,0,6.889682285450565,0,1011.4,64.65728059938772,8.854573087153348,103,,
2018,11,15,20,0,11.4,141,0,9.4,0,0.0,0,0.0,0,1011.5,76.67371986835434,8.807218098272083,111,,
2018,11,15,21,0,10.6,155,0,9.2,0,0.0,0,0.0,0,1011.3,83.8883315174204,8.030506411316692,117,,
2018,11,15,22,0,10.1,171,0,8.9,0,0.0,0,0.0,0,1010.9,85.61136737868645,7.77523876771103,120,,
2018,11,15,23,0,9.6,-173,0,8.5,0,0.0,0,0.0,0,1010.5,94.19974942171086,7.134146863253167,120,,
2018,11,16,0,0,9.3,-157,0,8.3,0,0.0,0,0.0,0,1010.2,122.46466508883606,5.588433504317034,117,,
2018,11,16,1,0,9.1,-142,0,8.1,0,0.0,0,0.0,0,1010,207.2717199404952,5.816184409210519,112,,
2018,11,16,2,0,8.9,-130,0,7.9,0,0.0,0,0.0,0,1009.9,227.6086301095923,7.771899833225384,104,,
2018,11,16,3,0,9.3,-119,0,8.1,0,0.0,0,0.0,0,1009.9,260.3620414946508,6.80850206095621,95,,
2018,11,16,4,0,10.3,-109,0,8.6,30,0.0,39,0.0,0,1010,287.9613700347401,6.202167158379378,84,,
2018,11,16,5,0,11.4,-100,0,9.2,68,6.0,187,9.098065666234284,0,1010.1,310.56813300026624,5.627587999929366,73,,
2018,11,16,6,0,12.9,-90,0,9.6,89,11.0,374,48.15269813850043,0,1010.1,322.5724099771768,3.998187444216246,62,,
2018,11,16,7,0,14.8,-80,0.1,9.8,104,35.0,555,142.33488621752778,0,1010,348.2947854193281,3.130032464078423,51,,
2018,11,16,8,0,16.6,-67,0.3,9.9,115,78.0,707,273.287847496123,0,1009.8,6.09646762663948,2.8965081736743823,40,,
2018,11,16,9,0,17.6,-48,0,10,110,129.0,836,412.0057758033703,0,1009.4,1.376700776540531,2.3981531825831706,30,,
2018,11,16,10,0,17.7,-20,0,9.8,111,238.0,898,569.676818723836,0,1008.8,341.382229722458,2.6857107660395885,24,,
2018,11,16,11,0,17.7,16,0,9.6,110,319.0,902,681.1771450092351,0,1008.1,351.78801716554113,3.938084702750997,24,,
2018,11,16,12,0,17.7,45,0,9.7,106,423.0,849,765.3485214674636,0,1007.6,6.993938472735465,4.619579186296441,29,,
2018,11,16,13,0,17.7,65,0,10,99,486.0,744,780.5723749106726,0,1007,17.1872920830819,4.8646993139955095,39,,
2018,11,16,14,0,17.6,79,0,10.3,88,702.0000000000001,596,834.168390778653,0,1006.5,22.023055496811253,6.000325512003495,49,,
2018,11,16,15,0,17.1,89,0,10.7,75,804.0,418,774.4549979499874,0,1006.1,34.14856045977399,7.277152025663216,61,,
2018,11,16,16,0,16.2,99,0,11.2,58,632.0,227,545.4686739884469,0,1006,43.46662607679684,7.664218850441536,72,,
2018,11,16,17,0,15.2,108,8.2,11.8,45,671.0,39,392.3927313298219,0,1005.8,51.29883178232024,9.296154090434811,83,,
2018,11,16,18,0,14.2,118,0,11.7,1,522.0,1,179.35098360767978,0,1005.8,57.49302318017254,9.503907683059202,93,,
2018,11,16,19,0,13.2,129,0,11.1,0,49.0,0,7.09068363242759,0,1006,64.57670655967462,9.369762292674178,103,,
2018,11,16,20,0,12.1,141,25.7,10.5,0,0.0,0,0.0,0,1006.2,73.50556434803735,9.008161212163126,111,,
2018,11,16,21,0,11.5,155,42.2,10.3,0,0.0,0,0.0,0,1006,81.13496365989289,8.597578943538482,117,,
2018,11,16,22,0,11.4,171,36.9,10.4,0,0.0,0,0.0,0,1005.4,82.99531189927018,8.117964097029844,120,,
2018,11,16,23,0,11.2,-173,38.2,10.5,0,0.0,0,0.0,0,1004.7,81.25503296548789,8.008134673546007,120,,
2018,11,17,0,0,11.3,-157,52.9,10.6,0,0.0,0,0.0,0,1004.1,80.166505014689,7.992422870440422,117,,
2018,11,17,1,0,11.5,-143,37,10.8,0,0.0,0,0.0,0,1003.6,80.10833230603606,8.178958842150069,111,,
2018,11,17,2,0,11.7,-130,41.6,11,0,0.0,0,0.0,0,1003.1,80.09520353280732,8.559959849292408,104,,
2018,11,17,3,0,12.2,-119,51.1,11.2,0,0.0,0,0.0,0,1002.8,80.46040773833016,8.809321323974162,94,,
2018,11,17,4,0,13,-109,45.4,11.5,38,0.0,1,0.0,0,1002.7,83.71147757363508,8.969006312093853,84,,
2018,11,17,5,0,13.7,-100,64.1,11.9,84,73.0,0,21.35451928609236,0,1002.6,89.84706976913884,8.415069038166845,73,,
2018,11,17,6,0,15,-91,39.7,12.1,231,446.0,48,167.2504622312777,0,1002.2,92.41643688153522,7.944564499055368,62,,
2018,11,17,7,0,16.8,-80,34.7,12.3,326,662.0,91,373.4898687354005,0,1001.7,87.06504201747225,6.007880519288429,51,,
2018,11,17,8,0,18.5,-67,3.8,12.5,199,756.0,571,573.853201331119,0,1001.2,78.00498287271995,5.906553477609427,40,,
2018,11,17,9,0,19.5,-48,1.4,12.4,174,815.0000000000001,733,752.2402719685512,0,1000.7,73.37338141542784,5.460736665320762,30,,
2018,11,17,10,0,19.7,-20,10.4,12,299,871.0,586,892.426919821431,0,1000.3,69.07578159177245,5.425152054866334,24,,
2018,11,17,11,0,19.8,16,9.7,11.6,303,858.0,596,966.0311759886454,0,1000,65.28117503259602,5.829031129815101,23,,
2018,11,17,12,0,19.7,46,0.4,11.2,121,928.0,820,1039.0756113914465,0,999.7,59.68841449718013,5.988602701158,29,,
2018,11,17,13,0,19.4,65,1.1,10.7,124,929.0,702,1021.9308249457064,0,999.4,47.48653968066998,6.844111463503025,38,,
2018,11,17,14,0,19,79,0.4,10.3,100,919.0,578,946.5492752693624,0,999.2,42.81088288513735,8.008442774834283,49,,
2018,11,17,15,0,18.3,90,34.4,10.1,218,895.0,111,816.5726294445241,0,999.1,42.6864156331942,8.672580174822999,60,,
2018,11,17,16,0,17.3,99,21.6,10,127,847.0,84,636.3651305796861,0,999.3,45.89481890638615,8.7107672020384,72,,
2018,11,17,17,0,16.2,108,3.9,10,40,756.0,50,420.3734175174575,0,999.5,50.91613131096199,8.48993126130893,83,,
2018,11,17,18,0,15.2,118,0,10,1,572.0000000000001,1,190.4340262040279,0,999.9,56.63020803959307,8.067587648198721,93,,
2018,11,17,19,0,14.3,129,0,10,0,60.0,0,8.757519377579012,0,1000.3,60.95351471630039,8.367333746592802,102,,
2018,11,17,20,0,13.3,141,0,10.1,0,0.0,0,0.0,0,1000.8,74.9653581147009,8.702938146314622,110,,
2018,11,17,21,0,12.8,155,0,10.3,0,0.0,0,0.0,0,1000.9,84.66729665699859,8.526896239144293,116,,
2018,11,17,22,0,12.7,171,0,10.6,0,0.0,0,0.0,0,1000.8,87.2519847449368,7.663842348753459,120,,
2018,11,17,23,0,12.6,-173,0,10.9,0,0.0,0,0.0,0,1000.7,92.13451746584484,6.712176864631937,120,,
2018,11,18,0,0,12.5,-157,0,11.1,0,0.0,0,0.0,0,1000.6,106.1585661719858,5.119734617932817,117,,
2018,11,18,1,0,12.5,-143,19.7,11.1,0,0.0,0,0.0,0,1000.7,120.8688828939076,4.526170402454846,111,,
2018,11,18,2,0,12.5,-130,43,11.2,0,0.0,0,0.0,0,1000.7,179.87205212117817,4.482433051467292,104,,
2018,11,18,3,0,12.5,-119,43,11,0,0.0,0,0.0,0,1001,188.79972367395104,6.830399821742027,94,,
2018,11,18,4,0,12.6,-110,42.3,10.8,36,0.0,3,0.0,0,1001.4,180.4847124169363,7.965128775188413,84,,
2018,11,18,5,0,12.7,-100,59.4,10.5,103,73.0,6,21.509950364875746,0,1001.9,182.83723250122893,8.685695906832304,73,,
2018,11,18,6,0,13.3,-91,45.7,10.4,215,291.0,38,144.18139376706205,0,1002.2,184.0182364352868,8.741458981783053,62,,
2018,11,18,7,0,14.5,-81,48.4,10.7,311,628.0,24,362.61081608399695,0,1002.3,189.86058633434268,7.460306051006445,50,,
2018,11,18,8,0,15.6,-67,36.6,10.9,369,777.0,154,577.7983977800943,0,1002.4,199.7808373270817,7.704618668969187,40,,
2018,11,18,9,0,16.3,-49,45.4,10.9,479,848.0,37,760.8311642202034,0,1002.4,208.9404608097456,7.71320121953126,30,,
2018,11,18,10,0,16.4,-20,37.3,10.5,497,898.0,136,906.9527738046764,0,1002.4,221.17995941877217,7.058438171124571,24,,
2018,11,18,11,0,16.5,16,44.2,10.2,506,926.0,59,1003.4944061010128,0,1002.3,225.2264643523412,7.162964781482204,23,,
2018,11,18,12,0,16.7,46,29.9,10,485,941.0,186,1046.6078500843064,0,1002,222.45465273237616,7.685111508283318,29,,
2018,11,18,13,0,16.9,66,15,10,332,946.0,384,1032.0046880203504,0,1001.5,221.79518910910627,8.192359708743655,38,,
2018,11,18,14,0,17,79,2.5,10,159,940.0,503,959.0445451066216,0,1001,217.99283099823668,8.46373485207769,49,,
2018,11,18,15,0,16.8,90,1,10.2,121,919.0,358,830.1554203119634,0,1000.8,213.60308370603647,9.18797742485479,60,,
2018,11,18,16,0,16.1,99,37.8,10.4,135,875.0,45,650.9563072635058,0,1000.9,209.5523143688628,9.802887457248758,71,,
2018,11,18,17,0,15.4,109,21.5,10.7,59,787.0,0,433.4380175619258,0,1001,208.08024145225207,10.186624059288954,82,,
2018,11,18,18,0,14.7,118,37.2,10.8,2,605.0,0,199.89522736539925,0,1001,207.54157837812167,9.840237469157994,93,,
2018,11,18,19,0,13.9,129,42.5,10.9,0,73.0,0,9.594534412584991,0,1000.8,202.2195421165743,10.300018536912107,102,,
2018,11,18,20,0,13.2,141,47.2,10.9,0,0.0,0,0.0,0,1000.6,202.13528250210385,11.537878847463272,110,,
2018,11,18,21,0,13.2,155,42.2,10.9,0,0.0,0,0.0,0,1000.2,202.25920608234583,12.13686529880786,116,,
2018,11,18,22,0,14,171,42.4,10.8,0,0.0,0,0.0,0,999.7,203.4303747187932,12.718651607142217,120,,
2018,11,18,23,0,14.8,-173,42.7,10.7,0,0.0,0,0.0,0,999.2,205.1783187787263,12.569225961350618,120,,
2018,11,19,0,0,15.2,-157,42.2,11.3,0,0.0,0,0.0,0,998.9,204.7837790385839,12.553704957430174,117,,
2018,11,19,1,0,15.1,-143,50.9,12.6,0,0.0,0,0.0,0,999,200.01794115996685,12.93398864290716,111,,
2018,11,19,2,0,15,-131,69,13.9,0,0.0,0,0.0,0,999,199.78919734886225,13.380264516227175,103,,
2018,11,19,3,0,15,-120,79.7,14.5,0,0.0,0,0.0,0,999.2,199.7173865373749,13.663674536072527,94,,
2018,11,19,4,0,15.2,-110,67.9,14.6,25,0.0,0,0.0,0,999.6,197.4534173438642,13.894829398048524,84,,
2018,11,19,5,0,15.3,-101,65.1,14.6,80,106.0,0,23.409199809837204,0,999.9,194.90601089779184,14.257360943476158,73,,
2018,11,19,6,0,15.9,-91,69.4,14.2,130,370.0,0,157.70091405029524,0,1000.2,194.08145610131027,14.632316187859782,62,,
2018,11,19,7,0,16.8,-81,69,13.5,196,674.0,0,375.4622998683146,0,1000.5,197.97535902867645,15.091868901367826,50,,
2018,11,19,8,0,17.7,-68,55.1,12.8,357,787.0,0,581.5761567363048,0,1000.8,202.2705418367797,15.752715400844997,39,,
2018,11,19,9,0,18.1,-49,63.1,11.9,337,840.0,0,757.3356864246571,0,1001.2,203.58422774733867,16.427300521496907,30,,
2018,11,19,10,0,18,-21,46.6,11,520,777.0,0,869.1668693450912,0,1001.5,205.9556629811077,16.302054128123032,23,,
2018,11,19,11,0,18,16,48.5,10,503,852.0,0,988.078042234996,0,1001.8,207.1335578094232,16.329886785854683,23,,
2018,11,19,12,0,17.7,46,52,9.5,407,874.0,34,1032.736520943306,0,1002,205.97585630847,16.09628236902017,29,,
2018,11,19,13,0,17.3,66,63.7,9.3,299,815.0000000000001,0,981.452057421157,0,1002,204.57421513030147,16.25504199265483,38,,
2018,11,19,14,0,16.8,79,62.3,9.1,166,723.0,86,862.0885416031355,0,1002,206.6086514112577,16.069668763897564,49,,
2018,11,19,15,0,16.4,90,82.9,9.1,83,800.0,0,788.0636056830151,0,1002.2,206.76851290783665,15.742214346737368,60,,
2018,11,19,16,0,15.9,99,81.8,9.3,50,547.0,0,521.4595589589514,0,1002.5,205.9125938219001,15.417749374835369,71,,
2018,11,19,17,0,15.5,109,63.7,9.4,30,285.0,0,266.04014775885355,0,1002.9,202.75577731082703,14.994802554030429,82,,
2018,11,19,18,0,15,118,57.6,9.5,1,316.0,0,143.07349768870552,0,1003.3,197.439343765546,14.289383310561597,93,,
2018,11,19,19,0,14.5,129,64.9,9.6,0,48.0,0,9.520413670588232,0,1003.7,196.86506596187093,13.994471216123593,102,,
2018,11,19,20,0,14,141,57.5,9.6,0,0.0,0,0.0,0,1004.1,194.3701415894112,15.190354139875245,110,,
2018,11,19,21,0,13.6,155,58.8,9.7,0,0.0,0,0.0,0,1003.9,195.6812544171152,15.56694705076372,116,,
2018,11,19,22,0,13.4,171,52.6,9.7,0,0.0,0,0.0,0,1003.1,194.92380050000315,15.852339297344704,119,,
2018,11,19,23,0,13.2,-173,42.4,9.7,0,0.0,0,0.0,0,1002.2,192.40797603973888,16.17292716800608,119,,
2018,11,20,0,0,13,-157,42,9.9,0,0.0,0,0.0,0,1001.7,191.85791322321424,16.801160544234,117,,
2018,11,20,1,0,12.8,-143,42.9,10.2,0,0.0,0,0.0,0,1001.6,192.3084519775426,17.661082138229286,111,,
2018,11,20,2,0,12.6,-131,43.8,10.5,0,0.0,0,0.0,0,1001.4,190.19467805031368,17.387054738363858,103,,
2018,11,20,3,0,12.6,-120,44.5,10.9,0,0.0,0,0.0,0,1001.3,189.40872313619795,16.775727928075813,94,,
2018,11,20,4,0,12.7,-110,58.6,11.3,20,0.0,0,0.0,0,1001.2,187.16907511691696,17.28773990955608,84,,
2018,11,20,5,0,12.9,-101,78.1,11.6,53,18.0,0,16.44431298160535,0,1001.2,186.93171499004364,17.027043825865505,73,,
2018,11,20,6,0,13.4,-91,39.9,11.9,209,16.0,70,60.25992507885006,0,1001.1,187.4448233198117,17.44220202981121,61,,
2018,11,20,7,0,14.2,-81,27.2,12.2,324,95.0,143,202.86484015488224,0,1001,189.9931537356892,17.216274923028053,50,,
2018,11,20,8,0,15.1,-68,66.9,12.5,270,95.0,0,297.3176685988568,0,1000.8,191.94032344207983,16.663267137205906,39,,
2018,11,20,9,0,15.6,-50,30.3,12.2,497,57.0,151,328.5402152660905,0,1000.6,193.07605710630665,16.066747678935656,30,,
2018,11,20,10,0,15.9,-21,35,11.4,518,43.0,130,391.59314633015225,0,1000.3,196.8954086644968,15.94839219402412,23,,
2018,11,20,11,0,16.2,16,55.5,10.6,405,27.0,43,369.376476884692,0,1000,199.05624661489955,14.51027238705177,23,,
2018,11,20,12,0,16.3,46,66.4,10.1,318,33.0,2,400.7352818798914,0,999.7,201.19957652351755,13.211709950229686,28,,
2018,11,20,13,0,16.2,66,66.6,9.8,276,24.0,0,344.8743601770572,0,999.6,200.87453074356523,12.404267277574917,38,,
2018,11,20,14,0,16,80,26.3,9.4,357,14.0,142,249.82138359183352,0,999.4,206.23167546316813,9.626391920161314,49,,
2018,11,20,15,0,15.5,90,17.3,9.3,197,9.0,211,169.61338429191298,0,999.6,200.9929100456096,8.0386973818061,60,,
2018,11,20,16,0,14.6,100,39.5,9.2,127,5.0,60,94.95119133049224,0,1000.2,184.02298783411493,13.112387273574823,71,,
2018,11,20,17,0,13.7,109,32.6,9.2,57,3.0,1,44.26167799710014,0,1000.9,187.32976503250185,9.9738372001895,82,,
2018,11,20,18,0,13,119,0,9.2,2,1.0,0,12.23756415990812,0,1001.5,193.22809978650787,9.286438028196056,92,,
2018,11,20,19,0,12.5,129,19.3,9.3,0,0.0,0,1.0,0,1002,219.80812395350608,8.418831230995105,102,,
2018,11,20,20,0,11.9,141,42.4,9.4,0,0.0,0,0.0,0,1002.5,216.2614038280959,6.758681930444735,110,,
2018,11,20,21,0,11.6,155,30.7,9.5,0,0.0,0,0.0,0,1002.9,272.0316401222474,4.097546411429486,116,,
2018,11,20,22,0,11.5,171,4.7,9.6,0,0.0,0,0.0,0,1003.1,219.6602467786484,4.63391216022117,119,,
2018,11,20,23,0,11.4,-173,21.2,9.7,0,0.0,0,0.0,0,1003.4,230.13549004802536,2.491781554449345,119,,
2018,11,21,0,0,11.2,-157,35.2,9.5,0,0.0,0,0.0,0,1003.8,1.9387374287002217,6.206189318741545,116,,
2018,11,21,1,0,11,-143,40.1,9.2,0,0.0,0,0.0,0,1004.4,359.85887767574064,5.055191115182255,111,,
2018,11,21,2,0,10.8,-131,42.9,8.9,0,0.0,0,0.0,0,1005,22.291304457221827,6.346877943007267,103,,
2018,11,21,3,0,10.6,-120,40.7,8.4,0,0.0,0,0.0,0,1005.7,40.4644905390237,7.330877482583512,94,,
2018,11,21,4,0,10.4,-110,37.1,7.7,41,0.0,3,0.0,0,1006.7,37.828407826873615,8.666154053472065,84,,
2018,11,21,5,0,10.3,-101,63.3,7,98,36.0,0,23.955755031905,0,1007.6,37.76385104775949,9.670610656431798,73,,
2018,11,21,6,0,10.9,-92,62.2,6.6,184,143.0,0,134.3848541844104,0,1008.3,33.770005778280904,9.512454041684547,61,,
2018,11,21,7,0,12.2,-81,42.8,6.5,360,458.0,26,351.41646125404765,0,1008.7,42.51630903541741,9.38160325833227,50,,
2018,11,21,8,0,13.6,-68,23,6.5,339,659.0,307,577.7292797440223,0,1009.1,47.28919464180723,8.937808638358756,39,,
2018,11,21,9,0,14.5,-50,29.3,6.4,382,742.0,295,766.6400805043669,0,1009.3,46.95484857727547,7.874598477738907,29,,
2018,11,21,10,0,14.9,-21,27,6.3,432,852.0,315,917.2645256749348,0,1009.3,40.44126215979321,7.5846513783473855,23,,
2018,11,21,11,0,15.3,16,27.5,6.2,540,889.0,204,1019.7445014540864,0,1009.3,36.73535941145644,7.465206127463617,22,,
2018,11,21,12,0,15.4,46,32.6,6.3,512,902.0,141,1060.3728631680317,0,1009.3,37.9445195348784,7.42786893439353,28,,
2018,11,21,13,0,15.1,66,47.4,6.7,360,903.0,80,1042.4954650548275,0,1009.2,40.4837079941708,7.096728573409366,38,,
2018,11,21,14,0,14.9,80,35.1,7.1,275,857.0,167,947.2689014784776,0,1009.1,35.80064529267065,7.1668729646140426,48,,
2018,11,21,15,0,14.6,90,49.4,7.4,230,638.0,32,718.2270987823583,0,1009.1,28.632110316274805,7.528262931000357,60,,
2018,11,21,16,0,14.1,100,63.6,7.6,110,529.0,0,523.5777580343395,0,1009.4,23.081858733508057,8.245009618028313,71,,
2018,11,21,17,0,13.6,109,48.2,7.8,40,329.0,1,291.30203566071606,0,1009.6,30.256437163529256,7.814499744065515,82,,
2018,11,21,18,0,13.1,119,0,7.8,2,89.0,1,84.42171203463981,0,1009.9,51.67934493016821,7.523505383875508,92,,
2018,11,21,19,0,12.6,129,19.3,7.7,0,8.0,0,5.471954516734099,0,1010.2,62.20903738746836,8.359217405170615,102,,
2018,11,21,20,0,12.1,141,42.8,7.5,0,0.0,0,0.0,0,1010.6,87.52535937007929,9.493716838068048,110,,
2018,11,21,21,0,11.9,155,42.8,7.5,0,0.0,0,0.0,0,1010.4,98.86920431272564,9.16204188933328,115,,
2018,11,21,22,0,11.9,171,22.9,7.7,0,0.0,0,0.0,0,1009.8,109.55743076944054,7.184520190822316,119,,
2018,11,21,23,0,11.9,-173,0,7.8,0,0.0,0,0.0,0,1009.2,118.82780304652492,5.0080896857285415,119,,
2018,11,22,0,0,11.9,-158,0,7.9,0,0.0,0,0.0,0,1008.7,198.49779608785897,2.11153188563848,116,,
2018,11,22,1,0,11.9,-143,0,7.9,0,0.0,0,0.0,0,1008.2,274.33238696567844,5.79145088296959,111,,
2018,11,22,2,0,11.9,-131,0,7.9,0,0.0,0,0.0,0,1007.8,285.00878024830774,4.402632127606336,103,,
2018,11,22,3,0,12.1,-120,0,7.9,1,0.0,0,0.0,0,1007.5,302.97511290181467,2.333416449110979,94,,
2018,11,22,4,0,12.5,-111,41.8,8,35,0.0,1,0.0,0,1007.5,203.8625975532216,0.7109169171047102,83,,
2018,11,22,5,0,12.8,-101,75.3,8.1,64,1.0,0,6.02831999383512,0,1007.4,184.08901133107884,2.3487522404179386,73,,
2018,11,22,6,0,13.4,-92,71.5,8.3,136,3.0,0,26.621370721020543,0,1007.3,157.54055522704527,3.233016728642561,61,,
2018,11,22,7,0,14.2,-82,60.6,8.5,261,6.0,0,74.34573932793593,0,1007,155.04942174338453,4.243444330333705,50,,
2018,11,22,8,0,15,-69,41.1,8.6,451,66.0,40,274.2102639552332,0,1006.8,147.1986892598926,1.6152033958554763,39,,
2018,11,22,9,0,15.5,-50,63.5,8.7,341,23.0,1,249.412503656564,0,1006.4,121.52000875915422,0.8798091065827172,29,,
2018,11,22,10,0,15.6,-22,38.7,8.6,487,16.0,131,306.28118761265966,0,1005.8,127.23965581188872,1.7553588187646705,23,,
2018,11,22,11,0,15.6,16,38.3,8.5,549,16.0,74,333.4848299220526,0,1005.2,148.2097102141705,0.4411858202373639,22,,
2018,11,22,12,0,15.6,47,35.7,8.5,411,8.0,204,261.473166847129,0,1004.7,53.10900152788929,1.5910157328942085,28,,
2018,11,22,13,0,15.3,66,54.9,8.7,379,7.0,0,236.4025490099428,0,1004.2,74.67223680469806,3.31012583167852,37,,
2018,11,22,14,0,15,80,38.7,8.9,368,9.0,52,229.63340883645725,0,1003.7,63.77365877025767,3.76775303143449,48,,
2018,11,22,15,0,14.7,91,51.8,9.1,230,16.0,16,231.8274694198618,0,1003.4,62.86150579215564,5.70553459057407,59,,
2018,11,22,16,0,14.2,100,58.7,9.3,119,6.0,0,115.57171390924611,0,1003.3,68.03913456301694,9.024710511745216,71,,
2018,11,22,17,0,13.8,109,59.3,9.5,40,4.0,0,56.70494750587951,0,1003.3,71.86338904120191,11.372387116975316,82,,
2018,11,22,18,0,13.3,119,42.2,9.5,2,3.0,0,24.73138767715483,0,1003.2,74.30684193812738,12.477564191647383,92,,
2018,11,22,19,0,13,129,42.5,9.5,0,1.0,0,3.062205832605453,0,1003.2,71.32828648571649,13.806748761449589,101,,
2018,11,22,20,0,12.6,141,42.7,9.5,0,0.0,0,0.0,0,1003.2,70.02713434730879,14.587322904873265,109,,
2018,11,22,21,0,12.4,155,42.8,9.6,0,0.0,0,0.0,0,1002.9,68.45233911146602,14.648767560164988,115,,
2018,11,22,22,0,12.3,171,40.6,9.7,0,0.0,0,0.0,0,1002.4,62.40194085295383,14.7649248249822,119,,
2018,11,22,23,0,12.3,-173,39.5,9.8,0,0.0,0,0.0,0,1002,65.39941565943917,14.47929795592176,119,,
2018,11,23,0,0,12.2,-158,35.4,9.8,0,0.0,0,0.0,0,1001.7,58.78644925076742,14.568934891442735,116,,
2018,11,23,1,0,12.1,-144,17.8,9.7,0,0.0,0,0.0,0,1001.5,61.31438987482875,15.078126630634753,110,,
2018,11,23,2,0,12,-131,0,9.5,0,0.0,0,0.0,0,1001.4,54.11169065116167,16.018463962425685,103,,
2018,11,23,3,0,12,-120,0,9.4,1,0.0,0,0.0,0,1001.5,58.2005675350614,16.472566636483794,94,,
2018,11,23,4,0,12.1,-111,32.7,9.4,34,0.0,4,0.0,0,1001.8,59.52025776969765,15.835838330734177,83,,
2018,11,23,5,0,12.3,-102,32.9,9.4,156,2.0,28,8.05999149802877,0,1002.2,60.11799282444531,15.57560950145943,72,,
2018,11,23,6,0,12.9,-92,30.2,9.5,155,5.0,182,47.04325228218063,0,1002.4,59.21490696950645,15.938182937724994,61,,
2018,11,23,7,0,14,-82,20.3,9.8,231,7.0,300,102.74577802925118,0,1002.4,62.04054639312665,14.712071942768285,50,,
2018,11,23,8,0,15.1,-69,28.1,10.1,302,16.0,297,201.03879023990945,0,1002.5,64.10415087657032,15.31243255756084,39,,
2018,11,23,9,0,15.6,-51,42.8,10.1,423,24.0,120,299.1512390322709,0,1002.5,71.0599762571888,13.741541352297292,29,,
2018,11,23,10,0,15.4,-22,40,9.8,436,58.0,171,397.2051856971224,0,1002.5,74.62124494020429,13.19765548728634,22,,
2018,11,23,11,0,15.3,16,34.6,9.6,443,95.0,222,503.11178997464265,0,1002.4,74.34979129557291,13.669368431288916,22,,
2018,11,23,12,0,15.1,47,50.9,9.4,406,154.0,68,592.0596988664082,0,1002.4,75.80859198337924,13.512469513176784,28,,
2018,11,23,13,0,15,67,65,9.3,246,210.0,51,623.4007045279866,0,1002.3,72.22548733439169,13.643710284540072,37,,
2018,11,23,14,0,14.9,80,49.5,9.3,322,292.0,34,625.1970227189157,0,1002.2,75.26780871120127,13.586550033563263,48,,
2018,11,23,15,0,14.7,91,54.6,9.4,232,452.0,0,622.0997926361963,0,1002.3,76.19529462872242,13.788168126567896,59,,
2018,11,23,16,0,14.2,100,59.5,9.6,118,636.0,0,573.1819834135542,0,1002.6,73.95956914063697,14.476200245392192,71,,
2018,11,23,17,0,13.7,109,42.5,9.9,55,661.0,0,413.5936706439674,0,1002.8,73.40421147097419,14.582554813676344,81,,
2018,11,23,18,0,13.4,119,0.7,10.1,3,459.0,1,186.3133466667794,0,1003.1,74.40084394700091,13.629461809043594,92,,
2018,11,23,19,0,13.3,129,0,10.3,0,70.0,0,13.57748745695709,0,1003.3,74.20926699163329,12.696676217414243,101,,
2018,11,23,20,0,13.1,142,0,10.4,0,0.0,0,0.0,0,1003.4,75.34539430142331,12.421673851063996,109,,
2018,11,23,21,0,13,155,0,10.5,0,0.0,0,0.0,0,1003.4,81.17048104820941,11.890914091388096,115,,
2018,11,23,22,0,12.9,171,0,10.5,0,0.0,0,0.0,0,1003.1,78.67969895531655,11.641522919503055,118,,
2018,11,23,23,0,12.9,-173,0,10.4,0,0.0,0,0.0,0,1002.9,81.07079668612607,11.388012663673084,119,,
2018,11,24,0,0,12.8,-158,0,10.4,0,0.0,0,0.0,0,1002.7,85.51529309562221,10.840564251573085,116,,
2018,11,24,1,0,12.8,-144,15.1,10.3,0,0.0,0,0.0,0,1002.6,85.00718064770388,10.974012696406565,110,,
2018,11,24,2,0,12.7,-131,33,10.2,0,0.0,0,0.0,0,1002.4,86.61122408578876,10.490755964887231,103,,
2018,11,24,3,0,12.8,-121,44.6,10.2,1,0.0,0,0.0,0,1002.4,85.76975760021486,11.253069058983428,93,,
2018,11,24,4,0,13.1,-111,43.2,10.2,41,0.0,0,0.0,0,1002.5,86.10110780030033,11.28857752672351,83,,
2018,11,24,5,0,13.3,-102,52.8,10.1,119,52.0,0,25.641864271242945,0,1002.6,82.6471039114349,10.392836328262309,72,,
2018,11,24,6,0,13.8,-92,44.4,10.2,217,219.0,41,147.0051321958503,0,1002.6,83.00417608377387,9.7097398782071,61,,
2018,11,24,7,0,14.7,-82,30.4,10.3,325,540.0,128,363.462075198402,0,1002.5,85.88230508583445,10.37688397916348,50,,
2018,11,24,8,0,15.5,-69,32.2,10.4,354,647.0,209,559.1771499976867,0,1002.4,91.490676505005,10.473515240202746,39,,
2018,11,24,9,0,15.8,-51,45.3,10.4,398,460.0,121,626.1746495584299,0,1002.1,94.46241377984173,9.4135460961242,29,,
2018,11,24,10,0,15.6,-22,53.3,10.2,385,428.0,85,703.1382474148791,0,1001.8,94.06364174477272,8.571598234725553,22,,
2018,11,24,11,0,15.4,16,73.6,10.1,268,534.0,0,825.6126111353594,0,1001.4,97.43561837852984,7.591424911804282,22,,
2018,11,24,12,0,15.2,47,60.6,10,377,633.0,0,904.9351459273148,0,1001,89.83164853685213,5.982447699809588,28,,
2018,11,24,13,0,15,67,62.5,10,284,658.0,33,898.8430037981923,0,1000.5,72.39049482533369,5.578802762142109,37,,
2018,11,24,14,0,14.8,80,65.6,10,239,759.0,0,886.5067915538807,0,1000,62.92760135306048,6.954356703800596,48,,
2018,11,24,15,0,14.5,91,63.7,10.1,178,681.0,0,734.3205525871305,0,999.7,57.367202975795465,8.344878163308266,59,,
2018,11,24,16,0,14,100,59.4,10.1,122,547.0,0,529.3247390466468,0,999.5,58.994227504169885,8.73575339930999,70,,
2018,11,24,17,0,13.6,109,46,10.1,57,167.0,0,219.1123458775904,0,999.3,61.38107220377356,8.173668487703598,81,,
2018,11,24,18,0,13.3,119,42.6,10.1,2,248.0,0,134.97869952083676,0,999.3,63.72883662013885,8.280329789911228,92,,
2018,11,24,19,0,13,130,24.7,10,0,56.0,0,12.838915586805763,0,999.3,53.45079748809235,7.938600914368687,101,,
2018,11,24,20,0,12.7,142,0.1,9.8,0,0.0,0,0.0,0,999.4,59.29668120891824,7.83881404103547,109,,
2018,11,24,21,0,12.6,155,0.7,9.8,0,0.0,0,0.0,0,999,66.18258182755892,7.577714342611642,115,,
2018,11,24,22,0,12.6,171,20.4,9.8,0,0.0,0,0.0,0,998.3,79.79917846598613,6.987898639676705,118,,
2018,11,24,23,0,12.7,-173,42.8,9.7,0,0.0,0,0.0,0,997.5,97.1788809622023,6.538807644087697,118,,
2018,11,25,0,0,12.7,-158,39.1,9.9,0,0.0,0,0.0,0,996.7,149.11738100574098,5.883755576643885,116,,
2018,11,25,1,0,12.6,-144,65.7,10.2,0,0.0,0,0.0,0,995.9,153.61173677997692,4.989359608401518,110,,
2018,11,25,2,0,12.5,-132,95.4,10.6,0,0.0,0,0.0,0,995.1,185.9651626011895,8.29982413843858,102,,
2018,11,25,3,0,12.6,-121,78.6,10.8,0,0.0,0,0.0,0,994.4,189.49463310512365,7.259605165791133,93,,
2018,11,25,4,0,12.8,-111,84.7,11,8,0.0,0,0.0,0,993.8,187.537937891308,5.4120037353514014,83,,
2018,11,25,5,0,13,-102,95.5,11.2,11,79.0,0,28.61128686685132,0,993.2,162.66967120697154,3.239852183717118,72,,
2018,11,25,6,0,13.5,-93,91.1,11.5,39,333.0,0,166.3894284249885,0,992.4,120.88577708039428,1.7535495352828168,61,,
2018,11,25,7,0,14.4,-82,87.8,11.8,77,526.0,0,356.5279305063923,0,991.3,96.47410588907394,1.9725399927308231,50,,
2018,11,25,8,0,15.3,-70,82.9,12.1,135,707.0,0,574.8011427218692,0,990.2,65.03066786584469,1.4036551589042665,39,,
2018,11,25,9,0,16,-52,74.8,12,231,798.0,0,762.746443911312,0,989.1,62.7990389647581,1.2198676828641248,29,,
2018,11,25,10,0,16.5,-23,82.5,11.6,170,831.0000000000001,0,907.222425933193,0,988,23.224102276900283,2.015887339471602,22,,
2018,11,25,11,0,17,16,79.7,11.2,199,853.0,0,999.9722382483296,0,986.9,17.413693511469262,2.4473709485648683,21,,
2018,11,25,12,0,17.2,47,76.9,10.9,217,821.0000000000001,0,1016.0221821955166,0,985.8,359.70703357909406,3.4377890812090315,27,,
2018,11,25,13,0,17.1,67,83,10.8,139,379.0,0,746.3586153625757,0,984.7,351.16748989824214,4.852712307618581,37,,
2018,11,25,14,0,17,80,88.3,10.6,79,307.0,0,635.0397630913444,0,983.6,356.5950005404876,5.179309313332145,48,,
2018,11,25,15,0,16.6,91,90.8,10.8,42,179.0,0,447.4605182476546,0,982.8,13.297376735063663,5.184156334136042,59,,
2018,11,25,16,0,15.9,100,81.5,11.4,46,272.0,0,399.92279323408695,0,982.2,37.40358552089009,5.535738190915751,70,,
2018,11,25,17,0,15.2,109,78.5,12,17,343.0,0,301.05230181950395,0,981.7,58.40986289352264,5.4883245663274085,81,,
2018,11,25,18,0,14.2,119,41.3,11.9,2,260.0,0,140.76152969112013,0,981.7,59.22084967605952,4.964105906910601,91,,
2018,11,25,19,0,12.9,130,23.7,11.2,0,55.0,0,12.942466036137615,0,982.4,56.09501837950518,5.289257964406114,101,,
2018,11,25,20,0,11.6,142,63.6,10.4,0,0.0,0,0.0,0,983,69.72208431759964,7.617108173446366,109,,
2018,11,25,21,0,10.8,155,59.5,9.8,0,0.0,0,0.0,0,983.4,68.26342876421154,7.331343690219873,115,,
2018,11,25,22,0,10.5,171,63.7,9.4,0,0.0,0,0.0,0,983.5,77.84061967092231,7.014795538926412,118,,
2018,11,25,23,0,10.2,-174,59,8.9,0,0.0,0,0.0,0,983.6,97.84360556452134,5.365136194597975,118,,
2018,11,26,0,0,9.7,-158,59,8.3,0,0.0,0,0.0,0,984,100.20622122445168,4.28781955545764,115,,
2018,11,26,1,0,9,-144,59.1,7.5,0,0.0,0,0.0,0,984.5,165.3483939706514,4.2893857017715975,110,,
2018,11,26,2,0,8.2,-132,60.1,6.7,0,0.0,0,0.0,0,985,168.2875846804144,2.9308977196000296,102,,
2018,11,26,3,0,7.8,-121,62.5,6.2,0,0.0,0,0.0,0,986,186.82148702576976,4.5672434683002425,93,,
2018,11,26,4,0,7.7,-111,42.6,6,33,0.0,27,0.0,0,987.4,197.99485805791304,4.111005024661698,83,,
2018,11,26,5,0,7.7,-102,25.6,5.8,80,30.0,120,23.033032721858973,0,988.7,199.3529236809076,3.349155272907152,72,,
2018,11,26,6,0,8.1,-93,5.6,5.6,132,114.0,316,122.2343866706313,0,989.9,201.3091857954154,2.2217163485342293,61,,
2018,11,26,7,0,8.9,-83,27.5,5.3,143,221.0,331,270.4119211817321,0,991,87.63636701419011,1.1484380190063137,50,,
2018,11,26,8,0,9.8,-70,44.4,5,221,469.0,244,497.27586972022266,0,992.1,180.7827326954191,0.7327343897072665,39,,
2018,11,26,9,0,10.1,-52,27.4,4.6,258,482.0,433,635.7227627428651,0,993.1,251.7129136900712,2.0642114098984123,29,,
2018,11,26,10,0,9.8,-23,9.8,4.3,268,233.0,655,611.2815772512383,0,994,277.06804815538226,3.0456053705050614,22,,
2018,11,26,11,0,9.5,15,46,3.9,412,175.0,146,616.1579912302085,0,994.9,282.24063663630045,3.3485885265644773,21,,
2018,11,26,12,0,9.4,47,24.2,3.5,218,81.0,514,507.0636004371884,0,995.8,292.3454901296411,4.392328006718477,27,,
2018,11,26,13,0,9.4,67,10.6,3,240,84.0,522,489.327580929674,0,996.6,309.72204735223164,4.631714045742233,37,,
2018,11,26,14,0,9.4,81,22.3,2.4,316,188.0,223,558.7918516383094,0,997.4,341.7754958907584,4.540246070545463,47,,
2018,11,26,15,0,9.4,91,11.4,2,213,195.0,249,474.7921363985952,0,998.2,3.052882514792429,4.69416193265635,59,,
2018,11,26,16,0,9.3,100,32.1,1.7,146,106.0,71,295.1360752846746,0,999,7.26842468817847,4.307071198891062,70,,
2018,11,26,17,0,9.3,110,14.1,1.3,60,108.0,44,196.2250422004204,0,999.8,15.259815463397558,5.224233795641795,81,,
2018,11,26,18,0,9.2,119,1.5,1.6,5,91.0,1,92.28783718042638,0,1000.3,32.97853366565647,4.8637523499549085,91,,
2018,11,26,19,0,9,130,0,2.4,0,29.0,0,11.16854292967051,0,1000.6,38.44377725125901,5.774199857437015,101,,
2018,11,26,20,0,8.8,142,0,3.3,0,0.0,0,0.0,0,1001,52.519966297589406,6.240685870772006,108,,
2018,11,26,21,0,8.8,155,0,4,0,0.0,0,0.0,0,1001,64.30962559404333,6.222518703858652,114,,
2018,11,26,22,0,9,170,0,4.4,0,0.0,0,0.0,0,1000.8,75.60322151401726,5.871894259012664,118,,
2018,11,26,23,0,9.2,-174,0,4.9,0,0.0,0,0.0,0,1000.6,79.23832668584998,5.784350167112459,118,,
2018,11,27,0,0,9.3,-158,0,5.2,0,0.0,0,0.0,0,1000.6,81.29667851358568,5.784132913957141,115,,
2018,11,27,1,0,9.3,-144,0,5.3,0,0.0,0,0.0,0,1000.7,88.14843837265437,6.505838179403482,110,,
2018,11,27,2,0,9.3,-132,0,5.4,0,0.0,0,0.0,0,1000.8,92.81192234563628,6.365085751067501,102,,
2018,11,27,3,0,9.4,-121,0,5.4,1,0.0,0,0.0,0,1001.1,106.47882395274854,5.446367771783097,93,,
2018,11,27,4,0,9.8,-112,0.2,5.4,43,0.0,35,0.0,0,1001.6,140.27146564240843,4.115032768652077,83,,
2018,11,27,5,0,10.1,-102,16.7,5.4,117,49.0,108,28.749977052910392,0,1002.2,177.2532100827857,5.165847290988598,72,,
2018,11,27,6,0,10.7,-93,12,5.5,146,213.0,264,152.51329403704597,0,1002.5,195.75493391989323,6.426236205532344,61,,
2018,11,27,7,0,11.7,-83,14.7,5.5,244,411.0,319,338.92723402267063,0,1002.6,203.7999988757978,5.445509793444114,50,,
2018,11,27,8,0,12.7,-70,32.5,5.5,379,550.0,180,536.6790860225796,0,1002.7,216.6505419008473,5.063318357138913,39,,
2018,11,27,9,0,13.2,-52,25.3,5.6,503,554.0,206,680.7590828197617,0,1002.8,224.59909296557552,4.539681423621984,29,,
2018,11,27,10,0,13.2,-23,24.9,5.7,415,567.0000000000001,347,796.2074239503145,0,1003,239.6326293802421,4.247834719917814,22,,
2018,11,27,11,0,13.3,15,22.6,5.8,421,552.0,369,860.5193320698088,0,1003.2,248.4479921271012,4.655574935262889,21,,
2018,11,27,12,0,13.3,47,36,6,468,318.0,149,745.9690212651747,0,1003.3,252.3484059791489,3.2978473693802925,27,,
2018,11,27,13,0,13.3,67,64.6,6.4,298,380.0,0,763.3363706324092,0,1003.3,257.21329855081325,3.6711191251583646,36,,
2018,11,27,14,0,13.3,81,45,6.7,296,222.0,88,587.2463792239744,0,1003.3,281.4996878117533,2.0818301563592447,47,,
2018,11,27,15,0,13.2,91,18.9,7.1,173,184.0,239,464.9415686969909,0,1003.5,308.9962095908934,1.3897264127642517,59,,
2018,11,27,16,0,12.9,101,45.5,7.6,159,187.0,0,358.5888055493332,0,1003.8,265.46795286676274,1.5850340614208926,70,,
2018,11,27,17,0,12.7,110,49.6,8,46,151.0,7,222.4326341196782,0,1004.2,272.62377137985817,2.725269109229405,81,,
2018,11,27,18,0,12.4,119,1.1,8.2,5,155.0,1,116.12263312667096,0,1004.5,263.9434758549054,3.3436142546292733,91,,
2018,11,27,19,0,12,130,10.5,8.3,0,26.0,0,11.023770633658064,0,1004.8,253.49038664737853,4.161562865388228,100,,
2018,11,27,20,0,11.7,142,17.3,8.3,0,0.0,0,0.0,0,1005.1,240.64639166237004,4.04412327006148,108,,
2018,11,27,21,0,11.6,155,39.4,8.4,0,0.0,0,0.0,0,1005.2,241.28483067638905,3.4863751149149667,114,,
2018,11,27,22,0,11.6,170,21,8.4,0,0.0,0,0.0,0,1005.1,246.3522149358741,2.3062042159418032,117,,
2018,11,27,23,0,11.6,-174,0,8.5,0,0.0,0,0.0,0,1005,229.38805986918987,2.56543044259794,118,,
2018,11,28,0,0,11.6,-158,0,8.5,0,0.0,0,0.0,0,1005.1,227.37661277423976,3.7509268648390415,115,,
2018,11,28,1,0,11.6,-144,0,8.5,0,0.0,0,0.0,0,1005.3,232.11484240749687,3.497033369076387,110,,
2018,11,28,2,0,11.6,-132,0,8.5,0,0.0,0,0.0,0,1005.5,233.73603406184,2.7472239375765333,102,,
2018,11,28,3,0,11.7,-121,0,8.5,1,0.0,0,0.0,0,1005.9,228.449315119712,1.8507037042271235,93,,
2018,11,28,4,0,11.9,-112,9.3,8.5,49,0.0,25,0.0,0,1006.4,196.4063346330159,1.3631196677739,83,,
2018,11,28,5,0,12.1,-103,0,8.5,76,12.0,192,18.442699416095586,0,1006.9,180.8684007127413,1.8202774306426868,72,,
2018,11,28,6,0,12.8,-93,19,8.8,185,41.0,191,93.8012747872475,0,1007.1,167.83911670189264,2.053652441014312,61,,
2018,11,28,7,0,13.8,-83,42,9.2,325,132.0,67,239.43080927616293,0,1007.2,154.07637817304908,1.0923352492215448,50,,
2018,11,28,8,0,14.9,-71,36.1,9.7,374,360.0,151,465.9011674319048,0,1007.2,148.3573334899571,0.8339369177437097,39,,
2018,11,28,9,0,15.5,-53,48.2,9.8,489,585.0,6,692.3831179486845,0,1007.1,108.43494882292202,0.7905694150420949,29,,
2018,11,28,10,0,15.7,-24,42.1,9.5,583,550.0,7,778.3949924674423,0,1006.8,90.02391309523637,0.5849609884475405,22,,
2018,11,28,11,0,15.8,15,18.2,9.2,409,591.0,430,869.5113456080405,0,1006.5,283.2117934697968,1.3662399278009465,21,,
2018,11,28,12,0,15.8,47,15.1,9.2,351,426.0,476,803.9512733774878,0,1006.2,278.9798911995555,4.00415633746405,27,,
2018,11,28,13,0,15.7,67,10.7,9.3,260,323.0,514,715.2149924960509,0,1005.9,37.86681254740103,3.303185538726927,36,,
2018,11,28,14,0,15.6,81,3.7,9.5,143,398.0,541,699.7302885719662,0,1005.5,45.59165525019995,7.355959996913815,47,,
2018,11,28,15,0,15.2,91,10.4,9.6,173,479.0,298,644.0547939266626,0,1005.4,42.27106773335731,8.615204265561758,58,,
2018,11,28,16,0,14.7,101,20.6,9.7,149,557.0,111,546.6388880576321,0,1005.4,47.81379930562787,9.40000561564359,70,,
2018,11,28,17,0,14.1,110,21.7,9.8,67,550.0,30,385.43013214875305,0,1005.4,52.99178433306338,9.78948165105788,81,,
2018,11,28,18,0,13.5,119,0.6,9.8,6,422.0,2,187.46414235039236,0,1005.5,58.02335138132713,8.927067252908392,91,,
2018,11,28,19,0,12.9,130,5.5,9.9,0,98.0,0,18.92423049940372,0,1005.7,60.95739475580058,8.718879579107558,100,,
2018,11,28,20,0,12.3,142,26.2,10,0,0.0,0,0.0,0,1005.8,68.17489731071225,8.33208162602801,108,,
2018,11,28,21,0,12,155,42.8,9.9,0,0.0,0,0.0,0,1005.7,74.87011293537432,7.75894142226949,114,,
2018,11,28,22,0,11.9,170,30,9.7,0,0.0,0,0.0,0,1005.3,70.95823732136137,7.479329656420631,117,,
2018,11,28,23,0,11.9,-174,43,9.5,0,0.0,0,0.0,0,1004.9,66.5409134864729,7.75607161182289,118,,
2018,11,29,0,0,11.8,-159,42.4,9.4,0,0.0,0,0.0,0,1004.6,68.54816530172957,7.601545696494808,115,,
2018,11,29,1,0,11.7,-145,33.8,9.4,0,0.0,0,0.0,0,1004.3,64.78779390316117,7.524151353253982,110,,
2018,11,29,2,0,11.6,-132,3.9,9.4,0,0.0,0,0.0,0,1004,67.57444212133146,6.750489539479144,102,,
2018,11,29,3,0,11.7,-122,20.7,9.5,1,0.0,0,0.0,0,1003.9,68.71204748231776,6.672832777615724,93,,
2018,11,29,4,0,11.9,-112,16.2,9.6,49,0.0,23,0.0,0,1004.1,75.23910195285987,6.858930243148115,83,,
2018,11,29,5,0,12.2,-103,43.4,9.6,155,23.0,8,22.873244074683434,0,1004.2,81.25788807612582,6.8268701373576,72,,
2018,11,29,6,0,12.9,-94,26.7,9.7,239,81.0,110,113.45923577815032,0,1004.3,84.3378740424879,6.260525537983953,61,,
2018,11,29,7,0,14.1,-84,58.4,9.8,281,204.0,0,267.16937170553626,0,1004.2,77.53385136597433,5.084972665098119,50,,
2018,11,29,8,0,15.2,-71,46.1,9.9,453,301.0,1,433.491911566877,0,1004,80.89025601556455,4.200441546163838,39,,
2018,11,29,9,0,15.8,-53,69.5,9.7,293,395.0,0,600.0637767248766,0,1003.9,82.9114236161954,2.856796686454824,29,,
2018,11,29,10,0,15.8,-24,58.1,9,418,429.0,13,729.5904261624627,0,1003.7,92.39860207559582,2.024234467492869,21,,
2018,11,29,11,0,15.8,15,44.2,8.4,443,393.0,136,775.3970355170967,0,1003.5,136.51289777589864,1.6673575896399335,21,,
2018,11,29,12,0,15.7,47,33.6,8.1,389,491.0,267,855.6178196487548,0,1003.3,189.4117556811904,1.7736313667707344,27,,
2018,11,29,13,0,15.6,68,42.6,8.1,417,534.0,86,857.7106176015341,0,1003,48.745005667470366,0.9144934266085136,36,,
2018,11,29,14,0,15.5,81,21.9,8.1,290,514.0,280,779.1608190907006,0,1002.8,41.33758541484485,2.9674151581845707,47,,
2018,11,29,15,0,15.2,92,3.8,8.3,105,409.0,415,615.2405582019505,0,1002.7,47.02068189188151,6.810310296209841,58,,
2018,11,29,16,0,14.6,101,0.9,8.5,63,300.0,266,429.6209041449148,0,1002.8,41.431550974454126,8.920003671356694,69,,
2018,11,29,17,0,14,110,1.8,8.7,39,121.0,94,207.8709483466808,0,1002.8,39.42006124612209,8.436871088395687,80,,
2018,11,29,18,0,13.2,119,0,8.7,5,72.0,5,87.05346657939177,0,1002.9,46.17983782083007,8.149337996761542,91,,
2018,11,29,19,0,12.1,130,0,8.6,0,24.0,0,11.012178150742235,0,1003,50.53294199597053,6.819895907478837,100,,
2018,11,29,20,0,11,142,0,8.5,0,0.0,0,0.0,0,1003.2,48.81078755715538,7.205425780407163,108,,
2018,11,29,21,0,10.4,155,0,8.5,0,0.0,0,0.0,0,1002.9,51.2529376172281,7.010402753588477,114,,
2018,11,29,22,0,10.1,170,0,8.5,0,0.0,0,0.0,0,1002.4,52.20589464854015,6.947437017223257,117,,
2018,11,29,23,0,9.9,-174,0,8.5,0,0.0,0,0.0,0,1001.8,52.43214377923414,6.954617565131652,117,,
2018,11,30,0,0,9.7,-159,0,8.4,0,0.0,0,0.0,0,1001.3,42.85920316561635,7.953424418121151,115,,
2018,11,30,1,0,9.5,-145,0,8.2,0,0.0,0,0.0,0,1001,38.95530709214148,6.9345732864697975,109,,
2018,11,30,2,0,9.3,-133,0,7.9,0,0.0,0,0.0,0,1000.6,37.11355070827045,5.373632573133391,102,,
2018,11,30,3,0,9.7,-122,0,8,1,0.0,1,0.0,0,1000.3,21.356578541018507,5.162087020796755,93,,
2018,11,30,4,0,10.5,-112,2.3,8.5,33,0.0,62,0.0,0,1000.1,17.82229764470418,5.1625435596411,83,,
2018,11,30,5,0,11.4,-103,0.9,8.9,58,11.0,230,18.42833766118063,0,999.9,20.325759826634226,3.5191779769082188,72,,
2018,11,30,6,0,12.7,-94,2,9.2,84,24.0,406,79.19168978115857,0,999.6,355.1661831188052,3.2941871461554166,61,,
2018,11,30,7,0,14.5,-84,8.2,9.4,185,54.0,451,183.51766083763997,0,999.1,355.2706847735503,3.790248284171376,49,,
2018,11,30,8,0,16.2,-71,19.6,9.6,376,204.0,313,394.32492645075695,0,998.6,355.3469289745798,4.622657388800139,38,,
2018,11,30,9,0,17.2,-53,27.4,9.6,452,501.0,253,658.5261360918256,0,997.8,353.7223062051986,4.572585057666226,28,,
2018,11,30,10,0,17.3,-24,37.4,9.4,497,434.0,146,725.0046583065362,0,996.8,347.1502855258752,5.238613769536689,21,,
2018,11,30,11,0,17.4,15,16,9.2,408,337.0,455,732.5653147437772,0,995.8,337.5538616756396,5.729218042894679,20,,
2018,11,30,12,0,17.6,48,44.4,9.4,465,389.0,74,785.8812814061512,0,994.7,343.0400989673493,8.784639406923763,26,,
2018,11,30,13,0,17.6,68,81.9,9.8,151,539.0,0,853.0031177368169,0,993.6,350.24671094328795,9.223399812937052,36,,
2018,11,30,14,0,17.7,81,51.2,10.2,300,683.0,29,865.6189901122867,0,992.4,351.5203382554408,8.05312245997669,47,,
2018,11,30,15,0,17.6,92,59.2,10.5,141,674.0,54,750.2571754802547,0,991.4,358.51512227895785,10.325977237743748,58,,
2018,11,30,16,0,17.2,101,71.7,10.6,77,214.0,0,375.4689570160827,0,990.5,0.6980127974034076,10.260771188888308,69,,
2018,11,30,17,0,16.8,110,61.6,10.8,43,43.0,0,141.25507373636395,0,989.6,354.6614090953075,10.076178574194754,80,,
2018,11,30,18,0,16.2,119,7.2,11.3,5,7.0,0,30.872207980494963,0,989.5,352.5347609760961,9.92913132797454,90,,
2018,11,30,19,0,15.3,130,27,11.9,0,1.0,0,2.0867786921798226,0,990,346.96825035269853,9.345926500160198,100,,
2018,11,30,20,0,14.4,142,56.6,12.6,0,0.0,0,0.0,0,990.6,3.1311703639604502,7.781636718730637,108,,
2018,11,30,21,0,13.7,155,62,12.7,0,0.0,0,0.0,0,991,32.242239345598705,6.372825887614831,114,,
2018,11,30,22,0,13.2,170,36.8,12.2,0,0.0,0,0.0,0,991.3,38.8902438079806,6.844782259357053,117,,
2018,11,30,23,0,12.6,-174,0,11.7,0,0.0,0,0.0,0,991.5,39.03915214773235,6.858870337827822,117,,
2018,12,1,0,0,12.1,-159,0,11.2,0,0.0,0,0.0,0,991.8,38.257809862944725,5.858261653666019,115,,
2018,12,1,1,0,11.5,-145,0,10.5,0,0.0,0,0.0,0,992.2,34.94468046729054,4.212045555618286,109,,
2018,12,1,2,0,11,-133,0,9.8,0,0.0,0,0.0,0,992.6,12.91406154658705,3.501154547387465,102,,
2018,12,1,3,0,10.8,-122,0,9.2,1,0.0,0,0.0,0,993.2,359.5243628085788,2.117504602875374,93,,
2018,12,1,4,0,10.8,-112,0,8.7,35,0.0,59,0.0,0,993.9,338.0071771309497,2.0626986436841355,83,,
2018,12,1,5,0,10.8,-103,0,8.2,59,132.0,228,38.254803933069695,0,994.6,309.3473688739764,3.158323192496279,72,,
2018,12,1,6,0,11.6,-94,0.1,7.8,69,332.0,427,176.04017843407655,0,995,284.3096424233398,3.0650670133859936,61,,
2018,12,1,7,0,13,-84,1.6,7.4,92,494.0,590,361.0872508563593,0,995.2,268.2149618108567,3.0488427972532173,49,,
2018,12,1,8,0,14.4,-72,2.8,7.1,130,711.0,697,590.7034114684498,0,995.5,283.33180604695093,4.185299323554052,38,,
2018,12,1,9,0,14.8,-54,13.6,7.3,352,684.0,479,730.478044210755,0,995.7,289.1456142786106,7.637534364819672,28,,
2018,12,1,10,0,14.1,-25,60.7,8.1,387,794.0,14,896.488932464082,0,996,284.7475746428774,7.631282317228254,21,,
2018,12,1,11,0,13.4,15,66.4,8.9,342,841.0,0,1001.0872683045644,0,996.2,286.59341896751897,8.115557164498819,20,,
2018,12,1,12,0,13.1,48,52.5,8.7,456,684.0,0,950.7190119938148,0,996.5,289.363891101636,8.376427261948674,26,,
2018,12,1,13,0,13.2,68,39.1,7.4,353,844.0,159,1019.3830259010429,0,996.9,255.197417981718,9.120060511354842,36,,
2018,12,1,14,0,13.3,81,32.9,6.2,397,811.0,83,933.1812985834616,0,997.3,251.1057194972589,10.159992716821366,47,,
2018,12,1,15,0,13,92,51.7,5.6,260,466.0,0,640.9808640173301,0,997.9,237.70856546757017,10.880227117977237,58,,
2018,12,1,16,0,12.4,101,49.6,5.6,145,71.0,8,255.7769838399212,0,998.6,221.70864456985584,10.100009669049044,69,,
2018,12,1,17,0,11.7,110,35.1,5.7,65,24.0,5,112.8079855729476,0,999.4,203.7650271204469,10.781919853851742,80,,
2018,12,1,18,0,11,120,0,5.7,7,105.0,1,101.37518233159436,0,1000.2,197.6070989479175,9.463347089562513,90,,
2018,12,1,19,0,10.3,130,0,5.6,0,3.0,0,4.269012893166141,0,1001.3,202.9253365033281,11.500952217339949,100,,
2018,12,1,20,0,9.5,142,0,5.6,0,0.0,0,0.0,0,1002.3,206.03334163521524,7.718151536513328,107,,
2018,12,1,21,0,9.2,155,0,5.5,0,0.0,0,0.0,0,1002.9,209.42067164873043,9.761290163398892,113,,
2018,12,1,22,0,9.4,170,0,5.3,0,0.0,0,0.0,0,1003.1,219.1929753384105,9.522474485905468,117,,
2018,12,1,23,0,9.6,-174,0,5.1,0,0.0,0,0.0,0,1003.3,249.73057245447703,6.494721951960698,117,,
2018,12,2,0,0,9.7,-159,0,5,0,0.0,0,0.0,0,1003.7,311.9679780601613,7.784064909778301,115,,
2018,12,2,1,0,9.6,-145,0,4.9,0,0.0,0,0.0,0,1004.1,23.580354523509243,11.14282917405206,109,,
2018,12,2,2,0,9.6,-133,0,4.9,0,0.0,0,0.0,0,1004.5,46.277483365301805,10.066344030422588,102,,
2018,12,2,3,0,9.6,-122,0,4.9,1,0.0,0,0.0,0,1005.1,39.81939513508189,13.214869315099836,93,,
2018,12,2,4,0,9.9,-112,9.1,4.9,48,0.0,30,0.0,0,1005.9,31.85034282845703,9.200225243713586,83,,
2018,12,2,5,0,10.1,-103,2.5,4.9,71,83.0,205,34.36770571604775,0,1006.7,30.80556707673873,9.811841581207386,72,,
2018,12,2,6,0,10.8,-94,1.9,4.8,101,418.0,379,189.93621282081375,0,1007.3,26.89891235651885,8.244548802866342,61,,
2018,12,2,7,0,11.8,-84,14,4.4,219,440.0,379,345.7141246494099,0,1007.7,16.719193532526447,8.663861980130092,49,,
2018,12,2,8,0,12.9,-72,19.1,4.1,190,421.0,494,485.3528991471828,0,1008.2,14.208422112603614,12.33485151007844,38,,
2018,12,2,9,0,13.4,-54,12.3,3.8,241,491.0,604,646.6682658358757,0,1008.6,9.724021784165243,12.847176356992671,28,,
2018,12,2,10,0,13.3,-25,14.1,3.7,283,365.0,603,724.6110550925173,0,1009.1,7.752193618006288,13.306671809959628,21,,
2018,12,2,11,0,13.2,15,10.9,3.6,249,368.0,673,792.3112099990317,0,1009.5,3.905850263385617,14.092791514146835,20,,
2018,12,2,12,0,13.2,48,43.5,3.8,405,358.0,151,808.2662730241971,0,1009.9,1.432329213572871,15.002246124263008,26,,
2018,12,2,13,0,13.3,68,43.3,4.3,402,364.0,87,787.847021276158,0,1010.2,359.46363121129866,15.230647839151,36,,
2018,12,2,14,0,13.4,81,58.1,4.9,226,101.0,72,492.3507644067873,0,1010.6,358.80988005937576,15.04572613411281,46,,
2018,12,2,15,0,13.4,92,49.2,5.5,254,35.0,13,294.5765275602268,0,1011,354.5734584524335,15.675477974356047,58,,
2018,12,2,16,0,13.3,101,65.2,6.2,109,16.0,0,166.90044299117375,0,1011.6,353.7538013068654,14.199529043635044,69,,
2018,12,2,17,0,13.2,110,61.7,6.9,50,12.0,0,95.43400854402174,0,1012.1,351.9482602024457,14.313712174919694,80,,
2018,12,2,18,0,12.9,120,42.2,7.4,5,3.0,0,23.81893154653632,0,1012.7,352.6522818317856,13.057419258816058,90,,
2018,12,2,19,0,12.6,130,31.6,7.8,0,1.0,0,4.092515342741958,0,1013.2,345.7658702473529,13.1669325985289,99,,
2018,12,2,20,0,12.2,142,42,8.2,0,0.0,0,0.0,0,1013.8,343.153433538386,13.405379725043415,107,,
2018,12,2,21,0,12.1,155,42.7,8.5,0,0.0,0,0.0,0,1014,344.3725673925419,13.493938146925345,113,,
2018,12,2,22,0,12.3,170,22.9,8.6,0,0.0,0,0.0,0,1013.8,341.4429034825519,13.652717039492318,117,,
2018,12,2,23,0,12.5,-174,0,8.7,0,0.0,0,0.0,0,1013.7,2.465962875656203,14.75878444437573,117,,
2018,12,3,0,0,12.6,-159,0,8.8,0,0.0,0,0.0,0,1013.7,17.767459598920425,12.207251023412242,114,,
2018,12,3,1,0,12.6,-145,0,8.9,0,0.0,0,0.0,0,1013.9,11.405964352912632,11.655232755848107,109,,
2018,12,3,2,0,12.6,-133,0,9,0,0.0,0,0.0,0,1014.1,10.916761225578623,11.722141217692108,102,,
2018,12,3,3,0,12.7,-122,0,9,1,0.0,0,0.0,0,1014.5,6.929072730944256,10.776216504003225,93,,
2018,12,3,4,0,12.9,-113,5.8,9.1,51,0.0,27,0.0,0,1015.2,358.7717341969973,10.614987831095272,83,,
2018,12,3,5,0,13.1,-104,8.6,9.1,94,6.0,152,16.24741883864201,0,1015.9,347.52262953071767,11.120312040542563,72,,
2018,12,3,6,0,13.7,-94,4,9.2,134,14.0,322,72.05210644870296,0,1016.3,343.73127432594947,13.198662255334474,61,,
2018,12,3,7,0,14.8,-85,34.5,9.5,350,17.0,87,134.7938887134186,0,1016.5,346.90938859254146,15.574909735459396,49,,
2018,12,3,8,0,15.8,-72,25.6,9.7,392,39.0,238,257.27370495722874,0,1016.6,351.068034572357,16.79373886461531,38,,
2018,12,3,9,0,16.3,-54,43.4,9.7,473,57.0,69,372.0701128014664,0,1016.6,357.33787199883653,17.87182645035733,28,,
2018,12,3,10,0,16.5,-25,36.6,9.6,551,194.0,103,588.4992941606698,0,1016.4,359.4476898787304,17.121156792042672,21,,
2018,12,3,11,0,16.6,15,41.7,9.5,593,200.0,15,647.8835539138211,0,1016.2,7.714556548430266,19.29475152845704,20,,
2018,12,3,12,0,16.6,48,33.9,9.5,491,231.0,168,691.4503687259248,0,1016.1,4.475977092093672,17.618920747200903,26,,
2018,12,3,13,0,16.5,68,48.7,9.5,422,225.0,32,662.0847651565672,0,1016,6.371570027788607,20.72567652948688,35,,
2018,12,3,14,0,16.4,81,28.4,9.6,341,160.0,185,541.6119356246749,0,1016,20.61796186356139,18.906013868764667,46,,
2018,12,3,15,0,16,92,38.7,9.7,287,252.0,54,526.8105435151101,0,1016,23.606005741329568,17.717712106195393,58,,
2018,12,3,16,0,15.4,101,32.7,9.9,184,193.0,43,372.841650671293,0,1016.1,26.33536581094927,18.43886514879236,69,,
2018,12,3,17,0,14.8,110,8.8,10.1,60,252.0,73,282.7343459139239,0,1016.2,30.24010410548988,17.076399226476617,80,,
2018,12,3,18,0,13.9,120,0.5,10.1,7,191.0,6,136.65268778466566,0,1016.2,32.59919579514224,15.656460895754952,90,,
2018,12,3,19,0,12.6,130,0,9.7,0,42.0,0,16.003006986096686,0,1016.3,32.07459733844627,15.10296225930733,99,,
2018,12,3,20,0,11.4,142,0,9.4,0,0.0,0,0.0,0,1016.4,33.66161348175467,14.180134926454658,107,,
2018,12,3,21,0,10.8,155,0,9.3,0,0.0,0,0.0,0,1016.2,32.035851491361484,13.285636440034754,113,,
2018,12,3,22,0,10.9,170,0,9.3,0,0.0,0,0.0,0,1015.9,33.670352154876355,12.003721082446576,116,,
2018,12,3,23,0,10.9,-174,0,9.4,0,0.0,0,0.0,0,1015.5,35.79505171172883,12.15594750741418,117,,
2018,12,4,0,0,10.9,-159,0,9.4,0,0.0,0,0.0,0,1015.3,36.733788856149374,10.955548490402617,114,,
2018,12,4,1,0,10.7,-145,0,9.4,0,0.0,0,0.0,0,1015.3,35.064955124223275,10.574240581263034,109,,
2018,12,4,2,0,10.6,-133,0,9.4,0,0.0,0,0.0,0,1015.2,37.88267963166294,9.246024521124124,102,,
2018,12,4,3,0,10.9,-122,0,9.4,1,0.0,1,0.0,0,1015.3,37.38764911383044,8.526764151446768,93,,
2018,12,4,4,0,11.5,-113,0,9.4,31,0.0,67,0.0,0,1015.5,36.00249504622798,8.55708409709871,83,,
2018,12,4,5,0,12.2,-104,0,9.4,56,23.0,233,25.96126370141273,0,1015.6,38.59290139918568,7.999564117984638,72,,
2018,12,4,6,0,13.5,-95,0,9.7,70,50.0,425,103.91797545873318,0,1015.6,37.8672387291378,7.445122046901749,61,,
2018,12,4,7,0,15.4,-85,0,10.3,81,150.0,608,254.97501452206728,0,1015.4,37.36430188415483,7.769381046521431,49,,
2018,12,4,8,0,17.4,-72,0,10.8,92,227.0,761,412.672361145563,0,1015.1,39.61745827188816,8.178493562001666,38,,
2018,12,4,9,0,18.3,-55,0,11,101,318.0,870,579.1752692049888,0,1014.8,39.22548860970022,8.345675249899054,28,,
2018,12,4,10,0,18.3,-26,0,10.8,106,453.0,930,732.56534663093,0,1014.4,34.71282105442151,7.761554568454415,21,,
2018,12,4,11,0,18.3,14,0,10.6,107,496.0,934,822.7848772525138,0,1014.1,31.747862150633463,8.043643283951202,20,,
2018,12,4,12,0,18.3,48,0.7,10.6,121,574.0000000000001,861,891.2440590554157,0,1013.5,26.82316533327071,8.410015613533476,26,,
2018,12,4,13,0,18.4,68,0.5,10.9,113,441.0,763,795.2788435103605,0,1012.8,14.631501869249348,8.748807938301189,35,,
2018,12,4,14,0,18.6,82,1.2,11.1,120,412.0,596,713.513739973239,0,1012.1,10.933866890677391,9.344685054802078,46,,
2018,12,4,15,0,18.3,92,11.2,11.4,181,343.0,296,572.6883633316503,0,1011.6,18.717500067478795,9.753382734824696,57,,
2018,12,4,16,0,17.5,101,28.1,11.7,153,497.0,87,527.6642409065971,0,1011.5,28.905596424267628,9.883957874133063,69,,
2018,12,4,17,0,16.8,110,18,12,83,512.0,28,382.3497722299426,0,1011.3,36.03650198708789,9.463501085996704,80,,
2018,12,4,18,0,15.8,120,41.2,12,8,171.0,1,127.5914090053956,0,1011.3,38.62837497290383,8.617925700492632,90,,
2018,12,4,19,0,14.6,130,17.5,11.6,0,38.0,0,14.725974009144055,0,1011.5,39.862416958550966,7.719070960719313,99,,
2018,12,4,20,0,13.4,142,0,11.3,0,0.0,0,0.0,0,1011.7,49.85079643523216,7.9639683944474,107,,
2018,12,4,21,0,12.7,155,0,11.1,0,0.0,0,0.0,0,1011.6,58.588709643455616,8.16397527255683,113,,
2018,12,4,22,0,12.4,170,0,11,0,0.0,0,0.0,0,1011.3,56.52106650494926,8.434249371854108,116,,
2018,12,4,23,0,12.2,-175,0,11,0,0.0,0,0.0,0,1011,62.8671339680202,6.775684208473567,117,,
2018,12,5,0,0,11.9,-159,0,10.9,0,0.0,0,0.0,0,1010.8,70.52088459370452,4.68567390476415,114,,
2018,12,5,1,0,11.6,-146,0,10.7,0,0.0,0,0.0,0,1010.5,68.73641644980614,4.984344123577282,109,,
2018,12,5,2,0,11.4,-133,0,10.5,0,0.0,0,0.0,0,1010.2,75.86093852514477,4.421545252282737,102,,
2018,12,5,3,0,11.7,-123,0,10.6,2,0.0,0,0.0,0,1010.3,73.14992922684854,4.432744675051185,93,,
2018,12,5,4,0,12.5,-113,51.9,10.8,33,0.0,1,0.0,0,1010.7,71.94045509797104,4.677970666830513,83,,
2018,12,5,5,0,13.4,-104,25.9,11.1,133,113.0,70,38.77396740538343,0,1011.1,67.79739220812326,5.160199184657829,72,,
2018,12,5,6,0,14.7,-95,12.8,11.2,166,456.0,253,197.68475208392744,0,1011.3,68.64271279315358,4.544504032509276,61,,
2018,12,5,7,0,16.6,-85,0,11.3,113,494.0,550,361.5652808952989,0,1011.3,79.16242001760259,1.6087719611541462,49,,
2018,12,5,8,0,18.4,-73,0.1,11.4,127,253.0,698,414.5338487894484,0,1011.4,175.39851281510892,1.4972576066500844,38,,
2018,12,5,9,0,19.6,-55,3.3,11.2,192,239.0,722,518.2589440655245,0,1011.2,204.74242816615563,4.778518993832091,28,,
2018,12,5,10,0,20.1,-26,0.9,10.8,157,235.0,847,598.9519507638223,0,1010.9,213.4071140060757,5.594198027841617,21,,
2018,12,5,11,0,20.7,14,0.4,10.4,150,308.0,867,707.913319041043,0,1010.6,216.60937298674745,5.5840421008515,20,,
2018,12,5,12,0,20.9,48,0,10.3,137,444.0,835,814.5190813004367,0,1010.5,218.0670358240489,6.515875356424601,25,,
2018,12,5,13,0,20.7,68,0,10.5,128,544.0,739,852.6635844813654,0,1010.4,216.96354279707168,7.408994270881644,35,,
2018,12,5,14,0,20.5,82,0,10.7,117,705.0,598,876.7440187490157,0,1010.3,211.43280687633376,8.183302407552652,46,,
2018,12,5,15,0,20,92,27.8,11,251,757.0,138,794.8698286438802,0,1010.3,211.85502305959585,8.44129734066139,57,,
2018,12,5,16,0,19.3,101,28.2,11.4,186,751.0,46,644.4904586410994,0,1010.4,213.1997186123289,8.323516257550619,68,,
2018,12,5,17,0,18.5,110,16.2,11.7,72,655.0,44,435.35952936618605,0,1010.5,210.00145178242056,8.11487823696416,79,,
2018,12,5,18,0,17.6,120,67.5,12,6,503.0,0,220.29624314083745,0,1010.9,208.90080718775403,8.312894772355184,90,,
2018,12,5,19,0,16.6,130,52,12.1,0,154.0,0,29.513976086441524,0,1011.4,206.6609469491977,9.39379150587038,99,,
2018,12,5,20,0,15.5,142,42.9,12.3,0,0.0,0,0.0,0,1011.9,204.25396126682915,10.120871493962664,107,,
2018,12,5,21,0,14.9,155,49.1,12.4,0,0.0,0,0.0,0,1012.1,203.0268855162329,10.162253111013946,113,,
2018,12,5,22,0,14.5,170,42.3,12.5,0,0.0,0,0.0,0,1011.9,198.2001414281661,10.813443677437608,116,,
2018,12,5,23,0,14.2,-175,42.1,12.7,0,0.0,0,0.0,0,1011.8,198.91309133041685,11.45330998790443,117,,
2018,12,6,0,0,14,-160,43.1,12.6,0,0.0,0,0.0,0,1011.7,199.77271779936612,11.713038779602366,114,,
2018,12,6,1,0,13.9,-146,52,12.5,0,0.0,0,0.0,0,1011.7,201.22173364691645,11.982496141671463,109,,
2018,12,6,2,0,13.8,-134,52.6,12.3,0,0.0,0,0.0,0,1011.7,201.00746291284685,12.099104068232553,101,,
2018,12,6,3,0,13.8,-123,45.1,12.2,1,0.0,0,0.0,0,1011.9,202.6170033872654,12.032789978949417,93,,
2018,12,6,4,0,14,-113,68,12,21,0.0,0,0.0,0,1012.4,201.42906440836023,12.15260202347354,83,,
2018,12,6,5,0,14.1,-104,70.8,11.9,80,35.0,0,28.490887190339983,0,1012.9,197.7951422921585,12.818369056178373,72,,
2018,12,6,6,0,14.7,-95,63.7,11.9,162,124.0,0,131.12504216369638,0,1013.2,194.6970701621662,12.465478577881132,61,,
2018,12,6,7,0,15.5,-85,64,11.9,241,251.0,0,287.3824347385399,0,1013.3,196.5797110806669,12.677218593459886,49,,
2018,12,6,8,0,16.3,-73,62.3,11.9,302,485.0,0,509.046449112908,0,1013.4,198.540167493452,13.326907418683057,38,,
2018,12,6,9,0,16.9,-56,58.3,12,384,641.0,0,708.9972280370356,0,1013.2,202.58438718702587,13.25392757091387,28,,
2018,12,6,10,0,17.2,-27,73.6,12,260,647.0,0,830.333767019415,0,1012.7,203.8872445351936,13.496108876287485,21,,
2018,12,6,11,0,17.5,14,59.7,12,401,479.0,0,817.601478368806,0,1012.2,205.0351998028608,13.156219412163267,19,,
2018,12,6,12,0,17.8,48,55.6,12.1,420,618.0,0,918.7178599396656,0,1011.7,206.7111796742064,12.7145116665978,25,,
2018,12,6,13,0,18,68,27.1,12.2,372,873.0,235,1040.94492724431,0,1011.3,207.20190268510297,11.85647837379194,35,,
2018,12,6,14,0,18.2,82,34.3,12.3,390,871.0,67,973.1969617773264,0,1010.8,208.4990091128223,11.359100928797922,46,,
2018,12,6,15,0,18,92,41.3,12.4,232,781.0,61,811.559109414721,0,1010.6,207.0672519753516,10.949510881417062,57,,
2018,12,6,16,0,17.5,101,35.8,12.6,197,748.0,12,647.146205398164,0,1010.6,208.1422831784189,10.515905665581592,68,,
2018,12,6,17,0,17,110,50.9,12.8,68,633.0,0,430.7139025214071,0,1010.7,205.59491815920669,10.375838237244333,79,,
2018,12,6,18,0,16.3,120,37.3,13,7,122.0,0,112.58103980598035,0,1010.9,197.9171158451692,10.50712753389065,89,,
2018,12,6,19,0,15.5,130,40.7,13.1,0,6.0,0,6.620233367075514,0,1011.3,196.26947587863617,10.440810683562272,99,,
2018,12,6,20,0,14.7,142,41.9,13.2,0,0.0,0,0.0,0,1011.7,193.88450805841825,11.470151532364495,107,,
2018,12,6,21,0,14.3,155,48.5,12.9,0,0.0,0,0.0,0,1011.7,193.3705375447101,12.216128938926584,113,,
2018,12,6,22,0,14.2,170,37.8,12.4,0,0.0,0,0.0,0,1011.3,198.5067006144653,12.514862620723289,116,,
2018,12,6,23,0,14.2,-175,41,11.8,0,0.0,0,0.0,0,1011,196.10821614464984,13.146257191407864,116,,
2018,12,7,0,0,14.1,-160,44.1,11.4,0,0.0,0,0.0,0,1010.7,197.50058991437683,12.844523480832205,114,,
2018,12,7,1,0,14,-146,25.2,11.2,0,0.0,0,0.0,0,1010.6,198.9914949102009,12.860175560914197,109,,
2018,12,7,2,0,13.9,-134,3.5,10.9,0,0.0,0,0.0,0,1010.4,199.7388914031825,12.576630244082684,101,,
2018,12,7,3,0,14,-123,1.3,10.8,2,0.0,0,0.0,0,1010.6,203.52442112824585,11.95074560879913,93,,
2018,12,7,4,0,14.3,-113,32,10.8,51,0.0,1,0.0,0,1010.9,204.1793968092005,11.68801704578818,83,,
2018,12,7,5,0,14.6,-104,25.7,10.8,154,24.0,36,26.02820891727225,0,1011.3,204.8364517903944,11.600514387058926,72,,
2018,12,7,6,0,15.2,-95,31.5,10.9,293,45.0,21,96.84556530553468,0,1011.5,206.2863726483125,11.515777115871757,61,,
2018,12,7,7,0,16.2,-85,22.7,11,361,99.0,144,219.58367995716617,0,1011.4,206.1856948328716,9.795349784167964,49,,
2018,12,7,8,0,17.1,-73,22,11.2,390,224.0,248,401.9250721353666,0,1011.4,212.9595057435232,8.49169311558314,38,,
2018,12,7,9,0,17.8,-56,9.2,11.1,310,575.0000000000001,538,686.3824253792337,0,1011.1,227.60049732850405,7.83043273442517,28,,
2018,12,7,10,0,18.1,-27,0.3,10.8,168,376.0,830,743.2001716100115,0,1010.4,236.5016488465705,6.880365865628392,21,,
2018,12,7,11,0,18.5,14,0,10.6,164,156.0,847,641.8901669430741,0,1009.7,247.0593064432025,5.996751163987161,19,,
2018,12,7,12,0,18.6,48,0.3,10.4,162,183.0,798,686.5505975159467,0,1009,262.9197362006861,5.272628541286619,25,,
2018,12,7,13,0,18.4,68,6.9,10.3,250,103.0,551,566.1297424774184,0,1008.1,229.27721321411155,5.307552417967054,35,,
2018,12,7,14,0,18.3,82,11,10.3,240,102.0,391,506.9236801685967,0,1007.2,232.41792420192712,4.996919213314686,46,,
2018,12,7,15,0,17.9,92,43,10.3,257,29.0,46,285.2741427437303,0,1006.7,232.2691353409813,5.797187699060939,57,,
2018,12,7,16,0,17.1,101,27.9,10.5,139,12.0,97,154.550486271925,0,1006.5,214.9645563593412,7.385528617856901,68,,
2018,12,7,17,0,16.4,110,49.8,10.6,68,7.0,0,83.2529712485211,0,1006.3,208.65776187210625,8.637988003720237,79,,
2018,12,7,18,0,15.7,120,15.1,10.7,10,5.0,0,35.42971567842909,0,1006.2,202.9276134986844,7.950892185585372,89,,
2018,12,7,19,0,15,130,34,10.7,0,3.0,0,6.317839187698221,0,1006.2,186.22162273996824,7.934182431174262,99,,
2018,12,7,20,0,14.4,142,46.6,10.8,0,0.0,0,0.0,0,1006.3,203.8378214536441,9.068530213987511,106,,
2018,12,7,21,0,14.2,155,50.4,11.2,0,0.0,0,0.0,0,1005.7,68.66963056786165,3.827103521341907,112,,
2018,12,7,22,0,14.7,170,39.9,11.8,0,0.0,0,0.0,0,1004.6,88.58905917961727,6.494400702983563,116,,
2018,12,7,23,0,15.1,-175,49.8,12.4,0,0.0,0,0.0,0,1003.5,120.13145645709436,6.130925742352496,116,,
2018,12,8,0,0,15.4,-160,49.1,12.9,0,0.0,0,0.0,0,1002.4,118.31525087364172,3.9216086156585086,114,,
2018,12,8,1,0,15.6,-146,57.3,13.3,0,0.0,0,0.0,0,1001.2,167.51394349078032,0.4968588028672984,109,,
2018,12,8,2,0,15.8,-134,71.5,13.8,0,0.0,0,0.0,0,1000.1,180.4179147449536,1.0376252581347094,101,,
2018,12,8,3,0,16.1,-123,72.5,14.2,0,0.0,0,0.0,0,999.2,347.55186010148003,2.3886736341892605,93,,
2018,12,8,4,0,16.6,-113,73.1,14.6,15,0.0,0,0.0,0,998.5,37.64573502464879,6.545033621566886,83,,
2018,12,8,5,0,17.1,-104,94.3,15.1,12,4.0,0,14.171934009379326,0,997.9,65.91198265677025,8.508502298209866,72,,
2018,12,8,6,0,17.7,-95,87.5,15.4,51,4.0,0,43.874909988836,0,997.5,72.69764777787924,8.397580480096217,61,,
2018,12,8,7,0,18.4,-86,93,15.6,44,6.0,0,94.39787487454534,0,997.3,56.35140106473813,6.736033932308168,49,,
2018,12,8,8,0,19.1,-73,78.5,15.8,95,14.0,76,185.9922321677313,0,997,76.23113197819919,7.752816200026358,38,,
2018,12,8,9,0,19.7,-56,66.8,15.9,149,63.0,148,392.3922123629247,0,996.8,71.05640363494672,7.400839720746416,28,,
2018,12,8,10,0,20.1,-27,68.7,15.8,307,202.0,3,569.3374046084364,0,996.5,45.74103416790291,4.925472827666816,21,,
2018,12,8,11,0,20.5,14,6.7,15.8,255,355.0,686,733.254321414591,0,996.2,42.90024970514298,7.477461395119378,19,,
2018,12,8,12,0,20.6,48,3,15.4,191,374.0,752,766.8948077070272,0,996,51.51556046532573,9.26813260862653,25,,
2018,12,8,13,0,20.4,68,15.5,14.7,325,279.0,410,679.6420030030497,0,995.9,47.94670796783453,7.804375963990772,35,,
2018,12,8,14,0,20.2,82,0.8,14,116,279.0,609,620.5870814028731,0,995.8,44.39979983334621,7.778601383320193,46,,
2018,12,8,15,0,19.6,92,19.7,13.5,228,695.0000000000001,214,762.946798774492,0,996,39.05651164758302,8.50267553294649,57,,
2018,12,8,16,0,18.8,101,13,13.2,156,771.0,134,655.6334929309539,0,996.3,44.6727448225754,9.309240244299554,68,,
2018,12,8,17,0,17.9,110,27.5,12.9,64,699.0000000000001,49,454.3983615915005,0,996.7,50.72026578571348,9.66641004847951,79,,
2018,12,8,18,0,17,120,4.5,12.7,12,521.0,1,228.24673930577583,0,997.1,57.86399063886603,9.432763461582166,89,,
2018,12,8,19,0,16.1,130,0,12.7,0,175.0,0,32.98063115273756,0,997.7,64.43343202398364,10.137652944688131,98,,
2018,12,8,20,0,15.2,142,0,12.7,0,0.0,0,0.0,0,998.3,69.92925011741147,10.745082775776098,106,,
2018,12,8,21,0,14.7,155,0,12.8,0,0.0,0,0.0,0,998.5,71.86866557486616,11.174747489896829,112,,
2018,12,8,22,0,14.7,170,0,12.9,0,0.0,0,0.0,0,998.2,73.57612306293049,11.035240337760378,116,,
2018,12,8,23,0,14.6,-175,0,13,0,0.0,0,0.0,0,997.9,75.58912094440564,10.758425806607445,116,,
2018,12,9,0,0,14.6,-160,0,13.1,0,0.0,0,0.0,0,997.8,76.15328718260088,11.187668255654229,114,,
2018,12,9,1,0,14.6,-146,0,13.2,0,0.0,0,0.0,0,997.9,76.73657159428535,10.733829140145389,109,,
2018,12,9,2,0,14.6,-134,0,13.2,0,0.0,0,0.0,0,998,79.87257783241716,10.54937819833807,101,,
2018,12,9,3,0,14.5,-123,0,13.3,2,0.0,0,0.0,0,998.3,81.62767680626155,10.560050513862858,93,,
2018,12,9,4,0,14.5,-114,52.7,13.3,30,0.0,2,0.0,0,998.7,85.94845646969014,9.944774927802,83,,
2018,12,9,5,0,14.5,-105,62.1,13.3,97,217.0,0,46.33566278478547,0,999.2,91.16506624213037,8.969383569595957,72,,
2018,12,9,6,0,15,-96,42.6,13.1,207,527.0,75,208.18241703912216,0,999.6,98.90280795178268,7.624326433855284,61,,
2018,12,9,7,0,16,-86,19,12.7,295,675.0,253,407.5698880179876,0,1000.1,99.36008025738931,5.48810930627565,49,,
2018,12,9,8,0,16.9,-74,22.1,12.3,320,752.0,339,602.0683673100234,0,1000.5,122.99129210271552,4.086410268999582,38,,
2018,12,9,9,0,17.2,-56,14.2,11.8,354,773.0,473,762.779581690707,0,1000.9,189.227303251794,7.015833968382906,28,,
2018,12,9,10,0,16.9,-28,13.7,11,347,801.0,546,887.4351276819214,0,1001.4,197.4292661586519,8.062811117305557,20,,
2018,12,9,11,0,16.6,13,18.8,10.3,457,796.0,395,963.4555666910052,0,1001.8,201.21608638850452,8.227829943305954,19,,
2018,12,9,12,0,16.3,48,4.1,9.7,210,812.0,749,1005.9305682283908,0,1002.2,204.16299832056424,8.245102588351928,25,,
2018,12,9,13,0,15.9,68,9.3,9.4,276,831.0000000000001,533,1001.0353806923029,0,1002.5,209.2325431908719,8.574698067651672,34,,
2018,12,9,14,0,15.5,82,6.8,9,213,807.0,480,923.5628076755352,0,1002.9,216.2928231260068,8.198072061596797,45,,
2018,12,9,15,0,14.9,92,5.9,8.9,169,797.0,354,809.7273038879139,0,1003.3,221.3042396187776,7.351694140335004,57,,
2018,12,9,16,0,14.3,101,4.1,8.9,113,732.0,222,633.4246597077833,0,1003.9,224.097511732003,5.830901601836152,68,,
2018,12,9,17,0,13.6,110,11.6,8.9,69,587.0,62,410.3868046741903,0,1004.4,224.95520268347303,4.415966062339351,79,,
2018,12,9,18,0,13.1,120,1.6,8.7,11,306.0,5,170.97398151228498,0,1004.8,245.1520946975029,3.920557051412948,89,,
2018,12,9,19,0,12.7,130,0.3,8.4,0,45.0,0,16.99110513197089,0,1005.1,283.809795690422,3.236123170043423,98,,
2018,12,9,20,0,12.3,142,42.7,8.2,0,0.0,0,0.0,0,1005.4,349.6101737628752,2.8415127117276064,106,,
2018,12,9,21,0,12.1,155,42.3,8.1,0,0.0,0,0.0,0,1005.5,54.30613216179239,3.4876975482105284,112,,
2018,12,9,22,0,11.9,170,29.1,8.2,0,0.0,0,0.0,0,1005.3,69.04202220988162,3.788214519823219,116,,
2018,12,9,23,0,11.8,-175,42.5,8.3,0,0.0,0,0.0,0,1005.1,77.2497434481885,4.316397550410139,116,,
2018,12,10,0,0,11.8,-160,47.4,8.3,0,0.0,0,0.0,0,1004.9,89.4707396630547,4.0702420116918105,114,,
2018,12,10,1,0,11.9,-146,63.2,8.2,0,0.0,0,0.0,0,1004.8,72.91748276591522,4.579475542133325,109,,
2018,12,10,2,0,12,-134,66.3,8.1,0,0.0,0,0.0,0,1004.6,61.3701694438833,6.39714606437105,101,,
2018,12,10,3,0,12.3,-123,40,8.1,1,0.0,0,0.0,0,1004.5,55.41427626897121,8.165423448646784,92,,
2018,12,10,4,0,12.6,-114,48.2,8.2,52,0.0,1,0.0,0,1004.5,55.351229660327135,9.04087450070191,83,,
2018,12,10,5,0,13,-105,1.6,8.2,69,252.0,212,46.82501275888475,0,1004.5,59.106792630409245,8.297004001857385,72,,
2018,12,10,6,0,13.8,-96,29.1,8.5,223,580.0,128,214.61160737835144,0,1004.5,56.19132093837607,7.359476246714414,61,,
2018,12,10,7,0,15,-86,58.8,8.9,276,747.0,8,423.0432862842422,0,1004.3,50.32629826095104,7.483519128908671,49,,
2018,12,10,8,0,16.1,-74,32.6,9.3,398,821.0000000000001,179,622.1199328170819,0,1004.2,48.79551449172186,8.011538536540954,38,,
2018,12,10,9,0,16.7,-57,54.7,9.3,433,836.0,7,783.9067857844725,0,1003.8,48.096015405639776,8.182686366212094,28,,
2018,12,10,10,0,16.7,-28,61.7,8.9,385,848.0,14,908.730368244591,0,1003.2,43.20782037178867,8.986516421989506,20,,
2018,12,10,11,0,16.7,13,62.4,8.4,373,857.0,21,994.4743086263524,0,1002.6,42.37449601463726,9.651539295471864,19,,
2018,12,10,12,0,16.6,48,51.9,8.5,388,867.0,92,1034.5460003055225,0,1002.1,41.6469029627342,9.822743705906914,25,,
2018,12,10,13,0,16.4,68,53.6,8.9,326,900.0,93,1039.2904063083208,0,1001.7,38.73937339591197,10.13151567288442,34,,
2018,12,10,14,0,16.2,82,76.1,9.3,175,896.0,0,972.4432394667652,0,1001.2,42.16241198334114,10.071011331842566,45,,
2018,12,10,15,0,15.8,92,55,9.7,238,887.0,8,856.5222359091453,0,1000.8,46.65864906362782,10.264426990319992,57,,
2018,12,10,16,0,15.3,101,11.7,10,148,841.0,161,684.0115502509664,0,1000.4,45.80072674471535,9.746630285015666,68,,
2018,12,10,17,0,14.8,110,7.2,10.4,64,754.0,86,473.34957993912593,0,1000,50.63139579707996,9.332897099804915,79,,
2018,12,10,18,0,14.2,120,0,10.6,10,570.0000000000001,9,241.0620058675902,0,999.7,56.67684560545945,8.987722343830102,89,,
2018,12,10,19,0,13.6,130,0,10.6,0,217.0,0,38.586683450578754,0,999.5,64.01734221308595,9.130354694963948,98,,
2018,12,10,20,0,12.9,142,5.3,10.7,0,0.0,0,0.0,0,999.4,66.68801704481439,8.47162168807258,106,,
2018,12,10,21,0,12.6,155,34.1,10.8,0,0.0,0,0.0,0,998.8,64.98443566023144,8.265337129566511,112,,
2018,12,10,22,0,12.7,169,22.9,11.1,0,0.0,0,0.0,0,997.9,65.961523850341,9.02783838928286,115,,
2018,12,10,23,0,12.8,-175,0,11.4,0,0.0,0,0.0,0,997,67.65733290189547,10.884517407423486,116,,
2018,12,11,0,0,12.7,-160,0,11.4,0,0.0,0,0.0,0,996.3,76.09651293031754,9.915505886594737,114,,
2018,12,11,1,0,12.5,-146,0,11.1,0,0.0,0,0.0,0,995.8,84.31587793522897,8.886222359344256,109,,
2018,12,11,2,0,12.3,-134,0,10.8,0,0.0,0,0.0,0,995.3,95.27918080842936,8.069139814526833,101,,
2018,12,11,3,0,12.2,-124,0,10.7,2,0.0,1,0.0,0,995,113.8868114637022,7.037872133359337,92,,
2018,12,11,4,0,12.2,-114,43,10.7,36,0.0,6,0.0,0,994.9,128.76831881541125,6.140430850194476,83,,
2018,12,11,5,0,12.2,-105,52.4,10.7,64,228.0,50,45.75583039790197,0,994.8,143.529384191821,6.018798491420279,72,,
2018,12,11,6,0,12.4,-96,72.6,10.5,131,528.0,1,206.06623516372264,0,994.8,162.5252257437444,5.611514668960521,61,,
2018,12,11,7,0,12.7,-86,13.4,9.9,286,552.0,282,369.98258777587614,0,994.8,183.0937770719106,6.717554252144213,49,,
2018,12,11,8,0,13.1,-74,11.1,9.4,275,574.0000000000001,472,531.0156225715564,0,994.7,189.7912953822184,8.717062841584932,38,,
2018,12,11,9,0,13,-57,16.9,8.7,329,829.0000000000001,474,777.5588377925874,0,994.9,193.09271552811532,8.475448130825553,28,,
2018,12,11,10,0,12.7,-28,15,7.9,345,888.0,538,933.0931146924522,0,995.3,198.26036780659533,9.374930635831443,20,,
2018,12,11,11,0,12.3,13,21.4,7,271,906.0,554,1025.4612654494886,0,995.7,200.9601713713488,10.245584260734711,19,,
2018,12,11,12,0,11.9,48,28.9,6.7,446,919.0,262,1069.3178205937352,0,996.1,202.58743147698425,10.251428926118349,25,,
2018,12,11,13,0,11.5,68,41.1,6.8,345,914.0,178,1052.1012991124894,0,996.6,206.1652601641816,9.779759988243404,34,,
2018,12,11,14,0,11.1,82,38.8,6.9,210,894.0,239,975.7210829987029,0,997.1,207.40239358203863,8.875779346042453,45,,
2018,12,11,15,0,10.7,92,48.3,7,222,859.0,78,846.1811495936699,0,997.8,208.3446446577073,8.030134249713413,56,,
2018,12,11,16,0,10.3,102,5.8,6.9,107,801.0,220,669.0814006058001,0,998.7,207.78384085487417,7.776681290313824,68,,
2018,12,11,17,0,9.8,110,23.7,6.8,78,698.0000000000001,39,456.4182337609055,0,999.6,205.66301114448444,7.88551887881016,78,,
2018,12,11,18,0,9.5,120,0.6,6.3,13,506.0,5,227.45199024795613,0,1000.3,200.86139372538133,7.897875036631189,89,,
2018,12,11,19,0,9.2,130,0,5.5,0,179.0,0,35.69718151481272,0,1001,201.9329942580337,8.212053435448603,98,,
2018,12,11,20,0,8.9,142,0,4.7,0,0.0,0,0.0,0,1001.6,196.7723425479212,9.347863663294367,106,,
2018,12,11,21,0,8.9,155,0,4.5,0,0.0,0,0.0,0,1002,197.2945036424921,9.81380600954699,112,,
2018,12,11,22,0,9.1,169,0,4.9,0,0.0,0,0.0,0,1002.1,199.06249302362772,9.889736445982615,115,,
2018,12,11,23,0,9.3,-175,0,5.3,0,0.0,0,0.0,0,1002.1,200.4227893386875,9.779762971595677,116,,
2018,12,12,0,0,9.3,-160,0,5.4,0,0.0,0,0.0,0,1002.3,198.3153101225856,11.018122018022462,114,,
2018,12,12,1,0,9.3,-147,0,5.3,0,0.0,0,0.0,0,1002.5,206.8445251924394,11.90829547322588,108,,
2018,12,12,2,0,9.3,-134,0,5.3,0,0.0,0,0.0,0,1002.8,204.1077979370537,12.804309897589423,101,,
2018,12,12,3,0,9.4,-124,0,5.2,2,0.0,0,0.0,0,1003.2,197.1514056767922,13.479579804479862,92,,
2018,12,12,4,0,9.7,-114,7.4,5.2,45,0.0,31,0.0,0,1003.9,198.9837273298156,13.687051987827775,83,,
2018,12,12,5,0,9.9,-105,6.4,5.2,106,108.0,144,39.59205762808936,0,1004.6,200.81625515041912,14.175555013205749,72,,
2018,12,12,6,0,10.6,-96,29.1,5,135,261.0,222,162.75731584785527,0,1005.1,200.82905637298785,15.046073165317738,61,,
2018,12,12,7,0,11.7,-86,16.8,4.8,282,509.0,277,360.5617652675165,0,1005.4,201.8383522551619,15.820375654306453,49,,
2018,12,12,8,0,12.8,-74,26.9,4.6,399,522.0,217,515.1033670758525,0,1005.7,202.9409679431582,16.483676078406734,38,,
2018,12,12,9,0,13.3,-57,24.9,4.3,406,539.0,315,656.6326560018617,0,1006,203.0847927212104,16.705346406717805,28,,
2018,12,12,10,0,13.4,-29,24.2,4.1,454,463.0,330,757.8544703521089,0,1006.2,202.74362958301285,17.162093074292027,20,,
2018,12,12,11,0,13.4,13,17.6,3.9,381,487.0,482,840.4111613419776,0,1006.4,203.5387798406425,17.239690860017276,19,,
2018,12,12,12,0,13.4,48,24.3,3.9,468,521.0,288,885.2918946018139,0,1006.6,203.17410541955653,16.80331395777086,24,,
2018,12,12,13,0,13.4,68,49.9,4,414,647.0,34,934.4889407749096,0,1006.7,200.80799998612764,16.439953938130195,34,,
2018,12,12,14,0,13.4,82,16.7,4.2,297,735.0,321,916.1503106772678,0,1006.7,203.21377782243863,16.084942418687,45,,
2018,12,12,15,0,13.3,92,34.8,4.4,250,759.0,124,817.8602739667164,0,1006.9,200.6089793964269,15.526332032454016,56,,
2018,12,12,16,0,13,102,52.7,4.7,158,703.0000000000001,5,642.9313497048299,0,1007.1,198.9800886295432,15.458107427615516,67,,
2018,12,12,17,0,12.7,110,38.1,5,85,542.0,9,411.6773432460267,0,1007.3,197.0288240354036,15.46028758452064,78,,
2018,12,12,18,0,12.1,120,57.7,5.2,10,349.0,0,192.85141589659284,0,1007.5,193.85030560050703,15.874146830919043,89,,
2018,12,12,19,0,11.2,130,49.1,5.4,0,108.0,0,28.731446077305502,0,1007.8,191.0775735837414,16.316460362537125,98,,
2018,12,12,20,0,10.4,142,43.9,5.6,0,0.0,0,0.0,0,1008,191.12106604612325,16.36989699085161,106,,
2018,12,12,21,0,10,155,63.7,5.7,0,0.0,0,0.0,0,1008,189.36645122626425,16.95876663843209,112,,
2018,12,12,22,0,10.2,169,44.8,5.8,0,0.0,0,0.0,0,1007.7,186.9016864938956,16.540018208117765,115,,
2018,12,12,23,0,10.4,-175,41.6,5.8,0,0.0,0,0.0,0,1007.4,185.92310931896543,16.400055360700627,116,,
2018,12,13,0,0,10.6,-160,32.4,5.8,0,0.0,0,0.0,0,1007.2,184.92226891445875,16.081770147280004,113,,
2018,12,13,1,0,10.8,-147,45.2,5.9,0,0.0,0,0.0,0,1007.1,187.17841603128025,15.725800317145053,108,,
2018,12,13,2,0,10.9,-135,41,5.9,0,0.0,0,0.0,0,1006.9,182.8152736512401,16.184572551646347,101,,
2018,12,13,3,0,11.2,-124,43.8,6.1,1,0.0,0,0.0,0,1006.9,182.15194923761663,16.176447361098152,92,,
2018,12,13,4,0,11.7,-114,47.5,6.4,48,0.0,0,0.0,0,1007.1,183.46448153135867,16.257249975486072,83,,
2018,12,13,5,0,12.3,-105,43.9,6.7,153,3.0,0,11.126444032545432,0,1007.2,183.73458195385177,16.3873377904713,72,,
2018,12,13,6,0,13.1,-96,46.9,6.8,205,4.0,52,39.86757662641057,0,1007.2,184.48453785902257,16.049134894850496,61,,
2018,12,13,7,0,14.3,-86,41.1,6.8,349,6.0,57,83.38386646577739,0,1006.9,183.92296901633657,14.944929089092415,49,,
2018,12,13,8,0,15.4,-75,47,6.8,413,11.0,36,151.2538659757982,0,1006.7,185.09415261380167,13.87977444278928,38,,
2018,12,13,9,0,16,-58,57.5,6.8,378,8.0,38,166.74926002880542,0,1006.4,184.55277776781472,14.45576942789634,28,,
2018,12,13,10,0,16.1,-29,22.1,6.7,443,4.0,366,164.34957607207338,0,1006.1,180.31763727463044,15.32543081701695,20,,
2018,12,13,11,0,16.1,12,33.7,6.6,582,10.0,113,264.16634349211944,0,1005.8,179.42483225075785,16.4407697913779,19,,
2018,12,13,12,0,16.1,48,29.5,6.8,540,27.0,159,394.6763172812556,0,1005.5,179.4714674422935,15.985787563237905,24,,
2018,12,13,13,0,16.2,68,23.5,7.1,442,87.0,241,538.6126738610477,0,1005.1,180.68001278789708,13.906008688301002,34,,
2018,12,13,14,0,16.2,82,22.6,7.4,376,243.0,197,650.5543137880638,0,1004.7,176.9935129132939,13.536209325296886,45,,
2018,12,13,15,0,15.8,92,39.2,7.8,305,153.0,37,479.9214507019223,0,1004.6,179.65161648126468,13.972914550714355,56,,
2018,12,13,16,0,15.2,102,44.3,8.2,186,49.0,13,259.37640970837845,0,1004.7,177.5699682014549,14.74079481701931,67,,
2018,12,13,17,0,14.6,110,51.1,8.6,70,8.0,2,85.81925843152703,0,1004.8,174.29771972037292,14.06471479140961,78,,
2018,12,13,18,0,13.6,120,3.8,8.8,15,5.0,4,34.49858144713571,0,1004.9,174.1852702601724,13.793628660635404,88,,
2018,12,13,19,0,12.3,130,0,8.6,0,2.0,0,4.24014425482209,0,1005.2,173.5707732059352,14.712646061019116,98,,
2018,12,13,20,0,11,142,0,8.5,0,0.0,0,0.0,0,1005.5,170.31593865077957,14.519397027865702,106,,
2018,12,13,21,0,10.3,155,0,8.4,0,0.0,0,0.0,0,1005.5,165.97183960767074,13.85082124769611,112,,
2018,12,13,22,0,10.2,169,0,8.2,0,0.0,0,0.0,0,1005.2,161.42593461047272,13.036713371977555,115,,
2018,12,13,23,0,10.1,-176,0,8,0,0.0,0,0.0,0,1004.9,159.71270341526974,11.861033473193777,116,,
2018,12,14,0,0,9.9,-161,0,7.7,0,0.0,0,0.0,0,1004.7,150.34395017875283,9.160351654766531,113,,
2018,12,14,1,0,9.7,-147,0.1,7.4,0,0.0,0,0.0,0,1004.7,161.62847882128267,10.74001561074037,108,,
2018,12,14,2,0,9.4,-135,1.6,7.1,0,0.0,0,0.0,0,1004.7,168.7169342910421,11.436119147363195,101,,
2018,12,14,3,0,9.8,-124,6.1,7.3,2,0.0,0,0.0,0,1005,174.85137540558776,11.197767908158005,93,,
2018,12,14,4,0,10.8,-114,7.8,8.1,45,0.0,40,0.0,0,1005.5,174.84265263185182,10.040893773584475,83,,
2018,12,14,5,0,11.8,-105,23.3,8.8,155,10.0,50,22.4167634198566,0,1005.9,172.4577605562422,9.56049712716584,72,,
2018,12,14,6,0,13.2,-96,24.7,9.2,272,76.0,88,127.43338847415748,0,1006.2,172.3598307016223,10.680016136554608,61,,
2018,12,14,7,0,15,-87,24.2,9.3,355,71.0,157,219.15665107554835,0,1006.3,174.10203084158297,12.212106210690942,50,,
2018,12,14,8,0,16.8,-75,2,9.4,148,171.0,673,402.0978658833321,0,1006.5,174.9541645973061,11.625129493894548,38,,
2018,12,14,9,0,17.8,-58,1.6,9.4,141,189.0,805,526.7163171007555,0,1006.4,168.92339003005782,10.852312299668954,28,,
2018,12,14,10,0,18.1,-29,10.6,9.4,323,162.0,599,581.5987775732883,0,1006.3,170.90825923157172,10.56807372356277,20,,
2018,12,14,11,0,18.4,12,3.8,9.3,184,125.0,821,592.570160588329,0,1006.1,174.30383449036765,11.383847715160115,19,,
2018,12,14,12,0,18.6,47,0,9.5,92,120.0,909,601.1496509771182,0,1006,177.2360045791875,10.469944014709268,24,,
2018,12,14,13,0,18.6,68,0,10,84,105.0,816,557.566073023724,0,1005.8,181.14395867817163,9.147086785708716,34,,
2018,12,14,14,0,18.7,82,0,10.4,78,139.0,674,545.2993558880687,0,1005.7,187.32738831076625,8.076207525504417,45,,
2018,12,14,15,0,18.4,92,0,10.8,71,102.0,499,417.42213397456624,0,1005.7,187.093920998775,8.704326529577111,56,,
2018,12,14,16,0,17.7,102,0,11.2,60,83.0,309,300.2883506807701,0,1005.9,183.2836073267054,9.428320788031284,67,,
2018,12,14,17,0,17,110,2.1,11.6,47,73.0,122,193.9918801205936,0,1006,182.75373756782693,10.407281432141833,78,,
2018,12,14,18,0,16.1,120,2.1,11.6,13,93.0,9,114.0675398915272,0,1006.3,184.46286786188296,11.019005636818912,88,,
2018,12,14,19,0,15,130,0,11.3,0,61.0,0,23.4535964306786,0,1006.6,178.74024675173155,9.550159844463838,98,,
2018,12,14,20,0,13.9,141,0,10.9,0,0.0,0,0.0,0,1007,175.2444622035282,9.317475855304496,106,,
2018,12,14,21,0,13.2,155,0,10.9,0,0.0,0,0.0,0,1007.1,173.2633283447833,9.440422972809635,112,,
2018,12,14,22,0,12.9,169,0,11.1,0,0.0,0,0.0,0,1006.9,174.60715052044952,10.027048725562755,115,,
2018,12,14,23,0,12.7,-176,0,11.3,0,0.0,0,0.0,0,1006.8,174.86598094025135,11.676973694868808,116,,
2018,12,15,0,0,12.4,-161,0,11.3,0,0.0,0,0.0,0,1006.7,176.21555603829142,13.5972768330097,113,,
2018,12,15,1,0,12.2,-147,14.5,11.1,0,0.0,0,0.0,0,1006.7,176.82591813705722,13.633463743990198,108,,
2018,12,15,2,0,11.9,-135,40.5,11,0,0.0,0,0.0,0,1006.7,174.74839273676412,13.710138109601534,101,,
2018,12,15,3,0,12.3,-124,14,11.2,1,0.0,0,0.0,0,1006.9,174.34324862896517,13.365133605960684,93,,
2018,12,15,4,0,13.3,-114,16.9,11.7,51,0.0,29,0.0,0,1007.3,174.753040398385,13.47663606264244,83,,
2018,12,15,5,0,14.2,-105,70.8,12.2,79,13.0,2,24.534363257653517,0,1007.7,175.63389059361714,14.251563724667916,72,,
2018,12,15,6,0,15.7,-96,40.7,12.6,155,14.0,119,71.01652037224254,0,1007.9,176.3963493303911,14.27847660647856,61,,
2018,12,15,7,0,17.6,-87,75.4,12.6,171,16.0,0,132.33192978805147,0,1008,178.2425318204613,15.730055639480192,50,,
2018,12,15,8,0,19.4,-75,48.8,12.7,375,27.0,62,228.3099719448747,0,1008.2,175.06008592691444,15.763631341130823,38,,
2018,12,15,9,0,20.3,-58,2.7,12.5,146,39.0,798,329.97960209730326,0,1008.2,173.38675371186912,15.042718697537232,28,,
2018,12,15,10,0,20.2,-30,0,11.9,101,28.0,937,348.42496307628653,0,1008.2,171.49455545153296,14.941921938305745,20,,
2018,12,15,11,0,20,12,0,11.3,103,42.0,947,435.4903423802167,0,1008.1,172.85448777464262,15.5760504011721,18,,
2018,12,15,12,0,19.9,47,0,11.1,103,65.0,900,507.8457827534247,0,1007.9,174.4115771426342,15.403288457943113,24,,
2018,12,15,13,0,20,68,0,11.3,100,69.0,801,496.8137415317576,0,1007.6,177.8480589720324,16.046472798835026,34,,
2018,12,15,14,0,20,82,0,11.4,94,43.0,658,385.8759669526533,0,1007.2,179.72356922415747,16.5978494239244,45,,
2018,12,15,15,0,19.6,92,0,11.8,87,14.0,481,214.91983411695523,0,1007.2,182.1436688011236,16.238903453102733,56,,
2018,12,15,16,0,18.9,102,0,12.4,73,9.0,293,136.79305668018756,0,1007.5,185.29342009780663,16.068527456350147,67,,
2018,12,15,17,0,18.1,110,3.3,13,57,7.0,108,81.36853089798346,0,1007.7,186.25116233750748,15.130000084009064,78,,
2018,12,15,18,0,17.2,120,2.7,13.3,15,6.0,6,36.82293601489522,0,1008.1,185.9884374414164,14.80834867354618,88,,
2018,12,15,19,0,16.1,130,0,13.2,0,3.0,0,6.372708049035428,0,1008.6,186.1733136546755,13.412984852501928,98,,
2018,12,15,20,0,15,141,0,13.1,0,0.0,0,0.0,0,1009,184.9379985695111,12.865377721571372,105,,
2018,12,15,21,0,14.2,155,0,12.9,0,0.0,0,0.0,0,1009.2,186.18316059858728,12.070216524798102,111,,
2018,12,15,22,0,13.7,169,0,12.6,0,0.0,0,0.0,0,1009.2,192.8018516871728,10.78568663324016,115,,
2018,12,15,23,0,13.1,-176,0,12.2,0,0.0,0,0.0,0,1009.1,198.0214822584916,9.543131598552073,116,,
2018,12,16,0,0,12.8,-161,0,12,0,0.0,0,0.0,0,1009.1,197.32892130855976,8.443294926401153,113,,
2018,12,16,1,0,12.7,-147,0,12,0,0.0,0,0.0,0,1009.1,195.62278033572096,9.106452214542667,108,,
2018,12,16,2,0,12.5,-135,0,11.9,0,0.0,0,0.0,0,1009.2,184.57966070043483,8.454482986607692,101,,
2018,12,16,3,0,13.1,-124,0,12.2,2,0.0,1,0.0,0,1009.4,183.9927728497036,7.503319168756024,93,,
2018,12,16,4,0,14.2,-115,40.9,12.9,44,0.0,2,0.0,0,1009.7,177.70274506928286,7.235795756949082,83,,
2018,12,16,5,0,15.3,-106,43.4,13.6,155,64.0,6,40.58780889079182,0,1010.1,180.1936656492205,6.645057491429803,72,,
2018,12,16,6,0,16.8,-97,46.4,14.1,249,224.0,13,171.07171565182043,0,1010.3,190.7192372611837,5.953992424994364,61,,
2018,12,16,7,0,18.4,-87,25.1,14.4,336,368.0,169,346.2978816814118,0,1010.3,196.1552894277966,5.327821432062865,50,,
2018,12,16,8,0,20.1,-75,10.8,14.6,280,467.0,467,531.4017919849111,0,1010.3,208.1026598384981,5.126896391055144,38,,
2018,12,16,9,0,21,-58,14.6,14.4,373,489.0,448,680.4703186436028,0,1010.2,214.6914454833932,4.533159005124205,28,,
2018,12,16,10,0,21,-30,13.9,13.6,356,521.0,533,779.6204262430426,0,1009.9,233.5800340732561,4.526702071787861,20,,
2018,12,16,11,0,21.1,12,0.5,12.8,133,593.0,907,889.3428206099309,0,1009.6,273.36955055068955,5.316808860495684,18,,
2018,12,16,12,0,21.1,47,0,12.5,123,474.0,876,852.0841588021374,0,1009.4,295.32772543789577,1.9112574517682983,24,,
2018,12,16,13,0,21.1,68,0,12.5,121,298.0,775,718.0877787012589,0,1009.1,356.9875215962278,2.378531002020658,34,,
2018,12,16,14,0,21,82,0,12.5,113,133.0,635,513.2765890563534,0,1008.9,1.7847429403681758,4.734718738327219,44,,
2018,12,16,15,0,20.6,92,0,12.9,94,81.0,474,369.2839135983731,0,1008.8,356.8636416316674,4.56934418160856,56,,
2018,12,16,16,0,19.8,101,0,13.5,77,174.0,290,366.27656298673634,0,1008.9,11.82846858616523,5.793180378233418,67,,
2018,12,16,17,0,19,110,1.8,14.1,56,310.0,112,318.74227534420686,0,1009,19.937991744205533,6.78146601038448,78,,
2018,12,16,18,0,18.2,120,2.6,14.5,16,212.0,6,154.82499628764623,0,1009.1,29.86817607788896,6.867228051110363,88,,
2018,12,16,19,0,17.4,130,0,14.7,0,68.0,0,23.582157034246062,0,1009,31.00858635012565,5.886389274464344,97,,
2018,12,16,20,0,16.5,141,0,14.8,0,0.0,0,0.0,0,1009,33.15702807160403,6.623374469634455,105,,
2018,12,16,21,0,16,154,0,14.9,0,0.0,0,0.0,0,1008.8,36.98465413993097,6.9480119829250215,111,,
2018,12,16,22,0,15.8,169,0,14.8,0,0.0,0,0.0,0,1008.3,33.32941165747161,6.615702826213799,115,,
2018,12,16,23,0,15.6,-176,0,14.7,0,0.0,0,0.0,0,1007.8,25.92130546290264,6.170867113316728,116,,
2018,12,17,0,0,15.6,-161,0,14.7,0,0.0,0,0.0,0,1007.4,26.044967707855108,5.665412068560708,113,,
2018,12,17,1,0,15.5,-147,0,14.8,0,0.0,0,0.0,0,1007.1,11.205470485143962,5.6987249305560255,108,,
2018,12,17,2,0,15.5,-135,0,14.8,0,0.0,0,0.0,0,1006.8,15.46110361360735,5.026885384484046,101,,
2018,12,17,3,0,15.8,-124,0,14.9,2,0.0,1,0.0,0,1006.7,7.825296625451529,6.003414617896648,93,,
2018,12,17,4,0,16.3,-115,54.2,15,29,0.0,2,0.0,0,1006.8,23.880811849814503,6.520903765711392,83,,
2018,12,17,5,0,16.8,-106,59.7,15.2,113,34.0,0,31.348655269006453,0,1006.9,30.26624073306357,5.957002633448171,72,,
2018,12,17,6,0,18,-97,42.7,15.2,271,156.0,3,146.32942220195827,0,1006.9,31.28427418943005,5.882962461791753,61,,
2018,12,17,7,0,19.8,-87,13.6,15.2,252,329.0,329,321.570195885718,0,1006.8,44.4601699100175,5.625166726290559,50,,
2018,12,17,8,0,21.7,-75,14.7,15.2,305,474.0,404,514.9187262316921,0,1006.6,53.04521757371111,7.514461371737592,39,,
2018,12,17,9,0,22.6,-59,0.3,15.1,114,477.0,839,651.4958397513748,0,1006.3,60.41808050918007,8.943346315546409,28,,
2018,12,17,10,0,22.5,-30,0.2,15,117,485.0,907,748.2581319831564,0,1005.8,58.73253334666833,11.319107510161874,20,,
2018,12,17,11,0,22.4,11,0,14.8,115,626.0,924,891.4378295313383,0,1005.4,66.8958272525266,12.741966617524485,18,,
2018,12,17,12,0,22.3,47,0.3,14.8,118,706.0,874,964.96342462836,0,1004.9,64.34182461376662,13.27940882094044,24,,
2018,12,17,13,0,22.3,68,2.1,14.8,147,800.0,730,1001.328909260796,0,1004.5,66.59834873475745,13.432290049722058,33,,
2018,12,17,14,0,22.3,82,11.4,14.9,263,805.0,397,940.5558858253404,0,1004.1,66.18814726921119,13.313202461102213,44,,
2018,12,17,15,0,21.9,92,9.3,15.1,191,772.0,322,814.1145008852611,0,1003.9,70.33548189775263,12.93426963770612,56,,
2018,12,17,16,0,21.1,101,3.9,15.5,103,706.0,249,638.6487119209764,0,1004,69.26202070005576,12.35544698582438,67,,
2018,12,17,17,0,20.3,110,2.7,15.8,58,620.0,110,438.57733943599226,0,1004.1,68.98959255915122,10.856822159754788,78,,
2018,12,17,18,0,19.4,120,3.3,16,17,417.0,7,213.29706540461387,0,1004.1,68.54921810989532,10.534644830530246,88,,
2018,12,17,19,0,18.4,130,0,15.9,0,122.0,0,31.628803857924584,0,1004.1,64.04503410601387,9.659313086438088,97,,
2018,12,17,20,0,17.4,141,0,15.9,0,0.0,0,0.0,0,1004.2,67.81297028717302,9.255372269051009,105,,
2018,12,17,21,0,16.7,154,0,15.7,0,0.0,0,0.0,0,1003.9,67.79375610945016,9.175419374413025,111,,
2018,12,17,22,0,16.3,169,0.2,15.5,0,0.0,0,0.0,0,1003.4,70.98617821305226,9.093556464321724,115,,
2018,12,17,23,0,15.8,-176,33.7,15.2,0,0.0,0,0.0,0,1002.9,64.20841109661609,10.595538483496384,116,,
2018,12,18,0,0,15.5,-161,35.2,14.9,0,0.0,0,0.0,0,1002.6,73.56431935354476,9.92305435020004,113,,
2018,12,18,1,0,15.2,-147,26.7,14.8,0,0.0,0,0.0,0,1002.5,74.79630447790987,8.779705475155552,108,,
2018,12,18,2,0,15,-135,34,14.6,0,0.0,0,0.0,0,1002.3,88.50948898016043,8.175129364605818,101,,
2018,12,18,3,0,15.2,-124,42.2,14.6,1,0.0,0,0.0,0,1002.5,92.02949510285606,6.776711773608108,93,,
2018,12,18,4,0,15.9,-115,24.6,14.8,46,0.0,19,0.0,0,1002.9,93.42936354664278,5.432335088695908,83,,
2018,12,18,5,0,16.5,-106,29,15,124,74.0,71,37.87131273859342,0,1003.4,94.7232820369586,4.432533312111352,72,,
2018,12,18,6,0,17.9,-97,19.9,15.3,215,122.0,163,131.93715217796984,0,1003.5,84.39575698861563,4.174985012153175,61,,
2018,12,18,7,0,19.8,-87,21.9,15.5,241,219.0,281,277.0109897769205,0,1003.2,117.05496149142198,2.49000949218197,50,,
2018,12,18,8,0,21.7,-76,0.3,15.8,117,241.0,708,406.9752508670242,0,1002.9,216.9659853508248,0.2038088803547487,39,,
2018,12,18,9,0,22.9,-59,0,15.6,118,216.0,831,501.45611346893867,0,1002.6,237.5075896705536,2.578713979779227,28,,
2018,12,18,10,0,23.4,-31,0,15,120,86.0,901,492.8088712538495,0,1002.3,223.17247059501744,5.272491799787256,20,,
2018,12,18,11,0,23.8,11,0,14.4,118,112.0,919,579.564960119859,0,1002,204.83622454649384,6.749490299230882,18,,
2018,12,18,12,0,23.9,47,0.2,14.2,118,145.0,873,638.0225070856281,0,1001.6,206.04372481222524,7.259878634398627,24,,
2018,12,18,13,0,23.8,68,0.2,14.4,114,59.0,780,476.5123446128732,0,1001.3,210.8740027294336,7.75119287785689,33,,
2018,12,18,14,0,23.7,82,2.2,14.6,136,117.0,597,523.3734467186559,0,1001,212.94732354249032,8.618823234269097,44,,
2018,12,18,15,0,23.2,92,0.1,15,91,80.0,478,392.6987073147613,0,1000.8,214.6322695360056,9.018009131700644,56,,
2018,12,18,16,0,22.4,101,0,15.6,74,62.0,296,277.19475895131364,0,1000.7,211.9302811914949,8.153916478221443,67,,
2018,12,18,17,0,21.5,110,6.3,16.2,61,33.0,106,151.0546634740509,0,1000.6,213.66816846037267,7.440715931990027,78,,
2018,12,18,18,0,20.3,120,4.5,16.3,18,21.0,5,66.49922199522247,0,1000.8,213.85195694208,7.333217327778997,88,,
2018,12,18,19,0,18.8,130,0,16,0,6.0,0,8.779547702917728,0,1001.1,214.47466434425647,6.532220804808183,97,,
2018,12,18,20,0,17.2,141,0,15.8,0,0.0,0,0.0,0,1001.5,213.8567565433144,6.237627395253924,105,,
2018,12,18,21,0,16.3,154,0,15.5,0,0.0,0,0.0,0,1001.6,205.4863677665957,6.530519471996634,111,,
2018,12,18,22,0,16,169,0,15.3,0,0.0,0,0.0,0,1001.3,208.4715204278197,6.990490073350129,115,,
2018,12,18,23,0,15.8,-176,0,15.1,0,0.0,0,0.0,0,1001,206.1379843482824,7.939353696381176,116,,
2018,12,19,0,0,15.6,-161,0,15,0,0.0,0,0.0,0,1000.7,205.6489942151006,8.461454271788849,113,,
2018,12,19,1,0,15.6,-147,0,15,0,0.0,0,0.0,0,1000.1,206.54414326336124,9.275315403909405,108,,
2018,12,19,2,0,15.6,-135,0,15,0,0.0,0,0.0,0,999.6,205.5612018387436,9.31692409075863,101,,
2018,12,19,3,0,16,-124,0,15,1,0.0,0,0.0,0,999.3,203.3886222524688,9.182204205894717,93,,
2018,12,19,4,0,16.8,-115,6.2,15.1,44,0.0,37,0.0,0,999.1,199.52266117252307,9.785214154039783,83,,
2018,12,19,5,0,17.6,-106,0,15.3,72,5.0,191,16.189207254074155,0,998.9,197.5635000100828,10.198058130622854,72,,
2018,12,19,6,0,19,-97,0,15.5,93,8.0,370,56.69164331228367,0,998.6,197.1766223724019,10.4801198024718,61,,
2018,12,19,7,0,20.9,-87,0.1,15.9,111,19.0,543,141.4399050648389,0,998.1,196.1872124424804,11.084452354197804,50,,
2018,12,19,8,0,22.8,-76,0.1,16.3,123,140.0,695,375.8370508141318,0,997.7,200.73816204995632,11.83961765245848,39,,
2018,12,19,9,0,23.9,-59,0,16.3,133,482.0,806,678.2253171122509,0,997.1,201.92392028898303,12.339927721356728,28,,
2018,12,19,10,0,24.4,-31,0,15.9,138,407.0,873,752.5738399878535,0,996.4,200.77303677784369,12.109730851882176,20,,
2018,12,19,11,0,24.8,11,0.1,15.4,139,327.0,886,773.3464669932571,0,995.6,201.7066756924032,12.119402864310144,18,,
2018,12,19,12,0,25.2,47,0.2,15.2,131,106.0,851,586.9039317703399,0,994.9,203.43015260434493,11.430004167635268,24,,
2018,12,19,13,0,25.6,68,0,15.2,123,56.0,762,470.7139093516752,0,994.2,204.3848870983304,10.759912736004395,33,,
2018,12,19,14,0,26,82,0,15.1,116,45.0,623,395.7955303238787,0,993.6,204.7444697091028,9.364986491975142,44,,
2018,12,19,15,0,25.9,92,0,15.2,107,36.0,450,307.2559785526446,0,993.2,205.6074991066024,7.76814554936549,55,,
2018,12,19,16,0,25.2,101,4.4,15.5,113,22.0,231,197.29429026508575,0,993,195.62157186649048,7.974753194236635,67,,
2018,12,19,17,0,24.5,110,27.8,15.7,81,23.0,43,133.2273717700734,0,992.8,196.95479468942332,7.869640770927073,78,,
2018,12,19,18,0,23.6,120,38.2,15.8,12,18.0,0,63.60225733108315,0,993,197.8661395620127,8.515639716319395,88,,
2018,12,19,19,0,22.7,130,22.7,15.9,0,8.0,0,10.053324117255276,0,993.5,198.1637213946064,9.198347324961574,97,,
2018,12,19,20,0,21.8,141,40,15.9,0,0.0,0,0.0,0,994,197.4030905343811,9.796079664176869,105,,
2018,12,19,21,0,21.5,154,38.4,15.3,0,0.0,0,0.0,0,993.9,199.02171161839365,9.25022442326353,111,,
2018,12,19,22,0,21.8,169,45.4,13.9,0,0.0,0,0.0,0,993.1,201.0425413116801,8.584946152552082,115,,
2018,12,19,23,0,22.1,-176,59.8,12.6,0,0.0,0,0.0,0,992.4,205.5659138273759,8.208753057502234,116,,
2018,12,20,0,0,22.3,-161,61.6,12,0,0.0,0,0.0,0,991.8,210.37358810529872,7.589256860774352,113,,
2018,12,20,1,0,22.4,-148,59.5,12,0,0.0,0,0.0,0,991.3,204.5881374261816,6.969368843005422,108,,
2018,12,20,2,0,22.5,-135,55.4,12.1,0,0.0,0,0.0,0,990.9,211.54767845882031,6.770693706148705,101,,
2018,12,20,3,0,22.4,-125,67.4,12.6,0,0.0,0,0.0,0,990.7,215.7871554084716,5.950964893714112,93,,
2018,12,20,4,0,22.1,-115,75.6,13.4,16,0.0,0,0.0,0,990.6,220.31244604411464,5.862042834426069,83,,
2018,12,20,5,0,21.8,-106,81.2,14.3,49,7.0,0,19.25751367136388,0,990.5,225.65961151309293,5.5334427199649046,72,,
2018,12,20,6,0,22.1,-97,73,15,116,14.0,0,72.94306363479546,0,990.3,51.3112274955493,5.355090694870479,61,,
2018,12,20,7,0,23.1,-87,27,15.5,334,36.0,135,175.0515504517805,0,990.2,54.49370855356494,5.595383400296078,50,,
2018,12,20,8,0,24.1,-76,29.1,16,482,75.0,83,315.1468545120515,0,990.1,78.96322769480628,8.43605823914433,39,,
2018,12,20,9,0,23.8,-59,57.6,16.2,346,274.0,40,576.4120726880096,0,990.4,79.00699525569883,8.941663189250653,28,,
2018,12,20,10,0,22.2,-31,27.9,16.1,436,610.0,268,825.5114240772953,0,991.1,80.79002450792274,9.231558255580458,20,,
2018,12,20,11,0,20.6,10,85.8,16,140,657.0,0,925.1927863371928,0,991.8,76.62808327189214,9.728843136635312,18,,
2018,12,20,12,0,19.2,47,92,15.6,76,726.0,0,993.096316044764,0,992.4,72.37264125732395,10.938660764407608,24,,
2018,12,20,13,0,18.1,68,92.5,15,65,798.0,0,1016.4835732449772,0,993,71.337359171961,10.937660545805707,33,,
2018,12,20,14,0,17,82,86.5,14.5,100,822.0000000000001,0,964.5617114138928,0,993.6,75.07006856377035,12.129440971541449,44,,
2018,12,20,15,0,16.4,92,44.3,13.8,246,802.0,61,843.3672501096521,0,994.1,76.09448047726642,12.483274793307238,55,,
2018,12,20,16,0,16.2,101,18.8,13,176,746.0,131,668.7382533737785,0,994.6,77.86076210249615,12.673273898331397,67,,
2018,12,20,17,0,16,110,45.8,12.3,90,645.0,19,456.8730204966952,0,995.1,79.52522766522361,12.472750318431144,77,,
2018,12,20,18,0,15.7,119,43.3,11.8,14,451.0,0,228.12443300287265,0,995.7,83.75904458133147,12.235108890664664,88,,
2018,12,20,19,0,15.3,130,42,11.6,0,188.0,0,42.06528111149533,0,996.6,82.16977037495928,10.515526202844448,97,,
2018,12,20,20,0,14.9,141,42.8,11.3,0,0.0,0,0.0,0,997.5,84.34651505789446,10.455888055122236,105,,
2018,12,20,21,0,14.7,154,42.6,11.4,0,0.0,0,0.0,0,998.2,87.15120635080513,10.212572131841853,111,,
2018,12,20,22,0,14.6,168,23.2,11.7,0,0.0,0,0.0,0,998.8,91.32792942616186,9.702556974336616,115,,
2018,12,20,23,0,14.5,-176,0,12,0,0.0,0,0.0,0,999.4,93.75950754147658,8.884108332289282,115,,
2018,12,21,0,0,14.2,-161,0,11.9,0,0.0,0,0.0,0,1000.2,101.29919962081463,7.923599525710283,113,,
2018,12,21,1,0,13.8,-148,0,11.4,0,0.0,0,0.0,0,1001.3,101.1101876356446,7.732318230936687,108,,
2018,12,21,2,0,13.4,-135,0,10.9,0,0.0,0,0.0,0,1002.4,98.41086016709971,7.349061437127323,101,,
2018,12,21,3,0,13.1,-125,0,10.4,1,0.0,0,0.0,0,1003.7,96.80601115211726,7.298994018041363,93,,
2018,12,21,4,0,12.7,-115,9.9,9.8,49,0.0,29,0.0,0,1005.3,95.63542187487928,7.94342079260789,83,,
2018,12,21,5,0,12.3,-106,33.5,9.2,125,3.0,47,10.106925783546712,0,1006.8,94.04208386940591,8.333228531814244,72,,
2018,12,21,6,0,12.8,-97,54.4,8.4,219,5.0,2,41.04445643329187,0,1008.1,98.0440273106235,8.503590120144064,61,,
2018,12,21,7,0,14,-88,63.3,7.4,257,8.0,0,88.11189062533083,0,1009.1,95.33131500692129,6.1616647309026895,50,,
2018,12,21,8,0,15.2,-76,25.6,6.4,382,7.0,264,125.92505953642438,0,1010.1,95.53124623603628,6.301803515398738,39,,
2018,12,21,9,0,15.8,-60,11.7,5.8,297,9.0,576,175.4092845795724,0,1010.8,99.621954941941,5.877607700232471,28,,
2018,12,21,10,0,15.9,-32,1.1,5.5,113,16.0,940,266.3257961806354,0,1011.3,95.7705943058928,5.196254191705492,20,,
2018,12,21,11,0,16,10,0,5.3,89,70.0,992,478.0243701137405,0,1011.8,82.66994304555436,5.212520421854901,18,,
2018,12,21,12,0,16.1,46,0,5.2,86,95.0,952,537.4283829390952,0,1012.2,66.89208706211127,5.732385695699088,24,,
2018,12,21,13,0,16.1,68,0,5.1,80,95.0,858,518.4951025041153,0,1012.5,47.14028188452738,8.052409792586971,33,,
2018,12,21,14,0,16.2,82,0,5,75,101.0,715,476.46908703956007,0,1012.8,49.08202758866156,10.20989579226026,44,,
2018,12,21,15,0,15.9,92,0,5.1,70,120.0,534,423.4460260172602,0,1013.2,50.57963968310213,9.582539177552512,55,,
2018,12,21,16,0,15.4,101,0,5.2,61,126.0,337,332.2088027875902,0,1013.7,50.712327854977616,9.645109598858092,66,,
2018,12,21,17,0,14.8,110,2,5.4,49,342.0,140,337.00423876041833,0,1014.2,55.47454519891369,9.743702691888876,77,,
2018,12,21,18,0,14,119,3.1,5.4,18,294.0,12,183.46860231601747,0,1014.7,53.38826349527324,9.222163926022343,88,,
2018,12,21,19,0,12.8,130,0,5.4,0,138.0,0,35.616787236117275,0,1015.2,55.75907127055416,9.59251793831129,97,,
2018,12,21,20,0,11.7,141,0,5.4,0,0.0,0,0.0,0,1015.7,70.92340804929222,10.258435831066617,105,,
2018,12,21,21,0,11.2,154,0,5.7,0,0.0,0,0.0,0,1016,80.67815010791014,10.52646347357178,111,,
2018,12,21,22,0,11.3,168,0,6.2,0,0.0,0,0.0,0,1015.9,78.66737099292487,10.153032702927309,115,,
2018,12,21,23,0,11.5,-177,0,6.6,0,0.0,0,0.0,0,1015.9,78.79157681315758,9.621005381194989,115,,
2018,12,22,0,0,11.5,-162,0,7.1,0,0.0,0,0.0,0,1015.8,78.20508890692474,9.344770650074963,113,,
2018,12,22,1,0,11.3,-148,0,7.4,0,0.0,0,0.0,0,1015.7,72.55812898676243,8.891226803435474,108,,
2018,12,22,2,0,11.1,-136,0,7.8,0,0.0,0,0.0,0,1015.6,71.05442192587208,8.524282663542929,101,,
2018,12,22,3,0,11.6,-125,0,8.3,1,0.0,0,0.0,0,1015.7,72.81309996708444,8.30850858155984,93,,
2018,12,22,4,0,12.7,-115,55.5,9.1,20,0.0,3,0.0,0,1016,79.620042988259,7.729028013344686,83,,
2018,12,22,5,0,13.7,-106,70.8,9.8,85,141.0,0,44.851270961552814,0,1016.3,83.61963500353488,7.267426105519894,72,,
2018,12,22,6,0,15,-97,49.5,10.1,218,395.0,31,192.9523572869841,0,1016.3,82.65409969702876,6.35464707158409,61,,
2018,12,22,7,0,16.6,-88,12.2,9.9,246,681.0,344,415.9365016327488,0,1016.2,75.92307672141965,5.837909758438504,50,,
2018,12,22,8,0,18.2,-76,5.7,9.7,207,771.0,585,618.310817829489,0,1016.2,71.26503298060447,7.534214374217635,39,,
2018,12,22,9,0,19,-60,2.6,9.6,171,827.0000000000001,767,799.0313312798572,0,1015.9,73.39320256521779,6.4203909066361575,28,,
2018,12,22,10,0,18.9,-32,6.2,9.6,255,904.0,717,945.169234463036,0,1015.6,67.8729786600839,5.807606677989902,20,,
2018,12,22,11,0,18.8,10,2.8,9.5,188,898.0,834,1026.9176003692437,0,1015.2,58.25067274074775,6.6940983814296295,18,,
2018,12,22,12,0,18.7,46,2.9,9.6,178,821.0000000000001,803,1022.4173618692456,0,1014.8,54.96610195506497,7.333647706778243,23,,
2018,12,22,13,0,18.7,68,7.5,9.8,254,722.0,586,953.3799468749656,0,1014.4,49.82777639583992,8.401842060655927,33,,
2018,12,22,14,0,18.6,82,9.6,10.1,231,780.0,460,923.4756217972744,0,1013.9,47.02208566519335,8.067871082668146,44,,
2018,12,22,15,0,18.3,92,15.7,10.4,265,571.0000000000001,218,706.9797392978583,0,1013.7,42.87426170627896,8.675278725942237,55,,
2018,12,22,16,0,17.7,101,5.1,10.8,130,679.0,221,626.8762754268101,0,1013.6,41.86891450716507,8.90339805382473,66,,
2018,12,22,17,0,17.2,110,10.3,11.2,90,688.0,67,466.9704223835998,0,1013.5,38.7543036816283,8.530736446643406,77,,
2018,12,22,18,0,16.6,119,5.2,11.5,21,494.0,2,237.12797641970943,0,1013.6,35.78323524204649,8.277611742996482,88,,
2018,12,22,19,0,16,129,0,11.6,0,202.0,0,43.5525339231867,0,1013.7,35.22200953434742,8.066959308571764,97,,
2018,12,22,20,0,15.4,141,0,11.8,0,0.0,0,0.0,0,1013.8,36.08731200103404,6.8460975783652005,105,,
2018,12,22,21,0,14.9,154,0,11.8,0,0.0,0,0.0,0,1013.6,37.11218002095387,5.7966338567626,111,,
2018,12,22,22,0,14.6,168,0,11.6,0,0.0,0,0.0,0,1013.1,34.620042988259,5.465248120216817,115,,
2018,12,22,23,0,14.4,-177,0,11.4,0,0.0,0,0.0,0,1012.7,32.40957850420955,5.084441543640704,115,,
2018,12,23,0,0,14.2,-162,0,11.2,0,0.0,0,0.0,0,1012.3,12.98169095098018,4.2179091710593655,113,,
2018,12,23,1,0,14,-148,1.6,11.2,0,0.0,0,0.0,0,1011.9,9.403536025277788,6.532856360386103,109,,
2018,12,23,2,0,13.8,-136,9.9,11.2,0,0.0,0,0.0,0,1011.6,5.280396102207931,6.791271666778878,102,,
2018,12,23,3,0,14,-125,10.5,11.1,1,0.0,0,0.0,0,1011.5,359.61120185824825,6.620025463062481,93,,
2018,12,23,4,0,14.5,-115,18.8,11.2,50,0.0,22,0.0,0,1011.8,357.4491972202127,6.6266832192724,83,,
2018,12,23,5,0,15,-106,0,11.2,59,82.0,217,37.7127702957783,0,1012.1,0.8703116531452793,6.7507787890982165,72,,
2018,12,23,6,0,16,-97,10,11.1,158,180.0,273,146.07452423713792,0,1012.2,357.75425743410494,6.379900077587423,61,,
2018,12,23,7,0,17.6,-88,6.4,11,148,235.0,492,278.72863776554016,0,1012.1,352.0449932233012,6.033154379665344,50,,
2018,12,23,8,0,19.1,-76,3.6,10.8,145,446.0,675,489.8873393621802,0,1012,352.21796800261006,6.462101569704541,39,,
2018,12,23,9,0,19.9,-60,0,10.4,91,418.0,886,605.7300277351562,0,1011.8,343.5894206667347,6.71623406876734,29,,
2018,12,23,10,0,20,-32,0,9.7,94,595.0,958,786.5499125625937,0,1011.4,339.4694987435698,7.370735555981083,20,,
2018,12,23,11,0,20,9,0,9,95,638.0,974,881.9042029605585,0,1011,338.57718609584833,8.507716098656092,18,,
2018,12,23,12,0,20,46,0,8.8,94,748.0,931,972.8358054937576,0,1010.6,339.81402977779595,9.23729947379663,23,,
2018,12,23,13,0,20,68,0,9.2,92,829.0000000000001,834,1005.424277574668,0,1010.3,344.3304494929787,9.570781988967484,33,,
2018,12,23,14,0,20,82,0,9.7,87,886.0,690,977.0016023995526,0,1010,344.6512194930203,8.972619584323766,44,,
2018,12,23,15,0,19.6,92,0,10.2,80,846.0,514,847.5017543404452,0,1009.9,347.2526706440476,8.679002685038581,55,,
2018,12,23,16,0,19,101,0,10.9,68,779.0,322,669.1917001669891,0,1010.1,348.5424632681593,8.382125275271445,66,,
2018,12,23,17,0,18.3,110,2,11.6,53,683.0,133,462.4507240258083,0,1010.2,349.4323279641994,8.397309721698598,77,,
2018,12,23,18,0,17.3,119,3.5,12,19,495.0,10,236.16310957160388,0,1010.4,354.82434869302267,7.621160701455668,87,,
2018,12,23,19,0,15.9,129,0,12.1,0,211.0,0,45.07739046275334,0,1010.7,359.6637538033133,6.82262725264794,97,,
2018,12,23,20,0,14.5,141,0,12.2,0,0.0,0,0.0,0,1011,1.958456403938726,6.14372545937869,105,,
2018,12,23,21,0,13.8,154,0,12.2,0,0.0,0,0.0,0,1011,2.4128806861664884,5.404694195511909,111,,
2018,12,23,22,0,13.8,168,0,12.2,0,0.0,0,0.0,0,1010.8,357.9272806850568,4.698142222496863,115,,
2018,12,23,23,0,13.7,-177,0,12.2,0,0.0,0,0.0,0,1010.6,336.09858046346443,4.83744801362761,115,,
2018,12,24,0,0,13.7,-162,0,12.3,0,0.0,0,0.0,0,1010.3,325.8727234317357,5.164509400437016,113,,
2018,12,24,1,0,13.9,-148,0,12.5,0,0.0,0,0.0,0,1009.9,316.7237471859236,5.411919465548109,109,,
2018,12,24,2,0,14.1,-136,0,12.6,0,0.0,0,0.0,0,1009.5,313.4380952056882,5.054169594411901,102,,
2018,12,24,3,0,14.6,-125,0,12.8,1,0.0,0,0.0,0,1009.3,306.8169369987495,4.384474529297649,93,,
2018,12,24,4,0,15.4,-115,21.2,13.1,53,0.0,9,0.0,0,1009.4,298.2023381520445,5.284868236737995,83,,
2018,12,24,5,0,16.2,-106,27.9,13.4,119,229.0,89,45.25320706628585,0,1009.4,297.4730077536672,5.229649183978066,73,,
2018,12,24,6,0,17.4,-97,8.6,13.6,137,472.0,306,195.4667931183949,0,1009.3,292.280091584424,5.057518315237298,62,,
2018,12,24,7,0,19.1,-88,0,13.7,84,783.0,595,427.0714145790809,0,1009.1,281.4272156652629,3.836051131233881,50,,
2018,12,24,8,0,20.7,-76,1.4,13.9,112,866.0,725,633.0175296127536,0,1008.9,269.27317070148433,4.522824847119453,39,,
2018,12,24,9,0,21.5,-60,0,13.6,92,915.0,885,814.4246397127307,0,1008.5,264.1121857156012,5.654831176180551,29,,
2018,12,24,10,0,21.4,-33,0,13.1,94,945.0,958,957.5912896184036,0,1008,263.7937760802241,7.840875471241562,20,,
2018,12,24,11,0,21.3,9,0,12.5,94,955.0,975,1049.988365987584,0,1007.5,265.47143996845966,8.361063335728593,18,,
2018,12,24,12,0,21.3,46,0,12.2,93,953.0,934,1087.7532387520132,0,1006.9,272.7155512232322,7.173094070313378,23,,
2018,12,24,13,0,21.2,68,0,12.2,90,942.0,840,1070.1383934964408,0,1006.4,267.6422280963126,7.358768835029065,33,,
2018,12,24,14,0,21.2,81,0,12.3,85,920.0,698,995.6977870048302,0,1005.8,276.5308259424858,6.879604016104402,44,,
2018,12,24,15,0,20.8,92,0,12.5,78,885.0,522,868.0701645330226,0,1005.4,292.96064578307323,6.491870385790201,55,,
2018,12,24,16,0,20,101,0,12.8,66,824.0000000000001,330,691.6118774188528,0,1005.2,320.37427962452864,7.020619307537516,66,,
2018,12,24,17,0,19.3,110,0.6,13.2,50,721.0,143,477.1720018603223,0,1004.9,338.38800431656847,7.405367448590584,77,,
2018,12,24,18,0,18.6,119,3.6,13.2,19,528.0,12,245.36623732540892,0,1004.6,350.2288896772704,6.732428957694998,87,,
2018,12,24,19,0,17.9,129,0,13,0,250.0,0,50.78227054340248,0,1004.3,356.47883177086976,6.026269116034076,97,,
2018,12,24,20,0,17.3,141,0,12.8,0,0.0,0,0.0,0,1004,11.282532056156754,7.30872634367803,105,,
2018,12,24,21,0,17,154,0,12.7,0,0.0,0,0.0,0,1003.5,13.414980400644708,7.263113625582107,111,,
2018,12,24,22,0,17.1,168,0,12.8,0,0.0,0,0.0,0,1002.9,30.914771476277,7.590866785607742,115,,
2018,12,24,23,0,17.2,-177,0,13,0,0.0,0,0.0,0,1002.3,31.445234710525483,6.517176345087647,115,,
2018,12,25,0,0,17.3,-162,0,13.1,0,0.0,0,0.0,0,1001.7,42.68010774533582,8.55945111380499,113,,
2018,12,25,1,0,17.5,-148,0,13.4,0,0.0,0,0.0,0,1001,40.18669999312999,7.857155719737262,109,,
2018,12,25,2,0,17.6,-136,0,13.6,0,0.0,0,0.0,0,1000.4,44.60985041489306,7.2761524554269075,102,,
2018,12,25,3,0,18.1,-125,0,13.8,1,0.0,0,0.0,0,1000,47.00016466127994,7.646798391702811,93,,
2018,12,25,4,0,18.8,-115,10.2,14,51,0.0,16,0.0,0,999.8,55.14281993646529,7.147378282294494,83,,
2018,12,25,5,0,19.5,-106,4.1,14.2,93,165.0,150,41.9798865296974,0,999.7,51.32216844360994,7.27256558659164,73,,
2018,12,25,6,0,20.7,-97,0,14,103,407.0,354,184.50044481803064,0,999.5,57.10149628449187,7.1756288930701135,62,,
2018,12,25,7,0,22.4,-88,0,13.3,113,492.0,543,350.3701182061503,0,999.2,64.16054773990561,6.974951413884366,50,,
2018,12,25,8,0,24.1,-76,0.1,12.7,118,736.0,707,585.5503704792875,0,999,68.90138267543517,6.7713168475319785,39,,
2018,12,25,9,0,24.8,-60,0.8,12.3,135,530.0,811,646.9134669926484,0,998.5,69.68238575538021,6.070047620691783,29,,
2018,12,25,10,0,24.5,-33,5.2,12.3,218,361.0,759,669.3713827475126,0,997.8,65.95124914449298,5.729771483892652,20,,
2018,12,25,11,0,24.3,9,14.3,12.3,359,497.0,539,811.4947840607131,0,997.1,59.90617174102994,5.325234538048743,18,,
2018,12,25,12,0,24.1,46,5.7,12.5,236,714.0,712,958.1912108737084,0,996.3,46.229092028802086,5.601519255956683,23,,
2018,12,25,13,0,24.1,68,5.5,12.7,222,877.0,634,1037.000682100605,0,995.5,41.66047778094321,7.58959942089187,33,,
2018,12,25,14,0,24.1,81,1.2,13,141,887.0,608,980.8746324144566,0,994.7,42.41325170898773,9.088401348848915,44,,
2018,12,25,15,0,23.7,92,0.7,13.2,123,863.0,447,860.4226757499688,0,994,46.49575345765175,9.688903414683349,55,,
2018,12,25,16,0,22.9,101,20.1,13.3,184,833.0,120,699.4238918418453,0,993.4,50.39519054693233,9.608013971598288,66,,
2018,12,25,17,0,22.2,110,42.2,13.4,92,713.0,10,477.0946485093866,0,992.9,54.67719436994008,9.14942897111792,77,,
2018,12,25,18,0,21.5,119,23.9,13.5,13,547.0,0,252.13269720916657,0,992.4,59.76354927830892,9.21933602555572,87,,
2018,12,25,19,0,20.9,129,0,13.5,0,261.0,0,52.63437936426055,0,992.1,60.52530751188135,9.735078556603954,97,,
2018,12,25,20,0,20.4,141,0,13.5,0,0.0,0,0.0,0,991.7,67.09484835064973,10.277940658117808,105,,
2018,12,25,21,0,19.9,154,0,13.6,0,0.0,0,0.0,0,991.4,72.53086186934695,10.12698076735488,111,,
2018,12,25,22,0,19.5,168,0,13.6,0,0.0,0,0.0,0,990.9,73.26618717159624,9.612125257472044,115,,
2018,12,25,23,0,19,-177,0,13.6,0,0.0,0,0.0,0,990.5,75.67052719401721,9.394825736841018,116,,
2018,12,26,0,0,18.3,-162,0,13.7,0,0.0,0,0.0,0,990.3,83.45035909385314,8.636444712017598,113,,
2018,12,26,1,0,17.3,-148,20.1,13.8,0,0.0,0,0.0,0,990.2,75.74491304725314,9.239573353257034,109,,
2018,12,26,2,0,16.3,-136,42.4,13.9,0,0.0,0,0.0,0,990.2,79.01467645412083,9.73577104847702,102,,
2018,12,26,3,0,15.4,-125,23,13.7,1,0.0,0,0.0,0,990.6,83.40667542455412,9.580945058748917,93,,
2018,12,26,4,0,14.5,-115,78.2,13.3,6,0.0,0,0.0,0,991.5,89.40478023032551,9.165533638780737,83,,
2018,12,26,5,0,13.6,-106,100,12.9,7,263.0,0,46.52399860113798,0,992.4,93.10866317471364,8.297121471759962,73,,
2018,12,26,6,0,13.1,-97,96.6,12.4,23,683.0,0,224.24635917445417,0,993.1,101.38674328623154,6.96447517160025,62,,
2018,12,26,7,0,13,-88,82.5,11.7,119,615.0,0,384.4066412732406,0,993.6,105.66822725695368,4.915057259019457,50,,
2018,12,26,8,0,12.8,-76,65.1,11,295,323.0,1,435.7886148093041,0,994,123.5062314311216,3.292195112729244,39,,
2018,12,26,9,0,13.1,-60,31.6,10.3,397,295.0,256,537.2850669791775,0,994.6,145.78861536484266,2.143322435453167,29,,
2018,12,26,10,0,13.7,-33,11.3,9.6,274,917.0,644,947.5163279473754,0,995.3,184.15358730329777,1.1730027939030645,20,,
2018,12,26,11,0,14.3,8,15.1,9,384,848.0,515,997.2114711610444,0,996,243.88531648804752,1.2779173889920972,18,,
2018,12,26,12,0,14.6,45,24.8,8.5,347,793.0,422,1003.1267781324352,0,996.8,273.9751010492525,2.380727387197215,23,,
2018,12,26,13,0,14.7,67,21.3,8.1,273,864.0,454,1030.8459928285934,0,997.7,220.064359838934,3.266599226923679,33,,
2018,12,26,14,0,14.7,81,6.2,7.8,185,924.0,548,1004.185329400417,0,998.6,238.18364699230972,4.580892722235415,44,,
2018,12,26,15,0,14.4,92,14.5,7.4,167,861.0,341,860.5224097427636,0,999.6,251.28520567914512,5.453372725622926,55,,
2018,12,26,16,0,13.8,101,13.9,7,154,628.0,193,602.3480574136572,0,1000.8,253.8757129161252,4.725950797355583,66,,
2018,12,26,17,0,13.2,110,53.5,6.6,98,107.0,1,206.26422350499087,0,1001.9,241.3060982546873,4.508767018668109,77,,
2018,12,26,18,0,12.6,119,22.1,6.2,15,32.0,3,70.28421051279797,0,1003.1,236.5073454941973,4.068051294024494,87,,
2018,12,26,19,0,11.8,129,19.3,5.8,0,24.0,0,15.396083039270296,0,1004.2,241.1145211496395,3.4463487740475864,97,,
2018,12,26,20,0,11.1,141,31.9,5.3,0,0.0,0,0.0,0,1005.3,248.1781658665463,2.797897588807311,105,,
2018,12,26,21,0,10.8,153,37.4,5.3,0,0.0,0,0.0,0,1006.1,234.61904828403195,2.189215736553168,111,,
2018,12,26,22,0,10.8,168,23.3,5.8,0,0.0,0,0.0,0,1006.6,218.4762666090496,3.142250513386766,115,,
2018,12,26,23,0,10.9,-177,0,6.3,0,0.0,0,0.0,0,1007.1,205.4918391792879,4.896624994864527,116,,
2018,12,27,0,0,10.9,-162,0,6.4,0,0.0,0,0.0,0,1007.6,197.62539325116543,5.977888232027667,114,,
2018,12,27,1,0,10.9,-148,0,6.3,0,0.0,0,0.0,0,1008,193.49324529697205,7.435211374475912,109,,
2018,12,27,2,0,10.8,-136,0,6.2,0,0.0,0,0.0,0,1008.3,200.60883900306973,8.124933594652388,102,,
2018,12,27,3,0,11,-125,0,6.2,1,0.0,0,0.0,0,1009,196.8059961650655,6.727268111096434,93,,
2018,12,27,4,0,11.5,-115,2.4,6.4,34,0.0,48,0.0,0,1009.9,195.2464011884839,7.177422370617065,83,,
2018,12,27,5,0,12,-106,0,6.5,56,314.0,214,47.46474381830686,0,1010.7,202.6139104947688,7.95115313788961,73,,
2018,12,27,6,0,12.8,-98,0,6.6,68,503.0,409,199.15148190172036,0,1011.4,201.15218169688924,5.701521185497615,62,,
2018,12,27,7,0,14,-88,17.1,6.5,210,742.0,347,415.4855856348756,0,1011.9,195.57483944487333,5.195664679271256,50,,
2018,12,27,8,0,15.2,-77,8.3,6.4,206,810.0,570,613.0327413315608,0,1012.4,205.61565459092384,4.059107963582882,39,,
2018,12,27,9,0,15.9,-60,19.8,6.2,271,837.0,511,781.8033971244585,0,1012.8,218.1520935425681,4.28564339079575,29,,
2018,12,27,10,0,15.9,-33,21.8,5.9,427,462.0,392,742.1625849198899,0,1013.1,221.310165619891,6.566779929925419,21,,
2018,12,27,11,0,16,8,60.9,5.6,409,380.0,8,764.2188792983615,0,1013.3,221.55317424801905,5.088081529078068,18,,
2018,12,27,12,0,16.1,45,28.7,5.5,481,747.0,250,994.1479096517018,0,1013.5,229.53540585092244,6.348623499022164,23,,
2018,12,27,13,0,16.1,67,9.5,5.6,255,730.0,586,970.5238222352724,0,1013.6,223.56449985209943,7.552668714965431,33,,
2018,12,27,14,0,16.1,81,9,5.7,212,765.0,498,928.2080214111757,0,1013.7,222.9965614828259,7.940470102263863,43,,
2018,12,27,15,0,15.9,92,0,5.8,76,538.0,525,701.2478698271199,0,1013.9,224.77608283285892,7.24444716014044,55,,
2018,12,27,16,0,15.6,101,1,6,74,205.0,320,389.12760316716,0,1014.3,225.2436586244897,6.657498166538492,66,,
2018,12,27,17,0,15.2,110,1.8,6.2,57,20.0,134,114.97785367480492,0,1014.7,214.5382659645084,8.937868527503927,77,,
2018,12,27,18,0,14.4,119,4.6,6.3,21,16.0,9,55.16016232935368,0,1015.1,210.64312967483585,5.439512828451311,87,,
2018,12,27,19,0,13.2,129,41,6.5,0,3.0,0,5.4276590988274735,0,1015.5,226.57590320949984,7.011744443373505,97,,
2018,12,27,20,0,12,140,45.7,6.6,0,0.0,0,0.0,0,1015.8,223.9596188907321,8.661586992581704,105,,
2018,12,27,21,0,11.5,153,45,7,0,0.0,0,0.0,0,1016,108.27983815127747,2.367007472176758,111,,
2018,12,27,22,0,11.7,168,29.3,7.4,0,0.0,0,0.0,0,1015.9,238.79429360559595,6.167221149655288,115,,
2018,12,27,23,0,11.9,-177,0,7.9,0,0.0,0,0.0,0,1015.8,231.8034488646352,8.191307030887769,116,,
2018,12,28,0,0,11.8,-162,0,8.2,0,0.0,0,0.0,0,1015.8,243.7481359585784,11.44538884837233,114,,
2018,12,28,1,0,11.6,-148,0,8.3,0,0.0,0,0.0,0,1015.7,247.72144192997683,10.142100769010638,109,,
2018,12,28,2,0,11.5,-136,0,8.3,0,0.0,0,0.0,0,1015.6,223.4289717287272,6.636799812383153,102,,
2018,12,28,3,0,11.7,-125,0,8.5,1,0.0,0,0.0,0,1015.7,283.3851770387638,6.373070527715862,93,,
2018,12,28,4,0,12.3,-115,0.6,8.8,31,0.0,51,0.0,0,1016,3.602868532746584,6.4453558949252345,84,,
2018,12,28,5,0,12.9,-106,0,9.2,57,85.0,210,37.144739048273614,0,1016.3,55.095300012560415,3.2677911209030177,73,,
2018,12,28,6,0,14,-98,0,9.2,72,431.0,400,191.98952667435208,0,1016.4,115.41095543298457,0.7805984832193786,62,,
2018,12,28,7,0,15.5,-88,0,9,83,630.0,587,393.82665992752106,0,1016.4,285.19088579329343,0.1528000478215167,51,,
2018,12,28,8,0,16.9,-77,0,8.8,92,739.0,748,597.5967837704205,0,1016.3,296.8578621547345,2.15781193981122,39,,
2018,12,28,9,0,17.9,-61,0,8.7,100,784.0,868,770.3265640051524,0,1016.2,356.8242174785546,3.067210409085676,29,,
2018,12,28,10,0,18.2,-34,0,8.7,108,814.0,936,919.4237353465384,0,1016,2.160356598225917,4.378111795300673,21,,
2018,12,28,11,0,18.6,8,8.1,8.7,285,846.0,690,1020.1592796272364,0,1015.8,12.308015817427927,3.5183669862593923,18,,
2018,12,28,12,0,18.7,45,0.9,8.9,138,856.0,870,1063.4646783760784,0,1015.6,34.426608195122185,3.940105363434255,23,,
2018,12,28,13,0,18.7,67,3.1,9.2,172,841.0,720,1042.2408525418812,0,1015.3,21.778073278178283,5.788109663619753,33,,
2018,12,28,14,0,18.7,81,0,9.5,108,221.0,667,607.5887750066967,0,1015,28.61318673781051,4.912443006345049,43,,
2018,12,28,15,0,18.3,92,3.7,9.9,137,62.0,434,347.16348772576646,0,1014.9,8.939697652536665,4.68187335235196,55,,
2018,12,28,16,0,17.7,101,10.2,10.3,154,291.0,194,449.0758962790308,0,1014.8,1.4320961841646636,5.001562255935639,66,,
2018,12,28,17,0,17,110,19.8,10.8,105,61.0,47,179.4947295814402,0,1014.8,358.7061660095089,4.541196862982738,77,,
2018,12,28,18,0,16.1,119,9.5,10.9,23,7.0,3,40.26487521063882,0,1014.8,3.073811349570576,3.91554546625539,87,,
2018,12,28,19,0,14.9,129,0,10.7,0,3.0,0,6.430526410040611,0,1014.8,17.990856155838856,3.9743519767625872,97,,
2018,12,28,20,0,13.6,140,0,10.6,0,0.0,0,0.0,0,1014.7,21.52595507152512,3.168508660043828,105,,
2018,12,28,21,0,12.9,153,0,10.5,0,0.0,0,0.0,0,1014.6,16.10065722556493,3.650766107424535,111,,
2018,12,28,22,0,12.5,168,0,10.6,0,0.0,0,0.0,0,1014.2,47.91335442760408,5.322436884653222,115,,
2018,12,28,23,0,12.1,-177,0,10.6,0,0.0,0,0.0,0,1013.9,99.31708606912622,2.470086665389849,116,,
2018,12,29,0,0,11.9,-162,0,10.6,0,0.0,0,0.0,0,1013.7,240.4479036980211,2.5289481021975724,114,,
2018,12,29,1,0,11.8,-148,0,10.6,0,0.0,0,0.0,0,1013.5,327.159879439118,6.0254438054784405,109,,
2018,12,29,2,0,11.6,-136,0,10.5,0,0.0,0,0.0,0,1013.4,282.5113916802192,4.617213537978644,102,,
2018,12,29,3,0,11.9,-125,0,10.5,1,0.0,0,0.0,0,1013.4,296.634468518626,5.677411332993927,93,,
2018,12,29,4,0,12.6,-116,0.6,10.6,31,0.0,49,0.0,0,1013.6,313.8202258980289,4.9720353894884655,84,,
2018,12,29,5,0,13.3,-106,0,10.7,58,2.0,207,7.046869259843506,0,1013.7,6.587012888599702,9.8071708087629,73,,
2018,12,29,6,0,14.5,-98,0,10.7,71,21.0,400,75.09915050244886,0,1013.7,12.697869171167495,11.316817647812124,62,,
2018,12,29,7,0,16.2,-88,0,10.7,80,345.0,590,323.5739691784071,0,1013.4,11.0502412408876,11.556798225012894,51,,
2018,12,29,8,0,17.9,-77,0,10.7,86,474.0,755,512.9632115674806,0,1013.2,17.880775998291142,11.358713114999617,40,,
2018,12,29,9,0,18.9,-61,0,10.7,90,746.0,879,763.4902239008196,0,1012.9,25.47490076605743,11.345512865296527,29,,
2018,12,29,10,0,19.2,-34,0,10.8,94,899.0,953,930.5922322482824,0,1012.5,32.133142140112,11.13000540964127,21,,
2018,12,29,11,0,19.4,7,0.2,10.9,99,933.0,965,1034.6201816205528,0,1012.2,43.68926204777324,10.897751155557335,18,,
2018,12,29,12,0,19.6,44,0,11,90,905.0,938,1058.6663287121437,0,1011.8,46.96438940141286,9.95661834124042,23,,
2018,12,29,13,0,19.7,67,0,11.2,85,878.0,848,1032.123299600353,0,1011.5,43.48971196258111,8.848986800568795,32,,
2018,12,29,14,0,19.8,81,0,11.4,79,793.0,710,923.6680555967882,0,1011.2,42.581819627639504,8.379495808949786,43,,
2018,12,29,15,0,19.5,91,0,11.7,73,740.0,534,791.2477175401821,0,1010.9,45.387880839392665,8.874255350599785,55,,
2018,12,29,16,0,18.9,101,0,12.1,62,716.0,343,641.1921849529226,0,1010.7,46.39740665364076,8.551353717738717,66,,
2018,12,29,17,0,18.3,110,0.5,12.4,45,549.0,157,411.97083645129374,0,1010.5,47.48526474371806,7.213888339492815,77,,
2018,12,29,18,0,17.3,119,4.7,12.5,20,317.0,14,185.8698254006296,0,1010.3,52.13614186991839,7.498589255849523,87,,
2018,12,29,19,0,15.9,129,0,12.3,0,136.0,0,35.63423356825596,0,1010.1,51.18385444752738,7.713434037447831,97,,
2018,12,29,20,0,14.5,140,0,12.1,0,0.0,0,0.0,0,1009.9,45.48479225258956,6.896264309587372,105,,
2018,12,29,21,0,13.6,153,0,11.9,0,0.0,0,0.0,0,1009.7,56.37553686304125,7.214696038948664,111,,
2018,12,29,22,0,13.3,167,0,11.8,0,0.0,0,0.0,0,1009.4,70.54819739329946,7.582708506379047,115,,
2018,12,29,23,0,12.9,-177,0,11.7,0,0.0,0,0.0,0,1009.1,75.23183955795446,7.699417127185428,116,,
2018,12,30,0,0,12.6,-162,0,11.6,0,0.0,0,0.0,0,1008.8,73.64694293531551,7.875996670398716,114,,
2018,12,30,1,0,12.4,-149,0,11.4,0,0.0,0,0.0,0,1008.5,76.83416539893301,7.93614137090619,109,,
2018,12,30,2,0,12.2,-136,0,11.2,0,0.0,0,0.0,0,1008.2,73.85584140475635,7.84958641274789,102,,
2018,12,30,3,0,12.6,-125,0,11.5,1,0.0,0,0.0,0,1008,77.3642522080712,8.285635136240364,94,,
2018,12,30,4,0,13.7,-116,9.4,12.2,42,0.0,31,0.0,0,1008,77.79290984334932,7.366509904980757,84,,
2018,12,30,5,0,14.7,-107,10.4,13,106,305.0,130,43.578263427147135,0,1008.1,69.49748763003606,8.807921660976605,73,,
2018,12,30,6,0,16.1,-98,11.1,13.4,135,438.0,293,184.5903130711121,0,1008.1,68.89502627216802,8.470527409619235,62,,
2018,12,30,7,0,18,-88,0.2,13.5,80,782.0,592,419.1431000166924,0,1008.1,69.92380351583631,7.844060739692012,51,,
2018,12,30,8,0,19.8,-77,0.1,13.6,85,897.0,760,636.3313699632799,0,1008,64.91580550825495,7.182273291180963,40,,
2018,12,30,9,0,20.8,-61,0.1,13.3,89,946.0,886,821.3753317878334,0,1007.8,57.28408648785711,7.137108736287154,29,,
2018,12,30,10,0,20.9,-34,0.8,12.5,108,978.0,939,966.5748634328594,0,1007.4,51.473762251980986,7.1963661905131975,21,,
2018,12,30,11,0,21.1,7,0.1,11.7,91,989.0,984,1062.727810404032,0,1007,47.29798855384615,7.715325835412399,18,,
2018,12,30,12,0,21.3,44,0,11.5,87,988.0,950,1103.068013884964,0,1006.6,41.84531207199706,8.030650075629433,23,,
2018,12,30,13,0,21.4,67,0,11.6,86,970.0,854,1082.8331697747967,0,1006.1,37.672950266299154,7.845692489043232,32,,
2018,12,30,14,0,21.5,81,0,11.8,83,942.0,711,1006.5198158867556,0,1005.6,40.13947800632428,7.825824517542406,43,,
2018,12,30,15,0,21.2,91,0,12.3,76,910.0,534,880.6644535577421,0,1005.3,45.54793458619213,7.942884886400124,55,,
2018,12,30,16,0,20.4,101,0,13,67,849.0,339,703.7346503013111,0,1005,52.161980640149466,8.76218829722938,66,,
2018,12,30,17,0,19.6,109,2.1,13.7,57,740.0,140,486.2753990928872,0,1004.7,56.69319836325553,9.333080237581491,77,,
2018,12,30,18,0,18.4,119,4.5,13.8,22,507.0,12,239.96733062712767,0,1004.6,61.43530198158163,9.709443180690778,87,,
2018,12,30,19,0,17,129,0,13.2,0,177.0,0,40.68861097614699,0,1004.9,61.35499811318852,9.825082632498711,96,,
2018,12,30,20,0,15.6,140,0,12.7,0,0.0,0,0.0,0,1005.1,67.19428627287652,9.616787369908284,105,,
2018,12,30,21,0,15,153,0,12.3,0,0.0,0,0.0,0,1004.9,73.7812867519657,9.237502422125967,111,,
2018,12,30,22,0,15,167,0,12.1,0,0.0,0,0.0,0,1004.4,74.36563668905484,8.543644439251649,115,,
2018,12,30,23,0,15,-178,0,11.8,0,0.0,0,0.0,0,1003.9,72.64848190134865,9.32166154855569,116,,
2018,12,31,0,0,15.1,-163,0,11.7,0,0.0,0,0.0,0,1003.3,74.09820629748413,9.298199499972457,114,,
2018,12,31,1,0,15.1,-149,0,11.7,0,0.0,0,0.0,0,1002.8,73.47378321068885,9.114053306790767,109,,
2018,12,31,2,0,15.2,-136,0,11.7,0,0.0,0,0.0,0,1002.3,78.72300811534762,9.077602617660292,102,,
2018,12,31,3,0,15.7,-125,0,12.1,1,0.0,0,0.0,0,1002.1,82.05877193778502,8.90275752874787,94,,
2018,12,31,4,0,16.6,-116,18.9,12.7,42,0.0,9,0.0,0,1002.2,82.74215322148802,8.568655001547075,84,,
2018,12,31,5,0,17.6,-107,4.3,13.4,73,224.0,172,40.39841903255069,0,1002.4,80.90480338785426,7.861290688751362,73,,
2018,12,31,6,0,19.3,-98,0,14.1,91,650.0,367,211.1409086147841,0,1002.4,80.81853720665777,8.17975062261234,62,,
2018,12,31,7,0,21.7,-88,0,14.7,103,644.0,553,382.2638489296303,0,1002.3,80.15942615673544,6.553946979508465,51,,
2018,12,31,8,0,24.1,-77,0,15.2,109,828.0000000000001,721,608.0674593149331,0,1002.2,76.88735394048365,5.862828816056238,40,,
2018,12,31,9,0,25.4,-61,0,15.1,100,928.0,863,810.2926912499395,0,1002,76.98211341282138,3.784769359298976,29,,
2018,12,31,10,0,25.4,-34,0,14.3,101,940.0,940,953.0925804436272,0,1001.8,53.608501641796806,3.6491506398271474,21,,
2018,12,31,11,0,25.4,7,0,13.5,102,950.0,957,1047.4509805461569,0,1001.5,40.27085402091859,4.095689736245701,18,,
2018,12,31,12,0,25.4,44,0.9,13,122,947.0,888,1086.6757611461005,0,1001.3,26.455696625179712,4.118827247184674,23,,
2018,12,31,13,0,25.4,66,1.9,12.9,135,919.0,772,1059.629411897472,0,1001.2,16.14440170520021,5.6193083524946745,32,,
2018,12,31,14,0,25.4,81,3.9,12.8,154,874.0,594,973.1853244883893,0,1001.1,19.338578157000256,7.617280711068313,43,,
2018,12,31,15,0,24.8,91,0,13.1,92,835.0,505,846.5199921441634,0,1001.2,25.71038322002209,8.695865363327233,54,,
2018,12,31,16,0,23.7,100,2.5,13.8,101,752.0,281,662.0741874720684,0,1001.5,35.734425029244164,8.959181143689522,66,,
2018,12,31,17,0,22.6,109,0.8,14.5,63,659.0,125,458.1539897229766,0,1001.9,40.29245836919989,8.960904561175974,77,,
2018,12,31,18,0,21.4,119,18.2,14.7,19,454.0,13,227.07614601772272,0,1002.2,42.7541744327707,9.33939492915402,87,,
2018,12,31,19,0,20.2,129,43.9,14.4,0,169.0,0,39.64014260274446,0,1002.6,41.3755171977877,8.585663705196918,96,,
2018,12,31,20,0,18.9,140,40.8,14.1,0,0.0,0,0.0,0,1002.9,40.92543131645198,8.037068415336945,105,,
2018,12,31,21,0,18.1,153,45.2,14,0,0.0,0,0.0,0,1003.1,41.78667658167603,7.600918780805939,111,,
2018,12,31,22,0,17.6,167,23,14,0,0.0,0,0.0,0,1003,42.679596698129046,6.634566148258411,115,,
2018,12,31,23,0,17.2,-178,0,14.1,0,0.0,0,0.0,0,1002.9,32.508079692231604,6.456738040126187,116,,
