country,source,state,timezone,lat,lon,elevation,Temperature Units,Azimuth Units,Cloud Opacity Units,Dew Point Units,DHI Units,DNI Units,EBH Units,GHI Units,Snow Depth Units,Pressure Units,Wind Direction Units,Wind Speed Units,Zenith Units
Australia,BOM,Tas,10.0,-41.15,144.65,0,deg C,degree,%,deg C,W/m2,W/m2,W/m2,W/m2,cm,mbar,degree,m/s,degree
Year,Month,Day,Hour,Minute,Temperature,Azimuth,Cloud Opacity,Dew Point,DHI,DNI,EBH,GHI,Snow Depth,Pressure,Wind Direction,Wind Speed,Zenith,,
2018,1,1,0,0,13,-163,48.4,9.3,0,0.0,0,0.0,0,1001.6,356.1309610036196,6.483771390282093,114,,
2018,1,1,1,0,13.1,-149,69.2,9.6,0,0.0,0,0.0,0,1001.2,350.72481487357777,6.9799301716719215,109,,
2018,1,1,2,0,13.2,-136,80.9,10,0,0.0,0,0.0,0,1000.7,352.16072349916686,7.625215968997622,102,,
2018,1,1,3,0,13.4,-125,79.4,10.5,0,0.0,0,0.0,0,1000.8,350.39511409181324,8.000828998051821,94,,
2018,1,1,4,0,13.6,-116,86.8,11.1,6,0.0,0,0.0,0,1001.2,345.36901794703124,7.917888353012068,84,,
2018,1,1,5,0,13.8,-107,88.2,11.8,29,43.0,0,31.655933851123205,0,1001.7,349.66609929265803,7.665106625452978,73,,
2018,1,1,6,0,14.2,-98,82.3,12.5,78,143.0,0,143.4768675650749,0,1002.3,352.8713233218645,8.058139423945352,62,,
2018,1,1,7,0,14.8,-88,90.4,13.2,52,104.0,0,234.97483881631337,0,1003,348.3335327574705,8.456187770442547,51,,
2018,1,1,8,0,15.4,-76,88.5,13.9,95,141.0,0,370.9021430302908,0,1003.7,346.1441741403247,8.612425898771592,40,,
2018,1,1,9,0,15.9,-60,80.8,13.5,179,266.0,0,566.2147931232887,0,1004,346.4654841911456,8.641847230857397,30,,
2018,1,1,10,0,16.4,-33,59.9,12.3,405,350.0,7,684.0279649383995,0,1004.1,5.954035157312092,10.628871372310076,21,,
2018,1,1,11,0,16.9,6,25.9,10.9,426,404.0,353,784.1534391674963,0,1004.2,8.172750310707443,10.111975039234771,19,,
2018,1,1,12,0,17.1,42,5.9,9.7,228,321.0,734,756.8224614308328,0,1004.4,11.474673758436268,9.425200386345596,23,,
2018,1,1,13,0,17.2,65,7.9,8.6,236,534.0,628,870.1539848411799,0,1004.7,9.33605552860098,10.016963791896702,32,,
2018,1,1,14,0,17.2,80,4.1,7.6,155,477.0,606,777.186359909,0,1005,7.162745549183569,10.025012694562452,43,,
2018,1,1,15,0,16.9,91,0,7,74,524.0,544,703.8234169326536,0,1005.3,7.5730077940558544,9.484828784148377,54,,
2018,1,1,16,0,16.3,100,0.2,6.8,65,468.0,349,543.9871815134801,0,1005.7,10.996860621786425,8.964163777279781,66,,
2018,1,1,17,0,15.6,109,12.4,6.7,75,360.0,117,351.919685115673,0,1006.1,21.15857104179065,8.138238659601054,77,,
2018,1,1,18,0,14.7,118,6.9,6.7,30,198.0,10,158.8715121056039,0,1006.5,22.730601361586253,7.822129993953519,87,,
2018,1,1,19,0,13.5,129,0.6,6.8,0,47.0,0,22.180498163843108,0,1006.9,18.382581414368246,7.602285431126709,96,,
2018,1,1,20,0,12.3,140,32.9,6.8,0,0.0,0,0.0,0,1007.3,20.877469017467888,6.789779230174901,104,,
2018,1,1,21,0,11.6,153,18.4,7,0,0.0,0,0.0,0,1007.4,21.7655185290808,6.585974796139785,111,,
2018,1,1,22,0,11.3,167,0.6,7.3,0,0.0,0,0.0,0,1007.2,20.37347948504612,6.591284530508686,115,,
2018,1,1,23,0,11,-178,33.5,7.6,0,0.0,0,0.0,0,1007,23.29946326068256,6.591490561821069,116,,
2018,1,2,0,0,10.9,-163,49.4,7.9,0,0.0,0,0.0,0,1006.8,26.5464591361486,6.392992928692424,114,,
2018,1,2,1,0,11,-149,41.5,8.2,0,0.0,0,0.0,0,1006.7,16.708480329249937,5.947642973656157,109,,
2018,1,2,2,0,11.1,-136,13.7,8.5,0,0.0,0,0.0,0,1006.6,7.745929435550749,5.731250010191939,102,,
2018,1,2,3,0,11.8,-126,0.7,9.1,1,0.0,0,0.0,0,1006.6,3.0285736223575555,5.914755217524852,94,,
2018,1,2,4,0,12.9,-116,34.1,10,36,0.0,0,0.0,0,1006.8,1.6178090544412953,6.641319184764124,84,,
2018,1,2,5,0,14.1,-107,62.1,10.9,84,14.0,0,19.18478223390489,0,1007.1,1.2924242155299908,6.537796025475829,74,,
2018,1,2,6,0,15.5,-98,66.4,11.7,147,47.0,0,95.59381570056684,0,1007,2.6041321371116624,6.877952500900874,62,,
2018,1,2,7,0,17.1,-88,49.3,12.4,326,134.0,3,236.6337621813568,0,1006.8,3.2747315834737947,6.957894705940616,51,,
2018,1,2,8,0,18.7,-76,27.8,13.1,431,197.0,148,383.65371017456187,0,1006.5,1.471452410142149,7.301724196965427,40,,
2018,1,2,9,0,19.5,-60,23.1,13.4,492,125.0,211,432.3526862702092,0,1006.1,0.7846710662153669,7.487518558256303,30,,
2018,1,2,10,0,19.8,-33,47.7,13.3,440,52.0,72,427.4242553583034,0,1005.5,359.58114517493243,8.549544857135695,22,,
2018,1,2,11,0,19.9,6,51.5,13.2,487,36.0,0,419.5026722158264,0,1005,4.228194347528813,9.324695269742085,19,,
2018,1,2,12,0,20.1,42,40.8,13.2,574,19.0,1,350.9717454154052,0,1004.4,5.135097484996493,9.776053330921387,23,,
2018,1,2,13,0,20.1,65,33.4,13.4,545,18.0,44,331.9559746446439,0,1003.7,1.0429597112358238,10.301022992210552,32,,
2018,1,2,14,0,20.2,80,33.2,13.6,474,13.0,27,264.58902523965975,0,1003.1,5.279495858145538,10.867882262782423,43,,
2018,1,2,15,0,20,91,28.2,13.7,355,14.0,52,228.1680617380421,0,1002.5,10.2137620277378,11.758107543487885,54,,
2018,1,2,16,0,19.6,100,38.5,13.8,210,34.0,29,236.68340190035028,0,1001.9,16.315688241925216,11.95024974374485,66,,
2018,1,2,17,0,19.2,109,21.9,13.8,102,12.0,21,109.1044816537164,0,1001.3,18.07032968650236,12.435121215322312,77,,
2018,1,2,18,0,19.1,118,37.1,13.8,25,3.0,12,30.999766294893785,0,1000.9,20.80856826431176,11.624704793032558,87,,
2018,1,2,19,0,19.2,128,20.2,14,0,1.0,0,4.153218961566737,0,1000.6,25.00608430460744,12.039699262826696,96,,
2018,1,2,20,0,19.4,140,45,14.1,0,0.0,0,0.0,0,1000.4,25.26564158789489,12.85523753391493,104,,
2018,1,2,21,0,19.5,153,57.1,14.1,0,0.0,0,0.0,0,999.9,31.506854256327813,13.976171501921131,111,,
2018,1,2,22,0,19.7,167,18.1,14.1,0,0.0,0,0.0,0,999.2,46.66198011586664,13.166425634342836,115,,
2018,1,2,23,0,19.8,-178,0,14.1,0,0.0,0,0.0,0,998.5,45.36030300406412,11.557522875292644,116,,
2018,1,3,0,0,20,-163,0.6,13.9,0,0.0,0,0.0,0,998.1,45.76241616056558,9.963906190581437,114,,
2018,1,3,1,0,20.3,-149,29.8,13.5,0,0.0,0,0.0,0,997.8,43.00884313704506,8.993074838985027,109,,
2018,1,3,2,0,20.5,-137,16.7,13.1,0,0.0,0,0.0,0,997.5,40.22461157025219,8.531122912344134,102,,
2018,1,3,3,0,20.6,-126,1,13.1,0,0.0,0,0.0,0,997.8,39.72886011351648,8.521837278337857,94,,
2018,1,3,4,0,20.6,-116,50,13.5,17,0.0,0,0.0,0,998.4,40.60202820234122,8.273307147273439,84,,
2018,1,3,5,0,20.5,-107,48.1,13.8,138,84.0,2,35.931427099181064,0,999,39.68882738744748,7.808765453380122,74,,
2018,1,3,6,0,21.7,-98,23,14,250,120.0,88,135.65653816939138,0,999.3,39.30251904541996,7.280877742337912,63,,
2018,1,3,7,0,23.6,-88,7.5,14.1,203,136.0,383,252.0514547233331,0,999.4,35.79347354939239,6.274398278836239,51,,
2018,1,3,8,0,25.6,-76,1,14.2,162,290.0,625,451.93513066942376,0,999.4,30.99103578078706,6.155862021444146,40,,
2018,1,3,9,0,26.3,-60,23.7,14,440,212.0,252,531.0802394707716,0,999.1,27.677611970192515,5.651285980732772,30,,
2018,1,3,10,0,26,-33,21.3,13.6,496,104.0,286,501.7011890455344,0,998.6,23.49509918099551,6.114069708048049,22,,
2018,1,3,11,0,25.5,6,4.6,13.1,291,247.0,671,698.7483131788383,0,998,21.78745273292111,7.072335917901252,19,,
2018,1,3,12,0,25.2,42,0.1,13,202,234.0,767,711.1838112003782,0,997.5,17.43561176165042,6.883401527270957,23,,
2018,1,3,13,0,24.9,65,4.1,13.1,248,385.0,591,799.5591149577846,0,996.9,11.378514623724811,7.400085688591054,32,,
2018,1,3,14,0,24.7,80,55.5,13.3,171,477.0,181,793.2433570114215,0,996.3,14.14101065468816,7.674702144801281,43,,
2018,1,3,15,0,23.9,91,93.3,13.5,50,295.0,0,584.4103100743254,0,996.1,16.56490560604385,8.048639204089428,54,,
2018,1,3,16,0,22.8,100,97.8,13.9,10,156.0,0,372.1465090245712,0,996.3,15.906792832126882,8.063395579817174,66,,
2018,1,3,17,0,21.6,109,85.7,14.2,14,66.0,0,192.608589567928,0,996.5,17.23610008210221,8.166038007689565,77,,
2018,1,3,18,0,20.6,118,57.3,14.3,6,26.0,0,74.67709699618078,0,997.1,18.29474928035768,7.509196658959517,87,,
2018,1,3,19,0,19.7,128,69.2,14.1,0,35.0,0,20.374643912775785,0,998.1,17.221771506974846,7.464293331372461,96,,
2018,1,3,20,0,18.8,140,83,13.8,0,0.0,0,0.0,0,999,20.10068274920917,7.287898920372119,104,,
2018,1,3,21,0,18.1,153,82.6,13.5,0,0.0,0,0.0,0,999.5,21.258075261697627,7.080406482317085,111,,
2018,1,3,22,0,17.6,167,62.2,13,0,0.0,0,0.0,0,999.7,19.11349252885265,6.55832584781373,115,,
2018,1,3,23,0,17,-178,50.8,12.6,0,0.0,0,0.0,0,999.8,9.696157626344984,5.566332771753245,116,,
2018,1,4,0,0,16.4,-163,51,12.5,0,0.0,0,0.0,0,1000.1,357.0941940394307,6.1644201960565566,114,,
2018,1,4,1,0,15.7,-149,56.5,12.6,0,0.0,0,0.0,0,1000.6,344.0366416325403,5.990275708414466,109,,
2018,1,4,2,0,15.1,-137,53.6,12.8,0,0.0,0,0.0,0,1001.2,334.2425140163965,6.2360609303768015,103,,
2018,1,4,3,0,14.7,-126,50.9,12.6,0,0.0,0,0.0,0,1002.1,334.5055648729611,6.731652437468782,94,,
2018,1,4,4,0,14.5,-116,62.8,12.2,23,0.0,3,0.0,0,1003.4,340.2085022612752,7.634299880074717,84,,
2018,1,4,5,0,14.3,-107,25,11.8,51,7.0,175,14.062494237505248,0,1004.7,346.5002521364194,7.860488391831737,74,,
2018,1,4,6,0,14.9,-98,1.9,11.1,84,17.0,372,70.0264581495754,0,1005.5,349.7730431251159,7.870901043901722,63,,
2018,1,4,7,0,16.1,-88,1,10.3,79,60.0,584,191.50077709753916,0,1006.1,352.0217071633016,8.105308983388714,51,,
2018,1,4,8,0,17.4,-76,0,9.5,70,77.0,775,300.9757216106626,0,1006.6,358.70855354272425,8.319251885668486,40,,
2018,1,4,9,0,17.9,-60,0,8.9,71,18.0,907,244.37044093350957,0,1007.1,0.0,8.629638671875,30,,
2018,1,4,10,0,17.9,-34,0,8.4,72,11.0,987,238.94271291903135,0,1007.5,4.4902108090713,8.781591799046986,22,,
2018,1,4,11,0,17.9,5,0,8,72,63.0,1008,475.7462849505153,0,1008,11.4453745243531,8.932262650082153,19,,
2018,1,4,12,0,18,41,0,7.6,72,140.0,971,615.2346578125653,0,1008.2,16.314857507687407,9.121957274899357,23,,
2018,1,4,13,0,18.1,65,0,7.4,70,144.0,880,600.558092620228,0,1008.4,14.63257423371067,9.154083988488868,32,,
2018,1,4,14,0,18.2,80,0,7.1,66,125.0,741,524.4339004600816,0,1008.5,15.965090283328609,9.17086383828083,43,,
2018,1,4,15,0,18,90,0,7.2,60,122.0,565,440.3827009717623,0,1008.7,23.418305422529443,9.02010658844543,54,,
2018,1,4,16,0,17.4,100,0,7.6,53,103.0,368,323.80182270728733,0,1009,23.7837694703814,7.859625666357942,66,,
2018,1,4,17,0,16.9,109,0,8,40,105.0,175,224.51341101797607,0,1009.3,24.240541739453363,8.024675676738283,77,,
2018,1,4,18,0,15.8,118,0,8.4,12,43.0,39,89.36717334459087,0,1009.7,29.295918133086047,7.837322017711264,87,,
2018,1,4,19,0,14.5,128,0,8.8,0,15.0,0,13.307034995214035,0,1010.2,38.248298681563085,6.901411130599806,96,,
2018,1,4,20,0,13,140,0,9.2,0,0.0,0,0.0,0,1010.7,41.74942221866729,6.235195517024993,104,,
2018,1,4,21,0,12.5,152,1,9.5,0,0.0,0,0.0,0,1010.9,44.849161576792085,6.032870900054968,111,,
2018,1,4,22,0,12.7,167,51.6,9.6,0,0.0,0,0.0,0,1010.8,42.1669554835741,5.68624634602367,115,,
2018,1,4,23,0,12.9,-178,61.9,9.8,0,0.0,0,0.0,0,1010.7,39.98503604914623,5.418993720235246,116,,
2018,1,5,0,0,12.9,-163,51.9,9.9,0,0.0,0,0.0,0,1010.6,40.804506071524656,5.868519521337411,114,,
2018,1,5,1,0,12.7,-149,52,10,0,0.0,0,0.0,0,1010.6,34.18769390839657,5.418485004936887,109,,
2018,1,5,2,0,12.5,-137,52,10.2,0,0.0,0,0.0,0,1010.6,39.47521115728716,5.540688021968947,103,,
2018,1,5,3,0,12.6,-126,51.6,10.3,1,0.0,0,0.0,0,1010.8,43.925452041477456,5.560121488496004,94,,
2018,1,5,4,0,13,-116,53.8,10.5,37,0.0,0,0.0,0,1011.2,45.13130072461877,5.499254311599564,84,,
2018,1,5,5,0,13.4,-107,59.7,10.7,99,32.0,0,26.21508318659934,0,1011.6,48.38534548660937,4.490437214747052,74,,
2018,1,5,6,0,14.4,-98,71.9,10.8,122,137.0,2,134.04576670596705,0,1011.9,44.54691557350077,3.6021104259292107,63,,
2018,1,5,7,0,15.8,-88,44.8,10.8,295,350.0,92,319.5866467027475,0,1012.2,51.25492677961171,3.7663235550644414,52,,
2018,1,5,8,0,17.3,-76,25.4,10.9,435,473.0,184,508.6872185251268,0,1012.5,53.98466653247272,3.758425846920724,40,,
2018,1,5,9,0,18.1,-60,35.2,10.9,541,263.0,75,545.2574717588952,0,1012.4,56.5068979829714,3.624261320422877,30,,
2018,1,5,10,0,18.4,-34,57.6,10.8,435,595.0,0,799.8246621278402,0,1012.2,61.5622962153916,2.746436769162139,22,,
2018,1,5,11,0,18.7,5,55.7,10.8,469,770.0,0,965.7007035644834,0,1011.9,54.4541544324091,2.7872188041392665,19,,
2018,1,5,12,0,18.9,41,57.7,10.8,434,824.0000000000001,0,1032.6839247940377,0,1011.8,28.276128092663328,2.808238095829735,23,,
2018,1,5,13,0,19.1,64,56.7,10.9,396,818.0000000000001,2,1018.7290590708482,0,1011.6,3.958458012698429,3.8796166790302906,32,,
2018,1,5,14,0,19.2,79,35.5,11,394,793.0,101,944.8721500218396,0,1011.5,355.27416315443963,4.824262197198476,43,,
2018,1,5,15,0,19,90,13.3,11.2,235,718.0,279,801.2304264514279,0,1011.5,339.1270319079699,5.212439793758176,54,,
2018,1,5,16,0,18.4,100,2.4,11.4,96,313.0,294,459.1706230535083,0,1011.7,324.14101510182434,4.4890287820922,66,,
2018,1,5,17,0,17.9,109,0,11.7,50,44.0,153,158.43986729362558,0,1011.9,312.836982869972,4.523631123037283,76,,
2018,1,5,18,0,16.9,118,0,11.8,15,27.0,32,71.02911351249367,0,1012.3,315.7590369707577,4.991099571876915,87,,
2018,1,5,19,0,15.6,128,0,11.7,0,30.0,0,17.618234000231396,0,1012.7,269.87687404456267,4.317148640168148,96,,
2018,1,5,20,0,14.2,139,0,11.7,0,0.0,0,0.0,0,1013.2,258.0801604626774,4.736405978791917,105,,
2018,1,5,21,0,13.5,152,0,11.6,0,0.0,0,0.0,0,1013.3,239.3330029863612,6.960231128649094,111,,
2018,1,5,22,0,13.2,167,0,11.6,0,0.0,0,0.0,0,1013.2,236.91854187665345,9.154085355853914,115,,
2018,1,5,23,0,13,-178,0,11.5,0,0.0,0,0.0,0,1013,228.15049656653989,11.952044701221508,116,,
2018,1,6,0,0,12.8,-163,0,11.5,0,0.0,0,0.0,0,1012.9,225.9654622515636,13.687981170313886,114,,
2018,1,6,1,0,12.6,-149,0,11.4,0,0.0,0,0.0,0,1012.7,222.629768494704,14.885455780387227,110,,
2018,1,6,2,0,12.5,-137,0,11.3,0,0.0,0,0.0,0,1012.5,221.32867573990657,14.887390317761062,103,,
2018,1,6,3,0,12.9,-126,0.1,11.7,1,0.0,1,0.0,0,1012.6,220.37764547399684,16.01706797914583,94,,
2018,1,6,4,0,13.8,-116,3.7,12.4,36,0.0,37,0.0,0,1012.9,219.88030163656128,16.656530685636326,85,,
2018,1,6,5,0,14.8,-107,2,13.1,65,42.0,176,26.187910036055705,0,1013.2,220.69365725915733,16.64051023989941,74,,
2018,1,6,6,0,16.2,-98,0.2,13.4,84,119.0,361,122.58009360179406,0,1013.5,223.28477815451544,16.645183361558388,63,,
2018,1,6,7,0,17.9,-88,8.2,13.4,205,163.0,379,244.62391071083735,0,1013.7,222.79525688168587,16.482299523973605,52,,
2018,1,6,8,0,19.6,-76,29.4,13.4,429,111.0,138,317.5842905471488,0,1014,223.03823359820603,16.30892250689058,41,,
2018,1,6,9,0,20.5,-60,14,13.1,255,237.0,570,510.9865826053324,0,1013.9,226.4646079245606,16.689616217354835,30,,
2018,1,6,10,0,20.6,-34,0,12.6,106,449.0,920,736.6557209483428,0,1013.6,231.5719526598731,15.091175770064758,22,,
2018,1,6,11,0,20.7,5,0,12.1,106,360.0,943,757.4402901728076,0,1013.4,234.4637907030149,13.287877069758984,19,,
2018,1,6,12,0,20.7,41,0,11.9,103,181.0,910,645.6836423559823,0,1013,234.64119384072143,12.481782085345449,24,,
2018,1,6,13,0,20.8,64,0,12.1,98,249.0,821,687.1974074284208,0,1012.7,239.0270376630188,12.50842699665596,32,,
2018,1,6,14,0,20.8,79,0,12.3,93,260.0,684,638.7251344181226,0,1012.3,269.8371192032697,9.103308268757228,43,,
2018,1,6,15,0,20.4,90,0,12.7,85,75.0,513,369.8842415415632,0,1012.1,305.1470769741169,8.484401653662417,54,,
2018,1,6,16,0,19.8,100,0,13.1,73,18.0,325,172.03296924843147,0,1012.2,343.4233224880114,8.668628328868039,66,,
2018,1,6,17,0,19,109,0,13.5,52,7.0,147,79.57179329088616,0,1012.2,320.30428768016753,1.0270789787917198,76,,
2018,1,6,18,0,18.2,118,0,13.8,16,5.0,31,33.6730365560554,0,1012.2,6.725759135093369,10.82940976941598,87,,
2018,1,6,19,0,17.3,128,0,13.9,0,3.0,0,6.461929983428192,0,1012.3,19.003033302742324,12.848156555956493,96,,
2018,1,6,20,0,16.5,139,0,14,0,0.0,0,0.0,0,1012.4,21.12227415828465,9.217954814689236,105,,
2018,1,6,21,0,16,152,0,13.8,0,0.0,0,0.0,0,1012.1,40.84764775259009,9.767866103319376,111,,
2018,1,6,22,0,15.9,166,0,13.4,0,0.0,0,0.0,0,1011.5,44.42835996682624,10.433969623017838,115,,
2018,1,6,23,0,15.9,-178,0,13,0,0.0,0,0.0,0,1010.9,49.1054157471458,10.713676834119203,116,,
2018,1,7,0,0,15.9,-163,0,12.9,0,0.0,0,0.0,0,1010.4,57.4563353664812,11.635594708416116,114,,
2018,1,7,1,0,15.9,-149,0,13,0,0.0,0,0.0,0,1009.9,55.33260320491604,9.944407077996742,110,,
2018,1,7,2,0,15.9,-137,0,13,0,0.0,0,0.0,0,1009.5,51.73029979290402,9.940026909668951,103,,
2018,1,7,3,0,16.2,-126,0.6,13.4,1,0.0,0,0.0,0,1009.3,50.536622142442525,9.65138958082387,94,,
2018,1,7,4,0,16.5,-116,32.9,13.9,35,0.0,0,0.0,0,1009.3,53.28180379621938,9.423763500248986,85,,
2018,1,7,5,0,16.9,-107,53.5,14.4,105,263.0,0,36.57619124588237,0,1009.4,56.112933646487534,9.728708065804726,74,,
2018,1,7,6,0,17.8,-98,73.6,14.7,100,555.0,0,194.51939621481915,0,1009,56.76481450060362,9.057770448606492,63,,
2018,1,7,7,0,19.2,-88,79.8,15,130,711.0,0,399.5789860836406,0,1008.4,52.954989431978674,7.892273188767586,52,,
2018,1,7,8,0,20.6,-76,72.1,15.2,226,788.0,0,602.1179841789763,0,1007.8,52.43347757724973,7.41773576255055,41,,
2018,1,7,9,0,21.5,-60,57.4,15.3,389,816.0000000000001,11,776.1382903833743,0,1007,52.73856076722564,6.680820056759661,30,,
2018,1,7,10,0,22,-34,18.3,15.4,248,899.0,580,922.693643317828,0,1006.1,50.36318716352002,6.144859120908959,22,,
2018,1,7,11,0,22.3,4,0,15.6,128,891.0,898,1007.4379651899044,0,1005.2,51.42176012015472,5.784993130111902,19,,
2018,1,7,12,0,22.6,40,0,15.8,128,905.0,860,1057.6641260371348,0,1004.4,55.94079306856992,6.137852554916979,24,,
2018,1,7,13,0,22.7,64,0,16,126,893.0,769,1042.4765942286072,0,1003.8,50.67881715887103,6.411482079340833,32,,
2018,1,7,14,0,22.8,79,0.9,16.3,131,867.0,618,969.5425247396372,0,1003.2,49.94567409546681,6.479927541657345,43,,
2018,1,7,15,0,22.5,90,0.5,16.5,111,812.0,466,835.3611742777259,0,1002.7,48.13189278647246,6.18053321500972,54,,
2018,1,7,16,0,21.9,99,2.8,16.8,101,726.0,275,652.4343121818301,0,1002.3,44.13664884531824,5.866061451790014,66,,
2018,1,7,17,0,21.2,108,7.7,17,81,555.0,98,420.2875127828356,0,1001.9,45.448599823682514,5.644597649101241,76,,
2018,1,7,18,0,20.4,118,3.5,17.1,25,323.0,15,192.1101099607056,0,1001.7,59.14942097914803,5.85022340331661,87,,
2018,1,7,19,0,19.7,128,0,17.1,0,95.0,0,29.621261901321155,0,1001.6,59.46091316058505,4.841241599276834,96,,
2018,1,7,20,0,18.9,139,0,17,0,0.0,0,0.0,0,1001.6,60.58284657150216,4.335896459161853,105,,
2018,1,7,21,0,18.6,152,0,16.9,0,0.0,0,0.0,0,1001.2,47.06874342340075,4.810978364043031,111,,
2018,1,7,22,0,18.6,166,0,16.6,0,0.0,0,0.0,0,1000.4,40.19045969471682,5.458382861686784,115,,
2018,1,7,23,0,18.7,-178,0,16.3,0,0.0,0,0.0,0,999.6,35.67613634834936,4.286672575993763,116,,
2018,1,8,0,0,19,-163,0.9,16.3,0,0.0,0,0.0,0,998.9,31.301307347391287,4.932260969067131,114,,
2018,1,8,1,0,19.4,-149,44.8,16.5,0,0.0,0,0.0,0,998.2,32.00947743486904,5.070185185084507,110,,
2018,1,8,2,0,19.9,-137,55.3,16.7,0,0.0,0,0.0,0,997.5,17.214555384275513,5.701962835966495,103,,
2018,1,8,3,0,20.3,-126,53.8,17,0,0.0,0,0.0,0,997.3,13.056804723648495,6.086307034518077,95,,
2018,1,8,4,0,20.6,-116,80.4,17.2,4,0.0,0,0.0,0,997.5,11.569786210894335,6.967748527241737,85,,
2018,1,8,5,0,20.9,-107,94.4,17.5,11,78.0,0,27.000000000000004,0,997.7,6.918051193135341,6.413146354305894,74,,
2018,1,8,6,0,20.6,-97,96.8,17.7,14,112.0,0,113.77212649634232,0,997.7,8.014933907556497,6.5959247148617335,63,,
2018,1,8,7,0,19.9,-88,97.7,17.7,18,362.0,0,300.1485540261938,0,997.7,2.468408483111432,5.804702471255561,52,,
2018,1,8,8,0,19,-76,95,17.8,41,664.0,0,543.4232587904708,0,997.7,4.233496083673344,6.773119191892999,41,,
2018,1,8,9,0,18.6,-60,96.4,17.8,37,742.0,0,724.2288463931698,0,997.5,0.959400056386528,7.465402036317805,30,,
2018,1,8,10,0,18.5,-34,97.3,17.8,30,816.0000000000001,0,896.2723846257472,0,997.2,1.352401904419537,7.94435163706217,22,,
2018,1,8,11,0,18.5,4,97.4,17.8,30,810.0,0,979.7487611454204,0,996.9,2.6240914867032075,7.700213057957765,20,,
2018,1,8,12,0,18.3,40,95.2,17.6,48,839.0,0,1035.7434175579233,0,996.7,9.30437893008201,7.7313573364170995,24,,
2018,1,8,13,0,17.9,64,91.8,17.3,70,834.0,0,1023.5623982535734,0,996.8,7.301178066205693,7.37695225641651,32,,
2018,1,8,14,0,17.6,79,88.8,17,81,790.0,0,939.727981914006,0,996.8,9.706884241318448,7.042971360835026,43,,
2018,1,8,15,0,17.3,90,93.3,16.7,41,750.0,0,813.817573034124,0,997.1,14.373625865927067,6.79774718553146,54,,
2018,1,8,16,0,17,99,83.8,16.3,51,651.0,0,625.3286959552322,0,997.6,19.162458318026665,6.664172691516443,65,,
2018,1,8,17,0,16.6,108,76.7,16,42,473.0,0,393.4717430167068,0,998.1,22.972633913477694,6.405469967874206,76,,
2018,1,8,18,0,16.2,117,80,15.3,10,210.0,0,158.2885485836173,0,998.4,27.23829141451785,6.281513645085942,87,,
2018,1,8,19,0,15.6,128,78,14.5,0,58.0,0,22.91659501165628,0,998.7,23.27689783803516,5.535520209149351,96,,
2018,1,8,20,0,14.9,139,89.8,13.7,0,0.0,0,0.0,0,998.9,20.064853363814223,4.6197518393926105,105,,
2018,1,8,21,0,14.5,152,90.2,13.2,0,0.0,0,0.0,0,999,11.645948265334257,4.024998578669611,111,,
2018,1,8,22,0,14.3,166,63.6,13.1,0,0.0,0,0.0,0,999.1,3.931623206330244,3.973707241993478,115,,
2018,1,8,23,0,14.1,-179,18.4,13,0,0.0,0,0.0,0,999.1,4.374483240123766,4.916422030321901,116,,
2018,1,9,0,0,13.7,-163,0,12.6,0,0.0,0,0.0,0,999.2,5.654160920669028,5.302899746221793,115,,
2018,1,9,1,0,13.3,-149,0,12,0,0.0,0,0.0,0,999.4,352.7074138769029,5.239157538685412,110,,
2018,1,9,2,0,12.9,-137,0,11.4,0,0.0,0,0.0,0,999.7,328.5922805610606,4.917249873965457,103,,
2018,1,9,3,0,12.8,-126,0,10.9,1,0.0,1,0.0,0,1000.1,325.1229584834492,6.089669538921578,95,,
2018,1,9,4,0,12.9,-116,0.9,10.6,26,0.0,47,0.0,0,1000.7,322.62651758202605,6.972193128234663,85,,
2018,1,9,5,0,13.1,-106,0.5,10.2,52,18.0,187,18.0,0,1001.2,326.39815126648966,8.17980621747249,75,,
2018,1,9,6,0,13.7,-97,0,9.6,66,28.0,378,74.61588734714411,0,1001.5,350.3968858355344,10.355562006049496,63,,
2018,1,9,7,0,14.7,-88,0,8.9,74,26.0,569,131.99279696245574,0,1001.6,32.279323832426485,9.304408539274498,52,,
2018,1,9,8,0,15.7,-76,0,8.1,80,47.0,738,238.48135144077892,0,1001.6,27.24564053874201,6.884692646478517,41,,
2018,1,9,9,0,16.6,-60,0,7.8,84,226.0,866,499.1203821371196,0,1001.5,29.25921455256628,9.727931003737815,31,,
2018,1,9,10,0,17.3,-34,0,7.7,86,556.0,947,762.60043825156,0,1001.5,33.468235535882286,10.248623383353234,22,,
2018,1,9,11,0,18,4,0,7.6,85,594.0,973,857.4480383104028,0,1001.4,38.71115540424034,11.700035069282665,20,,
2018,1,9,12,0,18.4,40,0,7.7,82,592.0,941,889.6969430942476,0,1001.2,44.07132660430205,12.856151109481075,24,,
2018,1,9,13,0,18.6,63,0,7.8,79,595.0,852,878.6639248894182,0,1001.1,44.99921431910167,12.589297368866491,32,,
2018,1,9,14,0,18.7,78,0,7.9,76,557.0,713,799.9957151988013,0,1000.9,50.4059332758502,12.363239086977158,43,,
2018,1,9,15,0,18.4,90,2.4,8.2,92,527.0,506,685.7055734913769,0,1001,53.43406422914222,12.46218708911963,54,,
2018,1,9,16,0,17.8,99,32.9,8.7,145,406.0,152,497.4894859961838,0,1001.3,58.53353955541752,12.221544997310934,65,,
2018,1,9,17,0,17.1,108,54.9,9.2,96,369.0,0,344.37618837543664,0,1001.6,65.02197066893399,11.89393668105916,76,,
2018,1,9,18,0,16.3,117,20.9,9.4,20,213.0,0,156.271883702582,0,1002,70.98510623640436,11.578574857839875,87,,
2018,1,9,19,0,15.4,127,0,9.3,0,84.0,0,26.89022514447901,0,1002.5,78.65782311832976,10.805014430883322,96,,
2018,1,9,20,0,14.5,139,0,9.2,0,0.0,0,0.0,0,1002.9,81.50222576131398,9.727890377481083,105,,
2018,1,9,21,0,14.1,152,0,9.4,0,0.0,0,0.0,0,1003.1,87.38802807849902,9.112738987649804,111,,
2018,1,9,22,0,14.2,166,0,9.9,0,0.0,0,0.0,0,1003,97.53020601082228,8.277193803495708,115,,
2018,1,9,23,0,14.3,-179,0,10.4,0,0.0,0,0.0,0,1002.9,108.25131772487788,6.600362065888923,116,,
2018,1,10,0,0,14.3,-163,0,10.7,0,0.0,0,0.0,0,1002.9,97.92790256208173,6.828940074467243,115,,
2018,1,10,1,0,14.2,-149,0,11,0,0.0,0,0.0,0,1003,95.39596165964171,7.547116202691762,110,,
2018,1,10,2,0,14.1,-137,0,11.2,0,0.0,0,0.0,0,1003.1,102.0641278171998,7.176815654061128,103,,
2018,1,10,3,0,14.2,-126,0.9,11.5,0,0.0,0,0.0,0,1003.5,107.21289927089948,6.758512396758808,95,,
2018,1,10,4,0,14.6,-116,45.4,11.7,21,0.0,0,0.0,0,1004.1,105.3930297638542,7.214615372625097,85,,
2018,1,10,5,0,14.9,-106,59.9,12,98,299.0,0,27.000000000000018,0,1004.8,107.91111029860974,7.591559360990133,75,,
2018,1,10,6,0,15.6,-97,62.7,12.1,153,559.0,0,183.58131086087263,0,1005.1,115.96737104276042,7.483810455278149,64,,
2018,1,10,7,0,16.6,-88,67,12.2,207,732.0,0,388.24241554267934,0,1005.1,126.6118763042282,5.345464358922709,52,,
2018,1,10,8,0,17.5,-76,63.8,12.3,291,810.0,0,590.975183103555,0,1005.2,160.83561450266438,3.5355369152164404,41,,
2018,1,10,9,0,18.2,-60,60.8,12.2,366,812.0,0,752.4681034437896,0,1005.1,200.3615425504385,4.45278980934433,31,,
2018,1,10,10,0,18.6,-34,53.9,12.1,468,636.0,1,810.9162252652906,0,1005.1,227.1242947492013,5.95200473527438,23,,
2018,1,10,11,0,19,4,38.3,11.9,565,523.0,77,833.2270479839608,0,1005,245.23548845980287,7.537130446255054,20,,
2018,1,10,12,0,19.2,39,22.9,11.8,489,420.0,284,806.5461383900184,0,1004.9,259.3886129760369,6.963071215669842,24,,
2018,1,10,13,0,19.4,63,6.7,11.6,225,408.0,623,782.8206879667092,0,1004.9,259.8701868926778,5.260964054168676,32,,
2018,1,10,14,0,19.6,78,5.3,11.4,179,309.0,556,661.0403186468985,0,1004.8,260.23411720759333,4.113564426278336,43,,
2018,1,10,15,0,19.3,89,26.4,11.5,286,220.0,162,507.5845289171899,0,1005,230.72715088811464,4.458070498440451,54,,
2018,1,10,16,0,18.7,99,13.3,11.8,169,102.0,153,307.19701666905894,0,1005.3,223.6383591490254,5.97169767363016,66,,
2018,1,10,17,0,18.1,108,0,12.2,61,51.0,132,164.03077727025973,0,1005.6,223.6154353655129,7.837604581174682,76,,
2018,1,10,18,0,17.2,117,0,12.3,18,42.0,26,82.04532897327331,0,1006.2,222.72038011289305,8.489237563379953,87,,
2018,1,10,19,0,16.2,127,0,12.2,0,33.0,0,17.051290062455458,0,1007.1,218.926679587034,8.235090615521505,96,,
2018,1,10,20,0,15.2,139,0,12.1,0,0.0,0,0.0,0,1007.9,214.1587639712125,6.663464258851639,105,,
2018,1,10,21,0,14.6,152,0,12,0,0.0,0,0.0,0,1008.2,205.3870182944252,7.47745009189149,111,,
2018,1,10,22,0,14.2,166,0,11.8,0,0.0,0,0.0,0,1008.2,208.21679928422503,8.102234454783813,115,,
2018,1,10,23,0,13.8,-179,0,11.7,0,0.0,0,0.0,0,1008.1,209.90026093339904,9.368593560605646,117,,
2018,1,11,0,0,13.5,-164,0,11.5,0,0.0,0,0.0,0,1008.1,210.09619338419185,10.568890743119322,115,,
2018,1,11,1,0,13.2,-149,0,11.3,0,0.0,0,0.0,0,1008.2,212.57569904180627,12.165009960890933,110,,
2018,1,11,2,0,12.9,-137,0,11.1,0,0.0,0,0.0,0,1008.3,211.7129586020744,12.41779363508131,104,,
2018,1,11,3,0,13.1,-126,0,11.1,1,0.0,1,0.0,0,1008.6,211.30473895650107,13.121172085636356,95,,
2018,1,11,4,0,13.5,-116,0,11.3,28,0.0,39,0.0,0,1009.2,211.37307209239376,13.052355146457334,85,,
2018,1,11,5,0,14,-106,0,11.5,64,240.0,161,28.00000000000001,0,1009.7,209.38179436207545,13.12196345852504,75,,
2018,1,11,6,0,15.2,-97,0,11.8,90,350.0,335,159.7115816866313,0,1010,207.7526255181768,13.106850611777842,64,,
2018,1,11,7,0,17,-88,0.1,12.2,110,627.0,511,367.5122782836091,0,1010.2,210.285480153436,13.65963033744258,53,,
2018,1,11,8,0,18.8,-76,5.8,12.7,212,776.0,533,584.4574260346169,0,1010.2,213.83732678344504,14.463760590902574,41,,
2018,1,11,9,0,19.7,-60,3.3,12.8,161,843.0,741,772.628372694471,0,1010,216.54624764255527,15.032075762123974,31,,
2018,1,11,10,0,20,-34,0,12.6,102,850.0,911,918.3420289869435,0,1009.6,219.5736822689965,15.424006539924235,23,,
2018,1,11,11,0,20.2,3,0,12.3,101,863.0,937,1014.7821972991912,0,1009.1,221.16070035408768,15.180585916096554,20,,
2018,1,11,12,0,20.4,39,0,12.3,98,859.0,905,1055.067084033756,0,1008.8,222.3541259516799,14.704369150805013,24,,
2018,1,11,13,0,20.5,63,0,12.4,95,824.0000000000001,818,1026.572424295076,0,1008.4,224.8910916164521,14.985477301553898,32,,
2018,1,11,14,0,20.6,78,0,12.6,90,774.0,683,939.59482577518,0,1008.1,223.77677145638384,14.499511194622531,43,,
2018,1,11,15,0,20.2,89,0,12.8,83,689.0,512,788.7177186691877,0,1008,223.62572679157512,14.08662895456242,54,,
2018,1,11,16,0,19.6,99,0,13.2,72,415.0,324,516.39485328723,0,1008.1,222.34937413904763,14.334594202122425,66,,
2018,1,11,17,0,18.8,108,0,13.5,52,220.0,145,285.2481053387906,0,1008.2,221.33802035793056,14.336099121679473,77,,
2018,1,11,18,0,17.9,117,0,13.7,16,51.0,30,90.03986650399305,0,1008.6,218.6053084647033,14.71099547396524,87,,
2018,1,11,19,0,16.7,127,0,13.6,0,9.0,0,9.373191527504355,0,1009.3,216.87347117479885,14.091845730533624,97,,
2018,1,11,20,0,15.6,138,0,13.6,0,0.0,0,0.0,0,1009.9,214.9938708125252,14.86157907371095,105,,
2018,1,11,21,0,14.9,151,0,13.4,0,0.0,0,0.0,0,1010.1,210.7854587412904,16.172696347963416,111,,
2018,1,11,22,0,14.7,166,0,13.1,0,0.0,0,0.0,0,1009.9,208.67647920338985,16.859148481825354,115,,
2018,1,11,23,0,14.4,-179,0,12.8,0,0.0,0,0.0,0,1009.7,209.76911468621483,17.039969672427368,117,,
2018,1,12,0,0,14.3,-164,0,12.6,0,0.0,0,0.0,0,1009.4,208.8446354846091,17.619922050161303,115,,
2018,1,12,1,0,14.2,-149,0,12.6,0,0.0,0,0.0,0,1009.1,208.9198139039324,18.224275683437835,111,,
2018,1,12,2,0,14.1,-137,0,12.5,0,0.0,0,0.0,0,1008.8,207.3719474340863,18.576382755048776,104,,
2018,1,12,3,0,14.3,-126,0.1,12.5,1,0.0,1,0.0,0,1008.9,206.5102300539197,18.714303466094,95,,
2018,1,12,4,0,14.7,-116,2.7,12.5,30,0.0,35,0.0,0,1009.1,208.98613396193568,18.57310466774616,86,,
2018,1,12,5,0,15.1,-106,5.6,12.5,77,11.0,136,13.0,0,1009.4,204.7599858465351,18.953311784017288,75,,
2018,1,12,6,0,16.2,-97,41.8,12.7,157,24.0,67,70.75018744636569,0,1009.4,209.86522178016173,18.20949597178588,64,,
2018,1,12,7,0,17.6,-88,44.5,13,340,17.0,22,115.74236661528862,0,1009.2,208.95072803875064,18.520716038887823,53,,
2018,1,12,8,0,19.1,-76,38.3,13.4,481,7.0,12,117.5950430760584,0,1008.9,212.4020255140896,18.39608809581652,42,,
2018,1,12,9,0,19.8,-60,43.4,13.4,524,5.0,6,125.35597304677846,0,1008.5,213.94072952869163,18.74338524327724,31,,
2018,1,12,10,0,20,-34,26.6,13.2,449,7.0,305,222.59854189365572,0,1008,218.36492375916563,17.839275727773146,23,,
2018,1,12,11,0,20.1,3,17.3,13,422,8.0,443,255.1245374591537,0,1007.6,224.5706052567205,16.769743034114878,20,,
2018,1,12,12,0,20.1,38,6.5,12.9,211,6.0,734,228.623889741652,0,1006.9,243.2770715694508,13.591043088775193,24,,
2018,1,12,13,0,20.2,62,0,13,84,3.0,839,158.8105083887078,0,1006.3,292.68533096687645,14.33243498671495,32,,
2018,1,12,14,0,20.2,78,0,13,80,3.0,703,136.66746230783315,0,1005.6,335.0490493050137,10.508339096544718,43,,
2018,1,12,15,0,19.9,89,0,13.1,73,8.0,531,190.38010701400844,0,1005.1,344.558725512881,8.198522973492025,54,,
2018,1,12,16,0,19.3,98,0,13.3,64,15.0,339,185.0224278454405,0,1004.9,356.5163460239934,8.887516329679228,66,,
2018,1,12,17,0,18.7,108,0,13.4,47,28.0,154,153.27824881500823,0,1004.7,8.112498348417944,9.776545825423984,77,,
2018,1,12,18,0,18,117,0,13.4,15,12.0,32,59.0045962153717,0,1004.6,19.249932180918734,10.318360706497502,87,,
2018,1,12,19,0,17.2,127,0,13.3,0,10.0,0,11.519769606788053,0,1004.5,16.41093790308264,9.59194725569667,97,,
2018,1,12,20,0,16.4,138,0,13.2,0,0.0,0,0.0,0,1004.4,14.802700258629102,8.981431196823218,105,,
2018,1,12,21,0,16.1,151,0,13.1,0,0.0,0,0.0,0,1004,11.127216719930288,8.212740078701815,111,,
2018,1,12,22,0,16.1,166,0,13,0,0.0,0,0.0,0,1003.4,11.644006505642608,7.653351597139728,116,,
2018,1,12,23,0,16.1,-179,0,13,0,0.0,0,0.0,0,1002.6,8.807958987497784,6.677378330071993,117,,
2018,1,13,0,0,16.1,-164,0.8,13,0,0.0,0,0.0,0,1001.9,7.284601260449961,5.599148287249263,115,,
2018,1,13,1,0,16.2,-149,40.3,13.2,0,0.0,0,0.0,0,1001.1,353.6407828290516,5.4399661960761145,111,,
2018,1,13,2,0,16.2,-137,61.2,13.3,0,0.0,0,0.0,0,1000.3,342.70536075575774,5.466125212605185,104,,
2018,1,13,3,0,16.3,-125,79,13.5,0,0.0,0,0.0,0,999.6,346.7218624227869,8.261382328335241,95,,
2018,1,13,4,0,16.6,-116,88.6,13.7,7,0.0,0,0.0,0,999,341.4344337185613,7.992337856575063,86,,
2018,1,13,5,0,16.8,-106,92,13.9,14,6.0,0,13.0,0,998.4,348.89669359718835,8.762656132372287,75,,
2018,1,13,6,0,17.1,-97,95.2,14.3,18,3.0,0,35.45986755715048,0,997.9,4.846399994536057,7.186827391790129,64,,
2018,1,13,7,0,17.4,-87,97,14.8,22,7.0,0,95.3449851665798,0,997.6,1.5488523165975607,9.249228886733198,53,,
2018,1,13,8,0,17.7,-76,85.8,15.3,116,20.0,0,208.2212357692478,0,997.2,2.391438143321011,11.023272301553286,42,,
2018,1,13,9,0,17.8,-60,88.2,15.7,100,61.0,0,385.8095044691159,0,996.5,11.198279301431512,12.137581702801045,31,,
2018,1,13,10,0,17.8,-34,94.4,16,54,107.0,0,481.382414824746,0,995.5,24.01928000653833,11.779260738104217,23,,
2018,1,13,11,0,17.7,3,95,16.3,50,113.0,0,539.4693460781277,0,994.4,39.72403320410962,11.707540359093526,20,,
2018,1,13,12,0,17.7,38,92.8,16.6,69,100.0,0,538.6204840004132,0,993.4,48.87394405724479,11.53929360583784,24,,
2018,1,13,13,0,17.7,62,92,16.7,70,97.0,0,517.7949318192309,0,992.5,60.732452410858286,12.282226943454098,33,,
2018,1,13,14,0,17.7,77,90.6,16.9,69,131.0,0,514.4049780844517,0,991.6,70.90043274786609,12.552832465814644,43,,
2018,1,13,15,0,17.7,89,85.6,17,79,140.0,0,444.59467722981657,0,990.8,74.3306636286402,12.430973509144168,54,,
2018,1,13,16,0,17.8,98,75.4,17.1,87,111.0,0,319.1278925215544,0,990.1,76.68687810503263,13.029096928661875,66,,
2018,1,13,17,0,17.9,107,59.9,17.1,68,95.0,0,207.40848173047644,0,989.3,78.22992551860995,12.782434534524109,77,,
2018,1,13,18,0,17.9,117,72.4,17.1,20,75.0,0,102.99119644784332,0,988.8,78.41420278849085,12.559861454081862,87,,
2018,1,13,19,0,17.9,127,83,17.2,0,34.0,0,17.143159101013214,0,988.5,80.56472962165128,12.581340307753946,97,,
2018,1,13,20,0,17.8,138,83,17.2,0,0.0,0,0.0,0,988.2,83.67823169637444,12.325436890095492,105,,
2018,1,13,21,0,17.7,151,82.6,17.1,0,0.0,0,0.0,0,987.8,82.59966281573918,11.1605901557014,112,,
2018,1,13,22,0,17.4,166,62.3,16.9,0,0.0,0,0.0,0,987.2,82.88273496562636,11.63949106569159,116,,
2018,1,13,23,0,17.1,-179,51,16.7,0,0.0,0,0.0,0,986.7,79.07801341434049,11.781027576765258,117,,
2018,1,14,0,0,17,-164,50.4,16.5,0,0.0,0,0.0,0,986.2,78.16189178877283,11.686547602643422,115,,
2018,1,14,1,0,16.9,-149,18.1,16.4,0,0.0,0,0.0,0,985.8,80.62476720061795,10.113358955187918,111,,
2018,1,14,2,0,16.8,-137,0,16.2,0,0.0,0,0.0,0,985.4,81.64262372784509,10.044655146757812,104,,
2018,1,14,3,0,16.8,-125,0.3,16.1,1,0.0,0,0.0,0,985.4,81.44918180822265,9.968471804237852,96,,
2018,1,14,4,0,16.9,-115,13.8,16.1,41,0.0,7,0.0,0,985.8,77.98630250614531,9.051519048564444,86,,
2018,1,14,5,0,16.9,-106,10.6,16,77,403.0,122,26.000000000000025,0,986.1,69.56733340476546,9.514387209960304,75,,
2018,1,14,6,0,17.5,-97,1.8,16,79,543.0,327,178.5976670277064,0,986.4,66.5656611115553,9.396119108456864,64,,
2018,1,14,7,0,18.5,-87,7.1,15.9,173,690.0000000000001,387,379.19478574332993,0,986.5,66.82520729588578,8.644298165924322,53,,
2018,1,14,8,0,19.5,-76,19.7,15.8,350,795.0,271,589.263242156294,0,986.6,65.36956222389892,9.405035064024512,42,,
2018,1,14,9,0,19.8,-60,51.2,15.6,358,739.0,77,731.7541391761206,0,986.7,64.32676131331914,9.62444686848447,31,,
2018,1,14,10,0,19.8,-34,86.6,15.1,143,620.0,0,806.5842807061001,0,986.9,62.36548003959263,9.529187517111357,23,,
2018,1,14,11,0,19.6,3,67.5,14.7,342,672.0,0,913.4741589859082,0,987,58.17312920511017,9.25305521293587,20,,
2018,1,14,12,0,19.4,38,44.1,14.5,555,508.0,0,862.0043793145153,0,987.3,50.48843172426848,9.24131476053616,24,,
2018,1,14,13,0,19,62,47.7,14.5,476,346.0,0,749.5687138031972,0,987.9,41.773802776047376,8.638114198799796,33,,
2018,1,14,14,0,18.7,77,41.2,14.6,431,147.0,14,531.5297043020446,0,988.5,38.111453750329474,8.238848287314156,43,,
2018,1,14,15,0,18.2,88,35.4,14.5,369,163.0,15,465.8494221846069,0,989.1,35.61959580481357,7.9798295880289665,54,,
2018,1,14,16,0,17.6,98,52.2,14.3,197,118.0,4,325.75219759982593,0,989.8,32.175848744149675,8.576471488999319,66,,
2018,1,14,17,0,17,107,51.3,14.1,88,63.0,0,178.0729532897447,0,990.4,28.216937760370968,9.347657235157872,77,,
2018,1,14,18,0,16.7,116,46.3,13.9,25,30.0,0,71.9783972735773,0,991.2,27.11709695154877,9.74558161917006,87,,
2018,1,14,19,0,16.7,127,16.9,13.7,0,6.0,0,6.902723125605593,0,992.1,29.48319926656967,9.487968822877724,97,,
2018,1,14,20,0,16.6,138,0,13.5,0,0.0,0,0.0,0,993,27.694314279257128,9.423559471609831,105,,
2018,1,14,21,0,16.2,151,0,13.3,0,0.0,0,0.0,0,993.5,24.527693480221103,9.152045850346328,112,,
2018,1,14,22,0,15.6,165,0,13,0,0.0,0,0.0,0,993.7,28.612641085184865,9.723605353690273,116,,
2018,1,14,23,0,15,-179,0,12.7,0,0.0,0,0.0,0,993.8,38.0546640182431,10.494577554580584,117,,
2018,1,15,0,0,14.6,-164,0,12.5,0,0.0,0,0.0,0,994,41.9782277572105,10.29930593422882,116,,
2018,1,15,1,0,14.5,-149,0,12.5,0,0.0,0,0.0,0,994.1,46.59121737025265,10.686854117101085,111,,
2018,1,15,2,0,14.5,-137,0,12.4,0,0.0,0,0.0,0,994.2,48.04123753024646,10.890730478331465,104,,
2018,1,15,3,0,14.4,-125,0.1,12.4,1,0.0,0,0.0,0,994.4,49.1176133926528,10.681994020967286,96,,
2018,1,15,4,0,14.5,-115,5.2,12.3,33,0.0,24,0.0,0,994.9,60.24314459599333,10.722463881915848,86,,
2018,1,15,5,0,14.5,-106,14.7,12.2,117,26.0,66,16.0,0,995.3,66.82348261828304,12.39855313983296,75,,
2018,1,15,6,0,15.1,-97,22.7,12.2,234,92.0,89,105.54313331512496,0,995.5,73.90734380217339,12.643384137236774,64,,
2018,1,15,7,0,16,-87,22.4,12.2,319,538.0,164,343.1597105466624,0,995.6,79.1137280021104,13.475165202361357,53,,
2018,1,15,8,0,17,-76,26.9,12.2,438,742.0,141,570.3890151629713,0,995.7,82.46044437629223,14.766334024188808,42,,
2018,1,15,9,0,17.3,-60,26.6,11.8,494,807.0,194,757.2723413478384,0,995.7,86.88455753037056,16.09996668178357,32,,
2018,1,15,10,0,17.3,-34,26.3,11.2,525,888.0,227,903.2529172472148,0,995.7,89.62040207972137,15.5140123576079,24,,
2018,1,15,11,0,17.2,2,49.9,10.6,443,920.0,82,1011.1849603579908,0,995.8,89.09169423758391,15.493401901578771,20,,
2018,1,15,12,0,17,37,36.4,10.2,436,958.0,205,1076.622641082545,0,995.9,89.7806712091043,15.17906629240532,24,,
2018,1,15,13,0,16.8,61,13.9,10.1,322,948.0,473,1064.6728364119626,0,996,89.05066250333095,14.82381211679306,33,,
2018,1,15,14,0,16.6,77,45.7,10,238,923.0,209,992.942918654638,0,996.1,90.26720218158698,14.344150124165443,43,,
2018,1,15,15,0,16.2,88,23.9,9.9,133,881.0,298,865.3330509092992,0,996.4,90.60651443954056,14.322579805285311,54,,
2018,1,15,16,0,15.6,98,0.1,9.8,67,807.0,337,684.1714057170701,0,996.7,92.35356367927466,14.351461776687282,66,,
2018,1,15,17,0,15.1,107,7.1,9.8,64,684.0,128,463.83547471998514,0,997,94.70696956683742,14.307530746110311,77,,
2018,1,15,18,0,14.5,116,4,9.7,24,455.0,18,223.0180555674407,0,997.3,98.68599745672331,13.982140979590984,87,,
2018,1,15,19,0,13.9,126,0,9.7,0,153.0,0,34.8781265570648,0,997.5,97.04458882249696,14.669332397709178,97,,
2018,1,15,20,0,13.3,138,0,9.7,0,0.0,0,0.0,0,997.6,100.04097675394064,14.39058207734341,105,,
2018,1,15,21,0,13.1,151,0,9.8,0,0.0,0,0.0,0,997.4,103.32613068905545,14.333203562807018,112,,
2018,1,15,22,0,13,165,0,9.9,0,0.0,0,0.0,0,996.9,108.36728036668808,13.20468015371526,116,,
2018,1,15,23,0,13,-179,0,10,0,0.0,0,0.0,0,996.5,120.7576076499506,11.253034566522784,117,,
2018,1,16,0,0,13.2,-164,1,10,0,0.0,0,0.0,0,996.1,134.7367045649197,8.6403974810096,116,,
2018,1,16,1,0,13.4,-149,53.8,9.9,0,0.0,0,0.0,0,995.8,162.00828137481903,6.9761345786570415,111,,
2018,1,16,2,0,13.7,-137,83.1,9.8,0,0.0,0,0.0,0,995.4,211.15662681985648,6.965410955057481,104,,
2018,1,16,3,0,14,-125,81.3,9.8,1,0.0,0,0.0,0,995.2,224.14749342496265,7.634698086310796,96,,
2018,1,16,4,0,14.3,-115,33.1,10,31,0.0,22,0.0,0,994.9,225.7312597353684,7.426089184600501,86,,
2018,1,16,5,0,14.7,-106,25.8,10.2,129,161.0,12,23.00000000000001,0,994.6,227.92593769714145,7.362576515208183,76,,
2018,1,16,6,0,15.3,-97,59.7,10.5,148,217.0,0,126.26949444612312,0,994,232.56558304828403,7.60232212391691,65,,
2018,1,16,7,0,16,-87,63.1,10.7,229,259.0,0,256.5323620005262,0,993.2,229.16953168063085,7.381838153950308,53,,
2018,1,16,8,0,16.8,-76,52.6,11,367,307.0,0,401.5089545645095,0,992.3,225.9566522513576,7.372305058430593,42,,
2018,1,16,9,0,17,-60,60.1,11.5,354,541.0,0,627.2671924687322,0,991.6,227.59400563220368,5.9313771500540255,32,,
2018,1,16,10,0,16.7,-34,74.9,12.2,244,777.0,0,844.591524136718,0,991.2,243.88043407274048,3.833640426622117,24,,
2018,1,16,11,0,16.3,2,88.4,12.8,116,776.0,0,929.364232767586,0,990.7,275.33823176294214,2.2016877430473256,21,,
2018,1,16,12,0,16.1,37,79.7,13.2,193,801.0,0,983.0069218719888,0,990.5,315.2599208664697,2.016897834646203,24,,
2018,1,16,13,0,16,61,73.6,13.3,230,786.0,0,966.5602823308355,0,990.4,302.81536436716686,4.488773541390096,33,,
2018,1,16,14,0,15.9,77,74.4,13.4,186,739.0,0,884.1248314575153,0,990.3,312.1375159618784,6.26733771243766,43,,
2018,1,16,15,0,15.7,88,76.7,13.1,132,674.0,0,749.12101634817,0,990.3,329.019428366128,5.706682658009687,54,,
2018,1,16,16,0,15.5,98,73.9,12.5,89,597.0,0,579.769689409869,0,990.6,349.7275005807909,3.8292015119066463,66,,
2018,1,16,17,0,15.3,107,52.5,11.8,60,462.0,0,372.6373682942384,0,990.8,14.556257551933982,3.588324988273228,77,,
2018,1,16,18,0,14.9,116,15.7,11.3,18,204.0,0,145.54425856724836,0,991,4.493833810662864,3.0224753729208995,87,,
2018,1,16,19,0,14.3,126,33.1,10.9,0,65.0,0,20.6523992521604,0,991.2,353.29045223932394,2.8272244405330684,97,,
2018,1,16,20,0,13.7,138,54.3,10.5,0,0.0,0,0.0,0,991.5,46.96696076023585,2.479614795659779,105,,
2018,1,16,21,0,13.3,151,55,10.4,0,0.0,0,0.0,0,991.6,92.99553620614132,3.835563144169534,112,,
2018,1,16,22,0,13.2,165,22.3,10.5,0,0.0,0,0.0,0,991.6,105.12776946880018,4.171410445447582,116,,
2018,1,16,23,0,13,-179,4.6,10.6,0,0.0,0,0.0,0,991.6,113.98255924039262,3.821355673377336,118,,
2018,1,17,0,0,12.9,-164,28.8,10.5,0,0.0,0,0.0,0,991.8,139.45773837157947,2.87856701698763,116,,
2018,1,17,1,0,12.7,-149,15.3,10.2,0,0.0,0,0.0,0,992.1,165.33348053390182,3.6872856675914334,111,,
2018,1,17,2,0,12.6,-137,0,10,0,0.0,0,0.0,0,992.4,165.15933863005444,2.720385673279401,105,,
2018,1,17,3,0,12.6,-125,0.5,9.7,1,0.0,0,0.0,0,992.9,158.4907380272673,1.813817301894234,96,,
2018,1,17,4,0,12.7,-115,24.9,9.5,30,0.0,1,0.0,0,993.6,146.70762932286118,1.4633007824231106,86,,
2018,1,17,5,0,12.9,-106,25.5,9.4,122,390.0,32,22.000000000000025,0,994.3,144.53956210807394,1.5999958097879854,76,,
2018,1,17,6,0,13.4,-97,6.5,9.1,139,627.0,237,172.37374551105313,0,994.6,164.73484726095387,1.7117620423490747,65,,
2018,1,17,7,0,14.3,-87,0.1,8.7,140,761.0,453,374.1283854872364,0,994.8,218.5899587106045,2.6271603300491746,53,,
2018,1,17,8,0,15.2,-75,7.5,8.4,267,732.0,443,543.4556797809666,0,994.9,231.52180469116732,3.644746354962445,42,,
2018,1,17,9,0,15.4,-59,13.8,8.3,386,858.0,397,750.1962755196577,0,995.1,246.5504931923936,2.5693799330084754,32,,
2018,1,17,10,0,15.3,-34,22.8,8.5,524,922.0,243,915.6511399104078,0,995.3,278.9962684262352,2.3684914022518737,24,,
2018,1,17,11,0,15,2,30.8,8.6,612,930.0,95,1013.06778874554,0,995.6,305.54063548199093,2.7489331191625404,21,,
2018,1,17,12,0,15,37,54,8.7,437,866.0,22,1021.5008233016656,0,995.8,322.60798811867875,3.477585794102187,24,,
2018,1,17,13,0,15,61,54.5,8.8,403,587.0,0,858.2339669869356,0,996,323.00847583322803,4.370371175023647,33,,
2018,1,17,14,0,15,76,60.1,8.8,309,285.0,0,617.4175687945137,0,996.2,330.4989087843981,4.369780833337364,43,,
2018,1,17,15,0,14.9,88,77.1,8.8,140,150.0,0,427.20838559150656,0,996.5,334.3636604805262,4.5402074738707965,54,,
2018,1,17,16,0,14.7,97,77.1,8.7,83,179.0,0,354.14173710960193,0,996.8,338.9195559279616,4.655037978219176,66,,
2018,1,17,17,0,14.5,107,67.5,8.7,54,368.0,0,333.6198463149542,0,997.2,345.65416570180093,4.054655607829421,77,,
2018,1,17,18,0,14.1,116,23.1,8.4,14,393.0,0,202.7636599951714,0,997.6,357.24526106670794,3.159657112377641,87,,
2018,1,17,19,0,13.8,126,0,8,0,117.0,0,28.240952735267932,0,998,9.406543624095946,1.85526913824004,97,,
2018,1,17,20,0,13.4,137,0,7.7,0,0.0,0,0.0,0,998.5,329.1428932092215,0.9672352731273274,105,,
2018,1,17,21,0,13.1,150,0,7.6,0,0.0,0,0.0,0,998.8,247.5868851389062,1.5457207004645943,112,,
2018,1,17,22,0,12.8,165,0,7.7,0,0.0,0,0.0,0,999.1,224.8767555607639,3.049750316280571,116,,
2018,1,17,23,0,12.6,-179,0,7.8,0,0.0,0,0.0,0,999.4,230.1953526458367,5.816612926574655,118,,
2018,1,18,0,0,12.4,-164,0,7.6,0,0.0,0,0.0,0,999.8,234.84245782889144,8.474145546462712,116,,
2018,1,18,1,0,12.2,-149,0,7.3,0,0.0,0,0.0,0,1000.2,229.84899720517404,8.959462228143499,112,,
2018,1,18,2,0,12,-137,0,6.9,0,0.0,0,0.0,0,1000.6,224.4943394711765,11.384586324308952,105,,
2018,1,18,3,0,11.9,-125,0.4,6.7,1,0.0,0,0.0,0,1001.3,218.5746246266094,12.43817103554953,96,,
2018,1,18,4,0,11.8,-115,21.2,6.6,34,0.0,1,0.0,0,1002.2,220.47985038451537,12.255909897901498,87,,
2018,1,18,5,0,11.8,-106,19.3,6.5,103,368.0,72,22.00000000000002,0,1003,220.8415682590542,12.44615020614634,76,,
2018,1,18,6,0,12.3,-97,7.1,6.4,133,622.0,252,170.68262494953422,0,1003.5,219.44892221855983,12.494247097356617,65,,
2018,1,18,7,0,13.2,-87,1.8,6.2,111,788.0,494,378.5050623182961,0,1003.7,219.5409603469072,12.40664340003251,54,,
2018,1,18,8,0,14.1,-75,9,6.1,238,875.0,476,589.6835964995853,0,1003.9,225.4289406465119,11.437634597570012,43,,
2018,1,18,9,0,14.6,-59,43.2,5.9,353,912.0,160,772.6760632150513,0,1004.1,231.536311872348,10.816049583012806,32,,
2018,1,18,10,0,14.6,-34,22.4,5.7,232,929.0,560,914.316738238083,0,1004.3,235.93055188668944,10.0729182137163,24,,
2018,1,18,11,0,14.6,2,13.3,5.5,368,926.0,531,1005.997119458826,0,1004.4,241.5309368066935,9.608714771074665,21,,
2018,1,18,12,0,14.5,36,27.6,5.4,547,916.0,182,1045.8321436594788,0,1004.6,249.00066318511284,9.181575593959476,25,,
2018,1,18,13,0,14.5,60,12.7,5.4,309,898.0,482,1029.192109605268,0,1004.8,249.15484010098496,9.774031757489702,33,,
2018,1,18,14,0,14.4,76,2.5,5.4,156,866.0,600,954.2221083665764,0,1005,258.44447441293266,9.874461509412075,43,,
2018,1,18,15,0,14,87,7.7,5.6,187,814.0,365,823.2643475098117,0,1005.3,260.26660681693136,9.34893239193915,54,,
2018,1,18,16,0,13.5,97,3.8,5.7,128,732.0,243,642.6517336651744,0,1005.7,258.92833162162367,8.347504578258107,66,,
2018,1,18,17,0,13,106,1.4,5.9,67,599.0,119,425.25516534870206,0,1006.2,257.93870521158004,7.970632491561778,77,,
2018,1,18,18,0,12.5,116,0.8,5.8,20,365.0,20,193.1477785755058,0,1006.7,250.6035600674668,7.582195926786254,87,,
2018,1,18,19,0,12.1,126,0,5.7,0,95.0,0,23.880520048487675,0,1007.1,237.1706994942989,7.996047060354507,97,,
2018,1,18,20,0,11.7,137,0,5.5,0,0.0,0,0.0,0,1007.6,227.64164067623457,9.746195301451849,106,,
2018,1,18,21,0,11.4,150,0,5.5,0,0.0,0,0.0,0,1007.8,225.2266391421075,10.736160829408933,112,,
2018,1,18,22,0,11.1,165,0,5.7,0,0.0,0,0.0,0,1007.9,229.00733479620555,12.576195849688895,116,,
2018,1,18,23,0,10.8,-180,0,5.9,0,0.0,0,0.0,0,1007.9,228.22463366396843,13.776731786285954,118,,
2018,1,19,0,0,10.6,-164,0,6,0,0.0,0,0.0,0,1007.9,233.95325972649204,13.275686467555827,116,,
2018,1,19,1,0,10.5,-149,0,5.9,0,0.0,0,0.0,0,1008,249.33261368433745,12.45459029839694,112,,
2018,1,19,2,0,10.4,-137,0,5.8,0,0.0,0,0.0,0,1008,257.3765714690479,12.106361974140247,105,,
2018,1,19,3,0,10.5,-125,0,5.7,0,0.0,1,0.0,0,1008.2,274.4563460378446,10.47894533383697,97,,
2018,1,19,4,0,10.7,-115,0,5.7,22,0.0,33,0.0,0,1008.6,298.08075111134497,9.85710603084408,87,,
2018,1,19,5,0,11,-106,0,5.6,51,260.0,159,21.00000000000001,0,1009,326.21652567787726,7.891622922132258,76,,
2018,1,19,6,0,11.9,-97,0,5.6,68,473.0,348,152.6279890199429,0,1009.2,335.1130526446816,7.042922444543088,65,,
2018,1,19,7,0,13.2,-87,0,5.5,77,408.0,543,290.5040779688499,0,1009.2,13.576118250187449,8.331923990681485,54,,
2018,1,19,8,0,14.6,-75,0,5.4,82,301.0,717,392.0528491828565,0,1009.2,41.74464969237943,5.833895105037174,43,,
2018,1,19,9,0,15.4,-59,0,5.2,86,205.0,851,452.3043853955687,0,1009,64.53729847472744,5.607148411273375,32,,
2018,1,19,10,0,15.7,-34,0,5,88,196.0,934,551.1030517796164,0,1008.6,75.37753823474503,8.895293838451918,24,,
2018,1,19,11,0,16,1,0,4.8,89,488.0,960,800.1975987511685,0,1008.1,91.68012810531944,7.311004408293564,21,,
2018,1,19,12,0,16.2,36,0,4.9,89,565.0000000000001,928,873.6325491933147,0,1007.6,80.48021142139851,10.284454223225673,25,,
2018,1,19,13,0,16.4,60,0,5.3,87,594.0,839,877.4382653164968,0,1007,102.58268522162598,7.913198670581468,33,,
2018,1,19,14,0,16.6,76,0,5.6,83,231.0,702,591.1632174748548,0,1006.5,82.37678864115014,10.90423425994338,43,,
2018,1,19,15,0,16.3,87,0,6.1,76,157.0,529,445.5124819471433,0,1006.2,87.08380758112276,10.701358053443665,55,,
2018,1,19,16,0,15.8,97,0,6.6,65,102.0,337,298.72450806878425,0,1006,90.52832859759565,10.670131362179706,66,,
2018,1,19,17,0,15.2,106,0,7,47,75.0,152,181.8991914244088,0,1005.9,93.51648958456292,10.77492583729475,77,,
2018,1,19,18,0,14.4,116,0,7.4,14,57.0,31,85.69901632498369,0,1005.9,92.3447447419578,10.813008271657726,87,,
2018,1,19,19,0,13.5,126,0,7.6,0,22.0,0,12.184614121338669,0,1005.9,94.95278552833616,11.220851714608688,97,,
2018,1,19,20,0,12.6,137,0,7.8,0,0.0,0,0.0,0,1005.9,96.38113468463185,11.16782229882224,106,,
2018,1,19,21,0,12.3,150,0,8,0,0.0,0,0.0,0,1005.4,95.10898064598814,10.878668867771,112,,
2018,1,19,22,0,12.4,165,0,8,0,0.0,0,0.0,0,1004.6,95.30205251194752,10.96708993222959,117,,
2018,1,19,23,0,12.6,-180,0,8.1,0,0.0,0,0.0,0,1003.6,97.23258278054776,10.355343927633372,118,,
2018,1,20,0,0,12.9,-164,0.6,8.5,0,0.0,0,0.0,0,1002.7,96.4156076688065,10.548727234568227,117,,
2018,1,20,1,0,13.3,-149,33.5,9.2,0,0.0,0,0.0,0,1001.9,97.14313774643448,10.62765149522952,112,,
2018,1,20,2,0,13.7,-136,52,9.8,0,0.0,0,0.0,0,1001,101.67767267279044,10.257477757032108,105,,
2018,1,20,3,0,14.2,-125,51.2,10.5,1,0.0,0,0.0,0,1000.4,107.5246901900033,9.593195510894414,97,,
2018,1,20,4,0,14.8,-115,38.4,11.3,33,0.0,0,0.0,0,1000.1,104.30182522275118,8.929326815258548,87,,
2018,1,20,5,0,15.4,-106,32.2,12,128,244.0,0,22.00000000000001,0,999.7,102.11439247768442,9.105359227762683,76,,
2018,1,20,6,0,16.3,-96,62,12.6,126,497.0,0,157.23050719321077,0,999.4,103.17998347822368,9.711628248670534,65,,
2018,1,20,7,0,17.3,-87,70.7,12.9,177,665.0,0,354.04340192385666,0,999,103.11695650324924,9.658495413558786,54,,
2018,1,20,8,0,18.4,-75,66.8,13.3,250,749.0,0,553.8283190058083,0,998.7,107.36526250631503,8.316556532305123,43,,
2018,1,20,9,0,19.2,-59,59.3,13.5,363,829.0000000000001,0,746.1002292147145,0,998.2,101.71164840705842,6.487600769700964,33,,
2018,1,20,10,0,19.7,-34,62.4,13.6,363,866.0,0,895.0821600607395,0,997.7,98.42742569376702,6.733349255111805,24,,
2018,1,20,11,0,20.2,1,62.2,13.8,374,847.0,3,977.4620738481584,0,997.1,99.2552211977994,6.6624168385438205,21,,
2018,1,20,12,0,20.4,35,35.1,13.9,453,850.0,170,1022.0436534550512,0,996.7,88.43583080559165,6.538080745635133,25,,
2018,1,20,13,0,20.4,60,45.6,14,392,842.0,95,1010.0768121571786,0,996.4,80.46444349210037,7.975926133793284,33,,
2018,1,20,14,0,20.4,75,56.3,14.1,321,796.0,0,925.7057699771624,0,996.1,86.40084188221937,8.104852786271556,43,,
2018,1,20,15,0,20,87,70.4,14.2,177,507.0,0,669.6107893584715,0,996.1,84.4259641506834,8.86761394265131,55,,
2018,1,20,16,0,19.5,97,72.7,14.4,94,131.0,0,322.8554727529686,0,996.3,76.51920285595736,10.053858310088062,66,,
2018,1,20,17,0,19,106,71.6,14.5,50,38.0,0,140.16261513597314,0,996.6,84.76062123877921,8.114224529209574,77,,
2018,1,20,18,0,18.5,115,59.4,14.7,10,18.0,0,53.88294277317638,0,997,84.14649099567299,7.26542171481013,88,,
2018,1,20,19,0,18.2,125,50.4,15,0,6.0,0,6.859753448365937,0,997.6,101.00201683621924,8.258973822230384,97,,
2018,1,20,20,0,17.9,137,64.5,15.2,0,0.0,0,0.0,0,998.2,97.61928207678346,6.602975569955561,106,,
2018,1,20,21,0,17.6,150,78,15.3,0,0.0,0,0.0,0,998.4,110.28603905379828,6.967054515766325,112,,
2018,1,20,22,0,17.4,165,29.3,15.3,0,0.0,0,0.0,0,998.4,125.1183487539102,5.642333561821871,117,,
2018,1,20,23,0,17.1,-180,0,15.2,0,0.0,0,0.0,0,998.3,140.64813798816374,3.955419552983251,118,,
2018,1,21,0,0,17.1,-164,0,15.3,0,0.0,0,0.0,0,998.4,136.07835858364956,4.072800123233527,117,,
2018,1,21,1,0,17.1,-149,0,15.4,0,0.0,0,0.0,0,998.5,120.42304992035211,3.571608702510712,112,,
2018,1,21,2,0,17.2,-136,0,15.5,0,0.0,0,0.0,0,998.6,107.4731740751605,3.242640681939166,105,,
2018,1,21,3,0,17.4,-125,0.8,15.6,0,0.0,0,0.0,0,999,120.64274038644118,4.835071523161037,97,,
2018,1,21,4,0,17.6,-115,39.2,15.8,15,0.0,0,0.0,0,999.5,136.71192694965282,4.88874563846574,87,,
2018,1,21,5,0,17.8,-105,62.4,15.9,60,96.0,4,19.000000000000007,0,1000.1,149.64395615063643,3.9120709574008607,77,,
2018,1,21,6,0,18.9,-96,22.9,16.2,111,247.0,199,126.601254570594,0,1000.4,149.78310159312184,3.183252356075157,65,,
2018,1,21,7,0,20.5,-86,0,16.6,137,266.0,426,256.794112116166,0,1000.6,147.0698908756538,2.389239988351753,54,,
2018,1,21,8,0,22.2,-75,0,17,139,507.0,604,474.24303695921935,0,1000.8,132.62080723975038,2.195719182366844,43,,
2018,1,21,9,0,22.9,-59,0,16.7,128,401.0,758,569.7514664513401,0,1000.8,128.60749823554283,2.5475092958087924,33,,
2018,1,21,10,0,22.8,-34,1.5,16,153,249.0,808,599.728829916275,0,1000.7,127.74781405067388,2.1224171144007533,25,,
2018,1,21,11,0,22.6,1,0.8,15.1,137,293.0,860,694.660413289779,0,1000.5,119.74023650918434,2.241255576493261,22,,
2018,1,21,12,0,22.6,35,0,14.7,117,207.0,860,652.603005723033,0,1000.5,93.44038211877272,1.4890116503780446,25,,
2018,1,21,13,0,22.7,59,0,14.6,111,105.0,779,522.3954746023057,0,1000.5,60.81696312465641,3.057257982985864,33,,
2018,1,21,14,0,22.7,75,0.2,14.5,105,65.0,648,409.3105526805842,0,1000.5,67.98279278769496,2.1425839670079028,44,,
2018,1,21,15,0,22.3,87,12.3,14.8,200,118.0,317,414.35119879313527,0,1000.6,55.17816714681794,4.322927507900141,55,,
2018,1,21,16,0,21.6,97,18.7,15.3,198,95.0,112,296.88844953096924,0,1000.9,74.21338440506713,4.792077762826178,66,,
2018,1,21,17,0,20.7,106,6.7,15.8,88,109.0,77,209.84216541838327,0,1001.1,51.49152858684619,5.442117911503668,77,,
2018,1,21,18,0,19.9,115,0,16,16,216.0,26,149.3088071145432,0,1001.5,82.81257533967977,5.282229434277231,88,,
2018,1,21,19,0,19.1,125,0,16,0,43.0,0,15.094057874029776,0,1001.9,79.87736642851189,3.378270330840609,97,,
2018,1,21,20,0,18.2,137,0,15.9,0,0.0,0,0.0,0,1002.4,71.0848343758251,3.868830553365526,106,,
2018,1,21,21,0,17.5,150,0,15.8,0,0.0,0,0.0,0,1002.5,89.63604806399775,5.6114413352563925,113,,
2018,1,21,22,0,17,165,0,15.6,0,0.0,0,0.0,0,1002.3,97.22703272082208,5.323297019204425,117,,
2018,1,21,23,0,16.4,-180,0,15.4,0,0.0,0,0.0,0,1002.2,95.5256999395262,4.637271562127091,119,,
2018,1,22,0,0,15.9,-164,0,15.1,0,0.0,0,0.0,0,1001.9,104.50290713721712,4.26026535076364,117,,
2018,1,22,1,0,15.5,-149,0,14.8,0,0.0,0,0.0,0,1001.5,94.67251478292474,3.7223318144731774,113,,
2018,1,22,2,0,15.1,-136,0,14.5,0,0.0,0,0.0,0,1001.2,73.50953454531998,4.32537672601639,106,,
2018,1,22,3,0,15.2,-125,0.2,14.5,1,0.0,0,0.0,0,1001.1,83.23566363663963,4.738305534432646,97,,
2018,1,22,4,0,15.7,-115,13.3,14.8,33,0.0,2,0.0,0,1001.1,66.10528895399682,4.672975346790215,87,,
2018,1,22,5,0,16.3,-105,58.6,15.2,52,47.0,2,17.000000000000004,0,1001.2,55.93582176146237,6.439995295962695,77,,
2018,1,22,6,0,17.2,-96,46.6,15.5,189,136.0,40,107.94518515336604,0,1001.1,59.369059864538656,6.054806103929073,66,,
2018,1,22,7,0,18.5,-86,62.7,15.7,170,334.0,22,279.91482151135244,0,1000.8,49.7307042630656,5.511455489048368,54,,
2018,1,22,8,0,19.9,-75,55.8,16,347,578.0,0,503.372527648749,0,1000.5,42.27895745893113,6.25102874395578,43,,
2018,1,22,9,0,20.3,-59,66.5,15.7,284,643.0,0,678.5095302645714,0,1000.3,41.24757388992646,7.428116336443531,33,,
2018,1,22,10,0,20.2,-34,87.7,15,117,737.0,0,820.7804457023253,0,1000,37.10311011370982,7.629555388929243,25,,
2018,1,22,11,0,20,1,89.7,14.3,102,804.0,0,940.8147668472772,0,999.7,33.116060862469,7.664686455637317,22,,
2018,1,22,12,0,19.8,35,92.1,13.9,76,813.0,0,987.2749618420248,0,999.3,39.471821778735546,7.963678938034128,25,,
2018,1,22,13,0,19.6,59,93.5,13.7,56,852.0,0,1001.1743948027414,0,998.9,38.89986137609736,7.635309199521901,33,,
2018,1,22,14,0,19.4,75,92.2,13.6,57,793.0,0,911.2656489992044,0,998.6,40.38245158080355,7.882826269192575,44,,
2018,1,22,15,0,19,86,88.9,13.7,61,729.0,0,775.9194230674021,0,998.2,44.88959901998987,8.242573986664377,55,,
2018,1,22,16,0,18.3,96,85.3,14,52,583.0,0,568.2812186996714,0,997.9,45.29359844616056,8.624537199844793,66,,
2018,1,22,17,0,17.6,106,78.1,14.3,33,361.0,0,325.18654800755,0,997.6,45.085194603375896,8.359268166403066,77,,
2018,1,22,18,0,17.1,115,27,14.4,9,216.0,0,143.9999226524473,0,997.3,44.87483489267089,7.27030420882906,88,,
2018,1,22,19,0,16.7,125,0,14.5,0,44.0,0,14.162012509487797,0,996.9,37.79243799658718,7.044907331121168,97,,
2018,1,22,20,0,16.4,137,0,14.5,0,0.0,0,0.0,0,996.6,40.08671974990284,7.223980251536618,106,,
2018,1,22,21,0,16.2,150,0,14.5,0,0.0,0,0.0,0,996.1,40.94269616438368,7.541750907866534,113,,
2018,1,22,22,0,16.2,164,0,14.5,0,0.0,0,0.0,0,995.6,36.32590868898723,6.865787966725294,117,,
2018,1,22,23,0,16.2,-180,0,14.4,0,0.0,0,0.0,0,995.1,32.28401879724447,6.912608443128702,119,,
2018,1,23,0,0,16.2,-164,0,14.5,0,0.0,0,0.0,0,994.7,30.0884621401674,7.115258140639459,117,,
2018,1,23,1,0,16.1,-149,0,14.5,0,0.0,0,0.0,0,994.2,21.360190735551555,7.329652220430288,113,,
2018,1,23,2,0,16.1,-136,0,14.6,0,0.0,0,0.0,0,993.7,21.14338674273705,7.22804207991335,106,,
2018,1,23,3,0,16.2,-125,0.3,14.6,1,0.0,0,0.0,0,993.6,19.48844074263656,7.373615005532693,97,,
2018,1,23,4,0,16.3,-115,15.2,14.6,29,0.0,2,0.0,0,993.8,20.622433632644004,7.694203315228088,88,,
2018,1,23,5,0,16.5,-105,12.1,14.5,75,105.0,89,18.000000000000007,0,994,20.504795016537003,7.507123909611738,77,,
2018,1,23,6,0,17,-96,52.1,14.3,97,212.0,50,114.69863138629512,0,994.2,23.58698402100299,7.765210000506545,66,,
2018,1,23,7,0,17.6,-86,82,14,102,385.0,2,279.41287130769206,0,994.5,21.07132357609225,7.425469525901501,55,,
2018,1,23,8,0,18.3,-74,48.5,13.6,330,422.0,85,434.2250710283953,0,994.8,14.18576711576378,7.487602366287417,43,,
2018,1,23,9,0,18.5,-58,34,13.1,527,716.0,67,684.9881944075752,0,995,18.58221485127285,7.71958069829408,33,,
2018,1,23,10,0,18.5,-34,13.6,12.5,269,672.0,597,791.6179532815428,0,995.3,23.36104735459037,8.038608286104816,25,,
2018,1,23,11,0,18.5,1,11.5,11.9,311,628.0,597,852.79175035277,0,995.6,24.85394100284833,7.488489409783651,22,,
2018,1,23,12,0,18.3,34,27,11.2,518,627.0,212,888.3993250223084,0,995.9,23.164863972161584,7.842226769622054,25,,
2018,1,23,13,0,18,59,15.7,10.5,350,783.0,409,963.186563186338,0,996.3,23.397906927668373,7.768444604771047,33,,
2018,1,23,14,0,17.6,74,12.6,9.8,285,567.0000000000001,390,787.5650557817739,0,996.7,32.847823790233406,8.337722462084004,44,,
2018,1,23,15,0,17.1,86,19,9.2,290,716.0,189,768.8055234300854,0,997.1,33.91029632741203,7.43413448722385,55,,
2018,1,23,16,0,16.4,96,7.4,8.7,148,704.0,201,625.3912829971301,0,997.6,35.43852712926315,6.937320951780334,66,,
2018,1,23,17,0,15.7,105,0,8.2,57,562.0,129,405.3187661805699,0,998.1,43.153591153158,6.370548718479566,77,,
2018,1,23,18,0,14.7,115,0,7.8,16,209.0,25,140.41091127769548,0,998.4,48.237456589927206,5.979208606036789,88,,
2018,1,23,19,0,13.5,125,0,7.6,0,24.0,0,10.318315195629822,0,998.6,49.526003496710814,5.399203752605335,98,,
2018,1,23,20,0,12.3,136,0,7.4,0,0.0,0,0.0,0,998.8,54.09951482672466,4.271363314642954,106,,
2018,1,23,21,0,11.6,149,0,7.5,0,0.0,0,0.0,0,998.7,51.25065416689307,4.464950773837086,113,,
2018,1,23,22,0,11.4,164,0,7.7,0,0.0,0,0.0,0,998.3,45.75664810511557,3.346619417634646,117,,
2018,1,23,23,0,11.2,-180,0,7.9,0,0.0,0,0.0,0,998,40.56971802681085,3.843948979383508,119,,
2018,1,24,0,0,11,-164,0,8,0,0.0,0,0.0,0,997.6,16.3002508145413,3.562891495257768,117,,
2018,1,24,1,0,11,-149,0,8,0,0.0,0,0.0,0,997.2,25.016720212083783,4.877238719370842,113,,
2018,1,24,2,0,10.9,-136,0,8,0,0.0,0,0.0,0,996.9,18.85693561363854,4.958255415258805,106,,
2018,1,24,3,0,11.2,-125,0,8.2,0,0.0,0,0.0,0,996.8,17.67707266378102,5.013837650353684,98,,
2018,1,24,4,0,11.8,-115,0,8.4,21,0.0,24,0.0,0,996.8,16.8687578799707,5.169197818679249,88,,
2018,1,24,5,0,12.4,-105,0.9,8.7,52,145.0,134,18.000000000000007,0,996.9,12.91469305625941,5.693335526221759,77,,
2018,1,24,6,0,13.4,-96,47.3,8.9,103,271.0,68,121.92673930717356,0,996.8,25.456920590554148,6.927210389790947,66,,
2018,1,24,7,0,14.8,-86,68.3,9.2,192,420.0,0,285.7467390083377,0,996.6,31.58318471804569,5.728077650316728,55,,
2018,1,24,8,0,16.3,-74,50.1,9.5,389,434.0,6,436.7791146073045,0,996.3,23.691036368198013,4.143903255073924,44,,
2018,1,24,9,0,17,-58,23.2,9.5,387,508.0,318,601.4808436022457,0,995.9,23.75310457245513,4.965289086178556,33,,
2018,1,24,10,0,17.2,-34,35.1,9.4,459,569.0000000000001,182,739.2499702538677,0,995.3,25.539054753230857,5.798765717296182,25,,
2018,1,24,11,0,17.4,0,31.3,9.2,499,643.0,207,853.6481420779348,0,994.7,28.597805891324697,6.528666523760002,22,,
2018,1,24,12,0,17.5,34,46.6,9.3,422,583.0,116,858.8535652607349,0,994.3,32.53273445785027,6.624439215767692,25,,
2018,1,24,13,0,17.5,58,73.1,9.4,250,487.0,0,792.7219291613799,0,993.9,37.41576742070311,7.031764439730917,34,,
2018,1,24,14,0,17.6,74,79.2,9.6,158,493.0,1,740.8541838283202,0,993.5,45.2351700638925,6.897801889447601,44,,
2018,1,24,15,0,17.4,86,46.9,9.8,246,525.0,46,663.4774917071938,0,993.3,51.635966600015024,6.8837858068291,55,,
2018,1,24,16,0,17,96,52,10.1,178,537.0,26,541.5308949902046,0,993.3,59.1450193587267,7.233769764310429,66,,
2018,1,24,17,0,16.6,105,55.7,10.3,75,471.0,0,367.09267669958217,0,993.3,68.80211866904989,7.445952897285061,77,,
2018,1,24,18,0,16.1,114,18.2,10.8,20,263.0,0,155.39761227440349,0,993.2,72.06251948961045,7.451552011134932,88,,
2018,1,24,19,0,15.6,125,0,11.3,0,48.0,0,14.546001641257938,0,993.1,78.85608652534006,6.907089890031667,98,,
2018,1,24,20,0,15.1,136,0,11.8,0,0.0,0,0.0,0,993,86.65005097747377,6.417459947195811,106,,
2018,1,24,21,0,14.8,149,0,12.1,0,0.0,0,0.0,0,992.6,95.45647396029052,5.915476540517764,113,,
2018,1,24,22,0,14.6,164,0,12.2,0,0.0,0,0.0,0,992.1,98.2154434920734,5.841440458402916,118,,
2018,1,24,23,0,14.4,-180,0,12.3,0,0.0,0,0.0,0,991.5,91.70948750683452,7.029984275486916,119,,
2018,1,25,0,0,14.1,-164,0,12.2,0,0.0,0,0.0,0,991.2,91.36931683646662,7.846234786708803,118,,
2018,1,25,1,0,13.7,-149,0,12,0,0.0,0,0.0,0,991,93.78586107469852,8.17898104731207,113,,
2018,1,25,2,0,13.2,-136,0,11.8,0,0.0,0,0.0,0,990.8,98.7370106232662,7.669811247010067,106,,
2018,1,25,3,0,12.9,-125,0.4,11.5,0,0.0,0,0.0,0,991.1,110.1033094224798,7.416971313366827,98,,
2018,1,25,4,0,12.6,-114,21.1,11,26,0.0,1,0.0,0,991.7,103.59577423073904,7.864165804476453,88,,
2018,1,25,5,0,12.4,-105,19.2,10.5,92,239.0,63,17.000000000000014,0,992.3,116.9013479994028,6.473462792967954,77,,
2018,1,25,6,0,12.6,-96,10.6,10,160,586.0,181,148.02153391594717,0,992.8,129.52806815771612,4.763084065674752,66,,
2018,1,25,7,0,13.2,-86,18.8,9.3,294,758.0,173,353.3066579634735,0,993.2,135.66268045071104,3.627099621206863,55,,
2018,1,25,8,0,13.8,-74,8.7,8.7,210,845.0,495,562.0292295282661,0,993.6,146.64626237582934,2.053279278095792,44,,
2018,1,25,9,0,13.9,-58,7.6,8.5,266,891.0,563,748.3218779795926,0,994,195.9503808673092,2.698115618868158,34,,
2018,1,25,10,0,13.7,-34,14.3,8.6,388,905.0,457,895.7696152815466,0,994.4,230.3365821176648,4.749882778176916,26,,
2018,1,25,11,0,13.4,0,55.4,8.7,292,908.0,160,991.5245230983448,0,994.8,258.74848622281075,5.494271074435407,22,,
2018,1,25,12,0,13.2,34,47,8.5,446,899.0,69,1032.321211419758,0,995.2,278.20631953583404,4.749807560937611,26,,
2018,1,25,13,0,13,58,25.2,8.2,498,878.0,172,1013.4810647641128,0,995.6,314.18848156639126,3.156920040884005,34,,
2018,1,25,14,0,12.9,74,11.9,7.9,294,843.0,371,936.9965925605792,0,996,359.8152819495475,4.240744694908911,44,,
2018,1,25,15,0,12.7,86,16.8,7.6,257,771.0,237,795.1890701675186,0,996.6,7.780830222419183,4.383867283066108,55,,
2018,1,25,16,0,12.5,96,8.3,7.4,155,649.0,185,596.3619648145814,0,997.3,22.34806567930985,3.369009511856642,66,,
2018,1,25,17,0,12.2,105,1.8,7.2,62,483.0,116,371.3435606897504,0,998,39.37764962412302,4.059845100886804,77,,
2018,1,25,18,0,11.9,114,1,6.9,19,218.0,19,140.57767225302217,0,998.7,60.44764206559404,6.245347666122461,88,,
2018,1,25,19,0,11.4,124,0,6.5,0,28.0,0,10.762698909294654,0,999.6,76.10204747973228,6.672887403698119,98,,
2018,1,25,20,0,10.9,136,0,6.2,0,0.0,0,0.0,0,1000.5,82.07114386480026,6.6352091751314495,107,,
2018,1,25,21,0,10.8,149,0,6.2,0,0.0,0,0.0,0,1001,87.24395535643498,6.869762528082706,113,,
2018,1,25,22,0,11,164,0,6.5,0,0.0,0,0.0,0,1001.2,91.57036266676032,6.841925129517315,118,,
2018,1,25,23,0,11.2,180,0,6.8,0,0.0,0,0.0,0,1001.4,95.6994224213908,7.102248130408957,119,,
2018,1,26,0,0,11.3,-164,0.6,7,0,0.0,0,0.0,0,1001.7,101.41834821447458,6.831997417106631,118,,
2018,1,26,1,0,11.3,-149,33.6,7.1,0,0.0,0,0.0,0,1002.2,98.88021110545036,5.783683084439256,113,,
2018,1,26,2,0,11.3,-136,51.9,7.2,0,0.0,0,0.0,0,1002.7,96.00914668219298,5.202905352426834,107,,
2018,1,26,3,0,11.4,-125,51.2,7.3,0,0.0,0,0.0,0,1003.4,91.34543921467171,5.510796657024687,98,,
2018,1,26,4,0,11.6,-114,19.9,7.4,22,0.0,17,0.0,0,1004.2,84.60284488585006,6.83425381225531,88,,
2018,1,26,5,0,11.9,-105,0.9,7.5,52,18.0,130,11.000000000000002,0,1005.1,86.30440257056,7.484557724954033,78,,
2018,1,26,6,0,12.7,-96,0,7.4,72,29.0,315,59.21617925405709,0,1005.7,93.87395752518808,7.924601136588444,66,,
2018,1,26,7,0,14,-86,0.1,7.3,83,65.0,508,156.19505981269185,0,1006.1,96.8991125337932,6.912355654107875,55,,
2018,1,26,8,0,15.2,-74,5,7.2,169,367.0,561,410.3969416060256,0,1006.4,108.9222231743454,5.465008714761443,44,,
2018,1,26,9,0,15.9,-58,30.6,6.9,415,747.0,209,692.1935502525229,0,1006.6,96.67818345379776,4.33728982954907,34,,
2018,1,26,10,0,16.1,-34,19.9,6.4,323,581.0,486,747.9125683104405,0,1006.6,92.85975625472372,4.746633892955219,26,,
2018,1,26,11,0,16.2,0,46.3,5.9,283,246.0,272,632.1407620985212,0,1006.6,93.11125992822753,3.621060014256893,23,,
2018,1,26,12,0,16.2,33,64,5.7,357,223.0,3,637.5834869742193,0,1006.6,80.12458770728335,4.55380173015296,26,,
2018,1,26,13,0,16.3,57,36.4,5.7,404,290.0,168,673.9178628957982,0,1006.6,79.25584825354002,5.41126887039063,34,,
2018,1,26,14,0,16.3,74,8.1,5.7,202,255.0,504,594.1716735543866,0,1006.6,78.08448450740798,5.794032842199021,44,,
2018,1,26,15,0,15.9,85,0,5.9,73,341.0,525,562.6229142010698,0,1006.8,75.07442669623686,7.40107030860751,55,,
2018,1,26,16,0,15.4,95,0,6.1,61,545.0,333,547.2312406461608,0,1007,79.46243134783037,7.128770169566205,66,,
2018,1,26,17,0,14.7,105,0,6.4,43,546.0,147,395.8044170152928,0,1007.3,81.58543918007865,6.773600205663901,78,,
2018,1,26,18,0,13.8,114,0,6.6,13,321.0,29,170.8600532430958,0,1007.7,88.7301615496167,6.037127166198561,88,,
2018,1,26,19,0,12.7,124,0.6,6.7,0,53.0,0,14.011107500818486,0,1008,92.0181888143304,7.61189941345329,98,,
2018,1,26,20,0,11.6,136,32.9,6.9,0,0.0,0,0.0,0,1008.4,100.17828584699134,7.760310317383931,107,,
2018,1,26,21,0,11.1,149,50.4,7.2,0,0.0,0,0.0,0,1008.5,108.26875113226032,7.479018861183237,114,,
2018,1,26,22,0,11.1,164,18.1,7.5,0,0.0,0,0.0,0,1008.3,125.11732672666346,5.953566211960825,118,,
2018,1,26,23,0,11.1,180,0,7.9,0,0.0,0,0.0,0,1008.2,176.69257205145482,4.007407378008652,120,,
2018,1,27,0,0,11.1,-164,0,8.1,0,0.0,0,0.0,0,1008.1,216.5975844289472,6.051191391167577,118,,
2018,1,27,1,0,10.9,-149,0,8.1,0,0.0,0,0.0,0,1008.1,205.9682086144756,7.871648396906212,114,,
2018,1,27,2,0,10.7,-136,0,8.2,0,0.0,0,0.0,0,1008.1,201.1448690410444,6.931796526022283,107,,
2018,1,27,3,0,10.8,-124,0,8.2,0,0.0,0,0.0,0,1008.3,202.8235903782288,6.607426083231056,98,,
2018,1,27,4,0,11.2,-114,0,8.3,17,0.0,24,0.0,0,1008.6,203.3580850146379,6.138054545108587,88,,
2018,1,27,5,0,11.6,-105,1.4,8.5,50,163.0,131,17.00000000000001,0,1008.9,205.54401197725807,6.844022462376855,78,,
2018,1,27,6,0,12.7,-95,0.8,8.4,66,454.0,321,133.7628619154741,0,1009,206.64315871839943,7.288300019480388,67,,
2018,1,27,7,0,14.2,-85,0,8.1,74,609.0,520,320.8475988247077,0,1009,202.222522373481,5.77357633472808,55,,
2018,1,27,8,0,15.7,-74,1.4,7.8,104,681.0,659,511.5842569021442,0,1008.9,198.95913984524023,4.329089150302337,44,,
2018,1,27,9,0,16.5,-58,15.3,7.3,335,738.0,435,689.5026751367526,0,1008.7,198.6877752175859,3.219285587082988,34,,
2018,1,27,10,0,16.7,-34,16.1,6.7,377,792.0,467,829.7365532189446,0,1008.5,209.7269824533497,3.295793229295943,26,,
2018,1,27,11,0,16.8,0,14.8,6.1,375,793.0,506,918.4617706627652,0,1008.3,230.91948779100312,3.152003963645268,23,,
2018,1,27,12,0,17,33,11.8,6,316,793.0,568,960.0887287306202,0,1008.1,263.2171712332742,1.6681697465276983,26,,
2018,1,27,13,0,17.1,57,15.2,6.1,334,791.0,445,951.7643179742712,0,1008,359.31150016865183,1.1377774581395468,34,,
2018,1,27,14,0,17.1,73,29.4,6.3,407,789.0,146,894.3239446641313,0,1007.9,27.11520544650432,2.888242038319273,44,,
2018,1,27,15,0,17,85,12.8,6.7,196,735.0,307,764.7381599652203,0,1008,57.64649335572625,4.612809805558183,55,,
2018,1,27,16,0,16.6,95,0,7.2,57,647.0,335,586.0720107815238,0,1008.2,70.68779706666658,4.886276267774722,66,,
2018,1,27,17,0,16.1,104,0,7.7,41,495.0,147,368.65590870598623,0,1008.5,82.96551138000541,5.213068907952418,78,,
2018,1,27,18,0,15.5,114,0,8,12,266.0,29,149.8899928089623,0,1008.9,96.29328771658624,4.643706541255945,88,,
2018,1,27,19,0,14.8,124,0,8.2,0,35.0,0,10.552961433582922,0,1009.2,99.0926933681924,2.7437060137548817,98,,
2018,1,27,20,0,14,136,0,8.4,0,0.0,0,0.0,0,1009.5,212.79063178243416,2.730501461242413,107,,
2018,1,27,21,0,13.7,149,0,8.5,0,0.0,0,0.0,0,1009.7,227.9136355988382,6.941934937891257,114,,
2018,1,27,22,0,13.6,164,0,8.6,0,0.0,0,0.0,0,1009.8,217.87253276270903,9.010315103270862,118,,
2018,1,27,23,0,13.6,180,0,8.7,0,0.0,0,0.0,0,1009.9,213.9879097339053,10.694238827567276,120,,
2018,1,28,0,0,13.5,-164,0,8.7,0,0.0,0,0.0,0,1010,213.08833095860751,11.334737281699462,118,,
2018,1,28,1,0,13.3,-149,0,8.8,0,0.0,0,0.0,0,1010.1,210.05893732237172,12.220421154835128,114,,
2018,1,28,2,0,13.2,-136,0,8.9,0,0.0,0,0.0,0,1010.3,209.64704934247013,12.627154109856969,107,,
2018,1,28,3,0,13.1,-124,0,9.1,0,0.0,0,0.0,0,1010.7,212.95446160970005,12.05685261228406,98,,
2018,1,28,4,0,13.2,-114,0,9.3,18,0.0,19,0.0,0,1011.3,211.83542897907031,12.47591421154528,89,,
2018,1,28,5,0,13.4,-104,1.7,9.5,56,195.0,116,15.000000000000012,0,1012,211.7697556101667,12.34644006316918,78,,
2018,1,28,6,0,14.3,-95,17.2,9.6,189,553.0,114,136.44920548173047,0,1012.4,212.9733788014181,12.28846449224552,67,,
2018,1,28,7,0,15.7,-85,9.5,9.6,151,716.0,387,333.7303587318597,0,1012.6,214.29238707399372,12.012983632052505,56,,
2018,1,28,8,0,17.3,-73,14.8,9.6,291,798.0,349,536.4412452706792,0,1012.8,217.5075688225544,12.201292757620438,44,,
2018,1,28,9,0,18.1,-57,48.3,9.1,366,839.0,91,716.3746859848359,0,1012.7,223.0418692522176,12.009356201558187,34,,
2018,1,28,10,0,18.3,-33,29.8,8.3,335,820.0000000000001,372,857.3209446730442,0,1012.5,226.0960445779208,11.72344115139125,26,,
2018,1,28,11,0,18.6,0,4.2,7.4,189,821.0000000000001,794,948.9592297401778,0,1012.2,229.2646136334648,10.95284669225945,23,,
2018,1,28,12,0,18.8,33,5.8,7,220,772.0,718,966.437669876618,0,1012,235.23560162516307,9.646111968707524,26,,
2018,1,28,13,0,19.1,57,3.3,6.9,167,509.0,707,814.8120231970896,0,1011.8,243.5665748352382,9.45778454786374,34,,
2018,1,28,14,0,19.3,73,0.5,6.9,99,350.0,664,662.2283711315417,0,1011.6,251.2826098190844,9.224682922522389,44,,
2018,1,28,15,0,19.1,85,25.1,7.3,237,408.0,219,603.9478661433532,0,1011.5,252.88107473928545,9.207235240982763,55,,
2018,1,28,16,0,18.6,95,45.2,7.8,212,444.0,1,498.5925254448494,0,1011.6,250.7687170171849,9.054592826552389,67,,
2018,1,28,17,0,18,104,19.9,8.5,85,372.0,37,325.1848657865887,0,1011.7,246.25935728195424,9.315127229364284,78,,
2018,1,28,18,0,17.1,114,1.3,8.6,17,204.0,21,133.91903943174702,0,1011.9,238.1589530243048,9.401619477976656,88,,
2018,1,28,19,0,16,124,0,8.3,0,23.0,0,8.938976611218736,0,1012.2,226.159185428938,10.299868288980388,98,,
2018,1,28,20,0,15,135,0,8,0,0.0,0,0.0,0,1012.6,224.99906752739025,10.607464886660496,107,,
2018,1,28,21,0,14.2,149,0,7.9,0,0.0,0,0.0,0,1012.7,223.31120740248,11.891326226950808,114,,
2018,1,28,22,0,13.8,164,0,7.9,0,0.0,0,0.0,0,1012.8,219.432628635366,12.884859247519476,119,,
2018,1,28,23,0,13.4,180,0,7.9,0,0.0,0,0.0,0,1012.9,218.0275477304084,12.92275485280248,120,,
2018,1,29,0,0,12.9,-164,0,7.7,0,0.0,0,0.0,0,1012.9,214.8526827716101,13.759356804670425,119,,
2018,1,29,1,0,12.5,-149,0,7.5,0,0.0,0,0.0,0,1012.9,215.43034353312007,14.240871588367831,114,,
2018,1,29,2,0,12.1,-136,0,7.3,0,0.0,0,0.0,0,1013,220.98585173461308,12.621468857504215,107,,
2018,1,29,3,0,12,-124,0,7.3,0,0.0,0,0.0,0,1013.1,230.84986428453385,11.40590645259667,99,,
2018,1,29,4,0,12.1,-114,0.8,7.4,16,0.0,20,0.0,0,1013.4,234.0292779666123,10.747026531263758,89,,
2018,1,29,5,0,12.3,-104,0.9,7.5,44,30.0,133,12.000000000000002,0,1013.7,230.8648910096558,10.856432673927412,78,,
2018,1,29,6,0,13.4,-95,0.2,7.5,61,123.0,318,91.3421269108876,0,1013.7,228.66785979772573,10.5837413691662,67,,
2018,1,29,7,0,15.1,-85,0.1,7.5,73,258.0,510,238.63374604444687,0,1013.7,233.3690031580909,8.033419442226453,56,,
2018,1,29,8,0,16.9,-73,7,7.5,192,172.0,515,324.18642059246463,0,1013.6,237.61288829819648,4.65731377578956,45,,
2018,1,29,9,0,17.8,-57,13,7.2,311,68.0,476,324.8023137132517,0,1013.3,2.7915848916993014,3.659371869080179,35,,
2018,1,29,10,0,18.1,-33,16.8,6.6,395,53.0,431,395.48399428391207,0,1012.8,56.74038190660252,6.390269719626607,27,,
2018,1,29,11,0,18.3,0,6.6,6,211,42.0,747,410.1281439117752,0,1012.3,75.51032984952735,6.584432590632877,23,,
2018,1,29,12,0,18.5,32,0.5,5.9,97,31.0,895,385.2684264352105,0,1011.9,74.35557933243882,8.177962539365254,26,,
2018,1,29,13,0,18.6,56,23.6,6.2,372,39.0,329,401.6997630972078,0,1011.4,71.9279349411147,9.8006323768496,34,,
2018,1,29,14,0,18.8,73,29.9,6.5,436,22.0,97,300.1492906912104,0,1010.9,76.54830267915133,11.89818771861561,44,,
2018,1,29,15,0,18.6,85,25.7,6.9,324,13.0,110,206.14092090759783,0,1010.6,83.00790201760702,12.139599213045042,55,,
2018,1,29,16,0,18.2,95,19.9,7.2,202,11.0,99,141.1553054708623,0,1010.4,83.25799032193936,12.928759928274156,67,,
2018,1,29,17,0,17.7,104,40.7,7.5,85,7.0,37,77.43359199784625,0,1010.2,84.91554225894885,13.853829249477428,78,,
2018,1,29,18,0,17,113,19.6,7.5,17,4.0,0,26.24471813495412,0,1010.2,84.03647637095258,14.43996201408824,89,,
2018,1,29,19,0,16.2,124,0,7.2,0,0.0,0,1.0,0,1010.3,85.77528738363208,13.57766477465539,98,,
2018,1,29,20,0,15.3,135,0,6.9,0,0.0,0,0.0,0,1010.4,85.72873066714078,12.889069510735576,107,,
2018,1,29,21,0,14.7,148,0,6.8,0,0.0,0,0.0,0,1010.4,85.05923639332843,12.3366109580843,114,,
2018,1,29,22,0,14.2,164,0,6.8,0,0.0,0,0.0,0,1010.2,83.31100626830005,11.997437523891625,119,,
2018,1,29,23,0,13.7,180,0,6.8,0,0.0,0,0.0,0,1010,81.65113942573237,13.220921570264736,120,,
2018,1,30,0,0,13.3,-164,0,6.7,0,0.0,0,0.0,0,1009.8,78.70103073849208,13.512382806416191,119,,
2018,1,30,1,0,13,-149,0,6.6,0,0.0,0,0.0,0,1009.5,79.74421210247476,13.465632500494804,114,,
2018,1,30,2,0,12.6,-136,0.6,6.4,0,0.0,0,0.0,0,1009.2,79.38888598193029,13.481018435452942,108,,
2018,1,30,3,0,12.5,-124,31,6.5,0,0.0,0,0.0,0,1009.1,79.14339116525088,12.514765301537176,99,,
2018,1,30,4,0,12.6,-114,44.9,6.6,19,0.0,1,0.0,0,1009.1,74.9221692911637,12.511540926438698,89,,
2018,1,30,5,0,12.8,-104,27.2,6.8,89,40.0,46,13.000000000000002,0,1009.1,69.38603975470642,12.3252734716845,78,,
2018,1,30,6,0,13.6,-95,17,7.2,169,231.0,138,114.35557323166104,0,1008.9,69.29046246665587,12.447610696785745,67,,
2018,1,30,7,0,15,-85,5.9,7.6,119,562.0,423,319.5127714398586,0,1008.5,67.02727866917132,11.758749129290347,56,,
2018,1,30,8,0,16.5,-73,0,8,82,658.0,664,519.7534187771616,0,1008.2,62.28167908116893,11.614293002732268,45,,
2018,1,30,9,0,17.3,-57,0.2,7.9,92,692.0000000000001,790,694.6850474666414,0,1007.6,63.69287121324385,11.957407317654756,35,,
2018,1,30,10,0,17.8,-33,9,7.5,265,820.0000000000001,618,835.3634277754322,0,1006.9,61.29590037523798,11.981685045589218,27,,
2018,1,30,11,0,18.3,0,19,7,434,825.0000000000001,378,928.8767369762226,0,1006.2,59.46028115674704,11.69400320069514,24,,
2018,1,30,12,0,18.6,32,16.6,6.9,394,833.0,416,975.9787818534868,0,1005.5,63.19976993020839,11.70397099950073,27,,
2018,1,30,13,0,18.9,56,11.7,7.2,301,812.0,481,957.8262826776344,0,1004.8,61.18872126389175,12.63595967673512,34,,
2018,1,30,14,0,19.1,72,7.3,7.6,206,781.0,485,884.447825033232,0,1004.1,59.03971493174214,13.129983621127304,45,,
2018,1,30,15,0,18.9,84,14.6,8,215,739.0,280,761.1818336353879,0,1003.7,59.96195558166801,12.78949306884113,56,,
2018,1,30,16,0,18.4,94,54.2,8.6,137,686.0,59,598.9659546329176,0,1003.4,56.86029281590294,12.625428912459183,67,,
2018,1,30,17,0,17.9,104,60.8,9.2,57,565.0000000000001,0,390.0004944426785,0,1003.1,55.29229432680427,13.039068582029392,78,,
2018,1,30,18,0,17.1,113,19.4,9.4,17,319.0,0,160.54834914986284,0,1003,60.150481637741,13.032965414542543,89,,
2018,1,30,19,0,16.2,123,0,9.5,0,34.0,0,9.177621796718595,0,1003.1,59.89547195326509,12.514188429243736,99,,
2018,1,30,20,0,15.3,135,0,9.6,0,0.0,0,0.0,0,1003.2,56.94654036022922,12.048544863238714,107,,
2018,1,30,21,0,14.8,148,0,9.5,0,0.0,0,0.0,0,1003.1,54.540401851820434,12.266606404592286,114,,
2018,1,30,22,0,14.6,163,0,9.3,0,0.0,0,0.0,0,1002.9,50.46615370337469,11.930226774086814,119,,
2018,1,30,23,0,14.4,180,0,9.2,0,0.0,0,0.0,0,1002.6,50.08473037263849,11.96743779670897,121,,
2018,1,31,0,0,14.1,-164,0,9,0,0.0,0,0.0,0,1002.4,45.29240003186675,11.772031081146949,119,,
2018,1,31,1,0,13.8,-149,0,8.8,0,0.0,0,0.0,0,1002.2,38.330767822866,13.590696691296344,115,,
2018,1,31,2,0,13.4,-136,0,8.6,0,0.0,0,0.0,0,1002,39.32738139159494,13.891828851700838,108,,
2018,1,31,3,0,13.3,-124,0.1,8.5,0,0.0,0,0.0,0,1002,42.2542130563113,14.4940302908486,99,,
2018,1,31,4,0,13.3,-114,7.3,8.5,21,0.0,7,0.0,0,1002.2,47.33591116617532,15.184512038710638,89,,
2018,1,31,5,0,13.3,-104,4.1,8.5,49,59.0,114,12.000000000000004,0,1002.4,51.5876635142688,16.454790328138028,79,,
2018,1,31,6,0,14.2,-95,0,8.7,69,433.0,294,119.35264843579196,0,1002.3,63.64872300265864,15.509554056536354,67,,
2018,1,31,7,0,15.8,-85,0,9.2,82,687.0,483,318.45194032382204,0,1002.1,64.89391438854693,16.46686021215515,56,,
2018,1,31,8,0,17.5,-73,0,9.7,91,801.0,653,528.5229216136753,0,1001.8,73.22818102502902,16.338317365710875,45,,
2018,1,31,9,0,18.4,-57,0,9.9,98,875.0,786,721.9577967473498,0,1001.6,83.70865061586971,15.97167751740243,35,,
2018,1,31,10,0,18.9,-33,0,9.9,105,911.0,867,872.4078949174457,0,1001.3,90.0,14.55859375,27,,
2018,1,31,11,0,19.4,-1,0,9.9,111,939.0,892,981.6232890021116,0,1001,89.72445885032414,12.996244034673598,24,,
2018,1,31,12,0,19.5,32,1.8,9.9,145,947.0,811,1033.8196865774044,0,1000.8,84.71851444983997,12.903414326992708,27,,
2018,1,31,13,0,19.5,56,20.5,10,374,927.0,337,1018.1622193837186,0,1000.6,82.50434248893703,12.765579190866555,35,,
2018,1,31,14,0,19.4,72,12.7,10.2,267,896.0,375,944.7310935692084,0,1000.5,83.53594746645098,12.571375283311792,45,,
2018,1,31,15,0,19,84,0.9,10.3,108,843.0,455,811.5858707341433,0,1000.5,84.90410708735777,12.415528260705551,56,,
2018,1,31,16,0,18.2,94,0,10.4,78,753.0,291,625.9678810495618,0,1000.6,87.80249304372109,12.460335382724631,67,,
2018,1,31,17,0,17.4,103,0,10.6,51,606.0,118,401.747807153948,0,1000.7,90.20633021088167,12.406574586134214,78,,
2018,1,31,18,0,16.8,113,0,10.6,14,339.0,21,162.92974253058458,0,1001.1,89.68945353589157,11.5763419138657,89,,
2018,1,31,19,0,16.2,123,0,10.7,0,34.0,0,9.08903517840566,0,1001.6,92.72719784702974,10.503351159286948,99,,
2018,1,31,20,0,15.7,135,0,10.7,0,0.0,0,0.0,0,1002.1,97.74954093515731,9.43480105996955,108,,
2018,1,31,21,0,15.3,148,0,10.7,0,0.0,0,0.0,0,1002.3,102.52253291606036,9.430146067925136,115,,
2018,1,31,22,0,15,163,0,10.6,0,0.0,0,0.0,0,1002.2,110.1775228782048,8.347764810187359,119,,
2018,1,31,23,0,14.7,180,0,10.5,0,0.0,0,0.0,0,1002,115.68232707511493,7.654091219269755,121,,
2018,2,1,0,0,14.4,-164,0,10.3,0,0.0,0,0.0,0,1002.1,117.53560802682308,7.522259807212993,119,,
2018,2,1,1,0,14,-149,0,9.9,0,0.0,0,0.0,0,1002.2,112.31805538681124,8.064565009691936,115,,
2018,2,1,2,0,13.7,-135,0,9.5,0,0.0,0,0.0,0,1002.3,109.10505095285072,7.829179963010413,108,,
2018,2,1,3,0,13.4,-124,0,9.2,0,0.0,0,0.0,0,1002.6,111.2266642716628,7.534096955335266,99,,
2018,2,1,4,0,13.2,-113,0.7,8.9,16,0.0,14,0.0,0,1003,113.42201612540408,7.176803844105475,89,,
2018,2,1,5,0,13,-104,0.4,8.6,44,184.0,120,12.00000000000001,0,1003.5,112.4594684327239,6.47369573944946,79,,
2018,2,1,6,0,13.8,-94,0,8.7,65,615.0,302,127.09912222273722,0,1003.8,109.21521488618151,5.981165914432774,68,,
2018,2,1,7,0,15.3,-84,0,9.2,76,698.0000000000001,496,316.1486069256599,0,1004,111.9677613179092,5.262191026275159,56,,
2018,2,1,8,0,16.8,-72,0.3,9.7,87,682.0,662,487.6627496936991,0,1004.3,100.51023720577518,5.458028064689527,45,,
2018,2,1,9,0,17.7,-56,14.3,9.7,317,574.0000000000001,442,599.5482614856288,0,1004.4,87.16977758823111,7.683688730914359,35,,
2018,2,1,10,0,18.1,-33,17.9,9.2,405,495.0,404,702.4464798842132,0,1004.3,82.11526557169248,8.820202173805034,27,,
2018,2,1,11,0,18.4,-1,5.6,8.7,197,449.0,763,755.258881143377,0,1004.3,82.8151880505037,8.994945709611756,24,,
2018,2,1,12,0,18.7,31,0,8.6,92,358.0,895,732.3088195427931,0,1004.3,77.47368804149363,9.11891754459254,27,,
2018,2,1,13,0,19,55,0,8.7,91,464.0,807,782.1441593423026,0,1004.3,75.67033269701994,9.920464810457752,35,,
2018,2,1,14,0,19.2,72,0,9,87,378.0,672,672.973961973199,0,1004.3,76.11566381447386,10.586160639138996,45,,
2018,2,1,15,0,19.1,84,0,9.3,79,431.0,499,608.8457490990984,0,1004.5,81.47734472584273,11.086783034787652,56,,
2018,2,1,16,0,18.6,94,0,9.7,67,230.0,308,377.27592989820494,0,1004.7,84.97244731073971,11.360847590204418,67,,
2018,2,1,17,0,18.1,103,0,10,46,146.0,125,213.6890393250856,0,1005,85.70811298298082,11.098261077200435,78,,
2018,2,1,18,0,17.3,113,0,10.1,13,103.0,23,93.32490594085036,0,1005.5,89.23942379989774,10.777805054412706,89,,
2018,2,1,19,0,16.5,123,0,10,0,7.0,0,3.822929664428437,0,1006.1,91.96257587941932,11.078275757531864,99,,
2018,2,1,20,0,15.6,135,0,9.9,0,0.0,0,0.0,0,1006.6,98.19642522326905,10.708013804686717,108,,
2018,2,1,21,0,15.1,148,0,10,0,0.0,0,0.0,0,1007,100.39494782647785,10.3172828131477,115,,
2018,2,1,22,0,14.8,163,0,10.3,0,0.0,0,0.0,0,1007.1,101.79475112689728,10.13438638891756,120,,
2018,2,1,23,0,14.6,180,0,10.5,0,0.0,0,0.0,0,1007.3,104.3045174011416,10.154928720065367,121,,
2018,2,2,0,0,14.3,-164,0,10.6,0,0.0,0,0.0,0,1007.5,103.6190607625012,10.12476883730326,120,,
2018,2,2,1,0,13.9,-149,0,10.5,0,0.0,0,0.0,0,1007.8,101.31834673740236,10.759048116694789,115,,
2018,2,2,2,0,13.6,-135,0,10.3,0,0.0,0,0.0,0,1008.1,103.18694539701652,10.450371512170006,108,,
2018,2,2,3,0,13.4,-124,0.2,10.2,0,0.0,0,0.0,0,1008.5,105.96824630238604,10.174575453062529,100,,
2018,2,2,4,0,13.4,-113,9.8,10,20,0.0,1,0.0,0,1009.1,107.95405661458705,10.109222036557588,90,,
2018,2,2,5,0,13.4,-104,54.5,9.9,44,60.0,1,12.000000000000004,0,1009.7,109.68037079942178,9.995498371170124,79,,
2018,2,2,6,0,14.2,-94,69.8,9.8,111,265.0,3,104.7836885804299,0,1010.2,110.29972550294286,9.587411784222535,68,,
2018,2,2,7,0,15.4,-84,35.1,9.7,232,430.0,154,270.90478134419425,0,1010.5,110.75149292009058,8.971416146886,57,,
2018,2,2,8,0,16.7,-72,39.1,9.7,342,540.0,96,457.08813920065705,0,1010.9,110.66005775571284,9.160913695555443,46,,
2018,2,2,9,0,17.5,-56,18.5,9.5,197,677.0,538,655.6233016168655,0,1011,113.42324306207536,8.086018721315401,35,,
2018,2,2,10,0,17.9,-33,0,9.1,95,716.0,880,786.8117245065762,0,1011,108.76354354726408,6.690535315527668,28,,
2018,2,2,11,0,18.1,-1,0,8.8,93,742.0,915,886.6613390743021,0,1010.9,94.75671388599436,7.377950256036228,24,,
2018,2,2,12,0,18.3,31,0,8.7,89,742.0,892,927.6110463231336,0,1010.9,87.42199702615494,9.129601288479336,27,,
2018,2,2,13,0,18.3,55,0,8.9,84,676.0,811,882.6771902656391,0,1010.9,83.52030576224422,9.5340488670632,35,,
2018,2,2,14,0,18.4,71,0,9,79,605.0,677,787.1514022683263,0,1010.9,82.28242349748984,10.339011573521956,45,,
2018,2,2,15,0,18,83,0,9.1,73,523.0,503,646.0643304296638,0,1011.1,83.19002573992839,10.992593116569742,56,,
2018,2,2,16,0,17.3,93,0.9,9.3,68,488.0,302,501.56985815196566,0,1011.3,84.82171529570189,10.982322403418124,67,,
2018,2,2,17,0,16.6,103,0.5,9.5,46,419.0,122,328.90084380557505,0,1011.6,88.76361942469157,11.167639064025444,78,,
2018,2,2,18,0,15.9,112,0,9.5,13,164.0,23,110.45799078846868,0,1011.9,95.24420165108444,10.355847688847982,89,,
2018,2,2,19,0,15.1,123,0,9.4,0,12.0,0,4.37711118457105,0,1012.2,98.73817902785214,10.257734686272366,99,,
2018,2,2,20,0,14.2,134,0,9.3,0,0.0,0,0.0,0,1012.5,100.78896734452344,10.089481407804376,108,,
2018,2,2,21,0,13.8,148,0,9.3,0,0.0,0,0.0,0,1012.6,103.99067004052574,9.528763493620051,115,,
2018,2,2,22,0,13.7,163,0.6,9.5,0,0.0,0,0.0,0,1012.6,106.50218539778608,9.131253310900746,120,,
2018,2,2,23,0,13.6,180,32.9,9.6,0,0.0,0,0.0,0,1012.5,107.52402001754416,8.614898412186317,122,,
2018,2,3,0,0,13.4,-164,51,9.8,0,0.0,0,0.0,0,1012.3,109.9691465132301,7.961587375848015,120,,
2018,2,3,1,0,13.1,-149,51.6,9.8,0,0.0,0,0.0,0,1012.1,108.8556328986441,7.307945809933599,116,,
2018,2,3,2,0,12.8,-135,51.8,9.9,0,0.0,0,0.0,0,1011.9,114.62531464730688,6.964188922045267,109,,
2018,2,3,3,0,12.8,-123,50.8,10.1,0,0.0,0,0.0,0,1011.9,125.88608969372468,5.918011061513992,100,,
2018,2,3,4,0,13,-113,18.2,10.3,14,0.0,11,0.0,0,1012.1,148.6789038560883,4.034775286672257,90,,
2018,2,3,5,0,13.3,-103,3.8,10.4,58,103.0,88,11.000000000000009,0,1012.3,188.08087390143208,3.214782065336269,79,,
2018,2,3,6,0,14.3,-94,40.7,10.6,132,449.0,53,112.97411420542718,0,1012.2,203.4369325299096,3.167314238381388,68,,
2018,2,3,7,0,15.8,-84,21.8,10.7,110,629.0,358,300.84915312923715,0,1011.9,213.80771783190573,2.1434413732239803,57,,
2018,2,3,8,0,17.3,-72,0,10.8,83,725.0,661,500.7790895032375,0,1011.7,193.9164918705636,1.2465505689392835,46,,
2018,2,3,9,0,18.1,-56,0,10.8,86,771.0,801,677.5591782553577,0,1011.2,232.199506326084,0.3788097297983819,36,,
2018,2,3,10,0,18.3,-33,0.1,10.8,89,805.0,886,820.8477099963346,0,1010.7,5.629412144025537,0.7715432832657044,28,,
2018,2,3,11,0,18.3,-1,6.4,10.7,220,839.0,723,928.2824902050488,0,1010.2,23.924925525447293,2.344245413237205,25,,
2018,2,3,12,0,18,31,10.4,10.6,295,883.0,581,996.142903262247,0,1009.9,35.97011879118787,4.3469227243158,28,,
2018,2,3,13,0,17.5,55,10.6,10.5,278,876.0,517,987.4426679178677,0,1009.7,45.47767288316504,4.514177413750645,35,,
2018,2,3,14,0,16.9,71,3.8,10.5,153,793.0,565,884.8017752455992,0,1009.5,53.84151440706819,5.788825129328485,45,,
2018,2,3,15,0,16.2,83,0.9,10.3,85,694.0000000000001,480,730.7352151713694,0,1009.4,61.37727915577369,4.734607684520347,56,,
2018,2,3,16,0,15.4,93,46.4,10,81,628.0,148,563.1419562778974,0,1009.5,68.93254057832326,6.7068449160020505,67,,
2018,2,3,17,0,14.5,103,56.1,9.7,58,516.0,0,362.4008249422889,0,1009.5,79.93072384608155,7.839253284093684,79,,
2018,2,3,18,0,14.1,112,50.6,9.4,16,267.0,0,138.8120415246032,0,1009.5,83.8464596949566,7.705039341663373,89,,
2018,2,3,19,0,13.9,123,72,9.1,0,17.0,0,4.90162998407772,0,1009.5,85.75791821553617,8.630822586702843,99,,
2018,2,3,20,0,13.8,134,82.3,8.8,0,0.0,0,0.0,0,1009.5,91.2289116469617,9.368609965463108,108,,
2018,2,3,21,0,13.7,148,81.7,8.7,0,0.0,0,0.0,0,1009.5,98.60202106919184,9.134244289369994,115,,
2018,2,3,22,0,13.5,163,73.5,8.8,0,0.0,0,0.0,0,1009.5,103.52328087926536,8.591470124660344,120,,
2018,2,3,23,0,13.3,179,69.2,8.9,0,0.0,0,0.0,0,1009.5,103.107232502288,8.407013262873134,122,,
2018,2,4,0,0,13.1,-164,69.3,8.6,0,0.0,0,0.0,0,1009.6,104.36570299572509,8.258723260176003,120,,
2018,2,4,1,0,12.8,-149,72.6,8,0,0.0,0,0.0,0,1009.7,102.12849387770132,8.13744757176868,116,,
2018,2,4,2,0,12.5,-135,58.5,7.4,0,0.0,0,0.0,0,1009.8,102.5602557759679,7.574586722616637,109,,
2018,2,4,3,0,12.2,-123,50,6.8,0,0.0,0,0.0,0,1010.1,101.49019209177987,7.731112506849638,100,,
2018,2,4,4,0,12,-113,18.2,6.3,12,0.0,14,0.0,0,1010.7,100.15890625893928,8.504423000491512,90,,
2018,2,4,5,0,11.9,-103,0.7,5.7,39,74.0,119,10.000000000000004,0,1011.3,101.18459149349349,8.492097947140675,79,,
2018,2,4,6,0,12.5,-94,0.4,5.4,56,314.0,308,100.71455757308168,0,1011.7,101.47648653309778,8.054345587088159,68,,
2018,2,4,7,0,13.7,-84,0,5.1,63,502.0,510,273.025538445786,0,1011.9,99.64577117734854,7.458719141445444,57,,
2018,2,4,8,0,15,-72,0,4.9,68,652.0,689,473.81760327262407,0,1012.1,93.2915388973451,7.619747983520896,46,,
2018,2,4,9,0,15.8,-56,0,4.7,71,719.0,829,652.4932090835822,0,1012.1,87.18887559438025,8.009638526948065,36,,
2018,2,4,10,0,16.2,-32,0.1,4.5,75,793.0,915,810.7727357624814,0,1012,82.56503883745205,8.486389328502149,28,,
2018,2,4,11,0,16.6,-1,5.3,4.4,187,825.0000000000001,780,916.4404643536592,0,1011.9,81.27804165284016,8.74393853317646,25,,
2018,2,4,12,0,16.9,30,3,4.5,139,825.0000000000001,822,961.027482596913,0,1011.8,79.14506600709626,9.03196906820775,28,,
2018,2,4,13,0,17.1,54,0,4.7,76,803.0,825,941.6253824205188,0,1011.8,79.91390982890584,10.197636134166451,35,,
2018,2,4,14,0,17.3,71,0,4.9,75,767.0,682,865.8058685272512,0,1011.8,81.78433369685388,11.028219528095784,45,,
2018,2,4,15,0,17.1,83,0.3,5.3,74,699.0000000000001,499,729.0772124734701,0,1012,83.33828133428983,11.429708111862402,56,,
2018,2,4,16,0,16.6,93,16.9,5.8,137,592.0,181,542.7283534231368,0,1012.3,84.44655944776815,11.531664442869504,68,,
2018,2,4,17,0,16.1,102,44.6,6.3,88,433.0,15,327.5228513018744,0,1012.6,85.75779384049986,11.468921901755447,79,,
2018,2,4,18,0,15.2,112,19.9,6.7,15,206.0,0,119.0112498878652,0,1013.1,88.14486530369311,11.448138966656757,90,,
2018,2,4,19,0,14.1,122,0,7.1,0,12.0,0,4.3063999274167,0,1013.7,92.32541100251882,11.438374600558122,100,,
2018,2,4,20,0,13,134,0,7.4,0,0.0,0,0.0,0,1014.2,96.78851519412063,11.518743636201457,108,,
2018,2,4,21,0,12.4,147,0,7.8,0,0.0,0,0.0,0,1014.5,98.38166712871056,11.606882990768153,116,,
2018,2,4,22,0,12.1,163,0,8.1,0,0.0,0,0.0,0,1014.5,97.4525647947258,11.287981223095835,120,,
2018,2,4,23,0,11.9,179,0,8.4,0,0.0,0,0.0,0,1014.4,95.76759658242958,11.061121650000286,122,,
2018,2,5,0,0,11.7,-164,0,8.5,0,0.0,0,0.0,0,1014.4,97.56338207212455,10.61530381279127,121,,
2018,2,5,1,0,11.4,-148,0,8.6,0,0.0,0,0.0,0,1014.4,103.16817628161864,9.798415073617909,116,,
2018,2,5,2,0,11.2,-135,0,8.6,0,0.0,0,0.0,0,1014.4,110.25433674155828,8.085409414397397,109,,
2018,2,5,3,0,11.3,-123,0,8.7,0,0.0,0,0.0,0,1014.7,102.7615698073708,7.841655881001362,100,,
2018,2,5,4,0,11.5,-113,0,8.7,12,0.0,11,0.0,0,1015.3,107.44111264554482,7.65593271181927,90,,
2018,2,5,5,0,11.8,-103,0.9,8.7,43,133.0,103,10.000000000000009,0,1015.8,112.56451730499384,7.270961926114653,80,,
2018,2,5,6,0,13.1,-94,0.5,8.5,65,608.0,278,114.6377873632987,0,1016.2,113.39426123435936,6.026410557812282,68,,
2018,2,5,7,0,15,-83,0,8.3,76,779.0,469,319.7278197533024,0,1016.6,108.89559718939744,6.299435986900078,57,,
2018,2,5,8,0,17.1,-71,0,8.1,85,855.0,641,528.9598348811217,0,1016.9,106.53404701623344,4.768970484654845,46,,
2018,2,5,9,0,18.1,-55,0,7.8,92,812.0,776,683.1237234592737,0,1016.8,99.30377880363004,4.003347404370816,36,,
2018,2,5,10,0,18.5,-32,0,7.5,98,814.0,861,818.3574126536732,0,1016.6,90.0690660629026,3.84814732704792,28,,
2018,2,5,11,0,18.7,-1,0,7.2,102,795.0,891,899.1238504154587,0,1016.4,79.19282326816801,4.976446991782171,25,,
2018,2,5,12,0,19,30,0,7.4,104,772.0,861,930.6135480176677,0,1016.1,73.60382833562608,6.547264529090937,28,,
2018,2,5,13,0,19.3,54,0,7.8,102,752.0,776,911.9025070030596,0,1015.8,69.60285615500283,7.634706830227473,36,,
2018,2,5,14,0,19.6,70,0,8.3,96,718.0,643,837.1585604566573,0,1015.5,73.55174984425827,7.852356744326041,45,,
2018,2,5,15,0,19.4,82,0,8.9,86,736.0,474,745.8543629085101,0,1015.5,78.8805290581418,9.376710878662472,56,,
2018,2,5,16,0,18.9,93,0,9.6,70,620.0,288,554.1123581640594,0,1015.6,83.97734126519924,9.06320815443669,68,,
2018,2,5,17,0,18.4,102,0,10.4,45,500.0,114,351.18062817139617,0,1015.7,85.89577472141093,9.479632711307213,79,,
2018,2,5,18,0,17.4,112,0,10.6,12,288.0,20,139.47693264097637,0,1015.9,90.53379616583275,10.062936714125753,90,,
2018,2,5,19,0,16.1,122,0,10.6,0,16.0,0,4.692462395091943,0,1016.2,94.38719021796568,9.689524285259507,100,,
2018,2,5,20,0,14.8,134,0,10.6,0,0.0,0,0.0,0,1016.4,101.43399794441608,9.72922170053038,109,,
2018,2,5,21,0,13.9,147,0,10.6,0,0.0,0,0.0,0,1016.5,109.14926955946515,9.078511490859263,116,,
2018,2,5,22,0,13.3,163,0,10.7,0,0.0,0,0.0,0,1016.5,117.36560886207816,8.033268763865042,121,,
2018,2,5,23,0,12.8,179,0,10.8,0,0.0,0,0.0,0,1016.5,141.49732980779038,5.922424150031934,122,,
2018,2,6,0,0,12.4,-164,0,10.7,0,0.0,0,0.0,0,1016.5,200.01323690251417,6.06861007658768,121,,
2018,2,6,1,0,12.3,-148,0,10.6,0,0.0,0,0.0,0,1016.6,203.82292753776213,8.975949488094178,116,,
2018,2,6,2,0,12.2,-135,0,10.5,0,0.0,0,0.0,0,1016.7,206.18155540499365,9.542808543861929,109,,
2018,2,6,3,0,12.5,-123,0,10.8,0,0.0,0,0.0,0,1016.9,208.5800229180064,9.939943630943269,101,,
2018,2,6,4,0,13.2,-112,0,11.3,11,0.0,10,0.0,0,1017.3,211.20542763182567,10.393132809190949,91,,
2018,2,6,5,0,14,-103,0.8,11.9,43,82.0,101,9.000000000000005,0,1017.6,215.00190758574303,10.547011110345869,80,,
2018,2,6,6,0,15.6,-93,0.5,12.3,65,462.0,278,104.99098552911276,0,1017.8,215.26181011244884,10.65727339162494,69,,
2018,2,6,7,0,17.7,-83,0,12.5,77,672.0,471,297.4054509627732,0,1017.9,217.06105247875053,10.171687468691294,57,,
2018,2,6,8,0,20,-71,0,12.7,85,832.0000000000001,646,519.0817287658215,0,1018,221.4420508449076,9.463709745592316,46,,
2018,2,6,9,0,21,-55,0,12.6,91,875.0,783,704.9899344705367,0,1017.7,225.3493601795028,9.852721785144954,36,,
2018,2,6,10,0,21.3,-32,0,12.3,95,899.0,871,852.3874868295192,0,1017.1,226.44480574880228,10.01679023296468,29,,
2018,2,6,11,0,21.4,-1,0,11.9,96,904.0,902,950.9198523252248,0,1016.5,229.1121755814603,9.684985631307796,26,,
2018,2,6,12,0,21.5,30,0,11.8,97,897.0,873,993.6855120455472,0,1015.9,230.3217901510772,8.915590080142035,28,,
2018,2,6,13,0,21.6,53,0,12,94,874.0,788,975.92305701441,0,1015.3,228.985910343432,8.898510715762818,36,,
2018,2,6,14,0,21.7,70,0,12.2,88,839.0,654,899.9429514530724,0,1014.7,227.84901185669185,8.887972434346427,46,,
2018,2,6,15,0,21.2,82,0,12.5,79,785.0,484,768.5663102268387,0,1014.3,225.8257910645008,9.187300196570538,57,,
2018,2,6,16,0,20.4,92,0,12.8,65,696.0000000000001,294,585.6967018894429,0,1014,221.44454927903925,9.01103100345334,68,,
2018,2,6,17,0,19.6,102,0,13.2,43,544.0,116,364.5879512182663,0,1013.7,220.53312937164208,9.081347751944577,79,,
2018,2,6,18,0,18.6,112,0,13.2,12,267.0,20,131.5306722965625,0,1013.6,221.0359838386161,9.179822685382582,90,,
2018,2,6,19,0,17.4,122,0,12.9,0,11.0,0,3.1285873414940637,0,1013.6,219.02684987573605,8.677925861589012,100,,
2018,2,6,20,0,16.3,134,0,12.5,0,0.0,0,0.0,0,1013.6,217.97078078932068,8.823845536714135,109,,
2018,2,6,21,0,15.9,147,0,12.5,0,0.0,0,0.0,0,1013.3,211.85162160773888,9.035660462054906,116,,
2018,2,6,22,0,15.9,163,0,12.7,0,0.0,0,0.0,0,1012.8,209.6088500146361,9.361893192510172,121,,
2018,2,6,23,0,16,179,0,13,0,0.0,0,0.0,0,1012.3,208.3319486662604,9.84064835018369,123,,
2018,2,7,0,0,16.1,-164,0,13.2,0,0.0,0,0.0,0,1011.7,209.19773217932533,10.21404174807248,121,,
2018,2,7,1,0,16.1,-148,0,13.5,0,0.0,0,0.0,0,1011.1,210.8786801966699,11.335499545365009,117,,
2018,2,7,2,0,16.1,-135,0,13.8,0,0.0,0,0.0,0,1010.5,209.8712661857352,12.012108897254157,110,,
2018,2,7,3,0,16.4,-123,0,14.1,0,0.0,0,0.0,0,1010.1,208.3473887384775,12.900754532168111,101,,
2018,2,7,4,0,16.9,-112,0.7,14.4,12,0.0,4,0.0,0,1009.9,208.52216076021173,13.38917039740264,91,,
2018,2,7,5,0,17.4,-103,34.1,14.7,64,45.0,2,8.000000000000004,0,1009.7,208.6371994499411,13.69395269638258,80,,
2018,2,7,6,0,18.6,-93,38,15.1,195,440.0,14,99.81096515146857,0,1009.5,208.19801733837053,13.804591380952097,69,,
2018,2,7,7,0,20.2,-83,37.5,15.5,307,739.0,11,305.11195061385297,0,1009.3,208.6254744098196,13.829544615209446,58,,
2018,2,7,8,0,22,-71,28.4,15.8,374,834.0,129,515.286509672633,0,1009,209.3046310093501,14.329614462025257,47,,
2018,2,7,9,0,23,-55,25.6,15.8,482,877.0,130,700.628615339088,0,1008.6,211.50691428836592,14.53113853247764,37,,
2018,2,7,10,0,23.5,-32,24.4,15.6,524,844.0,164,849.2237349560554,0,1008.1,213.76063185026743,14.07491874171663,29,,
2018,2,7,11,0,24,-1,15.3,15.3,418,846.0,380,944.9869322285914,0,1007.5,215.337444475328,13.091107978207056,26,,
2018,2,7,12,0,24.3,30,53.7,15.2,260,824.0000000000001,173,979.4122174738824,0,1006.9,215.81768950636337,12.938607523224636,29,,
2018,2,7,13,0,24.4,53,85.9,15.2,122,803.0,0,960.2274675835666,0,1006.4,216.07871646830216,12.539183752121351,36,,
2018,2,7,14,0,24.5,70,88.9,15.3,71,735.0,5,865.3674303565276,0,1005.8,215.4375184520492,11.364586328680318,46,,
2018,2,7,15,0,24,82,32.5,15.5,92,588.0,228,684.6842029946348,0,1005.5,215.90784070129777,10.16969530568604,57,,
2018,2,7,16,0,23,92,40.5,15.9,101,469.0,128,493.7581333391468,0,1005.5,211.38940547365576,10.088548678328571,68,,
2018,2,7,17,0,21.9,102,46.6,16.2,66,209.0,0,237.9963168347169,0,1005.5,211.51966258238315,10.495236019953648,79,,
2018,2,7,18,0,20.6,111,13.5,16.3,17,35.0,0,55.05672721113797,0,1005.6,210.19166123495987,11.48721933499361,90,,
2018,2,7,19,0,19.1,122,0,16.1,0,2.0,0,1.1986563252867986,0,1005.8,212.07577029243336,11.164793224192364,100,,
2018,2,7,20,0,17.7,133,0,16,0,0.0,0,0.0,0,1006,209.03519610713715,12.04086268962874,109,,
2018,2,7,21,0,16.9,147,0,15.7,0,0.0,0,0.0,0,1006.1,206.6015758931641,12.502985371289348,116,,
2018,2,7,22,0,16.5,162,0,15.3,0,0.0,0,0.0,0,1006,208.41924524409265,13.264819559957855,121,,
2018,2,7,23,0,16.2,179,0,14.8,0,0.0,0,0.0,0,1005.9,210.18870814106603,13.42446768902332,123,,
2018,2,8,0,0,15.9,-164,0,14.4,0,0.0,0,0.0,0,1005.9,209.7564111608337,13.844257097880982,121,,
2018,2,8,1,0,15.7,-148,0,13.9,0,0.0,0,0.0,0,1006,209.9355087674086,13.142818655646655,117,,
2018,2,8,2,0,15.4,-134,0,13.4,0,0.0,0,0.0,0,1006.1,208.2290199048616,12.242721470505774,110,,
2018,2,8,3,0,15.4,-123,0,13.1,0,0.0,0,0.0,0,1006.4,205.8760105621137,11.457838163369225,101,,
2018,2,8,4,0,15.4,-112,0,12.9,11,0.0,6,0.0,0,1006.9,203.96567418152057,10.255739945439323,91,,
2018,2,8,5,0,15.5,-102,1,12.7,48,7.0,84,6.0,0,1007.5,191.2774745070047,7.35315924967625,80,,
2018,2,8,6,0,16.1,-93,0.5,12.6,76,12.0,250,34.769125955729635,0,1008,92.48237753651892,3.725908537930252,69,,
2018,2,8,7,0,17.1,-83,0,12.6,87,14.0,445,83.51459210452774,0,1008.5,134.6388336993733,5.915576745998703,58,,
2018,2,8,8,0,18.1,-70,0,12.6,90,15.0,625,138.5214963120426,0,1009.1,140.15966205550126,6.284811443119402,47,,
2018,2,8,9,0,18.6,-54,0,12.4,91,28.0,770,237.82660943504783,0,1009.5,154.49890908408315,3.951359169745276,37,,
2018,2,8,10,0,18.6,-32,0,11.9,89,41.0,869,338.2605535091523,0,1009.9,204.07984859335275,1.9363257172065311,29,,
2018,2,8,11,0,18.6,-1,0,11.4,86,58.0,910,421.5279418194485,0,1010.2,12.619583496174188,4.679952139528195,26,,
2018,2,8,12,0,18.4,29,0,10.7,82,108.0,890,525.1278329023554,0,1010.7,37.34672404901716,7.469057475827663,29,,
2018,2,8,13,0,18.2,53,0,9.9,78,100.0,809,498.4552247785416,0,1011.2,46.844443917510375,7.251601601322411,36,,
2018,2,8,14,0,17.9,69,0,9.1,74,85.0,676,427.2335047633256,0,1011.7,47.40235902081463,6.622516958489311,46,,
2018,2,8,15,0,17.4,82,0,8.5,68,62.0,500,322.0501513330758,0,1012.2,57.26384080738359,7.2072260967267,57,,
2018,2,8,16,0,16.7,92,0,8.2,58,183.0,303,344.9155424908921,0,1012.8,69.33470292011327,8.197095656978965,68,,
2018,2,8,17,0,16,101,0,7.9,39,14.0,118,88.52400766379866,0,1013.3,77.94271000108205,8.05739099325856,79,,
2018,2,8,18,0,15.3,111,0,7.8,11,8.0,19,30.27358216316711,0,1013.9,78.98460261628236,8.36406148578788,90,,
2018,2,8,19,0,14.6,121,0,7.8,0,1.0,0,1.0959686397293595,0,1014.5,81.19061850551827,8.949569358934358,100,,
2018,2,8,20,0,13.9,133,0,7.8,0,0.0,0,0.0,0,1015.1,84.48307368631686,9.055618949159877,109,,
2018,2,8,21,0,13.6,147,0,7.9,0,0.0,0,0.0,0,1015.4,88.21755898532865,9.18339856068927,117,,
2018,2,8,22,0,13.6,162,0,8.2,0,0.0,0,0.0,0,1015.6,87.10061816602371,9.445685143451874,122,,
2018,2,8,23,0,13.6,179,0,8.4,0,0.0,0,0.0,0,1015.8,89.73158050944176,8.598727172125864,123,,
2018,2,9,0,0,13.6,-164,0,8.8,0,0.0,0,0.0,0,1016,91.14657675841325,8.247745147974683,122,,
2018,2,9,1,0,13.5,-148,0,9.3,0,0.0,0,0.0,0,1016.1,89.21763520324038,7.867188503867637,117,,
2018,2,9,2,0,13.4,-134,0,9.9,0,0.0,0,0.0,0,1016.2,90.74680688407376,7.867123346910037,110,,
2018,2,9,3,0,13.5,-122,0.6,10.4,0,0.0,0,0.0,0,1016.6,89.04119567456792,7.470040058305616,101,,
2018,2,9,4,0,13.7,-112,33.8,10.9,6,0.0,0,0.0,0,1017.2,91.56311260876907,6.873651545669817,91,,
2018,2,9,5,0,14,-102,63.5,11.5,36,56.0,0,8.000000000000004,0,1017.8,90.0,6.388671875,80,,
2018,2,9,6,0,14.7,-93,73.9,12,77,448.0,0,102.0754606612922,0,1018.2,87.92023874672702,6.88881517720352,69,,
2018,2,9,7,0,15.9,-82,66.7,12.4,176,647.0,0,296.15017270088515,0,1018.5,87.29487598447906,7.097264247014226,58,,
2018,2,9,8,0,17.1,-70,63.5,12.7,251,750.0,0,505.6428532761181,0,1018.8,92.54798517161588,7.029410634520747,47,,
2018,2,9,9,0,17.7,-54,57.8,12.9,356,811.0,1,696.9524960073435,0,1018.9,102.17501618444072,6.329871796067506,37,,
2018,2,9,10,0,17.8,-31,39.1,12.9,504,912.0,66,850.5995740596311,0,1018.8,111.60874007047532,5.891598734830471,30,,
2018,2,9,11,0,18,-1,21.7,12.8,465,917.0,290,949.8763938546264,0,1018.7,107.41302823251146,4.3417967994954205,26,,
2018,2,9,12,0,18.1,29,6.1,12.7,225,907.0,654,992.0545246728516,0,1018.5,86.6003233617862,3.684707141623607,29,,
2018,2,9,13,0,18.4,52,7.6,12.4,231,883.0,558,973.7415668165652,0,1018.4,65.46290878535848,5.643164287687676,36,,
2018,2,9,14,0,18.6,69,23.2,12.1,358,841.0,196,893.610389258598,0,1018.2,76.2374418020321,6.098928671899647,46,,
2018,2,9,15,0,18.4,81,21.2,11.9,288,778.0,127,757.3983497568743,0,1018.1,80.01521668970747,5.484435344700969,57,,
2018,2,9,16,0,18,92,6.2,11.8,130,682.0,175,571.3888300650763,0,1018,74.8609903262161,5.2303470942143,68,,
2018,2,9,17,0,17.6,101,13.5,11.7,62,524.0,66,349.6254275571497,0,1017.9,76.43311232397639,5.02372322041212,80,,
2018,2,9,18,0,17.1,111,7.5,11.6,20,249.0,0,120.9605749613294,0,1018,79.98974304525893,4.981846242660624,90,,
2018,2,9,19,0,16.4,121,0,11.4,0,6.0,0,1.5551333188418086,0,1018.2,88.10457987788067,5.39577449363922,101,,
2018,2,9,20,0,15.7,133,0,11.1,0,0.0,0,0.0,0,1018.4,95.4168529321356,5.6767180444862335,110,,
2018,2,9,21,0,15.4,147,0,11,0,0.0,0,0.0,0,1018.2,114.55424003906728,5.059598986336972,117,,
2018,2,9,22,0,15.3,162,0,11,0,0.0,0,0.0,0,1017.8,140.99541039513832,3.8080626288571136,122,,
2018,2,9,23,0,15.2,179,0,11,0,0.0,0,0.0,0,1017.3,187.956462868285,3.645690815274449,124,,
2018,2,10,0,0,15.2,-164,0,11,0,0.0,0,0.0,0,1017,216.6975684282273,5.438501161727578,122,,
2018,2,10,1,0,15.2,-148,0,11,0,0.0,0,0.0,0,1016.7,220.83099762492003,9.888025005354097,118,,
2018,2,10,2,0,15.1,-134,0,11,0,0.0,0,0.0,0,1016.4,221.5082931252149,10.56423748837938,110,,
2018,2,10,3,0,15.3,-122,0,11.1,0,0.0,0,0.0,0,1016.3,218.16459597739205,10.874309367140706,102,,
2018,2,10,4,0,15.5,-112,0.4,11.3,10,0.0,2,0.0,0,1016.4,217.849783299434,11.489375514032677,91,,
2018,2,10,5,0,15.8,-102,20,11.5,83,57.0,3,7.000000000000004,0,1016.5,219.14509325281136,11.853045220562922,81,,
2018,2,10,6,0,16.6,-92,19.3,11.8,160,368.0,99,87.89576824920469,0,1016.5,221.45736042400048,12.158678062385375,70,,
2018,2,10,7,0,17.8,-82,26.1,12.1,307,491.0,61,252.8054902951986,0,1016.4,223.2624429108368,11.967622614221051,58,,
2018,2,10,8,0,19.1,-70,32.2,12.5,434,678.0,35,461.3644862542008,0,1016.3,230.11267814370183,11.479880864010337,47,,
2018,2,10,9,0,19.9,-54,31.2,12.8,512,849.0,58,682.1249657672631,0,1016,238.46195904145952,11.675762997125146,37,,
2018,2,10,10,0,20.4,-31,28.8,13,539,820.0000000000001,115,827.6659223068406,0,1015.5,244.5579669162356,11.202908975388551,30,,
2018,2,10,11,0,20.9,-1,51.8,13.2,405,829.0000000000001,52,926.3002145194264,0,1015,251.94570502140544,10.156570599704354,27,,
2018,2,10,12,0,21.2,29,61.6,13.5,354,816.0000000000001,0,964.2230181209676,0,1014.6,267.46465062014187,9.393472427053986,29,,
2018,2,10,13,0,21.4,52,61.9,13.7,320,267.0,0,643.52925180533,0,1014.2,267.53603281797365,9.665430257434425,37,,
2018,2,10,14,0,21.6,69,65,13.9,246,87.0,0,415.4970548130541,0,1013.9,300.33788617269715,9.828007956628136,46,,
2018,2,10,15,0,21.3,81,70.3,14.3,158,157.0,0,417.3208355294155,0,1013.7,326.23115347447845,10.440385742209196,57,,
2018,2,10,16,0,20.7,91,67.3,14.6,100,81.0,0,251.4115035870288,0,1013.5,358.5942372477944,6.359091646972277,69,,
2018,2,10,17,0,20,101,53.3,15,52,94.0,0,169.23604895132115,0,1013.4,348.4627637006742,4.598279659557822,80,,
2018,2,10,18,0,19.4,111,17,15.2,12,21.0,0,41.83046968390826,0,1013.3,340.7586839888682,6.204499853827525,91,,
2018,2,10,19,0,18.7,121,0,15.3,0,0.0,0,0.0,0,1013.2,347.9768882695497,9.709075380925952,101,,
2018,2,10,20,0,18.1,133,0,15.5,0,0.0,0,0.0,0,1013.2,6.754787104019442,9.944516820610176,110,,
2018,2,10,21,0,17.6,146,0,15.7,0,0.0,0,0.0,0,1012.8,48.521239067491024,9.92202466716672,117,,
2018,2,10,22,0,17.4,162,0,15.9,0,0.0,0,0.0,0,1012.1,59.74365667613807,10.729946844506118,122,,
2018,2,10,23,0,17.1,179,0,16.1,0,0.0,0,0.0,0,1011.4,59.85948288108381,11.68283036983032,124,,
2018,2,11,0,0,17,-164,0.6,16.3,0,0.0,0,0.0,0,1010.8,59.77952334071961,12.15200711271145,122,,
2018,2,11,1,0,17,-148,32.8,16.4,0,0.0,0,0.0,0,1010.2,54.919502589036085,12.498721901402028,118,,
2018,2,11,2,0,17,-134,18.4,16.6,0,0.0,0,0.0,0,1009.7,55.52652405026362,12.683113584837091,111,,
2018,2,11,3,0,17.1,-122,0,16.8,0,0.0,0,0.0,0,1009.4,60.33481734976982,13.95446621599044,102,,
2018,2,11,4,0,17.4,-111,0.8,16.9,8,0.0,1,0.0,0,1009.2,64.44191125646074,13.742694537430712,92,,
2018,2,11,5,0,17.7,-102,42.2,17.1,42,15.0,1,5.000000000000001,0,1008.9,68.58683718443581,13.207068094892085,81,,
2018,2,11,6,0,18.5,-92,71,17.3,84,245.0,0,83.01766744853856,0,1008.8,69.61126860273299,12.58377717063792,70,,
2018,2,11,7,0,19.7,-82,66.7,17.4,174,381.0,0,238.6190057486138,0,1008.7,68.56337414435575,11.59272886288081,58,,
2018,2,11,8,0,20.9,-70,57.9,17.5,291,514.0,0,426.44706396810864,0,1008.6,67.60759802872599,11.6607552021513,48,,
2018,2,11,9,0,21.5,-54,54.8,17.2,372,683.0,0,636.294210436085,0,1008.5,67.94623958293812,11.497762985962687,38,,
2018,2,11,10,0,21.5,-31,55.4,16.6,405,871.0,1,834.5695708355291,0,1008.4,68.03033700373447,11.038402316255494,30,,
2018,2,11,11,0,21.5,-1,40.4,15.9,518,905.0,44,948.0809221384612,0,1008.3,67.3427989962031,10.778604301685368,27,,
2018,2,11,12,0,21.2,28,59.6,15.4,348,891.0,25,988.3073054200826,0,1008.3,65.49993230083123,10.3568380134801,30,,
2018,2,11,13,0,20.5,52,65.2,14.9,281,862.0,0,966.647041834178,0,1008.5,60.06404048910997,10.324192715343914,37,,
2018,2,11,14,0,19.9,68,73.6,14.4,186,818.0000000000001,1,884.9001231180874,0,1008.6,58.00775913076188,10.154008767717787,47,,
2018,2,11,15,0,19.1,81,44.2,14,213,751.0,43,744.9207675204053,0,1009.1,56.73613010871992,10.149831806748342,58,,
2018,2,11,16,0,18.2,91,58.3,13.7,131,642.0,24,552.6780881576819,0,1009.7,60.01724381331849,10.014498157759313,69,,
2018,2,11,17,0,17.3,101,70.2,13.4,32,458.0,0,323.21366065888697,0,1010.3,60.51772449182244,9.533877392076914,80,,
2018,2,11,18,0,16.5,110,23.7,12.9,8,219.0,0,110.05521966483433,0,1010.8,54.85582780892929,9.12840786423472,91,,
2018,2,11,19,0,15.8,121,0,12.3,0,2.0,0,1.1707543685678512,0,1011.3,50.82692916843229,9.576779369027896,101,,
2018,2,11,20,0,15.2,133,0,11.6,0,0.0,0,0.0,0,1011.7,49.93895220406114,9.239815776070111,110,,
2018,2,11,21,0,14.7,146,0,11.1,0,0.0,0,0.0,0,1012.2,48.96095123876137,8.547129430244109,117,,
2018,2,11,22,0,14.3,162,0,10.6,0,0.0,0,0.0,0,1012.6,52.14769883201859,6.97734397364522,122,,
2018,2,11,23,0,14,179,0,10.2,0,0.0,0,0.0,0,1013.1,46.652776166118656,6.452271569002201,124,,
2018,2,12,0,0,13.7,-164,0,9.6,0,0.0,0,0.0,0,1013.5,34.11262835207481,6.885999324997983,123,,
2018,2,12,1,0,13.4,-148,0,8.9,0,0.0,0,0.0,0,1014,24.746386316191945,7.678778267606097,118,,
2018,2,12,2,0,13.1,-134,0,8.1,0,0.0,0,0.0,0,1014.5,23.91715337166164,8.08271327213163,111,,
2018,2,12,3,0,12.9,-122,0,7.6,0,0.0,0,0.0,0,1015.2,20.962850837030203,7.936424197485584,102,,
2018,2,12,4,0,12.8,-111,0,7.2,6,0.0,6,0.0,0,1015.9,23.044570581740345,8.097334082930237,92,,
2018,2,12,5,0,12.7,-101,0.8,6.7,32,17.0,102,5.000000000000001,0,1016.6,21.897677250782976,8.391573296491229,81,,
2018,2,12,6,0,13.7,-92,1.7,6.6,61,138.0,271,67.83001807504637,0,1017,20.3362444900269,7.746517910407934,70,,
2018,2,12,7,0,15.4,-81,24.2,6.6,263,161.0,135,177.14550744300314,0,1017.2,15.793352300154652,7.595066576509573,59,,
2018,2,12,8,0,17.2,-69,48.5,6.6,359,183.0,10,298.17268274197187,0,1017.3,19.1294387254502,8.146628792616056,48,,
2018,2,12,9,0,18.2,-53,36.5,7.1,422,114.0,139,350.1336241802542,0,1017.2,15.74302803150124,8.687707435409235,38,,
2018,2,12,10,0,18.7,-31,49.9,8,396,56.0,78,363.70368192770735,0,1017,14.861342255494662,9.103845989303164,30,,
2018,2,12,11,0,19.1,-1,80.2,8.8,194,39.0,0,365.2183462226009,0,1016.8,10.703302546665668,9.759144150797525,27,,
2018,2,12,12,0,19.3,28,64.3,9.4,332,46.0,0,399.4739759949563,0,1016.7,17.03523996630082,8.96027287660014,30,,
2018,2,12,13,0,19.4,51,49,9.7,435,100.0,0,489.4436202016588,0,1016.6,42.549379651519416,8.938850867612244,37,,
2018,2,12,14,0,19.5,68,45.4,10,386,182.0,0,526.7861963571816,0,1016.5,63.37180241460135,9.114166203717664,47,,
2018,2,12,15,0,19.2,80,39,10.4,320,325.0,0,536.1221801305066,0,1016.5,63.983747670794855,8.743121144174381,58,,
2018,2,12,16,0,18.5,91,48.8,10.7,175,504.0,0,499.6758563861608,0,1016.7,58.63063133097609,8.250687140690307,69,,
2018,2,12,17,0,17.8,100,38.7,11.1,66,382.0,0,299.25527957821754,0,1016.9,53.96783319237659,7.938397341790581,80,,
2018,2,12,18,0,17.1,110,10.5,11.2,15,144.0,0,89.98331404161951,0,1017.2,48.32799873390576,7.339287859141037,91,,
2018,2,12,19,0,16.4,121,0,11.2,0,1.0,0,1.081683253743692,0,1017.5,39.86493289460225,7.090202326678786,101,,
2018,2,12,20,0,15.6,132,0,11.1,0,0.0,0,0.0,0,1017.8,46.07887700995639,6.197950573569335,110,,
2018,2,12,21,0,15.2,146,0,10.9,0,0.0,0,0.0,0,1017.7,42.37043277008991,5.505036524314532,118,,
2018,2,12,22,0,14.9,162,0,10.5,0,0.0,0,0.0,0,1017.4,37.573401381636415,4.788105064632422,123,,
2018,2,12,23,0,14.7,179,0,10.1,0,0.0,0,0.0,0,1017,40.81735292479971,4.2415078533747,125,,
2018,2,13,0,0,14.6,-163,0,9.8,0,0.0,0,0.0,0,1016.6,52.51089838127166,4.15224443031593,123,,
2018,2,13,1,0,14.5,-147,0,9.7,0,0.0,0,0.0,0,1016.3,58.79568435895368,3.6798410646827993,118,,
2018,2,13,2,0,14.4,-134,0,9.6,0,0.0,0,0.0,0,1016,54.54862842722844,3.7870492600877865,111,,
2018,2,13,3,0,14.5,-121,0,9.7,0,0.0,0,0.0,0,1016.1,51.24478972737114,3.3661287860457385,102,,
2018,2,13,4,0,14.6,-111,0.8,9.9,6,0.0,0,0.0,0,1016.4,62.82277826245172,2.248206430402196,92,,
2018,2,13,5,0,14.9,-101,42.9,10.1,38,6.0,0,4.0,0,1016.7,159.7535963615469,0.9940356066081044,81,,
2018,2,13,6,0,15.6,-92,43.5,10.4,177,54.0,1,54.47661338306025,0,1016.8,198.5316180132237,4.255570190464422,70,,
2018,2,13,7,0,16.8,-81,25.7,10.7,307,106.0,54,163.73830386921878,0,1016.7,213.7404595794008,2.001715520389112,59,,
2018,2,13,8,0,18.1,-69,34.9,11.1,392,263.0,30,345.041778171396,0,1016.5,250.84586482101645,2.448024282051407,48,,
2018,2,13,9,0,18.8,-53,43.6,11.4,447,481.0,0,563.7808001896894,0,1016.2,266.08805125430683,2.2151220103129,38,,
2018,2,13,10,0,19.1,-30,38.1,11.8,545,718.0,0,774.811074643057,0,1015.6,301.52644459394105,3.2786031037996066,31,,
2018,2,13,11,0,19.3,-1,43.2,12.1,516,796.0,0,901.3963245141184,0,1015,311.2471185565282,4.773885527967121,28,,
2018,2,13,12,0,19.5,28,53.6,12.4,412,761.0,0,927.537842442472,0,1014.5,312.99679880539145,6.415355821472796,30,,
2018,2,13,13,0,19.7,51,47.1,12.7,419,731.0,1,902.5568387310312,0,1014.1,319.1840990963063,7.656676712601111,37,,
2018,2,13,14,0,19.8,68,32.6,12.9,415,690.0000000000001,28,822.3361618636746,0,1013.8,322.1514493099759,7.101280017937736,47,,
2018,2,13,15,0,19.6,80,35.5,13.1,308,632.0,15,687.9420682301596,0,1013.6,322.6829620164142,5.950230022199585,58,,
2018,2,13,16,0,19,90,48.7,13.2,159,445.0,0,463.9261161190237,0,1013.6,317.6676251486249,5.018542389001899,69,,
2018,2,13,17,0,18.4,100,56.7,13.2,51,96.0,0,165.219910193177,0,1013.7,302.8384214891624,5.334635686063554,80,,
2018,2,13,18,0,17.8,110,32.2,13.5,7,31.0,0,45.28074623848553,0,1013.8,291.36037643393047,5.306664448201293,91,,
2018,2,13,19,0,17.1,120,59.4,13.9,0,0.0,0,0.0,0,1013.9,271.10084749742043,6.264828186548617,102,,
2018,2,13,20,0,16.5,132,83.1,14.3,0,0.0,0,0.0,0,1014,259.13508444696737,8.433152420914237,111,,
2018,2,13,21,0,16.3,146,83.1,14.3,0,0.0,0,0.0,0,1013.8,246.97157676472847,9.552488948997327,118,,
2018,2,13,22,0,16.4,162,83.1,14,0,0.0,0,0.0,0,1013.4,244.85344334213733,10.505969689310046,123,,
2018,2,13,23,0,16.5,179,83.1,13.6,0,0.0,0,0.0,0,1012.9,244.0340536612196,11.29822007820601,125,,
2018,2,14,0,0,16.6,-163,83.2,13.6,0,0.0,0,0.0,0,1012.5,243.1884398162901,11.521315867486226,123,,
2018,2,14,1,0,16.6,-147,89.6,13.7,0,0.0,0,0.0,0,1012.2,239.05158401498105,12.3540534295183,119,,
2018,2,14,2,0,16.5,-133,93.2,13.9,0,0.0,0,0.0,0,1012,240.01625041072407,12.587727192719663,112,,
2018,2,14,3,0,16.4,-121,94.7,14.2,0,0.0,0,0.0,0,1011.9,232.7063710330461,14.479204551272147,103,,
2018,2,14,4,0,16.3,-111,96.9,14.4,0,0.0,0,0.0,0,1011.9,236.61470128853043,14.944817895277543,92,,
2018,2,14,5,0,16.2,-101,86.5,14.7,18,9.0,0,4.000000000000001,0,1012,253.2711595029197,13.445254428257122,82,,
2018,2,14,6,0,16.5,-91,84.7,15,38,6.0,0,21.25348193552145,0,1011.8,285.1085952189767,15.2975820800735,70,,
2018,2,14,7,0,17.2,-81,89.5,15.5,47,10.0,0,65.2982544467326,0,1011.2,342.8557529536158,16.249629531818872,59,,
2018,2,14,8,0,17.9,-69,91.8,16,52,270.0,0,339.07651831189736,0,1010.7,349.6819616176898,18.968364259169352,48,,
2018,2,14,9,0,18.5,-53,94.1,16.1,46,303.0,0,476.5681701305315,0,1010.1,9.92213957687153,19.37995744624992,38,,
2018,2,14,10,0,18.9,-30,92.1,16,71,18.0,0,255.9790669362209,0,1009.4,16.439424740482934,20.27132963861527,31,,
2018,2,14,11,0,19.3,-1,80.9,15.9,178,74.0,0,454.7222500785808,0,1008.8,13.222055943210703,21.25610662819692,28,,
2018,2,14,12,0,19.5,28,71.3,15.9,258,228.0,0,646.3740978063188,0,1008.4,12.76414047642129,20.4892439769678,31,,
2018,2,14,13,0,19.7,51,75.8,15.9,201,333.0,0,703.7047029368061,0,1008.2,14.605023433788745,19.528988113655984,38,,
2018,2,14,14,0,19.9,67,85.7,16,100,472.0,0,723.5913175391745,0,1008.1,12.976984046728376,19.50323269103308,47,,
2018,2,14,15,0,19.8,80,70.6,16.1,136,528.0,0,649.8676078847418,0,1008,11.88528642468009,19.444439612077687,58,,
2018,2,14,16,0,19.4,90,55.5,16.3,134,432.0,0,467.57506123857024,0,1008,11.755991491948691,19.34847728358876,69,,
2018,2,14,17,0,19.1,100,19.8,16.5,57,257.0,20,248.82198167659917,0,1008,11.144343351862744,18.45567790241818,81,,
2018,2,14,18,0,18.8,110,33.6,16.6,10,78.0,11,66.54780513235656,0,1008.2,9.755845510169934,16.625186160845097,92,,
2018,2,14,19,0,18.5,120,52,16.7,0,0.0,0,0.0,0,1008.6,3.6399850411480656,15.120591177209745,102,,
2018,2,14,20,0,18.2,132,51.4,16.8,0,0.0,0,0.0,0,1009,2.8852643910129814,14.54578291689308,111,,
2018,2,14,21,0,18,146,50.8,16.8,0,0.0,0,0.0,0,1008.9,1.935292952266309,13.620073530247932,118,,
2018,2,14,22,0,17.9,162,18.3,16.7,0,0.0,0,0.0,0,1008.5,357.0742725693341,14.693957690706476,123,,
2018,2,14,23,0,17.7,179,0,16.7,0,0.0,0,0.0,0,1008.1,355.8348088275888,14.628480676386529,125,,
2018,2,15,0,0,17.6,-163,0,16.6,0,0.0,0,0.0,0,1007.8,353.1891516076061,14.756479165714431,124,,
2018,2,15,1,0,17.6,-147,0,16.4,0,0.0,0,0.0,0,1007.5,347.43137159862465,14.669157810499255,119,,
2018,2,15,2,0,17.5,-133,0,16.3,0,0.0,0,0.0,0,1007.3,344.8206446776024,14.816747629792276,112,,
2018,2,15,3,0,17.6,-121,0.5,16.3,0,0.0,0,0.0,0,1007.3,349.6390228959012,15.067960928434628,103,,
2018,2,15,4,0,17.7,-110,25.9,16.4,4,0.0,0,0.0,0,1007.4,349.6192051358421,15.386366699483403,93,,
2018,2,15,5,0,17.9,-101,48.1,16.5,52,1.0,0,1.0,0,1007.6,349.7057010186681,15.064765809220583,82,,
2018,2,15,6,0,18.6,-91,59.9,16.6,112,3.0,0,15.115940885203596,0,1007.6,350.8362985771787,14.801207219405034,71,,
2018,2,15,7,0,19.7,-81,54,16.8,231,4.0,0,46.90505981478953,0,1007.5,352.8243855530901,14.367655084249908,59,,
2018,2,15,8,0,20.8,-68,68.3,17,198,5.0,0,84.05887138017773,0,1007.4,353.6477479182778,13.96120354218002,48,,
2018,2,15,9,0,21.3,-52,77,17.1,186,9.0,0,157.21660491724754,0,1007.2,348.4886993089567,12.438177706115727,39,,
2018,2,15,10,0,21.3,-30,80.7,17,171,12.0,0,231.6173998312128,0,1006.9,342.1149431727984,12.35614992544027,31,,
2018,2,15,11,0,21.2,-1,78.8,16.9,197,21.0,0,319.17248958538886,0,1006.5,343.2516200891899,13.524904979153437,28,,
2018,2,15,12,0,21,28,54.7,16.9,404,19.0,0,322.5614859054001,0,1006.1,352.351697845235,13.919240006453444,31,,
2018,2,15,13,0,20.8,50,49.7,16.9,412,12.0,0,262.5141055008892,0,1005.5,354.1171214832107,14.025034863977735,38,,
2018,2,15,14,0,20.6,67,52.3,16.8,321,5.0,0,159.154836895307,0,1004.9,2.6245010444833383,13.260002429672094,48,,
2018,2,15,15,0,20.2,79,50,16.8,245,5.0,0,136.69552376313035,0,1004.4,17.662095638361336,13.817075139949546,58,,
2018,2,15,16,0,19.7,90,64.4,16.8,113,7.0,0,111.24796523981884,0,1004,21.39629844887321,14.183334673903133,70,,
2018,2,15,17,0,19.2,100,46.9,16.7,38,9.0,0,75.98935175439962,0,1003.5,26.80864946473372,14.560886559723226,81,,
2018,2,15,18,0,18.9,109,11.9,16.7,10,17.0,0,38.41420759900055,0,1003.2,26.99818764085694,14.5152036710432,92,,
2018,2,15,19,0,18.8,120,18.1,16.8,0,0.0,0,0.0,0,1002.9,24.16573867383471,13.40282723053136,102,,
2018,2,15,20,0,18.8,132,29.2,16.9,0,0.0,0,0.0,0,1002.6,28.510257905902392,12.589722947911994,111,,
2018,2,15,21,0,18.8,146,41.9,17,0,0.0,0,0.0,0,1002.4,26.520914830411755,12.89801077596058,119,,
2018,2,15,22,0,18.8,162,43.9,17.2,0,0.0,0,0.0,0,1002.4,25.12922214982644,13.0676314140216,124,,
2018,2,15,23,0,18.7,179,40.6,17.3,0,0.0,0,0.0,0,1002.4,26.63544504124701,12.885788177720393,126,,
2018,2,16,0,0,18.4,-163,39.5,17.3,0,0.0,0,0.0,0,1002.3,26.890580947754074,13.010020330432983,124,,
2018,2,16,1,0,18,-147,14.6,17,0,0.0,0,0.0,0,1002.1,21.11691932061376,12.28047926379526,119,,
2018,2,16,2,0,17.5,-133,27.8,16.8,0,0.0,0,0.0,0,1002,20.40833136334294,12.38037137780239,112,,
2018,2,16,3,0,17.1,-121,15.5,16.3,0,0.0,0,0.0,0,1002.2,19.511265803043045,12.243865182382509,103,,
2018,2,16,4,0,17,-110,0.4,15.6,4,0.0,0,0.0,0,1002.7,15.983516627507584,12.04651741753856,93,,
2018,2,16,5,0,16.8,-100,20.1,14.9,71,2.0,4,2.0,0,1003.2,14.0815726153009,12.34936602834,82,,
2018,2,16,6,0,17.2,-91,11.2,14.5,90,51.0,187,53.78836470216159,0,1003.8,13.348932162954384,12.375121920399264,71,,
2018,2,16,7,0,18,-80,0.1,14.3,91,52.0,405,137.58036443470033,0,1004.2,15.86882343538258,13.274186645885688,60,,
2018,2,16,8,0,18.8,-68,3.4,14,145,203.0,507,330.9129623647831,0,1004.7,16.009342962184803,14.212333491095658,49,,
2018,2,16,9,0,19.1,-52,40.5,13.5,277,175.0,197,433.886006158021,0,1005,16.782964571425964,14.59531452198135,39,,
2018,2,16,10,0,19,-30,30.1,12.9,336,252.0,313,563.2160286230743,0,1005.2,19.09110656622932,14.919193032793686,32,,
2018,2,16,11,0,18.8,-1,13.8,12.2,349,242.0,471,623.1966321923732,0,1005.3,23.207360876635,14.659837661887783,29,,
2018,2,16,12,0,18.6,27,28,11.9,479,143.0,188,561.2402832860416,0,1005.4,25.170855871987555,14.611046459847072,31,,
2018,2,16,13,0,18.5,50,38.4,12,497,151.0,18,552.8673826629484,0,1005.6,23.333069829081296,13.740153276520008,38,,
2018,2,16,14,0,18.4,67,16.8,12,258,279.0,308,601.0069297302961,0,1005.7,20.392503862031447,12.683843080955976,48,,
2018,2,16,15,0,18,79,1.4,12.1,99,319.0,409,529.7699203660436,0,1006.1,17.573433500866827,12.77516210736854,59,,
2018,2,16,16,0,17.6,90,3.8,12.1,84,178.0,222,327.42161705402594,0,1006.6,18.343447890684047,12.327571515614869,70,,
2018,2,16,17,0,17.1,99,4.1,12.1,51,71.0,63,149.21572981391236,0,1007.1,17.64178340345859,11.622792885565604,81,,
2018,2,16,18,0,16.5,109,1.7,12.1,11,12.0,7,30.06960118891224,0,1007.5,15.797002259716637,10.64343375051448,92,,
2018,2,16,19,0,16,120,30.2,12,0,0.0,0,0.0,0,1007.9,15.0818465290036,10.500355354040668,102,,
2018,2,16,20,0,15.5,132,16.9,11.9,0,0.0,0,0.0,0,1008.2,10.866226585528976,10.183070679675836,112,,
2018,2,16,21,0,15.2,145,0,11.9,0,0.0,0,0.0,0,1008.4,4.6509199666883205,9.800581801184087,119,,
2018,2,16,22,0,15,162,0,11.9,0,0.0,0,0.0,0,1008.4,2.6983341949655824,8.442710514448772,124,,
2018,2,16,23,0,14.8,179,0,12,0,0.0,0,0.0,0,1008.4,353.303118086004,7.695819140956276,126,,
2018,2,17,0,0,14.7,-163,0,12,0,0.0,0,0.0,0,1008.4,346.8768212712644,8.08191531850894,124,,
2018,2,17,1,0,14.7,-147,0,12,0,0.0,0,0.0,0,1008.3,343.4944137973605,8.516728495922717,120,,
2018,2,17,2,0,14.7,-133,0,11.9,0,0.0,0,0.0,0,1008.2,339.3633593435984,8.816184568850595,112,,
2018,2,17,3,0,14.7,-121,0,12,0,0.0,0,0.0,0,1008.3,337.57510490855884,9.128264238522531,103,,
2018,2,17,4,0,14.8,-110,0.2,12,3,0.0,1,0.0,0,1008.5,336.2546553177109,9.379476292392969,93,,
2018,2,17,5,0,15,-100,9.6,12.1,62,1.0,26,1.0,0,1008.8,338.2224607592555,10.12021546581608,82,,
2018,2,17,6,0,15.8,-90,22.8,12.4,179,18.0,37,34.5671254079102,0,1008.9,335.40405619098635,9.87903451289502,71,,
2018,2,17,7,0,17.1,-80,19.4,12.8,237,21.0,160,94.601709215973,0,1008.9,332.11765990172654,9.54620950879826,60,,
2018,2,17,8,0,18.4,-68,52.7,13.3,209,51.0,83,210.65960696455457,0,1008.9,331.84404301414554,9.631142458355535,49,,
2018,2,17,9,0,19.2,-52,58,13.4,348,72.0,0,322.280437675032,0,1008.8,326.2256413244972,9.941752324703888,39,,
2018,2,17,10,0,19.5,-29,59.5,13.3,362,73.0,0,415.9860864096253,0,1008.5,328.92223403124683,11.467776361137147,32,,
2018,2,17,11,0,19.8,-1,50.3,13.2,464,55.0,0,430.6569390800024,0,1008.2,331.07324432877266,11.721690032911196,29,,
2018,2,17,12,0,19.9,27,40.5,13.2,533,56.0,4,449.4912839381032,0,1008,331.31359289915326,11.597833734209766,32,,
2018,2,17,13,0,19.9,50,24.2,13.2,404,71.0,209,464.794753559662,0,1007.7,334.87963599962086,11.883215995824992,39,,
2018,2,17,14,0,19.9,66,5.5,13.3,189,54.0,446,383.54587623292974,0,1007.4,337.0880560130663,12.315646050412692,48,,
2018,2,17,15,0,19.6,79,0,13.4,98,35.0,402,273.64546518635314,0,1007.4,338.2217200741948,12.802688156265646,59,,
2018,2,17,16,0,19,89,0.5,13.5,78,32.0,222,194.20155621076157,0,1007.7,341.04149354879286,12.504489092603544,70,,
2018,2,17,17,0,18.4,99,24.2,13.6,44,13.0,56,85.66761170643048,0,1008.1,343.2146371604912,12.119649711939283,81,,
2018,2,17,18,0,17.8,109,46.8,13.7,11,3.0,0,15.755572772816372,0,1008.6,351.5038107425187,11.542441795959196,92,,
2018,2,17,19,0,17.2,119,51.9,13.7,0,0.0,0,0.0,0,1009.1,358.4465249054075,9.87911927041427,103,,
2018,2,17,20,0,16.6,131,51.1,13.7,0,0.0,0,0.0,0,1009.6,0.942824019871523,8.961662509260536,112,,
2018,2,17,21,0,16.1,145,18.3,13.4,0,0.0,0,0.0,0,1009.9,4.196701441466757,8.60388020014701,119,,
2018,2,17,22,0,15.6,161,0,13,0,0.0,0,0.0,0,1009.9,6.775575414589639,8.515282195304467,124,,
2018,2,17,23,0,15.2,179,0,12.5,0,0.0,0,0.0,0,1009.8,10.603814027593728,8.516281277626975,126,,
2018,2,18,0,0,14.9,-163,0,12.1,0,0.0,0,0.0,0,1009.8,9.457053509494472,6.983585526397196,125,,
2018,2,18,1,0,14.6,-147,0,11.9,0,0.0,0,0.0,0,1009.8,357.18163216861467,7.169805223913167,120,,
2018,2,18,2,0,14.4,-132,0,11.7,0,0.0,0,0.0,0,1009.9,357.1815854613153,6.8121952067445815,113,,
2018,2,18,3,0,14.4,-120,0,11.6,0,0.0,0,0.0,0,1010.1,2.350184787946887,6.644260623002336,104,,
2018,2,18,4,0,14.4,-110,0,11.5,2,0.0,1,0.0,0,1010.5,11.100632669832637,6.9336805096423255,93,,
2018,2,18,5,0,14.4,-100,2.4,11.5,39,1.0,62,1.0,0,1011,20.563690556844563,7.066730793363584,82,,
2018,2,18,6,0,15.3,-90,1.4,11.7,67,3.0,225,16.08391900968407,0,1011.4,28.34722834449593,6.543991824202397,71,,
2018,2,18,7,0,16.8,-80,0,12.2,80,4.0,418,49.86221771707191,0,1011.8,56.46904411572388,5.77880388009089,60,,
2018,2,18,8,0,18.3,-67,0,12.6,90,8.0,591,112.2138452377559,0,1012.3,58.17856034701799,4.707569044106205,49,,
2018,2,18,9,0,19.3,-51,0,12.8,93,75.0,733,339.7624847402948,0,1012.4,58.90268711422056,4.598318306729103,40,,
2018,2,18,10,0,20,-29,0,12.6,95,72.0,824,405.0553489452993,0,1012.2,64.37880832924043,4.480605079286265,32,,
2018,2,18,11,0,20.5,-1,0,12.4,96,40.0,856,381.3593672394824,0,1012,67.32705178975414,4.378401067826005,29,,
2018,2,18,12,0,20.9,27,0,12.4,96,52.0,828,429.874177782683,0,1011.7,69.0870189958481,4.903336273270709,32,,
2018,2,18,13,0,21,49,0.1,12.5,95,9.0,739,225.8060575999415,0,1011.4,70.42146601623648,5.036559780115618,39,,
2018,2,18,14,0,21.1,66,4.2,12.6,143,7.0,523,181.7525525213737,0,1011.1,88.39337632435831,5.8951397601313085,48,,
2018,2,18,15,0,20.7,79,5.6,12.9,142,6.0,340,134.3765234821217,0,1011.1,100.01389070216284,6.854422847594366,59,,
2018,2,18,16,0,20,89,2.2,13.3,84,4.0,215,81.38609001860631,0,1011.3,101.63927229289412,7.1469615809271465,70,,
2018,2,18,17,0,19.3,99,17.3,13.8,44,3.0,62,42.29659587335358,0,1011.5,100.2733907193686,7.159458378206809,82,,
2018,2,18,18,0,18.6,109,10.4,14.1,12,2.0,0,12.495672700622462,0,1011.9,96.40976630912274,8.437017949780492,93,,
2018,2,18,19,0,17.9,119,36.2,14.3,0,0.0,0,0.0,0,1012.5,99.33069376345064,10.849358380811106,103,,
2018,2,18,20,0,17.2,131,52.7,14.4,0,0.0,0,0.0,0,1013.1,101.58210887721248,11.76245647233861,112,,
2018,2,18,21,0,16.8,145,54,14.6,0,0.0,0,0.0,0,1013.3,104.9678450427387,11.650414737187235,120,,
2018,2,18,22,0,16.6,161,20.4,14.8,0,0.0,0,0.0,0,1013.1,105.37567474675706,11.112837910315104,125,,
2018,2,18,23,0,16.5,179,14.8,14.9,0,0.0,0,0.0,0,1012.9,104.09286452093306,10.725397173100845,127,,
2018,2,19,0,0,16.5,-163,21.7,15,0,0.0,0,0.0,0,1012.7,103.65868471430088,10.360629188484744,125,,
2018,2,19,1,0,16.6,-146,7.6,15.1,0,0.0,0,0.0,0,1012.4,106.92704200183964,11.116368108752722,120,,
2018,2,19,2,0,16.7,-132,0,15.2,0,0.0,0,0.0,0,1012.1,107.34761278051452,11.843148493024035,113,,
2018,2,19,3,0,16.9,-120,0.1,15.3,0,0.0,0,0.0,0,1012,109.73431616022684,11.701660617229056,104,,
2018,2,19,4,0,17,-109,3.4,15.3,1,0.0,0,0.0,0,1012.1,112.64910194109842,10.967380484374788,94,,
2018,2,19,5,0,17.1,-100,39.5,15.2,38,4.0,0,2.0000000000000004,0,1012.1,116.28397801757932,10.616428218972937,83,,
2018,2,19,6,0,17.5,-90,66,15.3,86,69.0,0,52.68824271860098,0,1012,122.1106118059779,9.440803192916755,71,,
2018,2,19,7,0,18.1,-79,81,15.6,80,192.0,0,188.6993661244256,0,1011.8,127.37923719670896,7.832682537292031,60,,
2018,2,19,8,0,18.8,-67,83,15.8,111,533.0,0,425.3254783306616,0,1011.5,125.37043715559554,5.075468454209753,49,,
2018,2,19,9,0,19.2,-51,86.1,15.9,106,691.0000000000001,0,636.7780419563744,0,1011,116.00486079930072,3.2385227679297004,40,,
2018,2,19,10,0,19.5,-29,77,16,202,894.0,0,808.194868137948,0,1010.3,126.55628293256832,3.050875780738877,33,,
2018,2,19,11,0,19.7,-1,76.3,16.1,213,901.0,0,909.1893153994604,0,1009.6,115.586159650877,3.246593790295505,30,,
2018,2,19,12,0,19.8,27,76.9,16.3,200,889.0,0,950.505037698735,0,1009,96.10574066104148,4.579199114879203,32,,
2018,2,19,13,0,19.7,49,74.4,16.6,201,882.0,0,941.2838704611136,0,1008.4,92.5401314668124,6.246860669392974,39,,
2018,2,19,14,0,19.6,66,78,16.9,145,850.0,0,865.8023495954592,0,1007.9,91.37716714924296,7.242814766262621,49,,
2018,2,19,15,0,19.4,78,74.6,17.2,117,793.0,0,731.7462511255712,0,1007.6,89.4721075066559,8.24107243737606,59,,
2018,2,19,16,0,19.1,89,75.8,17.3,69,691.0000000000001,0,541.7042260742523,0,1007.5,89.75782015601737,8.432936660025034,71,,
2018,2,19,17,0,18.8,99,28.3,17.4,32,513.0,7,313.74106903733343,0,1007.4,91.4711151564012,8.520630710885023,82,,
2018,2,19,18,0,18.6,108,0,17.5,10,197.0,4,84.0163203365693,0,1007.4,96.44784997981344,6.959058724262362,93,,
2018,2,19,19,0,18.3,119,0,17.5,0,0.0,0,0.0,0,1007.3,97.99114530757056,4.1427671325529145,103,,
2018,2,19,20,0,18.1,131,0,17.4,0,0.0,0,0.0,0,1007.2,138.03840875381172,2.0290516768530664,112,,
2018,2,19,21,0,17.9,145,0,17.4,0,0.0,0,0.0,0,1007,242.83899989254505,6.739248901768138,120,,
2018,2,19,22,0,17.8,161,0,17.3,0,0.0,0,0.0,0,1006.5,222.93306502896547,8.23272335998269,125,,
2018,2,19,23,0,17.7,179,0,17.2,0,0.0,0,0.0,0,1006,227.37845414789865,8.136666065618714,127,,
2018,2,20,0,0,17.5,-163,0,17.1,0,0.0,0,0.0,0,1005.7,232.7381301629869,8.650544227860765,125,,
2018,2,20,1,0,17.4,-146,0,17,0,0.0,0,0.0,0,1005.4,214.45568220557536,9.162038386063186,121,,
2018,2,20,2,0,17.2,-132,0,16.9,0,0.0,0,0.0,0,1005.2,202.53810986838283,10.634475970286344,113,,
2018,2,20,3,0,17.2,-120,0,16.9,0,0.0,0,0.0,0,1005.3,202.8398906057872,11.859293423498986,104,,
2018,2,20,4,0,17.3,-109,1,16.9,0,0.0,0,0.0,0,1005.7,201.0325021714789,12.030251384757936,94,,
2018,2,20,5,0,17.4,-99,53.1,17,18,26.0,0,2.0000000000000018,0,1006.1,199.289128776076,12.232332865479352,83,,
2018,2,20,6,0,18,-90,67.1,17.1,104,593.0,0,63.44895606050583,0,1006.4,199.8862253182792,11.879259492488496,72,,
2018,2,20,7,0,19.1,-79,62,17.1,181,781.0,2,262.7553535366434,0,1006.6,201.31406431546048,11.97664916025201,60,,
2018,2,20,8,0,20.2,-67,40.3,17.2,328,871.0,87,478.02415535676136,0,1006.8,204.7234811657364,10.685254653061412,50,,
2018,2,20,9,0,20.8,-51,11,16.9,231,913.0,500,669.710612236203,0,1006.8,210.1464860749008,9.716282798165023,40,,
2018,2,20,10,0,21.2,-29,8.9,16.3,255,898.0,570,820.2358470047857,0,1006.6,209.5862215483893,8.824971960984985,33,,
2018,2,20,11,0,21.6,-1,4.8,15.7,177,902.0,721,920.2482851461197,0,1006.4,207.8310954493242,8.395711575296518,30,,
2018,2,20,12,0,21.7,27,12.5,15.4,284,892.0,520,963.3573661872936,0,1006.2,206.3058094699708,8.42169906205963,33,,
2018,2,20,13,0,21.7,49,30,15.2,444,868.0,141,944.4624666287286,0,1006.1,207.28816968964463,8.685872388589845,39,,
2018,2,20,14,0,21.7,65,31.5,15,397,827.0000000000001,73,863.2675536269002,0,1006,208.7118400972601,8.633263830754519,49,,
2018,2,20,15,0,21.2,78,30.3,15,295,764.0,61,724.0462409500282,0,1006,206.44462840529172,8.571430874012457,60,,
2018,2,20,16,0,20.5,89,32.8,15,191,661.0,16,533.4791504711136,0,1006.2,210.1163891917518,9.475956295968368,71,,
2018,2,20,17,0,19.8,98,26.9,15.1,76,483.0,1,304.99064920090814,0,1006.3,211.61319077039187,9.504671921247729,82,,
2018,2,20,18,0,19,108,21.7,15,12,170.0,0,77.7255105273958,0,1006.6,208.37029527845613,8.869188625707315,93,,
2018,2,20,19,0,18.2,119,19.7,14.8,0,0.0,0,0.0,0,1006.9,207.8994345111668,8.73941256447607,103,,
2018,2,20,20,0,17.4,131,18.8,14.5,0,0.0,0,0.0,0,1007.2,208.953893837195,8.715027626385567,113,,
2018,2,20,21,0,16.9,145,16.7,14.6,0,0.0,0,0.0,0,1007.3,209.99961886096904,8.527442001916086,120,,
2018,2,20,22,0,16.7,161,11.1,15,0,0.0,0,0.0,0,1007.2,207.7836176841204,9.48261419979274,125,,
2018,2,20,23,0,16.5,179,8.7,15.3,0,0.0,0,0.0,0,1007.1,207.4926922257904,9.623668857276485,127,,
2018,2,21,0,0,16.5,-163,10.2,15.6,0,0.0,0,0.0,0,1007,210.59019975464216,10.326561288578135,126,,
2018,2,21,1,0,16.6,-146,15.7,15.8,0,0.0,0,0.0,0,1006.9,214.0660395229376,10.752423090975672,121,,
2018,2,21,2,0,16.7,-132,19.3,15.9,0,0.0,0,0.0,0,1006.7,216.9413630961358,10.021589826922318,113,,
2018,2,21,3,0,16.9,-120,19,16,0,0.0,0,0.0,0,1006.7,213.54826124256093,10.4783946376048,104,,
2018,2,21,4,0,17,-109,22,15.9,1,0.0,0,0.0,0,1006.9,211.3356361766604,10.250564085744102,94,,
2018,2,21,5,0,17.1,-99,27.7,15.9,67,3.0,1,1.0000000000000002,0,1007,210.2606500294821,10.03819620276184,83,,
2018,2,21,6,0,17.8,-89,26.8,15.9,172,33.0,33,34.57929047760858,0,1007,205.3809139083379,8.791437060550379,72,,
2018,2,21,7,0,19.1,-79,22.1,16,257,44.0,115,106.01153619222664,0,1006.8,203.4966735739116,9.13807044238176,61,,
2018,2,21,8,0,20.3,-66,28.5,16.1,383,87.0,79,223.06755639977888,0,1006.6,205.84829893610464,8.448805405183517,50,,
2018,2,21,9,0,21.1,-50,39.2,16.2,468,215.0,14,405.512051090989,0,1006.2,207.5361454652651,10.256050222869929,40,,
2018,2,21,10,0,21.5,-28,44.7,16.3,489,325.0,0,564.436337132818,0,1005.7,209.52672911529663,10.164320453534264,33,,
2018,2,21,11,0,21.8,-1,43.5,16.4,518,224.0,0,566.1658826212542,0,1005.1,209.6625946041952,10.753422857547672,30,,
2018,2,21,12,0,22.1,26,42.4,16.6,510,315.0,1,654.944354964814,0,1004.6,212.38410439329652,10.594465135950763,33,,
2018,2,21,13,0,22.3,49,35.1,16.7,472,490.0,44,742.3873016227876,0,1004.2,217.2050131670958,9.007868919625974,40,,
2018,2,21,14,0,22.4,65,24.2,16.9,364,536.0,134,709.2176482578043,0,1003.7,211.5777693767076,8.568261529673812,49,,
2018,2,21,15,0,22.2,78,20.3,17,257,681.0,129,680.6630747424338,0,1003.5,210.3028493422553,7.44125592738229,60,,
2018,2,21,16,0,21.5,88,17,17.1,158,614.0,77,509.4726680461634,0,1003.3,213.5199605656234,7.138614004085817,71,,
2018,2,21,17,0,20.9,98,11.9,17.3,61,352.0,25,255.9803101215972,0,1003.2,210.8382375408364,7.071570201311432,82,,
2018,2,21,18,0,20.5,108,14,17.4,10,75.0,1,50.64831562329127,0,1003.1,207.84582477796565,7.053565074390081,93,,
2018,2,21,19,0,20.3,118,18.6,17.6,0,0.0,0,0.0,0,1003.2,204.176918732662,7.140219065440415,104,,
2018,2,21,20,0,20.1,131,20.3,17.7,0,0.0,0,0.0,0,1003.3,199.31592680339,6.708434778437652,113,,
2018,2,21,21,0,20,145,20.4,17.7,0,0.0,0,0.0,0,1003.1,190.77570267341267,6.090302749180489,121,,
2018,2,21,22,0,20,161,20.9,17.6,0,0.0,0,0.0,0,1002.8,184.9906969515544,6.2161935602813525,126,,
2018,2,21,23,0,20,179,21.2,17.5,0,0.0,0,0.0,0,1002.5,182.96598428351592,6.393329938623954,128,,
2018,2,22,0,0,20,-163,21.2,17.4,0,0.0,0,0.0,0,1002.3,189.22548562734943,7.020249934440893,126,,
2018,2,22,1,0,20.1,-146,23.1,17.4,0,0.0,0,0.0,0,1002.1,195.76940072299504,8.068059682532175,121,,
2018,2,22,2,0,20.2,-132,29.5,17.3,0,0.0,0,0.0,0,1001.9,197.18690575938805,8.613382455659405,114,,
2018,2,22,3,0,20.3,-119,32.5,17.4,0,0.0,0,0.0,0,1001.9,198.47344343194888,8.963082765974878,105,,
2018,2,22,4,0,20.4,-109,34.5,17.4,1,0.0,0,0.0,0,1002.1,200.3516205483461,8.152985047220822,94,,
2018,2,22,5,0,20.5,-99,45.3,17.5,42,7.0,0,1.0000000000000004,0,1002.4,201.70386267330068,7.775595533157073,83,,
2018,2,22,6,0,21.2,-89,51.6,17.6,125,213.0,0,54.01486641190372,0,1002.8,196.3837792780708,8.358447174917831,72,,
2018,2,22,7,0,22.4,-78,47.1,17.9,244,477.0,0,218.9811806998212,0,1003.2,194.81737753225195,9.481560834769644,61,,
2018,2,22,8,0,23.7,-66,41.1,18.2,374,700.0000000000001,0,435.7220289439494,0,1003.7,197.6796517733276,8.556727283755574,50,,
2018,2,22,9,0,24.4,-50,37,18,482,793.0,7,631.9098513019662,0,1003.7,206.1835544135596,8.084198201667894,41,,
2018,2,22,10,0,24.6,-28,36.3,17.6,545,799.0,6,783.6160649390174,0,1003.5,204.53569110684165,7.331979291078392,34,,
2018,2,22,11,0,24.8,-1,36.9,17.2,564,808.0,1,882.746846246018,0,1003.2,202.16347557964852,6.686435079903101,31,,
2018,2,22,12,0,24.9,26,38.9,16.9,530,802.0,0,925.2027804288912,0,1002.9,208.48881004791687,6.121083004570192,33,,
2018,2,22,13,0,24.9,48,38.2,16.9,480,778.0,0,903.9348417050098,0,1002.6,212.7017560813097,5.825760430729403,40,,
2018,2,22,14,0,24.9,65,36.3,16.8,409,718.0,0,811.5452114207978,0,1002.3,216.1079304053202,5.272585386025285,49,,
2018,2,22,15,0,24.4,77,36,16.9,302,573.0000000000001,0,633.936716151065,0,1002.2,217.27820768829275,4.960721667543282,60,,
2018,2,22,16,0,23.6,88,28,17.1,177,414.0,17,425.7889970161378,0,1002.3,237.09414929642844,4.546570456357126,71,,
2018,2,22,17,0,22.7,98,21.3,17.3,64,298.0,9,238.0600272168784,0,1002.4,239.138275973867,5.102049128177742,83,,
2018,2,22,18,0,22,108,22.6,17.4,9,89.0,0,53.55782757813802,0,1002.5,233.33552545124547,6.550725696671645,94,,
2018,2,22,19,0,21.6,118,26.3,17.3,0,0.0,0,0.0,0,1002.6,224.0932857947798,8.00739871560984,104,,
2018,2,22,20,0,21.2,130,28.4,17.3,0,0.0,0,0.0,0,1002.7,214.29158184175867,8.597717430524472,113,,
2018,2,22,21,0,21.1,145,28.4,17.2,0,0.0,0,0.0,0,1002.5,207.47129576901943,9.340027597134394,121,,
2018,2,22,22,0,21.2,161,20.9,16.9,0,0.0,0,0.0,0,1001.9,205.60545605509,10.37242094983926,126,,
2018,2,22,23,0,21.4,179,17.8,16.7,0,0.0,0,0.0,0,1001.4,207.6387008204158,11.193550929605555,128,,
2018,2,23,0,0,21.5,-162,25.5,16.6,0,0.0,0,0.0,0,1000.9,210.1524744303528,11.999907160439577,126,,
2018,2,23,1,0,21.4,-146,33.2,16.7,0,0.0,0,0.0,0,1000.4,208.3748750421649,13.47236995774418,121,,
2018,2,23,2,0,21.3,-131,32.5,16.7,0,0.0,0,0.0,0,999.9,211.24024134691487,13.17987833975949,114,,
2018,2,23,3,0,21.1,-119,29.1,16.9,0,0.0,0,0.0,0,999.9,213.2102881447117,13.164637478912624,105,,
2018,2,23,4,0,20.6,-108,29.1,17.1,1,0.0,0,0.0,0,1000.2,213.19054530189405,13.35888286598747,95,,
2018,2,23,5,0,20.1,-98,38.7,17.4,46,0.0,0,0.0,0,1000.5,212.6582220566712,13.130282122525587,84,,
2018,2,23,6,0,19.7,-89,35.9,17.4,164,3.0,1,11.032391967405282,0,1001.1,213.77324949354448,12.82610130610134,72,,
2018,2,23,7,0,19.2,-78,25.3,17.3,267,5.0,69,44.98813046093259,0,1001.9,207.91982163995385,11.480308445930469,61,,
2018,2,23,8,0,18.7,-66,26.3,17.2,375,9.0,79,99.46280167259464,0,1002.7,205.72467479096912,10.749458978589852,50,,
2018,2,23,9,0,18.7,-50,30.4,16.3,473,13.0,59,165.20179222012845,0,1003.2,208.4994020881392,10.826314430736591,41,,
2018,2,23,10,0,19.1,-28,30,14.8,518,20.0,84,282.8689090678975,0,1003.5,218.27345913197263,10.862292225851222,34,,
2018,2,23,11,0,19.5,-1,23.6,13.1,473,7.0,215,214.55479463293085,0,1003.8,227.4696388354608,11.650461534026928,31,,
2018,2,23,12,0,19.6,26,17.9,11.7,389,5.0,337,192.23704469509508,0,1004,232.08381202512555,10.599814195623926,34,,
2018,2,23,13,0,19.3,48,22.4,10.4,389,6.0,240,199.1080903459649,0,1004.3,229.38362799303167,9.25796837333445,40,,
2018,2,23,14,0,19,64,26.1,9.1,361,5.0,140,171.0253743737176,0,1004.6,229.36583677291384,7.801156322954074,50,,
2018,2,23,15,0,18.2,77,26,8.3,274,4.0,97,126.84693632947864,0,1005.1,230.3730049471401,6.950379496100098,60,,
2018,2,23,16,0,17.3,88,20,7.9,158,5.0,76,95.8884758424634,0,1005.9,236.57796777718,6.889814766025796,72,,
2018,2,23,17,0,16.2,97,9.8,7.6,54,7.0,34,65.88500536854666,0,1006.7,235.4001438647257,7.241131751874437,83,,
2018,2,23,18,0,15.3,107,6.2,7.4,8,7.0,4,20.586142584171,0,1007.5,234.76852935793173,8.7675981833674,94,,
2018,2,23,19,0,14.5,118,6.5,7.3,0,0.0,0,0.0,0,1008.3,236.9134276592557,9.50166387794033,104,,
2018,2,23,20,0,13.7,130,10.3,7.2,0,0.0,0,0.0,0,1009,229.8152446624372,9.67815584098378,114,,
2018,2,23,21,0,13.3,144,8.3,7.2,0,0.0,0,0.0,0,1009.4,215.4185031981636,10.847523159245029,121,,
2018,2,23,22,0,13.2,161,2.1,7.3,0,0.0,0,0.0,0,1009.5,215.7165176320649,11.99300604148416,126,,
2018,2,23,23,0,13.2,179,0,7.5,0,0.0,0,0.0,0,1009.6,217.39169830448185,11.581046668880694,128,,
2018,2,24,0,0,13.1,-162,0,7.4,0,0.0,0,0.0,0,1009.7,217.209901893692,11.149366231833948,127,,
2018,2,24,1,0,13,-146,1,7.2,0,0.0,0,0.0,0,1009.8,221.91924647682384,10.433164164255349,122,,
2018,2,24,2,0,12.9,-131,3.5,7,0,0.0,0,0.0,0,1009.9,228.8087383949788,8.383991041288795,114,,
2018,2,24,3,0,12.8,-119,2.6,6.9,0,0.0,0,0.0,0,1010.2,239.9223812088078,7.826856974923911,105,,
2018,2,24,4,0,12.8,-108,0.6,6.9,1,0.0,1,0.0,0,1010.7,240.5888798962588,1.0708776221164746,95,,
2018,2,24,5,0,12.9,-98,1.4,6.9,30,0.0,62,0.0,0,1011.1,208.56897017300523,4.574289954956322,84,,
2018,2,24,6,0,13.7,-88,1.5,6.8,59,2.0,216,13.014974994356884,0,1011.5,91.8056666984346,1.5806188424421497,73,,
2018,2,24,7,0,15.1,-78,0.4,6.7,65,4.0,418,51.77612418868134,0,1011.9,55.01304359856579,6.336526920922132,61,,
2018,2,24,8,0,16.6,-65,0,6.6,67,15.0,604,145.71988258321886,0,1012.3,80.01554533700619,8.060059244515559,51,,
2018,2,24,9,0,17.3,-49,0,6.4,72,29.0,745,256.9698116719308,0,1012.4,71.94546548871244,9.348998212950647,41,,
2018,2,24,10,0,17.5,-28,0.1,6.1,76,56.0,831,337.65220056354474,0,1012.3,71.1569510933374,8.335391687258667,34,,
2018,2,24,11,0,17.7,-1,5.5,5.8,184,170.0,703,528.3552207656356,0,1012.2,63.60706747770018,10.685570715611114,32,,
2018,2,24,12,0,17.8,26,11.8,5.8,290,272.0,511,631.6055007712434,0,1012,65.96569748331092,12.02469756059338,34,,
2018,2,24,13,0,17.9,48,8.4,6,225,276.0,520,618.0377496298431,0,1011.9,57.19596747069056,13.11895526472784,41,,
2018,2,24,14,0,18,64,6.7,6.3,177,463.0,448,671.1047580500205,0,1011.8,58.07639111974896,12.892004436320832,50,,
2018,2,24,15,0,17.7,77,16.4,6.7,211,239.0,199,446.2055606760267,0,1011.7,56.20325323548804,13.419542753915676,61,,
2018,2,24,16,0,17.2,87,27.4,7.2,171,268.0,34,348.7514572101376,0,1011.8,57.35977324131409,14.261547590162223,72,,
2018,2,24,17,0,16.7,97,14.4,7.7,63,235.0,3,207.8576207965445,0,1011.9,60.85855993240807,14.347611260804458,83,,
2018,2,24,18,0,16.2,107,14.1,8.3,7,52.0,2,39.550651752996046,0,1012.1,64.34959219905579,15.129670052684276,94,,
2018,2,24,19,0,15.7,118,39.2,9,0,0.0,0,0.0,0,1012.3,65.38226220269121,14.275842934771998,105,,
2018,2,24,20,0,15.2,130,50.4,9.7,0,0.0,0,0.0,0,1012.6,64.27455871222531,14.708311830168109,114,,
2018,2,24,21,0,14.8,144,49,10.3,0,0.0,0,0.0,0,1012.5,65.9165138817645,14.015427484896104,122,,
2018,2,24,22,0,14.5,161,17.4,10.8,0,0.0,0,0.0,0,1012.1,70.95707302074004,14.90091065881769,127,,
2018,2,24,23,0,14.3,179,0,11.4,0,0.0,0,0.0,0,1011.7,71.94844659577188,14.13367482090894,129,,
2018,2,25,0,0,14.1,-162,0,11.6,0,0.0,0,0.0,0,1011.4,75.59826352030962,14.090741999553485,127,,
2018,2,25,1,0,14.1,-145,0,11.7,0,0.0,0,0.0,0,1011.1,76.55558552654793,13.729515965098784,122,,
2018,2,25,2,0,14,-131,0,11.7,0,0.0,0,0.0,0,1010.9,79.78711947063465,13.169103482448923,115,,
2018,2,25,3,0,14.1,-119,0,11.8,0,0.0,0,0.0,0,1010.9,82.44541772201029,12.529162447082618,105,,
2018,2,25,4,0,14.4,-108,0.5,12,1,0.0,0,0.0,0,1010.9,84.71354228415197,11.531961320890275,95,,
2018,2,25,5,0,14.7,-98,24.4,12.1,52,0.0,0,1.0,0,1011,87.88397007257015,11.240575074336068,84,,
2018,2,25,6,0,15.5,-88,44.1,12.1,139,51.0,0,36.21568385852256,0,1011,91.74054544033504,11.028037373385716,73,,
2018,2,25,7,0,16.8,-77,47.3,12.1,242,97.0,0,134.47206905747646,0,1010.8,99.59022681880448,9.888687944483936,62,,
2018,2,25,8,0,18,-65,47,12,340,298.0,0,322.60937329080934,0,1010.6,107.24750751970085,9.064080044697032,51,,
2018,2,25,9,0,18.6,-49,47,11.6,414,494.0,0,525.3962359196225,0,1010.1,101.00606754501251,10.264975868383472,41,,
2018,2,25,10,0,18.7,-27,47.1,11.1,462,756.0,0,731.3403423394976,0,1009.5,101.1159294473316,10.605462146286287,35,,
2018,2,25,11,0,18.7,-1,49.7,10.6,454,840.0,2,862.1343511542767,0,1008.8,98.59527721326856,10.90395974429481,32,,
2018,2,25,12,0,18.8,26,33.8,10.4,449,870.0,129,923.5081269955876,0,1008,99.16825916430872,11.151744392176225,34,,
2018,2,25,13,0,18.8,47,9.1,10.4,238,869.0,475,916.8843612589828,0,1007,99.82077450718992,11.15021026567026,41,,
2018,2,25,14,0,18.8,64,24.2,10.4,274,857.0,232,851.8015571486206,0,1006,95.92406284590828,11.377901684424794,50,,
2018,2,25,15,0,18.5,76,13.5,10.6,182,794.0,210,713.0870944345353,0,1005.4,93.3121780440694,11.66694988889012,61,,
2018,2,25,16,0,18,87,0,10.8,65,682.0,207,518.4878984258729,0,1004.9,88.98419229685209,12.58693907509795,72,,
2018,2,25,17,0,17.4,97,0.6,11,31,491.0,56,287.16468504080257,0,1004.6,91.46024623279315,11.735989034207154,83,,
2018,2,25,18,0,16.8,107,30.9,11.2,6,165.0,3,63.90356721096136,0,1004.2,95.26548969913551,10.06934655989648,94,,
2018,2,25,19,0,16.2,118,50.5,11.4,0,0.0,0,0.0,0,1003.9,100.25110172749736,9.05568623403803,105,,
2018,2,25,20,0,15.6,130,51.8,11.6,0,0.0,0,0.0,0,1003.5,106.7530583485932,8.564691861695376,114,,
2018,2,25,21,0,15.4,144,51.9,11.8,0,0.0,0,0.0,0,1002.9,112.02954338320065,8.129675781546554,122,,
2018,2,25,22,0,15.5,161,52,12,0,0.0,0,0.0,0,1002.1,119.26095148339004,7.005729272090064,127,,
2018,2,25,23,0,15.7,179,52,12.2,0,0.0,0,0.0,0,1001.3,130.7502043740925,6.052253105771957,129,,
2018,2,26,0,0,15.8,-162,52.4,12.6,0,0.0,0,0.0,0,1000.7,151.4908475010891,3.76876466694472,127,,
2018,2,26,1,0,15.9,-145,71.7,12.9,0,0.0,0,0.0,0,1000.3,220.13823811583987,3.047241580136236,122,,
2018,2,26,2,0,15.9,-131,82.2,13.2,0,0.0,0,0.0,0,999.9,230.4714358740696,2.819001175628152,115,,
2018,2,26,3,0,15.9,-118,90.8,13.6,0,0.0,0,0.0,0,999.7,221.6335393365702,3.7571186210196665,106,,
2018,2,26,4,0,15.9,-107,55.1,13.9,0,0.0,0,0.0,0,999.8,226.51695957632384,6.338561129847046,95,,
2018,2,26,5,0,15.9,-98,56.5,14.3,22,0.0,0,0.0,0,999.8,223.3262028842064,7.665608260878627,84,,
2018,2,26,6,0,16.4,-88,68.3,14.4,79,57.0,0,33.05850180457043,0,999.9,201.2177445232429,8.179995788769,73,,
2018,2,26,7,0,17.2,-77,68.7,14.5,139,283.0,0,170.8741717271025,0,999.9,198.38162610544703,8.793390061441565,62,,
2018,2,26,8,0,18,-65,69.3,14.5,194,568.0000000000001,0,380.6767521407998,0,1000,199.80463071635955,7.867950500945896,51,,
2018,2,26,9,0,18.4,-48,57.7,14.7,334,774.0,1,601.0693049764552,0,999.9,207.57078521304533,7.619964113107164,42,,
2018,2,26,10,0,18.6,-27,40.4,14.9,481,866.0,41,777.0551070112659,0,999.7,212.9654732478599,6.8589370083711785,35,,
2018,2,26,11,0,18.7,-1,59.3,15.1,345,887.0,23,884.1968727338585,0,999.4,215.0935529865137,6.422080312820695,32,,
2018,2,26,12,0,18.7,26,61,15,333,882.0,7,929.6198833880206,0,999.3,221.3925284977245,5.171816551823261,35,,
2018,2,26,13,0,18.7,47,22.6,14.8,240,860.0,362,911.2670411439364,0,999.2,222.12224173453697,5.597967731463919,41,,
2018,2,26,14,0,18.7,63,19.9,14.5,273,813.0,259,827.6956757276444,0,999.1,222.49905717916184,5.431907677421031,51,,
2018,2,26,15,0,18.4,76,20.5,14.2,239,672.0,133,651.5584923173686,0,999.3,217.39386889992744,5.462191294538877,61,,
2018,2,26,16,0,17.9,87,5.8,13.7,97,574.0000000000001,153,469.590809427238,0,999.7,208.2665918269916,6.655455241865199,72,,
2018,2,26,17,0,17.4,97,0,13.3,27,363.0,60,241.9144216226073,0,1000.2,208.8986834227784,6.910027334025321,84,,
2018,2,26,18,0,16.6,107,0,12.6,5,108.0,3,49.00424889483448,0,1000.6,222.37139315329463,5.518339067498564,95,,
2018,2,26,19,0,15.7,117,0,11.7,0,0.0,0,0.0,0,1000.9,199.50808719912467,0.5358900621956623,105,,
2018,2,26,20,0,14.7,129,0,10.8,0,0.0,0,0.0,0,1001.2,220.4181441355919,3.876963241141163,115,,
2018,2,26,21,0,14.3,144,0,10.6,0,0.0,0,0.0,0,1001.3,201.80930104423217,5.924796604134003,122,,
2018,2,26,22,0,14.3,161,0,10.8,0,0.0,0,0.0,0,1001.1,194.16586398987133,5.967599588145693,128,,
2018,2,26,23,0,14.3,179,0,11.1,0,0.0,0,0.0,0,1000.9,202.4003991029687,7.35925996694542,129,,
2018,2,27,0,0,14.3,-162,0,11.1,0,0.0,0,0.0,0,1000.8,209.3645580272524,7.166918772783917,128,,
2018,2,27,1,0,14.1,-145,0,11,0,0.0,0,0.0,0,1000.7,209.70900859249204,9.334675474538091,123,,
2018,2,27,2,0,13.9,-130,0,10.8,0,0.0,0,0.0,0,1000.7,216.4631181906544,10.075693384216152,115,,
2018,2,27,3,0,13.8,-118,0,10.6,0,0.0,0,0.0,0,1000.8,221.50700454110503,9.21728002498868,106,,
2018,2,27,4,0,13.8,-107,0,10.4,1,0.0,1,0.0,0,1001.1,223.16810807559392,10.266063596625647,95,,
2018,2,27,5,0,13.8,-97,0.9,10.2,30,0.0,53,0.0,0,1001.3,222.8820840249581,10.589839722827133,84,,
2018,2,27,6,0,14.5,-87,0.5,9.9,59,164.0,204,41.00000000000001,0,1001.4,225.485112314326,11.214328298279607,73,,
2018,2,27,7,0,15.7,-77,0.1,9.4,73,307.0,394,174.2528617814784,0,1001.5,223.6708297111896,12.51791527089176,62,,
2018,2,27,8,0,17,-64,3.8,8.9,136,345.0,490,318.98365876821026,0,1001.5,224.7451058496314,12.766890933465298,51,,
2018,2,27,9,0,17.5,-48,9.9,8.5,245,163.0,470,352.12635458172065,0,1001.4,229.4292266693876,13.571025192792936,42,,
2018,2,27,10,0,17.4,-27,15.6,8.1,333,269.0,413,516.0122270368008,0,1001.3,230.55408900134668,14.187334727698447,35,,
2018,2,27,11,0,17.2,-1,62.6,7.8,199,726.0,141,813.5826033071593,0,1001.2,233.75530445746284,14.641789645483856,33,,
2018,2,27,12,0,17,25,87.8,7.6,107,732.0,0,858.4945982409745,0,1001,233.7948459954344,14.4737280177236,35,,
2018,2,27,13,0,16.7,47,88.9,7.5,87,643.0,0,803.473994313798,0,1000.8,234.36165942056112,14.166993317157324,42,,
2018,2,27,14,0,16.4,63,79.3,7.4,127,511.0,0,675.924781352499,0,1000.6,233.11853970253424,13.79145535895902,51,,
2018,2,27,15,0,16,76,54.7,7.4,194,461.0,2,550.9767637754753,0,1000.6,232.9306312672113,13.590560876620922,61,,
2018,2,27,16,0,15.5,87,16.6,7.5,109,525.0,93,449.6707339665892,0,1000.7,233.75257290738983,12.90374002226614,73,,
2018,2,27,17,0,15.1,96,33.5,7.6,24,348.0,52,236.37796944912293,0,1000.8,227.75573284347777,12.344795520783908,84,,
2018,2,27,18,0,14.3,106,51.9,7.6,4,99.0,0,46.62614701211001,0,1000.9,220.40650762088504,12.493910755918968,95,,
2018,2,27,19,0,13.3,117,50.2,7.5,0,0.0,0,0.0,0,1001,214.4195428800959,13.2378365494593,105,,
2018,2,27,20,0,12.3,129,50.2,7.4,0,0.0,0,0.0,0,1001.1,212.61687673522985,13.542761773309469,115,,
2018,2,27,21,0,12.1,144,50.8,7.6,0,0.0,0,0.0,0,1000.7,210.91513670444343,13.322128776157252,123,,
2018,2,27,22,0,12.5,161,39.4,8.1,0,0.0,0,0.0,0,1000.2,209.52300539033692,13.473555760758773,128,,
2018,2,27,23,0,13,179,11.9,8.7,0,0.0,0,0.0,0,999.5,205.4338353930506,13.32838360981635,130,,
2018,2,28,0,0,13.1,-162,0,9,0,0.0,0,0.0,0,999,209.31384138758267,14.454664806100327,128,,
2018,2,28,1,0,12.8,-145,0,9.2,0,0.0,0,0.0,0,998.5,209.5762332208133,15.359781923462714,123,,
2018,2,28,2,0,12.5,-130,0,9.3,0,0.0,0,0.0,0,998,212.22729663271696,16.376779534199557,115,,
2018,2,28,3,0,12.5,-118,0,9.7,0,0.0,0,0.0,0,997.6,214.8960752650305,16.912622694443066,106,,
2018,2,28,4,0,12.8,-107,1.2,10.4,0,0.0,0,0.0,0,997.2,215.90460349606315,16.711990852917374,96,,
2018,2,28,5,0,13,-97,60.7,11.1,5,0.0,0,0.0,0,996.9,215.40230674035564,16.300513041575336,85,,
2018,2,28,6,0,13.8,-87,75.2,11.8,71,109.0,0,33.00000000000001,0,996.5,216.1912403562573,16.098053088407625,73,,
2018,2,28,7,0,15,-76,66.3,12.6,140,142.0,0,139.50787748726918,0,996.1,220.315993602355,15.533996910937953,62,,
2018,2,28,8,0,16.2,-64,86.6,13.4,70,179.0,0,262.781212321111,0,995.8,230.1176932565641,14.377435438505008,52,,
2018,2,28,9,0,16.9,-48,95.5,14.2,35,251.0,0,407.85401389222034,0,995.2,234.43811969597795,11.959317471994073,42,,
2018,2,28,10,0,17.2,-26,95.4,15,37,392.0,0,588.3791783678915,0,994.4,228.22887838468807,10.984844132629815,36,,
2018,2,28,11,0,17.4,-1,97,15.8,29,333.0,0,630.750846453349,0,993.5,316.0620388622369,10.23598969803907,33,,
2018,2,28,12,0,17.7,25,92.1,16.3,65,114.0,0,480.6802894086471,0,992.9,338.34573657598423,8.420422773830111,35,,
2018,2,28,13,0,18.1,47,88.5,16.6,84,74.0,0,407.7021246087386,0,992.5,336.57504903419454,7.546267798976055,42,,
2018,2,28,14,0,18.4,63,85.3,16.9,86,71.0,0,358.8514340718623,0,992.1,345.96450272146734,9.093250342862127,51,,
2018,2,28,15,0,18.4,76,86.9,16.9,58,214.0,0,418.1349663414754,0,992,6.515679875078774,10.30779062014078,62,,
2018,2,28,16,0,18,86,93.7,16.7,18,457.0,0,422.54761743241295,0,992.2,24.213197784113618,11.092292058537607,73,,
2018,2,28,17,0,17.6,96,65.7,16.5,7,326.0,0,228.2211328742357,0,992.3,26.799163270709016,11.703860923129817,84,,
2018,2,28,18,0,17.1,106,49.9,16.1,3,81.0,0,40.49382146782037,0,992.8,30.095201249716013,10.60377504372554,95,,
2018,2,28,19,0,16.5,117,51,15.4,0,0.0,0,0.0,0,993.4,29.503471383999,9.156333861113444,106,,
2018,2,28,20,0,15.8,129,51.5,14.7,0,0.0,0,0.0,0,994.1,28.23146939109228,11.60898885431296,115,,
2018,2,28,21,0,15.2,144,51.9,14.2,0,0.0,0,0.0,0,994.5,40.787025847109135,12.759984361241363,123,,
2018,2,28,22,0,14.7,161,51.5,13.7,0,0.0,0,0.0,0,994.9,54.87731764051529,14.208070546551244,128,,
2018,2,28,23,0,14.1,180,26.1,13.3,0,0.0,0,0.0,0,995.2,59.140795859544085,14.31772725046332,130,,
2018,3,1,0,0,13.7,-162,4.3,12.8,0,0.0,0,0.0,0,995.6,60.14595820400166,13.955174527325816,128,,
2018,3,1,1,0,13.3,-144,0,12.4,0,0.0,0,0.0,0,996.1,63.27374533286604,12.806125543826454,123,,
2018,3,1,2,0,13,-130,0,12,0,0.0,0,0.0,0,996.6,63.31886886593696,12.8261908537874,116,,
2018,3,1,3,0,12.8,-117,0,11.7,0,0.0,0,0.0,0,997.3,64.70038934523177,12.745420437564214,106,,
2018,3,1,4,0,12.7,-107,0,11.6,1,0.0,1,0.0,0,998.2,66.93671832408398,11.931960385887106,96,,
2018,3,1,5,0,12.7,-97,1,11.4,27,0.0,51,0.0,0,999,63.124917529194704,12.187403996407362,85,,
2018,3,1,6,0,13.4,-87,0.5,11.2,52,126.0,202,34.00000000000001,0,999.8,63.89547970861759,11.6685464880083,74,,
2018,3,1,7,0,14.5,-76,0.1,11,64,129.0,394,137.7080907769792,0,1000.6,65.32762784737531,11.550548317617908,62,,
2018,3,1,8,0,15.8,-63,5.2,10.8,142,250.0,465,295.00210214824574,0,1001.4,67.91049790109207,10.720505109178989,52,,
2018,3,1,9,0,16.2,-47,27.9,10.4,382,229.0,178,403.2541506338969,0,1002.1,68.62440307049121,10.815782734983548,43,,
2018,3,1,10,0,16.1,-26,14.8,9.9,240,247.0,519,510.37951705510966,0,1002.8,71.3731643561216,10.581105242064025,36,,
2018,3,1,11,0,15.8,-1,0.7,9.4,92,306.0,819,612.7217733619568,0,1003.5,71.9135442180496,9.735687292927892,33,,
2018,3,1,12,0,15.6,25,0.5,9.1,86,309.0,799,642.5422275873119,0,1004.1,69.59634248838557,9.20730757753842,36,,
2018,3,1,13,0,15.5,46,15.8,9,274,306.0,404,624.0185381433561,0,1004.6,62.54405588500015,8.995365118283992,42,,
2018,3,1,14,0,15.3,63,11.5,8.9,215,290.0,359,555.99923475472,0,1005.2,64.91598441280428,8.951411221371705,51,,
2018,3,1,15,0,14.9,75,1.6,8.8,82,255.0,383,442.467959035148,0,1005.9,70.56831094227903,9.018333761982111,62,,
2018,3,1,16,0,14.3,86,3.8,8.7,65,214.0,197,306.2668768154784,0,1006.6,74.00573823752745,8.84711678651883,73,,
2018,3,1,17,0,13.6,96,2.1,8.6,31,164.0,45,166.2497047795069,0,1007.3,76.60828583614148,8.269531401362574,84,,
2018,3,1,18,0,12.8,106,0,8,4,31.0,2,25.16441331853636,0,1007.8,80.57631883337655,7.498658541080148,95,,
2018,3,1,19,0,11.8,117,0,7.2,0,0.0,0,0.0,0,1008.2,84.3712803173728,7.1911673519107,106,,
2018,3,1,20,0,10.9,129,0,6.3,0,0.0,0,0.0,0,1008.5,87.91145145536524,7.348876016337385,116,,
2018,3,1,21,0,10.5,143,0,6.1,0,0.0,0,0.0,0,1008.6,89.19573394954159,7.322498744164825,123,,
2018,3,1,22,0,10.7,161,0,6.4,0,0.0,0,0.0,0,1008.8,82.98588294384444,7.165441898180926,129,,
2018,3,1,23,0,10.8,180,0,6.8,0,0.0,0,0.0,0,1008.9,83.57309247669355,7.65995569662026,131,,
2018,3,2,0,0,10.7,-161,0,6.9,0,0.0,0,0.0,0,1009,93.08485571052744,7.712347610921845,129,,
2018,3,2,1,0,10.4,-144,0,6.8,0,0.0,0,0.0,0,1009.2,109.56054398713832,6.960284034377239,124,,
2018,3,2,2,0,10.1,-129,0,6.7,0,0.0,0,0.0,0,1009.3,117.25048401559673,6.845172507799167,116,,
2018,3,2,3,0,9.9,-117,0,6.6,0,0.0,0,0.0,0,1009.5,97.94789037161826,5.395825169408605,107,,
2018,3,2,4,0,9.8,-106,0,6.5,0,0.0,1,0.0,0,1009.6,94.1785470902464,5.823340761053126,96,,
2018,3,2,5,0,9.7,-96,1,6.4,26,0.0,55,0.0,0,1009.7,114.00365094386252,5.037714672957288,85,,
2018,3,2,6,0,10.8,-86,1.2,6.5,53,25.0,202,21.0,0,1009.7,126.2142458482112,4.292663868846081,74,,
2018,3,2,7,0,12.6,-76,35.6,6.8,177,83.0,97,119.31177440479112,0,1009.4,113.61227834162094,2.8104989562678235,63,,
2018,3,2,8,0,14.5,-63,52,7.1,313,185.0,2,267.695139335844,0,1009.1,119.05301532999256,3.420652545669584,52,,
2018,3,2,9,0,15.5,-47,35.4,7.3,411,252.0,108,412.66954380686207,0,1008.6,133.24727930233655,2.3592773063593664,43,,
2018,3,2,10,0,15.8,-26,10,7.5,220,434.0,579,589.8598128864847,0,1007.9,165.39138008109703,2.3531748418101524,36,,
2018,3,2,11,0,16.1,0,13,7.6,298,546.0,497,719.4911134529498,0,1007.2,205.3771379635856,2.406801556873563,34,,
2018,3,2,12,0,16.1,25,17.8,7.9,362,667.0,362,814.2181769467592,0,1006.7,245.1996162991632,4.141200972029941,36,,
2018,3,2,13,0,16,46,60.3,8.2,191,643.0,139,792.363126639426,0,1006.2,268.10777694908705,4.073998866817989,43,,
2018,3,2,14,0,15.9,62,83,8.5,107,600.0000000000001,0,710.2851399816216,0,1005.8,279.44729828525567,3.36745007546622,52,,
2018,3,2,15,0,15.5,75,76.4,8.7,102,570.0000000000001,0,592.8422615534473,0,1005.6,324.475651974248,2.927760433923388,62,,
2018,3,2,16,0,15.1,86,63.6,8.9,82,473.0,0,416.3152022368263,0,1005.6,315.4456558020228,3.5511783423976984,73,,
2018,3,2,17,0,14.6,96,42,9.1,30,328.0,0,218.97664031869272,0,1005.6,262.56463670243323,3.354377222659244,85,,
2018,3,2,18,0,14.2,106,28.8,9.3,3,89.0,0,38.2678720126936,0,1005.8,294.52386419115464,3.332086792960324,96,,
2018,3,2,19,0,13.7,116,43.6,9.4,0,0.0,0,0.0,0,1006.1,288.4439604270492,4.908633206063352,106,,
2018,3,2,20,0,13.3,129,53.3,9.5,0,0.0,0,0.0,0,1006.4,278.4846906187637,4.563619215090944,116,,
2018,3,2,21,0,13.1,143,53.1,9.6,0,0.0,0,0.0,0,1006.4,252.81144295476253,4.397579190678101,124,,
2018,3,2,22,0,13.2,160,63.6,9.6,0,0.0,0,0.0,0,1006.2,249.33688000408995,3.669657845411828,129,,
2018,3,2,23,0,13.3,180,69.2,9.6,0,0.0,0,0.0,0,1005.9,238.3128057956045,4.622707546272516,131,,
2018,3,3,0,0,13.3,-161,68.9,9.7,0,0.0,0,0.0,0,1005.7,231.88056425440604,5.987410116815155,129,,
2018,3,3,1,0,13.3,-144,65.6,9.8,0,0.0,0,0.0,0,1005.5,227.99665106350216,7.925392295502178,124,,
2018,3,3,2,0,13.3,-129,67.2,10,0,0.0,0,0.0,0,1005.3,227.5869400914092,9.458733705975682,116,,
2018,3,3,3,0,13.3,-117,68.3,10.1,0,0.0,0,0.0,0,1005.5,224.7860746678497,10.033355827572995,107,,
2018,3,3,4,0,13.3,-106,25.1,10.3,1,0.0,0,0.0,0,1005.9,228.75914752056727,9.00788875722906,96,,
2018,3,3,5,0,13.4,-96,30.7,10.5,36,0.0,3,0.0,0,1006.3,230.3623857268317,8.818734290516552,85,,
2018,3,3,6,0,14.1,-86,17.3,10.4,65,121.0,157,30.000000000000007,0,1006.6,233.1892207579248,8.092191807608923,74,,
2018,3,3,7,0,15.3,-75,6.4,10.2,140,156.0,270,136.33770218885766,0,1006.8,229.49349633378992,7.698949808177857,63,,
2018,3,3,8,0,16.6,-63,25.1,9.9,331,186.0,129,257.4040138086002,0,1006.9,230.1102121271639,7.0179978034691946,52,,
2018,3,3,9,0,17.1,-47,43.1,9.5,416,161.0,20,348.8451636015254,0,1006.8,235.68912448480103,7.880563908631441,43,,
2018,3,3,10,0,17.1,-26,27.6,9.2,379,191.0,254,450.34654886195926,0,1006.5,243.0348047493925,8.004510610019521,37,,
2018,3,3,11,0,17,0,21.2,8.8,421,306.0,289,586.5853991372733,0,1006.2,249.4857916333607,8.217913755509741,34,,
2018,3,3,12,0,16.9,25,16.7,8.4,343,475.0,383,709.3971793538285,0,1005.9,254.76399900711465,8.342543796976486,36,,
2018,3,3,13,0,16.8,46,41.6,8,294,458.0,174,686.7412401009265,0,1005.6,260.8964536339806,10.159462573267458,43,,
2018,3,3,14,0,16.7,62,25.6,7.7,209,522.0,247,662.444987510343,0,1005.3,274.9538976971672,10.593527152944327,52,,
2018,3,3,15,0,16.2,75,32.6,7.5,186,345.0,138,473.4941621106234,0,1005.1,297.6796094051084,9.64890847851978,63,,
2018,3,3,16,0,15.6,85,47.3,7.4,131,347.0,0,355.68371288920986,0,1005.1,2.1487244211288044,9.051041788262244,74,,
2018,3,3,17,0,15,95,17.2,7.3,37,244.0,1,185.8228230466471,0,1005.1,18.90218874243618,10.556073973742524,85,,
2018,3,3,18,0,14.4,105,0,7.3,3,91.0,1,37.21144036212229,0,1005.1,13.038368267486817,10.448321078236445,96,,
2018,3,3,19,0,14,116,0,7.3,0,0.0,0,0.0,0,1005,10.37971024956778,10.779429088458375,107,,
2018,3,3,20,0,13.6,128,0,7.3,0,0.0,0,0.0,0,1005,16.082298469216653,10.863118773681864,116,,
2018,3,3,21,0,13.6,143,0,7.5,0,0.0,0,0.0,0,1004.6,27.432933031015125,11.735134798587376,124,,
2018,3,3,22,0,13.7,160,0,7.8,0,0.0,0,0.0,0,1004,33.95368953525093,11.02281941520161,129,,
2018,3,3,23,0,13.9,180,0,8.1,0,0.0,0,0.0,0,1003.4,35.6330786414884,11.249642435325493,131,,
2018,3,4,0,0,14.1,-161,0.6,8.3,0,0.0,0,0.0,0,1002.8,36.93269493770998,11.360358385864297,130,,
2018,3,4,1,0,14.3,-144,33,8.5,0,0.0,0,0.0,0,1002.2,37.50849299262501,11.211047897061146,124,,
2018,3,4,2,0,14.6,-129,51.1,8.6,0,0.0,0,0.0,0,1001.6,37.81042729558641,11.098516772595442,117,,
2018,3,4,3,0,14.9,-116,51.1,8.8,0,0.0,0,0.0,0,1001.3,40.61116532451018,11.220934647179345,107,,
2018,3,4,4,0,15.1,-106,51.7,9.1,1,0.0,0,0.0,0,1001.2,41.87790180966965,11.128763207975464,97,,
2018,3,4,5,0,15.3,-96,53.7,9.5,29,0.0,0,0.0,0,1001.2,43.123227806485545,10.410723005544464,85,,
2018,3,4,6,0,15.8,-86,60.2,10.1,85,536.0,0,29.000000000000032,0,1001,42.59857413175121,9.867591907009416,74,,
2018,3,4,7,0,16.3,-75,67.2,10.8,135,667.0,0,206.21076571373612,0,1000.6,39.860763270783366,9.41062126420038,63,,
2018,3,4,8,0,16.9,-62,65.8,11.6,208,774.0,0,412.6078041147167,0,1000.3,42.6840160498395,9.535085763010477,53,,
2018,3,4,9,0,17.2,-46,67.8,11.9,239,837.0,0,605.1886546907174,0,999.8,41.44996464642446,8.821235088148212,43,,
2018,3,4,10,0,17.2,-25,58.1,11.8,357,768.0,0,736.3817720632139,0,999.2,37.93001235823391,7.669379144928124,37,,
2018,3,4,11,0,17.1,0,51.8,11.8,421,623.0,0,766.3908230182267,0,998.6,39.45429740824972,7.938592047173377,34,,
2018,3,4,12,0,17,25,51.3,11.8,410,461.0,0,724.2230432450707,0,998,36.522529064425726,8.094142896917832,37,,
2018,3,4,13,0,16.8,46,50.1,11.8,375,207.0,0,550.4751417855897,0,997.3,34.73336406258079,7.686837834628857,43,,
2018,3,4,14,0,16.6,62,59.3,11.9,250,127.0,2,424.8824240510016,0,996.6,38.18733928442174,7.957621122283933,52,,
2018,3,4,15,0,16.3,74,28.5,12,161,47.0,117,250.7432965283759,0,996,40.04070916037438,8.035788541329635,63,,
2018,3,4,16,0,15.8,85,30.9,12.1,105,31.0,65,153.71571388687005,0,995.6,39.53685844586033,8.058190938966352,74,,
2018,3,4,17,0,15.3,95,15.8,12.3,33,31.0,0,84.51839018725221,0,995.1,38.94517663311706,8.26015407093553,85,,
2018,3,4,18,0,14.7,105,0,12.1,2,14.0,0,15.578819603417143,0,994.6,40.128665010894736,7.99349201254345,96,,
2018,3,4,19,0,14.1,116,0,11.7,0,0.0,0,0.0,0,993.9,36.66695404059254,8.036866821485441,107,,
2018,3,4,20,0,13.4,128,0,11.3,0,0.0,0,0.0,0,993.2,40.1594164158858,8.604705056317528,117,,
2018,3,4,21,0,12.7,143,0,10.8,0,0.0,0,0.0,0,993.1,44.60336954901567,8.678493558415456,124,,
2018,3,4,22,0,12,160,0,10.1,0,0.0,0,0.0,0,993.3,47.99202168582053,9.012532849324712,130,,
2018,3,4,23,0,11.2,180,0,9.5,0,0.0,0,0.0,0,993.6,50.21160964314498,9.069331501326795,132,,
2018,3,5,0,0,10.6,-161,0.6,8.9,0,0.0,0,0.0,0,994.3,49.89019874576394,8.294849910114026,130,,
2018,3,5,1,0,10.1,-143,33.6,8.4,0,0.0,0,0.0,0,995.4,47.15518518258904,8.226280569840815,125,,
2018,3,5,2,0,9.7,-129,52,8,0,0.0,0,0.0,0,996.5,47.21676914238367,7.591714864944927,117,,
2018,3,5,3,0,9.5,-116,50.9,7.7,0,0.0,0,0.0,0,997.7,45.619363549700495,8.176745165171923,107,,
2018,3,5,4,0,9.5,-105,18.1,7.5,1,0.0,0,0.0,0,999,47.88427067602135,8.1550061859643,97,,
2018,3,5,5,0,9.5,-95,0.2,7.3,34,0.0,25,0.0,0,1000.4,51.73907132335785,8.795853838421587,86,,
2018,3,5,6,0,10.2,-85,12,6.9,128,39.0,63,23.000000000000004,0,1001.4,55.88026844398024,8.596131085067974,74,,
2018,3,5,7,0,11.2,-75,6.7,6.4,114,69.0,303,109.1530147339216,0,1002.2,58.29002918946833,7.950529716795777,63,,
2018,3,5,8,0,12.4,-62,0.9,5.8,99,108.0,519,224.79757502113983,0,1002.9,59.1066453932412,7.564701114670182,53,,
2018,3,5,9,0,12.9,-46,5.8,5.3,187,149.0,535,350.4856626705325,0,1003.2,60.47310878067936,8.460647327945676,44,,
2018,3,5,10,0,13.1,-25,7.9,4.8,233,300.0,559,513.9247597427263,0,1003.1,59.98946058033283,8.836540238711608,37,,
2018,3,5,11,0,13.2,0,7.3,4.4,222,286.0,605,572.2099324257094,0,1002.9,59.5050577235607,8.709371554316183,35,,
2018,3,5,12,0,13.4,25,7.3,4.3,203,217.0,592,549.2846673154836,0,1002.4,61.76656596442507,8.021472939259505,37,,
2018,3,5,13,0,13.6,45,47.6,4.4,200,286.0,214,582.0345564699073,0,1001.7,60.330939848252,7.414140357200618,44,,
2018,3,5,14,0,13.8,61,27.4,4.6,158,368.0,254,575.1075206130574,0,1000.9,60.36836997282279,7.169833360176025,53,,
2018,3,5,15,0,13.7,74,44.6,5.1,117,431.0,142,513.211114539323,0,1000.3,63.02163744885854,7.764642361617083,63,,
2018,3,5,16,0,13.5,85,50.5,5.9,92,334.0,0,344.56149219694976,0,999.9,70.63746015659069,8.550773641514084,74,,
2018,3,5,17,0,13.2,95,78.5,6.6,30,218.0,0,171.94979245677246,0,999.4,78.69452862288074,8.609191927200916,86,,
2018,3,5,18,0,13.2,105,95.6,7.3,0,85.0,0,30.233487021910467,0,998.7,81.87437143200759,8.401485103075446,97,,
2018,3,5,19,0,13.4,116,96.3,8,0,0.0,0,0.0,0,997.7,82.3221577535266,8.888277679198545,107,,
2018,3,5,20,0,13.7,128,98.1,8.6,0,0.0,0,0.0,0,996.8,92.64349381042138,8.612436439102447,117,,
2018,3,5,21,0,13.7,143,97.7,9.4,0,0.0,0,0.0,0,995.9,99.45675418624432,8.26020628519724,125,,
2018,3,5,22,0,13.6,160,79.4,10.2,0,0.0,0,0.0,0,995.1,102.87253494301387,8.055727228348717,130,,
2018,3,5,23,0,13.4,180,68.6,11.1,0,0.0,0,0.0,0,994.2,102.34325059915976,8.103078297555127,132,,
2018,3,6,0,0,13.4,-161,67.5,11.6,0,0.0,0,0.0,0,993.7,98.77050764581344,8.343656135774049,130,,
2018,3,6,1,0,13.4,-143,49.1,11.8,0,0.0,0,0.0,0,993.4,95.66459516682652,8.412172468279623,125,,
2018,3,6,2,0,13.4,-128,14.1,12,0,0.0,0,0.0,0,993.1,102.12459919019544,8.11909982589811,117,,
2018,3,6,3,0,13.4,-116,0,12,0,0.0,0,0.0,0,993.3,113.64766060407209,7.579043904859214,108,,
2018,3,6,4,0,13.3,-105,0.3,11.8,1,0.0,0,0.0,0,993.7,115.53299211628187,7.892372980168078,97,,
2018,3,6,5,0,13.2,-95,13.5,11.5,37,0.0,0,0.0,0,994.2,112.70376261013872,7.438709897917349,86,,
2018,3,6,6,0,13.6,-85,30.9,11.1,122,417.0,4,28.000000000000025,0,994.6,113.2350730171629,5.840124066109518,75,,
2018,3,6,7,0,14.3,-74,15.6,10.6,161,624.0,187,195.6201047304085,0,995.1,105.63668534393356,5.813293443894385,64,,
2018,3,6,8,0,15.1,-62,35.8,10,244,753.0,113,401.875678279304,0,995.6,111.2830153080942,5.792517162786552,53,,
2018,3,6,9,0,15.4,-46,19.5,9,168,815.0000000000001,452,591.9753626667988,0,996.1,113.35231686443792,4.313284381076953,44,,
2018,3,6,10,0,15.2,-25,0,7.8,93,883.0,754,746.4346062894493,0,996.6,110.3345420208517,3.23740061161853,38,,
2018,3,6,11,0,14.9,0,0,6.5,87,892.0,795,848.212764615033,0,997.1,90.73699911152642,3.4734318814251512,35,,
2018,3,6,12,0,14.9,25,0,5.9,83,877.0,768,888.1362626084799,0,997.4,81.46773211734961,4.604179583685292,38,,
2018,3,6,13,0,14.9,45,0,5.8,79,844.0,681,863.3464448855901,0,997.7,68.67203868539337,5.376779910289558,44,,
2018,3,6,14,0,15,61,0,5.8,74,796.0,542,779.875432990672,0,998,67.38643064285691,5.469313434458771,53,,
2018,3,6,15,0,14.7,74,0,5.9,67,719.0,367,636.28342034759,0,998.3,69.29477048350128,5.531070189058765,63,,
2018,3,6,16,0,14.2,85,0,6.2,52,642.0,180,462.23104333365313,0,998.7,76.95179649402428,5.439267474144721,75,,
2018,3,6,17,0,13.6,95,0,6.4,18,428.0,41,232.879798498541,0,999.1,82.44668749417883,5.367619864915945,86,,
2018,3,6,18,0,13.1,105,0.6,6.9,1,156.0,0,41.17323908945589,0,999.4,86.30052449909823,5.399434887712555,97,,
2018,3,6,19,0,12.7,115,30.9,7.5,0,0.0,0,0.0,0,999.7,90.11729762265878,6.678236650989303,108,,
2018,3,6,20,0,12.3,128,47.9,8.1,0,0.0,0,0.0,0,1000,102.1065172943168,6.812150946257919,117,,
2018,3,6,21,0,12.3,143,49.1,8.9,0,0.0,0,0.0,0,999.8,112.22413971763103,6.4089757284400335,125,,
2018,3,6,22,0,12.7,160,51.2,9.8,0,0.0,0,0.0,0,999.4,124.57666472406696,5.286264871399123,131,,
2018,3,6,23,0,13.2,180,51.5,10.8,0,0.0,0,0.0,0,998.9,129.972281563607,4.071690046218839,132,,
2018,3,7,0,0,13.6,-160,56.3,11.5,0,0.0,0,0.0,0,998.4,135.8932114065114,2.83498641951065,131,,
2018,3,7,1,0,13.9,-143,74.4,12,0,0.0,0,0.0,0,997.9,133.50306422360865,2.775512692628102,125,,
2018,3,7,2,0,14.1,-128,83,12.6,0,0.0,0,0.0,0,997.4,143.2532600378036,2.044438316789833,117,,
2018,3,7,3,0,14.3,-115,82.6,12.9,0,0.0,0,0.0,0,997.2,211.8977664532852,2.6867215337625177,108,,
2018,3,7,4,0,14.4,-105,63.8,13.1,0,0.0,0,0.0,0,997.2,240.99479518989648,4.400571586589211,97,,
2018,3,7,5,0,14.5,-95,60.5,13.2,21,0.0,0,0.0,0,997.3,230.30074659741825,4.514683186345559,86,,
2018,3,7,6,0,14.8,-85,68.1,13.4,66,433.0,0,25.000000000000025,0,997.4,220.9560818419845,4.917970258910998,75,,
2018,3,7,7,0,15.3,-74,72.8,13.7,109,621.0,0,185.91684351343667,0,997.5,220.06179419500063,4.578489562481894,64,,
2018,3,7,8,0,15.9,-61,75.1,13.9,145,764.0,0,391.9843795929529,0,997.6,221.50890554809644,4.762819571298646,53,,
2018,3,7,9,0,16.1,-45,81.8,13.8,129,816.0000000000001,0,576.6176493646999,0,997.7,217.77967609357023,4.01622895326392,44,,
2018,3,7,10,0,16.2,-25,67.6,13.6,267,893.0,0,741.811282691317,0,997.8,223.6877792286141,3.1736632412849675,38,,
2018,3,7,11,0,16.3,0,61.2,13.3,326,897.0,0,841.6995522504596,0,997.8,231.01515203458104,2.527112098230329,36,,
2018,3,7,12,0,16.3,24,66.9,13.1,270,892.0,0,885.8524106535011,0,997.8,226.2126395459973,1.484635260001549,38,,
2018,3,7,13,0,16.4,45,65.6,13,248,873.0,1,869.3486382358501,0,997.9,64.45459221077431,1.5829675235127902,44,,
2018,3,7,14,0,16.4,61,41.6,13,293,833.0,39,789.5459247706652,0,997.9,63.43684810954289,3.2937237653465647,53,,
2018,3,7,15,0,16.3,74,35.9,13,248,767.0,22,650.8399537370087,0,998.2,66.31085907301588,4.8114222830840765,64,,
2018,3,7,16,0,16,84,40,13,131,655.0,0,460.0304321835538,0,998.6,69.83699820498327,5.673371635103015,75,,
2018,3,7,17,0,15.7,94,59.1,13.1,32,444.0,0,232.48249944796305,0,999,78.6601157376474,5.495465967347328,86,,
2018,3,7,18,0,15.3,104,70,13,0,154.0,0,38.0435085214447,0,999.5,91.57366405410257,4.711737999665653,97,,
2018,3,7,19,0,14.8,115,78.3,12.8,0,0.0,0,0.0,0,1000.1,98.18422377749404,4.203454759843248,108,,
2018,3,7,20,0,14.3,128,83,12.6,0,0.0,0,0.0,0,1000.7,107.47141057769085,4.848173078579149,118,,
2018,3,7,21,0,14.1,142,82.6,12.6,0,0.0,0,0.0,0,1000.9,125.29861886093032,4.380553399403091,126,,
2018,3,7,22,0,14.1,160,60.3,12.8,0,0.0,0,0.0,0,1000.8,169.90028169396146,2.897189650581589,131,,
2018,3,7,23,0,14.1,180,47.7,12.9,0,0.0,0,0.0,0,1000.7,222.55209174169244,4.126771495918634,133,,
2018,3,8,0,0,14.1,-160,47.1,12.9,0,0.0,0,0.0,0,1000.5,226.27177863378088,4.56572685702504,131,,
2018,3,8,1,0,14,-143,16.9,12.8,0,0.0,0,0.0,0,1000.4,215.522491356965,4.925483010903732,126,,
2018,3,8,2,0,14,-128,0,12.7,0,0.0,0,0.0,0,1000.2,212.8414840749737,5.244157730728183,118,,
2018,3,8,3,0,14,-115,0,12.7,0,0.0,0,0.0,0,1000.2,208.8796996390309,4.909379677676201,108,,
2018,3,8,4,0,14,-104,0.7,12.7,1,0.0,0,0.0,0,1000.4,200.27991580697008,4.316399621742648,97,,
2018,3,8,5,0,14,-94,34.4,12.7,28,0.0,0,0.0,0,1000.6,193.9112888687522,4.235560803635438,86,,
2018,3,8,6,0,14.5,-84,65.3,12.9,68,453.0,0,23.00000000000003,0,1000.8,197.6036153121057,4.533589883632086,75,,
2018,3,8,7,0,15.3,-74,71,13.2,122,692.0000000000001,0,188.40183076483308,0,1001,181.2877925539999,3.3892837983300708,64,,
2018,3,8,8,0,16.2,-61,71.3,13.5,172,817.0000000000001,0,397.2628912624139,0,1001.1,192.38671420818187,3.747887691995787,54,,
2018,3,8,9,0,16.7,-45,72.6,13.5,203,875.0,0,588.7872659244256,0,1001,194.8265968056191,3.4041124076129896,45,,
2018,3,8,10,0,16.9,-24,69.5,13.2,255,896.0,0,740.5473051594822,0,1000.6,200.2443095289814,3.4452497429008546,38,,
2018,3,8,11,0,17.1,0,58.1,12.8,361,896.0,0,837.6241150385389,0,1000.1,199.06743567828624,2.6926551102789844,36,,
2018,3,8,12,0,17.2,24,43.3,12.6,463,874.0,7,873.9818828693375,0,999.7,187.98898347130304,1.4158406116589657,38,,
2018,3,8,13,0,17.3,45,26.5,12.6,385,839.0,156,848.4973368563955,0,999.4,123.14667080883044,0.7353900225588346,45,,
2018,3,8,14,0,17.3,61,28.3,12.6,325,803.0,109,770.3446949409445,0,999.1,56.41482432268936,2.66306647645773,54,,
2018,3,8,15,0,17.1,73,12.5,12.6,156,734.0,197,631.6560427832032,0,999,59.00678647931,4.967807206492218,64,,
2018,3,8,16,0,16.7,84,30.2,12.6,71,621.0,104,443.2083733661721,0,999.1,65.03101268089773,5.574208185390414,75,,
2018,3,8,17,0,16.3,94,16.9,12.7,28,418.0,0,221.12178557175605,0,999.2,75.42076392231536,5.285927095326854,86,,
2018,3,8,18,0,16,104,1.1,12.8,0,133.0,0,33.81184530717624,0,999.3,84.9860459896837,3.782295437202196,98,,
2018,3,8,19,0,15.9,115,54.8,13,0,0.0,0,0.0,0,999.5,115.21655900222449,2.7976066974852345,108,,
2018,3,8,20,0,15.7,127,84.3,13.1,0,0.0,0,0.0,0,999.6,198.61552111985512,2.449696495758875,118,,
2018,3,8,21,0,15.5,142,83.6,13.3,0,0.0,0,0.0,0,999.5,220.2959472824851,4.273262341133302,126,,
2018,3,8,22,0,15.3,160,64.9,13.5,0,0.0,0,0.0,0,999.2,205.7521451368343,5.0561188229306655,131,,
2018,3,8,23,0,15.1,-180,52.8,13.6,0,0.0,0,0.0,0,998.9,199.9610397017605,5.794906513333893,133,,
2018,3,9,0,0,15,-160,51.2,13.8,0,0.0,0,0.0,0,998.8,204.1179483955898,6.906883007918595,131,,
2018,3,9,1,0,14.9,-142,18.4,13.9,0,0.0,0,0.0,0,998.7,205.89712870867305,7.474193843538086,126,,
2018,3,9,2,0,14.9,-127,0,14,0,0.0,0,0.0,0,998.6,207.8245392803073,7.758890436277248,118,,
2018,3,9,3,0,14.7,-115,0,14,0,0.0,0,0.0,0,998.8,208.7386532877098,7.968340743532255,108,,
2018,3,9,4,0,14.5,-104,0,13.8,0,0.0,1,0.0,0,999.2,203.03909735059915,7.427914432948203,98,,
2018,3,9,5,0,14.4,-94,0,13.6,20,0.0,40,0.0,0,999.6,196.7914121945757,7.079435122000489,87,,
2018,3,9,6,0,14.7,-84,0.2,13.7,46,305.0,174,23.000000000000018,0,1000.1,198.39354129630732,7.584758918422507,75,,
2018,3,9,7,0,15.5,-73,12.2,13.9,162,647.0,199,180.2954708839295,0,1000.6,200.56993127283283,7.663652236021227,64,,
2018,3,9,8,0,16.4,-60,32.4,14.1,335,816.0000000000001,64,393.0254099230716,0,1001.1,201.39064033704605,7.101487770988325,54,,
2018,3,9,9,0,16.8,-44,46.2,13.9,397,874.0,0,585.167653392605,0,1001.4,210.6005535541647,6.981547886496055,45,,
2018,3,9,10,0,16.9,-24,54.7,13.4,376,895.0,0,738.6544834175761,0,1001.5,226.50429829862333,8.54225967527453,39,,
2018,3,9,11,0,17,0,63.9,12.9,311,901.0,0,839.9904618297448,0,1001.6,229.5510637550864,8.19572098971273,36,,
2018,3,9,12,0,16.9,24,66.3,12.4,279,892.0,0,882.902596314875,0,1001.8,231.6125815284516,7.29030104292246,39,,
2018,3,9,13,0,16.6,45,65.4,12,256,870.0,0,864.7911756282203,0,1002,227.70890731799184,6.542005986223191,45,,
2018,3,9,14,0,16.4,60,64.3,11.6,213,832.0000000000001,0,784.5792815007229,0,1002.3,218.84395722428863,5.623161423401857,54,,
2018,3,9,15,0,15.9,73,52.5,11,189,769.0,0,646.1349251524097,0,1002.8,226.67070776751427,4.535628866693668,64,,
2018,3,9,16,0,15.2,84,40.1,10.4,123,646.0,0,451.1021765309291,0,1003.5,242.9216021663416,3.680270138756117,75,,
2018,3,9,17,0,14.5,94,13.3,9.7,32,415.0,0,217.98054650133145,0,1004.2,239.3559314185817,4.389904553640129,87,,
2018,3,9,18,0,13.7,104,0,9.2,0,116.0,0,29.426072457655312,0,1004.8,242.7946138908446,4.904370209006241,98,,
2018,3,9,19,0,12.9,115,0,8.7,0,0.0,0,0.0,0,1005.5,225.90737691637523,3.7609469611346458,109,,
2018,3,9,20,0,12.2,127,0,8.2,0,0.0,0,0.0,0,1006.2,234.3901187416477,6.013123906374052,118,,
2018,3,9,21,0,12,142,0,8.1,0,0.0,0,0.0,0,1006.6,215.23657302265627,5.773097527680092,126,,
2018,3,9,22,0,12.3,160,0,8.3,0,0.0,0,0.0,0,1006.8,203.352375302256,5.947920729663038,132,,
2018,3,9,23,0,12.7,-180,0,8.6,0,0.0,0,0.0,0,1006.9,204.45656142053232,6.611795329457627,134,,
2018,3,10,0,0,12.8,-160,0,8.6,0,0.0,0,0.0,0,1007,209.7882819476985,8.03536971072488,132,,
2018,3,10,1,0,12.8,-142,0,8.4,0,0.0,0,0.0,0,1007.1,211.15652386473616,9.010090919442346,126,,
2018,3,10,2,0,12.8,-127,0,8.2,0,0.0,0,0.0,0,1007.2,214.2620051039576,9.842762394969007,118,,
2018,3,10,3,0,12.8,-115,0,8.2,0,0.0,0,0.0,0,1007.4,213.64115948876508,9.51901635682113,109,,
2018,3,10,4,0,12.8,-104,0.4,8.2,1,0.0,0,0.0,0,1007.8,215.03206990399235,9.69996031846454,98,,
2018,3,10,5,0,12.8,-94,22,8.3,38,0.0,0,0.0,0,1008.2,215.26561184650149,10.471487387709631,87,,
2018,3,10,6,0,13.5,-84,47.2,8.4,105,89.0,1,21.000000000000007,0,1008.5,212.96416596109933,11.020811010000386,75,,
2018,3,10,7,0,14.7,-73,34.8,8.5,210,197.0,76,123.31116485957112,0,1008.7,213.9542694387,11.072047386367087,64,,
2018,3,10,8,0,16,-60,31.7,8.5,343,499.0,59,319.79626197487096,0,1008.8,213.8441733566794,11.12742639987802,54,,
2018,3,10,9,0,16.6,-44,64.7,8.4,239,710.0,9,529.6589391560262,0,1008.7,220.44678833900565,11.292897308978675,45,,
2018,3,10,10,0,16.8,-24,71.9,8.2,236,867.0,0,719.4161368074633,0,1008.5,228.9818962168616,11.50288830901992,39,,
2018,3,10,11,0,16.9,0,68,7.9,275,912.0,0,836.731060713707,0,1008.2,233.97855127325727,11.630230214152045,37,,
2018,3,10,12,0,16.9,24,69.5,7.8,252,903.0,0,880.0900554431068,0,1007.9,237.29369448292323,10.956063525326128,39,,
2018,3,10,13,0,17,44,76.8,7.9,173,878.0,0,860.5114577628074,0,1007.6,235.279641444502,11.161760363791924,45,,
2018,3,10,14,0,17,60,70.3,8.1,169,840.0,0,780.868008645362,0,1007.3,237.7522197565983,11.169724103974737,54,,
2018,3,10,15,0,16.6,73,54.8,8.2,179,773.0,0,641.1505806974101,0,1007.2,238.89976564704523,10.933317038525868,65,,
2018,3,10,16,0,16.1,84,33.5,8.5,120,653.0,10,447.5263775801442,0,1007.2,239.7238805305153,10.333785186907011,76,,
2018,3,10,17,0,15.4,94,8.9,8.7,33,411.0,6,212.50860226883685,0,1007.3,239.24888163311743,10.311674662999462,87,,
2018,3,10,18,0,14.4,104,0,8.7,0,98.0,0,25.05830442053836,0,1007.4,232.86615455027305,10.472083776493696,98,,
2018,3,10,19,0,13.2,114,0,8.7,0,0.0,0,0.0,0,1007.4,224.2513337587465,10.371497128790455,109,,
2018,3,10,20,0,12,127,0,8.6,0,0.0,0,0.0,0,1007.5,220.66005506223732,10.457393493192049,119,,
2018,3,10,21,0,11.5,142,0,8.6,0,0.0,0,0.0,0,1007.3,226.16568545681872,10.75159469408965,127,,
2018,3,10,22,0,11.6,160,0,8.8,0,0.0,0,0.0,0,1006.8,230.84969563918412,10.542382132459537,132,,
2018,3,10,23,0,11.8,-180,0,8.9,0,0.0,0,0.0,0,1006.3,236.1017473239793,10.957703432078564,134,,
2018,3,11,0,0,11.9,-160,0.6,8.9,0,0.0,0,0.0,0,1005.9,238.43293380477715,10.402284072664685,132,,
2018,3,11,1,0,11.9,-142,33.6,8.9,0,0.0,0,0.0,0,1005.5,254.688226984592,6.453188787334416,127,,
2018,3,11,2,0,11.9,-127,52,8.9,0,0.0,0,0.0,0,1005.2,292.123854863196,5.397400266424715,119,,
2018,3,11,3,0,12,-114,52,9,0,0.0,0,0.0,0,1005,337.3974227787833,3.796743712490545,109,,
2018,3,11,4,0,12.2,-103,50.7,9.2,0,0.0,1,0.0,0,1004.9,41.930492111826425,6.360829878149398,98,,
2018,3,11,5,0,12.4,-93,19.6,9.4,26,0.0,26,0.0,0,1004.9,72.44689357539085,10.55442530760254,87,,
2018,3,11,6,0,13.3,-83,33.1,9.6,100,263.0,19,21.000000000000018,0,1004.9,75.324462663644,12.423618585348445,76,,
2018,3,11,7,0,14.8,-72,20.9,9.9,128,526.0,216,160.71364960626042,0,1004.8,73.55381829944372,11.637258570284091,65,,
2018,3,11,8,0,16.3,-60,24.9,10.3,306,772.0,123,375.7503554286204,0,1004.8,72.36829928606727,12.793118087246356,54,,
2018,3,11,9,0,17,-44,49.3,10.4,361,883.0,3,580.3902739304931,0,1004.6,74.52450259810132,12.414445538670185,46,,
2018,3,11,10,0,17.2,-23,40.2,10.2,432,879.0,61,735.8828757949938,0,1004.4,71.01457633579673,13.379692388674204,39,,
2018,3,11,11,0,17.3,0,46.2,10.1,420,885.0,34,836.3442822250952,0,1004.1,71.45639314264133,13.434299930736344,37,,
2018,3,11,12,0,17.2,24,66.9,10.3,271,872.0,0,877.0117136593656,0,1003.9,72.05471288406153,13.388133445948288,40,,
2018,3,11,13,0,17.1,44,72.5,10.8,196,843.0,0,854.142163199879,0,1003.7,70.29589332742461,12.18231263171813,46,,
2018,3,11,14,0,17,60,66.9,11.3,186,797.0,0,769.2703667565075,0,1003.6,68.41784351538894,11.906531335605631,55,,
2018,3,11,15,0,16.6,73,49,11.7,188,722.0,1,624.6895912485061,0,1003.7,65.5789977361917,11.953753717879248,65,,
2018,3,11,16,0,16.1,83,20.6,12.2,113,583.0,28,423.9005216459237,0,1003.9,65.68431133796673,11.8505741806192,76,,
2018,3,11,17,0,15.6,93,3.4,12.6,25,314.0,16,184.74114430387303,0,1004.1,63.667823404477815,11.282519189867724,87,,
2018,3,11,18,0,15,103,0,12.7,0,44.0,0,15.53108215008704,0,1004.4,60.11574821475756,10.967597936245587,99,,
2018,3,11,19,0,14.5,114,0,12.6,0,0.0,0,0.0,0,1004.7,59.47641045085135,10.556978952524888,109,,
2018,3,11,20,0,13.9,127,0,12.5,0,0.0,0,0.0,0,1005,57.44745693295499,10.471217271804438,119,,
2018,3,11,21,0,13.6,142,0,12.4,0,0.0,0,0.0,0,1005.2,55.61118203510239,10.971515483501756,127,,
2018,3,11,22,0,13.6,160,0,12.4,0,0.0,0,0.0,0,1005.2,54.63309077888732,10.92201934904614,132,,
2018,3,11,23,0,13.6,-180,0,12.4,0,0.0,0,0.0,0,1005.1,50.76764627211361,9.832917983906109,134,,
2018,3,12,0,0,13.5,-159,0,12.1,0,0.0,0,0.0,0,1005.2,45.67429504490548,9.916409195968876,132,,
2018,3,12,1,0,13.3,-141,0,11.6,0,0.0,0,0.0,0,1005.5,38.36734943697752,10.084205593983071,127,,
2018,3,12,2,0,13,-126,0,11,0,0.0,0,0.0,0,1005.7,37.53075796986332,10.685183413443765,119,,
2018,3,12,3,0,12.9,-114,0,10.5,0,0.0,0,0.0,0,1006.1,37.07415437485327,11.012179351191351,109,,
2018,3,12,4,0,12.8,-103,0.8,10,0,0.0,0,0.0,0,1006.7,37.42857401008183,11.092080030875817,98,,
2018,3,12,5,0,12.8,-93,42.2,9.5,19,0.0,0,0.0,0,1007.2,38.935490133630594,11.323910796184672,87,,
2018,3,12,6,0,13.2,-83,50.3,8.9,111,8.0,5,10.0,0,1007.6,39.40772184849925,11.371455764380707,76,,
2018,3,12,7,0,13.9,-72,15.1,8.3,108,19.0,257,58.594910633461,0,1007.9,40.19180466759445,11.449120379584665,65,,
2018,3,12,8,0,14.7,-59,3.1,7.7,126,11.0,440,85.57633231459563,0,1008.2,39.9231696986044,11.66607237846279,55,,
2018,3,12,9,0,15.1,-43,27.8,7.3,348,46.0,168,217.77612039377647,0,1008.3,41.04010163451522,11.749173175858576,46,,
2018,3,12,10,0,15.2,-23,57.2,7.1,346,25.0,1,248.85963247846075,0,1008.4,41.62950145030658,12.08297542529759,40,,
2018,3,12,11,0,15.2,0,44.5,6.9,418,26.0,54,287.0646329156887,0,1008.5,40.218080490826765,12.044093759695668,38,,
2018,3,12,12,0,15.1,24,13.4,6.8,266,73.0,440,413.3015633107224,0,1008.7,41.38652068533321,12.424619455477654,40,,
2018,3,12,13,0,15,44,23.4,6.7,319,46.0,244,346.15267959644893,0,1008.9,40.2759628092345,12.38207746905442,46,,
2018,3,12,14,0,14.8,60,27.2,6.7,331,74.0,86,351.47129785562583,0,1009.2,42.33432037919829,12.694702528164848,55,,
2018,3,12,15,0,14.5,72,14.8,6.8,184,50.0,149,247.94295818645605,0,1009.6,45.901432636861045,13.036132501586025,65,,
2018,3,12,16,0,14,83,30,6.9,94,23.0,59,129.5197325080325,0,1010.2,49.93902593589581,12.832886363993987,76,,
2018,3,12,17,0,13.5,93,14.9,7.1,26,17.0,0,59.63717973488891,0,1010.8,52.04730193537546,12.376721830706575,88,,
2018,3,12,18,0,12.9,103,0.6,7,0,2.0,0,4.28636161845316,0,1011.3,54.56490132268675,12.158597285610822,99,,
2018,3,12,19,0,12.2,114,31.6,6.8,0,0.0,0,0.0,0,1011.8,57.15385392054338,11.350781872681244,110,,
2018,3,12,20,0,11.6,127,50.8,6.7,0,0.0,0,0.0,0,1012.3,57.45106585792803,10.322504404242128,119,,
2018,3,12,21,0,11.3,142,51.3,6.9,0,0.0,0,0.0,0,1012.6,55.86618184163052,10.080583523869503,127,,
2018,3,12,22,0,11.4,160,18.4,7.4,0,0.0,0,0.0,0,1012.7,54.22219069703681,9.9273403764225,133,,
2018,3,12,23,0,11.5,-180,0,8,0,0.0,0,0.0,0,1012.8,52.46324271652463,10.207283148301508,135,,
2018,3,13,0,0,11.5,-159,0,8.1,0,0.0,0,0.0,0,1013,54.14701118301571,10.76297445292632,133,,
2018,3,13,1,0,11.4,-141,0,8,0,0.0,0,0.0,0,1013.1,54.12474354438507,10.688866424769632,127,,
2018,3,13,2,0,11.3,-126,0,7.9,0,0.0,0,0.0,0,1013.2,53.12124796335422,11.374609510824651,119,,
2018,3,13,3,0,11.2,-114,0,7.8,0,0.0,0,0.0,0,1013.5,54.25023000479109,11.469769923622271,109,,
2018,3,13,4,0,11.1,-103,0,7.7,0,0.0,1,0.0,0,1013.9,51.69960595269504,11.013784076182064,99,,
2018,3,13,5,0,11,-93,0,7.6,20,0.0,34,0.0,0,1014.3,51.23416432758711,10.466862750393323,87,,
2018,3,13,6,0,11.7,-83,0,7.4,45,38.0,164,18.000000000000004,0,1014.5,49.14053310003629,10.625357453560335,76,,
2018,3,13,7,0,12.9,-72,0,7,61,62.0,346,95.24690339089912,0,1014.7,44.02755474181771,10.59915134276064,65,,
2018,3,13,8,0,14.2,-59,0,6.6,71,110.0,517,213.36986034240743,0,1014.8,47.52873464392633,10.658412702700856,55,,
2018,3,13,9,0,14.9,-43,0,6.6,76,148.0,654,337.742949047951,0,1014.6,46.28095877807141,10.587323101619592,46,,
2018,3,13,10,0,15.3,-23,0,6.7,77,107.0,742,378.479760210404,0,1014.1,45.243656452622304,10.392284891730098,40,,
2018,3,13,11,0,15.6,1,0,6.9,75,142.0,774,465.5695004744131,0,1013.7,46.56210802553028,10.76562750806627,38,,
2018,3,13,12,0,15.8,24,0,7.2,71,187.0,745,526.0206518786696,0,1013.3,49.767084101210685,10.97637312104655,40,,
2018,3,13,13,0,15.8,44,0,7.4,69,241.0,654,548.366617409809,0,1012.8,49.64587222429083,9.625213472055018,47,,
2018,3,13,14,0,15.9,59,0,7.7,68,184.0,510,450.6020097320958,0,1012.4,51.05297944411876,9.218752537743171,55,,
2018,3,13,15,0,15.5,72,0,7.9,63,210.0,331,381.1515926740419,0,1012.2,53.59217249941713,9.063820137685845,66,,
2018,3,13,16,0,14.8,83,0,8.1,48,246.0,148,287.9760845274602,0,1012.1,56.89142936973536,9.0070968337016,77,,
2018,3,13,17,0,14.1,93,0,8.2,15,161.0,30,134.55090832860571,0,1012,58.31994526837366,8.892117745396181,88,,
2018,3,13,18,0,13.1,103,0,8.2,0,19.0,0,9.620107332786374,0,1011.9,61.177265800176485,8.519830809534104,99,,
2018,3,13,19,0,11.8,114,0,8.1,0,0.0,0,0.0,0,1011.6,62.24957102374236,8.111958917109819,110,,
2018,3,13,20,0,10.6,126,0,8,0,0.0,0,0.0,0,1011.4,64.44722780001831,8.466825826170812,120,,
2018,3,13,21,0,10.1,142,0.6,7.8,0,0.0,0,0.0,0,1010.9,62.56223114977957,8.652228392096795,128,,
2018,3,13,22,0,10,160,33.5,7.7,0,0.0,0,0.0,0,1010.1,66.95303025346146,7.777240570472205,133,,
2018,3,13,23,0,10.1,-180,50.8,7.6,0,0.0,0,0.0,0,1009.3,77.92466945741523,6.487541372428201,135,,
2018,3,14,0,0,10.3,-159,18.8,7.8,0,0.0,0,0.0,0,1008.5,73.2337566223452,6.299278888985417,133,,
2018,3,14,1,0,10.6,-141,33.7,8.1,0,0.0,0,0.0,0,1007.7,70.40799817188423,7.975414301834352,128,,
2018,3,14,2,0,10.9,-126,52.1,8.5,0,0.0,0,0.0,0,1006.9,73.59166806883422,7.981559876749608,119,,
2018,3,14,3,0,11.2,-113,52,8.8,0,0.0,0,0.0,0,1006.3,74.56700615391776,7.683544917065387,110,,
2018,3,14,4,0,11.6,-102,51.5,9.1,0,0.0,0,0.0,0,1005.9,72.58522227377802,7.458320877839101,99,,
2018,3,14,5,0,11.9,-92,57.3,9.4,19,0.0,0,0.0,0,1005.5,71.51982461900411,7.042091903223874,88,,
2018,3,14,6,0,12.9,-82,61.9,9.7,75,4.0,0,8.0,0,1004.9,64.70979848914237,7.179577192552914,76,,
2018,3,14,7,0,14.3,-71,74.5,10,93,6.0,0,37.77676829003193,0,1004.1,67.24790591978285,7.445839389918817,65,,
2018,3,14,8,0,15.8,-59,73.1,10.3,160,8.0,0,82.54369311085395,0,1003.3,69.14960809283446,6.735784046900164,55,,
2018,3,14,9,0,16.6,-43,58.8,10.4,298,36.0,0,213.5630889057996,0,1002.5,67.51870336153547,6.701416833903849,46,,
2018,3,14,10,0,16.8,-23,58.9,10.5,325,284.0,0,486.037511838395,0,1001.6,64.96474539047767,6.351364798947017,40,,
2018,3,14,11,0,17.1,1,72.7,10.5,222,451.0,0,639.1714089607603,0,1000.7,62.315421746901,6.236413608040422,38,,
2018,3,14,12,0,16.6,24,88.6,10.9,90,404.0,0,646.7964344734232,0,1000,57.30377973417808,6.6365453058652255,41,,
2018,3,14,13,0,15.7,43,91,11.7,60,435.0,0,647.0970864351566,0,999.5,56.47258365740316,7.775923230869793,47,,
2018,3,14,14,0,14.7,59,91.6,12.6,46,462.0,0,600.8365231779144,0,999,58.81617629110633,8.20850369273417,56,,
2018,3,14,15,0,14.1,72,88.3,12.8,38,380.0,0,461.0976580834993,0,999,59.20171982000835,8.466438118660896,66,,
2018,3,14,16,0,13.7,83,65.5,12.6,46,276.0,0,292.45370193920246,0,999.6,59.54607823524907,7.566334784647337,77,,
2018,3,14,17,0,13.3,93,19.6,12.3,17,60.0,0,86.27024036573734,0,1000.1,55.54094582852622,8.213715378289642,88,,
2018,3,14,18,0,12.7,103,0,11.2,0,4.0,0,4.530381391785828,0,1000.9,55.179282836967786,7.412161934205121,99,,
2018,3,14,19,0,11.9,113,0,9.6,0,0.0,0,0.0,0,1001.9,55.29658486385398,6.853433977599028,110,,
2018,3,14,20,0,11.1,126,0,7.9,0,0.0,0,0.0,0,1002.9,49.31141713778902,7.265642883935063,120,,
2018,3,14,21,0,10.6,141,0,7.3,0,0.0,0,0.0,0,1003.6,47.70097719351793,7.502700097105097,128,,
2018,3,14,22,0,10.5,160,0,7.4,0,0.0,0,0.0,0,1004.2,44.144141352018096,6.980696116770069,134,,
2018,3,14,23,0,10.3,-179,0,7.7,0,0.0,0,0.0,0,1004.8,36.16115952646607,6.718580412387794,136,,
2018,3,15,0,0,10.1,-159,0,7.5,0,0.0,0,0.0,0,1005.4,29.97530732786015,6.844465218364716,133,,
2018,3,15,1,0,9.8,-140,0,7.1,0,0.0,0,0.0,0,1006,22.466141175640985,6.705703221736949,128,,
2018,3,15,2,0,9.6,-125,0,6.6,0,0.0,0,0.0,0,1006.7,24.89328254241491,7.732028585994123,120,,
2018,3,15,3,0,9.4,-113,0,6.2,0,0.0,0,0.0,0,1007.4,27.929169689519767,7.796784501706797,110,,
2018,3,15,4,0,9.3,-102,0,5.8,0,0.0,1,0.0,0,1008.3,27.946357812101496,8.859281576427644,99,,
2018,3,15,5,0,9.2,-92,0,5.4,20,0.0,30,0.0,0,1009.1,28.029417026527423,8.749945027314933,88,,
2018,3,15,6,0,9.9,-82,0,4.9,47,2.0,158,4.0,0,1009.6,26.78680565036961,9.81715439398194,77,,
2018,3,15,7,0,11.1,-71,0,4.4,62,15.0,344,51.88872499733095,0,1010,24.32088071008849,8.108253019182772,66,,
2018,3,15,8,0,12.5,-58,0,3.8,69,179.0,521,229.2728920064139,0,1010.3,27.166605710718272,8.184372533919468,55,,
2018,3,15,9,0,13.3,-42,0,3.5,72,325.0,662,400.3665688720296,0,1010.3,29.05305034331684,7.869905356531222,47,,
2018,3,15,10,0,13.8,-22,0,3.4,73,347.0,750,498.21834723346745,0,1010.1,28.63226018825236,7.527717371221605,41,,
2018,3,15,11,0,14.3,1,0,3.3,73,438.0,780,612.0057694925787,0,1010,32.48802171598152,7.139815203201288,39,,
2018,3,15,12,0,14.6,24,0,3.4,72,432.0,747,639.7407636419216,0,1009.9,43.94559549647818,7.204870314585822,41,,
2018,3,15,13,0,14.8,43,0,3.6,70,487.0,653,653.3635769321203,0,1009.8,57.5727410466705,6.568955947050282,47,,
2018,3,15,14,0,14.9,59,0,3.8,66,454.0,510,577.9055418240176,0,1009.7,65.01587942886943,7.4519563834390254,56,,
2018,3,15,15,0,14.5,72,0,4.2,58,589.0,333,542.71775922596,0,1009.8,69.97379521122537,7.431516215702925,66,,
2018,3,15,16,0,13.8,82,0,4.6,42,511.0,149,376.177299103515,0,1010,70.70625612164906,8.390937675034806,77,,
2018,3,15,17,0,12.9,92,0,5.1,13,309.0,30,168.614280824839,0,1010.2,75.96992439859793,8.250770684571314,89,,
2018,3,15,18,0,11.9,102,0,5.4,0,38.0,0,11.836212241996815,0,1010.4,83.69720366196293,7.97250542878845,100,,
2018,3,15,19,0,10.7,113,0,5.6,0,0.0,0,0.0,0,1010.5,89.69535593805745,7.5762789689923,111,,
2018,3,15,20,0,9.5,126,0,5.7,0,0.0,0,0.0,0,1010.7,94.5685800125956,7.622852840001729,120,,
2018,3,15,21,0,9.2,141,0,5.8,0,0.0,0,0.0,0,1010.5,104.68278528690024,7.6613212917233025,129,,
2018,3,15,22,0,9.6,160,0,5.7,0,0.0,0,0.0,0,1010.1,111.61149820114564,7.030348062947146,134,,
2018,3,15,23,0,10.1,-179,0,5.7,0,0.0,0,0.0,0,1009.7,112.3910904906378,6.528334792926396,136,,
2018,3,16,0,0,10.3,-158,0.6,5.6,0,0.0,0,0.0,0,1009.4,106.66134790368062,6.929603429927298,134,,
2018,3,16,1,0,10.1,-140,33.6,5.4,0,0.0,0,0.0,0,1009.3,101.97033647016906,7.726607983091768,128,,
2018,3,16,2,0,9.9,-125,51.5,5.2,0,0.0,0,0.0,0,1009.1,113.18571487112342,8.844463016356992,120,,
2018,3,16,3,0,9.8,-112,26.3,5.3,0,0.0,0,0.0,0,1009.1,118.83612493168329,9.26588787587258,110,,
2018,3,16,4,0,9.8,-102,9.6,5.5,1,0.0,0,0.0,0,1009.2,126.24817423085136,8.630830387050397,99,,
2018,3,16,5,0,9.8,-92,12.7,5.7,30,0.0,9,0.0,0,1009.3,139.0161987596203,6.58850913108864,88,,
2018,3,16,6,0,11.1,-82,30.9,6.3,119,190.0,5,17.00000000000001,0,1009.2,161.00638847525113,5.415966761437752,77,,
2018,3,16,7,0,13.2,-71,40.1,7.2,234,472.0,0,142.7613149054601,0,1009.1,189.39332834356327,5.666310610056752,66,,
2018,3,16,8,0,15.4,-58,44.3,8.1,315,467.0,0,297.1344786516789,0,1009,200.63941365537656,6.284196157959975,56,,
2018,3,16,9,0,16.4,-42,57.5,8.5,296,351.0,0,394.6661795443458,0,1008.7,218.65204159905903,5.625572646979961,47,,
2018,3,16,10,0,16.6,-22,55.5,8.6,355,90.0,1,352.73676883693315,0,1008.1,241.02761611028905,6.940337863635132,41,,
2018,3,16,11,0,16.7,1,40,8.7,464,32.0,29,290.9593548228888,0,1007.6,250.0599265737482,6.193051848149403,39,,
2018,3,16,12,0,16.7,24,42.1,8.8,440,16.0,16,237.2933235503012,0,1006.9,238.99194050180904,4.386069252255858,41,,
2018,3,16,13,0,16.6,43,54.7,9,315,14.0,0,214.75708056756227,0,1006.3,240.9916331907004,3.849361734926384,48,,
2018,3,16,14,0,16.5,59,54.3,9.2,246,28.0,0,243.09152328049245,0,1005.6,286.71903084505675,2.573129380013697,56,,
2018,3,16,15,0,16.3,71,45.7,9.4,194,33.0,0,201.43920274343253,0,1005.2,277.1596725210012,4.756078852106917,67,,
2018,3,16,16,0,15.9,82,62.8,9.6,78,36.0,0,140.29895984878783,0,1004.9,257.5143976570239,3.617035716355341,78,,
2018,3,16,17,0,15.4,92,51.8,9.8,9,26.0,0,62.07573315886727,0,1004.7,226.43983546260435,3.641299500421941,89,,
2018,3,16,18,0,15.1,102,43.5,10.1,0,4.0,0,4.487694938753012,0,1004.5,232.37077564290385,5.7109507340096535,100,,
2018,3,16,19,0,14.9,113,37.3,10.4,0,0.0,0,0.0,0,1004.3,239.59607143729068,7.5163177757817214,111,,
2018,3,16,20,0,14.7,126,44.8,10.7,0,0.0,0,0.0,0,1004.2,235.64867706210063,7.809252502683537,121,,
2018,3,16,21,0,14.6,141,52.2,10.8,0,0.0,0,0.0,0,1003.8,230.2717617040421,8.661752831519387,129,,
2018,3,16,22,0,14.8,160,62.9,10.7,0,0.0,0,0.0,0,1003.3,222.17836284513308,9.801756137179986,134,,
2018,3,16,23,0,14.9,-179,68.9,10.7,0,0.0,0,0.0,0,1002.8,220.64476415290315,10.26161862351005,136,,
2018,3,17,0,0,15.1,-158,69.5,10.9,0,0.0,0,0.0,0,1002.2,226.0996260086212,10.057062480625843,134,,
2018,3,17,1,0,15.1,-140,80.8,11.2,0,0.0,0,0.0,0,1001.6,237.9625285560313,9.981035802450196,128,,
2018,3,17,2,0,15.2,-125,87,11.6,0,0.0,0,0.0,0,1001,237.12847572085536,10.100609969732249,120,,
2018,3,17,3,0,15.3,-112,89.6,12,0,0.0,0,0.0,0,1000.5,240.88316281352223,10.522902063739629,110,,
2018,3,17,4,0,15.3,-101,90.9,12.5,0,0.0,0,0.0,0,1000.1,254.23134563624893,10.545290419611534,99,,
2018,3,17,5,0,15.3,-91,86.2,13,5,0.0,0,0.0,0,999.7,266.3086579448541,10.25002489435848,88,,
2018,3,17,6,0,15.4,-81,87.8,13.5,16,119.0,0,17.000000000000007,0,999.2,281.4537202861179,9.424999585644944,77,,
2018,3,17,7,0,15.6,-70,92.9,14,22,424.0,0,143.38965948282456,0,998.7,282.17616940267305,9.276309554429716,66,,
2018,3,17,8,0,15.9,-58,92.8,14.5,37,604.0,0,336.537926096653,0,998.1,287.06905867968595,8.369134728018999,56,,
2018,3,17,9,0,16.2,-42,79.3,14.8,137,694.0000000000001,0,521.92732299153,0,997.4,292.2560729134468,8.181279695134952,47,,
2018,3,17,10,0,16.5,-22,82.9,14.9,121,754.0,0,672.0586846613016,0,996.5,297.40206239134807,8.75970467468627,41,,
2018,3,17,11,0,16.9,1,93.7,15.1,47,749.0,0,762.3760309280714,0,995.6,298.2150096849547,9.225858621129914,39,,
2018,3,17,12,0,17.1,24,92.3,15,56,743.0,0,801.7105968512448,0,994.7,287.5693667339552,8.222937459962075,42,,
2018,3,17,13,0,17.4,43,90.1,14.9,63,684.0,0,761.4825216861432,0,993.7,290.811129432406,8.921418417155602,48,,
2018,3,17,14,0,17.6,58,82.2,14.8,84,589.0,0,652.8433644081362,0,992.8,279.2851011971461,10.458811776867906,57,,
2018,3,17,15,0,17.8,71,65,14.6,105,124.0,0,302.184368222086,0,992.2,262.89161939714705,11.472456385138262,67,,
2018,3,17,16,0,18,82,50.8,14.5,67,30.0,0,126.26041103071016,0,991.8,251.47270092996447,11.35202023606533,78,,
2018,3,17,17,0,18.2,92,61.6,14.3,16,14.0,0,46.273878793127565,0,991.5,236.49811065234704,12.84430399393726,89,,
2018,3,17,18,0,18.2,102,69.4,14.3,0,1.0,0,2.116563562919995,0,991.4,230.2448728332752,14.059961549742283,100,,
2018,3,17,19,0,17.9,113,76.5,14.5,0,0.0,0,0.0,0,991.5,234.9676601406057,16.456265275732964,111,,
2018,3,17,20,0,17.6,125,80.7,14.6,0,0.0,0,0.0,0,991.7,232.45455339309933,17.282011781013047,121,,
2018,3,17,21,0,17.4,141,80.4,14.7,0,0.0,0,0.0,0,991.6,238.6840083061859,14.602191358386133,129,,
2018,3,17,22,0,17.2,160,29,14.7,0,0.0,0,0.0,0,991.2,270.7020948215228,11.3367886397914,135,,
2018,3,17,23,0,17.1,-179,0,14.7,0,0.0,0,0.0,0,990.9,282.1043315695417,9.693789762910988,137,,
2018,3,18,0,0,16.9,-158,0.6,14.7,0,0.0,0,0.0,0,990.6,291.36032327118505,11.548407059387957,135,,
2018,3,18,1,0,16.7,-140,33.6,14.8,0,0.0,0,0.0,0,990.3,297.8012143435678,12.885283437341815,129,,
2018,3,18,2,0,16.5,-124,52,14.8,0,0.0,0,0.0,0,990.1,290.46907487938074,12.104343094855835,120,,
2018,3,18,3,0,16.4,-112,51.4,14.9,0,0.0,0,0.0,0,990.1,298.04574689791497,17.416793027294702,110,,
2018,3,18,4,0,16.3,-101,51.3,15,0,0.0,0,0.0,0,990.5,293.74286409417766,17.997390884143353,100,,
2018,3,18,5,0,16.3,-91,56.9,15.1,15,0.0,0,0.0,0,990.8,291.3271596727954,18.869078967451024,88,,
2018,3,18,6,0,16.5,-81,74.6,15.5,36,2.0,0,5.0,0,991.2,294.85082369122824,17.530189429381434,77,,
2018,3,18,7,0,17,-70,76.7,16.1,90,11.0,0,43.26850571024665,0,991.5,332.60516420557894,17.076375290567615,66,,
2018,3,18,8,0,17.5,-57,69.9,16.8,164,17.0,0,103.16083069349392,0,991.8,335.8527161396159,16.424499507069083,56,,
2018,3,18,9,0,17.7,-41,82.2,16.8,114,175.0,0,325.79867160897726,0,992.1,335.65112014508776,17.607137468509077,48,,
2018,3,18,10,0,17.6,-22,80.1,16.5,154,315.0,0,494.6549383366809,0,992.3,347.855901331274,18.335115029897693,42,,
2018,3,18,11,0,17.4,1,65.6,16.2,271,93.0,0,394.9735887461532,0,992.5,346.6054463211949,19.541330803002733,40,,
2018,3,18,12,0,17.3,23,74.7,15.9,194,97.0,0,416.6993831916446,0,992.8,3.758652203316615,16.88960041746232,42,,
2018,3,18,13,0,17.2,43,79.4,15.6,135,83.0,0,381.02381527790254,0,993,6.285981688270624,14.475703074456067,48,,
2018,3,18,14,0,17.1,58,53,15.3,234,81.0,0,332.3495068189439,0,993.3,6.709777398061647,13.75534696002376,57,,
2018,3,18,15,0,16.9,71,49,15,186,495.0,0,503.6388618912477,0,993.8,358.9467815130552,13.600930643496485,67,,
2018,3,18,16,0,16.6,82,51.7,14.9,76,435.0,0,345.5080001173045,0,994.4,348.529681462752,14.367765667033774,78,,
2018,3,18,17,0,16.4,92,18.1,14.7,17,202.0,0,132.5843051256896,0,995,344.04512875538023,14.194752339389124,90,,
2018,3,18,18,0,15.9,102,0,14.5,0,9.0,0,5.000724441824978,0,995.5,338.04183393861274,16.40490258632945,101,,
2018,3,18,19,0,15.4,113,0,14.3,0,0.0,0,0.0,0,996,333.5687582831381,17.11087992594632,112,,
2018,3,18,20,0,14.8,125,0,14,0,0.0,0,0.0,0,996.5,331.1742634049328,18.824481179394404,121,,
2018,3,18,21,0,14.6,141,0,13.9,0,0.0,0,0.0,0,996.5,330.6332518170834,19.39989709144758,130,,
2018,3,18,22,0,14.7,160,0,13.9,0,0.0,0,0.0,0,996.2,327.10109043378617,19.74310149812029,135,,
2018,3,18,23,0,14.8,-179,0,13.9,0,0.0,0,0.0,0,995.9,325.30520201026684,19.906383463054336,137,,
2018,3,19,0,0,15,-158,0.4,13.9,0,0.0,0,0.0,0,995.5,323.57496136547786,20.03014475768236,135,,
2018,3,19,1,0,15.3,-139,21.8,14,0,0.0,0,0.0,0,995,321.08405293151526,21.655065844034304,129,,
2018,3,19,2,0,15.6,-124,41,14.2,0,0.0,0,0.0,0,994.5,320.79698756004586,21.09805598636901,121,,
2018,3,19,3,0,15.9,-111,44.3,14.3,0,0.0,0,0.0,0,994.2,322.12465352142846,20.28813351108009,111,,
2018,3,19,4,0,16.3,-101,16.7,14.3,0,0.0,0,0.0,0,994,323.3191506039583,20.05211110464048,100,,
2018,3,19,5,0,16.7,-91,45.4,14.4,10,0.0,0,0.0,0,993.8,324.6254271842836,19.749889737135284,89,,
2018,3,19,6,0,17.2,-80,69.6,14.8,50,14.0,0,10.0,0,993.6,326.26288604995545,19.461505852496824,77,,
2018,3,19,7,0,17.7,-70,88.7,15.3,33,31.0,0,65.46583585568138,0,993.5,326.09788798959704,18.369559079341684,67,,
2018,3,19,8,0,18.2,-57,93.8,15.9,40,23.0,0,116.89929188260416,0,993.3,326.4380456002096,17.321829922510933,56,,
2018,3,19,9,0,18.5,-41,95.8,16.3,33,24.0,0,176.2659521860776,0,993,336.3203914649396,18.1302232549559,48,,
2018,3,19,10,0,18.6,-21,93.1,16.4,56,23.0,0,222.9775437320976,0,992.8,342.01609166729565,16.33904378393246,42,,
2018,3,19,11,0,18.6,1,95.7,16.5,41,25.0,0,261.63256918894444,0,992.5,359.5927184673159,14.42516913356167,40,,
2018,3,19,12,0,18.3,23,99,16.3,21,26.0,0,276.64194457545784,0,992.6,4.958434709103983,15.702072992718314,43,,
2018,3,19,13,0,17.8,43,97.9,15.8,20,11.0,0,190.30217862289845,0,993,14.015420771237077,15.152497072715208,49,,
2018,3,19,14,0,17.3,58,85.9,15.2,65,9.0,0,151.32871710898843,0,993.4,15.2853981508203,13.208718305787825,57,,
2018,3,19,15,0,16.7,71,62.5,14.1,112,24.0,0,173.50358458595753,0,994.1,13.02553445632907,12.954163922656925,68,,
2018,3,19,16,0,16.2,81,27.2,12.7,82,92.0,9,185.7696890340452,0,994.9,18.27971231189281,14.560967837516062,79,,
2018,3,19,17,0,15.6,91,4.6,11.2,21,108.0,5,98.81069493331654,0,995.8,14.78179308853288,13.893150181591984,90,,
2018,3,19,18,0,15,101,0,10.1,0,10.0,0,5.058113278688619,0,996.7,21.774019528253177,14.22537072273511,101,,
2018,3,19,19,0,14.2,112,0,9.1,0,0.0,0,0.0,0,997.6,16.933571595606566,14.117205395499848,112,,
2018,3,19,20,0,13.5,125,0,8.2,0,0.0,0,0.0,0,998.5,17.357209324247037,14.41137186591326,122,,
2018,3,19,21,0,13.3,141,0,7.9,0,0.0,0,0.0,0,999,22.08835957871128,14.863883232127188,130,,
2018,3,19,22,0,13.5,160,0,8,0,0.0,0,0.0,0,999.2,23.285891928127228,15.042970962940291,136,,
2018,3,19,23,0,13.7,-179,0,8.1,0,0.0,0,0.0,0,999.4,22.58785596446893,14.01791835338533,138,,
2018,3,20,0,0,13.7,-157,0,8.2,0,0.0,0,0.0,0,999.7,20.15015969083589,13.20626459657988,135,,
2018,3,20,1,0,13.5,-139,0,8.4,0,0.0,0,0.0,0,999.9,22.705140495461706,13.463544058538208,129,,
2018,3,20,2,0,13.3,-124,0,8.6,0,0.0,0,0.0,0,1000.1,23.38576229998654,13.46366156469953,121,,
2018,3,20,3,0,13.2,-111,0,8.6,0,0.0,0,0.0,0,1000.8,31.345739395997725,13.439909239963496,111,,
2018,3,20,4,0,13,-100,0,8.6,0,0.0,0,0.0,0,1001.8,37.127165794324185,13.69095832864743,100,,
2018,3,20,5,0,12.9,-90,0.6,8.6,22,0.0,9,0.0,0,1002.8,41.95840019976674,13.38811568448146,89,,
2018,3,20,6,0,13.1,-80,0.8,8.5,68,91.0,93,14.000000000000004,0,1003.8,45.19124918612352,13.240026755702075,78,,
2018,3,20,7,0,13.7,-69,25.5,8.4,192,376.0,56,128.71736969819773,0,1004.8,47.22772726163612,12.5107096021831,67,,
2018,3,20,8,0,14.4,-56,14.5,8.4,157,563.0,325,315.84765437195426,0,1005.8,50.09933465697708,12.43047260751641,57,,
2018,3,20,9,0,14.7,-41,11.4,8,243,673.0,364,502.4018276548388,0,1006.6,52.98028753406169,12.6423283738965,48,,
2018,3,20,10,0,14.8,-21,26,7.4,402,810.0,176,654.0875199005084,0,1007.3,58.6592964727148,12.111135453265096,43,,
2018,3,20,11,0,14.9,1,62.6,6.8,254,836.0,48,758.1875710434933,0,1008,62.43741727453107,11.809276819742122,41,,
2018,3,20,12,0,14.8,23,32.8,6.5,151,838.0,362,802.4182949150871,0,1008.6,68.83627425765087,11.09212989797546,43,,
2018,3,20,13,0,14.6,42,50.8,6.4,153,822.0000000000001,203,785.6036372439509,0,1009.1,73.86753993992903,10.50777025746076,49,,
2018,3,20,14,0,14.4,58,59.9,6.4,205,787.0,0,708.5820456855408,0,1009.6,81.04160388041987,10.322696996533503,58,,
2018,3,20,15,0,14,70,41.8,6.5,198,723.0,1,571.2403626598239,0,1010.4,85.50875292955675,10.375855195177136,68,,
2018,3,20,16,0,13.5,81,15.4,6.8,89,606.0,31,384.5256172929281,0,1011.3,91.15895438060318,10.368576181022885,79,,
2018,3,20,17,0,12.9,91,1.2,7,14,357.0,17,161.22411102789783,0,1012.2,101.82777640388792,9.975469689198343,90,,
2018,3,20,18,0,12.2,101,0,7,0,25.0,0,6.510658205329094,0,1013.2,111.5851131033553,9.24711343471388,101,,
2018,3,20,19,0,11.4,112,0,6.7,0,0.0,0,0.0,0,1014.2,119.76936222293102,9.00081632475024,112,,
2018,3,20,20,0,10.6,125,0,6.4,0,0.0,0,0.0,0,1015.3,131.19732806714717,9.001247385790393,122,,
2018,3,20,21,0,10.3,140,0,6.5,0,0.0,0,0.0,0,1015.9,131.64679877179017,8.585779624230284,130,,
2018,3,20,22,0,10.2,160,0,6.8,0,0.0,0,0.0,0,1016.1,132.5851431114732,8.61636618731907,136,,
2018,3,20,23,0,10.1,-179,0,7.2,0,0.0,0,0.0,0,1016.4,128.2085377934361,8.084530635201215,138,,
2018,3,21,0,0,9.9,-157,0,7.2,0,0.0,0,0.0,0,1016.6,138.15732099349134,7.970675534997706,136,,
2018,3,21,1,0,9.6,-139,0,7,0,0.0,0,0.0,0,1016.8,146.31236692508023,7.96819519654763,130,,
2018,3,21,2,0,9.4,-123,0,6.8,0,0.0,0,0.0,0,1017.1,169.71759501379495,7.02468233459356,121,,
2018,3,21,3,0,9.2,-111,0,6.5,0,0.0,0,0.0,0,1017.5,179.05461089553555,7.546437410735395,111,,
2018,3,21,4,0,9.1,-100,0,6.3,0,0.0,0,0.0,0,1017.9,178.48633622153466,8.271929426053816,100,,
2018,3,21,5,0,9.1,-90,0,6.1,15,0.0,23,0.0,0,1018.4,177.34893852248945,9.74382680699954,89,,
2018,3,21,6,0,10,-80,0,6.2,38,149.0,144,11.000000000000009,0,1018.7,183.021756638668,10.08237801937961,78,,
2018,3,21,7,0,11.8,-69,0,6.4,54,596.0,323,131.45352259170673,0,1018.9,186.9152065746968,9.939984976567173,67,,
2018,3,21,8,0,13.6,-56,0,6.7,63,775.0,493,335.8691327894952,0,1019.1,188.6537217161741,10.446316167962616,57,,
2018,3,21,9,0,14.6,-40,0,6.7,70,848.0,626,525.7146181627106,0,1019.1,190.73849253540752,10.542532675432168,49,,
2018,3,21,10,0,15.1,-21,0,6.5,74,866.0,709,676.4965897255929,0,1018.9,195.8350305565997,10.863678017907691,43,,
2018,3,21,11,0,15.4,1,0,6.3,76,878.0,734,777.9920358532447,0,1018.7,200.00935591306805,10.79025050424002,41,,
2018,3,21,12,0,15.6,23,0,6.3,76,868.0,699,818.1335338062312,0,1018.4,198.9548674448912,10.720222933580912,43,,
2018,3,21,13,0,15.7,42,0,6.4,73,846.0,608,798.6693971911891,0,1018.1,198.839540296174,10.976990307925188,50,,
2018,3,21,14,0,15.7,58,0,6.5,67,801.0,468,714.432676974501,0,1017.7,198.03166538560745,11.451341940397576,58,,
2018,3,21,15,0,15.5,70,0,6.8,57,726.0,296,572.3190247827384,0,1017.6,195.3401854184505,11.508915332332938,68,,
2018,3,21,16,0,14.9,81,0,7.2,38,588.0,120,376.1352677637697,0,1017.7,196.31235475890853,11.587553627955874,79,,
2018,3,21,17,0,14.3,91,0,7.6,11,322.0,21,150.35916095090664,0,1017.8,193.49180501418456,11.634300728539584,90,,
2018,3,21,18,0,13.4,101,0,7.8,0,18.0,0,4.710725909202141,0,1017.8,190.52618585393245,10.875647594090172,102,,
2018,3,21,19,0,12.3,112,0,7.9,0,0.0,0,0.0,0,1017.5,189.3299103038053,10.107835431322806,113,,
2018,3,21,20,0,11.2,125,0,8,0,0.0,0,0.0,0,1017.3,196.66435820982616,10.36959391235649,122,,
2018,3,21,21,0,10.9,140,0,8.2,0,0.0,0,0.0,0,1016.9,198.61425626018828,11.274084613227574,131,,
2018,3,21,22,0,11.3,160,0,8.4,0,0.0,0,0.0,0,1016.4,195.6397439663491,10.334785656747936,136,,
2018,3,21,23,0,11.7,-179,0,8.7,0,0.0,0,0.0,0,1015.9,194.54979920763108,9.93583310140349,138,,
2018,3,22,0,0,12.1,-157,0.1,9.1,0,0.0,0,0.0,0,1015.4,190.87030384598603,10.13398673519202,136,,
2018,3,22,1,0,12.6,-138,5.3,9.6,0,0.0,0,0.0,0,1014.8,189.57795933557992,10.599662349042072,130,,
2018,3,22,2,0,13,-123,56,10,0,0.0,0,0.0,0,1014.3,192.3830610127979,10.847325928177789,121,,
2018,3,22,3,0,13.2,-110,82.5,10.5,0,0.0,0,0.0,0,1013.9,191.58012749605933,10.965388725824877,111,,
2018,3,22,4,0,13.1,-100,59.8,10.9,0,0.0,0,0.0,0,1013.7,187.2674209894164,10.977592428088034,100,,
2018,3,22,5,0,13.1,-90,51.5,11.3,15,0.0,0,0.0,0,1013.4,186.54703377741703,10.73185200866099,89,,
2018,3,22,6,0,14,-79,44.5,11.8,97,33.0,0,9.000000000000002,0,1013,187.91511085952612,10.701314734076092,78,,
2018,3,22,7,0,15.6,-68,60,12.5,126,153.0,0,89.49765556461551,0,1012.5,191.1581214413681,11.167646522850248,67,,
2018,3,22,8,0,17.3,-56,72,13.2,148,312.0,0,237.20179119049263,0,1012,194.8859016091962,11.244562657639126,57,,
2018,3,22,9,0,18.1,-40,71.4,13.3,192,460.0,0,406.7541475080578,0,1011.3,201.0390081645725,11.403773253150687,49,,
2018,3,22,10,0,18.4,-20,76,13.1,180,463.0,0,520.913820009204,0,1010.6,209.3966367966825,12.933888175375952,43,,
2018,3,22,11,0,18.7,1,67.3,12.8,255,672.0,0,686.5942109811341,0,1009.9,214.92118290093504,15.675862773851527,41,,
2018,3,22,12,0,18.8,23,43.5,12.8,407,635.0,9,707.3388409696743,0,1009.1,216.16523947285893,15.456442360195808,44,,
2018,3,22,13,0,18.8,42,28.8,12.9,395,631.0,66,692.4341314243434,0,1008.3,212.13509138376125,15.695358437698305,50,,
2018,3,22,14,0,18.8,57,44.4,13.1,255,577.0,37,607.2580900265432,0,1007.4,213.89893273985305,15.93724110897946,59,,
2018,3,22,15,0,18.4,70,19.8,13.3,120,499.0,117,470.88622686251335,0,1006.8,212.82150475391344,15.518017788918865,69,,
2018,3,22,16,0,17.6,81,0,13.5,52,432.0,87,316.9618492538138,0,1006.4,211.3190706024629,15.657209129040655,80,,
2018,3,22,17,0,16.9,91,0,13.7,14,248.0,12,128.01566590017,0,1006.1,210.74795028824607,14.8624926985746,91,,
2018,3,22,18,0,16.4,101,0,13.7,0,10.0,0,3.896572140722616,0,1005.5,210.05640402223057,13.9683768907424,102,,
2018,3,22,19,0,16.2,112,0,13.5,0,0.0,0,0.0,0,1004.8,209.3951240151026,14.59930562701699,113,,
2018,3,22,20,0,16,124,0,13.3,0,0.0,0,0.0,0,1004.1,210.45143649247112,15.583714636899249,123,,
2018,3,22,21,0,16.2,140,0,13.2,0,0.0,0,0.0,0,1003.2,212.58182047303296,15.943164626575523,131,,
2018,3,22,22,0,16.7,159,0,13.1,0,0.0,0,0.0,0,1002,215.73975877719104,16.165986477128627,137,,
2018,3,22,23,0,17.3,-178,0,13.1,0,0.0,0,0.0,0,1000.8,216.6524828433226,16.48366359603868,139,,
2018,3,23,0,0,17.7,-157,1,13.1,0,0.0,0,0.0,0,999.8,215.6276308488804,17.13718218032214,136,,
2018,3,23,1,0,17.9,-138,53.5,13.3,0,0.0,0,0.0,0,998.9,215.2322460707889,17.84591219774245,130,,
2018,3,23,2,0,18.2,-123,82.3,13.4,0,0.0,0,0.0,0,998,215.1686985477368,17.8044783783734,122,,
2018,3,23,3,0,18,-110,77.9,13.7,0,0.0,0,0.0,0,997.7,213.86152425658747,17.355314267381292,112,,
2018,3,23,4,0,17.4,-99,28.2,14,0,0.0,0,0.0,0,997.6,212.9977496280528,17.108928902789405,101,,
2018,3,23,5,0,16.8,-89,44.6,14.4,8,0.0,0,0.0,0,997.7,212.89193785548915,16.615126653734393,89,,
2018,3,23,6,0,16.4,-79,73.5,14.6,36,79.0,0,10.000000000000004,0,997.4,212.68217374898845,16.602676327309997,78,,
2018,3,23,7,0,16.3,-68,75.5,14.7,80,361.0,0,111.3069407026526,0,996.8,213.40881005489044,16.38721401661948,67,,
2018,3,23,8,0,16.2,-55,79.3,14.8,102,422.0,0,261.47100775678064,0,996.2,214.21240587125664,16.56341861840443,58,,
2018,3,23,9,0,16.8,-40,78.9,14.9,137,505.0,0,420.4617204523368,0,995.6,215.9802327651804,16.733120701190554,49,,
2018,3,23,10,0,17.8,-20,82.8,15,124,536.0,0,560.2845863207554,0,995.1,218.7194297752434,16.708313866633286,44,,
2018,3,23,11,0,18.9,2,80.8,15.1,145,568.0000000000001,0,654.1467351740149,0,994.6,219.9993777277369,16.551049547899606,42,,
2018,3,23,12,0,18.8,23,70.4,15,212,620.0,0,712.4371280302059,0,994.7,219.62214561456813,15.73020528644222,44,,
2018,3,23,13,0,17.8,42,62.5,14.7,230,695.0000000000001,4,734.5621264932785,0,995.2,221.420892553392,15.57464227418658,50,,
2018,3,23,14,0,16.7,57,21.9,14.3,136,676.0,230,662.0606196485273,0,995.8,221.33016249486244,15.190094906665532,59,,
2018,3,23,15,0,15.6,70,0.9,13.5,77,602.0,241,521.429116400987,0,996.8,220.52964765505885,14.378883322417932,69,,
2018,3,23,16,0,14.6,80,2.1,12.3,50,321.0,83,278.407796666694,0,998.2,220.7503883389632,13.931500178401546,80,,
2018,3,23,17,0,13.6,90,0.9,11.1,13,70.0,11,72.09883551881089,0,999.7,219.97181734222184,14.156043350109291,91,,
2018,3,23,18,0,12.8,100,0,9.9,0,3.0,0,2.252843080364241,0,1000.9,216.6591606928652,14.364159659633147,102,,
2018,3,23,19,0,12.3,111,0,8.7,0,0.0,0,0.0,0,1001.9,212.67396876643772,15.010007033581518,113,,
2018,3,23,20,0,11.8,124,0,7.6,0,0.0,0,0.0,0,1002.9,208.94005017025933,15.371103754488685,123,,
2018,3,23,21,0,11.5,140,0,7.2,0,0.0,0,0.0,0,1003.6,208.8579588639357,15.670044401284846,132,,
2018,3,23,22,0,11.4,159,0,7.2,0,0.0,0,0.0,0,1004.2,208.6071280873924,15.749278258256613,137,,
2018,3,23,23,0,11.3,-178,0,7.4,0,0.0,0,0.0,0,1004.8,210.09481899803987,15.955264623333926,139,,
2018,3,24,0,0,11.1,-156,0,7.2,0,0.0,0,0.0,0,1005.3,210.38183492274564,16.436617296327235,137,,
2018,3,24,1,0,10.8,-137,0,6.7,0,0.0,0,0.0,0,1005.8,212.32399059111603,15.939498740505952,131,,
2018,3,24,2,0,10.5,-122,0,6.3,0,0.0,0,0.0,0,1006.3,217.0633691299497,15.385732246766167,122,,
2018,3,24,3,0,10.3,-110,0,5.9,0,0.0,0,0.0,0,1006.8,215.14135233722183,14.380909179949413,112,,
2018,3,24,4,0,10,-99,0,5.5,0,0.0,0,0.0,0,1007.3,217.8259283544182,11.95454500527518,101,,
2018,3,24,5,0,9.9,-89,0.7,5.2,14,0.0,18,0.0,0,1007.9,224.5658619355794,11.141222198123796,90,,
2018,3,24,6,0,10.3,-79,1,4.9,40,1.0,131,2.0,0,1008.3,235.91434626044224,9.709313085682142,78,,
2018,3,24,7,0,11.1,-68,29.8,4.6,165,8.0,73,31.75457466285505,0,1008.5,225.044579886142,9.31875869192822,68,,
2018,3,24,8,0,12,-55,21.3,4.4,183,13.0,262,85.66389999136521,0,1008.7,220.23853082584324,7.561893974801883,58,,
2018,3,24,9,0,12.8,-39,2.7,4.4,104,31.0,564,176.9680796548361,0,1008.7,220.02742564085088,8.920573849507004,50,,
2018,3,24,10,0,13.3,-20,1,4.7,76,38.0,687,250.3420716732261,0,1008.5,240.83386160147572,8.088531137145575,44,,
2018,3,24,11,0,13.8,2,49.1,5.1,141,68.0,263,343.5392605063373,0,1008.3,244.13006762906508,7.253779330604334,42,,
2018,3,24,12,0,14.1,23,27.5,5.2,105,153.0,438,455.1959131089728,0,1008.2,288.20997656760034,8.67108468587037,45,,
2018,3,24,13,0,14.3,42,0,5.2,61,212.0,607,483.0369191381183,0,1008,304.1244156524762,11.459980319461431,51,,
2018,3,24,14,0,14.4,57,0.4,5.2,57,432.0,464,549.1224977383182,0,1007.9,335.433699832478,8.762135679858469,59,,
2018,3,24,15,0,14.1,69,21.6,5.2,128,502.0,152,479.43835544634,0,1008,351.448109260738,6.875763954719053,69,,
2018,3,24,16,0,13.7,80,24.4,5.3,91,451.0,11,325.6601776057897,0,1008.3,9.926182168403272,5.438589847348599,80,,
2018,3,24,17,0,13.2,90,7,5.4,17,229.0,4,121.23037524901046,0,1008.6,38.05851529742495,4.258142811972977,91,,
2018,3,24,18,0,12.6,100,0,5.5,0,6.0,0,2.4734960401257444,0,1008.8,69.83808473609429,4.170603926399735,103,,
2018,3,24,19,0,11.9,111,0,5.7,0,0.0,0,0.0,0,1008.9,78.53269159003452,4.828564083787269,114,,
2018,3,24,20,0,11.2,124,0,5.8,0,0.0,0,0.0,0,1009.1,84.46467325823,3.2877921960887395,124,,
2018,3,24,21,0,10.9,140,0,6,0,0.0,0,0.0,0,1008.9,97.04161860537334,2.3300749018503746,132,,
2018,3,24,22,0,10.8,159,0,6.2,0,0.0,0,0.0,0,1008.6,46.13745978222141,1.095748057268611,138,,
2018,3,24,23,0,10.8,-178,0,6.4,0,0.0,0,0.0,0,1008.2,355.64824503662527,1.119683125876236,139,,
2018,3,25,0,0,10.9,-156,0,6.5,0,0.0,0,0.0,0,1008,51.17680118260421,0.3208895811506126,137,,
2018,3,25,1,0,11.1,-137,0,6.6,0,0.0,0,0.0,0,1007.8,116.55831208283564,0.9282739295022304,131,,
2018,3,25,2,0,11.4,-122,0,6.6,0,0.0,0,0.0,0,1007.7,141.74159872355182,1.910277707971708,122,,
2018,3,25,3,0,11.5,-109,0,6.7,0,0.0,0,0.0,0,1007.6,160.3280932929083,2.081442858950563,112,,
2018,3,25,4,0,11.7,-98,0.3,6.9,0,0.0,0,0.0,0,1007.5,135.2501408305053,3.005232459929533,101,,
2018,3,25,5,0,11.9,-88,14.6,7.1,21,0.0,0,0.0,0,1007.5,232.36203788473185,6.061237955968419,90,,
2018,3,25,6,0,12.4,-78,51,7.4,60,0.0,0,2.0,0,1007.4,250.9865082199343,6.361474339717127,79,,
2018,3,25,7,0,13.3,-67,74.6,7.5,84,4.0,0,23.363392578042767,0,1007.3,250.3008500918335,6.767655365298079,68,,
2018,3,25,8,0,14.2,-55,74.3,7.7,139,23.0,0,108.39848034576406,0,1007.2,286.1166718432673,8.07721284479293,58,,
2018,3,25,9,0,14.7,-39,71.1,7.7,193,90.0,0,254.209497376641,0,1006.8,289.1632740860129,9.93040047463715,50,,
2018,3,25,10,0,15,-20,63.2,7.4,279,171.0,0,394.8516662714724,0,1006.2,316.3079391120765,14.52864942558022,44,,
2018,3,25,11,0,15.2,2,65.9,7.2,265,424.0,0,594.3777301125265,0,1005.7,337.9607100778797,17.94088123266796,43,,
2018,3,25,12,0,15.2,23,65.9,7.1,252,717.0,0,759.5364269384881,0,1005.2,351.6802208614141,17.709323972780307,45,,
2018,3,25,13,0,15.1,42,65.1,7.1,226,689.0,0,733.5734371565911,0,1004.8,339.1387177053026,15.871244806786205,51,,
2018,3,25,14,0,15,57,53.9,7.2,222,540.0,1,599.6894280906794,0,1004.4,326.7781712489372,15.759374651737728,60,,
2018,3,25,15,0,14.7,69,31.4,7.2,178,142.0,31,296.4131563336824,0,1004.3,310.9263582740336,17.41922412086079,70,,
2018,3,25,16,0,14.4,80,22.8,7.2,84,7.0,18,63.03020945581058,0,1004.3,317.1872044665818,17.95332470609315,80,,
2018,3,25,17,0,14.1,90,8.3,7.3,18,3.0,0,17.785729229893093,0,1004.3,334.114637999969,17.68092079934875,92,,
2018,3,25,18,0,13.7,100,0,7.4,0,1.0,0,1.0735671272708054,0,1004.2,334.2964820392571,18.85792791634847,103,,
2018,3,25,19,0,13.2,111,0,7.6,0,0.0,0,0.0,0,1003.9,333.52569538855664,18.95746923318394,114,,
2018,3,25,20,0,12.8,124,0,7.9,0,0.0,0,0.0,0,1003.6,344.8561221652104,19.15696604978842,124,,
2018,3,25,21,0,12.6,140,0,8.4,0,0.0,0,0.0,0,1003.3,345.8389458642188,18.32089799380552,132,,
2018,3,25,22,0,12.6,159,0,9.1,0,0.0,0,0.0,0,1002.9,346.03554965703654,18.240753927815952,138,,
2018,3,25,23,0,12.6,-178,0,9.8,0,0.0,0,0.0,0,1002.5,346.6868138396389,17.933609725024386,140,,
2018,3,26,0,0,12.4,-156,0.9,10.1,0,0.0,0,0.0,0,1002.1,343.6829937834176,16.92333839443133,137,,
2018,3,26,1,0,11.9,-137,45.1,10,0,0.0,0,0.0,0,1001.7,341.9640785413822,16.63965079630319,131,,
2018,3,26,2,0,11.4,-121,69.9,10,0,0.0,0,0.0,0,1001.4,13.83754221361255,11.798221165226275,122,,
2018,3,26,3,0,11.1,-109,68.5,9.7,0,0.0,0,0.0,0,1001.2,28.42647327530864,14.077187323805983,112,,
2018,3,26,4,0,10.9,-98,24.6,9.4,0,0.0,0,0.0,0,1001.2,21.598519901992177,15.196919383227964,101,,
2018,3,26,5,0,10.8,-88,7.5,9,19,0.0,2,0.0,0,1001.3,19.21686052667616,18.013226514032375,90,,
2018,3,26,6,0,11,-78,50.5,8.9,49,1.0,1,2.0,0,1001.5,23.823660120609247,21.033939189643803,79,,
2018,3,26,7,0,11.5,-67,47.3,9,190,3.0,4,20.262147527953516,0,1001.9,30.895314342687925,22.39753859851414,68,,
2018,3,26,8,0,12,-54,63.1,9,168,10.0,2,79.74545607952379,0,1002.2,38.06105834211439,21.87005809683119,58,,
2018,3,26,9,0,12.3,-39,63.9,9.1,238,41.0,2,200.1608284451949,0,1002.2,44.28899724356273,20.088834541038,50,,
2018,3,26,10,0,12.5,-19,34.4,9.3,366,110.0,117,337.787400445682,0,1001.8,47.49653311651201,17.97318643784093,45,,
2018,3,26,11,0,12.7,2,20.4,9.4,365,154.0,236,426.08022222159445,0,1001.4,48.34388228862139,17.698825970738643,43,,
2018,3,26,12,0,12.7,23,62.2,9.8,184,375.0,96,586.5855591094539,0,1001.1,50.579395170473504,17.01387837801066,45,,
2018,3,26,13,0,12.7,41,82.8,10.5,104,332.0,0,546.6072629794883,0,1000.7,51.1021898131508,16.779063304314047,51,,
2018,3,26,14,0,12.6,56,74.7,11.2,115,200.0,0,408.6895244443392,0,1000.3,49.08217444770145,17.605981308522303,60,,
2018,3,26,15,0,12.2,69,63.6,11.2,101,159.0,0,299.3248227618029,0,1000.3,50.69828855088684,17.677150078982613,70,,
2018,3,26,16,0,11.7,80,52.8,10.6,49,173.0,0,207.95560288470065,0,1000.7,51.53597569150452,16.335619216875887,81,,
2018,3,26,17,0,11.1,90,17.8,9.9,9,44.0,0,55.28299699133943,0,1001,50.711883298218766,15.25714172357664,92,,
2018,3,26,18,0,10.7,100,0,9.3,0,1.0,0,1.0682380959178062,0,1001.5,52.19522529588329,13.7871868316727,103,,
2018,3,26,19,0,10.3,111,0,8.7,0,0.0,0,0.0,0,1002,50.40083132749942,12.677515136440404,114,,
2018,3,26,20,0,9.9,123,0,8,0,0.0,0,0.0,0,1002.5,44.70859829587289,11.778417557938877,124,,
2018,3,26,21,0,10,139,0,8,0,0.0,0,0.0,0,1002.9,45.13651479011276,11.955075854005363,133,,
2018,3,26,22,0,10.3,159,0,8.5,0,0.0,0,0.0,0,1003.3,39.596479535599656,11.29814204421997,138,,
2018,3,26,23,0,10.6,-178,0,9,0,0.0,0,0.0,0,1003.6,39.96288260219126,9.779822595787389,140,,
2018,3,27,0,0,10.8,-156,0.8,9.3,0,0.0,0,0.0,0,1004,41.90704227315166,8.248359184666553,138,,
2018,3,27,1,0,10.9,-136,42.9,9.5,0,0.0,0,0.0,0,1004.4,33.93187413361284,7.925945507770914,131,,
2018,3,27,2,0,10.9,-121,35.2,9.6,0,0.0,0,0.0,0,1004.8,36.02507489340616,8.053902840343008,123,,
2018,3,27,3,0,11.1,-109,51.2,9.9,0,0.0,0,0.0,0,1005.3,32.773316785983184,8.362674828342634,112,,
2018,3,27,4,0,11.3,-98,53,10.1,0,0.0,0,0.0,0,1006,30.28440263582604,6.984955100049684,102,,
2018,3,27,5,0,11.5,-88,36.9,10.4,14,0.0,0,0.0,0,1006.7,33.14845055791898,5.2577662529689855,90,,
2018,3,27,6,0,11.7,-78,57.1,10.3,46,11.0,0,6.000000000000001,0,1007.1,30.89736516026653,3.938566464609477,79,,
2018,3,27,7,0,12.1,-67,75.7,10.1,75,54.0,0,63.53197245440569,0,1007.4,26.13847734280131,3.739621622674096,68,,
2018,3,27,8,0,12.5,-54,71,9.8,148,85.0,0,160.02574936079435,0,1007.6,4.033151536852415,2.412468566096788,59,,
2018,3,27,9,0,12.9,-38,71.6,9.8,177,239.0,0,328.94687287597645,0,1007.9,308.508138848769,1.7284408639376108,50,,
2018,3,27,10,0,13.3,-19,78,10,156,318.0,0,463.1116568467612,0,1008.4,290.61484812296,2.5614765728682083,45,,
2018,3,27,11,0,13.8,2,49.8,10.3,347,384.0,26,561.8676156313768,0,1008.8,300.8670000795769,3.61989814912713,43,,
2018,3,27,12,0,13.9,23,26.3,10.3,403,287.0,117,537.538909909091,0,1009.2,304.64862608935294,5.095870074121251,46,,
2018,3,27,13,0,13.9,41,21.2,10.2,326,33.0,157,264.6566749340738,0,1009.6,292.77248197259,5.224383768219657,52,,
2018,3,27,14,0,13.8,56,10.7,10,191,17.0,228,181.27733108989943,0,1009.9,294.5202780924583,6.32506847740317,60,,
2018,3,27,15,0,13.5,69,17.7,9.8,142,15.0,113,131.4421560921045,0,1010.4,294.846180257535,7.192609865498418,70,,
2018,3,27,16,0,13.2,79,10.8,9.7,72,16.0,24,85.75326897641817,0,1010.9,275.2564318846784,6.576974890556737,81,,
2018,3,27,17,0,12.8,89,31.1,9.5,10,20.0,8,40.01900245771935,0,1011.4,259.79356609817535,6.82702695105231,92,,
2018,3,27,18,0,12.5,99,46.8,9.3,0,0.0,0,0.0,0,1012,251.2241098058709,7.045070988214186,104,,
2018,3,27,19,0,12.3,110,16.9,8.9,0,0.0,0,0.0,0,1012.5,240.4444244851216,6.49814132562164,115,,
2018,3,27,20,0,12.1,123,0,8.6,0,0.0,0,0.0,0,1013,236.2227645350928,7.788833985951063,125,,
2018,3,27,21,0,12,139,0,8.6,0,0.0,0,0.0,0,1013.2,239.49944345193697,9.358744123973404,133,,
2018,3,27,22,0,11.9,159,0,8.7,0,0.0,0,0.0,0,1013.2,232.72253900094088,10.481905812723214,139,,
2018,3,27,23,0,11.9,-178,0,8.9,0,0.0,0,0.0,0,1013.1,224.6997406843644,11.299189806583737,141,,
2018,3,28,0,0,11.9,-155,0,8.9,0,0.0,0,0.0,0,1013,231.66029363477872,13.588015653499165,138,,
2018,3,28,1,0,11.9,-136,0,8.8,0,0.0,0,0.0,0,1012.8,229.78178018436205,13.676325190387727,132,,
2018,3,28,2,0,11.8,-121,0,8.7,0,0.0,0,0.0,0,1012.5,227.4540908224652,14.320652672056603,123,,
2018,3,28,3,0,11.8,-108,0,8.6,0,0.0,0,0.0,0,1012.6,226.71593106286045,14.787683375278451,113,,
2018,3,28,4,0,11.7,-97,0,8.5,0,0.0,0,0.0,0,1012.9,230.7814991446056,14.643892778473097,102,,
2018,3,28,5,0,11.6,-87,0.2,8.5,13,0.0,11,0.0,0,1013.2,236.6845090351402,14.500451979087684,90,,
2018,3,28,6,0,12.1,-77,12,8.5,82,30.0,43,7.000000000000002,0,1013.5,252.0156794696813,13.24221565221084,79,,
2018,3,28,7,0,13,-66,27.9,8.7,203,357.0,34,101.73046252728297,0,1013.7,253.2423259272068,13.391452022639172,69,,
2018,3,28,8,0,13.9,-54,39.6,8.8,298,547.0,7,280.17581926872094,0,1014,272.1630271805748,12.322500732423402,59,,
2018,3,28,9,0,14.4,-38,48.3,8.7,328,353.0,5,370.6455174615943,0,1013.8,300.163544803963,11.587291453212156,51,,
2018,3,28,10,0,14.6,-19,26.5,8.4,276,178.0,268,385.7698760389453,0,1013.4,325.29834228955355,11.42561189966143,45,,
2018,3,28,11,0,14.7,2,49.9,8.1,229,148.0,150,417.7443110824656,0,1013,332.2952658445362,10.534095088371137,44,,
2018,3,28,12,0,14.7,23,64.9,8,252,106.0,0,395.794440381857,0,1012.5,334.2316499062718,9.77609968329103,46,,
2018,3,28,13,0,14.8,41,55.6,8,275,106.0,0,378.4724686341732,0,1012.1,338.6599440538625,10.63570980087756,52,,
2018,3,28,14,0,14.8,56,43.6,8,265,156.0,1,373.6909756061995,0,1011.7,345.9227514826801,10.424889650378304,61,,
2018,3,28,15,0,14.6,68,24.2,8.1,165,314.0,55,378.06244742989577,0,1011.5,10.712453790763677,9.991262224558112,71,,
2018,3,28,16,0,14.2,79,15.4,8.1,63,339.0,37,269.2478923573184,0,1011.4,14.435793419797731,8.864845269020591,81,,
2018,3,28,17,0,13.8,89,5.5,8.2,13,125.0,3,81.68420134297915,0,1011.3,20.34205212393136,8.270432028094982,93,,
2018,3,28,18,0,13.3,99,0,8.4,0,1.0,0,1.0576608152317022,0,1011.3,20.17005244840766,7.134299867947043,104,,
2018,3,28,19,0,12.6,110,0,8.6,0,0.0,0,0.0,0,1011.3,19.386129111448213,6.966772115250061,115,,
2018,3,28,20,0,11.9,123,0,8.8,0,0.0,0,0.0,0,1011.2,16.837230720269133,5.825920444834535,125,,
2018,3,28,21,0,12,139,0,8.9,0,0.0,0,0.0,0,1011,0.2125735987926873,6.053996744438244,133,,
2018,3,28,22,0,12.6,159,0,9,0,0.0,0,0.0,0,1010.6,349.12880413015483,7.078199710409554,139,,
2018,3,28,23,0,13.2,-178,0,9,0,0.0,0,0.0,0,1010.1,343.6806755683927,7.420043012489209,141,,
2018,3,29,0,0,13.6,-155,0.6,9.1,0,0.0,0,0.0,0,1009.8,345.124175094736,7.391024528333943,138,,
2018,3,29,1,0,13.8,-136,33.6,9.3,0,0.0,0,0.0,0,1009.5,333.70256931566865,6.872380958551632,132,,
2018,3,29,2,0,13.9,-120,52,9.5,0,0.0,0,0.0,0,1009.2,334.2097765852397,7.234254049192245,123,,
2018,3,29,3,0,14,-108,51.3,9.7,0,0.0,0,0.0,0,1009.1,332.2591033098646,7.384946742708383,113,,
2018,3,29,4,0,14.1,-97,18.4,9.9,0,0.0,0,0.0,0,1009.2,332.35029326813776,7.590452506507108,102,,
2018,3,29,5,0,14.2,-87,0.8,10.1,12,0.0,8,0.0,0,1009.3,322.5921573758552,7.098945702093524,91,,
2018,3,29,6,0,14.6,-77,40,10.4,58,3.0,5,3.0,0,1009.5,314.2568229329226,7.28039413546542,79,,
2018,3,29,7,0,15.4,-66,66.9,10.7,107,23.0,0,46.77191750990568,0,1009.8,320.62564840869504,7.60071702511065,69,,
2018,3,29,8,0,16.1,-53,80.3,11,93,35.0,0,119.22477342501968,0,1010.1,323.75225031247425,7.905446520601729,59,,
2018,3,29,9,0,16.4,-38,85,11.4,95,109.0,0,258.0217555595268,0,1010.1,322.5299739729467,8.358661631868216,51,,
2018,3,29,10,0,16.3,-19,69.1,11.9,224,80.0,0,303.4112369211158,0,1009.9,327.7682685054025,9.341381847773716,46,,
2018,3,29,11,0,16.2,2,76.6,12.3,172,100.0,0,371.2830022212887,0,1009.6,328.2046737280437,9.811748952733309,44,,
2018,3,29,12,0,16.1,23,80.5,12.6,135,104.0,0,391.8828630095608,0,1009.5,328.48697675873075,10.368771769044914,47,,
2018,3,29,13,0,16,41,77.6,12.9,135,92.0,0,361.0547597641519,0,1009.5,333.04530917548965,10.853369381825306,53,,
2018,3,29,14,0,15.9,56,58.4,13.2,182,139.0,0,356.7890857846121,0,1009.5,335.0794769167459,10.78571848939166,61,,
2018,3,29,15,0,15.7,68,54.2,13.4,136,180.0,0,305.4001253760952,0,1009.7,334.10793944687504,10.550535824126923,71,,
2018,3,29,16,0,15.3,79,40,13.4,54,147.0,0,188.45153707329965,0,1010.2,331.73380879550257,10.963858037931027,82,,
2018,3,29,17,0,15,89,43.5,13.4,12,23.0,0,39.52000734103572,0,1010.6,332.6314841408199,10.526931975455726,93,,
2018,3,29,18,0,14.8,99,51.2,13.4,0,0.0,0,0.0,0,1011,330.97000842831505,9.936331170398768,104,,
2018,3,29,19,0,14.6,110,51.6,13.5,0,0.0,0,0.0,0,1011.3,326.80370676714136,10.787938089083635,115,,
2018,3,29,20,0,14.5,123,51.8,13.5,0,0.0,0,0.0,0,1011.7,330.92160320233126,10.564228585117863,125,,
2018,3,29,21,0,14.5,139,51.9,13.4,0,0.0,0,0.0,0,1011.8,330.74583430029827,11.063359289147964,134,,
2018,3,29,22,0,14.6,159,52,13.3,0,0.0,0,0.0,0,1011.6,334.94969395989085,11.482421968437048,140,,
2018,3,29,23,0,14.7,-178,52,13.2,0,0.0,0,0.0,0,1011.4,331.8103390185583,11.614971439508736,141,,
2018,3,30,0,0,14.7,-155,52,13.2,0,0.0,0,0.0,0,1011.3,329.80974332048123,11.74549942111452,139,,
2018,3,30,1,0,14.6,-135,52,13.1,0,0.0,0,0.0,0,1011.3,336.2404448513,11.91194934552966,132,,
2018,3,30,2,0,14.6,-120,52,13.1,0,0.0,0,0.0,0,1011.3,338.5809692493311,11.711443780054603,123,,
2018,3,30,3,0,14.5,-107,51.8,13.1,0,0.0,0,0.0,0,1011.4,336.90878427234173,12.555750889065134,113,,
2018,3,30,4,0,14.5,-97,48.6,13.1,0,0.0,0,0.0,0,1011.7,346.0245953932295,13.383462031647454,102,,
2018,3,30,5,0,14.5,-87,42.6,13,12,0.0,0,0.0,0,1011.9,345.9980136141574,12.67645593149592,91,,
2018,3,30,6,0,14.9,-77,57.7,13.1,50,5.0,0,4.0,0,1012.2,344.8815975736727,12.9580123985306,80,,
2018,3,30,7,0,15.7,-66,63.5,13.2,122,58.0,0,61.2695282832754,0,1012.6,347.7073710623923,13.419985053033509,69,,
2018,3,30,8,0,16.5,-53,71.4,13.3,136,133.0,0,176.56585902583956,0,1012.9,355.9611053984576,13.310400568940969,59,,
2018,3,30,9,0,16.8,-37,82.4,13.3,107,476.0,1,401.497809637571,0,1013,22.210526559574475,12.412707853257654,51,,
2018,3,30,10,0,16.8,-19,50,13.1,297,629.0,66,565.4557264611087,0,1013,32.34289200703893,12.116560498561304,46,,
2018,3,30,11,0,16.7,2,58,12.8,271,682.0,37,671.061344739535,0,1013,28.67852536167834,11.90751927536216,45,,
2018,3,30,12,0,16.7,23,59.8,12.7,278,651.0,0,695.4498288934968,0,1013,25.340585713692803,11.3069537276425,47,,
2018,3,30,13,0,16.6,41,71.1,12.5,183,662.0,0,685.8619680577041,0,1013.2,20.390416777296423,12.326318785000932,53,,
2018,3,30,14,0,16.5,56,65.5,12.4,147,594.0,2,591.9267481014138,0,1013.4,18.43529276200195,12.861190150975617,61,,
2018,3,30,15,0,16.2,68,20.3,12.3,94,408.0,111,408.13945503733385,0,1013.8,18.61873204246308,12.347383551043654,71,,
2018,3,30,16,0,15.7,79,0,12.3,31,81.0,76,145.87022880070208,0,1014.2,20.21820274627464,12.246014379703478,82,,
2018,3,30,17,0,15.1,89,0,12.2,7,16.0,8,31.75251833317569,0,1014.7,23.134906373640945,11.680797952790847,93,,
2018,3,30,18,0,14.4,99,0,11.9,0,0.0,0,0.0,0,1015,29.03737271509516,11.43293146965894,105,,
2018,3,30,19,0,13.6,110,0,11.3,0,0.0,0,0.0,0,1015.3,27.117922604215096,11.586712546993477,116,,
2018,3,30,20,0,12.8,123,0,10.7,0,0.0,0,0.0,0,1015.5,32.12350799797599,11.460345673573803,126,,
2018,3,30,21,0,12.5,139,0,10.5,0,0.0,0,0.0,0,1015.6,34.43186514924827,10.2250270433931,134,,
2018,3,30,22,0,12.6,159,0,10.6,0,0.0,0,0.0,0,1015.6,32.870497154346594,9.34472912662681,140,,
2018,3,30,23,0,12.8,-177,0,10.8,0,0.0,0,0.0,0,1015.5,37.76084600359127,8.79256691474171,142,,
2018,3,31,0,0,12.9,-154,0,10.8,0,0.0,0,0.0,0,1015.5,39.13834773158493,8.098631712203789,139,,
2018,3,31,1,0,12.9,-135,0,10.8,0,0.0,0,0.0,0,1015.5,32.56878611998826,6.584804690896253,133,,
2018,3,31,2,0,12.9,-120,0,10.7,0,0.0,0,0.0,0,1015.5,27.16258509892316,5.936166156723722,124,,
2018,3,31,3,0,12.9,-107,0,10.7,0,0.0,0,0.0,0,1015.6,24.447111249697,5.134672225735341,113,,
2018,3,31,4,0,12.9,-96,0,10.8,0,0.0,0,0.0,0,1015.9,21.78187479040156,5.052899199084115,102,,
2018,3,31,5,0,12.9,-86,0.6,10.8,11,0.0,8,0.0,0,1016.1,15.758006910826794,4.142502873522741,91,,
2018,3,31,6,0,13.6,-76,29.8,10.8,77,1.0,4,1.0,0,1016.2,358.98475810406853,3.5274092117943705,80,,
2018,3,31,7,0,14.8,-65,55.7,10.8,138,6.0,0,24.42118049258964,0,1016.3,334.8835732485786,3.480993331953203,69,,
2018,3,31,8,0,16,-52,67.9,10.8,156,28.0,0,105.17411945104722,0,1016.4,317.4767771877641,3.2957173796478063,60,,
2018,3,31,9,0,16.6,-37,77.4,10.8,141,197.0,0,296.45504354537934,0,1016.1,296.8271834285753,3.531998048730508,52,,
2018,3,31,10,0,16.8,-18,81.3,10.8,134,492.0,0,528.2191179949937,0,1015.6,290.3442180515274,5.047005347585216,46,,
2018,3,31,11,0,16.9,2,74.3,10.8,190,408.0,0,569.8506389980812,0,1015.1,303.7387339936633,5.819478864942293,45,,
2018,3,31,12,0,16.9,23,66.8,10.9,232,252.0,0,514.6740305723397,0,1014.6,306.9958785478496,6.551041226582374,47,,
2018,3,31,13,0,16.9,41,69.2,11.1,188,83.0,0,354.8742983306126,0,1014.1,306.6247140284199,6.675109945599044,53,,
2018,3,31,14,0,16.9,55,52.3,11.2,208,50.0,1,263.1437719685938,0,1013.7,310.72624942139606,7.540363879372014,62,,
2018,3,31,15,0,16.4,68,28.7,11.4,165,6.0,29,87.24953131204532,0,1013.4,310.75513285005024,7.76183259493653,72,,
2018,3,31,16,0,15.6,78,28.8,11.7,62,3.0,16,39.20112194103077,0,1013.4,317.10996330609186,7.628839921247884,82,,
2018,3,31,17,0,14.7,88,44.4,11.9,9,1.0,0,9.229072388323315,0,1013.3,318.70199621724726,7.772468410641245,94,,
2018,3,31,18,0,13.9,98,18.4,11.9,0,0.0,0,0.0,0,1013.3,318.01852165578407,7.615589341967304,105,,
2018,3,31,19,0,13.3,109,0,11.7,0,0.0,0,0.0,0,1013.3,306.68441771711707,7.420986150420743,116,,
2018,3,31,20,0,12.7,122,0.6,11.5,0,0.0,0,0.0,0,1013.2,303.38964181293574,7.528777325982936,126,,
2018,3,31,21,0,12.5,139,33.6,11.4,0,0.0,0,0.0,0,1012.9,301.13256746043334,8.100244942835149,135,,
2018,3,31,22,0,12.6,159,51.5,11.3,0,0.0,0,0.0,0,1012.3,311.9377513937164,8.450564382682856,140,,
2018,3,31,23,0,12.7,-177,51.2,11.2,0,0.0,0,0.0,0,1011.6,318.0690600849872,8.90581504696634,142,,
2018,4,1,0,0,13,-154,51.2,11.3,0,0.0,0,0.0,0,1010.9,328.0917748606239,9.47721244488982,139,,
2018,4,1,1,0,13.3,-135,51.2,11.5,0,0.0,0,0.0,0,1010,333.8488297177688,9.703783710130768,133,,
2018,4,1,2,0,13.6,-119,51.2,11.7,0,0.0,0,0.0,0,1009.2,334.8371081456118,8.97742209373352,124,,
2018,4,1,3,0,14,-107,51.6,12,0,0.0,0,0.0,0,1008.6,328.52982561270653,8.474814706791038,114,,
2018,4,1,4,0,14.6,-96,51.3,12.3,0,0.0,0,0.0,0,1008.2,321.4092329455115,8.796447770634476,103,,
2018,4,1,5,0,15.1,-86,48.4,12.7,9,0.0,0,0.0,0,1007.8,324.7948386238083,9.408951710352769,91,,
2018,4,1,6,0,16,-76,33.6,13.1,86,2.0,7,2.0,0,1007.3,325.49963926492785,9.35594899133556,80,,
2018,4,1,7,0,17.3,-65,71.5,13.6,55,23.0,4,45.53624807704183,0,1006.6,320.2933412181915,9.343236408343897,69,,
2018,4,1,8,0,18.6,-52,73.5,14.1,140,37.0,0,121.34398454899218,0,1005.9,320.803642168798,9.67824091350746,60,,
2018,4,1,9,0,19.4,-37,47,14.1,317,30.0,3,174.59198493704676,0,1005.1,315.10983075468425,9.90641847701866,52,,
2018,4,1,10,0,20,-18,24.8,13.5,375,69.0,130,285.3114830812531,0,1004.1,313.4930129875369,10.437232933510916,47,,
2018,4,1,11,0,20.4,2,31.3,12.9,402,273.0,73,490.3477025531525,0,1003.2,313.98611188921416,11.59035565641089,45,,
2018,4,1,12,0,20.6,23,51.2,12.6,320,139.0,1,419.7990067939632,0,1002.3,316.593000513206,11.811314604081222,48,,
2018,4,1,13,0,20.5,40,37,12.5,313,43.0,27,279.77043832025225,0,1001.5,312.8734024201787,12.24469509868222,54,,
2018,4,1,14,0,20.4,55,57.2,12.5,178,25.0,15,200.9428224908177,0,1000.8,314.0933425109258,11.760920634028926,62,,
2018,4,1,15,0,20,67,60.2,12.4,83,39.0,0,177.91412717284018,0,1000.5,316.0479304648385,11.751918892210645,72,,
2018,4,1,16,0,19.5,78,31.3,12.3,43,39.0,0,112.4027959823045,0,1000.6,320.9143090512611,12.377760747776172,83,,
2018,4,1,17,0,19,88,13.8,12.3,7,15.0,0,30.35434302840367,0,1000.7,44.617508822946206,5.275451784086576,94,,
2018,4,1,18,0,18.2,98,27.8,12.6,0,0.0,0,0.0,0,1000.7,47.359009933276525,5.213288430292304,105,,
2018,4,1,19,0,17.2,109,57.4,13.1,0,0.0,0,0.0,0,1000.6,36.505585615747805,4.937795129236893,116,,
2018,4,1,20,0,16.2,122,68.9,13.7,0,0.0,0,0.0,0,1000.5,23.54798613432405,5.688020891922463,126,,
2018,4,1,21,0,15.3,138,68.3,13.7,0,0.0,0,0.0,0,1000.7,16.817000406137367,6.496839974782825,135,,
2018,4,1,22,0,14.4,159,24.5,13.2,0,0.0,0,0.0,0,1001.1,6.736415807003425,7.840259645508833,141,,
2018,4,1,23,0,13.6,-177,0,12.7,0,0.0,0,0.0,0,1001.4,3.918039861714874,9.146866204948616,143,,
2018,4,2,0,0,12.8,-154,0,11.9,0,0.0,0,0.0,0,1002.1,0.4856640943856405,10.023309303944586,140,,
2018,4,2,1,0,12,-134,0,11,0,0.0,0,0.0,0,1003,2.9858149277812345,11.230089030605008,133,,
2018,4,2,2,0,11.2,-119,0,10.1,0,0.0,0,0.0,0,1004,2.9613050083961525,11.752999026985846,124,,
2018,4,2,3,0,10.7,-106,0,9.3,0,0.0,0,0.0,0,1005.3,1.525111824990006,11.741464030401382,114,,
2018,4,2,4,0,10.4,-96,0,8.7,0,0.0,0,0.0,0,1006.9,359.00837780167626,11.864081495499171,103,,
2018,4,2,5,0,10,-86,0.8,8,10,0.0,3,0.0,0,1008.5,0.9698561859736968,12.404364956738164,91,,
2018,4,2,6,0,10.4,-76,40.1,7.5,53,6.0,2,3.0000000000000004,0,1009.6,358.2767984035847,12.470483339145844,80,,
2018,4,2,7,0,11.3,-65,64.4,6.9,111,118.0,0,68.48161240596926,0,1010.2,357.5924490409224,12.855830228922663,70,,
2018,4,2,8,0,12.2,-52,72,6.4,134,223.0,0,197.4959288000584,0,1010.9,3.819530976615738,13.472551931064178,60,,
2018,4,2,9,0,12.8,-36,53.7,6.2,291,400.0,8,369.3306919068663,0,1011.4,8.757486665828822,13.4295155534727,52,,
2018,4,2,10,0,13.2,-18,14.9,6.2,189,566.0000000000001,421,527.908536498607,0,1011.8,15.131738248912654,14.776234979701751,47,,
2018,4,2,11,0,13.5,3,0,6.2,79,504.0,657,582.1747310920041,0,1012.1,21.59609798734425,14.106725268624572,46,,
2018,4,2,12,0,13.6,23,0,6,75,552.0,625,634.8110824814372,0,1012.5,27.44954698229003,12.667611636134213,48,,
2018,4,2,13,0,13.4,40,0,5.7,69,451.0,535,572.0063790509109,0,1012.9,21.39401989148547,12.006259681304572,54,,
2018,4,2,14,0,13.2,55,0,5.4,61,150.0,398,343.8809199076553,0,1013.2,15.210496411430654,11.5200192544407,62,,
2018,4,2,15,0,12.8,67,0,5.1,49,173.0,231,281.8502237214334,0,1013.8,16.315688241925216,11.95024974374485,72,,
2018,4,2,16,0,12.2,78,0,4.7,26,296.0,71,231.2968126284504,0,1014.5,17.064508503648085,11.86641330968677,83,,
2018,4,2,17,0,11.6,88,0,4.3,6,142.0,6,71.98246507672468,0,1015.2,16.841097551530595,11.3720004690932,94,,
2018,4,2,18,0,10.8,98,0,3.9,0,0.0,0,0.0,0,1015.8,12.47185902160993,10.150666263046189,106,,
2018,4,2,19,0,9.8,109,0,3.4,0,0.0,0,0.0,0,1016.2,9.796608759600131,10.442804621809852,117,,
2018,4,2,20,0,8.9,122,0,3,0,0.0,0,0.0,0,1016.7,14.176795140219838,10.572477086642898,127,,
2018,4,2,21,0,8.5,138,0,2.9,0,0.0,0,0.0,0,1016.8,12.545060063885842,9.988970076731444,135,,
2018,4,2,22,0,8.7,159,0,3.1,0,0.0,0,0.0,0,1016.8,10.992794819507369,9.973778646193471,141,,
2018,4,2,23,0,8.9,-177,0,3.4,0,0.0,0,0.0,0,1016.8,12.244591593613904,10.041419216460158,143,,
2018,4,3,0,0,9,-153,0,3.6,0,0.0,0,0.0,0,1016.7,10.818351540883953,9.799655769102383,140,,
2018,4,3,1,0,8.9,-134,0,3.7,0,0.0,0,0.0,0,1016.6,12.0400039480719,8.796781336148518,133,,
2018,4,3,2,0,8.8,-118,0,3.7,0,0.0,0,0.0,0,1016.5,9.128211840645577,7.908504398379695,124,,
2018,4,3,3,0,8.8,-106,0,3.9,0,0.0,0,0.0,0,1016.7,4.961938927545987,8.465073530020868,114,,
2018,4,3,4,0,8.9,-95,0,4.1,0,0.0,0,0.0,0,1017.2,7.589598278242875,9.16106574905519,103,,
2018,4,3,5,0,9,-85,0,4.4,8,0.0,7,0.0,0,1017.7,12.647293389424476,9.155745381716107,92,,
2018,4,3,6,0,9.8,-75,0,4.8,36,2.0,95,2.0,0,1018,16.217833433419912,9.41544202771748,81,,
2018,4,3,7,0,11,-64,0,5.3,61,35.0,248,45.10098436131423,0,1018.3,14.154395907440062,9.475666745991331,70,,
2018,4,3,8,0,12.4,-51,0,5.8,75,56.0,403,124.73018274795557,0,1018.5,10.061003705238477,9.199821624115057,60,,
2018,4,3,9,0,13.1,-36,0.2,6,86,112.0,523,241.13416740927036,0,1018.3,7.046933230848197,8.843660563094202,53,,
2018,4,3,10,0,13.5,-18,11.5,6,235,77.0,373,297.11116934171343,0,1017.8,10.73403272316159,9.060391108363604,48,,
2018,4,3,11,0,13.8,3,12.9,5.9,264,70.0,356,331.85145864703617,0,1017.3,12.67116335294412,8.547780217383204,46,,
2018,4,3,12,0,14,23,3.6,6.1,142,71.0,506,346.7743159402456,0,1016.8,13.505045498295146,8.296543412847374,49,,
2018,4,3,13,0,14.3,40,0,6.3,86,65.0,491,321.3561379863763,0,1016.5,8.125628567992408,8.401485103075446,54,,
2018,4,3,14,0,14.5,55,0,6.6,78,47.0,357,250.48579046788885,0,1016.1,8.816670156295515,8.416590549027232,63,,
2018,4,3,15,0,14.3,67,0,6.9,62,29.0,197,162.2421193999573,0,1016.1,13.96813770059913,8.119738448733056,73,,
2018,4,3,16,0,13.9,78,0,7.1,30,11.0,56,68.22504236993304,0,1016.3,14.476156731546098,7.750710151037889,83,,
2018,4,3,17,0,13.5,88,0,7.3,6,4.0,3,14.851061738486385,0,1016.5,18.16237546162273,8.292811866171142,95,,
2018,4,3,18,0,12.6,98,0,7.2,0,0.0,0,0.0,0,1016.6,12.74104153518516,7.570691885560208,106,,
2018,4,3,19,0,11.4,109,0,7,0,0.0,0,0.0,0,1016.6,11.22044314185365,7.295950469560501,117,,
2018,4,3,20,0,10.2,122,0,6.8,0,0.0,0,0.0,0,1016.7,12.796234302068456,7.256392262992112,127,,
2018,4,3,21,0,9.7,138,0,6.7,0,0.0,0,0.0,0,1016.4,15.467994296236782,7.365411068929533,136,,
2018,4,3,22,0,9.9,159,0,6.7,0,0.0,0,0.0,0,1016,23.883266207090344,8.193003610155039,142,,
2018,4,3,23,0,10.1,-177,0,6.7,0,0.0,0,0.0,0,1015.6,24.98039004192225,7.8015983088699326,143,,
2018,4,4,0,0,10.2,-153,0,6.7,0,0.0,0,0.0,0,1015.2,23.792826416670323,6.772358866763324,140,,
2018,4,4,1,0,10.4,-133,0,6.8,0,0.0,0,0.0,0,1014.8,19.08139521128811,6.5144286761231385,134,,
2018,4,4,2,0,10.5,-118,0,7,0,0.0,0,0.0,0,1014.4,22.144287000779,6.91668583300436,125,,
2018,4,4,3,0,10.8,-106,0,7.2,0,0.0,0,0.0,0,1014.2,29.834366373590345,6.999431540193305,114,,
2018,4,4,4,0,11,-95,0,7.5,0,0.0,0,0.0,0,1014,26.114546047785723,5.8321905861696,103,,
2018,4,4,5,0,11.4,-85,0.5,7.8,9,0.0,3,0.0,0,1013.9,22.49035735690677,5.5085589937837565,92,,
2018,4,4,6,0,12.1,-75,28.1,8.4,72,2.0,2,2.0,0,1013.7,22.92481340393601,5.031696868385499,81,,
2018,4,4,7,0,13.3,-64,39.9,9.2,180,37.0,4,48.09673173372194,0,1013.2,24.1718300249471,4.688149280086003,70,,
2018,4,4,8,0,14.5,-51,17.7,10,173,89.0,221,151.49367661884506,0,1012.8,19.12360158622596,4.592814324253953,61,,
2018,4,4,9,0,15.3,-36,49.7,10.4,157,126.0,124,261.40675246253187,0,1012.1,14.751932614298198,4.593554395286946,53,,
2018,4,4,10,0,15.9,-17,82.6,10.6,115,196.0,0,372.3710714576604,0,1011.3,9.59313426273036,4.500434006848673,48,,
2018,4,4,11,0,16.5,3,82.3,10.7,121,195.0,0,428.0723114962553,0,1010.4,6.533425830189401,4.196934114893396,46,,
2018,4,4,12,0,16.7,23,74,10.9,167,208.0,0,456.9025536601495,0,1009.6,1.5275254422129478,4.689166370475673,49,,
2018,4,4,13,0,16.7,40,76.1,11.2,134,206.0,0,436.547986414358,0,1008.9,3.264533942868468,5.093225931929267,55,,
2018,4,4,14,0,16.6,55,65.7,11.6,133,186.0,0,369.72334247867497,0,1008.2,14.661621367074986,5.343681295968259,63,,
2018,4,4,15,0,16.3,67,44.3,11.9,124,112.0,0,241.26851102670128,0,1007.8,19.166214481353848,5.208377426596599,73,,
2018,4,4,16,0,15.9,77,13.2,12.1,50,65.0,3,125.61429223572544,0,1007.7,21.475066899865908,4.950883045086075,84,,
2018,4,4,17,0,15.4,87,0,12.3,6,20.0,2,29.1472511930998,0,1007.6,22.724222322340324,4.588348956901915,95,,
2018,4,4,18,0,15,97,0,12.5,0,0.0,0,0.0,0,1007.5,28.26665709107237,3.695290635993908,106,,
2018,4,4,19,0,14.8,108,0,12.7,0,0.0,0,0.0,0,1007.2,32.68195248423103,4.2911943998326745,117,,
2018,4,4,20,0,14.6,121,0,12.8,0,0.0,0,0.0,0,1006.9,33.815120353662905,3.971072411053001,127,,
2018,4,4,21,0,14.5,138,0,12.9,0,0.0,0,0.0,0,1006.4,35.800309088243466,4.166936980856923,136,,
2018,4,4,22,0,14.6,159,0,13,0,0.0,0,0.0,0,1005.6,28.81649783177716,3.76032679741886,142,,
2018,4,4,23,0,14.7,-177,0,13.1,0,0.0,0,0.0,0,1004.8,17.613457292874216,3.8501754104609978,144,,
2018,4,5,0,0,14.6,-153,0,13.1,0,0.0,0,0.0,0,1004.1,5.081683532338786,3.729257708597856,141,,
2018,4,5,1,0,14.4,-133,0,13.1,0,0.0,0,0.0,0,1003.4,358.2492801157243,4.091509497117189,134,,
2018,4,5,2,0,14.2,-118,0,13.1,0,0.0,0,0.0,0,1002.8,351.7033997589044,4.764462795186767,125,,
2018,4,5,3,0,13.9,-105,0,12.9,0,0.0,0,0.0,0,1002.3,354.6099971312649,5.322852090144006,114,,
2018,4,5,4,0,13.6,-95,0,12.6,0,0.0,0,0.0,0,1002.1,355.03909624522726,4.799473266956707,103,,
2018,4,5,5,0,13.2,-85,1.2,12.3,7,0.0,3,0.0,0,1001.9,355.82261898389487,5.147953850079132,92,,
2018,4,5,6,0,13.7,-75,63,12.4,8,2.0,5,2.0,0,1001.6,358.53747868239896,5.595817066783464,81,,
2018,4,5,7,0,14.7,-64,35.7,12.8,51,51.0,185,48.71960719264801,0,1001.3,352.0003499773462,5.8383071817163925,70,,
2018,4,5,8,0,15.8,-51,27,13.2,223,121.0,104,156.7764341603989,0,1001,0.790643837590892,6.157080352281496,61,,
2018,4,5,9,0,16.2,-35,40.7,13.1,356,339.0,0,335.97679578409134,0,1000.4,5.021406608216523,6.4265200297489375,53,,
2018,4,5,10,0,16,-17,44.3,12.5,379,331.0,0,434.2468313229375,0,999.7,5.009868737059492,7.15698068961315,48,,
2018,4,5,11,0,15.8,3,64.6,12,250,485.0,0,568.4175659156642,0,999,6.023963737996155,7.146640843640861,47,,
2018,4,5,12,0,15.5,23,86.2,11.7,94,296.0,0,506.5321258134442,0,998.4,9.27402629037084,7.120168222954192,49,,
2018,4,5,13,0,15.1,40,85.2,11.6,80,202.0,0,430.8295464004668,0,997.9,9.773780226396354,8.09973989601839,55,,
2018,4,5,14,0,14.8,54,55.2,11.5,176,70.0,0,268.1882861539374,0,997.4,12.554488025378587,8.625925930051228,63,,
2018,4,5,15,0,14.3,67,49,11.4,133,34.0,0,158.5073226563308,0,997.2,13.009408574845736,8.151358679719797,73,,
2018,4,5,16,0,13.7,77,19.4,11.3,38,24.0,5,85.9586888697865,0,997.2,17.49093719920552,8.392678323901741,84,,
2018,4,5,17,0,13,87,0,11.3,4,23.0,3,29.64554539163891,0,997.2,21.585716294392853,7.936219818026599,95,,
2018,4,5,18,0,12.5,97,0.2,10.9,0,0.0,0,0.0,0,997.2,18.15860296361308,7.907484614055474,106,,
2018,4,5,19,0,12,108,7.7,10.3,0,0.0,0,0.0,0,997.2,13.3004182618933,8.17032286526053,117,,
2018,4,5,20,0,11.6,121,7.1,9.7,0,0.0,0,0.0,0,997.1,16.027513850206844,8.166053671521265,128,,
2018,4,5,21,0,11.5,138,9.1,9.6,0,0.0,0,0.0,0,996.8,30.73744795503427,7.79131351569909,136,,
2018,4,5,22,0,11.6,159,4.3,9.8,0,0.0,0,0.0,0,996.4,36.23952011737731,6.9856278706026185,142,,
2018,4,5,23,0,11.7,-176,0,10.1,0,0.0,0,0.0,0,995.9,33.99006593248049,6.11695359076362,144,,
2018,4,6,0,0,11.7,-153,0.6,10.1,0,0.0,0,0.0,0,995.6,40.56208462395165,5.959048235515742,141,,
2018,4,6,1,0,11.5,-133,33.6,9.9,0,0.0,0,0.0,0,995.4,42.41980751529076,5.963109336962798,134,,
2018,4,6,2,0,11.4,-117,52,9.7,0,0.0,0,0.0,0,995.3,60.63204800432368,6.126709587551649,125,,
2018,4,6,3,0,11.3,-105,50.8,9.5,0,0.0,0,0.0,0,995.4,57.98547614056338,6.813022593481064,115,,
2018,4,6,4,0,11.1,-94,18.1,9.3,0,0.0,0,0.0,0,995.6,61.14215596652713,7.78901869781636,103,,
2018,4,6,5,0,10.9,-84,0,9.1,6,0.0,5,0.0,0,995.9,67.41814364976716,7.615348730918803,92,,
2018,4,6,6,0,11.5,-74,0.9,9,35,4.0,87,2.0000000000000004,0,996.1,62.751725373272336,8.707745505225306,81,,
2018,4,6,7,0,12.7,-63,0.5,8.9,55,43.0,246,45.15004631528418,0,996.3,64.11506440290714,8.232432771542037,71,,
2018,4,6,8,0,13.9,-50,0,8.9,65,67.0,405,129.68750469827626,0,996.5,65.12671384629948,7.844069200837121,61,,
2018,4,6,9,0,14.5,-35,0.4,8.7,76,190.0,521,279.0241053427404,0,996.6,68.30260630083217,7.341959666086013,54,,
2018,4,6,10,0,14.8,-17,19.3,8.3,282,72.0,262,263.46967497780173,0,996.6,70.9121888875028,6.443636242762412,49,,
2018,4,6,11,0,15,3,16.1,8,271,128.0,315,361.2941816134602,0,996.5,63.105682718950845,6.5926879913438965,47,,
2018,4,6,12,0,15.1,22,6.2,7.8,168,341.0,449,514.3950386311784,0,996.7,58.58001882460252,6.1575219684740174,50,,
2018,4,6,13,0,15.3,40,2.1,7.7,107,393.0,443,523.2970026325413,0,996.9,56.54049774660933,5.822029265091695,56,,
2018,4,6,14,0,15.4,54,14.8,7.7,159,332.0,205,435.11111364078135,0,997.2,57.72221620653454,5.818874437495077,64,,
2018,4,6,15,0,15.3,66,20.4,7.8,140,217.0,51,290.58162942841943,0,997.7,60.54019781879492,5.891389716215851,74,,
2018,4,6,16,0,14.9,77,17.8,8.1,46,348.0,14,234.02538663780413,0,998.3,64.91796439828516,5.707925035906023,84,,
2018,4,6,17,0,14.6,87,6.2,8.4,5,116.0,0,55.80803016589245,0,998.9,63.72060520060768,5.606289522378307,96,,
2018,4,6,18,0,14.1,97,0.6,8.5,0,0.0,0,0.0,0,999.5,71.56592149712276,5.082573858053768,107,,
2018,4,6,19,0,13.6,108,33.6,8.6,0,0.0,0,0.0,0,1000.1,81.30214045370292,5.108061478720552,118,,
2018,4,6,20,0,13,121,53.7,8.7,0,0.0,0,0.0,0,1000.7,91.1725569109343,3.925138331666548,128,,
2018,4,6,21,0,12.8,138,19.7,8.9,0,0.0,0,0.0,0,1001.1,97.88977157683844,2.699873451516816,137,,
2018,4,6,22,0,12.8,159,0,9.3,0,0.0,0,0.0,0,1001.4,108.58597976346503,1.6108679836899198,143,,
2018,4,6,23,0,12.9,-176,0,9.7,0,0.0,0,0.0,0,1001.7,43.86090327279004,1.4241624813714011,144,,
2018,4,7,0,0,12.9,-152,0,10,0,0.0,0,0.0,0,1002,18.746977507656368,2.0981282248428195,141,,
2018,4,7,1,0,12.7,-132,0,10.1,0,0.0,0,0.0,0,1002.5,337.65226957065147,1.9018769210369475,135,,
2018,4,7,2,0,12.5,-117,0,10.2,0,0.0,0,0.0,0,1002.9,347.02627773472125,2.107509042034912,125,,
2018,4,7,3,0,12.4,-105,0,10.2,0,0.0,0,0.0,0,1003.4,350.5922224006701,2.403172320630451,115,,
2018,4,7,4,0,12.3,-94,0,10.3,0,0.0,0,0.0,0,1003.9,347.1896323334372,2.133925556208093,104,,
2018,4,7,5,0,12.2,-84,0,10.2,6,0.0,3,0.0,0,1004.4,350.38127838147466,2.3231878991857493,92,,
2018,4,7,6,0,12.5,-74,1.1,10.2,42,7.0,72,2.0000000000000004,0,1004.7,347.3912703299944,2.923532678715401,81,,
2018,4,7,7,0,13.2,-63,0.6,10.1,70,136.0,219,57.350683864540464,0,1004.9,289.29135605941144,3.5279240854258216,71,,
2018,4,7,8,0,13.9,-50,0,10,80,287.0,380,191.1428859547805,0,1005.1,287.7408584614382,3.9131425092324,61,,
2018,4,7,9,0,14.4,-35,0,9.6,79,431.0,516,349.75689395804284,0,1005.3,281.1713741808375,3.781614687964348,54,,
2018,4,7,10,0,14.7,-17,0.2,9.1,78,520.0,597,498.6435934656142,0,1005.4,301.15342166504274,4.022199792203717,49,,
2018,4,7,11,0,15,3,8,8.6,182,564.0,461,594.2582732157318,0,1005.5,335.89945731028973,7.150130095498747,48,,
2018,4,7,12,0,15,22,18.8,8.1,285,440.0,254,571.895221710811,0,1005.7,344.7617816716403,7.694856876110581,50,,
2018,4,7,13,0,14.8,40,29.2,7.6,309,309.0,94,488.6866056256382,0,1005.9,347.101281222673,6.439595154667394,56,,
2018,4,7,14,0,14.5,54,11.9,7.2,143,197.0,217,368.4973658057175,0,1006.2,341.9446654271936,7.259578432507946,64,,
2018,4,7,15,0,14.1,66,0,6.8,41,111.0,207,232.97412752272731,0,1006.6,347.26103535143955,7.652728847532626,74,,
2018,4,7,16,0,13.6,77,0,6.5,18,22.0,57,80.97532674263981,0,1007.2,353.7725942858486,7.697275614254057,85,,
2018,4,7,17,0,13.1,87,0,6.1,3,17.0,2,24.251881916388232,0,1007.8,357.2053836315088,6.409478113915694,96,,
2018,4,7,18,0,12.5,97,0,5.9,0,0.0,0,0.0,0,1008.3,356.0583792695429,5.1285861947577205,107,,
2018,4,7,19,0,11.8,108,0,5.7,0,0.0,0,0.0,0,1008.8,348.4496337013031,4.36999051214144,118,,
2018,4,7,20,0,11.2,121,0,5.5,0,0.0,0,0.0,0,1009.3,346.46205495875824,3.737890089531118,128,,
2018,4,7,21,0,11,137,0,5.5,0,0.0,0,0.0,0,1009.6,333.3695213706772,3.346461337658012,137,,
2018,4,7,22,0,11.1,159,0,5.7,0,0.0,0,0.0,0,1009.7,309.4651375734666,3.730046481055109,143,,
2018,4,7,23,0,11.3,-176,0,6,0,0.0,0,0.0,0,1009.8,286.934229608859,4.93773424220655,145,,
2018,4,8,0,0,11.4,-152,0,6.1,0,0.0,0,0.0,0,1010.1,298.3744910062844,6.013195320021935,142,,
2018,4,8,1,0,11.3,-132,0,6.1,0,0.0,0,0.0,0,1010.6,302.9320231269371,5.1334574684650605,135,,
2018,4,8,2,0,11.2,-116,0,6.1,0,0.0,0,0.0,0,1011.1,299.98628118505263,6.324888861852074,126,,
2018,4,8,3,0,11.1,-104,0,6.2,0,0.0,0,0.0,0,1011.7,285.6509002509079,6.537557162040417,115,,
2018,4,8,4,0,11.1,-94,0,6.2,0,0.0,0,0.0,0,1012.3,263.061743646785,6.242983584672194,104,,
2018,4,8,5,0,11.1,-84,0,6.2,5,0.0,4,0.0,0,1013,261.7713602203483,7.046667857202335,93,,
2018,4,8,6,0,11.6,-74,0.9,6.5,35,0.0,83,1.0,0,1013.5,250.83681189554,6.49956145090927,82,,
2018,4,8,7,0,12.6,-63,0.5,7,56,10.0,239,25.434125715357485,0,1013.9,241.6417634767473,7.697131570279319,71,,
2018,4,8,8,0,13.6,-50,0,7.5,68,16.0,396,78.6285752943655,0,1014.2,236.80530087592905,9.12418418333566,62,,
2018,4,8,9,0,14.2,-35,0,7.5,87,25.0,504,146.80611914209246,0,1014.4,227.65015774462825,10.66323628561101,54,,
2018,4,8,10,0,14.4,-17,0.8,7.1,125,22.0,532,194.56891248222013,0,1014.4,230.2839270617711,10.906373539746852,49,,
2018,4,8,11,0,14.6,3,0.9,6.7,146,22.0,525,222.60239124490107,0,1014.4,233.9728045427061,11.560137058785315,48,,
2018,4,8,12,0,14.8,22,0.3,6.5,143,19.0,488,220.60019422976296,0,1014.5,242.7960529368883,10.89812425279448,50,,
2018,4,8,13,0,14.9,39,0,6.3,142,11.0,387,172.23147712415337,0,1014.6,247.78272260895736,11.511646100951848,56,,
2018,4,8,14,0,15,54,0,6.2,127,22.0,253,186.2306517192552,0,1014.7,253.55895157767253,10.850649752037407,64,,
2018,4,8,15,0,14.6,66,0,6.2,88,17.0,121,126.48231546566998,0,1015,266.2549241823216,9.56118901622174,74,,
2018,4,8,16,0,14,77,0.6,6.4,30,4.0,27,39.42863413113694,0,1015.4,283.35041348947004,9.438663439373334,85,,
2018,4,8,17,0,13.3,86,33.1,6.6,3,2.0,0,9.371962680681555,0,1015.8,306.2421801574171,8.579616455189694,96,,
2018,4,8,18,0,12.6,96,26.2,6.6,0,0.0,0,0.0,0,1016.2,316.58783148101554,8.217574789782141,107,,
2018,4,8,19,0,12,107,4.3,6.7,0,0.0,0,0.0,0,1016.6,352.7412573509765,9.18592360330495,118,,
2018,4,8,20,0,11.4,120,0,6.7,0,0.0,0,0.0,0,1016.9,357.76158773780054,10.057478987761682,129,,
2018,4,8,21,0,11.1,137,0,7,0,0.0,0,0.0,0,1017.1,5.979629447017601,10.243724428346288,138,,
2018,4,8,22,0,11.1,159,0,7.4,0,0.0,0,0.0,0,1017.1,8.795960772481521,10.101467719227152,143,,
2018,4,8,23,0,11.2,-176,0,7.8,0,0.0,0,0.0,0,1017.1,10.17394725955802,10.160247734857649,145,,
2018,4,9,0,0,11,-152,0,7.9,0,0.0,0,0.0,0,1017.1,17.352417406946017,9.864731755628826,142,,
2018,4,9,1,0,10.7,-132,0,7.9,0,0.0,0,0.0,0,1017.1,17.91030313308704,10.176768943605556,135,,
2018,4,9,2,0,10.4,-116,0,7.9,0,0.0,0,0.0,0,1017.1,23.81930856640713,10.336211615378256,126,,
2018,4,9,3,0,10.1,-104,0,7.9,0,0.0,0,0.0,0,1017.3,29.61262591226074,9.839075477231695,115,,
2018,4,9,4,0,9.8,-93,0,7.8,0,0.0,0,0.0,0,1017.7,40.13744283673179,8.677926383597718,104,,
2018,4,9,5,0,9.6,-83,0.4,7.8,5,0.0,1,0.0,0,1018.2,44.90814160453124,7.860530870657628,93,,
2018,4,9,6,0,10.4,-73,18.7,7.8,76,1.0,1,1.0,0,1018.3,54.39825207268905,7.055634410756249,82,,
2018,4,9,7,0,11.9,-62,24,7.8,168,40.0,45,42.60607365575605,0,1018.2,44.0130186550677,6.7849849707859375,71,,
2018,4,9,8,0,13.6,-50,29.3,7.8,276,95.0,33,144.19558820519072,0,1018.1,54.91208057209286,6.345256123953411,62,,
2018,4,9,9,0,14.5,-34,12.2,7.7,174,207.0,340,287.377924827034,0,1017.9,74.1222608982834,5.02674285332702,54,,
2018,4,9,10,0,15,-16,0,7.4,96,373.0,558,426.5679708146988,0,1017.5,78.9404078169751,3.375183241779382,50,,
2018,4,9,11,0,15.5,3,0,7.2,97,471.0,577,536.0887054557351,0,1017.1,64.90695278498976,2.252642893963613,48,,
2018,4,9,12,0,15.6,22,0,7.1,91,289.0,545,476.274095641968,0,1016.8,72.77225483373701,1.612378327266668,51,,
2018,4,9,13,0,15.6,39,0,7.3,84,157.0,456,375.4263244764597,0,1016.7,84.34936396707889,1.857168940541738,57,,
2018,4,9,14,0,15.6,54,0,7.4,74,137.0,324,310.68017704250457,0,1016.6,80.58770856241716,1.7466596330738895,65,,
2018,4,9,15,0,15.2,66,0,7.6,55,69.0,172,187.06253472061772,0,1016.6,57.93995903978299,1.437778052099966,75,,
2018,4,9,16,0,14.5,76,0,7.9,20,28.0,43,81.85102989780094,0,1016.8,14.384530155661366,2.659295938663625,85,,
2018,4,9,17,0,13.8,86,0,8.2,2,17.0,1,21.07200003796129,0,1017,318.8727482690323,2.2876111139086874,96,,
2018,4,9,18,0,13,96,0,8.3,0,0.0,0,0.0,0,1017.2,268.16193154069737,2.9304628897404683,108,,
2018,4,9,19,0,12.2,107,0,8.4,0,0.0,0,0.0,0,1017.3,232.59403292552224,6.424451111751719,119,,
2018,4,9,20,0,11.3,120,0,8.5,0,0.0,0,0.0,0,1017.4,236.3651694047289,10.043788860105812,129,,
2018,4,9,21,0,11.1,137,0,8.6,0,0.0,0,0.0,0,1017.4,226.2694173329509,12.53039719588347,138,,
2018,4,9,22,0,11.4,159,0,8.9,0,0.0,0,0.0,0,1017.3,224.34005083098828,15.362810328928772,144,,
2018,4,9,23,0,11.8,-176,0,9.1,0,0.0,0,0.0,0,1017.2,221.07410411665413,16.36919438842931,146,,
2018,4,10,0,0,11.8,-151,0,9.2,0,0.0,0,0.0,0,1017.2,219.2126228107128,16.842690549522533,142,,
2018,4,10,1,0,11.6,-131,0,9.2,0,0.0,0,0.0,0,1017.1,216.31266168343308,16.42758355521022,135,,
2018,4,10,2,0,11.4,-116,0,9.2,0,0.0,0,0.0,0,1017.1,214.9916832105505,17.00298250380885,126,,
2018,4,10,3,0,11.3,-103,0,9.1,0,0.0,0,0.0,0,1017.3,215.6024879685989,17.3624019679082,115,,
2018,4,10,4,0,11.3,-93,0,9.1,0,0.0,0,0.0,0,1017.5,214.92148040951827,17.805167253231474,104,,
2018,4,10,5,0,11.4,-83,0.6,9.1,4,0.0,1,0.0,0,1017.8,214.2050139460527,18.05184623153862,93,,
2018,4,10,6,0,12,-73,29,9.2,58,2.0,0,1.0000000000000002,0,1018,213.50962417942583,18.082015989556325,82,,
2018,4,10,7,0,13,-62,53.2,9.4,123,184.0,0,54.79250327586497,0,1017.9,213.2950925846526,18.486067048741667,72,,
2018,4,10,8,0,14.1,-49,53.9,9.5,206,419.0,0,205.9454891490276,0,1017.9,211.11744726386465,18.26257153156953,62,,
2018,4,10,9,0,14.7,-34,48.8,9.4,294,592.0,0,381.5363326744353,0,1017.7,212.81925658999623,18.25365415660678,55,,
2018,4,10,10,0,15,-16,70.8,9,185,693.0000000000001,0,528.5553921030482,0,1017.5,216.0870751239562,18.948838902686465,50,,
2018,4,10,11,0,15.2,3,83.3,8.6,112,632.0,0,588.0509122275669,0,1017.2,216.4059292672407,18.84339125214252,49,,
2018,4,10,12,0,15.2,22,76.4,8.5,146,594.0,1,606.2413257827463,0,1016.8,217.5802981844544,18.50571930764368,51,,
2018,4,10,13,0,15.2,39,44.5,8.5,249,546.0,35,570.4739297616663,0,1016.4,219.4452113078616,18.88137445904429,57,,
2018,4,10,14,0,15.1,53,10.3,8.6,155,523.0,185,499.1061734962622,0,1016,218.835216138099,18.930666858435764,65,,
2018,4,10,15,0,14.6,65,0.6,8.7,60,420.0,158,360.11730534090754,0,1015.8,219.35438976347385,18.129346433267138,75,,
2018,4,10,16,0,13.9,76,32.9,8.8,20,354.0,36,217.66423451917552,0,1015.8,219.6295545170993,17.47089601072275,86,,
2018,4,10,17,0,13.2,86,18.6,8.9,1,195.0,0,57.21533079247455,0,1015.8,217.8635082276731,16.998845090975305,97,,
2018,4,10,18,0,12.6,96,7.7,9,0,0.0,0,0.0,0,1015.7,215.01024807955267,15.905740555509832,108,,
2018,4,10,19,0,12.1,107,4.3,9.1,0,0.0,0,0.0,0,1015.5,214.4419840693052,15.298841032531428,119,,
2018,4,10,20,0,11.5,120,0,9.2,0,0.0,0,0.0,0,1015.3,213.90576688494585,14.550961824871171,129,,
2018,4,10,21,0,11.4,137,0,9.2,0,0.0,0,0.0,0,1015.1,216.3272146769108,12.790270977214297,138,,
2018,4,10,22,0,11.5,159,0,9.3,0,0.0,0,0.0,0,1014.8,220.35863771976256,12.286392477208585,144,,
2018,4,10,23,0,11.6,-176,0,9.3,0,0.0,0,0.0,0,1014.5,224.49844796926868,11.122856748059556,146,,
2018,4,11,0,0,11.6,-151,0,9.4,0,0.0,0,0.0,0,1014.1,230.09340969570005,9.644793087018831,143,,
2018,4,11,1,0,11.5,-131,0,9.4,0,0.0,0,0.0,0,1013.6,234.67278180920545,8.499076596759739,136,,
2018,4,11,2,0,11.5,-115,0,9.5,0,0.0,0,0.0,0,1013.1,259.8582033636644,5.801091329076937,126,,
2018,4,11,3,0,11.4,-103,0,9.5,0,0.0,0,0.0,0,1012.9,293.9927385781839,5.634279607641293,116,,
2018,4,11,4,0,11.4,-93,0,9.4,0,0.0,0,0.0,0,1012.8,344.8413893175616,3.839147060209807,104,,
2018,4,11,5,0,11.3,-83,0.4,9.3,4,0.0,1,0.0,0,1012.7,56.05130075370721,8.250369211807302,93,,
2018,4,11,6,0,11.8,-73,23,9.3,70,1.0,0,1.0,0,1012.5,67.06916213902758,9.418614536645268,82,,
2018,4,11,7,0,12.6,-62,47.1,9.3,142,61.0,0,39.056081542491214,0,1012.4,84.26822385254172,9.7904038237164,72,,
2018,4,11,8,0,13.5,-49,46.3,9.3,245,71.0,0,115.31990415227476,0,1012.3,77.54241137102804,10.140606390843413,63,,
2018,4,11,9,0,13.9,-34,58.4,9,233,149.0,0,233.6802084088269,0,1011.9,86.00701687118885,9.876513452684222,55,,
2018,4,11,10,0,13.8,-16,72.1,8.4,182,51.0,0,244.1711123804301,0,1011.5,94.66898144583746,8.443056498664815,50,,
2018,4,11,11,0,13.7,3,75.3,7.8,167,22.0,0,214.3041958844558,0,1011,85.96208601112943,8.879218865063196,49,,
2018,4,11,12,0,13.5,22,76.5,7.4,150,25.0,0,235.22053049151947,0,1010.6,88.07280529650012,11.1581668996732,52,,
2018,4,11,13,0,13.3,39,64.2,7.3,187,34.0,0,244.84101438056268,0,1010.5,98.6458373545978,13.4521811483162,57,,
2018,4,11,14,0,13.1,53,44.5,7.2,212,16.0,0,161.37366519387973,0,1010.3,100.53204967598748,13.35934467869937,66,,
2018,4,11,15,0,12.9,65,46.3,7.1,124,48.0,0,173.18907961345226,0,1010.3,106.21170118675984,13.831479565473115,75,,
2018,4,11,16,0,12.7,76,35.4,7.1,28,45.0,0,101.35493990996191,0,1010.5,108.5344674669899,12.93455350420426,86,,
2018,4,11,17,0,12.5,86,38.7,7.1,1,32.0,0,24.44818727509658,0,1010.6,112.22200124954476,10.38802088465499,97,,
2018,4,11,18,0,12.4,96,39.4,7.1,0,0.0,0,0.0,0,1010.7,117.22831633331504,9.318738908460478,108,,
2018,4,11,19,0,12.2,107,45.5,7.3,0,0.0,0,0.0,0,1010.8,113.7367734575655,8.696100848740548,119,,
2018,4,11,20,0,12.1,120,45.5,7.5,0,0.0,0,0.0,0,1010.8,115.17311234181068,8.292712735479713,130,,
2018,4,11,21,0,12,137,43.1,7.6,0,0.0,0,0.0,0,1010.9,138.55679481781436,7.452095624426379,139,,
2018,4,11,22,0,12,159,15.7,7.7,0,0.0,0,0.0,0,1011.1,189.91702962583665,9.56875586481494,145,,
2018,4,11,23,0,12,-175,0,7.8,0,0.0,0,0.0,0,1011.2,202.10817247814623,11.744627764362432,146,,
2018,4,12,0,0,11.8,-151,0,7.8,0,0.0,0,0.0,0,1011.4,207.5304405021631,12.798610998017882,143,,
2018,4,12,1,0,11.6,-130,0,7.6,0,0.0,0,0.0,0,1011.5,201.9400552478565,12.702441566635446,136,,
2018,4,12,2,0,11.3,-115,0,7.5,0,0.0,0,0.0,0,1011.6,201.3085079280464,13.011577148491554,126,,
2018,4,12,3,0,11,-103,0,7.2,0,0.0,0,0.0,0,1011.9,206.85516132932764,14.94341458854003,116,,
2018,4,12,4,0,10.6,-92,0,6.8,0,0.0,0,0.0,0,1012.4,206.4409445448546,20.31365523647838,105,,
2018,4,12,5,0,10.3,-82,0,6.4,2,0.0,2,0.0,0,1012.9,208.87525512349345,22.484097363081336,93,,
2018,4,12,6,0,10.5,-72,0,5.9,26,0.0,84,0.0,0,1013.3,210.09867522905955,22.612756601462404,82,,
2018,4,12,7,0,11.3,-61,0,5.5,47,41.0,241,38.25153380545888,0,1013.7,212.0104454493978,22.26068017494516,72,,
2018,4,12,8,0,12.1,-49,0,5.1,54,33.0,403,98.99966888177148,0,1014.1,215.8748533668277,19.069086537850097,63,,
2018,4,12,9,0,12.5,-33,0,4.6,59,7.0,530,89.63519715398023,0,1014.1,208.36587316683887,22.187446208673737,55,,
2018,4,12,10,0,12.6,-16,0,3.9,62,34.0,605,207.3033029131576,0,1013.9,220.041345326482,18.550187738193458,51,,
2018,4,12,11,0,12.7,3,0,3.3,64,377.0,621,497.2804182144971,0,1013.7,249.47998971808028,14.81136580040212,49,,
2018,4,12,12,0,12.8,22,0,3.2,64,94.0,578,341.5396317670361,0,1013.5,294.24380914352173,14.928941535378993,52,,
2018,4,12,13,0,12.9,39,0,3.5,61,115.0,481,344.2990408646749,0,1013.4,304.8718381207741,15.74262802605671,58,,
2018,4,12,14,0,13.1,53,0,3.9,56,71.0,340,254.22932113290435,0,1013.3,327.4330511802232,15.293351920091146,66,,
2018,4,12,15,0,12.8,65,0,4.2,44,40.0,175,157.1142516909008,0,1013.4,333.46869721659607,13.902274656539422,76,,
2018,4,12,16,0,12.3,76,0,4.4,14,30.0,41,83.07880475970833,0,1013.8,350.0578312457648,16.289797688091998,86,,
2018,4,12,17,0,11.7,85,0,4.6,0,12.0,0,14.98103386113624,0,1014.1,4.993214786976921,16.106289182311105,97,,
2018,4,12,18,0,11.1,95,0,4.7,0,0.0,0,0.0,0,1014.4,10.961377906112716,15.261095835400504,109,,
2018,4,12,19,0,10.4,106,0,4.7,0,0.0,0,0.0,0,1014.6,12.32576229132536,14.870104272588408,120,,
2018,4,12,20,0,9.7,119,0,4.7,0,0.0,0,0.0,0,1014.8,17.5043495334275,14.160857936968558,130,,
2018,4,12,21,0,9.5,136,0,4.9,0,0.0,0,0.0,0,1014.9,19.75023851198977,13.594890787773975,139,,
2018,4,12,22,0,9.5,159,0,5.2,0,0.0,0,0.0,0,1014.8,19.252249032148484,12.470339508849504,145,,
2018,4,12,23,0,9.6,-175,0,5.4,0,0.0,0,0.0,0,1014.7,21.823014671492217,11.060978060089036,147,,
2018,4,13,0,0,9.5,-150,0,5.6,0,0.0,0,0.0,0,1014.6,25.35211957559796,10.186873425481767,143,,
2018,4,13,1,0,9.2,-130,0,5.7,0,0.0,0,0.0,0,1014.3,20.17339949757735,9.075034588887108,136,,
2018,4,13,2,0,8.9,-115,0,5.8,0,0.0,0,0.0,0,1014.1,14.882351850153782,7.474358408163325,127,,
2018,4,13,3,0,8.7,-102,0,5.9,0,0.0,0,0.0,0,1014.1,10.373541316359931,7.066678659260968,116,,
2018,4,13,4,0,8.4,-92,0,5.9,0,0.0,0,0.0,0,1014.3,10.4844101266209,5.838939344104146,105,,
2018,4,13,5,0,8.2,-82,0,6,2,0.0,2,0.0,0,1014.6,6.660577726312624,5.043316250742951,94,,
2018,4,13,6,0,9,-72,0,6.2,27,0.0,78,0.0,0,1014.8,354.65288917227485,4.694746011845361,83,,
2018,4,13,7,0,10.8,-61,0,6.4,50,27.0,228,31.739116179788084,0,1014.9,330.12912992143464,3.979901491424508,72,,
2018,4,13,8,0,12.6,-48,0,6.7,60,53.0,383,110.04809705620144,0,1015.1,306.95076271867225,3.943998068732143,63,,
2018,4,13,9,0,13.7,-33,0,7,65,84.0,506,205.29091290729627,0,1014.9,286.835678741004,3.7317214300590607,56,,
2018,4,13,10,0,14.2,-16,0,7.2,68,148.0,580,324.69295125657186,0,1014.4,289.52936065157814,6.063167613915586,51,,
2018,4,13,11,0,14.7,3,0,7.4,70,106.0,597,341.1432247981191,0,1013.8,292.8812260463853,7.830516415644751,50,,
2018,4,13,12,0,14.9,22,0,7.7,69,91.0,557,340.17257980026704,0,1013.4,291.6306076369125,8.029817638986822,52,,
2018,4,13,13,0,15,39,0,7.9,66,54.0,462,276.149108271725,0,1013,280.85616129850416,8.959666593534628,58,,
2018,4,13,14,0,15,53,0,8.1,59,33.0,325,198.99312717568608,0,1012.7,277.88803286766034,10.019115785904608,66,,
2018,4,13,15,0,14.4,65,0,8.4,45,25.0,166,134.81570812056188,0,1012.5,276.4652541634598,10.38784065801182,76,,
2018,4,13,16,0,13.4,75,0,8.6,14,23.0,39,75.60677493297058,0,1012.5,273.61702324836347,10.615139194542598,86,,
2018,4,13,17,0,12.4,85,0,8.8,0,13.0,0,16.07943605831689,0,1012.6,268.7700191894766,9.565192214487183,98,,
2018,4,13,18,0,11.6,95,0,8.8,0,0.0,0,0.0,0,1012.7,255.50754360609807,8.812387323673725,109,,
2018,4,13,19,0,11,106,0,8.6,0,0.0,0,0.0,0,1012.8,237.9247778593709,10.870265631706966,120,,
2018,4,13,20,0,10.5,119,0,8.4,0,0.0,0,0.0,0,1013,229.5248452789461,12.93032592165369,130,,
2018,4,13,21,0,10.4,136,0,8.4,0,0.0,0,0.0,0,1012.9,228.7517076497252,15.107076610128775,139,,
2018,4,13,22,0,10.7,159,0,8.6,0,0.0,0,0.0,0,1012.6,236.7899428658941,14.403006233972128,145,,
2018,4,13,23,0,11.1,-175,0,8.8,0,0.0,0,0.0,0,1012.3,295.2789256894072,15.473710904175627,147,,
2018,4,14,0,0,11.3,-150,0.3,9,0,0.0,0,0.0,0,1011.9,302.54622897930733,14.75517571693996,144,,
2018,4,14,1,0,11.5,-130,16.8,9,0,0.0,0,0.0,0,1011.4,342.3721308412026,12.441894066557856,136,,
2018,4,14,2,0,11.6,-114,40.7,9,0,0.0,0,0.0,0,1011,335.08055753795844,11.888818463254813,127,,
2018,4,14,3,0,11.8,-102,49.9,9.1,0,0.0,0,0.0,0,1010.9,336.51246904669625,14.50633956588976,116,,
2018,4,14,4,0,11.9,-92,61.6,9.3,0,0.0,0,0.0,0,1011,332.7183554083733,13.889492306263914,105,,
2018,4,14,5,0,12.1,-82,63.7,9.4,1,0.0,0,0.0,0,1011.2,323.8079145555962,12.762416478405887,94,,
2018,4,14,6,0,12.6,-72,68.5,9.7,25,0.0,0,0.0,0,1011.3,306.28040233500485,13.701457606168695,83,,
2018,4,14,7,0,13.3,-61,80.3,10.2,44,41.0,0,34.994524772022146,0,1011.5,290.37183983301566,15.082784260939052,72,,
2018,4,14,8,0,14,-48,87.5,10.7,49,8.0,0,56.63843545574019,0,1011.7,277.26137252511626,16.56695094671394,63,,
2018,4,14,9,0,14.6,-33,90.3,10.9,51,6.0,0,81.21140470864961,0,1011.5,275.54497617995173,18.62376814007108,56,,
2018,4,14,10,0,15.2,-15,83.8,10.8,98,8.0,0,124.0035571643003,0,1011.1,278.97586703191786,19.973350557598955,51,,
2018,4,14,11,0,15.7,4,85,10.7,92,13.0,0,174.68521308037282,0,1010.6,295.19994418282187,18.937052913461915,50,,
2018,4,14,12,0,16,22,84.8,10.8,87,100.0,0,351.4484586400609,0,1010.1,322.8572573383285,15.934165044681752,53,,
2018,4,14,13,0,16.1,39,83.6,11.1,79,26.0,0,219.31262666781603,0,1009.8,324.61407403495747,17.862778128306616,58,,
2018,4,14,14,0,16.1,53,78.3,11.4,69,1.0,0,44.57042032963443,0,1009.4,331.59075833924044,16.749815388274207,66,,
2018,4,14,15,0,15.9,65,32.8,11.7,72,6.0,21,78.80454594186835,0,1009.2,12.269640299031837,13.066777740352292,76,,
2018,4,14,16,0,15.4,75,3.2,12,27,30.0,12,82.76592704086823,0,1009.1,17.36956066584935,16.704361467477643,87,,
2018,4,14,17,0,15,85,0,12.2,0,13.0,0,15.013306399394756,0,1009.1,23.052338479682987,15.836613993034549,98,,
2018,4,14,18,0,14.8,95,0,12.4,0,0.0,0,0.0,0,1009.1,21.277388496744152,17.027378833977018,109,,
2018,4,14,19,0,14.7,106,0.3,12.6,0,0.0,0,0.0,0,1009.1,13.75003445704732,16.86792367456804,120,,
2018,4,14,20,0,14.7,119,15.3,12.7,0,0.0,0,0.0,0,1009.1,13.921645987633497,16.756367464162505,131,,
2018,4,14,21,0,14.7,136,23.4,12.9,0,0.0,0,0.0,0,1008.8,11.187543354950437,15.600652799030234,140,,
2018,4,14,22,0,14.8,158,8.4,13.1,0,0.0,0,0.0,0,1008.3,5.160603610522628,15.088505279958891,146,,
2018,4,14,23,0,14.9,-175,0,13.2,0,0.0,0,0.0,0,1007.9,359.0389027649162,14.904440588065158,147,,
2018,4,15,0,0,15.1,-150,0,13.4,0,0.0,0,0.0,0,1007.4,1.1362199945475029,14.860587956033047,144,,
2018,4,15,1,0,15.2,-129,0,13.5,0,0.0,0,0.0,0,1007.1,13.673558938629355,14.84530142657332,137,,
2018,4,15,2,0,15.4,-114,0,13.7,0,0.0,0,0.0,0,1006.8,19.848659627078973,17.39573763080548,127,,
2018,4,15,3,0,15.5,-102,0,13.7,0,0.0,0,0.0,0,1006.7,24.57208356101876,17.1669651888227,116,,
2018,4,15,4,0,15.5,-91,0,13.8,0,0.0,0,0.0,0,1006.9,19.643042779778057,15.273351373454044,105,,
2018,4,15,5,0,15.5,-81,0.8,13.8,1,0.0,0,0.0,0,1007.1,10.96133553384891,17.116476981782856,94,,
2018,4,15,6,0,15.9,-71,42.5,14.1,30,0.0,0,0.0,0,1007.4,20.414533339422405,19.864566406565515,83,,
2018,4,15,7,0,16.6,-60,41.8,14.5,145,26.0,12,30.55050873423618,0,1007.7,28.041149067861056,19.53517353321784,73,,
2018,4,15,8,0,17.4,-48,49.6,14.9,185,77.0,7,122.4894015167051,0,1008,28.52613175167357,17.911809129895,64,,
2018,4,15,9,0,17.8,-33,74.8,14.9,128,160.0,0,249.34037661106856,0,1007.9,28.168654617685263,16.975652932782793,56,,
2018,4,15,10,0,18,-15,65.9,14.5,207,287.0,2,375.4121413361298,0,1007.5,25.498182443902465,16.624356927839294,52,,
2018,4,15,11,0,18.2,4,34,14,303,364.0,108,471.5418110160506,0,1007,21.84562600752696,17.036373620642404,51,,
2018,4,15,12,0,18.1,22,32.5,13.8,331,333.0,65,481.6957526278596,0,1006.8,21.368995545781218,16.711877640382614,53,,
2018,4,15,13,0,17.8,39,14.1,13.8,175,329.0,238,461.7822859657834,0,1006.7,21.962970289299108,16.174327734371033,59,,
2018,4,15,14,0,17.5,53,0.5,13.8,73,216.0,281,346.10696348767914,0,1006.6,17.842940509998186,15.99776357614848,67,,
2018,4,15,15,0,17,64,25.1,13.8,74,103.0,83,201.61141301384689,0,1006.8,18.855800311634823,16.13415042418712,76,,
2018,4,15,16,0,16.3,75,45.2,13.8,28,39.0,0,83.49432321453317,0,1007.1,13.915122948834608,14.31336426520074,87,,
2018,4,15,17,0,15.7,85,61,13.8,0,4.0,0,7.5993117594987485,0,1007.6,15.528308315773415,13.557873716938262,98,,
2018,4,15,18,0,15.3,95,68.7,13.9,0,0.0,0,0.0,0,1007.9,12.945351441733692,12.854290226920044,109,,
2018,4,15,19,0,15.2,106,68.4,14,0,0.0,0,0.0,0,1008.2,10.363808213021969,12.880304285543774,121,,
2018,4,15,20,0,15.1,119,68.8,14.1,0,0.0,0,0.0,0,1008.4,4.472343965181551,13.112191080794622,131,,
2018,4,15,21,0,15,136,68.8,14,0,0.0,0,0.0,0,1008.5,355.6170916170712,13.379214150999791,140,,
2018,4,15,22,0,14.7,158,24.8,13.7,0,0.0,0,0.0,0,1008.6,344.5589737560985,13.950820382240597,146,,
2018,4,15,23,0,14.5,-175,0,13.4,0,0.0,0,0.0,0,1008.6,336.60505829258864,15.921190818035104,148,,
2018,4,16,0,0,14.2,-149,0,13,0,0.0,0,0.0,0,1008.8,341.1544807564574,17.497047406842846,144,,
2018,4,16,1,0,13.8,-129,0,12.6,0,0.0,0,0.0,0,1009.1,339.5741303427699,18.651480758435465,137,,
2018,4,16,2,0,13.5,-113,0,12.2,0,0.0,0,0.0,0,1009.4,344.32509188473307,19.91140023054313,127,,
2018,4,16,3,0,13.2,-101,0,11.8,0,0.0,0,0.0,0,1010,349.6084949945714,19.40420084038264,117,,
2018,4,16,4,0,12.8,-91,0,11.3,0,0.0,0,0.0,0,1010.9,352.1010882466909,18.1916439474188,105,,
2018,4,16,5,0,12.4,-81,0.2,10.8,1,0.0,0,0.0,0,1011.7,3.424128084630979,17.19255799689363,94,,
2018,4,16,6,0,12.5,-71,11.7,10,55,0.0,22,0.0,0,1012.4,17.615656724895132,18.352273934557804,83,,
2018,4,16,7,0,12.9,-60,29.8,9.1,164,12.0,12,20.217523529285515,0,1012.8,16.189854349020834,19.39055172601299,73,,
2018,4,16,8,0,13.4,-47,38.8,8.2,259,87.0,0,118.18468339155233,0,1013.1,32.93566711647475,16.7347485031347,64,,
2018,4,16,9,0,13.6,-32,37.5,7.7,334,259.0,13,271.41908453214256,0,1013.3,32.43635335302292,17.42969453778161,57,,
2018,4,16,10,0,13.6,-15,32.3,7.6,363,610.0,64,476.1065663842248,0,1013.4,44.65585112135994,17.359646524662956,52,,
2018,4,16,11,0,13.5,4,35.3,7.5,383,641.0,36,566.1527019911096,0,1013.4,44.6564796887094,17.391410515139814,51,,
2018,4,16,12,0,13.6,22,45.3,7.4,331,599.0,2,582.3499002417841,0,1013.4,43.10864816089219,17.03094056574548,53,,
2018,4,16,13,0,13.6,38,67.5,7.4,172,620.0,0,575.8391844095705,0,1013.4,41.65712044062468,16.946226370594434,59,,
2018,4,16,14,0,13.7,52,66.9,7.4,114,606.0,0,508.49372638081456,0,1013.3,42.78499822288893,16.82586540168888,67,,
2018,4,16,15,0,13.6,64,61.1,7.4,74,532.0,0,377.1761166075033,0,1013.5,40.941318999419934,15.880849648480762,77,,
2018,4,16,16,0,13.5,75,44.2,7.4,18,356.0,0,197.2257381792886,0,1013.8,40.44853850361329,15.434979995653409,87,,
2018,4,16,17,0,13.4,85,12.5,7.4,0,123.0,0,34.81455233208021,0,1014.1,40.296790434344246,14.938039109545045,98,,
2018,4,16,18,0,13.2,94,0,7.6,0,0.0,0,0.0,0,1014.3,42.97662061635378,14.663481827357472,110,,
2018,4,16,19,0,13,105,0,7.8,0,0.0,0,0.0,0,1014.5,40.1663930423918,14.722407516277109,121,,
2018,4,16,20,0,12.8,118,0,8,0,0.0,0,0.0,0,1014.7,41.950161338266525,15.01327461520041,131,,
2018,4,16,21,0,12.7,136,0,8.3,0,0.0,0,0.0,0,1014.6,43.33405353162533,14.774004138103694,140,,
2018,4,16,22,0,12.7,158,0,8.7,0,0.0,0,0.0,0,1014.3,42.25643747719403,14.18117812547421,146,,
2018,4,16,23,0,12.8,-175,0,9.1,0,0.0,0,0.0,0,1014,42.495711057491405,14.519741417054195,148,,
2018,4,17,0,0,12.8,-149,0,9.3,0,0.0,0,0.0,0,1013.6,43.62550437566307,15.39418729229915,145,,
2018,4,17,1,0,12.8,-128,0,9.4,0,0.0,0,0.0,0,1013.3,43.6563604889584,15.747641237303515,137,,
2018,4,17,2,0,12.8,-113,0,9.5,0,0.0,0,0.0,0,1012.9,48.8284686604959,16.54724844348149,128,,
2018,4,17,3,0,12.8,-101,0,9.6,0,0.0,0,0.0,0,1012.8,52.82825342226994,15.923121359562275,117,,
2018,4,17,4,0,12.8,-91,0,9.6,0,0.0,0,0.0,0,1013,58.07199871186401,15.980647164194808,106,,
2018,4,17,5,0,12.8,-81,0.3,9.7,1,0.0,0,0.0,0,1013.2,58.9587259998724,15.783159869360992,94,,
2018,4,17,6,0,13.2,-71,14.7,9.8,58,0.0,13,0.0,0,1013.2,59.29253265550528,14.70518778561082,83,,
2018,4,17,7,0,14,-60,12,9.9,96,17.0,136,21.25703202080064,0,1013.1,59.22076045388252,13.339359758346294,73,,
2018,4,17,8,0,14.8,-47,16,10,194,34.0,150,82.59249844842459,0,1012.9,58.80583428791533,12.369184249687756,64,,
2018,4,17,9,0,15.1,-32,30.2,9.7,327,69.0,46,172.61647776307058,0,1012.3,60.8140219713722,10.61080425225411,57,,
2018,4,17,10,0,15.2,-15,39.4,9.1,370,96.0,2,272.8241094080988,0,1011.4,60.511729530395655,9.749845674711707,52,,
2018,4,17,11,0,15.2,4,35.1,8.5,377,82.0,35,301.3661763975373,0,1010.5,55.6171677410195,9.526209605373728,51,,
2018,4,17,12,0,15.1,22,35.4,8.3,367,78.0,20,310.3763628399885,0,1009.6,53.57770499979114,9.481783473547631,54,,
2018,4,17,13,0,15,38,41.9,8.4,293,54.0,0,261.0773143974411,0,1008.7,54.19027075817803,9.408104653503395,59,,
2018,4,17,14,0,14.8,52,57,8.6,161,36.0,0,193.9855677049381,0,1007.9,53.44141363879595,9.031627455746682,67,,
2018,4,17,15,0,14.4,64,62.7,8.7,68,17.0,0,108.68366654335505,0,1007.4,56.47997821118446,9.103298683094156,77,,
2018,4,17,16,0,13.8,75,22.3,8.9,16,9.0,0,46.7913866493389,0,1007.1,61.45365549824612,8.949840775464022,88,,
2018,4,17,17,0,13.2,84,0,9.1,0,4.0,0,8.559558546016845,0,1006.9,59.43359554726982,8.410122730916543,99,,
2018,4,17,18,0,12.8,94,0,9.1,0,0.0,0,0.0,0,1006.5,55.74203150122412,8.232136322535476,110,,
2018,4,17,19,0,12.7,105,0,9.2,0,0.0,0,0.0,0,1005.9,52.82894932268238,8.667404881927267,121,,
2018,4,17,20,0,12.7,118,0,9.2,0,0.0,0,0.0,0,1005.4,54.011340060155874,8.022726252156923,132,,
2018,4,17,21,0,12.6,135,0,9.3,0,0.0,0,0.0,0,1004.6,59.30922119419813,7.522659792370863,141,,
2018,4,17,22,0,12.6,158,0,9.4,0,0.0,0,0.0,0,1003.8,68.43818846078159,6.754137616582388,147,,
2018,4,17,23,0,12.6,-174,0,9.5,0,0.0,0,0.0,0,1002.9,72.31237136037942,5.848240600826251,148,,
2018,4,18,0,0,12.7,-149,0,9.5,0,0.0,0,0.0,0,1002.1,75.03666571099939,4.149998581265586,145,,
2018,4,18,1,0,12.7,-128,0,9.5,0,0.0,0,0.0,0,1001.3,56.08780188261784,3.824968282094358,137,,
2018,4,18,2,0,12.8,-113,0,9.5,0,0.0,0,0.0,0,1000.6,45.6250391722478,3.766396360417984,128,,
2018,4,18,3,0,12.9,-101,0,9.4,0,0.0,0,0.0,0,1000.3,37.225883846862814,4.479578649810385,117,,
2018,4,18,4,0,12.9,-90,0,9.3,0,0.0,0,0.0,0,1000.2,44.09779930754246,3.80445062890858,106,,
2018,4,18,5,0,12.9,-80,0.1,9.2,1,0.0,1,0.0,0,1000.2,54.35648368498914,2.719421753162543,94,,
2018,4,18,6,0,13.4,-70,6.6,9.3,47,0.0,28,0.0,0,1000.1,60.564881446360005,1.7531669604877846,84,,
2018,4,18,7,0,14.4,-59,13.2,9.5,124,73.0,85,33.887195470248585,0,1000,184.01766903282012,0.6307003423108922,73,,
2018,4,18,8,0,15.4,-47,28,9.7,240,110.0,43,125.93049724814308,0,999.9,189.7907924265217,1.7572838730140834,64,,
2018,4,18,9,0,15.7,-32,61.1,10.1,193,110.0,3,210.8118966480501,0,999.5,183.326508613512,1.9943270843641103,57,,
2018,4,18,10,0,15.5,-15,71.1,10.7,174,90.0,0,263.51771419772814,0,998.9,221.50491856155995,1.192180069566522,53,,
2018,4,18,11,0,15.2,4,83.1,11.2,103,91.0,0,307.1556734410258,0,998.3,323.0812151821348,1.1445316666221512,52,,
2018,4,18,12,0,14.6,22,84.5,11.5,85,129.0,0,355.3961282210959,0,998,343.0158342957822,1.2837743547352412,54,,
2018,4,18,13,0,13.9,38,85.7,11.7,68,161.0,0,361.8270528620192,0,998.1,6.469917817472378,1.4646503982093344,60,,
2018,4,18,14,0,13.2,52,84.2,11.8,48,149.0,0,301.96701712836773,0,998.3,13.525636692015723,1.94681650260615,68,,
2018,4,18,15,0,12.5,64,54.3,11.2,58,79.0,0,182.30481636874123,0,998.8,3.214899055929891,2.146199923438232,77,,
2018,4,18,16,0,11.9,74,14,10.3,23,21.0,0,64.40729588991073,0,999.8,3.7168513146179407,1.8566885703020173,88,,
2018,4,18,17,0,11.3,84,0,9.3,0,5.0,0,8.674990282103284,0,1000.7,15.643767716030254,1.7709228062933071,99,,
2018,4,18,18,0,10.8,94,0,8.5,0,0.0,0,0.0,0,1001.6,27.704250880622,1.296040093873163,110,,
2018,4,18,19,0,10.4,105,0,7.9,0,0.0,0,0.0,0,1002.4,59.02442746901932,1.0151326379882053,121,,
2018,4,18,20,0,10,118,0,7.3,0,0.0,0,0.0,0,1003.2,107.48979962139867,0.6084506531377643,132,,
2018,4,18,21,0,9.8,135,0,7.2,0,0.0,0,0.0,0,1004,270.7440592028887,0.3572078543509674,141,,
2018,4,18,22,0,9.7,158,0,7.3,0,0.0,0,0.0,0,1004.6,283.2845962249783,1.399259634608062,147,,
2018,4,18,23,0,9.6,-174,0,7.5,0,0.0,0,0.0,0,1005.3,261.0362441987734,1.8035203536651008,149,,
2018,4,19,0,0,9.4,-148,0,7.3,0,0.0,0,0.0,0,1006.1,244.0311346938472,2.5078510626088915,145,,
2018,4,19,1,0,9.2,-128,0,6.9,0,0.0,0,0.0,0,1007.1,198.9702002541869,1.991719643501434,138,,
2018,4,19,2,0,8.9,-112,0,6.5,0,0.0,0,0.0,0,1008,206.4233304567061,1.5449442711133952,128,,
2018,4,19,3,0,8.6,-100,0,6,0,0.0,0,0.0,0,1009.3,200.3461360207258,1.0139443209633328,117,,
2018,4,19,4,0,8.4,-90,0,5.5,0,0.0,0,0.0,0,1010.8,158.24805346696337,0.7352105520951245,106,,
2018,4,19,5,0,8.2,-80,0,5,1,0.0,1,0.0,0,1012.4,98.28545657545844,1.5789807709289492,95,,
2018,4,19,6,0,8.6,-70,0,4.3,27,0.0,62,0.0,0,1013.8,101.01575238505728,2.59244433252204,84,,
2018,4,19,7,0,9.5,-59,0,3.6,51,16.0,201,21.147691968695344,0,1015,101.08981735312778,2.3430688504023585,74,,
2018,4,19,8,0,10.4,-47,0,2.8,60,30.0,357,83.59998804838477,0,1016.3,100.760977592502,3.058422117910801,65,,
2018,4,19,9,0,11,-32,0,2.3,61,44.0,484,157.35233998508514,0,1017.2,103.56550571596824,3.329707284454183,57,,
2018,4,19,10,0,11.3,-15,0,2.1,59,68.0,564,227.5935005810374,0,1017.9,112.07863877677426,2.70784692186598,53,,
2018,4,19,11,0,11.5,4,0.3,1.9,61,89.0,579,286.6100215737828,0,1018.5,96.57802619125904,2.7279194512990808,52,,
2018,4,19,12,0,11.6,22,14.4,1.7,199,107.0,317,317.3504898673945,0,1019.1,84.73064640878977,3.160818674189472,55,,
2018,4,19,13,0,11.5,38,8,1.6,135,143.0,318,330.1890371359133,0,1019.8,74.16036806250679,4.269284938397884,60,,
2018,4,19,14,0,11.5,52,0,1.4,50,235.0,304,336.0988784956535,0,1020.5,72.11282564501789,5.014863482268724,68,,
2018,4,19,15,0,11.1,64,0,1.6,39,412.0,144,324.04155601668265,0,1021.3,76.91406359908115,5.798026579736734,78,,
2018,4,19,16,0,10.6,74,0,1.9,12,363.0,31,189.9395665809876,0,1022.1,82.02218292123098,6.144427459286423,88,,
2018,4,19,17,0,10,84,0,2.2,0,134.0,0,31.4416348900284,0,1023,89.82205590078053,5.817166726410584,99,,
2018,4,19,18,0,9.4,94,0,2.4,0,0.0,0,0.0,0,1023.8,94.71780113688136,6.132594363469801,111,,
2018,4,19,19,0,8.6,105,0,2.6,0,0.0,0,0.0,0,1024.6,106.78239638991572,6.864132736614335,122,,
2018,4,19,20,0,7.8,118,0,2.8,0,0.0,0,0.0,0,1025.3,106.45976673504748,7.373970509459021,132,,
2018,4,19,21,0,7.6,135,0,3.1,0,0.0,0,0.0,0,1025.7,107.9958878957146,7.91889693734309,141,,
2018,4,19,22,0,7.6,158,0,3.6,0,0.0,0,0.0,0,1025.8,114.28296065420506,7.219556334078073,147,,
2018,4,19,23,0,7.7,-174,0,4,0,0.0,0,0.0,0,1025.9,117.5635180814279,6.647852480797774,149,,
2018,4,20,0,0,7.7,-148,0,4.2,0,0.0,0,0.0,0,1025.9,122.1356210578856,5.783550737698458,145,,
2018,4,20,1,0,7.5,-127,0,4.2,0,0.0,0,0.0,0,1025.8,119.69419869974956,4.7584115514099725,138,,
2018,4,20,2,0,7.4,-112,0,4.1,0,0.0,0,0.0,0,1025.8,131.8455333465787,3.720710317850044,128,,
2018,4,20,3,0,7.2,-100,0,4,0,0.0,0,0.0,0,1026.1,167.71621091666543,3.312906870056056,117,,
2018,4,20,4,0,7.1,-90,0,3.8,0,0.0,0,0.0,0,1026.5,199.79541230284377,5.775100788458972,106,,
2018,4,20,5,0,7.1,-80,0,3.6,1,0.0,1,0.0,0,1027,199.68424162885336,7.1458520518318185,95,,
2018,4,20,6,0,7.9,-70,0,3.9,27,0.0,57,0.0,0,1027.3,204.72287312470547,8.16838101879487,84,,
2018,4,20,7,0,9.4,-59,0,4.4,54,108.0,186,30.68623542389855,0,1027.6,208.29368801478705,7.640610135147831,74,,
2018,4,20,8,0,11,-46,2.6,4.9,91,327.0,295,158.86212482638496,0,1027.9,210.549077793141,7.081033778445805,65,,
2018,4,20,9,0,11.9,-32,19,5.1,238,616.0,178,345.5234916634249,0,1027.8,199.8339797111212,5.713953356890962,58,,
2018,4,20,10,0,12.3,-14,25.3,5,313,741.0,132,490.05687030729473,0,1027.4,199.85963114343028,4.219965109850394,53,,
2018,4,20,11,0,12.7,4,9.3,4.9,160,770.0,395,584.415365486774,0,1026.9,214.31080752010203,3.5563299136577253,52,,
2018,4,20,12,0,12.9,22,30.2,4.9,207,771.0,197,622.2620682691289,0,1026.6,221.51199397511263,2.64740502366332,55,,
2018,4,20,13,0,13.1,38,16.9,5.1,141,758.0,239,603.1644463818412,0,1026.3,263.0013550350562,1.5789030253411858,60,,
2018,4,20,14,0,13.2,52,0,5.2,56,703.0000000000001,277,517.7038059260626,0,1026,323.59575237785515,0.7149650179034734,68,,
2018,4,20,15,0,13,63,0,5.5,41,601.0,127,376.5401301256976,0,1026,43.70846966868811,1.4016221296368976,78,,
2018,4,20,16,0,12.6,74,0,5.8,13,409.0,26,193.71857961775683,0,1026.1,58.85094081673645,2.200854193061252,88,,
2018,4,20,17,0,12.2,84,0,6.1,0,119.0,0,26.920490991684,0,1026.2,68.97950526002819,2.065689813632967,100,,
2018,4,20,18,0,11.5,93,0,6.3,0,0.0,0,0.0,0,1026.1,114.8899744014024,1.0719801170031804,111,,
2018,4,20,19,0,10.6,104,0,6.3,0,0.0,0,0.0,0,1026.1,220.13205641657697,2.0791013618207543,122,,
2018,4,20,20,0,9.8,117,0,6.4,0,0.0,0,0.0,0,1026,238.32355538774752,4.931426386948147,133,,
2018,4,20,21,0,9.4,135,0,6.6,0,0.0,0,0.0,0,1025.8,231.30808456375232,6.46386372954718,142,,
2018,4,20,22,0,9.4,158,0,6.8,0,0.0,0,0.0,0,1025.6,228.7617900391309,8.330596621477408,148,,
2018,4,20,23,0,9.5,-174,0,7.1,0,0.0,0,0.0,0,1025.3,229.63019627466312,8.80230586581357,149,,
2018,4,21,0,0,9.4,-148,0,7.3,0,0.0,0,0.0,0,1025.1,227.45858768911447,8.76904907600194,146,,
2018,4,21,1,0,9.3,-127,0,7.3,0,0.0,0,0.0,0,1025,221.1053826477596,9.42701539529729,138,,
2018,4,21,2,0,9.2,-112,0,7.3,0,0.0,0,0.0,0,1024.8,217.51623211363847,10.587685371046208,128,,
2018,4,21,3,0,9.2,-100,0,7.5,0,0.0,0,0.0,0,1024.9,217.83779028156232,10.984233266531923,117,,
2018,4,21,4,0,9.3,-89,0,7.6,0,0.0,0,0.0,0,1025.1,218.20002458719372,11.032758023438578,106,,
2018,4,21,5,0,9.4,-79,0,7.8,1,0.0,1,0.0,0,1025.4,217.64134602216416,11.851709034264688,95,,
2018,4,21,6,0,10.2,-70,1.2,8.1,27,0.0,54,0.0,0,1025.4,217.32512827467733,12.408008827911136,84,,
2018,4,21,7,0,11.5,-59,0.7,8.4,50,123.0,185,27.43364650700009,0,1025.2,219.9831274229643,12.417104997621216,74,,
2018,4,21,8,0,12.9,-46,0,8.7,68,309.0,322,146.45711040171983,0,1024.9,221.5081991818995,11.81677559519699,65,,
2018,4,21,9,0,13.8,-31,0,8.8,114,458.0,385,293.225098222675,0,1024.4,223.98617105565745,10.5177882889884,58,,
2018,4,21,10,0,14.4,-14,0,8.7,183,543.0,358,430.70646898402833,0,1023.8,237.04065936202463,9.896772830268336,54,,
2018,4,21,11,0,14.9,4,0.2,8.5,221,619.0,314,531.4620779216264,0,1023.1,239.86652318915824,9.7200831943158,53,,
2018,4,21,12,0,15.2,22,8.7,8.5,275,660.0,177,580.8972044410299,0,1022.6,235.31748132369617,10.222927470357307,55,,
2018,4,21,13,0,15.3,38,4.9,8.5,235,591.0,122,537.4563579828339,0,1022.3,236.01143662931293,9.735012214219005,61,,
2018,4,21,14,0,15.3,51,0,8.6,157,445.0,80,417.1503472623517,0,1022,238.8867773161359,8.233760503174699,69,,
2018,4,21,15,0,15,63,0,8.8,84,227.0,23,240.034488642122,0,1021.9,233.2537742293435,8.641426380376473,78,,
2018,4,21,16,0,14.6,74,0,9,20,77.0,3,90.34933334129704,0,1022,235.61672517215865,8.087351552818392,89,,
2018,4,21,17,0,14.1,83,0,9.3,0,15.0,0,9.809944511833022,0,1022.1,233.44345390571488,7.847871271418504,100,,
2018,4,21,18,0,13.3,93,0,9.2,0,0.0,0,0.0,0,1022,225.985863543466,8.809410054007536,111,,
2018,4,21,19,0,12.5,104,0,9,0,0.0,0,0.0,0,1021.9,219.65980967335585,10.038705289548997,122,,
2018,4,21,20,0,11.6,117,0,8.7,0,0.0,0,0.0,0,1021.7,212.19444967741623,11.606884705953004,133,,
2018,4,21,21,0,11.1,134,0,8.5,0,0.0,0,0.0,0,1021.4,210.79994968529527,12.19935216717743,142,,
2018,4,21,22,0,10.8,158,0,8.3,0,0.0,0,0.0,0,1020.9,213.5161895316323,8.991913056349075,148,,
2018,4,21,23,0,10.6,-174,0,8,0,0.0,0,0.0,0,1020.4,269.6883645595572,3.3665048743705186,150,,
2018,4,22,0,0,10.3,-147,0,7.8,0,0.0,0,0.0,0,1020.1,261.75912109700334,3.4287147098217376,146,,
2018,4,22,1,0,9.9,-127,0,7.6,0,0.0,0,0.0,0,1019.8,241.22122477939132,5.359207729031424,138,,
2018,4,22,2,0,9.6,-111,0,7.4,0,0.0,0,0.0,0,1019.5,228.25008570160205,8.145346976214018,129,,
2018,4,22,3,0,9.3,-99,0,7.4,0,0.0,0,0.0,0,1019.5,223.0844175638912,7.994636227632275,118,,
2018,4,22,4,0,9.2,-89,0,7.5,0,0.0,0,0.0,0,1019.5,224.4910219809755,7.365353259874898,106,,
2018,4,22,5,0,9,-79,0,7.6,1,0.0,1,0.0,0,1019.6,223.19585544721548,7.292891736433575,95,,
2018,4,22,6,0,10.2,-69,0,8.3,27,0.0,51,0.0,0,1019.5,218.4223969587069,7.573043586492943,84,,
2018,4,22,7,0,12.4,-58,0,9.4,58,86.0,170,25.064305096460416,0,1019.3,215.66325349850567,5.736477152129292,74,,
2018,4,22,8,0,14.7,-46,0,10.5,75,230.0,307,134.45509754149714,0,1019.1,217.1629727292726,6.223909547580004,65,,
2018,4,22,9,0,16,-31,0,10.7,80,365.0,425,272.0814321176032,0,1018.6,221.8125766465877,4.768954567877411,58,,
2018,4,22,10,0,16.4,-14,0,10.3,85,518.0,492,412.7656667565646,0,1018,241.8623342999205,3.863039608949572,54,,
2018,4,22,11,0,16.8,4,0,9.8,90,614.0,501,518.9320768061662,0,1017.3,252.89751648575583,4.1899156150650905,53,,
2018,4,22,12,0,16.9,22,0,9.7,93,661.0,456,569.4134640281297,0,1016.7,250.60786696876056,4.908082765499277,56,,
2018,4,22,13,0,16.9,38,0,10,89,684.0,364,564.3030078120937,0,1016.3,296.70046471625847,3.972962344219925,61,,
2018,4,22,14,0,16.9,51,0,10.3,73,630.0,243,482.06020853893256,0,1015.8,308.4458194096072,4.981962499073869,69,,
2018,4,22,15,0,16.5,63,0,10.6,46,488.0,111,330.3488309566883,0,1015.6,306.6547377339878,5.331092276705328,79,,
2018,4,22,16,0,15.8,73,0,11,12,274.0,23,151.19911554358796,0,1015.6,311.0497364584413,5.227331461312601,89,,
2018,4,22,17,0,15.1,83,0,11.4,0,40.0,0,14.640237034878776,0,1015.7,317.23667672119984,4.852453773441472,100,,
2018,4,22,18,0,14.3,93,0,11.4,0,0.0,0,0.0,0,1015.6,318.77800136299766,4.74218953618064,111,,
2018,4,22,19,0,13.4,104,0,11.2,0,0.0,0,0.0,0,1015.3,5.4337781507829845,4.148279751007189,123,,
2018,4,22,20,0,12.5,117,0,10.9,0,0.0,0,0.0,0,1015.1,40.32000581350417,4.1047539928148975,133,,
2018,4,22,21,0,12,134,0,10.8,0,0.0,0,0.0,0,1014.7,78.54944176393929,4.40879592661762,142,,
2018,4,22,22,0,11.9,158,0,10.8,0,0.0,0,0.0,0,1014.2,94.62429948922386,4.151698301862977,149,,
2018,4,22,23,0,11.8,-174,0,10.8,0,0.0,0,0.0,0,1013.7,96.50817618421776,3.347254333940031,150,,
2018,4,23,0,0,11.7,-147,0.6,10.8,0,0.0,0,0.0,0,1013.3,118.46522072951296,2.52886800186134,146,,
2018,4,23,1,0,11.7,-126,33.1,10.8,0,0.0,0,0.0,0,1012.8,172.45245084867452,0.9814030728336548,139,,
2018,4,23,2,0,11.6,-111,51.2,10.8,0,0.0,0,0.0,0,1012.4,104.85935825594196,1.1129009735065458,129,,
2018,4,23,3,0,11.6,-99,51.6,10.8,0,0.0,0,0.0,0,1012.2,126.52818630514776,0.6222278629011352,118,,
2018,4,23,4,0,11.7,-89,51.9,10.8,0,0.0,0,0.0,0,1012.1,194.46417079352588,0.1427068260094704,107,,
2018,4,23,5,0,11.8,-79,51.8,10.8,1,0.0,0,0.0,0,1012.1,54.08062385385728,1.7807626224784348,95,,
2018,4,23,6,0,12.4,-69,39.2,11,49,0.0,3,0.0,0,1011.9,73.44127616338517,2.631598218044194,85,,
2018,4,23,7,0,13.4,-58,11.6,11.2,70,150.0,141,25.00000000000001,0,1011.7,94.84683846418494,2.1642331768720293,74,,
2018,4,23,8,0,14.5,-46,0,11.4,75,535.0,306,171.1922792540724,0,1011.3,147.82896216561494,2.130304447856658,66,,
2018,4,23,9,0,15.1,-31,0.5,11.3,86,620.0,412,325.6624078342932,0,1010.6,180.31929206046576,2.365759390436551,59,,
2018,4,23,10,0,15.4,-14,28,11,248,710.0,160,473.4149509322033,0,1009.6,191.5786352438553,1.868342740517016,54,,
2018,4,23,11,0,15.6,4,51.8,10.7,285,596.0,0,514.2957610787246,0,1008.6,204.45460389364123,1.3045299686193028,53,,
2018,4,23,12,0,15.7,22,49.3,10.5,278,510.0,0,509.9439680478109,0,1007.7,247.67739081175608,1.3755443535839758,56,,
2018,4,23,13,0,15.7,37,44.1,10.4,252,715.0,2,578.1060006334383,0,1006.9,285.203346840038,0.7820080322111657,61,,
2018,4,23,14,0,15.8,51,18.4,10.3,126,691.0000000000001,120,505.0352123916733,0,1006.1,263.0666623419984,0.7422442364338827,69,,
2018,4,23,15,0,15.5,63,35.5,10.4,53,582.0,67,361.641369143906,0,1005.5,329.4373244406111,1.1244821416200923,79,,
2018,4,23,16,0,15.1,73,71.5,10.6,16,410.0,0,186.0456648988364,0,1005.2,1.8929391960256223,0.2586860883719875,89,,
2018,4,23,17,0,14.6,83,79.7,10.8,0,71.0,0,17.910359289912304,0,1004.8,319.1900782029848,1.0254216071398248,100,,
2018,4,23,18,0,14.1,93,80.9,10.9,0,0.0,0,0.0,0,1004.3,242.8017471205197,2.7663204051597945,112,,
2018,4,23,19,0,13.6,104,85.9,10.9,0,0.0,0,0.0,0,1003.6,233.0590894298284,5.98823702124619,123,,
2018,4,23,20,0,13.1,117,92.7,10.9,0,0.0,0,0.0,0,1003,217.56613092911687,8.663579079407814,133,,
2018,4,23,21,0,12.8,134,92.2,11,0,0.0,0,0.0,0,1002.1,213.41735060040253,9.858566958388533,143,,
2018,4,23,22,0,12.7,158,95.3,11,0,0.0,0,0.0,0,1001.1,212.5375547330985,11.68837825769822,149,,
2018,4,23,23,0,12.5,-173,97.7,11,0,0.0,0,0.0,0,1000.2,213.4082006375651,12.55288462343422,150,,
2018,4,24,0,0,12.4,-147,97.7,11.2,0,0.0,0,0.0,0,999.3,214.2740601473714,13.280180021830276,147,,
2018,4,24,1,0,12.3,-126,88.6,11.3,0,0.0,0,0.0,0,998.4,214.58777116867444,13.536224325294674,139,,
2018,4,24,2,0,12.2,-110,92.7,11.5,0,0.0,0,0.0,0,997.6,214.2619900879415,14.164181567289704,129,,
2018,4,24,3,0,12.2,-99,99.3,11.6,0,0.0,0,0.0,0,997,213.0610156374944,14.191551625656665,118,,
2018,4,24,4,0,12.2,-88,98.7,11.6,0,0.0,0,0.0,0,996.5,212.96423878779584,13.079840081623344,107,,
2018,4,24,5,0,12.3,-79,96.6,11.6,1,0.0,0,0.0,0,996.1,213.3487148986168,14.286492095148976,96,,
2018,4,24,6,0,12.6,-69,62.7,11.9,40,0.0,0,0.0,0,995.8,217.5646357329085,13.365630979449666,85,,
2018,4,24,7,0,13,-58,53.2,12.3,96,9.0,0,10.0,0,995.5,218.7503930401792,14.059964646563571,75,,
2018,4,24,8,0,13.5,-45,58.4,12.8,154,19.0,0,58.20652817815349,0,995.2,219.0094760646956,13.72612199852698,66,,
2018,4,24,9,0,13.6,-31,67.2,13,157,113.0,0,182.22844040936533,0,994.8,220.8591449611964,12.974648857602157,59,,
2018,4,24,10,0,13.6,-14,68.5,13,177,264.0,0,326.01691759140454,0,994.2,225.41413076180012,11.822768226677566,55,,
2018,4,24,11,0,13.5,4,74.9,12.9,144,240.0,0,370.14028798040624,0,993.6,236.0832648243658,10.93713210713328,54,,
2018,4,24,12,0,13.5,22,86.2,12.9,75,411.0,0,470.43212935742247,0,993.3,253.60686065972607,9.870241409898425,56,,
2018,4,24,13,0,13.5,37,91.8,12.8,37,498.0,0,490.1424812114388,0,993.1,278.42386376632595,10.727551633456768,62,,
2018,4,24,14,0,13.4,51,91,12.8,25,438.0,0,405.99580576651726,0,993,299.5195336244523,10.34792608051142,70,,
2018,4,24,15,0,13.3,63,58,12.6,42,374.0,0,290.04476224116803,0,993.1,330.14713870706174,8.86955914143122,79,,
2018,4,24,16,0,13.1,73,64.6,12.4,19,244.0,0,141.30892369837505,0,993.3,352.35345366584875,9.22534443294986,90,,
2018,4,24,17,0,12.9,83,77.6,12.2,0,60.0,0,16.41328013050758,0,993.6,0.8385028384887505,8.541686165407457,101,,
2018,4,24,18,0,12.7,92,75.8,12,0,0.0,0,0.0,0,994,3.8161213720070464,8.183917018723722,112,,
2018,4,24,19,0,12.5,103,71.9,11.8,0,0.0,0,0.0,0,994.5,347.39744655934805,7.447748868336953,123,,
2018,4,24,20,0,12.2,116,70,11.6,0,0.0,0,0.0,0,995,342.3509084713843,7.6273189559513215,134,,
2018,4,24,21,0,12.1,134,69.1,11.4,0,0.0,0,0.0,0,995.3,349.71951225413954,7.704499565034139,143,,
2018,4,24,22,0,12,158,24.8,11.2,0,0.0,0,0.0,0,995.5,354.0503608182092,7.62186658685962,149,,
2018,4,24,23,0,12,-173,0,11,0,0.0,0,0.0,0,995.7,348.13346479703984,7.294562093704872,151,,
2018,4,25,0,0,11.8,-146,0,10.8,0,0.0,0,0.0,0,995.9,347.56965708652484,7.735282309132702,147,,
2018,4,25,1,0,11.7,-125,0,10.6,0,0.0,0,0.0,0,996.1,344.8566758387177,7.330728682432729,139,,
2018,4,25,2,0,11.5,-110,0,10.3,0,0.0,0,0.0,0,996.3,350.95251948364626,7.694363267319625,129,,
2018,4,25,3,0,11.4,-98,0,10.1,0,0.0,0,0.0,0,996.8,357.2057914628719,7.692495448154842,118,,
2018,4,25,4,0,11.3,-88,0,10,0,0.0,0,0.0,0,997.4,3.3021770400040964,6.900128650848069,107,,
2018,4,25,5,0,11.1,-78,0,9.8,1,0.0,1,0.0,0,998,5.354228224696158,6.268806967091364,96,,
2018,4,25,6,0,11.6,-68,2.5,9.8,29,0.0,42,0.0,0,998.5,7.204394557813828,5.66114936893313,85,,
2018,4,25,7,0,12.4,-58,1.8,10,54,29.0,162,15.000000000000002,0,999,353.39097572065054,4.539443533525936,75,,
2018,4,25,8,0,13.3,-45,21.1,10.1,189,48.0,94,80.93058663639862,0,999.5,343.63081740036193,4.071530802269073,66,,
2018,4,25,9,0,13.8,-30,32.5,10,297,89.0,36,169.97813125529075,0,999.8,342.2131299409793,3.62442131191819,59,,
2018,4,25,10,0,14,-14,42.9,9.6,306,64.0,15,215.07226199938023,0,999.8,331.1723176797488,3.592410509671277,55,,
2018,4,25,11,0,14.1,4,59.6,9.2,235,85.0,0,274.0720402548555,0,999.8,324.56431387540465,4.065580293320163,54,,
2018,4,25,12,0,14,22,76.7,9,128,124.0,0,322.2711135247276,0,1000,324.8393942205753,4.635900700046703,57,,
2018,4,25,13,0,13.9,37,63,8.9,153,149.0,3,322.506242062408,0,1000.4,309.91450648027734,6.658617489611424,62,,
2018,4,25,14,0,13.8,51,18.7,8.8,102,102.0,129,241.60569106225225,0,1000.8,332.03838019042075,6.226918826563033,70,,
2018,4,25,15,0,13.5,62,0.7,8.6,40,76.0,105,158.34619590354683,0,1001.4,327.03626873309366,6.933293867476484,79,,
2018,4,25,16,0,13,73,0.4,8.3,12,39.0,19,67.57568949088548,0,1002,326.02730265233214,7.014483293099982,90,,
2018,4,25,17,0,12.6,82,0,8.1,0,4.0,0,5.409726539494017,0,1002.7,326.6840475100944,7.217689093539686,101,,
2018,4,25,18,0,12.2,92,0,7.7,0,0.0,0,0.0,0,1003.2,333.5973875837538,7.740778736163297,112,,
2018,4,25,19,0,11.8,103,0,7.2,0,0.0,0,0.0,0,1003.4,329.94399245594747,7.701319987928378,123,,
2018,4,25,20,0,11.5,116,0,6.8,0,0.0,0,0.0,0,1003.7,317.8075110415052,8.57515796218382,134,,
2018,4,25,21,0,11.3,134,0,6.7,0,0.0,0,0.0,0,1003.8,316.5718625868541,9.559724183577869,143,,
2018,4,25,22,0,11.2,158,0,6.8,0,0.0,0,0.0,0,1003.8,320.65334448037925,10.865228055341502,149,,
2018,4,25,23,0,11.1,-173,0,7,0,0.0,0,0.0,0,1003.8,324.39030983528147,11.90009513474351,151,,
2018,4,26,0,0,11,-146,0,7,0,0.0,0,0.0,0,1004,332.1596588909613,11.93076199212451,147,,
2018,4,26,1,0,10.7,-125,0,6.8,0,0.0,0,0.0,0,1004.3,328.6532801526886,12.478391858387344,139,,
2018,4,26,2,0,10.5,-110,0,6.6,0,0.0,0,0.0,0,1004.6,351.9226921074378,13.789140514120673,129,,
2018,4,26,3,0,10.3,-98,0,6.3,0,0.0,0,0.0,0,1005,17.59444646735824,11.74191402896034,118,,
2018,4,26,4,0,10.1,-88,0,6,0,0.0,0,0.0,0,1005.4,11.98168767046451,11.56968407273361,107,,
2018,4,26,5,0,9.9,-78,0.2,5.7,1,0.0,0,0.0,0,1005.9,16.119401576584096,12.477869709402222,96,,
2018,4,26,6,0,10.2,-68,12.5,5.6,44,0.0,15,0.0,0,1006.1,13.56459815582349,12.372459854134842,85,,
2018,4,26,7,0,10.9,-57,7.3,5.5,61,97.0,151,20.000000000000007,0,1006.3,11.48526420406921,12.892685294374076,75,,
2018,4,26,8,0,11.7,-45,16.3,5.5,170,157.0,138,116.38546312557936,0,1006.4,17.22661988283795,13.597266196267588,66,,
2018,4,26,9,0,12.2,-30,22.9,5.6,246,239.0,140,234.8989945913187,0,1006.2,22.036633843878235,12.898091610222345,60,,
2018,4,26,10,0,12.4,-14,47.7,5.9,232,554.0,61,415.3708907287222,0,1006,20.97531127213801,12.933193008173252,55,,
2018,4,26,11,0,12.6,4,45.1,6.2,303,611.0,17,508.5055314353479,0,1005.7,22.428476293121605,12.953478968239343,54,,
2018,4,26,12,0,12.6,21,12.8,6.5,169,609.0,297,539.163705287926,0,1005.6,22.97630162349668,12.981001637231318,57,,
2018,4,26,13,0,12.4,37,3.5,6.7,90,548.0,340,498.9059966864849,0,1005.8,22.74358353310629,13.002471718653789,62,,
2018,4,26,14,0,12.3,51,30.3,7,124,488.0,101,415.363099637533,0,1006,25.180154532736022,13.137024530214656,70,,
2018,4,26,15,0,12,62,19.8,7.2,76,391.0,21,287.41863837128085,0,1006.3,29.129462895541508,12.940664109477472,80,,
2018,4,26,16,0,11.7,73,2.2,7.3,15,288.0,12,145.7654242917373,0,1006.8,32.772537978004664,11.983656651579066,90,,
2018,4,26,17,0,11.3,82,0,7.4,0,40.0,0,11.921861099105575,0,1007.3,35.0158803466544,11.670855754690937,101,,
2018,4,26,18,0,10.9,92,0,7.3,0,0.0,0,0.0,0,1007.6,39.579135104553416,11.729907776652158,112,,
2018,4,26,19,0,10.3,103,0,7.2,0,0.0,0,0.0,0,1007.9,39.77309067652181,11.193663537561068,124,,
2018,4,26,20,0,9.8,116,0,7,0,0.0,0,0.0,0,1008.2,40.14484917297551,10.816492680307285,134,,
2018,4,26,21,0,9.6,133,0,7,0,0.0,0,0.0,0,1008.3,38.98087713421734,9.723151317359012,143,,
2018,4,26,22,0,9.6,158,0,7,0,0.0,0,0.0,0,1008.4,39.08073412547185,9.30570610934416,150,,
2018,4,26,23,0,9.7,-173,0,7,0,0.0,0,0.0,0,1008.5,40.61182871766937,7.921722113433794,151,,
2018,4,27,0,0,9.8,-146,0,7,0,0.0,0,0.0,0,1008.6,41.027343243075165,8.521985322792808,147,,
2018,4,27,1,0,9.9,-125,0,6.9,0,0.0,0,0.0,0,1008.8,36.57767794094764,8.578138910779114,140,,
2018,4,27,2,0,10,-109,0,6.8,0,0.0,0,0.0,0,1009,37.39721257882172,8.82840123377374,130,,
2018,4,27,3,0,10.1,-98,0,6.7,0,0.0,0,0.0,0,1009.3,39.57349619352209,8.612613920280543,119,,
2018,4,27,4,0,10.1,-87,0,6.5,0,0.0,0,0.0,0,1009.7,40.78959914109191,8.685844991005707,107,,
2018,4,27,5,0,10.2,-78,0,6.3,0,0.0,1,0.0,0,1010.1,42.91862476046174,8.608178739292049,96,,
2018,4,27,6,0,10.7,-68,0,6.4,25,0.0,43,0.0,0,1010.5,46.93523276971433,8.225325637243984,85,,
2018,4,27,7,0,11.4,-57,0.1,6.7,52,9.0,161,9.0,0,1010.8,53.24739527390153,7.394058462304435,75,,
2018,4,27,8,0,12.2,-45,2.8,7,88,42.0,268,73.64341884591285,0,1011.1,56.9139438393006,6.346158087363304,67,,
2018,4,27,9,0,12.6,-30,15.1,6.9,201,89.0,211,164.29532168342948,0,1011.3,47.96477808005,5.6741164221210205,60,,
2018,4,27,10,0,12.7,-14,40.1,6.6,275,103.0,58,249.9401387020711,0,1011.4,45.32542795581236,4.98469983659755,56,,
2018,4,27,11,0,12.7,4,46,6.3,306,212.0,6,363.06055160267147,0,1011.4,40.22130556082084,4.583815959604604,55,,
2018,4,27,12,0,12.6,21,15.7,6.2,156,121.0,289,321.4213393198455,0,1011.6,36.84732488154077,4.585742543380258,57,,
2018,4,27,13,0,12.5,37,0.9,6.2,71,82.0,364,269.2901392697846,0,1011.8,32.72608583441229,4.781444869713992,63,,
2018,4,27,14,0,12.4,50,2.2,6.2,69,55.0,224,198.84563496744107,0,1012.1,35.97238704928492,4.788087431323701,71,,
2018,4,27,15,0,12.1,62,1.9,6.2,45,31.0,90,116.49440402598518,0,1012.6,37.63525375501735,4.605879670658839,80,,
2018,4,27,16,0,11.7,72,0.5,6.2,12,17.0,16,48.453668939627335,0,1013.1,38.38386063667548,4.465035235019247,90,,
2018,4,27,17,0,11.3,82,0,6.2,0,2.0,0,4.187469538420176,0,1013.7,40.06297693686759,4.43916719978496,101,,
2018,4,27,18,0,10.9,92,0,6.1,0,0.0,0,0.0,0,1014.2,49.97674469259755,4.2207462038509895,113,,
2018,4,27,19,0,10.4,102,0,5.9,0,0.0,0,0.0,0,1014.7,60.15270015766305,3.4897543262701096,124,,
2018,4,27,20,0,10,116,0,5.8,0,0.0,0,0.0,0,1015.2,63.34945349026469,2.7073048485002875,134,,
2018,4,27,21,0,9.9,133,0,6,0,0.0,0,0.0,0,1015.5,59.226633727126455,2.016040640862236,144,,
2018,4,27,22,0,10,157,0,6.4,0,0.0,0,0.0,0,1015.7,51.28544788974261,1.556324102177181,150,,
2018,4,27,23,0,10.1,-173,0,6.8,0,0.0,0,0.0,0,1015.8,8.539350962190895,0.4833861070081414,152,,
2018,4,28,0,0,10.1,-145,0,6.9,0,0.0,0,0.0,0,1016,336.305028961407,0.244221178117178,148,,
2018,4,28,1,0,10,-124,0,6.9,0,0.0,0,0.0,0,1016.1,44.21494415304386,1.1717734992257256,140,,
2018,4,28,2,0,9.9,-109,0,6.8,0,0.0,0,0.0,0,1016.2,260.187815670659,0.3352260596924922,130,,
2018,4,28,3,0,9.9,-97,0,6.7,0,0.0,0,0.0,0,1016.5,266.10403300368245,0.8408102462467268,119,,
2018,4,28,4,0,9.9,-87,0,6.6,0,0.0,0,0.0,0,1017,245.7699439956657,1.380127298627345,107,,
2018,4,28,5,0,10,-77,0,6.6,0,0.0,1,0.0,0,1017.4,248.988089424281,1.5299556672461316,96,,
2018,4,28,6,0,10.5,-68,0.6,6.6,22,0.0,46,0.0,0,1017.8,254.4885725433676,2.302364575279242,86,,
2018,4,28,7,0,11.4,-57,2.1,6.7,52,9.0,155,11.0,0,1018.3,257.78859456819725,2.9732798600217394,76,,
2018,4,28,8,0,12.4,-44,31.7,6.9,158,18.0,78,59.78422393962306,0,1018.8,253.3906630131944,3.2934205185412315,67,,
2018,4,28,9,0,13,-30,21,6.8,148,31.0,247,125.73753577086735,0,1018.9,254.6382265446452,3.7729833736381937,60,,
2018,4,28,10,0,13.2,-13,45.7,6.7,157,25.0,138,162.04835504848114,0,1018.8,257.1365757054808,3.668231609379236,56,,
2018,4,28,11,0,13.5,4,56.1,6.5,250,24.0,1,185.69558468160744,0,1018.6,286.88112858863184,2.6592674843271724,55,,
2018,4,28,12,0,13.5,21,33.8,6.5,274,23.0,75,192.0922289503863,0,1018.5,322.12537079890404,3.461274356680572,58,,
2018,4,28,13,0,13.4,37,9.1,6.6,129,14.0,261,150.83855367065618,0,1018.4,350.45428676246445,4.522582399915549,63,,
2018,4,28,14,0,13.3,50,1.5,6.7,54,6.0,241,89.00976348344832,0,1018.3,16.940449757117165,5.576955549818456,71,,
2018,4,28,15,0,12.9,62,3.5,6.8,39,6.0,94,59.39056189710876,0,1018.4,22.347282662256703,5.048866481377059,80,,
2018,4,28,16,0,12.4,72,33.5,6.9,11,9.0,16,37.317303545235326,0,1018.8,23.82541488785245,5.470862416594174,91,,
2018,4,28,17,0,11.9,82,18.2,7.1,0,3.0,0,4.268495015281042,0,1019.2,29.976185200833697,5.468292680419883,102,,
2018,4,28,18,0,11.3,92,7.7,7,0,0.0,0,0.0,0,1019.5,32.251377043185414,5.8226665319129065,113,,
2018,4,28,19,0,10.7,102,12.5,6.9,0,0.0,0,0.0,0,1019.8,32.91835468519963,3.9515816386020695,124,,
2018,4,28,20,0,10.1,115,37.2,6.7,0,0.0,0,0.0,0,1020.1,32.19226371200091,4.9271530733825015,135,,
2018,4,28,21,0,10,133,50.9,6.9,0,0.0,0,0.0,0,1020.2,41.66233797777687,6.615315362768488,144,,
2018,4,28,22,0,10.3,157,43.3,7.2,0,0.0,0,0.0,0,1020.4,47.43926698718866,5.861211529607737,150,,
2018,4,28,23,0,10.6,-173,39,7.5,0,0.0,0,0.0,0,1020.5,42.83951618444894,5.948517490667784,152,,
2018,4,29,0,0,10.7,-145,38.5,7.7,0,0.0,0,0.0,0,1020.5,39.58781542834424,7.22966589197904,148,,
2018,4,29,1,0,10.7,-124,13.8,7.8,0,0.0,0,0.0,0,1020.5,32.89694242822122,5.992379007673661,140,,
2018,4,29,2,0,10.6,-109,0,7.8,0,0.0,0,0.0,0,1020.4,43.751778434965615,6.094199946493597,130,,
2018,4,29,3,0,10.5,-97,0,7.9,0,0.0,0,0.0,0,1020.7,77.5156736176329,6.753683784840886,119,,
2018,4,29,4,0,10.4,-87,0,7.9,0,0.0,0,0.0,0,1021.1,81.37289449069772,6.547716769453201,108,,
2018,4,29,5,0,10.3,-77,0,8,0,0.0,1,0.0,0,1021.5,79.5198783210812,6.774138492447115,96,,
2018,4,29,6,0,10.8,-67,1.5,8.1,25,0.0,40,0.0,0,1021.9,86.13934979516415,6.233138657358603,86,,
2018,4,29,7,0,11.8,-56,2.2,8.4,56,23.0,147,13.000000000000002,0,1022.2,90.12875970224474,5.866469891749447,76,,
2018,4,29,8,0,12.8,-44,0.8,8.7,65,190.0,293,119.72790079153174,0,1022.5,92.51518562396728,5.997232658252389,67,,
2018,4,29,9,0,13.5,-30,0,8.5,68,511.0,413,298.5744525737697,0,1022.5,94.24716579790817,4.70089765255282,60,,
2018,4,29,10,0,13.9,-13,0,8,72,591.0,480,414.78120785471,0,1022.2,79.53433749749877,5.407091339884194,56,,
2018,4,29,11,0,14.3,4,0,7.5,73,637.0,493,506.22676397218174,0,1021.9,73.20960282569234,5.703095736493844,55,,
2018,4,29,12,0,14.5,21,0,7.3,71,540.0,452,499.970140546095,0,1021.6,65.18852943247077,5.808635862873777,58,,
2018,4,29,13,0,14.5,37,1.6,7.3,79,550.0,343,488.4272177324168,0,1021.4,59.02818113444283,5.951034459179209,63,,
2018,4,29,14,0,14.5,50,2.3,7.3,69,292.0,215,325.1301519246673,0,1021.1,58.77175597257849,6.630358350924,71,,
2018,4,29,15,0,14,62,2.8,7.5,41,90.0,87,152.4480750808591,0,1021.2,54.254601218724645,6.419205010768536,80,,
2018,4,29,16,0,13.2,72,1.1,7.8,11,27.0,14,49.832119586294496,0,1021.5,54.14134676095176,6.119898481586664,91,,
2018,4,29,17,0,12.3,82,0,8.1,0,14.0,0,7.194748575419222,0,1021.8,50.871587110687415,6.480131484275401,102,,
2018,4,29,18,0,11.4,91,0,8,0,0.0,0,0.0,0,1022.1,49.93433416533429,6.6794302550634574,113,,
2018,4,29,19,0,10.4,102,0,7.6,0,0.0,0,0.0,0,1022.4,47.05055337868083,7.410722275563856,124,,
2018,4,29,20,0,9.4,115,0,7.2,0,0.0,0,0.0,0,1022.6,46.85739582570432,7.691065046918972,135,,
2018,4,29,21,0,9,133,0,6.9,0,0.0,0,0.0,0,1022.6,48.86593589371586,7.865816877689871,144,,
2018,4,29,22,0,9.2,157,0,6.7,0,0.0,0,0.0,0,1022.6,46.204036752446825,7.656950159561063,151,,
2018,4,29,23,0,9.4,-173,0,6.6,0,0.0,0,0.0,0,1022.5,43.17467587912381,7.040286132439377,152,,
2018,4,30,0,0,9.5,-145,0,6.5,0,0.0,0,0.0,0,1022.4,37.95252966530916,6.613143432767434,148,,
2018,4,30,1,0,9.5,-124,0,6.5,0,0.0,0,0.0,0,1022.3,26.180091908064924,7.133960313980441,140,,
2018,4,30,2,0,9.5,-108,0,6.5,0,0.0,0,0.0,0,1022.1,27.275915361562056,7.559539739667429,130,,
2018,4,30,3,0,9.6,-97,0,6.5,0,0.0,0,0.0,0,1022.2,28.83070109164646,7.572957430121592,119,,
2018,4,30,4,0,9.6,-87,0,6.6,0,0.0,0,0.0,0,1022.3,27.913597087254743,7.037811413679289,108,,
2018,4,30,5,0,9.7,-77,0,6.6,0,0.0,1,0.0,0,1022.4,26.272569651554026,7.4432117304376275,97,,
2018,4,30,6,0,10.5,-67,0.7,7.1,23,0.0,40,0.0,0,1022.6,28.89201185462258,7.0777288203910045,86,,
2018,4,30,7,0,11.9,-56,1.3,7.9,53,39.0,149,13.000000000000002,0,1022.9,22.2566578522883,7.708594637814969,76,,
2018,4,30,8,0,13.2,-44,0.5,8.8,65,219.0,290,114.35484834164087,0,1023.2,24.05203672836865,7.470388787332269,67,,
2018,4,30,9,0,14,-30,2.9,8.9,95,350.0,367,245.29243355853757,0,1023,25.317171896406933,6.973753197986001,61,,
2018,4,30,10,0,14.3,-13,18.5,8.5,235,150.0,208,261.0745140552359,0,1022.6,14.025375962059629,5.931464616251138,57,,
2018,4,30,11,0,14.6,4,9.6,8,155,50.0,352,218.02124369750837,0,1022.2,0.62908557337704,5.692481788276084,56,,
2018,4,30,12,0,14.6,21,0,7.9,72,297.0,446,402.417607516533,0,1021.9,353.477911224995,6.25041273661602,58,,
2018,4,30,13,0,14.6,37,0.8,8,75,238.0,344,356.0886181285106,0,1021.6,346.4670902776876,6.410151270667448,64,,
2018,4,30,14,0,14.5,50,1.9,8.2,68,169.0,212,268.2270606637332,0,1021.3,350.6058220411326,6.783108619143634,71,,
2018,4,30,15,0,14.1,61,2.4,8.4,43,27.0,80,101.512958352622,0,1021.2,2.689558126684119,7.512914573319075,81,,
2018,4,30,16,0,13.4,72,0.9,8.6,11,13.0,13,38.23276380476664,0,1021.3,13.271199876858873,7.623261617049498,91,,
2018,4,30,17,0,12.6,81,0,8.7,0,4.0,0,4.325036602950334,0,1021.4,15.730162315036864,6.9989322972048775,102,,
2018,4,30,18,0,12.1,91,0,8.9,0,0.0,0,0.0,0,1021.5,18.31705380210269,6.903754676777203,113,,
2018,4,30,19,0,11.6,102,0,9.1,0,0.0,0,0.0,0,1021.5,14.421416790517014,6.614929683258231,125,,
2018,4,30,20,0,11.2,115,0,9.3,0,0.0,0,0.0,0,1021.4,8.329532118671978,6.348462473214387,135,,
2018,4,30,21,0,11.1,132,0,9.5,0,0.0,0,0.0,0,1021.2,4.8758065508982895,6.617942654375061,145,,
2018,4,30,22,0,11.3,157,0,9.6,0,0.0,0,0.0,0,1020.9,6.145238384664822,6.632103984360673,151,,
2018,4,30,23,0,11.5,-172,0,9.7,0,0.0,0,0.0,0,1020.6,12.985323772549975,6.318061805097359,153,,
2018,5,1,0,0,11.6,-144,0,9.8,0,0.0,0,0.0,0,1020.2,16.980004501749477,5.564345343025611,148,,
2018,5,1,1,0,11.5,-123,0,9.8,0,0.0,0,0.0,0,1019.7,5.513984154295656,4.969773600965308,140,,
2018,5,1,2,0,11.4,-108,0,9.9,0,0.0,0,0.0,0,1019.2,356.48646590293504,5.099184291016569,130,,
2018,5,1,3,0,11.4,-96,0,9.9,0,0.0,0,0.0,0,1019,354.898363844287,5.172590690258404,119,,
2018,5,1,4,0,11.3,-86,0,9.9,0,0.0,0,0.0,0,1018.9,351.9911700401992,4.485891325050952,108,,
2018,5,1,5,0,11.2,-77,0,10,0,0.0,1,0.0,0,1018.8,340.4080176994232,4.473342376454437,97,,
2018,5,1,6,0,12,-67,1,10.5,24,0.0,36,0.0,0,1018.7,332.207792682254,5.495786114659273,86,,
2018,5,1,7,0,13.3,-56,16.4,11.4,111,131.0,46,16.000000000000007,0,1018.5,321.32465917305746,4.500671760433771,76,,
2018,5,1,8,0,14.8,-44,9.1,12.3,103,299.0,223,125.145414437737,0,1018.3,320.07222484511414,5.070940922144556,68,,
2018,5,1,9,0,15.6,-29,6.6,12.4,142,492.0,292,278.97739783883566,0,1017.8,308.50106460772326,4.238631646223183,61,,
2018,5,1,10,0,16,-13,16.2,11.9,236,703.0000000000001,213,437.1607337377447,0,1017,290.99204937698,3.777572396112919,57,,
2018,5,1,11,0,16.3,4,33.7,11.3,300,715.0,66,521.0779305252279,0,1016.1,299.04479028391904,4.983958080397887,56,,
2018,5,1,12,0,16.4,21,30.4,11.2,284,516.0,67,478.863425227683,0,1015.5,307.2838261100408,5.0556006808007865,58,,
2018,5,1,13,0,16.3,36,11.2,11.5,159,508.0,203,459.525422010947,0,1015,295.0669804119284,5.500226980640857,64,,
2018,5,1,14,0,16.2,50,4.3,11.7,83,621.0,182,443.0291628629067,0,1014.5,293.0540826848341,5.414612371971795,72,,
2018,5,1,15,0,15.8,61,4.7,11.9,48,457.0,67,289.91437937899616,0,1014.2,289.15346522664527,5.959539977072005,81,,
2018,5,1,16,0,15.2,71,2.4,11.9,12,230.0,10,117.20727231046956,0,1014,281.06149932885177,5.863573248782628,91,,
2018,5,1,17,0,14.6,81,32.9,12,0,25.0,0,6.931501532887562,0,1013.9,268.3143642252627,5.618886560683652,102,,
2018,5,1,18,0,14.3,91,51,12,0,0.0,0,0.0,0,1013.5,248.2035888033528,6.755937353623188,114,,
2018,5,1,19,0,14.2,101,51,11.9,0,0.0,0,0.0,0,1012.9,247.25765700860936,8.820539233365718,125,,
2018,5,1,20,0,14.1,114,51,11.8,0,0.0,0,0.0,0,1012.4,241.7284773046975,9.07440275349732,135,,
2018,5,1,21,0,14.2,132,51.5,11.9,0,0.0,0,0.0,0,1011.7,239.22459183455084,9.743692843114788,145,,
2018,5,1,22,0,14.6,157,51.9,12,0,0.0,0,0.0,0,1010.9,236.2358436148852,10.68238901602016,151,,
2018,5,1,23,0,15,-172,51.9,12.1,0,0.0,0,0.0,0,1010.1,234.4785800356288,11.202174642520742,153,,
2018,5,2,0,0,15.2,-144,51.9,12.1,0,0.0,0,0.0,0,1009.5,231.4308784299033,11.370234300691262,149,,
2018,5,2,1,0,15.4,-123,51.3,12.1,0,0.0,0,0.0,0,1008.9,225.321449803748,11.41591455628596,141,,
2018,5,2,2,0,15.6,-108,50.9,12,0,0.0,0,0.0,0,1008.4,227.0076772090518,12.013688768558843,130,,
2018,5,2,3,0,15.7,-96,49,12.1,0,0.0,0,0.0,0,1008.1,227.0149690772415,12.073337867121332,119,,
2018,5,2,4,0,15.6,-86,40.2,12.2,0,0.0,0,0.0,0,1008,233.7826302635089,11.589081644343548,108,,
2018,5,2,5,0,15.5,-76,55.2,12.3,0,0.0,0,0.0,0,1007.9,242.028538861458,10.743022789124655,97,,
2018,5,2,6,0,15.4,-67,72.9,12.5,12,0.0,0,0.0,0,1007.7,251.21105790938432,9.80934708656017,86,,
2018,5,2,7,0,15.3,-56,76.1,12.9,41,20.0,0,10.000000000000002,0,1007.5,248.7866612084429,9.607292960787705,76,,
2018,5,2,8,0,15.2,-43,83.4,13.3,47,77.0,0,79.84782596560034,0,1007.2,251.62070900811267,8.901321707320044,68,,
2018,5,2,9,0,15.1,-29,92.2,13.5,31,154.0,0,181.05719356496127,0,1006.7,242.34292319365284,9.567260878470144,61,,
2018,5,2,10,0,14.9,-13,97.5,13.6,18,70.0,0,216.80809532649056,0,1005.9,239.39897898408503,9.06720639387414,57,,
2018,5,2,11,0,14.7,4,98.3,13.7,15,58.0,0,240.6956981198622,0,1005.1,243.7743456394749,9.142271914016607,56,,
2018,5,2,12,0,14.6,21,97.9,13.6,14,54.0,0,245.78566290700775,0,1004.5,253.64546045851125,9.021525899688696,59,,
2018,5,2,13,0,14.5,36,97.4,13.3,12,42.0,0,212.7588058882331,0,1004.1,264.94655481177347,8.46184656079945,64,,
2018,5,2,14,0,14.5,50,68.1,13.1,66,27.0,0,152.05527481606111,0,1003.7,274.345370953425,8.368048537230726,72,,
2018,5,2,15,0,14.3,61,64.1,12.8,44,25.0,0,103.51404810349106,0,1003.7,264.06458942427287,7.769925291139184,81,,
2018,5,2,16,0,14.1,71,25.7,12.5,5,10.0,0,35.401563135605954,0,1003.9,255.8285720888308,7.5289283592989635,91,,
2018,5,2,17,0,13.8,81,0,12.2,0,1.0,0,2.0733441839673867,0,1004.2,259.7429763304227,7.717821883954949,102,,
2018,5,2,18,0,13.4,91,0,11.9,0,0.0,0,0.0,0,1004.5,259.10156177241225,8.306805065257583,114,,
2018,5,2,19,0,13,101,0,11.7,0,0.0,0,0.0,0,1004.9,248.58034196445857,8.627907017762778,125,,
2018,5,2,20,0,12.5,114,0,11.4,0,0.0,0,0.0,0,1005.2,245.1129063513494,9.45974145853037,136,,
2018,5,2,21,0,12.3,132,0,11.2,0,0.0,0,0.0,0,1005.4,245.5720998400058,9.518316711913794,145,,
2018,5,2,22,0,12.4,157,0,11.1,0,0.0,0,0.0,0,1005.5,246.7033006871176,9.941123304856008,152,,
2018,5,2,23,0,12.5,-172,0,10.9,0,0.0,0,0.0,0,1005.5,243.33800371831563,10.711741756013586,153,,
2018,5,3,0,0,12.5,-144,0,10.8,0,0.0,0,0.0,0,1005.6,240.27164959781905,11.440266699287289,149,,
2018,5,3,1,0,12.5,-122,0,10.7,0,0.0,0,0.0,0,1005.8,239.00627120645623,12.005907477199791,141,,
2018,5,3,2,0,12.5,-107,0,10.7,0,0.0,0,0.0,0,1006,242.6024420622172,11.70772864549584,131,,
2018,5,3,3,0,12.5,-96,0,10.6,0,0.0,0,0.0,0,1006.3,244.27926183289492,11.21059974135034,120,,
2018,5,3,4,0,12.5,-86,0,10.5,0,0.0,0,0.0,0,1006.8,244.0218064527816,10.862422844730192,108,,
2018,5,3,5,0,12.5,-76,0,10.4,0,0.0,1,0.0,0,1007.2,243.6151473293174,9.9634353707136,97,,
2018,5,3,6,0,12.9,-66,0,10.6,20,0.0,38,0.0,0,1007.6,230.0515377313339,11.130271833194332,86,,
2018,5,3,7,0,13.6,-56,0.7,11,43,5.0,146,7.0,0,1007.9,238.0194125905737,11.959680813900656,77,,
2018,5,3,8,0,14.3,-43,35.5,11.4,131,5.0,71,33.68742914389185,0,1008.2,229.1559682239503,13.13240774326318,68,,
2018,5,3,9,0,14.7,-29,64.4,11.4,159,6.0,0,67.77222444235244,0,1008.3,227.8264843073808,12.95325740014894,61,,
2018,5,3,10,0,14.8,-13,76.8,11,121,6.0,0,94.53124023373783,0,1008.1,227.1177375238336,11.553100758125476,57,,
2018,5,3,11,0,14.8,4,68.7,10.6,168,5.0,0,105.5391634110131,0,1007.9,239.1785642917522,10.29903262199575,57,,
2018,5,3,12,0,14.8,21,43.9,10.5,260,9.0,16,138.92551181543638,0,1007.8,260.1910590714457,10.874052118778302,59,,
2018,5,3,13,0,14.7,36,37.3,10.5,247,7.0,9,115.76245830479984,0,1007.8,261.34092620552946,9.15883873612911,64,,
2018,5,3,14,0,14.6,49,45.2,10.6,150,5.0,0,85.39573447950733,0,1007.8,266.26182985413266,9.990738660030413,72,,
2018,5,3,15,0,14.2,61,24.2,10.6,62,3.0,10,45.128772318150446,0,1008,273.6950731204246,10.258630701047467,81,,
2018,5,3,16,0,13.6,71,3.7,10.7,13,4.0,6,24.944025682407982,0,1008.2,254.7823700764151,11.683096237073746,92,,
2018,5,3,17,0,13,81,0,10.8,0,0.0,0,1.0,0,1008.5,268.6029470214138,18.645435024425687,103,,
2018,5,3,18,0,12.4,90,0,10.6,0,0.0,0,0.0,0,1008.6,292.4084079032558,17.626904149713926,114,,
2018,5,3,19,0,11.6,101,0,10.3,0,0.0,0,0.0,0,1008.6,258.32714496764174,11.383869873451188,125,,
2018,5,3,20,0,10.9,114,0,9.9,0,0.0,0,0.0,0,1008.5,242.6069249975312,13.924361879154311,136,,
2018,5,3,21,0,10.7,132,0,9.7,0,0.0,0,0.0,0,1008.4,325.6793301623037,11.892579733826066,145,,
2018,5,3,22,0,10.9,157,0,9.7,0,0.0,0,0.0,0,1008.1,299.38863173361415,7.3784832648898995,152,,
2018,5,3,23,0,11.1,-172,0,9.6,0,0.0,0,0.0,0,1007.8,286.5695383878176,7.499406171178045,153,,
2018,5,4,0,0,11.2,-143,0.6,9.6,0,0.0,0,0.0,0,1007.4,266.49451528292275,7.586460272300633,149,,
2018,5,4,1,0,11.2,-122,33.6,9.6,0,0.0,0,0.0,0,1007,270.2373013623346,8.724195919312727,141,,
2018,5,4,2,0,11.2,-107,52,9.6,0,0.0,0,0.0,0,1006.5,271.70930815285953,8.250253167747305,131,,
2018,5,4,3,0,11.3,-95,51.4,9.6,0,0.0,0,0.0,0,1006.2,278.56116500604173,8.100020027283058,120,,
2018,5,4,4,0,11.4,-85,18.4,9.4,0,0.0,0,0.0,0,1005.9,288.8700857573772,8.945890616180376,108,,
2018,5,4,5,0,11.5,-76,0.6,9.3,1,0.0,0,0.0,0,1005.7,300.18117056346773,8.45471426078863,97,,
2018,5,4,6,0,12,-66,31.5,9.5,28,0.0,0,0.0,0,1005.4,302.4364475022171,7.966513241270794,87,,
2018,5,4,7,0,12.9,-55,45.5,10,102,5.0,0,7.0,0,1005,313.14638774915886,10.73288871159404,77,,
2018,5,4,8,0,13.8,-43,47.9,10.5,169,11.0,0,48.47526902585186,0,1004.7,317.4768154518721,11.40100870291782,68,,
2018,5,4,9,0,14.3,-29,57.1,10.7,185,13.0,2,94.79203944117756,0,1003.9,331.76074094602103,11.954855904510474,62,,
2018,5,4,10,0,14.6,-13,35.4,10.7,237,80.0,95,210.4358653767873,0,1002.9,339.1147343615083,13.80002485027702,58,,
2018,5,4,11,0,14.9,4,34.3,10.6,288,121.0,53,280.9487252723438,0,1001.9,16.907087130197624,15.78071279838928,57,,
2018,5,4,12,0,15,21,53.5,10.7,224,94.0,0,273.04361680089403,0,1000.9,18.545591240966417,16.07190471322289,59,,
2018,5,4,13,0,15,36,59.2,10.9,156,115.0,0,273.3139827616357,0,1000.1,14.754409444329497,17.46050225383193,65,,
2018,5,4,14,0,14.9,49,60.7,11.1,99,204.0,0,278.8645651827216,0,999.2,13.95779129158518,18.24928335846881,72,,
2018,5,4,15,0,14.8,61,42.4,11.3,49,112.0,0,160.66640199816604,0,998.5,10.845272665736845,16.30091822566885,82,,
2018,5,4,16,0,14.6,71,11.3,11.4,12,24.0,0,45.56635267821914,0,997.9,8.694473451082729,15.328491535140133,92,,
2018,5,4,17,0,14.5,80,0,11.5,0,1.0,0,2.0657661521781496,0,997.2,4.7473048846460415,15.643510430376567,103,,
2018,5,4,18,0,14.6,90,0,11.6,0,0.0,0,0.0,0,996.4,359.74000037445313,13.773091026790835,114,,
2018,5,4,19,0,14.9,101,0,11.8,0,0.0,0,0.0,0,995.4,357.66787195238874,12.72538374610727,125,,
2018,5,4,20,0,15.2,114,0,11.9,0,0.0,0,0.0,0,994.4,356.3340621132293,13.058703060074912,136,,
2018,5,4,21,0,15.5,131,0,11.8,0,0.0,0,0.0,0,993.4,348.3404713629891,12.900717378415598,146,,
2018,5,4,22,0,15.6,157,0,11.4,0,0.0,0,0.0,0,992.4,8.47844457578583,15.202766024124024,152,,
2018,5,4,23,0,15.8,-172,0,11,0,0.0,0,0.0,0,991.4,16.97740722634569,15.87110667846664,154,,
2018,5,5,0,0,15.8,-143,1.2,10.8,0,0.0,0,0.0,0,990.1,18.483228013732912,15.209356561841227,149,,
2018,5,5,1,0,15.7,-122,63.7,10.7,0,0.0,0,0.0,0,988.7,17.691619311210218,14.484852121471976,141,,
2018,5,5,2,0,15.6,-107,98.2,10.5,0,0.0,0,0.0,0,987.2,17.197279259047548,14.11850931199705,131,,
2018,5,5,3,0,15.1,-95,96,10.7,0,0.0,0,0.0,0,986.3,15.853394083097612,13.82568052420834,120,,
2018,5,5,4,0,14.3,-85,56.1,11.2,0,0.0,0,0.0,0,985.6,15.46448676026796,13.864247159180616,109,,
2018,5,5,5,0,13.5,-76,13.3,11.7,0,0.0,0,0.0,0,985,14.810149925176177,13.15177026625107,98,,
2018,5,5,6,0,12.9,-66,48,11.5,11,0.0,0,0.0,0,984.4,7.80894735076555,12.2887628716417,87,,
2018,5,5,7,0,12.4,-55,76.6,11,35,36.0,2,11.000000000000002,0,983.9,357.12548813729546,12.46294694441514,77,,
2018,5,5,8,0,12,-43,31.2,10.4,113,67.0,104,76.76164951678544,0,983.3,348.47383659093725,12.534763942248704,69,,
2018,5,5,9,0,11.7,-29,53.2,10,106,126.0,62,173.29406529367583,0,982.7,347.8027342595584,14.305600966867058,62,,
2018,5,5,10,0,11.5,-13,32.1,9.6,144,400.0,186,335.62263911379534,0,982.1,349.8103560098549,14.737573873093702,58,,
2018,5,5,11,0,11.3,4,55,9.3,118,487.0,104,429.3169748063669,0,981.4,352.53730004785496,15.39874368108692,57,,
2018,5,5,12,0,11.3,21,67,9.1,151,550.0,0,480.3415608360036,0,980.7,350.41005032548617,16.7752002949987,60,,
2018,5,5,13,0,11.3,36,82.1,9,76,419.0,0,412.60553509084014,0,980,347.94822262033017,16.57104779940698,65,,
2018,5,5,14,0,11.4,49,90.6,8.9,14,390.0,0,345.52183508966266,0,979.3,344.73149063623873,16.308311893060488,73,,
2018,5,5,15,0,11.4,61,53.9,9.1,16,379.0,0,253.41730129683663,0,979.7,345.2992314065052,17.169728253396407,82,,
2018,5,5,16,0,11.4,71,45.9,9.4,6,148.0,0,87.73403246065607,0,981,344.8707682592931,16.626070984783734,92,,
2018,5,5,17,0,11.4,80,57.3,9.8,0,10.0,0,3.621075709999422,0,982.4,350.7340671446994,16.05396045421524,103,,
2018,5,5,18,0,11.2,90,55,9.6,0,0.0,0,0.0,0,983.9,352.303523259982,15.86706050820106,114,,
2018,5,5,19,0,11,100,51.4,9.1,0,0.0,0,0.0,0,985.5,354.8053354774921,16.12506621184543,126,,
2018,5,5,20,0,10.8,113,51.6,8.4,0,0.0,0,0.0,0,987.2,353.9498030940757,14.824516864337289,136,,
2018,5,5,21,0,10.6,131,52,8.2,0,0.0,0,0.0,0,988.4,355.1587491269681,15.551821252522808,146,,
2018,5,5,22,0,10.4,157,52,8.3,0,0.0,0,0.0,0,989.4,354.5838765074548,15.229614586076856,153,,
2018,5,5,23,0,10.3,-172,52,8.4,0,0.0,0,0.0,0,990.3,353.0992432483224,15.272257064121067,154,,
2018,5,6,0,0,10.1,-143,51,8.4,0,0.0,0,0.0,0,990.9,359.251665544546,15.720823287741595,150,,
2018,5,6,1,0,10,-121,26,8.2,0,0.0,0,0.0,0,991.3,2.612852897431708,14.690076952970315,141,,
2018,5,6,2,0,9.8,-106,12.2,7.9,0,0.0,0,0.0,0,991.8,7.528040382469669,13.393024194038883,131,,
2018,5,6,3,0,9.9,-95,12.1,7.8,0,0.0,0,0.0,0,992.1,359.4909438302949,11.54122700209564,120,,
2018,5,6,4,0,10.1,-85,4.3,7.6,0,0.0,0,0.0,0,992.3,11.936219826638194,10.815139043273954,109,,
2018,5,6,5,0,10.3,-75,0.8,7.4,0,0.0,0,0.0,0,992.6,10.303270301559904,11.906843618678275,98,,
2018,5,6,6,0,10.6,-66,42.2,7.6,13,0.0,1,0.0,0,992.8,3.819690920481548,11.929086771231244,87,,
2018,5,6,7,0,11,-55,27.3,8.1,78,28.0,45,9.000000000000002,0,992.9,357.57047855679593,11.265253050294708,77,,
2018,5,6,8,0,11.5,-43,54.1,8.7,80,75.0,25,73.55904063508679,0,993,357.0061219707895,10.769826462289718,69,,
2018,5,6,9,0,11.5,-29,77.5,8.6,98,96.0,0,150.3053602154527,0,993.3,346.0473310306502,9.70202745075172,62,,
2018,5,6,10,0,11.2,-13,67.6,8.2,167,64.0,0,199.25280660382933,0,993.6,337.37922438525624,11.815711389713616,58,,
2018,5,6,11,0,10.9,4,54.4,7.8,237,117.0,0,279.98308402598,0,994,358.783980517425,10.940452190887807,57,,
2018,5,6,12,0,10.5,21,39.7,7.3,282,138.0,0,308.7800389639561,0,994.5,0.0,11.768310546875,60,,
2018,5,6,13,0,10,36,43.2,7,216,44.0,0,204.0857154436508,0,995,356.630758692962,10.63459259536982,65,,
2018,5,6,14,0,9.6,49,46.9,6.6,127,16.0,0,117.4620226647384,0,995.5,342.0746520658299,11.110873506243983,73,,
2018,5,6,15,0,9.3,60,38.2,6.3,57,26.0,0,96.45780958187842,0,996,344.5279424321411,11.881758887074913,82,,
2018,5,6,16,0,9.2,70,12.2,6.1,11,139.0,0,88.13763792006469,0,996.6,351.08434365916867,10.773480548731142,92,,
2018,5,6,17,0,9.1,80,0,5.9,0,9.0,0,3.526841165757146,0,997.2,346.1506085927261,10.276791205753309,103,,
2018,5,6,18,0,9,90,0,5.5,0,0.0,0,0.0,0,997.6,343.1078304875934,9.910261028068197,115,,
2018,5,6,19,0,8.8,100,0,5.1,0,0.0,0,0.0,0,997.9,335.8348231853492,9.684073377443916,126,,
2018,5,6,20,0,8.7,113,0,4.7,0,0.0,0,0.0,0,998.2,334.8327939618736,9.416888779085586,137,,
2018,5,6,21,0,8.7,131,0,4.8,0,0.0,0,0.0,0,998.4,331.56380444308724,8.981597550688324,146,,
2018,5,6,22,0,8.8,156,0,5.2,0,0.0,0,0.0,0,998.5,322.2297465203517,8.856073884686797,153,,
2018,5,6,23,0,8.9,-172,0,5.6,0,0.0,0,0.0,0,998.7,308.4175637697396,9.225582274226952,154,,
2018,5,7,0,0,8.9,-142,0,5.7,0,0.0,0,0.0,0,998.8,304.7858104704311,9.71966166375439,150,,
2018,5,7,1,0,8.9,-121,0,5.7,0,0.0,0,0.0,0,998.9,301.2896278560445,9.069641693044774,142,,
2018,5,7,2,0,8.9,-106,0,5.6,0,0.0,0,0.0,0,999.1,289.00341904672433,9.968073188144327,131,,
2018,5,7,3,0,8.8,-95,0,5.5,0,0.0,0,0.0,0,999.4,282.48715583890925,11.729368340512767,120,,
2018,5,7,4,0,8.7,-85,0,5.5,0,0.0,0,0.0,0,999.9,281.50218199185923,12.114883895003588,109,,
2018,5,7,5,0,8.6,-75,0.8,5.5,0,0.0,0,0.0,0,1000.4,286.3278856421718,12.086590463843802,98,,
2018,5,7,6,0,8.7,-65,38.2,5.5,15,0.0,1,0.0,0,1000.8,283.6568927756189,12.538585028663586,87,,
2018,5,7,7,0,9.1,-55,24,5.5,74,4.0,55,6.0,0,1001.1,275.9979106028906,12.735980259169862,77,,
2018,5,7,8,0,9.4,-43,31.8,5.6,154,3.0,31,22.372497484702183,0,1001.5,278.0894165598136,13.61422583916455,69,,
2018,5,7,9,0,9.5,-28,44.8,5.6,227,4.0,5,52.12338059195405,0,1001.7,281.9635574983583,14.476045975011155,62,,
2018,5,7,10,0,9.6,-13,16.5,5.6,158,10.0,257,102.06380754753609,0,1001.7,278.56570673668944,15.49979356082217,59,,
2018,5,7,11,0,9.6,4,41.8,5.6,151,12.0,143,131.89900317538712,0,1001.8,279.9104074570872,16.551422360616602,58,,
2018,5,7,12,0,9.5,21,66.7,5.7,153,12.0,0,135.3662968350501,0,1001.9,281.9670265183781,16.66665832718005,60,,
2018,5,7,13,0,9.4,36,69.7,5.7,109,8.0,0,108.16414938964802,0,1002.2,279.9370651795292,17.128546237968223,66,,
2018,5,7,14,0,9.2,49,63.6,5.8,77,11.0,0,100.08476110448724,0,1002.4,281.70335668929863,18.26920408519156,73,,
2018,5,7,15,0,9.2,60,73.7,6,28,26.0,0,95.35328600564542,0,1002.7,289.8825385217633,19.17990007768285,82,,
2018,5,7,16,0,9.2,70,67.1,6.2,2,22.0,0,41.84374402909285,0,1003,300.0390133425684,21.28886227294836,93,,
2018,5,7,17,0,9.2,80,64,6.4,0,2.0,0,2.110117059310963,0,1003.3,308.03774508280924,21.120695821189383,103,,
2018,5,7,18,0,9.3,89,78.2,6.7,0,0.0,0,0.0,0,1003.5,327.46782470011703,20.53053715163658,115,,
2018,5,7,19,0,9.6,100,63.8,7.1,0,0.0,0,0.0,0,1003.4,346.4965147480976,16.423498233163528,126,,
2018,5,7,20,0,9.8,113,52,7.4,0,0.0,0,0.0,0,1003.4,23.979287677167235,16.994059704648315,137,,
2018,5,7,21,0,10.1,130,51.4,7.8,0,0.0,0,0.0,0,1003.2,34.55135837922376,14.901261308587513,146,,
2018,5,7,22,0,10.5,156,18.4,8.1,0,0.0,0,0.0,0,1003,42.732768831719625,14.20418176402152,153,,
2018,5,7,23,0,10.9,-172,0,8.5,0,0.0,0,0.0,0,1002.8,47.141583053846205,13.009078817045072,155,,
2018,5,8,0,0,11.2,-142,0.6,8.7,0,0.0,0,0.0,0,1002.6,50.04060745698564,12.574917402053066,150,,
2018,5,8,1,0,11.4,-121,33.5,8.8,0,0.0,0,0.0,0,1002.4,42.70259830532012,10.710331585953098,142,,
2018,5,8,2,0,11.6,-106,49.3,9,0,0.0,0,0.0,0,1002.1,35.52396209431663,11.02584477613571,131,,
2018,5,8,3,0,11.7,-94,48.4,9.1,0,0.0,0,0.0,0,1002,28.40459479797221,9.826293862665544,120,,
2018,5,8,4,0,11.8,-84,51.4,9.1,0,0.0,0,0.0,0,1001.9,26.56570802785421,9.52381531026216,109,,
2018,5,8,5,0,11.9,-75,44.5,9.1,0,0.0,0,0.0,0,1001.8,26.28220839543513,9.709544728725977,98,,
2018,5,8,6,0,12.1,-65,35.1,9.3,26,0.0,1,0.0,0,1001.7,25.676842180059737,9.149325115167668,87,,
2018,5,8,7,0,12.4,-55,15.5,9.6,77,70.0,61,11.000000000000004,0,1001.5,21.84124260339331,8.412191262609417,78,,
2018,5,8,8,0,12.8,-42,32.6,9.9,152,296.0,34,110.78885059739436,0,1001.4,13.95237581241338,7.443234456880157,69,,
2018,5,8,9,0,12.9,-28,60.3,10.2,157,470.0,6,257.32761064448454,0,1001,4.184916125118434,6.302938187894202,63,,
2018,5,8,10,0,12.9,-12,25,10.4,100,616.0,279,390.0018611264806,0,1000.5,349.4753314005379,5.816854840074925,59,,
2018,5,8,11,0,12.9,4,31.9,10.7,190,650.0,156,475.9603457632571,0,999.9,342.00665047097215,6.951813048985498,58,,
2018,5,8,12,0,12.8,21,42.9,10.8,261,670.0,1,514.7316593923674,0,999.4,332.0010610258901,7.417486579897022,60,,
2018,5,8,13,0,12.7,36,29.1,10.8,222,620.0,32,481.1825276557528,0,999,326.91624114099466,8.44014937520045,66,,
2018,5,8,14,0,12.5,49,10.5,10.8,116,538.0,87,390.5086062030154,0,998.6,327.0231774924017,8.850158138936646,73,,
2018,5,8,15,0,12.3,60,22.8,10.8,41,328.0,39,229.70141480242785,0,998.4,325.4019887378991,8.742907374301831,83,,
2018,5,8,16,0,12.1,70,39.5,10.8,9,117.0,0,74.31987923791388,0,998.2,327.6488861805672,8.693331308518824,93,,
2018,5,8,17,0,11.9,80,48,10.7,0,6.0,0,2.3100244169041657,0,998.1,332.14803567186334,8.61933371757428,104,,
2018,5,8,18,0,11.9,89,51.3,10.6,0,0.0,0,0.0,0,997.9,331.77279936408286,9.222201590214928,115,,
2018,5,8,19,0,12.1,100,52.1,10.4,0,0.0,0,0.0,0,997.7,324.6354800600897,8.940097271392204,126,,
2018,5,8,20,0,12.3,112,52.2,10.2,0,0.0,0,0.0,0,997.5,315.14749695460813,8.583710906757855,137,,
2018,5,8,21,0,12.3,130,52,10.3,0,0.0,0,0.0,0,997.3,314.01817081698937,9.02694954170289,147,,
2018,5,8,22,0,12.2,156,52,10.5,0,0.0,0,0.0,0,997.2,312.7878271721291,9.727378182889858,153,,
2018,5,8,23,0,12.1,-171,52,10.8,0,0.0,0,0.0,0,997.2,309.1285847107976,10.336448642378004,155,,
2018,5,9,0,0,12,-142,52,10.8,0,0.0,0,0.0,0,997.1,307.7866279621876,10.88611018269881,150,,
2018,5,9,1,0,11.9,-120,52,10.7,0,0.0,0,0.0,0,997,307.03339984851016,10.933784753044897,142,,
2018,5,9,2,0,11.8,-106,52,10.6,0,0.0,0,0.0,0,996.9,306.3289913675192,11.327164918400966,132,,
2018,5,9,3,0,11.7,-94,52,10.5,0,0.0,0,0.0,0,996.9,303.3726379200708,11.403218441300965,121,,
2018,5,9,4,0,11.6,-84,52,10.5,0,0.0,0,0.0,0,996.9,303.75218020526245,11.555335474835069,109,,
2018,5,9,5,0,11.6,-75,51.5,10.5,1,0.0,0,0.0,0,996.8,307.6905613918449,12.034193409629674,98,,
2018,5,9,6,0,11.9,-65,26.3,10.5,29,0.0,7,0.0,0,996.8,307.44211834524924,12.623871752870164,88,,
2018,5,9,7,0,12.4,-54,10.2,10.7,79,1.0,63,2.0,0,996.6,302.13568257970576,12.506144046001005,78,,
2018,5,9,8,0,12.9,-42,7.9,10.9,111,5.0,164,24.58841372082061,0,996.5,305.82462253324564,13.00567987274894,69,,
2018,5,9,9,0,13.2,-28,51,11.2,112,11.0,73,68.01152989839804,0,996,311.698382765422,13.758593015609565,63,,
2018,5,9,10,0,13.2,-12,73.9,11.6,122,15.0,4,126.98291601668052,0,995.3,314.2350051055257,13.951583352096309,59,,
2018,5,9,11,0,13.1,4,32.3,11.9,150,10.0,184,125.8372704867136,0,994.5,320.351791506989,14.420270508177923,58,,
2018,5,9,12,0,13,21,55.2,12,110,2.0,103,65.0449227013005,0,993.8,332.6648412145708,15.312662104312995,61,,
2018,5,9,13,0,12.9,35,74.5,11.9,88,2.0,0,56.024783178896016,0,993.2,57.845201988416704,9.32829773006548,66,,
2018,5,9,14,0,12.7,48,41.9,11.7,110,2.0,8,44.9084170133868,0,992.5,35.76871417515832,6.27816143300644,74,,
2018,5,9,15,0,12.6,60,46.9,11.5,52,6.0,4,55.11157486492571,0,992,21.548039276436786,3.926524609080455,83,,
2018,5,9,16,0,12.5,70,75.8,11.4,5,9.0,0,29.91457231828189,0,991.6,16.37408808452119,4.751044541251929,93,,
2018,5,9,17,0,12.4,79,85,11.3,0,1.0,0,1.0483757620475818,0,991.2,22.796493502261683,6.682911863161389,104,,
2018,5,9,18,0,12.4,89,84.1,11.1,0,0.0,0,0.0,0,990.7,23.188982680539368,6.8821754463844425,115,,
2018,5,9,19,0,12.4,99,93.6,11,0,0.0,0,0.0,0,990.1,5.997581564539473,7.177961837382253,126,,
2018,5,9,20,0,12.4,112,99.6,10.8,0,0.0,0,0.0,0,989.5,356.0113558466568,6.865261463095564,137,,
2018,5,9,21,0,12.4,130,99.2,10.9,0,0.0,0,0.0,0,988.8,0.5325815943956513,6.723923292790204,147,,
2018,5,9,22,0,12.2,156,98.3,11,0,0.0,0,0.0,0,988,347.7493499629365,5.59643218132683,154,,
2018,5,9,23,0,12,-171,98,11.2,0,0.0,0,0.0,0,987.1,343.3898310063653,6.121911072831637,155,,
2018,5,10,0,0,11.8,-142,98,11.1,0,0.0,0,0.0,0,986.6,332.2772892086879,4.836702603655326,151,,
2018,5,10,1,0,11.5,-120,97.9,10.8,0,0.0,0,0.0,0,986.3,319.6512872955035,5.220019306077735,142,,
2018,5,10,2,0,11.3,-105,91.2,10.4,0,0.0,0,0.0,0,986,316.42227057787613,6.113627000482795,132,,
2018,5,10,3,0,10.9,-94,86.1,9.9,0,0.0,0,0.0,0,986,307.7083002193823,4.4014966093798025,121,,
2018,5,10,4,0,10.5,-84,63.5,9.3,0,0.0,0,0.0,0,986.3,321.3444370097883,2.57297798552141,109,,
2018,5,10,5,0,10.2,-75,50.7,8.7,0,0.0,0,0.0,0,986.6,11.910862323943093,0.9084756093779432,98,,
2018,5,10,6,0,10.2,-65,41.3,8.4,24,0.0,0,0.0,0,986.8,120.37662462083745,1.164501363477486,88,,
2018,5,10,7,0,10.6,-54,33,8.4,100,6.0,0,6.0,0,987,111.48306750429695,0.8159658896198243,78,,
2018,5,10,8,0,10.9,-42,58.3,8.4,107,41.0,0,64.69412003476423,0,987.2,163.44341705028432,2.225830560140002,70,,
2018,5,10,9,0,11,-28,59.2,8.5,172,71.0,2,146.19093544059822,0,987.3,167.84828590670827,3.584964678416097,63,,
2018,5,10,10,0,10.9,-12,31.7,8.6,248,97.0,85,218.3309601682602,0,987.2,167.49550175992226,4.618590740353999,59,,
2018,5,10,11,0,10.8,4,25,8.7,283,91.0,89,252.6684308589576,0,987.1,145.31808743083076,4.142522082203753,59,,
2018,5,10,12,0,10.6,21,30.7,8.6,281,60.0,35,234.11091190649665,0,987.2,118.3106595464584,7.078889860212741,61,,
2018,5,10,13,0,10.4,35,13.4,8.5,152,30.0,156,175.25275618942052,0,987.5,105.75139816306029,6.150642910747036,66,,
2018,5,10,14,0,10.2,48,23.8,8.4,102,21.0,84,125.45619723061276,0,987.9,110.59748890844185,6.28116225186068,74,,
2018,5,10,15,0,10,60,29.5,8.3,56,16.0,0,76.57023748793303,0,988.3,111.7738990495492,7.364797647497202,83,,
2018,5,10,16,0,9.9,70,40.3,8.2,8,12.0,0,31.509615151589205,0,988.9,108.5266824714838,9.59593459428029,93,,
2018,5,10,17,0,9.7,79,50.7,8,0,1.0,0,1.0451747725078944,0,989.5,111.92937612906962,10.352314244450591,104,,
2018,5,10,18,0,9.6,89,52.4,8,0,0.0,0,0.0,0,989.5,104.23742247822224,11.399955203988922,115,,
2018,5,10,19,0,9.5,99,72,8,0,0.0,0,0.0,0,989.1,102.67704118156075,11.330655745269356,127,,
2018,5,10,20,0,9.5,112,83,8,0,0.0,0,0.0,0,988.6,103.71028915749037,14.540530239840104,137,,
2018,5,10,21,0,9.7,130,82.6,8.4,0,0.0,0,0.0,0,987.9,103.61160331964766,17.12954896527945,147,,
2018,5,10,22,0,10.2,156,63.7,9,0,0.0,0,0.0,0,987,102.01349743057152,18.16667452664016,154,,
2018,5,10,23,0,10.6,-171,51.9,9.6,0,0.0,0,0.0,0,986.1,99.69058049735132,19.121969500272485,155,,
2018,5,11,0,0,10.8,-141,26.2,9.7,0,0.0,0,0.0,0,986.2,94.9307490278473,20.931219682076367,151,,
2018,5,11,1,0,10.7,-120,4.3,9.4,0,0.0,0,0.0,0,987,93.27835101779044,22.32779930549916,142,,
2018,5,11,2,0,10.5,-105,0,9,0,0.0,0,0.0,0,987.9,96.005574036996,21.974361177886745,132,,
2018,5,11,3,0,10.3,-94,0,8.7,0,0.0,0,0.0,0,988.9,98.64707358625316,21.1115530275394,121,,
2018,5,11,4,0,10.1,-84,0,8.4,0,0.0,0,0.0,0,990,102.4740663603552,19.346090555716465,110,,
2018,5,11,5,0,9.8,-74,0,8.2,0,0.0,0,0.0,0,991.1,105.11448782266302,18.74766412330968,99,,
2018,5,11,6,0,9.9,-65,2.6,8,26,0.0,5,0.0,0,992.3,102.25193819661877,19.585484699178043,88,,
2018,5,11,7,0,10.4,-54,3.8,7.8,75,3.0,58,4.0,0,993.6,99.56738397270442,19.984263717305737,78,,
2018,5,11,8,0,10.9,-42,3.1,7.6,108,14.0,167,43.55867202070564,0,994.9,95.71958951815316,21.814903140560137,70,,
2018,5,11,9,0,11.1,-28,3,7.3,108,13.0,290,80.46908039919172,0,995.7,96.30119081909449,22.65566909834577,63,,
2018,5,11,10,0,11.2,-12,20.7,7.1,231,32.0,150,142.5284060170527,0,996.2,97.7799689636895,22.85416623793341,60,,
2018,5,11,11,0,11.3,4,21.7,6.8,254,112.0,134,252.31990707182743,0,996.6,96.13380406841736,22.31181547707025,59,,
2018,5,11,12,0,11.4,20,11.7,6.5,179,371.0,220,395.9272680803593,0,997,95.2560989139938,21.6856667048818,61,,
2018,5,11,13,0,11.5,35,18.6,6.3,176,539.0,120,441.93955561609056,0,997.3,92.82835902314532,22.07669771714494,67,,
2018,5,11,14,0,11.6,48,21.1,6.1,137,416.0,40,339.7256739368888,0,997.6,93.49931145862524,21.94350084599592,74,,
2018,5,11,15,0,11.7,59,13.9,6.1,55,221.0,14,187.1191752602597,0,997.8,93.05076560316058,21.642977727804087,83,,
2018,5,11,16,0,11.7,70,3.9,6.3,9,123.0,1,72.29169585291731,0,998,92.43569542107495,21.22107653019424,93,,
2018,5,11,17,0,11.8,79,0,6.5,0,5.0,0,2.210344295456308,0,998.1,93.2235047170359,20.484314984627225,104,,
2018,5,11,18,0,11.8,88,0.7,7.3,0,0.0,0,0.0,0,997.9,94.02054185108769,19.419373559102443,115,,
2018,5,11,19,0,11.8,99,33.9,8.3,0,0.0,0,0.0,0,997.3,94.09581139563062,19.0630912970467,127,,
2018,5,11,20,0,11.8,112,53.9,9.4,0,0.0,0,0.0,0,996.7,94.59881428674072,18.260693908330552,138,,
2018,5,11,21,0,12,129,53,10.1,0,0.0,0,0.0,0,995.8,97.11277886887666,16.8717827626431,147,,
2018,5,11,22,0,12.2,156,52,10.4,0,0.0,0,0.0,0,994.7,97.84663783784832,15.890727574515324,154,,
2018,5,11,23,0,12.5,-171,51.6,10.6,0,0.0,0,0.0,0,993.6,97.61931079986414,15.251601139031774,156,,
2018,5,12,0,0,12.5,-141,50.5,10.7,0,0.0,0,0.0,0,992.5,94.71719140608508,14.980184892056442,151,,
2018,5,12,1,0,12.2,-119,19.1,10.7,0,0.0,0,0.0,0,991.5,92.33511168078132,15.339642118562132,143,,
2018,5,12,2,0,12,-105,1.5,10.6,0,0.0,0,0.0,0,990.5,94.12701204045749,15.384374648672807,132,,
2018,5,12,3,0,11.6,-93,1,10.1,0,0.0,0,0.0,0,990,98.6507057529118,14.572767209433454,121,,
2018,5,12,4,0,11.1,-83,24.2,9.3,0,0.0,0,0.0,0,989.7,101.78894286116235,13.481635999039083,110,,
2018,5,12,5,0,10.7,-74,38.8,8.4,0,0.0,0,0.0,0,989.5,103.50839090476182,12.250522964855996,99,,
2018,5,12,6,0,10.5,-64,30.8,7.8,19,0.0,0,0.0,0,989.4,103.4447155490733,12.210862841045367,88,,
2018,5,12,7,0,10.5,-54,12.8,7.4,83,12.0,13,6.000000000000001,0,989.5,97.14842756633531,11.190744156084577,78,,
2018,5,12,8,0,10.6,-42,37.4,6.9,115,39.0,7,55.22031169171609,0,989.6,92.43676631247496,12.59268572548608,70,,
2018,5,12,9,0,10.5,-28,82.8,6.9,52,65.0,0,126.12406606169073,0,989.6,91.30626867999229,15.464468107120137,64,,
2018,5,12,10,0,10.3,-12,56.7,7.1,172,70.0,0,187.15350852660248,0,989.7,89.94013924916084,17.05860306006008,60,,
2018,5,12,11,0,10.1,4,42.5,7.4,221,45.0,1,194.25449870641611,0,989.7,90.7027044214974,17.09991886505878,59,,
2018,5,12,12,0,9.9,20,20.6,7.4,202,57.0,75,218.11582583183423,0,990.2,91.67473886934818,16.498502536937764,62,,
2018,5,12,13,0,9.7,35,60.7,7.4,85,50.0,42,195.03480707318656,0,991,85.54286579249157,16.08477713803145,67,,
2018,5,12,14,0,9.5,48,60.9,7.3,48,46.0,0,155.3638680731018,0,991.9,84.19605601570305,15.849559347152494,74,,
2018,5,12,15,0,9.2,59,42.1,7.1,31,38.0,0,98.95051936630684,0,993.1,86.34070687775466,13.988969725726523,83,,
2018,5,12,16,0,8.7,69,47,6.8,4,25.0,0,38.05495843426287,0,994.4,89.7351938054037,13.52309364838132,94,,
2018,5,12,17,0,8.3,79,30,6.6,0,1.0,0,1.0390590511548674,0,995.8,91.51537282734375,12.657014484628696,104,,
2018,5,12,18,0,7.9,88,18.5,6.1,0,0.0,0,0.0,0,996.9,92.8655685557577,12.145313692945535,116,,
2018,5,12,19,0,7.5,99,59.3,5.6,0,0.0,0,0.0,0,997.8,89.52346115005804,12.358093450875732,127,,
2018,5,12,20,0,7.1,111,82.1,5,0,0.0,0,0.0,0,998.7,90.1045940769908,12.17018629413441,138,,
2018,5,12,21,0,7,129,80.8,4.8,0,0.0,0,0.0,0,999.6,93.11196062728784,12.33581784983343,147,,
2018,5,12,22,0,6.9,155,29,4.9,0,0.0,0,0.0,0,1000.5,94.49409414293046,12.24810705594446,154,,
2018,5,12,23,0,6.9,-171,0,5.1,0,0.0,0,0.0,0,1001.3,94.66165523977315,12.08514366674511,156,,
2018,5,13,0,0,6.8,-141,0,4.9,0,0.0,0,0.0,0,1002.2,94.90142231360466,11.963915956737347,151,,
2018,5,13,1,0,6.6,-119,0,4.5,0,0.0,0,0.0,0,1003,93.18196085959949,12.381393209281004,143,,
2018,5,13,2,0,6.4,-104,0,4.1,0,0.0,0,0.0,0,1003.8,93.94229287513063,12.141032780361796,132,,
2018,5,13,3,0,6.4,-93,0,3.8,0,0.0,0,0.0,0,1004.8,98.30320994580956,11.839189829147308,121,,
2018,5,13,4,0,6.4,-83,0,3.5,0,0.0,0,0.0,0,1005.9,105.03180503026675,10.465784150944142,110,,
2018,5,13,5,0,6.4,-74,0,3.2,0,0.0,0,0.0,0,1007,112.90590588487908,9.325442984493163,99,,
2018,5,13,6,0,6.9,-64,2.4,3,21,0.0,15,0.0,0,1007.9,126.58591452090452,8.157033787626396,88,,
2018,5,13,7,0,7.8,-54,2.6,2.8,51,25.0,100,7.000000000000002,0,1008.6,112.4224545470945,9.456918362018962,79,,
2018,5,13,8,0,8.7,-42,3,2.7,80,143.0,207,80.03363046409936,0,1009.2,110.05287412509642,10.037979878038705,70,,
2018,5,13,9,0,9.3,-28,30.3,3.2,182,404.0,93,226.0736033220689,0,1009.3,116.28486999212618,9.042644733861078,64,,
2018,5,13,10,0,9.6,-12,16.5,4.2,140,604.0,258,364.1474256152684,0,1009.1,124.3132377802114,7.832014754508667,60,,
2018,5,13,11,0,9.9,4,9,5.3,163,635.0,275,446.5797444608193,0,1008.9,132.19535876421622,5.489760718715927,59,,
2018,5,13,12,0,10.2,20,38.7,5.8,196,629.0,76,474.9298287194651,0,1008.8,141.95997596495675,3.412039648521636,62,,
2018,5,13,13,0,10.4,35,21.7,5.9,140,617.0,113,455.6102683061078,0,1009,113.13251723972792,4.670165154132308,67,,
2018,5,13,14,0,10.6,48,3.9,6,88,564.0,113,377.60015224881965,0,1009.2,106.6287606493089,4.524165864061271,74,,
2018,5,13,15,0,10.7,59,10.1,5.8,41,471.0,28,254.84887336618613,0,1009.7,101.93092541028987,4.448640626718853,84,,
2018,5,13,16,0,10.7,69,5,5.5,8,278.0,0,100.2831494269508,0,1010.3,96.6516249295413,4.548438711110527,94,,
2018,5,13,17,0,10.7,79,0,5.1,0,6.0,0,1.2168776956307876,0,1010.9,95.04527604614732,5.077534157052561,105,,
2018,5,13,18,0,10.7,88,0.6,5,0,0.0,0,0.0,0,1011.4,105.83090143864293,4.59823454377557,116,,
2018,5,13,19,0,10.8,98,33.6,5,0,0.0,0,0.0,0,1011.7,114.2024684820832,4.213897068452591,127,,
2018,5,13,20,0,10.9,111,52,5.1,0,0.0,0,0.0,0,1012,128.96957587279093,3.33578456912268,138,,
2018,5,13,21,0,10.9,129,51.4,5.3,0,0.0,0,0.0,0,1012.3,144.41730474792132,1.9866829764280176,148,,
2018,5,13,22,0,10.8,155,18.4,5.6,0,0.0,0,0.0,0,1012.4,176.3448319428494,0.90760796847832,155,,
2018,5,13,23,0,10.7,-171,0,5.8,0,0.0,0,0.0,0,1012.5,244.9142878717456,1.3998651729102218,156,,
2018,5,14,0,0,10.7,-140,0,6.1,0,0.0,0,0.0,0,1012.6,267.01401916261,2.221521996571441,152,,
2018,5,14,1,0,10.9,-119,0,6.3,0,0.0,0,0.0,0,1012.7,275.56134710705544,2.8164798129099986,143,,
2018,5,14,2,0,11,-104,0,6.5,0,0.0,0,0.0,0,1012.9,275.1760112118571,3.02552088831996,132,,
2018,5,14,3,0,11.1,-93,0,6.8,0,0.0,0,0.0,0,1013.2,282.73787937589606,3.222121953888577,121,,
2018,5,14,4,0,11.3,-83,0,7.1,0,0.0,0,0.0,0,1013.7,289.64835211732856,3.095263804361273,110,,
2018,5,14,5,0,11.5,-74,0,7.4,0,0.0,0,0.0,0,1014.2,286.61528919947125,3.0002724603270448,99,,
2018,5,14,6,0,12,-64,1.2,7.8,20,0.0,12,0.0,0,1014.7,281.1479458356425,3.166933927844127,88,,
2018,5,14,7,0,12.7,-53,24.8,8.3,88,15.0,9,5.000000000000001,0,1015.3,269.9430919255849,3.932863268033889,79,,
2018,5,14,8,0,13.4,-41,15.8,8.9,103,77.0,147,61.8606578371461,0,1015.9,257.4475679500425,4.495640497370525,71,,
2018,5,14,9,0,13.7,-28,2.6,8.9,94,70.0,294,120.97332743738365,0,1016.4,257.6116703324819,5.324663066726239,64,,
2018,5,14,10,0,13.6,-12,1.6,8.5,93,34.0,363,145.9486494652735,0,1016.9,265.4066055709548,4.783185292931523,60,,
2018,5,14,11,0,13.4,4,0.5,8.1,84,34.0,389,172.80980652484592,0,1017.3,289.96208081477454,3.296702773671406,60,,
2018,5,14,12,0,13.2,20,1.5,8.1,87,65.0,343,222.71753252343527,0,1017.8,329.2720378716265,3.713503374149304,62,,
2018,5,14,13,0,13,35,2.7,8.4,85,97.0,252,236.84535112517364,0,1018.3,345.0471539064618,4.204883647129951,67,,
2018,5,14,14,0,12.8,48,2.3,8.7,64,145.0,148,224.13318553548123,0,1018.9,347.7795074109512,4.13370785452067,75,,
2018,5,14,15,0,12.5,59,0.7,8.8,30,60.0,46,113.02794181374972,0,1019.5,338.9328163942764,4.06151228415005,84,,
2018,5,14,16,0,12.1,69,0,8.7,6,11.0,4,25.15171518410018,0,1020.1,345.0896689079456,4.615108899942558,94,,
2018,5,14,17,0,11.7,78,0,8.7,0,0.0,0,0.0,0,1020.8,353.601654729768,4.887622057568705,105,,
2018,5,14,18,0,11.5,88,0,8.5,0,0.0,0,0.0,0,1021.3,359.0959791128192,5.384947620480671,116,,
2018,5,14,19,0,11.3,98,0,8.3,0,0.0,0,0.0,0,1021.7,3.3268011663470247,6.462061866060322,127,,
2018,5,14,20,0,11.1,111,0,8.1,0,0.0,0,0.0,0,1022.1,14.424023789324394,7.025404237845889,138,,
2018,5,14,21,0,11,129,0,8,0,0.0,0,0.0,0,1022.3,17.659220723139867,6.460949386899408,148,,
2018,5,14,22,0,11,155,0,8,0,0.0,0,0.0,0,1022.4,16.368464326517824,6.067706143838599,155,,
2018,5,14,23,0,11,-171,0,8,0,0.0,0,0.0,0,1022.4,11.108950857824311,5.214154910193776,156,,
2018,5,15,0,0,10.9,-140,0,7.9,0,0.0,0,0.0,0,1022.6,5.727383552668243,5.056737433987993,152,,
2018,5,15,1,0,10.8,-119,0,7.7,0,0.0,0,0.0,0,1022.8,5.036584366850718,5.239223597433494,143,,
2018,5,15,2,0,10.6,-104,0,7.5,0,0.0,0,0.0,0,1023.1,2.0234089684367405,7.080586727421748,133,,
2018,5,15,3,0,10.5,-93,0,7.3,0,0.0,0,0.0,0,1023.5,356.3970531527653,8.951041363624707,121,,
2018,5,15,4,0,10.3,-83,0,7.1,0,0.0,0,0.0,0,1024,70.80781763178254,13.255007519602936,110,,
2018,5,15,5,0,10.2,-73,0,7,0,0.0,0,0.0,0,1024.5,75.44924493272777,13.62979635850929,99,,
2018,5,15,6,0,10.5,-64,0,7,16,0.0,20,0.0,0,1024.9,75.29217163585918,14.225904815068471,89,,
2018,5,15,7,0,11.1,-53,1.2,7.3,45,34.0,103,6.000000000000002,0,1025.2,75.58749342696325,13.344780216604686,79,,
2018,5,15,8,0,11.7,-41,1.9,7.7,67,229.0,220,86.6899786475643,0,1025.5,74.3271582474926,13.683560803956606,71,,
2018,5,15,9,0,12,-27,1.9,7.6,78,341.0,320,207.438226849292,0,1025.5,77.53536056461968,14.210436822125391,64,,
2018,5,15,10,0,12,-12,2.5,7.3,89,566.0000000000001,373,347.6008230693617,0,1025.2,75.92191944108481,13.38014213701056,61,,
2018,5,15,11,0,12,4,2.6,7,91,683.0,384,455.14867864257536,0,1025,73.07940392953822,13.038063301305067,60,,
2018,5,15,12,0,11.9,20,2.2,6.9,84,701.0000000000001,353,494.3021305746042,0,1024.9,80.13263130177677,12.66092480872228,62,,
2018,5,15,13,0,11.8,35,2.5,7,75,635.0,270,455.9210164854887,0,1024.9,74.40222914550549,12.950562818459035,67,,
2018,5,15,14,0,11.8,48,3,7.1,58,501.0,159,350.3699778221924,0,1024.9,68.98527849677464,12.735747901067771,75,,
2018,5,15,15,0,11.5,59,31.1,7.1,27,331.0,42,209.3707909908161,0,1025.1,63.65387186261876,12.544454761582443,84,,
2018,5,15,16,0,11,69,17,7.2,5,132.0,0,65.40342623002918,0,1025.4,72.73667214039972,12.365654896798096,94,,
2018,5,15,17,0,10.6,78,0,7.2,0,2.0,0,1.0612302211069062,0,1025.7,80.88923175174898,11.728780075509537,105,,
2018,5,15,18,0,10.1,88,0,7.1,0,0.0,0,0.0,0,1025.9,81.05147009658191,11.13603080677236,116,,
2018,5,15,19,0,9.6,98,0,6.8,0,0.0,0,0.0,0,1026,76.82673242750701,11.36197480434719,127,,
2018,5,15,20,0,9.1,111,0,6.6,0,0.0,0,0.0,0,1026,71.41605396687294,12.439389312959005,138,,
2018,5,15,21,0,9.1,128,0,6.7,0,0.0,0,0.0,0,1025.9,78.91003021245217,11.187176888877309,148,,
2018,5,15,22,0,9.4,155,0,7.2,0,0.0,0,0.0,0,1025.8,82.1331404856927,10.370548557240465,155,,
2018,5,15,23,0,9.8,-171,0,7.7,0,0.0,0,0.0,0,1025.7,82.84305510633237,9.890045549795984,157,,
2018,5,16,0,0,10,-140,0,7.9,0,0.0,0,0.0,0,1025.7,90.82332172411884,8.37635307270796,152,,
2018,5,16,1,0,9.9,-118,0,7.8,0,0.0,0,0.0,0,1025.8,94.45798831123938,6.605433328038399,143,,
2018,5,16,2,0,9.8,-104,0,7.6,0,0.0,0,0.0,0,1025.9,100.6830824845319,3.684963097199919,133,,
2018,5,16,3,0,9.7,-92,0,7.5,0,0.0,0,0.0,0,1026,71.02993826515774,2.389028938910982,122,,
2018,5,16,4,0,9.5,-83,0,7.3,0,0.0,0,0.0,0,1026,47.241985779908816,2.991957095366393,110,,
2018,5,16,5,0,9.4,-73,0,7.1,0,0.0,0,0.0,0,1025.9,41.68563884029942,3.054680016940188,99,,
2018,5,16,6,0,9.7,-64,0.8,7,15,0.0,20,0.0,0,1026,49.55887780435063,6.318177233846198,89,,
2018,5,16,7,0,10.2,-53,1.5,7,41,16.0,109,5.000000000000001,0,1026.1,51.48307369289722,7.49186471953816,79,,
2018,5,16,8,0,10.7,-41,3,6.9,72,67.0,214,57.44008293818375,0,1026.2,47.50623599152982,7.726006209170517,71,,
2018,5,16,9,0,11.2,-27,14.9,7,171,175.0,173,157.79422240243434,0,1026,35.73310924928029,7.430271021474535,65,,
2018,5,16,10,0,11.6,-12,34.1,7,259,406.0,52,315.8373063954964,0,1025.6,34.74848026182593,8.709778045674183,61,,
2018,5,16,11,0,12,4,16.5,7,156,252.0,251,321.3915616238291,0,1025.2,30.59922312712428,9.252820654556311,60,,
2018,5,16,12,0,12.1,20,2.4,7,80,269.0,357,347.46637910472066,0,1024.7,24.75941984295656,9.508337644243948,62,,
2018,5,16,13,0,12.1,35,2.4,7,69,163.0,278,278.23493945930096,0,1024.4,20.648066538017247,10.052207332630298,68,,
2018,5,16,14,0,12,47,2.1,7,52,108.0,167,201.27083745250047,0,1024,20.393681753071576,9.992799532879191,75,,
2018,5,16,15,0,11.6,59,0.7,7,24,49.0,53,104.02981796616098,0,1023.8,22.15459417064295,11.554223353701635,84,,
2018,5,16,16,0,11,69,0,7,5,32.0,5,38.060177977505134,0,1023.8,23.43381661112062,11.439367936507365,94,,
2018,5,16,17,0,10.3,78,0,6.9,0,0.0,0,0.0,0,1023.7,24.728783893354432,11.717860147387617,105,,
2018,5,16,18,0,9.5,87,0,6.6,0,0.0,0,0.0,0,1023.8,26.413592600766208,12.143158067853289,116,,
2018,5,16,19,0,8.6,98,0,6.1,0,0.0,0,0.0,0,1023.8,24.139570190126,11.276915726766,128,,
2018,5,16,20,0,7.7,110,0,5.6,0,0.0,0,0.0,0,1023.9,25.170911843812235,11.483774174654108,138,,
2018,5,16,21,0,7.7,128,0,5.7,0,0.0,0,0.0,0,1023.7,25.255223825107635,11.353522833089018,148,,
2018,5,16,22,0,8.2,155,0,6.2,0,0.0,0,0.0,0,1023.5,23.202389338738783,11.604077800545149,155,,
2018,5,16,23,0,8.9,-171,0,6.7,0,0.0,0,0.0,0,1023.2,18.810902058815486,11.201312717925823,157,,
2018,5,17,0,0,9.3,-140,0,7.1,0,0.0,0,0.0,0,1023,18.365533450950807,11.661602266703186,152,,
2018,5,17,1,0,9.7,-118,0,7.4,0,0.0,0,0.0,0,1022.8,11.92815820329082,12.42053378799801,143,,
2018,5,17,2,0,10,-103,0,7.6,0,0.0,0,0.0,0,1022.7,10.779986826597678,11.839054991332189,133,,
2018,5,17,3,0,10.3,-92,0,7.9,0,0.0,0,0.0,0,1022.6,10.373525949456166,11.950459892509372,122,,
2018,5,17,4,0,10.5,-82,0,8.1,0,0.0,0,0.0,0,1022.7,14.615183279225562,11.995822787912354,111,,
2018,5,17,5,0,10.7,-73,0.1,8.3,0,0.0,0,0.0,0,1022.8,12.512545741456677,11.849058793309286,99,,
2018,5,17,6,0,11.1,-63,4.6,8.5,19,0.0,10,0.0,0,1022.8,10.271564549750847,12.51824872712597,89,,
2018,5,17,7,0,11.7,-53,35.8,8.6,71,0.0,5,1.0,0,1022.9,11.040679958462531,12.8683003822732,79,,
2018,5,17,8,0,12.2,-41,70,8.7,76,1.0,0,11.093200890915789,0,1023,10.818592113289071,12.344901687880292,71,,
2018,5,17,9,0,12.7,-27,68,8.8,130,2.0,0,30.494142214579835,0,1022.8,10.094697061590466,12.633563338444754,65,,
2018,5,17,10,0,13.1,-12,62.2,9,173,2.0,0,52.74126959940197,0,1022.5,5.538084227115121,12.352825667221238,61,,
2018,5,17,11,0,13.5,4,76.1,9.2,113,9.0,0,118.090052111109,0,1022.1,6.851274145899936,12.613016874177765,60,,
2018,5,17,12,0,13.6,20,74,9.3,110,11.0,0,131.41934560850004,0,1021.7,1.6337389640553963,12.528041868916487,63,,
2018,5,17,13,0,13.5,35,51.9,9.3,156,9.0,1,114.34381622571986,0,1021.4,358.83502070133443,13.17288888760124,68,,
2018,5,17,14,0,13.3,47,16.8,9.3,96,4.0,67,66.70030097593856,0,1021.1,8.795909266375759,13.810368800697734,75,,
2018,5,17,15,0,12.8,58,0.8,9.3,28,4.0,42,43.29576694788385,0,1021,17.585369026251612,13.136863081562009,84,,
2018,5,17,16,0,12,68,0,9.2,5,3.0,2,15.559208001727573,0,1021.1,22.80184238230368,12.925658644195313,94,,
2018,5,17,17,0,11.2,78,0,9.2,0,0.0,0,0.0,0,1021.2,28.601543615052947,12.64624799234997,105,,
2018,5,17,18,0,10.4,87,0,8.7,0,0.0,0,0.0,0,1021.3,27.46832668489617,13.173038173374367,116,,
2018,5,17,19,0,9.7,97,0,8,0,0.0,0,0.0,0,1021.4,28.1527122357914,12.830981098094382,128,,
2018,5,17,20,0,9,110,0,7.2,0,0.0,0,0.0,0,1021.4,32.286613383870645,12.938444434814276,139,,
2018,5,17,21,0,8.6,128,0,6.8,0,0.0,0,0.0,0,1021.5,36.6690279977812,12.20066091592084,148,,
2018,5,17,22,0,8.5,155,0,6.7,0,0.0,0,0.0,0,1021.4,39.05854199352967,11.527549915027782,155,,
2018,5,17,23,0,8.4,-171,0,6.6,0,0.0,0,0.0,0,1021.3,39.48192611777103,10.735763571047482,157,,
2018,5,18,0,0,8.4,-139,0,6.5,0,0.0,0,0.0,0,1021.1,39.49791817195671,10.304147774167037,152,,
2018,5,18,1,0,8.5,-118,0,6.6,0,0.0,0,0.0,0,1020.9,38.36023653354693,9.582245343410088,144,,
2018,5,18,2,0,8.5,-103,0,6.6,0,0.0,0,0.0,0,1020.6,37.63276467916836,9.329830876317068,133,,
2018,5,18,3,0,8.6,-92,0,6.7,0,0.0,0,0.0,0,1020.3,38.084390751195485,9.438350755984862,122,,
2018,5,18,4,0,8.8,-82,0,6.8,0,0.0,0,0.0,0,1020.2,37.91739335709178,9.575330656457773,111,,
2018,5,18,5,0,8.9,-73,0,6.9,0,0.0,0,0.0,0,1020,40.09101764850453,9.85086592254323,100,,
2018,5,18,6,0,9.7,-63,1.9,7.4,17,0.0,13,0.0,0,1019.8,41.77568048785321,10.27293588842418,89,,
2018,5,18,7,0,10.8,-53,27.3,8.4,84,0.0,7,1.0,0,1019.5,38.745263845567024,9.765484511318563,80,,
2018,5,18,8,0,12.1,-41,37.4,9.3,176,4.0,4,23.36129896546847,0,1019.2,41.756822886394616,9.432090626888897,71,,
2018,5,18,9,0,12.9,-27,14.1,9.7,133,11.0,215,74.68331568411783,0,1018.7,41.62627701204877,8.797630592676663,65,,
2018,5,18,10,0,13.5,-12,5.4,9.7,119,28.0,318,135.2855765950152,0,1017.9,41.446859489758026,6.677005559574445,61,,
2018,5,18,11,0,14,4,39,9.7,179,23.0,111,150.37441368859814,0,1017,58.815612673649866,8.578970490498142,61,,
2018,5,18,12,0,14.2,20,62.4,9.8,164,19.0,0,146.29575163595385,0,1016.2,40.60995127778898,9.815044097568132,63,,
2018,5,18,13,0,14.1,34,60.3,10.1,131,15.0,1,126.1890204725826,0,1015.5,38.86464561560956,10.899671368500735,68,,
2018,5,18,14,0,13.9,47,21.9,10.4,79,15.0,67,101.3270358253996,0,1014.7,42.55376161762996,11.466580502757898,75,,
2018,5,18,15,0,13.5,58,0.7,10.4,27,42.0,42,97.47504829441571,0,1014.1,47.7468546218376,11.7254462806872,84,,
2018,5,18,16,0,12.8,68,0,10.3,5,25.0,3,32.58793997002925,0,1013.6,50.71587422373853,10.809154748230451,95,,
2018,5,18,17,0,12,78,0,10.1,0,0.0,0,0.0,0,1013.1,53.68415830866422,10.078742716584475,105,,
2018,5,18,18,0,11.6,87,0.6,10,0,0.0,0,0.0,0,1012.6,56.827928228800886,9.579465296253712,117,,
2018,5,18,19,0,11.4,97,33.6,9.8,0,0.0,0,0.0,0,1011.9,56.96411790434939,9.76178880951078,128,,
2018,5,18,20,0,11.3,110,51.4,9.7,0,0.0,0,0.0,0,1011.2,61.79799100532023,9.8533110220227,139,,
2018,5,18,21,0,11.5,127,51,9.6,0,0.0,0,0.0,0,1010.4,61.93008898505673,9.583022183398072,149,,
2018,5,18,22,0,11.9,154,51,9.6,0,0.0,0,0.0,0,1009.4,60.5629302327269,9.683812491718903,156,,
2018,5,18,23,0,12.3,-171,51,9.6,0,0.0,0,0.0,0,1008.3,62.07886951870466,9.4485049346743,157,,
2018,5,19,0,0,12.6,-139,51.4,9.5,0,0.0,0,0.0,0,1007.3,60.05034909371386,9.032305817447618,153,,
2018,5,19,1,0,12.8,-117,71.7,9.6,0,0.0,0,0.0,0,1006.2,51.38236307067376,9.428116475532276,144,,
2018,5,19,2,0,13,-103,82.8,9.6,0,0.0,0,0.0,0,1005.1,47.5111133824476,9.365901553322482,133,,
2018,5,19,3,0,13.2,-92,81.9,9.5,0,0.0,0,0.0,0,1004.2,45.53294925788259,9.502503723940665,122,,
2018,5,19,4,0,13.3,-82,82.2,9.5,0,0.0,0,0.0,0,1003.4,43.64077337644943,9.315507499161091,111,,
2018,5,19,5,0,13.5,-73,70.7,9.5,0,0.0,0,0.0,0,1002.5,41.914458894711856,9.089209940624205,100,,
2018,5,19,6,0,13.5,-63,68.1,9.8,8,0.0,0,0.0,0,1001.9,36.37972769373761,8.972300992848906,89,,
2018,5,19,7,0,13.4,-53,60.5,10.3,55,10.0,0,4.000000000000001,0,1001.5,29.378542356026344,9.27339090401465,80,,
2018,5,19,8,0,13.4,-41,70.9,10.8,67,139.0,0,71.16157876340048,0,1001,23.235073958938187,9.313750538291604,72,,
2018,5,19,9,0,13.2,-27,81.4,11.2,66,255.0,0,183.4178039334068,0,1000.3,19.82548372364016,9.47750295389442,65,,
2018,5,19,10,0,12.9,-12,85.5,11.4,61,192.0,0,236.90848045095936,0,999.3,19.07684988246001,10.72292502922788,62,,
2018,5,19,11,0,12.6,4,86.3,11.6,60,199.0,0,287.0999463908548,0,998.3,18.59350119298205,11.243345244747038,61,,
2018,5,19,12,0,12.4,20,80.1,11.7,79,194.0,0,301.265789289078,0,997.5,17.648351157588195,11.61860510585454,63,,
2018,5,19,13,0,12.4,34,82.4,11.8,58,286.0,0,326.12766965976334,0,996.7,11.860921080088872,12.46735743344559,68,,
2018,5,19,14,0,12.4,47,62.8,11.9,61,201.0,0,239.1419515529505,0,996,12.05943372776602,12.778088206543524,76,,
2018,5,19,15,0,12.4,58,45.6,11.9,33,95.0,0,125.192775522945,0,995.9,11.58008299049476,12.988002451722414,85,,
2018,5,19,16,0,12.4,68,15.6,11.8,4,50.0,0,41.03632086934476,0,996.1,13.566597307642098,13.0752766309143,95,,
2018,5,19,17,0,12.3,77,0,11.7,0,0.0,0,0.0,0,996.4,12.684806260421,13.499654670554788,105,,
2018,5,19,18,0,12.3,87,2,11.4,0,0.0,0,0.0,0,996.8,9.296567922052816,13.707384837110508,117,,
2018,5,19,19,0,12.2,97,1.1,11.1,0,0.0,0,0.0,0,997.3,6.19772123785981,14.886814268271696,128,,
2018,5,19,20,0,12.1,109,0,10.8,0,0.0,0,0.0,0,997.8,7.665820413641484,14.090773665726168,139,,
2018,5,19,21,0,12.1,127,0,10.8,0,0.0,0,0.0,0,997.9,9.682392570868046,14.148812622371874,149,,
2018,5,19,22,0,12.1,154,0,11,0,0.0,0,0.0,0,997.9,14.036243467926454,14.376512340105329,156,,
2018,5,19,23,0,12.1,-170,0,11.2,0,0.0,0,0.0,0,997.8,17.080128002172728,14.151751753038706,157,,
2018,5,20,0,0,12.1,-139,1.2,11.3,0,0.0,0,0.0,0,997.7,17.413189822614413,14.724612129637215,153,,
2018,5,20,1,0,12.1,-117,60.1,11.3,0,0.0,0,0.0,0,997.6,21.302283819145543,16.086378377733716,144,,
2018,5,20,2,0,12.1,-103,95.6,11.3,0,0.0,0,0.0,0,997.5,24.858968877784832,16.631031136289387,133,,
2018,5,20,3,0,12.2,-91,91.5,11.4,0,0.0,0,0.0,0,997.5,29.897245880185608,16.659686168912387,122,,
2018,5,20,4,0,12.3,-82,76.6,11.6,0,0.0,0,0.0,0,997.6,32.54449040754986,16.290735423220397,111,,
2018,5,20,5,0,12.4,-73,65.2,11.7,0,0.0,0,0.0,0,997.8,33.94074261194612,15.848245054556685,100,,
2018,5,20,6,0,12.4,-63,53.6,11.8,12,0.0,0,0.0,0,998.2,35.20235401545449,15.527669643604876,89,,
2018,5,20,7,0,12.5,-53,43.3,11.7,71,1.0,0,2.0,0,998.8,32.93945584483805,15.12385253849104,80,,
2018,5,20,8,0,12.5,-41,65.8,11.6,75,11.0,0,30.9317879963491,0,999.4,27.55455057175527,14.573191360909544,72,,
2018,5,20,9,0,12.6,-27,79.7,11.7,74,20.0,0,79.75643076685158,0,999.8,25.37941285124413,14.853706815092313,66,,
2018,5,20,10,0,12.7,-12,78.4,11.9,93,16.0,0,118.77488503441484,0,1000,24.182166443183803,15.32289098918569,62,,
2018,5,20,11,0,12.8,4,86.8,12.2,59,19.0,0,150.44517152382306,0,1000.3,24.415319312295253,14.634926915600447,61,,
2018,5,20,12,0,12.7,20,88.5,12.1,45,11.0,0,129.30901397223,0,1000.7,25.366454577021955,14.797535167577545,63,,
2018,5,20,13,0,12.3,34,82.4,11.8,54,5.0,0,85.36378190694789,0,1001.4,23.526579514506807,15.66893539547272,68,,
2018,5,20,14,0,12,47,91.7,11.4,23,3.0,0,57.24655862494182,0,1002.1,24.97724101468464,14.918161507335334,76,,
2018,5,20,15,0,11.6,58,73.7,10.8,5,3.0,0,32.94468704693279,0,1002.9,21.912624819768894,13.242877109542002,85,,
2018,5,20,16,0,11.2,68,21.6,10.1,2,7.0,0,20.246210717820787,0,1003.9,21.03973726990341,13.082386076959846,95,,
2018,5,20,17,0,10.7,77,0,9.3,0,0.0,0,0.0,0,1005,15.443438616271294,14.117391421223244,106,,
2018,5,20,18,0,10.1,87,0,8.4,0,0.0,0,0.0,0,1005.9,12.980437876292854,13.75379711953974,117,,
2018,5,20,19,0,9.4,97,0,7.3,0,0.0,0,0.0,0,1006.8,18.412640442254485,14.07839018247013,128,,
2018,5,20,20,0,8.8,109,0,6.2,0,0.0,0,0.0,0,1007.7,17.85636169189644,13.555328022007217,139,,
2018,5,20,21,0,8.6,127,0,5.7,0,0.0,0,0.0,0,1008.3,22.729898966567305,12.536625432178075,149,,
2018,5,20,22,0,8.7,154,0,5.5,0,0.0,0,0.0,0,1008.7,30.19724473452652,12.825942575197972,156,,
2018,5,20,23,0,9,-170,0,5.4,0,0.0,0,0.0,0,1009.2,32.974175039657496,15.954834729674284,158,,
2018,5,21,0,0,9.1,-139,0,5.3,0,0.0,0,0.0,0,1009.6,40.13280616155191,15.182620775724494,153,,
2018,5,21,1,0,9.1,-117,0,5.2,0,0.0,0,0.0,0,1010,39.69974484819625,14.21621285114283,144,,
2018,5,21,2,0,9.1,-102,0,5.1,0,0.0,0,0.0,0,1010.4,37.590697576185846,14.198193834509649,134,,
2018,5,21,3,0,9.2,-91,0,5.1,0,0.0,0,0.0,0,1010.9,35.89959658176804,13.811550789577868,122,,
2018,5,21,4,0,9.2,-82,0,5.2,0,0.0,0,0.0,0,1011.5,33.1120336914712,13.25599144931217,111,,
2018,5,21,5,0,9.3,-72,0,5.4,0,0.0,0,0.0,0,1012.1,30.01137318598836,13.353319397360965,100,,
2018,5,21,6,0,9.6,-63,0,5.6,13,0.0,15,0.0,0,1012.8,28.526014887013844,12.54603297589844,90,,
2018,5,21,7,0,10.1,-52,1.5,6,40,0.0,92,1.0,0,1013.6,27.367295399297177,13.256662396441952,80,,
2018,5,21,8,0,10.6,-41,1.9,6.4,61,1.0,207,12.081969889162156,0,1014.3,25.88097171228185,13.388210236919273,72,,
2018,5,21,9,0,11.1,-27,2,6.6,74,5.0,303,52.1742070926588,0,1014.7,22.324011384193795,12.634971627587367,66,,
2018,5,21,10,0,11.5,-12,2.3,6.5,84,5.0,356,70.7890727750888,0,1014.8,19.0343341684906,12.538854534290325,62,,
2018,5,21,11,0,11.8,4,2.7,6.4,90,10.0,360,115.41296027484135,0,1014.9,16.645069836777168,13.1078445418718,61,,
2018,5,21,12,0,12,20,11.1,6.4,145,11.0,231,126.27390877681152,0,1015.2,16.04657724272579,14.261476082619302,64,,
2018,5,21,13,0,12,34,25.7,6.5,181,46.0,68,188.6028054550417,0,1015.5,18.6832544697416,14.982125943866263,69,,
2018,5,21,14,0,11.9,47,16.2,6.6,107,29.0,53,130.96286163084312,0,1015.9,26.227767302719315,15.950821825158869,76,,
2018,5,21,15,0,11.7,58,2.8,6.5,30,17.0,30,71.30513277795747,0,1016.4,20.514585433933235,15.835019862759069,85,,
2018,5,21,16,0,11.3,68,0,6.4,4,10.0,2,21.754296404669034,0,1017,16.856266583356728,15.981821859360233,95,,
2018,5,21,17,0,10.9,77,0,6.3,0,0.0,0,0.0,0,1017.5,21.908571235482786,16.89495047694103,106,,
2018,5,21,18,0,10.5,86,0,6.2,0,0.0,0,0.0,0,1017.9,24.150120708426527,16.63034882402997,117,,
2018,5,21,19,0,10.1,96,0,6,0,0.0,0,0.0,0,1018.3,23.31534209392385,16.66027557401869,128,,
2018,5,21,20,0,9.7,109,0,5.9,0,0.0,0,0.0,0,1018.6,19.402847012802624,16.46256002604925,139,,
2018,5,21,21,0,9.5,127,0,5.9,0,0.0,0,0.0,0,1018.7,24.95411771193181,18.253878586281,149,,
2018,5,21,22,0,9.4,154,0,6,0,0.0,0,0.0,0,1018.7,29.034456167945507,17.330553221770778,156,,
2018,5,21,23,0,9.2,-170,0,6.1,0,0.0,0,0.0,0,1018.7,37.1401696609156,18.145758524308743,158,,
2018,5,22,0,0,9.1,-138,0,6.1,0,0.0,0,0.0,0,1018.7,38.46800017085832,17.53983011923572,153,,
2018,5,22,1,0,8.9,-117,0,5.9,0,0.0,0,0.0,0,1018.8,36.82631466727503,17.652592997638926,144,,
2018,5,22,2,0,8.7,-102,0,5.7,0,0.0,0,0.0,0,1018.9,42.03792691674016,18.574630382962617,134,,
2018,5,22,3,0,8.5,-91,0,5.5,0,0.0,0,0.0,0,1019.1,41.91586408106377,17.83695016058969,122,,
2018,5,22,4,0,8.4,-81,0,5.4,0,0.0,0,0.0,0,1019.4,42.11182597721694,17.92226881909884,111,,
2018,5,22,5,0,8.3,-72,0,5.2,0,0.0,0,0.0,0,1019.7,45.65758970777336,17.88479920030329,100,,
2018,5,22,6,0,8.6,-63,0.5,5,13,0.0,13,0.0,0,1020,47.22468560206346,17.48645128564444,90,,
2018,5,22,7,0,9.1,-52,1.3,4.8,39,1.0,93,1.0,0,1020.3,46.49444521792015,16.94559789463867,80,,
2018,5,22,8,0,9.7,-40,2,4.5,64,6.0,202,25.475682187807006,0,1020.6,48.391447172141625,16.96938034242711,72,,
2018,5,22,9,0,10.2,-27,17.1,4.5,175,5.0,136,48.15957650639828,0,1020.5,49.88325124789213,16.317159349022187,66,,
2018,5,22,10,0,10.5,-12,11.8,4.6,155,8.0,240,79.83808854246305,0,1020.2,50.57094484120182,16.097109101477376,62,,
2018,5,22,11,0,10.9,4,3,4.8,99,19.0,346,135.32542123062348,0,1019.9,50.71777995937725,16.5704953041047,61,,
2018,5,22,12,0,11,20,2.3,5,87,157.0,323,278.7843841796955,0,1019.7,50.76401879908991,16.156107979377154,64,,
2018,5,22,13,0,10.9,34,2.3,5.2,74,307.0,249,331.240635645056,0,1019.5,52.46844576853994,15.543370391495904,69,,
2018,5,22,14,0,10.8,47,1.9,5.3,54,320.0,143,282.0709901308179,0,1019.4,53.06395041407808,14.717343793703922,76,,
2018,5,22,15,0,10.5,58,0.6,5.4,23,273.0,40,185.4478442258217,0,1019.5,54.11220423199672,13.594331016400975,85,,
2018,5,22,16,0,10.1,68,0,5.5,4,103.0,2,52.81136386358513,0,1019.8,55.44226776038937,12.76620413214783,95,,
2018,5,22,17,0,9.7,77,0,5.5,0,0.0,0,0.0,0,1020.1,53.97166317190533,11.742038060885193,106,,
2018,5,22,18,0,9.2,86,0,5.4,0,0.0,0,0.0,0,1020.4,52.77669580117231,11.011537594369075,117,,
2018,5,22,19,0,8.8,96,0,5.3,0,0.0,0,0.0,0,1020.6,47.116564331867664,10.339513781347756,128,,
2018,5,22,20,0,8.3,109,0,5.1,0,0.0,0,0.0,0,1020.8,40.90941542312015,10.355560293695952,139,,
2018,5,22,21,0,8.2,126,0,5.2,0,0.0,0,0.0,0,1020.8,39.44922025522209,9.921330838036909,149,,
2018,5,22,22,0,8.3,154,0,5.4,0,0.0,0,0.0,0,1020.7,35.688422865906546,9.48184980244149,156,,
2018,5,22,23,0,8.5,-170,0,5.7,0,0.0,0,0.0,0,1020.6,28.00002287418772,9.24305656519718,158,,
2018,5,23,0,0,8.5,-138,0,5.8,0,0.0,0,0.0,0,1020.6,21.56597645074646,9.874623382001891,153,,
2018,5,23,1,0,8.6,-116,0,5.8,0,0.0,0,0.0,0,1020.5,14.91069725951428,10.219602161421284,144,,
2018,5,23,2,0,8.6,-102,0,5.8,0,0.0,0,0.0,0,1020.5,16.897680010637885,10.843659436290194,134,,
2018,5,23,3,0,8.6,-91,0,5.9,0,0.0,0,0.0,0,1020.6,17.350571607375457,10.149826154488515,123,,
2018,5,23,4,0,8.6,-81,0,5.9,0,0.0,0,0.0,0,1020.8,19.831930673475085,10.830314227764829,111,,
2018,5,23,5,0,8.7,-72,0,5.9,0,0.0,0,0.0,0,1021.1,25.9772117852699,11.099691913921436,100,,
2018,5,23,6,0,9,-63,0,6,12,0.0,12,0.0,0,1021.3,29.58040176177844,11.160416444836953,90,,
2018,5,23,7,0,9.5,-52,1,6.1,39,0.0,89,1.0,0,1021.5,30.714926004878293,10.952146962642358,80,,
2018,5,23,8,0,10.1,-40,1.4,6.2,61,3.0,204,16.229923782316472,0,1021.6,29.65359414154869,10.377414367867432,72,,
2018,5,23,9,0,10.5,-27,1.5,6.2,78,3.0,294,37.6871340514414,0,1021.5,29.39823493343676,10.540965061939394,66,,
2018,5,23,10,0,10.9,-12,1.3,6.2,84,4.0,353,62.40708566595099,0,1021.2,26.3600160480417,10.61767865547357,62,,
2018,5,23,11,0,11.3,4,1.5,6.1,87,5.0,362,85.17568255398733,0,1020.8,22.557485950738,11.626283933636966,62,,
2018,5,23,12,0,11.4,20,1.4,6.1,80,8.0,331,106.78641206402402,0,1020.6,30.75298161314703,12.519816388529678,64,,
2018,5,23,13,0,11.2,34,2,6.2,73,15.0,247,126.95437436789514,0,1020.5,32.752003153991154,12.023275563895158,69,,
2018,5,23,14,0,11,46,2.7,6.2,57,22.0,136,115.94902875623896,0,1020.4,33.213391678456674,11.760904350451968,76,,
2018,5,23,15,0,10.7,57,33.6,6.2,21,11.0,34,58.373646777057246,0,1020.4,34.84720991208684,11.71203375298507,85,,
2018,5,23,16,0,10.2,67,18.4,6.2,2,5.0,0,15.852597965576352,0,1020.5,36.90476225201297,11.635256060371518,95,,
2018,5,23,17,0,9.8,77,0,6.2,0,0.0,0,0.0,0,1020.6,39.50719424112458,11.410816472589726,106,,
2018,5,23,18,0,9,86,0,6,0,0.0,0,0.0,0,1020.7,40.56358588243552,11.265980708290783,117,,
2018,5,23,19,0,8.1,96,0,5.6,0,0.0,0,0.0,0,1020.8,42.28612232950775,11.200593500079732,128,,
2018,5,23,20,0,7.2,108,0,5.2,0,0.0,0,0.0,0,1020.9,46.65625851354707,11.252809004304911,139,,
2018,5,23,21,0,6.9,126,0,5.1,0,0.0,0,0.0,0,1020.8,50.00603911411065,11.1421446118287,149,,
2018,5,23,22,0,7.1,153,0,5.4,0,0.0,0,0.0,0,1020.6,49.66389708142765,10.870472020180555,157,,
2018,5,23,23,0,7.4,-170,0,5.6,0,0.0,0,0.0,0,1020.5,51.618401238642434,10.490760598259437,158,,
2018,5,24,0,0,7.4,-138,0.6,5.7,0,0.0,0,0.0,0,1020.4,54.06150361434379,10.10187183092376,153,,
2018,5,24,1,0,7.4,-116,33.6,5.7,0,0.0,0,0.0,0,1020.2,45.33708435067973,9.654004551935833,145,,
2018,5,24,2,0,7.3,-102,51.4,5.6,0,0.0,0,0.0,0,1020.1,42.53250568878502,9.972443069946753,134,,
2018,5,24,3,0,7.3,-91,51.6,5.5,0,0.0,0,0.0,0,1020.3,44.26856470239795,10.642858802929236,123,,
2018,5,24,4,0,7.3,-81,51.4,5.5,0,0.0,0,0.0,0,1020.5,47.374517486611694,10.66686027073001,112,,
2018,5,24,5,0,7.3,-72,51,5.5,0,0.0,0,0.0,0,1020.8,52.79389518884358,10.218486470432044,101,,
2018,5,24,6,0,7.5,-62,49.1,5.5,12,0.0,2,0.0,0,1021.1,58.028524267178966,9.620439963327351,90,,
2018,5,24,7,0,7.9,-52,18.8,5.5,40,2.0,80,2.0,0,1021.3,55.717445588351325,9.11505391277601,81,,
2018,5,24,8,0,8.2,-40,2.3,5.5,66,39.0,193,46.88806957880737,0,1021.5,57.91499768035772,9.23702608900876,73,,
2018,5,24,9,0,9,-27,3.1,5.8,92,94.0,268,132.26572525824886,0,1021.3,59.75435548378255,8.862977619106514,66,,
2018,5,24,10,0,10.1,-12,22.4,6.2,217,253.0,118,238.2583670807146,0,1020.9,64.53534644423854,8.73264798268594,63,,
2018,5,24,11,0,11.2,4,46.4,6.6,233,298.0,8,304.7857796941337,0,1020.4,67.30172837127145,8.700729300635109,62,,
2018,5,24,12,0,11.6,19,64.1,6.9,149,309.0,0,328.3385828097081,0,1020.1,68.58657782533544,9.024837144243534,64,,
2018,5,24,13,0,11.5,34,72.6,7.1,88,407.0,0,348.5280589686378,0,1019.9,66.71855090053901,9.443237695235489,69,,
2018,5,24,14,0,11.4,46,63.1,7.3,65,336.0,0,271.7592166420914,0,1019.7,70.27067775238908,9.945646689434538,76,,
2018,5,24,15,0,11,57,53.5,7.4,25,323.0,0,188.2420089671063,0,1019.7,72.44345256494717,9.472736995392207,85,,
2018,5,24,16,0,10.4,67,18.6,7.2,2,212.0,0,68.66083191824472,0,1019.8,73.593957826017,9.08906264610874,95,,
2018,5,24,17,0,9.8,76,0,7.1,0,0.0,0,0.0,0,1019.9,75.69797531099101,9.126862982433977,106,,
2018,5,24,18,0,9.3,86,0,7,0,0.0,0,0.0,0,1020,78.30717730293213,9.163798065793184,117,,
2018,5,24,19,0,9,96,0,6.9,0,0.0,0,0.0,0,1020.2,81.03791413996419,9.658688215796436,128,,
2018,5,24,20,0,8.6,108,0,6.8,0,0.0,0,0.0,0,1020.3,84.27827619163128,9.62878267158612,140,,
2018,5,24,21,0,8.5,126,0,6.6,0,0.0,0,0.0,0,1020.2,87.28571608480593,9.23863630842392,150,,
2018,5,24,22,0,8.6,153,0,6.5,0,0.0,0,0.0,0,1020,91.13354323476506,8.354906524247161,157,,
2018,5,24,23,0,8.7,-170,0,6.3,0,0.0,0,0.0,0,1019.8,99.4818756507783,6.5860742665635,158,,
2018,5,25,0,0,8.9,-138,0.6,6.3,0,0.0,0,0.0,0,1019.6,116.84866380342476,5.624631498770019,154,,
2018,5,25,1,0,9,-116,33.4,6.3,0,0.0,0,0.0,0,1019.4,128.5502946030225,5.006987231449907,145,,
2018,5,25,2,0,9.1,-102,50.9,6.3,0,0.0,0,0.0,0,1019.2,128.16051696291584,5.014260347052395,134,,
2018,5,25,3,0,9.3,-91,31.4,6.4,0,0.0,0,0.0,0,1019.2,120.960172890124,4.685939255599926,123,,
2018,5,25,4,0,9.3,-81,7.4,6.4,0,0.0,0,0.0,0,1019.3,117.26226617544984,4.073592030791622,112,,
2018,5,25,5,0,9.4,-72,0,6.5,0,0.0,0,0.0,0,1019.4,118.13404708819156,3.34159774677492,101,,
2018,5,25,6,0,9.9,-62,0.5,6.8,13,0.0,6,0.0,0,1019.6,116.47476018993598,2.5635109977225845,90,,
2018,5,25,7,0,10.6,-52,27.4,7.4,68,16.0,4,3.000000000000001,0,1019.8,130.4762434575511,2.523649755946097,81,,
2018,5,25,8,0,11.4,-40,30.3,8,147,279.0,33,68.9534199576659,0,1020.1,164.68626536669035,1.4023300000209982,73,,
2018,5,25,9,0,12,-27,9.9,8.3,124,491.0,202,202.7268165040176,0,1019.9,224.0959335722578,0.5908253567062565,66,,
2018,5,25,10,0,12.6,-12,30.3,8.4,185,606.0,103,327.67017579405695,0,1019.4,279.7011569008155,0.9243509696225316,63,,
2018,5,25,11,0,13.2,4,52.1,8.5,209,640.0,0,409.7349226150217,0,1018.9,5.435186704854118,0.5155012964922403,62,,
2018,5,25,12,0,13.4,19,39,8.7,218,652.0,23,443.8001499434148,0,1018.5,18.694988396803808,0.306194393792834,64,,
2018,5,25,13,0,13.3,34,24.4,9.1,182,631.0,51,421.98483661086567,0,1018.2,316.7335322096445,0.8274657666480939,69,,
2018,5,25,14,0,13.2,46,8.7,9.5,86,566.0000000000001,78,343.19908367174264,0,1018,23.241000409317508,1.515826752595771,77,,
2018,5,25,15,0,12.8,57,0.5,9.7,22,440.0,33,215.75356886040265,0,1018,40.33921585406273,2.020450832767472,85,,
2018,5,25,16,0,12.1,67,0,9.7,3,217.0,1,68.02245888125117,0,1018.3,57.23642268432127,2.9941609500760014,95,,
2018,5,25,17,0,11.4,76,0,9.8,0,0.0,0,0.0,0,1018.5,69.9513414450198,4.0108739228925545,106,,
2018,5,25,18,0,10.9,86,0,9.6,0,0.0,0,0.0,0,1018.7,83.43277303025451,3.1230313108055188,117,,
2018,5,25,19,0,10.4,96,0,9.1,0,0.0,0,0.0,0,1018.9,90.59024046654316,3.460144537679591,129,,
2018,5,25,20,0,9.9,108,0,8.7,0,0.0,0,0.0,0,1019,93.38689282444534,3.6985987593866,140,,
2018,5,25,21,0,9.9,125,0,8.7,0,0.0,0,0.0,0,1019,102.14442554183232,3.5209357690675707,150,,
2018,5,25,22,0,10.2,153,0,9,0,0.0,0,0.0,0,1018.8,108.88325958089,3.571877251438289,157,,
2018,5,25,23,0,10.5,-170,0,9.4,0,0.0,0,0.0,0,1018.5,117.16816172530964,3.402221791373228,159,,
2018,5,26,0,0,10.6,-138,0,9.5,0,0.0,0,0.0,0,1018.4,121.92163010267598,3.098168012140752,154,,
2018,5,26,1,0,10.6,-116,0,9.5,0,0.0,0,0.0,0,1018.3,120.29931032177728,2.512941457387565,145,,
2018,5,26,2,0,10.5,-101,0,9.4,0,0.0,0,0.0,0,1018.2,136.1376611035136,1.2694516670518707,134,,
2018,5,26,3,0,10.4,-90,0,9.3,0,0.0,0,0.0,0,1018.1,45.56667585348282,0.3316451576740916,123,,
2018,5,26,4,0,10.3,-81,0,9.2,0,0.0,0,0.0,0,1018.1,265.5213842651401,0.2282359702487471,112,,
2018,5,26,5,0,10.2,-72,0,9,0,0.0,0,0.0,0,1018,260.67929160868016,0.3572558241383446,101,,
2018,5,26,6,0,10.6,-62,0,9.3,11,0.0,10,0.0,0,1018.1,226.36428435236053,0.6598196130665274,90,,
2018,5,26,7,0,11.5,-52,0.8,9.8,37,8.0,82,2.0000000000000004,0,1018.3,208.15603111734669,2.166807795170936,81,,
2018,5,26,8,0,12.3,-40,8.3,10.3,97,94.0,133,50.48942170765451,0,1018.5,210.18168945047293,2.788409725701988,73,,
2018,5,26,9,0,12.8,-27,18.6,10.4,178,221.0,116,150.7927122411859,0,1018.3,222.1212440467124,3.141751082742456,67,,
2018,5,26,10,0,13,-12,33.3,10.2,246,352.0,37,266.8072162020175,0,1017.8,233.88183814233264,3.8854418396666968,63,,
2018,5,26,11,0,13.2,4,34.7,10,265,377.0,23,331.7742744565792,0,1017.2,247.229911690592,3.287721636955764,62,,
2018,5,26,12,0,13.2,19,47.8,9.9,197,413.0,16,366.9225681101037,0,1016.7,256.4580016487306,4.633455492400099,64,,
2018,5,26,13,0,13.1,33,22,10,99,417.0,132,351.85718386319445,0,1016.2,259.4557266666902,5.0270260500763175,69,,
2018,5,26,14,0,13,46,22.7,10.1,81,382.0,74,286.3701477266154,0,1015.7,258.2262485455522,5.536153021139828,77,,
2018,5,26,15,0,12.6,57,12.4,9.9,37,258.0,2,168.2373408591905,0,1015.4,250.3685944890536,6.085932025245878,86,,
2018,5,26,16,0,12,67,0,9.7,2,120.0,1,50.66703831301808,0,1015.1,246.2650521045388,6.266886919374926,96,,
2018,5,26,17,0,11.4,76,0,9.4,0,0.0,0,0.0,0,1014.8,249.38083316168084,6.224929772597512,106,,
2018,5,26,18,0,10.8,85,0,9.1,0,0.0,0,0.0,0,1014.5,242.10189139717363,6.945919117648579,117,,
2018,5,26,19,0,10.2,95,0,8.8,0,0.0,0,0.0,0,1014.2,237.22441750814264,7.768214149132353,129,,
2018,5,26,20,0,9.6,108,0,8.6,0,0.0,0,0.0,0,1013.9,231.89231962306272,8.340813466497929,140,,
2018,5,26,21,0,9.6,125,0,8.6,0,0.0,0,0.0,0,1013.5,229.5883146635545,9.04217281917147,150,,
2018,5,26,22,0,10,153,0,8.9,0,0.0,0,0.0,0,1013,226.1452625207039,10.278234451189029,157,,
2018,5,26,23,0,10.6,-170,0,9.3,0,0.0,0,0.0,0,1012.5,222.53517477716213,10.633530448874822,159,,
2018,5,27,0,0,11,-138,1,9.5,0,0.0,0,0.0,0,1011.9,219.47466975871248,11.20938440391076,154,,
2018,5,27,1,0,11.3,-116,53.6,9.6,0,0.0,0,0.0,0,1011.2,217.9828194096293,12.014131614435652,145,,
2018,5,27,2,0,11.6,-101,82.8,9.8,0,0.0,0,0.0,0,1010.6,215.23562597102503,12.82357555941185,134,,
2018,5,27,3,0,11.7,-90,82.4,9.9,0,0.0,0,0.0,0,1010,214.68936546724404,13.297763649083372,123,,
2018,5,27,4,0,11.8,-81,62.8,10.1,0,0.0,0,0.0,0,1009.5,216.387987109728,13.532363427320623,112,,
2018,5,27,5,0,11.8,-72,50.9,10.2,0,0.0,0,0.0,0,1009,216.4783538386642,13.67595409686144,101,,
2018,5,27,6,0,12.1,-62,34.1,10.5,10,0.0,0,0.0,0,1008.6,215.7314759404551,13.77752418064632,91,,
2018,5,27,7,0,12.5,-52,53.8,10.9,33,2.0,0,2.0,0,1008.5,214.9618283499461,13.853921726996676,81,,
2018,5,27,8,0,12.9,-40,84.9,11.4,27,27.0,0,35.798491829044025,0,1008.4,216.9923420400345,13.846076539490658,73,,
2018,5,27,9,0,13.1,-27,82.5,11.6,59,90.0,4,115.63337730652825,0,1008,215.8597973426852,14.36702751414931,67,,
2018,5,27,10,0,13.2,-12,28.2,11.7,88,287.0,212,250.71912351179816,0,1007.4,215.90630195136703,14.160254465749096,63,,
2018,5,27,11,0,13.2,4,32,11.8,168,495.0,118,372.74119420784166,0,1006.7,218.11277254465105,13.873674185446308,62,,
2018,5,27,12,0,13.3,19,42.6,11.8,219,433.0,1,377.0498391588755,0,1006.3,220.3659436144584,13.63479806382239,65,,
2018,5,27,13,0,13.4,33,27.3,11.8,178,397.0,35,348.7218207978541,0,1005.9,223.60573216275,13.742759985436232,70,,
2018,5,27,14,0,13.5,46,11.2,11.8,93,289.0,60,257.56972697130294,0,1005.5,223.38066349341403,13.403092735040012,77,,
2018,5,27,15,0,13.5,57,2.1,11.8,25,109.0,24,119.38675004825268,0,1005.4,225.1996815944624,13.622073640138588,86,,
2018,5,27,16,0,13.4,67,0,11.8,2,24.0,1,24.885156264710623,0,1005.5,221.95272322390235,13.837323122091542,96,,
2018,5,27,17,0,13.3,76,0,11.8,0,0.0,0,0.0,0,1005.5,220.3607951190025,13.816065610699043,106,,
2018,5,27,18,0,13.2,85,0.6,11.7,0,0.0,0,0.0,0,1005.5,220.38302670195128,13.603640360920997,117,,
2018,5,27,19,0,13.1,95,33.4,11.6,0,0.0,0,0.0,0,1005.4,222.04275681699505,13.327963513897537,129,,
2018,5,27,20,0,13,107,48.3,11.4,0,0.0,0,0.0,0,1005.3,221.05788088379305,13.53472419258357,140,,
2018,5,27,21,0,12.9,125,49.3,11.4,0,0.0,0,0.0,0,1005.1,222.0154699606278,12.84149674793727,150,,
2018,5,27,22,0,12.8,153,21.4,11.4,0,0.0,0,0.0,0,1004.9,222.2929459677987,12.21571235264432,157,,
2018,5,27,23,0,12.8,-170,4.5,11.5,0,0.0,0,0.0,0,1004.6,224.4335775970096,12.0668075386122,159,,
2018,5,28,0,0,12.7,-137,1.6,11.5,0,0.0,0,0.0,0,1004.3,224.45934141355693,11.946596856238356,154,,
2018,5,28,1,0,12.7,-115,0,11.4,0,0.0,0,0.0,0,1004.1,228.06123151656723,11.78299481906322,145,,
2018,5,28,2,0,12.6,-101,0,11.4,0,0.0,0,0.0,0,1003.8,229.51646049378525,11.441596410231874,134,,
2018,5,28,3,0,12.6,-90,0,11.4,0,0.0,0,0.0,0,1003.5,228.747832986774,11.462172391654745,123,,
2018,5,28,4,0,12.6,-81,0,11.4,0,0.0,0,0.0,0,1003.3,231.7637576572248,11.295301451778563,112,,
2018,5,28,5,0,12.7,-71,0,11.5,0,0.0,0,0.0,0,1003.1,233.28186703656644,11.558194843614029,101,,
2018,5,28,6,0,12.9,-62,0.7,11.6,10,0.0,6,0.0,0,1002.8,231.9078236980444,11.715360970318892,91,,
2018,5,28,7,0,13.3,-52,38.6,11.7,46,0.0,3,1.0,0,1002.5,231.90467130146249,11.6646795524807,81,,
2018,5,28,8,0,13.7,-40,79.3,11.8,41,3.0,0,14.192726888694818,0,1002.3,233.64172312333707,11.160747684646768,73,,
2018,5,28,9,0,13.8,-27,95.5,11.9,18,7.0,0,47.50905426150635,0,1001.7,235.0589612014787,10.632098477372695,67,,
2018,5,28,10,0,13.6,-12,94.2,12,27,9.0,0,89.04055383217292,0,1000.9,237.352120834132,10.170666967167191,63,,
2018,5,28,11,0,13.4,4,77.5,12,94,7.0,0,96.94743927413296,0,1000.1,241.7354968000459,10.087487714020195,63,,
2018,5,28,12,0,13.1,19,45.6,11.8,196,3.0,4,65.37820680046123,0,999.6,246.5209461999125,11.205323850780916,65,,
2018,5,28,13,0,12.7,33,65.4,11.4,108,2.0,2,49.90040159650673,0,999.4,251.3148623295437,12.23495038215388,70,,
2018,5,28,14,0,12.3,46,73.3,10.9,36,3.0,0,46.18228135547912,0,999.2,262.3764340155698,12.720098215483462,77,,
2018,5,28,15,0,11.8,57,46.9,10.4,15,4.0,0,38.17993292869978,0,999.3,247.254892518386,12.620879761497225,86,,
2018,5,28,16,0,11.3,67,12.8,9.7,1,4.0,0,13.639884022174297,0,999.7,234.03675393979827,12.284643478487409,96,,
2018,5,28,17,0,10.8,76,0,9,0,0.0,0,0.0,0,1000.1,234.32953964269808,11.805467565931645,106,,
2018,5,28,18,0,10.4,85,0,8.3,0,0.0,0,0.0,0,1000.6,235.1924724803245,11.83276239241223,118,,
2018,5,28,19,0,10.1,95,0,7.6,0,0.0,0,0.0,0,1001,232.314688611674,13.072368738259918,129,,
2018,5,28,20,0,9.8,107,0,6.9,0,0.0,0,0.0,0,1001.5,233.2215183426425,13.802166005252865,140,,
2018,5,28,21,0,9.6,125,0,6.6,0,0.0,0,0.0,0,1001.8,236.15464989966028,13.891322984097796,150,,
2018,5,28,22,0,9.5,152,0,6.7,0,0.0,0,0.0,0,1002,238.30300734241376,14.121234412963457,157,,
2018,5,28,23,0,9.3,-170,0,6.8,0,0.0,0,0.0,0,1002.2,243.3895159002855,14.182221932811212,159,,
2018,5,29,0,0,9.1,-137,0,6.7,0,0.0,0,0.0,0,1002.5,236.04386315268565,13.12321599007402,154,,
2018,5,29,1,0,8.9,-115,0,6.6,0,0.0,0,0.0,0,1002.9,236.44452181337792,12.51037926103186,145,,
2018,5,29,2,0,8.7,-101,0,6.4,0,0.0,0,0.0,0,1003.3,236.31902059568512,13.660508190286894,135,,
2018,5,29,3,0,8.6,-90,0,6.2,0,0.0,0,0.0,0,1003.9,248.1924354331381,13.926561078551194,123,,
2018,5,29,4,0,8.6,-80,0,5.8,0,0.0,0,0.0,0,1004.6,258.6278350181034,12.65146125572977,112,,
2018,5,29,5,0,8.6,-71,0,5.5,0,0.0,0,0.0,0,1005.3,278.7400252764175,13.34366765320716,101,,
2018,5,29,6,0,9,-62,0,5.4,11,0.0,3,0.0,0,1005.8,285.3267818056319,13.952535099917704,91,,
2018,5,29,7,0,9.7,-52,0,5.4,44,1.0,57,1.0,0,1006.3,278.78408244541305,13.742486585059169,81,,
2018,5,29,8,0,10.5,-40,1.4,5.5,76,17.0,153,34.0528493338064,0,1006.8,289.9122766024742,12.04714050445688,73,,
2018,5,29,9,0,10.9,-27,2.6,5.4,89,104.0,249,131.159775576473,0,1006.9,286.57014113822663,12.837570636800084,67,,
2018,5,29,10,0,11.2,-12,20.5,5.3,197,164.0,130,207.9838874946417,0,1006.8,288.4653585320741,13.67345582814558,63,,
2018,5,29,11,0,11.5,4,52.2,5.1,186,28.0,19,143.717665555962,0,1006.7,285.4961228401237,16.025165187591327,63,,
2018,5,29,12,0,11.6,19,25.7,5.2,108,19.0,172,131.6808174393551,0,1006.6,286.35095671057127,17.34965066970365,65,,
2018,5,29,13,0,11.6,33,43.3,5.4,88,87.0,96,202.9583502275944,0,1006.7,297.9905202548132,15.971538057693516,70,,
2018,5,29,14,0,11.6,46,50.4,5.7,78,173.0,0,209.79036704024367,0,1006.8,355.8574043419325,14.954843201173976,77,,
2018,5,29,15,0,11.6,57,15.1,6,29,161.0,1,137.16355417184707,0,1006.9,9.66770968004164,16.403118703023,86,,
2018,5,29,16,0,11.5,66,0,6.2,2,84.0,0,41.28549669550445,0,1007.1,16.65445547067378,16.90164036055316,96,,
2018,5,29,17,0,11.5,76,0,6.4,0,0.0,0,0.0,0,1007.2,22.82526043947354,16.895034189841613,107,,
2018,5,29,18,0,11.3,85,0,6.7,0,0.0,0,0.0,0,1007.3,19.16950798022657,14.874581571512072,118,,
2018,5,29,19,0,11,95,0,7,0,0.0,0,0.0,0,1007.2,13.38055694662853,13.34968914463011,129,,
2018,5,29,20,0,10.8,107,0,7.3,0,0.0,0,0.0,0,1007.1,17.169163359477352,13.15839407704284,140,,
2018,5,29,21,0,10.8,124,0.6,7.7,0,0.0,0,0.0,0,1006.9,15.93178242832306,12.702767276771162,150,,
2018,5,29,22,0,10.9,152,30.9,8.3,0,0.0,0,0.0,0,1006.5,11.32912703930316,12.8629401028803,158,,
2018,5,29,23,0,11.1,-170,47.8,8.8,0,0.0,0,0.0,0,1006.1,12.429219301580815,12.507998179785565,159,,
2018,5,30,0,0,11.2,-137,48.1,9.1,0,0.0,0,0.0,0,1005.7,13.401389346154758,11.441680970024416,154,,
2018,5,30,1,0,11.1,-115,61.5,9.3,0,0.0,0,0.0,0,1005.2,11.32389516686834,10.413163798102929,145,,
2018,5,30,2,0,11,-101,69,9.4,0,0.0,0,0.0,0,1004.8,11.36392103623507,10.264213627564862,135,,
2018,5,30,3,0,11,-90,68.8,9.4,0,0.0,0,0.0,0,1004.3,5.669075130059866,9.085206941342973,124,,
2018,5,30,4,0,11,-80,58,9.5,0,0.0,0,0.0,0,1003.9,356.7081258502768,10.186974824930832,112,,
2018,5,30,5,0,11.1,-71,52,9.5,0,0.0,0,0.0,0,1003.5,349.1019251996105,10.484248750384166,101,,
2018,5,30,6,0,11.4,-62,52.4,9.6,6,0.0,0,0.0,0,1002.9,355.933133300653,10.258497301008086,91,,
2018,5,30,7,0,11.8,-51,73,9.7,17,2.0,0,1.0000000000000002,0,1002.2,2.605512661502757,10.118126128263397,82,,
2018,5,30,8,0,12.3,-40,64.4,9.8,87,47.0,0,41.80506710842533,0,1001.5,355.71836282992035,10.346502879901731,73,,
2018,5,30,9,0,12.4,-26,50.8,10,162,90.0,0,116.95732530813945,0,1000.7,341.17203764729834,10.08478394167702,67,,
2018,5,30,10,0,12.3,-12,46.5,10.3,211,35.0,0,134.6469946207898,0,1000,331.3603101609037,11.801574948037995,64,,
2018,5,30,11,0,12.1,4,41.6,10.6,238,13.0,0,117.40796047752688,0,999.2,322.7536137472711,13.033875134654778,63,,
2018,5,30,12,0,11.8,19,69.8,10.4,118,7.0,1,95.18121185059856,0,998.9,323.7848370836474,15.400028914882713,65,,
2018,5,30,13,0,11.3,33,44.9,10,112,5.0,34,73.22744965689651,0,999.1,309.7076995047272,13.724692048420556,70,,
2018,5,30,14,0,10.9,46,15.4,9.5,99,2.0,44,36.77942001876183,0,999.2,330.8670312176252,16.800154725069014,77,,
2018,5,30,15,0,10.5,56,4.3,9.1,28,2.0,15,23.58200193287527,0,999.5,340.0425681201316,14.662518464196328,86,,
2018,5,30,16,0,10.3,66,0,8.7,2,1.0,0,5.1564506882453465,0,999.8,12.95276451337554,13.903578651676987,96,,
2018,5,30,17,0,10.1,76,0,8.4,0,0.0,0,0.0,0,1000.1,41.86287904155415,14.015537336111478,107,,
2018,5,30,18,0,10.2,85,0,8.1,0,0.0,0,0.0,0,1000,50.03305962753058,12.774761562959036,118,,
2018,5,30,19,0,10.4,95,0,7.8,0,0.0,0,0.0,0,999.5,54.23472174720905,12.038565358684918,129,,
2018,5,30,20,0,10.7,107,0,7.6,0,0.0,0,0.0,0,999,58.51906420954003,11.1141137694559,140,,
2018,5,30,21,0,10.8,124,0,7.6,0,0.0,0,0.0,0,998.5,67.60991276402058,10.091596326391237,150,,
2018,5,30,22,0,10.9,152,0,7.8,0,0.0,0,0.0,0,998,67.45640226749765,9.537361965080493,158,,
2018,5,30,23,0,10.9,-170,0,8,0,0.0,0,0.0,0,997.5,66.32665148181542,9.617949355664164,159,,
2018,5,31,0,0,10.9,-137,0,8,0,0.0,0,0.0,0,997.1,63.272342526249645,9.887216173407309,155,,
2018,5,31,1,0,10.9,-115,0,7.9,0,0.0,0,0.0,0,996.8,62.406610572988825,10.45781332916799,146,,
2018,5,31,2,0,10.8,-100,0,7.7,0,0.0,0,0.0,0,996.6,66.37049465599,12.552974308677298,135,,
2018,5,31,3,0,10.7,-90,0,7.6,0,0.0,0,0.0,0,996.4,73.45078131693714,11.583096580978914,124,,
2018,5,31,4,0,10.5,-80,0,7.6,0,0.0,0,0.0,0,996.4,69.29582042645467,11.693152618746677,112,,
2018,5,31,5,0,10.3,-71,0,7.7,0,0.0,0,0.0,0,996.4,70.6564479845822,12.10341022390776,101,,
2018,5,31,6,0,10.2,-62,0.8,7.6,9,0.0,1,0.0,0,996.3,69.47835229814552,12.327469633061533,91,,
2018,5,31,7,0,10.2,-51,39.3,7.5,34,4.0,1,2.0000000000000004,0,996.3,68.54168653464421,12.045387594325678,82,,
2018,5,31,8,0,10.2,-40,65.5,7.4,64,167.0,0,58.60143311602848,0,996.2,68.06419989504377,10.959183267744168,74,,
2018,5,31,9,0,9.8,-26,71.7,7,86,336.0,0,177.97782637366925,0,996.3,69.2646355645578,10.024840520603382,67,,
2018,5,31,10,0,9.1,-12,71.7,6.4,110,566.0000000000001,0,302.97914706724595,0,996.5,70.48567675701224,9.368983569805971,64,,
2018,5,31,11,0,8.3,4,71.9,5.8,116,615.0,0,385.3584525843151,0,996.6,75.64324214740509,8.91261311816408,63,,
2018,5,31,12,0,7.8,19,58.5,5.3,156,632.0,0,420.7427807498172,0,997.1,76.10315616498366,8.420795505960307,65,,
2018,5,31,13,0,7.4,33,37.1,4.7,174,621.0,10,403.27703312634816,0,997.6,74.02858890416104,8.567530706510347,70,,
2018,5,31,14,0,7.1,45,37.3,4.1,108,571.0000000000001,6,330.35903906048395,0,998.2,75.07828865867606,8.912353686165634,77,,
2018,5,31,15,0,6.8,56,15.1,3.7,29,449.0,1,206.833993049306,0,999.1,76.0312016660535,9.155015634391098,86,,
2018,5,31,16,0,6.4,66,0,3.3,2,213.0,0,59.98116155285906,0,1000.2,77.64299629237598,8.86654270869444,96,,
2018,5,31,17,0,6.1,75,0,2.9,0,0.0,0,0.0,0,1001.3,81.70550317475465,8.820537395330126,107,,
2018,5,31,18,0,5.8,84,0,2.5,0,0.0,0,0.0,0,1002.2,86.44821716193798,7.783260507025084,118,,
2018,5,31,19,0,5.5,94,0,2,0,0.0,0,0.0,0,1002.9,81.41613616972205,6.461045565272237,129,,
2018,5,31,20,0,5.2,107,0,1.5,0,0.0,0,0.0,0,1003.7,88.94849358583826,5.121956276146927,140,,
2018,5,31,21,0,5.2,124,0,1.1,0,0.0,0,0.0,0,1004.3,103.49171171801696,3.788132260367065,150,,
2018,5,31,22,0,5.5,152,0,0.8,0,0.0,0,0.0,0,1004.9,123.19265032850382,3.0574666914915163,158,,
2018,5,31,23,0,5.7,-170,0,0.5,0,0.0,0,0.0,0,1005.5,153.72706797142166,2.9766950002099994,160,,
2018,6,1,0,0,5.8,-137,0,0.5,0,0.0,0,0.0,0,1006,173.38208253617984,3.29834480426452,155,,
2018,6,1,1,0,5.8,-115,0,0.8,0,0.0,0,0.0,0,1006.5,196.4415047628394,2.931899443707273,146,,
2018,6,1,2,0,5.7,-100,0,1,0,0.0,0,0.0,0,1007,200.60264973874013,3.829126982056064,135,,
2018,6,1,3,0,5.7,-89,0,1.1,0,0.0,0,0.0,0,1007.6,195.01290633697693,4.168653758995564,124,,
2018,6,1,4,0,5.9,-80,0,1,0,0.0,0,0.0,0,1008.4,190.2054419069032,3.750747637924877,112,,
2018,6,1,5,0,6,-71,0,0.8,0,0.0,0,0.0,0,1009.2,185.43390188911985,2.681238654141552,102,,
2018,6,1,6,0,6.3,-62,0,1,9,0.0,3,0.0,0,1009.9,177.42801481646052,1.599511689683865,91,,
2018,6,1,7,0,6.8,-51,0.4,1.5,43,7.0,55,1.0000000000000004,0,1010.8,181.9787216607418,0.7636389371593261,82,,
2018,6,1,8,0,7.3,-40,21.1,2,140,243.0,32,56.454351937693446,0,1011.6,165.08739067626482,0.3832700680619008,74,,
2018,6,1,9,0,7.6,-26,23.6,2.3,187,451.0,79,180.89135948595396,0,1012,106.046365609705,0.2093276297658876,68,,
2018,6,1,10,0,7.9,-12,6.9,2.5,119,539.0,264,298.797897453441,0,1012.2,25.95401521415096,0.1740476101271514,64,,
2018,6,1,11,0,8.1,4,8.9,2.6,146,590.0,238,380.6502234081848,0,1012.3,14.331914469503944,0.4704519527683846,63,,
2018,6,1,12,0,8.2,19,6.2,2.7,115,599.0,245,412.4804296430405,0,1012.4,123.35218563270335,0.0803760476051509,65,,
2018,6,1,13,0,8.2,33,2,2.6,70,573.0000000000001,224,389.7898781799236,0,1012.7,44.64781426715757,0.5336202031248573,70,,
2018,6,1,14,0,8.2,45,2.1,2.5,55,478.0,115,303.37879589472243,0,1012.9,42.666521550776,1.4755135498872516,77,,
2018,6,1,15,0,8.2,56,0.8,2.3,20,313.0,26,172.96448346915906,0,1013.3,53.71006113463454,1.833101720340216,86,,
2018,6,1,16,0,8,66,0,2,1,109.0,0,42.71318384091165,0,1013.9,94.57392125990089,1.5674920254980569,96,,
2018,6,1,17,0,7.9,75,0,1.8,0,0.0,0,0.0,0,1014.4,109.84032977158358,1.8414843750258945,107,,
2018,6,1,18,0,7.5,84,0,1.8,0,0.0,0,0.0,0,1014.9,105.2609073249327,2.119414140479928,118,,
2018,6,1,19,0,6.8,94,0,1.9,0,0.0,0,0.0,0,1015.4,102.74523521324818,2.993433939231461,129,,
2018,6,1,20,0,6.1,106,0,2.1,0,0.0,0,0.0,0,1015.8,98.5345660463625,3.457969520957971,140,,
2018,6,1,21,0,6,124,0,2.1,0,0.0,0,0.0,0,1016.1,92.6608000252433,3.839099986631201,150,,
2018,6,1,22,0,6.5,151,0,2.2,0,0.0,0,0.0,0,1016.4,91.7007155342032,3.8991785663788128,158,,
2018,6,1,23,0,7,-170,0,2.2,0,0.0,0,0.0,0,1016.6,98.82037955202104,3.754360366012937,160,,
2018,6,2,0,0,7.2,-137,0,2.2,0,0.0,0,0.0,0,1016.7,94.82457403030185,3.660430287267232,155,,
2018,6,2,1,0,7.2,-115,0,2.3,0,0.0,0,0.0,0,1016.8,84.3967661209528,2.2428945297243894,146,,
2018,6,2,2,0,7.2,-100,0,2.4,0,0.0,0,0.0,0,1016.8,101.65757602350254,2.4068240310831355,135,,
2018,6,2,3,0,7.2,-89,0,2.5,0,0.0,0,0.0,0,1017,111.08271216061767,2.866171893450129,124,,
2018,6,2,4,0,7.2,-80,0,2.7,0,0.0,0,0.0,0,1017.2,111.72257145379268,3.1959485491226576,113,,
2018,6,2,5,0,7.3,-71,0,2.8,0,0.0,0,0.0,0,1017.5,99.98323436490637,3.3728472325319694,102,,
2018,6,2,6,0,7.4,-62,0,3.3,8,0.0,5,0.0,0,1017.8,101.13665229701496,3.4671441992195704,91,,
2018,6,2,7,0,7.7,-51,1.1,3.9,35,2.0,69,1.0000000000000002,0,1018.2,100.35935655964988,2.4329697128782986,82,,
2018,6,2,8,0,8,-40,1.8,4.7,58,45.0,177,36.39876769382415,0,1018.6,100.83064366702628,2.5413633280195183,74,,
2018,6,2,9,0,8.5,-26,1.8,4.7,67,82.0,276,104.70660522376193,0,1018.6,106.8614795264549,2.3702086378764973,68,,
2018,6,2,10,0,9.1,-12,2.1,4.4,75,77.0,331,165.08275315284934,0,1018.3,116.87041465904474,2.2125158708078594,64,,
2018,6,2,11,0,9.8,4,2.3,3.9,79,82.0,340,203.54128824145025,0,1018,115.85465063846766,1.9549628194214927,63,,
2018,6,2,12,0,10,19,2.2,3.8,75,69.0,306,203.89389793812853,0,1017.6,109.37614735517218,1.3724098518519408,66,,
2018,6,2,13,0,10,33,2,3.8,65,51.0,230,172.39702536937335,0,1017.3,110.53075651465817,0.7768835497851385,70,,
2018,6,2,14,0,9.9,45,4.8,3.9,53,30.0,117,115.5167760330296,0,1016.9,100.8752964959712,0.5680636655896476,78,,
2018,6,2,15,0,9.6,56,34.8,3.9,19,18.0,26,61.14427405236463,0,1016.8,130.80023752436512,0.1296506254787929,86,,
2018,6,2,16,0,9.2,66,18.4,3.8,1,11.0,0,16.671154422939466,0,1016.9,103.71969542065348,0.5466016903889853,96,,
2018,6,2,17,0,8.8,75,0,3.8,0,0.0,0,0.0,0,1017,119.97981038126716,0.5095883934641039,107,,
2018,6,2,18,0,8,84,0.5,3.6,0,0.0,0,0.0,0,1016.9,58.19653384863102,0.939951710830285,118,,
2018,6,2,19,0,7,94,25.2,3.5,0,0.0,0,0.0,0,1016.7,77.26762991598781,2.086962558752292,129,,
2018,6,2,20,0,6,106,14.7,3.3,0,0.0,0,0.0,0,1016.5,100.80612094327536,2.3087630363141747,140,,
2018,6,2,21,0,5.7,123,30.3,3.3,0,0.0,0,0.0,0,1016.3,118.73228650731151,2.107647789132104,150,,
2018,6,2,22,0,5.9,151,16.9,3.5,0,0.0,0,0.0,0,1016,141.15062142006212,1.0602029766223042,158,,
2018,6,2,23,0,6.2,-170,0.6,3.7,0,0.0,0,0.0,0,1015.7,215.8831319732332,1.45451257967238,160,,
2018,6,3,0,0,6.2,-137,33.6,3.8,0,0.0,0,0.0,0,1015.6,231.6509156501379,3.0794441378593653,155,,
2018,6,3,1,0,6.2,-114,51.9,3.8,0,0.0,0,0.0,0,1015.5,241.89771917636028,1.9332349810439275,146,,
2018,6,3,2,0,6,-100,51.9,3.8,0,0.0,0,0.0,0,1015.4,268.6741137375612,1.5404515073944751,135,,
2018,6,3,3,0,5.9,-89,52,3.7,0,0.0,0,0.0,0,1015.4,283.59749834591946,1.368684766251323,124,,
2018,6,3,4,0,5.7,-80,51.5,3.5,0,0.0,0,0.0,0,1015.4,267.786344489515,1.2641269624963232,113,,
2018,6,3,5,0,5.6,-71,51.1,3.3,0,0.0,0,0.0,0,1015.4,278.0176341230617,1.4423210735189378,102,,
2018,6,3,6,0,5.9,-61,50.9,3.5,6,0.0,1,0.0,0,1015.4,281.2939135244095,1.370035964396307,91,,
2018,6,3,7,0,6.7,-51,18.4,4.1,27,1.0,75,1.0,0,1015.3,259.0263854495871,1.4274685216863543,82,,
2018,6,3,8,0,7.5,-40,1.2,4.7,51,18.0,185,29.92357504417536,0,1015.2,290.0758847811504,1.15930812673676,74,,
2018,6,3,9,0,8.3,-26,1.9,4.8,63,21.0,279,73.23325581369537,0,1014.9,306.3567418889844,0.6869416136716948,68,,
2018,6,3,10,0,9.1,-12,0.7,4.5,58,38.0,353,124.29568837122534,0,1014.5,351.0456927020639,0.5160548990047219,64,,
2018,6,3,11,0,9.9,4,3.1,4.1,80,88.0,335,197.80702288500447,0,1014,329.67520336691814,0.5744471193184095,63,,
2018,6,3,12,0,10.2,19,3.9,4.2,84,199.0,290,271.6917483936046,0,1013.6,349.95181589599633,1.0480581970399494,66,,
2018,6,3,13,0,10.2,33,6.3,4.6,83,300.0,201,297.17378190425586,0,1013.5,26.70901011914998,0.695279581383678,71,,
2018,6,3,14,0,10.1,45,4.5,5,56,353.0,112,265.90182579440966,0,1013.3,0.0,0.612060546875,78,,
2018,6,3,15,0,9.9,56,0.9,5,16,245.0,32,154.6442747049133,0,1013.1,344.8262053487706,1.0409293076333967,86,,
2018,6,3,16,0,9.5,66,0,4.7,1,64.0,0,32.63932421240011,0,1013,341.0899868771178,1.033566070439749,96,,
2018,6,3,17,0,9.1,75,0,4.3,0,0.0,0,0.0,0,1012.9,307.0835587485835,0.7332570514957684,107,,
2018,6,3,18,0,8.3,84,0,3.8,0,0.0,0,0.0,0,1012.7,247.9194801749269,1.6379556829922364,118,,
2018,6,3,19,0,7.1,94,0,3.2,0,0.0,0,0.0,0,1012.6,254.31901999485189,1.9474823275389843,129,,
2018,6,3,20,0,6,106,0,2.6,0,0.0,0,0.0,0,1012.6,254.98497940666385,2.5651174528807377,140,,
2018,6,3,21,0,5.6,123,0,2.3,0,0.0,0,0.0,0,1012.3,259.3713782482509,2.875009163551654,151,,
2018,6,3,22,0,5.9,151,0,2.3,0,0.0,0,0.0,0,1011.9,266.7426067410282,2.651011631064152,158,,
2018,6,3,23,0,6.3,-170,0,2.3,0,0.0,0,0.0,0,1011.5,275.05141445305446,2.240390935081644,160,,
2018,6,4,0,0,6.3,-136,0.1,2.2,0,0.0,0,0.0,0,1011.1,284.4932231108527,2.2866341791912848,155,,
2018,6,4,1,0,6.1,-114,2.8,2.2,0,0.0,0,0.0,0,1010.6,288.8614172033994,2.03299321420328,146,,
2018,6,4,2,0,5.8,-100,9.7,2.1,0,0.0,0,0.0,0,1010.1,290.3036425372943,1.8940504584836768,135,,
2018,6,4,3,0,5.8,-89,36.5,2.2,0,0.0,0,0.0,0,1009.7,293.1716465394991,1.5678874596781405,124,,
2018,6,4,4,0,5.9,-80,18.1,2.5,0,0.0,0,0.0,0,1009.2,296.02129060645774,1.1619778855249905,113,,
2018,6,4,5,0,6.1,-71,0.1,2.7,0,0.0,0,0.0,0,1008.8,302.8718401105984,0.972043284722033,102,,
2018,6,4,6,0,6.5,-61,5.6,3.3,9,0.0,1,0.0,0,1008.4,308.4292386458211,1.0138031685241384,92,,
2018,6,4,7,0,7.1,-51,32.3,4,55,2.0,1,1.0000000000000002,0,1007.9,29.923560932894706,2.8645319269365,82,,
2018,6,4,8,0,7.7,-40,73.7,4.7,47,116.0,0,46.7281237331018,0,1007.4,45.9537990434319,3.795700598041933,74,,
2018,6,4,9,0,8.4,-26,86,5.2,47,251.0,0,149.0751715941842,0,1006.8,77.86752706830839,7.434362410846969,68,,
2018,6,4,10,0,9.1,-12,90.7,5.5,35,465.0,0,273.48566014526057,0,1006.1,85.25507981814553,7.880278456973256,64,,
2018,6,4,11,0,9.8,4,91.9,5.7,33,541.0,0,358.0220045147138,0,1005.4,84.352061302165,6.44240809342121,64,,
2018,6,4,12,0,9.9,19,76.2,5.9,84,591.0,0,401.24654868397664,0,1004.8,77.54408817075489,7.347254128127438,66,,
2018,6,4,13,0,9.6,33,48.6,6,137,606.0,0,391.8740348185295,0,1004.5,76.43107299877818,8.087553104302936,71,,
2018,6,4,14,0,9.3,45,30.2,6.1,109,555.0,0,320.1924727710165,0,1004.1,81.78367961576328,8.46654296283075,78,,
2018,6,4,15,0,8.9,56,40.1,6.1,31,408.0,0,192.3965234001116,0,1004,86.87337377963729,8.021217477360096,86,,
2018,6,4,16,0,8.6,66,17.4,6.2,0,111.0,0,40.584035346794266,0,1004.1,89.05975556241708,7.617480748718443,96,,
2018,6,4,17,0,8.2,75,0,6.2,0,0.0,0,0.0,0,1004.2,89.36839740317993,7.286575535033195,107,,
2018,6,4,18,0,8.1,84,0.7,6.3,0,0.0,0,0.0,0,1004.7,95.84530417576036,6.530046781106544,118,,
2018,6,4,19,0,8.1,94,35.4,6.5,0,0.0,0,0.0,0,1005.5,102.80426606528675,6.102934425453005,129,,
2018,6,4,20,0,8.1,106,52.4,6.7,0,0.0,0,0.0,0,1006.2,102.8177410577623,5.613517703157791,140,,
2018,6,4,21,0,8,123,50.4,6.6,0,0.0,0,0.0,0,1006.7,97.00661059625908,5.744068092113936,151,,
2018,6,4,22,0,7.8,151,18.1,6.2,0,0.0,0,0.0,0,1006.9,102.4709577354451,5.560143373385226,158,,
2018,6,4,23,0,7.6,-171,0,5.7,0,0.0,0,0.0,0,1007.2,111.86965396072884,5.176487902499027,160,,
2018,6,5,0,0,7.4,-136,0,5.5,0,0.0,0,0.0,0,1007.4,121.50693407435966,5.048172143345514,155,,
2018,6,5,1,0,7.4,-114,0,5.3,0,0.0,0,0.0,0,1007.5,113.20153802234762,4.362059972973007,146,,
2018,6,5,2,0,7.4,-100,0,5.1,0,0.0,0,0.0,0,1007.6,115.03687494075444,4.356095184300759,135,,
2018,6,5,3,0,7.4,-89,0,5,0,0.0,0,0.0,0,1008,119.20014467407486,4.592944898574237,124,,
2018,6,5,4,0,7.4,-80,0,4.9,0,0.0,0,0.0,0,1008.6,125.49297906059196,4.874796264010242,113,,
2018,6,5,5,0,7.5,-71,0,4.9,0,0.0,0,0.0,0,1009.1,129.7856220954613,4.758308378539423,102,,
2018,6,5,6,0,7.8,-61,0.3,5.1,8,0.0,2,0.0,0,1009.8,125.11633562361892,4.175832535774024,92,,
2018,6,5,7,0,8.4,-51,16.8,5.6,65,5.0,6,1.0000000000000002,0,1010.5,130.48363641785485,3.93306447534018,82,,
2018,6,5,8,0,9,-39,58.3,6.1,75,200.0,3,50.50384698777317,0,1011.2,142.54341039666303,3.89117079280745,74,,
2018,6,5,9,0,9.7,-26,78.3,6.5,71,458.0,0,176.4540167881027,0,1011.4,158.2923809790384,3.2957339820805336,68,,
2018,6,5,10,0,10.5,-12,79.5,6.8,81,526.0,0,289.037493932915,0,1011.3,208.68598269711964,2.8085824173020884,65,,
2018,6,5,11,0,11.2,3,82.1,7.1,73,547.0,0,362.379314525004,0,1011.2,233.93935608127688,3.678443074632516,64,,
2018,6,5,12,0,11.6,19,86.2,7.3,51,574.0000000000001,0,398.6379447514082,0,1011.2,222.34614726105457,3.817913839196297,66,,
2018,6,5,13,0,11.6,32,90.9,7.6,26,523.0,0,366.8394213082214,0,1011.2,226.8200892216909,3.7775729325838494,71,,
2018,6,5,14,0,11.5,45,64.9,7.8,42,308.0,0,244.73185748844844,0,1011.3,229.9701816288004,2.915174512415939,78,,
2018,6,5,15,0,11.3,56,18.5,8,22,115.0,0,109.37364803142675,0,1011.5,237.1422715160473,2.806095896017568,86,,
2018,6,5,16,0,10.9,66,34.5,8.1,1,46.0,0,26.821647388660605,0,1011.8,231.1035908373652,4.422736808448833,96,,
2018,6,5,17,0,10.5,75,19.3,8.3,0,0.0,0,0.0,0,1012.1,220.4285838367483,5.982483019440046,107,,
2018,6,5,18,0,10.4,84,0.6,8.5,0,0.0,0,0.0,0,1012.4,206.47891637221707,6.6090732307172,118,,
2018,6,5,19,0,10.5,94,33.6,8.8,0,0.0,0,0.0,0,1012.8,206.8042277700561,7.663512829464517,129,,
2018,6,5,20,0,10.7,106,52,9.1,0,0.0,0,0.0,0,1013.1,205.6608251538757,8.47529448416755,140,,
2018,6,5,21,0,10.9,123,52.7,9.5,0,0.0,0,0.0,0,1013.2,207.79896004656496,8.913474733063385,151,,
2018,6,5,22,0,11.3,151,72.2,10.1,0,0.0,0,0.0,0,1013.2,207.4028791029796,9.303714400237045,158,,
2018,6,5,23,0,11.7,-171,81.6,10.6,0,0.0,0,0.0,0,1013.1,208.7952097140466,10.067092238571565,160,,
2018,6,6,0,0,11.9,-136,82.2,11.1,0,0.0,0,0.0,0,1012.9,211.08318714413284,10.525413571203703,155,,
2018,6,6,1,0,12.2,-114,83,11.4,0,0.0,0,0.0,0,1012.8,207.22865626159347,10.539487441356174,146,,
2018,6,6,2,0,12.4,-100,83,11.8,0,0.0,0,0.0,0,1012.6,209.68612267680365,11.368292083032502,136,,
2018,6,6,3,0,12.6,-89,82.2,12,0,0.0,0,0.0,0,1012.6,211.9853079546127,11.817527871612484,124,,
2018,6,6,4,0,12.7,-80,74.6,12.2,0,0.0,0,0.0,0,1012.8,209.76407146352736,12.024829035414037,113,,
2018,6,6,5,0,12.8,-71,78.8,12.4,0,0.0,0,0.0,0,1013,210.37028671871627,12.09871022083196,102,,
2018,6,6,6,0,13.1,-61,77,12.6,2,0.0,0,0.0,0,1013.2,212.19205664496687,12.16077117884607,92,,
2018,6,6,7,0,13.5,-51,72.5,12.9,25,2.0,0,1.0000000000000002,0,1013.5,211.103015755528,12.368702071002083,82,,
2018,6,6,8,0,13.8,-39,73.5,13.2,56,82.0,0,40.749662278032886,0,1013.8,207.38875989154545,13.19984264316111,74,,
2018,6,6,9,0,13.9,-26,83.9,13.3,48,122.0,0,114.85962463506932,0,1013.7,210.2312049673648,12.929269909525887,68,,
2018,6,6,10,0,13.7,-12,95,13.2,22,150.0,0,185.6306064200212,0,1013.4,213.39044879808705,11.79620764909996,65,,
2018,6,6,11,0,13.6,3,92.2,13.1,33,307.0,0,288.11350698873696,0,1013.1,220.01343514446089,12.019697498737592,64,,
2018,6,6,12,0,13.5,18,88.9,13,39,387.0,0,337.32693967277663,0,1012.9,227.5393657580411,13.041283294366856,66,,
2018,6,6,13,0,13.5,32,86.1,13,36,529.0,0,368.5923968854943,0,1012.8,226.1627278222369,13.220578087547777,71,,
2018,6,6,14,0,13.5,45,55.9,12.9,55,500.0,0,304.7880762838056,0,1012.7,227.64560226705555,13.127577328807437,78,,
2018,6,6,15,0,13.5,56,67.5,12.8,24,379.0,0,185.22932645712856,0,1012.7,226.73830019043,12.69664878268137,87,,
2018,6,6,16,0,13.4,65,63.1,12.7,0,219.0,0,53.25585943517388,0,1012.7,224.1281559927588,12.446071376520624,96,,
2018,6,6,17,0,13.3,75,51.3,12.5,0,0.0,0,0.0,0,1012.8,223.6714320531565,11.83858944231097,107,,
2018,6,6,18,0,13.2,84,51.3,12.3,0,0.0,0,0.0,0,1012.8,224.53150320792005,11.5487034863682,118,,
2018,6,6,19,0,13.2,93,44,12,0,0.0,0,0.0,0,1012.8,222.6144019105705,11.903037301098752,129,,
2018,6,6,20,0,13.2,105,39.8,11.8,0,0.0,0,0.0,0,1012.7,222.15142516398043,12.32140321082315,140,,
2018,6,6,21,0,13.2,122,39.3,11.7,0,0.0,0,0.0,0,1012.4,223.437899655114,12.266542934887742,151,,
2018,6,6,22,0,13.1,150,14.1,11.8,0,0.0,0,0.0,0,1011.8,225.029823563433,12.602937120833914,158,,
2018,6,6,23,0,13.1,-171,0,11.9,0,0.0,0,0.0,0,1011.2,228.0536712105597,12.69035347199753,160,,
2018,6,7,0,0,13,-136,0,11.8,0,0.0,0,0.0,0,1010.6,229.915067145452,12.93759905505384,156,,
2018,6,7,1,0,12.9,-114,0,11.5,0,0.0,0,0.0,0,1010,228.5735818314827,13.225099353110611,146,,
2018,6,7,2,0,12.8,-100,0,11.3,0,0.0,0,0.0,0,1009.3,231.8233861522069,13.21095513196566,136,,
2018,6,7,3,0,12.7,-89,0,11,0,0.0,0,0.0,0,1008.8,241.0695430014225,13.187441850597306,124,,
2018,6,7,4,0,12.7,-80,0,10.7,0,0.0,0,0.0,0,1008.3,247.5838525206564,13.204804770703085,113,,
2018,6,7,5,0,12.7,-71,0,10.5,0,0.0,0,0.0,0,1007.9,248.3644091051636,13.487585828117382,102,,
2018,6,7,6,0,13.1,-61,0.3,10.4,7,0.0,1,0.0,0,1007.5,253.41475543781667,13.621644974088056,92,,
2018,6,7,7,0,13.7,-51,14.8,10.5,63,2.0,7,1.0000000000000002,0,1007.2,251.3785680175314,13.686728288068092,83,,
2018,6,7,8,0,14.4,-39,9.5,10.6,84,37.0,114,32.62824628654338,0,1006.9,253.503852870586,13.78773409142375,75,,
2018,6,7,9,0,14.7,-26,2.8,10.5,92,37.0,216,79.16773938652338,0,1006.3,254.93225791087548,13.92656099937257,68,,
2018,6,7,10,0,14.8,-12,27.3,10.4,183,9.0,90,81.84129363231179,0,1005.5,255.398389216665,14.450106778872282,65,,
2018,6,7,11,0,14.9,3,18.2,10.3,161,7.0,160,89.79474813292407,0,1004.6,255.9330070626229,15.33611717060574,64,,
2018,6,7,12,0,14.9,18,42.4,10.3,122,14.0,89,122.13850470203062,0,1003.9,258.04331626775627,16.182383654795125,66,,
2018,6,7,13,0,14.8,32,81.2,10.2,56,12.0,0,105.16743313255168,0,1003.2,260.9050469701514,16.06896667519851,71,,
2018,6,7,14,0,14.6,45,77.3,10.2,26,42.0,0,129.8028054958055,0,1002.6,260.17303657962594,15.981061135117054,78,,
2018,6,7,15,0,14.4,56,43,10.4,11,82.0,0,103.89194424731885,0,1002.1,261.3523632765361,16.1805269050299,87,,
2018,6,7,16,0,14.1,65,42.9,10.8,0,45.0,0,25.586939936324743,0,1001.8,263.73895600870355,15.59423508778297,96,,
2018,6,7,17,0,13.8,74,61.2,11.1,0,0.0,0,0.0,0,1001.5,263.9463103262245,15.107685369401908,107,,
2018,6,7,18,0,13.4,83,48.8,11.1,0,0.0,0,0.0,0,1001.3,270.1321081875235,15.670940093644004,118,,
2018,6,7,19,0,12.8,93,67,10.7,0,0.0,0,0.0,0,1001.3,272.5922404985017,15.999770937710457,129,,
2018,6,7,20,0,12.3,105,83,10.3,0,0.0,0,0.0,0,1001.2,274.54354643838127,16.177058490292776,141,,
2018,6,7,21,0,12.1,122,82.8,10.3,0,0.0,0,0.0,0,1001.1,266.5654721450637,15.86907850986942,151,,
2018,6,7,22,0,12.1,150,74,10.4,0,0.0,0,0.0,0,1001,269.10380829631623,16.53009822777619,159,,
2018,6,7,23,0,12.1,-171,69.2,10.6,0,0.0,0,0.0,0,1000.8,268.63261292985214,16.072692179353467,161,,
2018,6,8,0,0,12,-136,72.8,10.7,0,0.0,0,0.0,0,1000.7,277.1066175147445,16.31405086014552,156,,
2018,6,8,1,0,12,-114,71.2,10.6,0,0.0,0,0.0,0,1000.5,276.8186224478566,16.286090416855085,146,,
2018,6,8,2,0,11.9,-100,69.3,10.6,0,0.0,0,0.0,0,1000.4,293.7549684487095,17.58935162598983,136,,
2018,6,8,3,0,11.9,-89,80.8,10.5,0,0.0,0,0.0,0,1000.1,301.1922276364064,17.67165449664281,124,,
2018,6,8,4,0,11.9,-79,86.9,10.5,0,0.0,0,0.0,0,999.7,295.964471832318,16.541151584233592,113,,
2018,6,8,5,0,11.9,-70,83.7,10.4,0,0.0,0,0.0,0,999.2,314.510164236339,18.092996377354343,102,,
2018,6,8,6,0,12,-61,78.6,10.5,2,0.0,0,0.0,0,998.8,318.1236374280706,16.920952327085676,92,,
2018,6,8,7,0,12.4,-51,78.7,10.5,16,0.0,0,0.0,0,998.4,317.4359720485705,16.79100549033537,83,,
2018,6,8,8,0,12.7,-39,82.8,10.6,32,3.0,0,13.12707275032962,0,997.9,321.4651009153224,16.317680422380256,75,,
2018,6,8,9,0,12.9,-26,83.9,10.7,47,3.0,0,32.57586590382025,0,997.2,329.8879139597168,13.811139503639112,69,,
2018,6,8,10,0,13,-12,87.4,10.8,43,41.0,0,120.87195250426896,0,996.2,329.9061035033466,12.35849184191617,65,,
2018,6,8,11,0,13.1,3,91.1,10.9,32,345.0,0,297.16302851688897,0,995.2,333.8922492918529,13.269433453244131,64,,
2018,6,8,12,0,13.1,18,94.2,11,19,498.0,0,369.5806161664328,0,994.4,343.75573559879166,12.671650881025952,66,,
2018,6,8,13,0,13.1,32,86.1,11.1,29,489.0,0,351.8891298241804,0,993.7,336.4795488160837,11.544601415330709,71,,
2018,6,8,14,0,13.1,45,65.3,11.2,37,396.0,0,269.51707322597684,0,993.1,337.0392520374264,12.989318682318109,78,,
2018,6,8,15,0,13.1,55,51.1,11.3,14,193.0,0,133.68386671400293,0,992.6,341.373963725621,13.125455387480551,87,,
2018,6,8,16,0,13,65,49.9,11.4,0,75.0,0,28.91734250315706,0,992.3,348.42981129883265,11.953344295709083,96,,
2018,6,8,17,0,12.9,74,51,11.6,0,0.0,0,0.0,0,992,351.2229075684641,10.79659994357423,107,,
2018,6,8,18,0,12.2,83,50.5,10.8,0,0.0,0,0.0,0,992,353.4297305989052,10.574577900396273,118,,
2018,6,8,19,0,11.2,93,25.1,9.4,0,0.0,0,0.0,0,992.3,351.7711449435042,10.637104591995302,129,,
2018,6,8,20,0,10.1,105,22.4,7.9,0,0.0,0,0.0,0,992.6,354.8807851391009,10.506753112256614,141,,
2018,6,8,21,0,9.3,122,17.2,6.6,0,0.0,0,0.0,0,993.4,0.478634262078117,10.17052088864059,151,,
2018,6,8,22,0,8.8,150,3.8,5.5,0,0.0,0,0.0,0,994.6,8.867273997001234,9.615410985415318,159,,
2018,6,8,23,0,8.2,-171,0,4.5,0,0.0,0,0.0,0,995.9,14.003109580735613,9.317668408641854,161,,
2018,6,9,0,0,8.1,-136,0,4,0,0.0,0,0.0,0,997.2,17.84158320235531,8.990738693170794,156,,
2018,6,9,1,0,8.3,-114,0,3.8,0,0.0,0,0.0,0,998.3,14.849358274446445,8.466091914236497,147,,
2018,6,9,2,0,8.4,-99,0,3.8,0,0.0,0,0.0,0,999.5,20.985796131157144,8.564161073409363,136,,
2018,6,9,3,0,8.5,-89,0,3.7,0,0.0,0,0.0,0,1000.6,27.96291804082557,8.67378654031936,125,,
2018,6,9,4,0,8.6,-79,0,3.7,0,0.0,0,0.0,0,1001.7,28.122745313393462,8.80820938591259,113,,
2018,6,9,5,0,8.6,-70,0,3.7,0,0.0,0,0.0,0,1002.7,31.27902828876188,8.598422760268868,102,,
2018,6,9,6,0,8.8,-61,0,3.9,5,0.0,1,0.0,0,1003.7,35.44644065641012,8.198477287624879,92,,
2018,6,9,7,0,9,-51,1.5,4.3,45,1.0,29,1.0,0,1004.8,31.046959638609167,7.842467738964692,83,,
2018,6,9,8,0,9.2,-39,36.9,4.6,93,60.0,16,36.446884805367205,0,1005.8,36.33357995707712,7.459555313142814,75,,
2018,6,9,9,0,9.3,-26,47.4,4.9,172,238.0,0,139.28423366692886,0,1006.5,39.52614181697328,6.685161333170219,69,,
2018,6,9,10,0,9.3,-12,48.8,5.1,196,471.0,3,264.08904080577844,0,1006.9,42.04556042504447,5.452798522095301,65,,
2018,6,9,11,0,9.2,3,23.5,5.3,148,597.0,163,362.4090882759472,0,1007.3,44.141458793525885,5.057865947668433,64,,
2018,6,9,12,0,9.2,18,33.4,5.3,159,624.0,93,400.72384724200623,0,1007.8,43.76288415033923,4.821568855510402,66,,
2018,6,9,13,0,9,32,22,5.1,119,608.0,95,382.179864945664,0,1008.5,48.89351329099469,4.787300028247565,71,,
2018,6,9,14,0,8.9,44,25.8,4.9,79,540.0,53,305.9243803284762,0,1009.2,52.42481711022583,4.7879115677262165,78,,
2018,6,9,15,0,8.7,55,13.1,4.7,28,406.0,0,184.56046969356316,0,1010.1,55.76383766299824,4.816806804401427,87,,
2018,6,9,16,0,8.5,65,0,4.5,0,236.0,0,53.18484863501066,0,1011.2,63.55653615814583,4.681996236129496,96,,
2018,6,9,17,0,8.3,74,0,4.3,0,0.0,0,0.0,0,1012.4,68.14341433873619,4.425272475490536,107,,
2018,6,9,18,0,8.1,83,0,4.1,0,0.0,0,0.0,0,1013.3,70.86854153474894,3.9503596136112575,118,,
2018,6,9,19,0,7.9,93,0,3.8,0,0.0,0,0.0,0,1014.1,68.70058605804695,3.109881575451692,129,,
2018,6,9,20,0,7.7,105,0,3.5,0,0.0,0,0.0,0,1014.9,82.71460503099559,2.3583952656916107,141,,
2018,6,9,21,0,7.7,122,0,3.4,0,0.0,0,0.0,0,1015.6,105.78464450728497,1.804876623111082,151,,
2018,6,9,22,0,7.9,150,0,3.4,0,0.0,0,0.0,0,1016.2,132.89195875082282,1.1216683593262988,159,,
2018,6,9,23,0,8,-171,0,3.4,0,0.0,0,0.0,0,1016.7,159.4094976826716,1.2828809313346603,161,,
2018,6,10,0,0,8.1,-136,0,3.3,0,0.0,0,0.0,0,1017.3,151.5785904277369,2.1672190701716194,156,,
2018,6,10,1,0,8.1,-114,0,3.1,0,0.0,0,0.0,0,1018,151.9513908523789,2.4122244741801326,147,,
2018,6,10,2,0,8.1,-99,0,2.9,0,0.0,0,0.0,0,1018.7,163.53731591230598,2.741286648750153,136,,
2018,6,10,3,0,8.1,-89,0,2.7,0,0.0,0,0.0,0,1019.5,173.7969886292658,2.7701245359801927,125,,
2018,6,10,4,0,8.1,-79,0,2.5,0,0.0,0,0.0,0,1020.3,184.0403039514973,2.595317240692898,113,,
2018,6,10,5,0,8.1,-70,0,2.4,0,0.0,0,0.0,0,1021.2,197.738928493334,2.783720012652304,103,,
2018,6,10,6,0,8.3,-61,0.9,2.7,5,0.0,1,0.0,0,1021.9,216.46400073167587,4.0183625519477495,92,,
2018,6,10,7,0,8.7,-51,45.5,3.3,27,4.0,0,1.0000000000000002,0,1022.6,227.3931136799304,4.766942858224869,83,,
2018,6,10,8,0,9.1,-39,68.7,4,67,258.0,0,47.134004653150384,0,1023.3,225.2783883334872,5.258478221720899,75,,
2018,6,10,9,0,9.5,-26,54.5,4.3,149,458.0,1,167.40983076798483,0,1023.6,220.6343411662026,6.381786894372694,69,,
2018,6,10,10,0,9.9,-12,33.4,4.3,216,614.0,42,294.7840046915076,0,1023.6,217.6348433409857,7.479426338731733,65,,
2018,6,10,11,0,10.4,3,20,4.3,205,668.0,114,380.5354403076731,0,1023.5,217.7002321904165,6.38167598789521,64,,
2018,6,10,12,0,10.6,18,14,4.5,161,670.0,150,412.8493123287325,0,1023.7,220.55916654319552,5.870417293885462,66,,
2018,6,10,13,0,10.5,32,31.2,4.7,142,638.0,56,389.2593354146706,0,1024,232.5665571463213,5.515501161433238,71,,
2018,6,10,14,0,10.5,44,38.8,5,96,572.0000000000001,0,314.3160737235433,0,1024.3,240.8426858279532,5.516111060708771,78,,
2018,6,10,15,0,10.4,55,57.5,5.1,26,432.0,0,190.41919642334733,0,1024.6,236.27568880531123,6.344520052319967,87,,
2018,6,10,16,0,10.3,65,69,5.2,0,264.0,0,57.07818177760248,0,1025,233.7920777862323,6.960718483267569,97,,
2018,6,10,17,0,10.2,74,69,5.3,0,0.0,0,0.0,0,1025.4,228.05276816575136,8.061858103579391,107,,
2018,6,10,18,0,9.9,83,68.8,5.3,0,0.0,0,0.0,0,1025.6,222.4849827713105,8.706179389338658,118,,
2018,6,10,19,0,9.4,93,57.9,5.4,0,0.0,0,0.0,0,1025.6,218.22999880092323,8.70167034874866,129,,
2018,6,10,20,0,9,105,44.2,5.5,0,0.0,0,0.0,0,1025.5,217.2042412540493,9.304797094229755,141,,
2018,6,10,21,0,8.9,122,44.4,5.5,0,0.0,0,0.0,0,1025.6,216.3536674159428,9.92843032910137,151,,
2018,6,10,22,0,9,149,16.9,5.4,0,0.0,0,0.0,0,1025.6,217.76757475222576,10.702631909783417,159,,
2018,6,10,23,0,9.2,-171,0,5.3,0,0.0,0,0.0,0,1025.7,221.7046743168256,10.859684919147492,161,,
2018,6,11,0,0,9.3,-136,0,5.4,0,0.0,0,0.0,0,1025.7,226.98996448027376,11.021872213983576,156,,
2018,6,11,1,0,9.3,-114,0,5.5,0,0.0,0,0.0,0,1025.8,231.1353110007503,11.5264675126642,147,,
2018,6,11,2,0,9.3,-99,0,5.7,0,0.0,0,0.0,0,1025.9,228.6906794455929,12.167756567707748,136,,
2018,6,11,3,0,9.3,-89,0,5.8,0,0.0,0,0.0,0,1026,229.1499830165112,12.218580166741315,125,,
2018,6,11,4,0,9.3,-79,0,6,0,0.0,0,0.0,0,1026.2,229.326718365335,12.097934129705756,114,,
2018,6,11,5,0,9.2,-70,0,6.1,0,0.0,0,0.0,0,1026.4,227.9571330373056,12.180665980705674,103,,
2018,6,11,6,0,9.3,-61,0.3,6.2,5,0.0,1,0.0,0,1026.5,227.77124721984532,12.66850514883393,92,,
2018,6,11,7,0,9.5,-51,15.7,6.3,60,3.0,10,1.0000000000000002,0,1026.6,229.76842617560288,12.532893810286676,83,,
2018,6,11,8,0,9.6,-39,40.3,6.5,118,228.0,6,45.63012291007509,0,1026.7,231.2570456599816,12.427685075800294,75,,
2018,6,11,9,0,9.9,-26,34.7,6.5,181,447.0,40,164.65606291617814,0,1026.4,233.4463945860573,12.144423326348353,69,,
2018,6,11,10,0,10.4,-12,12.7,6.6,140,445.0,210,267.61524411989774,0,1025.9,236.8880902093404,11.662772659863752,65,,
2018,6,11,11,0,10.8,3,3.3,6.6,86,418.0,314,322.32914218164706,0,1025.4,240.0969150591068,14.05976625785416,64,,
2018,6,11,12,0,10.9,18,23.8,6.6,171,300.0,119,304.8565849772514,0,1025.1,237.0889635774687,14.666783833803354,66,,
2018,6,11,13,0,10.8,32,24.3,6.6,162,187.0,53,243.59761140765596,0,1024.8,235.296384947781,15.68322975809933,71,,
2018,6,11,14,0,10.7,44,29,6.5,95,115.0,30,167.78365613047802,0,1024.5,235.3025996364529,15.35630135230676,78,,
2018,6,11,15,0,10.5,55,46,6.5,28,90.0,0,99.81542924419432,0,1024.5,235.2183806344345,13.649103848240792,87,,
2018,6,11,16,0,10.3,65,52,6.5,0,103.0,0,34.802916022114744,0,1024.7,230.53139048197585,13.527192758526596,97,,
2018,6,11,17,0,10.1,74,52,6.5,0,0.0,0,0.0,0,1024.9,224.4255238776121,14.153205043055117,107,,
2018,6,11,18,0,9.6,83,51.4,6.3,0,0.0,0,0.0,0,1025,225.3898576320784,13.954288147976271,118,,
2018,6,11,19,0,8.9,93,18.4,5.9,0,0.0,0,0.0,0,1025,223.6293357361368,14.643337371017536,129,,
2018,6,11,20,0,8.2,105,0,5.5,0,0.0,0,0.0,0,1025,222.0099160431369,15.250143241991294,141,,
2018,6,11,21,0,8.1,121,0,5.6,0,0.0,0,0.0,0,1024.9,220.9010321607985,15.67672370950184,151,,
2018,6,11,22,0,8.4,149,0,6,0,0.0,0,0.0,0,1024.8,220.3418994114196,16.172898062074864,159,,
2018,6,11,23,0,8.8,-171,0,6.6,0,0.0,0,0.0,0,1024.6,222.99765704547667,15.993382651987568,161,,
2018,6,12,0,0,9,-136,0,6.8,0,0.0,0,0.0,0,1024.5,223.99986388061612,15.913535379510634,156,,
2018,6,12,1,0,8.9,-114,0,6.8,0,0.0,0,0.0,0,1024.4,225.1206058659112,15.008271100624611,147,,
2018,6,12,2,0,8.9,-99,0,6.7,0,0.0,0,0.0,0,1024.3,225.0735265735784,14.932291409648055,136,,
2018,6,12,3,0,8.8,-89,0,6.7,0,0.0,0,0.0,0,1024.3,226.38085994200284,15.072518795784388,125,,
2018,6,12,4,0,8.8,-79,0,6.7,0,0.0,0,0.0,0,1024.3,219.8498430106659,15.858260069494284,114,,
2018,6,12,5,0,8.7,-70,0,6.7,0,0.0,0,0.0,0,1024.3,222.68819463459965,15.257163462236187,103,,
2018,6,12,6,0,8.8,-61,0,6.7,4,0.0,2,0.0,0,1024.4,223.9334464625271,13.893188278676734,92,,
2018,6,12,7,0,9.1,-51,2.1,6.6,33,0.0,55,0.0,0,1024.6,219.61904145790007,13.7017067487399,83,,
2018,6,12,8,0,9.4,-39,1.2,6.5,50,2.0,168,9.072998213126272,0,1024.7,222.5898484947189,12.910768048308856,75,,
2018,6,12,9,0,9.9,-26,0.8,6.5,61,12.0,265,52.22861385934697,0,1024.5,225.8367091904261,13.40607479398898,69,,
2018,6,12,10,0,10.5,-12,1.7,6.6,72,33.0,317,123.159569396469,0,1024,228.27386789887564,12.771726191498256,65,,
2018,6,12,11,0,11.1,3,1.8,6.7,74,45.0,330,165.6332201863229,0,1023.5,227.96888755278312,12.3158032904581,64,,
2018,6,12,12,0,11.3,18,1.8,6.9,70,25.0,297,144.79277617884063,0,1023,229.655512932162,11.668470756936772,66,,
2018,6,12,13,0,11.2,32,1.9,7,62,13.0,221,106.52082045963591,0,1022.7,236.81341896188687,11.997683207064366,71,,
2018,6,12,14,0,11,44,3.2,7.2,47,10.0,116,75.7123894274814,0,1022.3,235.23660891056016,11.227606855540984,78,,
2018,6,12,15,0,10.5,55,26.3,7.1,15,15.0,27,56.12685101395675,0,1022.2,231.376420103324,10.492316670591965,87,,
2018,6,12,16,0,9.8,65,14.1,6.7,0,11.0,0,13.576266403902364,0,1022.2,225.81213922055008,10.267372531294676,97,,
2018,6,12,17,0,9.1,74,0.2,6.3,0,0.0,0,0.0,0,1022.2,221.7104805913528,9.843898905278774,107,,
2018,6,12,18,0,8.4,83,7.7,5.9,0,0.0,0,0.0,0,1022.2,216.88325106113425,9.008838135293598,118,,
2018,6,12,19,0,7.6,93,4.5,5.5,0,0.0,0,0.0,0,1022.1,216.4011435941813,9.03604459374237,129,,
2018,6,12,20,0,6.9,104,11.1,5.1,0,0.0,0,0.0,0,1022,218.0217195730125,7.79239484542865,141,,
2018,6,12,21,0,6.8,121,50.1,5.1,0,0.0,0,0.0,0,1021.7,232.2366499593072,6.2972499887208295,151,,
2018,6,12,22,0,7.2,149,57.4,5.3,0,0.0,0,0.0,0,1021.2,287.87591892944283,4.019742702486759,159,,
2018,6,12,23,0,7.6,-171,19.1,5.6,0,0.0,0,0.0,0,1020.7,356.85116967238804,6.658001342473077,161,,
2018,6,13,0,0,7.7,-136,32.9,5.7,0,0.0,0,0.0,0,1020.4,7.056507279961465,8.686646817528167,156,,
2018,6,13,1,0,7.7,-114,18.5,5.7,0,0.0,0,0.0,0,1020,11.222708960895488,10.850798492780486,147,,
2018,6,13,2,0,7.7,-99,2.7,5.7,0,0.0,0,0.0,0,1019.7,17.295039097756728,14.401636019876346,136,,
2018,6,13,3,0,7.7,-89,4.2,5.7,0,0.0,0,0.0,0,1019.5,14.666020658821935,14.195172058821573,125,,
2018,6,13,4,0,7.8,-79,4.3,5.7,0,0.0,0,0.0,0,1019.3,13.420939221927595,12.599196922069032,114,,
2018,6,13,5,0,7.9,-70,9.2,5.8,0,0.0,0,0.0,0,1019.2,10.579434542916433,11.259015439295752,103,,
2018,6,13,6,0,8.2,-61,4.4,6.1,4,0.0,2,0.0,0,1019.2,6.696549096957369,9.840081454711369,92,,
2018,6,13,7,0,8.7,-51,4.9,6.8,41,0.0,39,0.0,0,1019.3,353.2522645177364,9.422937747617716,83,,
2018,6,13,8,0,9.3,-39,19.9,7.4,125,8.0,39,20.28178217564874,0,1019.4,342.024423995508,9.330949100234342,75,,
2018,6,13,9,0,10,-26,27.6,7.8,194,15.0,37,62.76558191981781,0,1019.1,338.27837890375326,7.780760087060054,69,,
2018,6,13,10,0,10.9,-12,35,8.1,234,26.0,15,110.97102892750505,0,1018.5,328.47154032870947,7.060591321623264,65,,
2018,6,13,11,0,11.8,3,64.1,8.3,144,29.0,0,141.329348010967,0,1017.9,323.4492523900694,5.95209429170986,64,,
2018,6,13,12,0,12.2,18,60.4,8.7,138,29.0,0,148.48946572150277,0,1017.4,304.35612622605163,7.024826336814915,66,,
2018,6,13,13,0,12.2,32,40.1,9.1,160,41.0,0,154.37610988379828,0,1017.1,287.5205949347792,11.151614096801316,71,,
2018,6,13,14,0,12.2,44,27.1,9.5,107,29.0,3,109.74600020635512,0,1016.7,282.46235290204913,10.3653213327691,78,,
2018,6,13,15,0,11.9,55,8.3,9.5,29,20.0,2,60.49244816427342,0,1016.6,278.1501597116962,11.243689043771464,87,,
2018,6,13,16,0,11.4,65,0,9.3,0,4.0,0,7.571892401940835,0,1016.6,274.3149974419153,11.752796035723016,97,,
2018,6,13,17,0,10.8,74,0,9.1,0,0.0,0,0.0,0,1016.7,304.6963599359569,14.66660673317079,107,,
2018,6,13,18,0,10.2,83,0,8.8,0,0.0,0,0.0,0,1016.9,306.13653949549155,8.78963599813494,118,,
2018,6,13,19,0,9.6,92,0,8.5,0,0.0,0,0.0,0,1017.2,320.2121404536746,10.010977805080165,129,,
2018,6,13,20,0,9,104,0,8.2,0,0.0,0,0.0,0,1017.5,320.9499741514257,11.331248769533875,141,,
2018,6,13,21,0,8.8,121,0.6,8,0,0.0,0,0.0,0,1017.5,318.14989761403586,11.95117335125471,151,,
2018,6,13,22,0,8.9,149,33.1,7.9,0,0.0,0,0.0,0,1017.4,316.12574598948834,12.380728910342205,159,,
2018,6,13,23,0,9.1,-171,26.3,7.8,0,0.0,0,0.0,0,1017.3,315.2431183131882,11.920622536100922,161,,
2018,6,14,0,0,9.3,-136,12.9,8,0,0.0,0,0.0,0,1017.1,317.3519418273934,12.388775510683756,156,,
2018,6,14,1,0,9.6,-114,48.9,8.2,0,0.0,0,0.0,0,1016.9,319.1946718230509,12.775436611235657,147,,
2018,6,14,2,0,9.9,-99,69,8.6,0,0.0,0,0.0,0,1016.8,322.5122145163336,12.24329005609624,136,,
2018,6,14,3,0,10.2,-88,68.5,8.8,0,0.0,0,0.0,0,1016.8,327.38486479712094,12.275579276566145,125,,
2018,6,14,4,0,10.4,-79,68.5,9.1,0,0.0,0,0.0,0,1016.9,328.8741644418317,12.151786869916304,114,,
2018,6,14,5,0,10.6,-70,67.6,9.3,0,0.0,0,0.0,0,1017,328.5459812588065,11.362197215805992,103,,
2018,6,14,6,0,10.9,-61,65.5,9.7,2,0.0,0,0.0,0,1017.3,328.06565909997715,11.520990208816077,93,,
2018,6,14,7,0,11.1,-51,67.4,10,23,0.0,0,0.0,0,1017.6,324.71332797046864,11.41485570492235,83,,
2018,6,14,8,0,11.3,-39,73,10.4,49,29.0,0,29.98666576479764,0,1017.9,327.4366228208377,11.405248519618084,75,,
2018,6,14,9,0,11.6,-26,84,10.8,44,83.0,0,105.19844978098187,0,1017.8,323.58849613025023,11.394700609791805,69,,
2018,6,14,10,0,12,-12,80.8,11.2,70,142.0,0,188.3647400594721,0,1017.6,319.7219279725565,11.007701120564404,65,,
2018,6,14,11,0,12.3,3,82.7,11.6,65,90.0,0,201.0627453419048,0,1017.3,312.7679503742856,10.855316240653917,65,,
2018,6,14,12,0,12.5,18,87.5,11.8,42,25.0,0,142.74341039517105,0,1017.1,306.10626014503094,11.72013273600935,67,,
2018,6,14,13,0,12.4,32,84.9,11.8,37,16.0,0,112.76869110100915,0,1017,294.59572285068896,11.037605899570613,71,,
2018,6,14,14,0,12.3,44,75,11.8,33,38.0,0,121.05886853259868,0,1017,291.21258315190795,11.363967001461395,78,,
2018,6,14,15,0,12.1,55,80.2,11.6,11,27.0,0,67.40404341572594,0,1017.1,289.829240870858,11.200218738821112,87,,
2018,6,14,16,0,11.7,65,84,11.3,0,5.0,0,8.713728406964725,0,1017.4,287.6986203064806,11.294340279315596,97,,
2018,6,14,17,0,11.4,74,83,11,0,0.0,0,0.0,0,1017.7,281.4290020456298,12.28012368325144,107,,
2018,6,14,18,0,11,83,83,10.7,0,0.0,0,0.0,0,1018,277.31407210793304,13.224548801682838,118,,
2018,6,14,19,0,10.6,92,83,10.4,0,0.0,0,0.0,0,1018.2,286.061475554882,17.380338920588134,129,,
2018,6,14,20,0,10.2,104,83,10,0,0.0,0,0.0,0,1018.3,280.44620153708644,16.179791658767087,141,,
2018,6,14,21,0,10.1,121,82.9,9.9,0,0.0,0,0.0,0,1018.4,286.20460541719945,16.574753897624973,151,,
2018,6,14,22,0,10.1,149,75.3,9.8,0,0.0,0,0.0,0,1018.3,289.92736571781666,15.286876954992064,159,,
2018,6,14,23,0,10.1,-171,71.1,9.7,0,0.0,0,0.0,0,1018.2,288.14117328718714,15.644601598383815,161,,
2018,6,15,0,0,10.1,-136,74.1,9.6,0,0.0,0,0.0,0,1018.3,283.91820222037245,15.146606936718277,156,,
2018,6,15,1,0,10.2,-113,80.4,9.5,0,0.0,0,0.0,0,1018.5,307.44279700719835,13.512345395716736,147,,
2018,6,15,2,0,10.2,-99,83,9.4,0,0.0,0,0.0,0,1018.7,355.11496702520026,17.560123720651056,136,,
2018,6,15,3,0,10.2,-88,83,9.3,0,0.0,0,0.0,0,1018.9,6.273233988015704,18.917720590618305,125,,
2018,6,15,4,0,10.2,-79,83,9.3,0,0.0,0,0.0,0,1019.2,3.1419516759157204,14.09345080952568,114,,
2018,6,15,5,0,10.2,-70,83.6,9.3,0,0.0,0,0.0,0,1019.5,351.26077054455925,11.811940258125816,103,,
2018,6,15,6,0,10.3,-61,89.9,9.5,1,0.0,0,0.0,0,1019.7,345.45141179640086,10.290411638399036,93,,
2018,6,15,7,0,10.5,-51,69.3,9.9,33,0.0,0,0.0,0,1019.8,349.45073710242,9.89999717281282,83,,
2018,6,15,8,0,10.8,-39,64.3,10.3,65,5.0,0,16.164500791176383,0,1019.8,4.255951925017484,10.40882949533498,75,,
2018,6,15,9,0,11.1,-26,84.3,10.5,42,2.0,0,26.363887821816032,0,1019.5,7.886574491718989,12.038670745753503,69,,
2018,6,15,10,0,11.4,-12,88.3,10.5,43,2.0,0,37.60857782241937,0,1019.1,16.039763328811375,13.071874093154412,65,,
2018,6,15,11,0,11.8,3,82.6,10.5,66,7.0,0,88.72024708947148,0,1018.5,16.01329740385279,14.063773163276377,65,,
2018,6,15,12,0,11.9,18,72.9,10.5,92,10.0,0,108.28906998818935,0,1018.1,15.723724824500437,14.085431898609388,67,,
2018,6,15,13,0,12,32,70.9,10.4,77,4.0,0,68.68954234006605,0,1017.8,16.251915704001135,12.82548841546572,71,,
2018,6,15,14,0,12,44,43.3,10.4,73,2.0,0,36.73898883807632,0,1017.5,15.030136195830266,13.600028585305749,78,,
2018,6,15,15,0,11.9,55,66.2,10.2,28,4.0,0,31.09570978162447,0,1017.3,4.215211320238609,12.512116782258364,87,,
2018,6,15,16,0,11.8,65,81.1,10.1,0,6.0,0,11.855685622560108,0,1017.3,7.161768356038522,11.424582540118168,97,,
2018,6,15,17,0,11.7,74,80.6,9.9,0,0.0,0,0.0,0,1017.3,10.500863909521854,11.342302826451302,107,,
2018,6,15,18,0,11.6,83,73.6,9.9,0,0.0,0,0.0,0,1017.1,5.776470989341192,12.465642730727057,118,,
2018,6,15,19,0,11.4,92,70.2,10,0,0.0,0,0.0,0,1016.7,1.111684798482088,11.967096241873111,129,,
2018,6,15,20,0,11.2,104,70.2,10.1,0,0.0,0,0.0,0,1016.4,0.1143403552569566,11.255149364831825,141,,
2018,6,15,21,0,11.3,121,69.9,10.1,0,0.0,0,0.0,0,1015.9,6.7415943242342,10.344474121747286,151,,
2018,6,15,22,0,11.5,149,84.6,10.2,0,0.0,0,0.0,0,1015.3,7.315227287564198,11.00977858833117,159,,
2018,6,15,23,0,11.6,-172,92.8,10.2,0,0.0,0,0.0,0,1014.8,10.563252127765963,13.101919361547653,161,,
2018,6,16,0,0,11.7,-136,93,10.2,0,0.0,0,0.0,0,1014.2,16.02602591565619,14.441116713948304,156,,
2018,6,16,1,0,11.7,-113,96.4,10.3,0,0.0,0,0.0,0,1013.7,13.03151944233133,14.631955891071476,147,,
2018,6,16,2,0,11.7,-99,98.4,10.3,0,0.0,0,0.0,0,1013.2,17.727466609141345,15.425077121377983,136,,
2018,6,16,3,0,11.6,-88,98.3,10.4,0,0.0,0,0.0,0,1012.6,22.163498450609893,14.8283136715558,125,,
2018,6,16,4,0,11.5,-79,98.1,10.5,0,0.0,0,0.0,0,1012.1,31.058217339624093,14.399745865158843,114,,
2018,6,16,5,0,11.4,-70,97.5,10.7,0,0.0,0,0.0,0,1011.6,38.10181228871306,14.376369784232349,103,,
2018,6,16,6,0,11.3,-61,87.8,10.7,1,0.0,0,0.0,0,1011,41.22102217289114,14.322431974590716,93,,
2018,6,16,7,0,11.2,-51,68.7,10.8,29,0.0,0,0.0,0,1010.4,36.31294598103574,13.396922000778536,83,,
2018,6,16,8,0,11.1,-39,78,10.8,35,9.0,0,21.28669381745549,0,1009.7,34.42367500992691,14.808025472972524,75,,
2018,6,16,9,0,11.1,-26,80.2,10.9,62,42.0,0,89.59625370573225,0,1008.8,37.05573335131305,14.617850326850249,69,,
2018,6,16,10,0,11.3,-12,86,11.1,49,93.0,0,167.20588697028933,0,1007.6,42.2183755066153,13.660010236963874,66,,
2018,6,16,11,0,11.4,3,80.2,11.3,75,79.0,0,195.63065276710333,0,1006.5,45.24719945573474,13.164289417065625,65,,
2018,6,16,12,0,11.5,18,87.3,11.3,46,27.0,0,148.5609544239627,0,1005.5,41.49235746693893,14.703636122037752,67,,
2018,6,16,13,0,11.5,32,94.5,11.3,14,7.0,0,80.95284502043305,0,1004.7,36.82000672657142,17.327252662722334,71,,
2018,6,16,14,0,11.4,44,62.2,11.3,43,2.0,0,32.738248648359416,0,1004,33.01029592830946,17.110780123489473,78,,
2018,6,16,15,0,11.4,55,56.4,11.2,22,1.0,0,13.273733022790111,0,1003.6,32.28769749417745,17.300560667966327,87,,
2018,6,16,16,0,11.2,65,55.5,11,0,1.0,0,3.142578445384769,0,1003.4,31.51480807147709,16.56938866643834,97,,
2018,6,16,17,0,11.1,74,51.5,10.9,0,0.0,0,0.0,0,1003.3,41.15905564395763,14.937000014903548,107,,
2018,6,16,18,0,11,83,51.3,10.7,0,0.0,0,0.0,0,1003.3,47.18114974647415,15.508371839837643,118,,
2018,6,16,19,0,10.8,92,51,10.5,0,0.0,0,0.0,0,1003.5,67.9744811730074,14.90547442267909,129,,
2018,6,16,20,0,10.7,104,51,10.3,0,0.0,0,0.0,0,1003.6,77.15089123091536,15.679243384639982,141,,
2018,6,16,21,0,10.4,121,50.5,10,0,0.0,0,0.0,0,1003.6,72.12556988056451,17.614636820601593,151,,
2018,6,16,22,0,10.1,148,26.3,9.6,0,0.0,0,0.0,0,1003.5,72.17487598435372,19.222579729547657,159,,
2018,6,16,23,0,9.8,-172,36.7,9.2,0,0.0,0,0.0,0,1003.3,72.68731299963997,20.3279412559632,161,,
2018,6,17,0,0,9.7,-136,26.3,9,0,0.0,0,0.0,0,1003.2,74.60796112801916,20.82380647811132,156,,
2018,6,17,1,0,9.6,-113,37.2,8.9,0,0.0,0,0.0,0,1003.2,77.86580826481799,21.727377046736034,147,,
2018,6,17,2,0,9.6,-99,51,8.9,0,0.0,0,0.0,0,1003.2,83.98288820436812,21.678516940571143,136,,
2018,6,17,3,0,9.7,-88,50.4,9,0,0.0,0,0.0,0,1003.4,89.13784769868982,20.476439230037343,125,,
2018,6,17,4,0,9.8,-79,18.1,9,0,0.0,0,0.0,0,1003.7,90.8513082365098,19.833488048689983,114,,
2018,6,17,5,0,9.9,-70,0,9.1,0,0.0,0,0.0,0,1004,93.187831250435,19.58939471352961,103,,
2018,6,17,6,0,10.1,-61,0,9.2,3,0.0,2,0.0,0,1004.4,95.23599155616417,19.47065007503605,93,,
2018,6,17,7,0,10.5,-51,1.9,9.4,30,0.0,50,0.0,0,1004.8,94.75496162113308,17.93330257929708,83,,
2018,6,17,8,0,10.9,-39,1.9,9.6,54,14.0,147,24.432425855842297,0,1005.3,94.21012624599052,17.93780915562115,75,,
2018,6,17,9,0,11.2,-27,1.5,9.6,68,43.0,238,87.73451826250184,0,1005.5,95.16727689234848,17.39760819725305,69,,
2018,6,17,10,0,11.4,-12,2,9.4,79,202.0,290,194.08214034404497,0,1005.5,96.84506013983514,17.005982867872806,66,,
2018,6,17,11,0,11.5,3,3.3,9.1,82,271.0,298,264.8650334012748,0,1005.5,97.78686555914136,17.100310182616393,65,,
2018,6,17,12,0,11.6,18,50.5,8.9,79,268.0,107,282.5877616772312,0,1005.7,95.6852906004267,16.447849752093944,67,,
2018,6,17,13,0,11.6,32,45.8,8.6,123,244.0,16,258.819555228573,0,1006.1,90.90406595393335,17.252635970368253,71,,
2018,6,17,14,0,11.6,44,36.7,8.4,96,202.0,9,198.50970124672705,0,1006.6,90.35413624642229,17.340419116080948,78,,
2018,6,17,15,0,11.5,55,46.9,8,24,120.0,0,105.83684207985851,0,1007.2,93.28208107441505,16.451789396005548,87,,
2018,6,17,16,0,11.2,64,18.1,7.5,0,59.0,0,24.415629893011463,0,1008,95.95961623501772,15.091329384434388,97,,
2018,6,17,17,0,11,74,0,7,0,0.0,0,0.0,0,1008.9,94.8916484166716,14.71056216992344,107,,
2018,6,17,18,0,10.6,83,0,6.4,0,0.0,0,0.0,0,1009.5,94.12194214193164,14.842836896016667,118,,
2018,6,17,19,0,10.1,92,0,5.6,0,0.0,0,0.0,0,1010,91.95835979965808,15.93875276092393,129,,
2018,6,17,20,0,9.7,104,0,4.9,0,0.0,0,0.0,0,1010.4,94.05372166690393,15.09220092635402,141,,
2018,6,17,21,0,9.4,120,0,4.5,0,0.0,0,0.0,0,1010.9,92.20634779854686,15.77145768012749,151,,
2018,6,17,22,0,9.3,148,0,4.4,0,0.0,0,0.0,0,1011.3,96.05821359062128,14.254413030161112,159,,
2018,6,17,23,0,9.3,-172,0,4.2,0,0.0,0,0.0,0,1011.7,98.91979679151302,13.187067653023094,161,,
2018,6,18,0,0,9,-136,0,3.9,0,0.0,0,0.0,0,1012.1,100.90132799547372,11.803082425800971,156,,
2018,6,18,1,0,8.7,-113,0,3.5,0,0.0,0,0.0,0,1012.4,102.063258135527,10.97976583797878,147,,
2018,6,18,2,0,8.3,-99,0,3,0,0.0,0,0.0,0,1012.8,99.6899798743899,11.273139468540824,136,,
2018,6,18,3,0,8,-88,0,2.6,0,0.0,0,0.0,0,1013.3,100.51723007875609,12.105967405228068,125,,
2018,6,18,4,0,7.6,-79,0,2.4,0,0.0,0,0.0,0,1013.9,103.30165899769878,12.34084315779729,114,,
2018,6,18,5,0,7.3,-70,0,2.1,0,0.0,0,0.0,0,1014.6,108.30740480346115,12.762941024625189,103,,
2018,6,18,6,0,7.3,-61,0.1,2,3,0.0,2,0.0,0,1014.9,108.17978162121938,12.377629559431536,93,,
2018,6,18,7,0,7.6,-51,3.7,2,32,0.0,50,0.0,0,1015,106.02761782497026,12.175168675227493,83,,
2018,6,18,8,0,7.9,-39,4.9,2,61,238.0,145,44.139698570830646,0,1015.1,113.48184959885054,12.145192029859295,75,,
2018,6,18,9,0,8.1,-27,2.4,2,64,420.0,253,160.1685761610562,0,1015,114.47706996060232,12.445408501646916,69,,
2018,6,18,10,0,8.3,-12,1.2,2,62,430.0,325,250.68063015707145,0,1014.8,114.18333209170991,12.019968391232496,66,,
2018,6,18,11,0,8.4,3,0.4,2,57,526.0,350,338.1861951444524,0,1014.5,114.73096110232431,11.91939178093167,65,,
2018,6,18,12,0,8.5,18,1,1.9,59,587.0,311,384.6817305387688,0,1014.3,118.89665863397248,11.483767904726692,67,,
2018,6,18,13,0,8.4,31,0.6,1.9,51,532.0,236,354.0016026675206,0,1014.2,118.01212240103496,11.150267562414298,71,,
2018,6,18,14,0,8.3,44,1.9,1.9,42,345.0,123,244.201886651234,0,1014,117.28998419399716,9.785982711519445,78,,
2018,6,18,15,0,7.9,55,1,1.8,15,158.0,27,117.23656129054324,0,1014.1,114.25007906699337,9.195691589475276,87,,
2018,6,18,16,0,7.2,64,0,1.6,0,130.0,0,36.56293783443709,0,1014.4,120.60443957746004,8.532557355876294,97,,
2018,6,18,17,0,6.5,73,0,1.5,0,0.0,0,0.0,0,1014.7,123.5332364043942,7.718162112686224,107,,
2018,6,18,18,0,6,82,0,1.5,0,0.0,0,0.0,0,1014.9,121.98788928532952,7.458700274031129,118,,
2018,6,18,19,0,5.6,92,0,1.6,0,0.0,0,0.0,0,1014.9,115.12741322362996,8.999621797271015,129,,
2018,6,18,20,0,5.2,104,0,1.8,0,0.0,0,0.0,0,1014.9,119.9258189921481,8.582241067938988,141,,
2018,6,18,21,0,5.1,120,0,2,0,0.0,0,0.0,0,1014.8,120.57325411295972,7.881874508811204,151,,
2018,6,18,22,0,5,148,0,2.2,0,0.0,0,0.0,0,1014.7,129.26860023522033,6.764276616828689,159,,
2018,6,18,23,0,5,-172,0,2.4,0,0.0,0,0.0,0,1014.6,143.7335567679114,6.323690579691871,161,,
2018,6,19,0,0,4.9,-136,0,2.5,0,0.0,0,0.0,0,1014.5,169.60683267642503,6.332163343987332,157,,
2018,6,19,1,0,4.7,-113,0,2.3,0,0.0,0,0.0,0,1014.5,200.57115591094544,6.6091675105792005,147,,
2018,6,19,2,0,4.5,-99,0,2.2,0,0.0,0,0.0,0,1014.5,217.0030621645762,9.36999601014438,137,,
2018,6,19,3,0,4.4,-88,0,2.1,0,0.0,0,0.0,0,1014.6,220.1099088885232,9.321785275663377,125,,
2018,6,19,4,0,4.3,-79,0,2,0,0.0,0,0.0,0,1014.7,233.1579787702336,8.329786142149073,114,,
2018,6,19,5,0,4.3,-70,0,1.9,0,0.0,0,0.0,0,1014.9,244.43765596222124,6.9192223988078405,103,,
2018,6,19,6,0,4.7,-61,0,2,2,0.0,2,0.0,0,1015.1,235.3162259183513,7.074778041289717,93,,
2018,6,19,7,0,5.4,-51,2.4,2.3,28,0.0,54,0.0,0,1015.2,229.66545573265805,7.889077248184583,84,,
2018,6,19,8,0,6.1,-39,2.2,2.6,49,115.0,161,37.3567216948176,0,1015.3,221.8559520683767,9.307388224400627,76,,
2018,6,19,9,0,6.9,-27,1.6,2.7,59,296.0,258,139.73680573370316,0,1015.2,216.7015023437189,10.250581381754822,69,,
2018,6,19,10,0,7.7,-12,2.1,2.6,68,472.0,313,260.01437956378106,0,1015,219.42767899324247,9.744424928580433,66,,
2018,6,19,11,0,8.5,3,17.1,2.5,164,655.0,172,374.6461988188346,0,1014.7,215.05412771690763,7.657262855796978,65,,
2018,6,19,12,0,8.9,18,10.4,2.6,121,670.0,206,410.857026128716,0,1014.6,212.8178812774268,8.28726833387946,67,,
2018,6,19,13,0,8.9,31,1.9,2.9,60,630.0,219,386.1211098286413,0,1014.4,228.85454038305588,8.780147839677726,71,,
2018,6,19,14,0,8.8,44,9.5,3.2,60,544.0,92,304.54441416061354,0,1014.3,235.11016825851007,7.984503806581317,78,,
2018,6,19,15,0,8.6,55,5,3.5,23,342.0,14,167.62558517447354,0,1014.4,232.1681876950332,8.298093235788004,87,,
2018,6,19,16,0,8.2,64,0,3.8,0,143.0,0,38.45472385008213,0,1014.8,228.13341152529043,8.723091507544208,97,,
2018,6,19,17,0,7.8,73,0,4.1,0,0.0,0,0.0,0,1015.2,222.5346361460144,9.094118104281456,107,,
2018,6,19,18,0,7.3,82,0,4.2,0,0.0,0,0.0,0,1015.6,223.69074856606247,9.391469504899652,118,,
2018,6,19,19,0,6.7,92,0,4.2,0,0.0,0,0.0,0,1015.9,215.74919243077736,8.994835862119443,129,,
2018,6,19,20,0,6.1,104,0,4.2,0,0.0,0,0.0,0,1016.2,220.3078162687634,9.104128293379189,141,,
2018,6,19,21,0,5.9,120,0,4.3,0,0.0,0,0.0,0,1016.3,225.82016477418,10.16691003212416,151,,
2018,6,19,22,0,6.2,148,0,4.5,0,0.0,0,0.0,0,1016.3,230.70343617742083,10.038787615385798,159,,
2018,6,19,23,0,6.4,-172,0,4.8,0,0.0,0,0.0,0,1016.2,223.69289794465325,12.176764442710653,161,,
2018,6,20,0,0,6.4,-136,0,4.8,0,0.0,0,0.0,0,1016.2,227.4107801527392,12.08658279294152,157,,
2018,6,20,1,0,6.3,-114,0,4.6,0,0.0,0,0.0,0,1016.2,232.70261724647173,11.943691807360093,147,,
2018,6,20,2,0,6.1,-99,0,4.5,0,0.0,0,0.0,0,1016.1,235.63109225411355,12.219158673098567,137,,
2018,6,20,3,0,6,-88,0,4.3,0,0.0,0,0.0,0,1016.2,240.41430849864412,11.8909373348886,125,,
2018,6,20,4,0,6,-79,0,4.2,0,0.0,0,0.0,0,1016.4,244.9512413164236,11.483085500244046,114,,
2018,6,20,5,0,5.9,-70,0,4,0,0.0,0,0.0,0,1016.6,248.6036822440188,11.08686908842837,103,,
2018,6,20,6,0,6.2,-61,0.1,4.1,2,0.0,1,0.0,0,1016.8,252.37180673546527,10.747096296085768,93,,
2018,6,20,7,0,6.7,-51,7.2,4.2,38,0.0,37,0.0,0,1017,250.20160142563924,11.01874718214357,84,,
2018,6,20,8,0,7.2,-39,45,4.4,80,21.0,20,22.59762908984211,0,1017.2,250.65593850222808,11.011532094834276,76,,
2018,6,20,9,0,7.8,-27,63.5,4.4,117,27.0,0,64.79113967265071,0,1017.1,248.776850453984,10.987639551177018,69,,
2018,6,20,10,0,8.4,-12,54.6,4.2,177,22.0,0,103.60600034719918,0,1016.8,248.84700006757856,10.800489480352873,66,,
2018,6,20,11,0,9,3,49.4,4,204,24.0,0,129.24619025216734,0,1016.5,255.3610839412299,9.980987860808977,65,,
2018,6,20,12,0,9.4,18,55.8,3.9,161,22.0,2,133.37983571066346,0,1016.2,267.628267325008,10.57204463099853,67,,
2018,6,20,13,0,9.5,31,23.2,3.9,88,23.0,116,124.6762432346828,0,1015.9,268.2917387231562,10.482930389460108,71,,
2018,6,20,14,0,9.6,44,20.1,4,74,22.0,65,97.11139662089168,0,1015.7,275.4008697707065,10.434997672655133,78,,
2018,6,20,15,0,9.5,55,43.2,4,30,20.0,0,59.479391577256536,0,1015.7,274.1706890447796,9.20797819463951,87,,
2018,6,20,16,0,9.3,64,43.4,3.9,0,24.0,0,18.44116288666476,0,1016,278.22898815465624,9.202414603413564,97,,
2018,6,20,17,0,9.1,73,43.5,3.9,0,0.0,0,0.0,0,1016.2,285.48949002950576,8.542950616650726,107,,
2018,6,20,18,0,8.5,82,16.6,3.8,0,0.0,0,0.0,0,1016.4,288.9279519384703,7.886916714999385,118,,
2018,6,20,19,0,7.7,92,0,3.8,0,0.0,0,0.0,0,1016.6,286.51986641772874,7.977240123604347,129,,
2018,6,20,20,0,6.8,104,0,3.7,0,0.0,0,0.0,0,1016.7,273.5129929106522,7.438782689537614,141,,
2018,6,20,21,0,6.6,120,0,3.8,0,0.0,0,0.0,0,1016.8,272.0157529441364,7.121350093879355,151,,
2018,6,20,22,0,6.9,148,0,4,0,0.0,0,0.0,0,1016.9,270.7593285661099,6.447831853289261,159,,
2018,6,20,23,0,7.2,-172,0,4.2,0,0.0,0,0.0,0,1016.9,272.0301957285436,6.071438021011372,161,,
2018,6,21,0,0,7.2,-136,0,4.2,0,0.0,0,0.0,0,1016.9,277.5245215091899,5.971587909482928,157,,
2018,6,21,1,0,6.9,-114,0,4.1,0,0.0,0,0.0,0,1017,333.6142587906549,5.1633988558523605,147,,
2018,6,21,2,0,6.6,-99,0,4.1,0,0.0,0,0.0,0,1017.1,359.7913997826758,3.6211177491809385,137,,
2018,6,21,3,0,6.5,-88,0,3.9,0,0.0,0,0.0,0,1017.1,32.187858290869315,3.729731182262889,125,,
2018,6,21,4,0,6.5,-79,0,3.6,0,0.0,0,0.0,0,1017.2,61.05538585100675,5.1016077679295,114,,
2018,6,21,5,0,6.5,-70,0,3.3,0,0.0,0,0.0,0,1017.2,66.82284004040264,4.628167395233354,103,,
2018,6,21,6,0,6.8,-61,0,3.5,2,0.0,1,0.0,0,1017.4,53.02240364732751,4.727742727171899,93,,
2018,6,21,7,0,7.4,-51,1.9,3.9,27,0.0,54,0.0,0,1017.7,37.39087006806068,4.602192199315055,84,,
2018,6,21,8,0,8,-40,1.8,4.4,48,38.0,159,31.05671135182818,0,1018,43.11355143794936,4.121959620627346,76,,
2018,6,21,9,0,8.8,-27,1.3,4.6,59,168.0,256,125.7070777547523,0,1018,33.49917410706212,4.085045638769134,69,,
2018,6,21,10,0,9.5,-12,1.5,4.8,66,392.0,314,244.50905884983865,0,1017.7,25.000423211952807,3.950731517862695,66,,
2018,6,21,11,0,10.3,3,1.7,4.9,70,553.0,326,348.85062186333164,0,1017.3,22.633813803030705,4.396991566601999,65,,
2018,6,21,12,0,10.6,17,2.3,5.1,70,520.0,290,367.6071604229264,0,1016.9,25.14633591107128,5.000804478776568,67,,
2018,6,21,13,0,10.5,31,14.4,5.5,110,517.0,138,352.4982145557148,0,1016.6,17.309105712596477,5.461696435585104,71,,
2018,6,21,14,0,10.4,44,10.5,5.8,74,478.0,70,287.31361883683235,0,1016.2,17.660391054041895,5.842486693767434,78,,
2018,6,21,15,0,10.1,55,44.6,5.9,15,373.0,27,176.3065801268816,0,1016.1,19.99792892423125,5.482677756801144,87,,
2018,6,21,16,0,9.7,64,57.5,5.8,0,211.0,0,48.34527646609834,0,1016.1,23.349900440250224,4.843448291118987,96,,
2018,6,21,17,0,9.3,73,52,5.6,0,0.0,0,0.0,0,1016.1,22.364810106160576,4.716599466998766,107,,
2018,6,21,18,0,8.6,82,51.4,5.3,0,0.0,0,0.0,0,1016.1,16.871098433899192,4.599831765664388,118,,
2018,6,21,19,0,7.8,92,18.4,4.9,0,0.0,0,0.0,0,1016,11.031061896949382,5.017012763626259,129,,
2018,6,21,20,0,6.9,103,0,4.5,0,0.0,0,0.0,0,1015.9,4.064113758990459,5.6080964365981805,140,,
2018,6,21,21,0,6.9,120,0.6,4.5,0,0.0,0,0.0,0,1015.7,357.5598068834999,5.871779558503419,151,,
2018,6,21,22,0,7.6,148,30.9,4.8,0,0.0,0,0.0,0,1015.4,353.73108014233543,6.090373473162902,159,,
2018,6,21,23,0,8.4,-172,47.8,5.1,0,0.0,0,0.0,0,1015,348.71538283434893,6.068492641158183,161,,
2018,6,22,0,0,8.8,-137,47.9,5.3,0,0.0,0,0.0,0,1014.6,344.25482150022845,5.988366929528118,157,,
2018,6,22,1,0,8.9,-114,50.4,5.4,0,0.0,0,0.0,0,1014.1,344.28163416746287,6.229028536520688,147,,
2018,6,22,2,0,8.9,-99,51.9,5.5,0,0.0,0,0.0,0,1013.6,338.51863646940734,5.973535027731826,137,,
2018,6,22,3,0,8.9,-88,51.6,5.6,0,0.0,0,0.0,0,1013.3,338.2294195553397,6.572011036355996,125,,
2018,6,22,4,0,8.9,-79,62.7,5.6,0,0.0,0,0.0,0,1013,336.3792617609342,7.231346682971261,114,,
2018,6,22,5,0,8.8,-70,69,5.7,0,0.0,0,0.0,0,1012.8,331.62689074280536,7.149368859158465,103,,
2018,6,22,6,0,9,-61,68.8,5.9,1,0.0,0,0.0,0,1012.7,329.64322626444664,7.9679297230716,93,,
2018,6,22,7,0,9.4,-51,59.7,6.1,36,0.0,0,0.0,0,1012.7,324.0097871478072,8.911499537616644,84,,
2018,6,22,8,0,9.8,-40,41.7,6.3,122,3.0,0,10.08171527527542,0,1012.8,324.38900518338767,9.714405358227872,76,,
2018,6,22,9,0,10,-27,48.8,6.4,150,5.0,0,31.88150178978093,0,1012.3,326.71241563586767,10.42011610170086,70,,
2018,6,22,10,0,10.2,-12,54.6,6.4,166,5.0,0,58.49682181473735,0,1011.5,331.65446588144715,10.155647259946711,66,,
2018,6,22,11,0,10.3,3,43.9,6.5,213,8.0,0,86.07720790483702,0,1010.7,327.40934136405053,10.650687692942451,65,,
2018,6,22,12,0,10.3,17,47,6.6,185,12.0,0,106.11304209014348,0,1010.1,328.83543030333067,10.679955758867534,67,,
2018,6,22,13,0,10.3,31,59.1,6.7,111,8.0,0,83.36629544086084,0,1009.6,327.4877620841608,11.213177067164963,71,,
2018,6,22,14,0,10.3,44,60.8,6.8,59,24.0,0,100.85884950178448,0,1009.1,327.97123538787804,10.463598108147313,78,,
2018,6,22,15,0,10.3,54,80.3,7,16,57.0,0,85.65737620154614,0,1008.8,330.4918710117591,9.9520554978496,87,,
2018,6,22,16,0,10.3,64,85.8,7.4,0,28.0,0,19.04161267750306,0,1008.8,327.5269234134468,9.6791693184666,96,,
2018,6,22,17,0,10.3,73,93.5,7.8,0,0.0,0,0.0,0,1008.7,329.41810417672616,10.460096822608726,107,,
2018,6,22,18,0,10.3,82,96.2,8.1,0,0.0,0,0.0,0,1008.8,333.9697501962709,11.557087977114191,118,,
2018,6,22,19,0,10.3,92,94.8,8.4,0,0.0,0,0.0,0,1009,337.6781227787128,12.5769804937318,129,,
2018,6,22,20,0,10.3,103,93.7,8.7,0,0.0,0,0.0,0,1009.2,339.11488309994985,12.811216378459571,140,,
2018,6,22,21,0,10.4,120,94.7,8.7,0,0.0,0,0.0,0,1009.2,341.21052150153827,12.751572909290733,151,,
2018,6,22,22,0,10.5,147,67.8,8.6,0,0.0,0,0.0,0,1009,342.7718084817104,12.81215068294433,159,,
2018,6,22,23,0,10.6,-173,51.9,8.5,0,0.0,0,0.0,0,1008.7,339.7775539892545,12.308531128758268,161,,
2018,6,23,0,0,10.6,-137,51.3,8.5,0,0.0,0,0.0,0,1008.6,342.9225209051222,10.793529676785258,157,,
2018,6,23,1,0,10.6,-114,18.4,8.4,0,0.0,0,0.0,0,1008.6,20.35686651633341,9.304770276320411,148,,
2018,6,23,2,0,10.6,-99,0,8.4,0,0.0,0,0.0,0,1008.6,21.58875636760609,9.13680853112557,137,,
2018,6,23,3,0,10.6,-89,0,8.3,0,0.0,0,0.0,0,1008.5,24.934508006823023,10.452281709762474,126,,
2018,6,23,4,0,10.5,-79,0,8.1,0,0.0,0,0.0,0,1008.4,31.08492827421281,10.869123967818584,114,,
2018,6,23,5,0,10.4,-70,0,7.9,0,0.0,0,0.0,0,1008.3,40.234673137133655,11.211074820285583,103,,
2018,6,23,6,0,10.8,-61,0,8.1,2,0.0,1,0.0,0,1008.3,46.99667161155878,11.415933339497077,93,,
2018,6,23,7,0,11.5,-51,3.2,8.6,34,0.0,37,0.0,0,1008.3,46.47968068981913,11.371880053660336,84,,
2018,6,23,8,0,12.2,-40,45.1,9.1,68,127.0,21,41.39722252629501,0,1008.4,45.34611685523743,12.031220178443313,76,,
2018,6,23,9,0,12.6,-27,76.2,9.2,69,244.0,0,139.91177984693977,0,1008.2,47.051585462745095,12.34499296859473,70,,
2018,6,23,10,0,12.7,-13,90.6,9,33,366.0,0,239.4568454456337,0,1007.6,44.29850069424589,12.126340049745114,66,,
2018,6,23,11,0,12.8,2,96.4,8.8,14,467.0,0,326.5644346126203,0,1007,44.87161982375403,12.712589592650769,65,,
2018,6,23,12,0,12.8,17,94.3,8.7,19,457.0,0,348.73406925237265,0,1006.6,50.1458952347586,12.177793327378511,67,,
2018,6,23,13,0,12.7,31,88.8,8.7,28,389.0,0,312.76445137550013,0,1006.4,42.00233479261749,12.375938700224705,71,,
2018,6,23,14,0,12.7,44,83.6,8.6,22,305.0,0,235.69286688021444,0,1006.1,46.45371628850785,13.44626193376639,78,,
2018,6,23,15,0,12.6,54,29.6,8.6,7,180.0,0,126.5360389970545,0,1006,47.93156985711824,13.82601088403058,87,,
2018,6,23,16,0,12.4,64,0,8.6,0,13.0,0,13.884499691435208,0,1006,52.64995823903422,13.51805278163538,96,,
2018,6,23,17,0,12.3,73,0,8.7,0,0.0,0,0.0,0,1006.1,53.92998025229042,13.504636288507935,107,,
2018,6,23,18,0,12.2,82,0,8.8,0,0.0,0,0.0,0,1006.1,57.06345192036429,14.123257272108274,118,,
2018,6,23,19,0,12.4,92,0,9.1,0,0.0,0,0.0,0,1006.1,53.84936242117544,12.948871850708018,129,,
2018,6,23,20,0,12.5,103,0,9.4,0,0.0,0,0.0,0,1006.2,53.11031609877318,12.866797642224435,140,,
2018,6,23,21,0,12.6,120,0,9.6,0,0.0,0,0.0,0,1006.1,54.12286452101222,13.499096637100443,151,,
2018,6,23,22,0,12.7,147,0,9.7,0,0.0,0,0.0,0,1005.8,56.3156599327927,13.54749604663837,159,,
2018,6,23,23,0,12.7,-173,0,9.8,0,0.0,0,0.0,0,1005.6,55.224122748084255,13.392537117358854,161,,
2018,6,24,0,0,12.6,-137,0,9.8,0,0.0,0,0.0,0,1005.4,53.3886685041017,13.265174139154484,157,,
2018,6,24,1,0,12.5,-114,0,9.8,0,0.0,0,0.0,0,1005.2,48.59723830689387,13.636255449277694,148,,
2018,6,24,2,0,12.4,-99,0,9.8,0,0.0,0,0.0,0,1005,48.65865819988733,13.90271590041026,137,,
2018,6,24,3,0,12.2,-89,0,9.8,0,0.0,0,0.0,0,1004.9,48.001392836093885,13.504653199370887,126,,
2018,6,24,4,0,12.1,-79,0,9.9,0,0.0,0,0.0,0,1004.9,49.21906486117479,13.260177736259884,114,,
2018,6,24,5,0,11.9,-70,0,9.9,0,0.0,0,0.0,0,1004.9,50.052174431820845,12.904944423099902,103,,
2018,6,24,6,0,12,-61,0.1,10,2,0.0,1,0.0,0,1005.1,50.2557735565145,12.40823744702017,93,,
2018,6,24,7,0,12.1,-51,5.5,10.2,39,0.0,28,0.0,0,1005.5,46.81034212181123,12.595929586676013,84,,
2018,6,24,8,0,12.3,-40,43.8,10.4,77,22.0,15,23.5795426538167,0,1005.8,47.08736946085804,12.569498632055463,76,,
2018,6,24,9,0,12.3,-27,68.9,10.6,91,28.0,0,67.91487895247789,0,1006,46.16562814872975,12.415435102956286,70,,
2018,6,24,10,0,12.2,-13,49.7,10.7,186,31.0,0,120.26474515289944,0,1005.9,44.42648443164154,11.65886902213526,66,,
2018,6,24,11,0,12,2,57.9,10.7,160,24.0,0,135.22722907229362,0,1005.9,42.13066369571629,11.47362312136611,65,,
2018,6,24,12,0,11.8,17,84.6,10.7,56,10.0,0,103.26248927340258,0,1006.1,40.17309436103994,11.218149514451792,67,,
2018,6,24,13,0,11.5,31,61.1,10.4,93,6.0,0,80.52778051431504,0,1006.5,40.52282125251986,10.595256813599423,71,,
2018,6,24,14,0,11.2,43,36.8,10.2,94,11.0,0,79.06950130429492,0,1006.9,41.98009643661823,10.666125906273036,78,,
2018,6,24,15,0,11,54,42,9.9,26,7.0,0,41.93065522955636,0,1007.5,43.58893251860252,10.767999373370772,87,,
2018,6,24,16,0,10.7,64,17.6,9.6,0,4.0,0,9.58268066405904,0,1008.3,43.73042598676881,10.682248004630049,96,,
2018,6,24,17,0,10.4,73,33.6,9.3,0,0.0,0,0.0,0,1009,45.24203214926757,10.462028195853462,107,,
2018,6,24,18,0,10.2,82,52,8.9,0,0.0,0,0.0,0,1009.6,46.83262977736649,10.558831339599932,118,,
2018,6,24,19,0,10,92,52,8.5,0,0.0,0,0.0,0,1010,50.137813977694464,9.870097814691707,129,,
2018,6,24,20,0,9.9,103,52,8.1,0,0.0,0,0.0,0,1010.4,51.39943534149552,9.40306861596842,140,,
2018,6,24,21,0,9.9,120,52,7.9,0,0.0,0,0.0,0,1010.8,52.159324791985966,9.11864281670457,151,,
2018,6,24,22,0,10,147,52,8,0,0.0,0,0.0,0,1011,50.98859506479488,8.62418732062466,159,,
2018,6,24,23,0,10.1,-173,52,8.1,0,0.0,0,0.0,0,1011.3,49.25644740808616,7.743080099254154,161,,
2018,6,25,0,0,10.1,-137,51.4,8.1,0,0.0,0,0.0,0,1011.5,47.15032359835055,7.490317428506397,157,,
2018,6,25,1,0,10,-114,18.4,7.9,0,0.0,0,0.0,0,1011.8,39.82024343835758,6.713684039582915,148,,
2018,6,25,2,0,10,-99,0,7.7,0,0.0,0,0.0,0,1012,35.17698887885365,6.920305702790096,137,,
2018,6,25,3,0,9.9,-89,0,7.5,0,0.0,0,0.0,0,1012.3,37.30074566951487,7.61027375852957,126,,
2018,6,25,4,0,9.9,-79,0,7.4,0,0.0,0,0.0,0,1012.6,43.29685501670673,7.5451725723838,114,,
2018,6,25,5,0,9.9,-70,0,7.2,0,0.0,0,0.0,0,1013,43.77511943937657,6.937135691141489,103,,
2018,6,25,6,0,10.1,-61,0,7.2,2,0.0,1,0.0,0,1013.4,43.24753131556696,7.219974814375013,93,,
2018,6,25,7,0,10.4,-51,2.2,7.3,33,0.0,39,0.0,0,1013.8,44.19630430601359,6.28913891194997,84,,
2018,6,25,8,0,10.7,-40,1.3,7.4,55,10.0,141,20.260182163453937,0,1014.2,44.28439015288564,6.068022606587215,76,,
2018,6,25,9,0,11.1,-27,1.3,7.6,67,15.0,235,61.629371039522816,0,1014.4,43.3360645794437,6.628986513262207,70,,
2018,6,25,10,0,11.6,-13,20.2,7.9,176,28.0,119,107.365442987657,0,1014.5,47.42444171835899,6.9417642641667285,66,,
2018,6,25,11,0,12,2,12.2,8.2,135,56.0,207,164.53401730841532,0,1014.6,48.77537873458533,6.903229950693755,65,,
2018,6,25,12,0,12.2,17,1.9,8.6,76,74.0,273,191.56039436747764,0,1014.7,50.92929698880295,6.417282364977475,67,,
2018,6,25,13,0,12.1,31,1.6,9.1,66,99.0,204,195.7494826173697,0,1014.7,42.92822627028397,5.329226796623976,71,,
2018,6,25,14,0,12,43,0.5,9.5,46,112.0,113,165.49910597504532,0,1014.8,43.52865603771795,5.78202094015422,78,,
2018,6,25,15,0,11.9,54,0,9.8,14,82.0,28,95.67406628015829,0,1015.1,45.94570916454586,6.118791786378472,87,,
2018,6,25,16,0,11.7,64,0,10,1,28.0,0,20.1011129861238,0,1015.7,49.3043969138169,5.888218760098725,96,,
2018,6,25,17,0,11.5,73,0,10.2,0,0.0,0,0.0,0,1016.2,50.069529314534805,5.821878271260676,107,,
2018,6,25,18,0,11.4,82,0.6,10.3,0,0.0,0,0.0,0,1016.7,49.45317557811018,5.487320904861385,118,,
2018,6,25,19,0,11.4,92,33.6,10.2,0,0.0,0,0.0,0,1017,57.879227361200606,4.433237916892407,129,,
2018,6,25,20,0,11.4,103,52,10.2,0,0.0,0,0.0,0,1017.4,61.84975819471538,4.116573758499039,140,,
2018,6,25,21,0,11.5,120,51.9,10.3,0,0.0,0,0.0,0,1017.6,67.8704682089043,4.053220840120983,151,,
2018,6,25,22,0,11.7,147,49.3,10.5,0,0.0,0,0.0,0,1017.7,66.21533348060899,3.7859010071989214,159,,
2018,6,25,23,0,11.8,-173,47.8,10.6,0,0.0,0,0.0,0,1017.8,65.25973208633428,3.445925443971895,161,,
2018,6,26,0,0,11.9,-137,47.2,10.7,0,0.0,0,0.0,0,1017.9,67.44877876525686,3.166431058517768,157,,
2018,6,26,1,0,11.8,-114,16.9,10.6,0,0.0,0,0.0,0,1018,66.25308710875163,1.7854453255554028,148,,
2018,6,26,2,0,11.7,-99,0,10.6,0,0.0,0,0.0,0,1018.1,46.7259930526518,1.048879071637478,137,,
2018,6,26,3,0,11.6,-89,0,10.5,0,0.0,0,0.0,0,1018.2,11.345744366319252,0.8426388028526258,126,,
2018,6,26,4,0,11.5,-79,0,10.5,0,0.0,0,0.0,0,1018.4,8.373331055529206,0.9841233491906752,114,,
2018,6,26,5,0,11.4,-70,0,10.4,0,0.0,0,0.0,0,1018.6,25.89094016707452,0.9929789893029832,103,,
2018,6,26,6,0,11.6,-61,0.6,10.6,2,0.0,0,0.0,0,1018.8,19.250298611898017,0.8138130288977458,93,,
2018,6,26,7,0,12.1,-51,29.3,10.8,42,0.0,0,0.0,0,1019.2,94.84609643432664,0.788953150357881,84,,
2018,6,26,8,0,12.7,-40,58.5,11.1,77,64.0,0,34.64969671666291,0,1019.5,107.9544269205512,0.7088352603525888,76,,
2018,6,26,9,0,12.9,-27,65.4,11.2,107,149.0,0,118.0971521396177,0,1019.5,114.17276242343944,0.5336056821055903,70,,
2018,6,26,10,0,13,-13,70.5,11.2,110,256.0,0,211.4856738192436,0,1019.2,189.5931342627304,0.1582183830532736,66,,
2018,6,26,11,0,13,2,76,11.2,91,376.0,3,299.6513097788392,0,1018.8,271.29095399479365,0.6068434828678044,65,,
2018,6,26,12,0,12.9,17,29.4,11,80,339.0,165,310.6996100440559,0,1018.5,2.918019323264616,0.5275394782891272,67,,
2018,6,26,13,0,12.7,31,17.1,10.6,123,328.0,114,292.4925860780272,0,1018.4,354.01314486087426,2.1815763786780447,71,,
2018,6,26,14,0,12.5,43,29.6,10.2,104,319.0,12,241.41387042058307,0,1018.2,4.7167808727394345,2.5533249630824044,78,,
2018,6,26,15,0,12.3,54,11.6,9.9,29,162.0,0,121.92498030915944,0,1018.2,25.84072567200104,2.202397233057172,87,,
2018,6,26,16,0,12,64,0,9.6,1,51.0,0,25.515102180620545,0,1018.4,44.13659441863888,2.096526525452908,96,,
2018,6,26,17,0,11.8,73,0,9.3,0,0.0,0,0.0,0,1018.5,68.72578524175248,2.5966258134880587,107,,
2018,6,26,18,0,11.7,82,0.6,9.2,0,0.0,0,0.0,0,1018.5,83.78533229057678,2.559720485783489,118,,
2018,6,26,19,0,11.7,92,33.6,9.3,0,0.0,0,0.0,0,1018.3,90.35846735308758,2.10721897566198,129,,
2018,6,26,20,0,11.8,103,52,9.3,0,0.0,0,0.0,0,1018.1,120.67406831495664,2.476084341104858,140,,
2018,6,26,21,0,11.9,120,52,9.5,0,0.0,0,0.0,0,1017.9,132.0647818891017,2.225057421168348,151,,
2018,6,26,22,0,11.9,147,54.6,9.9,0,0.0,0,0.0,0,1017.7,126.63877145159222,2.3482612934618703,159,,
2018,6,26,23,0,12,-173,56,10.2,0,0.0,0,0.0,0,1017.4,122.87219617867096,2.466744151273084,161,,
2018,6,27,0,0,11.9,-137,56.3,10.4,0,0.0,0,0.0,0,1017.3,124.16004596620304,2.352679687452168,157,,
2018,6,27,1,0,11.8,-114,73.4,10.4,0,0.0,0,0.0,0,1017.1,157.54400525024676,0.9127140695484088,148,,
2018,6,27,2,0,11.7,-99,83,10.3,0,0.0,0,0.0,0,1017,171.83043295244886,0.8521536428890155,137,,
2018,6,27,3,0,11.6,-89,82.6,10.3,0,0.0,0,0.0,0,1017,201.36681013867,1.0399872816206792,126,,
2018,6,27,4,0,11.5,-79,62.3,10.3,0,0.0,0,0.0,0,1017.3,197.41797079220285,1.0570126652405412,114,,
2018,6,27,5,0,11.4,-70,18.4,10.3,0,0.0,0,0.0,0,1017.5,198.6128854543324,0.7955143101026687,104,,
2018,6,27,6,0,11.5,-61,0,10.3,1,0.0,1,0.0,0,1017.7,200.34274920694128,1.0899532358829636,93,,
2018,6,27,7,0,11.8,-51,2.2,10.3,31,0.0,44,0.0,0,1017.9,179.33751380052774,1.1824520887302312,84,,
2018,6,27,8,0,12.1,-40,1.8,10.3,53,17.0,146,22.43551239939126,0,1018.1,170.8352601102772,2.0478706704604863,76,,
2018,6,27,9,0,12.1,-27,26.5,10.1,151,58.0,69,87.15602514940899,0,1018,179.98736308368234,2.2138672413466303,70,,
2018,6,27,10,0,12.1,-13,48.6,9.9,191,72.0,2,147.51951634727104,0,1017.6,180.5512017145976,2.258649439934984,66,,
2018,6,27,11,0,12,2,30.1,9.6,187,106.0,88,202.8092273590802,0,1017.2,196.18475064219072,2.5286838333517023,65,,
2018,6,27,12,0,11.9,17,31.5,9.4,199,134.0,50,232.2583119574504,0,1017,204.2064071683164,2.2417886359300514,67,,
2018,6,27,13,0,12,31,31,9.4,172,94.0,16,194.74892780800144,0,1016.8,168.86289888665988,1.365062610042685,71,,
2018,6,27,14,0,12,43,13.4,9.3,90,79.0,44,148.3864838923266,0,1016.7,143.97426557269887,1.882479705523844,78,,
2018,6,27,15,0,11.9,54,2.2,9.2,21,47.0,20,79.07596408191174,0,1016.9,123.97140868149336,2.01331784293182,87,,
2018,6,27,16,0,11.6,64,0,9,1,25.0,0,19.70822387486133,0,1017.3,128.89504544166516,1.36515930144004,96,,
2018,6,27,17,0,11.4,73,0,8.7,0,0.0,0,0.0,0,1017.8,106.39834576712524,1.3447402366103622,107,,
2018,6,27,18,0,11.1,82,0,8.4,0,0.0,0,0.0,0,1018,114.96308293908096,1.4919137953343329,118,,
2018,6,27,19,0,10.9,92,0,8,0,0.0,0,0.0,0,1018.1,239.5344550805401,1.0304540394505928,129,,
2018,6,27,20,0,10.7,103,0,7.5,0,0.0,0,0.0,0,1018.2,251.72649879668376,1.4521366367745652,140,,
2018,6,27,21,0,10.7,120,0,7.4,0,0.0,0,0.0,0,1018.2,242.71736099084671,1.752306321008409,151,,
2018,6,27,22,0,10.8,147,0,7.4,0,0.0,0,0.0,0,1018.3,230.0926834814446,2.059533977595009,159,,
2018,6,27,23,0,10.9,-173,0,7.4,0,0.0,0,0.0,0,1018.3,216.7356225642766,2.812751864705864,161,,
2018,6,28,0,0,11,-137,0,7.4,0,0.0,0,0.0,0,1018.4,210.76390422168748,3.865189623850732,157,,
2018,6,28,1,0,11.1,-114,0,7.4,0,0.0,0,0.0,0,1018.6,210.3403169138123,4.117382139060481,148,,
2018,6,28,2,0,11.2,-100,0,7.3,0,0.0,0,0.0,0,1018.8,222.0927075036314,5.6670830663624825,137,,
2018,6,28,3,0,11.2,-89,0,7.4,0,0.0,0,0.0,0,1019,223.0356193798376,6.7183551938474055,126,,
2018,6,28,4,0,11.3,-79,0,7.5,0,0.0,0,0.0,0,1019.3,220.9545784843033,7.240853693992703,114,,
2018,6,28,5,0,11.4,-71,0,7.6,0,0.0,0,0.0,0,1019.6,218.6397046713309,7.715350344479058,104,,
2018,6,28,6,0,11.6,-61,0.1,7.9,1,0.0,1,0.0,0,1019.8,218.03766572824327,8.325703803947286,93,,
2018,6,28,7,0,11.8,-51,4.4,8.2,37,0.0,33,0.0,0,1020,215.87231697909203,7.833169686014893,84,,
2018,6,28,8,0,12.1,-40,17.7,8.5,115,17.0,42,23.434256281359463,0,1020.2,217.5200573902005,8.188808456728172,76,,
2018,6,28,9,0,12.3,-27,29.2,8.7,192,32.0,21,74.60504481958112,0,1020.2,219.40867489330003,8.28508517150749,70,,
2018,6,28,10,0,12.4,-13,30.8,8.9,230,68.0,27,144.33854572961428,0,1019.9,220.9298728032026,7.415875875358357,66,,
2018,6,28,11,0,12.6,2,47.8,9,191,150.0,13,225.80722342930463,0,1019.7,219.3035398701547,6.963898137245416,65,,
2018,6,28,12,0,12.6,17,50.4,9.1,175,159.0,1,245.03078742900647,0,1019.6,222.88796473156145,7.1107703044885655,67,,
2018,6,28,13,0,12.5,31,27.1,9.2,145,179.0,50,239.82328745225425,0,1019.5,230.6769850227887,7.467634512785243,71,,
2018,6,28,14,0,12.4,43,25.2,9.2,95,152.0,28,185.67461315386183,0,1019.4,236.2712500667945,7.6223895654282225,78,,
2018,6,28,15,0,12.3,54,10.9,9.2,30,80.0,0,96.33631019424666,0,1019.5,243.87756201043072,5.922044620751954,86,,
2018,6,28,16,0,12.1,64,0,9.2,1,20.0,0,17.987783552858524,0,1019.8,240.25382985412057,6.7309132416483415,96,,
2018,6,28,17,0,12,73,0,9.2,0,0.0,0,0.0,0,1020.1,227.6245027671316,7.717388762780534,107,,
2018,6,28,18,0,11.8,82,0,9.1,0,0.0,0,0.0,0,1020.3,219.0625839005185,8.027361941723038,118,,
2018,6,28,19,0,11.6,92,0,9,0,0.0,0,0.0,0,1020.5,216.66536699410187,8.822565978525873,129,,
2018,6,28,20,0,11.4,103,0,8.9,0,0.0,0,0.0,0,1020.6,216.5139351069573,8.621797250339739,140,,
2018,6,28,21,0,11.3,120,0,8.9,0,0.0,0,0.0,0,1020.6,215.3125304931583,8.666873293638732,151,,
2018,6,28,22,0,11.3,147,0,8.9,0,0.0,0,0.0,0,1020.4,215.8990363912569,8.261977092049523,159,,
2018,6,28,23,0,11.2,-173,0,8.8,0,0.0,0,0.0,0,1020.2,221.3158842845189,7.270119029884893,161,,
2018,6,29,0,0,11.2,-137,0,8.8,0,0.0,0,0.0,0,1020,227.95247800545988,7.792488917060488,157,,
2018,6,29,1,0,11.2,-114,0,8.8,0,0.0,0,0.0,0,1020,230.2279908171129,8.324836826157265,148,,
2018,6,29,2,0,11.2,-100,0,8.7,0,0.0,0,0.0,0,1020,227.8490595572356,8.401580949720145,137,,
2018,6,29,3,0,11.1,-89,0,8.7,0,0.0,0,0.0,0,1020.1,227.1712040318211,8.694194800696613,126,,
2018,6,29,4,0,11.1,-80,0,8.7,0,0.0,0,0.0,0,1020.3,230.94617937762231,8.693814764734581,114,,
2018,6,29,5,0,11,-71,0,8.6,0,0.0,0,0.0,0,1020.6,243.6195351028496,7.625380760598035,104,,
2018,6,29,6,0,11.2,-61,0.4,8.7,2,0.0,0,0.0,0,1020.7,247.85842983907503,7.804283341643733,93,,
2018,6,29,7,0,11.5,-51,22.2,8.8,51,0.0,0,0.0,0,1020.9,261.3995624569682,6.502563127096147,84,,
2018,6,29,8,0,11.8,-40,51.9,8.9,89,11.0,1,19.281111064994292,0,1021,258.2249758257853,6.777385968783138,76,,
2018,6,29,9,0,12,-27,39.1,8.7,162,10.0,37,48.75310606208079,0,1020.8,262.71359691703185,7.278257491796368,70,,
2018,6,29,10,0,12.1,-13,25.6,8.4,213,12.0,70,84.592976662762,0,1020.3,255.11946209793845,6.481781429365383,66,,
2018,6,29,11,0,12.3,2,25.2,8,220,21.0,78,129.1034225542798,0,1019.9,260.9892127644744,5.755106545032923,65,,
2018,6,29,12,0,12.2,17,11.8,7.9,131,23.0,191,139.85640741083233,0,1019.6,264.26549013746853,5.76149904511098,67,,
2018,6,29,13,0,12.1,31,36.3,8,101,21.0,92,125.91306023475126,0,1019.4,274.11867258649147,9.014736273875585,71,,
2018,6,29,14,0,11.9,43,33.4,8.1,90,35.0,12,119.08432659090366,0,1019.2,285.1992492558276,9.705970611039245,78,,
2018,6,29,15,0,11.7,54,7.8,8.1,29,28.0,7,69.84809931710359,0,1019.2,282.591697182812,8.805787749710525,86,,
2018,6,29,16,0,11.4,64,0,8.1,1,9.0,0,14.354809387381696,0,1019.2,276.74495716244365,7.678633655410015,96,,
2018,6,29,17,0,11.1,73,0,8.1,0,0.0,0,0.0,0,1019.3,272.1624218418866,8.055541210645933,107,,
2018,6,29,18,0,10.6,82,0,7.9,0,0.0,0,0.0,0,1019.2,261.8693837500881,7.698970347461214,118,,
2018,6,29,19,0,10.1,92,0,7.6,0,0.0,0,0.0,0,1019.1,262.01437882217976,7.804439697302953,129,,
2018,6,29,20,0,9.5,103,0,7.3,0,0.0,0,0.0,0,1018.9,267.41959760945633,7.423787282235737,140,,
2018,6,29,21,0,9.4,120,0,7.3,0,0.0,0,0.0,0,1018.7,288.1363349524632,9.969416452570016,151,,
2018,6,29,22,0,9.5,147,0,7.6,0,0.0,0,0.0,0,1018.4,273.43118236477704,9.92477353627966,159,,
2018,6,29,23,0,9.7,-174,0,8,0,0.0,0,0.0,0,1018.1,275.7778510131365,9.271221680311832,161,,
2018,6,30,0,0,9.8,-138,0,8.1,0,0.0,0,0.0,0,1017.9,275.8252256458543,10.43008038355884,157,,
2018,6,30,1,0,9.8,-114,0,8.1,0,0.0,0,0.0,0,1017.7,286.6282896724107,11.49970019509485,148,,
2018,6,30,2,0,9.8,-100,0,8.1,0,0.0,0,0.0,0,1017.6,287.29322180459747,12.886987073405338,137,,
2018,6,30,3,0,9.8,-89,0,8.1,0,0.0,0,0.0,0,1017.5,286.9442664632588,12.363625303184756,126,,
2018,6,30,4,0,9.6,-80,0,8.1,0,0.0,0,0.0,0,1017.4,290.57917921832814,12.38478886569492,114,,
2018,6,30,5,0,9.5,-71,0,8.1,0,0.0,0,0.0,0,1017.4,295.76999903477633,11.645488823769242,104,,
2018,6,30,6,0,9.5,-61,0.5,8,2,0.0,0,0.0,0,1017.5,303.62108669448605,11.360934542677988,93,,
2018,6,30,7,0,9.5,-51,27.1,7.6,46,0.0,0,0.0,0,1017.6,307.40186034359044,9.908288381951545,84,,
2018,6,30,8,0,9.6,-40,55.2,7.3,86,3.0,0,13.076956930373091,0,1017.7,334.7880512776373,6.602608971351905,76,,
2018,6,30,9,0,10,-27,46.5,7.2,174,9.0,0,49.58006968100913,0,1017.5,67.93145663488684,16.326270393286997,70,,
2018,6,30,10,0,10.5,-13,42.5,7.3,220,34.0,0,116.19448735364269,0,1016.9,71.98170236498567,14.375155526854025,66,,
2018,6,30,11,0,11.1,2,46.9,7.4,214,139.0,0,221.72072639159245,0,1016.3,65.4236150434117,15.306850218229282,65,,
2018,6,30,12,0,11.3,17,58.3,7.4,153,84.0,2,201.0628045128807,0,1016,56.81130262498442,15.561453046780146,66,,
2018,6,30,13,0,11.3,31,28.2,7.5,100,128.0,94,216.44776905669084,0,1015.8,49.35656169279895,14.54461914665406,71,,
2018,6,30,14,0,11.2,43,5.5,7.5,61,102.0,98,162.2414065331221,0,1015.6,42.546582465447614,13.792247890583504,78,,
2018,6,30,15,0,10.8,54,1.5,7.5,19,110.0,26,108.96136384163027,0,1015.6,43.20214507471593,12.677884413777958,86,,
2018,6,30,16,0,10.3,64,0,7.5,1,25.0,0,20.79408132086424,0,1015.8,48.51615949516906,12.509092495368249,96,,
2018,6,30,17,0,9.8,73,0,7.5,0,0.0,0,0.0,0,1016,45.70792205061929,11.750850263734923,107,,
2018,6,30,18,0,9.3,82,0,7.4,0,0.0,0,0.0,0,1016.1,44.91902227989971,11.11536371869361,118,,
2018,6,30,19,0,8.7,92,0,7.1,0,0.0,0,0.0,0,1016.2,37.3687407787956,10.246433271337578,129,,
2018,6,30,20,0,8.1,103,0,6.9,0,0.0,0,0.0,0,1016.3,37.17463093458076,9.878411201813003,140,,
2018,6,30,21,0,8,120,0,6.9,0,0.0,0,0.0,0,1016.2,25.99681082910893,9.666010223220669,150,,
2018,6,30,22,0,8.3,147,0,7.1,0,0.0,0,0.0,0,1015.9,17.20867912672975,10.230952568601223,159,,
2018,6,30,23,0,8.6,-174,0,7.3,0,0.0,0,0.0,0,1015.7,10.20379207264932,10.610442932269168,161,,
2018,7,1,0,0,8.9,-138,0,7.4,0,0.0,0,0.0,0,1015.4,4.875015502628912,11.29599078135631,157,,
2018,7,1,1,0,9.1,-114,0,7.5,0,0.0,0,0.0,0,1014.9,358.0030717586409,10.76166254710841,148,,
2018,7,1,2,0,9.2,-100,0,7.6,0,0.0,0,0.0,0,1014.5,0.1153941459746761,11.152366368259134,137,,
2018,7,1,3,0,9.4,-89,0,7.6,0,0.0,0,0.0,0,1014.1,6.34822385811907,11.346920298152638,126,,
2018,7,1,4,0,9.5,-80,0,7.6,0,0.0,0,0.0,0,1013.8,12.626918524157134,10.701450448014198,114,,
2018,7,1,5,0,9.6,-71,0,7.5,0,0.0,0,0.0,0,1013.5,17.801225569553708,9.828212798291958,104,,
2018,7,1,6,0,9.9,-61,0,7.4,1,0.0,1,0.0,0,1013.3,20.02625487356022,8.890849621823069,93,,
2018,7,1,7,0,10.2,-51,0.2,7.2,26,0.0,51,0.0,0,1013,24.240377247783044,7.927205152908119,84,,
2018,7,1,8,0,10.6,-40,9,7,88,19.0,92,24.490875457963867,0,1012.7,18.50678841246264,7.819926603935036,76,,
2018,7,1,9,0,10.9,-27,21.6,7.1,168,46.0,74,85.09215041504353,0,1012,15.822476184068648,8.269118272130454,69,,
2018,7,1,10,0,11.1,-13,42.6,7.5,192,127.0,22,172.1464797560257,0,1011,10.09397146034354,8.330108406396455,66,,
2018,7,1,11,0,11.3,2,34.8,7.8,207,190.0,52,239.5660517043155,0,1009.9,10.870839047150866,7.409826083310941,65,,
2018,7,1,12,0,11.4,17,64.3,8,108,269.0,29,289.7251878714079,0,1008.9,12.41005604766849,7.665934218442168,66,,
2018,7,1,13,0,11.5,31,61.2,7.9,99,305.0,0,288.05759140135865,0,1008,9.299116453575778,7.7356940830422545,71,,
2018,7,1,14,0,11.5,43,52,7.9,80,183.0,0,196.82479199734195,0,1007,10.629858331687728,8.253450957927845,78,,
2018,7,1,15,0,11.6,54,52.2,7.9,20,102.0,0,103.83903940223308,0,1006.1,11.519244030111054,7.22163224994588,86,,
2018,7,1,16,0,11.7,64,18.3,8,1,49.0,0,27.500648609667515,0,1005.3,9.664796296205909,6.462574176067496,96,,
2018,7,1,17,0,11.9,73,0,8.2,0,0.0,0,0.0,0,1004.5,7.4240536212356,6.150189824973945,106,,
2018,7,1,18,0,11.6,82,0,8.3,0,0.0,0,0.0,0,1003.8,6.757784982429598,6.033372065931765,118,,
2018,7,1,19,0,11,92,0,8.4,0,0.0,0,0.0,0,1003.2,5.345202580344676,5.367333916856145,129,,
2018,7,1,20,0,10.4,103,0,8.6,0,0.0,0,0.0,0,1002.6,356.12967417304213,4.962489472577437,140,,
2018,7,1,21,0,9.9,120,0,8.1,0,0.0,0,0.0,0,1002.4,344.2696654256435,5.449959615024062,150,,
2018,7,1,22,0,9.4,147,0,7.3,0,0.0,0,0.0,0,1002.6,341.4050942099498,5.558481248801487,159,,
2018,7,1,23,0,9,-174,0,6.4,0,0.0,0,0.0,0,1002.8,338.9644115872252,5.223601342044211,161,,
2018,7,2,0,0,8.6,-138,0,5.7,0,0.0,0,0.0,0,1003.1,329.39030508722,4.383806935199786,157,,
2018,7,2,1,0,8.2,-115,0,5.3,0,0.0,0,0.0,0,1003.3,313.3311936792444,5.732309499545685,148,,
2018,7,2,2,0,7.9,-100,0,4.8,0,0.0,0,0.0,0,1003.6,304.8703217794625,5.904083364186638,137,,
2018,7,2,3,0,7.5,-89,0,4.7,0,0.0,0,0.0,0,1004,295.48591112285254,5.490040219625167,126,,
2018,7,2,4,0,7.1,-80,0,4.7,0,0.0,0,0.0,0,1004.6,285.86639292951975,5.374941415245687,114,,
2018,7,2,5,0,6.7,-71,0,4.7,0,0.0,0,0.0,0,1005.1,287.64196068368653,6.086037283631512,104,,
2018,7,2,6,0,6.6,-62,0,4.6,1,0.0,0,0.0,0,1005.9,286.2299807901239,6.886758770666826,93,,
2018,7,2,7,0,6.9,-51,1.7,4.3,41,0.0,20,0.0,0,1006.7,286.5859361047929,7.11844511258362,84,,
2018,7,2,8,0,7.2,-40,1.7,4,75,29.0,109,27.75707683466745,0,1007.5,288.54322128062086,7.6807352789058685,76,,
2018,7,2,9,0,7.6,-27,0.5,3.6,74,101.0,234,104.81338481612642,0,1008.2,277.8664174807253,8.094973722024104,69,,
2018,7,2,10,0,8.1,-13,0.9,2.9,78,169.0,303,190.86887344675108,0,1008.8,277.22139627698846,8.100878654466088,66,,
2018,7,2,11,0,8.7,2,1.4,2.3,80,250.0,321,266.0015649535326,0,1009.4,278.8571307329562,9.104663723282334,64,,
2018,7,2,12,0,8.8,17,6.1,1.9,104,292.0,249,301.9095531513833,0,1010,280.0366129873654,10.527562709930484,66,,
2018,7,2,13,0,8.7,31,17.4,1.8,135,342.0,111,305.22761073837364,0,1010.8,281.9668882199406,10.76545337047438,71,,
2018,7,2,14,0,8.5,43,8,1.8,77,306.0,76,244.47366569840133,0,1011.6,278.0198646024721,10.910664017686154,78,,
2018,7,2,15,0,8.2,54,0,1.7,17,107.0,32,108.39808138784444,0,1012.4,280.8126495018349,10.685811163106235,86,,
2018,7,2,16,0,7.8,64,0,1.5,1,18.0,0,17.78039843918134,0,1013.2,279.34276925903964,10.560249735040324,96,,
2018,7,2,17,0,7.4,73,0,1.4,0,0.0,0,0.0,0,1014,275.7082607111253,10.144787990419124,106,,
2018,7,2,18,0,7,82,0,1.4,0,0.0,0,0.0,0,1014.7,271.8958703299224,9.859156637902204,117,,
2018,7,2,19,0,6.6,92,0,1.6,0,0.0,0,0.0,0,1015.3,268.42489171752493,10.054336129712922,129,,
2018,7,2,20,0,6.3,103,0,1.8,0,0.0,0,0.0,0,1015.8,265.918140648834,10.3443550353566,140,,
2018,7,2,21,0,6.4,120,0,1.8,0,0.0,0,0.0,0,1016.1,267.17701611183975,10.330651881655925,150,,
2018,7,2,22,0,6.9,147,0,1.7,0,0.0,0,0.0,0,1016.1,266.3517320011195,10.5895752487562,159,,
2018,7,2,23,0,7.4,-174,0,1.5,0,0.0,0,0.0,0,1016.1,265.46862023937365,11.183394400644971,161,,
2018,7,3,0,0,7.7,-138,0,1.5,0,0.0,0,0.0,0,1016,278.29033550312,11.51880760416498,157,,
2018,7,3,1,0,7.8,-115,0,1.6,0,0.0,0,0.0,0,1015.9,280.1845719339032,12.701352665608926,148,,
2018,7,3,2,0,7.8,-100,0,1.7,0,0.0,0,0.0,0,1015.7,279.48214286343404,13.22661374933326,137,,
2018,7,3,3,0,7.9,-89,0,1.8,0,0.0,0,0.0,0,1015.6,282.1174413869863,13.86807123511344,126,,
2018,7,3,4,0,7.9,-80,0,1.8,0,0.0,0,0.0,0,1015.6,288.74146328871257,13.479092589896572,114,,
2018,7,3,5,0,7.9,-71,0,1.9,0,0.0,0,0.0,0,1015.6,287.0535851469139,13.351455779567068,104,,
2018,7,3,6,0,8,-62,0.3,2.3,2,0.0,0,0.0,0,1015.6,284.89855949088155,13.684147317477096,93,,
2018,7,3,7,0,8.2,-52,18.6,2.9,55,0.0,1,0.0,0,1015.6,288.10174907911545,13.076656147405808,84,,
2018,7,3,8,0,8.4,-40,54,3.6,80,3.0,3,12.079394448211463,0,1015.7,288.69601326272976,13.38577617602821,76,,
2018,7,3,9,0,8.9,-27,31.1,3.8,110,6.0,120,37.0615518926656,0,1015.3,290.1919038470544,13.03863569490221,69,,
2018,7,3,10,0,9.5,-13,17.6,3.5,180,9.0,134,78.71564098826165,0,1014.7,292.4996247793741,13.289129323191442,65,,
2018,7,3,11,0,10.1,2,15.7,3.3,172,10.0,168,97.88929440257418,0,1014,296.4829226847029,13.78677078741351,64,,
2018,7,3,12,0,10.4,17,36.7,3.2,163,12.0,76,111.18753382553211,0,1013.4,299.67871860340784,13.714962173511273,66,,
2018,7,3,13,0,10.3,31,19.5,3.4,101,18.0,121,120.71868219651824,0,1012.8,290.3155343395072,12.525227571654764,71,,
2018,7,3,14,0,10.2,43,3,3.5,52,7.0,116,65.65113851849978,0,1012.2,305.6475065661268,12.762572438317497,78,,
2018,7,3,15,0,10.2,54,34.8,3.7,18,4.0,27,34.14216485673613,0,1011.9,302.34052159661127,11.60940096866378,86,,
2018,7,3,16,0,10.1,64,65.7,3.8,1,3.0,0,8.467814506040137,0,1011.8,301.06471020209705,11.430004866412103,96,,
2018,7,3,17,0,10.1,73,71.1,4,0,0.0,0,0.0,0,1011.6,304.2337095090699,11.896525411577333,106,,
2018,7,3,18,0,10,82,69.5,4.3,0,0.0,0,0.0,0,1011.3,306.4253586736523,11.158246000699318,117,,
2018,7,3,19,0,9.9,92,84.3,4.8,0,0.0,0,0.0,0,1010.7,304.58691685056044,10.20077242170514,129,,
2018,7,3,20,0,9.9,103,92.9,5.4,0,0.0,0,0.0,0,1010,300.3356650727452,10.5991740477384,140,,
2018,7,3,21,0,10,120,92.5,5.9,0,0.0,0,0.0,0,1009.4,289.24593363814125,9.278307827297812,150,,
2018,7,3,22,0,10.4,147,65.9,6.3,0,0.0,0,0.0,0,1008.8,267.1546353452578,8.444492850814983,158,,
2018,7,3,23,0,10.7,-174,51,6.8,0,0.0,0,0.0,0,1008.1,263.32816877224104,9.52544486754106,161,,
2018,7,4,0,0,10.9,-138,51,7.4,0,0.0,0,0.0,0,1007.6,253.46178503989807,10.051065585476646,157,,
2018,7,4,1,0,11,-115,51.1,8,0,0.0,0,0.0,0,1007.2,252.7844006477399,11.508015871031397,148,,
2018,7,4,2,0,11,-100,48.8,8.6,0,0.0,0,0.0,0,1006.8,254.29940211777625,11.20062212206055,137,,
2018,7,4,3,0,11,-89,48.3,9.1,0,0.0,0,0.0,0,1006.6,253.42781978846187,11.440814129585007,126,,
2018,7,4,4,0,11,-80,51,9.4,0,0.0,0,0.0,0,1006.6,252.03011835377023,12.60281735940257,114,,
2018,7,4,5,0,11,-71,59,9.8,0,0.0,0,0.0,0,1006.6,253.15345410286864,13.41634704695845,104,,
2018,7,4,6,0,11.2,-62,56.1,10.1,1,0.0,0,0.0,0,1006.6,261.34360404936854,13.494293512385694,93,,
2018,7,4,7,0,11.4,-52,59.5,10.4,27,0.0,0,0.0,0,1006.7,256.17357465336164,14.083621843428178,84,,
2018,7,4,8,0,11.7,-40,73.2,10.6,49,63.0,0,37.69549335048091,0,1006.7,261.9352423085004,13.744327944495076,76,,
2018,7,4,9,0,11.8,-27,59.1,10.7,132,114.0,0,117.24438241654792,0,1006.7,265.34435195902944,12.91884623207013,69,,
2018,7,4,10,0,11.7,-13,56.3,10.5,161,186.0,0,201.28025431989812,0,1006.6,270.4231872680174,13.354124018808823,65,,
2018,7,4,11,0,11.6,2,73.2,10.3,104,221.0,0,262.1809540944829,0,1006.5,285.77516264258475,13.713782419085204,64,,
2018,7,4,12,0,11.5,17,68.2,10,112,156.0,0,250.62548934750413,0,1006.5,288.6328718745776,13.946067387854756,66,,
2018,7,4,13,0,11.2,31,64.3,9.8,100,32.0,0,140.76531676540446,0,1006.6,292.7383098887094,13.699492163277863,71,,
2018,7,4,14,0,11,43,39.6,9.5,82,16.0,5,88.0831692318275,0,1006.8,302.4408054114383,14.299049347592732,78,,
2018,7,4,15,0,10.7,54,67.9,9.1,30,5.0,3,35.43537658271004,0,1007,297.2046690407701,13.0766808818865,86,,
2018,7,4,16,0,10.5,64,92.8,8.7,0,2.0,0,6.314975540713607,0,1007.4,297.5610993039556,12.882047458138542,96,,
2018,7,4,17,0,10.3,73,93,8.3,0,0.0,0,0.0,0,1007.7,297.6677143953644,12.567107605861008,106,,
2018,7,4,18,0,10.1,82,93.1,8.1,0,0.0,0,0.0,0,1007.8,297.6877276579068,12.337536914097717,117,,
2018,7,4,19,0,9.9,92,96.2,7.9,0,0.0,0,0.0,0,1007.6,300.0242590244534,13.339827807571917,129,,
2018,7,4,20,0,9.8,103,95.4,7.8,0,0.0,0,0.0,0,1007.3,298.6157014440335,13.843553584752724,140,,
2018,7,4,21,0,9.8,120,93.9,8,0,0.0,0,0.0,0,1007,295.94118106399446,13.727628928082565,150,,
2018,7,4,22,0,9.8,147,96.5,8.5,0,0.0,0,0.0,0,1006.7,299.0729267664651,13.643911203995168,158,,
2018,7,4,23,0,9.9,-174,98,9,0,0.0,0,0.0,0,1006.4,305.7192414562076,13.604305827678708,161,,
2018,7,5,0,0,9.9,-138,98.5,9.3,0,0.0,0,0.0,0,1006.1,311.59531818423744,13.342569057728324,157,,
2018,7,5,1,0,9.9,-115,98.4,9.4,0,0.0,0,0.0,0,1005.8,316.75566149243207,12.15979652840794,148,,
2018,7,5,2,0,10,-100,98.1,9.5,0,0.0,0,0.0,0,1005.5,321.48419908508515,11.90847759984755,137,,
2018,7,5,3,0,10,-89,98,9.6,0,0.0,0,0.0,0,1005.4,323.80156752934835,10.749761623134887,126,,
2018,7,5,4,0,10.1,-80,98,9.6,0,0.0,0,0.0,0,1005.3,321.23407161557776,9.304899022719262,114,,
2018,7,5,5,0,10.2,-71,98,9.7,0,0.0,0,0.0,0,1005.3,314.52723057950493,8.410644758027935,104,,
2018,7,5,6,0,10.5,-62,95.8,9.9,0,0.0,0,0.0,0,1005.3,303.95308218326767,7.050833814430318,93,,
2018,7,5,7,0,11,-52,80.9,10.2,20,0.0,0,0.0,0,1005.3,293.26209695282205,5.957968936350024,84,,
2018,7,5,8,0,11.5,-40,88.9,10.5,17,37.0,0,32.0156622694183,0,1005.2,258.74055078017426,6.031866254601559,76,,
2018,7,5,9,0,11.8,-28,83.6,10.8,56,56.0,0,92.98712449717002,0,1005,250.61774251971005,9.414158212008994,69,,
2018,7,5,10,0,12,-13,78.9,11,78,11.0,0,88.33884939662491,0,1004.5,247.4105493706392,8.738526621798126,65,,
2018,7,5,11,0,12.1,2,84.4,11.2,61,13.0,0,115.08423381467728,0,1004,248.8802062343669,9.874196010768353,64,,
2018,7,5,12,0,12.1,17,87.5,11.2,45,4.0,0,72.73921307759193,0,1003.7,263.9022120288192,12.477579996161737,66,,
2018,7,5,13,0,12.1,31,88,11.1,33,4.0,0,71.72646664763538,0,1003.4,274.9372398584645,12.45318912934719,71,,
2018,7,5,14,0,12,43,81.8,11.1,27,2.0,0,42.76351160554529,0,1003.1,274.00649539436915,12.016671801086275,77,,
2018,7,5,15,0,12,54,89.8,11,10,2.0,0,25.57739033755046,0,1003,264.0877565268874,11.872232468503237,86,,
2018,7,5,16,0,12,64,93.6,11,0,1.0,0,5.159113925048958,0,1003,261.941805160968,14.965885378025618,96,,
2018,7,5,17,0,12,73,95.9,10.9,0,0.0,0,0.0,0,1003.1,261.3470983712057,15.873792446571468,106,,
2018,7,5,18,0,12,82,95.6,10.9,0,0.0,0,0.0,0,1003.2,255.1135259357926,17.34231840016041,117,,
2018,7,5,19,0,11.9,92,87,10.8,0,0.0,0,0.0,0,1003.4,261.5429407261321,20.06337673137353,128,,
2018,7,5,20,0,11.8,103,83,10.8,0,0.0,0,0.0,0,1003.5,274.55169597406706,20.427462526316685,140,,
2018,7,5,21,0,11.6,120,82.7,10.7,0,0.0,0,0.0,0,1003.5,280.67524237926904,18.318256010607268,150,,
2018,7,5,22,0,11.5,146,67.1,10.6,0,0.0,0,0.0,0,1003.3,287.3171875688972,17.71459628335024,158,,
2018,7,5,23,0,11.3,-174,58.6,10.5,0,0.0,0,0.0,0,1003.1,297.86096087976784,17.664541910339416,161,,
2018,7,6,0,0,11.2,-139,74.3,10.4,0,0.0,0,0.0,0,1003,320.46831017430407,18.552243210262333,157,,
2018,7,6,1,0,11.2,-115,83.1,10.5,0,0.0,0,0.0,0,1002.8,328.54072877278014,17.433926973399895,148,,
2018,7,6,2,0,11.2,-100,83.1,10.5,0,0.0,0,0.0,0,1002.7,332.6485801006954,18.035019070750327,137,,
2018,7,6,3,0,11.1,-90,82.6,10.5,0,0.0,0,0.0,0,1002.6,338.0666045074961,18.322547789246027,126,,
2018,7,6,4,0,10.9,-80,64.3,10.4,0,0.0,0,0.0,0,1002.7,340.60744819822776,17.90990227838488,114,,
2018,7,6,5,0,10.8,-71,67.6,10.4,0,0.0,0,0.0,0,1002.7,341.1764530966471,17.074839186015836,103,,
2018,7,6,6,0,10.8,-62,79.3,10.3,1,0.0,1,0.0,0,1003,341.2951131400433,16.46896351489469,93,,
2018,7,6,7,0,10.9,-52,34.6,10.3,37,0.0,30,0.0,0,1003.4,339.73511263212504,16.44752244213166,84,,
2018,7,6,8,0,10.9,-40,54.9,10.2,50,11.0,17,23.308868079466897,0,1003.8,345.3695837275278,17.021397498604514,76,,
2018,7,6,9,0,10.7,-28,70.4,9.8,94,38.0,0,88.8097249785848,0,1003.9,349.7506857346078,15.230337818930195,69,,
2018,7,6,10,0,10.4,-13,49.1,9.1,193,130.0,0,183.59632607881736,0,1003.9,348.4508276364868,15.3196956504503,65,,
2018,7,6,11,0,9.9,2,47.7,8.4,205,63.0,0,181.71720929163493,0,1003.9,349.63174320825465,17.264573509683352,64,,
2018,7,6,12,0,9.7,17,37.2,8.1,207,34.0,19,157.8312576956949,0,1004,348.9537277699385,17.52164918819683,66,,
2018,7,6,13,0,9.7,31,30.9,8,185,50.0,13,167.6583114007749,0,1004.2,347.3101792339411,18.79903679273648,71,,
2018,7,6,14,0,9.6,43,37,8,108,121.0,1,180.39212978945503,0,1004.5,348.7203030805429,18.237031550270668,77,,
2018,7,6,15,0,9.5,54,52.8,7.6,29,28.0,0,71.1311810283915,0,1005,348.82842183199,17.766086075837826,86,,
2018,7,6,16,0,9.3,64,24.4,6.9,1,8.0,0,14.286521479194889,0,1005.7,348.7235885953225,17.92265255113506,96,,
2018,7,6,17,0,9.1,73,4.2,6.3,0,0.0,0,0.0,0,1006.5,345.0964605731282,16.872014673513004,106,,
2018,7,6,18,0,8.5,82,9.7,5.5,0,0.0,0,0.0,0,1007.3,338.6138438042164,16.589294792777306,117,,
2018,7,6,19,0,7.8,92,37.2,4.6,0,0.0,0,0.0,0,1008.1,329.61563852549466,16.21431196641567,128,,
2018,7,6,20,0,7,104,51,3.7,0,0.0,0,0.0,0,1008.9,323.458115478938,16.998520746455906,140,,
2018,7,6,21,0,6.8,120,50.4,3.3,0,0.0,0,0.0,0,1009.4,317.0320730754522,17.181104304104235,150,,
2018,7,6,22,0,7,146,18.1,3.3,0,0.0,0,0.0,0,1009.8,309.4071253368892,16.779926441429804,158,,
2018,7,6,23,0,7.3,-175,0,3.2,0,0.0,0,0.0,0,1010.2,309.573481922745,18.22736848536255,161,,
2018,7,7,0,0,7.3,-139,0,3,0,0.0,0,0.0,0,1010.6,312.4088474550579,19.131123684376075,156,,
2018,7,7,1,0,7,-115,0,2.5,0,0.0,0,0.0,0,1011.1,323.16147651515905,17.92324487461101,148,,
2018,7,7,2,0,6.7,-101,0,2,0,0.0,0,0.0,0,1011.6,333.8278462079022,16.893410355092335,137,,
2018,7,7,3,0,6.4,-90,0,1.8,0,0.0,0,0.0,0,1012.1,323.70227820153144,14.66870017837626,126,,
2018,7,7,4,0,6.1,-80,0,1.6,0,0.0,0,0.0,0,1012.7,316.7010852848369,13.084825091550435,114,,
2018,7,7,5,0,5.8,-71,0,1.5,0,0.0,0,0.0,0,1013.3,338.68414253110086,10.67274224149144,103,,
2018,7,7,6,0,5.9,-62,0,1.7,2,0.0,2,0.0,0,1013.8,6.361728488928918,10.758878462538515,93,,
2018,7,7,7,0,6.2,-52,1.7,2.2,25,0.0,59,0.0,0,1014.4,28.968997708498875,10.950975765011956,84,,
2018,7,7,8,0,6.6,-41,1.8,2.6,46,2.0,169,9.057598396874134,0,1014.9,60.12898199835354,16.341101088950207,75,,
2018,7,7,9,0,7.3,-28,1.5,2.9,57,11.0,268,53.98184722352789,0,1015,59.380520464704034,17.7060831145566,69,,
2018,7,7,10,0,8.1,-13,1.7,3,66,74.0,328,154.62535470889992,0,1015,54.40565866149706,18.96900721223201,65,,
2018,7,7,11,0,8.9,2,1.7,3.1,67,52.0,347,169.4715629573351,0,1014.9,54.01063998890288,18.18066257407748,64,,
2018,7,7,12,0,9.2,17,0.6,3.2,55,49.0,330,176.44860371670686,0,1015,54.49609294884948,17.527002377604422,66,,
2018,7,7,13,0,9.2,31,0,3.4,46,41.0,260,154.82736868144792,0,1015.1,49.78874065541424,17.509013349688125,70,,
2018,7,7,14,0,9.1,43,2.1,3.6,42,75.0,140,152.8860628368025,0,1015.3,46.59425244326752,19.06197293913076,77,,
2018,7,7,15,0,8.6,54,1.1,3.6,19,187.0,36,140.63887446583777,0,1015.6,37.332586043385504,18.24248934869768,86,,
2018,7,7,16,0,7.9,64,0,3.4,2,66.0,1,34.73094559470776,0,1016,34.36459518846857,17.66942784561265,95,,
2018,7,7,17,0,7.1,73,0,3.3,0,0.0,0,0.0,0,1016.4,30.228626256459165,15.7491873766147,106,,
2018,7,7,18,0,6.4,82,0,3.1,0,0.0,0,0.0,0,1016.8,18.95929382214001,15.733685045542376,117,,
2018,7,7,19,0,5.6,92,0,2.7,0,0.0,0,0.0,0,1017,12.744168479318487,16.3728307441026,128,,
2018,7,7,20,0,4.9,104,0,2.4,0,0.0,0,0.0,0,1017.2,11.360255848501367,18.97079603796308,139,,
2018,7,7,21,0,4.9,120,0,2.3,0,0.0,0,0.0,0,1017.3,14.404684226735924,20.064612604185307,150,,
2018,7,7,22,0,5.4,147,0,2.3,0,0.0,0,0.0,0,1017.3,23.70025725404878,21.44807378505413,158,,
2018,7,7,23,0,5.9,-175,0,2.3,0,0.0,0,0.0,0,1017.3,34.086825311568134,21.444091574512047,161,,
2018,7,8,0,0,6.3,-139,0,2.3,0,0.0,0,0.0,0,1017.3,40.22208623818096,20.20150875609887,156,,
2018,7,8,1,0,6.4,-116,0,2.4,0,0.0,0,0.0,0,1017.3,41.0920333184834,20.79838793959812,148,,
2018,7,8,2,0,6.6,-101,0,2.4,0,0.0,0,0.0,0,1017.3,39.4165512052017,20.017914765387943,137,,
2018,7,8,3,0,6.8,-90,0,2.5,0,0.0,0,0.0,0,1017.3,37.46162878451025,20.14121084493192,126,,
2018,7,8,4,0,7,-80,0,2.7,0,0.0,0,0.0,0,1017.4,35.684262901502734,20.067626501656267,114,,
2018,7,8,5,0,7.2,-71,0,2.9,0,0.0,0,0.0,0,1017.5,37.86695115717731,19.85564303504572,103,,
2018,7,8,6,0,7.5,-62,0.7,3.3,2,0.0,0,0.0,0,1017.7,36.95421913983608,19.508859017395604,93,,
2018,7,8,7,0,8,-52,34,3.9,40,0.0,0,0.0,0,1018,38.74689670501863,18.83867243147579,84,,
2018,7,8,8,0,8.4,-41,70.8,4.5,54,14.0,0,24.414567641546714,0,1018.3,41.92865470703987,18.14636740206975,75,,
2018,7,8,9,0,9,-28,59.1,4.9,137,27.0,4,74.89336063976961,0,1018.2,46.508393850134894,18.467825064436425,69,,
2018,7,8,10,0,9.7,-13,17.7,5.2,115,63.0,216,147.34190569995894,0,1017.8,48.56518198346544,18.47819672791088,65,,
2018,7,8,11,0,10.3,2,1.6,5.4,77,145.0,331,233.29474939466863,0,1017.4,48.22010288745889,18.88242621257521,64,,
2018,7,8,12,0,10.6,17,2,5.7,79,85.0,294,210.3440622638584,0,1017.1,48.868085082635446,20.07587877021188,66,,
2018,7,8,13,0,10.5,31,5.5,6,89,146.0,194,234.7375511773897,0,1016.9,50.5697658282719,19.449738291190805,70,,
2018,7,8,14,0,10.5,43,4.7,6.3,66,149.0,103,193.65987641935808,0,1016.7,51.628198125836605,19.69133518344653,77,,
2018,7,8,15,0,10.2,54,1.2,6.4,23,48.0,29,86.11464943345321,0,1016.7,53.3089251958416,20.009716597236828,86,,
2018,7,8,16,0,9.7,64,0,6.5,3,29.0,1,24.768679258573822,0,1016.8,56.75402798324018,20.285288593779484,95,,
2018,7,8,17,0,9.3,73,0,6.5,0,0.0,0,0.0,0,1016.9,60.31674398467601,19.9333563432978,106,,
2018,7,8,18,0,8.9,82,0,6.5,0,0.0,0,0.0,0,1017.1,61.033210446285295,19.81949545078788,117,,
2018,7,8,19,0,8.6,92,0,6.4,0,0.0,0,0.0,0,1017.2,60.89109695020045,19.39188745617086,128,,
2018,7,8,20,0,8.3,104,0,6.3,0,0.0,0,0.0,0,1017.3,61.274936246230936,19.014847751301826,139,,
2018,7,8,21,0,8.4,120,0,6.5,0,0.0,0,0.0,0,1017.3,59.96492279533959,18.008251472799305,150,,
2018,7,8,22,0,8.7,147,0,6.7,0,0.0,0,0.0,0,1017.2,61.4787831680253,16.437472747736628,158,,
2018,7,8,23,0,9,-175,0,7,0,0.0,0,0.0,0,1017,61.28216930025127,16.157605202908,161,,
2018,7,9,0,0,9.2,-139,0,7.2,0,0.0,0,0.0,0,1016.8,60.64794500578768,15.109911592535417,156,,
2018,7,9,1,0,9.3,-116,0,7.4,0,0.0,0,0.0,0,1016.7,58.736787793929295,14.796518865325735,148,,
2018,7,9,2,0,9.4,-101,0,7.5,0,0.0,0,0.0,0,1016.6,60.4378667777404,14.089248634082722,137,,
2018,7,9,3,0,9.5,-90,0,7.6,0,0.0,0,0.0,0,1016.5,60.72833080243754,13.613821512061962,126,,
2018,7,9,4,0,9.5,-80,0,7.7,0,0.0,0,0.0,0,1016.4,59.05361990454372,12.701363327599005,114,,
2018,7,9,5,0,9.6,-71,0,7.8,0,0.0,0,0.0,0,1016.3,58.04906771073183,11.954379927139115,103,,
2018,7,9,6,0,9.8,-62,0.6,8.1,2,0.0,0,0.0,0,1016.3,56.671677007875815,11.96895159957461,93,,
2018,7,9,7,0,10.2,-52,33.2,8.4,40,0.0,0,0.0,0,1016.3,56.699598335096994,12.734225673619123,84,,
2018,7,9,8,0,10.6,-41,51.5,8.8,102,10.0,0,21.30517976176926,0,1016.4,58.33942044812704,12.724578501385045,75,,
2018,7,9,9,0,10.9,-28,48.2,9.1,168,12.0,0,55.1888755114374,0,1016,61.67442778527766,13.323558863725358,69,,
2018,7,9,10,0,11.1,-13,44.3,9.2,218,15.0,0,99.62578836102576,0,1015.3,64.12371170448148,13.288095296639316,65,,
2018,7,9,11,0,11.2,2,45.1,9.3,225,15.0,0,120.95039428436942,0,1014.6,67.47975047834638,12.962065113629968,64,,
2018,7,9,12,0,11.2,17,42.3,9.4,217,18.0,0,135.93905354206953,0,1014,69.50896860509766,12.8681623625756,66,,
2018,7,9,13,0,11.1,31,51.6,9.3,148,14.0,0,115.13758934233934,0,1013.4,65.78603481552665,11.386017138162188,70,,
2018,7,9,14,0,11,43,41.5,9.2,98,11.0,0,84.27789253005037,0,1012.9,63.83240924411768,10.6398124580643,77,,
2018,7,9,15,0,10.9,54,44.1,9.1,36,6.0,0,41.77602480609301,0,1012.5,63.320216495832426,10.032519052274946,86,,
2018,7,9,16,0,10.8,64,50.9,9,2,2.0,0,9.332710333372106,0,1012.4,63.62808864457054,8.874772757320798,95,,
2018,7,9,17,0,10.7,74,51.8,8.9,0,0.0,0,0.0,0,1012.2,60.173955634479626,9.021113439062562,106,,
2018,7,9,18,0,10.6,83,53.6,8.8,0,0.0,0,0.0,0,1011.9,61.27532522714733,8.425522858217253,117,,
2018,7,9,19,0,10.5,92,61.5,8.8,0,0.0,0,0.0,0,1011.6,51.59591469216866,8.602644357719996,128,,
2018,7,9,20,0,10.5,104,65.7,8.8,0,0.0,0,0.0,0,1011.2,49.19202277227271,8.464076712886714,139,,
2018,7,9,21,0,10.5,120,66.8,8.8,0,0.0,0,0.0,0,1010.7,47.02792357127265,8.298337548870904,150,,
2018,7,9,22,0,10.5,147,57,8.8,0,0.0,0,0.0,0,1010,46.112851779259984,7.644271791603662,158,,
2018,7,9,23,0,10.6,-175,51.2,8.8,0,0.0,0,0.0,0,1009.3,45.44876853985204,7.229421843789798,161,,
2018,7,10,0,0,10.6,-139,51.1,8.7,0,0.0,0,0.0,0,1008.7,45.32900323450082,7.1252195633972,156,,
2018,7,10,1,0,10.6,-116,51,8.6,0,0.0,0,0.0,0,1008.1,33.238405256098645,7.232588973910618,147,,
2018,7,10,2,0,10.6,-101,51.5,8.4,0,0.0,0,0.0,0,1007.6,27.916288565600382,7.53310186720097,137,,
2018,7,10,3,0,10.5,-90,50.9,8.3,0,0.0,0,0.0,0,1007,28.80945829530868,6.88348244254624,126,,
2018,7,10,4,0,10.3,-81,18.2,8.1,0,0.0,0,0.0,0,1006.5,30.76730584197248,6.2400981141975285,114,,
2018,7,10,5,0,10.2,-72,0,8,0,0.0,0,0.0,0,1006,29.485660161679505,6.231416220059775,103,,
2018,7,10,6,0,10.3,-62,0.5,8,3,0.0,0,0.0,0,1005.6,20.42747071336032,5.56452618889392,93,,
2018,7,10,7,0,10.5,-52,24.2,8.1,48,0.0,0,1.0,0,1005.2,6.773812729145845,5.147750166075217,83,,
2018,7,10,8,0,10.9,-41,54.9,8.2,82,10.0,0,23.315178618920665,0,1004.9,352.9513631513465,5.928841355858734,75,,
2018,7,10,9,0,11,-28,69.3,8.5,94,13.0,0,62.38784018557858,0,1004.2,350.2564777913148,7.016742455880359,69,,
2018,7,10,10,0,11.1,-14,65.8,9,132,21.0,0,109.50710566396106,0,1003.2,358.23283299697465,8.10688300973686,65,,
2018,7,10,11,0,11.1,2,54.5,9.5,183,33.0,0,155.14566840164787,0,1002.3,358.1404311325787,8.938056718386628,64,,
2018,7,10,12,0,11.1,17,69.8,9.6,115,31.0,0,160.72914401557358,0,1001.4,359.08932742279086,9.278027382809622,66,,
2018,7,10,13,0,11,31,60.4,9.3,107,78.0,1,200.34611037453016,0,1000.6,357.59384540500685,8.932191686191185,70,,
2018,7,10,14,0,10.9,43,21.8,9.1,86,46.0,40,136.98172520970414,0,999.8,355.9898046557514,8.364473534968308,77,,
2018,7,10,15,0,10.8,55,4.7,8.9,28,24.0,23,71.15276478079973,0,999.3,353.9395776778319,8.287774538725843,85,,
2018,7,10,16,0,10.8,64,1.3,8.7,3,5.0,0,13.841712911761828,0,998.9,349.8524837154749,8.159123995925892,95,,
2018,7,10,17,0,10.7,74,0,8.6,0,0.0,0,0.0,0,998.6,339.77860794432206,7.96947793814661,106,,
2018,7,10,18,0,10.7,83,1.2,8.6,0,0.0,0,0.0,0,998.2,337.6529952346005,8.33653909573482,117,,
2018,7,10,19,0,10.7,92,63.3,8.7,0,0.0,0,0.0,0,997.8,336.88051946394245,9.403133183276392,128,,
2018,7,10,20,0,10.7,104,98,8.8,0,0.0,0,0.0,0,997.4,336.88051946394245,9.403133183276392,139,,
2018,7,10,21,0,10.7,120,97.8,9,0,0.0,0,0.0,0,997,337.8848596685727,8.75152270146784,150,,
2018,7,10,22,0,10.6,147,88.3,9.1,0,0.0,0,0.0,0,996.4,330.8815346921872,8.871739114175542,158,,
2018,7,10,23,0,10.6,-175,83,9.3,0,0.0,0,0.0,0,995.9,323.4142646261878,8.329106342834468,160,,
2018,7,11,0,0,10.5,-140,83.7,9.2,0,0.0,0,0.0,0,995.5,321.42070434002903,7.6245356441810115,156,,
2018,7,11,1,0,10.4,-116,83.4,9.1,0,0.0,0,0.0,0,995.2,310.24070189672165,6.807969748112652,147,,
2018,7,11,2,0,10.4,-101,83,8.9,0,0.0,0,0.0,0,994.9,304.275890914192,6.072970963154117,137,,
2018,7,11,3,0,10.4,-90,83,8.8,0,0.0,0,0.0,0,994.5,287.024253963972,5.491103460083332,126,,
2018,7,11,4,0,10.3,-81,82.9,8.7,0,0.0,0,0.0,0,994.2,268.48716277179096,5.382002931571015,114,,
2018,7,11,5,0,10.3,-72,76.4,8.6,0,0.0,0,0.0,0,993.9,264.58321252140274,6.139722549090685,103,,
2018,7,11,6,0,10.4,-62,65.9,8.7,1,0.0,0,0.0,0,993.8,275.8451543694097,6.14425012972454,93,,
2018,7,11,7,0,10.5,-52,65.4,8.8,26,0.0,0,0.0,0,994,270.71336693158275,6.5102702213347,83,,
2018,7,11,8,0,10.7,-41,70.5,9,58,3.0,0,14.097836686042886,0,994.1,268.80839072891854,6.198606137519604,75,,
2018,7,11,9,0,10.6,-28,74.6,9.1,77,10.0,0,55.850566087419615,0,994,241.14854282714936,5.531028748521525,69,,
2018,7,11,10,0,10.5,-14,47.9,9,194,32.0,5,119.96617080527145,0,993.6,223.1340023087956,5.688700669748881,65,,
2018,7,11,11,0,10.4,2,64.7,9,135,87.0,3,199.81020841432857,0,993.2,212.5693585784909,5.366085161396006,64,,
2018,7,11,12,0,10.1,17,62.6,8.8,131,70.0,0,198.1354506125848,0,993,219.9208806123058,6.275007666624941,65,,
2018,7,11,13,0,9.7,31,60,8.3,116,62.0,0,178.42656522780976,0,993,225.9951403998292,6.90828059193212,70,,
2018,7,11,14,0,9.3,44,59.8,7.9,66,51.0,0,136.0430516327524,0,993,230.3939391085185,7.388110360073864,77,,
2018,7,11,15,0,8.8,55,75.4,7.4,21,60.0,0,94.0082234635678,0,993.3,221.3129398633037,6.330106985278842,85,,
2018,7,11,16,0,8.2,64,56.7,6.8,1,28.0,0,25.771146537669168,0,993.7,214.88618406836915,6.182611446471344,95,,
2018,7,11,17,0,7.6,74,64.1,6.1,0,0.0,0,0.0,0,994.2,207.90248126928884,6.001677958980058,106,,
2018,7,11,18,0,7.3,83,76.5,5.8,0,0.0,0,0.0,0,994.6,203.98858005127292,6.205684359686599,117,,
2018,7,11,19,0,7,92,82.5,5.7,0,0.0,0,0.0,0,994.9,208.50972485754644,6.7824240516378325,128,,
2018,7,11,20,0,6.8,104,86.5,5.7,0,0.0,0,0.0,0,995.2,214.90386668608585,6.226809990916934,139,,
2018,7,11,21,0,6.9,120,90.5,5.7,0,0.0,0,0.0,0,995.4,219.1334802399311,6.387748024038765,149,,
2018,7,11,22,0,7.2,147,86.8,5.9,0,0.0,0,0.0,0,995.5,219.36264806196408,6.194875680116326,158,,
2018,7,11,23,0,7.5,-175,83.3,6.1,0,0.0,0,0.0,0,995.6,220.33032418184013,5.49850183911634,160,,
2018,7,12,0,0,7.7,-140,83.5,6.4,0,0.0,0,0.0,0,995.7,213.14535992669548,5.405998141425332,156,,
2018,7,12,1,0,7.9,-116,89.5,6.7,0,0.0,0,0.0,0,995.9,211.8307851908789,5.401149041173167,147,,
2018,7,12,2,0,8.1,-101,92.8,7,0,0.0,0,0.0,0,996.1,215.45521882572817,5.403307097208729,137,,
2018,7,12,3,0,8.2,-90,92.6,7.2,0,0.0,0,0.0,0,996.4,204.76216516304893,5.94828680382146,126,,
2018,7,12,4,0,8.3,-81,78.2,7.4,0,0.0,0,0.0,0,996.7,201.23375519498268,5.967115667789296,114,,
2018,7,12,5,0,8.3,-72,80.1,7.6,0,0.0,0,0.0,0,997,211.33568742133,4.902048681125601,103,,
2018,7,12,6,0,8.6,-63,91.2,7.8,1,0.0,1,0.0,0,997.1,210.02584068575663,4.934134416712648,93,,
2018,7,12,7,0,8.9,-52,40.9,7.9,43,3.0,29,1.0000000000000002,0,997,197.97833496379,5.279766241131627,83,,
2018,7,12,8,0,9.3,-41,4.5,8,65,132.0,134,47.46181138376916,0,997,203.9554380541716,5.035829467987634,75,,
2018,7,12,9,0,9.8,-28,32.4,8.1,134,261.0,67,150.68585951311854,0,996.9,210.0775412681193,4.694079168894652,69,,
2018,7,12,10,0,10.3,-14,49.8,8.3,191,593.0,2,299.6845105517058,0,996.8,216.0471369516606,5.151654189372475,65,,
2018,7,12,11,0,10.9,2,27.9,8.5,192,652.0,104,389.0932045300952,0,996.7,219.2045722067118,3.468846199488751,63,,
2018,7,12,12,0,11.2,17,13.4,8.6,159,651.0,171,422.8714876559538,0,996.8,223.3153156821037,2.0434827577345613,65,,
2018,7,12,13,0,11.5,31,14.3,8.6,133,620.0,128,401.5811185584715,0,997,238.4552215294241,0.759724201553931,70,,
2018,7,12,14,0,11.7,44,19.6,8.7,101,542.0,52,323.1874591735583,0,997.3,59.37495576621853,1.182799850456698,77,,
2018,7,12,15,0,11.6,55,16.9,8.6,39,391.0,9,196.20647211392725,0,997.6,53.97166787157005,3.2180717364726563,85,,
2018,7,12,16,0,11.3,65,5.1,8.5,4,148.0,0,52.53301777146233,0,998,61.53647527514863,3.9812508096499495,95,,
2018,7,12,17,0,10.9,74,0,8.4,0,0.0,0,0.0,0,998.3,76.93956434606923,3.615998709248528,105,,
2018,7,12,18,0,10.7,83,0,8.2,0,0.0,0,0.0,0,998.6,85.5199036226843,3.031724283140296,117,,
2018,7,12,19,0,10.6,93,0,8,0,0.0,0,0.0,0,998.7,82.71632075976845,3.029081552158874,128,,
2018,7,12,20,0,10.6,104,0,7.8,0,0.0,0,0.0,0,998.8,85.91907465547456,2.7616407283569377,139,,
2018,7,12,21,0,10.6,120,0,7.9,0,0.0,0,0.0,0,998.8,75.82871462896185,2.864012620890103,149,,
2018,7,12,22,0,10.7,147,0,8.1,0,0.0,0,0.0,0,998.7,65.57509612253546,3.099137720424346,157,,
2018,7,12,23,0,10.8,-175,0,8.3,0,0.0,0,0.0,0,998.5,60.72636548300238,3.424092240708781,160,,
2018,7,13,0,0,10.7,-140,0,8.3,0,0.0,0,0.0,0,998.5,56.90737668645602,3.5651176355784164,156,,
2018,7,13,1,0,10.6,-117,0,8.2,0,0.0,0,0.0,0,998.4,51.93095427934173,3.635122282720901,147,,
2018,7,13,2,0,10.4,-102,0,8.1,0,0.0,0,0.0,0,998.4,53.515238633945785,3.559406585486233,137,,
2018,7,13,3,0,10.2,-90,0,7.8,0,0.0,0,0.0,0,998.5,52.15231107455429,3.5509076909045527,125,,
2018,7,13,4,0,9.9,-81,0,7.5,0,0.0,0,0.0,0,998.8,50.01906567435248,3.717588227180046,114,,
2018,7,13,5,0,9.7,-72,0,7.2,0,0.0,0,0.0,0,999.1,47.26787413894357,4.868625189732533,103,,
2018,7,13,6,0,9.7,-63,0,6.7,3,0.0,2,0.0,0,999.1,49.121834011608485,6.323866784313789,93,,
2018,7,13,7,0,10,-53,0,6,25,3.0,63,1.0000000000000002,0,999,41.95747549082455,7.552312325699994,83,,
2018,7,13,8,0,10.3,-41,0,5.3,46,93.0,173,41.263040985497895,0,998.8,41.32997751140573,7.6459075710181565,75,,
2018,7,13,9,0,10.5,-28,2.2,5.1,74,169.0,247,125.79185036237558,0,998.3,43.36255839265448,7.841798471186987,69,,
2018,7,13,10,0,10.7,-14,28.2,5.3,184,185.0,96,201.25930147868863,0,997.5,44.09049493931536,7.558673919331438,65,,
2018,7,13,11,0,10.9,2,36.3,5.5,250,281.0,14,284.5102660675474,0,996.8,45.68862810984655,7.0814193781084205,63,,
2018,7,13,12,0,10.9,17,63.1,5.9,139,338.0,8,326.7348562538692,0,996.4,49.19946786420712,7.242083872822208,65,,
2018,7,13,13,0,10.6,31,91.9,6.4,32,295.0,0,296.7761271665261,0,996.3,51.334434868258086,7.210034753038454,70,,
2018,7,13,14,0,10.3,44,80.8,6.9,27,270.0,0,240.30939739517936,0,996.2,54.07378446590485,7.106481453742203,77,,
2018,7,13,15,0,10,55,25.6,7,20,179.0,2,140.51881370315235,0,996.5,58.307488667012194,7.104032626150684,85,,
2018,7,13,16,0,9.5,65,0,6.6,4,75.0,1,39.10311664327793,0,997.1,66.2093660769703,6.884306023590264,95,,
2018,7,13,17,0,9.1,74,0,6.2,0,0.0,0,0.0,0,997.7,67.16035203375645,6.45270297261466,105,,
2018,7,13,18,0,8.7,83,0,5.6,0,0.0,0,0.0,0,998.1,62.69329394328395,6.014194675181419,116,,
2018,7,13,19,0,8.3,93,0.1,4.7,0,0.0,0,0.0,0,998.5,75.37563462157982,5.393741165852302,128,,
2018,7,13,20,0,8,104,5.6,3.8,0,0.0,0,0.0,0,998.8,77.60844560447674,4.598584057996441,139,,
2018,7,13,21,0,7.8,121,35.1,3.5,0,0.0,0,0.0,0,998.9,75.96566635955946,3.552827159640967,149,,
2018,7,13,22,0,7.7,147,18.1,3.6,0,0.0,0,0.0,0,999.1,96.31763159709988,1.98569163999798,157,,
2018,7,13,23,0,7.7,-176,0,3.8,0,0.0,0,0.0,0,999.2,192.9503970589374,1.6122987725133775,160,,
2018,7,14,0,0,7.5,-140,0,3.7,0,0.0,0,0.0,0,999.3,203.31609824013103,2.751029428794032,156,,
2018,7,14,1,0,7.2,-117,0,3.3,0,0.0,0,0.0,0,999.4,225.0795774203773,2.237332207765664,147,,
2018,7,14,2,0,7,-102,0,3,0,0.0,0,0.0,0,999.5,247.602479915015,2.013198752557833,137,,
2018,7,14,3,0,6.7,-91,0,2.8,0,0.0,0,0.0,0,999.5,263.2997330715755,1.793253591346947,125,,
2018,7,14,4,0,6.5,-81,0,2.7,0,0.0,0,0.0,0,999.6,284.055149845565,2.1533327686183097,114,,
2018,7,14,5,0,6.3,-72,0,2.7,0,0.0,0,0.0,0,999.6,304.4091755064607,2.02320350855255,103,,
2018,7,14,6,0,6.5,-63,0.5,2.8,4,0.0,0,0.0,0,999.4,310.7321066997092,1.5194175108874814,93,,
2018,7,14,7,0,6.8,-53,27.3,3,49,4.0,0,1.0000000000000002,0,999.2,302.30425359665696,1.805876913775596,83,,
2018,7,14,8,0,7.2,-41,45.6,3.2,115,136.0,0,47.95954707731688,0,999,289.6126106259944,1.7579986134654926,75,,
2018,7,14,9,0,7.5,-28,47.2,3.2,172,229.0,0,143.46445139587027,0,998.5,265.8437217823756,1.960478177931543,68,,
2018,7,14,10,0,7.7,-14,57.5,3.2,167,312.0,0,244.8433484293724,0,998,244.7700471636076,2.324263730936193,64,,
2018,7,14,11,0,7.8,2,72.6,3.1,114,346.0,0,312.48274120204496,0,997.4,232.514372971485,3.0942704697352803,63,,
2018,7,14,12,0,7.8,17,64.7,3.4,133,447.0,0,370.654471286502,0,997,230.096456275676,3.235686741078302,65,,
2018,7,14,13,0,7.7,31,60.8,4,119,475.0,0,367.275902303542,0,996.8,235.7563984318611,4.212383482026241,70,,
2018,7,14,14,0,7.5,44,45.3,4.6,92,274.0,0,247.54162074958435,0,996.5,250.8400963901477,4.570304837994796,76,,
2018,7,14,15,0,7.4,55,62.5,4.9,34,79.0,0,105.24540811390548,0,996.5,270.0,6.21435546875,85,,
2018,7,14,16,0,7.3,65,71.7,5,1,34.0,0,29.0166504927533,0,996.8,258.6534688962196,6.671157910049285,95,,
2018,7,14,17,0,7.2,74,69.3,5,0,0.0,0,0.0,0,997,239.73467158384827,7.360959674119194,105,,
2018,7,14,18,0,7,83,66.1,5,0,0.0,0,0.0,0,997.6,233.06967558088223,8.009574766938497,116,,
2018,7,14,19,0,6.7,93,65.7,4.8,0,0.0,0,0.0,0,998.5,233.70510190657643,8.076822736683635,128,,
2018,7,14,20,0,6.5,104,67.7,4.7,0,0.0,0,0.0,0,999.3,232.04311794973643,8.403856046490688,139,,
2018,7,14,21,0,6.4,121,67,4.8,0,0.0,0,0.0,0,1000.1,236.431365077154,7.571891364136196,149,,
2018,7,14,22,0,6.4,147,57,5.1,0,0.0,0,0.0,0,1000.8,243.6861370083317,7.147625040046015,157,,
2018,7,14,23,0,6.4,-176,51.3,5.3,0,0.0,0,0.0,0,1001.5,252.3899151179025,6.960974782036849,160,,
2018,7,15,0,0,6.4,-141,50.4,5.3,0,0.0,0,0.0,0,1002.2,257.7307313678567,6.214199840820653,156,,
2018,7,15,1,0,6.3,-117,18.1,5,0,0.0,0,0.0,0,1003,251.0652915121877,6.310975868049909,147,,
2018,7,15,2,0,6.1,-102,0,4.7,0,0.0,0,0.0,0,1003.7,257.7411921531633,6.574718272769354,137,,
2018,7,15,3,0,6,-91,0,4.4,0,0.0,0,0.0,0,1004.6,267.341412324538,7.289828743682581,125,,
2018,7,15,4,0,5.9,-81,0,4.1,0,0.0,0,0.0,0,1005.5,264.01017524062195,7.138091913087632,114,,
2018,7,15,5,0,5.8,-72,0,3.8,0,0.0,0,0.0,0,1006.4,259.97259460869,7.508494216184617,103,,
2018,7,15,6,0,6.1,-63,0,3.7,3,0.0,2,0.0,0,1007.4,262.0092414030977,7.637880678882014,93,,
2018,7,15,7,0,6.5,-53,1.1,3.7,29,0.0,59,0.0,0,1008.5,277.7005733969419,8.700040222628559,83,,
2018,7,15,8,0,7,-41,1.6,3.8,53,4.0,166,15.151777509567324,0,1009.5,293.1941491279158,8.684593390251063,75,,
2018,7,15,9,0,7.5,-28,1.5,3.8,64,20.0,268,67.8317273340476,0,1010.2,341.03390222425395,5.7548051379296,68,,
2018,7,15,10,0,8.1,-14,1.4,3.8,70,46.0,335,143.66471303194484,0,1010.4,353.546770314104,7.229154021080749,64,,
2018,7,15,11,0,8.7,2,1.3,3.8,70,44.0,357,172.96025800515682,0,1010.7,346.89371671268134,8.741375027180679,63,,
2018,7,15,12,0,9,17,1.2,3.7,67,54.0,330,194.4853719440106,0,1011,348.24982188234526,9.010595826295376,65,,
2018,7,15,13,0,9.1,31,1.4,3.6,61,16.0,255,121.2223038832806,0,1011.3,348.8016349630741,9.884731597932271,69,,
2018,7,15,14,0,9.2,44,1.4,3.6,48,14.0,149,92.63097675350672,0,1011.6,353.3768631619336,9.406772386740055,76,,
2018,7,15,15,0,8.9,55,0.5,3.4,22,30.0,44,80.27916751814317,0,1012.2,351.93517348262816,8.909896492255161,85,,
2018,7,15,16,0,8.3,65,0,3.2,4,8.0,3,17.434203440029876,0,1012.9,352.33191701360505,8.131060119247373,95,,
2018,7,15,17,0,7.6,74,0,3,0,0.0,0,0.0,0,1013.6,354.2919158736878,7.766537357517252,105,,
2018,7,15,18,0,7,83,0.6,2.9,0,0.0,0,0.0,0,1014.2,352.2321943372334,7.398701458646222,116,,
2018,7,15,19,0,6.4,93,33.5,3,0,0.0,0,0.0,0,1014.7,343.87898985745034,6.60849606416638,128,,
2018,7,15,20,0,5.8,105,51.8,3,0,0.0,0,0.0,0,1015.2,338.2911258931698,6.2036649963793495,139,,
2018,7,15,21,0,5.5,121,51.8,3.1,0,0.0,0,0.0,0,1015.6,333.73976036520247,6.033865885146255,149,,
2018,7,15,22,0,5.3,147,51.8,3.1,0,0.0,0,0.0,0,1015.8,326.07249330325124,5.343030301088276,157,,
2018,7,15,23,0,5.1,-176,51.8,3.1,0,0.0,0,0.0,0,1016.1,313.6274467921656,5.131449153998748,160,,
2018,7,16,0,0,4.8,-141,51.7,3,0,0.0,0,0.0,0,1016.2,290.9585722022628,5.368880780795394,156,,
2018,7,16,1,0,4.6,-117,71.7,2.9,0,0.0,0,0.0,0,1016.2,277.62706979138693,5.387753647942552,147,,
2018,7,16,2,0,4.3,-102,82.2,2.7,0,0.0,0,0.0,0,1016.2,285.51520975975075,6.561365197475483,136,,
2018,7,16,3,0,4.1,-91,41.7,2.6,0,0.0,0,0.0,0,1016.3,292.0110814529272,6.838539565629096,125,,
2018,7,16,4,0,4,-81,6.9,2.5,0,0.0,0,0.0,0,1016.4,285.28422148670177,7.4194064642864275,114,,
2018,7,16,5,0,4,-72,0,2.4,0,0.0,0,0.0,0,1016.5,285.3428349817393,8.657681966423047,103,,
2018,7,16,6,0,4.4,-63,0,2.6,4,0.0,2,0.0,0,1016.6,279.0058898197364,7.476939432015937,93,,
2018,7,16,7,0,5.3,-53,0,3,29,2.0,62,2.0,0,1016.6,288.9776833727245,9.886498640572643,83,,
2018,7,16,8,0,6.2,-41,0.9,3.4,57,10.0,164,25.39518188585338,0,1016.5,283.36435998410093,10.06378871946286,75,,
2018,7,16,9,0,7.1,-28,1.4,3.4,73,5.0,261,41.96736443534279,0,1016.2,281.7933609908243,8.761857669866789,68,,
2018,7,16,10,0,7.9,-14,1.6,3.1,82,9.0,322,81.88802757193676,0,1015.7,300.9031052590679,10.718960665420411,64,,
2018,7,16,11,0,8.7,1,1.8,2.7,87,19.0,338,130.79864043813666,0,1015.1,293.6989091656618,14.295635303051142,63,,
2018,7,16,12,0,9,17,1.7,2.6,83,21.0,312,143.5724562596756,0,1014.6,286.0294306434342,12.644194359544237,65,,
2018,7,16,13,0,9,31,1.5,2.8,70,9.0,246,96.08486374378003,0,1014.2,279.28822578874247,11.703247072222377,69,,
2018,7,16,14,0,9,44,2,2.9,52,3.0,146,45.21415404663501,0,1013.7,304.07344543933004,13.7222980894481,76,,
2018,7,16,15,0,8.7,55,33.4,3,22,3.0,38,30.935334299828536,0,1013.5,307.54163688404526,12.719526506194269,85,,
2018,7,16,16,0,8.1,65,18.4,3,3,15.0,0,22.7247850087867,0,1013.4,314.58959922218304,13.183494775471216,94,,
2018,7,16,17,0,7.5,74,0,3,0,0.0,0,0.0,0,1013.3,342.22010562898464,13.465419782419088,105,,
2018,7,16,18,0,7.1,83,0,3.2,0,0.0,0,0.0,0,1013.2,337.6165461826985,12.38002575825429,116,,
2018,7,16,19,0,6.7,93,0,3.4,0,0.0,0,0.0,0,1012.9,327.341465996138,12.186419786363537,127,,
2018,7,16,20,0,6.3,105,0,3.7,0,0.0,0,0.0,0,1012.6,315.30468193186994,12.498668869190922,139,,
2018,7,16,21,0,6.4,121,0,4,0,0.0,0,0.0,0,1012.3,309.2899026361318,13.896377884757698,149,,
2018,7,16,22,0,6.7,147,0,4.3,0,0.0,0,0.0,0,1012,305.64167460429485,14.948063279694503,157,,
2018,7,16,23,0,7.1,-176,0,4.6,0,0.0,0,0.0,0,1011.6,300.9410408073409,14.996329851967346,160,,
2018,7,17,0,0,7.4,-141,0.9,4.7,0,0.0,0,0.0,0,1011.2,297.5885155581737,15.434388509305366,156,,
2018,7,17,1,0,7.5,-118,44.6,4.8,0,0.0,0,0.0,0,1010.8,297.0426391020878,16.321024468771427,147,,
2018,7,17,2,0,7.7,-102,71.8,4.8,0,0.0,0,0.0,0,1010.4,300.72226421278503,16.85788285525996,136,,
2018,7,17,3,0,7.8,-91,54.8,4.8,0,0.0,0,0.0,0,1010.2,302.3779533617742,17.133095534979123,125,,
2018,7,17,4,0,7.9,-82,16,4.9,0,0.0,0,0.0,0,1010,298.4124778260981,16.476637167691326,114,,
2018,7,17,5,0,8,-73,0,5,0,0.0,0,0.0,0,1009.9,292.6083657487944,16.375319590616602,103,,
2018,7,17,6,0,8.2,-63,0,5.2,4,0.0,2,0.0,0,1010,287.4865167448502,15.676344406312705,92,,
2018,7,17,7,0,8.4,-53,0,5.5,31,6.0,57,2.0000000000000004,0,1010.2,283.6068556680032,16.56879858954524,83,,
2018,7,17,8,0,8.7,-42,0,5.8,57,203.0,162,58.36136722762549,0,1010.5,277.5418303703333,16.329986469808652,75,,
2018,7,17,9,0,8.8,-29,0,5.6,65,383.0,271,181.86124558454216,0,1010.7,270.38163551707964,17.48378628071158,68,,
2018,7,17,10,0,8.8,-14,0,5.1,69,482.0,343,296.7276376249473,0,1011,267.12017037557706,18.922334402415355,64,,
2018,7,17,11,0,8.8,1,0,4.4,73,473.0,362,362.2637628124796,0,1011.3,268.6995997679755,19.85887440246364,63,,
2018,7,17,12,0,8.5,17,1,3.7,82,260.0,317,314.163928096979,0,1011.7,273.81000254954625,20.564248219412192,65,,
2018,7,17,13,0,8,31,1.4,3,79,73.0,236,197.3201138985969,0,1012.3,280.12282240875487,21.54163205659276,69,,
2018,7,17,14,0,7.5,44,1.2,2.2,62,13.0,134,89.29492317840102,0,1012.9,289.5719199341054,20.64472029354911,76,,
2018,7,17,15,0,7,55,0.4,1.5,28,6.0,37,42.88592051479685,0,1013.7,1.813391058131458,12.560245351919637,85,,
2018,7,17,16,0,6.6,65,0,0.9,5,1.0,2,7.184089780516631,0,1014.7,357.87464753260105,11.19129244495201,94,,
2018,7,17,17,0,6.1,74,0,0.2,0,0.0,0,0.0,0,1015.6,18.23829873872092,10.684716662544828,105,,
2018,7,17,18,0,5.8,83,0,-0.2,0,0.0,0,0.0,0,1016.4,19.8340806941394,11.49980560687835,116,,
2018,7,17,19,0,5.5,93,0,-0.5,0,0.0,0,0.0,0,1017,16.36540579783457,12.232930776579984,127,,
2018,7,17,20,0,5.2,105,0,-0.7,0,0.0,0,0.0,0,1017.6,11.90904826936827,14.06219032158545,138,,
2018,7,17,21,0,5.2,121,0,-0.6,0,0.0,0,0.0,0,1018.1,8.616090609438345,13.261974726637758,149,,
2018,7,17,22,0,5.4,147,0,-0.2,0,0.0,0,0.0,0,1018.6,8.130381480856272,14.17445261350807,157,,
2018,7,17,23,0,5.6,-176,0,0.2,0,0.0,0,0.0,0,1019.1,3.560132800584768,14.810564184247898,159,,
2018,7,18,0,0,5.6,-141,0,0.4,0,0.0,0,0.0,0,1019.4,0.0,14.991943359375,155,,
2018,7,18,1,0,5.5,-118,0,0.4,0,0.0,0,0.0,0,1019.7,352.5024448629371,14.40514017410294,147,,
2018,7,18,2,0,5.3,-103,0,0.3,0,0.0,0,0.0,0,1020,354.5442005265303,13.804479835990586,136,,
2018,7,18,3,0,5,-91,0,0.4,0,0.0,0,0.0,0,1020.2,355.59701173516964,13.02574692852427,125,,
2018,7,18,4,0,4.8,-82,0,0.5,0,0.0,0,0.0,0,1020.5,349.79274295947715,12.243581766702896,114,,
2018,7,18,5,0,4.5,-73,0,0.6,0,0.0,0,0.0,0,1020.8,341.13667253663505,11.875085980957358,103,,
2018,7,18,6,0,4.9,-63,0,1.1,4,0.0,3,0.0,0,1021.1,333.5475040089042,12.227428515296866,92,,
2018,7,18,7,0,5.7,-53,0,1.8,26,3.0,70,2.0,0,1021.5,323.65446192313743,12.399542698580102,83,,
2018,7,18,8,0,6.6,-42,0.9,2.5,50,23.0,180,32.98801269031566,0,1021.9,314.96021843294,13.426400404264282,74,,
2018,7,18,9,0,7.3,-29,0.5,2.7,56,41.0,291,93.09945786284128,0,1022.1,313.4490565004903,14.58078728475932,68,,
2018,7,18,10,0,8,-14,0,2.5,56,111.0,365,194.11725490686248,0,1022.1,308.5193995636721,16.165634287196024,64,,
2018,7,18,11,0,8.6,1,1.1,2.2,67,61.0,371,197.33218935627517,0,1022,307.7841817236953,17.240378543764805,63,,
2018,7,18,12,0,8.9,17,1.4,2.3,68,28.0,337,164.90537528640186,0,1022,303.329351408093,16.681693086495873,64,,
2018,7,18,13,0,8.9,31,1.3,2.6,61,10.0,264,105.5909114832174,0,1021.9,301.35225263510114,19.42668084110312,69,,
2018,7,18,14,0,8.8,44,1.4,2.9,49,6.0,155,69.45977491198931,0,1021.8,304.932627706302,20.56815246675017,76,,
2018,7,18,15,0,8.5,55,0.5,2.9,25,3.0,46,34.95079069412555,0,1021.8,306.6532786917781,20.289598132537176,84,,
2018,7,18,16,0,7.8,65,0,2.8,5,1.0,3,7.186586483755899,0,1022,309.5642421745821,20.19380822989434,94,,
2018,7,18,17,0,7.2,74,0,2.7,0,0.0,0,0.0,0,1022.3,310.83784814178193,20.44123573166494,105,,
2018,7,18,18,0,6.4,84,0,2.4,0,0.0,0,0.0,0,1022.4,310.86310071771214,19.953176287747205,116,,
2018,7,18,19,0,5.5,93,0,2,0,0.0,0,0.0,0,1022.5,305.7212658002724,19.36214263135552,127,,
2018,7,18,20,0,4.6,105,0,1.6,0,0.0,0,0.0,0,1022.6,306.4775267828871,20.17122493969988,138,,
2018,7,18,21,0,4.4,121,0,1.4,0,0.0,0,0.0,0,1022.5,304.9429958520713,20.500166271570503,149,,
2018,7,18,22,0,4.8,147,0,1.3,0,0.0,0,0.0,0,1022.5,305.0355097048032,21.106568475341945,157,,
2018,7,18,23,0,5.3,-176,0,1.2,0,0.0,0,0.0,0,1022.4,303.1878110786108,21.450969715584648,159,,
2018,7,19,0,0,5.5,-142,0,1.3,0,0.0,0,0.0,0,1022.2,302.38769781151194,21.137154357008427,155,,
2018,7,19,1,0,5.5,-118,0,1.4,0,0.0,0,0.0,0,1022,296.4796564745077,21.31767818884664,147,,
2018,7,19,2,0,5.4,-103,0,1.6,0,0.0,0,0.0,0,1021.8,329.79470248158987,16.381350547091895,136,,
2018,7,19,3,0,5.6,-92,0,1.8,0,0.0,0,0.0,0,1021.7,316.87863051009134,12.912329509602944,125,,
2018,7,19,4,0,6,-82,0,2.1,0,0.0,0,0.0,0,1021.6,304.0459847398133,13.222257455421346,114,,
2018,7,19,5,0,6.4,-73,0,2.5,0,0.0,0,0.0,0,1021.6,300.48710406564805,12.69824322251126,103,,
2018,7,19,6,0,6.9,-63,0.8,2.7,5,0.0,2,0.0,0,1021.8,310.6512923568713,14.110945034436927,92,,
2018,7,19,7,0,7.4,-53,40,3,38,1.0,1,1.0,0,1022.1,321.9425394395009,13.60800104399357,83,,
2018,7,19,8,0,7.9,-42,73.3,3.3,56,9.0,0,25.40340344841658,0,1022.5,332.5496596669768,12.26053150380343,74,,
2018,7,19,9,0,8.3,-29,79.4,3.5,72,16.0,0,72.19576110789684,0,1022.5,339.19123984023656,11.687140851953965,68,,
2018,7,19,10,0,8.6,-14,72.4,3.8,117,16.0,0,108.2443838639387,0,1022.1,344.5784971773052,12.00422552834278,64,,
2018,7,19,11,0,8.9,1,69.6,4.2,135,18.0,0,136.52111395366978,0,1021.8,343.0041578011662,12.142621920615412,62,,
2018,7,19,12,0,9,17,71.4,4.3,117,24.0,0,160.12592858911893,0,1021.5,341.20544250405067,12.37466238505351,64,,
2018,7,19,13,0,9,31,63.7,4.4,116,23.0,0,146.62200060051393,0,1021.2,341.7614083982691,11.939675587235746,69,,
2018,7,19,14,0,8.9,44,46.8,4.5,103,22.0,0,118.07937259454864,0,1020.9,337.71410316601964,11.666626974730866,76,,
2018,7,19,15,0,8.6,55,14.5,4.4,43,11.0,6,59.51567820178025,0,1020.8,335.9710367748774,12.093162712110525,84,,
2018,7,19,16,0,8.2,65,0,4.2,5,6.0,3,18.134846844996524,0,1020.9,329.6317689877244,12.22211160784335,94,,
2018,7,19,17,0,7.8,75,0,3.9,0,0.0,0,0.0,0,1021.1,328.06319943931146,12.626017484643596,105,,
2018,7,19,18,0,7.4,84,1,3.9,0,0.0,0,0.0,0,1021.2,333.055404737215,12.345265882100117,116,,
2018,7,19,19,0,7,93,52.9,3.9,0,0.0,0,0.0,0,1021.4,333.5792081591936,12.662430156202586,127,,
2018,7,19,20,0,6.6,105,81.9,4,0,0.0,0,0.0,0,1021.5,338.95462908791427,11.499740665040989,138,,
2018,7,19,21,0,6.6,122,80.8,4.1,0,0.0,0,0.0,0,1021.5,345.5963482420978,11.14549904467576,148,,
2018,7,19,22,0,6.9,147,29,4.2,0,0.0,0,0.0,0,1021.5,352.0799728419148,10.141906001995178,156,,
2018,7,19,23,0,7.3,-176,0,4.3,0,0.0,0,0.0,0,1021.4,352.9497445730944,9.491935723501664,159,,
2018,7,20,0,0,7.5,-142,0,4.3,0,0.0,0,0.0,0,1021.2,353.9940583976042,9.557342584597349,155,,
2018,7,20,1,0,7.6,-118,0,4.3,0,0.0,0,0.0,0,1021.1,351.8143764009365,10.97410904693791,147,,
2018,7,20,2,0,7.6,-103,0,4.3,0,0.0,0,0.0,0,1020.9,350.8234072567945,12.82107292956021,136,,
2018,7,20,3,0,7.7,-92,0,4.3,0,0.0,0,0.0,0,1020.8,350.68640109069497,13.545261900799916,125,,
2018,7,20,4,0,7.7,-82,0,4.2,0,0.0,0,0.0,0,1020.8,346.7123781780426,13.518903059143648,114,,
2018,7,20,5,0,7.7,-73,0,4.2,0,0.0,0,0.0,0,1020.8,346.6328708302181,12.8992628368368,103,,
2018,7,20,6,0,8,-64,0.8,4.2,5,0.0,2,0.0,0,1021,341.47078228127765,13.654866209562009,92,,
2018,7,20,7,0,8.6,-53,40.8,4.2,37,0.0,1,1.0,0,1021.4,338.6713987304273,14.569918378147731,83,,
2018,7,20,8,0,9.1,-42,74,4.2,54,1.0,0,10.04678573740866,0,1021.7,338.3168330867258,14.850354391823894,74,,
2018,7,20,9,0,9.6,-29,82.3,4.4,60,1.0,0,22.202021549973026,0,1021.5,346.60592690656364,14.396719953788056,68,,
2018,7,20,10,0,9.9,-14,84.6,4.6,64,2.0,0,42.6605309278402,0,1020.9,18.75691596697732,11.815493512172386,64,,
2018,7,20,11,0,10.2,1,82.6,4.8,76,7.0,0,87.94344630689496,0,1020.2,46.92226929302251,11.857616751584857,62,,
2018,7,20,12,0,10.2,17,74,4.8,105,49.0,0,188.85084776299652,0,1019.6,50.58185551795617,12.430895968996689,64,,
2018,7,20,13,0,10.2,31,74.6,4.9,85,125.0,0,239.08042335761849,0,1019.1,46.09188472908125,12.257304594994256,69,,
2018,7,20,14,0,10.1,44,65.9,4.8,64,148.0,0,209.4953475616862,0,1018.5,51.844677720601055,13.614754300210274,76,,
2018,7,20,15,0,9.9,55,22.2,4.8,32,139.0,5,140.806543227679,0,1018.2,56.5157825539203,13.060931065896993,84,,
2018,7,20,16,0,9.8,65,33.5,4.7,6,73.0,3,46.99792328699148,0,1018.1,55.13498727385888,15.338735341747515,94,,
2018,7,20,17,0,9.6,75,52,4.6,0,0.0,0,0.0,0,1018,56.38850216369616,14.51721928549598,105,,
2018,7,20,18,0,9.3,84,52,4.4,0,0.0,0,0.0,0,1017.8,55.89083430669888,14.219041934527196,116,,
2018,7,20,19,0,8.9,94,52,4.3,0,0.0,0,0.0,0,1017.7,52.15831126033862,13.375800841857275,127,,
2018,7,20,20,0,8.5,105,52,4.1,0,0.0,0,0.0,0,1017.5,50.58906347276513,13.937532589536463,138,,
2018,7,20,21,0,8.6,122,51.4,4.2,0,0.0,0,0.0,0,1017.2,53.90850051827079,13.53581943841373,148,,
2018,7,20,22,0,9.2,148,18.4,4.5,0,0.0,0,0.0,0,1016.8,56.59925910556109,13.50311336335853,156,,
2018,7,20,23,0,9.8,-176,0,4.8,0,0.0,0,0.0,0,1016.4,55.84037302054651,12.236588057476627,159,,
2018,7,21,0,0,10.1,-142,0.9,5.1,0,0.0,0,0.0,0,1016,52.6316131246914,12.004751221014631,155,,
2018,7,21,1,0,10.2,-119,44.6,5.4,0,0.0,0,0.0,0,1015.5,49.17489910880829,11.145099142736605,147,,
2018,7,21,2,0,10.2,-103,69,5.7,0,0.0,0,0.0,0,1015.1,43.76398127309472,11.708483481490852,136,,
2018,7,21,3,0,10.2,-92,68.8,5.9,0,0.0,0,0.0,0,1014.7,41.8983263308474,10.094857624565254,125,,
2018,7,21,4,0,10.3,-82,58,6.1,0,0.0,0,0.0,0,1014.4,41.91612180181125,9.623579716239346,114,,
2018,7,21,5,0,10.3,-73,51.9,6.3,0,0.0,0,0.0,0,1014.1,39.31013895527491,10.44399238296028,103,,
2018,7,21,6,0,10.6,-64,51,6.4,5,0.0,0,0.0,0,1013.9,39.81177799962575,9.810732205413894,92,,
2018,7,21,7,0,11.1,-54,35.2,6.5,66,2.0,2,2.0,0,1013.8,30.844364479381,9.604527796963888,82,,
2018,7,21,8,0,11.6,-42,49.1,6.5,102,57.0,3,46.784252552276186,0,1013.7,29.02523957767562,9.71641685471152,74,,
2018,7,21,9,0,11.9,-29,31.4,6.5,146,68.0,103,111.89964490084895,0,1013.1,28.95618185201124,9.138495003084588,68,,
2018,7,21,10,0,12,-14,37.7,6.4,199,141.0,58,203.9324353962901,0,1012.2,27.901953773186847,8.38600911166194,63,,
2018,7,21,11,0,12,1,55.7,6.3,196,214.0,0,282.57305743266926,0,1011.1,29.12220010843032,8.10016454850353,62,,
2018,7,21,12,0,12.1,17,56.9,6.4,177,210.0,0,299.53101849432755,0,1010.1,28.81848782165258,7.566774756143392,64,,
2018,7,21,13,0,12.1,31,64.5,6.6,120,211.0,0,285.6512525468441,0,1009.1,21.105968432672512,6.484309644254838,68,,
2018,7,21,14,0,12.2,44,73.5,6.8,57,97.0,0,182.584025846883,0,1008.1,10.166039654181134,4.957468967936967,75,,
2018,7,21,15,0,12.3,55,76.5,6.9,17,26.0,0,78.45403354798299,0,1007.4,356.288278532656,4.827264363391924,84,,
2018,7,21,16,0,12.4,65,76.7,7,2,11.0,0,22.1386068319326,0,1007,355.8458435062427,4.623964683538094,94,,
2018,7,21,17,0,12.5,75,60.9,7,0,0.0,0,0.0,0,1006.6,350.07470448306026,3.6260472133337984,104,,
2018,7,21,18,0,12.6,84,55.3,7,0,0.0,0,0.0,0,1006.2,340.444589604933,3.1743108106516016,116,,
2018,7,21,19,0,12.7,94,53.2,7,0,0.0,0,0.0,0,1005.9,331.3563610697306,2.086112954407967,127,,
2018,7,21,20,0,12.7,106,51,7.1,0,0.0,0,0.0,0,1005.6,283.1440306945517,2.6314397680031223,138,,
2018,7,21,21,0,12.8,122,51,7.2,0,0.0,0,0.0,0,1005.1,276.2675808252525,3.2336835628920486,148,,
2018,7,21,22,0,13,148,51.6,7.3,0,0.0,0,0.0,0,1004.4,276.4604822155604,4.250625571323934,156,,
2018,7,21,23,0,13.2,-176,52,7.4,0,0.0,0,0.0,0,1003.8,269.0319971532292,4.711121563454995,159,,
2018,7,22,0,0,13,-142,51.9,7.6,0,0.0,0,0.0,0,1003.5,259.3871419268385,5.183145079638811,155,,
2018,7,22,1,0,12.6,-119,78.2,7.9,0,0.0,0,0.0,0,1003.5,252.5400535322877,6.365545859240502,146,,
2018,7,22,2,0,12.1,-103,93.1,8.2,0,0.0,0,0.0,0,1003.5,257.8751552901552,5.585038871775005,136,,
2018,7,22,3,0,11.6,-92,96.1,8.4,0,0.0,0,0.0,0,1003.3,256.5895668094796,5.058081370440923,125,,
2018,7,22,4,0,11.3,-82,35.3,8.6,0,0.0,0,0.0,0,1003.1,251.56333763281577,5.1629432700359965,114,,
2018,7,22,5,0,10.9,-73,0.6,8.8,0,0.0,0,0.0,0,1002.8,248.30533052371976,6.035154299442507,102,,
2018,7,22,6,0,10.8,-64,28.7,8.8,4,0.0,0,0.0,0,1002.8,248.8986514625024,6.953576319759484,92,,
2018,7,22,7,0,10.9,-54,58.4,8.8,28,1.0,0,1.0,0,1003,254.5611206019796,6.369238372211763,82,,
2018,7,22,8,0,11,-42,78,8.8,40,12.0,0,27.612059828352496,0,1003.3,249.77666654373,6.337987847897648,74,,
2018,7,22,9,0,10.9,-29,74.8,8.8,87,12.0,0,63.48267246097044,0,1003.7,248.5913104785612,5.966101578129698,67,,
2018,7,22,10,0,10.7,-14,46.4,8.8,220,22.0,6,110.38185961986898,0,1004.2,252.98544056460617,5.902132632647403,63,,
2018,7,22,11,0,10.5,1,30.1,8.8,269,59.0,38,186.1385588970708,0,1004.8,260.5380462133014,6.2419036399647965,62,,
2018,7,22,12,0,10.4,17,11.6,8.5,154,155.0,206,268.1806836931955,0,1005.4,275.9631695914265,7.092332526096379,64,,
2018,7,22,13,0,10.4,31,3.7,8.1,95,326.0,221,330.3891516726428,0,1006,280.8444704715976,9.89571662064374,68,,
2018,7,22,14,0,10.5,44,2.5,7.6,74,338.0,124,285.4149106210457,0,1006.7,277.59727334454533,9.489797164037634,75,,
2018,7,22,15,0,10.5,56,0.5,7.2,33,192.0,37,159.9804683520575,0,1007.3,270.6765568688322,9.076804667463476,84,,
2018,7,22,16,0,10.4,66,0.6,6.9,7,64.0,2,45.61689618639049,0,1008,263.5309066768293,8.67633794091738,94,,
2018,7,22,17,0,10.3,75,32.9,6.5,0,0.0,0,0.0,0,1008.6,257.6424039030142,9.13648859641771,104,,
2018,7,22,18,0,10.1,84,19.1,6.2,0,0.0,0,0.0,0,1009.3,261.6564062907007,8.673097768269239,115,,
2018,7,22,19,0,9.9,94,33.6,5.9,0,0.0,0,0.0,0,1010.1,257.2248124363948,9.083252478088028,127,,
2018,7,22,20,0,9.7,106,52,5.6,0,0.0,0,0.0,0,1010.8,260.2700832221691,9.77117001082918,138,,
2018,7,22,21,0,9.8,122,51.4,5.7,0,0.0,0,0.0,0,1011.4,269.726016914729,10.211054245997191,148,,
2018,7,22,22,0,10.1,148,18.4,6.2,0,0.0,0,0.0,0,1011.7,269.8569748234144,12.42093713686715,156,,
2018,7,22,23,0,10.5,-176,0,6.7,0,0.0,0,0.0,0,1012.1,264.03403243974026,13.184446609602784,159,,
2018,7,23,0,0,10.7,-143,0,7,0,0.0,0,0.0,0,1012.3,257.8768077726341,12.987394796538316,155,,
2018,7,23,1,0,10.7,-119,0,7.1,0,0.0,0,0.0,0,1012.5,255.3357524461826,12.414649841453508,146,,
2018,7,23,2,0,10.7,-104,0,7.1,0,0.0,0,0.0,0,1012.7,247.5040982438132,13.289300184237971,136,,
2018,7,23,3,0,10.6,-92,0.6,7.2,0,0.0,0,0.0,0,1012.9,252.43035143768623,12.8368678925367,125,,
2018,7,23,4,0,10.4,-83,32.9,7.3,0,0.0,0,0.0,0,1013.1,247.3667806490585,13.375282064030555,113,,
2018,7,23,5,0,10.3,-73,19.1,7.4,0,0.0,0,0.0,0,1013.4,250.35712967314072,13.57255337166248,102,,
2018,7,23,6,0,10.5,-64,32.9,7.7,5,0.0,0,0.0,0,1013.7,255.285215160629,12.86506040000006,92,,
2018,7,23,7,0,11,-54,50.5,8,48,1.0,3,1.0,0,1014.2,247.9144378566324,13.072233053269697,82,,
2018,7,23,8,0,11.5,-42,18.9,8.4,71,78.0,135,51.15435800099778,0,1014.6,241.98338722630325,13.53375528634774,74,,
2018,7,23,9,0,11.8,-29,1.7,8.4,85,201.0,257,153.1033252667436,0,1014.6,238.77994465244555,13.600149724378085,67,,
2018,7,23,10,0,11.9,-14,11.9,8,170,180.0,200,227.8974573059509,0,1014.3,242.26338257506,13.93739479820679,63,,
2018,7,23,11,0,11.9,1,7.6,7.6,138,151.0,273,261.7800667914264,0,1014,242.6810051671672,14.678414838275192,62,,
2018,7,23,12,0,11.8,17,1.7,7.6,90,93.0,318,240.1895747947941,0,1013.6,240.0998842403468,15.234010494468704,64,,
2018,7,23,13,0,11.7,31,1.8,7.7,79,61.0,249,198.88801500654264,0,1013.1,241.8960686208594,15.229752982873428,68,,
2018,7,23,14,0,11.5,44,1.8,7.9,61,35.0,148,135.85291957840693,0,1012.7,242.06832552030136,15.134667719535283,75,,
2018,7,23,15,0,11.1,56,0.6,8,30,11.0,47,58.64047234278283,0,1012.4,240.96055944533936,14.604834284421782,84,,
2018,7,23,16,0,10.6,66,0,8.1,6,2.0,4,10.399822977404977,0,1012.2,236.17052193439883,15.027598677104804,94,,
2018,7,23,17,0,10.1,75,0,8.2,0,0.0,0,0.0,0,1011.9,233.6925136815014,16.31621573503398,104,,
2018,7,23,18,0,9.7,84,0,8.2,0,0.0,0,0.0,0,1011.6,238.53218235493003,17.352509800361755,115,,
2018,7,23,19,0,9.3,94,0,8.1,0,0.0,0,0.0,0,1011.1,242.1690703991017,18.05388574705941,127,,
2018,7,23,20,0,9,106,0,8,0,0.0,0,0.0,0,1010.6,253.4195187976683,17.67817658269679,138,,
2018,7,23,21,0,9.2,122,0,8,0,0.0,0,0.0,0,1009.9,251.76422457935587,17.989423088091893,148,,
2018,7,23,22,0,9.7,148,0,8.2,0,0.0,0,0.0,0,1009,255.8750576613283,17.250307788729028,156,,
2018,7,23,23,0,10.2,-176,0,8.4,0,0.0,0,0.0,0,1008,270.599296118217,17.109334353394324,158,,
2018,7,24,0,0,10.5,-143,0,8.6,0,0.0,0,0.0,0,1007.1,283.2139458365125,17.48165549400222,155,,
2018,7,24,1,0,10.6,-119,0,8.7,0,0.0,0,0.0,0,1006.1,313.376162623147,15.699206891118278,146,,
2018,7,24,2,0,10.7,-104,0,8.8,0,0.0,0,0.0,0,1005.2,338.6835885367978,15.671235076222915,136,,
2018,7,24,3,0,10.7,-92,0,8.9,0,0.0,0,0.0,0,1004.2,340.2924389545594,14.113292348832518,125,,
2018,7,24,4,0,10.5,-83,0,8.8,0,0.0,0,0.0,0,1003.2,347.32389510372,13.874803535256142,113,,
2018,7,24,5,0,10.4,-74,0,8.7,0,0.0,0,0.0,0,1002.2,335.98778522639526,13.538590211109373,102,,
2018,7,24,6,0,10.5,-64,0.7,8.9,8,0.0,1,0.0,0,1001.4,336.00210796769124,13.23884238018804,92,,
2018,7,24,7,0,10.8,-54,38.9,9.2,38,1.0,1,1.0,0,1000.6,328.79059592486453,13.535532998130227,82,,
2018,7,24,8,0,11.1,-42,73,9.5,52,9.0,0,27.500529790969352,0,999.9,325.2950787311338,13.49537524948204,74,,
2018,7,24,9,0,11.3,-29,81.8,9.7,60,22.0,0,82.66720070072698,0,999,313.69631598558254,12.07210490674132,67,,
2018,7,24,10,0,11.2,-14,68.2,9.9,134,18.0,0,115.14148180003907,0,998,297.3363344381346,13.0668959567188,63,,
2018,7,24,11,0,11.2,1,60.6,10,173,5.0,0,86.16013334879419,0,997,287.6549317597969,16.38398487624119,62,,
2018,7,24,12,0,11.2,17,71.3,10,120,5.0,0,89.39131809983104,0,996.3,279.712994727976,16.962637931597456,63,,
2018,7,24,13,0,11.1,32,91,9.9,39,3.0,0,62.43011572471384,0,995.9,291.59075110804935,20.444215662757102,68,,
2018,7,24,14,0,11.1,44,68.8,9.8,54,9.0,0,84.84714064117328,0,995.5,323.603579026376,15.469229359376005,75,,
2018,7,24,15,0,10.8,56,55.1,9.5,36,78.0,0,123.04730443669536,0,995.3,351.5849045863279,16.228922871075365,84,,
2018,7,24,16,0,10.2,66,42.5,9.1,4,24.0,0,34.86563387421924,0,995.4,351.43846733733227,15.264582480263153,93,,
2018,7,24,17,0,9.7,75,43.3,8.7,0,0.0,0,0.0,0,995.4,349.55513956001806,15.53947415580946,104,,
2018,7,24,18,0,9.3,84,52,8.2,0,0.0,0,0.0,0,995.4,347.27749323288054,17.616352655291262,115,,
2018,7,24,19,0,8.9,94,73,7.6,0,0.0,0,0.0,0,995.3,351.4101141861352,17.45556888699284,126,,
2018,7,24,20,0,8.5,106,89,7.1,0,0.0,0,0.0,0,995.2,21.45116642624231,15.58940584030805,138,,
2018,7,24,21,0,8.5,123,92.7,6.9,0,0.0,0,0.0,0,995.1,17.152718811174566,14.442162334779686,148,,
2018,7,24,22,0,8.7,148,93.7,7.1,0,0.0,0,0.0,0,994.8,11.188148951426683,13.898661235876164,156,,
2018,7,24,23,0,8.9,-177,93.4,7.3,0,0.0,0,0.0,0,994.6,6.449662546268826,13.236116089852729,158,,
2018,7,25,0,0,9,-143,92.9,7.4,0,0.0,0,0.0,0,994.2,3.750684932392062,12.491598989760586,154,,
2018,7,25,1,0,9,-120,92.9,7.6,0,0.0,0,0.0,0,993.7,3.719246167994697,13.560542483949233,146,,
2018,7,25,2,0,9,-104,92.7,7.7,0,0.0,0,0.0,0,993.3,359.04109547344984,13.596386517881571,136,,
2018,7,25,3,0,8.9,-93,79.1,7.6,0,0.0,0,0.0,0,993.1,355.934003376055,14.984737485333795,124,,
2018,7,25,4,0,8.8,-83,59,7.5,0,0.0,0,0.0,0,993.2,6.059189434417988,14.254438798552322,113,,
2018,7,25,5,0,8.7,-74,50.9,7.3,0,0.0,0,0.0,0,993.4,10.536530059075403,15.18549325228236,102,,
2018,7,25,6,0,8.8,-64,50,7.2,5,0.0,1,0.0,0,993.9,9.48744483186016,15.19514780028846,92,,
2018,7,25,7,0,9,-54,19.6,7.3,43,2.0,45,2.0,0,994.7,10.245248513130946,13.855440230618496,82,,
2018,7,25,8,0,9.2,-42,45.9,7.3,74,34.0,29,44.9742100490796,0,995.6,12.05103709248226,13.407785296615357,73,,
2018,7,25,9,0,9.5,-29,26.9,7.2,91,84.0,184,129.0530400085866,0,996.1,13.465644576402669,12.730080389400538,67,,
2018,7,25,10,0,9.8,-14,19.8,6.9,214,160.0,124,215.0657081424068,0,996.3,13.083014329310856,12.169144550661184,63,,
2018,7,25,11,0,10.1,1,25.8,6.6,269,207.0,60,283.07287447981986,0,996.5,13.664124501856293,11.660844817669217,61,,
2018,7,25,12,0,10.2,17,14,6.3,195,259.0,154,324.69622428930364,0,996.3,11.106225753837066,11.797111256235755,63,,
2018,7,25,13,0,10.3,32,37.4,5.8,141,222.0,72,294.54021612573393,0,996,6.928890996735902,12.10205758783158,68,,
2018,7,25,14,0,10.3,45,64.7,5.4,77,210.0,0,242.42956015773132,0,995.6,9.686430620178156,11.277230666848554,75,,
2018,7,25,15,0,10.3,56,62.1,5.5,24,169.0,0,156.9504452334237,0,995,11.04746470021405,10.880585630907584,83,,
2018,7,25,16,0,10.2,66,70.1,5.8,4,48.0,0,42.86914751937421,0,994.2,11.57988865729942,10.609253743620645,93,,
2018,7,25,17,0,10.2,75,80.9,6.2,0,0.0,0,0.0,0,993.4,14.48378791938751,10.264200506561554,104,,
2018,7,25,18,0,10,85,82.5,6.7,0,0.0,0,0.0,0,992.7,13.723264757925222,10.124473864224958,115,,
2018,7,25,19,0,9.8,95,82.7,7.3,0,0.0,0,0.0,0,991.9,6.958598550830232,10.686382397000958,126,,
2018,7,25,20,0,9.6,107,83,7.9,0,0.0,0,0.0,0,991.2,3.9401733050384,10.655312443765744,137,,
2018,7,25,21,0,9.2,123,82,7.7,0,0.0,0,0.0,0,990.8,1.57861282576431,10.696686689149663,148,,
2018,7,25,22,0,8.6,148,29.4,6.9,0,0.0,0,0.0,0,990.6,2.406946335438647,10.952289655559865,155,,
2018,7,25,23,0,8.1,-177,0,6,0,0.0,0,0.0,0,990.5,3.425203777397826,10.836985676956708,158,,
2018,7,26,0,0,7.7,-143,0,5.5,0,0.0,0,0.0,0,990.5,4.092891534085595,10.822767908666815,154,,
2018,7,26,1,0,7.6,-120,0,5.2,0,0.0,0,0.0,0,990.5,4.31424905449461,11.394591764512352,146,,
2018,7,26,2,0,7.5,-104,0,4.9,0,0.0,0,0.0,0,990.5,6.201248182049767,11.406833712130169,135,,
2018,7,26,3,0,7.3,-93,0,4.8,0,0.0,0,0.0,0,990.7,7.360913363043551,10.90751804806276,124,,
2018,7,26,4,0,7.1,-83,0,4.8,0,0.0,0,0.0,0,991.1,6.906455138412696,10.581911412345915,113,,
2018,7,26,5,0,6.9,-74,0,4.9,0,0.0,0,0.0,0,991.4,4.317053386032285,10.261781019262212,102,,
2018,7,26,6,0,7,-64,1.1,4.6,8,0.0,1,0.0,0,991.8,4.284527527553394,9.800337783310368,91,,
2018,7,26,7,0,7.2,-54,54.8,4.2,16,2.0,0,2.0,0,992.3,3.252243136789445,9.600911964993683,82,,
2018,7,26,8,0,7.5,-43,79.4,3.7,45,25.0,0,38.51531071128535,0,992.8,3.945136790606739,9.733513872073134,73,,
2018,7,26,9,0,7.6,-29,85,3.5,45,51.0,0,105.1069522622241,0,993.1,5.08921324273507,9.412594768660073,67,,
2018,7,26,10,0,7.6,-15,75.9,3.4,97,69.0,1,173.95815779863975,0,993.2,5.92461020934104,9.300164430969458,62,,
2018,7,26,11,0,7.6,1,39.5,3.3,222,116.0,37,245.84623917587655,0,993.4,359.61931262908007,9.406701774140204,61,,
2018,7,26,12,0,7.6,17,56.5,3.7,162,76.0,21,228.83887443278832,0,993.8,1.08674311449613,9.886055576324136,63,,
2018,7,26,13,0,7.5,32,75.7,4.4,80,90.0,0,227.48702969288323,0,994.5,358.63727605744026,10.51225048635434,68,,
2018,7,26,14,0,7.4,45,75.8,5.1,46,74.0,0,176.1040170800802,0,995.3,359.31854165695194,10.510020708250629,75,,
2018,7,26,15,0,7.2,56,68.7,5.4,17,39.0,0,97.2633387161416,0,996.4,1.0665166126661916,10.073522477866211,83,,
2018,7,26,16,0,7.1,66,56.5,5.4,3,16.0,0,30.33643791383151,0,997.8,3.8362108907746233,8.74322301818543,93,,
2018,7,26,17,0,6.9,76,52,5.3,0,0.0,0,0.0,0,999.3,2.845739533718927,8.005722089392107,104,,
2018,7,26,18,0,6.8,85,52,4.9,0,0.0,0,0.0,0,1000.6,355.38689085750434,7.771023817429389,115,,
2018,7,26,19,0,6.6,95,52,4.2,0,0.0,0,0.0,0,1001.9,348.80757058629007,7.727786781971358,126,,
2018,7,26,20,0,6.3,107,51.5,3.5,0,0.0,0,0.0,0,1003.1,343.24750919957074,8.177889745679016,137,,
2018,7,26,21,0,6.3,123,26.2,3.3,0,0.0,0,0.0,0,1004.1,340.79368681265544,8.183521079239215,147,,
2018,7,26,22,0,6.3,149,4.3,3.5,0,0.0,0,0.0,0,1005,339.8059333748842,8.457906125387504,155,,
2018,7,26,23,0,6.3,-177,0,3.6,0,0.0,0,0.0,0,1005.8,341.0495712838052,8.152304985126039,158,,
2018,7,27,0,0,6.4,-143,0,3.6,0,0.0,0,0.0,0,1006.6,338.5401772245384,7.809724887063732,154,,
2018,7,27,1,0,6.4,-120,0,3.3,0,0.0,0,0.0,0,1007.3,323.788469940021,7.874250304397988,146,,
2018,7,27,2,0,6.4,-105,0,3.1,0,0.0,0,0.0,0,1008,324.4414856422016,8.50642720373539,135,,
2018,7,27,3,0,6.6,-93,0,3,0,0.0,0,0.0,0,1008.7,328.348338148045,10.0647112211613,124,,
2018,7,27,4,0,6.9,-83,0,3.1,0,0.0,0,0.0,0,1009.4,322.65650052289817,10.35538306213406,113,,
2018,7,27,5,0,7.2,-74,0,3.3,0,0.0,0,0.0,0,1010.1,324.09654884172966,10.963034164872711,102,,
2018,7,27,6,0,7.7,-65,0.4,3.7,10,0.0,2,0.0,0,1010.7,326.0598028767005,11.58638367208574,91,,
2018,7,27,7,0,8.4,-54,18.2,4.5,72,1.0,2,2.0,0,1011.3,323.6124797762129,11.785134464353783,82,,
2018,7,27,8,0,9.1,-43,20.2,5.2,134,11.0,59,30.69581937453582,0,1011.8,322.2253356922482,11.923703417176643,73,,
2018,7,27,9,0,9.6,-29,6.8,5.9,114,16.0,222,75.53189201831346,0,1012.1,328.84551177841627,12.42676589455932,66,,
2018,7,27,10,0,10,-15,11.9,6.5,168,27.0,210,133.45996988966112,0,1012.2,330.78467424198647,12.82394054016948,62,,
2018,7,27,11,0,10.3,1,59.3,7.1,121,58.0,62,203.61338748850412,0,1012.3,330.19130196966773,13.974447449626386,61,,
2018,7,27,12,0,10.4,17,31.3,7.5,88,97.0,192,251.34281740657377,0,1012.4,331.5404766369052,14.79277488716447,63,,
2018,7,27,13,0,10.3,32,3.2,7.6,94,36.0,236,173.51538376049086,0,1012.6,355.0584178235886,14.976075587866935,67,,
2018,7,27,14,0,10.2,45,17.3,7.7,107,8.0,80,83.49697236153317,0,1012.8,39.241261891294926,9.689792146539949,74,,
2018,7,27,15,0,10.1,56,9,7.8,55,12.0,12,64.11888196675774,0,1013.2,35.819578880838435,9.79466325412757,83,,
2018,7,27,16,0,10,66,0,7.9,8,21.0,4,34.441363485011536,0,1013.6,37.53490756095641,9.6214488432851,93,,
2018,7,27,17,0,9.8,76,0,7.9,0,0.0,0,0.0,0,1014.1,30.941203193308013,9.785887554198997,104,,
2018,7,27,18,0,9.6,85,0,7.8,0,0.0,0,0.0,0,1014.6,26.162831652240413,10.79387964414878,115,,
2018,7,27,19,0,9.3,95,0,7.7,0,0.0,0,0.0,0,1015.2,21.39470478578869,11.100381701152688,126,,
2018,7,27,20,0,9,107,0.6,7.5,0,0.0,0,0.0,0,1015.8,21.23569642941561,10.66195277769715,137,,
2018,7,27,21,0,9,124,33.5,7.6,0,0.0,0,0.0,0,1016.2,26.672167942457747,9.577768452963848,147,,
2018,7,27,22,0,9.2,149,49.3,7.7,0,0.0,0,0.0,0,1016.4,26.30884866356064,8.521600502581595,155,,
2018,7,27,23,0,9.4,-177,47.9,7.9,0,0.0,0,0.0,0,1016.6,26.29070651179308,7.912474018132609,158,,
2018,7,28,0,0,9.5,-144,49.9,8,0,0.0,0,0.0,0,1016.9,25.770314070966947,7.485979525408924,154,,
2018,7,28,1,0,9.6,-120,19,7.8,0,0.0,0,0.0,0,1017.3,17.760576939902307,6.835038672074792,146,,
2018,7,28,2,0,9.6,-105,30.3,7.7,0,0.0,0,0.0,0,1017.6,17.141067255888288,6.438065517918438,135,,
2018,7,28,3,0,9.6,-93,17.4,7.6,0,0.0,0,0.0,0,1018,15.607544292057357,6.03984497547939,124,,
2018,7,28,4,0,9.6,-84,25.2,7.6,0,0.0,0,0.0,0,1018.4,15.51903570416846,5.606250307046973,113,,
2018,7,28,5,0,9.5,-74,14.1,7.6,0,0.0,0,0.0,0,1018.8,15.234350789012012,5.080384605634219,102,,
2018,7,28,6,0,9.7,-65,0,7.6,10,0.0,4,0.0,0,1019.3,8.08115823508001,4.446004562274344,91,,
2018,7,28,7,0,9.9,-55,1.5,7.7,43,3.0,59,3.0,0,1019.9,353.9296056700709,4.305637054116393,81,,
2018,7,28,8,0,10.2,-43,37.6,7.9,100,25.0,32,42.64990449408458,0,1020.4,346.8320638993062,4.016746987664899,73,,
2018,7,28,9,0,10.4,-30,47.2,8.2,191,48.0,2,111.742197699578,0,1020.6,331.20084666574473,3.632659457684957,66,,
2018,7,28,10,0,10.7,-15,27.1,8.7,224,63.0,93,171.2773118810689,0,1020.4,313.84522421976175,3.906108166980738,62,,
2018,7,28,11,0,10.9,1,50.7,9.2,168,63.0,54,207.03339698329395,0,1020.2,304.9793422380543,5.06183735313598,61,,
2018,7,28,12,0,11,17,33.5,9.3,168,49.0,104,202.08328261876525,0,1020.1,308.2686098975116,5.925056453427842,62,,
2018,7,28,13,0,10.9,32,13.3,9.3,160,94.0,133,233.05592953669765,0,1020.1,310.70161944441963,6.654230182964023,67,,
2018,7,28,14,0,10.8,45,18.6,9.2,124,173.0,56,238.20053747176684,0,1020.1,309.92290752676325,7.311402564554604,74,,
2018,7,28,15,0,10.6,56,29.9,9.1,55,200.0,8,177.2893477149399,0,1020.3,319.4111021599681,6.731411580596575,83,,
2018,7,28,16,0,10.4,66,12.5,8.9,8,61.0,0,52.08474099819817,0,1020.6,322.9394619664921,6.192856545969975,93,,
2018,7,28,17,0,10.2,76,0.5,8.7,0,1.0,0,1.0555885742227475,0,1020.9,311.1015314177841,4.319098559003348,103,,
2018,7,28,18,0,9.9,85,25.2,8.5,0,0.0,0,0.0,0,1021.1,266.6605448520125,4.1366629736348735,115,,
2018,7,28,19,0,9.5,95,14.1,8.1,0,0.0,0,0.0,0,1021.3,239.4369009766224,5.837919401708582,126,,
2018,7,28,20,0,9.1,107,0,7.8,0,0.0,0,0.0,0,1021.4,233.1812970199004,8.142434890962278,137,,
2018,7,28,21,0,9,124,0,7.7,0,0.0,0,0.0,0,1021.4,224.67564401770812,9.392448241949449,147,,
2018,7,28,22,0,9.1,149,0,7.8,0,0.0,0,0.0,0,1021.2,224.5570152453006,10.181882380124067,155,,
2018,7,28,23,0,9.3,-177,0,7.9,0,0.0,0,0.0,0,1021,223.0299972533852,11.751201837029315,157,,
2018,7,29,0,0,9.3,-144,0.9,8,0,0.0,0,0.0,0,1020.8,218.1924073293793,13.979847011933092,154,,
2018,7,29,1,0,9.2,-121,44.6,7.9,0,0.0,0,0.0,0,1020.6,218.4795208331206,14.092425946042267,145,,
2018,7,29,2,0,9.2,-105,68.3,7.8,0,0.0,0,0.0,0,1020.4,216.5071913114396,13.336302376276988,135,,
2018,7,29,3,0,9.2,-94,67.5,7.7,0,0.0,0,0.0,0,1020.3,218.148030427656,12.302377296228082,124,,
2018,7,29,4,0,9.2,-84,73.7,7.6,0,0.0,0,0.0,0,1020.3,225.16133749390616,11.403177856172274,113,,
2018,7,29,5,0,9.3,-74,72,7.6,0,0.0,0,0.0,0,1020.3,227.10000787369387,10.519927033331786,102,,
2018,7,29,6,0,9.5,-65,68.2,7.6,5,0.0,1,0.0,0,1020.3,235.83567554352345,10.446557010075315,91,,
2018,7,29,7,0,9.8,-55,26.3,7.7,45,0.0,52,1.0,0,1020.2,251.46837144998,12.262027018385542,81,,
2018,7,29,8,0,10.2,-43,35.7,7.8,108,3.0,29,18.20649461019489,0,1020.2,276.3027660336818,11.350589279913423,73,,
2018,7,29,9,0,10.4,-30,54.7,8,159,9.0,0,62.04245993738881,0,1019.7,293.24750592452847,8.82410966485741,66,,
2018,7,29,10,0,10.7,-15,57.7,8.3,178,37.0,0,156.20659272041507,0,1019,328.5542402430675,10.277759727721358,62,,
2018,7,29,11,0,10.9,1,63.5,8.5,162,19.0,0,151.52000646376686,0,1018.2,336.32192123720023,10.427108903079292,60,,
2018,7,29,12,0,10.9,17,78.1,8.6,91,8.0,0,114.95996941374004,0,1017.4,348.64575251183504,12.380983851815492,62,,
2018,7,29,13,0,10.8,32,76.9,8.5,72,2.0,0,53.98688439801408,0,1016.6,347.91784081173944,16.82858971544722,67,,
2018,7,29,14,0,10.6,45,68.5,8.3,64,2.0,0,40.887736265721486,0,1015.8,340.0227772174499,16.04634286876649,74,,
2018,7,29,15,0,10.5,56,54.2,8.1,31,2.0,0,28.69940692953304,0,1015.3,336.2978937361948,14.47116242806248,83,,
2018,7,29,16,0,10.4,67,17.1,7.8,7,2.0,0,13.435114004808108,0,1015.1,336.0881815864272,12.809652882093426,93,,
2018,7,29,17,0,10.3,76,0,7.5,0,0.0,0,0.0,0,1014.9,0.6771676172050434,9.461109994564811,103,,
2018,7,29,18,0,10.1,85,0.9,7.3,0,0.0,0,0.0,0,1014.7,34.262780167950666,13.385925723636523,114,,
2018,7,29,19,0,9.9,95,44.5,7,0,0.0,0,0.0,0,1014.5,48.48065143062144,20.90546376128376,126,,
2018,7,29,20,0,9.7,108,69.4,6.8,0,0.0,0,0.0,0,1014.2,45.36212033728282,23.4907083530934,137,,
2018,7,29,21,0,9.8,124,68.8,6.7,0,0.0,0,0.0,0,1013.6,44.7891972783562,24.02383927668346,147,,
2018,7,29,22,0,10,149,24.7,6.8,0,0.0,0,0.0,0,1012.8,45.15280717208503,22.461250827096578,155,,
2018,7,29,23,0,10.2,-177,0,6.9,0,0.0,0,0.0,0,1012,45.5688434851383,20.987915298563,157,,
2018,7,30,0,0,10.3,-144,0,6.9,0,0.0,0,0.0,0,1011.1,44.73761910087387,19.301317267356584,154,,
2018,7,30,1,0,10.2,-121,0,6.7,0,0.0,0,0.0,0,1010.2,39.95532722437741,18.13062803594857,145,,
2018,7,30,2,0,10.1,-105,0,6.6,0,0.0,0,0.0,0,1009.2,40.63306635553573,16.666256968906552,135,,
2018,7,30,3,0,10.1,-94,0,6.4,0,0.0,0,0.0,0,1008.3,39.52941687484304,16.259309656663312,124,,
2018,7,30,4,0,10,-84,0,6.2,0,0.0,0,0.0,0,1007.5,37.391607351861865,15.497712774106828,113,,
2018,7,30,5,0,10,-75,0,5.9,0,0.0,0,0.0,0,1006.6,34.1942635862041,14.481607909424536,101,,
2018,7,30,6,0,10.1,-65,0.8,6,11,0.0,4,0.0,0,1006,31.305800964239268,13.094460144905948,91,,
2018,7,30,7,0,10.4,-55,43.5,6.2,39,5.0,2,4.0,0,1005.4,26.42003639697424,11.819971799510228,81,,
2018,7,30,8,0,10.6,-43,61.3,6.4,93,33.0,3,51.36813969627077,0,1004.9,13.3135947670404,11.070476458081725,73,,
2018,7,30,9,0,10.6,-30,38.2,6.6,163,31.0,55,104.13541983555484,0,1003.8,7.1861381180575,9.850077487669816,66,,
2018,7,30,10,0,10.3,-15,69.1,6.7,129,85.0,0,194.62961069888308,0,1002.3,3.860455919917797,10.211402260813395,61,,
2018,7,30,11,0,10,1,85.5,6.8,64,51.0,0,201.0493984046272,0,1000.8,351.7275094561835,11.17018098058739,60,,
2018,7,30,12,0,9.8,17,89,7,47,37.0,0,191.44709949904455,0,999.3,342.73168585890835,11.098915211298266,62,,
2018,7,30,13,0,9.7,32,91.8,7.2,26,29.0,0,165.41279501690613,0,998,332.92603528196605,11.456588086239902,67,,
2018,7,30,14,0,9.7,45,86.5,7.5,25,22.0,0,124.84120181526276,0,996.7,328.7428068246671,11.494659189147326,74,,
2018,7,30,15,0,9.4,57,70.4,7.6,18,9.0,0,60.177076033567104,0,996.1,325.6224133571385,11.23538378827357,82,,
2018,7,30,16,0,9.1,67,52.5,7.7,0,2.0,0,11.441301720389896,0,996.4,318.0413340082278,12.019445290690475,92,,
2018,7,30,17,0,8.7,76,32.9,7.7,0,0.0,0,0.0,0,996.6,311.3713349644486,12.32086670233205,103,,
2018,7,30,18,0,8.2,86,33.8,7.1,0,0.0,0,0.0,0,997.5,298.4629888692112,12.54382017673844,114,,
2018,7,30,19,0,7.7,96,18.2,5.8,0,0.0,0,0.0,0,999.1,290.9755494526299,14.717204330666371,126,,
2018,7,30,20,0,7.1,107,0,4.5,0,0.0,0,0.0,0,1000.7,290.4163626752528,16.42092746501788,137,,
2018,7,30,21,0,6.8,124,0,3.9,0,0.0,0,0.0,0,1002,289.4006901938766,17.177251725521362,147,,
2018,7,30,22,0,6.6,148,0,4,0,0.0,0,0.0,0,1003,290.5527071301241,18.147007022467417,155,,
2018,7,30,23,0,6.4,-177,0,4.1,0,0.0,0,0.0,0,1004,290.67706701228553,19.34523603095928,158,,
2018,7,31,0,0,6.4,-144,0,4,0,0.0,0,0.0,0,1004.8,288.1609540913637,19.17955683956973,154,,
2018,7,31,1,0,6.4,-121,0,3.8,0,0.0,0,0.0,0,1005.2,293.5713605818844,20.832706577092114,145,,
2018,7,31,2,0,6.4,-105,0,3.6,0,0.0,0,0.0,0,1005.6,308.0395019264853,20.134517234833897,135,,
2018,7,31,3,0,6.4,-94,0,3.4,0,0.0,0,0.0,0,1006,336.09053698892154,21.722467942665848,124,,
2018,7,31,4,0,6.5,-84,0,3.2,0,0.0,0,0.0,0,1006.3,343.3345139151858,20.43986681406978,112,,
2018,7,31,5,0,6.5,-75,0,2.9,0,0.0,0,0.0,0,1006.7,356.320071766623,17.52808339458662,101,,
2018,7,31,6,0,7,-65,0.1,3,6,0.0,3,0.0,0,1006.9,3.8084942470929946,17.007040224428238,91,,
2018,7,31,7,0,7.8,-55,11.9,3.3,53,4.0,52,4.0,0,1007.2,5.2059609982271695,16.5825638306981,81,,
2018,7,31,8,0,8.6,-43,21.3,3.7,136,77.0,63,63.75854988019943,0,1007.4,358.79075004211063,14.807741199485577,72,,
2018,7,31,9,0,9.1,-30,28.5,3.7,162,179.0,118,169.7963668425568,0,1007.2,348.32942078449884,13.197642039979703,65,,
2018,7,31,10,0,9.3,-15,47.1,3.6,175,252.0,67,269.6894489263634,0,1006.6,337.2553331274965,12.7947644273658,61,,
2018,7,31,11,0,9.5,1,24.9,3.4,255,119.0,109,258.2111380859208,0,1006,327.88022604823635,13.921350488511548,60,,
2018,7,31,12,0,9.7,18,38.6,3.4,181,17.0,96,145.5376725470797,0,1005.4,313.1152823168078,12.959874484920968,62,,
2018,7,31,13,0,9.7,32,29.8,3.4,155,12.0,96,121.0072837884976,0,1004.7,306.4360845967654,15.432522426875046,66,,
2018,7,31,14,0,9.7,46,37.9,3.5,97,8.0,41,82.60673037094932,0,1004,312.9955442030735,17.689183899754596,73,,
2018,7,31,15,0,9.6,57,45.8,3.6,49,3.0,0,33.06907938799991,0,1003.4,312.43141765489565,16.05948332464054,82,,
2018,7,31,16,0,9.5,67,61.9,3.6,1,5.0,0,21.118918946101395,0,1002.9,325.967712664871,15.100546694642086,92,,
2018,7,31,17,0,9.3,76,52.6,3.7,0,0.0,0,0.0,0,1002.3,341.96920200623657,15.432700372442884,103,,
2018,7,31,18,0,9.2,86,51.8,3.9,0,0.0,0,0.0,0,1001.6,342.8168652802781,15.323101204236997,114,,
2018,7,31,19,0,9.2,96,69.6,4.3,0,0.0,0,0.0,0,1000.9,349.7484706375593,14.173532643470365,125,,
2018,7,31,20,0,9.1,108,92.6,4.7,0,0.0,0,0.0,0,1000.1,356.4029133162159,12.950317851698545,137,,
2018,7,31,21,0,9,124,93,5.2,0,0.0,0,0.0,0,999.1,354.9892777171747,10.733646976153782,147,,
2018,7,31,22,0,8.8,149,84,5.8,0,0.0,0,0.0,0,997.7,9.339993162682902,8.252719535675263,155,,
2018,7,31,23,0,8.7,-177,72.8,6.4,0,0.0,0,0.0,0,996.4,49.76531018469416,10.83082965688948,157,,
2018,8,1,0,0,8.7,-144,72.8,7,0,0.0,0,0.0,0,995.1,64.9687650802249,15.73279406191952,153,,
2018,8,1,1,0,9,-121,72.5,7.7,0,0.0,0,0.0,0,994,61.10071442819782,13.8298952187267,145,,
2018,8,1,2,0,9.4,-106,73.1,8.4,0,0.0,0,0.0,0,992.8,46.67343614994121,12.538366378047384,135,,
2018,8,1,3,0,8.9,-94,73.5,7.9,0,0.0,0,0.0,0,992.8,51.92379412739825,12.596395233678312,124,,
2018,8,1,4,0,7.8,-84,39.6,6.3,0,0.0,0,0.0,0,994,50.29255345639689,12.320379342893844,112,,
2018,8,1,5,0,6.6,-75,0,4.6,0,0.0,0,0.0,0,995.2,48.298324577868016,11.797981220445756,101,,
2018,8,1,6,0,6.5,-66,3.9,3.7,7,0.0,1,0.0,0,996.2,46.73597323005515,11.152235641890808,90,,
2018,8,1,7,0,7.3,-55,6.3,3.3,54,16.0,55,6.000000000000001,0,997.2,41.424345884693935,10.88397745112306,81,,
2018,8,1,8,0,8.1,-44,23.6,3,79,106.0,114,70.25783165896114,0,998.1,40.485911244533554,10.34867894154378,72,,
2018,8,1,9,0,8.5,-30,17.4,2.5,105,253.0,221,188.9387794874764,0,998.8,40.37105721557441,9.15336347590332,65,,
2018,8,1,10,0,8.5,-15,27.2,2,113,421.0,228,308.6878427996935,0,999.2,41.83676863656217,8.065295547975394,61,,
2018,8,1,11,0,8.5,1,19,1.5,182,518.0,217,405.8863423965139,0,999.6,42.21414506095448,7.601058872707557,59,,
2018,8,1,12,0,8.6,18,13.8,1.1,170,525.0,227,438.61412673942016,0,999.8,43.04227378869706,6.933209965789702,61,,
2018,8,1,13,0,8.7,33,14.6,0.8,127,478.0,194,409.0470034243081,0,1000.1,33.555880726756584,7.43044347757761,66,,
2018,8,1,14,0,8.9,46,23.5,0.5,100,421.0,81,335.3057334831984,0,1000.3,31.18440327181776,7.164934082426815,73,,
2018,8,1,15,0,8.9,57,15.6,0.3,56,321.0,24,219.4815442436084,0,1000.7,31.860834300798103,6.554720640951223,82,,
2018,8,1,16,0,8.8,67,0,0.2,3,152.0,1,80.49700761360292,0,1001.2,31.21964608409195,5.8312612690872925,92,,
2018,8,1,17,0,8.7,77,0,0.2,0,3.0,0,1.2000025455401797,0,1001.7,30.0990871832156,4.824910133641667,103,,
2018,8,1,18,0,8.5,86,0,0.5,0,0.0,0,0.0,0,1001.9,29.845772051960125,3.7317676220294618,114,,
2018,8,1,19,0,8.2,96,0,1.2,0,0.0,0,0.0,0,1001.9,14.746099988504398,3.928715458620084,125,,
2018,8,1,20,0,8,108,0,1.9,0,0.0,0,0.0,0,1001.8,8.408070170308633,3.1456263939369125,136,,
2018,8,1,21,0,8,124,0,2.4,0,0.0,0,0.0,0,1001.6,339.9150649380006,2.053861531800673,147,,
2018,8,1,22,0,8.4,149,0,2.7,0,0.0,0,0.0,0,1001.1,276.87205964831094,2.428088382557761,154,,
2018,8,1,23,0,8.7,-177,0,2.9,0,0.0,0,0.0,0,1000.6,252.6414947235254,4.097246882351876,157,,
2018,8,2,0,0,8.9,-144,0,3.2,0,0.0,0,0.0,0,1000.1,240.8487177561691,6.000805150091102,153,,
2018,8,2,1,0,8.9,-121,0,3.4,0,0.0,0,0.0,0,999.4,240.74761016694617,7.260903056657964,145,,
2018,8,2,2,0,9,-106,0,3.6,0,0.0,0,0.0,0,998.7,236.8053590943116,8.152068330419668,135,,
2018,8,2,3,0,9,-94,0,3.8,0,0.0,0,0.0,0,998,236.9121518585834,8.47813179150825,123,,
2018,8,2,4,0,9.1,-84,0,3.9,0,0.0,0,0.0,0,997.3,239.36230186521345,8.556770722515399,112,,
2018,8,2,5,0,9.2,-75,0,4,0,0.0,0,0.0,0,996.6,238.4810161969038,8.861860195814494,101,,
2018,8,2,6,0,9.3,-66,2.4,4.4,8,0.0,1,0.0,0,995.9,243.0104382561699,9.254496477079105,90,,
2018,8,2,7,0,9.6,-55,33.9,5.1,62,4.0,6,4.0,0,995.1,239.7863319119805,9.393492722557257,80,,
2018,8,2,8,0,9.8,-44,38.9,5.8,107,19.0,39,38.54118819786937,0,994.4,237.32886636270325,10.162872274085837,72,,
2018,8,2,9,0,9.7,-30,72.2,6.4,100,88.0,0,131.15629710230476,0,993.7,235.02354924759908,10.598853364591816,65,,
2018,8,2,10,0,9.3,-15,55.3,6.9,187,197.0,11,244.10561402584017,0,992.9,237.41947427955347,10.528954233047624,61,,
2018,8,2,11,0,8.9,1,82.4,7.3,82,168.0,0,278.7840270020721,0,992.2,244.37973623617705,12.110915402296408,59,,
2018,8,2,12,0,8.4,18,66.9,6.9,149,167.0,0,296.12245117552243,0,991.9,245.9927157644587,14.045865868121751,61,,
2018,8,2,13,0,7.8,33,34.6,5.8,157,243.0,80,320.4482071790486,0,992,242.56777688671667,15.3013488590234,66,,
2018,8,2,14,0,7.1,46,8.2,4.7,89,384.0,143,327.8817110958894,0,992.2,244.5644258248945,15.592179207819203,73,,
2018,8,2,15,0,6.8,57,52.3,4,33,289.0,5,212.9630407354496,0,992.3,240.3691743507929,15.531565758932045,82,,
2018,8,2,16,0,6.7,67,0,3.6,3,102.0,1,69.47629325351828,0,992.4,236.67575219780065,14.741498810774065,92,,
2018,8,2,17,0,6.7,77,0,3.2,0,5.0,0,2.347636870514724,0,992.5,233.2800879076528,14.381299274414877,103,,
2018,8,2,18,0,6.6,86,0,3.3,0,0.0,0,0.0,0,992.4,234.6064943750394,13.489536769398724,114,,
2018,8,2,19,0,6.5,96,0,3.8,0,0.0,0,0.0,0,992.1,231.7083832273348,13.516172585392232,125,,
2018,8,2,20,0,6.4,108,0,4.4,0,0.0,0,0.0,0,991.9,226.3773784031287,13.932786392507449,136,,
2018,8,2,21,0,6.3,125,0,4.6,0,0.0,0,0.0,0,991.7,225.2285218818805,14.326794779938645,146,,
2018,8,2,22,0,6.2,149,0,4.4,0,0.0,0,0.0,0,991.6,222.8412569176836,15.3255388448302,154,,
2018,8,2,23,0,6,-177,0,4.3,0,0.0,0,0.0,0,991.5,225.2685511679425,15.57982584316391,157,,
2018,8,3,0,0,5.6,-144,0,3.9,0,0.0,0,0.0,0,991.8,227.63621540610924,15.801638846117248,153,,
2018,8,3,1,0,4.9,-121,19.7,3.1,0,0.0,0,0.0,0,992.6,220.40394064885177,16.621256257998642,145,,
2018,8,3,2,0,4.1,-106,43,2.4,0,0.0,0,0.0,0,993.3,220.73903889478865,17.11713896047656,134,,
2018,8,3,3,0,3.7,-95,45,2,0,0.0,0,0.0,0,994.3,222.9255679904745,16.99257480399181,123,,
2018,8,3,4,0,3.6,-85,23.6,1.8,0,0.0,0,0.0,0,995.7,225.119406079231,16.98147553521236,112,,
2018,8,3,5,0,3.5,-75,0,1.6,0,0.0,0,0.0,0,997.1,229.617711972494,16.751485972180305,101,,
2018,8,3,6,0,3.7,-66,0.5,1.4,7,0.0,1,0.0,0,998.4,233.1877376167334,16.40669775397245,90,,
2018,8,3,7,0,4.2,-56,45.6,1.2,49,16.0,11,6.000000000000001,0,999.4,230.8236358443349,16.028708163485486,80,,
2018,8,3,8,0,4.8,-44,43.4,1,81,59.0,57,58.98068084129672,0,1000.5,231.5591679378477,15.812632618600537,72,,
2018,8,3,9,0,5.2,-30,42.7,0.8,136,46.0,99,110.22395282962869,0,1001.5,237.1450395159897,14.467145449771616,65,,
2018,8,3,10,0,5.6,-15,30.6,0.7,190,21.0,145,135.87164852906213,0,1002.3,244.23731995226004,13.722373996419517,60,,
2018,8,3,11,0,6,1,10.5,0.6,113,10.0,342,122.66834432755606,0,1003.1,245.4782586127544,13.617665331144837,59,,
2018,8,3,12,0,6.3,18,3.3,0.2,95,8.0,366,119.10852000778256,0,1003.9,244.91613611553908,12.984341895638508,61,,
2018,8,3,13,0,6.6,33,16.5,-0.4,114,16.0,213,144.18895432220046,0,1004.7,243.4176386297355,13.010029307764162,66,,
2018,8,3,14,0,6.9,46,0,-1,52,19.0,208,127.7721371249986,0,1005.5,255.73396573345124,14.040651839634137,73,,
2018,8,3,15,0,6.9,57,0,-1.5,38,3.0,65,41.10001863851442,0,1006.4,268.1258826356972,12.556521278819323,82,,
2018,8,3,16,0,6.6,68,0,-1.8,3,1.0,1,9.23339930803692,0,1007.3,272.5245379022096,10.542214176160623,92,,
2018,8,3,17,0,6.4,77,0,-2,0,0.0,0,0.0,0,1008.2,272.0294140648533,9.582914903393087,103,,
2018,8,3,18,0,6,86,0,-1.9,0,0.0,0,0.0,0,1009,279.51063655856115,11.375844028096118,114,,
2018,8,3,19,0,5.6,97,0,-1.5,0,0.0,0,0.0,0,1009.7,264.66637231656193,10.999528812482035,125,,
2018,8,3,20,0,5.1,109,0,-1.1,0,0.0,0,0.0,0,1010.4,251.13081665819303,8.200463090154035,136,,
2018,8,3,21,0,5,125,0,-0.9,0,0.0,0,0.0,0,1010.7,276.09569258121087,6.393817104386455,146,,
2018,8,3,22,0,5.3,149,0,-0.9,0,0.0,0,0.0,0,1010.5,286.7776670970281,5.894214993253628,154,,
2018,8,3,23,0,5.6,-177,0,-1,0,0.0,0,0.0,0,1010.2,335.2028399777577,4.215051018371072,157,,
2018,8,4,0,0,5.9,-144,0,-0.8,0,0.0,0,0.0,0,1009.9,23.8158638388436,6.412492255527809,153,,
2018,8,4,1,0,6.1,-122,0,-0.6,0,0.0,0,0.0,0,1009.6,352.3859779185832,8.490632171824393,145,,
2018,8,4,2,0,6.3,-106,0,-0.4,0,0.0,0,0.0,0,1009.2,17.175221147041896,11.037364499760551,134,,
2018,8,4,3,0,6.6,-95,0,-0.1,0,0.0,0,0.0,0,1008.8,21.51518885759401,12.58754457363582,123,,
2018,8,4,4,0,6.8,-85,0,0.3,0,0.0,0,0.0,0,1008.6,25.24098721508188,11.841001589301806,112,,
2018,8,4,5,0,7,-76,0,0.6,0,0.0,0,0.0,0,1008.3,18.121499910986586,10.062076479724269,101,,
2018,8,4,6,0,7.4,-66,0.6,1.3,8,0.0,3,0.0,0,1007.9,13.644962688600913,7.153309784448577,90,,
2018,8,4,7,0,7.8,-56,26.5,2.3,77,37.0,14,9.000000000000002,0,1007.6,344.81291960260654,8.997837922883047,80,,
2018,8,4,8,0,8.3,-44,29.1,3.3,140,49.0,49,63.30281792658221,0,1007.2,329.71875430119405,8.685537366988388,71,,
2018,8,4,9,0,8.7,-30,16.7,4.1,125,11.0,202,75.72437457764936,0,1006.5,308.0701597615258,7.76933164038077,64,,
2018,8,4,10,0,9,-15,48.4,4.5,164,6.0,75,84.2719943458681,0,1005.4,298.3406524270208,8.643692444770382,60,,
2018,8,4,11,0,9.3,1,61.1,5,190,6.0,1,103.82444624522438,0,1004.3,291.6141980702805,11.405227367073882,59,,
2018,8,4,12,0,9.4,18,41.2,5.5,220,5.0,49,96.5873949212762,0,1003.2,283.51812585443105,11.24964831385332,61,,
2018,8,4,13,0,9.3,33,37.6,6,115,7.0,115,108.60960251097936,0,1002.1,276.817058548785,11.62294322964266,65,,
2018,8,4,14,0,9.2,46,45.7,6.5,119,13.0,15,112.05025692455828,0,1001,278.573592630828,11.111473220679803,73,,
2018,8,4,15,0,9.1,58,55.8,6.8,38,4.0,0,46.48076276374571,0,1000.1,288.035381287758,11.29213812619198,82,,
2018,8,4,16,0,8.9,68,50.4,6.9,2,2.0,0,17.4733420733237,0,999.2,298.0725601233449,11.242862477031233,92,,
2018,8,4,17,0,8.8,77,40.2,7.1,0,0.0,0,0.0,0,998.4,299.18966749719,10.381310462660757,102,,
2018,8,4,18,0,8.7,87,41.1,7,0,0.0,0,0.0,0,997.5,296.1827464834351,10.472521216529705,114,,
2018,8,4,19,0,8.5,97,40.7,6.7,0,0.0,0,0.0,0,996.6,286.3288080081634,11.100330222647724,125,,
2018,8,4,20,0,8.3,109,41.9,6.4,0,0.0,0,0.0,0,995.7,282.1407757889714,9.489839447088343,136,,
2018,8,4,21,0,7.9,125,42.1,6.1,0,0.0,0,0.0,0,995.3,278.33592465832413,8.871312574193054,146,,
2018,8,4,22,0,7.4,150,37.5,5.8,0,0.0,0,0.0,0,995.1,281.0194899027526,10.115959184233365,154,,
2018,8,4,23,0,7,-177,32.1,5.4,0,0.0,0,0.0,0,995,284.95159139237506,11.612638097071276,156,,
2018,8,5,0,0,6.4,-145,28.5,4.9,0,0.0,0,0.0,0,995.1,290.81696952367986,10.842563138205795,153,,
2018,8,5,1,0,5.8,-122,5.3,4.2,0,0.0,0,0.0,0,995.3,276.4213937129993,9.264421693655514,144,,
2018,8,5,2,0,5.2,-107,0,3.5,0,0.0,0,0.0,0,995.6,259.31817507231256,10.836211233387624,134,,
2018,8,5,3,0,4.8,-95,0,3.1,0,0.0,0,0.0,0,996.1,262.95937748061726,11.75957151923398,123,,
2018,8,5,4,0,4.7,-85,0,2.8,0,0.0,0,0.0,0,996.7,268.2097797475104,12.699313677054864,112,,
2018,8,5,5,0,4.6,-76,0,2.6,0,0.0,0,0.0,0,997.4,270.156179286596,13.25566448058843,100,,
2018,8,5,6,0,4.8,-66,0,2.5,9,0.0,2,0.0,0,998,260.6994495844905,14.002185672207611,90,,
2018,8,5,7,0,5.4,-56,15.5,2.3,59,7.0,34,6.0,0,998.4,257.8756133887088,13.749819689348698,80,,
2018,8,5,8,0,6,-44,13.3,2.2,122,27.0,103,54.46501924654155,0,998.8,259.8638761326617,13.570196376341023,71,,
2018,8,5,9,0,6.3,-30,17.1,2.1,141,82.0,188,149.61698474918197,0,998.9,260.06058607141586,13.602601357303069,64,,
2018,8,5,10,0,6.3,-15,31.2,2,217,125.0,111,225.8211123871621,0,998.8,261.79090691414,13.974487257236625,60,,
2018,8,5,11,0,6.3,1,25,1.9,221,130.0,155,272.71337399510725,0,998.7,263.57636663646934,14.125301773510454,58,,
2018,8,5,12,0,6.4,18,30.1,1.9,189,197.0,138,328.72667572034635,0,998.6,267.0466225725212,14.46648013681182,60,,
2018,8,5,13,0,6.4,33,37.3,2.1,117,264.0,124,346.16353671214426,0,998.7,264.8154920990851,12.892834174692764,65,,
2018,8,5,14,0,6.4,46,39.8,2.2,132,266.0,22,296.7971568443692,0,998.8,259.59269445444835,12.455398955033258,72,,
2018,8,5,15,0,6.5,58,44.5,2.2,49,130.0,1,164.58691079350652,0,999.1,257.2909109754242,11.64767676670264,81,,
2018,8,5,16,0,6.5,68,0.7,2.1,5,33.0,1,48.91911833231052,0,999.5,258.82517248445754,13.015568857884766,91,,
2018,8,5,17,0,6.5,78,0,2,0,1.0,0,1.078296045898696,0,1000,252.59144195299163,14.429743846706875,102,,
2018,8,5,18,0,6.6,87,0,1.9,0,0.0,0,0.0,0,1000.4,253.23173195825868,16.324753134790196,113,,
2018,8,5,19,0,6.5,97,0,1.9,0,0.0,0,0.0,0,1000.8,247.1602197128512,16.170979993812534,125,,
2018,8,5,20,0,6.5,109,0,1.9,0,0.0,0,0.0,0,1001.2,240.74833003141453,15.622808153913647,136,,
2018,8,5,21,0,6.6,126,0,1.8,0,0.0,0,0.0,0,1001.6,241.79733387278247,15.492299293503295,146,,
2018,8,5,22,0,6.6,150,0,1.7,0,0.0,0,0.0,0,1002.1,243.42207459443776,16.035053502821153,153,,
2018,8,5,23,0,6.7,-177,0,1.6,0,0.0,0,0.0,0,1002.5,245.77301863756705,15.862647494103085,156,,
2018,8,6,0,0,6.8,-145,0,1.5,0,0.0,0,0.0,0,1002.8,250.56157188569625,14.970770558145023,152,,
2018,8,6,1,0,6.9,-122,0,1.4,0,0.0,0,0.0,0,1003.1,258.8195298449126,14.663548927479669,144,,
2018,8,6,2,0,7,-107,0,1.3,0,0.0,0,0.0,0,1003.4,259.9271803332168,15.109108562546414,134,,
2018,8,6,3,0,7.1,-95,0,1.4,0,0.0,0,0.0,0,1003.8,273.0426176478849,12.791469249641262,123,,
2018,8,6,4,0,7.3,-85,0,1.6,0,0.0,0,0.0,0,1004.2,300.36166491793443,11.367642635396924,111,,
2018,8,6,5,0,7.5,-76,0,1.8,0,0.0,0,0.0,0,1004.7,7.588411178713102,6.526148382432186,100,,
2018,8,6,6,0,7.8,-66,0,2.5,9,0.0,6,0.0,0,1005.2,39.481722017599225,6.171938835489941,90,,
2018,8,6,7,0,8.3,-56,0,3.8,43,1.0,93,2.0,0,1005.9,50.68547591627049,5.799320866845711,80,,
2018,8,6,8,0,8.8,-44,6.1,5,94,4.0,172,22.379481508360023,0,1006.6,51.47308061002656,5.096174026083889,71,,
2018,8,6,9,0,9.2,-31,24.5,5.5,203,13.0,108,76.31848040356861,0,1007,51.42686153742659,4.990779242284811,64,,
2018,8,6,10,0,9.7,-15,36.6,5.4,203,43.0,104,174.62157310453202,0,1007.1,43.83267450099783,5.118264179673493,60,,
2018,8,6,11,0,10.1,2,13.4,5.3,163,53.0,280,221.37450139118585,0,1007.2,31.14489416381452,5.602161588248751,58,,
2018,8,6,12,0,10.3,18,30.3,5.4,212,12.0,120,143.30590154137354,0,1007.3,16.141892277626084,5.92575482115513,60,,
2018,8,6,13,0,10.4,33,20.1,5.6,156,6.0,160,101.14107057936496,0,1007.5,335.70980830970205,6.587835294127552,65,,
2018,8,6,14,0,10.4,46,5.4,5.8,78,6.0,173,85.83777828319721,0,1007.6,326.5690794199923,7.949520159731502,72,,
2018,8,6,15,0,10.3,58,15.2,6,57,6.0,41,57.26401283434316,0,1008,327.3778419660373,7.113681138857767,81,,
2018,8,6,16,0,10,68,2.2,6.1,5,4.0,1,22.973218034761917,0,1008.5,326.8235916513221,6.208598727009095,91,,
2018,8,6,17,0,9.7,78,0,6.2,0,0.0,0,1.0,0,1009,345.1395739423908,6.092443081508108,102,,
2018,8,6,18,0,9.2,87,0,6.1,0,0.0,0,0.0,0,1009.4,9.15922394509613,4.992364590746905,113,,
2018,8,6,19,0,8.6,97,0,5.8,0,0.0,0,0.0,0,1009.8,11.774832946767448,5.841925075990189,125,,
2018,8,6,20,0,8,109,0,5.5,0,0.0,0,0.0,0,1010.2,9.932136297649665,6.5493283693663225,136,,
2018,8,6,21,0,7.8,126,0,5.4,0,0.0,0,0.0,0,1010.5,8.54227218391685,7.453781966678716,146,,
2018,8,6,22,0,8.1,150,0,5.6,0,0.0,0,0.0,0,1010.8,11.86892900997026,8.617837392002848,153,,
2018,8,6,23,0,8.3,-177,0,5.8,0,0.0,0,0.0,0,1011,10.727413516440208,9.30594258847862,156,,
2018,8,7,0,0,8.3,-145,0,5.8,0,0.0,0,0.0,0,1011.2,6.856010387237461,8.939411455773653,152,,
2018,8,7,1,0,8.2,-123,0,5.7,0,0.0,0,0.0,0,1011.4,359.6281686488739,8.915959235824644,144,,
2018,8,7,2,0,8.1,-107,0,5.5,0,0.0,0,0.0,0,1011.5,353.0502338240585,9.44488344251343,134,,
2018,8,7,3,0,8,-95,0,5.3,0,0.0,0,0.0,0,1011.8,347.6345957979613,10.028043109563002,123,,
2018,8,7,4,0,7.8,-86,0,5.1,0,0.0,0,0.0,0,1012.3,354.6615782769068,11.17861383375441,111,,
2018,8,7,5,0,7.7,-76,0,4.9,0,0.0,0,0.0,0,1012.7,8.711781428746974,9.403658250018598,100,,
2018,8,7,6,0,7.9,-67,0,4.9,9,0.0,8,0.0,0,1013,18.475061696628245,12.130302434839894,89,,
2018,8,7,7,0,8.4,-56,0.7,5.2,46,4.0,95,6.0,0,1013.2,33.615193088899446,13.161072399920387,79,,
2018,8,7,8,0,8.9,-44,4.6,5.4,85,24.0,194,53.364754643164815,0,1013.4,36.88153549359521,13.702344032660386,71,,
2018,8,7,9,0,9.2,-31,10.1,5.4,141,91.0,237,155.5862043770772,0,1013.5,33.9987483398923,13.54884371812288,64,,
2018,8,7,10,0,9.5,-15,0.1,5,69,243.0,427,278.91626324174246,0,1013.4,34.38144725660828,13.226486327509091,59,,
2018,8,7,11,0,9.7,2,1.1,4.7,82,452.0,432,412.26036518924616,0,1013.3,33.53310937357065,11.815050172784009,58,,
2018,8,7,12,0,9.8,18,0,4.5,73,432.0,412,433.7814402007977,0,1013.3,18.06092551058896,12.11063885892091,60,,
2018,8,7,13,0,9.7,33,0,4.5,69,315.0,329,371.1669903484266,0,1013.3,3.782564274444269,11.368759961514463,65,,
2018,8,7,14,0,9.6,47,0,4.5,60,264.0,208,298.8765064219451,0,1013.3,355.2668135395033,11.63366774213415,72,,
2018,8,7,15,0,9.3,58,1.4,4.5,41,86.0,72,143.76247391897044,0,1013.5,347.2406135055542,11.521822833715738,81,,
2018,8,7,16,0,8.8,68,0,4.5,5,15.0,3,36.6999478928169,0,1013.9,338.5621342806221,12.153859462403998,91,,
2018,8,7,17,0,8.3,78,0,4.5,0,1.0,0,1.0842848501843416,0,1014.2,329.0500225641007,12.535307591167513,102,,
2018,8,7,18,0,7.6,87,0,4.3,0,0.0,0,0.0,0,1014.5,319.15000688130743,12.695609207207347,113,,
2018,8,7,19,0,6.7,98,0,4,0,0.0,0,0.0,0,1014.7,317.0390580949144,13.842404528349425,124,,
2018,8,7,20,0,5.8,110,0,3.8,0,0.0,0,0.0,0,1014.9,306.79091209938565,13.530335122294458,135,,
2018,8,7,21,0,5.7,126,0,3.9,0,0.0,0,0.0,0,1015,294.5363849726844,13.589463974530236,145,,
2018,8,7,22,0,6.4,150,0,4.3,0,0.0,0,0.0,0,1014.9,289.3627345973837,16.40183343931559,153,,
2018,8,7,23,0,7.2,-177,0,4.7,0,0.0,0,0.0,0,1014.8,296.9199890941353,19.38745259224453,156,,
2018,8,8,0,0,7.5,-145,0,4.8,0,0.0,0,0.0,0,1014.7,311.24028671789745,21.035432977724536,152,,
2018,8,8,1,0,7.4,-123,0,4.7,0,0.0,0,0.0,0,1014.5,312.69925788246485,20.757438654865805,144,,
2018,8,8,2,0,7.3,-107,0,4.5,0,0.0,0,0.0,0,1014.4,333.2094060264387,19.72056909897008,133,,
2018,8,8,3,0,7.2,-96,0,4.4,0,0.0,0,0.0,0,1014.5,334.93815956315467,20.098555316593075,122,,
2018,8,8,4,0,7.1,-86,0,4.4,0,0.0,0,0.0,0,1014.7,331.30577479923915,19.7779624641769,111,,
2018,8,8,5,0,7,-76,0,4.3,0,0.0,0,0.0,0,1014.9,329.52908205995703,19.139799428768843,100,,
2018,8,8,6,0,7,-67,5,4.2,13,0.0,3,0.0,0,1015.1,337.59608147046885,19.866464720976783,89,,
2018,8,8,7,0,7,-56,49.7,3.9,70,3.0,0,5.0,0,1015.3,340.96152363215265,18.35303717120808,79,,
2018,8,8,8,0,7,-45,61.4,3.6,116,16.0,0,43.63646156548288,0,1015.4,349.04266184900155,16.229970861480467,70,,
2018,8,8,9,0,7.4,-31,39.5,3.5,188,42.0,72,117.0539399974852,0,1015.3,7.140306528542055,14.978466575543244,63,,
2018,8,8,10,0,8.1,-15,25.3,3.5,228,194.0,143,261.57727957026816,0,1014.9,19.87057124085669,14.421610109618104,59,,
2018,8,8,11,0,8.9,2,50.6,3.4,258,361.0,0,381.8266975416984,0,1014.5,25.862284060123272,13.673142981449626,58,,
2018,8,8,12,0,9.2,18,53,3.5,230,355.0,1,405.4769680125719,0,1014.1,31.12744547955515,13.351277957158764,60,,
2018,8,8,13,0,9.2,34,65.3,3.6,135,431.0,7,421.1042322867965,0,1013.7,31.449759970518187,14.349412612739467,65,,
2018,8,8,14,0,9.2,47,57.7,3.7,113,442.0,0,370.4632493023828,0,1013.3,30.797686243925625,14.012112937638172,72,,
2018,8,8,15,0,9,58,21.9,4,66,294.0,19,232.0766175149283,0,1013.1,28.50941341713377,13.412556807583462,81,,
2018,8,8,16,0,8.6,69,11.2,4.3,5,71.0,3,68.75340414172545,0,1013.2,31.75235770248827,12.564047580497128,91,,
2018,8,8,17,0,8.1,78,9.1,4.6,0,7.0,0,3.611225039666021,0,1013.2,33.58499437346825,12.07389074822304,102,,
2018,8,8,18,0,7.6,88,60.3,4.6,0,0.0,0,0.0,0,1013.2,30.1549632159323,11.927081002591946,113,,
2018,8,8,19,0,6.8,98,46.4,4.5,0,0.0,0,0.0,0,1013.3,22.261532742126747,11.573055356920316,124,,
2018,8,8,20,0,6.1,110,59.1,4.4,0,0.0,0,0.0,0,1013.3,18.294244967150348,10.909041577578938,135,,
2018,8,8,21,0,6,127,59,4.3,0,0.0,0,0.0,0,1013.1,12.419112363517058,11.355557040149174,145,,
2018,8,8,22,0,6.4,151,51.7,4.4,0,0.0,0,0.0,0,1012.8,6.800638886661375,10.745771244469244,153,,
2018,8,8,23,0,6.9,-177,42.9,4.4,0,0.0,0,0.0,0,1012.4,359.28259663829425,9.98344859151958,155,,
2018,8,9,0,0,7.2,-146,42.3,4.6,0,0.0,0,0.0,0,1012,346.26918010794884,10.363808193965903,152,,
2018,8,9,1,0,7.3,-123,42.8,4.8,0,0.0,0,0.0,0,1011.6,339.80684162638767,11.549758334335754,143,,
2018,8,9,2,0,7.5,-108,41.2,5,0,0.0,0,0.0,0,1011.2,333.4030016661231,10.76981345641629,133,,
2018,8,9,3,0,7.6,-96,39.8,5.3,0,0.0,0,0.0,0,1010.8,330.7901118193216,11.033122298231094,122,,
2018,8,9,4,0,7.8,-86,42.5,5.6,0,0.0,0,0.0,0,1010.5,328.8736873937915,11.348721702049648,111,,
2018,8,9,5,0,7.9,-77,36.5,5.8,0,0.0,0,0.0,0,1010.1,324.3601171321434,11.646238266530666,100,,
2018,8,9,6,0,8.2,-67,42.5,6.2,8,0.0,0,0.0,0,1009.9,329.81641809998183,12.493716417737886,89,,
2018,8,9,7,0,8.6,-57,84.3,6.5,20,2.0,0,4.0,0,1010,325.8240750692109,11.818139238881054,79,,
2018,8,9,8,0,8.9,-45,89.4,6.9,31,3.0,0,20.31833339939527,0,1010.1,322.96085804042934,11.124853221589404,70,,
2018,8,9,9,0,9.4,-31,85.7,7.3,61,3.0,0,38.80179805976192,0,1009.6,313.6963282969524,11.374139609128012,63,,
2018,8,9,10,0,9.8,-15,54.6,7.7,223,3.0,0,62.19677587033368,0,1008.7,314.0414453772903,12.073604399034895,59,,
2018,8,9,11,0,10.3,2,45.7,8.1,269,3.0,9,82.47388524002992,0,1007.7,310.98039996600374,12.158619845805418,57,,
2018,8,9,12,0,10.5,18,31.1,8.2,243,3.0,89,87.61383069992786,0,1006.9,306.07506752263976,13.002569469657988,59,,
2018,8,9,13,0,10.5,34,12.7,8.1,132,2.0,211,53.071320096187726,0,1006.3,295.8546427872764,13.34995892729138,64,,
2018,8,9,14,0,10.5,47,45.5,8,111,2.0,44,47.96920934671994,0,1005.7,296.88675216519124,13.514885601038662,72,,
2018,8,9,15,0,10.4,59,45.3,7.9,61,2.0,1,31.776599900409707,0,1005.3,295.1940077358804,13.183036548283589,81,,
2018,8,9,16,0,10.1,69,4,7.7,6,3.0,1,21.760381910784687,0,1005.3,291.23751323982486,12.041402570782951,91,,
2018,8,9,17,0,9.8,78,0,7.5,0,1.0,0,2.0903749829209146,0,1005.2,283.6278873080636,11.539979442407883,102,,
2018,8,9,18,0,9.5,88,0,7.3,0,0.0,0,0.0,0,1005.1,285.13716907784806,11.951289827675234,113,,
2018,8,9,19,0,9.2,98,0,7.2,0,0.0,0,0.0,0,1005,278.0630137338891,12.413979303790608,124,,
2018,8,9,20,0,9,110,0,7,0,0.0,0,0.0,0,1004.9,267.7987681547883,12.19772151342441,135,,
2018,8,9,21,0,8.9,127,0,7,0,0.0,0,0.0,0,1004.5,271.0761621720857,12.856027406129485,145,,
2018,8,9,22,0,9.1,151,0,7.2,0,0.0,0,0.0,0,1004,266.22994197787614,13.507991520416274,152,,
2018,8,9,23,0,9.3,-177,0,7.3,0,0.0,0,0.0,0,1003.4,261.50310510807685,14.621424117599451,155,,
2018,8,10,0,0,9.3,-146,0,7.4,0,0.0,0,0.0,0,1002.9,265.2120426595044,13.902272789375582,151,,
2018,8,10,1,0,9.3,-123,0,7.3,0,0.0,0,0.0,0,1002.3,258.0925292529833,14.820118683154448,143,,
2018,8,10,2,0,9.3,-108,0,7.2,0,0.0,0,0.0,0,1001.8,254.27220526441937,15.134754977909862,133,,
2018,8,10,3,0,9.2,-96,0,7.2,0,0.0,0,0.0,0,1001.2,250.9215210019668,15.67935470927348,122,,
2018,8,10,4,0,9.2,-86,22,7.1,0,0.0,0,0.0,0,1000.7,251.38733007547123,16.253150827042226,111,,
2018,8,10,5,0,9.2,-77,37.3,7,0,0.0,0,0.0,0,1000.2,252.95231301584016,17.115054007605757,99,,
2018,8,10,6,0,9.2,-67,25.3,7,11,0.0,0,0.0,0,999.8,254.59317800757992,17.945427981824228,89,,
2018,8,10,7,0,9.4,-57,73.9,7.3,31,13.0,0,10.0,0,999.6,253.2830957277884,19.042831506479097,79,,
2018,8,10,8,0,9.6,-45,79.8,7.6,56,46.0,0,72.06123063871694,0,999.4,257.4112927318746,19.47852269517461,70,,
2018,8,10,9,0,9.7,-31,80.1,7.6,78,131.0,0,183.5553838681857,0,998.8,268.20160006876154,20.8955462757093,63,,
2018,8,10,10,0,9.8,-15,78.5,7.6,101,352.0,0,337.9233040053719,0,997.9,276.57777351041244,22.295200609828267,58,,
2018,8,10,11,0,9.9,2,94.6,7.5,27,433.0,0,432.59329051934816,0,997,281.5546503544319,21.19840364029601,57,,
2018,8,10,12,0,9.9,18,92.2,7.5,37,65.0,0,256.2431012901959,0,996.2,291.80677917437106,19.349717270525385,59,,
2018,8,10,13,0,9.9,34,81.6,7.6,71,7.0,0,113.7785967583374,0,995.5,330.48682029666685,14.4822032662456,64,,
2018,8,10,14,0,9.9,47,62.8,7.7,62,4.0,23,69.9542356474945,0,994.8,353.2649747889487,10.317046073765772,71,,
2018,8,10,15,0,9.9,59,41.2,7.7,64,4.0,4,48.56805702615563,0,994.4,4.217384711428849,9.892999107990862,80,,
2018,8,10,16,0,9.8,69,2.7,7.8,6,2.0,1,17.513793521960665,0,994.3,356.6577301494474,7.504219175741394,91,,
2018,8,10,17,0,9.7,79,0,7.9,0,0.0,0,1.0,0,994.2,303.6979694383903,3.927794749565603,101,,
2018,8,10,18,0,9.5,88,0,7.9,0,0.0,0,0.0,0,994.2,250.53489458191112,5.07575104610363,113,,
2018,8,10,19,0,9.2,98,0,7.8,0,0.0,0,0.0,0,994.2,236.3483078871247,6.065815933107551,124,,
2018,8,10,20,0,8.9,111,5.3,7.7,0,0.0,0,0.0,0,994.3,225.9950502663189,6.362158313862092,135,,
2018,8,10,21,0,8.8,127,0,7.7,0,0.0,0,0.0,0,994.3,230.7858130372676,6.045000618712943,145,,
2018,8,10,22,0,8.8,151,18.1,7.6,0,0.0,0,0.0,0,994.3,229.79942787105347,6.266297573036094,152,,
2018,8,10,23,0,8.8,-177,39.5,7.6,0,0.0,0,0.0,0,994.2,233.85616207568887,6.357932355927087,155,,
2018,8,11,0,0,8.8,-146,37.9,7.5,0,0.0,0,0.0,0,994.3,233.51409502518004,7.657300873084345,151,,
2018,8,11,1,0,8.6,-124,38.8,7.4,0,0.0,0,0.0,0,994.5,240.75799479776865,5.582504839658028,143,,
2018,8,11,2,0,8.5,-108,42.9,7.2,0,0.0,0,0.0,0,994.7,243.34967402930025,6.308928664443727,133,,
2018,8,11,3,0,8.4,-96,41.8,7.1,0,0.0,0,0.0,0,995,259.02329951136056,5.81214551972747,122,,
2018,8,11,4,0,8.4,-86,23,7,0,0.0,0,0.0,0,995.4,274.20203183144736,5.367700510619573,110,,
2018,8,11,5,0,8.3,-77,0,6.9,0,0.0,0,0.0,0,995.8,307.3703380426392,5.730199041695948,99,,
2018,8,11,6,0,8.6,-67,0,6.8,14,0.0,4,0.0,0,996.1,330.4851338929,6.479534691194724,88,,
2018,8,11,7,0,9.3,-57,31.1,6.8,75,1.0,17,4.0,0,996.3,330.8788806963624,6.127878884640633,78,,
2018,8,11,8,0,9.9,-45,37.5,6.9,158,3.0,17,25.342072282697355,0,996.5,349.87420225937296,4.367341593308213,70,,
2018,8,11,9,0,10.2,-31,40.4,7.2,242,6.0,5,63.65382927903454,0,996.4,345.3577928335895,3.7792314075250593,63,,
2018,8,11,10,0,10.1,-15,41.2,7.7,264,14.0,26,126.70533687511792,0,996.1,350.75046872230683,5.16580019178968,58,,
2018,8,11,11,0,10.1,2,33.6,8.2,320,16.0,18,157.99930973439783,0,995.8,18.26976449429344,4.927337001483216,57,,
2018,8,11,12,0,10,19,31.5,8.4,256,15.0,70,162.1976487266934,0,995.4,25.39903181211253,5.8912063837895365,59,,
2018,8,11,13,0,10.1,34,44.3,8.3,170,6.0,43,109.26388528092303,0,995,11.09828325380795,6.610442037099905,64,,
2018,8,11,14,0,10.1,47,9.6,8.1,115,6.0,126,84.95528247208685,0,994.7,5.139070683885166,8.373013175325267,71,,
2018,8,11,15,0,10.1,59,39.8,8,66,6.0,1,59.37453475857509,0,994.5,10.253795743030878,7.499412485794063,80,,
2018,8,11,16,0,10.1,69,54.3,7.8,5,5.0,0,28.30177409201069,0,994.4,20.039271787049017,6.149396547701778,90,,
2018,8,11,17,0,10.1,79,54.6,7.7,0,1.0,0,2.096557194114842,0,994.3,37.24831791902278,6.343204756733456,101,,
2018,8,11,18,0,10.1,88,57.4,7.5,0,0.0,0,0.0,0,994.4,55.07020511669424,7.329689916164282,113,,
2018,8,11,19,0,10,99,66,7.4,0,0.0,0,0.0,0,994.5,52.937776688148745,8.000533354384592,124,,
2018,8,11,20,0,10,111,64.9,7.2,0,0.0,0,0.0,0,994.6,56.45488388690836,7.788646759600336,135,,
2018,8,11,21,0,10.1,128,62.2,7.1,0,0.0,0,0.0,0,994.3,54.1108996275114,9.869854253337309,145,,
2018,8,11,22,0,10.1,152,55.5,7.1,0,0.0,0,0.0,0,993.8,53.84515753537164,9.875378420375478,152,,
2018,8,11,23,0,10.2,-177,57.9,7,0,0.0,0,0.0,0,993.3,47.505448612386886,9.027693982265252,154,,
2018,8,12,0,0,10.2,-146,52.7,6.9,0,0.0,0,0.0,0,992.8,43.861048301572566,10.48282299407966,151,,
2018,8,12,1,0,10,-124,59.5,6.8,0,0.0,0,0.0,0,992.4,28.633519091984795,10.84457147273534,143,,
2018,8,12,2,0,9.9,-108,59.9,6.6,0,0.0,0,0.0,0,991.9,21.42408227670132,10.339954636472438,133,,
2018,8,12,3,0,9.7,-97,58.7,6.6,0,0.0,0,0.0,0,991.7,20.690899268777287,10.22232667350156,122,,
2018,8,12,4,0,9.5,-87,56.4,6.7,0,0.0,0,0.0,0,991.8,17.240992135671434,10.844967790211092,110,,
2018,8,12,5,0,9.3,-77,58.1,6.7,0,0.0,0,0.0,0,991.8,12.705077723486568,10.251495569141746,99,,
2018,8,12,6,0,9.6,-68,52.5,7.1,13,0.0,0,0.0,0,992,4.413874732590443,10.325790816726403,88,,
2018,8,12,7,0,10.4,-57,9.8,7.7,66,21.0,72,12.000000000000002,0,992.5,359.01471647532986,10.903955956127302,78,,
2018,8,12,8,0,11.1,-45,0.8,8.3,85,58.0,212,78.8498869327488,0,993,356.3822618555012,11.885990598140504,69,,
2018,8,12,9,0,11.5,-31,0,8.6,83,50.0,345,140.99667382775382,0,993.2,350.4721797215944,12.218352640622644,62,,
2018,8,12,10,0,11.4,-15,3.6,8.6,115,15.0,373,125.17882815094666,0,993.3,347.51668473483085,13.507314795287495,58,,
2018,8,12,11,0,11.3,2,4.8,8.6,134,14.0,370,145.06123813193207,0,993.4,338.421698759913,13.668386709708072,57,,
2018,8,12,12,0,11.1,19,12.7,8.6,188,11.0,246,141.0595329994682,0,993.5,335.8892212903631,15.573518896631734,59,,
2018,8,12,13,0,10.8,34,57.7,8.7,162,6.0,13,98.28921319536305,0,993.8,344.27313034963134,17.541433781514865,64,,
2018,8,12,14,0,10.6,48,22,8.7,99,31.0,126,159.39359436792228,0,994,357.14570455734406,17.571604069332913,71,,
2018,8,12,15,0,10.2,59,15.4,8.6,70,74.0,35,150.56471490394492,0,994.5,7.419224306853266,18.11651718656444,80,,
2018,8,12,16,0,9.8,70,4.1,8.2,6,54.0,5,70.24701595675634,0,995.4,15.882405843282529,16.16697255153264,90,,
2018,8,12,17,0,9.3,79,23.3,7.8,0,4.0,0,4.398721205747677,0,996.2,21.19787387580186,17.77968293677802,101,,
2018,8,12,18,0,9,89,15.1,7.4,0,0.0,0,0.0,0,996.9,25.74019219309656,18.308393629904028,112,,
2018,8,12,19,0,8.7,99,37.3,7.1,0,0.0,0,0.0,0,997.4,27.581367044716103,16.76790689402677,124,,
2018,8,12,20,0,8.5,111,28.2,6.7,0,0.0,0,0.0,0,997.9,32.517546606213216,16.38631720795461,135,,
2018,8,12,21,0,8.3,128,43,6.6,0,0.0,0,0.0,0,998.3,31.338540467211715,15.931998348580906,144,,
2018,8,12,22,0,8.3,152,23.3,6.7,0,0.0,0,0.0,0,998.6,29.497373293366365,14.244323009566644,152,,
2018,8,12,23,0,8.4,-177,0,6.8,0,0.0,0,0.0,0,999,31.23830796825939,13.403756441063024,154,,
2018,8,13,0,0,8.2,-146,0,6.6,0,0.0,0,0.0,0,999.4,27.469266507713087,12.398291672904849,150,,
2018,8,13,1,0,7.8,-124,0,5.9,0,0.0,0,0.0,0,1000.1,24.3688608144127,12.194326604059183,142,,
2018,8,13,2,0,7.5,-109,0,5.2,0,0.0,0,0.0,0,1000.7,26.601104834889554,12.49283128454875,132,,
2018,8,13,3,0,7.3,-97,0,4.6,0,0.0,0,0.0,0,1001.5,29.165337634415607,12.98125030892252,121,,
2018,8,13,4,0,7.1,-87,0,4.2,0,0.0,0,0.0,0,1002.4,32.927507727881334,12.287033975831005,110,,
2018,8,13,5,0,6.9,-77,0,3.8,0,0.0,0,0.0,0,1003.3,26.641432948598663,11.957515154682808,99,,
2018,8,13,6,0,7.3,-68,0,3.7,14,0.0,11,0.0,0,1004.1,22.256677148093782,11.456848260125057,88,,
2018,8,13,7,0,8,-57,2.2,3.9,58,13.0,100,10.0,0,1004.7,18.58307771761281,13.169278299536868,78,,
2018,8,13,8,0,8.8,-45,8.3,4,114,88.0,172,87.75863795448777,0,1005.3,16.73961490146837,13.408027948956391,69,,
2018,8,13,9,0,9.3,-31,42.6,4.1,243,205.0,14,209.28129592721817,0,1005.7,13.13266848398348,14.422360076268523,62,,
2018,8,13,10,0,9.5,-15,9.4,3.9,138,125.0,334,250.04783513967388,0,1005.8,13.235820684943462,14.487884221894127,58,,
2018,8,13,11,0,9.6,2,45.6,3.8,215,66.0,80,245.5838575182063,0,1006,10.200668126848823,14.243449012435164,56,,
2018,8,13,12,0,9.6,19,53,3.8,191,33.0,46,207.32390399993605,0,1006.1,4.613154378694105,14.543207349518251,58,,
2018,8,13,13,0,9.6,34,32,3.9,194,18.0,84,159.94431000683747,0,1006.3,3.178926558505623,15.457379134521716,63,,
2018,8,13,14,0,9.5,48,34,4,111,17.0,75,130.5105178171688,0,1006.5,1.1566213262302654,15.48142578685879,71,,
2018,8,13,15,0,9.4,60,28.5,4.1,70,9.0,17,71.62983467436025,0,1006.8,0.0,15.000732421875,80,,
2018,8,13,16,0,9.1,70,0.1,4.2,7,6.0,4,29.60399294379183,0,1007.4,358.47255407457186,14.068231273037709,90,,
2018,8,13,17,0,8.9,79,0,4.3,0,2.0,0,3.2056470232385017,0,1008,357.00032897826657,15.526400680213149,101,,
2018,8,13,18,0,8.6,89,0,4.5,0,0.0,0,0.0,0,1008.3,358.36397043828856,15.32387358748112,112,,
2018,8,13,19,0,8.4,99,15.9,4.9,0,0.0,0,0.0,0,1008.6,358.0160732775888,15.599438535615253,124,,
2018,8,13,20,0,8.3,112,39.5,5.2,0,0.0,0,0.0,0,1008.8,356.681415461569,15.11543507633132,134,,
2018,8,13,21,0,8.4,128,39.5,5.5,0,0.0,0,0.0,0,1009,356.70011304429306,16.286770227087125,144,,
2018,8,13,22,0,8.7,152,21.4,5.8,0,0.0,0,0.0,0,1009,357.1863390612571,16.551936413821313,151,,
2018,8,13,23,0,9.1,-177,0,6.1,0,0.0,0,0.0,0,1009,357.808015188482,15.75347053990355,154,,
2018,8,14,0,0,9.4,-146,0,6.4,0,0.0,0,0.0,0,1009.1,359.04689585418413,15.029423148632953,150,,
2018,8,14,1,0,9.5,-124,0,6.7,0,0.0,0,0.0,0,1009.2,2.5546220748638007,15.024697414102864,142,,
2018,8,14,2,0,9.7,-109,0,7,0,0.0,0,0.0,0,1009.3,1.5470693566946352,13.88982870524981,132,,
2018,8,14,3,0,9.8,-97,0,7.2,0,0.0,0,0.0,0,1009.4,359.26257029215924,12.823327713593203,121,,
2018,8,14,4,0,9.9,-87,0,7.4,0,0.0,0,0.0,0,1009.7,358.3409692181051,12.952695169898297,110,,
2018,8,14,5,0,10.1,-78,0,7.6,0,0.0,0,0.0,0,1009.9,353.68982335448555,12.145851885528964,99,,
2018,8,14,6,0,10.4,-68,6.4,7.9,17,0.0,5,0.0,0,1010.3,343.60885212507515,12.27653596643836,88,,
2018,8,14,7,0,10.9,-57,31.9,8.3,83,28.0,29,13.000000000000002,0,1010.9,337.05075803713584,12.949770770382283,78,,
2018,8,14,8,0,11.4,-45,13.4,8.7,135,97.0,141,92.2694889599283,0,1011.5,332.1284764889611,13.302931093411695,69,,
2018,8,14,9,0,11.7,-31,23,8.8,224,174.0,116,201.2395376964772,0,1011.8,328.5622872163865,14.24341131864711,62,,
2018,8,14,10,0,11.8,-15,48.7,8.6,204,253.0,64,300.48883261879985,0,1011.8,326.9845777378864,14.928984119927463,57,,
2018,8,14,11,0,11.9,2,59.6,8.3,218,407.0,0,418.94214248051696,0,1011.9,324.8606783179088,15.613859975710156,56,,
2018,8,14,12,0,11.8,19,36.6,8.3,250,424.0,70,453.3201800859668,0,1012,324.221439347668,15.661385845460163,58,,
2018,8,14,13,0,11.5,35,17.2,8.3,191,370.0,158,415.0002412612108,0,1012.2,317.0883472368268,14.733350736386964,63,,
2018,8,14,14,0,11.3,48,22.8,8.4,98,154.0,123,260.7236113592327,0,1012.4,309.23416313674966,14.484204635935043,71,,
2018,8,14,15,0,11,60,33.6,8.4,70,119.0,17,174.44844747295167,0,1012.9,309.8306786455318,15.836031704111033,80,,
2018,8,14,16,0,10.7,70,0.6,8.5,8,85.0,5,83.02196237498134,0,1013.7,306.8513975177964,15.878418796466203,90,,
2018,8,14,17,0,10.4,80,0,8.5,0,15.0,0,6.589789369902381,0,1014.4,302.46114592554795,15.80487173579303,101,,
2018,8,14,18,0,9.9,89,0,8.2,0,0.0,0,0.0,0,1015.2,300.9354175704762,15.406738060731891,112,,
2018,8,14,19,0,9.2,100,0.2,7.6,0,0.0,0,0.0,0,1015.9,293.1933604520721,16.154730520607135,123,,
2018,8,14,20,0,8.6,112,40.4,7,0,0.0,0,0.0,0,1016.7,294.7386415632818,18.094702509447643,134,,
2018,8,14,21,0,8.3,129,16.1,6.7,0,0.0,0,0.0,0,1017.2,299.91948455976683,19.48641362725417,144,,
2018,8,14,22,0,8.5,153,6.6,6.7,0,0.0,0,0.0,0,1017.7,300.057654197252,20.81334463616529,151,,
2018,8,14,23,0,8.7,-177,0,6.7,0,0.0,0,0.0,0,1018.1,299.8630389508271,21.27711987014344,154,,
2018,8,15,0,0,8.6,-147,0,6.5,0,0.0,0,0.0,0,1018.4,304.4492448321908,21.791026802740525,150,,
2018,8,15,1,0,8.4,-125,0,6,0,0.0,0,0.0,0,1018.7,308.38049655829207,23.98817070117269,142,,
2018,8,15,2,0,8.1,-109,0,5.6,0,0.0,0,0.0,0,1018.9,305.33191200577505,24.379778893599013,132,,
2018,8,15,3,0,7.9,-97,0,5.3,0,0.0,0,0.0,0,1019.3,340.7623397457786,22.15355853263132,121,,
2018,8,15,4,0,7.5,-87,0,5.1,0,0.0,0,0.0,0,1019.9,344.0375847948365,19.86989727883792,110,,
2018,8,15,5,0,7.2,-78,0,5,0,0.0,0,0.0,0,1020.4,342.9964268246961,21.48023559921052,98,,
2018,8,15,6,0,7.4,-68,0,5,14,0.0,18,0.0,0,1020.9,340.38688681229286,23.62147934858968,88,,
2018,8,15,7,0,8,-58,0,5.1,45,14.0,134,10.0,0,1021.3,336.68658244608747,24.569483300607143,77,,
2018,8,15,8,0,8.6,-45,0.6,5.2,64,38.0,269,66.9702733649475,0,1021.6,336.9631483127506,24.79069559468805,69,,
2018,8,15,9,0,9.1,-31,31.6,5.3,266,26.0,50,107.62406886478392,0,1021.6,341.92412903714643,25.007653137862384,61,,
2018,8,15,10,0,9.5,-15,6.6,5.4,135,24.0,369,150.21164558443795,0,1021.3,347.64189607087013,26.69996267759915,57,,
2018,8,15,11,0,9.8,2,4.7,5.4,124,26.0,411,182.46662640528896,0,1020.9,351.41211056657573,25.68174340490601,56,,
2018,8,15,12,0,10,19,0,5.4,78,32.0,445,206.0546365943361,0,1020.5,357.83073802977447,24.17430653021258,58,,
2018,8,15,13,0,10,35,0.1,5.5,73,34.0,361,198.07697847345477,0,1020.1,358.85151121013786,19.598419597343536,63,,
2018,8,15,14,0,10.1,48,34.1,5.5,161,47.0,42,183.9138938211877,0,1019.7,356.13499593143274,19.804808968015383,70,,
2018,8,15,15,0,9.9,60,39,5.6,86,68.0,0,149.94571303728318,0,1019.5,357.48958174558885,18.54978513985227,79,,
2018,8,15,16,0,9.5,70,4.4,5.8,11,31.0,2,60.50575228135369,0,1019.5,359.3187222855569,17.658230710965316,90,,
2018,8,15,17,0,9,80,0,5.9,0,3.0,0,3.327500387516027,0,1019.5,356.6932063461697,18.41982946452579,101,,
2018,8,15,18,0,8.7,90,0,6.1,0,0.0,0,0.0,0,1019.3,352.1276235950943,18.12245316370057,112,,
2018,8,15,19,0,8.4,100,19.7,6.2,0,0.0,0,0.0,0,1018.9,355.1521934171608,20.234004337642137,123,,
2018,8,15,20,0,8.2,112,43,6.3,0,0.0,0,0.0,0,1018.4,1.984531331372807,19.33825899772518,134,,
2018,8,15,21,0,8.2,129,43,6.6,0,0.0,0,0.0,0,1017.9,8.380616755020469,17.49121991506004,144,,
2018,8,15,22,0,8.6,153,50.3,7,0,0.0,0,0.0,0,1017.2,15.693340716692774,16.587823554823846,151,,
2018,8,15,23,0,9,-176,59,7.5,0,0.0,0,0.0,0,1016.5,18.56093143610656,15.41405634582675,153,,
2018,8,16,0,0,9.2,-147,59,7.9,0,0.0,0,0.0,0,1015.8,20.74718342746036,14.732722105759755,150,,
2018,8,16,1,0,9.2,-125,65,8.1,0,0.0,0,0.0,0,1015.1,21.20190491718097,14.887859710156013,142,,
2018,8,16,2,0,9.3,-109,73.3,8.3,0,0.0,0,0.0,0,1014.4,25.63742344720532,13.94002040175364,132,,
2018,8,16,3,0,9.4,-98,73.2,8.4,0,0.0,0,0.0,0,1013.7,27.65379487133692,13.129989243399114,121,,
2018,8,16,4,0,9.6,-88,73.3,8.5,0,0.0,0,0.0,0,1013.1,23.706570945628982,13.291772425937332,109,,
2018,8,16,5,0,9.8,-78,73.1,8.5,0,0.0,0,0.0,0,1012.5,20.420963751258057,12.629134919739055,98,,
2018,8,16,6,0,10.1,-68,51.8,8.7,15,0.0,0,0.0,0,1012,27.47612522064901,14.069681584490608,87,,
2018,8,16,7,0,10.6,-58,25.4,9,95,85.0,33,17.000000000000004,0,1011.5,28.520835554571363,14.511559870839791,77,,
2018,8,16,8,0,11.2,-46,43,9.3,156,217.0,29,117.3333391735358,0,1011,29.60655499171384,14.449543615413631,68,,
2018,8,16,9,0,11.4,-32,44,9.5,184,260.0,64,230.42758732944597,0,1010.1,27.060666103107906,13.846670210883705,61,,
2018,8,16,10,0,11.3,-15,50.2,9.5,243,366.0,17,344.4249863905844,0,1008.8,26.134257155593048,13.82448797295255,57,,
2018,8,16,11,0,11.3,2,77.7,9.6,122,369.0,0,408.8289507685047,0,1007.6,25.02584700521993,13.307986880193772,55,,
2018,8,16,12,0,11.2,19,79.8,9.6,101,279.0,0,393.6778666723626,0,1006.4,23.6091009846794,13.588544969374327,57,,
2018,8,16,13,0,11,35,94.2,9.7,24,328.0,0,401.4677241742075,0,1005.3,21.206585686623043,13.489661693222669,63,,
2018,8,16,14,0,10.9,49,79.1,9.8,59,294.0,0,333.804176491336,0,1004.2,20.96813467217624,12.9995043825161,70,,
2018,8,16,15,0,10.8,60,60.1,9.9,44,133.0,0,184.17149084851383,0,1003.2,21.492669722027472,12.014381723855,79,,
2018,8,16,16,0,10.8,71,59.3,10,3,38.0,0,62.56128443554074,0,1002.3,20.499941372916737,11.205723683241166,90,,
2018,8,16,17,0,10.7,80,41.9,10.1,0,7.0,0,5.786556313312979,0,1001.4,18.66657327764227,10.503696074959649,101,,
2018,8,16,18,0,10.5,90,42.5,9.7,0,0.0,0,0.0,0,1000.6,16.746931386600465,9.637007880232098,112,,
2018,8,16,19,0,10,100,22.9,8.8,0,0.0,0,0.0,0,1000,7.064811606800674,9.51019288970024,123,,
2018,8,16,20,0,9.5,113,0,7.9,0,0.0,0,0.0,0,999.4,1.3553794616968844,9.815734588317335,134,,
2018,8,16,21,0,8.8,129,0,7.1,0,0.0,0,0.0,0,999.1,359.36215784119105,9.21101997992138,144,,
2018,8,16,22,0,7.9,153,0,6.4,0,0.0,0,0.0,0,999.1,356.15800023548,8.730069008365476,151,,
2018,8,16,23,0,7.1,-176,0,5.8,0,0.0,0,0.0,0,999,350.71949307886325,8.803216755517125,153,,
2018,8,17,0,0,6.4,-147,0,5,0,0.0,0,0.0,0,999.3,344.74736937680257,8.875630168302175,149,,
2018,8,17,1,0,5.7,-125,0,4.1,0,0.0,0,0.0,0,999.7,339.42209682349977,9.43761473390171,141,,
2018,8,17,2,0,5.1,-110,0,3.2,0,0.0,0,0.0,0,1000.2,337.3785386595051,9.436429540922404,131,,
2018,8,17,3,0,4.8,-98,0,2.7,0,0.0,0,0.0,0,1000.7,332.40053945952394,9.501343447031608,120,,
2018,8,17,4,0,4.8,-88,0,2.6,0,0.0,0,0.0,0,1001.2,330.457037181901,9.606664920525343,109,,
2018,8,17,5,0,4.8,-78,0,2.4,0,0.0,0,0.0,0,1001.8,333.28652418677984,10.031113216620303,98,,
2018,8,17,6,0,5.1,-68,16.6,2.4,16,0.0,2,0.0,0,1002.3,327.9250617676517,9.273176763222567,87,,
2018,8,17,7,0,5.7,-58,12.1,2.7,90,53.0,46,16.000000000000004,0,1002.9,321.5801788790843,9.203122943690124,77,,
2018,8,17,8,0,6.3,-46,4.5,2.9,133,132.0,164,101.43085735711918,0,1003.5,322.5211241577281,9.74405624099256,68,,
2018,8,17,9,0,6.6,-32,21.9,2.6,204,167.0,152,197.50513360944768,0,1003.9,314.6288294078524,10.20647881491407,61,,
2018,8,17,10,0,6.7,-15,11,1.9,162,165.0,317,278.7445365753741,0,1004,310.07621607922954,11.2895965370659,56,,
2018,8,17,11,0,6.7,2,29.6,1.2,114,126.0,283,302.4325946122925,0,1004.1,309.9660254059017,13.059687927761638,55,,
2018,8,17,12,0,6.7,19,31.2,0.8,162,139.0,199,328.6896302076793,0,1004.2,305.84380999270144,13.60877402957222,57,,
2018,8,17,13,0,6.8,35,20.9,0.7,154,154.0,197,322.7559565856312,0,1004.2,306.9082826117458,14.86831388351047,62,,
2018,8,17,14,0,6.9,49,36.9,0.7,100,122.0,107,255.08579273523523,0,1004.3,306.2892980878049,15.86292381231484,70,,
2018,8,17,15,0,6.8,61,17.4,0.6,56,56.0,58,143.4471488558863,0,1004.7,305.0100868300235,15.540266282839177,79,,
2018,8,17,16,0,6.5,71,2,0.5,10,31.0,5,61.72630947701024,0,1005.3,299.4613241721715,15.41329116167431,89,,
2018,8,17,17,0,6.3,81,0,0.5,0,2.0,0,3.2311606060736016,0,1005.8,297.5800079242336,15.563749902774394,100,,
2018,8,17,18,0,5.9,90,0,0.5,0,0.0,0,0.0,0,1006.4,312.4899614135608,16.358907967999325,112,,
2018,8,17,19,0,5.5,101,0,0.5,0,0.0,0,0.0,0,1006.8,306.91676520009906,15.400688746148449,123,,
2018,8,17,20,0,5.1,113,0,0.5,0,0.0,0,0.0,0,1007.3,309.8262867075298,12.882086417034769,134,,
2018,8,17,21,0,5,130,0,0.5,0,0.0,0,0.0,0,1007.6,330.81642160541355,10.355247230419636,143,,
2018,8,17,22,0,5.2,153,0,0.6,0,0.0,0,0.0,0,1007.9,342.20101867620434,8.79192054225293,150,,
2018,8,17,23,0,5.5,-176,0,0.6,0,0.0,0,0.0,0,1008.1,323.3854962547429,8.24856827334697,153,,
2018,8,18,0,0,5.6,-147,0,0.6,0,0.0,0,0.0,0,1008.3,329.10605635848253,9.99955566432358,149,,
2018,8,18,1,0,5.5,-125,0,0.5,0,0.0,0,0.0,0,1008.5,354.3748316615996,9.56436834907313,141,,
2018,8,18,2,0,5.4,-110,0,0.4,0,0.0,0,0.0,0,1008.6,358.860811416627,11.44488906077058,131,,
2018,8,18,3,0,5.4,-98,0,0.3,0,0.0,0,0.0,0,1009,1.2667011149907808,12.325033404573896,120,,
2018,8,18,4,0,5.5,-88,0,0.3,0,0.0,0,0.0,0,1009.5,2.5039827018968595,11.95868393032946,109,,
2018,8,18,5,0,5.5,-78,0,0.4,0,0.0,0,0.0,0,1010,5.147492512430858,11.197502845687998,98,,
2018,8,18,6,0,6,-69,0.3,0.8,20,0.0,16,0.0,0,1010.5,0.9289165209523844,10.466219243139172,87,,
2018,8,18,7,0,6.8,-58,0.1,1.6,58,12.0,125,12.0,0,1011.1,345.12326162690977,10.398353401491727,77,,
2018,8,18,8,0,7.6,-46,0.2,2.5,78,35.0,262,73.04517357433244,0,1011.7,339.5389030644767,12.656405845907036,68,,
2018,8,18,9,0,8.2,-32,28.5,2.8,223,45.0,108,139.8201306201311,0,1011.9,327.49857861172137,10.327757989015328,61,,
2018,8,18,10,0,8.4,-15,29.9,2.6,220,48.0,166,199.0989047818871,0,1011.9,333.1476989605373,12.74017924861628,56,,
2018,8,18,11,0,8.7,2,33,2.3,294,29.0,88,199.4267945357132,0,1011.8,338.6693273332067,13.52488913587588,55,,
2018,8,18,12,0,8.9,20,40.2,2.3,240,14.0,77,163.09076584575976,0,1011.7,358.83659462297373,13.190707474292342,57,,
2018,8,18,13,0,9,35,9.3,2.6,147,15.0,255,157.61399197268068,0,1011.7,0.8215112626692758,13.077516092689049,62,,
2018,8,18,14,0,9.1,49,9.8,2.8,95,10.0,191,111.2127632283724,0,1011.7,0.7438513036038898,11.358623246264113,70,,
2018,8,18,15,0,9,61,28.6,3,73,6.0,34,66.5355554619339,0,1011.9,9.622741760406656,12.098945940624146,79,,
2018,8,18,16,0,8.7,71,2.9,3.1,12,10.0,5,41.85073970512886,0,1012.4,21.19619179974177,11.841639924617605,89,,
2018,8,18,17,0,8.5,81,0,3.2,0,4.0,0,5.475245306107609,0,1012.8,29.77418298718624,12.02013623559488,100,,
2018,8,18,18,0,7.9,90,0,3.2,0,0.0,0,0.0,0,1013.2,44.55155295729105,11.69006230831265,111,,
2018,8,18,19,0,7,101,0,3.1,0,0.0,0,0.0,0,1013.7,42.823810621024,12.465878081794878,123,,
2018,8,18,20,0,6.1,114,0,3,0,0.0,0,0.0,0,1014.1,52.72959390910637,12.510657213943976,134,,
2018,8,18,21,0,5.8,130,0,3.1,0,0.0,0,0.0,0,1014.3,63.78103302230909,12.237345450597273,143,,
2018,8,18,22,0,6.1,154,0,3.4,0,0.0,0,0.0,0,1014.4,66.39882656587747,12.77938705382201,150,,
2018,8,18,23,0,6.3,-176,0,3.7,0,0.0,0,0.0,0,1014.5,66.78909132642082,13.717996255071585,152,,
2018,8,19,0,0,6.4,-147,0,3.8,0,0.0,0,0.0,0,1014.5,70.16349793292085,16.972133244751912,149,,
2018,8,19,1,0,6.3,-126,0,3.8,0,0.0,0,0.0,0,1014.7,68.80016730214669,18.93865886610914,141,,
2018,8,19,2,0,6.1,-110,0,3.8,0,0.0,0,0.0,0,1014.8,68.22988739200991,19.753299209714864,131,,
2018,8,19,3,0,6,-98,0,3.7,0,0.0,0,0.0,0,1015,66.55698541262268,19.357616674147224,120,,
2018,8,19,4,0,5.8,-88,0,3.6,0,0.0,0,0.0,0,1015.2,68.76896031944415,20.575981383308665,109,,
2018,8,19,5,0,5.6,-79,0,3.5,0,0.0,0,0.0,0,1015.5,73.2652414178753,22.03223031345239,97,,
2018,8,19,6,0,6,-69,7.2,3.6,26,0.0,10,0.0,0,1015.8,77.57006745266568,21.82055669389085,87,,
2018,8,19,7,0,7.1,-58,38.2,3.9,118,97.0,5,21.000000000000007,0,1016.2,86.51803245209447,19.92618878801637,76,,
2018,8,19,8,0,8.3,-46,17.2,4.2,138,196.0,166,124.15206615537602,0,1016.5,84.49803281168101,20.02168512434434,67,,
2018,8,19,9,0,9.1,-32,26.7,4.2,218,258.0,132,242.4600091878082,0,1016.6,81.79749294416581,19.58980825008321,60,,
2018,8,19,10,0,9.6,-15,39.8,4,326,353.0,13,357.85773592326734,0,1016.3,81.43275284491483,19.300813473780927,56,,
2018,8,19,11,0,10.1,2,32,3.7,320,409.0,77,443.5169881109424,0,1016.1,79.94517028725141,18.38565439839608,54,,
2018,8,19,12,0,10.4,20,34.8,3.6,293,389.0,66,462.61246873877417,0,1015.9,76.2246415168529,18.037116131164243,57,,
2018,8,19,13,0,10.4,36,44.7,3.7,240,315.0,9,413.2953345034712,0,1015.7,73.18594943309677,17.51719534961149,62,,
2018,8,19,14,0,10.4,49,33.5,3.8,195,223.0,18,316.1813116153384,0,1015.6,74.22424165877277,17.341176498492143,69,,
2018,8,19,15,0,10.1,61,15.2,3.9,72,152.0,56,204.82834574753645,0,1015.5,74.96845043355916,17.214514522983578,79,,
2018,8,19,16,0,9.4,71,3.8,4.2,13,124.0,4,107.79481845363236,0,1015.6,74.82057585822304,17.05069941165681,89,,
2018,8,19,17,0,8.8,81,0,4.4,0,21.0,0,10.56320629233363,0,1015.7,77.7972158597787,15.799609259862104,100,,
2018,8,19,18,0,7.7,91,0,4.2,0,0.0,0,0.0,0,1015.9,77.25559049377074,15.32005410606277,111,,
2018,8,19,19,0,6.3,101,0,3.7,0,0.0,0,0.0,0,1016.2,71.7293679786481,14.240884988122144,123,,
2018,8,19,20,0,5,114,0,3.1,0,0.0,0,0.0,0,1016.5,71.11173502478249,13.915074859408184,133,,
2018,8,19,21,0,4.5,131,0,2.9,0,0.0,0,0.0,0,1016.5,74.2930677527703,12.33613178711397,143,,
2018,8,19,22,0,4.8,154,0,3,0,0.0,0,0.0,0,1016.3,69.58121422420885,10.890058497249012,150,,
2018,8,19,23,0,5.2,-176,0,3,0,0.0,0,0.0,0,1016.1,59.34193941616542,10.068441712924304,152,,
2018,8,20,0,0,5.6,-148,0,3.3,0,0.0,0,0.0,0,1015.9,51.72171293494955,9.196039827373596,148,,
2018,8,20,1,0,5.9,-126,0,3.6,0,0.0,0,0.0,0,1015.6,49.9928075048403,7.763784347775119,141,,
2018,8,20,2,0,6.2,-111,0,4,0,0.0,0,0.0,0,1015.3,36.54644926995411,7.429903546710986,131,,
2018,8,20,3,0,6.5,-99,0,4.2,0,0.0,0,0.0,0,1015.1,25.418854035988147,7.4886139112755075,120,,
2018,8,20,4,0,6.7,-88,0,4.4,0,0.0,0,0.0,0,1014.9,16.38807617781555,7.548114501068983,108,,
2018,8,20,5,0,6.9,-79,0,4.6,0,0.0,0,0.0,0,1014.7,7.612721836805065,7.413978507849458,97,,
2018,8,20,6,0,7.4,-69,20.8,4.9,22,0.0,2,0.0,0,1014.7,358.42024814461234,8.253625318852738,86,,
2018,8,20,7,0,8.3,-58,64.9,5.4,64,1.0,0,3.0,0,1014.8,343.6800997447227,8.229535716670396,76,,
2018,8,20,8,0,9.2,-46,61.5,5.9,136,1.0,0,12.153387342143237,0,1014.9,341.7458924115846,9.392845240439852,67,,
2018,8,20,9,0,9.9,-32,67.3,6.1,151,2.0,0,32.633326719461195,0,1014.6,333.7434892444779,11.131150562649722,60,,
2018,8,20,10,0,10.4,-15,24.9,6.1,207,3.0,207,74.34760067049443,0,1014,337.878697861374,11.85535417278296,55,,
2018,8,20,11,0,10.9,2,38.7,6.1,299,10.0,50,141.4151444273066,0,1013.3,340.7603601771904,13.35838916554308,54,,
2018,8,20,12,0,11.2,20,47.9,6.2,255,26.0,23,212.26779701665183,0,1012.7,347.2045276139938,16.00512351392108,56,,
2018,8,20,13,0,11.1,36,48.3,6.4,215,7.0,20,124.0823270529172,0,1012.2,347.79804795074745,15.694400760872098,62,,
2018,8,20,14,0,11.1,50,22.7,6.6,121,4.0,111,76.11878510705168,0,1011.7,15.754509708873629,15.521561584626234,69,,
2018,8,20,15,0,10.9,61,1.6,6.6,53,11.0,95,89.73469543814161,0,1011.3,33.86781559982484,13.226941289733366,79,,
2018,8,20,16,0,10.4,72,1,6.7,11,32.0,8,70.35278512830472,0,1011.2,35.93015222442796,12.73628339451021,89,,
2018,8,20,17,0,9.9,81,0.1,6.7,0,11.0,0,9.378496189404684,0,1011.1,35.86829949257032,12.930295958709038,100,,
2018,8,20,18,0,9.6,91,0,6.7,0,0.0,0,0.0,0,1010.9,37.23757098263872,13.346368546144756,111,,
2018,8,20,19,0,9.5,102,23.7,6.6,0,0.0,0,0.0,0,1010.7,33.737097554958154,13.528811906878948,122,,
2018,8,20,20,0,9.4,114,43,6.5,0,0.0,0,0.0,0,1010.4,31.5989371901847,14.016055584250394,133,,
2018,8,20,21,0,9.6,131,49.2,6.6,0,0.0,0,0.0,0,1010.1,31.83638260442791,14.125568353139268,143,,
2018,8,20,22,0,10.2,154,56.9,6.8,0,0.0,0,0.0,0,1009.6,33.50305153521873,14.065096977762712,150,,
2018,8,20,23,0,10.7,-176,65.5,6.9,0,0.0,0,0.0,0,1009.1,42.17989992713581,14.115899836339295,152,,
2018,8,21,0,0,11.2,-148,68.1,7,0,0.0,0,0.0,0,1008.6,39.66530978506341,14.939848048919632,148,,
2018,8,21,1,0,11.6,-126,62.5,7,0,0.0,0,0.0,0,1008.2,38.32959103628667,15.110176800871212,140,,
2018,8,21,2,0,11.9,-111,74.4,7,0,0.0,0,0.0,0,1007.7,35.50090187880369,14.76827789372147,130,,
2018,8,21,3,0,12.2,-99,71.3,7,0,0.0,0,0.0,0,1007.2,33.88467285539599,15.310815874245948,119,,
2018,8,21,4,0,12.4,-89,80.7,7,0,0.0,0,0.0,0,1006.7,34.87235172399284,15.1877449000201,108,,
2018,8,21,5,0,12.5,-79,71.6,7,0,0.0,0,0.0,0,1006.3,36.05281078020744,14.716535502886469,97,,
2018,8,21,6,0,12.4,-69,60.4,7.5,10,0.0,0,0.0,0,1006.1,36.40332810333325,14.804787734605773,86,,
2018,8,21,7,0,12,-59,90.4,8.4,16,24.0,0,18.0,0,1006.4,33.63753481500464,14.918069470053831,76,,
2018,8,21,8,0,11.6,-46,92.2,9.2,26,23.0,0,71.63636115526947,0,1006.6,34.579302115053395,15.410360232938308,67,,
2018,8,21,9,0,11.7,-32,94.3,9.6,27,74.0,0,177.79250927871487,0,1006.2,35.964872231616084,15.599016275017,60,,
2018,8,21,10,0,12.1,-15,92.8,9.3,38,142.0,0,276.4808337334381,0,1005.3,37.1123945476686,15.390176904032176,55,,
2018,8,21,11,0,12.5,2,88,9.1,66,162.0,0,337.5087766734763,0,1004.4,38.20562339098973,15.584312870566514,54,,
2018,8,21,12,0,12.6,20,91.9,9,41,169.0,0,360.0352727363777,0,1003.6,40.14650373240448,16.043561407584985,56,,
2018,8,21,13,0,12.3,36,91.9,9,34,181.0,0,351.3713185252042,0,1003,41.21928922319228,15.894602546897614,61,,
2018,8,21,14,0,12.1,50,90.2,9.1,27,95.0,0,243.72365319260703,0,1002.3,44.679803378048405,15.816236936454832,69,,
2018,8,21,15,0,11.8,62,83.3,9.3,19,56.0,0,149.32443611458126,0,1001.9,50.55153117738109,15.858782168052285,78,,
2018,8,21,16,0,11.6,72,58.3,9.6,6,23.0,0,59.80553568097504,0,1001.6,56.57382261946765,13.672638136137476,89,,
2018,8,21,17,0,11.3,82,62.2,10,0,4.0,0,5.514366877688618,0,1001.2,75.84564398585167,13.126794894422234,100,,
2018,8,21,18,0,11.3,91,66.5,10.1,0,0.0,0,0.0,0,1000.9,73.24209917356524,12.448848562060135,111,,
2018,8,21,19,0,11.4,102,68.6,10,0,0.0,0,0.0,0,1000.6,79.02862323989751,11.846655582337103,122,,
2018,8,21,20,0,11.5,115,72.9,9.9,0,0.0,0,0.0,0,1000.3,86.53945299187052,10.354329314511876,133,,
2018,8,21,21,0,11.6,131,73,9.8,0,0.0,0,0.0,0,1000,90.28451615712096,8.0630876933158,142,,
2018,8,21,22,0,11.7,155,58.8,9.9,0,0.0,0,0.0,0,999.8,88.90688826557414,7.729678186334289,149,,
2018,8,21,23,0,11.7,-176,42.5,10,0,0.0,0,0.0,0,999.6,92.18660747090576,8.068863527221769,151,,
2018,8,22,0,0,11.6,-148,30.5,10,0,0.0,0,0.0,0,999.5,84.83791985742772,7.046891586724023,148,,
2018,8,22,1,0,11.5,-126,11.6,10,0,0.0,0,0.0,0,999.6,122.24005080144632,3.690019175381446,140,,
2018,8,22,2,0,11.3,-111,44.4,10,0,0.0,0,0.0,0,999.7,98.659690446264,3.911040710050557,130,,
2018,8,22,3,0,11.2,-99,14.6,10,0,0.0,0,0.0,0,1000,111.15823784595273,3.202720998081709,119,,
2018,8,22,4,0,11.1,-89,33.6,10,0,0.0,0,0.0,0,1000.4,113.8619987098217,2.968057732429315,108,,
2018,8,22,5,0,11.1,-79,40.2,10,0,0.0,0,0.0,0,1000.8,124.55622856906416,3.171335296566366,97,,
2018,8,22,6,0,11.3,-69,55.9,10.1,14,0.0,0,0.0,0,1001.2,138.32794804616572,3.8005480484024856,86,,
2018,8,22,7,0,11.7,-59,41.2,10.4,112,25.0,5,17.0,0,1001.8,136.5049986243224,3.950353842290288,76,,
2018,8,22,8,0,12.2,-47,66.1,10.7,118,53.0,0,89.63258332261258,0,1002.4,139.10831875412123,4.22172430236806,67,,
2018,8,22,9,0,12.4,-32,49.7,10.8,233,104.0,4,188.9486646759598,0,1002.7,139.268816361841,4.14676664220909,59,,
2018,8,22,10,0,12.2,-16,42.6,10.9,267,167.0,47,286.6570793682447,0,1002.7,148.29185843635298,3.441985723440385,55,,
2018,8,22,11,0,12.1,2,22.8,11,322,234.0,119,372.9859989760855,0,1002.7,147.86413776278448,2.4091464482222924,53,,
2018,8,22,12,0,12,20,31,11,287,292.0,84,423.2230810797447,0,1002.8,132.20684718514474,2.1397447098663145,56,,
2018,8,22,13,0,11.9,36,48.8,10.8,210,308.0,21,414.3992354938368,0,1003,54.04580126159078,0.2810905852465675,61,,
2018,8,22,14,0,11.8,50,36.5,10.6,139,297.0,48,356.8412060083981,0,1003.2,21.53681619010865,1.0700717293235635,69,,
2018,8,22,15,0,11.5,62,38.2,10.4,91,228.0,6,243.9358495466428,0,1003.6,9.52199108323356,1.348907265991408,78,,
2018,8,22,16,0,11.1,72,48.9,10.2,10,106.0,0,105.749314506627,0,1004.1,16.80934394193821,1.4968167940741035,89,,
2018,8,22,17,0,10.7,82,45.8,9.9,0,20.0,0,11.637565291929617,0,1004.6,26.50894761653842,2.23006398124172,100,,
2018,8,22,18,0,10.4,92,43.6,9.7,0,0.0,0,0.0,0,1004.9,18.674376595431227,2.327876673006035,111,,
2018,8,22,19,0,10.1,102,44.2,9.4,0,0.0,0,0.0,0,1005.2,312.5899934256261,1.7283815665980735,122,,
2018,8,22,20,0,9.8,115,41.1,9.1,0,0.0,0,0.0,0,1005.4,255.7843007748801,2.344246214154199,133,,
2018,8,22,21,0,9.6,132,43.9,8.9,0,0.0,0,0.0,0,1005.5,237.69984139676697,3.1740058731777125,142,,
2018,8,22,22,0,9.7,155,23.2,9,0,0.0,0,0.0,0,1005.5,237.2515376800412,3.5559242612225384,149,,
2018,8,22,23,0,9.8,-176,0,9.1,0,0.0,0,0.0,0,1005.4,235.87055627478017,4.017631808577381,151,,
2018,8,23,0,0,9.7,-148,0,9,0,0.0,0,0.0,0,1005.5,233.3611945919473,4.539831848076413,147,,
2018,8,23,1,0,9.3,-127,0,8.6,0,0.0,0,0.0,0,1005.6,230.53127326212217,4.423788162286731,140,,
2018,8,23,2,0,8.9,-111,0,8.2,0,0.0,0,0.0,0,1005.7,231.16367069757823,4.739949548287832,130,,
2018,8,23,3,0,8.6,-99,0,7.9,0,0.0,0,0.0,0,1006,230.23554606916107,5.4012759319425365,119,,
2018,8,23,4,0,8.4,-89,0,7.7,0,0.0,0,0.0,0,1006.5,229.92431829555267,5.781948423726603,108,,
2018,8,23,5,0,8.2,-79,0,7.5,0,0.0,0,0.0,0,1007,232.8271996606064,5.938852522544608,96,,
2018,8,23,6,0,8.5,-70,0,7.6,21,0.0,32,0.0,0,1007.5,232.75261175007344,5.854863400816349,85,,
2018,8,23,7,0,9.4,-59,0,8,51,36.0,161,18.000000000000004,0,1008,232.33816110434103,3.338453661650899,75,,
2018,8,23,8,0,10.3,-47,0.1,8.4,66,79.0,305,99.24940583237188,0,1008.5,226.36825536641612,3.3184439843108424,66,,
2018,8,23,9,0,10.7,-32,8.3,8.6,139,140.0,320,203.3943769452175,0,1008.7,231.0766724089156,3.970958163002839,59,,
2018,8,23,10,0,10.6,-16,19.4,8.7,192,264.0,277,326.4960306926796,0,1008.7,228.041388719577,3.998817753422024,54,,
2018,8,23,11,0,10.6,3,5,8.7,130,326.0,442,411.2975503256815,0,1008.8,232.0038692918533,3.5748116840435182,53,,
2018,8,23,12,0,10.4,20,15,8.4,168,423.0,310,478.39639924661645,0,1009,244.8528908517721,3.2253801982979526,55,,
2018,8,23,13,0,10.3,37,20,7.9,176,369.0,205,439.1981558004552,0,1009.3,277.1064564516871,2.524028248329599,61,,
2018,8,23,14,0,10.1,50,6.3,7.4,101,285.0,213,346.5990049095496,0,1009.6,298.20831543450134,3.1258848177440326,69,,
2018,8,23,15,0,9.7,62,0.1,6.8,45,209.0,124,233.4356935052621,0,1010.1,293.2955904889939,3.995395043706085,78,,
2018,8,23,16,0,9.1,73,0,6.2,11,128.0,13,112.80452055399304,0,1010.8,295.2526550296287,3.756444098968698,88,,
2018,8,23,17,0,8.5,82,0,5.6,0,30.0,0,14.055299460708303,0,1011.6,295.4507744906024,3.396779763186031,99,,
2018,8,23,18,0,8,92,0,4.9,0,0.0,0,0.0,0,1012.2,282.7287498705133,3.505836805520689,111,,
2018,8,23,19,0,7.5,103,0,4.2,0,0.0,0,0.0,0,1012.9,273.8589333038553,4.044815047330213,122,,
2018,8,23,20,0,7,115,0,3.5,0,0.0,0,0.0,0,1013.6,264.7472198098583,4.384133886014,133,,
2018,8,23,21,0,6.7,132,0,3.2,0,0.0,0,0.0,0,1014,261.0476374748294,4.270529174053397,142,,
2018,8,23,22,0,6.6,155,0,3.3,0,0.0,0,0.0,0,1014.3,260.76325269129904,4.251167599788845,149,,
2018,8,23,23,0,6.6,-176,0,3.4,0,0.0,0,0.0,0,1014.6,259.8396613202546,4.095227404441324,151,,
2018,8,24,0,0,6.4,-148,0,3.3,0,0.0,0,0.0,0,1015,260.3448858451018,4.174858854957438,147,,
2018,8,24,1,0,6.2,-127,0,3.1,0,0.0,0,0.0,0,1015.3,263.72494501236173,4.648210446238012,139,,
2018,8,24,2,0,6,-112,0,2.9,0,0.0,0,0.0,0,1015.7,265.01990296110586,4.153864792779596,130,,
2018,8,24,3,0,5.8,-100,0,2.6,0,0.0,0,0.0,0,1016.2,268.9856888946187,3.72372802164456,119,,
2018,8,24,4,0,5.6,-89,0,2.3,0,0.0,0,0.0,0,1016.6,270.61119699383767,3.4330566559035383,107,,
2018,8,24,5,0,5.4,-80,0,2,0,0.0,0,0.0,0,1017.1,273.8760987199362,3.31544519344968,96,,
2018,8,24,6,0,5.7,-70,0,1.9,20,0.0,40,0.0,0,1017.4,274.24042301395843,3.334812448080595,85,,
2018,8,24,7,0,6.7,-59,0,1.9,46,199.0,183,29.00000000000001,0,1017.5,281.8241696997856,3.2062161765443085,75,,
2018,8,24,8,0,7.6,-47,0,1.9,57,474.0,335,168.81512109833267,0,1017.7,283.4849228293344,2.8184228626906966,66,,
2018,8,24,9,0,8.4,-32,0,1.9,63,630.0,458,335.9288050575602,0,1017.6,279.4920800632044,3.091150906737272,59,,
2018,8,24,10,0,9,-16,0,2,66,711.0,535,477.46978436395335,0,1017.3,275.1685220177698,2.5908565813467126,54,,
2018,8,24,11,0,9.7,3,0,2,66,741.0,557,572.7483644454261,0,1017,284.0819596957432,1.781062350511302,53,,
2018,8,24,12,0,10,21,0,2.1,64,745.0,521,611.610914863205,0,1016.9,340.5042190032123,2.0600025777893234,55,,
2018,8,24,13,0,10.2,37,0,2.1,60,726.0,431,592.5422883255671,0,1016.8,352.22940558116505,3.829845820204567,60,,
2018,8,24,14,0,10.3,51,0,2,52,677.0,297,512.137376429278,0,1016.7,358.38969939750103,3.648901964965181,68,,
2018,8,24,15,0,9.9,62,0,2.2,39,581.0,141,375.26907115842937,0,1016.9,357.0567483954221,3.214200851288973,78,,
2018,8,24,16,0,9,73,0,2.6,11,392.0,17,194.2684578945043,0,1017.2,2.290610042638548,3.127499000799201,88,,
2018,8,24,17,0,8.1,83,0,3,0,123.0,0,30.03378232167829,0,1017.6,7.969610394321364,3.1554763903410845,99,,
2018,8,24,18,0,7.2,92,0,3.2,0,0.0,0,0.0,0,1017.8,10.703286179617407,2.907766633489376,110,,
2018,8,24,19,0,6.2,103,0,3.2,0,0.0,0,0.0,0,1018,331.67040605839145,4.336512525764918,122,,
2018,8,24,20,0,5.2,116,0,3.3,0,0.0,0,0.0,0,1018.1,344.58791572764125,3.829862939682946,132,,
2018,8,24,21,0,4.8,133,0,3.4,0,0.0,0,0.0,0,1018.2,356.1420170912748,3.0515929838299645,142,,
2018,8,24,22,0,4.9,156,0,3.5,0,0.0,0,0.0,0,1018.3,356.9974510839138,2.297832185766488,148,,
2018,8,24,23,0,5.1,-176,0,3.6,0,0.0,0,0.0,0,1018.4,336.2785816138843,1.897097895942202,150,,
2018,8,25,0,0,5.1,-148,0,3.5,0,0.0,0,0.0,0,1018.4,307.6713628782094,2.1991897635302844,147,,
2018,8,25,1,0,4.8,-127,0,3.5,0,0.0,0,0.0,0,1018.4,292.6780619643833,2.6994267230368,139,,
2018,8,25,2,0,4.6,-112,0,3.4,0,0.0,0,0.0,0,1018.5,279.02894617032865,3.873681674784315,129,,
2018,8,25,3,0,4.4,-100,0,3.3,0,0.0,0,0.0,0,1018.6,276.789318965024,4.8014924257467575,118,,
2018,8,25,4,0,4.3,-90,0,3.2,0,0.0,0,0.0,0,1018.8,279.6608511627931,4.899809582815364,107,,
2018,8,25,5,0,4.2,-80,0,3.1,0,0.0,0,0.0,0,1019,282.3708334369093,4.734938339357595,96,,
2018,8,25,6,0,5,-70,0,3.5,21,0.0,43,0.0,0,1019.2,282.8764566361758,4.55196906047465,85,,
2018,8,25,7,0,6.7,-59,0,4.2,45,59.0,187,25.03362119813327,0,1019.4,278.3132574869645,4.331154744090241,75,,
2018,8,25,8,0,8.4,-47,0,4.9,57,131.0,340,115.25930885580478,0,1019.6,280.6536242917068,4.401554263658709,66,,
2018,8,25,9,0,9.4,-32,0,5,63,183.0,463,219.48477599968285,0,1019.6,277.78526530271586,4.325514050623265,58,,
2018,8,25,10,0,9.7,-16,0,4.6,66,215.0,537,318.9244602095367,0,1019.3,274.19628751522816,3.800226631747182,54,,
2018,8,25,11,0,10.1,3,0,4.1,67,252.0,556,392.63938483622167,0,1019.1,270.95783392986607,3.5051284495637,52,,
2018,8,25,12,0,10.3,21,0,3.9,67,384.0,517,477.6201195155334,0,1018.9,308.7933635379797,4.759957373462275,55,,
2018,8,25,13,0,10.4,37,0,3.9,63,476.0,426,502.393202658011,0,1018.8,332.04145835851307,5.827619520464843,60,,
2018,8,25,14,0,10.5,51,0,3.8,57,501.0,292,454.0617141445366,0,1018.8,335.4982748052718,5.931609594862448,68,,
2018,8,25,15,0,10.3,63,0,3.9,43,412.0,137,324.49242086748706,0,1018.9,341.8792049784328,5.899790147710479,78,,
2018,8,25,16,0,9.7,73,0,4.1,12,197.0,17,144.16093098536672,0,1019.3,348.8736735012909,5.737479770018041,88,,
2018,8,25,17,0,9.1,83,0,4.3,0,44.0,0,18.239443920806234,0,1019.6,1.9184984597473544,6.133076510244014,99,,
2018,8,25,18,0,8.2,93,0,4.4,0,0.0,0,0.0,0,1020,2.5710714800169967,5.970365560296332,110,,
2018,8,25,19,0,7.1,103,0,4.3,0,0.0,0,0.0,0,1020.2,359.37386827468686,5.719335645903559,122,,
2018,8,25,20,0,5.9,116,0,4.2,0,0.0,0,0.0,0,1020.5,3.051613413926816,5.870140358678119,132,,
2018,8,25,21,0,5.5,133,0,4.1,0,0.0,0,0.0,0,1020.7,3.5948630054325577,5.980762163037047,141,,
2018,8,25,22,0,5.8,156,0,4,0,0.0,0,0.0,0,1020.7,0.6285733737335022,5.697120180781103,148,,
2018,8,25,23,0,6.1,-176,0,3.9,0,0.0,0,0.0,0,1020.7,354.8142705161157,5.531919815973208,150,,
2018,8,26,0,0,6.2,-148,0,3.8,0,0.0,0,0.0,0,1020.6,345.890689897001,5.8968890298616845,146,,
2018,8,26,1,0,6.2,-127,0,3.8,0,0.0,0,0.0,0,1020.5,339.0435535858311,6.640418482542423,139,,
2018,8,26,2,0,6.2,-112,0,3.8,0,0.0,0,0.0,0,1020.4,337.3934120133411,7.375000198008648,129,,
2018,8,26,3,0,6.2,-100,0,3.8,0,0.0,0,0.0,0,1020.4,335.22247039820087,7.360988112137789,118,,
2018,8,26,4,0,6.1,-90,0,3.8,0,0.0,0,0.0,0,1020.5,338.7629859084812,7.999024365210476,107,,
2018,8,26,5,0,6.1,-80,0,3.8,0,0.0,0,0.0,0,1020.6,336.3738629751226,7.909028484812891,96,,
2018,8,26,6,0,6.8,-70,0,4,23,0.0,43,0.0,0,1020.6,334.2677225019038,8.113154359356935,85,,
2018,8,26,7,0,8.3,-59,0,4.6,49,23.0,187,21.107105939500386,0,1020.4,338.9841920494489,8.838405615202111,74,,
2018,8,26,8,0,9.7,-47,0,5.1,60,73.0,338,103.32618879261204,0,1020.3,344.2601322721301,9.06830364064744,65,,
2018,8,26,9,0,10.6,-32,0,5.3,69,139.0,457,211.16932427262108,0,1019.9,347.7619646776861,9.246250217340272,58,,
2018,8,26,10,0,10.9,-16,1.5,5.2,91,234.0,503,342.122063059866,0,1019.3,342.60264891792195,9.899644990297086,53,,
2018,8,26,11,0,11.2,3,18.5,5.1,270,129.0,239,334.66176200862174,0,1018.7,339.7757882056257,10.666925011178575,52,,
2018,8,26,12,0,11.4,21,31.9,5.1,334,41.0,65,247.2482110880298,0,1018.1,346.5294121583822,12.073604416313604,54,,
2018,8,26,13,0,11.4,37,10.8,5.2,165,9.0,270,136.4940640183424,0,1017.6,345.9892457291255,14.641135788010178,60,,
2018,8,26,14,0,11.4,51,12.7,5.3,140,8.0,158,105.44255907438772,0,1017.1,50.41918637500112,15.610585319479911,68,,
2018,8,26,15,0,11.1,63,1.3,5.5,52,14.0,125,98.35892318252311,0,1016.9,51.947303009888856,14.14534799724521,77,,
2018,8,26,16,0,10.5,73,15.8,5.7,19,56.0,4,92.59083243094986,0,1017,50.66836734638275,14.031552814877818,88,,
2018,8,26,17,0,9.9,83,0,6,0,50.0,0,22.25671326026833,0,1017,49.4171121829815,14.919451264071467,99,,
2018,8,26,18,0,9.6,93,0,6.3,0,0.0,0,0.0,0,1016.9,48.667728814120096,14.95323875686919,110,,
2018,8,26,19,0,9.5,104,0,6.6,0,0.0,0,0.0,0,1016.7,47.64794987775241,14.625588763848937,121,,
2018,8,26,20,0,9.4,117,0,7,0,0.0,0,0.0,0,1016.5,46.033529535921446,14.700752387125164,132,,
2018,8,26,21,0,9.3,133,0,7.1,0,0.0,0,0.0,0,1016.1,51.83058312723392,14.758922953147568,141,,
2018,8,26,22,0,9.2,156,0,7,0,0.0,0,0.0,0,1015.6,60.10247407971747,14.32173235649708,148,,
2018,8,26,23,0,9.2,-176,0,7,0,0.0,0,0.0,0,1015,62.37002935768004,13.641060567676767,150,,
2018,8,27,0,0,9.1,-149,0,7,0,0.0,0,0.0,0,1014.5,65.88450922979604,13.079519776287531,146,,
2018,8,27,1,0,8.9,-128,24.6,7.1,0,0.0,0,0.0,0,1014,67.86507447481836,12.796375553692316,139,,
2018,8,27,2,0,8.7,-112,51.8,7.2,0,0.0,0,0.0,0,1013.5,71.73200877021327,12.13451999849802,129,,
2018,8,27,3,0,8.6,-100,49.5,7.2,0,0.0,0,0.0,0,1013.3,69.65283495353515,12.313490585717302,118,,
2018,8,27,4,0,8.5,-90,50.5,7.2,0,0.0,0,0.0,0,1013.2,72.4530377672595,11.84637601722798,107,,
2018,8,27,5,0,8.5,-80,42.5,7.2,0,0.0,0,0.0,0,1013.2,68.09202962708162,11.139926126075071,95,,
2018,8,27,6,0,8.9,-70,43.1,7.5,37,0.0,0,0.0,0,1013.2,64.79012580749117,10.890557180820158,84,,
2018,8,27,7,0,9.8,-60,44.3,8,129,75.0,0,32.66570268381361,0,1013.3,69.57948345549977,9.289595557366834,74,,
2018,8,27,8,0,10.8,-47,44.2,8.6,216,177.0,1,141.20506391158855,0,1013.3,66.9097300048146,8.173070677888651,65,,
2018,8,27,9,0,11.4,-33,38.8,8.8,305,260.0,11,267.43624006378235,0,1013.1,66.21800024486743,7.074340520155133,58,,
2018,8,27,10,0,11.7,-16,48.8,8.7,255,509.0,51,423.49516307019866,0,1012.6,78.859826329685,6.124682072737737,53,,
2018,8,27,11,0,12,3,55.6,8.7,247,516.0,26,497.23558155463735,0,1012.1,87.00778470365049,6.075421680917282,52,,
2018,8,27,12,0,12.1,21,39.1,8.7,253,581.0,95,554.5960928536376,0,1011.8,98.03491417904536,6.54644366552771,54,,
2018,8,27,13,0,11.8,38,16.7,8.8,183,604.0,222,550.4879491086364,0,1011.6,92.77478616879448,7.741254063141217,60,,
2018,8,27,14,0,11.6,51,3.4,8.9,87,589.0,249,486.6194084996456,0,1011.3,97.87013779364828,8.378231268596167,68,,
2018,8,27,15,0,11.1,63,18.6,8.7,92,543.0,57,370.801606520084,0,1011.4,100.7250837484084,8.851398722386786,77,,
2018,8,27,16,0,10.6,74,1.6,8.4,16,404.0,13,205.3861246172017,0,1011.9,104.8650417320086,8.45736071008743,88,,
2018,8,27,17,0,10,84,0,8,0,166.0,0,39.64622951781791,0,1012.3,109.63608390377811,7.266574481738833,99,,
2018,8,27,18,0,9.6,93,0,7.5,0,0.0,0,0.0,0,1012.7,114.9746327277374,6.97871825689783,110,,
2018,8,27,19,0,9.3,104,0,6.8,0,0.0,0,0.0,0,1013.1,110.95605291193716,8.050832649226058,121,,
2018,8,27,20,0,9,117,0,6.1,0,0.0,0,0.0,0,1013.4,122.29150431102045,8.281259058101666,132,,
2018,8,27,21,0,8.7,134,0,5.8,0,0.0,0,0.0,0,1013.6,120.07960010245358,7.749426366742085,141,,
2018,8,27,22,0,8.6,157,0,5.7,0,0.0,0,0.0,0,1013.7,119.59203769675918,8.127786455653531,147,,
2018,8,27,23,0,8.4,-175,0,5.6,0,0.0,0,0.0,0,1013.7,125.48773233359832,7.813796889427293,149,,
2018,8,28,0,0,8.3,-149,0,5.4,0,0.0,0,0.0,0,1013.8,127.57067396813876,7.373793717510337,146,,
2018,8,28,1,0,8.2,-128,0,5.1,0,0.0,0,0.0,0,1013.9,135.44508783485037,5.689135735429884,138,,
2018,8,28,2,0,8.2,-113,0,4.8,0,0.0,0,0.0,0,1014,136.89522531368073,5.063347945607648,128,,
2018,8,28,3,0,8,-101,0,4.5,0,0.0,0,0.0,0,1014.2,142.3755323479262,4.1822962810384805,118,,
2018,8,28,4,0,7.9,-90,0,4.2,0,0.0,0,0.0,0,1014.7,146.96090000837142,2.8488456429482047,106,,
2018,8,28,5,0,7.7,-81,0,3.9,0,0.0,0,0.0,0,1015.1,157.00906809067135,2.113964104459532,95,,
2018,8,28,6,0,8,-71,0,3.5,24,0.0,50,0.0,0,1015.5,172.8031306484678,2.10077940521216,84,,
2018,8,28,7,0,8.6,-60,0,2.8,47,314.0,200,38.15126906779602,0,1015.9,169.5836438392845,1.234207045319359,74,,
2018,8,28,8,0,9.3,-47,0,2.1,57,595.0,358,197.65407575327265,0,1016.4,169.81656546102988,1.5148302727857683,65,,
2018,8,28,9,0,9.5,-33,0,1.4,63,725.0,483,373.7180258051092,0,1016.5,179.3949021407168,1.6875941109022654,57,,
2018,8,28,10,0,9.4,-16,0,0.8,65,798.0,563,519.5594507945777,0,1016.3,187.4132577863005,1.661347587824839,53,,
2018,8,28,11,0,9.3,3,0,0.2,65,824.0000000000001,586,617.8070718404576,0,1016.1,222.1073118271152,1.1254507062684456,51,,
2018,8,28,12,0,9.2,21,0,-0.3,65,823.0000000000001,549,657.786219357582,0,1015.9,345.9466059587586,0.7912606695700252,54,,
2018,8,28,13,0,9,38,3.7,-0.8,92,805.0,406,638.8184754040492,0,1015.8,7.216003343967202,3.127308422063474,59,,
2018,8,28,14,0,8.9,52,9.9,-1.2,123,764.0,206,559.847412887068,0,1015.7,7.853796920857746,3.9521099491191736,67,,
2018,8,28,15,0,8.5,64,0.6,-1.4,49,680.0,143,422.2898388266139,0,1015.8,15.944877302603572,3.705046344433765,77,,
2018,8,28,16,0,7.8,74,1.7,-1.4,17,512.0,15,236.5858028440587,0,1016.3,31.80376257637539,3.235834363751702,87,,
2018,8,28,17,0,7.2,84,0,-1.4,0,237.0,0,50.98028972598628,0,1016.8,46.11213633026671,2.9173650359616907,99,,
2018,8,28,18,0,6.6,94,0,-1.5,0,0.0,0,0.0,0,1017,58.762516246939526,2.944734653280374,110,,
2018,8,28,19,0,6,104,0,-1.6,0,0.0,0,0.0,0,1016.9,65.02293993618235,3.309516138627878,121,,
2018,8,28,20,0,5.4,117,0,-1.8,0,0.0,0,0.0,0,1016.8,81.72301327056857,2.760936502176913,132,,
2018,8,28,21,0,5.3,134,0,-1.6,0,0.0,0,0.0,0,1016.6,106.4889752835768,2.421357191782344,141,,
2018,8,28,22,0,5.7,157,0,-1.3,0,0.0,0,0.0,0,1016.2,116.05725874103524,3.190780316793515,147,,
2018,8,28,23,0,6.1,-175,0,-0.9,0,0.0,0,0.0,0,1015.8,113.15787736416844,3.5640280692223945,149,,
2018,8,29,0,0,6.4,-149,0,-0.3,0,0.0,0,0.0,0,1015.3,110.2702817189878,2.9505537232700734,145,,
2018,8,29,1,0,6.7,-128,0,0.5,0,0.0,0,0.0,0,1014.7,96.74453145488826,2.85004551918086,138,,
2018,8,29,2,0,7,-113,0,1.3,0,0.0,0,0.0,0,1014.2,91.39829877562852,1.830867470897748,128,,
2018,8,29,3,0,7.3,-101,0,2,0,0.0,0,0.0,0,1013.8,87.07394355766911,1.2291415610685974,117,,
2018,8,29,4,0,7.5,-90,0,2.7,0,0.0,0,0.0,0,1013.7,123.43104677919592,0.8986885051884831,106,,
2018,8,29,5,0,7.7,-81,0,3.5,0,0.0,0,0.0,0,1013.5,159.0804024560009,1.1753785213558483,95,,
2018,8,29,6,0,8.2,-71,44.9,4.2,26,0.0,1,0.0,0,1013.5,176.88620598435932,1.6450067770450212,84,,
2018,8,29,7,0,9,-60,79,5.1,49,241.0,0,39.26157061384371,0,1013.5,198.1165205335585,2.6255184864976338,73,,
2018,8,29,8,0,9.7,-48,84,5.9,63,465.0,0,182.99487156400312,0,1013.6,187.12025479489355,2.915058528253684,64,,
2018,8,29,9,0,10.3,-33,68.7,6.1,167,588.0,0,341.8933167903324,0,1013.6,181.5303477212736,3.501248826595656,57,,
2018,8,29,10,0,10.6,-16,46.4,5.8,316,649.0,7,478.9955565161871,0,1013.5,190.05574186384425,3.681554761942739,52,,
2018,8,29,11,0,11,3,13,5.5,222,699.0000000000001,320,578.7084177727978,0,1013.4,203.2970313171288,2.313638149300983,51,,
2018,8,29,12,0,11.1,22,7.5,5.4,154,733.0,387,629.0574009308365,0,1013.5,255.38921058099191,0.9920419000440576,53,,
2018,8,29,13,0,10.9,38,23.6,5.5,258,752.0,119,624.4446938282515,0,1013.6,312.76151686435685,2.669569839229886,59,,
2018,8,29,14,0,10.8,52,1.2,5.6,83,749.0,263,561.6198852137802,0,1013.8,307.92031373798073,3.356032727133092,67,,
2018,8,29,15,0,10.4,64,1.3,5.5,58,678.0,123,428.0738851880853,0,1014.1,310.6835842789357,3.35567296109497,77,,
2018,8,29,16,0,9.9,74,10,5.2,19,506.0,8,240.51499425262745,0,1014.6,316.01253554051027,3.2140743127437967,87,,
2018,8,29,17,0,9.4,84,0,5,0,245.0,0,55.01573094393963,0,1015.1,310.97914213970944,2.9273007958067807,98,,
2018,8,29,18,0,8.9,94,0,4.5,0,0.0,0,0.0,0,1015.4,293.612672958406,3.0207359309223616,110,,
2018,8,29,19,0,8.5,105,0,4,0,0.0,0,0.0,0,1015.5,274.9020205182336,2.71990959606278,121,,
2018,8,29,20,0,8,118,0,3.4,0,0.0,0,0.0,0,1015.6,261.9742879595147,3.259463836249284,131,,
2018,8,29,21,0,7.7,135,0,3.1,0,0.0,0,0.0,0,1015.5,261.84265667430554,4.938147055805151,140,,
2018,8,29,22,0,7.6,157,0,2.9,0,0.0,0,0.0,0,1015.4,249.88471144608724,6.166159250243889,147,,
2018,8,29,23,0,7.4,-175,0,2.7,0,0.0,0,0.0,0,1015.3,234.7997100607264,7.031940447497912,149,,
2018,8,30,0,0,7.2,-149,0,2.6,0,0.0,0,0.0,0,1015.2,230.6350220391452,8.882102199797524,145,,
2018,8,30,1,0,6.9,-128,0,2.4,0,0.0,0,0.0,0,1015.1,235.3982429627349,9.51981175525562,138,,
2018,8,30,2,0,6.7,-113,0,2.3,0,0.0,0,0.0,0,1015,232.86479966226483,10.618961494791442,128,,
2018,8,30,3,0,6.5,-101,0,2.2,0,0.0,0,0.0,0,1015.2,224.2176509877516,11.49276500887199,117,,
2018,8,30,4,0,6.2,-91,0,2.2,0,0.0,0,0.0,0,1015.5,230.65999761724183,11.6909408221786,106,,
2018,8,30,5,0,6,-81,0,2.2,0,0.0,0,0.0,0,1015.8,227.24075592158795,12.94135245724502,94,,
2018,8,30,6,0,6.5,-71,1.4,2.2,27,0.0,57,0.0,0,1015.9,223.35245083203515,13.593947135109737,83,,
2018,8,30,7,0,7.7,-60,0,2.2,45,74.0,218,34.64686935933892,0,1015.8,221.37985009450125,13.293063741563708,73,,
2018,8,30,8,0,8.9,-48,0,2.3,55,143.0,376,130.0325199397558,0,1015.7,221.82191903132767,14.11533434536735,64,,
2018,8,30,9,0,9.6,-33,0,2.5,61,414.0,499,305.0657916128581,0,1015.4,222.6692507332864,13.965864156509229,57,,
2018,8,30,10,0,9.9,-16,0,2.8,63,341.0,575,410.43290060026175,0,1014.9,231.34745172806987,12.33726974792282,52,,
2018,8,30,11,0,10.2,3,0,3.1,64,177.0,594,391.6443900561296,0,1014.3,225.38521126522065,13.634728679052287,51,,
2018,8,30,12,0,10.5,22,0,3.3,63,104.0,553,351.0650343337513,0,1013.9,227.8715621012292,13.863131225926436,53,,
2018,8,30,13,0,10.6,38,0,3.2,61,50.0,458,267.4439105746124,0,1013.8,226.17379245616937,14.486471904994144,59,,
2018,8,30,14,0,10.8,52,0,3.2,55,17.0,319,158.7336419175042,0,1013.6,235.01869116046657,14.336058840121195,67,,
2018,8,30,15,0,10.6,64,0,3.3,43,9.0,156,90.23162776836828,0,1013.5,231.2707101425448,13.23680364715165,76,,
2018,8,30,16,0,10,75,0.1,3.6,15,25.0,23,77.22004214378745,0,1013.6,229.74285238813948,12.52515291826854,87,,
2018,8,30,17,0,9.3,84,0,3.9,0,7.0,0,11.109656582335008,0,1013.6,228.7417221703276,12.531073402530296,98,,
2018,8,30,18,0,8.6,94,0,4,0,0.0,0,0.0,0,1013.6,226.1108728955136,12.074529455624562,109,,
2018,8,30,19,0,7.7,105,0,4.1,0,0.0,0,0.0,0,1013.6,231.9890030100193,11.599810191155406,121,,
2018,8,30,20,0,6.9,118,0,4.1,0,0.0,0,0.0,0,1013.5,211.52476024491952,13.910684253641673,131,,
2018,8,30,21,0,6.4,135,0,4.3,0,0.0,0,0.0,0,1013.4,217.7981811852631,14.424598207365351,140,,
2018,8,30,22,0,6.4,158,0,4.5,0,0.0,0,0.0,0,1013.1,220.98836077365692,13.307949212905964,146,,
2018,8,30,23,0,6.3,-175,0,4.7,0,0.0,0,0.0,0,1012.8,220.8366471829468,15.13033857984395,148,,
2018,8,31,0,0,6.2,-149,0,4.7,0,0.0,0,0.0,0,1012.6,236.64131658154696,13.908432703489838,145,,
2018,8,31,1,0,6,-129,0,4.7,0,0.0,0,0.0,0,1012.5,227.9907229296525,14.042489713475238,137,,
2018,8,31,2,0,5.8,-113,0,4.7,0,0.0,0,0.0,0,1012.3,229.7343079732432,16.605474609790342,128,,
2018,8,31,3,0,5.6,-101,0,4.6,0,0.0,0,0.0,0,1012.2,213.9314091262281,18.06867955107333,117,,
2018,8,31,4,0,5.3,-91,0,4.4,0,0.0,0,0.0,0,1012.3,229.28296145626572,17.801441844195462,105,,
2018,8,31,5,0,5,-81,0,4.2,1,0.0,0,0.0,0,1012.3,226.6580218740285,18.88986944449844,94,,
2018,8,31,6,0,5.7,-71,0,4.3,28,0.0,60,0.0,0,1012.2,224.4815752889457,16.713677750989703,83,,
2018,8,31,7,0,7.4,-60,0,4.8,51,3.0,215,13.080787593741452,0,1012,225.2559314568612,12.792441975471478,73,,
2018,8,31,8,0,9,-48,0,5.3,61,4.0,371,40.83300919833823,0,1011.8,239.59072726634832,13.485838245994088,64,,
2018,8,31,9,0,9.9,-33,0,5.3,67,5.0,495,74.86292964433574,0,1011.5,241.75222554513763,13.03584914842221,56,,
2018,8,31,10,0,10.2,-16,0,4.8,71,5.0,569,104.52514801390944,0,1011.1,264.2616062670148,11.114780500546678,52,,
2018,8,31,11,0,10.4,3,0,4.3,72,8.0,587,143.77042284722123,0,1010.7,231.9583426977324,9.694165874367927,50,,
2018,8,31,12,0,10.5,22,6,4.1,134,9.0,448,162.76112750028318,0,1010.3,234.8288594398325,12.098090506751456,53,,
2018,8,31,13,0,10.6,39,29.2,4.2,260,6.0,110,127.80098979501858,0,1009.9,247.33992838861724,10.97248993119799,59,,
2018,8,31,14,0,10.6,53,27.8,4.3,143,5.0,123,102.88441826220824,0,1009.4,287.8092863667394,9.06398640643268,67,,
2018,8,31,15,0,10.2,65,0.2,4.5,47,3.0,155,53.42252538508653,0,1009.2,291.4657887057311,8.087859838372312,76,,
2018,8,31,16,0,9.5,75,1.6,4.7,18,4.0,20,38.32990073914101,0,1009.2,287.58285924054576,5.881977346241444,87,,
2018,8,31,17,0,8.7,85,0,5,0,5.0,0,10.80941505450224,0,1009.2,297.3144302994868,4.290931620967128,98,,
2018,8,31,18,0,7.9,95,0,4.9,0,0.0,0,0.0,0,1009.2,331.7831877588071,3.8711634763410334,109,,
2018,8,31,19,0,7.1,106,0,4.5,0,0.0,0,0.0,0,1009.1,329.91753394454025,3.900923775121088,120,,
2018,8,31,20,0,6.4,119,0,4.1,0,0.0,0,0.0,0,1009,12.438336976403946,7.379007822431178,131,,
2018,8,31,21,0,6,135,0,4,0,0.0,0,0.0,0,1008.9,25.42760188316084,9.960763168305384,140,,
2018,8,31,22,0,6.1,158,0,4.2,0,0.0,0,0.0,0,1008.6,17.85822483328974,8.70558304720636,146,,
2018,8,31,23,0,6.2,-175,0,4.3,0,0.0,0,0.0,0,1008.3,13.066982616983124,9.794132536310936,148,,
2018,9,1,0,0,6.2,-149,0,4.4,0,0.0,0,0.0,0,1008,10.26392811988029,10.548937249780192,144,,
2018,9,1,1,0,6.3,-129,0,4.4,0,0.0,0,0.0,0,1007.7,45.67721032128191,14.153309609339283,137,,
2018,9,1,2,0,6.3,-114,0,4.4,0,0.0,0,0.0,0,1007.3,48.2135299114355,13.96902530834099,127,,
2018,9,1,3,0,6.3,-102,0,4.4,0,0.0,0,0.0,0,1007.1,46.16823105514641,13.77642666279342,116,,
2018,9,1,4,0,6.3,-91,0,4.4,0,0.0,0,0.0,0,1007.2,42.59384334472122,13.384508944011976,105,,
2018,9,1,5,0,6.2,-81,0,4.4,1,0.0,0,0.0,0,1007.2,59.3672116755979,13.510930845916969,94,,
2018,9,1,6,0,6.7,-71,1.4,4.4,32,0.0,59,0.0,0,1007.2,64.83608643607704,15.266492840434614,83,,
2018,9,1,7,0,7.7,-61,0,4.4,54,98.0,217,47.10639610792036,0,1007.1,57.97341159032919,15.313321496375318,72,,
2018,9,1,8,0,8.7,-48,0.1,4.5,67,161.0,371,157.37661218346022,0,1007,50.770237010558105,14.224221507761651,63,,
2018,9,1,9,0,9.3,-33,0.6,4.6,80,226.0,486,283.4037973253547,0,1006.7,53.48522614555981,13.392591229705385,56,,
2018,9,1,10,0,9.4,-16,10.3,4.7,199,372.0,382,407.8230807853329,0,1006.4,52.5701807525254,12.531408924892968,51,,
2018,9,1,11,0,9.5,4,9.4,4.8,193,422.0,411,494.7940448119126,0,1006.1,55.29657509889233,13.369810534816734,50,,
2018,9,1,12,0,9.6,22,0.7,4.8,86,375.0,533,499.8811482894521,0,1005.7,57.06742032208996,13.39367272981756,53,,
2018,9,1,13,0,9.6,39,0,4.7,73,344.0,453,467.5132495609251,0,1005.1,52.64897934328667,13.30447297026894,58,,
2018,9,1,14,0,9.6,53,0,4.6,64,290.0,317,385.5476040195304,0,1004.6,51.629406160053634,13.67197455015724,66,,
2018,9,1,15,0,9.2,65,1.1,4.6,50,241.0,154,278.2382564291697,0,1004.3,49.46994418231816,13.609351459224412,76,,
2018,9,1,16,0,8.4,75,12.1,4.7,24,129.0,10,134.3630771389803,0,1004.3,48.84609715808506,13.601870461559445,87,,
2018,9,1,17,0,7.6,85,0,4.7,0,80.0,0,33.21978770760964,0,1004.3,49.17549650658441,13.18016121266818,98,,
2018,9,1,18,0,6.8,95,47.4,4.4,0,0.0,0,0.0,0,1004.5,51.9783703765894,13.720350028819604,109,,
2018,9,1,19,0,5.9,106,59.2,3.9,0,0.0,0,0.0,0,1004.8,53.744720105465376,14.079130352758424,120,,
2018,9,1,20,0,5.1,119,59.1,3.4,0,0.0,0,0.0,0,1005.2,55.69683476721946,13.997637012858307,131,,
2018,9,1,21,0,4.9,136,59.9,3.3,0,0.0,0,0.0,0,1005.2,57.98519773880111,13.852976875795449,140,,
2018,9,1,22,0,5.5,158,31.2,3.6,0,0.0,0,0.0,0,1004.9,58.240204521689634,12.57022558671814,146,,
2018,9,1,23,0,6,-175,33.5,3.9,0,0.0,0,0.0,0,1004.6,64.40285532386895,13.237162013957729,147,,
2018,9,2,0,0,6.4,-149,21.3,4.2,0,0.0,0,0.0,0,1004.2,66.34914533343226,12.642709296159072,144,,
2018,9,2,1,0,6.7,-129,42,4.4,0,0.0,0,0.0,0,1003.7,60.09502220277688,12.473836767072829,137,,
2018,9,2,2,0,7,-114,41,4.7,0,0.0,0,0.0,0,1003.2,68.12567474013991,13.109620931998814,127,,
2018,9,2,3,0,7.2,-102,36.8,4.9,0,0.0,0,0.0,0,1002.9,67.0822497276954,11.739660616803372,116,,
2018,9,2,4,0,7.3,-91,42.4,5,0,0.0,0,0.0,0,1002.7,70.34095512427291,11.174284156384394,105,,
2018,9,2,5,0,7.4,-82,32.1,5.1,1,0.0,0,0.0,0,1002.5,75.70492180483944,11.246164833790251,94,,
2018,9,2,6,0,8.1,-72,27,5.7,45,0.0,26,0.0,0,1002.5,80.77913448843299,10.809851178645486,83,,
2018,9,2,7,0,9.3,-61,36.2,6.8,151,79.0,14,41.887759475518784,0,1002.7,81.79412749147201,10.103936352349807,72,,
2018,9,2,8,0,10.6,-48,56.4,7.8,174,172.0,3,150.63763553672027,0,1002.8,86.85401132365541,8.781544843319093,63,,
2018,9,2,9,0,11.4,-33,42.7,8.2,242,234.0,75,269.6752152400478,0,1002.6,87.19543233012058,7.294870317677789,56,,
2018,9,2,10,0,11.7,-16,21.8,8.1,321,234.0,162,351.6371696483831,0,1001.9,83.48709694964572,8.46109922330228,51,,
2018,9,2,11,0,12,4,39.7,7.9,381,284.0,3,433.2526973139361,0,1001.3,77.83897494719076,9.302753321123582,50,,
2018,9,2,12,0,12.1,23,31.4,7.9,302,340.0,106,483.9700763622805,0,1000.7,75.41960535703811,9.115333313013693,52,,
2018,9,2,13,0,12.1,39,52.6,8,241,362.0,0,477.6722988062941,0,1000.1,72.53228680860406,9.028137687127536,58,,
2018,9,2,14,0,12,53,39.3,8.1,199,373.0,15,426.3953909184652,0,999.5,73.88734230435165,8.638661456376722,66,,
2018,9,2,15,0,11.6,65,38.9,8.1,90,320.0,26,313.28969915587976,0,999.3,73.9555194083801,8.222128590667849,76,,
2018,9,2,16,0,10.7,76,58.5,8.1,23,207.0,2,165.34248320601031,0,999.4,75.1947260962533,7.9146219340125565,87,,
2018,9,2,17,0,9.8,85,70.6,8.1,0,85.0,0,34.33223909457977,0,999.6,78.17612193403335,6.928502554579261,98,,
2018,9,2,18,0,9.2,95,56.3,8,0,0.0,0,0.0,0,999.9,78.97823170519644,6.445053340441064,109,,
2018,9,2,19,0,8.8,106,50.4,7.7,0,0.0,0,0.0,0,1000.2,75.78387026255797,6.544408447381252,120,,
2018,9,2,20,0,8.5,119,42,7.4,0,0.0,0,0.0,0,1000.5,79.23763742024335,6.503059859089339,130,,
2018,9,2,21,0,8.2,136,42,7.1,0,0.0,0,0.0,0,1000.7,81.92953203996126,6.1369513134320375,139,,
2018,9,2,22,0,8,159,22.8,6.9,0,0.0,0,0.0,0,1000.5,86.6430282418155,5.10739667313669,146,,
2018,9,2,23,0,7.8,-175,0,6.7,0,0.0,0,0.0,0,1000.4,93.19982180352643,3.997687721985877,147,,
2018,9,3,0,0,7.8,-149,0,6.7,0,0.0,0,0.0,0,1000.4,96.68236359270855,3.1827548085950124,144,,
2018,9,3,1,0,8,-129,0,7,0,0.0,0,0.0,0,1000.4,118.4455752029338,2.904631317728048,136,,
2018,9,3,2,0,8.2,-114,0.7,7.2,0,0.0,0,0.0,0,1000.4,126.06363609048532,2.9495107746176434,127,,
2018,9,3,3,0,8.5,-102,3.5,7.4,0,0.0,0,0.0,0,1000.7,137.5425782523032,2.268738613152631,116,,
2018,9,3,4,0,8.7,-92,0,7.4,0,0.0,0,0.0,0,1001.2,156.43388589418169,1.899109646838252,105,,
2018,9,3,5,0,9,-82,0,7.5,1,0.0,1,0.0,0,1001.7,171.33861242059857,1.869217698631766,93,,
2018,9,3,6,0,9.6,-72,4.3,7.3,41,2.0,50,1.0000000000000002,0,1002.5,185.7418467983917,1.7813986331431224,82,,
2018,9,3,7,0,10.6,-61,0.1,7,63,160.0,210,51.63845008381481,0,1003.4,137.92852187029197,1.9125146017576808,72,,
2018,9,3,8,0,11.6,-48,0,6.6,73,352.0,370,189.90517271925603,0,1004.3,130.31131031863288,1.621967861332209,63,,
2018,9,3,9,0,12,-33,0,6.2,77,493.0,500,349.5734368983557,0,1005,146.92404218181048,1.4972754609750014,55,,
2018,9,3,10,0,11.8,-15,0,5.7,78,568.0000000000001,579,480.8293620609536,0,1005.3,165.5521918380947,1.3601530851779775,50,,
2018,9,3,11,0,11.6,4,0.3,5.2,84,605.0,592,571.0471904394982,0,1005.7,154.54445913052234,0.9247350777326756,49,,
2018,9,3,12,0,11.3,23,0,4.6,80,608.0,557,605.1244805538106,0,1006.1,94.9793984995747,1.442945717884389,52,,
2018,9,3,13,0,10.9,39,0,4,79,601.0,459,587.0635140569539,0,1006.8,67.51062059602515,3.0923495157213226,58,,
2018,9,3,14,0,10.5,54,0,3.4,75,582.0,314,518.2738526675109,0,1007.4,69.67189163395199,3.713456954988557,66,,
2018,9,3,15,0,9.9,65,0,2.9,62,511.0,146,390.41685819726735,0,1008.2,70.46387066589762,4.045389801324111,76,,
2018,9,3,16,0,9.1,76,0,2.6,21,321.0,21,204.25925877927284,0,1009.2,83.18955129213475,4.743431066514605,86,,
2018,9,3,17,0,8.2,86,0,2.2,0,161.0,0,49.68942106060578,0,1010.1,96.47515370956,5.184930906332026,98,,
2018,9,3,18,0,7.6,96,0,2,0,0.0,0,0.0,0,1010.8,98.84363251719104,5.575561901608242,109,,
2018,9,3,19,0,7.2,107,0,2,0,0.0,0,0.0,0,1011.3,136.41977170028258,3.309536895178023,120,,
2018,9,3,20,0,6.9,120,0,2,0,0.0,0,0.0,0,1011.8,181.1133571609652,2.9778571129446507,130,,
2018,9,3,21,0,6.6,137,0,2.1,0,0.0,0,0.0,0,1012.1,176.08489015908094,1.8879508187477136,139,,
2018,9,3,22,0,6.6,159,0,2.3,0,0.0,0,0.0,0,1012.3,202.3762992742082,1.9835853807859487,145,,
2018,9,3,23,0,6.5,-175,0,2.5,0,0.0,0,0.0,0,1012.5,219.7320348252873,2.6060340416808123,147,,
2018,9,4,0,0,6.5,-149,0,2.6,0,0.0,0,0.0,0,1012.6,216.33765964281045,3.57964663238708,143,,
2018,9,4,1,0,6.5,-129,0,2.6,0,0.0,0,0.0,0,1012.7,217.35839168272048,6.666404397593837,136,,
2018,9,4,2,0,6.6,-114,0,2.6,0,0.0,0,0.0,0,1012.8,216.06507068815105,7.720634732280024,126,,
2018,9,4,3,0,6.6,-102,0,2.7,0,0.0,0,0.0,0,1012.8,214.2929535586276,8.558850509573752,115,,
2018,9,4,4,0,6.7,-92,0,2.9,0,0.0,0,0.0,0,1012.9,208.7229190462888,8.557062751198673,104,,
2018,9,4,5,0,6.8,-82,0,3,2,0.0,1,0.0,0,1013,203.29819466530023,8.501046484452038,93,,
2018,9,4,6,0,7.6,-72,24.1,3.5,65,1.0,7,1.0,0,1013.1,199.7911593032816,7.913469636934185,82,,
2018,9,4,7,0,9.2,-61,18.4,4.3,130,54.0,106,40.51103348258819,0,1013.1,205.6932361104545,8.209110379755227,72,,
2018,9,4,8,0,10.7,-48,34.7,5.1,214,131.0,80,142.06893263639614,0,1013,210.31021230541631,8.538220600530925,62,,
2018,9,4,9,0,11.6,-33,36.1,5.6,291,284.0,72,289.8873645156373,0,1012.8,213.12367584496212,8.343120265441827,55,,
2018,9,4,10,0,11.8,-15,52,5.7,301,410.0,6,428.7106000274538,0,1012.3,219.55084256294936,7.544341370886302,50,,
2018,9,4,11,0,11.9,4,62.4,5.9,248,390.0,0,486.5440114562245,0,1011.8,241.6227885693401,8.773202548188758,49,,
2018,9,4,12,0,11.9,23,40.6,6,290,576.0000000000001,74,594.992059947374,0,1011.4,248.73214301779035,9.600629508220637,52,,
2018,9,4,13,0,11.6,40,31.9,6.2,241,602.0,113,591.4891672661661,0,1011.2,250.4836053373586,10.557757969391243,57,,
2018,9,4,14,0,11.4,54,44.3,6.5,184,580.0,18,521.5887523163813,0,1010.9,250.9981615561041,9.995865279967276,66,,
2018,9,4,15,0,11.1,66,27.4,6.6,94,547.0,58,407.0933945361813,0,1010.9,246.31769459120017,9.291767945543064,75,,
2018,9,4,16,0,10.6,76,10.6,6.8,30,430.0,4,241.27499384865504,0,1011.2,237.15778839081807,9.458565591839696,86,,
2018,9,4,17,0,10.1,86,4.1,6.9,0,185.0,0,60.440658462273824,0,1011.4,232.87072844332772,9.060395571939296,97,,
2018,9,4,18,0,9.8,96,27.4,6.9,0,0.0,0,0.0,0,1011.6,232.2090714944236,8.830437770810427,109,,
2018,9,4,19,0,9.7,107,37.5,6.8,0,0.0,0,0.0,0,1011.8,219.95890930177265,8.946984134052434,120,,
2018,9,4,20,0,9.6,120,43,6.8,0,0.0,0,0.0,0,1011.9,227.5885649555546,9.433688404564029,130,,
2018,9,4,21,0,9.5,137,43,6.9,0,0.0,0,0.0,0,1011.9,220.76176520031515,11.317554232617194,139,,
2018,9,4,22,0,9.4,159,43,7.1,0,0.0,0,0.0,0,1011.7,217.87969869507427,11.9691440228576,145,,
2018,9,4,23,0,9.3,-175,43,7.4,0,0.0,0,0.0,0,1011.6,215.6383172383794,12.651457788223237,146,,
2018,9,5,0,0,9.2,-150,42.4,7.5,0,0.0,0,0.0,0,1011.5,219.9886362239432,12.24890319624086,143,,
2018,9,5,1,0,9.1,-130,41.7,7.4,0,0.0,0,0.0,0,1011.4,216.93639699908024,12.579012378642716,136,,
2018,9,5,2,0,9.1,-115,16.1,7.3,0,0.0,0,0.0,0,1011.3,216.59177322971536,13.167244974194023,126,,
2018,9,5,3,0,9,-102,0,7.2,0,0.0,0,0.0,0,1011.5,212.46071407108087,12.286607059270178,115,,
2018,9,5,4,0,8.9,-92,26.6,7.1,0,0.0,0,0.0,0,1012,212.5381757403304,12.492961928724954,104,,
2018,9,5,5,0,8.9,-82,2.6,7,2,0.0,1,0.0,0,1012.4,212.60455310459133,13.249636944259349,93,,
2018,9,5,6,0,9.3,-72,2.8,7,47,1.0,52,1.0,0,1012.7,215.62318710016035,13.368692009074667,82,,
2018,9,5,7,0,10.2,-61,15.2,7.1,115,64.0,116,44.30103888430279,0,1013,214.3805669598649,13.670371065527728,71,,
2018,9,5,8,0,11.1,-49,24.7,7.2,233,183.0,106,158.99316621071878,0,1013.2,217.50801699159229,12.854752315748716,62,,
2018,9,5,9,0,11.6,-33,21.4,7,226,330.0,225,307.79293287791927,0,1013.2,217.18951482983752,12.867143560263878,54,,
2018,9,5,10,0,11.5,-15,31.7,6.6,291,359.0,156,428.7842377606778,0,1012.9,224.70596206330725,12.211045553323611,50,,
2018,9,5,11,0,11.4,4,31.6,6.2,289,331.0,173,480.85391111611386,0,1012.7,246.12049922825292,12.869997128902758,49,,
2018,9,5,12,0,11.4,23,19.6,6,238,312.0,268,495.3568202476213,0,1012.5,246.1027203057427,12.915826345868412,51,,
2018,9,5,13,0,11.4,40,17.3,5.8,187,306.0,260,473.9149289038023,0,1012.4,244.5321953681584,12.406774745192315,57,,
2018,9,5,14,0,11.4,54,37.5,5.7,133,476.0,98,494.8440425375781,0,1012.3,237.10471898779605,11.442266390876355,65,,
2018,9,5,15,0,11,66,2.1,5.8,64,386.0,145,358.7171374118476,0,1012.4,236.61560351473187,12.121103075904712,75,,
2018,9,5,16,0,10.4,77,0,6,20,122.0,28,143.79893840421806,0,1012.7,233.1600361666152,12.523781006041064,86,,
2018,9,5,17,0,9.7,86,0,6.2,0,33.0,0,28.89798505317584,0,1013.1,229.54929845781507,12.221075887849285,97,,
2018,9,5,18,0,9.2,96,0,6.2,0,0.0,0,0.0,0,1013.3,230.33081340927487,12.882559698063885,108,,
2018,9,5,19,0,8.9,107,1.9,6,0,0.0,0,0.0,0,1013.6,223.2520490936639,13.650957932761816,120,,
2018,9,5,20,0,8.5,120,4.5,5.7,0,0.0,0,0.0,0,1013.9,223.9991201815812,13.529797308648348,130,,
2018,9,5,21,0,8.4,137,6.6,5.8,0,0.0,0,0.0,0,1013.8,223.9674586319935,13.814303530672266,139,,
2018,9,5,22,0,8.3,159,23.6,6.3,0,0.0,0,0.0,0,1013.5,223.55772772550543,14.52687680467682,145,,
2018,9,5,23,0,8.2,-174,42.3,6.8,0,0.0,0,0.0,0,1013.2,225.62813733099432,15.32197049247523,146,,
2018,9,6,0,0,8.3,-150,42.1,7.1,0,0.0,0,0.0,0,1012.8,227.9990783362852,15.699385411236166,143,,
2018,9,6,1,0,8.5,-130,49.7,7.1,0,0.0,0,0.0,0,1012.4,222.28941871003465,15.613005468907293,135,,
2018,9,6,2,0,8.7,-115,59.9,7.2,0,0.0,0,0.0,0,1012,227.7562809749367,14.191180833516762,126,,
2018,9,6,3,0,8.8,-103,51.5,7.2,0,0.0,0,0.0,0,1011.7,238.6882670416781,13.477918750132126,115,,
2018,9,6,4,0,9,-92,55.4,7.1,0,0.0,0,0.0,0,1011.5,244.4393544598298,13.709159437997403,104,,
2018,9,6,5,0,9.2,-83,58.1,7,2,0.0,0,0.0,0,1011.4,269.68239347456506,13.653285940072587,92,,
2018,9,6,6,0,9.5,-73,57.3,7.2,38,0.0,0,0.0,0,1011.1,272.2658378189192,14.579514289066628,81,,
2018,9,6,7,0,10.1,-62,52.6,7.6,128,3.0,0,16.170156755301257,0,1010.8,255.89698376134905,13.667566778132535,71,,
2018,9,6,8,0,10.7,-49,60.4,8,172,7.0,0,56.68255101998776,0,1010.5,235.13546322860543,14.049962219004216,62,,
2018,9,6,9,0,11.1,-33,59.2,8.2,227,15.0,0,121.0719021443238,0,1009.8,237.5637996147204,16.37238369854242,54,,
2018,9,6,10,0,11.3,-15,61,8.1,247,19.0,0,186.19826714989324,0,1008.7,237.05669292169333,16.188978473793934,49,,
2018,9,6,11,0,11.4,4,64.7,8.1,229,51.0,0,294.9796998947023,0,1007.7,243.78652815735097,15.675917762905293,48,,
2018,9,6,12,0,11.4,23,62.9,8.1,224,40.0,0,285.77993634080025,0,1006.7,252.5847516965806,16.43756849941877,51,,
2018,9,6,13,0,11.3,40,57.4,8.2,216,13.0,0,181.5954272266005,0,1005.7,257.93952281485053,17.84106065789833,57,,
2018,9,6,14,0,11.2,55,64.2,8.3,130,7.0,0,124.21887331290718,0,1004.7,261.958117314652,16.817974677585216,65,,
2018,9,6,15,0,11.2,66,63,8.3,63,4.0,0,68.99219016743731,0,1003.9,265.52802408462844,14.656926383493325,75,,
2018,9,6,16,0,11.2,77,69.9,8.2,13,5.0,0,47.772328046386,0,1003.2,284.97079216852364,13.272774934089282,86,,
2018,9,6,17,0,11.1,87,85.2,8.2,0,7.0,0,17.274694982108105,0,1002.6,351.6065888101591,10.736086627033856,97,,
2018,9,6,18,0,11,97,78.6,8.1,0,0.0,0,0.0,0,1002.1,318.2374791555758,5.872177790437399,108,,
2018,9,6,19,0,10.8,108,92.3,8.2,0,0.0,0,0.0,0,1001.7,307.4214237604801,8.258243924855691,119,,
2018,9,6,20,0,10.6,121,95.7,8.2,0,0.0,0,0.0,0,1001.2,311.28821696166835,8.336003640224408,130,,
2018,9,6,21,0,10.4,138,90.8,8.3,0,0.0,0,0.0,0,1000.4,319.4625007215446,7.872128379351127,138,,
2018,9,6,22,0,10.2,160,70.6,8.5,0,0.0,0,0.0,0,999.2,319.9016960068424,7.354151757272911,144,,
2018,9,6,23,0,9.9,-174,40.4,8.7,0,0.0,0,0.0,0,998,320.00808771438545,7.016370602007361,146,,
2018,9,7,0,0,9.7,-150,38.8,8.7,0,0.0,0,0.0,0,997,331.2537736806595,6.767371016246614,142,,
2018,9,7,1,0,9.6,-130,18.5,8.7,0,0.0,0,0.0,0,996.1,15.12756303954643,6.876978437815361,135,,
2018,9,7,2,0,9.4,-115,0,8.6,0,0.0,0,0.0,0,995.2,40.83926462634622,9.353247090035744,125,,
2018,9,7,3,0,9.4,-103,0,8.6,0,0.0,0,0.0,0,994.6,40.686067129685625,9.861660932643238,115,,
2018,9,7,4,0,9.4,-93,0,8.8,0,0.0,0,0.0,0,994.2,34.38251715581464,10.348568733163091,103,,
2018,9,7,5,0,9.4,-83,1.1,8.9,4,0.0,1,0.0,0,993.8,32.72742339169463,9.801876868946083,92,,
2018,9,7,6,0,9.6,-73,30.2,9,66,1.0,1,1.0,0,993.7,34.983132471351894,8.76774173141185,81,,
2018,9,7,7,0,10,-62,74.7,9.1,63,34.0,0,46.10513661855244,0,993.8,34.72936367614784,8.533982185254882,71,,
2018,9,7,8,0,10.4,-49,76.4,9.1,103,67.0,0,137.4698504173302,0,993.9,36.49031693001507,8.490713670679657,61,,
2018,9,7,9,0,10.6,-34,80.8,9.2,108,125.0,0,258.2787500635254,0,994.1,36.3948503220866,8.186072381603633,54,,
2018,9,7,10,0,10.7,-15,41.2,9.5,291,191.0,91,351.536629826844,0,994.4,37.698575894114526,7.775276104664148,49,,
2018,9,7,11,0,10.7,4,46.1,9.8,297,270.0,65,450.6915177556483,0,994.7,33.12615089762642,7.671106043579557,48,,
2018,9,7,12,0,10.6,24,37.5,9.8,223,544.0,169,604.8660453371576,0,995.2,27.54410820964455,7.124685422745697,51,,
2018,9,7,13,0,10.4,41,49.5,9.6,212,532.0,60,582.1947912139286,0,995.9,21.171372213085306,7.157410323513582,57,,
2018,9,7,14,0,10.2,55,48.9,9.3,146,428.0,43,474.7832576042159,0,996.7,20.95254453380608,6.879189567212027,65,,
2018,9,7,15,0,10,67,24.8,9.1,125,384.0,37,359.76802028024883,0,997.6,16.937937859829958,6.864933381733295,75,,
2018,9,7,16,0,9.8,77,52.9,8.8,22,245.0,0,193.73804067601083,0,998.6,14.56386717788206,6.462285193003654,86,,
2018,9,7,17,0,9.5,87,57.2,8.6,0,98.0,0,49.17625382831713,0,999.7,11.785047828582208,5.924194143516592,97,,
2018,9,7,18,0,9.4,97,48,8.4,0,0.0,0,0.0,0,1000.5,5.4080836359667614,5.305108892139369,108,,
2018,9,7,19,0,9.3,108,46.3,8.3,0,0.0,0,0.0,0,1001.1,357.7945053450744,6.49626731525996,119,,
2018,9,7,20,0,9.2,121,62.9,8.2,0,0.0,0,0.0,0,1001.7,350.6413876666894,6.9182546546828565,129,,
2018,9,7,21,0,9.1,138,61.9,8.1,0,0.0,0,0.0,0,1002.1,342.5431300047624,6.458596115508708,138,,
2018,9,7,22,0,9,160,52.9,8,0,0.0,0,0.0,0,1002.4,336.02181146460435,6.151743682177525,144,,
2018,9,7,23,0,8.9,-174,42.3,7.9,0,0.0,0,0.0,0,1002.6,329.99345769469977,6.418652475427774,145,,
2018,9,8,0,0,8.8,-150,42.2,7.8,0,0.0,0,0.0,0,1002.8,330.5561146104632,7.510897388672543,142,,
2018,9,8,1,0,8.7,-130,42.8,7.7,0,0.0,0,0.0,0,1003.1,331.6471607129436,7.548875409332273,134,,
2018,9,8,2,0,8.6,-115,35.7,7.6,0,0.0,0,0.0,0,1003.4,331.0317655326909,7.236135322174779,125,,
2018,9,8,3,0,8.6,-103,31.8,7.5,0,0.0,0,0.0,0,1003.9,330.1447323242839,7.37163173408376,114,,
2018,9,8,4,0,8.5,-93,0,7.3,0,0.0,0,0.0,0,1004.6,326.45373880040177,7.47297004164504,103,,
2018,9,8,5,0,8.4,-83,0.2,7.2,4,0.0,2,0.0,0,1005.4,319.5838456214862,7.113327725890749,92,,
2018,9,8,6,0,8.7,-73,32.8,7.2,71,1.0,10,1.0,0,1006,318.4793971819126,7.179595747435098,81,,
2018,9,8,7,0,9.5,-62,9.9,7.2,119,45.0,152,46.02239111970346,0,1006.5,314.1598666663989,7.299728750388891,70,,
2018,9,8,8,0,10.3,-49,0.6,7.3,89,161.0,375,166.45873065407704,0,1007.1,311.4237485932241,7.436513053901822,61,,
2018,9,8,9,0,10.7,-34,4.2,7.1,143,236.0,428,293.10038709082505,0,1007.4,307.7095650558137,7.386974868893301,53,,
2018,9,8,10,0,10.7,-15,21.1,6.6,332,361.0,199,449.6139602051718,0,1007.6,305.13976500832354,8.516480149194402,49,,
2018,9,8,11,0,10.7,5,26.6,6.1,378,445.0,130,553.6102998798141,0,1007.7,311.5259292135209,9.21899716320712,47,,
2018,9,8,12,0,10.6,24,3.7,5.8,141,353.0,484,537.7810403603166,0,1007.9,309.5615832869671,9.792346863083669,50,,
2018,9,8,13,0,10.4,41,8.6,5.6,173,190.0,328,423.3688022946324,0,1008.2,300.35522196758563,11.26305955148852,56,,
2018,9,8,14,0,10.2,55,5.9,5.4,122,34.0,256,213.78191437921436,0,1008.4,300.84910403379155,11.466227433313335,65,,
2018,9,8,15,0,9.9,67,24.1,5.2,123,31.0,49,154.68421965692613,0,1008.8,298.6786236615664,11.693812679936288,75,,
2018,9,8,16,0,9.6,78,41.1,4.9,30,58.0,0,117.9819075805006,0,1009.4,293.72965689509874,10.894734476135534,85,,
2018,9,8,17,0,9.2,87,36.1,4.6,0,25.0,0,29.72111636757637,0,1009.9,287.68720111345795,10.932560470181778,97,,
2018,9,8,18,0,8.9,97,27.4,4.7,0,0.0,0,0.0,0,1010.4,278.09955492959193,10.426270254422109,108,,
2018,9,8,19,0,8.7,109,35.8,5.1,0,0.0,0,0.0,0,1010.9,264.8036029170757,10.938756066814207,119,,
2018,9,8,20,0,8.5,122,2.9,5.4,0,0.0,0,0.0,0,1011.3,267.6180148529304,10.738037997502197,129,,
2018,9,8,21,0,8.5,139,0,6,0,0.0,0,0.0,0,1011.4,286.8247310836689,12.001012203124208,138,,
2018,9,8,22,0,8.8,160,0,6.6,0,0.0,0,0.0,0,1011.3,313.9880685493755,9.27652637294104,144,,
2018,9,8,23,0,9.1,-174,0,7.3,0,0.0,0,0.0,0,1011.1,347.2324280773679,11.050573722587052,145,,
2018,9,9,0,0,9.3,-150,0,7.6,0,0.0,0,0.0,0,1011.1,340.81438501201586,11.30256128780132,141,,
2018,9,9,1,0,9.2,-130,0,7.6,0,0.0,0,0.0,0,1011.1,339.8068234781551,11.730809966722548,134,,
2018,9,9,2,0,9.2,-115,6.8,7.6,0,0.0,0,0.0,0,1011.2,336.5496950618635,12.273487161381691,125,,
2018,9,9,3,0,9.2,-103,40.5,7.3,0,0.0,0,0.0,0,1011.5,334.8569468749902,12.23117168676288,114,,
2018,9,9,4,0,9.1,-93,30.9,6.9,0,0.0,0,0.0,0,1012,339.9411080276941,12.899414406744006,103,,
2018,9,9,5,0,9.1,-83,39.8,6.4,3,0.0,0,0.0,0,1012.5,341.4536279328131,12.267205429306989,91,,
2018,9,9,6,0,9.5,-73,45.8,6.3,61,0.0,0,1.0,0,1013,333.5390956677139,12.133418397825771,80,,
2018,9,9,7,0,10.4,-62,45.1,6.4,160,4.0,1,19.28983806160505,0,1013.5,331.6651980719139,14.024805186103508,70,,
2018,9,9,8,0,11.3,-49,39.2,6.5,264,13.0,10,80.33838257517321,0,1013.9,338.4126622828933,14.682184182655806,60,,
2018,9,9,9,0,11.7,-34,48.4,6.9,303,99.0,0,239.69284209572356,0,1014.1,338.8755822522577,13.774786317833,53,,
2018,9,9,10,0,11.7,-15,56.3,7.4,291,227.0,0,381.4720045273816,0,1014.1,1.927839221828492,15.66120817667385,48,,
2018,9,9,11,0,11.6,5,63.4,7.9,252,335.0,0,495.2234173231946,0,1014,16.498629178332124,14.038461391038965,47,,
2018,9,9,12,0,11.6,24,49.1,8.3,282,458.0,44,578.3349899098287,0,1014.1,18.942914960716507,13.36724756518301,50,,
2018,9,9,13,0,11.5,41,51.9,8.5,226,535.0,38,596.088863007507,0,1014.3,17.891961886895388,12.366635944648756,56,,
2018,9,9,14,0,11.4,56,47.1,8.8,155,546.0,59,538.0535765592107,0,1014.4,23.77769230727779,10.552466273851506,65,,
2018,9,9,15,0,11.3,67,63,9,82,429.0,4,387.7360477529732,0,1014.8,21.67040056546017,10.905005375800892,74,,
2018,9,9,16,0,11.1,78,22.7,9,30,261.0,2,207.36753849739048,0,1015.3,26.99894156685184,12.125448125246535,85,,
2018,9,9,17,0,10.8,88,0.2,9.1,0,89.0,0,51.10732789650777,0,1015.8,25.69963255356845,10.583005841261956,96,,
2018,9,9,18,0,10.6,98,0.6,9.1,0,0.0,0,0.0,0,1016.4,20.23246419809641,9.901736091463382,108,,
2018,9,9,19,0,10.4,109,19.2,9,0,0.0,0,0.0,0,1017,12.845975195114704,9.959728619390466,119,,
2018,9,9,20,0,10.2,122,35.8,9,0,0.0,0,0.0,0,1017.7,11.360387089182154,9.950072801146318,129,,
2018,9,9,21,0,10.2,139,26,9,0,0.0,0,0.0,0,1018,9.78876305577245,10.320418288723232,138,,
2018,9,9,22,0,10.2,161,27.9,9.3,0,0.0,0,0.0,0,1018.2,5.219483141627052,10.109545964206012,143,,
2018,9,9,23,0,10.3,-174,1.5,9.5,0,0.0,0,0.0,0,1018.3,2.923209219377327,9.454929885695067,145,,
2018,9,10,0,0,10.3,-150,0,9.6,0,0.0,0,0.0,0,1018.5,358.89357372809843,8.547003722398367,141,,
2018,9,10,1,0,10.2,-131,0,9.4,0,0.0,0,0.0,0,1018.7,346.5768907481976,8.615481864091647,134,,
2018,9,10,2,0,10.1,-116,0,9.3,0,0.0,0,0.0,0,1019,351.7812535900807,9.306026657042745,124,,
2018,9,10,3,0,10,-104,0,9.1,0,0.0,0,0.0,0,1019.4,352.5403282588118,8.49228470930035,114,,
2018,9,10,4,0,9.9,-93,1.1,9,0,0.0,0,0.0,0,1019.9,359.9120181521396,8.585459340936811,102,,
2018,9,10,5,0,9.8,-83,0.2,8.8,5,0.0,3,0.0,0,1020.5,353.9562144592537,9.07338157664165,91,,
2018,9,10,6,0,10.2,-73,11.1,8.7,59,1.0,54,1.0,0,1020.8,354.1448646351472,8.531815146846244,80,,
2018,9,10,7,0,11.1,-62,40.8,8.8,154,10.0,29,29.77796582122012,0,1021,349.2938378814923,7.737967660510738,70,,
2018,9,10,8,0,12,-49,41.1,8.8,268,29.0,18,102.60720354621728,0,1021.2,348.0916401662314,7.788715569088386,60,,
2018,9,10,9,0,12.4,-34,22.5,8.6,291,110.0,188,240.92690288167495,0,1021.2,349.2590606886266,8.934114631976552,53,,
2018,9,10,10,0,12.3,-15,31.9,8.3,347,220.0,121,377.7761227266481,0,1020.9,352.2545579409066,8.943410522954487,48,,
2018,9,10,11,0,12.1,5,61.5,7.9,272,347.0,0,499.7113223138237,0,1020.6,344.9702084771529,8.41759517398343,47,,
2018,9,10,12,0,12,25,60.1,7.7,263,466.0,0,582.0729028162684,0,1020.4,340.4357357405037,9.518791498706149,50,,
2018,9,10,13,0,11.9,42,66.4,7.8,188,500.0,0,580.7446659190839,0,1020.1,340.72904869204234,9.265239974540943,56,,
2018,9,10,14,0,11.8,56,67.6,7.8,135,447.0,0,495.0144143307692,0,1019.8,351.80823258453074,7.987997964998434,64,,
2018,9,10,15,0,11.5,68,66.8,7.8,76,165.0,0,265.77607826513446,0,1019.8,332.3869295555933,8.94817081078656,74,,
2018,9,10,16,0,11.1,78,39.2,7.8,20,86.0,1,132.7358592268539,0,1020,328.2320596902184,9.573084542660377,85,,
2018,9,10,17,0,10.6,88,0,7.8,0,57.0,0,43.14859490230352,0,1020.2,326.8897944322479,8.96558438568117,96,,
2018,9,10,18,0,10.2,98,0,7.7,0,0.0,0,0.0,0,1020.3,333.24403654210835,8.290202537899324,108,,
2018,9,10,19,0,9.7,109,18.1,7.5,0,0.0,0,0.0,0,1020.3,331.05662186018264,6.632903733092198,119,,
2018,9,10,20,0,9.3,122,39.5,7.3,0,0.0,0,0.0,0,1020.3,323.4951949398819,5.816133701556285,129,,
2018,9,10,21,0,9,139,39.5,7.3,0,0.0,0,0.0,0,1020.1,306.9619835263046,5.347028390321758,137,,
2018,9,10,22,0,9,161,23,7.5,0,0.0,0,0.0,0,1019.8,288.73857678877147,5.477858277185677,143,,
2018,9,10,23,0,9,-174,13.6,7.8,0,0.0,0,0.0,0,1019.5,275.8638371669869,6.476024485698177,144,,
2018,9,11,0,0,9,-150,3.5,7.9,0,0.0,0,0.0,0,1019,268.249648359523,6.682072910663776,141,,
2018,9,11,1,0,9,-131,7.8,7.8,0,0.0,0,0.0,0,1018.3,261.1199050642035,7.654741426656764,133,,
2018,9,11,2,0,9,-116,0,7.7,0,0.0,0,0.0,0,1017.7,254.1285008282305,9.464573272606248,124,,
2018,9,11,3,0,9,-104,0,7.7,0,0.0,0,0.0,0,1017.3,247.6951418332284,9.854791367725728,113,,
2018,9,11,4,0,9,-93,0,7.7,0,0.0,0,0.0,0,1017.2,242.51326399582643,10.086320971727265,102,,
2018,9,11,5,0,9.1,-84,1.9,7.7,7,0.0,2,0.0,0,1017,238.98983326956727,10.596530923457436,91,,
2018,9,11,6,0,9.7,-74,41.4,8,72,7.0,14,3.0000000000000004,0,1016.9,236.47195678896577,10.94277811761992,80,,
2018,9,11,7,0,11,-63,53,8.3,143,119.0,5,66.89748527811511,0,1016.9,232.18171701764555,11.575951007906914,69,,
2018,9,11,8,0,12.2,-50,53.1,8.7,233,344.0,0,220.1402562307769,0,1016.8,232.01252049481803,12.367098636271788,60,,
2018,9,11,9,0,12.9,-34,34.3,8.8,369,538.0,41,400.46026587747417,0,1016.4,234.63736894804748,13.05178158033999,52,,
2018,9,11,10,0,13.1,-15,11.1,8.5,237,714.0,384,571.2706626624893,0,1015.6,238.8772728428077,13.189196350951384,47,,
2018,9,11,11,0,13.4,5,23.8,8.2,364,755.0,180,671.7883180341352,0,1014.8,245.40154289880533,13.67460040366423,46,,
2018,9,11,12,0,13.5,25,15.7,8.1,291,761.0,272,712.0160117991219,0,1014,249.75502204043136,13.494820274412024,49,,
2018,9,11,13,0,13.5,42,9.5,8.3,190,750.0,321,693.0234256688417,0,1013.3,246.80612514523423,14.021962683862393,56,,
2018,9,11,14,0,13.5,56,48.8,8.5,184,682.0,31,597.5275132820827,0,1012.6,246.48256948921733,14.309673479994746,64,,
2018,9,11,15,0,13.3,68,44.9,8.6,103,607.0,12,459.2453954808034,0,1012.2,245.6747843784305,14.566096970826338,74,,
2018,9,11,16,0,13,79,37,8.5,29,478.0,10,280.12333289096654,0,1012.1,241.85987135315065,14.804367508864807,85,,
2018,9,11,17,0,12.7,89,46.8,8.4,0,116.0,0,60.07950463507765,0,1012.1,241.7869612480156,15.25054852874945,96,,
2018,9,11,18,0,12.4,99,47.3,8.4,0,0.0,0,0.0,0,1012.1,240.72205411780183,15.591556710170336,107,,
2018,9,11,19,0,12.1,110,39.3,8.5,0,0.0,0,0.0,0,1012.2,242.2943345456752,16.399807609688594,118,,
2018,9,11,20,0,11.9,123,23,8.6,0,0.0,0,0.0,0,1012.3,251.5472985559728,16.445388703158375,128,,
2018,9,11,21,0,11.9,140,8.6,8.7,0,0.0,0,0.0,0,1012.2,303.8265826096906,17.364088462371488,137,,
2018,9,11,22,0,12.3,161,0,9,0,0.0,0,0.0,0,1012.1,306.4893112212866,19.7078566545648,143,,
2018,9,11,23,0,12.7,-174,0,9.3,0,0.0,0,0.0,0,1012,346.4331865693809,17.22250223036846,144,,
2018,9,12,0,0,12.8,-150,0,9.4,0,0.0,0,0.0,0,1011.8,317.8367904590851,12.630670466145126,140,,
2018,9,12,1,0,12.8,-131,0,9.4,0,0.0,0,0.0,0,1011.7,323.49713339106563,15.618338030617428,133,,
2018,9,12,2,0,12.8,-116,0,9.5,0,0.0,0,0.0,0,1011.6,324.49635405485105,15.959078063801885,124,,
2018,9,12,3,0,12.8,-104,0,9.5,0,0.0,0,0.0,0,1011.7,322.59312344825923,15.911489805907378,113,,
2018,9,12,4,0,12.7,-94,0,9.6,0,0.0,0,0.0,0,1012,319.4023443742633,18.34516166473598,102,,
2018,9,12,5,0,12.6,-84,0.2,9.6,7,0.0,2,0.0,0,1012.4,330.7793163981067,21.02458573363021,90,,
2018,9,12,6,0,13,-74,3.4,9.9,58,1.0,69,1.0,0,1012.7,337.30164148898376,17.944240096270946,79,,
2018,9,12,7,0,14.1,-63,0,10.3,87,58.0,224,56.13772816017062,0,1013.1,333.61292572535206,19.2968793382524,69,,
2018,9,12,8,0,15.1,-50,9.9,10.8,189,233.0,238,194.69980587182965,0,1013.5,332.7497206589087,18.359671268101767,59,,
2018,9,12,9,0,15.6,-34,62.7,11,189,304.0,32,327.0180886395035,0,1013.6,338.3630638581612,17.640948467481998,52,,
2018,9,12,10,0,15.6,-15,79.6,10.9,141,380.0,0,461.1177278059175,0,1013.4,343.5193128501265,15.736620421747018,47,,
2018,9,12,11,0,15.7,5,78.2,10.8,153,442.0,0,555.7502440359816,0,1013.3,348.25108626927954,15.873328297372062,46,,
2018,9,12,12,0,15.6,25,70.2,10.8,195,474.0,0,597.1732727265088,0,1013.1,347.5326207992717,14.868933732980912,49,,
2018,9,12,13,0,15.5,42,50.3,10.9,275,472.0,0,578.9988500074624,0,1012.9,348.15597387247107,14.834129689391984,55,,
2018,9,12,14,0,15.3,57,13.1,11,162,545.0,188,549.3398448397256,0,1012.7,349.2909277973311,14.030496557945122,64,,
2018,9,12,15,0,14.7,68,17,11.1,121,481.0,68,419.8884727924906,0,1012.7,351.3614056800471,13.881108013527866,74,,
2018,9,12,16,0,13.7,79,3.4,11.1,30,285.0,28,223.23312626954552,0,1013,352.17196483756726,13.307603105557329,85,,
2018,9,12,17,0,12.7,89,0,11.1,0,48.0,0,42.71196943871647,0,1013.2,350.85807607238854,12.869278483680771,96,,
2018,9,12,18,0,11.9,99,0,10.9,0,0.0,0,0.0,0,1013.4,346.5514934510874,13.628838816394207,107,,
2018,9,12,19,0,11.4,110,0,10.5,0,0.0,0,0.0,0,1013.6,340.6334919579145,13.718887426170284,118,,
2018,9,12,20,0,10.8,123,0,10,0,0.0,0,0.0,0,1013.8,338.0303602815332,13.556724839360443,128,,
2018,9,12,21,0,10.5,140,0,9.7,0,0.0,0,0.0,0,1013.8,337.2304907297703,13.00043872175486,137,,
2018,9,12,22,0,10.4,162,0,9.5,0,0.0,0,0.0,0,1013.5,331.1454349821236,12.5447692838057,142,,
2018,9,12,23,0,10.4,-174,0,9.2,0,0.0,0,0.0,0,1013.2,328.723943756789,13.02805675288328,143,,
2018,9,13,0,0,10.4,-150,0,9.2,0,0.0,0,0.0,0,1013,322.53408395972406,13.55620221296218,140,,
2018,9,13,1,0,10.5,-131,0,9.2,0,0.0,0,0.0,0,1012.8,320.29571290535733,14.60619875605502,133,,
2018,9,13,2,0,10.6,-116,0,9.2,0,0.0,0,0.0,0,1012.5,319.6332323104232,15.04774347613439,123,,
2018,9,13,3,0,10.8,-104,0,9.3,0,0.0,0,0.0,0,1012.5,317.7507410028999,14.867236108745546,113,,
2018,9,13,4,0,11,-94,0,9.3,0,0.0,0,0.0,0,1012.6,317.1075011521416,14.594812638356624,101,,
2018,9,13,5,0,11.2,-84,2.5,9.4,9,0.0,2,0.0,0,1012.7,321.0508140953872,14.736265229128223,90,,
2018,9,13,6,0,12,-74,30.6,9.8,97,1.0,0,1.0,0,1013,321.5299162167489,14.324140753948496,79,,
2018,9,13,7,0,13.6,-63,11.8,10.5,128,31.0,164,48.91464371986088,0,1013.4,320.7780053643028,14.424652890106612,68,,
2018,9,13,8,0,15.1,-50,0,11.2,98,68.0,392,140.9678997398019,0,1013.8,318.29238339626045,14.239006907282237,59,,
2018,9,13,9,0,16.1,-34,5.7,11.5,166,154.0,418,274.2277715360666,0,1013.8,317.74328495820413,14.579378738543475,51,,
2018,9,13,10,0,16.4,-15,3.4,11.3,146,104.0,525,320.7012702288543,0,1013.4,320.1349889156716,13.860437337421413,47,,
2018,9,13,11,0,16.8,5,27.9,11.2,398,73.0,112,330.3916771531538,0,1013,323.1447923237973,14.28344773508607,46,,
2018,9,13,12,0,16.8,25,34.3,11.2,358,64.0,77,329.0236424616716,0,1012.7,318.97498749715913,13.256132202578277,49,,
2018,9,13,13,0,16.6,43,22.4,11.3,270,118.0,161,376.7816583020565,0,1012.3,315.33117742912384,13.679015839719606,55,,
2018,9,13,14,0,16.3,57,6.7,11.4,137,85.0,244,293.74853192952287,0,1012,312.63650963094244,13.387376682842628,64,,
2018,9,13,15,0,15.8,69,45,11.4,129,57.0,2,196.95232991267065,0,1011.8,313.31938164925543,14.303658653106943,74,,
2018,9,13,16,0,14.9,79,39.3,11.4,35,22.0,0,88.35696858176016,0,1011.7,312.86054467509854,14.117968136051363,85,,
2018,9,13,17,0,14,89,40.2,11.4,0,6.0,0,19.23422222493384,0,1011.6,311.4550779323029,13.474275566331194,96,,
2018,9,13,18,0,13.5,99,49.8,11.1,0,0.0,0,0.0,0,1011.5,308.12634967102053,13.00229613952043,107,,
2018,9,13,19,0,13.2,110,39.1,10.5,0,0.0,0,0.0,0,1011.3,306.66322080889705,13.062584983969032,118,,
2018,9,13,20,0,13,124,41.3,9.9,0,0.0,0,0.0,0,1011.1,304.61808839511,12.558916795529845,128,,
2018,9,13,21,0,13.2,141,28.1,9.6,0,0.0,0,0.0,0,1010.6,303.4432308067977,12.841171400263542,136,,
2018,9,13,22,0,13.8,162,42.3,9.5,0,0.0,0,0.0,0,1009.9,299.94686721409767,12.798883424892962,142,,
2018,9,13,23,0,14.4,-174,43.1,9.4,0,0.0,0,0.0,0,1009.3,290.1607668234738,12.061268662078396,143,,
2018,9,14,0,0,14.7,-150,30.9,9.4,0,0.0,0,0.0,0,1008.5,281.6617440385328,11.797977302537358,139,,
2018,9,14,1,0,14.8,-131,52.7,9.4,0,0.0,0,0.0,0,1007.8,280.2999646142522,11.78910070252596,132,,
2018,9,14,2,0,14.9,-117,67.3,9.5,0,0.0,0,0.0,0,1007.1,276.0754548771172,11.646714045275017,123,,
2018,9,14,3,0,14.9,-105,66,9.5,0,0.0,0,0.0,0,1006.5,270.6412585908269,11.626948905955594,112,,
2018,9,14,4,0,14.9,-94,60.6,9.3,0,0.0,0,0.0,0,1006.1,275.91349018823905,11.620921752682673,101,,
2018,9,14,5,0,14.9,-84,55.3,9.1,7,0.0,0,0.0,0,1005.6,276.9028483545954,12.0032670272612,90,,
2018,9,14,6,0,15.5,-74,9.9,9.4,81,19.0,48,5.000000000000001,0,1005.3,276.0492030402752,13.096361125257213,79,,
2018,9,14,7,0,16.8,-63,0.9,10.1,99,243.0,221,92.17512317767856,0,1005.1,277.01844961356426,12.829531949073257,68,,
2018,9,14,8,0,18.1,-50,6.7,10.8,179,473.0,275,263.5670298887064,0,1004.8,279.90107234114936,12.726163191645878,59,,
2018,9,14,9,0,18.7,-34,11.4,10.9,219,609.0,337,443.1448216203223,0,1004.3,283.00461392284427,13.21441222999278,51,,
2018,9,14,10,0,18.6,-15,2.2,10.6,148,696.0000000000001,534,588.2355871445393,0,1003.5,287.60742460330675,13.962726873263897,46,,
2018,9,14,11,0,18.6,6,2.8,10.2,159,697.0000000000001,532,672.5812662813523,0,1002.7,290.5821022603709,14.325540723464972,45,,
2018,9,14,12,0,18.4,26,43.3,10.1,345,650.0,31,687.390526764809,0,1002,291.33890149132344,14.355225105553576,48,,
2018,9,14,13,0,18,43,40.7,10.3,276,538.0,49,619.2840078875715,0,1001.5,289.04727375415683,14.54228943112445,55,,
2018,9,14,14,0,17.7,57,74.9,10.4,110,280.0,0,430.222018117827,0,1001,289.24501600681884,13.89773098252554,63,,
2018,9,14,15,0,17,69,47.5,10.5,106,78.0,4,215.28908901546964,0,1000.8,285.5721046920657,13.588890112399394,73,,
2018,9,14,16,0,16,80,54.3,10.4,28,139.0,2,170.30087973788082,0,1000.9,288.0811596348425,13.178363984591236,84,,
2018,9,14,17,0,15.1,90,36.6,10.3,0,111.0,0,66.2072389996563,0,1001,294.788822510093,12.35333274494852,96,,
2018,9,14,18,0,14.1,100,20.5,10.3,0,0.0,0,0.0,0,1001.3,303.5835758160489,11.002272590591824,107,,
2018,9,14,19,0,13.2,111,42.8,10.5,0,0.0,0,0.0,0,1001.8,301.4371052045402,8.70703243428458,118,,
2018,9,14,20,0,12.4,124,86.1,10.6,0,0.0,0,0.0,0,1002.2,291.2508878269077,7.577771381111031,128,,
2018,9,14,21,0,11.8,141,82.4,10.6,0,0.0,0,0.0,0,1002.2,268.1530184432187,7.17340454712189,136,,
2018,9,14,22,0,11.5,162,85.7,10.5,0,0.0,0,0.0,0,1001.8,248.8165885641502,9.251348558273822,141,,
2018,9,14,23,0,11.2,-174,84.2,10.4,0,0.0,0,0.0,0,1001.3,263.85009194450686,6.583788108107013,143,,
2018,9,15,0,0,11.1,-150,85,10.4,0,0.0,0,0.0,0,1000.9,315.43455100505,2.8452544058200937,139,,
2018,9,15,1,0,11,-132,85.5,10.3,0,0.0,0,0.0,0,1000.4,273.3487159169075,4.906815830331183,132,,
2018,9,15,2,0,10.9,-117,84,10.2,0,0.0,0,0.0,0,999.9,270.6248915585937,9.89438729044045,123,,
2018,9,15,3,0,10.7,-105,84.1,10.1,0,0.0,0,0.0,0,999.8,261.37930446466544,12.206015087099766,112,,
2018,9,15,4,0,10.5,-94,47.6,9.9,0,0.0,0,0.0,0,999.9,258.70240871869134,13.781946804743058,101,,
2018,9,15,5,0,10.3,-85,28,9.7,8,0.0,0,0.0,0,1000,280.07279005583086,15.091005903181692,90,,
2018,9,15,6,0,10.5,-74,37.3,9.6,90,1.0,11,2.0,0,1000,310.07038918504105,14.9466523578387,78,,
2018,9,15,7,0,11,-63,12.1,9.6,132,14.0,164,39.46963430463642,0,999.9,325.8050505351962,17.412723318627304,68,,
2018,9,15,8,0,11.5,-50,17.9,9.6,135,68.0,286,145.7239905778033,0,999.9,307.5689248194183,15.376827984202183,58,,
2018,9,15,9,0,11.9,-34,27.3,9.4,331,138.0,128,271.6500199792173,0,1000,317.12602334276977,18.13001951232382,51,,
2018,9,15,10,0,12,-15,44.1,8.9,324,123.0,72,348.91329627919293,0,1000.3,328.7228659196363,21.41164227948473,46,,
2018,9,15,11,0,12.2,6,17,8.4,318,36.0,283,274.2294948347292,0,1000.5,336.16259445352955,25.639014302164888,45,,
2018,9,15,12,0,12.2,26,24.5,8,250,68.0,268,346.48891136557427,0,1000.8,7.977892015038037,28.436841491788137,48,,
2018,9,15,13,0,12.1,43,29.8,7.8,215,86.0,187,353.37395079117806,0,1001.3,31.397362207087497,24.791759928493164,54,,
2018,9,15,14,0,12,58,34.4,7.6,178,41.0,106,241.2670666428889,0,1001.7,28.98323745218579,20.96051219035236,63,,
2018,9,15,15,0,11.7,70,44.8,7.5,88,42.0,41,185.3944216989822,0,1002.4,31.94141873861082,19.518258282871088,73,,
2018,9,15,16,0,11.1,80,0,7.3,29,39.0,41,113.09488743438963,0,1003.2,27.24255544908073,18.91061780461244,84,,
2018,9,15,17,0,10.6,90,0,7.2,0,13.0,0,29.761775180706017,0,1004.1,29.90298875754638,17.283621699432974,95,,
2018,9,15,18,0,10,100,0,7,0,0.0,0,0.0,0,1004.9,35.0114749500849,16.434181288110498,107,,
2018,9,15,19,0,9.4,111,0,6.6,0,0.0,0,0.0,0,1005.6,32.250331522169404,14.97594528438752,118,,
2018,9,15,20,0,8.8,124,0,6.3,0,0.0,0,0.0,0,1006.3,42.23342469737679,16.54548848856789,128,,
2018,9,15,21,0,8.5,141,0,6.1,0,0.0,0,0.0,0,1006.8,44.6834587973878,15.967633212056317,136,,
2018,9,15,22,0,8.5,162,0,6,0,0.0,0,0.0,0,1007,42.76797841940902,15.155080575168736,141,,
2018,9,15,23,0,8.5,-173,0,5.9,0,0.0,0,0.0,0,1007.1,39.99675144457842,15.42002742409896,142,,
2018,9,16,0,0,8.4,-151,0,5.7,0,0.0,0,0.0,0,1007.3,40.61757292618864,15.285812547117056,139,,
2018,9,16,1,0,8.2,-132,0,5.4,0,0.0,0,0.0,0,1007.3,42.29543380993289,15.318432450864965,132,,
2018,9,16,2,0,8.1,-117,0,5.1,0,0.0,0,0.0,0,1007.4,43.67003444203056,14.689715792530729,122,,
2018,9,16,3,0,8,-105,0,4.9,0,0.0,0,0.0,0,1007.5,41.55671607981634,14.032468483741829,112,,
2018,9,16,4,0,7.8,-95,0,4.6,0,0.0,0,0.0,0,1007.7,36.98662898335027,13.56506721529142,101,,
2018,9,16,5,0,7.7,-85,0.1,4.4,10,0.0,10,0.0,0,1007.9,33.995149459939455,12.767629823175913,89,,
2018,9,16,6,0,8.1,-75,6.6,4.4,62,8.0,100,5.000000000000001,0,1008,32.71400745276168,12.358227578876974,78,,
2018,9,16,7,0,8.9,-64,6.2,4.5,106,90.0,234,77.943250031358,0,1008,32.88369101479873,11.95621923401818,67,,
2018,9,16,8,0,9.8,-50,21.2,4.6,182,199.0,244,210.8288631980971,0,1007.9,30.277048962120944,11.626395869794434,58,,
2018,9,16,9,0,10.3,-34,36.5,4.6,247,343.0,171,374.5916656696646,0,1007.8,29.439795632820847,11.54469052816893,50,,
2018,9,16,10,0,10.4,-15,32.7,4.5,283,329.0,218,465.0925280423204,0,1007.6,25.733679072311816,10.46705735030735,45,,
2018,9,16,11,0,10.6,6,55.5,4.4,302,386.0,37,557.7410725220418,0,1007.4,19.885391964270696,9.869993709351563,45,,
2018,9,16,12,0,10.6,26,73.7,4.4,187,351.0,0,564.9583753892895,0,1007.3,17.59974168396559,8.622600560286255,48,,
2018,9,16,13,0,10.4,44,66.2,4.4,206,335.0,0,536.6673963404147,0,1007.3,11.789740339548132,8.564963898167905,54,,
2018,9,16,14,0,10.3,58,68.1,4.4,139,217.0,0,407.92021951012464,0,1007.2,3.4292538182167505,8.358961551459867,63,,
2018,9,16,15,0,10,70,19.9,4.4,129,189.0,72,305.5002926539965,0,1007.4,357.8812311414017,8.452556048018156,73,,
2018,9,16,16,0,9.4,80,5.9,4.4,30,99.0,41,158.67221241336065,0,1007.8,352.11267298232883,8.653642185855954,84,,
2018,9,16,17,0,8.9,90,0,4.4,0,34.0,0,43.33766641296568,0,1008.2,341.8271833522746,8.960626788019765,95,,
2018,9,16,18,0,8.3,100,0,4.4,0,0.0,0,0.0,0,1008.4,338.1549235674213,9.874588221402796,106,,
2018,9,16,19,0,7.7,112,0,4.2,0,0.0,0,0.0,0,1008.6,338.7372609314888,10.242393802919096,117,,
2018,9,16,20,0,7.1,125,0,4,0,0.0,0,0.0,0,1008.7,337.012035898804,10.36856584218704,127,,
2018,9,16,21,0,7,142,0,4,0,0.0,0,0.0,0,1008.7,333.45650085153005,10.739678032189603,136,,
2018,9,16,22,0,7.5,163,0,4,0,0.0,0,0.0,0,1008.6,335.5971218949673,11.216931814703548,141,,
2018,9,16,23,0,7.9,-173,0,4.1,0,0.0,0,0.0,0,1008.6,335.35359648432683,11.808429695425836,142,,
2018,9,17,0,0,8.2,-151,0,4.1,0,0.0,0,0.0,0,1008.6,332.9545429679521,11.654603808647574,138,,
2018,9,17,1,0,8.4,-132,0,4.1,0,0.0,0,0.0,0,1008.6,330.5428081540048,11.157210375484018,131,,
2018,9,17,2,0,8.6,-117,0,4.1,0,0.0,0,0.0,0,1008.7,329.88585112630454,11.060488148849462,122,,
2018,9,17,3,0,8.8,-105,0,4.2,0,0.0,0,0.0,0,1008.8,330.14774926943886,11.489343103172486,111,,
2018,9,17,4,0,8.9,-95,0,4.4,0,0.0,0,0.0,0,1009.1,327.82319388345627,11.72030098887454,100,,
2018,9,17,5,0,9.1,-85,3.9,4.5,15,0.0,4,0.0,0,1009.4,323.9956739186238,11.468056663011454,89,,
2018,9,17,6,0,9.5,-75,16.3,5,77,3.0,70,4.0,0,1009.6,321.8742260610519,11.765130854611302,78,,
2018,9,17,7,0,10.3,-64,24.8,5.7,175,8.0,94,34.92802141719389,0,1009.9,318.08998373903216,11.59659689783359,67,,
2018,9,17,8,0,11,-51,17.4,6.5,236,12.0,198,86.61422682064652,0,1010.2,314.0251375398964,11.8716519605185,58,,
2018,9,17,9,0,11.5,-35,42.1,6.8,370,18.0,6,148.36832697333494,0,1010.4,313.4106647648234,12.629027784041796,50,,
2018,9,17,10,0,11.6,-15,27.8,6.8,301,12.0,223,179.14260364663343,0,1010.5,312.5404672325868,12.651706617094442,45,,
2018,9,17,11,0,11.7,6,41.2,6.7,390,9.0,45,179.1479843636279,0,1010.6,308.7649168101649,13.426581353638564,44,,
2018,9,17,12,0,11.8,26,52.7,6.8,284,6.0,41,160.335390753972,0,1010.8,310.30437424100177,14.190281223567682,47,,
2018,9,17,13,0,11.8,44,44.3,6.9,258,4.0,70,117.8435767209518,0,1011,305.9852592844411,14.383501509822938,54,,
2018,9,17,14,0,11.8,58,35.4,7,177,2.0,97,73.29781342178394,0,1011.3,307.6526787650406,14.51439166706526,63,,
2018,9,17,15,0,11.6,70,32.8,7.2,126,3.0,40,61.62258286991349,0,1011.7,307.6510238536976,14.412618675388492,73,,
2018,9,17,16,0,11.2,81,25.3,7.4,48,5.0,2,55.97099700022471,0,1012.2,305.67918993176704,14.55895430863274,84,,
2018,9,17,17,0,10.9,91,0,7.6,0,15.0,0,35.287739228799104,0,1012.6,303.2233211422477,13.22467565850878,95,,
2018,9,17,18,0,10.4,101,0,7.6,0,1.0,0,1.0311762996414835,0,1013.3,298.6310644008977,12.299053561425492,106,,
2018,9,17,19,0,9.9,112,0,7.4,0,0.0,0,0.0,0,1014.1,290.0859758309088,12.012609247213012,117,,
2018,9,17,20,0,9.4,125,0,7.3,0,0.0,0,0.0,0,1014.8,280.0218579384249,11.035326598886533,127,,
2018,9,17,21,0,9.2,142,0,7.4,0,0.0,0,0.0,0,1015.4,264.64824642971587,11.865443876952195,135,,
2018,9,17,22,0,9.2,163,0,7.7,0,0.0,0,0.0,0,1015.7,263.54093726190547,12.77419966310796,140,,
2018,9,17,23,0,9.2,-173,0,8,0,0.0,0,0.0,0,1015.9,267.93803429904733,12.634401496314062,141,,
2018,9,18,0,0,9.1,-151,0,8,0,0.0,0,0.0,0,1016.2,262.82086700538866,12.85640583546594,138,,
2018,9,18,1,0,8.9,-132,0,7.9,0,0.0,0,0.0,0,1016.3,260.3823758363139,13.223209796627678,131,,
2018,9,18,2,0,8.7,-117,0,7.7,0,0.0,0,0.0,0,1016.5,272.3996877605187,13.982476660744611,122,,
2018,9,18,3,0,8.6,-106,0,7.6,0,0.0,0,0.0,0,1016.8,277.2580487642175,14.033344656191415,111,,
2018,9,18,4,0,8.5,-95,0,7.4,0,0.0,0,0.0,0,1017.2,275.0362138974947,13.53565401865652,100,,
2018,9,18,5,0,8.4,-85,1.7,7.3,13,0.0,11,0.0,0,1017.7,273.5561869504481,13.469050545669328,89,,
2018,9,18,6,0,9,-75,10,7.3,79,9.0,85,6.000000000000001,0,1018.2,276.24441085654365,13.8377150433586,77,,
2018,9,18,7,0,10.4,-64,3.9,7.3,86,73.0,277,80.87219320596637,0,1018.7,274.1907013334188,13.998364225260303,67,,
2018,9,18,8,0,11.7,-51,6.7,7.4,133,181.0,378,218.5209272078824,0,1019.2,285.79829571533594,14.629518375399009,57,,
2018,9,18,9,0,12.4,-35,1.5,7.2,99,341.0,566,392.3898814410797,0,1019.4,294.3558764122178,14.55006014272379,49,,
2018,9,18,10,0,12.5,-15,22.6,6.7,277,414.0,300,507.5941678713341,0,1019.2,301.996483191391,14.660862945022316,45,,
2018,9,18,11,0,12.5,6,42.1,6.3,311,132.0,131,407.8306042178028,0,1018.9,308.48730279466025,15.057415086109993,44,,
2018,9,18,12,0,12.5,27,76,6.2,149,239.0,18,505.8188847472192,0,1018.8,345.9146404562443,10.015730219033902,47,,
2018,9,18,13,0,12.4,44,70.3,6.4,179,556.0,7,652.7037076540099,0,1018.6,341.3945071161612,10.452779085625426,54,,
2018,9,18,14,0,12.3,59,51.8,6.6,177,504.0,35,563.1112289140614,0,1018.5,345.59400329553074,11.735451380992496,62,,
2018,9,18,15,0,11.9,71,34.4,6.8,159,183.0,12,306.67407779775806,0,1018.5,346.55670344778963,10.676817047086017,73,,
2018,9,18,16,0,11.2,81,31.2,7,55,24.0,3,97.54626674072756,0,1018.6,339.4279359054493,9.19838870246013,84,,
2018,9,18,17,0,10.5,91,43,7.2,0,5.0,0,20.11275460333948,0,1018.8,329.2153183458482,8.600511824547437,95,,
2018,9,18,18,0,9.8,101,28.1,7.2,0,0.0,0,0.0,0,1019,318.6533885133583,7.9272121681307475,106,,
2018,9,18,19,0,9.2,112,0,7.1,0,0.0,0,0.0,0,1019.3,310.97036518792504,7.905441431306891,117,,
2018,9,18,20,0,8.5,126,0,7,0,0.0,0,0.0,0,1019.5,313.87713077089404,8.05179116153693,127,,
2018,9,18,21,0,8.1,142,0,6.8,0,0.0,0,0.0,0,1019.4,322.6959925748112,8.95802079069536,135,,
2018,9,18,22,0,7.8,163,0,6.5,0,0.0,0,0.0,0,1019.1,332.6273441494718,8.350490776075647,140,,
2018,9,18,23,0,7.6,-173,0,6.3,0,0.0,0,0.0,0,1018.7,340.19249418937875,6.771734008060672,141,,
2018,9,19,0,0,7.5,-151,0,6.2,0,0.0,0,0.0,0,1018.3,341.47022014003346,5.970660158651013,138,,
2018,9,19,1,0,7.6,-132,0,6.3,0,0.0,0,0.0,0,1017.9,347.3655261953973,5.71479794737478,130,,
2018,9,19,2,0,7.7,-118,0,6.4,0,0.0,0,0.0,0,1017.5,354.7719818401682,5.240796065111813,121,,
2018,9,19,3,0,7.9,-106,0,6.5,0,0.0,0,0.0,0,1017.3,5.954344693822236,5.036449636184247,111,,
2018,9,19,4,0,8.2,-95,0,6.7,0,0.0,0,0.0,0,1017.3,25.10027934115596,4.378031429731251,100,,
2018,9,19,5,0,8.4,-85,8,6.8,17,0.0,4,0.0,0,1017.3,46.985279267868975,3.822155474760269,88,,
2018,9,19,6,0,9.3,-75,26.9,7.2,98,7.0,35,5.0,0,1017.1,63.83895558071288,5.063378628672993,77,,
2018,9,19,7,0,10.6,-64,41.9,7.9,181,38.0,43,63.82903608545191,0,1016.9,65.21311313934768,4.824062928683289,66,,
2018,9,19,8,0,11.9,-51,13.7,8.5,195,56.0,279,149.48877240751045,0,1016.6,56.56750491479926,5.226639574563151,57,,
2018,9,19,9,0,12.6,-35,10.6,8.7,186,154.0,413,299.270426896538,0,1016.2,58.738418393199936,6.951439029439941,49,,
2018,9,19,10,0,12.6,-15,4.4,8.6,145,350.0,569,467.9952839484199,0,1015.5,58.4142709950284,8.123046852986839,44,,
2018,9,19,11,0,12.6,6,0.4,8.4,115,451.0,640,579.5824631469146,0,1014.9,52.0198457012267,8.807317552504049,43,,
2018,9,19,12,0,12.5,27,0,8.4,113,504.0,592,631.9079001992027,0,1014.3,50.84471890022314,9.113743207450517,47,,
2018,9,19,13,0,12.5,45,0,8.4,109,522.0,489,622.6674125925158,0,1013.8,45.43820807416796,9.480272823112015,53,,
2018,9,19,14,0,12.5,59,7.5,8.5,146,498.0,267,549.2199421081488,0,1013.3,46.74590888880618,9.218937593911331,62,,
2018,9,19,15,0,12.2,71,2.5,8.6,87,485.0,165,442.00140689670286,0,1013.1,48.01661341600664,8.696378209012167,72,,
2018,9,19,16,0,11.6,81,9.5,8.8,43,414.0,26,286.1437156223833,0,1013.2,48.92202314988037,7.52130176656342,83,,
2018,9,19,17,0,11,91,0,9,0,240.0,0,107.22046144582733,0,1013.3,47.79259402122523,6.672094162818815,95,,
2018,9,19,18,0,10.6,101,0,9,0,5.0,0,1.186295703546166,0,1013.3,41.40944114717172,5.899072110224386,106,,
2018,9,19,19,0,10.3,113,0,9,0,0.0,0,0.0,0,1013.4,30.34958648114128,7.015348339785371,117,,
2018,9,19,20,0,10,126,0,9,0,0.0,0,0.0,0,1013.4,26.61306682747432,7.165683246846621,127,,
2018,9,19,21,0,9.9,143,0,9.1,0,0.0,0,0.0,0,1013.2,25.15539157368869,7.309721696059424,135,,
2018,9,19,22,0,10,164,0,9.3,0,0.0,0,0.0,0,1012.7,22.443445021182413,6.501739805554669,140,,
2018,9,19,23,0,10.2,-173,0,9.6,0,0.0,0,0.0,0,1012.2,23.0258220927272,6.825272730384028,141,,
2018,9,20,0,0,10.3,-151,0,9.8,0,0.0,0,0.0,0,1011.7,18.36814516633569,6.091866471118383,137,,
2018,9,20,1,0,10.5,-132,0,9.8,0,0.0,0,0.0,0,1011.2,1.410990805158974,6.890761259466086,130,,
2018,9,20,2,0,10.7,-118,0,9.9,0,0.0,0,0.0,0,1010.7,2.2800758985947027,7.854851575647477,121,,
2018,9,20,3,0,10.8,-106,0,10,0,0.0,0,0.0,0,1010.4,8.030397629498566,8.37287512198876,110,,
2018,9,20,4,0,10.9,-96,0,10,0,0.0,0,0.0,0,1010.3,7.498140039474492,7.835309510249275,99,,
2018,9,20,5,0,11,-86,14.7,10.1,15,0.0,1,0.0,0,1010.2,6.417540578261992,7.668904904679634,88,,
2018,9,20,6,0,11.6,-76,72.9,10.3,47,16.0,0,7.000000000000001,0,1010.2,9.313120291865856,7.614034870832647,77,,
2018,9,20,7,0,12.7,-64,36.2,10.5,168,116.0,73,86.38490493595519,0,1010.2,2.0487494194178453,7.621326847705685,66,,
2018,9,20,8,0,13.9,-51,11.3,10.8,230,309.0,239,242.21413025743016,0,1010.2,358.1714432542478,7.834800177480517,56,,
2018,9,20,9,0,14.4,-35,22.3,10.9,305,590.0,201,453.9055920816032,0,1009.9,1.515924622304908,9.450084771174716,49,,
2018,9,20,10,0,14.2,-15,54.4,10.8,332,606.0,0,584.211521256417,0,1009.4,359.62985122144335,9.67451829179303,44,,
2018,9,20,11,0,14.1,7,66.3,10.7,250,633.0,0,674.8581553510691,0,1008.9,355.08419263439885,9.481653781508175,43,,
2018,9,20,12,0,14.1,27,51.8,10.6,329,513.0,5,650.8844984264593,0,1008.3,352.3442768847807,9.382951860877814,46,,
2018,9,20,13,0,14.1,45,29.9,10.7,363,464.0,51,607.9442448121922,0,1007.8,353.17662627260773,10.710135921698564,53,,
2018,9,20,14,0,14.1,59,27.7,10.7,245,517.0,73,569.7963758998155,0,1007.3,357.558139407864,10.26860155357009,62,,
2018,9,20,15,0,13.7,71,43,10.7,145,430.0,5,428.4582909704704,0,1007,3.1451670569306884,10.252259086916853,72,,
2018,9,20,16,0,12.9,82,44.6,10.7,42,149.0,0,189.32351006465703,0,1007,6.274474622911271,9.355357395218196,83,,
2018,9,20,17,0,12.1,92,38.3,10.6,0,41.0,0,51.40070862797232,0,1006.9,8.105556903515776,8.865421136038986,94,,
2018,9,20,18,0,11.4,102,9,10.4,0,1.0,0,1.0403363023228729,0,1006.9,6.183920504330274,7.957435268057317,106,,
2018,9,20,19,0,10.8,113,0,9.9,0,0.0,0,0.0,0,1007,0.3143463483337427,8.143433106669109,116,,
2018,9,20,20,0,10.2,126,0,9.5,0,0.0,0,0.0,0,1007,2.603793363690727,8.254616110624955,126,,
2018,9,20,21,0,10,143,0,9,0,0.0,0,0.0,0,1006.6,359.7175109971517,8.12094831313511,134,,
2018,9,20,22,0,10.1,164,0,8.6,0,0.0,0,0.0,0,1005.7,3.318086778424004,7.9469159964142655,139,,
2018,9,20,23,0,10.2,-173,0,8.2,0,0.0,0,0.0,0,1004.8,3.867424750143641,6.819484494385837,140,,
2018,9,21,0,0,10.5,-151,0,8.1,0,0.0,0,0.0,0,1004,11.358164185922648,6.256566574897885,137,,
2018,9,21,1,0,10.9,-133,0,8.2,0,0.0,0,0.0,0,1003.1,355.28235701636567,8.359130374502108,130,,
2018,9,21,2,0,11.3,-118,0,8.3,0,0.0,0,0.0,0,1002.3,351.4675431696579,8.997534162430538,120,,
2018,9,21,3,0,11.6,-106,0,8.5,0,0.0,0,0.0,0,1001.8,358.82808986485344,9.167689084702966,110,,
2018,9,21,4,0,11.9,-96,0,8.7,0,0.0,0,0.0,0,1001.5,1.8139199690366468,8.607584748134833,99,,
2018,9,21,5,0,12.3,-86,23.3,9,11,0.0,0,0.0,0,1001.2,3.866722087172548,8.076980070661493,88,,
2018,9,21,6,0,12.6,-76,76.3,9.3,40,10.0,0,7.000000000000001,0,1001.1,1.957049019713964,7.978286482136377,76,,
2018,9,21,7,0,12.8,-65,79.7,9.8,72,22.0,0,55.03994929885713,0,1001.2,352.1784221307676,8.431714599935228,66,,
2018,9,21,8,0,13.1,-51,77.2,10.2,119,52.0,0,145.81573954702014,0,1001.2,349.23169107435416,7.693832274461097,56,,
2018,9,21,9,0,12.8,-35,55.5,10.3,267,123.0,27,280.85069050597605,0,1001.4,345.7343346782134,8.369914674517696,48,,
2018,9,21,10,0,12.2,-15,48.5,10.1,375,236.0,0,430.3983534547278,0,1001.8,342.91142552117367,9.009574420056978,44,,
2018,9,21,11,0,11.5,7,68.4,9.9,236,252.0,0,498.1460800783112,0,1002.2,342.9859306860555,9.04785347293642,43,,
2018,9,21,12,0,11.1,28,57,9.1,306,209.0,0,488.9201231191564,0,1002.7,346.08153125100944,9.966956249280734,46,,
2018,9,21,13,0,10.9,45,33.1,7.7,331,197.0,74,459.4826804248154,0,1003.2,347.8867938256028,9.743802243472548,53,,
2018,9,21,14,0,10.8,60,42,6.4,233,309.0,27,471.5275425138133,0,1003.8,344.9247490134792,9.37184793252779,62,,
2018,9,21,15,0,10.5,72,47.3,5.6,139,393.0,8,416.5012784825613,0,1004.3,346.76283380414185,9.553137802499784,72,,
2018,9,21,16,0,10.2,82,21.9,5.5,43,256.0,16,239.54737506711692,0,1004.9,350.8665459258584,8.80375895643124,83,,
2018,9,21,17,0,9.9,92,0,5.4,1,107.0,0,77.89373873344572,0,1005.4,353.5993749221374,8.409597251589,94,,
2018,9,21,18,0,9.4,102,0,5.4,0,2.0,0,1.086871464299716,0,1005.8,353.0507294673426,8.450753942408298,106,,
2018,9,21,19,0,8.8,113,0,5.5,0,0.0,0,0.0,0,1006.1,349.09934805808734,8.593036205818775,116,,
2018,9,21,20,0,8.2,127,0,5.6,0,0.0,0,0.0,0,1006.4,347.14786494937016,8.911238350857266,126,,
2018,9,21,21,0,7.9,143,0,5.5,0,0.0,0,0.0,0,1006.7,342.72762635844504,8.35990794613113,134,,
2018,9,21,22,0,7.7,164,0,5.2,0,0.0,0,0.0,0,1007.2,344.5241845225503,8.449668762949225,139,,
2018,9,21,23,0,7.6,-173,0,4.9,0,0.0,0,0.0,0,1007.8,342.4634309143571,8.104950427292641,140,,
2018,9,22,0,0,7.4,-151,0,4.5,0,0.0,0,0.0,0,1008.4,341.4556594040527,8.127825000129548,136,,
2018,9,22,1,0,7.2,-133,0,4,0,0.0,0,0.0,0,1009.1,343.3895814171658,8.824032025432357,129,,
2018,9,22,2,0,7,-118,0,3.5,0,0.0,0,0.0,0,1009.9,343.44954096614345,8.93309314160827,120,,
2018,9,22,3,0,6.8,-106,0,3,0,0.0,0,0.0,0,1010.9,342.68402497449017,9.25490124797122,110,,
2018,9,22,4,0,6.5,-96,0,2.6,0,0.0,0,0.0,0,1012.1,343.64452660482493,9.338342987190927,99,,
2018,9,22,5,0,6.3,-86,2,2.2,20,0.0,13,0.0,0,1013.3,342.7728275328021,9.512184701899908,87,,
2018,9,22,6,0,6.7,-76,0.2,1.9,58,9.0,144,7.000000000000001,0,1014.2,345.54103541910445,9.10125492214745,76,,
2018,9,22,7,0,7.6,-65,0,1.6,76,59.0,326,78.48006150954163,0,1014.8,351.023149533472,9.469255997259546,65,,
2018,9,22,8,0,8.6,-52,14.5,1.3,136,224.0,359,231.67371245706772,0,1015.3,351.1115427033215,8.63988912528917,56,,
2018,9,22,9,0,9.1,-35,22.2,1.1,243,260.0,304,355.9108202328815,0,1015.8,355.8561582959413,9.825001097332066,48,,
2018,9,22,10,0,9,-15,18.3,1,189,63.0,450,306.13891034501785,0,1016.1,356.84250794806826,10.212280570372776,43,,
2018,9,22,11,0,9,7,1.2,0.9,111,31.0,673,276.94344665580417,0,1016.4,356.4631117606859,10.131113267242975,42,,
2018,9,22,12,0,8.9,28,1.5,0.7,110,77.0,622,379.4297957062407,0,1016.9,357.6202315653796,9.995436926695351,46,,
2018,9,22,13,0,8.9,46,3.2,0.4,122,105.0,490,395.9261815975552,0,1017.5,352.8298862450819,10.695455490282194,52,,
2018,9,22,14,0,8.8,60,0,0.2,74,21.0,402,204.05185281424951,0,1018,355.48131964079124,11.10629904826877,61,,
2018,9,22,15,0,8.5,72,0,0,60,11.0,226,121.1569072209762,0,1018.8,354.9924963110268,11.19923855128166,72,,
2018,9,22,16,0,8.1,83,0,0,33,22.0,60,101.06202558220978,0,1019.9,42.73561998811516,11.032471556744625,83,,
2018,9,22,17,0,7.6,92,0,0.1,1,21.0,0,42.95635803054408,0,1020.9,63.70509926031775,9.332084499125774,94,,
2018,9,22,18,0,7.2,103,0,0.1,0,1.0,0,2.046556312360378,0,1021.8,58.46200016232302,8.108865391148537,105,,
2018,9,22,19,0,6.7,114,0,0,0,0.0,0,0.0,0,1022.5,55.023468369510624,9.322423579142407,116,,
2018,9,22,20,0,6.3,127,0,0,0,0.0,0,0.0,0,1023.2,54.100768853838986,10.537791478774189,126,,
2018,9,22,21,0,6,144,0,0.1,0,0.0,0,0.0,0,1023.6,51.98929055993796,11.38936692813708,134,,
2018,9,22,22,0,5.8,164,0,0.2,0,0.0,0,0.0,0,1023.8,51.4842812570526,11.098133048718294,139,,
2018,9,22,23,0,5.6,-173,0,0.3,0,0.0,0,0.0,0,1024,52.60181915438079,10.930542744024883,139,,
2018,9,23,0,0,5.4,-151,0,0.3,0,0.0,0,0.0,0,1024.1,51.95918816178869,10.838542537087305,136,,
2018,9,23,1,0,5.2,-133,0,0.2,0,0.0,0,0.0,0,1024.1,50.211714633193424,11.19009872174798,129,,
2018,9,23,2,0,5,-119,0,0.1,0,0.0,0,0.0,0,1024.2,53.10312556899191,11.51132940094102,120,,
2018,9,23,3,0,5,-107,0,0.1,0,0.0,0,0.0,0,1024.4,52.05827665769709,11.305298386039416,109,,
2018,9,23,4,0,5.1,-96,0,0.2,0,0.0,0,0.0,0,1024.9,52.56669423795103,11.435904451508296,98,,
2018,9,23,5,0,5.2,-86,3,0.3,21,0.0,16,0.0,0,1025.4,52.30863757415875,11.712531901838242,87,,
2018,9,23,6,0,6,-76,0.5,0.6,54,46.0,157,11.000000000000004,0,1025.7,54.92812233583692,11.810111639482756,76,,
2018,9,23,7,0,7.6,-65,0,1,68,168.0,339,111.07845798845554,0,1026.1,55.38260232482145,12.856955767681914,65,,
2018,9,23,8,0,9.1,-52,0,1.4,77,235.0,500,245.58523044281415,0,1026.4,58.644151675762885,12.071630947856436,55,,
2018,9,23,9,0,10.1,-35,4.7,1.6,148,444.0,522,437.80773256572377,0,1026.3,64.19863846866821,13.18043317194764,48,,
2018,9,23,10,0,10.4,-15,16,1.4,251,545.0,398,556.377869739349,0,1025.9,62.36616800498223,12.09914537329847,43,,
2018,9,23,11,0,10.8,7,11.7,1.3,270,611.0,420,658.46807982514,0,1025.5,63.76520135583104,12.786088400757585,42,,
2018,9,23,12,0,11,28,7.6,1.4,210,651.0,465,708.5144249402474,0,1025.2,72.75691250510926,13.298880565919202,45,,
2018,9,23,13,0,11,46,1.5,1.9,119,635.0,491,683.9264321732272,0,1024.9,68.88951529112421,12.854125762680647,52,,
2018,9,23,14,0,11,61,2,2.3,102,693.0000000000001,355,647.4641792974755,0,1024.6,75.35109512352176,12.86951257605568,61,,
2018,9,23,15,0,10.8,72,3.3,2.7,84,683.0,186,533.826688687207,0,1024.6,79.70840002909699,12.845337409981472,72,,
2018,9,23,16,0,10.4,83,4.5,3,45,589.0,42,355.68335376615187,0,1024.8,85.79913145408364,12.798055554757765,83,,
2018,9,23,17,0,9.9,93,0,3.4,1,376.0,0,147.00734162743888,0,1025,88.8021006445017,11.958424053058476,94,,
2018,9,23,18,0,9.6,103,0,3.8,0,17.0,0,3.8448481575369255,0,1025.2,92.53717390620368,11.80234119266021,105,,
2018,9,23,19,0,9.2,114,0,4.3,0,0.0,0,0.0,0,1025.3,92.73469590211909,10.950459034760858,116,,
2018,9,23,20,0,8.9,128,0,4.8,0,0.0,0,0.0,0,1025.4,96.63383489144752,10.279271836986922,126,,
2018,9,23,21,0,8.5,144,0,5,0,0.0,0,0.0,0,1025.3,105.62657172842091,9.281036284583868,133,,
2018,9,23,22,0,8.1,165,0,5,0,0.0,0,0.0,0,1025,122.33294007499217,7.170319631626608,138,,
2018,9,23,23,0,7.7,-173,0,5,0,0.0,0,0.0,0,1024.7,130.67225384203851,5.986909200274163,139,,
2018,9,24,0,0,7.4,-151,0,5,0,0.0,0,0.0,0,1024.4,138.6443678841881,6.203181038322327,136,,
2018,9,24,1,0,7.1,-133,0,5,0,0.0,0,0.0,0,1024.3,142.6517566752666,6.35163737179028,129,,
2018,9,24,2,0,6.8,-119,0,5,0,0.0,0,0.0,0,1024.2,141.29528454912224,6.761914180441479,119,,
2018,9,24,3,0,6.6,-107,0,5,0,0.0,0,0.0,0,1024.2,136.17878332727855,6.738448064093731,109,,
2018,9,24,4,0,6.5,-97,0,4.9,0,0.0,0,0.0,0,1024.5,125.01646729406345,5.718763346213521,98,,
2018,9,24,5,0,6.4,-87,0.3,4.9,19,0.0,22,0.0,0,1024.7,131.73835642351526,5.77410348501812,87,,
2018,9,24,6,0,7.4,-76,0,5.1,57,114.0,158,11.000000000000009,0,1024.9,133.0681130600707,5.812247983534825,75,,
2018,9,24,7,0,9.5,-65,0,5.5,77,443.0,334,139.58374433512174,0,1025.1,138.9440019335472,5.458997024221215,65,,
2018,9,24,8,0,11.6,-52,0,5.9,89,638.0,493,330.85062961032986,0,1025.3,143.70474934776655,4.50340032589569,55,,
2018,9,24,9,0,12.7,-35,0,5.8,100,727.0,611,509.4183905167766,0,1025.2,134.4476158898962,3.276908591005693,47,,
2018,9,24,10,0,12.9,-15,6.5,5.3,196,770.0,535,649.2390490703236,0,1024.7,112.08390290534412,3.2182898423973385,42,,
2018,9,24,11,0,13.2,7,3,4.8,152,813.0,615,753.3605914234955,0,1024.3,93.0836122968172,3.903112265182012,42,,
2018,9,24,12,0,13.3,29,0,4.6,105,824.0000000000001,635,795.0682113418171,0,1023.9,79.60963399688052,4.257312213308945,45,,
2018,9,24,13,0,13.3,47,0.1,4.8,100,798.0,530,767.4157464900469,0,1023.7,62.4767130244062,5.497150512045219,52,,
2018,9,24,14,0,13.3,61,31.3,5,231,784.0,101,693.8108727179485,0,1023.5,61.53173738485759,6.068791384217012,61,,
2018,9,24,15,0,12.8,73,33.3,5.4,176,726.0,12,554.7388129894678,0,1023.5,72.85300272723941,6.783703131773015,71,,
2018,9,24,16,0,12,83,1,5.9,39,603.0,54,363.60998364325,0,1023.7,82.73987769950111,7.101613937376296,82,,
2018,9,24,17,0,11.1,93,0,6.5,1,335.0,0,140.31926250715952,0,1024,86.22443819986142,6.644058636828886,94,,
2018,9,24,18,0,10.4,103,0,6.7,0,16.0,0,3.845705208968373,0,1024.2,94.32981506832284,6.089155905821825,105,,
2018,9,24,19,0,9.6,115,0,6.6,0,0.0,0,0.0,0,1024.4,86.49296240821832,7.152065602951081,116,,
2018,9,24,20,0,8.9,128,0,6.6,0,0.0,0,0.0,0,1024.5,87.22008624234036,6.9014321433865,125,,
2018,9,24,21,0,8.5,145,0,6.6,0,0.0,0,0.0,0,1024.6,83.91763108153475,7.075966280573015,133,,
2018,9,24,22,0,8.4,165,0,6.9,0,0.0,0,0.0,0,1024.5,87.24261995215613,7.795158059583472,138,,
2018,9,24,23,0,8.4,-173,0,7.1,0,0.0,0,0.0,0,1024.4,99.01571333936278,7.291252371507896,139,,
2018,9,25,0,0,8.3,-151,0,7.2,0,0.0,0,0.0,0,1024.4,102.77764254462312,6.963210298922942,135,,
2018,9,25,1,0,8.3,-133,0,7,0,0.0,0,0.0,0,1024.4,124.75957845430683,5.630185703887302,128,,
2018,9,25,2,0,8.2,-119,0,6.9,0,0.0,0,0.0,0,1024.5,124.5470753923194,5.849044263032434,119,,
2018,9,25,3,0,8.2,-107,0,6.8,0,0.0,0,0.0,0,1024.7,121.21800256751942,5.434917362781599,109,,
2018,9,25,4,0,8.2,-97,0,6.8,0,0.0,0,0.0,0,1025.2,131.25565961361224,5.321392722685696,98,,
2018,9,25,5,0,8.3,-87,0.4,6.7,22,0.0,21,0.0,0,1025.6,138.6416725943393,4.419364041042537,86,,
2018,9,25,6,0,9.2,-77,0,6.9,66,77.0,150,12.000000000000004,0,1025.9,139.62763834639236,3.949955962937576,75,,
2018,9,25,7,0,11.2,-65,0,7.4,91,316.0,319,128.66969595919562,0,1026,143.57598449106035,3.40703676044427,64,,
2018,9,25,8,0,13.1,-52,0,7.9,105,581.0,476,321.6519494722321,0,1026.2,146.1528146424966,3.703883644651361,55,,
2018,9,25,9,0,14.1,-35,0,8.1,100,687.0,613,499.9510362816615,0,1026.1,135.15337917425404,3.482375268201729,47,,
2018,9,25,10,0,14.2,-15,0,8,104,773.0,681,655.0485706200377,0,1025.6,115.23873305092354,3.622680094370833,42,,
2018,9,25,11,0,14.4,8,0,7.9,105,793.0,691,748.8094631541461,0,1025.1,99.89572217415872,5.247752963298379,41,,
2018,9,25,12,0,14.4,29,0,7.9,93,770.0,653,773.7633372665609,0,1024.8,87.10080041344247,6.530819969987001,45,,
2018,9,25,13,0,14.4,47,0,8,86,728.0,552,737.5933649205303,0,1024.6,83.68640492471445,7.550432878994052,52,,
2018,9,25,14,0,14.3,61,0,8.1,77,743.0,403,677.9633944030752,0,1024.3,84.42378865935052,8.545075424122622,61,,
2018,9,25,15,0,13.7,73,0,8.4,62,708.0,230,551.1340051976822,0,1024.3,86.07943307569849,9.401640393043984,71,,
2018,9,25,16,0,12.6,84,0,8.7,34,576.0000000000001,66,357.30870740076,0,1024.5,90.26350976939445,9.714458207907526,82,,
2018,9,25,17,0,11.5,93,0,9,1,379.0,1,153.27389472536754,0,1024.6,94.91999963304016,9.73263802806046,94,,
2018,9,25,18,0,10.8,104,0,9.1,0,30.0,0,5.681023489194069,0,1024.7,102.650629522278,9.540195169771664,105,,
2018,9,25,19,0,10.5,115,0,8.9,0,0.0,0,0.0,0,1024.7,99.44514721468124,10.309936172947308,115,,
2018,9,25,20,0,10.1,128,0,8.6,0,0.0,0,0.0,0,1024.7,97.24219046089326,9.950477247917256,125,,
2018,9,25,21,0,9.6,145,0,8.3,0,0.0,0,0.0,0,1024.5,107.17234563609895,8.33187611395677,133,,
2018,9,25,22,0,8.8,165,0,7.8,0,0.0,0,0.0,0,1024.2,117.48603628230558,7.186698835751519,138,,
2018,9,25,23,0,8.1,-173,0,7.4,0,0.0,0,0.0,0,1023.8,112.2414747033115,6.782205444039407,138,,
2018,9,26,0,0,7.7,-151,0,7.2,0,0.0,0,0.0,0,1023.5,116.0664607474452,6.461694993584351,135,,
2018,9,26,1,0,7.7,-134,0,7.1,0,0.0,0,0.0,0,1023.4,97.31821753036952,5.397237426260078,128,,
2018,9,26,2,0,7.7,-119,0,7.1,0,0.0,0,0.0,0,1023.2,110.77951265457403,5.033207654673412,119,,
2018,9,26,3,0,7.8,-107,0,7.2,0,0.0,0,0.0,0,1023.2,139.79926552086113,4.219628256756446,108,,
2018,9,26,4,0,8.1,-97,0,7.5,0,0.0,0,0.0,0,1023.4,179.28823388600358,3.223149089697319,97,,
2018,9,26,5,0,8.4,-87,21.1,7.7,26,0.0,3,0.0,0,1023.5,207.58464362010628,3.963752363355227,86,,
2018,9,26,6,0,9.3,-77,36.8,8.1,133,114.0,1,13.000000000000009,0,1023.6,208.9912882742636,4.828142610536328,75,,
2018,9,26,7,0,10.8,-66,55.8,8.6,177,289.0,0,127.93511650109552,0,1023.5,215.0128929079308,6.039255714039864,64,,
2018,9,26,8,0,12.3,-52,51.9,9,280,560.0,0,320.4466573592361,0,1023.4,211.38495541015988,6.971421631999716,54,,
2018,9,26,9,0,13.2,-36,76.1,9,169,725.0,0,517.0699202575079,0,1023.1,214.03176578000472,6.653473615314976,46,,
2018,9,26,10,0,13.3,-15,74.7,8.6,200,827.0000000000001,0,679.5815624240234,0,1022.3,226.2846424822132,8.023604512914002,42,,
2018,9,26,11,0,13.5,8,78,8.1,176,863.0,0,783.4758052038521,0,1021.6,238.22955770826565,8.318128978067053,41,,
2018,9,26,12,0,13.6,29,75.9,7.9,182,872.0,0,826.1138852884853,0,1021,251.2783506013486,8.192764151484685,44,,
2018,9,26,13,0,13.6,47,83.6,7.9,106,867.0,0,807.8035775969148,0,1020.4,260.4892117829094,7.971387049098187,51,,
2018,9,26,14,0,13.6,62,77.1,7.9,108,844.0,0,729.0255951825372,0,1019.8,261.4931974186005,7.908787391806934,61,,
2018,9,26,15,0,13.2,73,14.7,8.1,106,794.0,137,590.1270764916283,0,1019.5,258.7915792169043,8.269544757296812,71,,
2018,9,26,16,0,12.3,84,0,8.3,36,689.0,67,398.4368055082172,0,1019.4,250.13852753449183,8.292585984900658,82,,
2018,9,26,17,0,11.4,94,0,8.6,2,423.0,1,165.52348251376068,0,1019.3,242.1677290781556,8.491601514909508,93,,
2018,9,26,18,0,10.3,104,0,8.4,0,24.0,0,5.421484733326334,0,1019.3,235.4987958936461,8.662235328764941,105,,
2018,9,26,19,0,9.2,115,0,7.7,0,0.0,0,0.0,0,1019.2,229.04033845674795,9.27620938403099,115,,
2018,9,26,20,0,8,129,0,7.1,0,0.0,0,0.0,0,1019.1,225.44547139937583,10.169455819232269,125,,
2018,9,26,21,0,7.7,145,0,6.9,0,0.0,0,0.0,0,1018.9,224.6395524333572,11.031498400995602,132,,
2018,9,26,22,0,8.1,165,0,7.1,0,0.0,0,0.0,0,1018.4,228.6392774134068,12.135401609790724,137,,
2018,9,26,23,0,8.5,-172,0,7.3,0,0.0,0,0.0,0,1018,230.1197342703641,12.276609102043928,138,,
2018,9,27,0,0,8.7,-151,0,7.4,0,0.0,0,0.0,0,1017.5,228.2673800066484,13.072687825888798,134,,
2018,9,27,1,0,8.7,-134,0,7.3,0,0.0,0,0.0,0,1017,224.31850438559897,13.759517310604569,127,,
2018,9,27,2,0,8.6,-119,0,7.2,0,0.0,0,0.0,0,1016.5,224.61838486118307,13.71137392267848,118,,
2018,9,27,3,0,8.7,-108,2.3,7.1,0,0.0,0,0.0,0,1016.3,222.69218039877683,14.104547787996294,108,,
2018,9,27,4,0,8.9,-97,0,7.2,0,0.0,0,0.0,0,1016.3,223.73060763253187,14.377510840438898,97,,
2018,9,27,5,0,9,-87,18.6,7.3,28,0.0,5,0.0,0,1016.2,225.5059880649272,13.95761679001092,86,,
2018,9,27,6,0,9.7,-77,68.3,7.5,72,155.0,0,14.000000000000009,0,1016.1,221.8490979424868,14.6421206147015,74,,
2018,9,27,7,0,10.8,-66,61.7,7.9,167,425.0,0,147.83176068361087,0,1016,219.8683536152901,14.2921253027417,64,,
2018,9,27,8,0,12,-53,51.2,8.2,280,635.0,17,341.19537162668405,0,1015.9,221.5216165474077,13.523990306871788,54,,
2018,9,27,9,0,12.6,-36,25.6,8.3,370,744.0,172,525.7138774827424,0,1015.5,228.97176278375247,13.084934817943672,46,,
2018,9,27,10,0,12.7,-15,22.6,8.1,408,742.0,207,670.7524262000386,0,1014.9,242.1292236790593,12.43371388541814,41,,
2018,9,27,11,0,12.9,8,30,7.8,450,773.0,114,768.6831966391273,0,1014.3,262.2710346123904,11.15529718791414,40,,
2018,9,27,12,0,12.9,30,36.9,7.8,412,782.0,64,809.8209732638195,0,1013.7,289.12853377660605,10.504302678796927,44,,
2018,9,27,13,0,12.9,48,65.3,8,224,770.0,0,786.283529855029,0,1013.1,305.4780820472033,9.522633685267488,51,,
2018,9,27,14,0,12.8,62,74.5,8.2,123,730.0,0,698.7701716982286,0,1012.6,334.0270659602895,9.27624686412401,60,,
2018,9,27,15,0,12.4,74,72.6,8.4,81,593.0,0,524.8148185134646,0,1012.2,348.69570456742696,9.246521505139713,71,,
2018,9,27,16,0,11.6,84,51,8.6,43,162.0,1,212.5551230685605,0,1012.1,345.97110988516295,8.766099699361842,82,,
2018,9,27,17,0,10.9,94,0.1,8.8,2,49.0,0,65.38837486480266,0,1012,349.99595064175924,9.483548287020998,93,,
2018,9,27,18,0,10.3,104,0,8.8,0,3.0,0,3.187316383130827,0,1011.9,348.1855734790101,8.657024362680287,104,,
2018,9,27,19,0,9.8,116,7.7,8.5,0,0.0,0,0.0,0,1011.8,341.2402855862433,8.68991802375547,115,,
2018,9,27,20,0,9.3,129,0,8.2,0,0.0,0,0.0,0,1011.7,341.18624003229905,9.178371812400236,125,,
2018,9,27,21,0,9.1,146,18.9,8.2,0,0.0,0,0.0,0,1011.5,345.6813117997259,9.44124025160252,132,,
2018,9,27,22,0,9.2,166,4.3,8.3,0,0.0,0,0.0,0,1011,344.0366399742798,9.626340131849137,137,,
2018,9,27,23,0,9.2,-172,0,8.5,0,0.0,0,0.0,0,1010.5,343.45832327015086,9.957268590481696,138,,
2018,9,28,0,0,9.3,-151,33.9,8.5,0,0.0,0,0.0,0,1010,349.90005465753086,10.820017808557546,134,,
2018,9,28,1,0,9.3,-134,41.3,8.6,0,0.0,0,0.0,0,1009.5,349.1300035199425,11.056037871577637,127,,
2018,9,28,2,0,9.3,-120,40.3,8.6,0,0.0,0,0.0,0,1009,352.45417932608933,10.299642477497017,118,,
2018,9,28,3,0,9.4,-108,39.8,8.7,0,0.0,0,0.0,0,1008.6,2.243001899444778,9.700058905678263,108,,
2018,9,28,4,0,9.5,-97,42.2,8.7,0,0.0,0,0.0,0,1008.3,5.5380959436022295,10.59461904297676,97,,
2018,9,28,5,0,9.6,-88,41.2,8.8,23,0.0,0,0.0,0,1008,13.255042272357798,11.196226959788278,85,,
2018,9,28,6,0,10.2,-77,55.2,9,84,3.0,0,5.0,0,1007.8,21.47963465820476,10.655843478080874,74,,
2018,9,28,7,0,11.3,-66,66.7,9.3,132,8.0,0,43.4148374650008,0,1007.6,23.517756218625493,10.404785717650832,63,,
2018,9,28,8,0,12.4,-53,55.5,9.6,250,19.0,0,112.87041296282992,0,1007.3,25.08671721231002,10.529401633948494,54,,
2018,9,28,9,0,13,-36,56.4,9.8,300,39.0,0,211.4215990797993,0,1006.9,29.72923648314037,10.09199449904194,46,,
2018,9,28,10,0,13,-15,57,9.9,331,81.0,0,339.7731747669208,0,1006.3,28.17601310771147,9.227755182815471,41,,
2018,9,28,11,0,13,8,63.3,10,289,177.0,0,479.3565395834448,0,1005.7,24.01776732991459,8.401745539482736,40,,
2018,9,28,12,0,13,30,67.6,10.3,240,190.0,0,506.8120860668493,0,1005.3,19.528010441238564,7.92018287313303,44,,
2018,9,28,13,0,12.8,48,85.4,10.6,92,230.0,0,514.2731179343357,0,1004.9,10.555159664362291,7.847385130281864,51,,
2018,9,28,14,0,12.7,62,53.3,10.9,215,168.0,0,410.3498041132105,0,1004.5,4.771231056872523,8.265458291000515,60,,
2018,9,28,15,0,12.2,74,66.3,10.7,96,147.0,0,311.5122243666499,0,1004.4,6.806275383072659,8.965282131937316,71,,
2018,9,28,16,0,11.3,85,58.2,10.1,38,77.0,0,168.32594492340272,0,1004.5,0.5612969395369873,6.379944814313288,82,,
2018,9,28,17,0,10.5,95,37.8,9.5,2,24.0,0,51.14835266801387,0,1004.7,6.555938479989891,6.021553511815037,93,,
2018,9,28,18,0,10,105,42,9,0,2.0,0,3.1313278414070256,0,1004.8,18.236715673392155,5.734827948827209,104,,
2018,9,28,19,0,9.7,116,37.2,8.6,0,0.0,0,0.0,0,1005,23.245147015770613,7.929840450972811,115,,
2018,9,28,20,0,9.4,129,1.5,8.1,0,0.0,0,0.0,0,1005.2,33.278696583966166,6.04531809751597,124,,
2018,9,28,21,0,9.2,146,9.6,7.8,0,0.0,0,0.0,0,1005.1,48.64839233194232,6.250606440686408,132,,
2018,9,28,22,0,9.1,166,17.8,7.6,0,0.0,0,0.0,0,1004.7,52.12991374962513,6.7637746848814055,136,,
2018,9,28,23,0,9,-172,0,7.3,0,0.0,0,0.0,0,1004.2,58.4807981767014,7.908189788151389,137,,
2018,9,29,0,0,8.9,-152,0,7.1,0,0.0,0,0.0,0,1003.8,66.89988268831837,8.785201941439624,134,,
2018,9,29,1,0,8.7,-134,0,6.8,0,0.0,0,0.0,0,1003.4,54.81964101242136,8.810470888541204,127,,
2018,9,29,2,0,8.5,-120,0,6.6,0,0.0,0,0.0,0,1003,46.49634972038888,9.55282445165906,118,,
2018,9,29,3,0,8.4,-108,0,6.5,0,0.0,0,0.0,0,1002.9,43.22303480339235,9.570051293993002,107,,
2018,9,29,4,0,8.3,-98,0,6.5,0,0.0,0,0.0,0,1003,38.25687990889941,9.705089539144817,96,,
2018,9,29,5,0,8.3,-88,12.2,6.6,38,0.0,6,0.0,0,1003.1,34.37131269893189,9.687285888520734,85,,
2018,9,29,6,0,8.9,-78,38.6,7.1,124,33.0,13,17.000000000000004,0,1003.3,28.6081415238732,9.631696764828051,74,,
2018,9,29,7,0,10,-66,31.2,8,213,95.0,92,108.32044281946932,0,1003.5,22.50896780102965,8.72286038943561,63,,
2018,9,29,8,0,11.2,-53,12.8,9,203,187.0,323,245.62112054936807,0,1003.6,19.56186568227037,8.973772091666316,53,,
2018,9,29,9,0,12,-36,51.9,8.8,273,184.0,76,349.2977533299894,0,1003.7,14.94671669307695,9.953211000990194,45,,
2018,9,29,10,0,12.4,-15,46.7,7.7,232,227.0,204,467.0105443654516,0,1003.7,14.16892112417156,10.304949478740944,40,,
2018,9,29,11,0,12.7,8,33.9,6.5,319,175.0,224,487.6944327760721,0,1003.8,11.133814297339429,10.264975763864609,40,,
2018,9,29,12,0,12.9,30,23.9,5.9,249,141.0,333,474.5621478950193,0,1004,9.76317586466996,11.320447169332803,43,,
2018,9,29,13,0,12.9,48,0.5,5.9,88,152.0,567,462.7885428086779,0,1004.3,11.819394070935232,12.31505753972221,51,,
2018,9,29,14,0,12.9,63,0,5.8,73,106.0,427,362.8141478507116,0,1004.7,15.533210307600086,11.602740629339795,60,,
2018,9,29,15,0,12.6,75,0,6,60,112.0,249,290.5543339798977,0,1005.3,18.66020313747692,12.195013491027582,70,,
2018,9,29,16,0,12.1,85,0,6.4,36,127.0,76,205.40287642606165,0,1006.1,20.653765031331773,11.593776867364976,82,,
2018,9,29,17,0,11.6,95,0,6.8,2,85.0,1,88.0604991118703,0,1006.8,22.823356874773083,11.99267629813906,93,,
2018,9,29,18,0,11,105,0,7.1,0,8.0,0,5.551223734564543,0,1007.6,22.665657378652327,10.83244787075988,104,,
2018,9,29,19,0,10.5,116,0,7.1,0,0.0,0,0.0,0,1008.5,16.55808181702008,10.041913054570964,115,,
2018,9,29,20,0,9.9,130,0,7.2,0,0.0,0,0.0,0,1009.3,15.595924070327952,9.86365120071203,124,,
2018,9,29,21,0,9.6,146,0,7.2,0,0.0,0,0.0,0,1009.9,12.389638076483948,9.34307832440721,132,,
2018,9,29,22,0,9.5,166,0,7.3,0,0.0,0,0.0,0,1010.2,11.80706342159857,9.49159298514575,136,,
2018,9,29,23,0,9.5,-172,0,7.4,0,0.0,0,0.0,0,1010.5,10.173803669230836,9.09887700880654,137,,
2018,9,30,0,0,9.3,-152,0,7.3,0,0.0,0,0.0,0,1010.8,10.384772484237374,9.486200075343636,133,,
2018,9,30,1,0,9.1,-134,0,6.9,0,0.0,0,0.0,0,1011.1,12.313646496319166,9.399838848076907,126,,
2018,9,30,2,0,8.8,-120,0,6.6,0,0.0,0,0.0,0,1011.5,10.130245035376165,9.265291133996094,117,,
2018,9,30,3,0,8.6,-108,0,6.2,0,0.0,0,0.0,0,1011.9,8.205558065959394,9.071138257298676,107,,
2018,9,30,4,0,8.4,-98,0,5.8,0,0.0,0,0.0,0,1012.5,7.154693165176127,8.711139847667553,96,,
2018,9,30,5,0,8.2,-88,2.2,5.4,29,0.0,37,0.0,0,1013,5.0227019989008,8.362923448330628,85,,
2018,9,30,6,0,8.8,-78,25.6,5.1,153,3.0,41,7.00039924545736,0,1013.5,1.988192830341348,7.853360553795746,73,,
2018,9,30,7,0,10.1,-67,21.3,4.9,230,8.0,131,48.50210913157964,0,1013.8,5.675775516939609,8.035242602264958,63,,
2018,9,30,8,0,11.4,-53,52.5,4.6,295,40.0,5,158.89130069213715,0,1014.2,7.105342750866043,7.760771433937279,53,,
2018,9,30,9,0,12,-36,37.8,4.5,423,68.0,54,268.30620957914795,0,1014.2,3.536930828916695,8.104793143553728,45,,
2018,9,30,10,0,12,-15,9.4,4.4,217,85.0,539,358.2109420587093,0,1014.1,357.53370840729,7.784065763563259,40,,
2018,9,30,11,0,12,9,2.1,4.3,123,94.0,701,415.0959027032019,0,1013.9,356.6072054425441,7.392595834849422,39,,
2018,9,30,12,0,11.9,31,0,4.3,84,121.0,703,460.54166149394285,0,1013.7,356.8380719370284,7.931752748690237,43,,
2018,9,30,13,0,11.8,49,0,4.3,78,62.0,597,359.47877004628765,0,1013.5,0.0,8.152099609375,50,,
2018,9,30,14,0,11.7,63,0,4.4,69,30.0,446,246.00390303457544,0,1013.2,11.39932563101081,7.273111702806132,60,,
2018,9,30,15,0,11.3,75,0,4.4,56,12.0,264,137.066489750378,0,1013.3,10.900330728605184,7.601753322640863,70,,
2018,9,30,16,0,10.4,85,0,4.5,34,8.0,86,76.51734456245994,0,1013.5,17.85460469659057,7.950031064680574,81,,
2018,9,30,17,0,9.6,95,0,4.5,2,6.0,2,29.577312504537133,0,1013.8,20.73863340123478,6.707040421263568,93,,
2018,9,30,18,0,8.7,105,0,4.3,0,1.0,0,3.0721550269821427,0,1014,19.41864946292173,5.841578508515438,104,,
2018,9,30,19,0,7.7,117,8.2,3.8,0,0.0,0,0.0,0,1014.3,21.82396529293868,6.449014624652556,114,,
2018,9,30,20,0,6.7,130,43,3.4,0,0.0,0,0.0,0,1014.5,21.86078813708525,5.599424691110166,124,,
2018,9,30,21,0,6.4,147,42.9,3.4,0,0.0,0,0.0,0,1014.5,10.075702596480369,5.0014514962021694,131,,
2018,9,30,22,0,6.7,166,42.8,3.9,0,0.0,0,0.0,0,1014.2,350.0541604709575,4.342358929028758,136,,
2018,9,30,23,0,7,-172,43,4.5,0,0.0,0,0.0,0,1013.9,342.2466009667836,4.640677410048129,136,,
2018,10,1,0,0,7.3,-152,43,4.8,0,0.0,0,0.0,0,1013.7,335.7904049361006,4.322276608831944,133,,
2018,10,1,1,0,7.5,-134,51.3,4.9,0,0.0,0,0.0,0,1013.6,326.39392265387414,5.912519992044534,126,,
2018,10,1,2,0,7.7,-120,59.8,5.1,0,0.0,0,0.0,0,1013.4,323.7250644269081,6.451568531265451,117,,
2018,10,1,3,0,8.1,-109,59.7,5.3,0,0.0,0,0.0,0,1013.3,318.4115247503837,6.315594476496773,107,,
2018,10,1,4,0,8.6,-98,53.8,5.6,0,0.0,0,0.0,0,1013.3,320.01288729823125,6.106789654104245,96,,
2018,10,1,5,0,9.1,-88,43.8,6,38,0.0,0,0.0,0,1013.3,317.8501264717144,6.034099261613292,84,,
2018,10,1,6,0,9.9,-78,34.8,6.5,141,13.0,20,15.061912757057446,0,1013.2,318.8196690746396,6.115834014548789,73,,
2018,10,1,7,0,11,-67,50.8,7.2,187,182.0,17,138.1590720098661,0,1013.2,316.4476377250011,5.630684766863996,62,,
2018,10,1,8,0,12.2,-53,83.3,7.9,100,400.0,0,323.02900394066285,0,1013.1,324.40700647470595,4.732864749603661,52,,
2018,10,1,9,0,12.7,-36,89.5,8.5,76,494.0,0,491.2644667549875,0,1012.9,308.16122342565603,5.7005200119564,44,,
2018,10,1,10,0,12.8,-15,88.4,9.1,92,600.0000000000001,0,630.6793185241636,0,1012.7,307.4291727668998,6.037836471011699,40,,
2018,10,1,11,0,12.8,9,86.6,9.7,108,676.0,0,742.1664364079331,0,1012.5,323.0936855500473,5.761719913805828,39,,
2018,10,1,12,0,12.8,31,81.6,10.1,140,599.0,0,737.5699570112674,0,1012.5,332.0222158949676,6.394827209595923,43,,
2018,10,1,13,0,12.8,49,86.2,10.3,90,451.0,0,643.1653030905153,0,1012.8,328.68782243001783,6.417079870948265,50,,
2018,10,1,14,0,12.9,64,83.9,10.5,79,236.0,0,457.1129339612425,0,1013,340.28198962349626,6.113082078120599,59,,
2018,10,1,15,0,12.8,75,68.7,10.6,96,441.0,0,470.2563840214072,0,1013.5,0.6360690829766327,5.62998559730578,70,,
2018,10,1,16,0,12.6,86,58.1,10.7,44,484.0,0,355.4502214272276,0,1014.3,23.776828184480053,5.171351749192796,81,,
2018,10,1,17,0,12.4,96,42.8,10.8,2,128.0,0,104.07761654001384,0,1015.1,43.78318160851751,4.910113229009276,92,,
2018,10,1,18,0,12.2,106,43,10.6,0,5.0,0,4.377096236593631,0,1015.9,53.89122105056998,4.105879845621249,104,,
2018,10,1,19,0,11.9,117,14.4,10.2,0,0.0,0,0.0,0,1016.7,77.4256204418756,4.061780484378444,114,,
2018,10,1,20,0,11.7,130,0,9.8,0,0.0,0,0.0,0,1017.5,62.88290191986175,3.104981284599599,123,,
2018,10,1,21,0,11.5,147,0,9.7,0,0.0,0,0.0,0,1017.9,91.2603183282488,3.862750874245263,131,,
2018,10,1,22,0,11.5,166,0,9.9,0,0.0,0,0.0,0,1018,65.10250973899838,3.361749111768036,135,,
2018,10,1,23,0,11.5,-172,0,10.2,0,0.0,0,0.0,0,1018.2,87.59766369167102,5.009041009145627,136,,
2018,10,2,0,0,11.4,-152,0,10.2,0,0.0,0,0.0,0,1018.2,105.40132521706306,5.177378564190555,132,,
2018,10,2,1,0,11.3,-135,0,10.1,0,0.0,0,0.0,0,1018.1,117.47337940083992,5.661413586207768,126,,
2018,10,2,2,0,11.2,-121,0,9.9,0,0.0,0,0.0,0,1018,147.1592693658573,6.874853141256495,117,,
2018,10,2,3,0,11.1,-109,0,9.9,0,0.0,0,0.0,0,1018.2,194.1370080429764,2.760860239533604,106,,
2018,10,2,4,0,11.1,-98,0,10,0,0.0,0,0.0,0,1018.7,283.96435128656304,1.462912565711059,95,,
2018,10,2,5,0,11.1,-89,25.3,10.1,39,0.0,2,0.0,0,1019.2,353.5936213992261,1.6804152220815889,84,,
2018,10,2,6,0,11.6,-78,57,10.2,102,8.0,0,12.07585885684081,0,1019.6,232.46730564978915,3.3261991131261417,73,,
2018,10,2,7,0,12.5,-67,71.9,10.5,123,53.0,0,93.5243266355841,0,1019.9,221.4164229362303,5.452068160865244,62,,
2018,10,2,8,0,13.4,-54,70.9,10.7,176,86.0,0,196.92299877733248,0,1020.2,214.2244825843222,6.112666616528783,52,,
2018,10,2,9,0,13.9,-36,60.5,10.7,289,234.0,0,376.3044929380407,0,1020,222.96989623326132,5.882034863346615,44,,
2018,10,2,10,0,14,-15,45.2,10.4,415,169.0,22,423.3843604358536,0,1019.5,229.0967732002747,7.643197455440593,39,,
2018,10,2,11,0,14.1,9,44.1,10.2,449,58.0,0,343.77521209625087,0,1018.9,234.3626142877344,7.877066587070305,39,,
2018,10,2,12,0,14.2,31,40.2,10.1,426,77.0,25,386.8149812106703,0,1018.4,239.613007728595,7.882090801097612,42,,
2018,10,2,13,0,14.3,50,24.2,10.1,380,242.0,104,525.2377224137343,0,1017.9,231.5786236992129,7.852146157353879,50,,
2018,10,2,14,0,14.4,64,22,10,297,486.0,75,600.880927213442,0,1017.4,240.0012693850535,7.634570310782415,59,,
2018,10,2,15,0,14.3,76,25.9,9.9,197,630.0,19,559.4409096460109,0,1017,232.46215820854167,8.653517708455045,70,,
2018,10,2,16,0,13.9,86,17.2,9.6,78,530.0,4,375.6319835409753,0,1016.7,224.6725422354021,9.937809240579902,81,,
2018,10,2,17,0,13.5,96,37.9,9.4,3,293.0,0,155.9843473650273,0,1016.3,222.56257049096288,10.765151441149374,92,,
2018,10,2,18,0,13.3,106,40.3,9.2,0,37.0,0,10.911693991652834,0,1016.1,215.88098247029728,12.111569608124306,103,,
2018,10,2,19,0,13.2,117,40.3,9.1,0,0.0,0,0.0,0,1016,216.4090674859388,14.412429057457013,114,,
2018,10,2,20,0,13.2,131,13.5,9,0,0.0,0,0.0,0,1016,215.76501957123315,15.49985448130625,123,,
2018,10,2,21,0,13.4,147,24.2,8.9,0,0.0,0,0.0,0,1015.6,218.09914996838728,15.340688693345042,131,,
2018,10,2,22,0,13.8,167,21.1,8.7,0,0.0,0,0.0,0,1014.9,206.3058739602704,15.254550669168868,135,,
2018,10,2,23,0,14.3,-172,0,8.6,0,0.0,0,0.0,0,1014.3,217.13740691617164,12.779875620791174,136,,
2018,10,3,0,0,14.6,-152,0,8.5,0,0.0,0,0.0,0,1013.7,221.7165839434698,11.064808074025295,132,,
2018,10,3,1,0,14.7,-135,0,8.4,0,0.0,0,0.0,0,1013.2,240.79917939362184,9.477940747702297,125,,
2018,10,3,2,0,14.9,-121,0,8.2,0,0.0,0,0.0,0,1012.7,221.1292158332232,13.203262709853126,116,,
2018,10,3,3,0,15,-109,0,8.2,0,0.0,0,0.0,0,1012.4,248.46152375260488,7.122869428176941,106,,
2018,10,3,4,0,15.1,-99,5.8,8.3,0,0.0,0,0.0,0,1012.4,245.56746154129536,7.605387106811373,95,,
2018,10,3,5,0,15.2,-89,35,8.3,36,0.0,6,0.0,0,1012.3,284.59718905442355,6.4352593503869056,84,,
2018,10,3,6,0,15.9,-79,36.8,8.5,108,30.0,56,20.428336264663248,0,1012.2,331.052842462931,8.143354664807273,72,,
2018,10,3,7,0,17.3,-67,41.4,8.9,165,138.0,89,127.14269103167838,0,1012.1,67.27572934216374,15.706531485400584,62,,
2018,10,3,8,0,18.6,-54,36.1,9.3,301,172.0,98,245.74279318307475,0,1012,78.05532756687774,11.69112553436334,52,,
2018,10,3,9,0,19.2,-36,48,9.4,324,347.0,52,430.513786957101,0,1011.4,74.44450043626932,14.217549981840529,44,,
2018,10,3,10,0,19.1,-15,50.4,9.3,395,513.0,0,591.60693625712,0,1010.4,78.37857884138504,16.13471670296879,39,,
2018,10,3,11,0,19,9,47.2,9.1,424,703.0000000000001,0,751.7148695707142,0,1009.4,76.39840866664179,15.681243883863816,38,,
2018,10,3,12,0,18.9,32,38.5,9.1,435,770.0,28,817.3584849418546,0,1008.4,74.20997456682824,14.86487550744612,42,,
2018,10,3,13,0,18.8,50,54.9,9.2,291,804.0,0,817.199249097971,0,1007.3,76.29748837826696,14.079680569619203,49,,
2018,10,3,14,0,18.7,64,69.2,9.3,148,772.0,0,733.0821127688214,0,1006.2,80.40895266708918,14.148944645538746,59,,
2018,10,3,15,0,18.7,76,78.7,9.1,64,699.0000000000001,0,585.0038869569134,0,1005.4,77.04488959477197,13.481838478398611,70,,
2018,10,3,16,0,18.8,86,69.6,8.4,25,592.0,0,396.3154858212134,0,1004.9,79.05459315850538,13.614115630621567,81,,
2018,10,3,17,0,18.9,96,35,7.8,3,440.0,0,194.07853587281784,0,1004.4,83.76230346561283,13.805364811272703,92,,
2018,10,3,18,0,18.5,106,40.5,7.5,0,66.0,0,14.410735067491498,0,1004.4,83.46523842987955,13.377686420158346,103,,
2018,10,3,19,0,17.7,118,50.1,7.7,0,0.0,0,0.0,0,1004.7,80.93327074688739,12.97510600083478,114,,
2018,10,3,20,0,16.9,131,57.9,7.8,0,0.0,0,0.0,0,1005,84.07274704787795,11.499466603804384,123,,
2018,10,3,21,0,16.1,147,57.9,8.1,0,0.0,0,0.0,0,1005.2,95.74753000978716,11.45553808305118,130,,
2018,10,3,22,0,15.3,167,30.2,8.6,0,0.0,0,0.0,0,1005.3,94.3352743042654,11.636566217452984,135,,
2018,10,3,23,0,14.4,-172,0,9.1,0,0.0,0,0.0,0,1005.4,92.31947322680828,10.9247221339612,135,,
2018,10,4,0,0,13.8,-152,0,9.4,0,0.0,0,0.0,0,1005.6,98.07287961530233,10.267520134471642,132,,
2018,10,4,1,0,13.2,-135,0,9.6,0,0.0,0,0.0,0,1006.1,105.69025861198452,9.1125016253016,125,,
2018,10,4,2,0,12.7,-121,0,9.8,0,0.0,0,0.0,0,1006.7,110.77820920876366,8.179968973907727,116,,
2018,10,4,3,0,12.3,-109,0,9.9,0,0.0,0,0.0,0,1007.2,117.8952446986375,8.254276052514333,106,,
2018,10,4,4,0,12.1,-99,0,9.8,0,0.0,0,0.0,0,1007.9,118.39693271206464,7.988854530861077,95,,
2018,10,4,5,0,11.8,-89,1.8,9.7,37,0.0,41,0.0,0,1008.5,115.7274739870242,7.939653937884097,83,,
2018,10,4,6,0,12.4,-79,0.4,9.6,65,38.0,211,21.727116064966403,0,1009.1,119.18953328617152,7.451367256932669,72,,
2018,10,4,7,0,13.7,-68,0,9.4,74,97.0,406,113.29824240738742,0,1009.6,118.76826489751032,7.421086584678666,61,,
2018,10,4,8,0,15,-54,0,9.3,79,189.0,575,248.31708650389555,0,1010.1,116.92618134486816,7.275554168706364,51,,
2018,10,4,9,0,15.7,-37,0,8.8,85,183.0,695,346.3782033290946,0,1010.3,114.77669509233893,6.913232221159031,43,,
2018,10,4,10,0,15.6,-15,0,7.9,92,197.0,756,450.0253128343798,0,1010.2,111.95589308976548,6.137262302076658,38,,
2018,10,4,11,0,15.6,9,0,7.1,97,181.0,756,492.2112587538813,0,1010.2,103.74058938798726,5.450669935592575,38,,
2018,10,4,12,0,15.5,32,0,6.7,99,150.0,697,480.7139230384429,0,1010,89.21670806638991,5.875549052331632,42,,
2018,10,4,13,0,15.4,50,0,6.9,94,201.0,588,502.0757359303306,0,1009.8,76.18420999583634,7.571596664621804,49,,
2018,10,4,14,0,15.3,65,0,7.1,84,261.0,437,484.58492811693134,0,1009.6,76.6783899375298,8.583503666286383,59,,
2018,10,4,15,0,14.7,76,0,7.5,65,272.0,265,397.9898407181547,0,1009.7,78.46547306910662,8.953277882840165,69,,
2018,10,4,16,0,13.8,87,0,7.9,40,151.0,90,224.43684706022844,0,1009.9,83.6559677267864,8.848865263061969,81,,
2018,10,4,17,0,12.8,97,0,8.3,4,87.0,3,95.03252550341972,0,1010.1,86.90606987761646,8.852258575759574,92,,
2018,10,4,18,0,11.7,107,0,8.4,0,20.0,0,9.705547828162803,0,1010.3,91.60156687522992,8.307200276859676,103,,
2018,10,4,19,0,10.6,118,5.3,8.3,0,0.0,0,0.0,0,1010.5,92.29835872673992,7.792401454230214,113,,
2018,10,4,20,0,9.4,131,42.2,8.1,0,0.0,0,0.0,0,1010.7,95.31262626157172,7.425206872036166,123,,
2018,10,4,21,0,9.1,148,37.1,8.1,0,0.0,0,0.0,0,1010.6,97.9586032279991,6.771026609058628,130,,
2018,10,4,22,0,9.4,167,6.6,8.3,0,0.0,0,0.0,0,1010.3,104.96176656341636,6.294194301654997,134,,
2018,10,4,23,0,9.7,-172,0,8.5,0,0.0,0,0.0,0,1010,110.4999236934035,6.06785488579276,135,,
2018,10,5,0,0,9.8,-152,0,8.6,0,0.0,0,0.0,0,1009.5,119.60261446388957,5.268494551406466,131,,
2018,10,5,1,0,9.9,-135,0,8.6,0,0.0,0,0.0,0,1009,112.349748627307,5.083007959078183,124,,
2018,10,5,2,0,9.9,-121,0,8.6,0,0.0,0,0.0,0,1008.5,112.1326164456031,4.964441080519253,116,,
2018,10,5,3,0,10.1,-109,0,8.6,0,0.0,0,0.0,0,1008.1,112.90700836858286,4.541767522438656,105,,
2018,10,5,4,0,10.6,-99,0,8.7,1,0.0,0,0.0,0,1007.9,111.7098339977132,4.9355308855505,94,,
2018,10,5,5,0,11.2,-89,35.6,8.8,43,0.0,1,0.0,0,1007.6,107.6492292565473,5.416064157966655,83,,
2018,10,5,6,0,12.4,-79,53.3,9.2,124,62.0,0,27.49041440170068,0,1007.6,109.7150329644772,4.458102071711949,72,,
2018,10,5,7,0,14.2,-68,49.2,9.8,237,266.0,0,161.07102405493632,0,1007.7,120.33064193031169,3.8536359687957673,61,,
2018,10,5,8,0,16.1,-54,24.3,10.5,350,404.0,129,329.9298136270734,0,1007.8,121.894293434877,3.844026392792016,51,,
2018,10,5,9,0,17.3,-37,6.3,10.7,236,506.0,466,498.7927054101605,0,1007.6,112.30999895917928,2.79886905616278,43,,
2018,10,5,10,0,17.9,-15,0.2,10.4,164,648.0,648,655.8573967526227,0,1006.9,90.82972417616878,3.085284441643876,38,,
2018,10,5,11,0,18.6,10,0.2,10.1,155,706.0,666,761.17244215537,0,1006.3,75.76225211066958,3.0305890119685093,37,,
2018,10,5,12,0,18.9,32,1,10.1,136,774.0,632,826.876662547772,0,1005.6,59.63272093439565,3.16125533296943,41,,
2018,10,5,13,0,18.9,51,2.3,10.4,145,842.0,503,844.21405472931,0,1004.9,53.13151862090592,3.950732423081959,49,,
2018,10,5,14,0,18.8,65,22.1,10.7,204,826.0000000000001,184,767.4720515601279,0,1004.2,45.39680564231509,4.088059117052118,58,,
2018,10,5,15,0,18.6,77,27.1,10.6,152,767.0,76,622.0699253562732,0,1003.7,42.39061999416293,3.886729891200368,69,,
2018,10,5,16,0,18.3,87,23.6,10.3,64,631.0,32,417.0995365007461,0,1003.3,39.36916334018844,3.603329901315735,80,,
2018,10,5,17,0,17.9,97,27.4,10,4,379.0,0,183.9538358954607,0,1003,45.51133317233416,3.1724393746525634,92,,
2018,10,5,18,0,17.5,107,52.4,9.7,0,65.0,0,15.75793676199357,0,1002.8,75.27029680997231,2.774026749030193,103,,
2018,10,5,19,0,17,118,46.8,9.4,0,0.0,0,0.0,0,1002.8,109.93701686693328,2.644838526579704,113,,
2018,10,5,20,0,16.5,132,36.3,9.1,0,0.0,0,0.0,0,1002.7,135.69864336983085,2.364391438152014,122,,
2018,10,5,21,0,16.3,148,33,8.8,0,0.0,0,0.0,0,1002.2,186.39017894319505,2.812149587630646,130,,
2018,10,5,22,0,16.5,167,35.8,8.6,0,0.0,0,0.0,0,1001.4,244.35010127741765,4.76469908302507,134,,
2018,10,5,23,0,16.6,-172,42.8,8.3,0,0.0,0,0.0,0,1000.5,237.71951060215497,6.295233316082102,134,,
2018,10,6,0,0,16.9,-152,42.8,8,0,0.0,0,0.0,0,999.8,232.6773515776083,6.148385315495492,131,,
2018,10,6,1,0,17.4,-135,41.4,7.8,0,0.0,0,0.0,0,999.1,222.26936120343456,5.21807528034501,124,,
2018,10,6,2,0,17.9,-121,40.7,7.6,0,0.0,0,0.0,0,998.4,214.9381574361525,5.723125524451072,115,,
2018,10,6,3,0,18.2,-110,42.3,7.3,0,0.0,0,0.0,0,998,208.35721916953693,5.453192336095737,105,,
2018,10,6,4,0,18.5,-99,43.8,7,1,0.0,0,0.0,0,997.9,201.68246178354087,6.442136969450286,94,,
2018,10,6,5,0,18.8,-89,42.3,6.7,46,0.0,0,0.0,0,997.7,195.25915534856892,6.686411136148229,83,,
2018,10,6,6,0,19.1,-79,30,7.1,166,14.0,18,17.405694021709735,0,997.8,194.51302779881908,7.770409382427673,71,,
2018,10,6,7,0,19.6,-68,25.3,8.1,250,62.0,99,101.6280654334342,0,998,186.97010484766096,6.260869916375483,61,,
2018,10,6,8,0,20,-54,26,9.1,319,210.0,138,261.71911811667394,0,998.3,182.97808213087853,5.25367721568918,51,,
2018,10,6,9,0,19.7,-37,22.3,9.9,404,461.0,176,474.878597789395,0,998.8,192.3177343684336,4.0397746124282685,43,,
2018,10,6,10,0,18.8,-15,29.1,10.4,507,610.0,67,641.6232397753647,0,999.6,211.93814047464576,4.498343222326796,38,,
2018,10,6,11,0,17.8,10,17.1,11,399,538.0,276,682.4702430428537,0,1000.4,220.6722320635249,4.897939708427815,37,,
2018,10,6,12,0,16.7,33,29.5,10.9,386,531.0,151,706.0876131303487,0,1001.6,232.2997975437794,3.797469049456941,41,,
2018,10,6,13,0,15.4,51,30.9,10.1,361,684.0,88,765.7211167184109,0,1003,237.3316379810454,5.229043215045442,49,,
2018,10,6,14,0,14.1,65,65.4,9.4,165,666.0,0,689.891306607243,0,1004.4,237.8009585916381,4.2417237535893255,58,,
2018,10,6,15,0,13.2,77,85.2,8.7,44,662.0,0,577.6675184652902,0,1005.7,233.44642508143863,2.8124940342310047,69,,
2018,10,6,16,0,12.6,87,72.8,7.9,23,611.0,0,412.0068956984617,0,1006.8,144.5087959932041,2.0293960914185454,80,,
2018,10,6,17,0,12,97,1.6,7.2,5,266.0,0,155.24681249112987,0,1008,151.7169702574423,1.9775380527823423,91,,
2018,10,6,18,0,11.5,108,0,6.4,0,38.0,0,13.49217131738284,0,1009.3,214.59964514045825,4.372132874110026,102,,
2018,10,6,19,0,11.1,119,0,5.6,0,0.0,0,0.0,0,1010.7,217.5024229217632,6.754024846550884,113,,
2018,10,6,20,0,10.6,132,0,4.8,0,0.0,0,0.0,0,1012.1,198.6358576503075,7.265717290476725,122,,
2018,10,6,21,0,10.1,148,0,4.4,0,0.0,0,0.0,0,1013.4,192.6544719088832,6.543969800294442,129,,
2018,10,6,22,0,9.5,167,0,4.6,0,0.0,0,0.0,0,1014.5,196.0750329662089,6.402943595263949,134,,
2018,10,6,23,0,8.9,-172,0,4.7,0,0.0,0,0.0,0,1015.6,199.3055143308912,8.0234300154639,134,,
2018,10,7,0,0,8.6,-152,0,4.5,0,0.0,0,0.0,0,1016.6,204.168005395205,10.110567833219523,130,,
2018,10,7,1,0,8.7,-135,0,3.9,0,0.0,0,0.0,0,1017.5,206.105030371264,11.39590689823087,124,,
2018,10,7,2,0,8.7,-122,0,3.4,0,0.0,0,0.0,0,1018.4,209.25831675191256,10.0309138078296,115,,
2018,10,7,3,0,8.8,-110,0,3.1,0,0.0,0,0.0,0,1019.4,207.1842916516627,11.102594919539824,105,,
2018,10,7,4,0,8.9,-100,0,3,1,0.0,0,0.0,0,1020.5,209.20075117145024,11.769386050053155,94,,
2018,10,7,5,0,9,-90,1.3,3,39,0.0,55,0.0,0,1021.7,210.2097238640242,12.156894227929982,82,,
2018,10,7,6,0,9.7,-80,0.2,3.1,67,110.0,226,32.73348091715559,0,1022.7,210.5382271601327,12.36335408941088,71,,
2018,10,7,7,0,10.9,-68,0.5,3.2,83,423.0,410,188.1843207247178,0,1023.6,210.4029995356592,12.201268366246936,60,,
2018,10,7,8,0,12.1,-55,0,3.4,81,628.0,589,388.5126412389481,0,1024.5,213.5540425291757,11.979039094770853,50,,
2018,10,7,9,0,12.7,-37,12.2,3.4,264,733.0,435,574.728633331934,0,1025.1,219.0600545835033,12.384584091966476,42,,
2018,10,7,10,0,12.7,-15,11.6,3.3,268,772.0,498,723.8246642577919,0,1025.4,221.0405952362164,12.803192491285978,37,,
2018,10,7,11,0,12.7,10,3.2,3.3,136,803.0,708,822.5266461260504,0,1025.7,221.8668207635829,12.93715753885254,37,,
2018,10,7,12,0,12.7,33,0,3.4,82,796.0,734,853.8932482739527,0,1026,220.6851245419744,12.922681956250928,41,,
2018,10,7,13,0,12.7,51,0,3.6,79,762.0,622,819.1129284461896,0,1026.2,223.33706130092432,12.730521507188982,48,,
2018,10,7,14,0,12.7,66,0,3.9,73,734.0,464,735.586055526048,0,1026.4,224.0948928232377,12.196351597839667,58,,
2018,10,7,15,0,12.4,77,0,4.1,61,661.0,280,588.3018747431747,0,1026.8,224.28091384654087,11.829778497739191,69,,
2018,10,7,16,0,11.7,88,0,4.2,40,526.0,100,388.6616681855408,0,1027.3,220.22602916218668,11.53100680014678,80,,
2018,10,7,17,0,11,98,0,4.3,5,341.0,4,181.59401648201668,0,1027.9,217.693595636592,10.92334557594032,91,,
2018,10,7,18,0,10,108,0,4.2,0,57.0,0,17.427761948458777,0,1028.3,214.0940429957265,11.245959290061377,102,,
2018,10,7,19,0,8.7,119,0,4.1,0,0.0,0,0.0,0,1028.4,207.94899257109105,11.993321171956808,113,,
2018,10,7,20,0,7.5,132,0,4,0,0.0,0,0.0,0,1028.6,205.66049370846804,12.269113246303355,122,,
2018,10,7,21,0,6.9,149,0,4.1,0,0.0,0,0.0,0,1028.6,205.7484797984457,12.189009357791807,129,,
2018,10,7,22,0,6.9,168,0,4.4,0,0.0,0,0.0,0,1028.5,210.6691049017565,11.77293062289699,133,,
2018,10,7,23,0,6.9,-172,0,4.7,0,0.0,0,0.0,0,1028.3,213.3673444251259,11.648956619863387,134,,
2018,10,8,0,0,6.7,-152,0,4.9,0,0.0,0,0.0,0,1028.2,212.31898120049468,12.15149462341132,130,,
2018,10,8,1,0,6.4,-136,0,4.9,0,0.0,0,0.0,0,1028.1,209.587047870294,12.388864016858372,123,,
2018,10,8,2,0,6.1,-122,0,4.9,0,0.0,0,0.0,0,1028,213.9141257534359,12.05148206802922,115,,
2018,10,8,3,0,6.2,-110,0,5,0,0.0,0,0.0,0,1028.1,214.3907913925831,11.86525553885876,104,,
2018,10,8,4,0,6.5,-100,0,5.2,1,0.0,1,0.0,0,1028.3,218.07832497750127,10.793855714197456,93,,
2018,10,8,5,0,6.8,-90,6,5.4,41,0.0,58,0.0,0,1028.5,219.7213592241076,10.123520675366947,82,,
2018,10,8,6,0,8.1,-80,0.6,5.8,64,5.0,236,13.19458173503982,0,1028.5,216.2415747934696,10.241094305386104,71,,
2018,10,8,7,0,10.2,-69,13.1,6.3,195,11.0,236,57.532131967656696,0,1028.4,215.0842735328577,10.906419094163004,60,,
2018,10,8,8,0,12.4,-55,26,6.8,338,37.0,160,159.2974537367797,0,1028.3,212.23975333130005,11.53329266183128,50,,
2018,10,8,9,0,13.6,-37,28.2,6.9,390,120.0,183,320.7920677881673,0,1027.9,211.021318332486,11.460976538822434,42,,
2018,10,8,10,0,13.8,-15,32.1,6.7,453,161.0,133,456.4657360687426,0,1027.2,218.12656069380685,10.70911868934926,37,,
2018,10,8,11,0,14.1,10,8.5,6.5,197,172.0,598,519.2785558958592,0,1026.6,223.42868476916803,10.708857041415412,36,,
2018,10,8,12,0,14.3,33,0,6.6,84,249.0,730,595.7092705624257,0,1025.9,227.1552253764091,10.576449291081538,40,,
2018,10,8,13,0,14.4,52,0,7,80,339.0,619,630.009710242854,0,1025.2,224.1389807159392,10.718470035933905,48,,
2018,10,8,14,0,14.5,66,0,7.4,74,376.0,464,584.1393683734864,0,1024.5,224.9356415678752,11.219285056974678,58,,
2018,10,8,15,0,14.1,78,0,7.9,62,258.0,281,417.0658974701816,0,1024.1,228.5192735123579,11.77526646097955,69,,
2018,10,8,16,0,13.1,88,0,8.3,41,95.0,101,207.3215193541185,0,1024,226.7643655799544,11.477454842192152,80,,
2018,10,8,17,0,12.2,98,0,8.8,5,25.0,4,66.23779721076309,0,1023.9,222.88210900554552,11.19256952707672,91,,
2018,10,8,18,0,11.2,108,0,8.7,0,4.0,0,7.394229514970876,0,1023.8,222.69801159532085,10.770663766737515,102,,
2018,10,8,19,0,10.3,119,0,8.1,0,0.0,0,0.0,0,1023.7,220.86115144297287,11.239613095769403,112,,
2018,10,8,20,0,9.3,133,0,7.5,0,0.0,0,0.0,0,1023.6,218.96013414288788,11.60948248873786,122,,
2018,10,8,21,0,8.9,149,0,7.4,0,0.0,0,0.0,0,1023.3,220.42072783452187,11.940158493045974,129,,
2018,10,8,22,0,9.1,168,0,7.8,0,0.0,0,0.0,0,1022.7,223.73227619704448,12.258424676764008,133,,
2018,10,8,23,0,9.3,-172,0,8.3,0,0.0,0,0.0,0,1022.1,228.4247206358187,11.524877612111618,133,,
2018,10,9,0,0,9.2,-152,0,8.4,0,0.0,0,0.0,0,1021.7,228.10071678963,11.505430248198929,130,,
2018,10,9,1,0,8.9,-136,0,8.3,0,0.0,0,0.0,0,1021.3,235.7013754065924,9.301503534320751,123,,
2018,10,9,2,0,8.7,-122,0,8.2,0,0.0,0,0.0,0,1021,240.42730784525585,9.199657836283649,114,,
2018,10,9,3,0,8.7,-110,0,8.3,0,0.0,0,0.0,0,1021,254.8740161800069,7.201401220838565,104,,
2018,10,9,4,0,8.9,-100,0.1,8.5,2,0.0,0,0.0,0,1021.3,279.7588609759686,5.087285626368003,93,,
2018,10,9,5,0,9.2,-90,24.7,8.7,66,0.0,6,0.0,0,1021.6,334.05879003385826,4.071348098835599,82,,
2018,10,9,6,0,10.4,-80,32.2,9,131,5.0,49,15.2194784151323,0,1021.7,42.162903805781696,7.143006851977518,71,,
2018,10,9,7,0,12.4,-69,30.6,9.4,239,11.0,95,66.58852381345034,0,1021.6,50.15601579165667,7.553239843452672,60,,
2018,10,9,8,0,14.4,-55,42.7,9.8,358,13.0,4,123.4389065781726,0,1021.5,60.41151558239079,7.72125155727574,50,,
2018,10,9,9,0,15.6,-37,20.2,10.1,286,20.0,319,199.5590716264732,0,1021.1,76.4224633558888,11.619403871397072,41,,
2018,10,9,10,0,16,-15,15.1,10.1,260,85.0,434,346.7515494969744,0,1020.5,86.7684723234998,15.44423566623475,36,,
2018,10,9,11,0,16.3,10,35.6,10.2,471,419.0,62,635.8424736974389,0,1019.8,87.36339740823189,15.338014373610404,36,,
2018,10,9,12,0,16.5,34,19.9,10.3,274,759.0,348,834.838321402198,0,1019.3,90.08317639424138,15.303971204211388,40,,
2018,10,9,13,0,16.5,52,0,10.5,115,754.0,557,814.3015309908247,0,1018.8,88.18248503966743,16.33438951700754,48,,
2018,10,9,14,0,16.5,67,0,10.7,108,711.0,406,724.8493752729042,0,1018.3,88.88679018708746,17.93233963709463,58,,
2018,10,9,15,0,16,78,0,10.9,88,721.0,236,615.9327730611706,0,1018.1,93.56964470925196,18.78253459504281,68,,
2018,10,9,16,0,14.9,88,6.4,11.1,66,698.0000000000001,54,455.9446830800155,0,1018.2,93.97778445835904,18.98371963939624,80,,
2018,10,9,17,0,13.8,98,0.2,11.4,6,581.0,2,248.1284842421937,0,1018.3,97.4310540323374,18.742866616708003,91,,
2018,10,9,18,0,12.9,109,0,11.2,0,176.0,0,31.93431020272389,0,1018.4,100.52556022815236,17.278033296890577,102,,
2018,10,9,19,0,12.3,120,0,10.6,0,0.0,0,0.0,0,1018.6,104.79412847243276,16.27689076235721,112,,
2018,10,9,20,0,11.6,133,0,9.9,0,0.0,0,0.0,0,1018.8,113.6743753933472,14.453694892163965,121,,
2018,10,9,21,0,11.1,149,0,9.6,0,0.0,0,0.0,0,1018.7,119.92896615341152,12.554311923549738,128,,
2018,10,9,22,0,10.9,168,0,9.5,0,0.0,0,0.0,0,1018.4,122.07561702212011,12.223627314604803,132,,
2018,10,9,23,0,10.6,-172,13.9,9.5,0,0.0,0,0.0,0,1018,121.22749522380582,12.279613016924158,133,,
2018,10,10,0,0,10.5,-152,0,9.5,0,0.0,0,0.0,0,1017.7,116.14240810051342,12.462924189029916,129,,
2018,10,10,1,0,10.6,-136,0.2,9.7,0,0.0,0,0.0,0,1017.3,111.47883755919936,12.095096663478676,123,,
2018,10,10,2,0,10.7,-122,38.2,9.8,0,0.0,0,0.0,0,1017,110.73971422150407,10.74120929772456,114,,
2018,10,10,3,0,10.9,-111,29.9,10,0,0.0,0,0.0,0,1016.8,117.42971184361517,9.39124468696248,104,,
2018,10,10,4,0,11.3,-100,8.5,10.3,2,0.0,0,0.0,0,1016.7,126.43844590194168,8.546336057641724,93,,
2018,10,10,5,0,11.6,-90,30.3,10.5,51,0.0,2,0.0,0,1016.6,129.20327202282692,7.472846507847443,82,,
2018,10,10,6,0,12.6,-80,54.9,10.9,103,206.0,28,44.06730883692245,0,1016.4,132.0959259770571,6.733066653015926,70,,
2018,10,10,7,0,14,-69,0,11.3,146,528.0,312,216.93075650980728,0,1016.2,130.6126560923101,6.810668497883975,59,,
2018,10,10,8,0,15.5,-55,1.6,11.8,189,702.0000000000001,425,422.1254859388257,0,1016.1,142.52794129981078,4.938798142248972,49,,
2018,10,10,9,0,16.5,-38,21.1,12,394,798.0,195,612.9004356865067,0,1015.6,160.6949099077583,3.3349816697287493,41,,
2018,10,10,10,0,17.2,-15,3.4,12,256,867.0,526,765.2424089893045,0,1014.9,183.3427756743008,1.83808833000393,36,,
2018,10,10,11,0,17.9,11,8,11.9,335,898.0,410,867.4395910417463,0,1014.2,160.23477938068504,0.4223427475364493,36,,
2018,10,10,12,0,18.2,34,14.5,12.1,363,911.0,297,910.6531569064904,0,1013.4,42.66255682094629,1.4687794012819897,40,,
2018,10,10,13,0,18.1,53,14.4,12.4,294,908.0,270,892.7924401097921,0,1012.7,45.36996524317692,4.384636823975636,48,,
2018,10,10,14,0,18.1,67,4,12.6,185,890.0,290,813.0296292063605,0,1011.9,50.81861698848405,5.667062288620171,57,,
2018,10,10,15,0,17.6,79,8.9,12.9,155,848.0,128,673.4721967204404,0,1011.4,53.03728121542935,5.575935051426892,68,,
2018,10,10,16,0,16.6,89,26.3,13,79,766.0,16,481.40431779433146,0,1011.1,57.131424226063416,5.256514237347123,79,,
2018,10,10,17,0,15.7,99,1.6,13.2,7,596.0,1,253.4900770116109,0,1010.8,62.70082927152697,4.993676341185571,91,,
2018,10,10,18,0,14.8,109,0,13,0,185.0,0,34.47125851245815,0,1010.6,66.51623042479957,4.862725976091229,102,,
2018,10,10,19,0,14.1,120,0,12.5,0,0.0,0,0.0,0,1010.5,82.16343962822538,4.420925523705715,112,,
2018,10,10,20,0,13.3,133,0,12,0,0.0,0,0.0,0,1010.3,93.3862959590615,4.306836209862214,121,,
2018,10,10,21,0,12.7,149,0,11.6,0,0.0,0,0.0,0,1009.9,110.05626384345862,4.9334606113425306,128,,
2018,10,10,22,0,12.2,168,0,11.2,0,0.0,0,0.0,0,1009.3,106.27351165330094,5.129843888352053,132,,
2018,10,10,23,0,11.8,-172,0,10.8,0,0.0,0,0.0,0,1008.7,102.87733924277724,4.666686299260032,132,,
2018,10,11,0,0,11.3,-153,0,10.4,0,0.0,0,0.0,0,1008.1,102.07031430441953,4.076950810376861,129,,
2018,10,11,1,0,10.9,-136,0,10,0,0.0,0,0.0,0,1007.6,110.6955344346,3.474183586668368,122,,
2018,10,11,2,0,10.5,-122,0,9.7,0,0.0,0,0.0,0,1007.1,124.9206086383657,3.0489811684748505,114,,
2018,10,11,3,0,10.5,-111,0,9.6,0,0.0,0,0.0,0,1006.9,146.17276773722244,2.573892124044402,103,,
2018,10,11,4,0,10.8,-101,0,9.7,3,0.0,1,0.0,0,1007,156.57624615818122,1.8191018232909664,93,,
2018,10,11,5,0,11,-91,6.6,9.7,52,0.0,53,0.0,0,1007.1,175.5914880152842,0.9846025536935076,81,,
2018,10,11,6,0,11.6,-81,37.9,9.8,145,183.0,36,44.8514630420286,0,1007.2,87.88588833809769,0.3706135905987927,70,,
2018,10,11,7,0,12.5,-69,51.5,9.8,248,487.0,0,211.52336196023663,0,1007.3,147.37897810920165,0.5298742544605853,59,,
2018,10,11,8,0,13.4,-56,45.3,9.9,366,670.0,9,413.8118276935481,0,1007.4,112.65736664294953,1.2624702223485884,49,,
2018,10,11,9,0,14,-38,14.9,9.6,299,765.0,392,600.1702763772735,0,1007.3,92.6457207365786,1.3539823357741336,41,,
2018,10,11,10,0,14.4,-15,15.1,9,306,806.0,442,744.5587503699245,0,1007,66.77460969762853,2.535823704768853,36,,
2018,10,11,11,0,14.7,11,0,8.4,97,837.0,791,843.6842257318182,0,1006.7,58.9823126262749,3.958914283316404,35,,
2018,10,11,12,0,14.7,34,0,8,90,848.0,743,885.0786519844258,0,1006.4,56.80045816103467,4.753451103796379,40,,
2018,10,11,13,0,14.4,53,1,7.9,99,858.0,611,872.6574161767624,0,1006,64.54210318385736,4.746525528972434,47,,
2018,10,11,14,0,14,67,0.1,7.7,79,856.0,475,801.9113011462038,0,1005.7,60.98763596663417,5.661061511364748,57,,
2018,10,11,15,0,13.3,79,24.5,7.6,188,819.0000000000001,86,666.097394403017,0,1005.6,65.72798828518478,6.483783874224664,68,,
2018,10,11,16,0,12.4,89,42.4,7.6,85,744.0,0,478.4238628416248,0,1005.9,72.03080416439389,6.4108496412392695,79,,
2018,10,11,17,0,11.5,99,38.8,7.5,8,569.0000000000001,0,251.37257487881016,0,1006.1,80.73993374236454,5.798712714162337,90,,
2018,10,11,18,0,10.9,109,44.2,7.5,0,194.0,0,37.070119999932935,0,1006.3,89.41466684724105,5.687796805046631,101,,
2018,10,11,19,0,10.5,120,42.5,7.4,0,0.0,0,0.0,0,1006.4,98.11810554691353,6.101178463659301,112,,
2018,10,11,20,0,10,134,45.8,7.4,0,0.0,0,0.0,0,1006.5,119.41390484092648,5.509523453337902,121,,
2018,10,11,21,0,9.8,150,45,7.3,0,0.0,0,0.0,0,1006.5,155.5420620449553,4.139524752710019,128,,
2018,10,11,22,0,9.6,168,22.1,7.2,0,0.0,0,0.0,0,1006.4,216.32950317844228,4.333249374028667,132,,
2018,10,11,23,0,9.5,-172,0,7.1,0,0.0,0,0.0,0,1006.4,226.51037386630537,8.147678884887565,132,,
2018,10,12,0,0,9.4,-153,0,7,0,0.0,0,0.0,0,1006.2,215.04249251147976,7.923951822903962,129,,
2018,10,12,1,0,9.4,-136,0,6.8,0,0.0,0,0.0,0,1006,204.0563700953335,8.850231117662867,122,,
2018,10,12,2,0,9.3,-123,0,6.6,0,0.0,0,0.0,0,1005.9,203.54248257113,9.613945477295935,113,,
2018,10,12,3,0,9.5,-111,0,6.6,0,0.0,0,0.0,0,1006,211.8075434673509,9.94548422282343,103,,
2018,10,12,4,0,9.7,-101,0,6.7,3,0.0,1,0.0,0,1006.4,214.4121790362061,9.638749127141224,92,,
2018,10,12,5,0,9.9,-91,2.6,6.9,48,0.0,66,0.0,0,1006.8,212.15041340106825,9.170693167037488,81,,
2018,10,12,6,0,10.7,-81,23.8,7,149,129.0,91,44.58224180031515,0,1007.2,211.3483032152248,9.457505836222838,70,,
2018,10,12,7,0,12,-70,24,7,214,355.0,186,192.89341221166663,0,1007.5,210.39430357194908,10.253994849412614,59,,
2018,10,12,8,0,13.3,-56,25.4,7,236,533.0,272,381.7039186665908,0,1007.8,212.76785537050404,10.921533101724007,49,,
2018,10,12,9,0,14,-38,10.9,6.8,219,636.0,508,558.294477238321,0,1008.1,216.94940825835707,12.737268123912031,40,,
2018,10,12,10,0,14.2,-15,7.8,6.4,220,721.0,592,712.1249616220915,0,1008.2,217.72097871205565,12.68235616282435,35,,
2018,10,12,11,0,14.5,11,4.3,5.9,170,791.0,679,826.3461329952206,0,1008.3,219.49151661469963,12.432298974571856,35,,
2018,10,12,12,0,14.4,35,9,5.6,199,799.0,554,864.5974436842248,0,1008.5,218.6627661201484,12.55570703911382,39,,
2018,10,12,13,0,14.2,53,0,5.6,81,840.0,635,868.0760780962423,0,1008.7,220.4357261843507,12.059577817711428,47,,
2018,10,12,14,0,14,68,0,5.6,74,831.0000000000001,479,794.2176111398547,0,1009,219.9880897563993,11.49074309638252,57,,
2018,10,12,15,0,13.5,79,1.4,5.5,70,795.0,285,659.6605161951288,0,1009.5,218.81671580109267,11.110416948304293,68,,
2018,10,12,16,0,12.8,89,11.4,5.5,73,631.0,64,439.6435912583101,0,1010.2,218.3155515866088,10.902200589253187,79,,
2018,10,12,17,0,12.1,99,0.5,5.5,8,473.0,5,229.1870312670212,0,1011,216.38263401875824,11.041121923156634,90,,
2018,10,12,18,0,11.4,109,0,5.4,0,162.0,0,35.14007198090958,0,1011.8,213.67452469639605,9.485157024690489,101,,
2018,10,12,19,0,10.8,121,0,5.3,0,0.0,0,0.0,0,1012.7,210.21470888294792,9.217580546541118,111,,
2018,10,12,20,0,10.1,134,0,5.3,0,0.0,0,0.0,0,1013.5,209.162347867808,10.088064080341493,120,,
2018,10,12,21,0,9.7,150,0,5.5,0,0.0,0,0.0,0,1014,211.80776283925567,10.639300307328934,127,,
2018,10,12,22,0,9.6,168,0,5.9,0,0.0,0,0.0,0,1014.2,212.53025085884164,11.98945173936486,131,,
2018,10,12,23,0,9.4,-172,0,6.4,0,0.0,0,0.0,0,1014.4,216.119366596284,11.861418026640438,132,,
2018,10,13,0,0,9.2,-153,0,6.8,0,0.0,0,0.0,0,1014.7,213.081696634346,11.083591594710624,128,,
2018,10,13,1,0,9,-136,27.1,7.1,0,0.0,0,0.0,0,1015,207.71240620442472,11.15615436502279,122,,
2018,10,13,2,0,8.7,-123,59.1,7.3,0,0.0,0,0.0,0,1015.2,206.34194695696283,11.832688875961743,113,,
2018,10,13,3,0,8.8,-111,59,7.6,0,0.0,0,0.0,0,1015.6,205.2575278420448,11.813729424051544,103,,
2018,10,13,4,0,9.2,-101,50.6,7.9,3,0.0,0,0.0,0,1016.1,204.25910184280548,12.061933677108014,92,,
2018,10,13,5,0,9.6,-91,61,8.2,41,0.0,0,0.0,0,1016.6,203.6259811094251,12.73384047480498,81,,
2018,10,13,6,0,10.5,-81,41.3,8.7,166,131.0,20,46.34419949585761,0,1016.9,203.4294437295466,13.104110090207392,69,,
2018,10,13,7,0,11.8,-70,39.2,9.3,230,401.0,69,205.3874076749592,0,1017.2,203.9274127936408,13.969589287124396,58,,
2018,10,13,8,0,13.2,-56,48.8,10,348,594.0,0,403.9003636351901,0,1017.5,208.9755794969672,14.957769081326068,48,,
2018,10,13,9,0,14,-38,41.6,9.9,443,703.0000000000001,24,588.059786193221,0,1017.4,214.83103682869137,15.860040569902944,40,,
2018,10,13,10,0,14.1,-15,3.3,9.2,187,781.0,650,741.3340808686636,0,1017.1,220.19725480084463,16.55290459559416,35,,
2018,10,13,11,0,14.3,11,0,8.4,128,828.0000000000001,745,847.0657189822151,0,1016.8,223.28105124249345,16.735716494405484,34,,
2018,10,13,12,0,14.4,35,0,8.1,115,857.0,703,896.837220842533,0,1016.5,225.0997971275084,16.254503682402692,39,,
2018,10,13,13,0,14.4,54,0,8.2,104,865.0,602,883.3447057013929,0,1016.2,222.4101237350376,15.648637184701132,47,,
2018,10,13,14,0,14.4,68,0,8.4,92,858.0,454,810.1225393537419,0,1015.9,220.62849241953128,15.117819636334335,57,,
2018,10,13,15,0,14,80,0,8.6,75,821.0000000000001,278,673.6976919954856,0,1015.9,219.5003412111955,14.921728502922532,68,,
2018,10,13,16,0,13.4,90,0,8.9,49,749.0,104,487.6624548815518,0,1016.1,219.24341394033715,14.5728050431709,79,,
2018,10,13,17,0,12.8,100,0,9.2,8,587.0,6,262.63007599994427,0,1016.4,219.4788670402037,14.275343894490572,90,,
2018,10,13,18,0,12,110,0,9.2,0,237.0,0,45.3380690758196,0,1016.6,218.6090005662005,13.415163655926769,101,,
2018,10,13,19,0,11,121,0,8.8,0,0.0,0,0.0,0,1016.9,216.869897645844,13.37158203125,111,,
2018,10,13,20,0,10.1,134,0,8.3,0,0.0,0,0.0,0,1017.2,216.04881142497103,13.95997836207623,120,,
2018,10,13,21,0,9.6,150,0,8.1,0,0.0,0,0.0,0,1017.1,215.04958618590675,14.45241041736722,127,,
2018,10,13,22,0,9.6,169,0,8.1,0,0.0,0,0.0,0,1016.8,213.47185253032129,15.30772380882986,131,,
2018,10,13,23,0,9.6,-172,0,8.1,0,0.0,0,0.0,0,1016.5,213.8809063341326,15.6333285641646,131,,
2018,10,14,0,0,9.6,-153,0,8.2,0,0.0,0,0.0,0,1016.1,211.8011737407236,16.30080579641118,128,,
2018,10,14,1,0,9.6,-137,0,8.3,0,0.0,0,0.0,0,1015.6,211.0483062213814,16.655185295057393,121,,
2018,10,14,2,0,9.6,-123,0,8.3,0,0.0,0,0.0,0,1015.2,210.61711957859416,16.699687259638164,113,,
2018,10,14,3,0,9.7,-112,0,8.5,0,0.0,0,0.0,0,1015,206.7710559031053,16.701832492018987,102,,
2018,10,14,4,0,10.1,-101,0.1,8.8,4,0.0,2,0.0,0,1014.9,206.67416854303883,15.823157576944702,92,,
2018,10,14,5,0,10.5,-91,52.7,9.2,50,0.0,1,0.0,0,1014.9,206.6456037769213,15.609691530747098,80,,
2018,10,14,6,0,11.5,-81,64.1,9.6,115,143.0,0,49.80764754128088,0,1014.9,204.70536539937183,15.500031551975008,69,,
2018,10,14,7,0,13,-70,60.2,10.1,207,436.0,0,214.44645075072307,0,1014.8,205.1054627473561,15.752576149942746,58,,
2018,10,14,8,0,14.6,-56,61.9,10.6,263,614.0,0,411.4999675996441,0,1014.7,208.5017810115729,15.839929336335445,48,,
2018,10,14,9,0,15.6,-38,59.3,10.9,331,694.0000000000001,0,587.7341224287247,0,1014.3,210.66050341144145,15.180810171205172,40,,
2018,10,14,10,0,16.1,-15,45.1,11,458,681.0,22,730.1298713086217,0,1013.6,213.36996426663976,15.283339408291257,34,,
2018,10,14,11,0,16.5,11,23,11.1,441,690.0000000000001,237,815.20850622239,0,1012.9,218.02288183194773,14.292688736592742,34,,
2018,10,14,12,0,16.7,35,27.4,11.2,462,676.0,137,840.514832227409,0,1012.2,224.35606503310373,12.918462127316582,39,,
2018,10,14,13,0,16.8,54,29.3,11.3,410,651.0,94,807.3176046797205,0,1011.5,223.45991709968573,13.03922933536898,47,,
2018,10,14,14,0,16.8,68,23.8,11.4,302,529.0,118,676.406489175502,0,1010.9,228.33954967484004,12.734182309524137,56,,
2018,10,14,15,0,16.4,80,63.9,11.5,128,298.0,3,449.5950068075451,0,1010.6,230.69429023994184,12.37587935521568,67,,
2018,10,14,16,0,15.4,90,50,11.8,72,103.0,0,220.0663863263768,0,1010.5,223.03115837667323,12.868619367817413,79,,
2018,10,14,17,0,14.5,100,3.3,12,11,14.0,2,57.330240084950255,0,1010.3,214.7633046510671,13.357806895619984,90,,
2018,10,14,18,0,13.7,110,0,11.9,0,3.0,0,7.356198639431985,0,1010.3,211.40944632356377,13.381230240174288,101,,
2018,10,14,19,0,13,121,0,11.5,0,0.0,0,0.0,0,1010.3,208.3913349402569,14.413036249942143,111,,
2018,10,14,20,0,12.4,135,0,11.1,0,0.0,0,0.0,0,1010.4,206.40345008334825,15.561806661412197,120,,
2018,10,14,21,0,12.2,150,0,11,0,0.0,0,0.0,0,1009.9,205.65873735764453,16.41455228638556,127,,
2018,10,14,22,0,12.4,169,0,11.1,0,0.0,0,0.0,0,1009,204.91484305950885,16.776921916450267,131,,
2018,10,14,23,0,12.7,-172,0,11.2,0,0.0,0,0.0,0,1008.1,205.76716063078595,16.63771878685459,131,,
2018,10,15,0,0,13,-153,0,11.4,0,0.0,0,0.0,0,1007.3,206.18114386846824,16.39277706255054,127,,
2018,10,15,1,0,13.3,-137,5,11.6,0,0.0,0,0.0,0,1006.6,206.9588039762157,16.268870540176735,121,,
2018,10,15,2,0,13.7,-123,34.2,11.8,0,0.0,0,0.0,0,1005.9,205.58746409369124,16.261026758539323,112,,
2018,10,15,3,0,14.1,-112,28.8,12,0,0.0,0,0.0,0,1005.5,205.0694962786949,15.984596506338455,102,,
2018,10,15,4,0,14.6,-102,26.6,12,5,0.0,0,0.0,0,1005.5,205.99397535329723,15.41292963055648,91,,
2018,10,15,5,0,15.1,-92,16.9,12.1,69,0.0,40,0.0,0,1005.4,206.8666137998555,15.184946167278612,80,,
2018,10,15,6,0,16.2,-82,6.8,11.9,121,4.0,184,18.29375331300433,0,1005.3,207.6329360496545,15.431003255636613,69,,
2018,10,15,7,0,17.9,-70,2.1,11.6,117,25.0,398,95.62515067172254,0,1005.1,208.13585229835311,15.517788671814056,58,,
2018,10,15,8,0,19.6,-57,0,11.2,110,38.0,579,182.97678000746507,0,1004.9,208.91973116370968,14.485858191111673,48,,
2018,10,15,9,0,20.6,-39,2.4,10.7,152,65.0,640,295.3116343103917,0,1004.5,209.8327552391852,13.524980184889571,39,,
2018,10,15,10,0,20.8,-15,0.6,10,133,116.0,738,423.4676043450784,0,1003.9,210.2009758332228,13.162301112662144,34,,
2018,10,15,11,0,21.1,12,23.2,9.3,302,373.0,373,660.5462035069787,0,1003.4,213.11321117112703,12.536507709291302,34,,
2018,10,15,12,0,21,36,24.3,9,258,645.0,354,825.8756865635511,0,1002.9,219.0696260673067,13.076188599260274,38,,
2018,10,15,13,0,20.6,54,5.9,9.1,183,649.0,480,807.872542488344,0,1002.6,220.6597042147404,12.806079954039536,46,,
2018,10,15,14,0,20.1,69,38.1,9.2,252,448.0,92,635.1656462076933,0,1002.2,218.8837315750712,12.858430014242908,56,,
2018,10,15,15,0,19.3,80,84,9.3,64,218.0,0,403.39336738239615,0,1002.2,215.10369945634983,12.949609166584576,67,,
2018,10,15,16,0,18.2,90,72.7,9.5,36,104.0,0,221.88600417271545,0,1002.4,210.1352390583972,12.760853992934862,78,,
2018,10,15,17,0,17.1,100,64.6,9.7,7,65.0,0,104.31824506568324,0,1002.7,210.06455418169512,12.494180576391184,90,,
2018,10,15,18,0,16.2,110,39.2,10.1,0,22.0,0,17.686698467476035,0,1003.1,204.4450269587301,12.956881412149196,101,,
2018,10,15,19,0,15.6,122,42.5,10.6,0,0.0,0,0.0,0,1003.6,201.36285550929537,14.511454910200516,111,,
2018,10,15,20,0,14.9,135,60.4,11.1,0,0.0,0,0.0,0,1004.2,200.90872189192976,15.050130751349162,120,,
2018,10,15,21,0,14.8,151,80,11.2,0,0.0,0,0.0,0,1004.2,201.2107110701741,15.597922602060027,126,,
2018,10,15,22,0,15,169,66.2,11,0,0.0,0,0.0,0,1003.9,203.43381229620988,14.875355405728987,130,,
2018,10,15,23,0,15.3,-172,25.2,10.7,0,0.0,0,0.0,0,1003.6,204.89263902242217,15.390769223926805,131,,
2018,10,16,0,0,15.4,-153,59.1,10.6,0,0.0,0,0.0,0,1003.3,204.616755739418,15.56288027203016,127,,
2018,10,16,1,0,15.3,-137,51.7,10.8,0,0.0,0,0.0,0,1003.2,203.35591986897333,15.620523471443562,121,,
2018,10,16,2,0,15.2,-123,43.5,10.9,0,0.0,0,0.0,0,1003,203.23442684118888,15.222348762913043,112,,
2018,10,16,3,0,15,-112,57.5,11.1,0,0.0,0,0.0,0,1003.1,201.99963659811183,15.423323274378234,102,,
2018,10,16,4,0,14.9,-102,68.9,11.3,3,0.0,0,0.0,0,1003.6,203.883210741959,14.887576975090962,91,,
2018,10,16,5,0,14.8,-92,58.4,11.4,49,0.0,0,0.0,0,1004,205.3520701008699,14.900596014205602,80,,
2018,10,16,6,0,14.9,-82,72.2,11.5,81,63.0,0,47.92982683474058,0,1004.7,207.3408465726832,14.756890160579196,68,,
2018,10,16,7,0,15.3,-71,65.1,11.3,179,104.0,4,150.05393127992292,0,1005.5,205.759704995124,13.632845083378108,57,,
2018,10,16,8,0,15.8,-57,33.5,11.2,317,62.0,140,212.9784834001156,0,1006.3,209.4544672332297,13.346684385602954,47,,
2018,10,16,9,0,16,-39,7.6,10.6,237,64.0,520,293.9785146468843,0,1007,216.26608591507923,13.200537706842084,39,,
2018,10,16,10,0,16,-15,0,9.5,107,91.0,789,421.6252390189855,0,1007.4,223.26754260368003,13.470361283522276,34,,
2018,10,16,11,0,16.1,12,1.2,8.5,119,78.0,781,448.3482990411766,0,1007.9,218.1102097610402,12.131553343842665,33,,
2018,10,16,12,0,15.9,36,11.6,7.8,262,47.0,496,397.6501003359991,0,1008.2,211.6874835578884,10.66709158778708,38,,
2018,10,16,13,0,15.5,55,8.1,7.4,205,47.0,478,376.7466044554736,0,1008.5,211.88667174611243,12.940024355389346,46,,
2018,10,16,14,0,15.1,69,2.8,7,113,14.0,452,218.5814431526603,0,1008.8,215.8665974543289,11.514069929675728,56,,
2018,10,16,15,0,14.4,81,0.3,6.8,70,7.0,312,126.49812010902455,0,1009.2,214.286332451102,10.612398399387889,67,,
2018,10,16,16,0,13.5,91,0,7,48,8.0,125,91.93985415273318,0,1009.7,218.72515059904777,10.598280177185304,78,,
2018,10,16,17,0,12.6,101,0.3,7.1,10,24.0,8,78.58088821384986,0,1010.2,221.28543994503167,11.252931024944766,89,,
2018,10,16,18,0,11.5,111,0,7,0,6.0,0,11.753117337557857,0,1010.7,214.2188510526824,11.020192710282744,100,,
2018,10,16,19,0,10.4,122,14,6.7,0,0.0,0,0.0,0,1011.3,224.6595811841129,10.576404899361853,110,,
2018,10,16,20,0,9.2,135,38.6,6.4,0,0.0,0,0.0,0,1011.9,227.9191514761621,10.593244155127213,119,,
2018,10,16,21,0,8.7,151,0.5,6.3,0,0.0,0,0.0,0,1012.1,218.97115025022345,10.279519448542532,126,,
2018,10,16,22,0,8.8,169,0,6.4,0,0.0,0,0.0,0,1011.8,218.77142850340792,8.670252966182298,130,,
2018,10,16,23,0,8.9,-172,0,6.5,0,0.0,0,0.0,0,1011.4,216.18137055756387,8.28106667657586,130,,
2018,10,17,0,0,8.9,-153,0,6.5,0,0.0,0,0.0,0,1011.2,219.95352684431592,10.51928380313235,127,,
2018,10,17,1,0,8.9,-137,0,6.3,0,0.0,0,0.0,0,1011.1,220.9166292371829,11.922987829743988,120,,
2018,10,17,2,0,8.9,-124,0,6.2,0,0.0,0,0.0,0,1011,219.8130627590766,10.99707395748142,112,,
2018,10,17,3,0,9,-112,0,6.1,0,0.0,0,0.0,0,1011.1,213.96224017310155,9.678720279674083,102,,
2018,10,17,4,0,9.4,-102,3,6,7,0.0,1,0.0,0,1011.4,223.81124872608515,9.2615358904964,91,,
2018,10,17,5,0,9.7,-92,38.9,6,86,0.0,2,0.0,0,1011.8,227.355915518328,8.995593588371406,80,,
2018,10,17,6,0,10.5,-82,23.8,6,161,5.0,110,23.415101427472585,0,1012,223.81170111293363,8.21618640283079,68,,
2018,10,17,7,0,11.7,-71,18.6,6,217,55.0,234,135.0934752105352,0,1012.1,223.43446982186703,7.968110904123098,57,,
2018,10,17,8,0,12.8,-57,24.8,6,325,191.0,200,315.0398238197744,0,1012.3,232.1225980912105,6.59525790306038,47,,
2018,10,17,9,0,13.6,-39,36,6.5,368,121.0,155,378.1989862363778,0,1012.3,240.17111790157287,6.031225733139949,39,,
2018,10,17,10,0,14,-15,43.6,7.3,382,271.0,120,550.4707315041828,0,1012.3,243.1801162176405,5.817983240606653,33,,
2018,10,17,11,0,14.3,12,58,8.1,375,499.0,0,737.093031833915,0,1012.2,252.19396845647336,4.99385843982812,33,,
2018,10,17,12,0,14.4,36,62.9,8.5,307,565.0000000000001,0,798.5919492634646,0,1012.4,256.8943799134522,3.900920841432362,38,,
2018,10,17,13,0,14.3,55,62.8,8.7,213,626.0,51,808.1265653875045,0,1012.6,254.48805341692588,4.30880493310539,46,,
2018,10,17,14,0,14.2,69,20.8,8.8,267,440.0,177,640.9586575056398,0,1012.9,287.7244675644396,2.901396646931073,56,,
2018,10,17,15,0,13.7,81,18.8,8.5,146,304.0,147,463.30294012168827,0,1013.4,280.47478896120026,3.754710933883632,67,,
2018,10,17,16,0,13,91,20.9,7.8,82,153.0,45,261.83617530838444,0,1014.1,280.63134662202776,3.674897633962849,78,,
2018,10,17,17,0,12.2,101,3.2,7.1,13,104.0,1,130.19146703616968,0,1014.9,276.2373285510538,3.3639071565543817,89,,
2018,10,17,18,0,11.5,111,0,6.5,0,58.0,0,28.47755073669314,0,1015.6,268.0245011202452,1.7068249820069972,100,,
2018,10,17,19,0,10.8,122,0,5.8,0,0.0,0,0.0,0,1016.3,232.1964420783931,6.475566778268258,110,,
2018,10,17,20,0,10.1,135,0,5.2,0,0.0,0,0.0,0,1017,236.28615829301407,6.8538523798101405,119,,
2018,10,17,21,0,9.8,151,0,5.1,0,0.0,0,0.0,0,1017.4,238.7299427276087,6.210841344892783,126,,
2018,10,17,22,0,9.8,169,0,5.5,0,0.0,0,0.0,0,1017.5,228.92469387177067,5.579132811814205,130,,
2018,10,17,23,0,9.8,-172,0,5.8,0,0.0,0,0.0,0,1017.6,220.0226128407309,5.603060353167335,130,,
2018,10,18,0,0,9.7,-153,0,5.9,0,0.0,0,0.0,0,1017.8,219.6389700353284,5.67615895809641,126,,
2018,10,18,1,0,9.6,-137,0,5.8,0,0.0,0,0.0,0,1017.9,215.400079455423,5.849776281863724,120,,
2018,10,18,2,0,9.4,-124,0,5.6,0,0.0,0,0.0,0,1018.1,211.46801197303827,6.260861962255207,111,,
2018,10,18,3,0,9.3,-112,0,5.4,0,0.0,0,0.0,0,1018.4,214.28610539377743,6.808582019193943,101,,
2018,10,18,4,0,9.3,-102,3,5.3,8,0.0,2,0.0,0,1018.7,217.85199103422488,6.723155595497559,90,,
2018,10,18,5,0,9.2,-92,40.6,5.1,89,0.0,0,0.0,0,1019,217.21919504185016,7.064291431452791,79,,
2018,10,18,6,0,9.9,-82,29.5,5,214,5.0,41,21.438704802355403,0,1019.2,221.8686734680734,6.990700036073775,68,,
2018,10,18,7,0,11.3,-71,35.3,5.1,311,10.0,54,70.79038180037446,0,1019.4,250.19544119579584,5.836671964294227,57,,
2018,10,18,8,0,12.7,-57,9.1,5.1,206,15.0,462,135.901134646961,0,1019.6,278.79836097543,5.1954130292072005,47,,
2018,10,18,9,0,13.4,-39,0.4,5.1,100,24.0,752,220.81565962665297,0,1019.6,282.71453906437904,5.963368056545197,38,,
2018,10,18,10,0,13.4,-15,0,5,97,27.0,824,294.9771525549665,0,1019.4,281.94671953521174,7.246306711856429,33,,
2018,10,18,11,0,13.5,12,0,5,99,35.0,825,353.67949362105213,0,1019.1,281.88902850364417,7.778681151023934,33,,
2018,10,18,12,0,13.5,37,0,5,96,41.0,770,380.8686782822904,0,1018.8,289.08995703429343,7.766462330797492,37,,
2018,10,18,13,0,13.4,56,0,5.2,88,45.0,662,373.39112800017017,0,1018.4,300.145901249519,9.592002069495711,45,,
2018,10,18,14,0,13.4,70,0,5.3,78,44.0,508,324.5341875645937,0,1017.9,321.8151082177312,8.832013517798094,56,,
2018,10,18,15,0,13,81,0,5.4,66,35.0,322,238.70986975472368,0,1017.7,336.5333226299723,7.276110181620142,66,,
2018,10,18,16,0,12.1,91,0.2,5.5,46,27.0,134,152.46833388709186,0,1017.6,339.1872286183136,6.734362613286002,78,,
2018,10,18,17,0,11.3,101,0.1,5.6,10,18.0,12,71.80362371907057,0,1017.4,338.9079859353291,6.301838520643997,89,,
2018,10,18,18,0,10.3,111,0,5.5,0,7.0,0,12.926334556501038,0,1017.5,347.06586889918015,6.101586609229837,100,,
2018,10,18,19,0,9,123,0,5.1,0,0.0,0,0.0,0,1017.6,354.5116026201477,7.091102290828265,110,,
2018,10,18,20,0,7.7,136,0,4.8,0,0.0,0,0.0,0,1017.7,350.3090649140613,6.417752471827357,119,,
2018,10,18,21,0,7.2,151,0,4.8,0,0.0,0,0.0,0,1017.6,336.21194461892526,5.113367469008239,125,,
2018,10,18,22,0,7.4,169,0,5.1,0,0.0,0,0.0,0,1017.2,320.0589548693534,4.54779141160842,129,,
2018,10,18,23,0,7.6,-172,0,5.4,0,0.0,0,0.0,0,1016.8,298.31144501686424,4.077040283230544,129,,
2018,10,19,0,0,7.6,-153,0,5.4,0,0.0,0,0.0,0,1016.4,288.86551779911605,4.571766581263448,126,,
2018,10,19,1,0,7.5,-137,0,5.2,0,0.0,0,0.0,0,1016,309.7497482759523,5.069243807792315,120,,
2018,10,19,2,0,7.4,-124,0,4.9,0,0.0,0,0.0,0,1015.5,314.21795649872007,6.235584653173449,111,,
2018,10,19,3,0,7.5,-113,0,4.9,0,0.0,0,0.0,0,1015.3,310.6781679860777,6.828946240967763,101,,
2018,10,19,4,0,7.9,-102,1.3,4.9,9,0.0,4,0.0,0,1015.4,306.27034875182017,6.467541586377628,90,,
2018,10,19,5,0,8.3,-93,4.4,5,58,0.0,93,0.0,0,1015.5,305.5347310340174,6.621915063021246,79,,
2018,10,19,6,0,9.3,-83,0,5.3,81,15.0,279,36.386142287463,0,1015.5,304.73950262801,6.503176545686294,68,,
2018,10,19,7,0,10.9,-72,0,5.9,99,56.0,461,138.88054941979232,0,1015.4,295.3730840696513,5.5635321709597605,57,,
2018,10,19,8,0,12.6,-58,3.6,6.5,168,121.0,536,281.1891746081925,0,1015.3,287.4936958940275,5.837104578532528,46,,
2018,10,19,9,0,13.6,-39,2.7,6.6,164,249.0,667,465.7164334462219,0,1014.9,278.19231068412137,6.296430520019588,38,,
2018,10,19,10,0,14.1,-15,0,6.5,119,603.0,802,698.4299550588507,0,1014.1,274.7023530037494,8.112266657078758,33,,
2018,10,19,11,0,14.6,12,0,6.3,112,762.0,813,851.084952165816,0,1013.4,273.25805837226443,9.502174893934548,32,,
2018,10,19,12,0,14.9,37,0,6.4,105,824.0000000000001,761,915.5223376270368,0,1012.8,266.46496196141584,9.487045342654977,37,,
2018,10,19,13,0,15.1,56,0,6.7,93,686.0,657,825.1945853158994,0,1012.2,261.9796362566856,11.3929336416518,45,,
2018,10,19,14,0,15.2,70,0.2,7.1,84,650.0,501,738.4114615895005,0,1011.7,249.9778540328562,10.653149967718251,55,,
2018,10,19,15,0,14.7,82,6.9,7.5,103,782.0,264,686.8240567298878,0,1011.3,240.46833441925529,11.45751540328024,66,,
2018,10,19,16,0,13.6,92,7,8,73,666.0,92,484.3183021251189,0,1011.1,235.76238728653664,11.783380497919426,78,,
2018,10,19,17,0,12.5,102,0.3,8.5,12,95.0,11,122.94099661281996,0,1010.8,223.2870050766244,12.664701077400808,89,,
2018,10,19,18,0,11.3,112,0,8.6,0,9.0,0,11.221748814554834,0,1010.7,219.792663672996,14.014568382589026,100,,
2018,10,19,19,0,10.2,123,0,8.3,0,0.0,0,0.0,0,1010.6,216.95726374550537,15.498699658593075,110,,
2018,10,19,20,0,9,136,0,8,0,0.0,0,0.0,0,1010.4,216.28281518717856,16.764747255355953,118,,
2018,10,19,21,0,8.6,152,0,7.9,0,0.0,0,0.0,0,1010,216.59847574800105,16.67738439485559,125,,
2018,10,19,22,0,9,169,10.1,8,0,0.0,0,0.0,0,1009.3,219.96377206893547,16.85713854460915,129,,
2018,10,19,23,0,9.4,-172,22.8,8.1,0,0.0,0,0.0,0,1008.6,226.56042514916825,16.381397308071513,129,,
2018,10,20,0,0,9.7,-153,7.3,8.2,0,0.0,0,0.0,0,1007.9,233.1298932317337,13.378027343839108,126,,
2018,10,20,1,0,10.1,-138,15.8,8.3,0,0.0,0,0.0,0,1007.2,279.111970454468,9.983652297655093,119,,
2018,10,20,2,0,10.4,-124,37.5,8.4,0,0.0,0,0.0,0,1006.5,344.79975770208364,9.21091208159197,111,,
2018,10,20,3,0,10.9,-113,41.4,8.6,0,0.0,0,0.0,0,1006.1,11.1980432185199,8.483283898322583,101,,
2018,10,20,4,0,11.5,-103,31.8,9.1,7,0.0,0,0.0,0,1005.9,15.621673409757308,6.730808601500046,90,,
2018,10,20,5,0,12.1,-93,75.6,9.6,35,1.0,0,1.0,0,1005.7,5.041371563499695,6.453922037775586,79,,
2018,10,20,6,0,12.9,-83,86.3,10.1,45,43.0,0,47.17196083382429,0,1005.6,12.20400773461472,7.413383854797078,67,,
2018,10,20,7,0,13.9,-72,69.6,10.6,161,185.0,0,182.2899718996501,0,1005.5,358.6283787243937,7.8330549641279,56,,
2018,10,20,8,0,15,-58,62.8,11.2,247,271.0,0,331.9898452725322,0,1005.5,355.577272115996,8.396095297034059,46,,
2018,10,20,9,0,15.7,-40,72.3,11.9,221,579.0,0,578.0540820488505,0,1005.1,1.1628988797025954,9.23871926041533,38,,
2018,10,20,10,0,16,-15,83.3,12.9,142,672.0,0,731.2289440910008,0,1004.4,9.42226284448992,9.299783267807982,32,,
2018,10,20,11,0,16.2,12,70.5,13.9,252,568.0000000000001,0,758.4026643488392,0,1003.7,18.005181987373703,9.778167299768592,32,,
2018,10,20,12,0,16.6,37,73.6,14.4,208,608.0,0,806.096117703796,0,1002.9,22.74571701750721,9.65279897730182,37,,
2018,10,20,13,0,17,56,64,14.4,246,744.0,0,857.9101823401031,0,1002,29.14998791672452,9.073496667883504,45,,
2018,10,20,14,0,17.5,71,73.1,14.4,143,792.0,0,812.5096051714648,0,1001.1,33.251931613495856,8.899230392538188,55,,
2018,10,20,15,0,17.4,82,58.2,14.1,144,786.0,0,691.8455730214669,0,1000.5,40.01523660703356,9.012062420056573,66,,
2018,10,20,16,0,16.9,92,61.3,13.4,70,713.0,0,505.1491581676486,0,1000.1,44.14553352931006,8.89057764801663,77,,
2018,10,20,17,0,16.4,102,40.6,12.7,9,574.0000000000001,0,285.8242183263357,0,999.7,46.71708436686208,8.849368470768326,89,,
2018,10,20,18,0,16.1,112,47.6,12.3,0,357.0,0,75.6843699569154,0,999.6,48.411301892974336,7.694097130549823,99,,
2018,10,20,19,0,16.1,123,53.8,12,0,0.0,0,0.0,0,999.8,45.43215796708819,5.859347371354132,109,,
2018,10,20,20,0,16,136,63.3,11.8,0,0.0,0,0.0,0,999.9,38.591724139493806,4.7809184152651225,118,,
2018,10,20,21,0,15.6,152,60.1,11.9,0,0.0,0,0.0,0,999.8,28.82978888497865,4.194156565622139,125,,
2018,10,20,22,0,15,170,54.5,12.3,0,0.0,0,0.0,0,999.5,19.430703499345327,3.825034384791088,128,,
2018,10,20,23,0,14.4,-172,32.7,12.6,0,0.0,0,0.0,0,999.2,13.098133763540318,3.960209111763751,129,,
2018,10,21,0,0,13.9,-154,42.3,12.7,0,0.0,0,0.0,0,999.1,14.17247186814592,4.084273573908325,125,,
2018,10,21,1,0,13.5,-138,45.7,12.6,0,0.0,0,0.0,0,999.3,5.139070683885166,4.186506587662634,119,,
2018,10,21,2,0,13,-125,39,12.4,0,0.0,0,0.0,0,999.4,9.35251865889461,4.230552411859226,110,,
2018,10,21,3,0,12.6,-113,41.6,12.1,0,0.0,0,0.0,0,999.9,2.5691700260298944,3.785298993358892,100,,
2018,10,21,4,0,12.3,-103,41.4,11.7,8,0.0,0,0.0,0,1000.7,357.8268061734089,3.766380780301465,90,,
2018,10,21,5,0,11.9,-93,36.2,11.2,70,1.0,25,1.0,0,1001.4,356.5607740302357,3.792963972785998,78,,
2018,10,21,6,0,12.1,-83,8,10.9,126,47.0,188,48.77408263385806,0,1002,0.9616012564926564,3.724157296936672,67,,
2018,10,21,7,0,13,-72,23.9,10.6,233,176.0,162,181.4719342417777,0,1002.2,356.3820438439528,3.605819205695848,56,,
2018,10,21,8,0,13.8,-58,26.5,10.2,250,258.0,281,328.9683684370456,0,1002.5,350.401161666454,3.1332224056885765,46,,
2018,10,21,9,0,14.5,-40,0,9.5,141,590.0,698,584.223440436456,0,1002.8,351.84842246712213,3.6846895014100927,37,,
2018,10,21,10,0,15,-15,0,8.4,131,610.0,781,716.1052647821675,0,1003.2,343.7528923427711,4.101289169649999,32,,
2018,10,21,11,0,15.5,13,0,7.3,118,547.0,806,760.9084814683011,0,1003.7,340.2328313232084,4.316872964198261,32,,
2018,10,21,12,0,15.7,38,0,6.6,103,671.0,768,852.2515321054415,0,1004.2,338.70058290235585,5.567809667518581,36,,
2018,10,21,13,0,15.5,57,1.2,6.4,111,488.0,636,735.0857431181057,0,1004.8,350.6579682785799,6.0220091841930765,45,,
2018,10,21,14,0,15.4,71,73.7,6.1,133,548.0,32,698.7030795638541,0,1005.4,355.2400213771274,6.025419950491149,55,,
2018,10,21,15,0,14.8,82,94.1,6,22,583.0,1,606.6525365255583,0,1006.2,354.5719346038394,5.946342634666719,66,,
2018,10,21,16,0,14,92,73.3,6.1,25,563.0,30,454.1407443844212,0,1007.3,358.5423329907992,5.796797759577428,77,,
2018,10,21,17,0,13.1,102,13,6.2,14,425.0,1,248.19577746812973,0,1008.3,0.0,4.794921875,88,,
2018,10,21,18,0,12.2,112,0,6.1,0,201.0,0,56.66242082771548,0,1009.1,351.88051490856225,3.5401260175877587,99,,
2018,10,21,19,0,11.3,123,0,5.9,0,0.0,0,0.0,0,1009.8,328.0664836679212,3.1566792753270576,109,,
2018,10,21,20,0,10.5,137,0,5.6,0,0.0,0,0.0,0,1010.4,323.48057327239457,4.238751173556409,118,,
2018,10,21,21,0,10,152,0,5.5,0,0.0,0,0.0,0,1010.7,324.1273414379976,4.121327361947669,124,,
2018,10,21,22,0,10,170,0,5.8,0,0.0,0,0.0,0,1010.8,326.36435955383394,4.134319477760913,128,,
2018,10,21,23,0,9.9,-172,0,6,0,0.0,0,0.0,0,1010.9,330.5510415083799,4.285947811769325,128,,
2018,10,22,0,0,9.7,-154,0,6,0,0.0,0,0.0,0,1010.9,313.86867124708806,3.672284951558348,125,,
2018,10,22,1,0,9.6,-138,19.2,6,0,0.0,0,0.0,0,1011,287.6731867588444,3.809429824221792,119,,
2018,10,22,2,0,9.4,-125,42.5,5.9,0,0.0,0,0.0,0,1011.1,279.07548650111,5.267108793075168,110,,
2018,10,22,3,0,9.3,-113,42.9,5.8,0,0.0,0,0.0,0,1011.3,265.6969700421866,6.3580100588738455,100,,
2018,10,22,4,0,9.4,-103,35.9,5.8,9,0.0,0,0.0,0,1011.7,256.56312402737,7.432205066474891,89,,
2018,10,22,5,0,9.5,-94,58.8,5.8,67,4.0,0,2.0000000000000004,0,1012,247.5774889619641,8.636338041378268,78,,
2018,10,22,6,0,10,-84,59.5,5.7,149,48.0,0,52.09126509792729,0,1012.2,243.76460455876523,10.20943521015405,67,,
2018,10,22,7,0,11,-72,50.7,5.6,275,64.0,1,137.99392626831133,0,1012.3,243.5734656856949,10.071179153640148,56,,
2018,10,22,8,0,12,-59,33.6,5.6,428,63.0,53,221.03946598081103,0,1012.3,247.3256854285325,9.623952663089783,45,,
2018,10,22,9,0,12.6,-40,45.7,5.2,402,146.0,68,382.41782385630114,0,1012.2,259.3749578761718,10.847108040660617,37,,
2018,10,22,10,0,13,-15,36.6,4.7,477,562.0,112,691.05554060428,0,1012,263.0200444880595,11.829123957488456,32,,
2018,10,22,11,0,13.3,13,31.6,4.1,464,664.0,176,814.2111750786676,0,1011.8,268.5552110239962,11.512937475439252,31,,
2018,10,22,12,0,13.4,38,36.8,3.8,455,305.0,98,644.3513971228535,0,1011.6,265.8232686412331,10.85059502602702,36,,
2018,10,22,13,0,13.3,57,23.5,3.9,298,131.0,277,477.4837031047322,0,1011.4,262.25416743189845,12.05678704718377,44,,
2018,10,22,14,0,13.2,71,0,4,81,479.0,517,658.9163699651817,0,1011.2,260.7804318707947,10.922596573357968,55,,
2018,10,22,15,0,12.8,83,0.9,4.2,77,789.0,320,701.5982315743563,0,1011.3,255.7260079311239,10.374230925079356,66,,
2018,10,22,16,0,12.2,93,0.4,4.4,50,673.0,142,497.1412013947409,0,1011.6,254.19641933811147,9.99904800890394,77,,
2018,10,22,17,0,11.5,102,0.4,4.7,13,377.0,14,234.47761269272823,0,1011.9,258.43877185877085,9.93422048063966,88,,
2018,10,22,18,0,10.7,113,0,4.9,0,128.0,0,45.69195120744629,0,1012.3,268.79033115097866,9.922377364889808,99,,
2018,10,22,19,0,9.9,124,0,4.9,0,0.0,0,0.0,0,1012.7,295.2918849341568,8.162025372724909,109,,
2018,10,22,20,0,9.1,137,0,5,0,0.0,0,0.0,0,1013.1,337.8873117044863,5.999915802881438,118,,
2018,10,22,21,0,8.7,152,0,5.2,0,0.0,0,0.0,0,1013.2,358.7189190595603,4.979516133476955,124,,
2018,10,22,22,0,8.5,170,0,5.4,0,0.0,0,0.0,0,1013.1,2.3217939617914567,4.302848797080642,128,,
2018,10,22,23,0,8.4,-172,0,5.6,0,0.0,0,0.0,0,1013,347.2597252615401,3.400868854932316,128,,
2018,10,23,0,0,8.2,-154,0,5.7,0,0.0,0,0.0,0,1012.9,323.0625439335293,3.602736879472173,125,,
2018,10,23,1,0,8,-138,0,5.7,0,0.0,0,0.0,0,1013,311.3534476599588,5.852039159859523,118,,
2018,10,23,2,0,7.8,-125,0,5.6,0,0.0,0,0.0,0,1013,325.8676394261642,7.017383244667421,110,,
2018,10,23,3,0,7.9,-114,0,5.6,0,0.0,0,0.0,0,1013.2,335.72186933642024,7.860995730368475,100,,
2018,10,23,4,0,8.3,-103,1.4,5.7,11,0.0,9,0.0,0,1013.6,338.93930321313246,8.013314659641832,89,,
2018,10,23,5,0,8.7,-94,0.6,5.9,45,6.0,133,2.0000000000000004,0,1013.9,336.56567546457285,8.81231985854955,78,,
2018,10,23,6,0,9.7,-84,0,5.8,63,188.0,323,76.77303132721352,0,1014.1,345.61805625404867,9.49003040936927,67,,
2018,10,23,7,0,11.1,-73,0,5.6,75,465.0,510,256.97887149281297,0,1014.1,341.38830099197907,9.61025077116522,55,,
2018,10,23,8,0,12.6,-59,3.3,5.4,133,636.0,593,461.7949301038772,0,1014.1,342.2950564229134,10.422619914552044,45,,
2018,10,23,9,0,13.4,-40,1.2,5.3,110,606.0,753,598.857017664564,0,1013.9,346.3131041709454,11.546888095915392,37,,
2018,10,23,10,0,13.7,-16,0.1,5.2,95,637.0,841,719.8642321709169,0,1013.5,351.8343733814244,12.1954191375508,31,,
2018,10,23,11,0,14,13,0,5.1,92,633.0,846,793.4521978199335,0,1013.1,357.0381270610652,10.541181149189455,31,,
2018,10,23,12,0,14.2,38,0,5.1,82,665.0,799,838.2563817397518,0,1012.8,7.156612158791063,10.213850112347838,36,,
2018,10,23,13,0,14.1,57,0,5.2,75,777.0,689,878.6426708237128,0,1012.6,8.95740914537106,12.329319097129488,44,,
2018,10,23,14,0,14,72,0,5.4,68,821.0000000000001,532,832.1790699380017,0,1012.3,16.549267180598463,12.444465014475234,54,,
2018,10,23,15,0,13.6,83,0,5.6,59,768.0,345,689.0169582133052,0,1012.3,22.01242101227126,12.125362179449578,65,,
2018,10,23,16,0,12.8,93,0,5.8,43,669.0,154,495.16768339470144,0,1012.3,23.627831315430853,12.430765947974326,77,,
2018,10,23,17,0,11.9,103,0,6,12,524.0,18,279.49909223610496,0,1012.4,25.66392747478505,12.56578858114199,88,,
2018,10,23,18,0,11,113,0,6.1,0,339.0,0,79.6691388246789,0,1012.6,27.58289215621039,11.579811549934552,99,,
2018,10,23,19,0,9.9,124,0,5.9,0,0.0,0,0.0,0,1012.9,27.66360589269232,11.144829396760027,109,,
2018,10,23,20,0,8.8,137,0,5.8,0,0.0,0,0.0,0,1013.2,31.35741642134616,10.707232626823862,117,,
2018,10,23,21,0,8.3,152,0,5.9,0,0.0,0,0.0,0,1013.2,33.13756133671245,10.919204128846168,124,,
2018,10,23,22,0,8.3,170,0,6.2,0,0.0,0,0.0,0,1012.9,35.14154343100938,10.95200402568112,127,,
2018,10,23,23,0,8.3,-172,0,6.5,0,0.0,0,0.0,0,1012.6,38.603669241338025,10.740268452630694,128,,
2018,10,24,0,0,8.2,-154,0,6.6,0,0.0,0,0.0,0,1012.4,38.47116506262552,10.133009703517926,124,,
2018,10,24,1,0,8.2,-138,0,6.5,0,0.0,0,0.0,0,1012.4,31.50133104189348,9.304584611504811,118,,
2018,10,24,2,0,8.2,-125,0,6.5,0,0.0,0,0.0,0,1012.5,32.035559998183544,9.090052416627245,109,,
2018,10,24,3,0,8.4,-114,0,6.4,0,0.0,0,0.0,0,1012.6,33.96479738041552,9.03788457199984,100,,
2018,10,24,4,0,8.8,-104,1.5,6.4,13,0.0,8,0.0,0,1012.7,38.30479039804561,9.125664311226286,89,,
2018,10,24,5,0,9.3,-94,0.9,6.4,55,12.0,121,2.000000000000001,0,1012.8,45.97153090880772,8.562643679923916,78,,
2018,10,24,6,0,10.2,-84,20,6.3,192,240.0,107,83.56495698247826,0,1012.9,48.30312212613029,8.161514432154798,66,,
2018,10,24,7,0,11.6,-73,44.3,6.1,327,478.0,0,259.8863755749619,0,1012.8,47.07310474631771,6.895869799994848,55,,
2018,10,24,8,0,12.9,-59,32.9,5.9,394,625.0,114,456.9514980939773,0,1012.8,51.93163543203866,6.35690819324787,45,,
2018,10,24,9,0,13.7,-41,10.8,5.7,295,729.0,481,643.8356082897578,0,1012.6,56.88902850364417,5.500358190577003,36,,
2018,10,24,10,0,13.9,-16,16.6,5.7,403,793.0,370,799.8185096927293,0,1012.2,59.96972146893546,4.79053767075542,31,,
2018,10,24,11,0,14.1,13,3,5.6,212,837.0,682,904.7603009292905,0,1011.9,55.76383766299824,4.816806804401427,31,,
2018,10,24,12,0,14.2,39,15.1,5.7,332,739.0,399,887.631745211476,0,1011.5,52.41337363563815,4.91835356184754,36,,
2018,10,24,13,0,14.2,58,11.4,5.9,306,726.0,346,861.6202017134251,0,1011.1,44.26771402638428,5.673199879832005,44,,
2018,10,24,14,0,14.2,72,0,6.2,145,870.0,428,866.8143908317737,0,1010.7,47.02328684897168,5.808940576949111,54,,
2018,10,24,15,0,13.8,83,0,6.5,103,859.0,284,741.0015594038045,0,1010.5,50.58488766466985,5.44932113059065,65,,
2018,10,24,16,0,13.1,93,4,6.8,72,803.0,108,554.5794871412542,0,1010.3,55.09459399555044,5.133485886342328,77,,
2018,10,24,17,0,12.4,103,5.6,7.1,21,657.0,3,323.68606856901056,0,1010.2,56.30768693096832,5.183115387312769,88,,
2018,10,24,18,0,11.3,113,0,7.2,0,334.0,0,82.07033313496467,0,1010.3,62.38426870219877,4.584819397452957,98,,
2018,10,24,19,0,9.9,124,0,6.9,0,0.0,0,0.0,0,1010.5,70.6694282642315,4.1538534568945895,108,,
2018,10,24,20,0,8.5,137,0,6.6,0,0.0,0,0.0,0,1010.8,79.51940015759408,3.559382764692269,117,,
2018,10,24,21,0,7.9,153,0,6.4,0,0.0,0,0.0,0,1010.7,91.491457231842,3.086006424532524,123,,
2018,10,24,22,0,8.1,170,0,6.4,0,0.0,0,0.0,0,1010.3,112.7684840884541,2.3530352596886783,127,,
2018,10,24,23,0,8.4,-172,0,6.4,0,0.0,0,0.0,0,1010,146.17144347679272,2.1010550130843546,127,,
2018,10,25,0,0,8.5,-154,0,6.5,0,0.0,0,0.0,0,1009.5,154.9928182195605,1.827307118753635,124,,
2018,10,25,1,0,8.7,-139,0,6.9,0,0.0,0,0.0,0,1008.9,90.92404535277274,2.210248374704506,118,,
2018,10,25,2,0,8.8,-125,1.1,7.2,0,0.0,0,0.0,0,1008.3,161.1288651044306,1.4907760935407235,109,,
2018,10,25,3,0,9.3,-114,0,7.7,0,0.0,0,0.0,0,1007.9,238.1186301635217,1.9608453979747893,99,,
2018,10,25,4,0,10,-104,14,8.2,13,0.0,0,0.0,0,1007.7,271.2865867365455,3.599051876849029,89,,
2018,10,25,5,0,10.8,-94,57.8,8.7,70,2.0,0,2.0,0,1007.5,282.2295010912692,4.111116004237852,77,,
2018,10,25,6,0,12,-84,72,9.2,96,13.0,0,35.54885814188866,0,1007.2,268.5222878960736,4.667323686409044,66,,
2018,10,25,7,0,13.5,-73,53.3,9.8,263,132.0,3,174.82678456237247,0,1006.7,268.4269611168324,4.05548341469565,55,,
2018,10,25,8,0,15.1,-59,38.6,10.3,366,397.0,69,391.9558852770689,0,1006.3,263.81025510239374,3.265128540558212,45,,
2018,10,25,9,0,16.2,-41,38.3,10.6,447,129.0,53,368.069389965748,0,1005.6,273.08549420746544,2.821228523172648,36,,
2018,10,25,10,0,16.7,-16,60.5,10.7,341,109.0,0,449.3596862311306,0,1004.6,315.0,3.5987177638219654,30,,
2018,10,25,11,0,17.3,13,53.4,10.9,401,51.0,0,396.9802910667223,0,1003.7,342.417198183453,4.832967268164211,30,,
2018,10,25,12,0,17.5,39,70.8,11.1,239,33.0,0,352.7952484115769,0,1002.8,352.39282193159283,5.5308549923128085,35,,
2018,10,25,13,0,17.6,58,91.3,11.3,62,184.0,0,565.8128030187945,0,1002.1,358.980914235354,7.028211288804448,44,,
2018,10,25,14,0,17.6,72,74.5,11.6,130,124.0,0,446.1090121905746,0,1001.3,3.0316686214112565,7.515156471573971,54,,
2018,10,25,15,0,17.2,84,56.2,11.9,151,90.0,10,327.30030498172647,0,1000.9,11.29155055359007,8.208198028665986,65,,
2018,10,25,16,0,16.5,94,50.9,12.3,81,76.0,0,222.56572756232885,0,1000.6,8.046895633837721,7.750630460752131,76,,
2018,10,25,17,0,15.7,103,26.6,12.7,14,49.0,0,110.91634115484868,0,1000.4,13.011918081099736,8.605231712564139,88,,
2018,10,25,18,0,14.8,113,30.6,12.6,0,45.0,0,33.03557532618764,0,1000.3,14.722324545338097,8.045642180586338,98,,
2018,10,25,19,0,13.9,125,37.5,12.2,0,0.0,0,0.0,0,1000.4,12.55256042320434,9.3259449876279,108,,
2018,10,25,20,0,12.9,137,43.9,11.7,0,0.0,0,0.0,0,1000.5,9.80087070339698,9.80868199960864,117,,
2018,10,25,21,0,12.5,153,45.7,11.4,0,0.0,0,0.0,0,1000.3,2.813062278370751,9.824827447618448,123,,
2018,10,25,22,0,12.6,170,16.7,11.4,0,0.0,0,0.0,0,1000,4.806185617631456,10.976583930160944,127,,
2018,10,25,23,0,12.8,-172,0,11.4,0,0.0,0,0.0,0,999.6,20.264687024095625,10.788898718141173,127,,
2018,10,26,0,0,12.7,-154,0,11.3,0,0.0,0,0.0,0,999.6,43.31336285972344,9.976841351369249,124,,
2018,10,26,1,0,12.5,-139,0,11.1,0,0.0,0,0.0,0,1000,41.42297527281863,8.04364567002081,117,,
2018,10,26,2,0,12.3,-126,0,10.9,0,0.0,0,0.0,0,1000.4,41.50250306562407,8.28007771093878,109,,
2018,10,26,3,0,12.2,-114,0,10.5,0,0.0,0,0.0,0,1001.4,44.67616493218088,8.369060075298814,99,,
2018,10,26,4,0,12.1,-104,3.6,10,17,0.0,1,0.0,0,1002.9,48.76615804601886,8.073895850735667,88,,
2018,10,26,5,0,12,-95,12.5,9.4,99,5.0,48,3.0000000000000004,0,1004.4,50.41629688754517,7.959414799758859,77,,
2018,10,26,6,0,12.4,-85,2,8.4,110,72.0,258,68.88187549964803,0,1005.8,47.15157660963541,7.398590525380941,66,,
2018,10,26,7,0,13.2,-74,0,6.8,105,244.0,474,224.44641131711768,0,1007,46.625645072266536,7.23539224562481,55,,
2018,10,26,8,0,14,-60,0,5.3,100,374.0,656,404.1213012848201,0,1008.2,42.71935415464134,8.173073886724055,44,,
2018,10,26,9,0,14.4,-41,0.8,4.4,109,483.0,769,580.7130285856363,0,1009.3,43.396987362829805,8.466843091229201,36,,
2018,10,26,10,0,14.5,-16,1.7,4.1,125,632.0,814,749.3912880865528,0,1010.2,44.39737956807159,8.403917925086178,30,,
2018,10,26,11,0,14.5,14,0,3.9,88,368.0,873,691.2600945706619,0,1011.1,41.880670203889736,7.309428629651937,30,,
2018,10,26,12,0,14.6,39,0,3.8,85,574.0000000000001,818,826.5435720140345,0,1011.9,40.10946556272336,7.962186653583026,35,,
2018,10,26,13,0,14.7,59,0,3.8,82,751.0,702,897.1800212828213,0,1012.7,35.50280615354416,7.787372864991186,43,,
2018,10,26,14,0,14.8,73,0.1,3.8,79,758.0,539,829.7814995918212,0,1013.5,36.12206087009997,9.655754107485544,54,,
2018,10,26,15,0,14.5,84,3,4,99,725.0,305,694.8705938709579,0,1014.5,39.45247759635936,7.152039605283045,65,,
2018,10,26,16,0,13.7,94,0,4.3,53,669.0,154,516.3250373299716,0,1015.6,34.37351121319398,8.71378721828718,76,,
2018,10,26,17,0,12.9,104,1.8,4.6,19,337.0,14,237.43396377751895,0,1016.7,34.78679344120735,6.9798567364331,87,,
2018,10,26,18,0,12.1,114,0,4.5,0,146.0,0,55.32909810982879,0,1017.7,26.13057055286322,6.061687267529976,98,,
2018,10,26,19,0,11.2,125,0,4.1,0,0.0,0,0.0,0,1018.6,14.929459699064637,7.365072361376328,108,,
2018,10,26,20,0,10.3,138,0,3.8,0,0.0,0,0.0,0,1019.4,15.631042544610466,8.367818949262016,116,,
2018,10,26,21,0,9.7,153,0,3.8,0,0.0,0,0.0,0,1019.9,4.749213613068434,5.555450821591307,123,,
2018,10,26,22,0,9.2,170,0,4.2,0,0.0,0,0.0,0,1020.2,358.9363960630089,3.367035200741685,126,,
2018,10,26,23,0,8.8,-172,0,4.7,0,0.0,0,0.0,0,1020.4,10.386671260972662,8.914386693222934,127,,
2018,10,27,0,0,8.4,-154,0,4.7,0,0.0,0,0.0,0,1020.6,10.772949893048008,9.052861744664668,123,,
2018,10,27,1,0,8,-139,0,4.5,0,0.0,0,0.0,0,1020.9,3.923332948542736,8.874067882159133,117,,
2018,10,27,2,0,7.6,-126,0,4.2,0,0.0,0,0.0,0,1021.2,7.128520060247922,8.41834283338303,109,,
2018,10,27,3,0,7.7,-115,0,4.2,0,0.0,0,0.0,0,1021.6,0.726187392680913,8.456489760615113,99,,
2018,10,27,4,0,8.2,-104,3.5,4.5,18,0.0,8,0.0,0,1022.1,0.5069001641331283,9.60340317417274,88,,
2018,10,27,5,0,8.7,-95,3.4,4.8,60,1.0,130,1.0,0,1022.6,6.128922002520994,9.995118609765145,77,,
2018,10,27,6,0,9.8,-85,0.1,4.9,71,4.0,335,24.510004679283163,0,1022.7,13.165326154752565,10.545478233813231,66,,
2018,10,27,7,0,11.6,-74,0,5,79,6.0,530,63.90340173300114,0,1022.5,14.084090159176014,13.117712018339056,54,,
2018,10,27,8,0,13.3,-60,0,5,83,19.0,696,157.42340123606436,0,1022.4,23.631004454218782,11.817082005874385,44,,
2018,10,27,9,0,14.3,-41,0,5,83,56.0,819,302.4474845998318,0,1022,19.92088076244454,12.906293986709676,35,,
2018,10,27,10,0,14.4,-16,0,4.9,83,47.0,884,324.24661139525097,0,1021.4,21.794502797632845,13.53930289863463,30,,
2018,10,27,11,0,14.5,14,0,4.8,81,202.0,888,559.4599264823898,0,1020.8,49.08618324886879,14.928623071690067,30,,
2018,10,27,12,0,14.6,40,0,4.9,78,710.0,831,879.6502496168208,0,1020.2,61.15932086052504,15.687229689894693,35,,
2018,10,27,13,0,14.6,59,0,5.3,75,757.0,716,885.4365212926235,0,1019.5,67.9041180793173,16.627704791125765,43,,
2018,10,27,14,0,14.6,73,0,5.6,71,742.0,554,808.2962748867855,0,1018.8,72.28732716696834,16.787268798852253,54,,
2018,10,27,15,0,14.2,84,0,5.9,63,737.0,363,691.0800747838454,0,1018.4,76.60092408559893,16.54910583155031,65,,
2018,10,27,16,0,13.2,94,0,6.3,48,729.0,166,533.9587777146712,0,1018.2,78.49942775368447,17.15297902650273,76,,
2018,10,27,17,0,12.3,104,0,6.6,16,676.0,22,338.7486138584272,0,1017.9,83.57628530826082,16.95974993139303,87,,
2018,10,27,18,0,11.2,114,0,6.6,0,622.0,0,134.52961373072569,0,1017.8,89.34984381934396,16.524013045728065,98,,
2018,10,27,19,0,9.9,125,0,6.3,0,0.0,0,0.0,0,1017.9,92.75378592702708,14.772185665452568,108,,
2018,10,27,20,0,8.6,138,0,6,0,0.0,0,0.0,0,1018,95.3814040324707,11.99549763625952,116,,
2018,10,27,21,0,8.1,153,0,5.9,0,0.0,0,0.0,0,1017.7,97.71228432496672,9.94764796221996,123,,
2018,10,27,22,0,8.4,170,0,6.1,0,0.0,0,0.0,0,1017,95.83607526214944,8.607602489109452,126,,
2018,10,27,23,0,8.7,-172,0,6.3,0,0.0,0,0.0,0,1016.4,92.00294696889364,7.795534316787658,126,,
2018,10,28,0,0,8.8,-154,0,6.5,0,0.0,0,0.0,0,1015.8,95.74355466823062,7.094208219407924,123,,
2018,10,28,1,0,8.6,-139,0,6.6,0,0.0,0,0.0,0,1015.3,86.42034744871813,7.362998285092878,117,,
2018,10,28,2,0,8.5,-126,0,6.7,0,0.0,0,0.0,0,1014.8,80.66542466756096,7.596688981252199,108,,
2018,10,28,3,0,8.7,-115,0,6.9,0,0.0,0,0.0,0,1014.6,79.34110391430454,7.795640820998157,98,,
2018,10,28,4,0,9.2,-105,4.5,7.3,20,0.0,6,0.0,0,1014.9,77.31727230473814,7.422559790892416,88,,
2018,10,28,5,0,9.8,-95,21.5,7.7,110,22.0,46,4.000000000000002,0,1015.1,81.85420134522201,6.931752844337692,77,,
2018,10,28,6,0,11.1,-85,44.8,8.1,215,155.0,6,83.39277332237728,0,1015.1,89.95654733556705,6.116456837091051,65,,
2018,10,28,7,0,13,-74,29,8.5,287,371.0,150,250.1201315606371,0,1014.9,77.57244756692643,2.157735851675036,54,,
2018,10,28,8,0,15,-60,11.3,8.9,244,682.0,447,491.69280541887457,0,1014.7,75.3145015580364,3.7153679751601305,44,,
2018,10,28,9,0,16.1,-42,5.2,9.1,178,762.0,673,674.4812716323885,0,1014.4,79.87852349837914,5.233299332734028,35,,
2018,10,28,10,0,16.3,-16,0.2,9,93,790.0,865,804.7034726429107,0,1013.9,67.33835287659667,5.897443725540607,29,,
2018,10,28,11,0,16.5,14,0,9,91,776.0,870,877.9493768814436,0,1013.4,54.00495171234133,5.567690035364994,29,,
2018,10,28,12,0,16.6,40,0,9,88,791.0,812,918.0218639529576,0,1013,47.33864670546512,5.415189210204907,34,,
2018,10,28,13,0,16.6,59,0,9.2,85,875.0,697,946.0848345788183,0,1012.6,43.90274986068874,6.103195152719425,43,,
2018,10,28,14,0,16.6,73,0,9.4,79,839.0,538,856.1437824088058,0,1012.3,44.26136295726207,6.869830116721585,53,,
2018,10,28,15,0,16.1,85,0,9.6,69,769.0,352,704.9135575396621,0,1012.3,46.40460693390713,7.859602369352729,64,,
2018,10,28,16,0,15.1,94,0,9.8,51,734.0,162,535.8102775175132,0,1012.6,46.32360961602086,8.332997845015985,76,,
2018,10,28,17,0,14,104,1.4,10,18,573.0000000000001,20,308.3702606140528,0,1012.9,50.07065604828836,9.000425990937376,87,,
2018,10,28,18,0,12.9,114,0,9.7,0,449.0,0,108.83604223941708,0,1013.3,52.98670664900277,9.247734040363923,98,,
2018,10,28,19,0,11.8,125,0,8.9,0,0.0,0,0.0,0,1013.7,54.76639811388884,9.657942157610067,107,,
2018,10,28,20,0,10.7,138,0,8.1,0,0.0,0,0.0,0,1014.2,60.445603353836646,10.0284575173326,116,,
2018,10,28,21,0,10,153,0,7.8,0,0.0,0,0.0,0,1014.3,63.99993876967784,9.52231297726697,122,,
2018,10,28,22,0,9.7,170,0,7.9,0,0.0,0,0.0,0,1014.2,65.33291091793791,9.349229118371383,126,,
2018,10,28,23,0,9.4,-172,0,8.1,0,0.0,0,0.0,0,1014.1,68.84454375666547,9.426042855873558,126,,
2018,10,29,0,0,9.2,-154,0,8.1,0,0.0,0,0.0,0,1014,70.38967330973759,9.08558515027868,123,,
2018,10,29,1,0,9,-139,0,8.1,0,0.0,0,0.0,0,1013.9,69.2264514629872,9.06281049788418,116,,
2018,10,29,2,0,8.8,-126,0,8,0,0.0,0,0.0,0,1013.8,73.77698466829719,8.741378794500928,108,,
2018,10,29,3,0,9.1,-115,0,8.2,0,0.0,0,0.0,0,1014,78.91002884091739,8.68040542311645,98,,
2018,10,29,4,0,9.8,-105,3.7,8.8,20,0.0,8,0.0,0,1014.3,83.48206409909756,8.299740201405791,88,,
2018,10,29,5,0,10.6,-95,4.3,9.3,65,22.0,124,4.000000000000002,0,1014.6,96.8941005414082,6.732270037933915,76,,
2018,10,29,6,0,11.9,-85,5.4,9.6,117,188.0,263,88.4839219949003,0,1014.9,109.84679580336388,4.471394410023541,65,,
2018,10,29,7,0,13.8,-74,18.5,9.8,211,454.0,285,269.4766075403562,0,1015,156.78940534248534,1.836110208382564,54,,
2018,10,29,8,0,15.8,-61,10.7,10,231,654.0,456,481.991543708742,0,1015.1,195.9868568896286,2.3171552762590264,44,,
2018,10,29,9,0,16.7,-42,5,9.9,185,785.0,658,682.0741643922013,0,1015,150.8552112507931,2.5761634647211857,35,,
2018,10,29,10,0,16.6,-16,1.9,9.6,140,818.0000000000001,791,834.8599948111807,0,1014.8,137.75231040804306,2.1714720866855264,29,,
2018,10,29,11,0,16.6,14,1.9,9.4,140,830.0000000000001,791,924.3156756152858,0,1014.5,123.7168462581452,0.7243876156436597,29,,
2018,10,29,12,0,16.5,40,2.3,9.3,141,710.0,728,895.5985739097673,0,1014.2,298.5397751879251,1.026602386907407,34,,
2018,10,29,13,0,16.4,60,0.9,9.5,111,846.0,657,947.4197059806348,0,1013.9,323.6905695065923,1.772057437419,43,,
2018,10,29,14,0,16.3,74,0,9.6,87,871.0,525,889.8645010547019,0,1013.6,306.95364771486254,3.140042417021071,53,,
2018,10,29,15,0,15.8,85,0,9.9,73,482.0,345,579.5000592582269,0,1013.4,300.0340325345282,3.522255819898675,64,,
2018,10,29,16,0,14.9,95,0,10.3,54,79.0,160,221.08486666610185,0,1013.4,281.7750158573486,4.241103263821542,76,,
2018,10,29,17,0,14,104,0.1,10.7,18,108.0,22,149.67872585576507,0,1013.4,267.9575385741516,4.404653794402237,87,,
2018,10,29,18,0,13.2,114,0,10.8,0,332.0,0,96.47742131122568,0,1013.5,263.80740637995234,5.0968793898235525,97,,
2018,10,29,19,0,12.4,125,0,10.5,0,0.0,0,1.0,0,1013.8,243.67274839380715,5.7085734900426575,107,,
2018,10,29,20,0,11.5,138,0,10.3,0,0.0,0,0.0,0,1014.1,241.16585312626253,6.508042861506602,116,,
2018,10,29,21,0,11.1,153,0,10.1,0,0.0,0,0.0,0,1014,251.05397394131808,6.188536378975611,122,,
2018,10,29,22,0,11,170,0,10.1,0,0.0,0,0.0,0,1013.7,256.92263910925226,7.260565134133148,125,,
2018,10,29,23,0,10.9,-172,0,10.1,0,0.0,0,0.0,0,1013.3,260.2813016336757,8.117722766252653,126,,
2018,10,30,0,0,10.8,-155,0,10,0,0.0,0,0.0,0,1013,269.6692776412533,6.978876027180903,122,,
2018,10,30,1,0,10.7,-139,0,9.9,0,0.0,0,0.0,0,1013,276.26235131805583,6.548843579454672,116,,
2018,10,30,2,0,10.6,-126,12.3,9.8,0,0.0,0,0.0,0,1012.9,272.7240924098091,6.297888231754836,108,,
2018,10,30,3,0,10.9,-115,2,10,0,0.0,0,0.0,0,1013,287.67653249928617,5.529374844652521,98,,
2018,10,30,4,0,11.5,-105,25.4,10.3,19,0.0,0,0.0,0,1013.3,295.30065110731204,5.056841218991354,87,,
2018,10,30,5,0,12.1,-96,56.9,10.7,82,6.0,0,4.0,0,1013.6,312.92556709386673,4.707174876700811,76,,
2018,10,30,6,0,13.3,-86,19.8,10.9,172,30.0,160,55.18376451931567,0,1013.6,332.2702439514051,5.296251693556053,65,,
2018,10,30,7,0,15,-75,3.1,11.1,138,76.0,443,159.96690336957684,0,1013.3,340.7981965190986,5.2666367880309695,54,,
2018,10,30,8,0,16.8,-61,16.8,11.3,321,173.0,320,317.6166289449894,0,1013.1,341.50051095541164,6.374047156725644,43,,
2018,10,30,9,0,17.6,-42,12.8,10.9,312,297.0,464,493.192393326284,0,1012.8,336.2698121126864,6.578684151051923,34,,
2018,10,30,10,0,17.7,-16,3,10,171,348.0,754,636.5389501940232,0,1012.5,324.71140799788066,7.148474291930858,29,,
2018,10,30,11,0,17.7,14,0,9.2,111,425.0,844,744.3892007406586,0,1012.2,325.42874926088155,7.568638989605455,29,,
2018,10,30,12,0,17.7,41,0,8.8,103,221.0,793,632.9459648642174,0,1011.9,333.8530544308338,8.752888781660403,34,,
2018,10,30,13,0,17.6,60,0,8.8,97,49.0,683,389.4361479444815,0,1011.6,337.7720898235418,9.47670912412976,42,,
2018,10,30,14,0,17.6,74,0,8.9,90,9.0,528,183.1733620488328,0,1011.3,341.2955925868577,9.619884729408536,53,,
2018,10,30,15,0,17,85,0,9.2,80,6.0,341,122.10611954957656,0,1011.1,341.0663196272993,10.208845935654285,64,,
2018,10,30,16,0,16.1,95,0,9.9,59,4.0,155,72.14283426969399,0,1011.2,345.2896877727569,10.021097845259725,75,,
2018,10,30,17,0,15.1,105,2.8,10.6,23,5.0,16,45.806708667305294,0,1011.3,351.0675284960087,10.177880414413906,86,,
2018,10,30,18,0,14.3,115,0,10.9,0,7.0,0,16.214848955471496,0,1011.4,355.74142000048766,10.037478337555498,97,,
2018,10,30,19,0,13.7,126,0,10.9,0,0.0,0,0.0,0,1011.6,2.787273732970561,10.106438712986796,107,,
2018,10,30,20,0,13.1,139,0,10.9,0,0.0,0,0.0,0,1011.7,15.451569693029455,8.949192045414218,115,,
2018,10,30,21,0,12.8,154,0,11,0,0.0,0,0.0,0,1011.6,24.142615393794813,8.121520441762426,122,,
2018,10,30,22,0,12.8,170,0,11.3,0,0.0,0,0.0,0,1011.1,36.04501748817631,8.801449231814487,125,,
2018,10,30,23,0,12.8,-172,0,11.5,0,0.0,0,0.0,0,1010.6,50.23639480584399,8.578223184464893,125,,
2018,10,31,0,0,12.9,-155,0,11.6,0,0.0,0,0.0,0,1010.2,59.95416393115869,8.123024487584956,122,,
2018,10,31,1,0,12.9,-140,0,11.6,0,0.0,0,0.0,0,1009.7,66.4156627573285,8.447016294471105,116,,
2018,10,31,2,0,12.9,-127,21.6,11.5,0,0.0,0,0.0,0,1009.3,71.0724911402433,7.391093495300829,107,,
2018,10,31,3,0,13.1,-115,39.1,11.6,0,0.0,0,0.0,0,1009,71.049311998684,6.750145862027683,98,,
2018,10,31,4,0,13.5,-105,33.6,11.8,19,0.0,0,0.0,0,1008.7,68.43829208796194,6.523648565841014,87,,
2018,10,31,5,0,13.8,-96,30.2,11.9,112,38.0,14,6.000000000000003,0,1008.5,67.2577329703862,6.2590850460106,76,,
2018,10,31,6,0,14.5,-86,49.4,12.1,191,287.0,0,112.12210099057876,0,1008.1,70.12165233721953,5.829519815724878,65,,
2018,10,31,7,0,15.5,-75,45.2,12.3,305,557.0,3,311.978549861794,0,1007.5,70.9001312957547,5.102681695870166,54,,
2018,10,31,8,0,16.6,-61,60.9,12.4,282,697.0000000000001,0,522.3142590735931,0,1006.9,74.04590044197658,4.856748999852526,43,,
2018,10,31,9,0,17.3,-43,55.1,12.5,379,776.0,0,710.998467182915,0,1006.1,75.01415478345683,4.834086277976184,34,,
2018,10,31,10,0,17.6,-16,60.7,12.6,356,876.0,0,863.0446768402688,0,1005.3,71.09542415738832,4.822635430965106,28,,
2018,10,31,11,0,18,14,65.8,12.7,310,910.0,0,965.6966109697054,0,1004.4,66.75486597999748,5.169647526568326,28,,
2018,10,31,12,0,18,41,74.3,12.8,218,929.0,0,1011.1277732537789,0,1003.6,63.16803624135139,5.578111157012774,34,,
2018,10,31,13,0,17.9,60,90.7,13.1,68,936.0,0,997.0648358927738,0,1002.7,63.4539906425573,5.913461153204538,42,,
2018,10,31,14,0,17.7,74,89.6,13.4,59,931.0,0,922.5297837354074,0,1001.9,60.32980578838408,5.970266823492806,53,,
2018,10,31,15,0,17.3,85,89.5,13.6,39,905.0,0,786.8657977139432,0,1001.4,56.22353962707979,5.837901182091753,64,,
2018,10,31,16,0,16.7,95,67.2,13.8,64,784.0,0,571.3251683998101,0,1001.2,55.30516690241524,5.521849429595411,75,,
2018,10,31,17,0,16,105,23.6,14,19,518.0,0,303.8303509895948,0,1001,59.58960005668115,5.388849076457724,86,,
2018,10,31,18,0,15.6,115,0,14,0,525.0,0,139.91608874615446,0,1000.8,74.93832895750472,4.72481299565135,97,,
2018,10,31,19,0,15.3,126,0,13.8,0,0.0,0,1.0,0,1000.6,69.65101207167663,3.890243396658558,107,,
2018,10,31,20,0,15,139,0,13.7,0,0.0,0,0.0,0,1000.5,69.05621262086959,3.546833735490643,115,,
2018,10,31,21,0,14.8,154,0,13.6,0,0.0,0,0.0,0,1000,76.3622868813249,3.881907374846306,121,,
2018,10,31,22,0,14.7,171,0,13.5,0,0.0,0,0.0,0,999.2,96.34483904044764,4.321145727506741,125,,
2018,10,31,23,0,14.5,-172,0,13.4,0,0.0,0,0.0,0,998.4,116.96619641223948,4.538084532128205,125,,
2018,11,1,0,0,14.4,-155,0,13.4,0,0.0,0,0.0,0,997.8,126.952797223103,4.150932079226352,122,,
2018,11,1,1,0,14.3,-140,0,13.4,0,0.0,0,0.0,0,997.4,197.04855900413423,3.778082237916677,115,,
2018,11,1,2,0,14.3,-127,0,13.5,0,0.0,0,0.0,0,996.9,226.3664768295104,6.095350417249255,107,,
2018,11,1,3,0,14.3,-116,0,13.6,0,0.0,0,0.0,0,996.7,228.70683358229425,8.883833428110963,98,,
2018,11,1,4,0,14.5,-106,27.6,13.7,14,0.0,1,0.0,0,996.8,221.14472613518092,10.891579918612004,87,,
2018,11,1,5,0,14.6,-96,79,13.9,39,5.0,0,4.0,0,996.8,219.1153597480737,11.140048109743413,76,,
2018,11,1,6,0,14.8,-86,85.7,13.7,58,16.0,0,44.35235661682484,0,996.8,215.3877060649032,11.851084360675747,64,,
2018,11,1,7,0,15,-75,86.2,13.3,81,60.0,0,148.13571669947842,0,996.8,216.0018994482412,11.142684877170108,53,,
2018,11,1,8,0,15.1,-62,69.3,12.8,236,151.0,4,304.4645924630781,0,996.8,217.7200835243261,11.1358939099198,43,,
2018,11,1,9,0,15.3,-43,79,12.3,182,40.0,0,264.66603134187415,0,996.6,223.21926547889976,11.683089431290616,34,,
2018,11,1,10,0,15.4,-17,80,11.8,188,17.0,0,282.3611437911192,0,996.3,225.29660321988084,12.839097428689245,28,,
2018,11,1,11,0,15.5,14,89.7,11.2,97,24.0,0,350.7061555384594,0,995.9,226.82229827926463,13.707644286080743,28,,
2018,11,1,12,0,15.4,41,90.5,10.9,85,31.0,0,388.6469971315262,0,995.7,223.18499485240832,13.7518052411617,33,,
2018,11,1,13,0,15.2,61,84.4,11,117,14.0,0,281.1971620810096,0,995.6,220.9880203558204,14.661438082674811,42,,
2018,11,1,14,0,14.9,75,76.2,11,136,6.0,0,170.81405248934496,0,995.5,220.13131150789457,14.31757412423512,52,,
2018,11,1,15,0,14.5,86,73.6,11,108,12.0,0,184.2789089567889,0,995.8,222.9379858765248,14.647941920734732,64,,
2018,11,1,16,0,14,96,79.2,11.1,45,10.0,0,124.41633947497988,0,996.3,222.51548850161416,14.487901429118793,75,,
2018,11,1,17,0,13.5,105,51.3,11.1,14,7.0,0,62.57405759166509,0,996.8,226.51517022523203,15.40809267874625,86,,
2018,11,1,18,0,13.1,115,38.1,11.1,0,13.0,0,28.345346059585577,0,997.3,236.2465857500437,15.73983082512554,97,,
2018,11,1,19,0,12.9,126,42.9,11,0,0.0,0,1.0,0,997.7,243.2578532686061,15.683886284671209,106,,
2018,11,1,20,0,12.7,139,41.6,11,0,0.0,0,0.0,0,998.1,243.0346946789041,15.504474449750653,115,,
2018,11,1,21,0,12.6,154,27.4,11,0,0.0,0,0.0,0,998.4,244.0534432623973,14.200950875816696,121,,
2018,11,1,22,0,12.7,171,42.8,11.1,0,0.0,0,0.0,0,998.5,272.359829816039,11.751909641047844,124,,
2018,11,1,23,0,12.8,-172,25.9,11.2,0,0.0,0,0.0,0,998.6,296.06490337972355,10.844360207969766,125,,
2018,11,2,0,0,12.7,-155,42.9,11,0,0.0,0,0.0,0,998.8,285.0324921019781,11.58922295471511,121,,
2018,11,2,1,0,12.4,-140,38.3,10.6,0,0.0,0,0.0,0,999.2,286.67151526109217,10.24357449228175,115,,
2018,11,2,2,0,12.1,-127,24.3,10.2,0,0.0,0,0.0,0,999.6,286.22536637559307,10.150382735759642,107,,
2018,11,2,3,0,11.9,-116,22.1,9.7,0,0.0,0,0.0,0,1000.3,306.06008800280546,9.808206217108737,97,,
2018,11,2,4,0,11.8,-106,16.8,9.1,24,0.0,1,0.0,0,1001.2,300.5574774175959,7.097523446066178,87,,
2018,11,2,5,0,11.7,-96,11.7,8.5,94,1.0,91,2.0,0,1002.1,290.8362395289629,6.491689417309085,76,,
2018,11,2,6,0,12,-87,16.3,7.8,178,4.0,172,32.60270489233035,0,1002.7,302.8836960605248,7.245947214788761,64,,
2018,11,2,7,0,12.7,-76,34.7,7.2,299,14.0,100,108.74603798045236,0,1002.8,264.87006511576726,7.579676911632319,53,,
2018,11,2,8,0,13.4,-62,17.3,6.6,232,23.0,420,198.87157978978195,0,1002.9,284.6421628237372,8.762859220936953,43,,
2018,11,2,9,0,13.8,-43,12.3,6,280,68.0,521,366.5299982361453,0,1003.1,304.3170673241678,9.448683731052611,34,,
2018,11,2,10,0,14,-17,6.3,5.4,211,81.0,707,414.8818618226966,0,1003.4,327.4243147526272,10.256919226353205,28,,
2018,11,2,11,0,14.3,15,3.4,4.8,159,229.0,792,615.1622278476964,0,1003.6,340.12708527181167,11.583096344270738,28,,
2018,11,2,12,0,14.3,42,0.9,4.3,102,484.0,816,795.866485873823,0,1003.9,344.6405288631264,11.81557136297474,33,,
2018,11,2,13,0,14,61,0,3.9,79,777.0,732,929.8994520543384,0,1004.2,333.16944304898533,12.88820967269661,42,,
2018,11,2,14,0,13.8,75,0,3.5,73,801.0,574,871.7546506652433,0,1004.5,332.1278511605856,15.747195296863495,52,,
2018,11,2,15,0,13.3,86,0,3.3,64,644.0,386,677.0645092249861,0,1005.1,339.7907868618961,18.235150522576244,63,,
2018,11,2,16,0,12.5,96,0,3.2,49,210.0,189,327.35967108242335,0,1006,338.1765944099819,19.130792133394223,75,,
2018,11,2,17,0,11.7,105,0.1,3.1,20,16.0,33,75.93434616822701,0,1006.9,344.3176266087773,19.81906451490301,86,,
2018,11,2,18,0,10.9,115,0,2.9,0,31.0,0,37.69883909647268,0,1007.7,5.747335308191452,18.145658377962032,96,,
2018,11,2,19,0,10,126,0,2.7,0,0.0,0,1.0,0,1008.6,4.045806665567284,18.3501726730964,106,,
2018,11,2,20,0,9.1,139,0,2.4,0,0.0,0,0.0,0,1009.5,2.39040633992704,19.053200659430395,114,,
2018,11,2,21,0,8.7,154,0,2.7,0,0.0,0,0.0,0,1009.9,3.6479743938634215,19.36589927589914,121,,
2018,11,2,22,0,8.8,171,0,3.3,0,0.0,0,0.0,0,1010,7.934511070557221,19.955201349384808,124,,
2018,11,2,23,0,8.9,-172,0,4,0,0.0,0,0.0,0,1010,10.65586591855083,19.411399624913752,124,,
2018,11,3,0,0,8.8,-155,0,4.5,0,0.0,0,0.0,0,1010.2,9.936334883389236,18.26593054686367,121,,
2018,11,3,1,0,8.6,-140,0,4.7,0,0.0,0,0.0,0,1010.3,2.0715488552733063,18.52626769101625,115,,
2018,11,3,2,0,8.4,-127,0,5,0,0.0,0,0.0,0,1010.5,357.3096705501806,19.12019515298065,107,,
2018,11,3,3,0,8.5,-116,0,5.2,0,0.0,0,0.0,0,1010.9,359.4604838506238,19.91250388150797,97,,
2018,11,3,4,0,8.9,-106,25.8,5.4,17,0.0,1,0.0,0,1011.6,7.691469770260596,20.1148080696367,86,,
2018,11,3,5,0,9.2,-97,71.8,5.6,63,6.0,0,5.0,0,1012.3,10.11801552143794,19.949413622040105,75,,
2018,11,3,6,0,9.9,-87,65.3,5.9,146,51.0,0,71.86637587727034,0,1012.7,14.560293719741026,19.42841360550604,64,,
2018,11,3,7,0,10.9,-76,36.4,6.4,209,193.0,200,223.06758593085715,0,1012.7,18.03089767046663,18.808453761577063,53,,
2018,11,3,8,0,11.9,-62,12.3,7,259,391.0,424,425.0114685786127,0,1012.8,18.59614776562927,18.577605534598867,42,,
2018,11,3,9,0,12.6,-44,38.7,7.3,532,464.0,21,585.984973300325,0,1012.7,20.03921410159205,16.74185134222685,33,,
2018,11,3,10,0,12.9,-17,54.7,7.5,436,470.0,0,711.9118122440495,0,1012.6,17.365482185812652,15.58588819758904,28,,
2018,11,3,11,0,13.3,15,29.9,7.8,500,584.0,177,839.8234029099352,0,1012.4,15.836328690097789,15.132962946422111,27,,
2018,11,3,12,0,13.5,42,2.1,7.9,158,423.0,728,781.3491786135424,0,1012.2,16.477096638893897,14.921366675940869,33,,
2018,11,3,13,0,13.6,61,18.9,8,348,421.0,296,755.8864367729769,0,1011.9,14.916335538916996,15.713081720018767,42,,
2018,11,3,14,0,13.7,75,21.4,8.1,322,303.0,171,614.6710041118954,0,1011.7,15.295868778139152,15.80599845129474,52,,
2018,11,3,15,0,13.5,86,35.6,8.2,266,254.0,14,483.62079969954016,0,1011.7,14.182572326889442,15.232601453786671,63,,
2018,11,3,16,0,13.1,96,8.8,8.3,103,153.0,100,302.7655871684234,0,1011.8,12.517311235646218,14.913068929101366,74,,
2018,11,3,17,0,12.7,106,5.9,8.4,31,120.0,15,172.8870961208122,0,1011.9,15.471682428829808,14.610250765004844,86,,
2018,11,3,18,0,12.2,116,0,8.4,0,48.0,0,47.98795033733392,0,1012.2,16.18042885328623,13.922327948329317,96,,
2018,11,3,19,0,11.7,127,0,8.2,0,4.0,0,1.023534003842283,0,1012.7,13.353604441536447,12.912089629267092,106,,
2018,11,3,20,0,11.2,139,0,8.1,0,0.0,0,0.0,0,1013.1,12.76277318513661,11.984077748338656,114,,
2018,11,3,21,0,10.9,154,0,7.7,0,0.0,0,0.0,0,1013.1,11.56675395465976,11.333433564820432,120,,
2018,11,3,22,0,10.9,171,0,7.3,0,0.0,0,0.0,0,1012.8,8.141369425765902,10.183442700329964,124,,
2018,11,3,23,0,11,-172,0,6.8,0,0.0,0,0.0,0,1012.5,7.611761096463852,9.77411414776417,124,,
2018,11,4,0,0,10.9,-155,0,6.5,0,0.0,0,0.0,0,1012.2,4.960755523176317,9.912619354207765,121,,
2018,11,4,1,0,10.7,-140,0,6.4,0,0.0,0,0.0,0,1012,356.2450100462969,9.543436845439448,115,,
2018,11,4,2,0,10.5,-127,0,6.3,0,0.0,0,0.0,0,1011.8,345.95773314679474,10.13841551469636,106,,
2018,11,4,3,0,10.6,-116,0,6.4,0,0.0,0,0.0,0,1011.8,346.65539345320497,10.580854624365053,97,,
2018,11,4,4,0,11,-106,9.4,6.6,31,0.0,6,0.0,0,1011.9,343.2176360210788,10.622599324924424,86,,
2018,11,4,5,0,11.4,-97,9.9,6.8,94,0.0,106,1.0,0,1012,346.19811272889274,9.525524245625904,75,,
2018,11,4,6,0,12.1,-87,8,7,121,2.0,282,17.315439943987407,0,1011.8,340.5732073604706,9.785380292752706,64,,
2018,11,4,7,0,13.3,-76,2.4,7.2,119,8.0,495,80.76434638889558,0,1011.4,333.99713710415256,10.793805717077063,53,,
2018,11,4,8,0,14.4,-63,5.2,7.4,181,29.0,572,201.14309376548323,0,1010.9,337.87127809303496,10.73745503999048,42,,
2018,11,4,9,0,15.2,-44,14.1,7.6,363,18.0,416,226.1521245918967,0,1010.3,333.742301777011,10.787436272266053,33,,
2018,11,4,10,0,15.5,-17,21.1,7.7,479,13.0,285,260.32017576442064,0,1009.6,335.8463339860562,11.106649944486792,27,,
2018,11,4,11,0,15.9,15,27.3,7.8,532,11.0,174,264.5731873204686,0,1009,324.78015140346287,8.344671109251319,27,,
2018,11,4,12,0,16,42,54.5,8,415,12.0,0,277.79042082067355,0,1008.3,333.63399696116784,10.937036964969474,32,,
2018,11,4,13,0,16,62,64.9,8.3,278,17.0,0,300.93683029723564,0,1007.6,336.61420311859894,11.449847422441094,41,,
2018,11,4,14,0,15.9,75,62.5,8.6,221,47.0,15,371.0707475207887,0,1007,339.9353005825732,11.659052823762648,52,,
2018,11,4,15,0,15.6,87,57.8,8.8,176,87.0,1,362.729583566891,0,1006.6,338.67525956722994,11.17134846600277,63,,
2018,11,4,16,0,14.9,96,54.8,9,102,114.0,0,288.7440779999394,0,1006.4,338.93559892159215,11.017731726187204,74,,
2018,11,4,17,0,14.3,106,44.5,9.2,19,88.0,0,164.19443895633165,0,1006.2,339.007427414224,10.816561823504808,85,,
2018,11,4,18,0,13.8,116,45.1,9.4,0,26.0,0,40.95707516202948,0,1006,337.2595130006947,9.759111169870028,96,,
2018,11,4,19,0,13.3,127,42.3,9.6,0,2.0,0,1.0181174091359773,0,1005.8,328.6868076846012,8.51295283677345,106,,
2018,11,4,20,0,12.9,139,38.6,9.8,0,0.0,0,0.0,0,1005.6,324.05134372982366,9.171595671525296,114,,
2018,11,4,21,0,12.8,154,38.1,10.1,0,0.0,0,0.0,0,1005,328.0661831597477,9.38549148023102,120,,
2018,11,4,22,0,13.1,171,37.9,10.5,0,0.0,0,0.0,0,1004.1,328.571148591555,8.356058172165442,123,,
2018,11,4,23,0,13.3,-172,33.2,10.9,0,0.0,0,0.0,0,1003.2,315.82919340553264,6.131547911675087,124,,
2018,11,5,0,0,13.5,-155,56.3,11.3,0,0.0,0,0.0,0,1002.5,310.5523476494082,5.734544974985986,120,,
2018,11,5,1,0,13.7,-140,57.1,11.8,0,0.0,0,0.0,0,1002,292.7462156569802,6.293415993746039,114,,
2018,11,5,2,0,13.9,-128,53.7,12.3,0,0.0,0,0.0,0,1001.6,285.0173734277342,6.342087687599541,106,,
2018,11,5,3,0,14,-117,44.1,12.8,0,0.0,0,0.0,0,1001.3,269.0644743571573,6.818535856281207,97,,
2018,11,5,4,0,14.1,-107,58.7,13.1,9,0.0,0,0.0,0,1001.1,262.089833718102,7.816315127579848,86,,
2018,11,5,5,0,14.1,-97,67.6,13.4,42,1.0,7,3.0,0,1000.9,258.7919259308791,7.487281545531379,75,,
2018,11,5,6,0,14.4,-87,79.2,13.7,81,3.0,0,27.483319627613135,0,1000.6,259.253917893438,8.475538545281088,64,,
2018,11,5,7,0,14.8,-77,77.7,13.9,127,8.0,0,90.7893932471935,0,1000.2,267.39341429889726,9.314080181082646,52,,
2018,11,5,8,0,15.3,-63,79.2,14,151,10.0,0,149.2504906286829,0,999.9,283.01767827426545,11.002233088930328,42,,
2018,11,5,9,0,15.7,-44,70.7,14.1,250,12.0,0,211.1332192269844,0,999.4,285.565222944321,11.16458107856395,33,,
2018,11,5,10,0,16,-17,54.3,14.2,417,18.0,0,276.33409575378346,0,998.7,280.02017831033925,10.49554259056677,27,,
2018,11,5,11,0,16.4,15,71.6,14.3,262,15.0,0,280.0899221457131,0,998.1,281.2084023411246,9.808168272135552,27,,
2018,11,5,12,0,16.3,43,74.7,14.4,218,19.0,0,312.1292193881806,0,997.5,297.90549063131954,9.99745744628416,32,,
2018,11,5,13,0,16,62,71.8,14.6,214,23.0,0,320.2632645426336,0,997,292.5948983065472,8.878231011160246,41,,
2018,11,5,14,0,15.6,76,63.6,14.9,217,57.0,0,378.3124867249655,0,996.5,301.9360584744596,8.448442900542869,52,,
2018,11,5,15,0,15.3,87,51.5,14.9,196,150.0,0,416.10468005346223,0,996.3,302.9086453170892,7.715600564268282,63,,
2018,11,5,16,0,15.1,97,58.1,14.8,94,338.0,0,414.0042845526311,0,996.4,304.7048642903946,6.923936739178607,74,,
2018,11,5,17,0,14.9,106,63.2,14.6,27,249.0,0,236.7064858742919,0,996.5,310.4017221912828,7.480809598881325,85,,
2018,11,5,18,0,14.8,116,82.1,14.5,0,141.0,0,81.3618918753653,0,996.7,334.71373288161067,6.90798239750323,96,,
2018,11,5,19,0,14.9,127,83.7,14.5,0,5.0,0,2.061349460864226,0,997.1,330.4850646044503,7.485023550074242,105,,
2018,11,5,20,0,14.9,140,86.5,14.4,0,0.0,0,0.0,0,997.4,330.1814974399929,6.787273491720812,114,,
2018,11,5,21,0,14.9,154,86.7,14.4,0,0.0,0,0.0,0,997.3,337.361758243188,7.260573540520225,120,,
2018,11,5,22,0,14.7,171,74,14.3,0,0.0,0,0.0,0,996.8,328.3941853227314,6.516350502221151,123,,
2018,11,5,23,0,14.5,-172,55.9,14.2,0,0.0,0,0.0,0,996.3,324.27369688377644,7.094919053765864,123,,
2018,11,6,0,0,14.3,-155,58.2,14.1,0,0.0,0,0.0,0,996,333.84724543414086,7.798925722554266,120,,
2018,11,6,1,0,14.2,-141,47.6,14,0,0.0,0,0.0,0,996,327.20836693349287,7.509689608463253,114,,
2018,11,6,2,0,14.1,-128,32.5,13.9,0,0.0,0,0.0,0,995.9,317.5278044308963,7.233476587128042,106,,
2018,11,6,3,0,14.1,-117,10.8,13.8,0,0.0,0,0.0,0,996.1,312.71029085171057,7.89876444033344,96,,
2018,11,6,4,0,14.3,-107,21.6,13.7,24,0.0,2,0.0,0,996.6,317.3703522322404,8.477515920293918,86,,
2018,11,6,5,0,14.5,-97,47.6,13.6,111,4.0,5,5.0,0,997.1,325.5241067907403,7.484755301320335,75,,
2018,11,6,6,0,15.2,-88,23,13.8,188,23.0,138,62.781218921200434,0,997.3,335.5777096499928,7.320817134077908,63,,
2018,11,6,7,0,16.3,-77,0,14.2,109,70.0,494,178.61974584413102,0,997.2,317.51486986147603,6.55067219469969,52,,
2018,11,6,8,0,17.4,-63,0.4,14.5,123,107.0,641,307.4778577168034,0,997.1,316.9934708703419,6.178666702047044,42,,
2018,11,6,9,0,17.8,-45,2.9,14.4,172,117.0,691,413.5988103003009,0,997,2.7124567704558444,5.282774236902121,32,,
2018,11,6,10,0,17.6,-17,0.8,13.8,133,86.0,816,421.6915068359552,0,996.9,13.36226663363675,3.3223639489929493,27,,
2018,11,6,11,0,17.3,15,10.8,13.3,297,61.0,563,417.3727840429855,0,996.8,28.964665358131413,3.4291697482809416,26,,
2018,11,6,12,0,16.9,43,26.8,12.6,476,88.0,190,477.5357290082732,0,996.9,32.481055712846626,5.1122074558809,32,,
2018,11,6,13,0,16.3,62,20.9,11.8,342,188.0,288,573.0675886646374,0,997.3,0.7641152055101088,6.022996547406325,41,,
2018,11,6,14,0,15.7,76,37.4,10.9,322,496.0,89,716.2136421797529,0,997.7,350.31166621678807,5.942170564846529,51,,
2018,11,6,15,0,14.9,87,41.2,10.2,192,848.0,71,783.42182054797,0,998.3,340.7396248710585,5.873675582618904,63,,
2018,11,6,16,0,14,97,40.8,9.4,124,797.0,19,600.2345291723645,0,999,334.1093990538528,7.29982647640587,74,,
2018,11,6,17,0,13,106,32,8.7,29,674.0,1,374.4601515027811,0,999.7,326.1464642170974,8.638921931988268,85,,
2018,11,6,18,0,12.5,116,19.5,8.4,0,385.0,0,132.0166577621919,0,1000.2,317.5055840792866,10.184236568389164,95,,
2018,11,6,19,0,12.2,127,38.1,8.4,0,5.0,0,2.0775617869528857,0,1000.4,321.39848344516184,11.842712822443888,105,,
2018,11,6,20,0,12,140,43.1,8.5,0,0.0,0,0.0,0,1000.6,326.137306817774,13.48458462548894,113,,
2018,11,6,21,0,11.8,154,40.5,8.7,0,0.0,0,0.0,0,1000.7,343.2293283279705,13.95588590981548,119,,
2018,11,6,22,0,11.5,171,42.7,9.1,0,0.0,0,0.0,0,1000.7,3.9807681218604216,12.34741622464634,123,,
2018,11,6,23,0,11.3,-172,16.7,9.5,0,0.0,0,0.0,0,1000.8,0.1141126306051774,11.277610257695777,123,,
2018,11,7,0,0,11.1,-156,20.2,9.6,0,0.0,0,0.0,0,1001.1,351.6853721930643,11.54616758427616,120,,
2018,11,7,1,0,10.9,-141,42.8,9.3,0,0.0,0,0.0,0,1001.5,348.04194064548176,11.67822771167578,114,,
2018,11,7,2,0,10.8,-128,42.9,9,0,0.0,0,0.0,0,1002,351.8203611043359,12.299933706275493,106,,
2018,11,7,3,0,10.8,-117,17.4,8.7,0,0.0,0,0.0,0,1002.7,3.750684932392062,12.491598989760586,96,,
2018,11,7,4,0,10.9,-107,26.4,8.4,33,0.0,6,0.0,0,1003.8,11.474035347824326,11.33418015806105,86,,
2018,11,7,5,0,11,-98,6.2,8.1,84,29.0,130,9.000000000000002,0,1004.8,11.523456775826048,10.548066579122723,75,,
2018,11,7,6,0,11.7,-88,8,7.8,147,155.0,247,104.97820062602138,0,1005.6,4.894453745430894,9.786172974658912,63,,
2018,11,7,7,0,13,-77,17.7,7.4,247,388.0,276,285.60484863836905,0,1006.1,354.5475704684853,9.866418622793216,52,,
2018,11,7,8,0,14.3,-64,22.4,6.9,307,422.0,307,441.87902935728187,0,1006.6,354.7993722132794,11.032231630302372,41,,
2018,11,7,9,0,14.9,-45,13.9,6.6,315,523.0,477,616.1085608829844,0,1007,357.380543033046,10.940386606499526,32,,
2018,11,7,10,0,15,-18,25.4,6.4,471,530.0,265,725.5612719794937,0,1007.4,359.1388114594979,12.475041955483624,26,,
2018,11,7,11,0,15.1,15,3.4,6.3,157,541.0,799,801.5631950619113,0,1007.7,1.0422742534086638,13.7437290305116,26,,
2018,11,7,12,0,15.1,43,0,6.2,87,489.0,845,799.0504475200254,0,1008,3.338654786189352,13.263967298133908,32,,
2018,11,7,13,0,15,63,0,6.2,84,486.0,734,775.4101323002337,0,1008.2,10.283904925916602,13.203567393639233,41,,
2018,11,7,14,0,14.8,76,0,6.3,78,466.0,579,697.8885128519428,0,1008.3,19.09514326737917,12.623544859355858,51,,
2018,11,7,15,0,14.4,87,0,6.3,68,441.0,394,580.3153005700963,0,1008.7,25.51853170221676,12.24888266362619,62,,
2018,11,7,16,0,13.5,97,0,6.2,53,381.0,201,420.96798604364255,0,1009.3,33.36680652327112,12.289662411373854,74,,
2018,11,7,17,0,12.7,107,1.7,6.1,26,384.0,39,280.44793856541924,0,1009.8,35.06132681533529,12.053758480346348,85,,
2018,11,7,18,0,11.8,116,0,6,0,273.0,0,111.82538177290353,0,1010.3,38.692650226661385,11.840268423531056,95,,
2018,11,7,19,0,10.8,127,0,5.8,0,12.0,0,2.2253778674874707,0,1010.7,40.18126065006959,10.898029543990267,105,,
2018,11,7,20,0,9.8,140,0,5.6,0,0.0,0,0.0,0,1011,41.06754461477124,10.771276933707863,113,,
2018,11,7,21,0,9.2,154,0,5.7,0,0.0,0,0.0,0,1011.2,44.28215778728003,10.582573049875773,119,,
2018,11,7,22,0,8.9,171,0,5.9,0,0.0,0,0.0,0,1011.1,48.38598364836759,9.996356920398185,123,,
2018,11,7,23,0,8.6,-172,0,6.1,0,0.0,0,0.0,0,1011,46.73764165323684,10.207851282078488,123,,
2018,11,8,0,0,8.3,-156,0,6.2,0,0.0,0,0.0,0,1011,41.85154190447628,10.231029822835632,120,,
2018,11,8,1,0,8.1,-141,19.2,6,0,0.0,0,0.0,0,1011.1,34.8015596243921,9.253831691610664,114,,
2018,11,8,2,0,7.8,-128,30.9,5.9,0,0.0,0,0.0,0,1011.2,31.70358632029996,9.25135300058755,105,,
2018,11,8,3,0,8.2,-117,5.8,5.9,0,0.0,0,0.0,0,1011.3,27.91808531497628,9.048990232949285,96,,
2018,11,8,4,0,9.1,-107,7,6.2,31,0.0,15,0.0,0,1011.6,25.413332039903764,8.946516054303304,85,,
2018,11,8,5,0,10.1,-98,0.5,6.4,66,41.0,161,10.000000000000002,0,1011.9,22.442982576179645,8.583461876635047,74,,
2018,11,8,6,0,11.5,-88,22.5,6.8,208,112.0,119,96.11913005397302,0,1011.9,18.690056561698725,8.860564395917658,63,,
2018,11,8,7,0,13.3,-77,29.3,7.4,290,186.0,145,226.49431318706723,0,1011.8,14.112150152969662,9.832886044518036,52,,
2018,11,8,8,0,15.1,-64,6.7,8,205,294.0,530,392.7355856549036,0,1011.6,10.46576690308558,10.224046256253624,41,,
2018,11,8,9,0,16,-45,0,8,140,419.0,757,570.0973896360482,0,1011.4,8.99200413040927,10.282868933251104,32,,
2018,11,8,10,0,16,-18,19.8,7.5,358,377.0,409,688.8441645888117,0,1011.2,6.368114172908804,10.345326885449031,26,,
2018,11,8,11,0,16.1,15,27.1,7,537,320.0,166,721.3950336126522,0,1011.1,4.206681319800623,10.224322383317796,26,,
2018,11,8,12,0,16.1,43,4.5,6.9,180,205.0,693,655.1797225604353,0,1010.8,5.155752135215323,9.986939415817362,31,,
2018,11,8,13,0,16.2,63,36.7,7.3,344,106.0,170,523.1120609065665,0,1010.4,3.934767782998677,10.346165089864297,40,,
2018,11,8,14,0,16.2,77,45.7,7.6,313,45.0,38,359.8879088172826,0,1009.9,3.306326469956673,9.753050803672622,51,,
2018,11,8,15,0,15.8,88,42.2,7.9,253,14.0,4,192.9190868119341,0,1009.7,6.060447182922076,10.27642843997996,62,,
2018,11,8,16,0,15.1,97,22.6,8.3,96,7.0,79,105.9325595087668,0,1009.6,4.474989795215606,9.09927245378306,73,,
2018,11,8,17,0,14.3,107,13.8,8.7,37,5.0,12,51.94840128813423,0,1009.5,7.341216333315629,8.98010603946723,85,,
2018,11,8,18,0,13.4,117,0,8.7,0,4.0,0,17.816777039792356,0,1009.5,7.870062780274168,8.216057746201399,95,,
2018,11,8,19,0,12.3,128,0,8.3,0,1.0,0,1.0220728209793628,0,1009.7,3.4336997393498336,8.050585441299669,105,,
2018,11,8,20,0,11.2,140,0,7.9,0,0.0,0,0.0,0,1009.9,2.64678338650873,7.253587759952362,113,,
2018,11,8,21,0,10.8,155,0,7.6,0,0.0,0,0.0,0,1009.7,1.1092453185144675,6.4570205836083945,119,,
2018,11,8,22,0,11.2,171,0,7.3,0,0.0,0,0.0,0,1009,352.4824327104416,5.732622679226583,122,,
2018,11,8,23,0,11.6,-172,0,7,0,0.0,0,0.0,0,1008.4,345.1507537378601,6.096926721874564,122,,
2018,11,9,0,0,11.9,-156,0,6.8,0,0.0,0,0.0,0,1007.8,333.04948706381333,6.215820053592026,119,,
2018,11,9,1,0,12.1,-141,0,6.9,0,0.0,0,0.0,0,1007.2,326.80089583512887,6.669444858813252,113,,
2018,11,9,2,0,12.4,-129,0,6.9,0,0.0,0,0.0,0,1006.6,323.61503529757374,7.736507564891558,105,,
2018,11,9,3,0,12.9,-117,0,7.3,0,0.0,0,0.0,0,1006.3,324.7778451179578,7.95729423316834,96,,
2018,11,9,4,0,13.7,-108,32.3,8,20,0.0,4,0.0,0,1006.2,324.20656915135567,7.99213316554956,85,,
2018,11,9,5,0,14.5,-98,34.4,8.7,104,2.0,58,5.0,0,1006.2,317.8161497810325,7.645848803456912,74,,
2018,11,9,6,0,16,-89,19,9.4,218,13.0,136,55.25829654189996,0,1006,317.4824823341387,7.656402823810835,63,,
2018,11,9,7,0,18.2,-78,0.5,10.1,118,45.0,505,163.2109598567721,0,1005.6,323.79507200200885,7.164984499175188,52,,
2018,11,9,8,0,20.4,-64,0,10.8,123,117.0,666,323.66700211690545,0,1005.3,330.61536240851893,7.14255539742104,41,,
2018,11,9,9,0,21.4,-46,2.8,11,178,281.0,700,537.1867987121298,0,1004.8,332.77501493830124,7.289759435994982,32,,
2018,11,9,10,0,21.3,-18,6.7,10.8,256,370.0,644,655.0209237497115,0,1004.2,323.6594129054332,6.961039228798438,26,,
2018,11,9,11,0,21.2,15,15.2,10.6,335,285.0,481,664.2141985233409,0,1003.6,319.0368276723349,7.756504286594518,25,,
2018,11,9,12,0,20.9,44,59.3,10.7,364,286.0,0,684.3445518315821,0,1003.1,326.4594674072315,8.976870064243043,31,,
2018,11,9,13,0,20.5,63,27,11,381,421.0,191,747.704610664357,0,1002.7,334.0857159615072,8.968979869116458,40,,
2018,11,9,14,0,20,77,19.3,11.3,232,492.0,258,722.4579447431914,0,1002.4,339.875803652506,9.148099901207,51,,
2018,11,9,15,0,19.1,88,5.3,11.6,130,442.0,283,590.286332170125,0,1002.3,338.72872607488216,8.613939466865801,62,,
2018,11,9,16,0,18,98,23.8,11.8,111,308.0,71,392.8961147146293,0,1002.6,334.9070111248502,9.09521657712599,73,,
2018,11,9,17,0,16.8,107,64.2,12,23,164.0,0,199.41309477864215,0,1002.9,331.8559285787825,9.057767869050716,84,,
2018,11,9,18,0,15.9,117,54.1,12,0,108.0,0,75.41551073829781,0,1003.3,326.4031369764418,8.366626175716595,95,,
2018,11,9,19,0,15.1,128,47.2,11.8,0,9.0,0,3.228438534805928,0,1003.8,323.59535310219854,7.943523603195004,104,,
2018,11,9,20,0,14.3,140,34.5,11.5,0,0.0,0,0.0,0,1004.3,323.81205389725113,7.954762666789594,113,,
2018,11,9,21,0,13.8,155,43.8,11.3,0,0.0,0,0.0,0,1004.5,322.6414167488861,8.049218556877015,119,,
2018,11,9,22,0,13.4,171,49.5,11,0,0.0,0,0.0,0,1004.7,324.706327880552,7.510556726741376,122,,
2018,11,9,23,0,13.1,-172,58.3,10.7,0,0.0,0,0.0,0,1004.8,335.5050009021789,7.030733030175774,122,,
2018,11,10,0,0,12.8,-156,58.4,10.2,0,0.0,0,0.0,0,1005,350.84670277955337,6.005426625113582,119,,
2018,11,10,1,0,12.6,-141,68.4,9.5,0,0.0,0,0.0,0,1005.3,354.7263141367557,6.119899577278359,113,,
2018,11,10,2,0,12.3,-129,61.3,8.9,0,0.0,0,0.0,0,1005.6,359.64317068487105,6.429079757093942,105,,
2018,11,10,3,0,12.1,-118,69.1,8.3,0,0.0,0,0.0,0,1006.3,354.9330322623331,6.368882783211223,96,,
2018,11,10,4,0,12,-108,66.6,7.7,18,0.0,0,0.0,0,1007.2,359.44837089202304,6.491755947454807,85,,
2018,11,10,5,0,12,-98,81.3,7.2,52,17.0,0,11.000000000000002,0,1008.1,1.888887445492628,6.369916314761088,74,,
2018,11,10,6,0,12.2,-89,69.7,6.8,126,93.0,13,95.42619770826498,0,1008.8,5.676571034696053,6.545771685657421,63,,
2018,11,10,7,0,12.9,-78,63.9,6.6,237,193.0,0,235.03827014013564,0,1009.3,8.329682776956929,6.194990426310915,52,,
2018,11,10,8,0,13.5,-65,42.5,6.4,466,399.0,8,441.6707971113513,0,1009.8,3.0218412624541315,5.927920438809476,41,,
2018,11,10,9,0,14,-46,42.7,5.9,517,586.0,26,650.1702199127442,0,1010.1,5.585171338303496,5.548803203866511,32,,
2018,11,10,10,0,14.3,-18,24.9,5.2,499,552.0,261,752.7644831453907,0,1010.2,2.876424966509489,5.779742895037742,25,,
2018,11,10,11,0,14.6,15,17,4.5,388,520.0,456,808.4086203121888,0,1010.3,358.34887298270337,6.507340509121354,25,,
2018,11,10,12,0,14.8,44,6.3,4.1,211,521.0,691,834.3288774170469,0,1010.4,357.32513736315354,7.1774980072754815,31,,
2018,11,10,13,0,14.7,63,3.6,4,149,378.0,666,729.2414257478968,0,1010.5,358.9684448955546,6.943263954333177,40,,
2018,11,10,14,0,14.6,77,0.4,3.8,86,328.0,594,631.3935246990961,0,1010.6,356.2093298114036,6.957359657482734,51,,
2018,11,10,15,0,14.2,88,0,3.9,69,207.0,417,453.71043247383454,0,1010.9,356.57126464803633,7.0171997494910245,62,,
2018,11,10,16,0,13.4,98,0,4,54,105.0,219,269.5750559466268,0,1011.4,0.8097804169108826,7.2553632933715075,73,,
2018,11,10,17,0,12.5,107,3.6,4.2,32,21.0,42,93.31243322851503,0,1011.9,358.9684448955546,6.943263954333177,84,,
2018,11,10,18,0,11.7,117,0,4.3,0,4.0,0,17.843579968677926,0,1012.4,0.5205052007038375,6.8799225653751375,95,,
2018,11,10,19,0,10.8,128,0,4.5,0,0.0,0,1.0,0,1012.8,5.086553405923041,6.597759980040702,104,,
2018,11,10,20,0,9.9,140,0,4.6,0,0.0,0,0.0,0,1013.2,12.173289141960709,7.028899287294249,112,,
2018,11,10,21,0,9.5,155,0,4.8,0,0.0,0,0.0,0,1013.4,18.992296092495167,6.666884662123728,118,,
2018,11,10,22,0,9.7,171,0,5.1,0,0.0,0,0.0,0,1013.4,24.449391328413583,6.60122786808042,122,,
2018,11,10,23,0,9.9,-172,0,5.3,0,0.0,0,0.0,0,1013.4,27.740957311282614,6.224742302673697,122,,
2018,11,11,0,0,9.9,-156,0,5.8,0,0.0,0,0.0,0,1013.5,31.642789646541075,6.518367002835568,119,,
2018,11,11,1,0,9.9,-142,27.4,6.4,0,0.0,0,0.0,0,1013.6,32.354727534371875,6.273228571774958,113,,
2018,11,11,2,0,9.9,-129,59.2,6.9,0,0.0,0,0.0,0,1013.7,32.823051668813946,5.732310045441488,105,,
2018,11,11,3,0,10.1,-118,59.7,7.5,0,0.0,0,0.0,0,1014,35.79096478766235,5.168103787942273,95,,
2018,11,11,4,0,10.6,-108,61.7,8.1,18,0.0,0,0.0,0,1014.5,35.98366968912876,4.612270473827439,85,,
2018,11,11,5,0,11.1,-99,69.4,8.7,72,27.0,0,13.046593115822809,0,1015,40.5788224976036,4.996206471690435,74,,
2018,11,11,6,0,11.9,-89,66.8,9.2,147,168.0,0,116.1454615576678,0,1015.2,45.76554694919918,5.439648965429641,63,,
2018,11,11,7,0,13,-78,37.7,9.8,382,371.0,12,293.5791869696524,0,1015.3,55.06310503852927,4.5526394958952405,51,,
2018,11,11,8,0,14.2,-65,51.1,10.4,386,550.0,0,499.1835292311434,0,1015.4,58.64161275191327,4.443786151218506,41,,
2018,11,11,9,0,14.7,-46,35.1,10.4,544,662.0,45,686.9946147198586,0,1015.4,62.59242456218158,3.8017265814363874,31,,
2018,11,11,10,0,14.7,-18,52.4,9.9,460,754.0,1,838.3986763125906,0,1015.2,58.97334514422994,4.157294013184329,25,,
2018,11,11,11,0,14.6,16,45.9,9.4,520,797.0,4,939.6908219301296,0,1015,53.4247094964876,4.330281852915987,25,,
2018,11,11,12,0,14.6,44,56.6,9.1,275,832.0000000000001,123,990.7189256377774,0,1014.8,49.73262467252909,4.475590738539063,31,,
2018,11,11,13,0,14.6,64,59.5,8.9,320,868.0,0,993.2219553326772,0,1014.6,49.06498747430919,4.987499071183273,40,,
2018,11,11,14,0,14.5,77,77.7,8.8,140,863.0,0,920.3869176658852,0,1014.4,45.9198155820128,5.505991544081004,50,,
2018,11,11,15,0,14.4,88,73.4,8.7,113,841.0,0,790.2164399243711,0,1014.3,48.61662459142315,5.60483259784784,62,,
2018,11,11,16,0,14.1,98,81.3,8.5,41,790.0,0,610.4146782855032,0,1014.3,55.50918467476879,5.329691575495298,73,,
2018,11,11,17,0,13.8,107,60.8,8.4,19,690.0000000000001,0,393.22844920331465,0,1014.4,62.20053945861878,4.728612395363466,84,,
2018,11,11,18,0,13.5,117,42.3,8.4,0,499.0,0,167.89838103466252,0,1014.4,69.10636517782518,4.544167128493589,94,,
2018,11,11,19,0,13.3,128,49,8.4,0,35.0,0,5.12133207679137,0,1014.4,81.63151017518902,4.8462783736489765,104,,
2018,11,11,20,0,13.1,140,54.1,8.4,0,0.0,0,0.0,0,1014.4,100.69782960619426,4.979364471682975,112,,
2018,11,11,21,0,12.9,155,56.7,8.3,0,0.0,0,0.0,0,1014.1,110.9009534165814,4.993627021287441,118,,
2018,11,11,22,0,12.6,171,59.7,8.1,0,0.0,0,0.0,0,1013.3,121.62945693781,4.2992689988979285,121,,
2018,11,11,23,0,12.3,-172,75.1,7.9,0,0.0,0,0.0,0,1012.5,161.02148957552458,3.979507142957423,122,,
2018,11,12,0,0,12.1,-156,66.4,8,0,0.0,0,0.0,0,1011.8,213.0399598130759,5.830550647800875,118,,
2018,11,12,1,0,12,-142,79.9,8.4,0,0.0,0,0.0,0,1011.2,216.086088678378,11.50776623925715,113,,
2018,11,12,2,0,12,-129,77.2,8.9,0,0.0,0,0.0,0,1010.6,224.7182721233825,10.21674616878924,105,,
2018,11,12,3,0,12,-118,70.1,9.3,0,0.0,0,0.0,0,1010.2,224.32188012666865,9.860479840070145,95,,
2018,11,12,4,0,12.1,-108,72.8,9.8,19,0.0,0,0.0,0,1010,221.04439117773043,10.0226351535036,85,,
2018,11,12,5,0,12.3,-99,37.8,10.2,133,10.0,5,9.0426375412227,0,1009.8,217.52102796735537,10.453848872188718,74,,
2018,11,12,6,0,12.7,-89,54.7,10.7,187,27.0,2,64.91800630959528,0,1009.3,212.6507239550972,11.676762233043222,62,,
2018,11,12,7,0,13.3,-79,58.7,11.3,251,18.0,0,108.62206810262526,0,1008.7,210.1708511823756,12.223543017299018,51,,
2018,11,12,8,0,13.9,-65,52,11.9,369,26.0,0,187.1062944592965,0,1008,223.47156011518524,9.947746335646825,40,,
2018,11,12,9,0,14.3,-47,41.9,12.3,397,41.0,123,285.4487026125046,0,1007.4,226.519464244614,9.51821436361196,31,,
2018,11,12,10,0,14.5,-19,54.2,12.6,438,42.0,0,367.0817818191727,0,1006.8,222.0839584134027,10.424678968614014,25,,
2018,11,12,11,0,14.7,16,51.7,13,465,150.0,0,581.098139411853,0,1006.2,225.22119803165387,11.402699722739722,25,,
2018,11,12,12,0,14.8,44,47,13.1,480,114.0,2,551.4529955553853,0,1005.6,222.66093311739428,11.911277390431636,30,,
2018,11,12,13,0,14.9,64,37,13.1,479,90.0,26,492.667950261304,0,1005.1,227.58711826681045,11.748981046120589,39,,
2018,11,12,14,0,14.9,78,42.4,13,315,109.0,53,464.3463633519599,0,1004.5,227.44427970792563,11.103357708159448,50,,
2018,11,12,15,0,14.8,89,46.9,12.9,224,232.0,27,487.701210654064,0,1004.3,229.44373671606024,10.512179951099348,61,,
2018,11,12,16,0,14.6,98,66.5,12.6,63,260.0,16,385.95099189353823,0,1004.3,211.43699406906973,11.872327528942057,73,,
2018,11,12,17,0,14.3,108,19.3,12.3,46,211.0,7,233.80451456760332,0,1004.3,210.0073389780422,11.006835488035172,84,,
2018,11,12,18,0,14,117,2.9,11.9,0,131.0,0,90.49783337964767,0,1004.3,213.963901622264,12.666092558710218,94,,
2018,11,12,19,0,13.7,128,3.7,11.4,0,10.0,0,4.35377211860403,0,1004.4,209.7710583081116,13.388666764250711,104,,
2018,11,12,20,0,13.4,141,0,10.9,0,0.0,0,0.0,0,1004.6,207.56662215020955,14.953478038690085,112,,
2018,11,12,21,0,13.2,155,0,10.8,0,0.0,0,0.0,0,1004.4,210.6577962983065,14.630930431775475,118,,
2018,11,12,22,0,13,171,0,10.9,0,0.0,0,0.0,0,1004.1,211.15374486493303,15.922533691752134,121,,
2018,11,12,23,0,12.8,-172,0,11,0,0.0,0,0.0,0,1003.8,210.99187231341355,16.04098141019919,121,,
2018,11,13,0,0,12.6,-156,0,11.1,0,0.0,0,0.0,0,1003.7,211.7233491190897,16.192673068306224,118,,
2018,11,13,1,0,12.4,-142,0,11,0,0.0,0,0.0,0,1003.7,214.77578380880152,15.898752699593151,112,,
2018,11,13,2,0,12.3,-129,0,10.9,0,0.0,0,0.0,0,1003.7,216.63750812405385,15.517803421449583,104,,
2018,11,13,3,0,12.3,-118,0,10.8,0,0.0,0,0.0,0,1004,220.54824675294685,14.272028295463391,95,,
2018,11,13,4,0,12.5,-109,7.6,10.6,39,0.0,18,0.0,0,1004.5,226.28211741522708,12.429443167557414,85,,
2018,11,13,5,0,12.7,-99,0.7,10.4,62,1.0,186,3.006747611350962,0,1005,233.73259662982176,10.754403177316332,74,,
2018,11,13,6,0,13.4,-90,3.5,10.1,106,4.0,337,31.73903193645244,0,1005.4,224.4137848279828,11.018218756412116,62,,
2018,11,13,7,0,14.7,-79,0.2,9.7,88,21.0,567,125.77508703812197,0,1005.5,222.0778054318859,10.880217574855056,51,,
2018,11,13,8,0,16,-66,0,9.2,89,283.0,734,415.1416216184514,0,1005.7,211.2203455154421,13.248189201867085,40,,
2018,11,13,9,0,16.5,-47,0.9,8.5,109,412.0,827,599.677100691644,0,1005.7,230.084177994767,7.521367886655817,31,,
2018,11,13,10,0,16.4,-19,1.3,7.4,117,417.0,882,703.1525323388928,0,1005.6,232.53487583782044,8.836414327665153,25,,
2018,11,13,11,0,16.3,16,0,6.4,86,393.0,934,757.431816606537,0,1005.4,234.24764981444133,9.748778184115585,24,,
2018,11,13,12,0,16.1,45,0,5.9,80,422.0,886,797.4491174010568,0,1005.2,231.9023654767268,10.744898367330563,30,,
2018,11,13,13,0,15.8,64,0,5.9,73,378.0,780,746.5612613544495,0,1005.1,241.8110745504524,10.140732107787082,39,,
2018,11,13,14,0,15.6,78,0,5.9,66,254.0,625,597.0891511070129,0,1004.9,278.03625185739804,8.431431035840463,50,,
2018,11,13,15,0,15.1,89,0,6.1,60,246.0,435,495.3611859729158,0,1005,281.4260547616707,6.827450616386271,61,,
2018,11,13,16,0,14.3,98,0,6.5,49,208.0,233,354.7270809808319,0,1005.5,304.05598120895814,4.27287666085702,72,,
2018,11,13,17,0,13.5,108,2.5,7,31,90.0,53,170.44419310103066,0,1006,342.63967995442096,6.627588827918589,83,,
2018,11,13,18,0,12.8,117,0,7.3,0,72.0,0,70.90051453758356,0,1006.4,19.24888089301743,4.875078060063156,94,,
2018,11,13,19,0,12.2,128,0,7.5,0,10.0,0,4.387190479865136,0,1006.9,18.692123585312345,5.3492905130721935,103,,
2018,11,13,20,0,11.5,141,0,7.7,0,0.0,0,0.0,0,1007.4,38.30155093060705,5.683219388712638,111,,
2018,11,13,21,0,11.1,155,0,7.8,0,0.0,0,0.0,0,1007.5,51.08964739546764,7.498699965655831,117,,
2018,11,13,22,0,11,171,0,7.9,0,0.0,0,0.0,0,1007.2,43.29930276545042,5.956407658190611,121,,
2018,11,13,23,0,10.9,-173,0,8.1,0,0.0,0,0.0,0,1006.9,46.11089469589501,6.188520140311606,121,,
2018,11,14,0,0,10.8,-156,0,8.2,0,0.0,0,0.0,0,1006.8,59.66874395274135,7.267192909305965,118,,
2018,11,14,1,0,10.9,-142,1.9,8.2,0,0.0,0,0.0,0,1006.7,52.8613573091053,7.22459119148369,112,,
2018,11,14,2,0,10.9,-130,21.1,8.3,0,0.0,0,0.0,0,1006.6,43.285308443619954,4.961636663715003,104,,
2018,11,14,3,0,11,-119,31.3,8.4,0,0.0,0,0.0,0,1006.6,38.48755669442488,4.426226910797803,95,,
2018,11,14,4,0,11.4,-109,14.4,8.6,44,0.0,8,0.0,0,1006.9,32.81915251965529,4.967144862805272,84,,
2018,11,14,5,0,11.7,-99,48.4,8.8,110,6.0,15,9.05502785896568,0,1007.1,35.11415986025071,5.075869308677792,73,,
2018,11,14,6,0,12.6,-90,29.9,9.1,217,12.0,107,53.24718009770604,0,1007.2,37.88944132919482,4.412612649922311,62,,
2018,11,14,7,0,14,-79,27.4,9.4,237,19.0,229,121.07732077935742,0,1007.3,14.06781138732896,2.1494249328865287,51,,
2018,11,14,8,0,15.4,-66,25.7,9.7,346,47.0,261,244.69461998669985,0,1007.3,10.958644031225276,3.2877362130158625,40,,
2018,11,14,9,0,16.1,-47,6.2,9.5,200,57.0,677,337.7675886609654,0,1007.3,3.1798301198642207,3.38020432074749,31,,
2018,11,14,10,0,16.1,-19,26.1,9,414,183.0,326,539.1597792185526,0,1007.1,3.917952446281447,5.1595191533394615,24,,
2018,11,14,11,0,16.2,16,27.8,8.4,379,325.0,346,697.539167114148,0,1007,0.3657317537704898,6.2725887270718825,24,,
2018,11,14,12,0,16.1,45,2.9,8.1,147,362.0,774,741.0184611072052,0,1006.9,5.863027145883393,7.122217672422281,30,,
2018,11,14,13,0,16,65,31.8,8.1,284,331.0,295,697.9874129215542,0,1006.9,48.69155411263887,5.681590379353134,39,,
2018,11,14,14,0,15.9,78,7.2,8,157,294.0,469,609.9660779517163,0,1006.9,58.76676988024872,6.552189311114016,50,,
2018,11,14,15,0,15.5,89,2.4,8,91,311.0,383,524.9755140181676,0,1007.2,55.18357533574954,6.748034619376816,61,,
2018,11,14,16,0,14.8,99,0,8.2,52,298.0,227,397.3370815187302,0,1007.8,64.52331628248623,5.77114471623736,72,,
2018,11,14,17,0,14.1,108,1.7,8.3,30,277.0,57,256.99832655347063,0,1008.4,59.77909344569423,5.667759313729767,83,,
2018,11,14,18,0,13.4,118,0,8,1,165.0,0,99.9803780748465,0,1008.9,55.78422168781367,6.073654025894226,94,,
2018,11,14,19,0,12.8,128,0,7.3,0,5.0,0,3.210301176167099,0,1009.4,44.74964266168121,6.51887550507494,103,,
2018,11,14,20,0,12.1,141,0,6.6,0,0.0,0,0.0,0,1009.9,49.39250339440133,7.339145109456045,111,,
2018,11,14,21,0,11.8,155,0,6.5,0,0.0,0,0.0,0,1010.2,50.17325503832211,7.528137679859344,117,,
2018,11,14,22,0,11.8,171,0,6.8,0,0.0,0,0.0,0,1010.3,44.58894919275764,8.349978965030376,121,,
2018,11,14,23,0,11.8,-173,0,7.2,0,0.0,0,0.0,0,1010.4,46.90729243136804,7.972315559042046,121,,
2018,11,15,0,0,11.6,-157,0,7.5,0,0.0,0,0.0,0,1010.6,54.301304598304114,8.301294827000586,118,,
2018,11,15,1,0,11.4,-142,0,7.6,0,0.0,0,0.0,0,1010.9,52.69778541568604,9.474048985611512,112,,
2018,11,15,2,0,11.1,-130,0,7.8,0,0.0,0,0.0,0,1011.2,54.52057069886246,9.714970040660454,104,,
2018,11,15,3,0,11.1,-119,0,8.1,0,0.0,0,0.0,0,1011.6,54.91051199757737,9.335317247927335,95,,
2018,11,15,4,0,11.5,-109,5.2,8.4,38,0.0,24,0.0,0,1012,54.5826035461601,9.652662116820698,84,,
2018,11,15,5,0,11.8,-100,25.2,8.8,125,40.0,54,16.46117341981225,0,1012.5,61.78654495669974,9.094122194099684,73,,
2018,11,15,6,0,12.8,-90,49.3,9.2,227,212.0,0,129.20970685042516,0,1012.8,73.76003733016171,8.955986887041172,62,,
2018,11,15,7,0,14.2,-80,70.2,9.6,187,476.0,0,325.3272200910727,0,1012.7,84.7153248728427,9.065389093737382,51,,
2018,11,15,8,0,15.7,-66,77.4,10,184,626.0,0,529.4370397883702,0,1012.7,85.71440972839525,9.200040096216316,40,,
2018,11,15,9,0,16.5,-48,45.6,10,298,724.0,216,716.3996683194478,0,1012.6,85.5821889630115,8.928382988507959,30,,
2018,11,15,10,0,16.6,-19,14.5,9.6,385,789.0,465,860.4292454728998,0,1012.3,84.51424923705292,8.920494500563864,24,,
2018,11,15,11,0,16.7,16,4.8,9.2,216,837.0,733,966.0827674321704,0,1012,82.72624603956211,9.203705081242052,24,,
2018,11,15,12,0,16.7,45,2,9.1,145,878.0,779,1021.2512875478604,0,1011.8,79.14312191995793,9.718633979153909,30,,
2018,11,15,13,0,16.6,65,3.6,9.1,153,914.0,649,1024.585648276257,0,1011.5,74.8750048340529,9.975190291585427,39,,
2018,11,15,14,0,16.5,78,3.5,9.1,144,923.0,502,960.0194944573204,0,1011.3,73.95080856896789,9.866736835931516,50,,
2018,11,15,15,0,16.1,89,6.8,9.2,138,903.0,311,830.3794674099491,0,1011.2,76.81431775244721,9.844502023702407,61,,
2018,11,15,16,0,15.3,99,0,9.4,64,869.0,211,653.8822912714194,0,1011.2,76.77030994488871,9.910480702960283,72,,
2018,11,15,17,0,14.5,108,4.2,9.5,38,781.0,46,434.92736606320005,0,1011.2,78.68381172112072,9.647515812762276,83,,
2018,11,15,18,0,13.5,118,0,9.5,1,596.0,0,198.52366010766988,0,1011.3,83.46182409595434,9.292614965771914,93,,
2018,11,15,19,0,12.5,129,0,9.4,0,67.0,0,9.04163789613334,0,1011.4,90.28118506551344,9.054064109611716,103,,
2018,11,15,20,0,11.4,141,0,9.4,0,0.0,0,0.0,0,1011.5,101.32754729016308,8.409916088964762,111,,
2018,11,15,21,0,10.6,155,0,9.2,0,0.0,0,0.0,0,1011.3,95.56465324172892,8.011387186243306,117,,
2018,11,15,22,0,10.1,171,0,8.9,0,0.0,0,0.0,0,1010.9,97.3312905777142,7.87295593875425,120,,
2018,11,15,23,0,9.6,-173,0,8.5,0,0.0,0,0.0,0,1010.5,106.04646833580456,7.623187807360302,120,,
2018,11,16,0,0,9.3,-157,0,8.3,0,0.0,0,0.0,0,1010.2,120.6467857852296,7.462479876326579,117,,
2018,11,16,1,0,9.1,-142,0,8.1,0,0.0,0,0.0,0,1010,158.03716934888917,5.262008387148969,112,,
2018,11,16,2,0,8.9,-130,0,7.9,0,0.0,0,0.0,0,1009.9,219.16506543062692,4.4405251856195855,104,,
2018,11,16,3,0,9.3,-119,0,8.1,0,0.0,0,0.0,0,1009.9,254.3508624294259,2.814788988921646,95,,
2018,11,16,4,0,10.3,-109,0,8.6,30,0.0,39,0.0,0,1010,271.7697998183717,3.1936621192890065,84,,
2018,11,16,5,0,11.4,-100,0,9.2,68,4.0,187,8.05526645089345,0,1010.1,303.4478096145077,2.6904418834264465,73,,
2018,11,16,6,0,12.9,-90,0,9.6,89,9.0,374,43.727705768468496,0,1010.1,338.31651395564853,2.7534288466026093,62,,
2018,11,16,7,0,14.8,-80,0.1,9.8,104,25.0,555,124.41702639014882,0,1010,347.99312855315384,2.4011638938481976,51,,
2018,11,16,8,0,16.6,-67,0.3,9.9,115,56.0,707,243.8253169145257,0,1009.8,20.53637830372213,2.164404115671063,40,,
2018,11,16,9,0,17.6,-48,0,10,110,146.0,836,423.36474556149375,0,1009.4,40.99168946053601,2.9809034138074457,30,,
2018,11,16,10,0,17.7,-20,0,9.8,111,281.0,898,593.9632742377618,0,1008.8,35.296201040567155,4.720530451945577,24,,
2018,11,16,11,0,17.7,16,0,9.6,110,390.0,902,720.7327296421431,0,1008.1,31.44326850330833,5.468258083562684,24,,
2018,11,16,12,0,17.7,45,0,9.7,106,509.0,849,812.0107342227373,0,1007.6,33.62749359128679,5.828079719469828,29,,
2018,11,16,13,0,17.7,65,0,10,99,662.0,744,877.4715744464403,0,1007,44.6013542592857,6.376717621221156,39,,
2018,11,16,14,0,17.6,79,0,10.3,88,816.0000000000001,596,895.3412723121163,0,1006.5,50.78084821575692,7.018545384027343,49,,
2018,11,16,15,0,17.1,89,0,10.7,75,687.0,418,716.2313638362289,0,1006.1,60.671140473398,7.911541223667281,61,,
2018,11,16,16,0,16.2,99,0,11.2,58,682.0,227,570.0494969567015,0,1006,66.31338384755469,7.990267052090594,72,,
2018,11,16,17,0,15.2,108,8.2,11.8,45,737.0,39,419.0308318036402,0,1005.8,68.78365625659427,8.586635602871784,83,,
2018,11,16,18,0,14.2,118,0,11.7,1,558.0,1,191.69428068332712,0,1005.8,72.96475535275022,8.549424751767786,93,,
2018,11,16,19,0,13.2,129,0,11.1,0,63.0,0,9.069866625989915,0,1006,80.00495303218264,8.77180363837047,103,,
2018,11,16,20,0,12.1,141,25.7,10.5,0,0.0,0,0.0,0,1006.2,86.55617026528523,8.323624817502232,111,,
2018,11,16,21,0,11.5,155,42.2,10.3,0,0.0,0,0.0,0,1006,86.3269451993192,8.155424288173448,117,,
2018,11,16,22,0,11.4,171,36.9,10.4,0,0.0,0,0.0,0,1005.4,86.94794447688997,7.882274178307882,120,,
2018,11,16,23,0,11.2,-173,38.2,10.5,0,0.0,0,0.0,0,1004.7,87.0216243712664,7.734079883224051,120,,
2018,11,17,0,0,11.3,-157,52.9,10.6,0,0.0,0,0.0,0,1004.1,88.32406869736542,7.329307102927537,117,,
2018,11,17,1,0,11.5,-143,37,10.8,0,0.0,0,0.0,0,1003.6,85.01991816239922,6.327843087592595,111,,
2018,11,17,2,0,11.7,-130,41.6,11,0,0.0,0,0.0,0,1003.1,82.70612094041655,6.64778796563234,104,,
2018,11,17,3,0,12.2,-119,51.1,11.2,0,0.0,0,0.0,0,1002.8,83.09500268032849,6.68717489165335,94,,
2018,11,17,4,0,13,-109,45.4,11.5,38,0.0,1,0.0,0,1002.7,88.94912236103107,6.349700809736846,84,,
2018,11,17,5,0,13.7,-100,64.1,11.9,84,89.0,0,20.42653701027924,0,1002.6,94.98446237359629,5.597339352291143,73,,
2018,11,17,6,0,15,-91,39.7,12.1,231,415.0,48,160.57669941847996,0,1002.2,96.35358523255128,4.959416343982953,62,,
2018,11,17,7,0,16.8,-80,34.7,12.3,326,590.0,91,351.3870641787701,0,1001.7,96.75211582182315,4.136355296766294,51,,
2018,11,17,8,0,18.5,-67,3.8,12.5,199,696.0000000000001,571,547.3212463371922,0,1001.2,88.8444792452728,4.443042208911315,40,,
2018,11,17,9,0,19.5,-48,1.4,12.4,174,748.0,733,717.6353342778708,0,1000.7,81.24181331761298,5.4836180129209415,30,,
2018,11,17,10,0,19.7,-20,10.4,12,299,781.0,586,846.3447122835227,0,1000.3,77.21805957405292,5.832022547475834,24,,
2018,11,17,11,0,19.8,16,9.7,11.6,303,761.0,596,913.6532858894808,0,1000,72.00806750081097,6.200673774478959,23,,
2018,11,17,12,0,19.7,46,0.4,11.2,121,802.0,820,967.8869162310868,0,999.7,65.54097873093531,6.684877688109962,29,,
2018,11,17,13,0,19.4,65,1.1,10.7,124,823.0000000000001,702,962.517552530986,0,999.4,57.76502837364154,6.871641522162682,38,,
2018,11,17,14,0,19,79,0.4,10.3,100,810.0,578,888.9787707014365,0,999.2,57.31647330268049,7.250546570432545,49,,
2018,11,17,15,0,18.3,90,34.4,10.1,218,831.0000000000001,111,787.020404447913,0,999.1,60.8990635856141,7.536312858919217,60,,
2018,11,17,16,0,17.3,99,21.6,10,127,756.0,84,601.2320908575484,0,999.3,68.70422317680163,8.54331561702601,72,,
2018,11,17,17,0,16.2,108,3.9,10,40,671.0,50,397.6895389214647,0,999.5,78.23970807325668,9.703691380014275,83,,
2018,11,17,18,0,15.2,118,0,10,1,490.0,1,178.59190076486266,0,999.9,85.15304354721991,9.829829727693784,93,,
2018,11,17,19,0,14.3,129,0,10,0,66.0,0,10.435212577502268,0,1000.3,90.53711843965846,9.531912974453986,102,,
2018,11,17,20,0,13.3,141,0,10.1,0,0.0,0,0.0,0,1000.8,98.18873602748688,9.278191858977744,110,,
2018,11,17,21,0,12.8,155,0,10.3,0,0.0,0,0.0,0,1000.9,103.747375671503,9.243057771082675,116,,
2018,11,17,22,0,12.7,171,0,10.6,0,0.0,0,0.0,0,1000.8,104.58116185393442,8.65422355260934,120,,
2018,11,17,23,0,12.6,-173,0,10.9,0,0.0,0,0.0,0,1000.7,104.57502116229692,8.072778600106876,120,,
2018,11,18,0,0,12.5,-157,0,11.1,0,0.0,0,0.0,0,1000.6,103.49054586830796,8.07610389468678,117,,
2018,11,18,1,0,12.5,-143,19.7,11.1,0,0.0,0,0.0,0,1000.7,104.65524721602644,8.029546512480207,111,,
2018,11,18,2,0,12.5,-130,43,11.2,0,0.0,0,0.0,0,1000.7,112.99044252009458,7.235878510091582,104,,
2018,11,18,3,0,12.5,-119,43,11,0,0.0,0,0.0,0,1001,145.93963588201245,4.49470930219252,94,,
2018,11,18,4,0,12.6,-110,42.3,10.8,36,0.0,3,0.0,0,1001.4,210.24454224997703,4.486406411138507,84,,
2018,11,18,5,0,12.7,-100,59.4,10.5,103,92.0,6,21.67079492145359,0,1001.9,203.3913632069542,4.80213680637512,73,,
2018,11,18,6,0,13.3,-91,45.7,10.4,215,353.0,38,151.27550555701703,0,1002.2,195.3451399723552,5.028893297909753,62,,
2018,11,18,7,0,14.5,-81,48.4,10.7,311,644.0,24,364.0161370249008,0,1002.3,191.75865647969223,4.383492843671257,50,,
2018,11,18,8,0,15.6,-67,36.6,10.9,369,775.0,154,573.2121184000129,0,1002.4,204.6014653596974,4.483394037010644,40,,
2018,11,18,9,0,16.3,-49,45.4,10.9,479,845.0,37,757.0701808820207,0,1002.4,225.03076742040884,5.786675469427328,30,,
2018,11,18,10,0,16.4,-20,37.3,10.5,497,898.0,136,902.5761202507096,0,1002.4,238.7036579054403,6.102287083388207,24,,
2018,11,18,11,0,16.5,16,44.2,10.2,506,925.0,59,999.9225911571832,0,1002.3,253.2331705247556,5.511152945390905,23,,
2018,11,18,12,0,16.7,46,29.9,10,485,940.0,186,1044.0379520766728,0,1002,253.46239992204733,5.006416096354841,29,,
2018,11,18,13,0,16.9,66,15,10,332,945.0,384,1030.7074005648756,0,1001.5,235.9135536140292,6.851442673090973,38,,
2018,11,18,14,0,17,79,2.5,10,159,938.0,503,959.3237074846244,0,1001,230.75699008957864,7.488111471162812,49,,
2018,11,18,15,0,16.8,90,1,10.2,121,917.0,358,830.9527338870804,0,1000.8,227.7550903732453,8.533469676409961,60,,
2018,11,18,16,0,16.1,99,37.8,10.4,135,872.0,45,653.51942683488,0,1000.9,222.9958510667603,9.754234690363146,71,,
2018,11,18,17,0,15.4,109,21.5,10.7,59,785.0,0,437.5016752734156,0,1001,219.1268448206133,10.24398173453547,82,,
2018,11,18,18,0,14.7,118,37.2,10.8,2,605.0,0,205.42477289238948,0,1001,217.5418285858102,10.57992675008187,93,,
2018,11,18,19,0,13.9,129,42.5,10.9,0,87.0,0,11.816026833200125,0,1000.8,216.9264620162788,10.633794244517468,102,,
2018,11,18,20,0,13.2,141,47.2,10.9,0,0.0,0,0.0,0,1000.6,215.5872918317453,11.930088683491809,110,,
2018,11,18,21,0,13.2,155,42.2,10.9,0,0.0,0,0.0,0,1000.2,214.3704079692025,13.452495834932671,116,,
2018,11,18,22,0,14,171,42.4,10.8,0,0.0,0,0.0,0,999.7,214.9643240189565,13.985126549755448,120,,
2018,11,18,23,0,14.8,-173,42.7,10.7,0,0.0,0,0.0,0,999.2,215.72505847355595,14.475008609914113,120,,
2018,11,19,0,0,15.2,-157,42.2,11.3,0,0.0,0,0.0,0,998.9,215.82328266551912,14.905709446796552,117,,
2018,11,19,1,0,15.1,-143,50.9,12.6,0,0.0,0,0.0,0,999,213.44064429492173,15.912232392541313,111,,
2018,11,19,2,0,15,-131,69,13.9,0,0.0,0,0.0,0,999,213.3115636149574,16.112997417377656,103,,
2018,11,19,3,0,15,-120,79.7,14.5,0,0.0,0,0.0,0,999.2,213.73331318253372,16.417220994220454,94,,
2018,11,19,4,0,15.2,-110,67.9,14.6,25,0.0,0,0.0,0,999.6,212.65108594812887,16.931228801661923,84,,
2018,11,19,5,0,15.3,-101,65.1,14.6,80,117.0,0,22.364542572343385,0,999.9,210.8570004715868,17.235595855287094,73,,
2018,11,19,6,0,15.9,-91,69.4,14.2,130,429.0,0,163.03985842922293,0,1000.2,209.26932310033115,17.26807099877168,62,,
2018,11,19,7,0,16.8,-81,69,13.5,196,689.0,0,375.3315358106267,0,1000.5,212.06426834737272,17.147829741046504,50,,
2018,11,19,8,0,17.7,-68,55.1,12.8,357,729.0,0,556.858368800556,0,1000.8,216.00110184064923,17.5375630168911,39,,
2018,11,19,9,0,18.1,-49,63.1,11.9,337,718.0,0,699.6500067659636,0,1001.2,217.12187236572169,18.286504960188548,30,,
2018,11,19,10,0,18,-21,46.6,11,520,772.0,0,866.1451235690972,0,1001.5,219.6461886845191,18.339103357159534,23,,
2018,11,19,11,0,18,16,48.5,10,503,832.0000000000001,0,977.6575445142316,0,1001.8,220.67774817653805,18.178216564045574,23,,
2018,11,19,12,0,17.7,46,52,9.5,407,791.0,34,988.1831473979976,0,1002,219.3062680293708,17.978360970995944,29,,
2018,11,19,13,0,17.3,66,63.7,9.3,299,747.0,0,947.2884817003606,0,1002,218.3026624722613,17.567601803470648,38,,
2018,11,19,14,0,16.8,79,62.3,9.1,166,765.0,86,888.2603670942782,0,1002,219.30714442358817,17.090069111237312,49,,
2018,11,19,15,0,16.4,90,82.9,9.1,83,690.0000000000001,0,737.1829262997447,0,1002.2,219.5163399706641,16.97938829542586,60,,
2018,11,19,16,0,15.9,99,81.8,9.3,50,422.0,0,469.60769593126906,0,1002.5,217.95290397053603,16.957277260599305,71,,
2018,11,19,17,0,15.5,109,63.7,9.4,30,316.0,0,283.5567514382888,0,1002.9,215.6380539962204,16.86424906314749,82,,
2018,11,19,18,0,15,118,57.6,9.5,1,294.0,0,142.6328458836949,0,1003.3,212.4668426076913,16.525530269110785,93,,
2018,11,19,19,0,14.5,129,64.9,9.6,0,36.0,0,9.111368077828196,0,1003.7,210.9539310939835,17.09107360599835,102,,
2018,11,19,20,0,14,141,57.5,9.6,0,0.0,0,0.0,0,1004.1,208.29627687801792,17.979729863676575,110,,
2018,11,19,21,0,13.6,155,58.8,9.7,0,0.0,0,0.0,0,1003.9,209.3784039619906,18.265184782220263,116,,
2018,11,19,22,0,13.4,171,52.6,9.7,0,0.0,0,0.0,0,1003.1,208.91563293664407,18.44834397548239,119,,
2018,11,19,23,0,13.2,-173,42.4,9.7,0,0.0,0,0.0,0,1002.2,206.57098893955887,18.963887354958253,119,,
2018,11,20,0,0,13,-157,42,9.9,0,0.0,0,0.0,0,1001.7,205.0846628898661,19.16583106475822,117,,
2018,11,20,1,0,12.8,-143,42.9,10.2,0,0.0,0,0.0,0,1001.6,206.23072392112283,19.141853880067085,111,,
2018,11,20,2,0,12.6,-131,43.8,10.5,0,0.0,0,0.0,0,1001.4,206.3763950632772,19.36513059494981,103,,
2018,11,20,3,0,12.6,-120,44.5,10.9,0,0.0,0,0.0,0,1001.3,205.7546228220744,19.614723997342708,94,,
2018,11,20,4,0,12.7,-110,58.6,11.3,20,0.0,0,0.0,0,1001.2,206.0868804526599,18.904604130819724,84,,
2018,11,20,5,0,12.9,-101,78.1,11.6,53,9.0,0,13.199547993874802,0,1001.2,204.71428414567464,19.039875381015825,73,,
2018,11,20,6,0,13.4,-91,39.9,11.9,209,20.0,70,65.00201528225791,0,1001.1,205.5324870072625,19.048758566197545,61,,
2018,11,20,7,0,14.2,-81,27.2,12.2,324,83.0,143,193.8573792546756,0,1001,207.78172707067264,18.15139985426645,50,,
2018,11,20,8,0,15.1,-68,66.9,12.5,270,60.0,0,257.40819834066536,0,1000.8,209.85697146182807,17.909032891673085,39,,
2018,11,20,9,0,15.6,-50,30.3,12.2,497,39.0,151,290.5717566767749,0,1000.6,213.00625628936376,17.514660152774887,30,,
2018,11,20,10,0,15.9,-21,35,11.4,518,28.0,130,344.0726100003085,0,1000.3,217.3940810175899,16.6948392923257,23,,
2018,11,20,11,0,16.2,16,55.5,10.6,405,16.0,43,312.3995805259816,0,1000,219.08268922651985,15.12612297878298,23,,
2018,11,20,12,0,16.3,46,66.4,10.1,318,17.0,2,321.80405979330067,0,999.7,222.6763252063964,13.080146555830508,28,,
2018,11,20,13,0,16.2,66,66.6,9.8,276,14.0,0,289.75455173466577,0,999.6,216.95955734554784,11.420277654730628,38,,
2018,11,20,14,0,16,80,26.3,9.4,357,11.0,142,232.29965639520307,0,999.4,233.357469581228,10.532700119018871,49,,
2018,11,20,15,0,15.5,90,17.3,9.3,197,8.0,211,162.89835213233567,0,999.6,212.98117274385768,11.400124096299558,60,,
2018,11,20,16,0,14.6,100,39.5,9.2,127,4.0,60,88.3762087243202,0,1000.2,201.82722683501555,12.475953442559756,71,,
2018,11,20,17,0,13.7,109,32.6,9.2,57,2.0,1,38.85105142866743,0,1000.9,226.04332216998623,7.423607702277265,82,,
2018,11,20,18,0,13,119,0,9.2,2,1.0,0,11.243405709937152,0,1001.5,225.63307677143112,9.124582281088369,92,,
2018,11,20,19,0,12.5,129,19.3,9.3,0,0.0,0,1.0,0,1002,221.8302023952656,12.9064911503465,102,,
2018,11,20,20,0,11.9,141,42.4,9.4,0,0.0,0,0.0,0,1002.5,232.12230079160832,10.391060523177098,110,,
2018,11,20,21,0,11.6,155,30.7,9.5,0,0.0,0,0.0,0,1002.9,234.303969300928,8.790126020723768,116,,
2018,11,20,22,0,11.5,171,4.7,9.6,0,0.0,0,0.0,0,1003.1,242.23287158407496,6.448348126948662,119,,
2018,11,20,23,0,11.4,-173,21.2,9.7,0,0.0,0,0.0,0,1003.4,311.4300736134038,5.680825126086725,119,,
2018,11,21,0,0,11.2,-157,35.2,9.5,0,0.0,0,0.0,0,1003.8,49.817308525452574,5.632556883029044,116,,
2018,11,21,1,0,11,-143,40.1,9.2,0,0.0,0,0.0,0,1004.4,48.63151863397911,6.126981025610386,111,,
2018,11,21,2,0,10.8,-131,42.9,8.9,0,0.0,0,0.0,0,1005,62.71575697175842,7.324136343937459,103,,
2018,11,21,3,0,10.6,-120,40.7,8.4,0,0.0,0,0.0,0,1005.7,56.272776343342514,7.622254006165764,94,,
2018,11,21,4,0,10.4,-110,37.1,7.7,41,0.0,3,0.0,0,1006.7,43.10944808680614,9.283067422553556,84,,
2018,11,21,5,0,10.3,-101,63.3,7,98,36.0,0,22.86560422484034,0,1007.6,45.87907693239316,9.676900885880638,73,,
2018,11,21,6,0,10.9,-92,62.2,6.6,184,186.0,0,142.5469684363766,0,1008.3,46.48560331172792,9.868285256254572,61,,
2018,11,21,7,0,12.2,-81,42.8,6.5,360,424.0,26,340.3883189916121,0,1008.7,52.22387649880688,8.811063027066961,50,,
2018,11,21,8,0,13.6,-68,23,6.5,339,622.0,307,563.1682198036281,0,1009.1,59.85224943586667,8.337787054745155,39,,
2018,11,21,9,0,14.5,-50,29.3,6.4,382,717.0,295,753.784889722273,0,1009.3,61.208736434360674,7.65645035462099,29,,
2018,11,21,10,0,14.9,-21,27,6.3,432,824.0000000000001,315,903.9973435476562,0,1009.3,58.19385574873547,7.233701143127796,23,,
2018,11,21,11,0,15.3,16,27.5,6.2,540,858.0,204,1004.2766139749648,0,1009.3,56.41018309278621,7.00459037286259,22,,
2018,11,21,12,0,15.4,46,32.6,6.3,512,878.0,141,1050.4843553826493,0,1009.3,60.5922203979481,7.128486788179909,28,,
2018,11,21,13,0,15.1,66,47.4,6.7,360,851.0,80,1017.6899413301692,0,1009.2,63.57371451134373,7.303163555110417,38,,
2018,11,21,14,0,14.9,80,35.1,7.1,275,645.0,167,839.5300162381598,0,1009.1,60.68077304704138,7.357497739185552,48,,
2018,11,21,15,0,14.6,90,49.4,7.4,230,427.0,32,614.7713372636213,0,1009.1,58.84011589946186,7.2044482267313,60,,
2018,11,21,16,0,14.1,100,63.6,7.6,110,311.0,0,424.5400710119473,0,1009.4,58.192212400462665,7.233829819670812,71,,
2018,11,21,17,0,13.6,109,48.2,7.8,40,196.0,1,239.96238709022765,0,1009.6,66.6490970263988,7.512799757024791,82,,
2018,11,21,18,0,13.1,119,0,7.8,2,68.0,1,78.7645891868946,0,1009.9,79.43038487197452,8.39711450136553,92,,
2018,11,21,19,0,12.6,129,19.3,7.7,0,8.0,0,6.521413662079736,0,1010.2,91.96343675133994,9.769407546866711,102,,
2018,11,21,20,0,12.1,141,42.8,7.5,0,0.0,0,0.0,0,1010.6,105.15792351163782,10.94373415526981,110,,
2018,11,21,21,0,11.9,155,42.8,7.5,0,0.0,0,0.0,0,1010.4,112.84614167938452,11.084671778936473,115,,
2018,11,21,22,0,11.9,171,22.9,7.7,0,0.0,0,0.0,0,1009.8,117.36525572243238,10.139832082116106,119,,
2018,11,21,23,0,11.9,-173,0,7.8,0,0.0,0,0.0,0,1009.2,118.33679162915983,8.33410177065456,119,,
2018,11,22,0,0,11.9,-158,0,7.9,0,0.0,0,0.0,0,1008.7,124.90564256326633,6.951838770851471,116,,
2018,11,22,1,0,11.9,-143,0,7.9,0,0.0,0,0.0,0,1008.2,155.3417443339987,3.36011149295249,111,,
2018,11,22,2,0,11.9,-131,0,7.9,0,0.0,0,0.0,0,1007.8,251.5151460495361,5.672800929046633,103,,
2018,11,22,3,0,12.1,-120,0,7.9,1,0.0,0,0.0,0,1007.5,249.4615883435601,5.29219745492013,94,,
2018,11,22,4,0,12.5,-111,41.8,8,35,0.0,1,0.0,0,1007.5,221.85591424715028,2.241048623318,83,,
2018,11,22,5,0,12.8,-101,75.3,8.1,64,2.0,0,6.051649780667317,0,1007.4,198.93499925635152,4.016152937209229,73,,
2018,11,22,6,0,13.4,-92,71.5,8.3,136,4.0,0,32.814087026057024,0,1007.3,185.8816714250968,3.92152318098344,61,,
2018,11,22,7,0,14.2,-82,60.6,8.5,261,4.0,0,63.54708696838243,0,1007,176.72988174036243,5.396971469010333,50,,
2018,11,22,8,0,15,-69,41.1,8.6,451,18.0,40,178.06913708033426,0,1006.8,182.8571127509175,2.507755944395659,39,,
2018,11,22,9,0,15.5,-50,63.5,8.7,341,43.0,1,312.5024721947364,0,1006.4,135.7353407222284,2.4750775720018874,29,,
2018,11,22,10,0,15.6,-22,38.7,8.6,487,24.0,131,352.8331308339812,0,1005.8,108.73414077451564,3.252650738828873,23,,
2018,11,22,11,0,15.6,16,38.3,8.5,549,22.0,74,374.85434703204,0,1005.2,94.90249812882617,4.9107880349009045,22,,
2018,11,22,12,0,15.6,47,35.7,8.5,411,11.0,204,300.25690868394787,0,1004.7,83.38411812628641,7.401828818415116,28,,
2018,11,22,13,0,15.3,66,54.9,8.7,379,8.0,0,245.3141971491636,0,1004.2,91.77593017306197,9.50065722199878,37,,
2018,11,22,14,0,15,80,38.7,8.9,368,8.0,52,224.79366217158736,0,1003.7,95.8220309700315,11.528460501206638,48,,
2018,11,22,15,0,14.7,91,51.8,9.1,230,12.0,16,213.90039012695868,0,1003.4,94.03665212963824,14.268061896653368,59,,
2018,11,22,16,0,14.2,100,58.7,9.3,119,9.0,0,139.3919516780879,0,1003.3,91.476465925514,16.27835375016719,71,,
2018,11,22,17,0,13.8,109,59.3,9.5,40,4.0,0,58.72483260533971,0,1003.3,91.4704039369189,17.220758457707145,82,,
2018,11,22,18,0,13.3,119,42.2,9.5,2,2.0,0,21.49928656335301,0,1003.2,87.922351384411,17.731138648274126,92,,
2018,11,22,19,0,13,129,42.5,9.5,0,1.0,0,3.0684064052054376,0,1003.2,83.43870485790927,18.40251554742153,101,,
2018,11,22,20,0,12.6,141,42.7,9.5,0,0.0,0,0.0,0,1003.2,81.5292180385207,18.668743150209817,109,,
2018,11,22,21,0,12.4,155,42.8,9.6,0,0.0,0,0.0,0,1002.9,78.60194969367785,18.772827470308084,115,,
2018,11,22,22,0,12.3,171,40.6,9.7,0,0.0,0,0.0,0,1002.4,76.20035054880043,18.885195085039538,119,,
2018,11,22,23,0,12.3,-173,39.5,9.8,0,0.0,0,0.0,0,1002,74.69009417151824,19.19081337026763,119,,
2018,11,23,0,0,12.2,-158,35.4,9.8,0,0.0,0,0.0,0,1001.7,72.54589624434811,18.63561791307232,116,,
2018,11,23,1,0,12.1,-144,17.8,9.7,0,0.0,0,0.0,0,1001.5,68.42640951674485,18.151726789602,110,,
2018,11,23,2,0,12,-131,0,9.5,0,0.0,0,0.0,0,1001.4,66.47452681829122,17.660521777073736,103,,
2018,11,23,3,0,12,-120,0,9.4,1,0.0,0,0.0,0,1001.5,65.11879265718534,17.94302220192287,94,,
2018,11,23,4,0,12.1,-111,32.7,9.4,34,0.0,4,0.0,0,1001.8,68.04656549849824,18.4019922309134,83,,
2018,11,23,5,0,12.3,-102,32.9,9.4,156,1.0,28,6.027510790714801,0,1002.2,71.58378350329536,17.946698721063626,72,,
2018,11,23,6,0,12.9,-92,30.2,9.5,155,2.0,182,33.410139228744164,0,1002.4,69.33181609916267,17.60732558102969,61,,
2018,11,23,7,0,14,-82,20.3,9.8,231,4.0,300,81.55235914768883,0,1002.4,72.45893201590752,17.21195698271466,50,,
2018,11,23,8,0,15.1,-69,28.1,10.1,302,8.0,297,157.48438692377388,0,1002.5,75.0327088416114,16.85377326297152,39,,
2018,11,23,9,0,15.6,-51,42.8,10.1,423,11.0,120,225.81467570913395,0,1002.5,80.17593102514297,16.954424988438145,29,,
2018,11,23,10,0,15.4,-22,40,9.8,436,30.0,171,316.8233580160667,0,1002.5,82.6885536792658,17.328888811797736,22,,
2018,11,23,11,0,15.3,16,34.6,9.6,443,53.0,222,417.8919107845275,0,1002.4,84.09876998970668,17.19439126666235,22,,
2018,11,23,12,0,15.1,47,50.9,9.4,406,107.0,68,529.9126332201763,0,1002.4,83.99279420231585,17.489349083830298,28,,
2018,11,23,13,0,15,67,65,9.3,246,213.0,51,624.0709559410992,0,1002.3,82.59923735722225,17.120898016529466,37,,
2018,11,23,14,0,14.9,80,49.5,9.3,322,382.0,34,683.0996703368683,0,1002.2,83.64361823268615,17.46061075574774,48,,
2018,11,23,15,0,14.7,91,54.6,9.4,232,572.0000000000001,0,686.4862349609612,0,1002.3,85.55794777722434,17.696467625049866,59,,
2018,11,23,16,0,14.2,100,59.5,9.6,118,723.0,0,614.9515759896299,0,1002.6,86.69754167254229,17.672658720775587,71,,
2018,11,23,17,0,13.7,109,42.5,9.9,55,661.0,0,418.88083521074407,0,1002.8,87.01953874584927,17.17117625577306,81,,
2018,11,23,18,0,13.4,119,0.7,10.1,3,473.0,1,194.5375963496253,0,1003.1,87.91947099578601,16.475949020504714,92,,
2018,11,23,19,0,13.3,129,0,10.3,0,85.0,0,16.08683358417597,0,1003.3,88.52864339807019,15.992577656588228,101,,
2018,11,23,20,0,13.1,142,0,10.4,0,0.0,0,0.0,0,1003.4,88.96045679807088,15.744534719324154,109,,
2018,11,23,21,0,13,155,0,10.5,0,0.0,0,0.0,0,1003.4,92.17928787769836,15.498514327251016,115,,
2018,11,23,22,0,12.9,171,0,10.5,0,0.0,0,0.0,0,1003.1,91.74554340795623,15.244378640701218,118,,
2018,11,23,23,0,12.9,-173,0,10.4,0,0.0,0,0.0,0,1002.9,90.40693789361796,15.090468502121894,119,,
2018,11,24,0,0,12.8,-158,0,10.4,0,0.0,0,0.0,0,1002.7,91.4440786970502,15.054586056821336,116,,
2018,11,24,1,0,12.8,-144,15.1,10.3,0,0.0,0,0.0,0,1002.6,89.93137557786963,14.880137626187102,110,,
2018,11,24,2,0,12.7,-131,33,10.2,0,0.0,0,0.0,0,1002.4,88.89094942629174,14.757891590639527,103,,
2018,11,24,3,0,12.8,-121,44.6,10.2,1,0.0,0,0.0,0,1002.4,89.9291866625785,14.420177029126174,93,,
2018,11,24,4,0,13.1,-111,43.2,10.2,41,0.0,0,0.0,0,1002.5,93.37362054260252,13.88172266240016,83,,
2018,11,24,5,0,13.3,-102,52.8,10.1,119,36.0,0,23.04761499229358,0,1002.6,93.17316885270549,13.6285613878199,72,,
2018,11,24,6,0,13.8,-92,44.4,10.2,217,202.0,41,140.71481427694158,0,1002.6,93.72686629491004,13.529098956462732,61,,
2018,11,24,7,0,14.7,-82,30.4,10.3,325,449.0,128,334.7976020413176,0,1002.5,94.73376273986088,13.68535357676715,50,,
2018,11,24,8,0,15.5,-69,32.2,10.4,354,508.0,209,505.2949893036975,0,1002.4,95.90181353803696,13.415100033092438,39,,
2018,11,24,9,0,15.8,-51,45.3,10.4,398,408.0,121,597.2528452638596,0,1002.1,93.4326259512411,13.345720965243574,29,,
2018,11,24,10,0,15.6,-22,53.3,10.2,385,408.0,85,687.0013087197201,0,1001.8,92.57678755726164,13.603110037492428,22,,
2018,11,24,11,0,15.4,16,73.6,10.1,268,478.0,0,790.4500528781214,0,1001.4,91.473555539575,13.196502751568326,22,,
2018,11,24,12,0,15.2,47,60.6,10,377,508.0,0,831.9932358876374,0,1001,90.21687312496624,12.964448341806202,28,,
2018,11,24,13,0,15,67,62.5,10,284,565.0000000000001,33,844.2934589119633,0,1000.5,86.2584134616418,12.656616040811633,37,,
2018,11,24,14,0,14.8,80,65.6,10,239,645.0,0,824.0873874096195,0,1000,86.67531462298291,12.780788394641457,48,,
2018,11,24,15,0,14.5,91,63.7,10.1,178,461.0,0,620.898781064564,0,999.7,84.72304357793001,12.813584288795578,59,,
2018,11,24,16,0,14,100,59.4,10.1,122,400.0,0,462.6208364345945,0,999.5,85.87258669807619,12.89991150629755,70,,
2018,11,24,17,0,13.6,109,46,10.1,57,197.0,0,236.046589594531,0,999.3,87.46301898004481,12.503710467859449,81,,
2018,11,24,18,0,13.3,119,42.6,10.1,2,220.0,0,130.26963269051384,0,999.3,89.93617429425552,12.05396255716376,92,,
2018,11,24,19,0,13,130,24.7,10,0,46.0,0,12.440074910354229,0,999.3,87.36375428613712,10.578822807386908,101,,
2018,11,24,20,0,12.7,142,0.1,9.8,0,0.0,0,0.0,0,999.4,87.34445093330987,10.596828938808471,109,,
2018,11,24,21,0,12.6,155,0.7,9.8,0,0.0,0,0.0,0,999,89.38524465021544,10.376085534813797,115,,
2018,11,24,22,0,12.6,171,20.4,9.8,0,0.0,0,0.0,0,998.3,92.58314661570812,10.01066041398916,118,,
2018,11,24,23,0,12.7,-173,42.8,9.7,0,0.0,0,0.0,0,997.5,95.9746488599879,9.440685650334888,118,,
2018,11,25,0,0,12.7,-158,39.1,9.9,0,0.0,0,0.0,0,996.7,102.1661672728701,9.070665893110291,116,,
2018,11,25,1,0,12.6,-144,65.7,10.2,0,0.0,0,0.0,0,995.9,107.44962645510287,7.50657835789306,110,,
2018,11,25,2,0,12.5,-132,95.4,10.6,0,0.0,0,0.0,0,995.1,115.37914655382356,6.699812526357449,102,,
2018,11,25,3,0,12.6,-121,78.6,10.8,0,0.0,0,0.0,0,994.4,126.14977505021544,5.2681407012777886,93,,
2018,11,25,4,0,12.8,-111,84.7,11,8,0.0,0,0.0,0,993.8,143.14858933569178,3.631933782807832,83,,
2018,11,25,5,0,13,-102,95.5,11.2,11,108.0,0,29.303959766298448,0,993.2,147.3835231131867,2.3851826496081445,72,,
2018,11,25,6,0,13.5,-93,91.1,11.5,39,395.0,0,172.09677653706123,0,992.4,133.98324069887417,2.1403017565735665,61,,
2018,11,25,7,0,14.4,-82,87.8,11.8,77,586.0,0,366.7835027078125,0,991.3,119.55570556623184,2.109449879765412,50,,
2018,11,25,8,0,15.3,-70,82.9,12.1,135,712.0,0,570.5463328055588,0,990.2,109.02292915611304,2.384881306559789,39,,
2018,11,25,9,0,16,-52,74.8,12,231,790.0,0,753.7149893176964,0,989.1,105.97687395062984,3.357218782275099,29,,
2018,11,25,10,0,16.5,-23,82.5,11.6,170,844.0,0,897.970630282625,0,988,81.92318491162024,3.97226383067764,22,,
2018,11,25,11,0,17,16,79.7,11.2,199,867.0,0,992.2676871475765,0,986.9,74.8655693813335,6.617712930042943,21,,
2018,11,25,12,0,17.2,47,76.9,10.9,217,861.0,0,1023.0991302873337,0,985.8,77.21494036151302,7.424805169166349,27,,
2018,11,25,13,0,17.1,67,83,10.8,139,665.0,0,898.000149133674,0,984.7,79.84390165743679,7.2924886135774845,37,,
2018,11,25,14,0,17,80,88.3,10.6,79,605.0,0,801.041941831555,0,983.6,79.18905732746884,8.52160754257956,48,,
2018,11,25,15,0,16.6,91,90.8,10.8,42,505.0,0,643.7806168224797,0,982.8,81.00404265576424,10.19251294339434,59,,
2018,11,25,16,0,15.9,100,81.5,11.4,46,564.0,0,540.0561536275138,0,982.2,88.28598954171156,10.741622466052384,70,,
2018,11,25,17,0,15.2,109,78.5,12,17,545.0,0,376.54377681736594,0,981.7,89.17486387938607,10.527947190918448,81,,
2018,11,25,18,0,14.2,119,41.3,11.9,2,407.0,0,180.3264311500945,0,981.7,86.31595394164697,10.490672606450238,91,,
2018,11,25,19,0,12.9,130,23.7,11.2,0,88.0,0,16.857541556449686,0,982.4,87.33923013975038,9.6136359994498,101,,
2018,11,25,20,0,11.6,142,63.6,10.4,0,0.0,0,0.0,0,983,86.2501599053748,9.690913235887178,109,,
2018,11,25,21,0,10.8,155,59.5,9.8,0,0.0,0,0.0,0,983.4,88.47888118466074,9.9236630307966,115,,
2018,11,25,22,0,10.5,171,63.7,9.4,0,0.0,0,0.0,0,983.5,96.66987050949685,9.61020921327091,118,,
2018,11,25,23,0,10.2,-174,59,8.9,0,0.0,0,0.0,0,983.6,89.77772381774105,9.188057421947,118,,
2018,11,26,0,0,9.7,-158,59,8.3,0,0.0,0,0.0,0,984,99.30643876253714,8.14331884347993,115,,
2018,11,26,1,0,9,-144,59.1,7.5,0,0.0,0,0.0,0,984.5,93.24003826049534,6.237509644525751,110,,
2018,11,26,2,0,8.2,-132,60.1,6.7,0,0.0,0,0.0,0,985,93.80836486060105,5.377597563757241,102,,
2018,11,26,3,0,7.8,-121,62.5,6.2,0,0.0,0,0.0,0,986,80.47806840914376,4.127917919408387,93,,
2018,11,26,4,0,7.7,-111,42.6,6,33,0.0,27,0.0,0,987.4,66.21981732321859,3.2876708377934927,83,,
2018,11,26,5,0,7.7,-102,25.6,5.8,80,43.0,120,24.37535120719392,0,988.7,55.48332937266093,2.7410811341541232,72,,
2018,11,26,6,0,8.1,-93,5.6,5.6,132,199.0,316,138.60348287681774,0,989.9,44.77951810943006,1.659883310657572,61,,
2018,11,26,7,0,8.9,-83,27.5,5.3,143,301.0,331,288.8186815770401,0,991,75.90206995583594,2.144925677050026,50,,
2018,11,26,8,0,9.8,-70,44.4,5,221,447.0,244,475.85375790845416,0,992.1,80.99276238843134,1.1976298140801434,39,,
2018,11,26,9,0,10.1,-52,27.4,4.6,258,450.0,433,605.8977519326804,0,993.1,28.41909131879192,1.9134512567594115,29,,
2018,11,26,10,0,9.8,-23,9.8,4.3,268,247.0,655,624.0568097384696,0,994,32.99290892426194,3.049654871143278,22,,
2018,11,26,11,0,9.5,15,46,3.9,412,163.0,146,609.7903153257622,0,994.9,36.97035087893119,3.59268130292906,21,,
2018,11,26,12,0,9.4,47,24.2,3.5,218,87.0,514,523.5531938902652,0,995.8,40.71046800453644,4.558381331462481,27,,
2018,11,26,13,0,9.4,67,10.6,3,240,73.0,522,477.1758444519441,0,996.6,44.08262852295212,5.736310377603313,37,,
2018,11,26,14,0,9.4,81,22.3,2.4,316,122.0,223,497.4739881310699,0,997.4,49.47088857717762,5.99048426666276,47,,
2018,11,26,15,0,9.4,91,11.4,2,213,115.0,249,407.26662954194205,0,998.2,58.43370741027451,6.004122311359659,59,,
2018,11,26,16,0,9.3,100,32.1,1.7,146,61.0,71,251.14187386230827,0,999,67.5731063890662,6.167121065534351,70,,
2018,11,26,17,0,9.3,110,14.1,1.3,60,43.0,44,145.0165045155689,0,999.8,70.67498877934634,6.287097908381671,81,,
2018,11,26,18,0,9.2,119,1.5,1.6,5,33.0,1,64.63838106327046,0,1000.3,72.92072844715199,6.444867505982283,91,,
2018,11,26,19,0,9,130,0,2.4,0,10.0,0,7.810352268463194,0,1000.6,71.47073294320137,5.95622289457288,101,,
2018,11,26,20,0,8.8,142,0,3.3,0,0.0,0,0.0,0,1001,77.95858575315197,5.970729040427178,108,,
2018,11,26,21,0,8.8,155,0,4,0,0.0,0,0.0,0,1001,84.5160977067286,6.072470901077173,114,,
2018,11,26,22,0,9,170,0,4.4,0,0.0,0,0.0,0,1000.8,86.50923747452146,6.158887966028313,118,,
2018,11,26,23,0,9.2,-174,0,4.9,0,0.0,0,0.0,0,1000.6,87.6158970189029,6.009840728320241,118,,
2018,11,27,0,0,9.3,-158,0,5.2,0,0.0,0,0.0,0,1000.6,87.52961798914214,5.800068106950244,115,,
2018,11,27,1,0,9.3,-144,0,5.3,0,0.0,0,0.0,0,1000.7,90.6089177257948,6.317495437351719,110,,
2018,11,27,2,0,9.3,-132,0,5.4,0,0.0,0,0.0,0,1000.8,95.88722124059689,6.745538809105581,102,,
2018,11,27,3,0,9.4,-121,0,5.4,1,0.0,0,0.0,0,1001.1,101.67383045375038,6.596405403087816,93,,
2018,11,27,4,0,9.8,-112,0.2,5.4,43,0.0,35,0.0,0,1001.6,106.07965767550348,6.253947065459665,83,,
2018,11,27,5,0,10.1,-102,16.7,5.4,117,24.0,108,22.79865772981793,0,1002.2,116.244738609131,5.370796028902386,72,,
2018,11,27,6,0,10.7,-93,12,5.5,146,105.0,264,124.06864830511586,0,1002.5,134.7965892954253,4.327776271666505,61,,
2018,11,27,7,0,11.7,-83,14.7,5.5,244,241.0,319,285.551700346525,0,1002.6,171.69134251641617,3.4566917123380745,50,,
2018,11,27,8,0,12.7,-70,32.5,5.5,379,346.0,180,461.2144470796168,0,1002.7,200.6407523179576,2.280676116349608,39,,
2018,11,27,9,0,13.2,-52,25.3,5.6,503,373.0,206,601.2588758226666,0,1002.8,219.76283319932983,0.7962295685906042,29,,
2018,11,27,10,0,13.2,-23,24.9,5.7,415,400.0,347,711.3826541141694,0,1003,44.91553890742421,2.2250754895423523,22,,
2018,11,27,11,0,13.3,15,22.6,5.8,421,399.0,369,777.126770371706,0,1003.2,52.96784009624764,4.758661661022032,21,,
2018,11,27,12,0,13.3,47,36,6,468,271.0,149,713.3328665229146,0,1003.3,61.32955067752766,5.545654721420645,27,,
2018,11,27,13,0,13.3,67,64.6,6.4,298,183.0,0,615.651560026182,0,1003.3,72.06503638765804,5.334925392195862,36,,
2018,11,27,14,0,13.3,81,45,6.7,296,144.0,88,517.5572751486679,0,1003.3,74.54818462703281,5.613547003606582,47,,
2018,11,27,15,0,13.2,91,18.9,7.1,173,164.0,239,451.356884338213,0,1003.5,85.30666970355571,5.782573033064169,59,,
2018,11,27,16,0,12.9,101,45.5,7.6,159,166.0,0,348.4679532347436,0,1003.8,92.1809454126004,5.164385469525983,70,,
2018,11,27,17,0,12.7,110,49.6,8,46,130.0,7,213.8404433462213,0,1004.2,92.03333060288378,5.539132213288342,81,,
2018,11,27,18,0,12.4,119,1.1,8.2,5,115.0,1,105.44219163996192,0,1004.5,98.5095489778576,5.281285060111601,91,,
2018,11,27,19,0,12,130,10.5,8.3,0,28.0,0,12.354995315912776,0,1004.8,95.29141286533144,4.648716612057697,100,,
2018,11,27,20,0,11.7,142,17.3,8.3,0,0.0,0,0.0,0,1005.1,106.30001314482934,5.678438870578512,108,,
2018,11,27,21,0,11.6,155,39.4,8.4,0,0.0,0,0.0,0,1005.2,111.44731877112092,5.567928975951959,114,,
2018,11,27,22,0,11.6,170,21,8.4,0,0.0,0,0.0,0,1005.1,124.50657149654133,4.799199246381362,117,,
2018,11,27,23,0,11.6,-174,0,8.5,0,0.0,0,0.0,0,1005,148.071694577482,2.7508988428698533,118,,
2018,11,28,0,0,11.6,-158,0,8.5,0,0.0,0,0.0,0,1005.1,176.8139720566419,1.7527090799824387,115,,
2018,11,28,1,0,11.6,-144,0,8.5,0,0.0,0,0.0,0,1005.3,174.28256394129642,1.8306400897809745,110,,
2018,11,28,2,0,11.6,-132,0,8.5,0,0.0,0,0.0,0,1005.5,240.2337624889153,2.356024200588795,102,,
2018,11,28,3,0,11.7,-121,0,8.5,1,0.0,0,0.0,0,1005.9,241.0420213532724,0.8577253634417832,93,,
2018,11,28,4,0,11.9,-112,9.3,8.5,49,0.0,25,0.0,0,1006.4,117.9229190831469,1.1057884643629827,83,,
2018,11,28,5,0,12.1,-103,0,8.5,76,22.0,192,21.758313337753272,0,1006.9,106.35850772518064,2.0604620170295225,72,,
2018,11,28,6,0,12.8,-93,19,8.8,185,76.0,191,112.05004834101754,0,1007.1,110.26287463747492,2.217038663206101,61,,
2018,11,28,7,0,13.8,-83,42,9.2,325,182.0,67,261.5506925336219,0,1007.2,95.33085310923023,3.5554169042734656,50,,
2018,11,28,8,0,14.9,-71,36.1,9.7,374,330.0,151,451.4113339672855,0,1007.2,86.06788669372281,4.233109267411283,39,,
2018,11,28,9,0,15.5,-53,48.2,9.8,489,520.0,6,662.5255715987025,0,1007.1,79.38664003486821,5.186879436878513,29,,
2018,11,28,10,0,15.7,-24,42.1,9.5,583,573.0000000000001,7,789.5361517563052,0,1006.8,76.0256814590453,6.026504571906767,22,,
2018,11,28,11,0,15.8,15,18.2,9.2,409,671.0,430,912.5503280189188,0,1006.5,74.1250593191491,6.381570048437263,21,,
2018,11,28,12,0,15.8,47,15.1,9.2,351,662.0,476,937.9822340395456,0,1006.2,72.38607438200467,6.59482891060397,27,,
2018,11,28,13,0,15.7,67,10.7,9.3,260,626.0,514,899.7515166418763,0,1005.9,71.73509054149008,8.09047905726581,36,,
2018,11,28,14,0,15.6,81,3.7,9.5,143,631.0,541,836.4655795053999,0,1005.5,71.28709023934977,8.75272551731171,47,,
2018,11,28,15,0,15.2,91,10.4,9.6,173,618.0,298,722.0797389085327,0,1005.4,71.82574015460045,9.60412812932048,58,,
2018,11,28,16,0,14.7,101,20.6,9.7,149,595.0,111,570.0861555145995,0,1005.4,73.99066307099395,10.036717300492136,70,,
2018,11,28,17,0,14.1,110,21.7,9.8,67,508.0,30,376.3680779785334,0,1005.4,77.00695780724561,9.987894041025086,81,,
2018,11,28,18,0,13.5,119,0.6,9.8,6,320.0,2,167.6390375820308,0,1005.5,79.54997026831654,9.74662360698516,91,,
2018,11,28,19,0,12.9,130,5.5,9.9,0,59.0,0,16.141218698219163,0,1005.7,80.2282374036077,10.047629857516185,100,,
2018,11,28,20,0,12.3,142,26.2,10,0,0.0,0,0.0,0,1005.8,85.68941377076032,8.851209618317785,108,,
2018,11,28,21,0,12,155,42.8,9.9,0,0.0,0,0.0,0,1005.7,88.21169932589208,7.870288275688414,114,,
2018,11,28,22,0,11.9,170,30,9.7,0,0.0,0,0.0,0,1005.3,83.38765898121335,7.015662424714111,117,,
2018,11,28,23,0,11.9,-174,43,9.5,0,0.0,0,0.0,0,1004.9,78.00745750749769,6.595112488078693,118,,
2018,11,29,0,0,11.8,-159,42.4,9.4,0,0.0,0,0.0,0,1004.6,73.50136521269224,7.026105757907144,115,,
2018,11,29,1,0,11.7,-145,33.8,9.4,0,0.0,0,0.0,0,1004.3,78.01144098026833,7.60807771218509,110,,
2018,11,29,2,0,11.6,-132,3.9,9.4,0,0.0,0,0.0,0,1004,79.38996807318733,7.321959970708156,102,,
2018,11,29,3,0,11.7,-122,20.7,9.5,1,0.0,0,0.0,0,1003.9,82.53641914694595,7.010568015366983,93,,
2018,11,29,4,0,11.9,-112,16.2,9.6,49,0.0,23,0.0,0,1004.1,88.2657941856612,6.784601684114742,83,,
2018,11,29,5,0,12.2,-103,43.4,9.6,155,9.0,8,16.320024496236385,0,1004.2,94.1635125964678,6.947289566286202,72,,
2018,11,29,6,0,12.9,-94,26.7,9.7,239,27.0,110,78.72628898123767,0,1004.3,101.15776495353634,6.59835446752851,61,,
2018,11,29,7,0,14.1,-84,58.4,9.8,281,61.0,0,185.0242198155123,0,1004.2,93.52519833074734,6.825414687088993,50,,
2018,11,29,8,0,15.2,-71,46.1,9.9,453,100.0,1,312.5469698641558,0,1004,87.43398706215282,6.881900462799041,39,,
2018,11,29,9,0,15.8,-53,69.5,9.7,293,164.0,0,463.26514110157103,0,1003.9,81.33612496311503,7.586569892303653,29,,
2018,11,29,10,0,15.8,-24,58.1,9,418,235.0,13,615.5843998731435,0,1003.7,77.7834949338137,8.249305710332834,21,,
2018,11,29,11,0,15.8,15,44.2,8.4,443,212.0,136,653.7492019291483,0,1003.5,74.83292751964171,8.889987064530239,21,,
2018,11,29,12,0,15.7,47,33.6,8.1,389,271.0,267,719.8893503356295,0,1003.3,73.78281248354045,8.935881424774784,27,,
2018,11,29,13,0,15.6,68,42.6,8.1,417,316.0,86,729.0518193762662,0,1003,67.07919880194584,9.296514949718652,36,,
2018,11,29,14,0,15.5,81,21.9,8.1,290,342.0,280,682.5678530276145,0,1002.8,63.16625218579577,8.940221265512472,47,,
2018,11,29,15,0,15.2,92,3.8,8.3,105,273.0,415,539.4258045416406,0,1002.7,62.49830888424793,8.923409258237195,58,,
2018,11,29,16,0,14.6,101,0.9,8.5,63,215.0,266,385.417278827768,0,1002.8,62.6705785844411,8.839150961692363,69,,
2018,11,29,17,0,14,110,1.8,8.7,39,129.0,94,217.0742757938159,0,1002.8,65.79323378501198,8.634189606345751,80,,
2018,11,29,18,0,13.2,119,0,8.7,5,87.0,5,97.5323954449463,0,1002.9,70.49220578410126,8.221973570258537,91,,
2018,11,29,19,0,12.1,130,0,8.6,0,26.0,0,13.343373400236398,0,1003,73.95456654420457,6.703279515688536,100,,
2018,11,29,20,0,11,142,0,8.5,0,0.0,0,0.0,0,1003.2,71.5274602867172,6.707411620296801,108,,
2018,11,29,21,0,10.4,155,0,8.5,0,0.0,0,0.0,0,1002.9,69.79726446156519,6.088969996853135,114,,
2018,11,29,22,0,10.1,170,0,8.5,0,0.0,0,0.0,0,1002.4,62.61386273624686,5.706708273603193,117,,
2018,11,29,23,0,9.9,-174,0,8.5,0,0.0,0,0.0,0,1001.8,57.09374113585403,5.439915931504367,117,,
2018,11,30,0,0,9.7,-159,0,8.4,0,0.0,0,0.0,0,1001.3,47.632703385086415,5.498483367451099,115,,
2018,11,30,1,0,9.5,-145,0,8.2,0,0.0,0,0.0,0,1001,39.8171481131098,3.248779599596885,109,,
2018,11,30,2,0,9.3,-133,0,7.9,0,0.0,0,0.0,0,1000.6,30.81203413750416,2.640526414193368,102,,
2018,11,30,3,0,9.7,-122,0,8,1,0.0,1,0.0,0,1000.3,13.303708873243238,2.890057647288524,93,,
2018,11,30,4,0,10.5,-112,2.3,8.5,33,0.0,62,0.0,0,1000.1,2.903736812132422,2.46752363238086,83,,
2018,11,30,5,0,11.4,-103,0.9,8.9,58,14.0,230,20.51163330174884,0,999.9,337.98286044678844,2.167337466595144,72,,
2018,11,30,6,0,12.7,-94,2,9.2,84,47.0,406,98.0052548804432,0,999.6,326.3609527450523,2.96560231030289,61,,
2018,11,30,7,0,14.5,-84,8.2,9.4,185,99.0,451,221.0498907259741,0,999.1,331.0683113945294,3.183434680170937,49,,
2018,11,30,8,0,16.2,-71,19.6,9.6,376,236.0,313,411.5677474932653,0,998.6,330.8731316401913,4.155072217433037,38,,
2018,11,30,9,0,17.2,-53,27.4,9.6,452,260.0,253,541.0323186885703,0,997.8,334.5409030862168,5.3795754287218855,28,,
2018,11,30,10,0,17.3,-24,37.4,9.4,497,233.0,146,611.0484203773865,0,996.8,334.05826625603686,6.05193545401021,21,,
2018,11,30,11,0,17.4,15,16,9.2,408,210.0,455,649.0805150942564,0,995.8,331.15946902770526,7.089274338904936,20,,
2018,11,30,12,0,17.6,48,44.4,9.4,465,253.0,74,702.1996648839643,0,994.7,337.3371533729371,9.037393618652706,26,,
2018,11,30,13,0,17.6,68,81.9,9.8,151,384.0,0,771.3766373321951,0,993.6,341.32869907626696,7.879280202499133,36,,
2018,11,30,14,0,17.7,81,51.2,10.2,300,312.0,29,660.2214415935016,0,992.4,342.5090628007945,8.392678323901741,47,,
2018,11,30,15,0,17.6,92,59.2,10.5,141,188.0,54,475.51676232944806,0,991.4,345.2043712124525,9.23036890867836,58,,
2018,11,30,16,0,17.2,101,71.7,10.6,77,38.0,0,213.4902380347413,0,990.5,341.29518061248467,9.883848610947272,69,,
2018,11,30,17,0,16.8,110,61.6,10.8,43,16.0,0,99.24423592390656,0,989.6,337.6184525996089,10.235665465670504,80,,
2018,11,30,18,0,16.2,119,7.2,11.3,5,5.0,0,28.366556885401565,0,989.5,337.5714091723975,10.37911432622614,90,,
2018,11,30,19,0,15.3,130,27,11.9,0,1.0,0,3.0930759462711306,0,990,2.684131353407452,8.58119191304973,100,,
2018,11,30,20,0,14.4,142,56.6,12.6,0,0.0,0,0.0,0,990.6,35.73310924928029,7.430271021474535,108,,
2018,11,30,21,0,13.7,155,62,12.7,0,0.0,0,0.0,0,991,42.23710276541112,7.664168673060843,114,,
2018,11,30,22,0,13.2,170,36.8,12.2,0,0.0,0,0.0,0,991.3,43.80977156177363,7.139072028137248,117,,
2018,11,30,23,0,12.6,-174,0,11.7,0,0.0,0,0.0,0,991.5,38.66559705872936,6.038121479539997,117,,
2018,12,1,0,0,12.1,-159,0,11.2,0,0.0,0,0.0,0,991.8,33.531901524674026,4.905783977365026,115,,
2018,12,1,1,0,11.5,-145,0,10.5,0,0.0,0,0.0,0,992.2,22.8996359958756,3.373011966032104,109,,
2018,12,1,2,0,11,-133,0,9.8,0,0.0,0,0.0,0,992.6,356.5017538496199,3.072864442586288,102,,
2018,12,1,3,0,10.8,-122,0,9.2,1,0.0,0,0.0,0,993.2,315.5617900616862,2.288884855804882,93,,
2018,12,1,4,0,10.8,-112,0,8.7,35,0.0,59,0.0,0,993.9,300.2518930350952,3.545303467108163,83,,
2018,12,1,5,0,10.8,-103,0,8.2,59,129.0,228,36.8283568074337,0,994.6,296.615360267003,4.973833788232883,72,,
2018,12,1,6,0,11.6,-94,0.1,7.8,69,392.0,427,184.71714216013547,0,995,282.26991482961915,4.623933682079164,61,,
2018,12,1,7,0,13,-84,1.6,7.4,92,562.0,590,378.96036298676574,0,995.2,253.6423460959556,5.718787568391065,49,,
2018,12,1,8,0,14.4,-72,2.8,7.1,130,664.0,697,576.0693690255574,0,995.5,262.6372406228618,5.604807255754721,38,,
2018,12,1,9,0,14.8,-54,13.6,7.3,352,704.0,479,741.9976234967532,0,995.7,280.0006096328795,9.125469656184384,28,,
2018,12,1,10,0,14.1,-25,60.7,8.1,387,778.0,14,891.3131490490871,0,996,282.2397894073789,9.538600191852796,21,,
2018,12,1,11,0,13.4,15,66.4,8.9,342,797.0,0,981.7163224248338,0,996.2,286.77057019616655,9.824344829865131,20,,
2018,12,1,12,0,13.1,48,52.5,8.7,456,643.0,0,933.962739845475,0,996.5,283.5422614868173,9.436680022358468,26,,
2018,12,1,13,0,13.2,68,39.1,7.4,353,774.0,159,986.2363007872164,0,996.9,259.34634844640385,10.843405533961723,36,,
2018,12,1,14,0,13.3,81,32.9,6.2,397,502.0,83,771.9442861701862,0,997.3,256.6450122745846,12.196271004603506,47,,
2018,12,1,15,0,13,92,51.7,5.6,260,164.0,0,450.6337444802989,0,997.9,247.8816593308061,12.0235037327777,58,,
2018,12,1,16,0,12.4,101,49.6,5.6,145,29.0,8,190.99155832347049,0,998.6,240.7631282642904,11.35274349036791,69,,
2018,12,1,17,0,11.7,110,35.1,5.7,65,22.0,5,113.016670895488,0,999.4,218.54526950017515,11.11954831103483,80,,
2018,12,1,18,0,11,120,0,5.7,7,39.0,1,70.76760335150023,0,1000.2,226.770889993406,11.9547094354614,90,,
2018,12,1,19,0,10.3,130,0,5.6,0,1.0,0,3.09597562577928,0,1001.3,229.4137922913063,11.363983987562976,100,,
2018,12,1,20,0,9.5,142,0,5.6,0,0.0,0,0.0,0,1002.3,224.1849052972916,14.125611097906976,107,,
2018,12,1,21,0,9.2,155,0,5.5,0,0.0,0,0.0,0,1002.9,232.09916987724733,12.578696303099,113,,
2018,12,1,22,0,9.4,170,0,5.3,0,0.0,0,0.0,0,1003.1,244.37412055080483,10.671233720627365,117,,
2018,12,1,23,0,9.6,-174,0,5.1,0,0.0,0,0.0,0,1003.3,274.2909088580117,9.733581884168569,117,,
2018,12,2,0,0,9.7,-159,0,5,0,0.0,0,0.0,0,1003.7,11.738871373604924,11.851137944502383,115,,
2018,12,2,1,0,9.6,-145,0,4.9,0,0.0,0,0.0,0,1004.1,31.157150683165867,12.02000068042915,109,,
2018,12,2,2,0,9.6,-133,0,4.9,0,0.0,0,0.0,0,1004.5,51.86421773513735,12.969522754213036,102,,
2018,12,2,3,0,9.6,-122,0,4.9,1,0.0,0,0.0,0,1005.1,44.8892603959772,8.217369543838297,93,,
2018,12,2,4,0,9.9,-112,9.1,4.9,48,0.0,30,0.0,0,1005.9,28.4686015801766,10.639859627128468,83,,
2018,12,2,5,0,10.1,-103,2.5,4.9,71,106.0,205,36.05020977935117,0,1006.7,24.52417432551482,9.755575615438152,72,,
2018,12,2,6,0,10.8,-94,1.9,4.8,101,324.0,379,173.3827529700211,0,1007.3,20.004480380144173,10.623633681128547,61,,
2018,12,2,7,0,11.8,-84,14,4.4,219,358.0,379,321.53602772554063,0,1007.7,16.317596532434038,11.806382876123507,49,,
2018,12,2,8,0,12.9,-72,19.1,4.1,190,480.0,494,508.0082856193149,0,1008.2,8.945625452026889,12.604488404426291,38,,
2018,12,2,9,0,13.4,-54,12.3,3.8,241,427.0,604,619.8270447421321,0,1008.6,5.3941376206208815,12.632112067249126,28,,
2018,12,2,10,0,13.3,-25,14.1,3.7,283,286.0,603,673.4437660011529,0,1009.1,2.228520522398469,12.85835779368624,21,,
2018,12,2,11,0,13.2,15,10.9,3.6,249,275.0,673,728.5671737151711,0,1009.5,358.61265563195127,13.834866071386438,20,,
2018,12,2,12,0,13.2,48,43.5,3.8,405,265.0,151,740.9605372560799,0,1009.9,357.09185263565394,15.225418558693825,26,,
2018,12,2,13,0,13.3,68,43.3,4.3,402,253.0,87,707.7385642104553,0,1010.2,354.39515658719154,15.17582486611558,36,,
2018,12,2,14,0,13.4,81,58.1,4.9,226,90.0,72,476.93405733193566,0,1010.6,352.5746422247516,15.649546653911903,46,,
2018,12,2,15,0,13.4,92,49.2,5.5,254,47.0,13,324.80552981958846,0,1011,349.16214181215565,15.527696463939344,58,,
2018,12,2,16,0,13.3,101,65.2,6.2,109,21.0,0,186.0745285790872,0,1011.6,347.82374300364586,15.811516186487092,69,,
2018,12,2,17,0,13.2,110,61.7,6.9,50,11.0,0,93.03582545879394,0,1012.1,346.6016746057786,15.567003100355134,80,,
2018,12,2,18,0,12.9,120,42.2,7.4,5,4.0,0,28.11531474173915,0,1012.7,345.5399595619278,14.786018042096606,90,,
2018,12,2,19,0,12.6,130,31.6,7.8,0,1.0,0,4.0988266256715296,0,1013.2,338.69265422178205,15.099777560221977,99,,
2018,12,2,20,0,12.2,142,42,8.2,0,0.0,0,0.0,0,1013.8,339.669099072588,14.892629426461331,107,,
2018,12,2,21,0,12.1,155,42.7,8.5,0,0.0,0,0.0,0,1014,344.04221340851336,14.11141726983764,113,,
2018,12,2,22,0,12.3,170,22.9,8.6,0,0.0,0,0.0,0,1013.8,351.03370590277376,12.976687805654796,117,,
2018,12,2,23,0,12.5,-174,0,8.7,0,0.0,0,0.0,0,1013.7,16.662366196252435,13.188283856314085,117,,
2018,12,3,0,0,12.6,-159,0,8.8,0,0.0,0,0.0,0,1013.7,13.186065070149256,14.090999929161171,114,,
2018,12,3,1,0,12.6,-145,0,8.9,0,0.0,0,0.0,0,1013.9,8.834580385823926,13.459489849708572,109,,
2018,12,3,2,0,12.6,-133,0,9,0,0.0,0,0.0,0,1014.1,5.436406146955278,13.00576599564194,102,,
2018,12,3,3,0,12.7,-122,0,9,1,0.0,0,0.0,0,1014.5,358.86082128817094,12.57475100928669,93,,
2018,12,3,4,0,12.9,-113,5.8,9.1,51,0.0,27,0.0,0,1015.2,350.06073551792355,12.70038219697193,83,,
2018,12,3,5,0,13.1,-104,8.6,9.1,94,7.0,152,17.272202922005647,0,1015.9,339.76156549189665,14.350848143298782,72,,
2018,12,3,6,0,13.7,-94,4,9.2,134,13.0,322,68.79004209522321,0,1016.3,339.9259214757618,15.73807633816426,61,,
2018,12,3,7,0,14.8,-85,34.5,9.5,350,31.0,87,164.2654082106803,0,1016.5,344.47167067116527,18.46046111516922,49,,
2018,12,3,8,0,15.8,-72,25.6,9.7,392,83.0,238,319.05344941941644,0,1016.6,348.49660824561,18.91660072788504,38,,
2018,12,3,9,0,16.3,-54,43.4,9.7,473,121.0,69,455.6916975959034,0,1016.6,358.4724121093563,17.913348738121346,28,,
2018,12,3,10,0,16.5,-25,36.6,9.6,551,225.0,103,613.6641255292974,0,1016.4,4.196991121313715,17.386713458617276,21,,
2018,12,3,11,0,16.6,15,41.7,9.5,593,231.0,15,675.5998878927987,0,1016.2,5.71591788909285,20.1276638714354,20,,
2018,12,3,12,0,16.6,48,33.9,9.5,491,375.0,168,798.0169511570093,0,1016.1,10.353561401979846,15.897772131640972,26,,
2018,12,3,13,0,16.5,68,48.7,9.5,422,401.0,32,792.5032066593277,0,1016,19.61516835912869,16.649805028020136,35,,
2018,12,3,14,0,16.4,81,28.4,9.6,341,261.0,185,633.3909842481265,0,1016,21.677073500025813,18.697787417936475,46,,
2018,12,3,15,0,16,92,38.7,9.7,287,240.0,54,523.2738552656779,0,1016,24.3715362844095,17.840255328284268,58,,
2018,12,3,16,0,15.4,101,32.7,9.9,184,223.0,43,397.32086660736206,0,1016.1,28.84573772669233,16.90629603191039,69,,
2018,12,3,17,0,14.8,110,8.8,10.1,60,228.0,73,275.93943368478614,0,1016.2,35.32495713115259,15.36505808037538,80,,
2018,12,3,18,0,13.9,120,0.5,10.1,7,166.0,6,132.73209553171674,0,1016.2,35.60916344360652,15.013155830440258,90,,
2018,12,3,19,0,12.6,130,0,9.7,0,44.0,0,17.471581416896257,0,1016.3,35.2829371715992,14.700902296533824,99,,
2018,12,3,20,0,11.4,142,0,9.4,0,0.0,0,0.0,0,1016.4,38.16994164443975,14.520534578211851,107,,
2018,12,3,21,0,10.8,155,0,9.3,0,0.0,0,0.0,0,1016.2,39.87020286099738,14.54826225648008,113,,
2018,12,3,22,0,10.9,170,0,9.3,0,0.0,0,0.0,0,1015.9,40.92934552775796,14.36533754313005,116,,
2018,12,3,23,0,10.9,-174,0,9.4,0,0.0,0,0.0,0,1015.5,42.28123860763509,13.709928924329706,117,,
2018,12,4,0,0,10.9,-159,0,9.4,0,0.0,0,0.0,0,1015.3,43.775493314950666,13.15146058677479,114,,
2018,12,4,1,0,10.7,-145,0,9.4,0,0.0,0,0.0,0,1015.3,42.51170849708956,12.942970153749572,109,,
2018,12,4,2,0,10.6,-133,0,9.4,0,0.0,0,0.0,0,1015.2,44.370924099820456,12.060039449665998,102,,
2018,12,4,3,0,10.9,-122,0,9.4,1,0.0,1,0.0,0,1015.3,42.64229782941828,11.124770046922189,93,,
2018,12,4,4,0,11.5,-113,0,9.4,31,0.0,67,0.0,0,1015.5,43.80728685744424,10.61580709054737,83,,
2018,12,4,5,0,12.2,-104,0,9.4,56,24.0,233,25.94700945310256,0,1015.6,44.44324664406992,10.730713909891092,72,,
2018,12,4,6,0,13.5,-95,0,9.7,70,34.0,425,91.3095771811136,0,1015.6,44.64551338484529,9.682334682635124,61,,
2018,12,4,7,0,15.4,-85,0,10.3,81,30.0,608,153.87600234044197,0,1015.4,41.74181469652268,9.334016370828232,49,,
2018,12,4,8,0,17.4,-72,0,10.8,92,43.0,761,252.3829616910365,0,1015.1,43.4556735702177,8.78851059600726,38,,
2018,12,4,9,0,18.3,-55,0,11,101,89.0,870,403.7791547999647,0,1014.8,40.55276303303634,7.409295280925451,28,,
2018,12,4,10,0,18.3,-26,0,10.8,106,205.0,930,589.0393097549943,0,1014.4,35.46864556034075,6.501358257111885,21,,
2018,12,4,11,0,18.3,14,0,10.6,107,215.0,934,652.115258899316,0,1014.1,25.498198454423687,6.004796098078968,20,,
2018,12,4,12,0,18.3,48,0.7,10.6,121,280.0,861,722.5421192656178,0,1013.5,17.332431892703482,5.874153563214748,26,,
2018,12,4,13,0,18.4,68,0.5,10.9,113,306.0,763,719.5823444018353,0,1012.8,359.2587895844736,6.567688230765604,35,,
2018,12,4,14,0,18.6,82,1.2,11.1,120,284.0,596,641.7460078363057,0,1012.1,4.50018879393599,7.73845668942391,46,,
2018,12,4,15,0,18.3,92,11.2,11.4,181,289.0,296,550.2078439683646,0,1011.6,22.12520182740184,7.918019701544881,57,,
2018,12,4,16,0,17.5,101,28.1,11.7,153,326.0,87,452.3627489687857,0,1011.5,30.73642557530889,8.315569604848989,69,,
2018,12,4,17,0,16.8,110,18,12,83,270.0,28,292.9227940968544,0,1011.3,34.41103215366945,7.781383226012488,80,,
2018,12,4,18,0,15.8,120,41.2,12,8,92.0,1,103.14279061684869,0,1011.3,46.81887115763146,7.456862789946898,90,,
2018,12,4,19,0,14.6,130,17.5,11.6,0,27.0,0,14.818106027876722,0,1011.5,57.187063112776286,7.192241004845934,99,,
2018,12,4,20,0,13.4,142,0,11.3,0,0.0,0,0.0,0,1011.7,62.95795105833287,7.659125792247952,107,,
2018,12,4,21,0,12.7,155,0,11.1,0,0.0,0,0.0,0,1011.6,69.65593804569573,7.4992856718666525,113,,
2018,12,4,22,0,12.4,170,0,11,0,0.0,0,0.0,0,1011.3,70.71087017751563,7.203706254490353,116,,
2018,12,4,23,0,12.2,-175,0,11,0,0.0,0,0.0,0,1011,71.78157234772016,7.0686983742418175,117,,
2018,12,5,0,0,11.9,-159,0,10.9,0,0.0,0,0.0,0,1010.8,77.41441462627938,6.413380538984135,114,,
2018,12,5,1,0,11.6,-146,0,10.7,0,0.0,0,0.0,0,1010.5,84.56920726596559,5.282991404354361,109,,
2018,12,5,2,0,11.4,-133,0,10.5,0,0.0,0,0.0,0,1010.2,98.33669796191452,4.155729476342877,102,,
2018,12,5,3,0,11.7,-123,0,10.6,2,0.0,0,0.0,0,1010.3,112.85808773057693,2.999199601529864,93,,
2018,12,5,4,0,12.5,-113,51.9,10.8,33,0.0,1,0.0,0,1010.7,115.89430196282429,2.2384050211879427,83,,
2018,12,5,5,0,13.4,-104,25.9,11.1,133,80.0,70,36.19417692613647,0,1011.1,84.61217439621419,2.475291458462326,72,,
2018,12,5,6,0,14.7,-95,12.8,11.2,166,286.0,253,169.56194537668105,0,1011.3,77.74601253749495,2.7549055085706025,61,,
2018,12,5,7,0,16.6,-85,0,11.3,113,246.0,550,289.4105859133143,0,1011.3,114.82028252787076,1.8396039024864883,49,,
2018,12,5,8,0,18.4,-73,0.1,11.4,127,220.0,698,401.7607941524733,0,1011.4,117.37828332470008,1.1462094758835688,38,,
2018,12,5,9,0,19.6,-55,3.3,11.2,192,259.0,722,537.6257274841356,0,1011.2,173.8008654352102,0.7008756474056013,28,,
2018,12,5,10,0,20.1,-26,0.9,10.8,157,371.0,847,679.6166233855689,0,1010.9,229.28233937229035,1.7732353767460023,21,,
2018,12,5,11,0,20.7,14,0.4,10.4,150,510.0,867,821.417099115476,0,1010.6,256.47487779482384,2.369672081972754,20,,
2018,12,5,12,0,20.9,48,0,10.3,137,622.0,835,910.0959706347294,0,1010.5,272.54729478060926,2.493919380669185,25,,
2018,12,5,13,0,20.7,68,0,10.5,128,728.0,739,950.7946150493806,0,1010.4,287.30254079075326,2.609543138215076,35,,
2018,12,5,14,0,20.5,82,0,10.7,117,817.0000000000001,598,935.9618177244636,0,1010.3,274.08124596107666,3.876284824683591,46,,
2018,12,5,15,0,20,92,27.8,11,251,818.0000000000001,138,826.5460139570646,0,1010.3,252.51518997717432,4.357841044072948,57,,
2018,12,5,16,0,19.3,101,28.2,11.4,186,765.0,46,653.1564584431819,0,1010.4,222.62279631850708,6.78411974152174,68,,
2018,12,5,17,0,18.5,110,16.2,11.7,72,664.0,44,442.79327413139487,0,1010.5,220.1156145019225,9.38130826747724,79,,
2018,12,5,18,0,17.6,120,67.5,12,6,503.0,0,224.23698610759664,0,1010.9,221.1919467473375,9.1782984587631,90,,
2018,12,5,19,0,16.6,130,52,12.1,0,173.0,0,33.522593122018904,0,1011.4,219.39372042562232,9.567190341428828,99,,
2018,12,5,20,0,15.5,142,42.9,12.3,0,0.0,0,0.0,0,1011.9,219.36404591996663,9.678700160425748,107,,
2018,12,5,21,0,14.9,155,49.1,12.4,0,0.0,0,0.0,0,1012.1,218.723952154558,10.455717899922927,113,,
2018,12,5,22,0,14.5,170,42.3,12.5,0,0.0,0,0.0,0,1011.9,217.34737009300537,11.238232023458163,116,,
2018,12,5,23,0,14.2,-175,42.1,12.7,0,0.0,0,0.0,0,1011.8,216.38023226910727,12.661009244540184,117,,
2018,12,6,0,0,14,-160,43.1,12.6,0,0.0,0,0.0,0,1011.7,215.70084084970145,13.832957484796376,114,,
2018,12,6,1,0,13.9,-146,52,12.5,0,0.0,0,0.0,0,1011.7,215.74209477961432,14.247095901724617,109,,
2018,12,6,2,0,13.8,-134,52.6,12.3,0,0.0,0,0.0,0,1011.7,215.70553018263053,14.36683373277572,101,,
2018,12,6,3,0,13.8,-123,45.1,12.2,1,0.0,0,0.0,0,1011.9,217.0513785767018,14.95320001023312,93,,
2018,12,6,4,0,14,-113,68,12,21,0.0,0,0.0,0,1012.4,216.5607494497432,15.402372642217168,83,,
2018,12,6,5,0,14.1,-104,70.8,11.9,80,35.0,0,27.410204886289588,0,1012.9,215.0932264312975,15.52386908850347,72,,
2018,12,6,6,0,14.7,-95,63.7,11.9,162,108.0,0,123.26440047465776,0,1013.2,214.02932925477143,15.277951725152557,61,,
2018,12,6,7,0,15.5,-85,64,11.9,241,233.0,0,276.2663088607642,0,1013.3,214.37642865937468,15.20551005333698,49,,
2018,12,6,8,0,16.3,-73,62.3,11.9,302,435.0,0,484.6695434354183,0,1013.4,216.2577885255521,15.037235069715749,38,,
2018,12,6,9,0,16.9,-56,58.3,12,384,548.0,0,663.7553518180264,0,1013.2,220.6142788449316,15.190825802657494,28,,
2018,12,6,10,0,17.2,-27,73.6,12,260,522.0,0,776.7070104081922,0,1012.7,223.67318941052304,15.134692853653467,21,,
2018,12,6,11,0,17.5,14,59.7,12,401,614.0,0,896.5476252583873,0,1012.2,224.62528122957136,14.966780628552456,19,,
2018,12,6,12,0,17.8,48,55.6,12.1,420,796.0,0,1022.1286021414604,0,1011.7,225.53921106936127,14.436769766319772,25,,
2018,12,6,13,0,18,68,27.1,12.2,372,865.0,235,1044.1993258677176,0,1011.3,226.1464312953885,14.20229286383241,35,,
2018,12,6,14,0,18.2,82,34.3,12.3,390,813.0,67,950.5759769536504,0,1010.8,227.22652287493645,13.41062664181488,46,,
2018,12,6,15,0,18,92,41.3,12.4,232,780.0,61,820.7254843185547,0,1010.6,225.8762972726948,12.811766638353136,57,,
2018,12,6,16,0,17.5,101,35.8,12.6,197,690.0000000000001,12,630.3938190251972,0,1010.6,228.15890252037656,12.374526761379297,68,,
2018,12,6,17,0,17,110,50.9,12.8,68,262.0,0,292.45321713000965,0,1010.7,225.07525095526952,11.961267041949563,79,,
2018,12,6,18,0,16.3,120,37.3,13,7,22.0,0,60.36449496957203,0,1010.9,218.71590717868315,12.227732732180645,89,,
2018,12,6,19,0,15.5,130,40.7,13.1,0,4.0,0,6.438812297413273,0,1011.3,217.577006712611,12.973546579668046,99,,
2018,12,6,20,0,14.7,142,41.9,13.2,0,0.0,0,0.0,0,1011.7,217.79625969998463,14.119277035255688,107,,
2018,12,6,21,0,14.3,155,48.5,12.9,0,0.0,0,0.0,0,1011.7,217.6741197045963,14.377930006708516,113,,
2018,12,6,22,0,14.2,170,37.8,12.4,0,0.0,0,0.0,0,1011.3,219.1880217981365,14.95945886421483,116,,
2018,12,6,23,0,14.2,-175,41,11.8,0,0.0,0,0.0,0,1011,218.5125186569149,15.810891729296712,116,,
2018,12,7,0,0,14.1,-160,44.1,11.4,0,0.0,0,0.0,0,1010.7,217.6481510455168,15.511929001700528,114,,
2018,12,7,1,0,14,-146,25.2,11.2,0,0.0,0,0.0,0,1010.6,218.37437019898388,15.39886300608548,109,,
2018,12,7,2,0,13.9,-134,3.5,10.9,0,0.0,0,0.0,0,1010.4,218.24238102653555,15.177205778643437,101,,
2018,12,7,3,0,14,-123,1.3,10.8,2,0.0,0,0.0,0,1010.6,220.1540367630057,14.63795573268662,93,,
2018,12,7,4,0,14.3,-113,32,10.8,51,0.0,1,0.0,0,1010.9,220.7530074087801,14.651066302610918,83,,
2018,12,7,5,0,14.6,-104,25.7,10.8,154,13.0,36,21.52717467812503,0,1011.3,221.4313037295584,14.136229130028504,72,,
2018,12,7,6,0,15.2,-95,31.5,10.9,293,14.0,21,65.01653463237162,0,1011.5,221.76102091791984,13.951046629750325,61,,
2018,12,7,7,0,16.2,-85,22.7,11,361,25.0,144,141.89779273386094,0,1011.4,221.5703855298828,12.489613876856897,49,,
2018,12,7,8,0,17.1,-73,22,11.2,390,77.0,248,296.6537797590142,0,1011.4,225.9032772867613,11.0602758995138,38,,
2018,12,7,9,0,17.8,-56,9.2,11.1,310,231.0,538,521.54296699943,0,1011.1,237.17885116079083,9.488279142414862,28,,
2018,12,7,10,0,18.1,-27,0.3,10.8,168,68.0,830,475.7639233587037,0,1010.4,245.7691647947861,8.875972916103626,21,,
2018,12,7,11,0,18.5,14,0,10.6,164,36.0,847,433.87696306891456,0,1009.7,262.7848941496744,8.743551139397093,19,,
2018,12,7,12,0,18.6,48,0.3,10.4,162,53.0,798,497.1773388311222,0,1009,278.2357419382411,8.913703797567967,25,,
2018,12,7,13,0,18.4,68,6.9,10.3,250,36.0,551,425.5867453955917,0,1008.1,266.125866718615,7.002818664087765,35,,
2018,12,7,14,0,18.3,82,11,10.3,240,29.0,391,354.3130639232069,0,1007.2,266.37040987542866,8.110261967834164,46,,
2018,12,7,15,0,17.9,92,43,10.3,257,15.0,46,235.5582098328102,0,1006.7,264.5200991848227,7.759093736796705,57,,
2018,12,7,16,0,17.1,101,27.9,10.5,139,10.0,97,149.33007191543533,0,1006.5,239.3714651350264,8.981261631102653,68,,
2018,12,7,17,0,16.4,110,49.8,10.6,68,7.0,0,87.28763042165195,0,1006.3,253.75829825610444,6.017754220041958,79,,
2018,12,7,18,0,15.7,120,15.1,10.7,10,6.0,0,40.75070738967519,0,1006.2,221.3618910426009,7.35104709646846,89,,
2018,12,7,19,0,15,130,34,10.7,0,4.0,0,8.449122502485043,0,1006.2,209.34355301747777,7.297636658087126,99,,
2018,12,7,20,0,14.4,142,46.6,10.8,0,0.0,0,0.0,0,1006.3,12.7857751114733,6.370860387292689,106,,
2018,12,7,21,0,14.2,155,50.4,11.2,0,0.0,0,0.0,0,1005.7,23.245493433398508,5.247514601910227,112,,
2018,12,7,22,0,14.7,170,39.9,11.8,0,0.0,0,0.0,0,1004.6,129.08805560664712,2.9230398416338965,116,,
2018,12,7,23,0,15.1,-175,49.8,12.4,0,0.0,0,0.0,0,1003.5,123.76609859427418,2.449296040509431,116,,
2018,12,8,0,0,15.4,-160,49.1,12.9,0,0.0,0,0.0,0,1002.4,176.0100922141438,0.3228038570284706,114,,
2018,12,8,1,0,15.6,-146,57.3,13.3,0,0.0,0,0.0,0,1001.2,320.87856855597926,2.8300168469773404,109,,
2018,12,8,2,0,15.8,-134,71.5,13.8,0,0.0,0,0.0,0,1000.1,3.1891548458805232,2.163506846238781,101,,
2018,12,8,3,0,16.1,-123,72.5,14.2,0,0.0,0,0.0,0,999.2,50.22671135246088,3.217802371182985,93,,
2018,12,8,4,0,16.6,-113,73.1,14.6,15,0.0,0,0.0,0,998.5,74.66740637492433,7.870211102618403,83,,
2018,12,8,5,0,17.1,-104,94.3,15.1,12,3.0,0,13.122125174100937,0,997.9,83.1809552531123,7.819720242964596,72,,
2018,12,8,6,0,17.7,-95,87.5,15.4,51,4.0,0,44.86167635851836,0,997.5,87.32998689650606,8.804724492669774,61,,
2018,12,8,7,0,18.4,-86,93,15.6,44,9.0,0,109.56162084385396,0,997.3,91.37250304472916,6.717015002481103,49,,
2018,12,8,8,0,19.1,-73,78.5,15.8,95,21.0,76,220.90117722367253,0,997,84.82551042487569,6.033867445925502,38,,
2018,12,8,9,0,19.7,-56,66.8,15.9,149,51.0,148,373.5410196631216,0,996.8,79.52479909493417,9.452211200274387,28,,
2018,12,8,10,0,20.1,-27,68.7,15.8,307,174.0,3,538.2507528512085,0,996.5,80.98357561880107,9.9125235906034,21,,
2018,12,8,11,0,20.5,14,6.7,15.8,255,329.0,686,710.5408566070907,0,996.2,78.14386987909018,9.191446280726634,19,,
2018,12,8,12,0,20.6,48,3,15.4,191,526.0,752,851.276987421072,0,996,78.12100109351388,9.174004955670672,25,,
2018,12,8,13,0,20.4,68,15.5,14.7,325,525.0,410,833.2790944359178,0,995.9,78.30340856940768,8.698446615525093,35,,
2018,12,8,14,0,20.2,82,0.8,14,116,600.0000000000001,609,814.4788358114997,0,995.8,74.31003808962805,9.756352342096914,46,,
2018,12,8,15,0,19.6,92,19.7,13.5,228,813.0,214,823.779192941393,0,996,71.24971961569389,9.763525732617468,57,,
2018,12,8,16,0,18.8,101,13,13.2,156,775.0,134,659.0992152459769,0,996.3,72.20018531340725,9.79941660022792,68,,
2018,12,8,17,0,17.9,110,27.5,12.9,64,723.0,49,467.181727105882,0,996.7,77.14342225741632,10.193038382796358,79,,
2018,12,8,18,0,17,120,4.5,12.7,12,536.0,1,236.70190726288328,0,997.1,82.48776450924396,10.005555770232297,89,,
2018,12,8,19,0,16.1,130,0,12.7,0,211.0,0,40.2223429246608,0,997.7,84.4011470733434,10.662684304745248,98,,
2018,12,8,20,0,15.2,142,0,12.7,0,0.0,0,0.0,0,998.3,86.90755556283216,10.761765107818285,106,,
2018,12,8,21,0,14.7,155,0,12.8,0,0.0,0,0.0,0,998.5,88.58219857394079,10.834127408354515,112,,
2018,12,8,22,0,14.7,170,0,12.9,0,0.0,0,0.0,0,998.2,89.9027531297811,10.500503405923956,116,,
2018,12,8,23,0,14.6,-175,0,13,0,0.0,0,0.0,0,997.9,89.57771472429596,10.898245218419747,116,,
2018,12,9,0,0,14.6,-160,0,13.1,0,0.0,0,0.0,0,997.8,90.97330921203826,11.296795954236476,114,,
2018,12,9,1,0,14.6,-146,0,13.2,0,0.0,0,0.0,0,997.9,90.23576256320216,10.857757936462155,109,,
2018,12,9,2,0,14.6,-134,0,13.2,0,0.0,0,0.0,0,998,93.14651148710824,11.061842392379228,101,,
2018,12,9,3,0,14.5,-123,0,13.3,2,0.0,0,0.0,0,998.3,99.0841642899136,10.575267439587538,93,,
2018,12,9,4,0,14.5,-114,52.7,13.3,30,0.0,2,0.0,0,998.7,101.45483803131368,10.31781969422746,83,,
2018,12,9,5,0,14.5,-105,62.1,13.3,97,198.0,0,43.07074598520275,0,999.2,98.3500521015726,10.514044057575072,72,,
2018,12,9,6,0,15,-96,42.6,13.1,207,515.0,75,202.86338764204592,0,999.6,103.51320566950072,9.840037675243646,61,,
2018,12,9,7,0,16,-86,19,12.7,295,703.0000000000001,253,409.0121669141574,0,1000.1,106.42954999877594,8.99700218844835,49,,
2018,12,9,8,0,16.9,-74,22.1,12.3,320,801.0,339,612.7094863937705,0,1000.5,110.24131770112638,7.303580639867008,38,,
2018,12,9,9,0,17.2,-56,14.2,11.8,354,859.0,473,793.2765778163878,0,1000.9,108.78773114033164,5.517105595432588,28,,
2018,12,9,10,0,16.9,-28,13.7,11,347,895.0,546,929.0753335875892,0,1001.4,105.6340535187232,4.208942740603971,20,,
2018,12,9,11,0,16.6,13,18.8,10.3,457,904.0,395,1017.9773809732905,0,1001.8,91.37580388673086,3.9249596186704863,19,,
2018,12,9,12,0,16.3,48,4.1,9.7,210,914.0,749,1060.288284665016,0,1002.2,81.5519386015223,4.616497808023943,25,,
2018,12,9,13,0,15.9,68,9.3,9.4,276,918.0,533,1049.0746092425527,0,1002.5,65.70911108046971,3.07067934907085,34,,
2018,12,9,14,0,15.5,82,6.8,9,213,890.0,480,970.0687848194228,0,1002.9,60.77194805685485,3.994953100862566,45,,
2018,12,9,15,0,14.9,92,5.9,8.9,169,858.0,354,843.889940762142,0,1003.3,73.74403896944,5.933251969399301,57,,
2018,12,9,16,0,14.3,101,4.1,8.9,113,779.0,222,658.131959307736,0,1003.9,78.23913220790052,7.227409849234696,68,,
2018,12,9,17,0,13.6,110,11.6,8.9,69,569.0000000000001,62,407.7542279729559,0,1004.4,79.48241904751615,7.727982809977634,79,,
2018,12,9,18,0,13.1,120,1.6,8.7,11,305.0,5,173.46299140820764,0,1004.8,83.30629054546148,8.158149472480996,89,,
2018,12,9,19,0,12.7,130,0.3,8.4,0,71.0,0,22.324954805571245,0,1005.1,84.09584466862611,7.248411152473746,98,,
2018,12,9,20,0,12.3,142,42.7,8.2,0,0.0,0,0.0,0,1005.4,91.01003318070786,7.340496007858593,106,,
2018,12,9,21,0,12.1,155,42.3,8.1,0,0.0,0,0.0,0,1005.5,98.46307268841052,6.856151309907031,112,,
2018,12,9,22,0,11.9,170,29.1,8.2,0,0.0,0,0.0,0,1005.3,100.48642868212858,6.256348723281439,116,,
2018,12,9,23,0,11.8,-175,42.5,8.3,0,0.0,0,0.0,0,1005.1,103.34538101111129,5.377386766400492,116,,
2018,12,10,0,0,11.8,-160,47.4,8.3,0,0.0,0,0.0,0,1004.9,89.89692896177257,4.750007685855872,114,,
2018,12,10,1,0,11.9,-146,63.2,8.2,0,0.0,0,0.0,0,1004.8,69.5183004733534,4.8226936740557145,109,,
2018,12,10,2,0,12,-134,66.3,8.1,0,0.0,0,0.0,0,1004.6,61.18038318094375,5.278826552542135,101,,
2018,12,10,3,0,12.3,-123,40,8.1,1,0.0,0,0.0,0,1004.5,57.49166826364296,7.019547421580576,92,,
2018,12,10,4,0,12.6,-114,48.2,8.2,52,0.0,1,0.0,0,1004.5,60.492508789734245,7.623053681441173,83,,
2018,12,10,5,0,13,-105,1.6,8.2,69,258.0,212,45.50347465517444,0,1004.5,60.30392316411138,7.750023707230516,72,,
2018,12,10,6,0,13.8,-96,29.1,8.5,223,571.0000000000001,128,209.7743022380136,0,1004.5,59.85318848002436,7.191738723951583,61,,
2018,12,10,7,0,15,-86,58.8,8.9,276,724.0,8,412.0536162753469,0,1004.3,49.89392881925568,6.216407305861322,49,,
2018,12,10,8,0,16.1,-74,32.6,9.3,398,760.0,179,594.1990764898669,0,1004.2,48.36279876614918,6.027346054145931,38,,
2018,12,10,9,0,16.7,-57,54.7,9.3,433,758.0,7,743.7110385892327,0,1003.8,40.93554892327734,6.459272555280317,28,,
2018,12,10,10,0,16.7,-28,61.7,8.9,385,736.0,14,850.2686732550442,0,1003.2,40.66594927232586,7.227771554791587,20,,
2018,12,10,11,0,16.7,13,62.4,8.4,373,730.0,21,924.0964371310622,0,1002.6,40.35107049972868,7.43994886089126,19,,
2018,12,10,12,0,16.6,48,51.9,8.5,388,777.0,92,982.7945515720556,0,1002.1,39.0376558272252,7.811107519031234,25,,
2018,12,10,13,0,16.4,68,53.6,8.9,326,828.0000000000001,93,996.623521502278,0,1001.7,47.305362992178,8.789324757371965,34,,
2018,12,10,14,0,16.2,82,76.1,9.3,175,845.0,0,944.6799431149012,0,1001.2,62.57531211534888,9.46068050372524,45,,
2018,12,10,15,0,15.8,92,55,9.7,238,865.0,8,847.6447458497023,0,1000.8,65.47256607653082,9.48559394683048,57,,
2018,12,10,16,0,15.3,101,11.7,10,148,845.0,161,690.7483411472049,0,1000.4,68.62300795487545,9.602788817370818,68,,
2018,12,10,17,0,14.8,110,7.2,10.4,64,756.0,86,480.02436507746086,0,1000,72.65296337663767,9.433718631146842,79,,
2018,12,10,18,0,14.2,120,0,10.6,10,568.0000000000001,9,246.78828648168584,0,999.7,80.32549449696552,9.53749444306438,89,,
2018,12,10,19,0,13.6,130,0,10.6,0,240.0,0,44.71456095917902,0,999.5,84.39178812457635,10.644947204862072,98,,
2018,12,10,20,0,12.9,142,5.3,10.7,0,0.0,0,0.0,0,999.4,86.46682961911552,10.430959059678903,106,,
2018,12,10,21,0,12.6,155,34.1,10.8,0,0.0,0,0.0,0,998.8,85.24320336433107,10.012758704806778,112,,
2018,12,10,22,0,12.7,169,22.9,11.1,0,0.0,0,0.0,0,997.9,87.75559626609487,10.030644065762278,115,,
2018,12,10,23,0,12.8,-175,0,11.4,0,0.0,0,0.0,0,997,95.0031493771524,10.083585424989458,116,,
2018,12,11,0,0,12.7,-160,0,11.4,0,0.0,0,0.0,0,996.3,91.10818464966644,9.92202183472123,114,,
2018,12,11,1,0,12.5,-146,0,11.1,0,0.0,0,0.0,0,995.8,94.26051863586495,9.316517091487595,109,,
2018,12,11,2,0,12.3,-134,0,10.8,0,0.0,0,0.0,0,995.3,101.51274374524507,9.103321782953593,101,,
2018,12,11,3,0,12.2,-124,0,10.7,2,0.0,1,0.0,0,995,105.71803556447998,8.552472741480265,92,,
2018,12,11,4,0,12.2,-114,43,10.7,36,0.0,6,0.0,0,994.9,111.19496436970422,7.915571172525944,83,,
2018,12,11,5,0,12.2,-105,52.4,10.7,64,249.0,50,45.09900571374555,0,994.8,114.20053473235504,7.547587315685151,72,,
2018,12,11,6,0,12.4,-96,72.6,10.5,131,565.0000000000001,1,208.28433041577156,0,994.8,116.42049065875295,6.923862408766992,61,,
2018,12,11,7,0,12.7,-86,13.4,9.9,286,667.0,282,397.22847161308056,0,994.8,128.30818612008272,5.194019242708962,49,,
2018,12,11,8,0,13.1,-74,11.1,9.4,275,720.0,472,579.2257464399909,0,994.7,132.67840315519112,4.03153898992352,38,,
2018,12,11,9,0,13,-57,16.9,8.7,329,849.0,474,782.5546326253502,0,994.9,139.97911803729562,3.0611220880049297,28,,
2018,12,11,10,0,12.7,-28,15,7.9,345,902.0,538,933.6509292285529,0,995.3,175.1441019007649,2.581286370526871,20,,
2018,12,11,11,0,12.3,13,21.4,7,271,919.0,554,1026.888283836612,0,995.7,174.78781897119154,2.354216855000836,19,,
2018,12,11,12,0,11.9,48,28.9,6.7,446,924.0,262,1066.5661113904994,0,996.1,162.1067857308234,1.5677754038238456,25,,
2018,12,11,13,0,11.5,68,41.1,6.8,345,920.0,178,1051.4020423686484,0,996.6,233.75120681437613,6.261110063216355,34,,
2018,12,11,14,0,11.1,82,38.8,6.9,210,905.0,239,980.3088871822616,0,997.1,240.4252615719424,5.302689975391068,45,,
2018,12,11,15,0,10.7,92,48.3,7,222,875.0,78,854.7152512572259,0,997.8,239.04056988171493,4.435934851881784,56,,
2018,12,11,16,0,10.3,102,5.8,6.9,107,818.0000000000001,220,679.9966298464492,0,998.7,233.171694603046,4.573926986393477,68,,
2018,12,11,17,0,9.8,110,23.7,6.8,78,718.0,39,467.4264467738769,0,999.6,230.0964269289704,5.610499261384335,78,,
2018,12,11,18,0,9.5,120,0.6,6.3,13,526.0,5,237.42474502793735,0,1000.3,227.19156836216536,7.168842979566502,89,,
2018,12,11,19,0,9.2,130,0,5.5,0,217.0,0,42.4673723458526,0,1001,223.19054191872328,8.107976939940864,98,,
2018,12,11,20,0,8.9,142,0,4.7,0,0.0,0,0.0,0,1001.6,214.480865706174,8.335516481930927,106,,
2018,12,11,21,0,8.9,155,0,4.5,0,0.0,0,0.0,0,1002,212.374468589858,9.60557608216748,112,,
2018,12,11,22,0,9.1,169,0,4.9,0,0.0,0,0.0,0,1002.1,213.36703999768943,10.569062031426448,115,,
2018,12,11,23,0,9.3,-175,0,5.3,0,0.0,0,0.0,0,1002.1,215.59939684719225,10.960262856959858,116,,
2018,12,12,0,0,9.3,-160,0,5.4,0,0.0,0,0.0,0,1002.3,211.1161385651131,11.775831215873364,114,,
2018,12,12,1,0,9.3,-147,0,5.3,0,0.0,0,0.0,0,1002.5,216.37454451656748,13.114308473536196,108,,
2018,12,12,2,0,9.3,-134,0,5.3,0,0.0,0,0.0,0,1002.8,216.184381277784,14.194326491429848,101,,
2018,12,12,3,0,9.4,-124,0,5.2,2,0.0,0,0.0,0,1003.2,211.2433996230119,15.227170610101622,92,,
2018,12,12,4,0,9.7,-114,7.4,5.2,45,0.0,31,0.0,0,1003.9,212.46328391278595,15.329544338031802,83,,
2018,12,12,5,0,9.9,-105,6.4,5.2,106,138.0,144,40.56184779937202,0,1004.6,212.5612627789175,16.532759671423822,72,,
2018,12,12,6,0,10.6,-96,29.1,5,135,352.0,222,176.4012649942689,0,1005.1,213.64923850125203,17.483962320906905,61,,
2018,12,12,7,0,11.7,-86,16.8,4.8,282,617.0,277,384.1580793277541,0,1005.4,214.9565232594889,17.59442892509366,49,,
2018,12,12,8,0,12.8,-74,26.9,4.6,399,700.0000000000001,217,572.5346523534301,0,1005.7,216.13414753398936,17.79970973567089,38,,
2018,12,12,9,0,13.3,-57,24.9,4.3,406,748.0,315,738.9508127378515,0,1006,216.22723982385645,18.462489493502016,28,,
2018,12,12,10,0,13.4,-29,24.2,4.1,454,718.0,330,868.9433067977474,0,1006.2,217.08033414562368,18.71868094047837,20,,
2018,12,12,11,0,13.4,13,17.6,3.9,381,774.0,482,977.3945505785156,0,1006.4,219.14260049889776,18.932470377656216,19,,
2018,12,12,12,0,13.4,48,24.3,3.9,468,791.0,288,1020.6799203319382,0,1006.6,220.1925650931735,18.45661215008637,24,,
2018,12,12,13,0,13.4,68,49.9,4,414,831.0000000000001,34,1027.6756280342338,0,1006.7,217.1025882455964,17.806152701923782,34,,
2018,12,12,14,0,13.4,82,16.7,4.2,297,839.0,321,967.3073694480116,0,1006.7,217.23717429999093,17.13135782616357,45,,
2018,12,12,15,0,13.3,92,34.8,4.4,250,809.0,124,841.6289759107867,0,1006.9,216.07086263825428,16.71915508385592,56,,
2018,12,12,16,0,13,102,52.7,4.7,158,733.0,5,656.852678949009,0,1007.1,215.298241293431,16.27892678062659,67,,
2018,12,12,17,0,12.7,110,38.1,5,85,592.0,9,432.3641510927478,0,1007.3,212.4708689421112,16.58964370129077,78,,
2018,12,12,18,0,12.1,120,57.7,5.2,10,396.0,0,209.1434543485958,0,1007.5,208.90412588244092,16.875082971227613,89,,
2018,12,12,19,0,11.2,130,49.1,5.4,0,144.0,0,34.88876316021887,0,1007.8,206.68001832861228,17.847526938891917,98,,
2018,12,12,20,0,10.4,142,43.9,5.6,0,0.0,0,0.0,0,1008,206.3012311792944,18.187242960014764,106,,
2018,12,12,21,0,10,155,63.7,5.7,0,0.0,0,0.0,0,1008,205.6510528826072,18.2751932462711,112,,
2018,12,12,22,0,10.2,169,44.8,5.8,0,0.0,0,0.0,0,1007.7,204.2207996980305,17.814796386730734,115,,
2018,12,12,23,0,10.4,-175,41.6,5.8,0,0.0,0,0.0,0,1007.4,203.2776627509349,16.95694683961701,116,,
2018,12,13,0,0,10.6,-160,32.4,5.8,0,0.0,0,0.0,0,1007.2,205.93614949148252,16.3731965462361,113,,
2018,12,13,1,0,10.8,-147,45.2,5.9,0,0.0,0,0.0,0,1007.1,205.8018695351253,15.590969510533863,108,,
2018,12,13,2,0,10.9,-135,41,5.9,0,0.0,0,0.0,0,1006.9,201.2541557752108,16.07194832101408,101,,
2018,12,13,3,0,11.2,-124,43.8,6.1,1,0.0,0,0.0,0,1006.9,198.3310764760388,16.395463840153678,92,,
2018,12,13,4,0,11.7,-114,47.5,6.4,48,0.0,0,0.0,0,1007.1,198.54333634967665,17.140872616226844,83,,
2018,12,13,5,0,12.3,-105,43.9,6.7,153,3.0,0,11.119840238908868,0,1007.2,199.56679313346112,16.649984673616153,72,,
2018,12,13,6,0,13.1,-96,46.9,6.8,205,7.0,52,47.49557718444817,0,1007.2,199.59252463572088,16.562721268957226,61,,
2018,12,13,7,0,14.3,-86,41.1,6.8,349,14.0,57,112.50841871558777,0,1006.9,202.9641453750531,14.658261169278008,49,,
2018,12,13,8,0,15.4,-75,47,6.8,413,17.0,36,174.5952565728464,0,1006.7,203.5755166906877,13.517674272005417,38,,
2018,12,13,9,0,16,-58,57.5,6.8,378,10.0,38,185.14666979387587,0,1006.4,197.9342941480185,13.571290630431893,28,,
2018,12,13,10,0,16.1,-29,22.1,6.7,443,6.0,366,192.00327946024373,0,1006.1,190.967412702914,12.742749090115751,20,,
2018,12,13,11,0,16.1,12,33.7,6.6,582,7.0,113,225.3974696822305,0,1005.8,188.77923188675533,11.641768738543334,19,,
2018,12,13,12,0,16.1,48,29.5,6.8,540,13.0,159,308.3414373467648,0,1005.5,185.6956610114889,10.346735212348989,24,,
2018,12,13,13,0,16.2,68,23.5,7.1,442,26.0,241,375.3807001997277,0,1005.1,181.0436702447042,8.337076457902839,34,,
2018,12,13,14,0,16.2,82,22.6,7.4,376,109.0,197,519.9041943173496,0,1004.7,158.54793776770566,6.126835980935604,45,,
2018,12,13,15,0,15.8,92,39.2,7.8,305,196.0,37,520.821309486863,0,1004.6,161.38490860254262,6.040628701419554,56,,
2018,12,13,16,0,15.2,102,44.3,8.2,186,87.0,13,314.0365102505454,0,1004.7,180.8015320632248,7.993213774119287,67,,
2018,12,13,17,0,14.6,110,51.1,8.6,70,19.0,2,126.1642039946351,0,1004.8,168.31036613980598,8.922857644637553,78,,
2018,12,13,18,0,13.6,120,3.8,8.8,15,7.0,4,44.13875226733539,0,1004.9,173.3247826372442,9.67815684792757,88,,
2018,12,13,19,0,12.3,130,0,8.6,0,2.0,0,5.25283299391047,0,1005.2,176.02863648568814,9.92666804568134,98,,
2018,12,13,20,0,11,142,0,8.5,0,0.0,0,0.0,0,1005.5,164.3755649287482,9.680215083808534,106,,
2018,12,13,21,0,10.3,155,0,8.4,0,0.0,0,0.0,0,1005.5,157.62840686221205,8.551068109028511,112,,
2018,12,13,22,0,10.2,169,0,8.2,0,0.0,0,0.0,0,1005.2,158.98151846883889,7.916365549149857,115,,
2018,12,13,23,0,10.1,-176,0,8,0,0.0,0,0.0,0,1004.9,164.38380150086846,7.529401401927247,116,,
2018,12,14,0,0,9.9,-161,0,7.7,0,0.0,0,0.0,0,1004.7,166.97550904803848,7.686012996512956,113,,
2018,12,14,1,0,9.7,-147,0.1,7.4,0,0.0,0,0.0,0,1004.7,121.1238202122135,5.020833273316485,108,,
2018,12,14,2,0,9.4,-135,1.6,7.1,0,0.0,0,0.0,0,1004.7,150.01731510507352,4.902957230439547,101,,
2018,12,14,3,0,9.8,-124,6.1,7.3,2,0.0,0,0.0,0,1005,169.2966036403717,5.766836545647946,93,,
2018,12,14,4,0,10.8,-114,7.8,8.1,45,0.0,40,0.0,0,1005.5,166.89796594350696,5.749024292842282,83,,
2018,12,14,5,0,11.8,-105,23.3,8.8,155,7.0,50,19.276426397062203,0,1005.9,188.0356859421109,6.579002240328589,72,,
2018,12,14,6,0,13.2,-96,24.7,9.2,272,80.0,88,128.04004459815047,0,1006.2,194.14022519481617,7.602166154813999,61,,
2018,12,14,7,0,15,-87,24.2,9.3,355,94.0,157,235.9165833238441,0,1006.3,175.56697727864912,6.408821264495364,50,,
2018,12,14,8,0,16.8,-75,2,9.4,148,131.0,673,371.8478814023774,0,1006.5,149.92380549737118,5.27350242857345,38,,
2018,12,14,9,0,17.8,-58,1.6,9.4,141,140.0,805,483.9724859676984,0,1006.4,160.51683605706455,5.541166720987541,28,,
2018,12,14,10,0,18.1,-29,10.6,9.4,323,165.0,599,577.5302002226812,0,1006.3,168.55137647474157,6.072483872313303,20,,
2018,12,14,11,0,18.4,12,3.8,9.3,184,106.0,821,560.8680335179722,0,1006.1,168.4759033409009,6.033246698095589,19,,
2018,12,14,12,0,18.6,47,0,9.5,92,69.0,909,509.5230509755796,0,1006,143.25973455672363,3.1940511438339367,24,,
2018,12,14,13,0,18.6,68,0,10,84,67.0,816,486.8701770295713,0,1005.8,100.18427395128448,1.3697256887039582,34,,
2018,12,14,14,0,18.7,82,0,10.4,78,109.0,674,505.0153363226165,0,1005.7,75.3480179991252,2.837641191120687,45,,
2018,12,14,15,0,18.4,92,0,10.8,71,104.0,499,419.2319723848983,0,1005.7,72.72822976141202,4.057985945010768,56,,
2018,12,14,16,0,17.7,102,0,11.2,60,105.0,309,323.8072874943403,0,1005.9,85.60589099327694,1.8673050975078915,67,,
2018,12,14,17,0,17,110,2.1,11.6,47,92.0,122,211.5513301025024,0,1006,227.5015273189285,0.502324245424254,78,,
2018,12,14,18,0,16.1,120,2.1,11.6,13,97.0,9,117.83882152319696,0,1006.3,234.62667488791297,1.9985821287598504,88,,
2018,12,14,19,0,15,130,0,11.3,0,59.0,0,24.583547761537325,0,1006.6,235.6643803043761,1.6166690787890552,98,,
2018,12,14,20,0,13.9,141,0,10.9,0,0.0,0,0.0,0,1007,190.8701833516815,2.651332668128908,106,,
2018,12,14,21,0,13.2,155,0,10.9,0,0.0,0,0.0,0,1007.1,169.73030466824935,4.306790020139878,112,,
2018,12,14,22,0,12.9,169,0,11.1,0,0.0,0,0.0,0,1006.9,161.58506646988258,5.525107777308105,115,,
2018,12,14,23,0,12.7,-176,0,11.3,0,0.0,0,0.0,0,1006.8,179.1264727309151,7.89496049653064,116,,
2018,12,15,0,0,12.4,-161,0,11.3,0,0.0,0,0.0,0,1006.7,179.64095922788624,9.23357973046856,113,,
2018,12,15,1,0,12.2,-147,14.5,11.1,0,0.0,0,0.0,0,1006.7,186.2150818979992,9.692465503253407,108,,
2018,12,15,2,0,11.9,-135,40.5,11,0,0.0,0,0.0,0,1006.7,181.0364285210264,9.637074702461316,101,,
2018,12,15,3,0,12.3,-124,14,11.2,1,0.0,0,0.0,0,1006.9,175.3121112537617,8.848203545289314,93,,
2018,12,15,4,0,13.3,-114,16.9,11.7,51,0.0,29,0.0,0,1007.3,171.1910041364058,8.395169059483647,83,,
2018,12,15,5,0,14.2,-105,70.8,12.2,79,22.0,2,27.85651022357452,0,1007.7,173.39956188265023,8.814527200649202,72,,
2018,12,15,6,0,15.7,-96,40.7,12.6,155,32.0,119,93.79196680492372,0,1007.9,176.46787095797947,8.32978804196152,61,,
2018,12,15,7,0,17.6,-87,75.4,12.6,171,42.0,0,179.4602920227438,0,1008,173.84466473493512,6.5347440764056905,50,,
2018,12,15,8,0,19.4,-75,48.8,12.7,375,74.0,62,306.6577622980996,0,1008.2,173.6614168953338,7.682216565470878,38,,
2018,12,15,9,0,20.3,-58,2.7,12.5,146,101.0,798,430.0576836340749,0,1008.2,177.01726172796612,7.976137648728119,28,,
2018,12,15,10,0,20.2,-30,0,11.9,101,81.0,937,477.4805265973255,0,1008.2,170.9044051240969,8.41538567795909,20,,
2018,12,15,11,0,20,12,0,11.3,103,79.0,947,519.1840588619372,0,1008.1,173.60967201110475,9.304884145405945,18,,
2018,12,15,12,0,19.9,47,0,11.1,103,113.0,900,589.3309020958718,0,1007.9,176.4476183308135,9.653558414592691,24,,
2018,12,15,13,0,20,68,0,11.3,100,74.0,801,503.4829797049368,0,1007.6,187.73022237434665,12.11547181497768,34,,
2018,12,15,14,0,20,82,0,11.4,94,40.0,658,375.2740689702959,0,1007.2,187.5500009936815,12.402936471307356,45,,
2018,12,15,15,0,19.6,92,0,11.8,87,18.0,481,237.0833445795184,0,1007.2,190.19108160505365,12.515323344773192,56,,
2018,12,15,16,0,18.9,102,0,12.4,73,10.0,293,144.4742031240951,0,1007.5,194.30311335479007,12.089845182206126,67,,
2018,12,15,17,0,18.1,110,3.3,13,57,7.0,108,82.40287257921109,0,1007.7,195.5802959476371,11.96758089256958,78,,
2018,12,15,18,0,17.2,120,2.7,13.3,15,6.0,6,38.857798607988194,0,1008.1,198.27026850353136,11.79196284256911,88,,
2018,12,15,19,0,16.1,130,0,13.2,0,3.0,0,6.391741422405119,0,1008.6,201.2591992041065,11.74688952699551,98,,
2018,12,15,20,0,15,141,0,13.1,0,0.0,0,0.0,0,1009,201.39232373037572,11.848535029077704,105,,
2018,12,15,21,0,14.2,155,0,12.9,0,0.0,0,0.0,0,1009.2,203.6016649235075,11.474209335820934,111,,
2018,12,15,22,0,13.7,169,0,12.6,0,0.0,0,0.0,0,1009.2,208.15736859218268,10.624552100221557,115,,
2018,12,15,23,0,13.1,-176,0,12.2,0,0.0,0,0.0,0,1009.1,211.556817738194,9.546484406967346,116,,
2018,12,16,0,0,12.8,-161,0,12,0,0.0,0,0.0,0,1009.1,216.8639849935257,8.990087938493891,113,,
2018,12,16,1,0,12.7,-147,0,12,0,0.0,0,0.0,0,1009.1,216.9273015119444,9.60103020926881,108,,
2018,12,16,2,0,12.5,-135,0,11.9,0,0.0,0,0.0,0,1009.2,207.4454617762057,9.493272972051212,101,,
2018,12,16,3,0,13.1,-124,0,12.2,2,0.0,1,0.0,0,1009.4,203.31975329721408,8.989477765129068,93,,
2018,12,16,4,0,14.2,-115,40.9,12.9,44,0.0,2,0.0,0,1009.7,205.3526808595932,8.59189644678011,83,,
2018,12,16,5,0,15.3,-106,43.4,13.6,155,59.0,6,38.2582877376493,0,1010.1,206.74860538614945,7.974986100857381,72,,
2018,12,16,6,0,16.8,-97,46.4,14.1,249,222.0,13,166.93079607258844,0,1010.3,210.0607475955289,7.887862921253218,61,,
2018,12,16,7,0,18.4,-87,25.1,14.4,336,393.0,169,348.6652437349651,0,1010.3,216.66402833513828,7.44702072801365,50,,
2018,12,16,8,0,20.1,-75,10.8,14.6,280,494.0,467,534.66909316239,0,1010.3,229.4437213526727,6.639763531625017,38,,
2018,12,16,9,0,21,-58,14.6,14.4,373,566.0000000000001,448,706.4037481787464,0,1010.2,234.46232220802565,5.376453291901642,28,,
2018,12,16,10,0,21,-30,13.9,13.6,356,554.0,533,800.2661225093491,0,1009.9,234.7275205350004,4.801084584895221,20,,
2018,12,16,11,0,21.1,12,0.5,12.8,133,427.0,907,805.0830257096522,0,1009.6,255.8573793567794,3.50818675366243,18,,
2018,12,16,12,0,21.1,47,0,12.5,123,273.0,876,729.3516799593322,0,1009.4,310.6560947560861,3.377782487046852,24,,
2018,12,16,13,0,21.1,68,0,12.5,121,189.0,775,636.5681520408541,0,1009.1,317.0495304450429,5.995253215115901,34,,
2018,12,16,14,0,21,82,0,12.5,113,128.0,635,515.9965579963518,0,1008.9,336.3954901526859,4.638060924250377,44,,
2018,12,16,15,0,20.6,92,0,12.9,94,203.0,474,503.08987570789407,0,1008.8,359.07286128452904,5.250687417938805,56,,
2018,12,16,16,0,19.8,101,0,13.5,77,330.0,290,470.1721976289558,0,1008.9,15.735927468883744,5.366152384527927,67,,
2018,12,16,17,0,19,110,1.8,14.1,56,382.0,112,357.3924879789664,0,1009,40.97585313255945,4.860913784321165,78,,
2018,12,16,18,0,18.2,120,2.6,14.5,16,238.0,6,168.15692022458,0,1009.1,50.21972435798864,3.398573011130108,88,,
2018,12,16,19,0,17.4,130,0,14.7,0,74.0,0,26.80886104736514,0,1009,27.60798185595479,3.401177373907731,97,,
2018,12,16,20,0,16.5,141,0,14.8,0,0.0,0,0.0,0,1009,25.04094267814213,3.5138788252440545,105,,
2018,12,16,21,0,16,154,0,14.9,0,0.0,0,0.0,0,1008.8,14.865415727919869,4.300424573142165,111,,
2018,12,16,22,0,15.8,169,0,14.8,0,0.0,0,0.0,0,1008.3,20.134786387635188,4.617135165413334,115,,
2018,12,16,23,0,15.6,-176,0,14.7,0,0.0,0,0.0,0,1007.8,7.840334830815209,4.123507258499841,116,,
2018,12,17,0,0,15.6,-161,0,14.7,0,0.0,0,0.0,0,1007.4,17.448103004658947,5.002637644279603,113,,
2018,12,17,1,0,15.5,-147,0,14.8,0,0.0,0,0.0,0,1007.1,8.659449675917642,5.396477041056589,108,,
2018,12,17,2,0,15.5,-135,0,14.8,0,0.0,0,0.0,0,1006.8,25.510655105403828,4.550863194853438,101,,
2018,12,17,3,0,15.8,-124,0,14.9,2,0.0,1,0.0,0,1006.7,26.565051177077976,5.640394126837848,93,,
2018,12,17,4,0,16.3,-115,54.2,15,29,0.0,2,0.0,0,1006.8,35.69652474339705,5.272003934060295,83,,
2018,12,17,5,0,16.8,-106,59.7,15.2,113,16.0,0,23.60035008628341,0,1006.9,48.61327862939652,6.212654308344597,72,,
2018,12,17,6,0,18,-97,42.7,15.2,271,53.0,3,106.1540928397988,0,1006.9,61.70598185649675,7.874369520350031,61,,
2018,12,17,7,0,19.8,-87,13.6,15.2,252,110.0,329,231.90138998811625,0,1006.8,74.09667802082782,9.270599760192075,50,,
2018,12,17,8,0,21.7,-75,14.7,15.2,305,143.0,404,360.24395805137226,0,1006.6,76.368034083302,10.607408029416945,39,,
2018,12,17,9,0,22.6,-59,0.3,15.1,114,146.0,839,462.9440109410178,0,1006.3,75.3279236233148,12.09105067722666,28,,
2018,12,17,10,0,22.5,-30,0.2,15,117,182.0,907,564.436610012877,0,1005.8,75.49004913025192,13.221011939987816,20,,
2018,12,17,11,0,22.4,11,0,14.8,115,286.0,924,703.2075935801654,0,1005.4,77.37700635302235,14.095335052915358,18,,
2018,12,17,12,0,22.3,47,0.3,14.8,118,379.0,874,788.101209443822,0,1004.9,80.39041458726854,14.335430333783735,24,,
2018,12,17,13,0,22.3,68,2.1,14.8,147,371.0,730,763.7493940258623,0,1004.5,80.51392161702961,14.520333092208082,33,,
2018,12,17,14,0,22.3,82,11.4,14.9,263,392.0,397,716.4009529952103,0,1004.1,79.11626950534941,14.115724870988451,44,,
2018,12,17,15,0,21.9,92,9.3,15.1,191,364.0,322,602.7158199206383,0,1003.9,81.86227649937223,13.497729446063408,56,,
2018,12,17,16,0,21.1,101,3.9,15.5,103,372.0,249,486.00146526619454,0,1004,84.73881890280785,13.584084505634957,67,,
2018,12,17,17,0,20.3,110,2.7,15.8,58,370.0,110,347.1866322291621,0,1004.1,77.97035729747523,13.173570209350974,78,,
2018,12,17,18,0,19.4,120,3.3,16,17,182.0,7,147.05099180798393,0,1004.1,81.80124634438619,12.678903251082051,88,,
2018,12,17,19,0,18.4,130,0,15.9,0,52.0,0,22.99130236469404,0,1004.1,82.12260138276162,12.73664308956155,97,,
2018,12,17,20,0,17.4,141,0,15.9,0,0.0,0,0.0,0,1004.2,90.0220906477345,11.39795006591574,105,,
2018,12,17,21,0,16.7,154,0,15.7,0,0.0,0,0.0,0,1003.9,92.7463600605692,10.15497422054931,111,,
2018,12,17,22,0,16.3,169,0.2,15.5,0,0.0,0,0.0,0,1003.4,89.17949821396513,9.666762675570403,115,,
2018,12,17,23,0,15.8,-176,33.7,15.2,0,0.0,0,0.0,0,1002.9,92.90054462864418,9.615590245652394,116,,
2018,12,18,0,0,15.5,-161,35.2,14.9,0,0.0,0,0.0,0,1002.6,93.18234051550144,9.89074057621494,113,,
2018,12,18,1,0,15.2,-147,26.7,14.8,0,0.0,0,0.0,0,1002.5,93.00758667479396,10.036773910602491,108,,
2018,12,18,2,0,15,-135,34,14.6,0,0.0,0,0.0,0,1002.3,94.20742189519432,9.73668977454122,101,,
2018,12,18,3,0,15.2,-124,42.2,14.6,1,0.0,0,0.0,0,1002.5,105.1236916449858,8.09330113834315,93,,
2018,12,18,4,0,15.9,-115,24.6,14.8,46,0.0,19,0.0,0,1002.9,104.89335384104452,7.243838520183912,83,,
2018,12,18,5,0,16.5,-106,29,15,124,67.0,71,36.45695270882869,0,1003.4,102.6132768942718,6.807603992826408,72,,
2018,12,18,6,0,17.9,-97,19.9,15.3,215,242.0,163,162.67813129402697,0,1003.5,105.88690979362887,6.800525193759475,61,,
2018,12,18,7,0,19.8,-87,21.9,15.5,241,460.0,281,353.90944960427555,0,1003.2,109.28564863483246,5.704386349546899,50,,
2018,12,18,8,0,21.7,-76,0.3,15.8,117,564.0,708,539.9155859909529,0,1002.9,99.38993690798752,4.543050835770676,39,,
2018,12,18,9,0,22.9,-59,0,15.6,118,586.0,831,690.7027197936619,0,1002.6,105.15769214680245,4.268876237524654,28,,
2018,12,18,10,0,23.4,-31,0,15,120,486.0,901,776.0946614140976,0,1002.3,95.50225140989346,3.5875749194732585,20,,
2018,12,18,11,0,23.8,11,0,14.4,118,525.0,919,869.3419772134314,0,1002,91.25881850687888,4.067387882884369,18,,
2018,12,18,12,0,23.9,47,0.2,14.2,118,543.0,873,907.9683842967962,0,1001.6,85.71761339302037,4.12283853052371,24,,
2018,12,18,13,0,23.8,68,0.2,14.4,114,339.0,780,766.8270692810449,0,1001.3,75.02238935483501,2.555317955501108,33,,
2018,12,18,14,0,23.7,82,2.2,14.6,136,287.0,597,668.8578210803958,0,1001,63.26436547155532,3.3738790434263013,44,,
2018,12,18,15,0,23.2,92,0.1,15,91,129.0,478,445.4102563252847,0,1000.8,69.70018955077114,3.769785604641585,56,,
2018,12,18,16,0,22.4,101,0,15.6,74,89.0,296,306.0301229541228,0,1000.7,80.10075914776246,4.337032392949502,67,,
2018,12,18,17,0,21.5,110,6.3,16.2,61,46.0,106,166.60388407202967,0,1000.6,92.25317240955934,4.315836741993682,78,,
2018,12,18,18,0,20.3,120,4.5,16.3,18,20.0,5,65.30562902653055,0,1000.8,95.27035736954316,3.936319098424864,88,,
2018,12,18,19,0,18.8,130,0,16,0,5.0,0,8.681333329736963,0,1001.1,93.61422569431043,1.7040728110262573,97,,
2018,12,18,20,0,17.2,141,0,15.8,0,0.0,0,0.0,0,1001.5,115.82246792141962,1.6512041062150584,105,,
2018,12,18,21,0,16.3,154,0,15.5,0,0.0,0,0.0,0,1001.6,192.11402717332007,2.5349644969019054,111,,
2018,12,18,22,0,16,169,0,15.3,0,0.0,0,0.0,0,1001.3,211.0643381768719,4.889433871118022,115,,
2018,12,18,23,0,15.8,-176,0,15.1,0,0.0,0,0.0,0,1001,213.0154953950473,5.883669650183808,116,,
2018,12,19,0,0,15.6,-161,0,15,0,0.0,0,0.0,0,1000.7,209.8805558920211,6.560323308807599,113,,
2018,12,19,1,0,15.6,-147,0,15,0,0.0,0,0.0,0,1000.1,209.952167609276,7.842886299667364,108,,
2018,12,19,2,0,15.6,-135,0,15,0,0.0,0,0.0,0,999.6,212.56974879840143,8.360155443498597,101,,
2018,12,19,3,0,16,-124,0,15,1,0.0,0,0.0,0,999.3,212.4696641860647,8.424930648065486,93,,
2018,12,19,4,0,16.8,-115,6.2,15.1,44,0.0,37,0.0,0,999.1,208.18198816018048,8.423656813013675,83,,
2018,12,19,5,0,17.6,-106,0,15.3,72,7.0,191,17.250072270919095,0,998.9,206.8105943889429,9.324641949654776,72,,
2018,12,19,6,0,19,-97,0,15.5,93,8.0,370,54.666229667373486,0,998.6,205.6911987377313,9.55735421571697,61,,
2018,12,19,7,0,20.9,-87,0.1,15.9,111,16.0,543,126.20431602834192,0,998.1,206.9211417597715,9.32855788780764,50,,
2018,12,19,8,0,22.8,-76,0.1,16.3,123,174.0,695,387.274118499494,0,997.7,211.7429755892689,9.402559297735236,39,,
2018,12,19,9,0,23.9,-59,0,16.3,133,441.0,806,645.1907319592195,0,997.1,215.0511982430533,9.740404719975698,28,,
2018,12,19,10,0,24.4,-31,0,15.9,138,498.0,873,791.7457943592561,0,996.4,214.5468082437505,9.935607070095598,20,,
2018,12,19,11,0,24.8,11,0.1,15.4,139,437.0,886,832.8503818072465,0,995.6,214.00430082607647,10.593226709635484,18,,
2018,12,19,12,0,25.2,47,0.2,15.2,131,196.0,851,688.2499887695533,0,994.9,218.1460051759169,10.502116421435073,24,,
2018,12,19,13,0,25.6,68,0,15.2,123,99.0,762,551.1507143244907,0,994.2,223.31032674994816,10.491701229867722,33,,
2018,12,19,14,0,26,82,0,15.1,116,47.0,623,399.6101973489938,0,993.6,226.83799100915496,9.150139471981833,44,,
2018,12,19,15,0,25.9,92,0,15.2,107,32.0,450,295.19265094774767,0,993.2,222.1025673828724,8.742978821258566,55,,
2018,12,19,16,0,25.2,101,4.4,15.5,113,37.0,231,236.1777368425668,0,993,215.1561252819565,7.939781931019306,67,,
2018,12,19,17,0,24.5,110,27.8,15.7,81,27.0,43,142.31160819176085,0,992.8,218.2778896390558,7.956650381659564,78,,
2018,12,19,18,0,23.6,120,38.2,15.8,12,16.0,0,62.072408230227325,0,993,218.55573213379,8.438124979679058,88,,
2018,12,19,19,0,22.7,130,22.7,15.9,0,7.0,0,10.966042923515152,0,993.5,220.0942805667176,9.85740194815626,97,,
2018,12,19,20,0,21.8,141,40,15.9,0,0.0,0,0.0,0,994,217.9158423641721,9.728622947519048,105,,
2018,12,19,21,0,21.5,154,38.4,15.3,0,0.0,0,0.0,0,993.9,214.57260381533075,9.803484632409104,111,,
2018,12,19,22,0,21.8,169,45.4,13.9,0,0.0,0,0.0,0,993.1,211.954561225878,9.481990137299464,115,,
2018,12,19,23,0,22.1,-176,59.8,12.6,0,0.0,0,0.0,0,992.4,212.3702421196914,8.172552678763164,116,,
2018,12,20,0,0,22.3,-161,61.6,12,0,0.0,0,0.0,0,991.8,219.6825485326493,7.803296905597811,113,,
2018,12,20,1,0,22.4,-148,59.5,12,0,0.0,0,0.0,0,991.3,220.01840497284925,5.638100394611904,108,,
2018,12,20,2,0,22.5,-135,55.4,12.1,0,0.0,0,0.0,0,990.9,234.65676761614705,2.124142670189697,101,,
2018,12,20,3,0,22.4,-125,67.4,12.6,0,0.0,0,0.0,0,990.7,61.40889951275744,3.1716746187102043,93,,
2018,12,20,4,0,22.1,-115,75.6,13.4,16,0.0,0,0.0,0,990.6,87.19721850334554,9.770965717953391,83,,
2018,12,20,5,0,21.8,-106,81.2,14.3,49,8.0,0,19.27747575062404,0,990.5,91.9367465627447,12.54793954041003,72,,
2018,12,20,6,0,22.1,-97,73,15,116,20.0,0,80.14101365933793,0,990.3,98.32673083628094,11.559848349894004,61,,
2018,12,20,7,0,23.1,-87,27,15.5,334,39.0,135,176.0743736955299,0,990.2,95.13002637722116,11.483989205659944,50,,
2018,12,20,8,0,24.1,-76,29.1,16,482,61.0,83,292.0310289615493,0,990.1,91.19929045042376,12.154518004055909,39,,
2018,12,20,9,0,23.8,-59,57.6,16.2,346,284.0,40,576.4142400857985,0,990.4,95.6481274009712,11.47538982188394,28,,
2018,12,20,10,0,22.2,-31,27.9,16.1,436,769.0,268,881.3492653483054,0,991.1,91.93075147286356,12.449206371079782,20,,
2018,12,20,11,0,20.6,10,85.8,16,140,806.0,0,981.3300151444068,0,991.8,87.05113267750289,13.710293246617349,18,,
2018,12,20,12,0,19.2,47,92,15.6,76,829.0000000000001,0,1029.7541982119951,0,992.4,85.93751380928126,15.252679636306503,24,,
2018,12,20,13,0,18.1,68,92.5,15,65,836.0,0,1021.9230761988406,0,993,87.79376771690102,14.497562943565477,33,,
2018,12,20,14,0,17,82,86.5,14.5,100,858.0,0,972.256073658916,0,993.6,87.84680372493227,14.854482278462552,44,,
2018,12,20,15,0,16.4,92,44.3,13.8,246,841.0,61,855.0154809738904,0,994.1,86.68245489325062,15.432356570241785,55,,
2018,12,20,16,0,16.2,101,18.8,13,176,785.0,131,682.0382631250224,0,994.6,86.49797788525495,14.912123598542893,67,,
2018,12,20,17,0,16,110,45.8,12.3,90,679.0,19,468.8288503358891,0,995.1,90.10128336325636,15.05397859892826,77,,
2018,12,20,18,0,15.7,119,43.3,11.8,14,479.0,0,237.6561386162795,0,995.7,95.1048381429191,14.800159087888668,88,,
2018,12,20,19,0,15.3,130,42,11.6,0,222.0,0,49.00559908033948,0,996.6,97.02488113573747,13.688204718872734,97,,
2018,12,20,20,0,14.9,141,42.8,11.3,0,0.0,0,0.0,0,997.5,98.77991055354812,13.014812762411715,105,,
2018,12,20,21,0,14.7,154,42.6,11.4,0,0.0,0,0.0,0,998.2,102.10766657497254,12.260026781607529,111,,
2018,12,20,22,0,14.6,168,23.2,11.7,0,0.0,0,0.0,0,998.8,103.57464423844914,11.583346817411265,115,,
2018,12,20,23,0,14.5,-176,0,12,0,0.0,0,0.0,0,999.4,102.12814900899798,11.644673162015955,115,,
2018,12,21,0,0,14.2,-161,0,11.9,0,0.0,0,0.0,0,1000.2,104.90948582859778,10.723321437527211,113,,
2018,12,21,1,0,13.8,-148,0,11.4,0,0.0,0,0.0,0,1001.3,106.1145298198752,9.94037392583112,108,,
2018,12,21,2,0,13.4,-135,0,10.9,0,0.0,0,0.0,0,1002.4,103.25196247093992,9.659815173330747,101,,
2018,12,21,3,0,13.1,-125,0,10.4,1,0.0,0,0.0,0,1003.7,104.06781818597494,9.347985223193277,93,,
2018,12,21,4,0,12.7,-115,9.9,9.8,49,0.0,29,0.0,0,1005.3,103.03812847902113,8.96375013674607,83,,
2018,12,21,5,0,12.3,-106,33.5,9.2,125,23.0,47,25.771702413118987,0,1006.8,103.6695096072918,8.992003013912388,72,,
2018,12,21,6,0,12.8,-97,54.4,8.4,219,42.0,2,92.64070455469096,0,1008.1,109.8064721912204,8.247677624273576,61,,
2018,12,21,7,0,14,-88,63.3,7.4,257,102.0,0,216.2896854240704,0,1009.1,103.82819807680823,7.843793564937632,50,,
2018,12,21,8,0,15.2,-76,25.6,6.4,382,205.0,264,384.1137600893728,0,1010.1,98.75193239447958,8.47835745023521,39,,
2018,12,21,9,0,15.8,-60,11.7,5.8,297,271.0,576,531.9124486159217,0,1010.8,93.04936962714362,8.641874978293167,28,,
2018,12,21,10,0,15.9,-32,1.1,5.5,113,333.0,940,660.1689100891967,0,1011.3,86.09641797964224,8.524415104341875,20,,
2018,12,21,11,0,16,10,0,5.3,89,528.0,992,835.4778208758703,0,1011.8,80.65717066636068,9.102931398584763,18,,
2018,12,21,12,0,16.1,46,0,5.2,86,573.0000000000001,952,889.4600032536428,0,1012.2,75.62692758051344,9.226283292882162,24,,
2018,12,21,13,0,16.1,68,0,5.1,80,504.0,858,834.5816745204258,0,1012.5,70.46040029114073,9.531066548817662,33,,
2018,12,21,14,0,16.2,82,0,5,75,518.0,715,782.35685517007,0,1012.8,70.26184659847365,9.874867018878648,44,,
2018,12,21,15,0,15.9,92,0,5.1,70,508.0,534,679.0206821455049,0,1013.2,70.95090988643653,9.767027102715469,55,,
2018,12,21,16,0,15.4,101,0,5.2,61,444.0,337,518.3274367295951,0,1013.7,69.26081981915274,8.358769393089483,66,,
2018,12,21,17,0,14.8,110,2,5.4,49,408.0,140,361.4086713848569,0,1014.2,64.42180657582264,7.765701393350371,77,,
2018,12,21,18,0,14,119,3.1,5.4,18,231.0,12,163.98838358154126,0,1014.7,65.50325736003828,7.741533026570045,88,,
2018,12,21,19,0,12.8,130,0,5.4,0,110.0,0,33.5365279877138,0,1015.2,87.81915765942267,10.32925886662122,97,,
2018,12,21,20,0,11.7,141,0,5.4,0,0.0,0,0.0,0,1015.7,92.7359318442618,11.41095614869883,105,,
2018,12,21,21,0,11.2,154,0,5.7,0,0.0,0,0.0,0,1016,91.95229507255992,11.136591318847165,111,,
2018,12,21,22,0,11.3,168,0,6.2,0,0.0,0,0.0,0,1015.9,90.45130239302358,10.75546059978412,115,,
2018,12,21,23,0,11.5,-177,0,6.6,0,0.0,0,0.0,0,1015.9,85.45561141678547,10.538256595301911,115,,
2018,12,22,0,0,11.5,-162,0,7.1,0,0.0,0,0.0,0,1015.8,82.99147220055829,10.098404478467415,113,,
2018,12,22,1,0,11.3,-148,0,7.4,0,0.0,0,0.0,0,1015.7,78.36352128918736,9.207553109102063,108,,
2018,12,22,2,0,11.1,-136,0,7.8,0,0.0,0,0.0,0,1015.6,78.95105752583896,8.829435355913864,101,,
2018,12,22,3,0,11.6,-125,0,8.3,1,0.0,0,0.0,0,1015.7,80.69714200142408,8.147935956111018,93,,
2018,12,22,4,0,12.7,-115,55.5,9.1,20,0.0,3,0.0,0,1016,82.17505607330543,7.377286152572907,83,,
2018,12,22,5,0,13.7,-106,70.8,9.8,85,145.0,0,42.68785116414849,0,1016.3,84.17840425895827,6.8213134066148005,72,,
2018,12,22,6,0,15,-97,49.5,10.1,218,460.0,31,194.9878508278793,0,1016.3,83.64208786110163,6.450808296271654,61,,
2018,12,22,7,0,16.6,-88,12.2,9.9,246,681.0,344,404.356227699674,0,1016.2,79.567980450069,6.237378498797549,50,,
2018,12,22,8,0,18.2,-76,5.7,9.7,207,765.0,585,601.8415914261059,0,1016.2,82.18530769373513,7.6831699558942175,39,,
2018,12,22,9,0,19,-60,2.6,9.6,171,821.0000000000001,767,779.4972042581373,0,1015.9,79.73439598795034,7.014136362483573,28,,
2018,12,22,10,0,18.9,-32,6.2,9.6,255,853.0,717,922.723089762984,0,1015.6,70.25326015796242,6.977445681075895,20,,
2018,12,22,11,0,18.8,10,2.8,9.5,188,853.0,834,1008.4334355324534,0,1015.2,63.21939281213366,6.936117953887519,18,,
2018,12,22,12,0,18.7,46,2.9,9.6,178,818.0000000000001,803,1027.1754273092442,0,1014.8,58.958466753661526,6.909104883442782,23,,
2018,12,22,13,0,18.7,68,7.5,9.8,254,776.0,586,990.930128604614,0,1014.4,53.46945534094402,6.900316343277487,33,,
2018,12,22,14,0,18.6,82,9.6,10.1,231,679.0,460,876.5802476387299,0,1013.9,48.63306311390011,6.971658352093713,44,,
2018,12,22,15,0,18.3,92,15.7,10.4,265,610.0,218,737.1469713434957,0,1013.7,45.58826044660998,7.062117819446322,55,,
2018,12,22,16,0,17.7,101,5.1,10.8,130,732.0,221,660.2184801449655,0,1013.6,40.87243841475424,6.754022185796098,66,,
2018,12,22,17,0,17.2,110,10.3,11.2,90,637.0,67,454.9330471279935,0,1013.5,33.53439910132437,6.828755683491559,77,,
2018,12,22,18,0,16.6,119,5.2,11.5,21,434.0,2,226.66954510902983,0,1013.6,30.720778814111952,6.694031823260135,88,,
2018,12,22,19,0,16,129,0,11.6,0,183.0,0,44.120200640524615,0,1013.7,29.28461208579193,6.47999438112657,97,,
2018,12,22,20,0,15.4,141,0,11.8,0,0.0,0,0.0,0,1013.8,30.19124932391753,6.471896424527443,105,,
2018,12,22,21,0,14.9,154,0,11.8,0,0.0,0,0.0,0,1013.6,30.65531634322815,5.848873167247322,111,,
2018,12,22,22,0,14.6,168,0,11.6,0,0.0,0,0.0,0,1013.1,23.079084480592712,5.056558896402898,115,,
2018,12,22,23,0,14.4,-177,0,11.4,0,0.0,0,0.0,0,1012.7,14.85012827970536,4.877258193466185,115,,
2018,12,23,0,0,14.2,-162,0,11.2,0,0.0,0,0.0,0,1012.3,357.0723189876941,5.243660442737847,113,,
2018,12,23,1,0,14,-148,1.6,11.2,0,0.0,0,0.0,0,1011.9,349.94410278779304,6.442971880761574,109,,
2018,12,23,2,0,13.8,-136,9.9,11.2,0,0.0,0,0.0,0,1011.6,346.99209204708603,6.941805491560968,102,,
2018,12,23,3,0,14,-125,10.5,11.1,1,0.0,0,0.0,0,1011.5,342.9310802581539,6.813803731776108,93,,
2018,12,23,4,0,14.5,-115,18.8,11.2,50,0.0,22,0.0,0,1011.8,343.58807268764906,7.158111034597185,83,,
2018,12,23,5,0,15,-106,0,11.2,59,41.0,217,30.271812926829615,0,1012.1,347.47961256847367,7.207535723472979,72,,
2018,12,23,6,0,16,-97,10,11.1,158,54.0,273,100.95246140970129,0,1012.2,343.52057136164973,7.49107045825281,61,,
2018,12,23,7,0,17.6,-88,6.4,11,148,69.0,492,191.3782935022905,0,1012.1,338.91513428186056,7.35916128070971,50,,
2018,12,23,8,0,19.1,-76,3.6,10.8,145,131.0,675,336.5707361156292,0,1012,335.72079095020234,7.70866750602816,39,,
2018,12,23,9,0,19.9,-60,0,10.4,91,126.0,886,425.94310084438337,0,1011.8,328.89527147858644,7.742874719354596,29,,
2018,12,23,10,0,20,-32,0,9.7,94,241.0,958,604.461268357537,0,1011.4,327.84372710960866,8.421500153418185,20,,
2018,12,23,11,0,20,9,0,9,95,282.0,974,692.8692114621715,0,1011,329.9355184539036,9.321191795804804,18,,
2018,12,23,12,0,20,46,0,8.8,94,343.0,931,757.8318568226586,0,1010.6,332.254018002027,9.493404373221148,23,,
2018,12,23,13,0,20,68,0,9.2,92,403.0,834,777.6925720364579,0,1010.3,334.4296414842604,9.66054882728076,33,,
2018,12,23,14,0,20,82,0,9.7,87,454.0,690,749.1830246712832,0,1010,333.90279164640526,9.05255568573856,44,,
2018,12,23,15,0,19.6,92,0,10.2,80,398.0,514,620.956014696396,0,1009.9,333.9335831213507,8.493558553653175,55,,
2018,12,23,16,0,19,101,0,10.9,68,348.0,322,472.19370734298695,0,1010.1,334.76735681909497,8.503506473646908,66,,
2018,12,23,17,0,18.3,110,2,11.6,53,313.0,133,324.1597642666654,0,1010.2,332.3023504207393,7.98174537086263,77,,
2018,12,23,18,0,17.3,119,3.5,12,19,205.0,10,157.2694165484443,0,1010.4,339.68174735941136,7.559734516654373,87,,
2018,12,23,19,0,15.9,129,0,12.1,0,63.0,0,25.080798713763095,0,1010.7,343.41308170808287,6.787063466746997,97,,
2018,12,23,20,0,14.5,141,0,12.2,0,0.0,0,0.0,0,1011,340.9783622162284,6.205291566668884,105,,
2018,12,23,21,0,13.8,154,0,12.2,0,0.0,0,0.0,0,1011,337.1672819912999,5.7983422954353365,111,,
2018,12,23,22,0,13.8,168,0,12.2,0,0.0,0,0.0,0,1010.8,326.3588586088147,5.947184569960596,115,,
2018,12,23,23,0,13.7,-177,0,12.2,0,0.0,0,0.0,0,1010.6,321.219750448989,6.29397664916862,115,,
2018,12,24,0,0,13.7,-162,0,12.3,0,0.0,0,0.0,0,1010.3,314.8855246369716,6.307522468428599,113,,
2018,12,24,1,0,13.9,-148,0,12.5,0,0.0,0,0.0,0,1009.9,308.01237530260494,6.59003076926763,109,,
2018,12,24,2,0,14.1,-136,0,12.6,0,0.0,0,0.0,0,1009.5,299.81149076835044,6.277506329485012,102,,
2018,12,24,3,0,14.6,-125,0,12.8,1,0.0,0,0.0,0,1009.3,293.4512947750312,6.170853276728158,93,,
2018,12,24,4,0,15.4,-115,21.2,13.1,53,0.0,9,0.0,0,1009.4,285.8328655414708,6.710391722969026,83,,
2018,12,24,5,0,16.2,-106,27.9,13.4,119,171.0,89,43.06571736193066,0,1009.4,278.66742245047993,7.171993985986289,73,,
2018,12,24,6,0,17.4,-97,8.6,13.6,137,482.0,306,198.99703089550397,0,1009.3,277.01272640855893,7.35482571344153,62,,
2018,12,24,7,0,19.1,-88,0,13.7,84,756.0,595,422.8303424159343,0,1009.1,270.3103726958676,6.670263882046785,50,,
2018,12,24,8,0,20.7,-76,1.4,13.9,112,843.0,725,629.7861226966332,0,1008.9,271.9736722218881,7.258944982534602,39,,
2018,12,24,9,0,21.5,-60,0,13.6,92,891.0,885,810.8653279329245,0,1008.5,266.78822421808025,8.209672520085023,29,,
2018,12,24,10,0,21.4,-33,0,13.1,94,942.0,958,951.763735644855,0,1008,270.6032647621151,10.179519318181605,20,,
2018,12,24,11,0,21.3,9,0,12.5,94,949.0,975,1043.883249099245,0,1007.5,276.64993572942205,10.83215373781973,18,,
2018,12,24,12,0,21.3,46,0,12.2,93,947.0,934,1082.419731342841,0,1006.9,283.3785741138033,10.84358447440509,23,,
2018,12,24,13,0,21.2,68,0,12.2,90,939.0,840,1067.880498540922,0,1006.4,285.0423201192219,11.594054670520665,33,,
2018,12,24,14,0,21.2,81,0,12.3,85,923.0,698,999.2110855704028,0,1005.8,294.7370361888784,11.383972998994532,44,,
2018,12,24,15,0,20.8,92,0,12.5,78,891.0,522,874.8816811854626,0,1005.4,304.2063873621476,10.331913799923546,55,,
2018,12,24,16,0,20,101,0,12.8,66,832.0000000000001,330,698.9057063497385,0,1005.2,311.279464584619,9.28480791683083,66,,
2018,12,24,17,0,19.3,110,0.6,13.2,50,732.0,143,487.1586200790276,0,1004.9,319.14963280774026,7.992130417307642,77,,
2018,12,24,18,0,18.6,119,3.6,13.2,19,543.0,12,254.27570314781173,0,1004.6,323.629143082529,7.159011782653401,87,,
2018,12,24,19,0,17.9,129,0,13,0,241.0,0,52.05548283692629,0,1004.3,339.5447442050735,7.472128706405581,97,,
2018,12,24,20,0,17.3,141,0,12.8,0,0.0,0,0.0,0,1004,354.3563217266755,7.030661613429382,105,,
2018,12,24,21,0,17,154,0,12.7,0,0.0,0,0.0,0,1003.5,11.69803256467378,7.796704953619374,111,,
2018,12,24,22,0,17.1,168,0,12.8,0,0.0,0,0.0,0,1002.9,33.179566821317394,5.547831584489544,115,,
2018,12,24,23,0,17.2,-177,0,13,0,0.0,0,0.0,0,1002.3,29.555268778082223,5.856252117828345,115,,
2018,12,25,0,0,17.3,-162,0,13.1,0,0.0,0,0.0,0,1001.7,43.26695916565444,7.1981385528511055,113,,
2018,12,25,1,0,17.5,-148,0,13.4,0,0.0,0,0.0,0,1001,43.39637939885233,6.205842410223053,109,,
2018,12,25,2,0,17.6,-136,0,13.6,0,0.0,0,0.0,0,1000.4,60.34549386104402,7.372051170769967,102,,
2018,12,25,3,0,18.1,-125,0,13.8,1,0.0,0,0.0,0,1000,65.93963691709575,7.720062962729889,93,,
2018,12,25,4,0,18.8,-115,10.2,14,51,0.0,16,0.0,0,999.8,71.23446538503333,7.841127679187879,83,,
2018,12,25,5,0,19.5,-106,4.1,14.2,93,145.0,150,40.08106213920567,0,999.7,74.22296463154532,9.130090260472109,73,,
2018,12,25,6,0,20.7,-97,0,14,103,444.0,354,187.60866651374516,0,999.5,80.93877797717471,9.127578371077732,62,,
2018,12,25,7,0,22.4,-88,0,13.3,113,536.0,543,359.1902710947729,0,999.2,83.19353970052117,8.965039711931803,50,,
2018,12,25,8,0,24.1,-76,0.1,12.7,118,682.0,707,562.8001467648947,0,999,85.28139544211899,8.847123981827345,39,,
2018,12,25,9,0,24.8,-60,0.8,12.3,135,460.0,811,612.5613033946767,0,998.5,85.81211579251999,8.254216973178567,29,,
2018,12,25,10,0,24.5,-33,5.2,12.3,218,354.0,759,663.3100622520282,0,997.8,81.03701488220491,7.995087381831313,20,,
2018,12,25,11,0,24.3,9,14.3,12.3,359,556.0,539,840.7861576033002,0,997.1,76.93275106405565,7.997121606015475,18,,
2018,12,25,12,0,24.1,46,5.7,12.5,236,725.0,712,963.4030990503456,0,996.3,72.18828000462088,8.027611011965938,23,,
2018,12,25,13,0,24.1,68,5.5,12.7,222,839.0,634,1014.773078734094,0,995.5,68.02728008198102,8.400212796672069,33,,
2018,12,25,14,0,24.1,81,1.2,13,141,889.0,608,983.4585791716728,0,994.7,67.82341353887466,9.651468234955098,44,,
2018,12,25,15,0,23.7,92,0.7,13.2,123,869.0,447,866.17733477139,0,994,71.1459003528962,10.637921122811669,55,,
2018,12,25,16,0,22.9,101,20.1,13.3,184,839.0,120,706.4282416799857,0,993.4,71.9681394657515,9.82175557254784,66,,
2018,12,25,17,0,22.2,110,42.2,13.4,92,738.0,10,492.0697682728005,0,992.9,73.03576813259087,9.348938187318026,77,,
2018,12,25,18,0,21.5,119,23.9,13.5,13,547.0,0,257.2783159826697,0,992.4,76.15900428890336,9.834888541695964,87,,
2018,12,25,19,0,20.9,129,0,13.5,0,281.0,0,59.219318130872544,0,992.1,79.2068332276607,10.10776558259391,97,,
2018,12,25,20,0,20.4,141,0,13.5,0,0.0,0,0.0,0,991.7,83.81763366529844,9.86597271446354,105,,
2018,12,25,21,0,19.9,154,0,13.6,0,0.0,0,0.0,0,991.4,87.49123384659833,9.487364780080611,111,,
2018,12,25,22,0,19.5,168,0,13.6,0,0.0,0,0.0,0,990.9,87.42954007446593,9.25980526686935,115,,
2018,12,25,23,0,19,-177,0,13.6,0,0.0,0,0.0,0,990.5,90.79213550860528,9.041635583935472,116,,
2018,12,26,0,0,18.3,-162,0,13.7,0,0.0,0,0.0,0,990.3,93.87811408442758,8.645284369095608,113,,
2018,12,26,1,0,17.3,-148,20.1,13.8,0,0.0,0,0.0,0,990.2,98.67582435319162,7.605333645428319,109,,
2018,12,26,2,0,16.3,-136,42.4,13.9,0,0.0,0,0.0,0,990.2,98.89422119076904,7.420032995425686,102,,
2018,12,26,3,0,15.4,-125,23,13.7,1,0.0,0,0.0,0,990.6,95.78581898239072,7.660116756790653,93,,
2018,12,26,4,0,14.5,-115,78.2,13.3,6,0.0,0,0.0,0,991.5,99.34306107871998,7.809410315865373,83,,
2018,12,26,5,0,13.6,-106,100,12.9,7,298.0,0,45.92262410094409,0,992.4,106.80532422127038,7.704528386722932,73,,
2018,12,26,6,0,13.1,-97,96.6,12.4,23,647.0,0,215.98722453130105,0,993.1,109.64102219857494,7.570607316424718,62,,
2018,12,26,7,0,13,-88,82.5,11.7,119,384.0,0,319.91042926006355,0,993.6,114.2230850195856,6.158698418054572,50,,
2018,12,26,8,0,12.8,-76,65.1,11,295,278.0,1,411.7483969561847,0,994,109.18783644384098,5.270325874381762,39,,
2018,12,26,9,0,13.1,-60,31.6,10.3,397,448.0,256,610.5214322137235,0,994.6,105.50916411603548,3.757168482675455,29,,
2018,12,26,10,0,13.7,-33,11.3,9.6,274,883.0,644,931.2151853978996,0,995.3,84.73677988115281,3.1112622710859954,20,,
2018,12,26,11,0,14.3,8,15.1,9,384,721.0,515,933.4028104624148,0,996,78.48835647838996,3.712871079892603,18,,
2018,12,26,12,0,14.6,45,24.8,8.5,347,879.0,422,1055.383006061474,0,996.8,63.9239144614441,5.859628615930542,23,,
2018,12,26,13,0,14.7,67,21.3,8.1,273,925.0,454,1070.9293005065738,0,997.7,71.88267304567285,5.598614511504871,33,,
2018,12,26,14,0,14.7,81,6.2,7.8,185,886.0,548,987.2066949742836,0,998.6,63.384467972977006,6.815751839515251,44,,
2018,12,26,15,0,14.4,92,14.5,7.4,167,761.0,341,814.118275072158,0,999.6,59.21791411126344,7.196738156745721,55,,
2018,12,26,16,0,13.8,101,13.9,7,154,371.0,193,482.5407310458403,0,1000.8,69.54796195413257,4.816811203465455,66,,
2018,12,26,17,0,13.2,110,53.5,6.6,98,55.0,1,166.64355129771263,0,1001.9,69.44326242612362,4.729365301231904,77,,
2018,12,26,18,0,12.6,119,22.1,6.2,15,37.0,3,78.10363454697107,0,1003.1,77.8402338612508,5.3200438399408725,87,,
2018,12,26,19,0,11.8,129,19.3,5.8,0,31.0,0,18.582624267449265,0,1004.2,88.56472107741513,5.711752962477734,97,,
2018,12,26,20,0,11.1,141,31.9,5.3,0,0.0,0,0.0,0,1005.3,92.2564349358458,5.562174123155034,105,,
2018,12,26,21,0,10.8,153,37.4,5.3,0,0.0,0,0.0,0,1006.1,102.37878258562704,4.894801522820256,111,,
2018,12,26,22,0,10.8,168,23.3,5.8,0,0.0,0,0.0,0,1006.6,116.32164643030023,3.6752423530905416,115,,
2018,12,26,23,0,10.9,-177,0,6.3,0,0.0,0,0.0,0,1007.1,123.79498583301,2.255640126592747,116,,
2018,12,27,0,0,10.9,-162,0,6.4,0,0.0,0,0.0,0,1007.6,181.77978516697016,2.0280779940384708,114,,
2018,12,27,1,0,10.9,-148,0,6.3,0,0.0,0,0.0,0,1008,222.0713069595532,6.676516202823699,109,,
2018,12,27,2,0,10.8,-136,0,6.2,0,0.0,0,0.0,0,1008.3,219.48759475717284,7.260359310067714,102,,
2018,12,27,3,0,11,-125,0,6.2,1,0.0,0,0.0,0,1009,217.0938294848557,6.03427460289146,93,,
2018,12,27,4,0,11.5,-115,2.4,6.4,34,0.0,48,0.0,0,1009.9,222.41116952183785,9.910472791140077,83,,
2018,12,27,5,0,12,-106,0,6.5,56,223.0,214,43.56363225891803,0,1010.7,222.1009218304691,7.232759880390389,73,,
2018,12,27,6,0,12.8,-98,0,6.6,68,342.0,409,174.0260240000751,0,1011.4,224.81878119083493,6.82268234365006,62,,
2018,12,27,7,0,14,-88,17.1,6.5,210,618.0,347,384.11061344256257,0,1011.9,223.272657515622,6.162363221853923,50,,
2018,12,27,8,0,15.2,-77,8.3,6.4,206,725.0,570,583.1692766892467,0,1012.4,230.0292852765193,4.468211835187364,39,,
2018,12,27,9,0,15.9,-60,19.8,6.2,271,459.0,511,621.6048028647776,0,1012.8,234.4591141438472,6.589419081593938,29,,
2018,12,27,10,0,15.9,-33,21.8,5.9,427,218.0,392,596.5507647387252,0,1013.1,240.07624988821965,7.051905648562924,21,,
2018,12,27,11,0,16,8,60.9,5.6,409,293.0,8,711.1333803272946,0,1013.3,251.43590989423623,6.26828949416803,18,,
2018,12,27,12,0,16.1,45,28.7,5.5,481,572.0000000000001,250,903.7799283829412,0,1013.5,252.8777533599352,6.217715445682878,23,,
2018,12,27,13,0,16.1,67,9.5,5.6,255,490.0,586,841.9168964894575,0,1013.6,250.4718349571326,7.413246455569708,33,,
2018,12,27,14,0,16.1,81,9,5.7,212,508.0,498,791.1414950413653,0,1013.7,255.06832348631949,6.948996872171512,43,,
2018,12,27,15,0,15.9,92,0,5.8,76,357.0,525,605.6613540855966,0,1013.9,260.2568960499232,7.25652036467114,55,,
2018,12,27,16,0,15.6,101,1,6,74,98.0,320,306.9528895736207,0,1014.3,241.43271781350103,8.971913706803278,66,,
2018,12,27,17,0,15.2,110,1.8,6.2,57,45.0,134,160.66634141551506,0,1014.7,234.1773357232828,8.490383009117433,77,,
2018,12,27,18,0,14.4,119,4.6,6.3,21,12.0,9,50.93895992382632,0,1015.1,239.2351883437474,8.34444459602843,87,,
2018,12,27,19,0,13.2,129,41,6.5,0,4.0,0,7.595490811851033,0,1015.5,238.74449498476991,10.952688107776646,97,,
2018,12,27,20,0,12,140,45.7,6.6,0,0.0,0,0.0,0,1015.8,246.6343418619372,8.99311836389303,105,,
2018,12,27,21,0,11.5,153,45,7,0,0.0,0,0.0,0,1016,270.05100804224566,7.130129778651961,111,,
2018,12,27,22,0,11.7,168,29.3,7.4,0,0.0,0,0.0,0,1015.9,6.169966957148972,3.6117415493248215,115,,
2018,12,27,23,0,11.9,-177,0,7.9,0,0.0,0,0.0,0,1015.8,260.888642955216,7.102803662135295,116,,
2018,12,28,0,0,11.8,-162,0,8.2,0,0.0,0,0.0,0,1015.8,247.2093552396872,10.049492508377798,114,,
2018,12,28,1,0,11.6,-148,0,8.3,0,0.0,0,0.0,0,1015.7,272.9635352206094,11.583606678438423,109,,
2018,12,28,2,0,11.5,-136,0,8.3,0,0.0,0,0.0,0,1015.6,263.2828137677608,2.446235275438658,102,,
2018,12,28,3,0,11.7,-125,0,8.5,1,0.0,0,0.0,0,1015.7,34.88234509864316,3.6674896187300567,93,,
2018,12,28,4,0,12.3,-115,0.6,8.8,31,0.0,51,0.0,0,1016,61.41297279173836,2.286842558662733,84,,
2018,12,28,5,0,12.9,-106,0,9.2,57,124.0,210,39.88141840050629,0,1016.3,90.38520533502964,3.1956288617127733,73,,
2018,12,28,6,0,14,-98,0,9.2,72,434.0,400,191.22602642389452,0,1016.4,65.07287506930885,3.972609108014064,62,,
2018,12,28,7,0,15.5,-88,0,9,83,631.0,587,392.8209709888735,0,1016.4,89.20827454780817,2.915317387927923,51,,
2018,12,28,8,0,16.9,-77,0,8.8,92,739.0,748,595.5850130928193,0,1016.3,77.94301421875161,3.56946385020033,39,,
2018,12,28,9,0,17.9,-61,0,8.7,100,798.0,868,775.9753260505922,0,1016.2,64.3920221870548,3.222549288737504,29,,
2018,12,28,10,0,18.2,-34,0,8.7,108,830.0000000000001,936,919.6752895013428,0,1016,56.68729238144368,4.503109440455667,21,,
2018,12,28,11,0,18.6,8,8.1,8.7,285,855.0,690,1018.9513549989535,0,1015.8,65.78024724523846,5.266814281511532,18,,
2018,12,28,12,0,18.7,45,0.9,8.9,138,863.0,870,1061.5950804913832,0,1015.6,74.87435637069848,5.799047058022417,23,,
2018,12,28,13,0,18.7,67,3.1,9.2,172,782.0,720,1006.1928878444916,0,1015.3,71.05842967454163,5.762735154324969,33,,
2018,12,28,14,0,18.7,81,0,9.5,108,156.0,667,543.903882618757,0,1015,78.23469597058113,4.970140112747829,43,,
2018,12,28,15,0,18.3,92,3.7,9.9,137,71.0,434,360.4615751883934,0,1014.9,59.90637931081767,3.766201576633153,55,,
2018,12,28,16,0,17.7,101,10.2,10.3,154,417.0,194,517.7496237728316,0,1014.8,46.44190996447742,3.3753630301591704,66,,
2018,12,28,17,0,17,110,19.8,10.8,105,61.0,47,179.7871494637081,0,1014.8,53.7649784381814,2.877569232343124,77,,
2018,12,28,18,0,16.1,119,9.5,10.9,23,8.0,3,43.63426229339334,0,1014.8,61.94951630664372,2.468147011043171,87,,
2018,12,28,19,0,14.9,129,0,10.7,0,4.0,0,7.599299207015374,0,1014.8,67.8902454500141,2.645199487010445,97,,
2018,12,28,20,0,13.6,140,0,10.6,0,0.0,0,0.0,0,1014.7,56.40973499772804,2.1380231038746333,105,,
2018,12,28,21,0,12.9,153,0,10.5,0,0.0,0,0.0,0,1014.6,29.41514356551181,2.5625285868096883,111,,
2018,12,28,22,0,12.5,168,0,10.6,0,0.0,0,0.0,0,1014.2,77.3112910184347,2.827601020704904,115,,
2018,12,28,23,0,12.1,-177,0,10.6,0,0.0,0,0.0,0,1013.9,173.4192557508427,4.00711441652858,116,,
2018,12,29,0,0,11.9,-162,0,10.6,0,0.0,0,0.0,0,1013.7,228.6583073248612,4.4182349882844845,114,,
2018,12,29,1,0,11.8,-148,0,10.6,0,0.0,0,0.0,0,1013.5,264.50268240338653,9.867650061220903,109,,
2018,12,29,2,0,11.6,-136,0,10.5,0,0.0,0,0.0,0,1013.4,259.60747156671096,9.74581761093198,102,,
2018,12,29,3,0,11.9,-125,0,10.5,1,0.0,0,0.0,0,1013.4,274.9807483601729,10.348157433497418,93,,
2018,12,29,4,0,12.6,-116,0.6,10.6,31,0.0,49,0.0,0,1013.6,324.49033221542464,9.34672563115296,84,,
2018,12,29,5,0,13.3,-106,0,10.7,58,12.0,207,19.25744385908222,0,1013.7,345.64419054074006,11.433932495833565,73,,
2018,12,29,6,0,14.5,-98,0,10.7,71,103.0,400,124.78405312672498,0,1013.7,2.605477815915947,11.981868939439227,62,,
2018,12,29,7,0,16.2,-88,0,10.7,80,356.0,590,321.3606098890498,0,1013.4,358.7854764855005,10.73507772807981,51,,
2018,12,29,8,0,17.9,-77,0,10.7,86,602.0,755,550.7087121770107,0,1013.2,7.828520191238852,9.963956203435076,40,,
2018,12,29,9,0,18.9,-61,0,10.7,90,796.0,879,776.3831432685269,0,1012.9,20.93172216814486,10.271867320235131,29,,
2018,12,29,10,0,19.2,-34,0,10.8,94,952.0,953,949.9019307258012,0,1012.5,35.58323886252083,10.457324158218135,21,,
2018,12,29,11,0,19.4,7,0.2,10.9,99,978.0,965,1052.7925859458228,0,1012.2,45.80049191205268,9.477640494777162,18,,
2018,12,29,12,0,19.6,44,0,11,90,981.0,938,1097.116449151638,0,1011.8,53.602012005861184,8.779985306239812,23,,
2018,12,29,13,0,19.7,67,0,11.2,85,962.0,848,1076.8476604561956,0,1011.5,49.811735072587055,7.9420272389208755,32,,
2018,12,29,14,0,19.8,81,0,11.4,79,923.0,710,995.1388477978282,0,1011.2,54.45425351641399,7.456678750852286,43,,
2018,12,29,15,0,19.5,91,0,11.7,73,880.0,534,866.3377080073195,0,1010.9,55.32716437062675,7.72990112765174,55,,
2018,12,29,16,0,18.9,101,0,12.1,62,822.0000000000001,343,693.2060320205333,0,1010.7,62.27398350716561,7.792134653833587,66,,
2018,12,29,17,0,18.3,110,0.5,12.4,45,685.0,157,468.364297288243,0,1010.5,70.45959040872708,7.475206026854948,77,,
2018,12,29,18,0,17.3,119,4.7,12.5,20,466.0,14,232.8882117182657,0,1010.3,74.93486384304964,6.819334888635713,87,,
2018,12,29,19,0,15.9,129,0,12.3,0,222.0,0,50.45128901747625,0,1010.1,72.6010344112533,6.554536733609794,97,,
2018,12,29,20,0,14.5,140,0,12.1,0,0.0,0,0.0,0,1009.9,77.41441462627938,6.413380538984135,105,,
2018,12,29,21,0,13.6,153,0,11.9,0,0.0,0,0.0,0,1009.7,86.20399508691486,5.664282411712827,111,,
2018,12,29,22,0,13.3,167,0,11.8,0,0.0,0,0.0,0,1009.4,93.28644520123822,5.451103518914073,115,,
2018,12,29,23,0,12.9,-177,0,11.7,0,0.0,0,0.0,0,1009.1,86.79551849216557,6.389629528980242,116,,
2018,12,30,0,0,12.6,-162,0,11.6,0,0.0,0,0.0,0,1008.8,84.69848864288815,6.138073480893073,114,,
2018,12,30,1,0,12.4,-149,0,11.4,0,0.0,0,0.0,0,1008.5,77.64644200827848,5.488906466348245,109,,
2018,12,30,2,0,12.2,-136,0,11.2,0,0.0,0,0.0,0,1008.2,71.07706485465087,6.635465057851338,102,,
2018,12,30,3,0,12.6,-125,0,11.5,1,0.0,0,0.0,0,1008,83.06836091077389,5.401295282288402,94,,
2018,12,30,4,0,13.7,-116,9.4,12.2,42,0.0,31,0.0,0,1008,80.9613141707747,5.515263170039749,84,,
2018,12,30,5,0,14.7,-107,10.4,13,106,292.0,130,41.7236107103964,0,1008.1,76.11064186333681,6.213160211877572,73,,
2018,12,30,6,0,16.1,-98,11.1,13.4,135,514.0,293,191.66580899335824,0,1008.1,70.21761260188276,6.609026838831663,62,,
2018,12,30,7,0,18,-88,0.2,13.5,80,807.0,592,419.4335787106024,0,1008.1,65.72826728826334,5.53892290937527,51,,
2018,12,30,8,0,19.8,-77,0.1,13.6,85,896.0,760,629.1261343693292,0,1008,62.2813701191705,6.545865301964307,40,,
2018,12,30,9,0,20.8,-61,0.1,13.3,89,940.0,886,811.3961118783785,0,1007.8,61.80502093753785,6.529383602587624,29,,
2018,12,30,10,0,20.9,-34,0.8,12.5,108,958.0,939,954.6594624530784,0,1007.4,56.239932733388514,6.041171757937084,21,,
2018,12,30,11,0,21.1,7,0.1,11.7,91,968.0,984,1049.903134704393,0,1007,51.97192989401504,6.058659625110318,18,,
2018,12,30,12,0,21.3,44,0,11.5,87,966.0,950,1090.450344308946,0,1006.6,47.11028097480391,6.769752494423588,23,,
2018,12,30,13,0,21.4,67,0,11.6,86,953.0,854,1074.286913026746,0,1006.1,47.19250639632208,6.931129761350364,32,,
2018,12,30,14,0,21.5,81,0,11.8,83,926.0,711,1000.0539369192768,0,1005.6,53.52778182774063,6.556603243814724,43,,
2018,12,30,15,0,21.2,91,0,12.3,76,886.0,534,871.5954291400521,0,1005.3,56.09988188677789,6.427577547416426,55,,
2018,12,30,16,0,20.4,101,0,13,67,821.0000000000001,339,695.1550945097575,0,1005,60.43689836101743,7.139421958498409,66,,
2018,12,30,17,0,19.6,109,2.1,13.7,57,704.0,140,477.573783472415,0,1004.7,68.91910154741913,7.708008713373595,77,,
2018,12,30,18,0,18.4,119,4.5,13.8,22,396.0,12,214.1130091522245,0,1004.6,76.92353492468862,7.5577977749545235,87,,
2018,12,30,19,0,17,129,0,13.2,0,198.0,0,46.98539938776547,0,1004.9,79.45923852961641,7.297460969518014,96,,
2018,12,30,20,0,15.6,140,0,12.7,0,0.0,0,0.0,0,1005.1,80.56680629963932,8.526432563584406,105,,
2018,12,30,21,0,15,153,0,12.3,0,0.0,0,0.0,0,1004.9,82.87815586749224,8.751110823829164,111,,
2018,12,30,22,0,15,167,0,12.1,0,0.0,0,0.0,0,1004.4,84.64837890235083,8.282195242431348,115,,
2018,12,30,23,0,15,-178,0,11.8,0,0.0,0,0.0,0,1003.9,86.7686875544506,7.445431178969368,116,,
2018,12,31,0,0,15.1,-163,0,11.7,0,0.0,0,0.0,0,1003.3,86.01880785914398,7.845102934402129,114,,
2018,12,31,1,0,15.1,-149,0,11.7,0,0.0,0,0.0,0,1002.8,82.72596562032084,7.300207700289442,109,,
2018,12,31,2,0,15.2,-136,0,11.7,0,0.0,0,0.0,0,1002.3,88.28351553384101,7.164347573269185,102,,
2018,12,31,3,0,15.7,-125,0,12.1,1,0.0,0,0.0,0,1002.1,96.68018267723556,6.751647862868285,94,,
2018,12,31,4,0,16.6,-116,18.9,12.7,42,0.0,9,0.0,0,1002.2,96.17543704309752,6.928878964946659,84,,
2018,12,31,5,0,17.6,-107,4.3,13.4,73,232.0,172,40.10264258460224,0,1002.4,92.41622352640051,6.76969058492594,73,,
2018,12,31,6,0,19.3,-98,0,14.1,91,405.0,367,176.0874571499844,0,1002.4,98.3706896490607,6.1011285371106405,62,,
2018,12,31,7,0,21.7,-88,0,14.7,103,574.0000000000001,553,362.0870873401393,0,1002.3,93.4740685618424,4.7098270012029015,51,,
2018,12,31,8,0,24.1,-77,0,15.2,109,841.0,721,610.7112557610058,0,1002.2,89.28208446593527,3.585242376500422,40,,
2018,12,31,9,0,25.4,-61,0,15.1,100,917.0,863,801.9152625186829,0,1002,74.43961646487588,3.1790164267477663,29,,
2018,12,31,10,0,25.4,-34,0,14.3,101,917.0,940,944.8725649685156,0,1001.8,53.03208282952539,4.224176103345954,21,,
2018,12,31,11,0,25.4,7,0,13.5,102,926.0,957,1039.0284042153946,0,1001.5,40.247713966323545,3.544438949772201,18,,
2018,12,31,12,0,25.4,44,0.9,13,122,921.0,888,1078.34040481884,0,1001.3,31.83052768119103,4.655446450451639,23,,
2018,12,31,13,0,25.4,66,1.9,12.9,135,866.0,772,1037.170392279902,0,1001.2,26.024023652764072,5.931740472007858,32,,
2018,12,31,14,0,25.4,81,3.9,12.8,154,805.0,594,943.4125311269206,0,1001.1,29.91220440896064,6.221597915564709,43,,
2018,12,31,15,0,24.8,91,0,13.1,92,781.0,505,826.352997499587,0,1001.2,34.87018793651612,7.035730045182004,54,,
2018,12,31,16,0,23.7,100,2.5,13.8,101,677.0,281,634.820304623669,0,1001.5,40.25574225137552,7.288699354670618,66,,
2018,12,31,17,0,22.6,109,0.8,14.5,63,619.0,125,450.0018268361544,0,1001.9,42.09094067855784,6.966452326701896,77,,
2018,12,31,18,0,21.4,119,18.2,14.7,19,384.0,13,213.4362672528466,0,1002.2,40.92571276577502,6.842184236033084,87,,
2018,12,31,19,0,20.2,129,43.9,14.4,0,138.0,0,37.99026918820645,0,1002.6,37.06179645913727,6.4000847248340405,96,,
2018,12,31,20,0,18.9,140,40.8,14.1,0,0.0,0,0.0,0,1002.9,32.4604912564331,5.714619531098457,105,,
2018,12,31,21,0,18.1,153,45.2,14,0,0.0,0,0.0,0,1003.1,27.24230577315251,5.237437983261791,111,,
2018,12,31,22,0,17.6,167,23,14,0,0.0,0,0.0,0,1003,16.614960254886682,5.245881804206208,115,,
2018,12,31,23,0,17.2,-178,0,14.1,0,0.0,0,0.0,0,1002.9,4.109450569154944,6.105051701238535,116,,
